Test sample,DieID,ID,X position,Y position,Diameter (um),% Roundness,Area,% Overall Void,% Largest Void,Result
R6,165,1,1.7382,146.2150,82.1499,99.1325,5300.3500,0.0000,0.0000,Pass
R6,165,2,2.0391,146.2160,82.8444,99.3317,5390.3300,0.0000,0.0000,Pass
R6,165,3,3.0914,146.2200,82.7059,97.3353,5372.3400,0.0000,0.0000,Pass
R6,165,4,-0.2168,146.2100,82.6366,99.0164,5363.3400,0.0000,0.0000,Pass
R6,165,5,-0.0662,146.2090,83.0515,98.6939,5417.3300,0.0000,0.0000,Pass
R6,165,6,0.0837,146.2100,82.0103,98.1589,5282.3500,0.0000,0.0000,Pass
R6,165,7,0.2334,146.2100,82.9135,98.2412,5399.3300,0.0000,0.0000,Pass
R6,165,8,0.3848,146.2100,82.2893,98.7057,5318.3400,0.0000,0.0000,Pass
R6,165,9,0.5349,146.2120,83.0515,99.3440,5417.3300,0.0000,0.0000,Pass
R6,165,10,0.6854,146.2120,83.1205,98.1997,5426.3300,0.0000,0.0000,Pass
R6,165,11,0.8358,146.2130,82.4979,99.6448,5345.3400,0.0000,0.0000,Pass
R6,165,12,0.9861,146.2130,82.7059,98.7169,5372.3400,0.0000,0.0000,Pass
R6,165,13,1.1366,146.2130,82.2196,99.4650,5309.3400,0.0000,0.0000,Pass
R6,165,14,1.2865,146.2140,82.2893,97.3157,5318.3400,0.0000,0.0000,Pass
R6,165,15,1.4366,146.2140,82.2893,97.2727,5318.3400,0.0000,0.0000,Pass
R6,165,16,1.5874,146.2150,82.3589,98.3759,5327.3400,0.0000,0.0000,Pass
R6,165,17,1.8885,146.2160,82.1499,97.5659,5300.3500,0.0000,0.0000,Pass
R6,165,18,2.1892,146.2170,83.1205,95.9264,5426.3300,0.0000,0.0000,Pass
R6,165,19,2.3388,146.2170,82.7752,98.2819,5381.3300,0.0000,0.0000,Pass
R6,165,20,2.4904,146.2180,83.1894,98.5282,5435.3300,0.0000,0.0000,Pass
R6,165,21,2.6405,146.2190,83.1894,97.0533,5435.3300,0.0000,0.0000,Pass
R6,165,22,2.7904,146.2190,82.8444,98.2703,5390.3300,0.0000,0.0000,Pass
R6,165,23,2.9419,146.2190,82.5673,99.4470,5354.3400,0.0000,0.0000,Pass
R6,165,24,3.2427,146.2200,83.4644,96.0113,5471.3200,0.0000,0.0000,Pass
R6,165,25,3.3933,146.2210,83.5330,95.7906,5480.3200,0.0000,0.0000,Pass
R6,165,26,3.5428,146.2210,83.2582,97.9371,5444.3300,0.0000,0.0000,Pass
R6,165,27,-0.3670,146.0580,82.3589,98.4669,5327.3400,0.0000,0.0000,Pass
R6,165,28,-0.2166,146.0590,81.8005,98.6321,5255.3500,0.0000,0.0000,Pass
R6,165,29,-0.0660,146.0590,82.6366,97.6655,5363.3400,0.0000,0.0000,Pass
R6,165,30,0.0845,146.0600,81.8005,99.1546,5255.3500,0.0000,0.0000,Pass
R6,165,31,0.5354,146.0610,82.6366,97.9711,5363.3400,0.0000,0.0000,Pass
R6,165,32,1.2870,146.0630,81.8005,98.6889,5255.3500,0.0000,0.0000,Pass
R6,165,33,1.7390,146.0660,82.3589,99.6861,5327.3400,0.0000,0.0000,Pass
R6,165,34,2.0395,146.0660,81.8705,99.3579,5264.3500,0.0000,0.0000,Pass
R6,165,35,2.1903,146.0660,82.0103,99.3405,5282.3500,0.0000,0.0000,Pass
R6,165,36,2.3394,146.0670,82.3589,97.5710,5327.3400,0.0000,0.0000,Pass
R6,165,37,2.7913,146.0680,81.6603,99.6484,5237.3500,0.0000,0.0000,Pass
R6,165,38,2.9418,146.0690,82.1499,97.7272,5300.3500,0.0000,0.0000,Pass
R6,165,39,3.5441,146.0710,83.3957,97.8734,5462.3300,0.0000,0.0000,Pass
R6,165,40,0.2350,146.0600,82.0801,98.6879,5291.3500,0.0000,0.0000,Pass
R6,165,41,0.3857,146.0610,82.4979,97.9739,5345.3400,0.0000,0.0000,Pass
R6,165,42,0.6859,146.0610,81.6603,97.8167,5237.3500,0.0000,0.0000,Pass
R6,165,43,0.8362,146.0620,81.9404,97.0948,5273.3500,0.0000,0.0000,Pass
R6,165,44,0.9858,146.0620,82.4979,99.0943,5345.3400,0.0000,0.0000,Pass
R6,165,45,1.1367,146.0630,82.1499,99.1284,5300.3500,0.0000,0.0000,Pass
R6,165,46,1.4385,146.0640,82.0801,98.9823,5291.3500,0.0000,0.0000,Pass
R6,165,47,1.5881,146.0640,81.7304,99.1200,5246.3500,0.0000,0.0000,Pass
R6,165,48,1.8885,146.0650,81.9404,99.7798,5273.3500,0.0000,0.0000,Pass
R6,165,49,2.4912,146.0660,81.9404,97.6933,5273.3500,0.0000,0.0000,Pass
R6,165,50,2.6403,146.0680,82.3589,97.3135,5327.3400,0.0000,0.0000,Pass
R6,165,51,3.0920,146.0700,82.0801,97.6949,5291.3500,0.0000,0.0000,Pass
R6,165,52,3.2423,146.0700,82.4979,97.6501,5345.3400,0.0000,0.0000,Pass
R6,165,53,3.3931,146.0710,82.9825,97.8454,5408.3300,0.0000,0.0000,Pass
R6,165,54,3.6944,146.0720,82.9135,98.1342,5399.3300,0.0000,0.0000,Pass
R6,165,55,-0.3661,145.9080,82.2196,99.1263,5309.3400,0.0000,0.0000,Pass
R6,165,56,-0.2163,145.9090,82.1499,98.6718,5300.3500,0.0000,0.0000,Pass
R6,165,57,-0.0659,145.9090,82.1499,97.4986,5300.3500,0.0000,0.0000,Pass
R6,165,58,0.0847,145.9100,81.5199,99.4852,5219.3600,0.0000,0.0000,Pass
R6,165,59,0.2357,145.9100,82.1499,99.7227,5300.3500,0.0000,0.0000,Pass
R6,165,60,0.3854,145.9100,81.4496,98.3661,5210.3600,0.0000,0.0000,Pass
R6,165,61,0.5359,145.9100,82.2196,97.8787,5309.3400,0.0000,0.0000,Pass
R6,165,62,0.8358,145.9120,81.3792,99.5939,5201.3600,0.0000,0.0000,Pass
R6,165,63,0.9871,145.9120,82.3589,98.1258,5327.3400,0.0000,0.0000,Pass
R6,165,64,1.1367,145.9120,81.8705,98.6746,5264.3500,0.0000,0.0000,Pass
R6,165,65,1.5885,145.9140,81.8005,99.1003,5255.3500,0.0000,0.0000,Pass
R6,165,66,1.7392,145.9150,81.8005,97.9544,5255.3500,0.0000,0.0000,Pass
R6,165,67,1.8887,145.9150,81.3792,99.2959,5201.3600,0.0000,0.0000,Pass
R6,165,68,2.0391,145.9160,82.2196,99.0452,5309.3400,0.0000,0.0000,Pass
R6,165,69,2.1900,145.9160,81.8705,98.5499,5264.3500,0.0000,0.0000,Pass
R6,165,70,2.3396,145.9170,81.2383,98.4587,5183.3600,0.0000,0.0000,Pass
R6,165,71,2.4908,145.9170,82.1499,97.3627,5300.3500,0.0000,0.0000,Pass
R6,165,72,2.9423,145.9190,81.8705,97.7732,5264.3500,0.0000,0.0000,Pass
R6,165,73,3.0928,145.9190,81.5199,99.1631,5219.3600,0.0000,0.0000,Pass
R6,165,74,3.2432,145.9200,82.3589,98.3388,5327.3400,0.0000,0.0000,Pass
R6,165,75,3.3931,145.9200,81.9404,97.7605,5273.3500,0.0000,0.0000,Pass
R6,165,76,3.5443,145.9200,82.7752,98.3888,5381.3300,0.0000,0.0000,Pass
R6,165,77,0.6863,145.9110,81.8705,99.4512,5264.3500,0.0000,0.0000,Pass
R6,165,78,1.2879,145.9130,81.6603,97.1507,5237.3500,0.0000,0.0000,Pass
R6,165,79,1.4384,145.9130,81.8005,98.2756,5255.3500,0.0000,0.0000,Pass
R6,165,80,2.6413,145.9170,82.6366,97.8241,5363.3400,0.0000,0.0000,Pass
R6,165,81,2.7925,145.9180,82.2893,98.4697,5318.3400,0.0000,0.0000,Pass
R6,165,82,3.6947,145.9210,82.4284,99.2188,5336.3400,0.0000,0.0000,Pass
R6,165,83,-0.3649,145.7580,81.5199,97.9369,5219.3600,0.0000,0.0000,Pass
R6,165,84,-0.0650,145.7590,81.7304,97.1578,5246.3500,0.0000,0.0000,Pass
R6,165,85,2.6419,145.7670,81.8705,98.8248,5264.3500,0.0000,0.0000,Pass
R6,165,86,3.5451,145.7710,81.8705,98.1868,5264.3500,0.0000,0.0000,Pass
R6,165,87,-0.2154,145.7580,82.4979,98.8474,5345.3400,0.0000,0.0000,Pass
R6,165,88,0.0856,145.7590,81.8705,97.8008,5264.3500,0.0000,0.0000,Pass
R6,165,89,0.2354,145.7600,82.0103,97.4151,5282.3500,0.0000,0.0000,Pass
R6,165,90,0.3860,145.7600,82.0801,99.4421,5291.3500,0.0000,0.0000,Pass
R6,165,91,0.5360,145.7600,81.9404,99.4678,5273.3500,0.0000,0.0000,Pass
R6,165,92,0.6864,145.7610,81.1677,99.2313,5174.3600,0.0000,0.0000,Pass
R6,165,93,0.8361,145.7610,81.5901,98.7414,5228.3500,0.0000,0.0000,Pass
R6,165,94,0.9875,145.7620,81.9404,96.8273,5273.3500,0.0000,0.0000,Pass
R6,165,95,1.1375,145.7630,81.8705,99.6982,5264.3500,0.0000,0.0000,Pass
R6,165,96,1.2879,145.7630,81.6603,99.0590,5237.3500,0.0000,0.0000,Pass
R6,165,97,1.4386,145.7630,81.7304,97.6250,5246.3500,0.0000,0.0000,Pass
R6,165,98,1.5887,145.7630,81.7304,97.7180,5246.3500,0.0000,0.0000,Pass
R6,165,99,1.7394,145.7640,81.5199,98.8324,5219.3600,0.0000,0.0000,Pass
R6,165,100,1.8895,145.7650,81.8705,98.9094,5264.3500,0.0000,0.0000,Pass
R6,165,101,2.0395,145.7650,82.0103,99.2036,5282.3500,0.0000,0.0000,Pass
R6,165,102,2.1914,145.7660,82.0801,96.9179,5291.3500,0.0000,0.0000,Pass
R6,165,103,2.3409,145.7660,81.9404,98.1893,5273.3500,0.0000,0.0000,Pass
R6,165,104,2.4913,145.7670,81.7304,97.6852,5246.3500,0.0000,0.0000,Pass
R6,165,105,2.7923,145.7680,81.8005,98.4531,5255.3500,0.0000,0.0000,Pass
R6,165,106,2.9426,145.7680,81.8705,97.9525,5264.3500,0.0000,0.0000,Pass
R6,165,107,3.0940,145.7690,81.8705,97.4589,5264.3500,0.0000,0.0000,Pass
R6,165,108,3.2431,145.7690,81.8005,98.4349,5255.3500,0.0000,0.0000,Pass
R6,165,109,3.3938,145.7700,82.4979,98.0351,5345.3400,0.0000,0.0000,Pass
R6,165,110,3.6950,145.7710,82.5673,97.6959,5354.3400,0.0000,0.0000,Pass
R6,165,111,-0.3656,145.6070,81.3792,99.6009,5201.3600,0.0000,0.0000,Pass
R6,165,112,-0.2150,145.6080,81.4496,99.2867,5210.3600,0.0000,0.0000,Pass
R6,165,113,-0.0644,145.6080,82.0103,99.5414,5282.3500,0.0000,0.0000,Pass
R6,165,114,0.0862,145.6090,81.5199,99.5237,5219.3600,0.0000,0.0000,Pass
R6,165,115,0.3864,145.6100,81.8005,98.4000,5255.3500,0.0000,0.0000,Pass
R6,165,116,0.5366,145.6100,82.0103,99.2580,5282.3500,0.0000,0.0000,Pass
R6,165,117,0.6863,145.6100,82.3589,99.6150,5327.3400,0.0000,0.0000,Pass
R6,165,118,0.8372,145.6110,81.3088,98.0076,5192.3600,0.0000,0.0000,Pass
R6,165,119,1.1388,145.6120,81.4496,99.1767,5210.3600,0.0000,0.0000,Pass
R6,165,120,1.2884,145.6120,81.6603,99.2428,5237.3500,0.0000,0.0000,Pass
R6,165,121,1.7399,145.6140,82.0103,98.8694,5282.3500,0.0000,0.0000,Pass
R6,165,122,1.8896,145.6150,82.0801,98.0115,5291.3500,0.0000,0.0000,Pass
R6,165,123,2.1911,145.6150,81.6603,97.5375,5237.3500,0.0000,0.0000,Pass
R6,165,124,2.3410,145.6160,81.7304,99.0484,5246.3500,0.0000,0.0000,Pass
R6,165,125,2.4913,145.6170,82.1499,98.4146,5300.3500,0.0000,0.0000,Pass
R6,165,126,3.0938,145.6180,81.4496,97.8664,5210.3600,0.0000,0.0000,Pass
R6,165,127,3.2439,145.6190,81.3088,99.6970,5192.3600,0.0000,0.0000,Pass
R6,165,128,0.2362,145.6090,81.6603,98.9350,5237.3500,0.0000,0.0000,Pass
R6,165,129,0.9873,145.6110,82.3589,99.1127,5327.3400,0.0000,0.0000,Pass
R6,165,130,1.4392,145.6130,82.0801,98.4870,5291.3500,0.0000,0.0000,Pass
R6,165,131,1.5888,145.6140,81.5901,98.7309,5228.3500,0.0000,0.0000,Pass
R6,165,132,2.0401,145.6150,82.7059,98.0000,5372.3400,0.0000,0.0000,Pass
R6,165,133,2.6418,145.6170,82.7059,98.8909,5372.3400,0.0000,0.0000,Pass
R6,165,134,2.7923,145.6170,81.6603,97.5165,5237.3500,0.0000,0.0000,Pass
R6,165,135,2.9433,145.6180,82.2196,99.8535,5309.3400,0.0000,0.0000,Pass
R6,165,136,3.3947,145.6190,81.1677,97.1246,5174.3600,0.0000,0.0000,Pass
R6,165,137,3.5447,145.6200,81.6603,97.8167,5237.3500,0.0000,0.0000,Pass
R6,165,138,3.6951,145.6200,81.5199,98.7470,5219.3600,0.0000,0.0000,Pass
R6,165,139,-0.2144,145.4570,81.3088,99.4170,5192.3600,0.0000,0.0000,Pass
R6,165,140,-0.3642,145.4560,80.8849,98.5825,5138.3700,0.0000,0.0000,Pass
R6,165,141,-0.0638,145.4580,81.1677,99.6524,5174.3600,0.0000,0.0000,Pass
R6,165,142,0.0861,145.4580,80.8849,96.8944,5138.3700,0.0000,0.0000,Pass
R6,165,143,0.2369,145.4600,81.5901,98.7657,5228.3500,0.0000,0.0000,Pass
R6,165,144,3.0942,145.4680,81.5199,99.6415,5219.3600,0.0000,0.0000,Pass
R6,165,145,3.3942,145.4690,81.5199,98.2534,5219.3600,0.0000,0.0000,Pass
R6,165,146,3.6955,145.4710,82.5673,98.3828,5354.3400,0.0000,0.0000,Pass
R6,165,147,3.2442,145.4680,81.1677,97.1467,5174.3600,0.0000,0.0000,Pass
R6,165,148,3.5460,145.4690,81.6603,98.6957,5237.3500,0.0000,0.0000,Pass
R6,165,149,-0.3643,145.3070,81.0265,98.3460,5156.3600,0.0000,0.0000,Pass
R6,165,150,-0.2142,145.3070,81.6603,97.9205,5237.3500,0.0000,0.0000,Pass
R6,165,151,-0.0639,145.3080,81.0971,99.1646,5165.3600,0.0000,0.0000,Pass
R6,165,152,0.0867,145.3080,80.3876,99.0965,5075.3700,0.0000,0.0000,Pass
R6,165,153,0.2365,145.3080,81.1677,98.1686,5174.3600,0.0000,0.0000,Pass
R6,165,154,3.0939,145.3180,81.4496,97.8174,5210.3600,0.0000,0.0000,Pass
R6,165,155,3.2446,145.3190,81.0971,98.0136,5165.3600,0.0000,0.0000,Pass
R6,165,156,3.3954,145.3190,80.6011,97.4154,5102.3700,0.0000,0.0000,Pass
R6,165,157,3.6971,145.3200,82.0103,98.3650,5282.3500,0.0000,0.0000,Pass
R6,165,158,3.5457,145.3200,80.7431,97.6914,5120.3700,0.0000,0.0000,Pass
R6,165,159,0.7647,145.2020,81.2383,99.5296,5183.3600,0.0000,0.0000,Pass
R6,165,160,1.7550,145.2060,81.1677,96.4449,5174.3600,0.0000,0.0000,Pass
R6,165,161,2.2501,145.2080,81.1677,98.7795,5174.3600,0.0000,0.0000,Pass
R6,165,162,0.9299,145.2030,81.1677,97.5858,5174.3600,0.0000,0.0000,Pass
R6,165,163,1.0942,145.2030,81.3792,99.1319,5201.3600,0.0000,0.0000,Pass
R6,165,164,1.2601,145.2040,81.1677,96.9935,5174.3600,0.0000,0.0000,Pass
R6,165,165,1.4248,145.2050,81.2383,99.6339,5183.3600,0.0000,0.0000,Pass
R6,165,166,1.5897,145.2050,81.0265,98.7358,5156.3600,0.0000,0.0000,Pass
R6,165,167,1.9199,145.2060,80.6011,98.3830,5102.3700,0.0000,0.0000,Pass
R6,165,168,2.0850,145.2070,81.0265,99.1038,5156.3600,0.0000,0.0000,Pass
R6,165,169,2.4150,145.2080,80.8849,99.1479,5138.3700,0.0000,0.0000,Pass
R6,165,170,2.5801,145.2090,80.8849,96.5578,5138.3700,0.0000,0.0000,Pass
R6,165,171,2.7445,145.2090,81.0971,98.5738,5165.3600,0.0000,0.0000,Pass
R6,165,172,-0.3640,145.1560,81.0971,99.3402,5165.3600,0.0000,0.0000,Pass
R6,165,173,-0.2140,145.1570,80.6721,98.4992,5111.3700,0.0000,0.0000,Pass
R6,165,174,-0.0634,145.1580,81.3088,99.3141,5192.3600,0.0000,0.0000,Pass
R6,165,175,0.0873,145.1580,80.4588,99.0168,5084.3700,0.0000,0.0000,Pass
R6,165,176,0.2380,145.1580,80.7431,99.7954,5120.3700,0.0000,0.0000,Pass
R6,165,177,3.5458,145.1690,81.1677,98.4666,5174.3600,0.0000,0.0000,Pass
R6,165,178,3.0948,145.1670,80.8141,97.6140,5129.3700,0.0000,0.0000,Pass
R6,165,179,3.2455,145.1690,80.9557,98.8389,5147.3600,0.0000,0.0000,Pass
R6,165,180,3.3962,145.1680,80.8849,98.8361,5138.3700,0.0000,0.0000,Pass
R6,165,181,3.6969,145.1690,81.6603,99.0356,5237.3500,0.0000,0.0000,Pass
R6,165,182,0.6001,145.0370,81.3088,99.3876,5192.3600,0.0000,0.0000,Pass
R6,165,183,0.7652,145.0370,80.9557,98.4316,5147.3600,0.0000,0.0000,Pass
R6,165,184,0.9300,145.0380,80.5300,99.6477,5093.3700,0.0000,0.0000,Pass
R6,165,185,1.0943,145.0380,80.8141,98.2085,5129.3700,0.0000,0.0000,Pass
R6,165,186,1.2599,145.0390,80.7431,99.3045,5120.3700,0.0000,0.0000,Pass
R6,165,187,1.4256,145.0390,80.3163,99.2674,5066.3700,0.0000,0.0000,Pass
R6,165,188,1.5902,145.0400,80.4588,98.3981,5084.3700,0.0000,0.0000,Pass
R6,165,189,1.7559,145.0400,81.0265,99.2217,5156.3600,0.0000,0.0000,Pass
R6,165,190,1.9209,145.0410,79.9589,97.6704,5021.3800,0.0000,0.0000,Pass
R6,165,191,2.0855,145.0420,80.9557,98.8350,5147.3600,0.0000,0.0000,Pass
R6,165,192,2.2507,145.0420,80.6011,99.4185,5102.3700,0.0000,0.0000,Pass
R6,165,193,2.4154,145.0430,81.3792,98.2884,5201.3600,0.0000,0.0000,Pass
R6,165,194,2.7464,145.0440,80.6011,99.1979,5102.3700,0.0000,0.0000,Pass
R6,165,195,2.5812,145.0430,81.0971,99.7521,5165.3600,0.0000,0.0000,Pass
R6,165,196,-0.3633,145.0060,81.3792,98.2672,5201.3600,0.0000,0.0000,Pass
R6,165,197,-0.2137,145.0060,81.0971,99.3298,5165.3600,0.0000,0.0000,Pass
R6,165,198,-0.0623,145.0070,81.0265,98.6459,5156.3600,0.0000,0.0000,Pass
R6,165,199,0.0875,145.0070,80.6011,97.4495,5102.3700,0.0000,0.0000,Pass
R6,165,200,0.2381,145.0070,81.3792,98.9554,5201.3600,0.0000,0.0000,Pass
R6,165,201,3.0950,145.0170,80.6011,97.1765,5102.3700,0.0000,0.0000,Pass
R6,165,202,3.2455,145.0180,80.8141,96.9023,5129.3700,0.0000,0.0000,Pass
R6,165,203,3.3959,145.0190,80.8849,98.7166,5138.3700,0.0000,0.0000,Pass
R6,165,204,3.5465,145.0190,81.0265,98.7554,5156.3600,0.0000,0.0000,Pass
R6,165,205,3.6975,145.0200,81.5199,98.2426,5219.3600,0.0000,0.0000,Pass
R6,165,206,0.6006,144.8720,80.7431,97.8946,5120.3700,0.0000,0.0000,Pass
R6,165,207,0.7662,144.8720,81.0265,99.8894,5156.3600,0.0000,0.0000,Pass
R6,165,208,0.9303,144.8730,80.1735,98.1033,5048.3800,0.0000,0.0000,Pass
R6,165,209,1.4264,144.8750,80.6011,98.4747,5102.3700,0.0000,0.0000,Pass
R6,165,210,1.7558,144.8760,80.1735,99.0455,5048.3800,0.0000,0.0000,Pass
R6,165,211,2.2514,144.8780,80.7431,98.2000,5120.3700,0.0000,0.0000,Pass
R6,165,212,2.4159,144.8780,80.8849,98.5930,5138.3700,0.0000,0.0000,Pass
R6,165,213,2.5818,144.8780,80.9557,96.9116,5147.3600,0.0000,0.0000,Pass
R6,165,214,1.0957,144.8740,80.3876,99.0465,5075.3700,0.0000,0.0000,Pass
R6,165,215,1.2604,144.8730,80.3876,97.7843,5075.3700,0.0000,0.0000,Pass
R6,165,216,1.5907,144.8750,80.3163,98.3870,5066.3700,0.0000,0.0000,Pass
R6,165,217,1.9211,144.8770,80.2449,97.2353,5057.3800,0.0000,0.0000,Pass
R6,165,218,2.0868,144.8770,81.0265,99.4405,5156.3600,0.0000,0.0000,Pass
R6,165,219,2.7471,144.8790,80.4588,97.8980,5084.3700,0.0000,0.0000,Pass
R6,165,220,-0.3625,144.8560,81.1677,98.3457,5174.3600,0.0000,0.0000,Pass
R6,165,221,-0.2132,144.8570,80.7431,98.1555,5120.3700,0.0000,0.0000,Pass
R6,165,222,-0.0619,144.8570,81.2383,99.2466,5183.3600,0.0000,0.0000,Pass
R6,165,223,0.0878,144.8570,80.5300,97.7054,5093.3700,0.0000,0.0000,Pass
R6,165,224,0.2378,144.8580,81.0265,99.0017,5156.3600,0.0000,0.0000,Pass
R6,165,225,3.0961,144.8670,80.4588,98.2165,5084.3700,0.0000,0.0000,Pass
R6,165,226,3.2461,144.8670,80.4588,98.9806,5084.3700,0.0000,0.0000,Pass
R6,165,227,3.3968,144.8690,80.0305,97.2231,5030.3800,0.0000,0.0000,Pass
R6,165,228,3.5471,144.8690,81.0971,98.7879,5165.3600,0.0000,0.0000,Pass
R6,165,229,3.6975,144.8690,80.6721,98.5003,5111.3700,0.0000,0.0000,Pass
R6,165,230,-0.3623,144.7060,80.2449,97.8844,5057.3800,0.0000,0.0000,Pass
R6,165,231,0.0882,144.7070,80.6721,99.2580,5111.3700,0.0000,0.0000,Pass
R6,165,232,0.2391,144.7080,81.0971,99.5500,5165.3600,0.0000,0.0000,Pass
R6,165,233,1.9214,144.7120,79.7436,97.5618,4994.3800,0.0000,0.0000,Pass
R6,165,234,3.0962,144.7170,80.0305,97.9497,5030.3800,0.0000,0.0000,Pass
R6,165,235,3.2461,144.7180,79.8872,97.8104,5012.3800,0.0000,0.0000,Pass
R6,165,236,3.3973,144.7180,80.3876,98.3711,5075.3700,0.0000,0.0000,Pass
R6,165,237,3.5474,144.7190,80.7431,98.1476,5120.3700,0.0000,0.0000,Pass
R6,165,238,3.6980,144.7200,80.8141,99.3093,5129.3700,0.0000,0.0000,Pass
R6,165,239,0.6008,144.7070,80.8141,98.4138,5129.3700,0.0000,0.0000,Pass
R6,165,240,0.7662,144.7080,80.6011,99.5357,5102.3700,0.0000,0.0000,Pass
R6,165,241,0.9311,144.7080,79.8872,98.7293,5012.3800,0.0000,0.0000,Pass
R6,165,242,1.0954,144.7100,80.0305,98.0959,5030.3800,0.0000,0.0000,Pass
R6,165,243,1.2615,144.7090,80.6011,98.4827,5102.3700,0.0000,0.0000,Pass
R6,165,244,1.4266,144.7090,80.4588,97.7167,5084.3700,0.0000,0.0000,Pass
R6,165,245,1.7564,144.7110,80.6011,99.5357,5102.3700,0.0000,0.0000,Pass
R6,165,246,2.0868,144.7120,81.0265,97.4905,5156.3600,0.0000,0.0000,Pass
R6,165,247,2.2522,144.7130,80.4588,98.9297,5084.3700,0.0000,0.0000,Pass
R6,165,248,2.4168,144.7130,80.4588,98.2068,5084.3700,0.0000,0.0000,Pass
R6,165,249,2.5819,144.7140,80.9557,98.9832,5147.3600,0.0000,0.0000,Pass
R6,165,250,2.7469,144.7140,80.4588,97.0435,5084.3700,0.0000,0.0000,Pass
R6,165,251,1.5911,144.7100,80.3163,98.8309,5066.3700,0.0000,0.0000,Pass
R6,165,252,-0.3623,144.5560,81.0265,98.2206,5156.3600,0.0000,0.0000,Pass
R6,165,253,-0.2111,144.5550,80.8849,98.8512,5138.3700,0.0000,0.0000,Pass
R6,165,254,-0.0612,144.5560,80.8141,98.4616,5129.3700,0.0000,0.0000,Pass
R6,165,255,0.0891,144.5570,80.2449,99.6432,5057.3800,0.0000,0.0000,Pass
R6,165,256,0.2393,144.5580,80.6721,98.8615,5111.3700,0.0000,0.0000,Pass
R6,165,257,3.0971,144.5670,79.9589,98.4381,5021.3800,0.0000,0.0000,Pass
R6,165,258,3.2466,144.5670,80.1735,98.8515,5048.3800,0.0000,0.0000,Pass
R6,165,259,3.5476,144.5680,80.2449,97.0918,5057.3800,0.0000,0.0000,Pass
R6,165,260,3.3975,144.5680,80.5300,97.8436,5093.3700,0.0000,0.0000,Pass
R6,165,261,3.6985,144.5690,80.9557,98.4576,5147.3600,0.0000,0.0000,Pass
R6,165,262,0.6018,144.5420,80.3876,99.1390,5075.3700,0.0000,0.0000,Pass
R6,165,263,0.9319,144.5430,80.5300,97.5605,5093.3700,0.0000,0.0000,Pass
R6,165,264,1.0967,144.5440,79.9589,96.7577,5021.3800,0.0000,0.0000,Pass
R6,165,265,1.2616,144.5440,80.6721,97.9075,5111.3700,0.0000,0.0000,Pass
R6,165,266,1.4269,144.5450,80.0305,99.2911,5030.3800,0.0000,0.0000,Pass
R6,165,267,1.5917,144.5450,80.1735,99.3005,5048.3800,0.0000,0.0000,Pass
R6,165,268,1.7568,144.5460,80.8141,99.4813,5129.3700,0.0000,0.0000,Pass
R6,165,269,2.0871,144.5470,80.9557,98.9102,5147.3600,0.0000,0.0000,Pass
R6,165,270,2.2524,144.5480,80.5300,99.3684,5093.3700,0.0000,0.0000,Pass
R6,165,271,2.4171,144.5480,80.2449,99.3581,5057.3800,0.0000,0.0000,Pass
R6,165,272,2.5826,144.5490,80.4588,98.6925,5084.3700,0.0000,0.0000,Pass
R6,165,273,0.7667,144.5430,80.5300,98.2208,5093.3700,0.0000,0.0000,Pass
R6,165,274,1.9218,144.5470,80.2449,97.6021,5057.3800,0.0000,0.0000,Pass
R6,165,275,2.7480,144.5490,79.8154,98.3833,5003.3800,0.0000,0.0000,Pass
R6,165,276,-0.2110,144.4060,80.6011,98.0486,5102.3700,0.0000,0.0000,Pass
R6,165,277,-0.0608,144.4070,80.2449,99.8859,5057.3800,0.0000,0.0000,Pass
R6,165,278,-0.3612,144.4050,80.9557,98.7019,5147.3600,0.0000,0.0000,Pass
R6,165,279,0.0894,144.4060,80.3876,99.1127,5075.3700,0.0000,0.0000,Pass
R6,165,280,0.2399,144.4070,80.9557,98.9400,5147.3600,0.0000,0.0000,Pass
R6,165,281,3.0970,144.4170,79.9589,97.7754,5021.3800,0.0000,0.0000,Pass
R6,165,282,3.2475,144.4170,80.2449,98.0409,5057.3800,0.0000,0.0000,Pass
R6,165,283,3.3981,144.4180,80.5300,97.7054,5093.3700,0.0000,0.0000,Pass
R6,165,284,3.5482,144.4180,80.4588,97.6646,5084.3700,0.0000,0.0000,Pass
R6,165,285,3.6990,144.4190,80.5300,98.4637,5093.3700,0.0000,0.0000,Pass
R6,165,286,1.0970,144.3790,80.8141,99.6367,5129.3700,0.0000,0.0000,Pass
R6,165,287,1.7573,144.3810,80.1020,97.7444,5039.3800,0.0000,0.0000,Pass
R6,165,288,2.0878,144.3820,80.3876,99.0342,5075.3700,0.0000,0.0000,Pass
R6,165,289,0.6021,144.3770,79.9589,99.4297,5021.3800,0.0000,0.0000,Pass
R6,165,290,0.7672,144.3780,80.1020,97.1134,5039.3800,0.0000,0.0000,Pass
R6,165,291,0.9320,144.3790,80.5300,98.2432,5093.3700,0.0000,0.0000,Pass
R6,165,292,1.2621,144.3790,80.3876,99.1193,5075.3700,0.0000,0.0000,Pass
R6,165,293,1.4271,144.3800,80.1020,99.6434,5039.3800,0.0000,0.0000,Pass
R6,165,294,1.5922,144.3810,80.2449,98.8681,5057.3800,0.0000,0.0000,Pass
R6,165,295,1.9223,144.3820,80.3163,98.3927,5066.3700,0.0000,0.0000,Pass
R6,165,296,2.2531,144.3830,80.3163,97.4936,5066.3700,0.0000,0.0000,Pass
R6,165,297,2.4178,144.3840,80.0305,99.1161,5030.3800,0.0000,0.0000,Pass
R6,165,298,2.5824,144.3840,80.6011,99.7059,5102.3700,0.0000,0.0000,Pass
R6,165,299,2.7483,144.3850,79.5998,99.2065,4976.3900,0.0000,0.0000,Pass
R6,165,300,-0.3613,144.2550,81.3088,99.0312,5192.3600,0.0000,0.0000,Pass
R6,165,301,-0.2106,144.2550,80.3163,98.3927,5066.3700,0.0000,0.0000,Pass
R6,165,302,-0.0606,144.2560,80.5300,98.2760,5093.3700,0.0000,0.0000,Pass
R6,165,303,0.0892,144.2560,81.0971,99.3822,5165.3600,0.0000,0.0000,Pass
R6,165,304,0.2401,144.2570,80.4588,97.3098,5084.3700,0.0000,0.0000,Pass
R6,165,305,3.0979,144.2660,79.7436,99.3360,4994.3800,0.0000,0.0000,Pass
R6,165,306,3.2476,144.2670,80.6721,98.5684,5111.3700,0.0000,0.0000,Pass
R6,165,307,3.3983,144.2670,80.1020,96.7356,5039.3800,0.0000,0.0000,Pass
R6,165,308,3.5490,144.2680,80.0305,97.9200,5030.3800,0.0000,0.0000,Pass
R6,165,309,3.6993,144.2690,80.2449,98.3619,5057.3800,0.0000,0.0000,Pass
R6,165,310,0.6019,144.2120,80.1020,98.4479,5039.3800,0.0000,0.0000,Pass
R6,165,311,0.7680,144.2120,80.4588,98.2574,5084.3700,0.0000,0.0000,Pass
R6,165,312,0.9328,144.2140,80.0305,99.2737,5030.3800,0.0000,0.0000,Pass
R6,165,313,1.0972,144.2140,80.3876,97.3412,5075.3700,0.0000,0.0000,Pass
R6,165,314,1.2629,144.2150,80.3876,99.1133,5075.3700,0.0000,0.0000,Pass
R6,165,315,1.4281,144.2150,80.1020,97.5988,5039.3800,0.0000,0.0000,Pass
R6,165,316,1.7580,144.2160,79.9589,96.9163,5021.3800,0.0000,0.0000,Pass
R6,165,317,1.9233,144.2170,79.8872,98.9340,5012.3800,0.0000,0.0000,Pass
R6,165,318,2.0875,144.2180,80.3876,98.1319,5075.3700,0.0000,0.0000,Pass
R6,165,319,2.2527,144.2180,80.6721,99.0625,5111.3700,0.0000,0.0000,Pass
R6,165,320,2.4183,144.2190,80.2449,97.8860,5057.3800,0.0000,0.0000,Pass
R6,165,321,2.5831,144.2190,80.1020,98.4164,5039.3800,0.0000,0.0000,Pass
R6,165,322,2.7480,144.2190,79.8154,97.8679,5003.3800,0.0000,0.0000,Pass
R6,165,323,1.5923,144.2160,80.3163,97.7150,5066.3700,0.0000,0.0000,Pass
R6,165,324,-0.3604,144.1050,81.1677,99.1348,5174.3600,0.0000,0.0000,Pass
R6,165,325,-0.2106,144.1060,80.3163,97.4388,5066.3700,0.0000,0.0000,Pass
R6,165,326,-0.0599,144.1060,80.3876,99.2254,5075.3700,0.0000,0.0000,Pass
R6,165,327,0.0905,144.1060,80.3163,98.0733,5066.3700,0.0000,0.0000,Pass
R6,165,328,0.2404,144.1070,80.7431,97.8853,5120.3700,0.0000,0.0000,Pass
R6,165,329,3.0982,144.1160,80.1735,98.3291,5048.3800,0.0000,0.0000,Pass
R6,165,330,3.3989,144.1170,79.7436,98.5667,4994.3800,0.0000,0.0000,Pass
R6,165,331,3.5492,144.1180,79.8154,98.7405,5003.3800,0.0000,0.0000,Pass
R6,165,332,3.7001,144.1190,80.7431,99.3183,5120.3700,0.0000,0.0000,Pass
R6,165,333,3.2484,144.1160,80.5300,97.8782,5093.3700,0.0000,0.0000,Pass
R6,165,334,0.6028,144.0470,80.6721,98.0535,5111.3700,0.0000,0.0000,Pass
R6,165,335,0.7683,144.0480,79.5998,99.2843,4976.3900,0.0000,0.0000,Pass
R6,165,336,0.9331,144.0490,80.1735,98.2350,5048.3800,0.0000,0.0000,Pass
R6,165,337,1.0980,144.0490,79.8154,97.7885,5003.3800,0.0000,0.0000,Pass
R6,165,338,1.2633,144.0500,80.1735,98.5962,5048.3800,0.0000,0.0000,Pass
R6,165,339,1.7585,144.0510,79.5998,99.1933,4976.3900,0.0000,0.0000,Pass
R6,165,340,1.9239,144.0520,79.5278,98.6861,4967.3900,0.0000,0.0000,Pass
R6,165,341,2.0883,144.0520,79.8872,98.5360,5012.3800,0.0000,0.0000,Pass
R6,165,342,2.2532,144.0530,80.3876,98.9358,5075.3700,0.0000,0.0000,Pass
R6,165,343,2.4181,144.0540,79.3836,98.0548,4949.3900,0.0000,0.0000,Pass
R6,165,344,2.5841,144.0540,80.1735,99.8906,5048.3800,0.0000,0.0000,Pass
R6,165,345,1.4285,144.0500,80.0305,97.4403,5030.3800,0.0000,0.0000,Pass
R6,165,346,1.5930,144.0510,80.2449,97.1571,5057.3800,0.0000,0.0000,Pass
R6,165,347,2.7493,144.0550,79.9589,96.5519,5021.3800,0.0000,0.0000,Pass
R6,165,348,0.0910,143.9560,80.1020,98.1312,5039.3800,0.0000,0.0000,Pass
R6,165,349,-0.3601,143.9540,81.1677,99.3357,5174.3600,0.0000,0.0000,Pass
R6,165,350,-0.2098,143.9550,80.4588,98.4902,5084.3700,0.0000,0.0000,Pass
R6,165,351,-0.0588,143.9560,80.1020,99.1425,5039.3800,0.0000,0.0000,Pass
R6,165,352,0.2414,143.9570,80.8141,99.0421,5129.3700,0.0000,0.0000,Pass
R6,165,353,3.0982,143.9660,79.6718,98.9810,4985.3800,0.0000,0.0000,Pass
R6,165,354,3.2487,143.9670,79.9589,97.2202,5021.3800,0.0000,0.0000,Pass
R6,165,355,3.3994,143.9670,79.6718,98.4614,4985.3800,0.0000,0.0000,Pass
R6,165,356,3.7005,143.9680,80.6011,98.0586,5102.3700,0.0000,0.0000,Pass
R6,165,357,3.5496,143.9680,79.6718,99.2915,4985.3800,0.0000,0.0000,Pass
R6,165,358,-0.2095,143.8050,79.8872,99.2896,5012.3800,0.0000,0.0000,Pass
R6,165,359,-0.3595,143.8040,81.0971,97.5784,5165.3600,0.0000,0.0000,Pass
R6,165,360,-0.0586,143.8050,80.3876,98.9447,5075.3700,0.0000,0.0000,Pass
R6,165,361,0.0911,143.8060,79.7436,98.5776,4994.3800,0.0000,0.0000,Pass
R6,165,362,0.2415,143.8060,80.3163,97.7199,5066.3700,0.0000,0.0000,Pass
R6,165,363,3.0987,143.8160,80.1735,98.6995,5048.3800,0.0000,0.0000,Pass
R6,165,364,3.2487,143.8160,80.3876,98.2442,5075.3700,0.0000,0.0000,Pass
R6,165,365,3.3996,143.8170,79.5278,99.3302,4967.3900,0.0000,0.0000,Pass
R6,165,366,3.5499,143.8170,79.7436,97.7053,4994.3800,0.0000,0.0000,Pass
R6,165,367,3.7012,143.8180,80.0305,97.1030,5030.3800,0.0000,0.0000,Pass
R6,165,368,-0.3587,143.6540,81.0265,99.6731,5156.3600,0.0000,0.0000,Pass
R6,165,369,0.0916,143.6560,80.3163,98.2369,5066.3700,0.0000,0.0000,Pass
R6,165,370,0.3922,143.6570,79.8154,99.6423,5003.3800,0.0000,0.0000,Pass
R6,165,371,1.4451,143.6600,80.0305,99.3562,5030.3800,0.0000,0.0000,Pass
R6,165,372,1.7454,143.6610,79.5998,97.9731,4976.3900,0.0000,0.0000,Pass
R6,165,373,1.8960,143.6610,79.3114,97.6083,4940.3900,0.0000,0.0000,Pass
R6,165,374,2.3470,143.6630,79.4557,98.7577,4958.3900,0.0000,0.0000,Pass
R6,165,375,-0.2093,143.6540,80.6721,98.2017,5111.3700,0.0000,0.0000,Pass
R6,165,376,-0.0583,143.6550,80.8849,97.5561,5138.3700,0.0000,0.0000,Pass
R6,165,377,0.2423,143.6560,80.5300,97.8583,5093.3700,0.0000,0.0000,Pass
R6,165,378,0.5429,143.6570,80.6721,98.6580,5111.3700,0.0000,0.0000,Pass
R6,165,379,0.6930,143.6570,79.9589,96.7563,5021.3800,0.0000,0.0000,Pass
R6,165,380,0.8433,143.6580,79.3836,99.2685,4949.3900,0.0000,0.0000,Pass
R6,165,381,0.9932,143.6590,79.7436,98.5246,4994.3800,0.0000,0.0000,Pass
R6,165,382,1.1440,143.6590,79.7436,98.2523,4994.3800,0.0000,0.0000,Pass
R6,165,383,1.2937,143.6590,78.9494,97.6788,4895.4000,0.0000,0.0000,Pass
R6,165,384,1.5950,143.6600,79.8872,99.2806,5012.3800,0.0000,0.0000,Pass
R6,165,385,2.0462,143.6620,79.3836,99.2685,4949.3900,0.0000,0.0000,Pass
R6,165,386,2.1968,143.6620,79.1668,99.6305,4922.3900,0.0000,0.0000,Pass
R6,165,387,2.4981,143.6640,79.5278,97.6407,4967.3900,0.0000,0.0000,Pass
R6,165,388,2.6472,143.6640,79.5998,98.7700,4976.3900,0.0000,0.0000,Pass
R6,165,389,2.7988,143.6640,79.5998,98.6206,4976.3900,0.0000,0.0000,Pass
R6,165,390,2.9493,143.6650,79.5278,98.9107,4967.3900,0.0000,0.0000,Pass
R6,165,391,3.0995,143.6650,79.2391,99.7821,4931.3900,0.0000,0.0000,Pass
R6,165,392,3.4005,143.6670,79.9589,98.4339,5021.3800,0.0000,0.0000,Pass
R6,165,393,3.5509,143.6670,80.6011,97.5099,5102.3700,0.0000,0.0000,Pass
R6,165,394,3.2498,143.6660,80.1020,97.9213,5039.3800,0.0000,0.0000,Pass
R6,165,395,3.7012,143.6680,80.4588,97.7208,5084.3700,0.0000,0.0000,Pass
R6,165,396,-0.3584,143.5040,81.0265,98.8020,5156.3600,0.0000,0.0000,Pass
R6,165,397,0.5429,143.5070,80.1735,98.3733,5048.3800,0.0000,0.0000,Pass
R6,165,398,2.1971,143.5120,79.2391,97.8576,4931.3900,0.0000,0.0000,Pass
R6,165,399,-0.2085,143.5040,80.5300,98.4370,5093.3700,0.0000,0.0000,Pass
R6,165,400,-0.0580,143.5050,80.8849,99.8660,5138.3700,0.0000,0.0000,Pass
R6,165,401,0.0922,143.5050,80.4588,98.5973,5084.3700,0.0000,0.0000,Pass
R6,165,402,0.2427,143.5060,80.1735,97.9322,5048.3800,0.0000,0.0000,Pass
R6,165,403,0.3932,143.5070,79.8154,99.0605,5003.3800,0.0000,0.0000,Pass
R6,165,404,0.6927,143.5070,80.3876,98.4977,5075.3700,0.0000,0.0000,Pass
R6,165,405,0.8436,143.5080,79.5278,99.0635,4967.3900,0.0000,0.0000,Pass
R6,165,406,0.9939,143.5080,79.3836,99.2685,4949.3900,0.0000,0.0000,Pass
R6,165,407,1.1443,143.5090,79.2391,98.0427,4931.3900,0.0000,0.0000,Pass
R6,165,408,1.2945,143.5090,79.0944,99.8306,4913.3900,0.0000,0.0000,Pass
R6,165,409,1.4451,143.5100,79.5998,99.9694,4976.3900,0.0000,0.0000,Pass
R6,165,410,1.5954,143.5100,79.9589,99.3126,5021.3800,0.0000,0.0000,Pass
R6,165,411,1.7461,143.5110,79.3114,98.3204,4940.3900,0.0000,0.0000,Pass
R6,165,412,1.8965,143.5120,78.8768,98.9006,4886.4000,0.0000,0.0000,Pass
R6,165,413,2.0467,143.5120,79.0944,99.2886,4913.3900,0.0000,0.0000,Pass
R6,165,414,2.3478,143.5130,79.8872,99.3049,5012.3800,0.0000,0.0000,Pass
R6,165,415,2.4979,143.5130,79.7436,99.3518,4994.3800,0.0000,0.0000,Pass
R6,165,416,2.6483,143.5140,79.5278,97.6355,4967.3900,0.0000,0.0000,Pass
R6,165,417,2.7995,143.5140,79.2391,98.9093,4931.3900,0.0000,0.0000,Pass
R6,165,418,3.0998,143.5150,79.3836,99.5264,4949.3900,0.0000,0.0000,Pass
R6,165,419,2.9495,143.5150,78.9494,98.9158,4895.4000,0.0000,0.0000,Pass
R6,165,420,3.2501,143.5160,79.5998,99.3908,4976.3900,0.0000,0.0000,Pass
R6,165,421,3.4008,143.5160,79.8154,99.2190,5003.3800,0.0000,0.0000,Pass
R6,165,422,3.5516,143.5170,79.5998,97.0661,4976.3900,0.0000,0.0000,Pass
R6,165,423,3.7019,143.5170,80.0305,98.2156,5030.3800,0.0000,0.0000,Pass
R6,165,424,1.7466,143.3600,79.1668,97.3591,4922.3900,0.0000,0.0000,Pass
R6,165,425,-0.3575,143.3540,81.5901,98.7660,5228.3500,0.0000,0.0000,Pass
R6,165,426,0.2427,143.3560,80.1735,98.1498,5048.3800,0.0000,0.0000,Pass
R6,165,427,0.5436,143.3570,80.0305,98.3055,5030.3800,0.0000,0.0000,Pass
R6,165,428,1.1452,143.3580,80.0305,98.3549,5030.3800,0.0000,0.0000,Pass
R6,165,429,1.4453,143.3600,79.7436,99.2804,4994.3800,0.0000,0.0000,Pass
R6,165,430,1.8965,143.3610,79.2391,99.9813,4931.3900,0.0000,0.0000,Pass
R6,165,431,2.0469,143.3620,79.0944,99.2886,4913.3900,0.0000,0.0000,Pass
R6,165,432,2.1972,143.3620,79.5278,98.9484,4967.3900,0.0000,0.0000,Pass
R6,165,433,2.3477,143.3630,80.2449,97.4082,5057.3800,0.0000,0.0000,Pass
R6,165,434,2.4985,143.3640,79.3836,99.3213,4949.3900,0.0000,0.0000,Pass
R6,165,435,2.7995,143.3640,79.6718,98.4629,4985.3800,0.0000,0.0000,Pass
R6,165,436,0.0924,143.3550,80.5300,98.4050,5093.3700,0.0000,0.0000,Pass
R6,165,437,0.3934,143.3560,79.2391,98.6800,4931.3900,0.0000,0.0000,Pass
R6,165,438,0.6943,143.3580,80.0305,97.4708,5030.3800,0.0000,0.0000,Pass
R6,165,439,0.8448,143.3570,80.1020,99.6166,5039.3800,0.0000,0.0000,Pass
R6,165,440,0.9941,143.3580,79.8154,98.3466,5003.3800,0.0000,0.0000,Pass
R6,165,441,1.2951,143.3590,79.5278,98.4403,4967.3900,0.0000,0.0000,Pass
R6,165,442,1.5964,143.3600,79.5998,99.2867,4976.3900,0.0000,0.0000,Pass
R6,165,443,2.6484,143.3630,79.4557,98.1118,4958.3900,0.0000,0.0000,Pass
R6,165,444,2.9494,143.3650,79.5278,99.4556,4967.3900,0.0000,0.0000,Pass
R6,165,445,3.1002,143.3650,79.5998,98.1672,4976.3900,0.0000,0.0000,Pass
R6,165,446,3.4009,143.3660,79.8872,99.6846,5012.3800,0.0000,0.0000,Pass
R6,165,447,3.5516,143.3670,80.2449,97.3620,5057.3800,0.0000,0.0000,Pass
R6,165,448,3.7023,143.3670,79.9589,98.8571,5021.3800,0.0000,0.0000,Pass
R6,165,449,3.2510,143.3660,79.7436,99.2493,4994.3800,0.0000,0.0000,Pass
R6,165,450,-0.3575,143.2030,80.9557,99.3134,5147.3600,0.0000,0.0000,Pass
R6,165,451,0.5445,143.2060,80.2449,98.8587,5057.3800,0.0000,0.0000,Pass
R6,165,452,2.0482,143.2120,79.7436,99.1471,4994.3800,0.0000,0.0000,Pass
R6,165,453,-0.2074,143.2040,80.3876,98.0053,5075.3700,0.0000,0.0000,Pass
R6,165,454,-0.0569,143.2040,80.8849,99.8626,5138.3700,0.0000,0.0000,Pass
R6,165,455,0.0928,143.2060,79.8872,99.0020,5012.3800,0.0000,0.0000,Pass
R6,165,456,0.2435,143.2050,79.8154,98.2059,5003.3800,0.0000,0.0000,Pass
R6,165,457,0.3938,143.2060,79.3836,99.2685,4949.3900,0.0000,0.0000,Pass
R6,165,458,0.6942,143.2070,80.5300,99.2013,5093.3700,0.0000,0.0000,Pass
R6,165,459,0.8449,143.2070,79.9589,99.6353,5021.3800,0.0000,0.0000,Pass
R6,165,460,0.9949,143.2090,80.1735,97.6107,5048.3800,0.0000,0.0000,Pass
R6,165,461,1.1450,143.2090,79.9589,98.6083,5021.3800,0.0000,0.0000,Pass
R6,165,462,1.2962,143.2090,78.7314,99.6110,4868.4000,0.0000,0.0000,Pass
R6,165,463,1.4455,143.2100,80.1020,98.6350,5039.3800,0.0000,0.0000,Pass
R6,165,464,1.5966,143.2100,79.7436,98.9741,4994.3800,0.0000,0.0000,Pass
R6,165,465,1.7465,143.2110,79.3114,99.3912,4940.3900,0.0000,0.0000,Pass
R6,165,466,1.8973,143.2110,79.3836,97.4478,4949.3900,0.0000,0.0000,Pass
R6,165,467,2.1980,143.2120,79.2391,97.4100,4931.3900,0.0000,0.0000,Pass
R6,165,468,2.3482,143.2130,79.7436,99.7758,4994.3800,0.0000,0.0000,Pass
R6,165,469,2.4984,143.2130,79.2391,99.1013,4931.3900,0.0000,0.0000,Pass
R6,165,470,2.6491,143.2140,79.9589,98.4910,5021.3800,0.0000,0.0000,Pass
R6,165,471,2.7997,143.2140,79.3114,98.9321,4940.3900,0.0000,0.0000,Pass
R6,165,472,3.2507,143.2150,79.9589,97.6378,5021.3800,0.0000,0.0000,Pass
R6,165,473,3.4013,143.2160,80.1735,98.6199,5048.3800,0.0000,0.0000,Pass
R6,165,474,2.9501,143.2150,79.5278,98.3808,4967.3900,0.0000,0.0000,Pass
R6,165,475,3.1004,143.2150,79.3836,97.5963,4949.3900,0.0000,0.0000,Pass
R6,165,476,3.5516,143.2170,80.2449,98.4187,5057.3800,0.0000,0.0000,Pass
R6,165,477,3.7030,143.2170,80.5300,98.7161,5093.3700,0.0000,0.0000,Pass
R6,165,478,-0.2071,143.0540,80.8141,99.0421,5129.3700,0.0000,0.0000,Pass
R6,165,479,-0.0561,143.0540,80.3163,98.2427,5066.3700,0.0000,0.0000,Pass
R6,165,480,0.0933,143.0540,80.5300,98.8656,5093.3700,0.0000,0.0000,Pass
R6,165,481,0.2442,143.0550,79.9589,98.9301,5021.3800,0.0000,0.0000,Pass
R6,165,482,0.3939,143.0560,79.8154,98.1723,5003.3800,0.0000,0.0000,Pass
R6,165,483,0.5446,143.0560,80.3876,98.8448,5075.3700,0.0000,0.0000,Pass
R6,165,484,0.8451,143.0570,80.0305,99.3588,5030.3800,0.0000,0.0000,Pass
R6,165,485,1.4468,143.0590,80.0305,98.9150,5030.3800,0.0000,0.0000,Pass
R6,165,486,1.5971,143.0590,80.1020,99.4471,5039.3800,0.0000,0.0000,Pass
R6,165,487,1.7474,143.0610,79.7436,97.9313,4994.3800,0.0000,0.0000,Pass
R6,165,488,1.8979,143.0600,80.0305,99.2911,5030.3800,0.0000,0.0000,Pass
R6,165,489,2.0480,143.0610,79.8154,98.1083,5003.3800,0.0000,0.0000,Pass
R6,165,490,2.1989,143.0610,79.9589,98.8522,5021.3800,0.0000,0.0000,Pass
R6,165,491,2.4995,143.0630,79.6718,98.4534,4985.3800,0.0000,0.0000,Pass
R6,165,492,2.6493,143.0630,79.8154,97.8872,5003.3800,0.0000,0.0000,Pass
R6,165,493,2.8003,143.0640,80.1735,98.1417,5048.3800,0.0000,0.0000,Pass
R6,165,494,0.6949,143.0560,81.0971,99.0481,5165.3600,0.0000,0.0000,Pass
R6,165,495,0.9954,143.0580,80.6011,99.0800,5102.3700,0.0000,0.0000,Pass
R6,165,496,1.1456,143.0580,79.8872,97.7093,5012.3800,0.0000,0.0000,Pass
R6,165,497,1.2964,143.0590,79.8872,98.3413,5012.3800,0.0000,0.0000,Pass
R6,165,498,2.3490,143.0630,79.7436,98.4305,4994.3800,0.0000,0.0000,Pass
R6,165,499,2.9503,143.0650,79.7436,98.1059,4994.3800,0.0000,0.0000,Pass
R6,165,500,3.1013,143.0650,80.1735,97.9375,5048.3800,0.0000,0.0000,Pass
R6,165,501,3.2513,143.0650,80.3163,97.8122,5066.3700,0.0000,0.0000,Pass
R6,165,502,3.4025,143.0660,79.8872,98.5336,5012.3800,0.0000,0.0000,Pass
R6,165,503,3.5524,143.0660,80.3876,98.9539,5075.3700,0.0000,0.0000,Pass
R6,2444,1,143.4070,9.8037,75.6136,99.2190,4490.4500,0.0000,0.0000,Pass
R6,2444,2,143.7080,9.8044,77.1140,98.2473,4670.4200,0.0000,0.0000,Pass
R6,2444,3,144.7600,9.8113,77.7060,98.6471,4742.4100,0.0000,0.0000,Pass
R6,2444,4,141.4540,9.7976,74.8521,99.7454,4400.4600,0.0000,0.0000,Pass
R6,2444,5,141.6050,9.7978,74.6221,99.5935,4373.4600,0.0000,0.0000,Pass
R6,2444,6,141.7540,9.7980,74.3144,99.3165,4337.4600,0.0000,0.0000,Pass
R6,2444,7,141.9050,9.7981,74.3144,98.0918,4337.4600,0.0000,0.0000,Pass
R6,2444,8,142.0550,9.7991,74.0828,97.4457,4310.4700,0.0000,0.0000,Pass
R6,2444,9,142.2050,9.7997,75.1576,98.9878,4436.4500,0.0000,0.0000,Pass
R6,2444,10,142.3550,9.8005,74.9286,96.9896,4409.4600,0.0000,0.0000,Pass
R6,2444,11,142.5050,9.8007,75.1576,97.8243,4436.4500,0.0000,0.0000,Pass
R6,2444,12,142.6550,9.8010,75.0050,97.6224,4418.4500,0.0000,0.0000,Pass
R6,2444,13,142.8070,9.8014,75.4619,98.6359,4472.4500,0.0000,0.0000,Pass
R6,2444,14,142.9570,9.8024,74.9286,98.0797,4409.4600,0.0000,0.0000,Pass
R6,2444,15,143.1070,9.8026,75.6136,97.6759,4490.4500,0.0000,0.0000,Pass
R6,2444,16,143.2570,9.8033,75.9915,98.7627,4535.4400,0.0000,0.0000,Pass
R6,2444,17,143.5580,9.8041,76.0668,99.1775,4544.4400,0.0000,0.0000,Pass
R6,2444,18,143.8590,9.8049,76.8163,97.4153,4634.4300,0.0000,0.0000,Pass
R6,2444,19,144.0090,9.8058,77.7797,98.5382,4751.4100,0.0000,0.0000,Pass
R6,2444,20,144.1580,9.8091,77.8534,98.4537,4760.4100,0.0000,0.0000,Pass
R6,2444,21,144.3090,9.8096,77.4846,99.1727,4715.4200,0.0000,0.0000,Pass
R6,2444,22,144.4590,9.8099,78.0738,97.5740,4787.4100,0.0000,0.0000,Pass
R6,2444,23,144.6090,9.8108,78.1471,98.8827,4796.4100,0.0000,0.0000,Pass
R6,2444,24,144.9110,9.8115,78.2936,98.7440,4814.4000,0.0000,0.0000,Pass
R6,2444,25,145.0610,9.8120,78.5128,98.0615,4841.4000,0.0000,0.0000,Pass
R6,2444,26,145.2110,9.8125,78.7314,98.7893,4868.4000,0.0000,0.0000,Pass
R6,2444,27,141.3040,9.6460,74.2373,98.9197,4328.4700,0.0000,0.0000,Pass
R6,2444,28,141.4550,9.6463,74.5453,98.2166,4364.4600,0.0000,0.0000,Pass
R6,2444,29,141.6050,9.6475,74.8521,98.9095,4400.4600,0.0000,0.0000,Pass
R6,2444,30,141.7550,9.6477,74.4684,97.6281,4355.4600,0.0000,0.0000,Pass
R6,2444,31,142.2050,9.6490,74.5453,98.9394,4364.4600,0.0000,0.0000,Pass
R6,2444,32,142.9570,9.6516,75.8405,98.3547,4517.4400,0.0000,0.0000,Pass
R6,2444,33,143.4080,9.6537,76.2173,98.9548,4562.4400,0.0000,0.0000,Pass
R6,2444,34,143.7080,9.6548,76.4424,96.8161,4589.4300,0.0000,0.0000,Pass
R6,2444,35,143.8590,9.6553,76.8908,97.9531,4643.4300,0.0000,0.0000,Pass
R6,2444,36,144.0100,9.6556,77.1140,97.3812,4670.4200,0.0000,0.0000,Pass
R6,2444,37,144.4590,9.6599,77.2624,98.9029,4688.4200,0.0000,0.0000,Pass
R6,2444,38,144.6100,9.6609,77.1140,97.6178,4670.4200,0.0000,0.0000,Pass
R6,2444,39,145.2110,9.6622,78.5858,98.7820,4850.4000,0.0000,0.0000,Pass
R6,2444,40,141.9050,9.6481,74.5453,98.8373,4364.4600,0.0000,0.0000,Pass
R6,2444,41,142.0560,9.6486,74.0054,97.5231,4301.4700,0.0000,0.0000,Pass
R6,2444,42,142.3550,9.6497,74.9286,99.2296,4409.4600,0.0000,0.0000,Pass
R6,2444,43,142.5070,9.6500,74.7755,98.6398,4391.4600,0.0000,0.0000,Pass
R6,2444,44,142.6560,9.6512,75.9160,97.3437,4526.4400,0.0000,0.0000,Pass
R6,2444,45,142.8070,9.6514,75.4619,98.2234,4472.4500,0.0000,0.0000,Pass
R6,2444,46,143.1070,9.6523,76.4424,97.5395,4589.4300,0.0000,0.0000,Pass
R6,2444,47,143.2580,9.6531,75.8405,98.5834,4517.4400,0.0000,0.0000,Pass
R6,2444,48,143.5580,9.6541,75.9160,98.4134,4526.4400,0.0000,0.0000,Pass
R6,2444,49,144.1590,9.6587,77.5584,97.4487,4724.4200,0.0000,0.0000,Pass
R6,2444,50,144.3090,9.6593,77.8534,98.9709,4760.4100,0.0000,0.0000,Pass
R6,2444,51,144.7610,9.6608,77.3365,97.4345,4697.4200,0.0000,0.0000,Pass
R6,2444,52,144.9110,9.6614,78.0004,98.4646,4778.4100,0.0000,0.0000,Pass
R6,2444,53,145.0620,9.6619,77.8534,99.6434,4760.4100,0.0000,0.0000,Pass
R6,2444,54,145.3620,9.6628,78.6586,99.4940,4859.4000,0.0000,0.0000,Pass
R6,2444,55,141.3050,9.4961,73.6173,97.1544,4256.4700,0.0000,0.0000,Pass
R6,2444,56,141.4560,9.4959,73.4615,96.5014,4238.4800,0.0000,0.0000,Pass
R6,2444,57,141.6060,9.4965,73.7728,99.5913,4274.4700,0.0000,0.0000,Pass
R6,2444,58,141.7550,9.4975,74.0054,96.9228,4301.4700,0.0000,0.0000,Pass
R6,2444,59,141.9050,9.4978,73.8504,97.6791,4283.4700,0.0000,0.0000,Pass
R6,2444,60,142.0560,9.4986,74.0054,97.5231,4301.4700,0.0000,0.0000,Pass
R6,2444,61,142.2060,9.4986,74.4684,98.2377,4355.4600,0.0000,0.0000,Pass
R6,2444,62,142.5060,9.4999,74.6221,98.6776,4373.4600,0.0000,0.0000,Pass
R6,2444,63,142.6570,9.5002,74.4684,96.9471,4355.4600,0.0000,0.0000,Pass
R6,2444,64,142.8070,9.5008,75.4619,98.4184,4472.4500,0.0000,0.0000,Pass
R6,2444,65,143.2580,9.5023,75.9915,98.1438,4535.4400,0.0000,0.0000,Pass
R6,2444,66,143.4090,9.5029,75.3859,99.7997,4463.4500,0.0000,0.0000,Pass
R6,2444,67,143.5590,9.5038,76.4424,98.8715,4589.4300,0.0000,0.0000,Pass
R6,2444,68,143.7090,9.5043,76.6670,98.9467,4616.4300,0.0000,0.0000,Pass
R6,2444,69,143.8590,9.5042,76.8908,98.5371,4643.4300,0.0000,0.0000,Pass
R6,2444,70,144.0100,9.5054,76.9653,97.9887,4652.4300,0.0000,0.0000,Pass
R6,2444,71,144.1600,9.5086,77.4106,98.7241,4706.4200,0.0000,0.0000,Pass
R6,2444,72,144.6110,9.5100,77.3365,98.6508,4697.4200,0.0000,0.0000,Pass
R6,2444,73,144.7610,9.5108,78.2204,98.6724,4805.4100,0.0000,0.0000,Pass
R6,2444,74,144.9120,9.5114,78.5128,99.3739,4841.4000,0.0000,0.0000,Pass
R6,2444,75,145.0620,9.5116,78.5128,99.3739,4841.4000,0.0000,0.0000,Pass
R6,2444,76,145.2120,9.5118,78.6586,99.4933,4859.4000,0.0000,0.0000,Pass
R6,2444,77,142.3560,9.4990,74.5453,98.1771,4364.4600,0.0000,0.0000,Pass
R6,2444,78,142.9570,9.5013,75.2338,99.2237,4445.4500,0.0000,0.0000,Pass
R6,2444,79,143.1080,9.5016,75.5378,98.0932,4481.4500,0.0000,0.0000,Pass
R6,2444,80,144.3100,9.5087,76.9653,97.4753,4652.4300,0.0000,0.0000,Pass
R6,2444,81,144.4600,9.5091,77.5584,97.7107,4724.4200,0.0000,0.0000,Pass
R6,2444,82,145.3630,9.5128,79.0219,98.1958,4904.3900,0.0000,0.0000,Pass
R6,2444,83,141.3060,9.3456,74.0828,97.6728,4310.4700,0.0000,0.0000,Pass
R6,2444,84,141.6060,9.3466,73.6951,99.1846,4265.4700,0.0000,0.0000,Pass
R6,2444,85,144.3100,9.3583,77.0397,97.6791,4661.4200,0.0000,0.0000,Pass
R6,2444,86,145.2120,9.3614,79.0944,99.3600,4913.3900,0.0000,0.0000,Pass
R6,2444,87,141.4550,9.3458,74.3144,97.6727,4337.4600,0.0000,0.0000,Pass
R6,2444,88,141.7560,9.3471,73.9280,97.7775,4292.4700,0.0000,0.0000,Pass
R6,2444,89,141.9060,9.3473,73.9280,98.0031,4292.4700,0.0000,0.0000,Pass
R6,2444,90,142.0570,9.3478,74.3144,99.1252,4337.4600,0.0000,0.0000,Pass
R6,2444,91,142.2070,9.3485,75.3859,97.8357,4463.4500,0.0000,0.0000,Pass
R6,2444,92,142.3570,9.3491,75.2338,98.6062,4445.4500,0.0000,0.0000,Pass
R6,2444,93,142.5070,9.3499,74.8521,99.3455,4400.4600,0.0000,0.0000,Pass
R6,2444,94,142.6570,9.3503,75.5378,97.8786,4481.4500,0.0000,0.0000,Pass
R6,2444,95,142.8080,9.3512,75.5378,99.5833,4481.4500,0.0000,0.0000,Pass
R6,2444,96,142.9580,9.3512,75.3099,99.1993,4454.4500,0.0000,0.0000,Pass
R6,2444,97,143.1080,9.3515,75.5378,99.2253,4481.4500,0.0000,0.0000,Pass
R6,2444,98,143.2580,9.3525,75.9915,99.0414,4535.4400,0.0000,0.0000,Pass
R6,2444,99,143.4090,9.3523,75.6136,98.8104,4490.4500,0.0000,0.0000,Pass
R6,2444,100,143.5590,9.3534,76.4424,97.9590,4589.4300,0.0000,0.0000,Pass
R6,2444,101,143.7100,9.3537,76.3675,98.3350,4580.4300,0.0000,0.0000,Pass
R6,2444,102,143.8600,9.3542,76.2173,98.5702,4562.4400,0.0000,0.0000,Pass
R6,2444,103,144.0100,9.3547,76.9653,97.9331,4652.4300,0.0000,0.0000,Pass
R6,2444,104,144.1600,9.3579,76.9653,98.2899,4652.4300,0.0000,0.0000,Pass
R6,2444,105,144.4610,9.3586,77.5584,99.3947,4724.4200,0.0000,0.0000,Pass
R6,2444,106,144.6110,9.3589,78.0738,98.9116,4787.4100,0.0000,0.0000,Pass
R6,2444,107,144.7610,9.3596,77.7797,98.6454,4751.4100,0.0000,0.0000,Pass
R6,2444,108,144.9110,9.3610,77.9269,97.6566,4769.4100,0.0000,0.0000,Pass
R6,2444,109,145.0620,9.3613,78.2936,98.9528,4814.4000,0.0000,0.0000,Pass
R6,2444,110,145.3630,9.3623,78.6586,98.4409,4859.4000,0.0000,0.0000,Pass
R6,2444,111,141.3060,9.1953,74.0828,98.7925,4310.4700,0.0000,0.0000,Pass
R6,2444,112,141.4560,9.1953,74.2373,96.6006,4328.4700,0.0000,0.0000,Pass
R6,2444,113,141.6060,9.1962,73.8504,98.3564,4283.4700,0.0000,0.0000,Pass
R6,2444,114,141.7560,9.1967,73.5395,98.6678,4247.4800,0.0000,0.0000,Pass
R6,2444,115,142.0570,9.1977,75.2338,99.0418,4445.4500,0.0000,0.0000,Pass
R6,2444,116,142.2070,9.1979,75.1576,99.3991,4436.4500,0.0000,0.0000,Pass
R6,2444,117,142.3570,9.1983,75.1576,98.7814,4436.4500,0.0000,0.0000,Pass
R6,2444,118,142.5080,9.1990,76.2924,98.9031,4571.4400,0.0000,0.0000,Pass
R6,2444,119,142.8080,9.2006,75.7650,99.0156,4508.4400,0.0000,0.0000,Pass
R6,2444,120,142.9580,9.2010,75.7650,99.5929,4508.4400,0.0000,0.0000,Pass
R6,2444,121,143.4100,9.2029,76.1421,97.7818,4553.4400,0.0000,0.0000,Pass
R6,2444,122,143.5600,9.2031,76.6670,97.8216,4616.4300,0.0000,0.0000,Pass
R6,2444,123,143.8600,9.2036,76.5173,99.9863,4598.4300,0.0000,0.0000,Pass
R6,2444,124,144.0110,9.2046,77.3365,98.4917,4697.4200,0.0000,0.0000,Pass
R6,2444,125,144.1600,9.2071,77.0397,97.8692,4661.4200,0.0000,0.0000,Pass
R6,2444,126,144.7620,9.2094,77.8534,99.5311,4760.4100,0.0000,0.0000,Pass
R6,2444,127,144.9120,9.2097,77.4846,99.4988,4715.4200,0.0000,0.0000,Pass
R6,2444,128,141.9060,9.1972,74.1601,98.3983,4319.4700,0.0000,0.0000,Pass
R6,2444,129,142.6570,9.1998,75.9160,98.3803,4526.4400,0.0000,0.0000,Pass
R6,2444,130,143.1090,9.2011,76.5173,98.5647,4598.4300,0.0000,0.0000,Pass
R6,2444,131,143.2590,9.2019,76.5922,99.2216,4607.4300,0.0000,0.0000,Pass
R6,2444,132,143.7100,9.2033,76.8163,98.4715,4634.4300,0.0000,0.0000,Pass
R6,2444,133,144.3110,9.2078,77.7797,98.8194,4751.4100,0.0000,0.0000,Pass
R6,2444,134,144.4610,9.2082,77.8534,98.6227,4760.4100,0.0000,0.0000,Pass
R6,2444,135,144.6110,9.2086,78.2204,98.7859,4805.4100,0.0000,0.0000,Pass
R6,2444,136,145.0620,9.2110,78.0738,98.6791,4787.4100,0.0000,0.0000,Pass
R6,2444,137,145.2130,9.2109,78.2936,98.6811,4814.4000,0.0000,0.0000,Pass
R6,2444,138,145.3640,9.2115,79.0219,99.5801,4904.3900,0.0000,0.0000,Pass
R6,2444,139,141.4560,9.0450,73.6173,97.2822,4256.4700,0.0000,0.0000,Pass
R6,2444,140,141.3060,9.0453,73.8504,97.5397,4283.4700,0.0000,0.0000,Pass
R6,2444,141,141.6070,9.0457,73.5395,97.6470,4247.4800,0.0000,0.0000,Pass
R6,2444,142,141.7570,9.0461,73.4615,99.0677,4238.4800,0.0000,0.0000,Pass
R6,2444,143,141.9070,9.0475,74.3144,98.0874,4337.4600,0.0000,0.0000,Pass
R6,2444,144,144.7620,9.0593,78.3668,98.1360,4823.4000,0.0000,0.0000,Pass
R6,2444,145,145.0640,9.0605,78.3668,98.8788,4823.4000,0.0000,0.0000,Pass
R6,2444,146,145.3640,9.0614,78.6586,99.4233,4859.4000,0.0000,0.0000,Pass
R6,2444,147,144.9120,9.0600,78.3668,99.5440,4823.4000,0.0000,0.0000,Pass
R6,2444,148,145.2140,9.0607,78.3668,98.9812,4823.4000,0.0000,0.0000,Pass
R6,2444,149,141.3070,8.8946,74.6221,98.2126,4373.4600,0.0000,0.0000,Pass
R6,2444,150,141.4570,8.8958,73.3835,98.8509,4229.4800,0.0000,0.0000,Pass
R6,2444,151,141.6070,8.8953,74.6989,99.2163,4382.4600,0.0000,0.0000,Pass
R6,2444,152,141.7570,8.8965,74.3144,97.6510,4337.4600,0.0000,0.0000,Pass
R6,2444,153,141.9080,8.8963,73.9280,97.2000,4292.4700,0.0000,0.0000,Pass
R6,2444,154,144.7620,8.9088,78.3668,98.7999,4823.4000,0.0000,0.0000,Pass
R6,2444,155,144.9130,8.9093,78.4398,99.3930,4832.4000,0.0000,0.0000,Pass
R6,2444,156,145.0640,8.9101,78.2204,98.9852,4805.4100,0.0000,0.0000,Pass
R6,2444,157,145.3650,8.9111,79.0219,99.1544,4904.3900,0.0000,0.0000,Pass
R6,2444,158,145.2140,8.9104,79.1668,98.0510,4922.3900,0.0000,0.0000,Pass
R6,2444,159,142.4350,8.7902,75.2338,99.5326,4445.4500,0.0000,0.0000,Pass
R6,2444,160,143.4250,8.7936,76.0668,97.9052,4544.4400,0.0000,0.0000,Pass
R6,2444,161,143.9190,8.7955,77.7797,97.6358,4751.4100,0.0000,0.0000,Pass
R6,2444,162,142.6000,8.7905,75.5378,98.3900,4481.4500,0.0000,0.0000,Pass
R6,2444,163,142.7650,8.7911,76.1421,97.6156,4553.4400,0.0000,0.0000,Pass
R6,2444,164,142.9300,8.7913,75.9160,98.2853,4526.4400,0.0000,0.0000,Pass
R6,2444,165,143.0940,8.7920,76.2173,98.9312,4562.4400,0.0000,0.0000,Pass
R6,2444,166,143.2600,8.7930,76.3675,99.2217,4580.4300,0.0000,0.0000,Pass
R6,2444,167,143.5900,8.7941,76.6670,98.7967,4616.4300,0.0000,0.0000,Pass
R6,2444,168,143.7550,8.7949,77.5584,97.8983,4724.4200,0.0000,0.0000,Pass
R6,2444,169,144.0840,8.7964,77.4106,95.6033,4706.4200,0.0000,0.0000,Pass
R6,2444,170,144.2490,8.7990,78.0738,98.7637,4787.4100,0.0000,0.0000,Pass
R6,2444,171,144.4140,8.8002,78.5858,99.3644,4850.4000,0.0000,0.0000,Pass
R6,2444,172,141.3070,8.7438,73.8504,97.7983,4283.4700,0.0000,0.0000,Pass
R6,2444,173,141.4570,8.7445,74.4684,97.8386,4355.4600,0.0000,0.0000,Pass
R6,2444,174,141.6070,8.7449,74.3915,98.8601,4346.4600,0.0000,0.0000,Pass
R6,2444,175,141.7580,8.7454,74.0828,97.8711,4310.4700,0.0000,0.0000,Pass
R6,2444,176,141.9080,8.7462,74.1601,97.3921,4319.4700,0.0000,0.0000,Pass
R6,2444,177,145.2140,8.7597,78.6586,97.1409,4859.4000,0.0000,0.0000,Pass
R6,2444,178,144.7630,8.7585,77.7797,99.0832,4751.4100,0.0000,0.0000,Pass
R6,2444,179,144.9130,8.7592,77.8534,97.9350,4760.4100,0.0000,0.0000,Pass
R6,2444,180,145.0640,8.7596,78.0738,98.3949,4787.4100,0.0000,0.0000,Pass
R6,2444,181,145.3650,8.7610,78.8768,99.6048,4886.4000,0.0000,0.0000,Pass
R6,2444,182,142.2700,8.6246,75.4619,99.9777,4472.4500,0.0000,0.0000,Pass
R6,2444,183,142.4350,8.6251,75.2338,99.2237,4445.4500,0.0000,0.0000,Pass
R6,2444,184,142.6000,8.6254,75.8405,98.1859,4517.4400,0.0000,0.0000,Pass
R6,2444,185,142.7650,8.6261,76.6670,98.9906,4616.4300,0.0000,0.0000,Pass
R6,2444,186,142.9300,8.6272,75.8405,99.5398,4517.4400,0.0000,0.0000,Pass
R6,2444,187,143.0960,8.6275,75.9915,98.4203,4535.4400,0.0000,0.0000,Pass
R6,2444,188,143.2600,8.6280,76.0668,100.0000,4544.4400,0.0000,0.0000,Pass
R6,2444,189,143.4250,8.6290,77.1140,97.6178,4670.4200,0.0000,0.0000,Pass
R6,2444,190,143.5910,8.6292,76.5173,98.5729,4598.4300,0.0000,0.0000,Pass
R6,2444,191,143.7550,8.6296,77.1140,98.4324,4670.4200,0.0000,0.0000,Pass
R6,2444,192,143.9200,8.6299,77.0397,98.9528,4661.4200,0.0000,0.0000,Pass
R6,2444,193,144.0850,8.6312,76.5173,97.3256,4598.4300,0.0000,0.0000,Pass
R6,2444,194,144.4140,8.6342,77.1882,97.6491,4679.4200,0.0000,0.0000,Pass
R6,2444,195,144.2490,8.6335,77.8534,98.3793,4760.4100,0.0000,0.0000,Pass
R6,2444,196,141.3070,8.5937,73.9280,97.9372,4292.4700,0.0000,0.0000,Pass
R6,2444,197,141.4580,8.5944,74.3144,97.8678,4337.4600,0.0000,0.0000,Pass
R6,2444,198,141.6080,8.5946,74.6989,98.5794,4382.4600,0.0000,0.0000,Pass
R6,2444,199,141.7580,8.5955,73.4615,97.2378,4238.4800,0.0000,0.0000,Pass
R6,2444,200,141.9090,8.5958,74.4684,98.4313,4355.4600,0.0000,0.0000,Pass
R6,2444,201,144.7640,8.6080,78.6586,98.0905,4859.4000,0.0000,0.0000,Pass
R6,2444,202,144.9140,8.6083,78.9494,99.7300,4895.4000,0.0000,0.0000,Pass
R6,2444,203,145.0650,8.6087,79.0944,99.2700,4913.3900,0.0000,0.0000,Pass
R6,2444,204,145.2150,8.6095,78.8768,99.5707,4886.4000,0.0000,0.0000,Pass
R6,2444,205,145.3650,8.6101,79.2391,99.0816,4931.3900,0.0000,0.0000,Pass
R6,2444,206,142.2710,8.4594,75.4619,98.5625,4472.4500,0.0000,0.0000,Pass
R6,2444,207,142.4360,8.4600,75.6893,98.5524,4499.4400,0.0000,0.0000,Pass
R6,2444,208,142.6010,8.4605,75.5378,98.1849,4481.4500,0.0000,0.0000,Pass
R6,2444,209,143.0960,8.4624,76.5922,99.0688,4607.4300,0.0000,0.0000,Pass
R6,2444,210,143.4260,8.4633,77.1882,97.5288,4679.4200,0.0000,0.0000,Pass
R6,2444,211,143.9210,8.4650,78.0738,98.9045,4787.4100,0.0000,0.0000,Pass
R6,2444,212,144.0850,8.4662,77.2624,95.2925,4688.4200,0.0000,0.0000,Pass
R6,2444,213,144.2500,8.4684,78.1471,99.8531,4796.4100,0.0000,0.0000,Pass
R6,2444,214,142.7660,8.4609,76.1421,99.5068,4553.4400,0.0000,0.0000,Pass
R6,2444,215,142.9300,8.4618,76.5173,98.5425,4598.4300,0.0000,0.0000,Pass
R6,2444,216,143.2610,8.4628,76.8163,98.7382,4634.4300,0.0000,0.0000,Pass
R6,2444,217,143.5910,8.4642,77.0397,97.7449,4661.4200,0.0000,0.0000,Pass
R6,2444,218,143.7560,8.4644,77.4846,98.5632,4715.4200,0.0000,0.0000,Pass
R6,2444,219,144.4150,8.4701,78.0738,98.2538,4787.4100,0.0000,0.0000,Pass
R6,2444,220,141.3080,8.4439,74.0828,99.0463,4310.4700,0.0000,0.0000,Pass
R6,2444,221,141.4580,8.4439,73.8504,97.7316,4283.4700,0.0000,0.0000,Pass
R6,2444,222,141.6080,8.4448,75.1576,98.3575,4436.4500,0.0000,0.0000,Pass
R6,2444,223,141.7590,8.4448,73.3835,98.4842,4229.4800,0.0000,0.0000,Pass
R6,2444,224,141.9090,8.4456,74.6221,98.6028,4373.4600,0.0000,0.0000,Pass
R6,2444,225,144.7640,8.4579,79.0944,98.5613,4913.3900,0.0000,0.0000,Pass
R6,2444,226,144.9140,8.4583,78.8768,98.6798,4886.4000,0.0000,0.0000,Pass
R6,2444,227,145.0650,8.4587,78.8768,99.0374,4886.4000,0.0000,0.0000,Pass
R6,2444,228,145.2150,8.4590,79.4557,99.1583,4958.3900,0.0000,0.0000,Pass
R6,2444,229,145.3660,8.4597,80.1020,99.3713,5039.3800,0.0000,0.0000,Pass
R6,2444,230,141.3090,8.2931,74.3144,97.7648,4337.4600,0.0000,0.0000,Pass
R6,2444,231,141.7590,8.2943,74.4684,98.5370,4355.4600,0.0000,0.0000,Pass
R6,2444,232,141.9100,8.2949,74.6989,98.7841,4382.4600,0.0000,0.0000,Pass
R6,2444,233,143.5910,8.2989,77.3365,99.1480,4697.4200,0.0000,0.0000,Pass
R6,2444,234,144.7640,8.3069,81.0971,99.5500,5165.3600,0.0000,0.0000,Pass
R6,2444,235,144.9150,8.3070,81.0265,98.6203,5156.3600,0.0000,0.0000,Pass
R6,2444,236,145.0660,8.3075,82.2196,98.2335,5309.3400,0.0000,0.0000,Pass
R6,2444,237,145.2160,8.3083,83.0515,98.5235,5417.3300,0.0000,0.0000,Pass
R6,2444,238,145.3670,8.3086,84.5555,99.6412,5615.3100,0.0000,0.0000,Pass
R6,2444,239,142.2710,8.2946,75.3859,98.4253,4463.4500,0.0000,0.0000,Pass
R6,2444,240,142.4360,8.2952,75.9915,98.7972,4535.4400,0.0000,0.0000,Pass
R6,2444,241,142.6010,8.2953,75.9915,99.0215,4535.4400,0.0000,0.0000,Pass
R6,2444,242,142.7660,8.2957,76.8908,99.1047,4643.4300,0.0000,0.0000,Pass
R6,2444,243,142.9310,8.2967,76.8908,98.5582,4643.4300,0.0000,0.0000,Pass
R6,2444,244,143.0960,8.2978,76.8163,98.5877,4634.4300,0.0000,0.0000,Pass
R6,2444,245,143.4260,8.2986,76.7416,98.4167,4625.4300,0.0000,0.0000,Pass
R6,2444,246,143.7560,8.2994,78.2204,98.6123,4805.4100,0.0000,0.0000,Pass
R6,2444,247,143.9210,8.3002,77.2624,99.1205,4688.4200,0.0000,0.0000,Pass
R6,2444,248,144.0850,8.3008,76.9653,96.5807,4652.4300,0.0000,0.0000,Pass
R6,2444,249,144.2510,8.3037,78.0738,97.6767,4787.4100,0.0000,0.0000,Pass
R6,2444,250,144.4160,8.3040,78.7314,95.0261,4868.4000,0.0000,0.0000,Pass
R6,2444,251,143.2620,8.2979,77.0397,98.6845,4661.4200,0.0000,0.0000,Pass
R6,2444,252,141.3090,8.1425,74.0828,97.2162,4310.4700,0.0000,0.0000,Pass
R6,2444,253,141.4590,8.1428,74.2373,97.9782,4328.4700,0.0000,0.0000,Pass
R6,2444,254,141.6100,8.1436,74.3144,98.6915,4337.4600,0.0000,0.0000,Pass
R6,2444,255,141.7600,8.1438,74.6989,98.6447,4382.4600,0.0000,0.0000,Pass
R6,2444,256,141.9100,8.1444,74.2373,98.4164,4328.4700,0.0000,0.0000,Pass
R6,2444,257,144.7650,8.1569,84.7585,99.1505,5642.3000,0.0000,0.0000,Pass
R6,2444,258,144.9150,8.1575,84.4199,99.6290,5597.3100,0.0000,0.0000,Pass
R6,2444,259,145.2160,8.1585,84.6909,98.7184,5633.3000,0.0000,0.0000,Pass
R6,2444,260,145.0660,8.1581,84.7585,99.4840,5642.3000,0.0000,0.0000,Pass
R6,2444,261,145.3670,8.1590,84.8261,98.7915,5651.3000,0.0000,0.0000,Pass
R6,2444,262,142.2720,8.1298,75.6893,99.5524,4499.4400,0.0000,0.0000,Pass
R6,2444,263,142.6020,8.1302,75.9160,97.9455,4526.4400,0.0000,0.0000,Pass
R6,2444,264,142.7670,8.1307,76.8908,98.8611,4643.4300,0.0000,0.0000,Pass
R6,2444,265,142.9320,8.1312,76.5922,97.4956,4607.4300,0.0000,0.0000,Pass
R6,2444,266,143.0970,8.1320,76.8908,98.0650,4643.4300,0.0000,0.0000,Pass
R6,2444,267,143.2620,8.1326,77.3365,99.3004,4697.4200,0.0000,0.0000,Pass
R6,2444,268,143.4270,8.1330,77.3365,98.6290,4697.4200,0.0000,0.0000,Pass
R6,2444,269,143.7570,8.1345,78.6586,100.0000,4859.4000,0.0000,0.0000,Pass
R6,2444,270,143.9220,8.1347,79.0944,99.2700,4913.3900,0.0000,0.0000,Pass
R6,2444,271,144.0870,8.1359,79.5278,95.1472,4967.3900,0.0000,0.0000,Pass
R6,2444,272,144.2510,8.1385,81.9404,99.0969,5273.3500,0.0000,0.0000,Pass
R6,2444,273,142.4370,8.1299,75.7650,99.4067,4508.4400,0.0000,0.0000,Pass
R6,2444,274,143.5920,8.1342,78.2936,97.6636,4814.4000,0.0000,0.0000,Pass
R6,2444,275,144.4170,8.1393,82.5673,97.9964,5354.3400,0.0000,0.0000,Pass
R6,2444,276,141.4600,7.9928,74.8521,98.8148,4400.4600,0.0000,0.0000,Pass
R6,2444,277,141.6100,7.9935,74.5453,98.9598,4364.4600,0.0000,0.0000,Pass
R6,2444,278,141.3100,7.9923,74.9286,98.9642,4409.4600,0.0000,0.0000,Pass
R6,2444,279,141.7600,7.9942,74.7755,98.4568,4391.4600,0.0000,0.0000,Pass
R6,2444,280,141.9110,7.9944,74.8521,99.3395,4400.4600,0.0000,0.0000,Pass
R6,2444,281,144.7650,8.0062,83.4644,98.8768,5471.3200,0.0000,0.0000,Pass
R6,2444,282,144.9160,8.0074,83.3957,98.7859,5462.3300,0.0000,0.0000,Pass
R6,2444,283,145.0660,8.0073,82.7059,99.1680,5372.3400,0.0000,0.0000,Pass
R6,2444,284,145.2160,8.0078,83.1894,98.4992,5435.3300,0.0000,0.0000,Pass
R6,2444,285,145.3680,8.0085,83.8069,99.6752,5516.3200,0.0000,0.0000,Pass
R6,2444,286,142.7680,7.9663,77.1140,99.7541,4670.4200,0.0000,0.0000,Pass
R6,2444,287,143.4270,7.9684,77.5584,99.0772,4724.4200,0.0000,0.0000,Pass
R6,2444,288,143.7580,7.9690,80.9557,99.5516,5147.3600,0.0000,0.0000,Pass
R6,2444,289,142.2730,7.9647,76.0668,99.1349,4544.4400,0.0000,0.0000,Pass
R6,2444,290,142.4380,7.9650,76.6670,98.7934,4616.4300,0.0000,0.0000,Pass
R6,2444,291,142.6020,7.9656,76.5922,97.8616,4607.4300,0.0000,0.0000,Pass
R6,2444,292,142.9320,7.9668,77.7797,97.4117,4751.4100,0.0000,0.0000,Pass
R6,2444,293,143.0970,7.9673,77.3365,98.7767,4697.4200,0.0000,0.0000,Pass
R6,2444,294,143.2620,7.9679,77.3365,97.7122,4697.4200,0.0000,0.0000,Pass
R6,2444,295,143.5920,7.9686,79.8154,97.9192,5003.3800,0.0000,0.0000,Pass
R6,2444,296,143.9220,7.9695,83.1894,99.4541,5435.3300,0.0000,0.0000,Pass
R6,2444,297,144.0870,7.9712,82.9825,95.7539,5408.3300,0.0000,0.0000,Pass
R6,2444,298,144.2510,7.9739,82.9135,98.6132,5399.3300,0.0000,0.0000,Pass
R6,2444,299,144.4170,7.9743,82.5673,98.2478,5354.3400,0.0000,0.0000,Pass
R6,2444,300,141.3100,7.8419,74.6989,99.6167,4382.4600,0.0000,0.0000,Pass
R6,2444,301,141.4600,7.8425,74.9286,98.7852,4409.4600,0.0000,0.0000,Pass
R6,2444,302,141.6110,7.8428,75.0813,99.1638,4427.4500,0.0000,0.0000,Pass
R6,2444,303,141.7610,7.8435,74.2373,98.0148,4328.4700,0.0000,0.0000,Pass
R6,2444,304,141.9110,7.8440,75.1576,99.4566,4436.4500,0.0000,0.0000,Pass
R6,2444,305,144.7660,7.8564,82.5673,98.7008,5354.3400,0.0000,0.0000,Pass
R6,2444,306,144.9160,7.8569,82.4979,99.0066,5345.3400,0.0000,0.0000,Pass
R6,2444,307,145.0670,7.8575,81.8705,98.5909,5264.3500,0.0000,0.0000,Pass
R6,2444,308,145.2170,7.8576,82.2893,98.6767,5318.3400,0.0000,0.0000,Pass
R6,2444,309,145.3680,7.8582,83.1205,99.1042,5426.3300,0.0000,0.0000,Pass
R6,2444,310,142.2730,7.7996,75.4619,99.9777,4472.4500,0.0000,0.0000,Pass
R6,2444,311,142.4390,7.8002,75.7650,98.8539,4508.4400,0.0000,0.0000,Pass
R6,2444,312,142.6030,7.7999,76.6670,99.2223,4616.4300,0.0000,0.0000,Pass
R6,2444,313,142.7680,7.8012,77.1140,97.5954,4670.4200,0.0000,0.0000,Pass
R6,2444,314,142.9330,7.8015,76.9653,97.9921,4652.4300,0.0000,0.0000,Pass
R6,2444,315,143.0980,7.8018,77.9269,98.1119,4769.4100,0.0000,0.0000,Pass
R6,2444,316,143.4280,7.8028,82.2893,98.1614,5318.3400,0.0000,0.0000,Pass
R6,2444,317,143.5930,7.8038,83.3957,98.6415,5462.3300,0.0000,0.0000,Pass
R6,2444,318,143.7580,7.8045,83.6016,98.3255,5489.3200,0.0000,0.0000,Pass
R6,2444,319,143.9230,7.8047,83.1205,96.2511,5426.3300,0.0000,0.0000,Pass
R6,2444,320,144.0880,7.8062,82.5673,95.9524,5354.3400,0.0000,0.0000,Pass
R6,2444,321,144.2520,7.8086,82.7059,97.2051,5372.3400,0.0000,0.0000,Pass
R6,2444,322,144.4170,7.8095,82.4979,97.9739,5345.3400,0.0000,0.0000,Pass
R6,2444,323,143.2630,7.8021,80.6721,99.2262,5111.3700,0.0000,0.0000,Pass
R6,2444,324,141.3110,7.6917,75.1576,98.7814,4436.4500,0.0000,0.0000,Pass
R6,2444,325,141.4610,7.6920,75.2338,99.2377,4445.4500,0.0000,0.0000,Pass
R6,2444,326,141.6110,7.6925,75.0813,99.4888,4427.4500,0.0000,0.0000,Pass
R6,2444,327,141.7610,7.6930,74.8521,98.7622,4400.4600,0.0000,0.0000,Pass
R6,2444,328,141.9110,7.6938,75.4619,98.0863,4472.4500,0.0000,0.0000,Pass
R6,2444,329,144.7660,7.7057,81.5199,99.7277,5219.3600,0.0000,0.0000,Pass
R6,2444,330,145.0670,7.7060,82.7059,98.7630,5372.3400,0.0000,0.0000,Pass
R6,2444,331,145.2190,7.7067,83.3957,98.8128,5462.3300,0.0000,0.0000,Pass
R6,2444,332,145.3680,7.7071,85.2303,99.3023,5705.2900,0.0000,0.0000,Pass
R6,2444,333,144.9170,7.7063,81.3088,99.2437,5192.3600,0.0000,0.0000,Pass
R6,2444,334,142.2740,7.6344,76.3675,99.3609,4580.4300,0.0000,0.0000,Pass
R6,2444,335,142.4390,7.6349,76.2924,98.8399,4571.4400,0.0000,0.0000,Pass
R6,2444,336,142.6040,7.6359,76.5922,98.3625,4607.4300,0.0000,0.0000,Pass
R6,2444,337,142.7690,7.6359,77.5584,97.8327,4724.4200,0.0000,0.0000,Pass
R6,2444,338,142.9340,7.6358,79.6718,98.7715,4985.3800,0.0000,0.0000,Pass
R6,2444,339,143.4280,7.6379,82.5673,99.3264,5354.3400,0.0000,0.0000,Pass
R6,2444,340,143.5930,7.6384,82.8444,99.3460,5390.3300,0.0000,0.0000,Pass
R6,2444,341,143.7580,7.6392,83.0515,98.5435,5417.3300,0.0000,0.0000,Pass
R6,2444,342,143.9230,7.6404,83.1894,97.9279,5435.3300,0.0000,0.0000,Pass
R6,2444,343,144.0880,7.6414,82.0103,96.7305,5282.3500,0.0000,0.0000,Pass
R6,2444,344,144.2520,7.6437,82.0103,99.0223,5282.3500,0.0000,0.0000,Pass
R6,2444,345,143.0990,7.6368,81.8005,98.8263,5255.3500,0.0000,0.0000,Pass
R6,2444,346,143.2630,7.6380,82.4979,99.6573,5345.3400,0.0000,0.0000,Pass
R6,2444,347,144.4170,7.6441,81.3088,99.5762,5192.3600,0.0000,0.0000,Pass
R6,2444,348,141.7610,7.5432,74.6221,98.3445,4373.4600,0.0000,0.0000,Pass
R6,2444,349,141.3110,7.5414,75.0050,99.4168,4418.4500,0.0000,0.0000,Pass
R6,2444,350,141.4610,7.5415,74.9286,99.1149,4409.4600,0.0000,0.0000,Pass
R6,2444,351,141.6120,7.5423,74.6221,98.4644,4373.4600,0.0000,0.0000,Pass
R6,2444,352,141.9120,7.5428,75.5378,97.9162,4481.4500,0.0000,0.0000,Pass
R6,2444,353,144.7670,7.5549,85.0284,98.8314,5678.3000,0.0000,0.0000,Pass
R6,2444,354,144.9180,7.5555,85.9665,99.1130,5804.2800,0.0000,0.0000,Pass
R6,2444,355,145.0680,7.5556,88.2032,98.6317,6110.2500,0.0000,0.0000,Pass
R6,2444,356,145.3690,7.5570,90.1307,97.9589,6380.2100,0.0000,0.0000,Pass
R6,2444,357,145.2190,7.5562,88.8503,98.5873,6200.2300,0.0000,0.0000,Pass
R6,2444,358,141.4620,7.3914,75.5378,97.3223,4481.4500,0.0000,0.0000,Pass
R6,2444,359,141.3120,7.3906,75.1576,99.5699,4436.4500,0.0000,0.0000,Pass
R6,2444,360,141.6130,7.3922,75.6136,99.2918,4490.4500,0.0000,0.0000,Pass
R6,2444,361,141.7620,7.3925,75.5378,98.5852,4481.4500,0.0000,0.0000,Pass
R6,2444,362,141.9130,7.3927,76.1421,97.4564,4553.4400,0.0000,0.0000,Pass
R6,2444,363,144.7680,7.4035,89.9398,99.1667,6353.2100,0.0000,0.0000,Pass
R6,2444,364,144.9180,7.4040,92.4525,97.1127,6713.1700,0.0000,0.0000,Pass
R6,2444,365,145.0690,7.4040,94.6570,99.0337,7037.1300,0.0000,0.0000,Pass
R6,2444,366,145.2180,7.4049,96.0986,97.9346,7253.1000,0.0000,0.0000,Pass
R6,2444,367,145.3690,7.4065,96.5150,98.7316,7316.1000,0.0000,0.0000,Pass
R6,2444,368,141.3130,7.2406,74.9286,96.4050,4409.4600,0.0000,0.0000,Pass
R6,2444,369,141.7630,7.2418,75.4619,99.9783,4472.4500,0.0000,0.0000,Pass
R6,2444,370,142.0640,7.2426,76.0668,98.6205,4544.4400,0.0000,0.0000,Pass
R6,2444,371,143.1150,7.2466,83.1205,99.4584,5426.3300,0.0000,0.0000,Pass
R6,2444,372,143.4160,7.2474,82.1499,97.6345,5300.3500,0.0000,0.0000,Pass
R6,2444,373,143.5660,7.2472,83.3270,99.6135,5453.3300,0.0000,0.0000,Pass
R6,2444,374,144.0170,7.2489,87.3548,98.9428,5993.2600,0.0000,0.0000,Pass
R6,2444,375,141.4620,7.2409,75.3099,99.5703,4454.4500,0.0000,0.0000,Pass
R6,2444,376,141.6130,7.2418,75.5378,98.1849,4481.4500,0.0000,0.0000,Pass
R6,2444,377,141.9130,7.2427,75.7650,98.3911,4508.4400,0.0000,0.0000,Pass
R6,2444,378,142.2130,7.2434,76.4424,97.8309,4589.4300,0.0000,0.0000,Pass
R6,2444,379,142.3640,7.2433,78.2936,98.4140,4814.4000,0.0000,0.0000,Pass
R6,2444,380,142.5150,7.2444,81.3792,98.4908,5201.3600,0.0000,0.0000,Pass
R6,2444,381,142.6640,7.2447,82.4979,99.1778,5345.3400,0.0000,0.0000,Pass
R6,2444,382,142.8150,7.2456,82.7752,98.4994,5381.3300,0.0000,0.0000,Pass
R6,2444,383,142.9650,7.2462,83.1205,98.1248,5426.3300,0.0000,0.0000,Pass
R6,2444,384,143.2660,7.2472,82.1499,98.7701,5300.3500,0.0000,0.0000,Pass
R6,2444,385,143.7170,7.2478,83.9435,99.5545,5534.3200,0.0000,0.0000,Pass
R6,2444,386,143.8670,7.2485,86.0331,99.0325,5813.2800,0.0000,0.0000,Pass
R6,2444,387,144.1670,7.2520,88.9792,96.8535,6218.2300,0.0000,0.0000,Pass
R6,2444,388,144.3170,7.2519,90.6377,98.7161,6452.2000,0.0000,0.0000,Pass
R6,2444,389,144.4670,7.2519,93.3774,99.4649,6848.1500,0.0000,0.0000,Pass
R6,2444,390,144.6180,7.2533,95.9793,99.4694,7235.1100,0.0000,0.0000,Pass
R6,2444,391,144.7670,7.2545,97.4013,98.7352,7451.0800,0.0000,0.0000,Pass
R6,2444,392,145.0680,7.2564,97.5188,99.4740,7469.0800,0.0000,0.0000,Pass
R6,2444,393,145.2190,7.2575,96.7521,98.8776,7352.0900,0.0000,0.0000,Pass
R6,2444,394,144.9180,7.2556,97.2247,99.1623,7424.0800,0.0000,0.0000,Pass
R6,2444,395,145.3700,7.2573,95.6205,98.5441,7181.1100,0.0000,0.0000,Pass
R6,2444,396,141.3130,7.0899,75.5378,98.4159,4481.4500,0.0000,0.0000,Pass
R6,2444,397,142.2140,7.0925,78.4398,98.8308,4832.4000,0.0000,0.0000,Pass
R6,2444,398,143.8680,7.0970,92.2665,98.9875,6686.1700,0.0000,0.0000,Pass
R6,2444,399,141.4630,7.0909,76.2173,98.6579,4562.4400,0.0000,0.0000,Pass
R6,2444,400,141.6130,7.0907,76.4424,97.5309,4589.4300,0.0000,0.0000,Pass
R6,2444,401,141.7640,7.0913,75.8405,98.5418,4517.4400,0.0000,0.0000,Pass
R6,2444,402,141.9140,7.0922,75.5378,98.2882,4481.4500,0.0000,0.0000,Pass
R6,2444,403,142.0640,7.0926,75.8405,99.1930,4517.4400,0.0000,0.0000,Pass
R6,2444,404,142.3650,7.0925,82.0103,99.2514,5282.3500,0.0000,0.0000,Pass
R6,2444,405,142.5150,7.0937,82.6366,98.1379,5363.3400,0.0000,0.0000,Pass
R6,2444,406,142.6650,7.0947,82.0103,97.5766,5282.3500,0.0000,0.0000,Pass
R6,2444,407,142.8150,7.0949,81.8705,99.4574,5264.3500,0.0000,0.0000,Pass
R6,2444,408,142.9660,7.0952,81.3088,98.7282,5192.3600,0.0000,0.0000,Pass
R6,2444,409,143.1160,7.0962,81.1677,99.1146,5174.3600,0.0000,0.0000,Pass
R6,2444,410,143.2660,7.0955,82.7059,99.4704,5372.3400,0.0000,0.0000,Pass
R6,2444,411,143.4170,7.0964,84.6232,98.6492,5624.3100,0.0000,0.0000,Pass
R6,2444,412,143.5670,7.0969,87.1578,99.6334,5966.2600,0.0000,0.0000,Pass
R6,2444,413,143.7170,7.0966,89.4928,99.3428,6290.2200,0.0000,0.0000,Pass
R6,2444,414,144.0180,7.0971,96.0986,99.2920,7253.1000,0.0000,0.0000,Pass
R6,2444,415,144.1670,7.1016,95.9793,98.2679,7235.1100,0.0000,0.0000,Pass
R6,2444,416,144.3170,7.1029,95.9196,99.3575,7226.1100,0.0000,0.0000,Pass
R6,2444,417,144.4670,7.1033,95.5605,98.9652,7172.1100,0.0000,0.0000,Pass
R6,2444,418,144.7690,7.1046,93.8059,99.1437,6911.1500,0.0000,0.0000,Pass
R6,2444,419,144.6180,7.1037,95.0797,97.8114,7100.1200,0.0000,0.0000,Pass
R6,2444,420,144.9190,7.1058,93.7448,99.1265,6902.1500,0.0000,0.0000,Pass
R6,2444,421,145.0690,7.1056,92.7619,98.5981,6758.1700,0.0000,0.0000,Pass
R6,2444,422,145.2200,7.1070,92.6383,99.4982,6740.1700,0.0000,0.0000,Pass
R6,2444,423,145.3700,7.1074,91.0791,99.7603,6515.2000,0.0000,0.0000,Pass
R6,2444,424,143.4170,6.9461,90.0671,98.9444,6371.2100,0.0000,0.0000,Pass
R6,2444,425,141.3130,6.9404,75.5378,98.3747,4481.4500,0.0000,0.0000,Pass
R6,2444,426,141.9140,6.9418,75.9915,98.3025,4535.4400,0.0000,0.0000,Pass
R6,2444,427,142.2150,6.9423,81.9404,99.1662,5273.3500,0.0000,0.0000,Pass
R6,2444,428,142.8150,6.9451,81.1677,99.2964,5174.3600,0.0000,0.0000,Pass
R6,2444,429,143.1160,6.9456,84.0799,98.3542,5552.3100,0.0000,0.0000,Pass
R6,2444,430,143.5680,6.9450,93.8669,98.6631,6920.1500,0.0000,0.0000,Pass
R6,2444,431,143.7180,6.9470,98.1046,98.3206,7559.0700,0.0000,0.0000,Pass
R6,2444,432,143.8670,6.9484,99.2079,98.6302,7730.0400,0.0000,0.0000,Pass
R6,2444,433,144.0180,6.9488,97.9292,97.6188,7532.0700,0.0000,0.0000,Pass
R6,2444,434,144.1670,6.9520,95.9196,98.4223,7226.1100,0.0000,0.0000,Pass
R6,2444,435,144.4680,6.9533,92.3285,97.8258,6695.1700,0.0000,0.0000,Pass
R6,2444,436,141.7640,6.9415,76.2173,96.8980,4562.4400,0.0000,0.0000,Pass
R6,2444,437,142.0650,6.9419,78.8042,97.8757,4877.4000,0.0000,0.0000,Pass
R6,2444,438,142.3640,6.9427,82.7059,97.2669,5372.3400,0.0000,0.0000,Pass
R6,2444,439,142.5150,6.9440,83.1894,98.7564,5435.3300,0.0000,0.0000,Pass
R6,2444,440,142.6650,6.9443,82.4979,98.1150,5345.3400,0.0000,0.0000,Pass
R6,2444,441,142.9660,6.9450,82.4284,99.4686,5336.3400,0.0000,0.0000,Pass
R6,2444,442,143.2670,6.9453,87.0262,98.9878,5948.2700,0.0000,0.0000,Pass
R6,2444,443,144.3170,6.9528,93.6837,99.4484,6893.1500,0.0000,0.0000,Pass
R6,2444,444,144.6180,6.9539,91.1420,97.2601,6524.1900,0.0000,0.0000,Pass
R6,2444,445,144.7690,6.9546,89.0436,99.4148,6227.2300,0.0000,0.0000,Pass
R6,2444,446,145.0700,6.9555,87.0262,99.2264,5948.2700,0.0000,0.0000,Pass
R6,2444,447,145.2200,6.9563,86.2991,98.8787,5849.2800,0.0000,0.0000,Pass
R6,2444,448,145.3710,6.9568,85.4988,98.2780,5741.2900,0.0000,0.0000,Pass
R6,2444,449,144.9190,6.9548,88.1382,98.9529,6101.2500,0.0000,0.0000,Pass
R6,2444,450,141.3140,6.7894,76.1421,98.1492,4553.4400,0.0000,0.0000,Pass
R6,2444,451,142.2160,6.7925,82.5673,99.4811,5354.3400,0.0000,0.0000,Pass
R6,2444,452,143.7180,6.7980,97.2836,98.9674,7433.0800,0.0000,0.0000,Pass
R6,2444,453,141.4640,6.7895,76.5922,98.3319,4607.4300,0.0000,0.0000,Pass
R6,2444,454,141.6140,6.7904,76.7416,99.2966,4625.4300,0.0000,0.0000,Pass
R6,2444,455,141.7640,6.7912,76.5173,98.1254,4598.4300,0.0000,0.0000,Pass
R6,2444,456,141.9150,6.7908,78.9494,99.9946,4895.4000,0.0000,0.0000,Pass
R6,2444,457,142.0650,6.7920,81.3792,99.3049,5201.3600,0.0000,0.0000,Pass
R6,2444,458,142.3660,6.7930,82.2893,99.7259,5318.3400,0.0000,0.0000,Pass
R6,2444,459,142.5160,6.7935,82.2893,98.7057,5318.3400,0.0000,0.0000,Pass
R6,2444,460,142.6660,6.7942,82.1499,97.9311,5300.3500,0.0000,0.0000,Pass
R6,2444,461,142.8170,6.7941,83.3270,97.7955,5453.3300,0.0000,0.0000,Pass
R6,2444,462,142.9670,6.7942,86.0331,99.2558,5813.2800,0.0000,0.0000,Pass
R6,2444,463,143.1170,6.7942,89.3006,98.6060,6263.2300,0.0000,0.0000,Pass
R6,2444,464,143.2680,6.7941,92.7619,98.7292,6758.1700,0.0000,0.0000,Pass
R6,2444,465,143.4170,6.7962,96.9887,98.9804,7388.0900,0.0000,0.0000,Pass
R6,2444,466,143.5680,6.7969,97.1068,99.2167,7406.0800,0.0000,0.0000,Pass
R6,2444,467,143.8680,6.7985,96.0390,99.0036,7244.1000,0.0000,0.0000,Pass
R6,2444,468,144.0180,6.7990,95.2002,99.5378,7118.1200,0.0000,0.0000,Pass
R6,2444,469,144.1680,6.8027,91.7684,99.7244,6614.1800,0.0000,0.0000,Pass
R6,2444,470,144.3180,6.8027,90.8902,99.1827,6488.2000,0.0000,0.0000,Pass
R6,2444,471,144.4690,6.8031,88.9148,97.6449,6209.2300,0.0000,0.0000,Pass
R6,2444,472,144.9190,6.8052,83.9435,98.8515,5534.3200,0.0000,0.0000,Pass
R6,2444,473,145.0700,6.8056,82.3589,98.1743,5327.3400,0.0000,0.0000,Pass
R6,2444,474,144.6190,6.8040,86.8945,99.4439,5930.2700,0.0000,0.0000,Pass
R6,2444,475,144.7690,6.8045,84.5555,98.8790,5615.3100,0.0000,0.0000,Pass
R6,2444,476,145.2210,6.8062,81.1677,98.0895,5174.3600,0.0000,0.0000,Pass
R6,2444,477,145.3710,6.8071,80.8141,98.9318,5129.3700,0.0000,0.0000,Pass
R6,2444,478,141.4650,6.6391,77.1882,99.2987,4679.4200,0.0000,0.0000,Pass
R6,2444,479,141.6150,6.6395,77.0397,99.1132,4661.4200,0.0000,0.0000,Pass
R6,2444,480,141.7650,6.6402,78.5858,99.7424,4850.4000,0.0000,0.0000,Pass
R6,2444,481,141.9160,6.6407,82.4284,99.5159,5336.3400,0.0000,0.0000,Pass
R6,2444,482,142.0660,6.6418,82.8444,98.0329,5390.3300,0.0000,0.0000,Pass
R6,2444,483,142.2160,6.6422,82.9825,98.7984,5408.3300,0.0000,0.0000,Pass
R6,2444,484,142.5170,6.6428,82.5673,97.2936,5354.3400,0.0000,0.0000,Pass
R6,2444,485,143.1180,6.6438,97.5188,97.4530,7469.0800,0.0000,0.0000,Pass
R6,2444,486,143.2670,6.6457,98.3378,98.8924,7595.0600,0.0000,0.0000,Pass
R6,2444,487,143.4170,6.6463,96.1582,99.0051,7262.1000,0.0000,0.0000,Pass
R6,2444,488,143.5680,6.6473,93.4387,99.1694,6857.1500,0.0000,0.0000,Pass
R6,2444,489,143.7190,6.6476,92.3906,99.2644,6704.1700,0.0000,0.0000,Pass
R6,2444,490,143.8690,6.6481,89.8761,99.0731,6344.2200,0.0000,0.0000,Pass
R6,2444,491,144.1680,6.6525,86.2327,99.1000,5840.2800,0.0000,0.0000,Pass
R6,2444,492,144.3180,6.6529,83.4644,98.7369,5471.3200,0.0000,0.0000,Pass
R6,2444,493,144.4690,6.6530,81.3792,99.1538,5201.3600,0.0000,0.0000,Pass
R6,2444,494,142.3660,6.6427,82.0801,99.4189,5291.3500,0.0000,0.0000,Pass
R6,2444,495,142.6670,6.6435,84.8936,99.5970,5660.3000,0.0000,0.0000,Pass
R6,2444,496,142.8170,6.6434,87.8779,98.4490,6065.2500,0.0000,0.0000,Pass
R6,2444,497,142.9680,6.6432,91.7684,99.7127,6614.1800,0.0000,0.0000,Pass
R6,2444,498,144.0190,6.6486,88.8503,99.2696,6200.2300,0.0000,0.0000,Pass
R6,2444,499,144.6200,6.6525,80.1735,99.0857,5048.3800,0.0000,0.0000,Pass
R6,2444,500,144.7700,6.6517,82.2196,96.4088,5309.3400,0.0000,0.0000,Pass
R6,2444,501,144.9190,6.6527,80.1735,97.2376,5048.3800,0.0000,0.0000,Pass
R6,2444,502,145.0710,6.6538,77.4846,97.0953,4715.4200,0.0000,0.0000,Pass
R6,2444,503,145.2220,6.6548,78.6586,98.4277,4859.4000,0.0000,0.0000,Pass
R6,2479,1,-12.0123,9.8635,81.0265,99.4396,5156.3600,0.0000,0.0000,Pass
R6,2479,2,-11.7113,9.8642,81.3792,99.7671,5201.3600,0.0000,0.0000,Pass
R6,2479,3,-10.6576,9.8684,80.1735,97.0518,5048.3800,0.0000,0.0000,Pass
R6,2479,4,-13.9668,9.8572,80.8141,98.7217,5129.3700,0.0000,0.0000,Pass
R6,2479,5,-13.8167,9.8581,81.1677,98.7201,5174.3600,0.0000,0.0000,Pass
R6,2479,6,-13.6658,9.8575,80.7431,99.1901,5120.3700,0.0000,0.0000,Pass
R6,2479,7,-13.5157,9.8585,81.6603,98.2625,5237.3500,0.0000,0.0000,Pass
R6,2479,8,-13.3657,9.8591,80.3876,98.9358,5075.3700,0.0000,0.0000,Pass
R6,2479,9,-13.2152,9.8590,80.4588,99.1886,5084.3700,0.0000,0.0000,Pass
R6,2479,10,-13.0648,9.8597,80.0305,98.2203,5030.3800,0.0000,0.0000,Pass
R6,2479,11,-12.9141,9.8611,81.0265,99.2443,5156.3600,0.0000,0.0000,Pass
R6,2479,12,-12.7636,9.8612,81.5199,98.0627,5219.3600,0.0000,0.0000,Pass
R6,2479,13,-12.6143,9.8620,80.0305,97.6847,5030.3800,0.0000,0.0000,Pass
R6,2479,14,-12.4632,9.8621,80.9557,98.0741,5147.3600,0.0000,0.0000,Pass
R6,2479,15,-12.3132,9.8626,80.3163,98.3870,5066.3700,0.0000,0.0000,Pass
R6,2479,16,-12.1633,9.8633,80.6721,98.0535,5111.3700,0.0000,0.0000,Pass
R6,2479,17,-11.8619,9.8640,80.9557,98.9457,5147.3600,0.0000,0.0000,Pass
R6,2479,18,-11.5613,9.8658,80.5300,97.4076,5093.3700,0.0000,0.0000,Pass
R6,2479,19,-11.4108,9.8659,80.6721,97.6132,5111.3700,0.0000,0.0000,Pass
R6,2479,20,-11.2599,9.8662,81.2383,98.4641,5183.3600,0.0000,0.0000,Pass
R6,2479,21,-11.1097,9.8670,81.0971,96.6119,5165.3600,0.0000,0.0000,Pass
R6,2479,22,-10.9594,9.8670,80.9557,99.2049,5147.3600,0.0000,0.0000,Pass
R6,2479,23,-10.8090,9.8671,81.1677,99.3520,5174.3600,0.0000,0.0000,Pass
R6,2479,24,-10.5082,9.8696,80.9557,97.0363,5147.3600,0.0000,0.0000,Pass
R6,2479,25,-10.3568,9.8694,81.6603,98.3972,5237.3500,0.0000,0.0000,Pass
R6,2479,26,-10.2070,9.8699,82.1499,99.0123,5300.3500,0.0000,0.0000,Pass
R6,2479,27,-14.1165,9.7058,80.9557,98.4855,5147.3600,0.0000,0.0000,Pass
R6,2479,28,-13.9662,9.7067,80.8849,98.9580,5138.3700,0.0000,0.0000,Pass
R6,2479,29,-13.8161,9.7074,80.1020,98.3169,5039.3800,0.0000,0.0000,Pass
R6,2479,30,-13.6656,9.7086,80.8849,98.9736,5138.3700,0.0000,0.0000,Pass
R6,2479,31,-13.2152,9.7086,80.3876,98.4695,5075.3700,0.0000,0.0000,Pass
R6,2479,32,-12.4631,9.7118,81.0971,98.8986,5165.3600,0.0000,0.0000,Pass
R6,2479,33,-12.0120,9.7136,80.8141,99.4813,5129.3700,0.0000,0.0000,Pass
R6,2479,34,-11.7110,9.7145,80.2449,97.1901,5057.3800,0.0000,0.0000,Pass
R6,2479,35,-11.5605,9.7149,80.8141,98.6438,5129.3700,0.0000,0.0000,Pass
R6,2479,36,-11.4099,9.7149,81.2383,99.2728,5183.3600,0.0000,0.0000,Pass
R6,2479,37,-10.9588,9.7169,80.8141,97.6043,5129.3700,0.0000,0.0000,Pass
R6,2479,38,-10.8085,9.7177,80.1735,97.0738,5048.3800,0.0000,0.0000,Pass
R6,2479,39,-10.2065,9.7196,81.5901,98.6570,5228.3500,0.0000,0.0000,Pass
R6,2479,40,-13.5155,9.7082,80.3876,98.3241,5075.3700,0.0000,0.0000,Pass
R6,2479,41,-13.3651,9.7086,80.3163,98.6514,5066.3700,0.0000,0.0000,Pass
R6,2479,42,-13.0644,9.7105,80.7431,97.7135,5120.3700,0.0000,0.0000,Pass
R6,2479,43,-12.9139,9.7101,80.2449,96.5315,5057.3800,0.0000,0.0000,Pass
R6,2479,44,-12.7634,9.7113,81.4496,98.9020,5210.3600,0.0000,0.0000,Pass
R6,2479,45,-12.6134,9.7105,81.3792,99.6055,5201.3600,0.0000,0.0000,Pass
R6,2479,46,-12.3126,9.7117,80.7431,98.8206,5120.3700,0.0000,0.0000,Pass
R6,2479,47,-12.1624,9.7137,81.3792,98.4599,5201.3600,0.0000,0.0000,Pass
R6,2479,48,-11.8613,9.7138,80.3163,97.9198,5066.3700,0.0000,0.0000,Pass
R6,2479,49,-11.2604,9.7162,81.0971,97.6053,5165.3600,0.0000,0.0000,Pass
R6,2479,50,-11.1092,9.7168,81.3088,98.7282,5192.3600,0.0000,0.0000,Pass
R6,2479,51,-10.6577,9.7173,81.0971,97.5965,5165.3600,0.0000,0.0000,Pass
R6,2479,52,-10.5071,9.7184,81.5199,98.4040,5219.3600,0.0000,0.0000,Pass
R6,2479,53,-10.3568,9.7195,80.5300,99.6101,5093.3700,0.0000,0.0000,Pass
R6,2479,54,-10.0559,9.7201,81.4496,99.5689,5210.3600,0.0000,0.0000,Pass
R6,2479,55,-14.1160,9.5558,80.9557,99.6529,5147.3600,0.0000,0.0000,Pass
R6,2479,56,-13.9656,9.5558,80.3163,98.6133,5066.3700,0.0000,0.0000,Pass
R6,2479,57,-13.8154,9.5570,80.1735,98.3422,5048.3800,0.0000,0.0000,Pass
R6,2479,58,-13.6650,9.5576,81.0265,98.4202,5156.3600,0.0000,0.0000,Pass
R6,2479,59,-13.5149,9.5581,80.1735,97.4742,5048.3800,0.0000,0.0000,Pass
R6,2479,60,-13.3654,9.5583,80.4588,98.5637,5084.3700,0.0000,0.0000,Pass
R6,2479,61,-13.2143,9.5591,79.8154,98.2164,5003.3800,0.0000,0.0000,Pass
R6,2479,62,-12.9145,9.5604,80.9557,98.1107,5147.3600,0.0000,0.0000,Pass
R6,2479,63,-12.7631,9.5601,80.9557,99.6529,5147.3600,0.0000,0.0000,Pass
R6,2479,64,-12.6137,9.5614,80.5300,98.8821,5093.3700,0.0000,0.0000,Pass
R6,2479,65,-12.1623,9.5623,80.2449,98.8834,5057.3800,0.0000,0.0000,Pass
R6,2479,66,-12.0105,9.5635,80.7431,98.8314,5120.3700,0.0000,0.0000,Pass
R6,2479,67,-11.8616,9.5638,80.6011,97.4495,5102.3700,0.0000,0.0000,Pass
R6,2479,68,-11.7106,9.5646,81.5901,97.6666,5228.3500,0.0000,0.0000,Pass
R6,2479,69,-11.5599,9.5644,80.7431,97.3952,5120.3700,0.0000,0.0000,Pass
R6,2479,70,-11.4101,9.5650,80.6011,98.0164,5102.3700,0.0000,0.0000,Pass
R6,2479,71,-11.2598,9.5658,80.6721,98.5950,5111.3700,0.0000,0.0000,Pass
R6,2479,72,-10.8081,9.5671,80.8141,98.6723,5129.3700,0.0000,0.0000,Pass
R6,2479,73,-10.6571,9.5682,80.7431,97.8883,5120.3700,0.0000,0.0000,Pass
R6,2479,74,-10.5072,9.5691,80.8849,98.8147,5138.3700,0.0000,0.0000,Pass
R6,2479,75,-10.3566,9.5688,81.5199,97.3487,5219.3600,0.0000,0.0000,Pass
R6,2479,76,-10.2057,9.5696,80.8141,98.9834,5129.3700,0.0000,0.0000,Pass
R6,2479,77,-13.0634,9.5598,81.0971,97.2607,5165.3600,0.0000,0.0000,Pass
R6,2479,78,-12.4621,9.5615,80.4588,98.7572,5084.3700,0.0000,0.0000,Pass
R6,2479,79,-12.3124,9.5615,80.7431,98.5237,5120.3700,0.0000,0.0000,Pass
R6,2479,80,-11.1094,9.5662,81.1677,98.7999,5174.3600,0.0000,0.0000,Pass
R6,2479,81,-10.9588,9.5669,80.7431,97.8853,5120.3700,0.0000,0.0000,Pass
R6,2479,82,-10.0556,9.5699,81.7304,98.5222,5246.3500,0.0000,0.0000,Pass
R6,2479,83,-14.1158,9.4059,80.8141,99.8106,5129.3700,0.0000,0.0000,Pass
R6,2479,84,-13.8144,9.4074,80.6011,98.5697,5102.3700,0.0000,0.0000,Pass
R6,2479,85,-11.1080,9.4161,80.7431,99.5403,5120.3700,0.0000,0.0000,Pass
R6,2479,86,-10.2055,9.4195,81.3088,98.0517,5192.3600,0.0000,0.0000,Pass
R6,2479,87,-13.9654,9.4070,80.9557,98.5746,5147.3600,0.0000,0.0000,Pass
R6,2479,88,-13.6649,9.4073,80.5300,98.2007,5093.3700,0.0000,0.0000,Pass
R6,2479,89,-13.5148,9.4082,80.1735,96.0857,5048.3800,0.0000,0.0000,Pass
R6,2479,90,-13.3642,9.4083,80.3876,97.2173,5075.3700,0.0000,0.0000,Pass
R6,2479,91,-13.2135,9.4088,80.7431,99.5675,5120.3700,0.0000,0.0000,Pass
R6,2479,92,-13.0634,9.4087,81.1677,98.9603,5174.3600,0.0000,0.0000,Pass
R6,2479,93,-12.9131,9.4101,80.8141,99.3221,5129.3700,0.0000,0.0000,Pass
R6,2479,94,-12.7632,9.4106,80.6011,98.2137,5102.3700,0.0000,0.0000,Pass
R6,2479,95,-12.6121,9.4109,80.9557,99.6740,5147.3600,0.0000,0.0000,Pass
R6,2479,96,-12.4624,9.4115,80.4588,97.7167,5084.3700,0.0000,0.0000,Pass
R6,2479,97,-12.3116,9.4126,80.5300,98.4284,5093.3700,0.0000,0.0000,Pass
R6,2479,98,-12.1611,9.4127,81.2383,99.3183,5183.3600,0.0000,0.0000,Pass
R6,2479,99,-12.0107,9.4125,80.6721,98.1777,5111.3700,0.0000,0.0000,Pass
R6,2479,100,-11.8604,9.4134,80.7431,97.8983,5120.3700,0.0000,0.0000,Pass
R6,2479,101,-11.7099,9.4140,81.1677,96.9273,5174.3600,0.0000,0.0000,Pass
R6,2479,102,-11.5593,9.4145,80.6721,97.0382,5111.3700,0.0000,0.0000,Pass
R6,2479,103,-11.4097,9.4149,81.0971,98.7884,5165.3600,0.0000,0.0000,Pass
R6,2479,104,-11.2591,9.4155,80.5300,98.6909,5093.3700,0.0000,0.0000,Pass
R6,2479,105,-10.9576,9.4167,80.5300,98.7326,5093.3700,0.0000,0.0000,Pass
R6,2479,106,-10.8071,9.4170,81.3792,96.1149,5201.3600,0.0000,0.0000,Pass
R6,2479,107,-10.6570,9.4178,81.0971,99.5500,5165.3600,0.0000,0.0000,Pass
R6,2479,108,-10.5068,9.4178,80.9557,99.6529,5147.3600,0.0000,0.0000,Pass
R6,2479,109,-10.3552,9.4187,80.6011,98.2574,5102.3700,0.0000,0.0000,Pass
R6,2479,110,-10.0552,9.4195,81.3088,98.0915,5192.3600,0.0000,0.0000,Pass
R6,2479,111,-14.1157,9.2559,80.9557,99.5516,5147.3600,0.0000,0.0000,Pass
R6,2479,112,-13.9649,9.2556,80.5300,97.9410,5093.3700,0.0000,0.0000,Pass
R6,2479,113,-13.8147,9.2566,79.3836,99.2685,4949.3900,0.0000,0.0000,Pass
R6,2479,114,-13.6642,9.2573,80.0305,97.1796,5030.3800,0.0000,0.0000,Pass
R6,2479,115,-13.3638,9.2582,81.0971,98.9186,5165.3600,0.0000,0.0000,Pass
R6,2479,116,-13.2138,9.2582,81.0971,98.9186,5165.3600,0.0000,0.0000,Pass
R6,2479,117,-13.0631,9.2595,81.7304,98.2758,5246.3500,0.0000,0.0000,Pass
R6,2479,118,-12.9128,9.2596,81.3792,99.3659,5201.3600,0.0000,0.0000,Pass
R6,2479,119,-12.6117,9.2608,81.2383,99.5883,5183.3600,0.0000,0.0000,Pass
R6,2479,120,-12.4616,9.2611,81.1677,99.9311,5174.3600,0.0000,0.0000,Pass
R6,2479,121,-12.0105,9.2634,81.1677,98.1204,5174.3600,0.0000,0.0000,Pass
R6,2479,122,-11.8600,9.2630,81.1677,99.2964,5174.3600,0.0000,0.0000,Pass
R6,2479,123,-11.5590,9.2648,81.0971,98.8234,5165.3600,0.0000,0.0000,Pass
R6,2479,124,-11.4088,9.2647,80.9557,98.8368,5147.3600,0.0000,0.0000,Pass
R6,2479,125,-11.2587,9.2648,80.5300,97.2851,5093.3700,0.0000,0.0000,Pass
R6,2479,126,-10.6566,9.2675,80.8141,98.1801,5129.3700,0.0000,0.0000,Pass
R6,2479,127,-10.5062,9.2679,80.5300,98.4311,5093.3700,0.0000,0.0000,Pass
R6,2479,128,-13.5137,9.2578,81.0265,99.4127,5156.3600,0.0000,0.0000,Pass
R6,2479,129,-12.7623,9.2602,80.6011,98.5653,5102.3700,0.0000,0.0000,Pass
R6,2479,130,-12.3115,9.2614,81.0265,98.2600,5156.3600,0.0000,0.0000,Pass
R6,2479,131,-12.1603,9.2624,81.5901,98.3802,5228.3500,0.0000,0.0000,Pass
R6,2479,132,-11.7095,9.2639,81.3792,98.1922,5201.3600,0.0000,0.0000,Pass
R6,2479,133,-11.1081,9.2664,81.0265,98.2898,5156.3600,0.0000,0.0000,Pass
R6,2479,134,-10.9567,9.2664,81.5901,98.2867,5228.3500,0.0000,0.0000,Pass
R6,2479,135,-10.8071,9.2662,81.3088,99.8988,5192.3600,0.0000,0.0000,Pass
R6,2479,136,-10.3551,9.2684,80.1020,97.5960,5039.3800,0.0000,0.0000,Pass
R6,2479,137,-10.2045,9.2683,81.0971,96.9193,5165.3600,0.0000,0.0000,Pass
R6,2479,138,-10.0546,9.2693,81.5901,99.5250,5228.3500,0.0000,0.0000,Pass
R6,2479,139,-13.9652,9.1054,80.4588,98.1426,5084.3700,0.0000,0.0000,Pass
R6,2479,140,-14.1144,9.1051,80.2449,97.5955,5057.3800,0.0000,0.0000,Pass
R6,2479,141,-13.8140,9.1068,79.7436,99.9979,4994.3800,0.0000,0.0000,Pass
R6,2479,142,-13.6642,9.1067,79.9589,98.6748,5021.3800,0.0000,0.0000,Pass
R6,2479,143,-13.5133,9.1073,80.7431,98.7189,5120.3700,0.0000,0.0000,Pass
R6,2479,144,-10.6566,9.1178,80.9557,98.7161,5147.3600,0.0000,0.0000,Pass
R6,2479,145,-10.3547,9.1175,81.5901,98.5864,5228.3500,0.0000,0.0000,Pass
R6,2479,146,-10.0540,9.1193,81.5199,97.2960,5219.3600,0.0000,0.0000,Pass
R6,2479,147,-10.5053,9.1171,80.7431,97.8493,5120.3700,0.0000,0.0000,Pass
R6,2479,148,-10.2043,9.1181,80.9557,97.1633,5147.3600,0.0000,0.0000,Pass
R6,2479,149,-14.1137,8.9558,80.3163,99.3297,5066.3700,0.0000,0.0000,Pass
R6,2479,150,-13.9643,8.9551,80.3876,97.3412,5075.3700,0.0000,0.0000,Pass
R6,2479,151,-13.8136,8.9562,79.5998,97.5633,4976.3900,0.0000,0.0000,Pass
R6,2479,152,-13.6636,8.9569,80.1735,98.1331,5048.3800,0.0000,0.0000,Pass
R6,2479,153,-13.5127,8.9573,80.6011,99.0982,5102.3700,0.0000,0.0000,Pass
R6,2479,154,-10.6552,8.9669,81.3088,99.7047,5192.3600,0.0000,0.0000,Pass
R6,2479,155,-10.5050,8.9672,81.3088,98.2107,5192.3600,0.0000,0.0000,Pass
R6,2479,156,-10.3545,8.9683,80.9557,97.9177,5147.3600,0.0000,0.0000,Pass
R6,2479,157,-10.0535,8.9693,81.4496,98.9266,5210.3600,0.0000,0.0000,Pass
R6,2479,158,-10.2040,8.9691,81.2383,97.2999,5183.3600,0.0000,0.0000,Pass
R6,2479,159,-12.9848,8.8511,80.8849,98.0954,5138.3700,0.0000,0.0000,Pass
R6,2479,160,-11.9950,8.8550,80.9557,98.9102,5147.3600,0.0000,0.0000,Pass
R6,2479,161,-11.4993,8.8562,80.9557,98.7672,5147.3600,0.0000,0.0000,Pass
R6,2479,162,-12.8206,8.8517,79.9589,98.6760,5021.3800,0.0000,0.0000,Pass
R6,2479,163,-12.6555,8.8526,81.0265,98.9768,5156.3600,0.0000,0.0000,Pass
R6,2479,164,-12.4907,8.8533,81.3088,98.4198,5192.3600,0.0000,0.0000,Pass
R6,2479,165,-12.3258,8.8532,81.0971,99.0269,5165.3600,0.0000,0.0000,Pass
R6,2479,166,-12.1601,8.8539,81.2383,98.3873,5183.3600,0.0000,0.0000,Pass
R6,2479,167,-11.8297,8.8554,81.6603,98.3972,5237.3500,0.0000,0.0000,Pass
R6,2479,168,-11.6650,8.8552,80.8141,99.0825,5129.3700,0.0000,0.0000,Pass
R6,2479,169,-11.3349,8.8568,81.3088,98.7282,5192.3600,0.0000,0.0000,Pass
R6,2479,170,-11.1698,8.8570,81.4496,98.6045,5210.3600,0.0000,0.0000,Pass
R6,2479,171,-11.0047,8.8571,81.5199,98.3486,5219.3600,0.0000,0.0000,Pass
R6,2479,172,-14.1145,8.8041,80.2449,98.7199,5057.3800,0.0000,0.0000,Pass
R6,2479,173,-13.9635,8.8051,80.5300,99.7111,5093.3700,0.0000,0.0000,Pass
R6,2479,174,-13.8132,8.8067,80.3163,98.4130,5066.3700,0.0000,0.0000,Pass
R6,2479,175,-13.6628,8.8068,80.6721,98.1831,5111.3700,0.0000,0.0000,Pass
R6,2479,176,-13.5125,8.8065,80.5300,98.4307,5093.3700,0.0000,0.0000,Pass
R6,2479,177,-10.2025,8.8183,81.0971,96.7727,5165.3600,0.0000,0.0000,Pass
R6,2479,178,-10.6547,8.8169,81.0971,98.7936,5165.3600,0.0000,0.0000,Pass
R6,2479,179,-10.5044,8.8175,81.4496,98.1201,5210.3600,0.0000,0.0000,Pass
R6,2479,180,-10.3538,8.8180,80.6011,98.1163,5102.3700,0.0000,0.0000,Pass
R6,2479,181,-10.0533,8.8185,80.9557,97.0417,5147.3600,0.0000,0.0000,Pass
R6,2479,182,-13.1496,8.6860,81.0265,99.0056,5156.3600,0.0000,0.0000,Pass
R6,2479,183,-12.9850,8.6861,81.0265,99.3566,5156.3600,0.0000,0.0000,Pass
R6,2479,184,-12.8200,8.6865,80.9557,98.9395,5147.3600,0.0000,0.0000,Pass
R6,2479,185,-12.6548,8.6872,80.9557,99.6740,5147.3600,0.0000,0.0000,Pass
R6,2479,186,-12.4893,8.6876,80.9557,99.9196,5147.3600,0.0000,0.0000,Pass
R6,2479,187,-12.3245,8.6883,81.3088,99.0909,5192.3600,0.0000,0.0000,Pass
R6,2479,188,-12.1594,8.6884,80.6011,97.6300,5102.3700,0.0000,0.0000,Pass
R6,2479,189,-11.9942,8.6889,80.7431,98.0863,5120.3700,0.0000,0.0000,Pass
R6,2479,190,-11.8294,8.6911,80.8141,98.5061,5129.3700,0.0000,0.0000,Pass
R6,2479,191,-11.6650,8.6908,80.7431,98.6048,5120.3700,0.0000,0.0000,Pass
R6,2479,192,-11.4996,8.6914,80.8849,98.2839,5138.3700,0.0000,0.0000,Pass
R6,2479,193,-11.3344,8.6916,81.0971,98.1645,5165.3600,0.0000,0.0000,Pass
R6,2479,194,-11.0030,8.6926,81.3088,97.6711,5192.3600,0.0000,0.0000,Pass
R6,2479,195,-11.1691,8.6918,80.9557,98.0054,5147.3600,0.0000,0.0000,Pass
R6,2479,196,-14.1135,8.6540,80.1735,99.1921,5048.3800,0.0000,0.0000,Pass
R6,2479,197,-13.9632,8.6560,80.4588,99.5048,5084.3700,0.0000,0.0000,Pass
R6,2479,198,-13.8132,8.6554,80.2449,98.3674,5057.3800,0.0000,0.0000,Pass
R6,2479,199,-13.6627,8.6557,80.6011,99.0168,5102.3700,0.0000,0.0000,Pass
R6,2479,200,-13.5118,8.6573,80.3876,98.6742,5075.3700,0.0000,0.0000,Pass
R6,2479,201,-10.6538,8.6672,81.2383,97.1587,5183.3600,0.0000,0.0000,Pass
R6,2479,202,-10.5039,8.6673,81.0971,98.7080,5165.3600,0.0000,0.0000,Pass
R6,2479,203,-10.3538,8.6671,81.2383,96.6330,5183.3600,0.0000,0.0000,Pass
R6,2479,204,-10.2036,8.6682,81.3088,98.3696,5192.3600,0.0000,0.0000,Pass
R6,2479,205,-10.0522,8.6682,81.7304,98.3000,5246.3500,0.0000,0.0000,Pass
R6,2479,206,-13.1490,8.5207,80.4588,98.7252,5084.3700,0.0000,0.0000,Pass
R6,2479,207,-12.9846,8.5208,81.2383,99.3265,5183.3600,0.0000,0.0000,Pass
R6,2479,208,-12.8196,8.5219,80.9557,99.0163,5147.3600,0.0000,0.0000,Pass
R6,2479,209,-12.3239,8.5239,80.2449,98.3130,5057.3800,0.0000,0.0000,Pass
R6,2479,210,-11.9946,8.5253,81.3088,98.4212,5192.3600,0.0000,0.0000,Pass
R6,2479,211,-11.4989,8.5266,81.1677,98.2458,5174.3600,0.0000,0.0000,Pass
R6,2479,212,-11.3342,8.5265,80.8849,99.6005,5138.3700,0.0000,0.0000,Pass
R6,2479,213,-11.1687,8.5269,80.4588,97.6042,5084.3700,0.0000,0.0000,Pass
R6,2479,214,-12.6550,8.5226,80.4588,98.5124,5084.3700,0.0000,0.0000,Pass
R6,2479,215,-12.4895,8.5234,80.7431,97.7183,5120.3700,0.0000,0.0000,Pass
R6,2479,216,-12.1594,8.5240,80.8849,97.9689,5138.3700,0.0000,0.0000,Pass
R6,2479,217,-11.8281,8.5252,80.9557,97.3672,5147.3600,0.0000,0.0000,Pass
R6,2479,218,-11.6641,8.5254,81.3088,97.0546,5192.3600,0.0000,0.0000,Pass
R6,2479,219,-11.0034,8.5283,81.6603,97.7080,5237.3500,0.0000,0.0000,Pass
R6,2479,220,-14.1132,8.5044,80.7431,99.3119,5120.3700,0.0000,0.0000,Pass
R6,2479,221,-13.9625,8.5057,81.1677,99.1632,5174.3600,0.0000,0.0000,Pass
R6,2479,222,-13.8124,8.5056,80.4588,97.9739,5084.3700,0.0000,0.0000,Pass
R6,2479,223,-13.6613,8.5056,80.8141,97.5761,5129.3700,0.0000,0.0000,Pass
R6,2479,224,-13.5117,8.5067,80.3163,96.8976,5066.3700,0.0000,0.0000,Pass
R6,2479,225,-10.6547,8.5164,81.2383,98.9948,5183.3600,0.0000,0.0000,Pass
R6,2479,226,-10.5033,8.5163,80.5300,97.3357,5093.3700,0.0000,0.0000,Pass
R6,2479,227,-10.3528,8.5171,81.0265,98.7439,5156.3600,0.0000,0.0000,Pass
R6,2479,228,-10.2030,8.5171,81.1677,99.0542,5174.3600,0.0000,0.0000,Pass
R6,2479,229,-10.0514,8.5190,81.5199,98.6117,5219.3600,0.0000,0.0000,Pass
R6,2479,230,-14.1124,8.3546,80.6721,97.5465,5111.3700,0.0000,0.0000,Pass
R6,2479,231,-13.6618,8.3557,80.8849,98.8921,5138.3700,0.0000,0.0000,Pass
R6,2479,232,-13.5112,8.3567,80.0305,98.9308,5030.3800,0.0000,0.0000,Pass
R6,2479,233,-11.8290,8.3609,80.9557,99.5429,5147.3600,0.0000,0.0000,Pass
R6,2479,234,-10.6536,8.3663,81.3088,97.9755,5192.3600,0.0000,0.0000,Pass
R6,2479,235,-10.5033,8.3671,81.1677,99.4861,5174.3600,0.0000,0.0000,Pass
R6,2479,236,-10.3529,8.3669,81.1677,99.5815,5174.3600,0.0000,0.0000,Pass
R6,2479,237,-10.2013,8.3680,81.4496,98.8993,5210.3600,0.0000,0.0000,Pass
R6,2479,238,-10.0513,8.3680,81.7304,97.6251,5246.3500,0.0000,0.0000,Pass
R6,2479,239,-13.1496,8.3557,80.8141,98.4348,5129.3700,0.0000,0.0000,Pass
R6,2479,240,-12.9844,8.3564,80.4588,98.6550,5084.3700,0.0000,0.0000,Pass
R6,2479,241,-12.8194,8.3570,80.7431,99.1701,5120.3700,0.0000,0.0000,Pass
R6,2479,242,-12.6541,8.3579,81.0265,99.4046,5156.3600,0.0000,0.0000,Pass
R6,2479,243,-12.4888,8.3581,81.2383,99.1128,5183.3600,0.0000,0.0000,Pass
R6,2479,244,-12.3236,8.3586,80.8849,97.5475,5138.3700,0.0000,0.0000,Pass
R6,2479,245,-11.9935,8.3594,80.6011,97.2294,5102.3700,0.0000,0.0000,Pass
R6,2479,246,-11.6632,8.3611,80.7431,97.8883,5120.3700,0.0000,0.0000,Pass
R6,2479,247,-11.4981,8.3616,80.8849,98.8667,5138.3700,0.0000,0.0000,Pass
R6,2479,248,-11.3330,8.3620,81.0265,98.5297,5156.3600,0.0000,0.0000,Pass
R6,2479,249,-11.1677,8.3629,80.8141,96.7419,5129.3700,0.0000,0.0000,Pass
R6,2479,250,-11.0021,8.3629,81.4496,98.8535,5210.3600,0.0000,0.0000,Pass
R6,2479,251,-12.1592,8.3598,80.9557,99.3743,5147.3600,0.0000,0.0000,Pass
R6,2479,252,-14.1127,8.2035,81.5199,98.8463,5219.3600,0.0000,0.0000,Pass
R6,2479,253,-13.9621,8.2047,81.0265,99.5816,5156.3600,0.0000,0.0000,Pass
R6,2479,254,-13.8116,8.2055,80.3163,97.7932,5066.3700,0.0000,0.0000,Pass
R6,2479,255,-13.6613,8.2058,80.6721,98.0803,5111.3700,0.0000,0.0000,Pass
R6,2479,256,-13.5105,8.2062,81.1677,98.9757,5174.3600,0.0000,0.0000,Pass
R6,2479,257,-10.6532,8.2153,80.5300,97.2851,5093.3700,0.0000,0.0000,Pass
R6,2479,258,-10.5025,8.2169,81.4496,99.1867,5210.3600,0.0000,0.0000,Pass
R6,2479,259,-10.2016,8.2174,81.5199,98.0254,5219.3600,0.0000,0.0000,Pass
R6,2479,260,-10.3511,8.2167,81.5199,97.6920,5219.3600,0.0000,0.0000,Pass
R6,2479,261,-10.0514,8.2174,81.7304,97.6928,5246.3500,0.0000,0.0000,Pass
R6,2479,262,-13.1486,8.1905,80.6011,99.3835,5102.3700,0.0000,0.0000,Pass
R6,2479,263,-12.8178,8.1929,80.9557,99.2553,5147.3600,0.0000,0.0000,Pass
R6,2479,264,-12.6528,8.1929,81.0971,99.5500,5165.3600,0.0000,0.0000,Pass
R6,2479,265,-12.4878,8.1935,80.7431,97.9163,5120.3700,0.0000,0.0000,Pass
R6,2479,266,-12.3238,8.1933,80.8141,98.7526,5129.3700,0.0000,0.0000,Pass
R6,2479,267,-12.1584,8.1951,79.9589,99.0526,5021.3800,0.0000,0.0000,Pass
R6,2479,268,-11.9932,8.1951,80.7431,99.6852,5120.3700,0.0000,0.0000,Pass
R6,2479,269,-11.6637,8.1961,81.4496,99.3863,5210.3600,0.0000,0.0000,Pass
R6,2479,270,-11.4974,8.1967,81.4496,98.7598,5210.3600,0.0000,0.0000,Pass
R6,2479,271,-11.3321,8.1969,81.0265,99.8894,5156.3600,0.0000,0.0000,Pass
R6,2479,272,-11.1675,8.1978,80.3163,97.5671,5066.3700,0.0000,0.0000,Pass
R6,2479,273,-12.9839,8.1906,81.0971,98.0739,5165.3600,0.0000,0.0000,Pass
R6,2479,274,-11.8278,8.1957,80.8141,99.1444,5129.3700,0.0000,0.0000,Pass
R6,2479,275,-11.0018,8.1979,81.5199,98.3987,5219.3600,0.0000,0.0000,Pass
R6,2479,276,-13.9616,8.0552,80.7431,98.4083,5120.3700,0.0000,0.0000,Pass
R6,2479,277,-13.8100,8.0554,81.1677,98.5733,5174.3600,0.0000,0.0000,Pass
R6,2479,278,-14.1120,8.0544,81.0265,99.1682,5156.3600,0.0000,0.0000,Pass
R6,2479,279,-13.6608,8.0549,80.7431,98.0333,5120.3700,0.0000,0.0000,Pass
R6,2479,280,-13.5096,8.0565,81.2383,98.8911,5183.3600,0.0000,0.0000,Pass
R6,2479,281,-10.6519,8.0656,81.0971,98.5470,5165.3600,0.0000,0.0000,Pass
R6,2479,282,-10.5018,8.0663,81.0971,97.7971,5165.3600,0.0000,0.0000,Pass
R6,2479,283,-10.3516,8.0665,80.6721,98.1820,5111.3700,0.0000,0.0000,Pass
R6,2479,284,-10.2018,8.0670,81.0971,99.7471,5165.3600,0.0000,0.0000,Pass
R6,2479,285,-10.0507,8.0680,81.6603,99.0300,5237.3500,0.0000,0.0000,Pass
R6,2479,286,-12.6524,8.0282,81.3088,97.8465,5192.3600,0.0000,0.0000,Pass
R6,2479,287,-11.9922,8.0301,80.7431,99.2049,5120.3700,0.0000,0.0000,Pass
R6,2479,288,-11.6622,8.0307,80.4588,98.6068,5084.3700,0.0000,0.0000,Pass
R6,2479,289,-13.1475,8.0260,81.5199,98.5903,5219.3600,0.0000,0.0000,Pass
R6,2479,290,-12.9832,8.0268,80.4588,98.9273,5084.3700,0.0000,0.0000,Pass
R6,2479,291,-12.8179,8.0265,80.0305,99.6363,5030.3800,0.0000,0.0000,Pass
R6,2479,292,-12.4881,8.0280,80.8141,98.4772,5129.3700,0.0000,0.0000,Pass
R6,2479,293,-12.3220,8.0287,80.8849,99.2263,5138.3700,0.0000,0.0000,Pass
R6,2479,294,-12.1576,8.0294,80.8849,98.2055,5138.3700,0.0000,0.0000,Pass
R6,2479,295,-11.8277,8.0306,80.8849,97.6610,5138.3700,0.0000,0.0000,Pass
R6,2479,296,-11.4971,8.0323,81.0265,97.6888,5156.3600,0.0000,0.0000,Pass
R6,2479,297,-11.3317,8.0326,80.4588,97.7208,5084.3700,0.0000,0.0000,Pass
R6,2479,298,-11.1668,8.0332,81.2383,98.5945,5183.3600,0.0000,0.0000,Pass
R6,2479,299,-11.0022,8.0344,81.5901,97.1668,5228.3500,0.0000,0.0000,Pass
R6,2479,300,-14.1112,7.9034,81.3088,97.6009,5192.3600,0.0000,0.0000,Pass
R6,2479,301,-13.9604,7.9040,80.8141,98.4891,5129.3700,0.0000,0.0000,Pass
R6,2479,302,-13.8105,7.9047,80.7431,98.2000,5120.3700,0.0000,0.0000,Pass
R6,2479,303,-13.6599,7.9056,80.8141,98.5061,5129.3700,0.0000,0.0000,Pass
R6,2479,304,-13.5096,7.9058,81.5199,99.7067,5219.3600,0.0000,0.0000,Pass
R6,2479,305,-10.6514,7.9160,81.2383,99.5158,5183.3600,0.0000,0.0000,Pass
R6,2479,306,-10.5015,7.9158,80.6721,97.7330,5111.3700,0.0000,0.0000,Pass
R6,2479,307,-10.3510,7.9164,81.4496,99.5511,5210.3600,0.0000,0.0000,Pass
R6,2479,308,-10.2008,7.9176,81.5199,98.7473,5219.3600,0.0000,0.0000,Pass
R6,2479,309,-10.0507,7.9180,81.3088,98.0183,5192.3600,0.0000,0.0000,Pass
R6,2479,310,-13.1470,7.8613,81.2383,99.5883,5183.3600,0.0000,0.0000,Pass
R6,2479,311,-12.9822,7.8614,81.3088,98.2052,5192.3600,0.0000,0.0000,Pass
R6,2479,312,-12.8169,7.8623,81.1677,99.8243,5174.3600,0.0000,0.0000,Pass
R6,2479,313,-12.6523,7.8630,81.5199,99.0035,5219.3600,0.0000,0.0000,Pass
R6,2479,314,-12.4868,7.8637,81.1677,99.6161,5174.3600,0.0000,0.0000,Pass
R6,2479,315,-12.3218,7.8640,81.0265,99.2542,5156.3600,0.0000,0.0000,Pass
R6,2479,316,-11.9919,7.8651,81.0971,98.9616,5165.3600,0.0000,0.0000,Pass
R6,2479,317,-11.8261,7.8659,80.5300,99.5121,5093.3700,0.0000,0.0000,Pass
R6,2479,318,-11.6616,7.8669,80.9557,97.5732,5147.3600,0.0000,0.0000,Pass
R6,2479,319,-11.4969,7.8671,80.8849,99.2005,5138.3700,0.0000,0.0000,Pass
R6,2479,320,-11.3319,7.8676,80.5300,97.1768,5093.3700,0.0000,0.0000,Pass
R6,2479,321,-11.1665,7.8685,81.1677,98.9815,5174.3600,0.0000,0.0000,Pass
R6,2479,322,-11.0020,7.8688,80.9557,96.8087,5147.3600,0.0000,0.0000,Pass
R6,2479,323,-12.1571,7.8649,80.8849,99.5534,5138.3700,0.0000,0.0000,Pass
R6,2479,324,-14.1104,7.7540,81.2383,98.6055,5183.3600,0.0000,0.0000,Pass
R6,2479,325,-13.9603,7.7541,81.1677,99.3218,5174.3600,0.0000,0.0000,Pass
R6,2479,326,-13.8096,7.7548,81.5199,98.4590,5219.3600,0.0000,0.0000,Pass
R6,2479,327,-13.6592,7.7550,81.3792,99.0849,5201.3600,0.0000,0.0000,Pass
R6,2479,328,-13.5097,7.7558,81.2383,98.9256,5183.3600,0.0000,0.0000,Pass
R6,2479,329,-10.6512,7.7657,80.8849,98.5734,5138.3700,0.0000,0.0000,Pass
R6,2479,330,-10.3507,7.7658,80.6011,97.3313,5102.3700,0.0000,0.0000,Pass
R6,2479,331,-10.1997,7.7671,81.2383,98.7580,5183.3600,0.0000,0.0000,Pass
R6,2479,332,-10.0499,7.7670,81.7304,98.5622,5246.3500,0.0000,0.0000,Pass
R6,2479,333,-10.5011,7.7654,80.6721,97.1348,5111.3700,0.0000,0.0000,Pass
R6,2479,334,-13.1467,7.6959,80.9557,99.2553,5147.3600,0.0000,0.0000,Pass
R6,2479,335,-12.9818,7.6971,81.0265,99.6924,5156.3600,0.0000,0.0000,Pass
R6,2479,336,-12.8170,7.6972,81.0971,99.5500,5165.3600,0.0000,0.0000,Pass
R6,2479,337,-12.6517,7.6983,80.8141,97.3161,5129.3700,0.0000,0.0000,Pass
R6,2479,338,-12.4867,7.6987,81.3792,99.6043,5201.3600,0.0000,0.0000,Pass
R6,2479,339,-11.9912,7.7011,81.0265,99.3762,5156.3600,0.0000,0.0000,Pass
R6,2479,340,-11.8257,7.7011,81.5901,99.0934,5228.3500,0.0000,0.0000,Pass
R6,2479,341,-11.6611,7.7011,81.0971,99.5744,5165.3600,0.0000,0.0000,Pass
R6,2479,342,-11.4964,7.7023,80.0305,98.3246,5030.3800,0.0000,0.0000,Pass
R6,2479,343,-11.3310,7.7032,81.5199,98.0957,5219.3600,0.0000,0.0000,Pass
R6,2479,344,-11.1657,7.7040,81.5901,97.5892,5228.3500,0.0000,0.0000,Pass
R6,2479,345,-12.3218,7.6991,81.1677,99.2996,5174.3600,0.0000,0.0000,Pass
R6,2479,346,-12.1567,7.7000,81.0265,98.6536,5156.3600,0.0000,0.0000,Pass
R6,2479,347,-11.0000,7.7029,80.7431,97.7893,5120.3700,0.0000,0.0000,Pass
R6,2479,348,-13.6593,7.6047,80.8141,98.3492,5129.3700,0.0000,0.0000,Pass
R6,2479,349,-14.1098,7.6039,80.9557,98.2921,5147.3600,0.0000,0.0000,Pass
R6,2479,350,-13.9598,7.6033,81.3792,99.7826,5201.3600,0.0000,0.0000,Pass
R6,2479,351,-13.8093,7.6045,81.3088,98.9566,5192.3600,0.0000,0.0000,Pass
R6,2479,352,-13.5082,7.6052,81.0971,99.5438,5165.3600,0.0000,0.0000,Pass
R6,2479,353,-10.6512,7.6150,80.6721,98.8080,5111.3700,0.0000,0.0000,Pass
R6,2479,354,-10.5006,7.6155,80.6011,98.0397,5102.3700,0.0000,0.0000,Pass
R6,2479,355,-10.3503,7.6169,80.9557,99.6922,5147.3600,0.0000,0.0000,Pass
R6,2479,356,-10.0488,7.6173,81.3792,99.3089,5201.3600,0.0000,0.0000,Pass
R6,2479,357,-10.1997,7.6171,80.6721,97.1348,5111.3700,0.0000,0.0000,Pass
R6,2479,358,-13.9597,7.4538,81.5199,98.9826,5219.3600,0.0000,0.0000,Pass
R6,2479,359,-14.1098,7.4536,81.8005,98.2069,5255.3500,0.0000,0.0000,Pass
R6,2479,360,-13.8093,7.4544,81.7304,98.2877,5246.3500,0.0000,0.0000,Pass
R6,2479,361,-13.6589,7.4548,81.5199,97.4928,5219.3600,0.0000,0.0000,Pass
R6,2479,362,-13.5084,7.4549,81.6603,99.3004,5237.3500,0.0000,0.0000,Pass
R6,2479,363,-10.6507,7.4649,80.9557,97.9464,5147.3600,0.0000,0.0000,Pass
R6,2479,364,-10.5005,7.4652,80.9557,98.1184,5147.3600,0.0000,0.0000,Pass
R6,2479,365,-10.3498,7.4658,81.0265,98.5940,5156.3600,0.0000,0.0000,Pass
R6,2479,366,-10.1990,7.4664,81.2383,98.6933,5183.3600,0.0000,0.0000,Pass
R6,2479,367,-10.0483,7.4673,81.8705,98.4845,5264.3500,0.0000,0.0000,Pass
R6,2479,368,-14.1086,7.3026,81.5901,98.3610,5228.3500,0.0000,0.0000,Pass
R6,2479,369,-13.6585,7.3039,81.0265,98.3557,5156.3600,0.0000,0.0000,Pass
R6,2479,370,-13.3572,7.3063,80.6011,97.0324,5102.3700,0.0000,0.0000,Pass
R6,2479,371,-12.3047,7.3095,80.5300,98.0127,5093.3700,0.0000,0.0000,Pass
R6,2479,372,-12.0043,7.3098,80.3876,98.8726,5075.3700,0.0000,0.0000,Pass
R6,2479,373,-11.8535,7.3104,80.4588,98.5628,5084.3700,0.0000,0.0000,Pass
R6,2479,374,-11.4015,7.3116,81.5901,97.8105,5228.3500,0.0000,0.0000,Pass
R6,2479,375,-13.9586,7.3029,81.3792,98.2168,5201.3600,0.0000,0.0000,Pass
R6,2479,376,-13.8085,7.3040,80.8141,97.7175,5129.3700,0.0000,0.0000,Pass
R6,2479,377,-13.5079,7.3049,81.5901,99.4043,5228.3500,0.0000,0.0000,Pass
R6,2479,378,-13.2072,7.3057,80.7431,98.2000,5120.3700,0.0000,0.0000,Pass
R6,2479,379,-13.0565,7.3061,81.5901,98.7626,5228.3500,0.0000,0.0000,Pass
R6,2479,380,-12.9070,7.3069,80.7431,98.8017,5120.3700,0.0000,0.0000,Pass
R6,2479,381,-12.7567,7.3072,80.8849,99.2135,5138.3700,0.0000,0.0000,Pass
R6,2479,382,-12.6053,7.3082,81.0265,99.5953,5156.3600,0.0000,0.0000,Pass
R6,2479,383,-12.4550,7.3089,80.6011,98.7826,5102.3700,0.0000,0.0000,Pass
R6,2479,384,-12.1540,7.3094,80.6721,97.1348,5111.3700,0.0000,0.0000,Pass
R6,2479,385,-11.7032,7.3113,80.3876,98.2442,5075.3700,0.0000,0.0000,Pass
R6,2479,386,-11.5529,7.3117,80.0305,98.6035,5030.3800,0.0000,0.0000,Pass
R6,2479,387,-11.2525,7.3125,79.7436,99.6399,4994.3800,0.0000,0.0000,Pass
R6,2479,388,-11.1013,7.3126,80.1735,97.8647,5048.3800,0.0000,0.0000,Pass
R6,2479,389,-10.9505,7.3132,80.8141,99.5608,5129.3700,0.0000,0.0000,Pass
R6,2479,390,-10.8004,7.3143,80.8141,98.6467,5129.3700,0.0000,0.0000,Pass
R6,2479,391,-10.6504,7.3143,81.2383,99.4370,5183.3600,0.0000,0.0000,Pass
R6,2479,392,-10.3502,7.3162,80.9557,99.4132,5147.3600,0.0000,0.0000,Pass
R6,2479,393,-10.1984,7.3164,81.0971,99.7201,5165.3600,0.0000,0.0000,Pass
R6,2479,394,-10.4999,7.3148,80.7431,97.8561,5120.3700,0.0000,0.0000,Pass
R6,2479,395,-10.0482,7.3168,82.3589,98.9026,5327.3400,0.0000,0.0000,Pass
R6,2479,396,-14.1085,7.1521,81.3088,99.3602,5192.3600,0.0000,0.0000,Pass
R6,2479,397,-13.2063,7.1555,80.9557,98.8095,5147.3600,0.0000,0.0000,Pass
R6,2479,398,-11.5522,7.1612,80.6011,98.4703,5102.3700,0.0000,0.0000,Pass
R6,2479,399,-13.9584,7.1540,81.2383,95.6261,5183.3600,0.0000,0.0000,Pass
R6,2479,400,-13.8086,7.1536,82.0103,98.6687,5282.3500,0.0000,0.0000,Pass
R6,2479,401,-13.6574,7.1549,81.3792,98.0977,5201.3600,0.0000,0.0000,Pass
R6,2479,402,-13.5077,7.1551,81.1677,99.2964,5174.3600,0.0000,0.0000,Pass
R6,2479,403,-13.3570,7.1558,81.4496,99.2703,5210.3600,0.0000,0.0000,Pass
R6,2479,404,-13.0564,7.1558,80.9557,99.5960,5147.3600,0.0000,0.0000,Pass
R6,2479,405,-12.9062,7.1574,80.4588,98.2223,5084.3700,0.0000,0.0000,Pass
R6,2479,406,-12.7557,7.1574,81.0971,99.3041,5165.3600,0.0000,0.0000,Pass
R6,2479,407,-12.6052,7.1579,81.1677,99.8408,5174.3600,0.0000,0.0000,Pass
R6,2479,408,-12.4551,7.1580,80.7431,97.8853,5120.3700,0.0000,0.0000,Pass
R6,2479,409,-12.3046,7.1585,81.0971,99.9249,5165.3600,0.0000,0.0000,Pass
R6,2479,410,-12.1538,7.1601,80.8141,98.8094,5129.3700,0.0000,0.0000,Pass
R6,2479,411,-12.0032,7.1595,80.3876,98.9447,5075.3700,0.0000,0.0000,Pass
R6,2479,412,-11.8533,7.1607,80.6011,98.4747,5102.3700,0.0000,0.0000,Pass
R6,2479,413,-11.7026,7.1609,80.4588,98.0274,5084.3700,0.0000,0.0000,Pass
R6,2479,414,-11.4024,7.1616,80.1735,98.6037,5048.3800,0.0000,0.0000,Pass
R6,2479,415,-11.2512,7.1621,80.6721,99.2112,5111.3700,0.0000,0.0000,Pass
R6,2479,416,-11.1012,7.1630,80.5300,97.1457,5093.3700,0.0000,0.0000,Pass
R6,2479,417,-10.9506,7.1630,80.9557,98.9647,5147.3600,0.0000,0.0000,Pass
R6,2479,418,-10.6502,7.1643,80.7431,99.6214,5120.3700,0.0000,0.0000,Pass
R6,2479,419,-10.8003,7.1641,81.0265,98.9449,5156.3600,0.0000,0.0000,Pass
R6,2479,420,-10.4987,7.1647,80.6011,99.4076,5102.3700,0.0000,0.0000,Pass
R6,2479,421,-10.3486,7.1649,80.9557,98.6401,5147.3600,0.0000,0.0000,Pass
R6,2479,422,-10.1982,7.1661,81.3088,98.6658,5192.3600,0.0000,0.0000,Pass
R6,2479,423,-10.0471,7.1665,82.4284,97.5295,5336.3400,0.0000,0.0000,Pass
R6,2479,424,-12.0027,7.0101,80.4588,97.9260,5084.3700,0.0000,0.0000,Pass
R6,2479,425,-14.1085,7.0030,82.4979,98.1591,5345.3400,0.0000,0.0000,Pass
R6,2479,426,-13.5071,7.0045,81.0265,98.6734,5156.3600,0.0000,0.0000,Pass
R6,2479,427,-13.2059,7.0051,81.0971,98.9616,5165.3600,0.0000,0.0000,Pass
R6,2479,428,-12.6046,7.0077,81.2383,98.7256,5183.3600,0.0000,0.0000,Pass
R6,2479,429,-12.3043,7.0085,80.5300,97.7050,5093.3700,0.0000,0.0000,Pass
R6,2479,430,-11.8528,7.0095,80.1020,98.3000,5039.3800,0.0000,0.0000,Pass
R6,2479,431,-11.7017,7.0106,80.5300,98.3130,5093.3700,0.0000,0.0000,Pass
R6,2479,432,-11.5518,7.0115,80.7431,98.9217,5120.3700,0.0000,0.0000,Pass
R6,2479,433,-11.4018,7.0115,80.8141,99.0791,5129.3700,0.0000,0.0000,Pass
R6,2479,434,-11.2519,7.0124,80.1020,98.9952,5039.3800,0.0000,0.0000,Pass
R6,2479,435,-10.9502,7.0138,80.8141,99.0714,5129.3700,0.0000,0.0000,Pass
R6,2479,436,-13.6569,7.0041,81.3088,99.3876,5192.3600,0.0000,0.0000,Pass
R6,2479,437,-13.3574,7.0052,81.1677,98.9924,5174.3600,0.0000,0.0000,Pass
R6,2479,438,-13.0559,7.0061,80.9557,97.4978,5147.3600,0.0000,0.0000,Pass
R6,2479,439,-12.9058,7.0060,80.6721,98.5374,5111.3700,0.0000,0.0000,Pass
R6,2479,440,-12.7545,7.0068,80.6721,97.2081,5111.3700,0.0000,0.0000,Pass
R6,2479,441,-12.4547,7.0083,81.0971,99.7002,5165.3600,0.0000,0.0000,Pass
R6,2479,442,-12.1537,7.0089,80.8141,98.9815,5129.3700,0.0000,0.0000,Pass
R6,2479,443,-11.1009,7.0130,80.9557,98.4316,5147.3600,0.0000,0.0000,Pass
R6,2479,444,-10.7987,7.0134,80.7431,98.1291,5120.3700,0.0000,0.0000,Pass
R6,2479,445,-10.6497,7.0138,81.0971,99.0770,5165.3600,0.0000,0.0000,Pass
R6,2479,446,-10.3482,7.0159,81.3088,98.2523,5192.3600,0.0000,0.0000,Pass
R6,2479,447,-10.1978,7.0159,80.7431,97.2881,5120.3700,0.0000,0.0000,Pass
R6,2479,448,-10.0474,7.0167,82.1499,97.6345,5300.3500,0.0000,0.0000,Pass
R6,2479,449,-10.4985,7.0147,81.5901,99.8192,5228.3500,0.0000,0.0000,Pass
R6,2479,450,-14.1074,6.8525,81.5901,98.6570,5228.3500,0.0000,0.0000,Pass
R6,2479,451,-13.2058,6.8553,81.1677,99.3520,5174.3600,0.0000,0.0000,Pass
R6,2479,452,-11.7016,6.8608,81.1677,99.7280,5174.3600,0.0000,0.0000,Pass
R6,2479,453,-13.9575,6.8525,81.7304,99.2239,5246.3500,0.0000,0.0000,Pass
R6,2479,454,-13.8071,6.8541,81.3088,99.2082,5192.3600,0.0000,0.0000,Pass
R6,2479,455,-13.6569,6.8543,81.1677,99.6524,5174.3600,0.0000,0.0000,Pass
R6,2479,456,-13.5063,6.8546,81.5901,97.8105,5228.3500,0.0000,0.0000,Pass
R6,2479,457,-13.3562,6.8549,81.3792,98.3660,5201.3600,0.0000,0.0000,Pass
R6,2479,458,-13.0554,6.8554,81.5199,99.1058,5219.3600,0.0000,0.0000,Pass
R6,2479,459,-12.9048,6.8554,81.0971,98.6036,5165.3600,0.0000,0.0000,Pass
R6,2479,460,-12.7543,6.8564,80.9557,98.3820,5147.3600,0.0000,0.0000,Pass
R6,2479,461,-12.6044,6.8572,80.9557,97.9957,5147.3600,0.0000,0.0000,Pass
R6,2479,462,-12.4537,6.8583,81.0971,97.7874,5165.3600,0.0000,0.0000,Pass
R6,2479,463,-12.3038,6.8589,80.8849,99.3299,5138.3700,0.0000,0.0000,Pass
R6,2479,464,-12.1532,6.8585,81.3088,98.7428,5192.3600,0.0000,0.0000,Pass
R6,2479,465,-12.0031,6.8592,80.9557,99.3357,5147.3600,0.0000,0.0000,Pass
R6,2479,466,-11.8520,6.8608,80.6011,99.1589,5102.3700,0.0000,0.0000,Pass
R6,2479,467,-11.5514,6.8611,80.3876,98.9251,5075.3700,0.0000,0.0000,Pass
R6,2479,468,-11.4018,6.8611,81.2383,99.5863,5183.3600,0.0000,0.0000,Pass
R6,2479,469,-11.2503,6.8619,80.6721,96.5667,5111.3700,0.0000,0.0000,Pass
R6,2479,470,-11.1005,6.8629,80.7431,98.0978,5120.3700,0.0000,0.0000,Pass
R6,2479,471,-10.9503,6.8627,80.7431,97.9079,5120.3700,0.0000,0.0000,Pass
R6,2479,472,-10.4977,6.8652,80.7431,97.7444,5120.3700,0.0000,0.0000,Pass
R6,2479,473,-10.3475,6.8649,81.3088,97.8087,5192.3600,0.0000,0.0000,Pass
R6,2479,474,-10.7988,6.8637,80.6011,98.4556,5102.3700,0.0000,0.0000,Pass
R6,2479,475,-10.6484,6.8647,80.8141,98.4539,5129.3700,0.0000,0.0000,Pass
R6,2479,476,-10.1973,6.8655,82.0801,99.3461,5291.3500,0.0000,0.0000,Pass
R6,2479,477,-10.0464,6.8670,82.0801,97.9766,5291.3500,0.0000,0.0000,Pass
R6,2479,478,-13.9572,6.7031,82.3589,97.3186,5327.3400,0.0000,0.0000,Pass
R6,2479,479,-13.8068,6.7037,81.0971,99.2655,5165.3600,0.0000,0.0000,Pass
R6,2479,480,-13.6566,6.7042,81.8005,98.4531,5255.3500,0.0000,0.0000,Pass
R6,2479,481,-13.5062,6.7042,81.7304,98.5172,5246.3500,0.0000,0.0000,Pass
R6,2479,482,-13.3554,6.7041,82.2893,98.9540,5318.3400,0.0000,0.0000,Pass
R6,2479,483,-13.2050,6.7054,82.2196,97.9316,5309.3400,0.0000,0.0000,Pass
R6,2479,484,-12.9043,6.7061,81.4496,99.1604,5210.3600,0.0000,0.0000,Pass
R6,2479,485,-12.3027,6.7079,81.5901,97.3425,5228.3500,0.0000,0.0000,Pass
R6,2479,486,-12.1523,6.7084,81.0265,97.8636,5156.3600,0.0000,0.0000,Pass
R6,2479,487,-12.0020,6.7095,80.7431,98.2723,5120.3700,0.0000,0.0000,Pass
R6,2479,488,-11.8512,6.7090,81.2383,98.9050,5183.3600,0.0000,0.0000,Pass
R6,2479,489,-11.7015,6.7108,81.7304,98.7271,5246.3500,0.0000,0.0000,Pass
R6,2479,490,-11.5505,6.7108,80.7431,97.9350,5120.3700,0.0000,0.0000,Pass
R6,2479,491,-11.2502,6.7116,81.4496,99.4619,5210.3600,0.0000,0.0000,Pass
R6,2479,492,-11.1001,6.7118,81.3088,98.7803,5192.3600,0.0000,0.0000,Pass
R6,2479,493,-10.9489,6.7124,81.2383,98.2112,5183.3600,0.0000,0.0000,Pass
R6,2479,494,-13.0541,6.7055,81.9404,98.2512,5273.3500,0.0000,0.0000,Pass
R6,2479,495,-12.7540,6.7071,81.4496,98.7244,5210.3600,0.0000,0.0000,Pass
R6,2479,496,-12.6035,6.7080,81.5199,98.3789,5219.3600,0.0000,0.0000,Pass
R6,2479,497,-12.4545,6.7077,81.1677,99.5981,5174.3600,0.0000,0.0000,Pass
R6,2479,498,-11.4009,6.7112,82.0801,99.6641,5291.3500,0.0000,0.0000,Pass
R6,2479,499,-10.7990,6.7135,81.6603,98.5886,5237.3500,0.0000,0.0000,Pass
R6,2479,500,-10.6480,6.7147,81.6603,98.6969,5237.3500,0.0000,0.0000,Pass
R6,2479,501,-10.4979,6.7142,82.2196,99.2972,5309.3400,0.0000,0.0000,Pass
R6,2479,502,-10.3472,6.7154,81.2383,96.5093,5183.3600,0.0000,0.0000,Pass
R6,2479,503,-10.1963,6.7150,82.2196,95.7829,5309.3400,0.0000,0.0000,Pass
R6,2639,1,-144.5750,2.0939,78.8768,99.4333,4886.4000,0.0000,0.0000,Pass
R6,2639,2,-144.2750,2.0950,79.4557,99.9987,4958.3900,0.0000,0.0000,Pass
R6,2639,3,-143.2230,2.1005,78.9494,97.9700,4895.4000,0.0000,0.0000,Pass
R6,2639,4,-146.5290,2.0886,80.1020,97.3884,5039.3800,0.0000,0.0000,Pass
R6,2639,5,-146.3790,2.0888,79.7436,97.9374,4994.3800,0.0000,0.0000,Pass
R6,2639,6,-146.2290,2.0896,79.8872,97.5971,5012.3800,0.0000,0.0000,Pass
R6,2639,7,-146.0790,2.0895,79.9589,97.2733,5021.3800,0.0000,0.0000,Pass
R6,2639,8,-145.9290,2.0896,79.5998,98.4352,4976.3900,0.0000,0.0000,Pass
R6,2639,9,-145.7780,2.0910,79.2391,98.5981,4931.3900,0.0000,0.0000,Pass
R6,2639,10,-145.6280,2.0914,79.2391,99.3734,4931.3900,0.0000,0.0000,Pass
R6,2639,11,-145.4770,2.0919,79.5998,99.3505,4976.3900,0.0000,0.0000,Pass
R6,2639,12,-145.3270,2.0917,79.3836,97.8330,4949.3900,0.0000,0.0000,Pass
R6,2639,13,-145.1770,2.0924,79.3836,97.6988,4949.3900,0.0000,0.0000,Pass
R6,2639,14,-145.0260,2.0931,79.0944,99.2886,4913.3900,0.0000,0.0000,Pass
R6,2639,15,-144.8760,2.0934,79.0219,98.9216,4904.3900,0.0000,0.0000,Pass
R6,2639,16,-144.7260,2.0937,78.9494,98.5931,4895.4000,0.0000,0.0000,Pass
R6,2639,17,-144.4250,2.0946,79.4557,98.3846,4958.3900,0.0000,0.0000,Pass
R6,2639,18,-144.1240,2.0955,78.6586,99.4441,4859.4000,0.0000,0.0000,Pass
R6,2639,19,-143.9740,2.0981,77.9269,98.2933,4769.4100,0.0000,0.0000,Pass
R6,2639,20,-143.8240,2.0987,78.4398,98.6317,4832.4000,0.0000,0.0000,Pass
R6,2639,21,-143.6740,2.0993,78.3668,97.7419,4823.4000,0.0000,0.0000,Pass
R6,2639,22,-143.5230,2.0996,78.6586,99.2632,4859.4000,0.0000,0.0000,Pass
R6,2639,23,-143.3730,2.0998,78.9494,99.2938,4895.4000,0.0000,0.0000,Pass
R6,2639,24,-143.0720,2.1003,78.5858,99.3383,4850.4000,0.0000,0.0000,Pass
R6,2639,25,-142.9210,2.1016,78.0738,99.0165,4787.4100,0.0000,0.0000,Pass
R6,2639,26,-142.7710,2.1017,79.3114,97.1085,4940.3900,0.0000,0.0000,Pass
R6,2639,27,-146.6790,1.9374,80.2449,97.8844,5057.3800,0.0000,0.0000,Pass
R6,2639,28,-146.5290,1.9380,79.4557,98.9139,4958.3900,0.0000,0.0000,Pass
R6,2639,29,-146.3790,1.9386,80.3163,97.9756,5066.3700,0.0000,0.0000,Pass
R6,2639,30,-146.2280,1.9393,80.4588,97.4265,5084.3700,0.0000,0.0000,Pass
R6,2639,31,-145.7780,1.9403,80.1735,97.5109,5048.3800,0.0000,0.0000,Pass
R6,2639,32,-145.0260,1.9429,79.4557,98.2753,4958.3900,0.0000,0.0000,Pass
R6,2639,33,-144.5750,1.9443,79.0219,99.3038,4904.3900,0.0000,0.0000,Pass
R6,2639,34,-144.2740,1.9452,79.0944,98.3948,4913.3900,0.0000,0.0000,Pass
R6,2639,35,-144.1230,1.9457,78.3668,98.0596,4823.4000,0.0000,0.0000,Pass
R6,2639,36,-143.9730,1.9489,78.2204,97.1243,4805.4100,0.0000,0.0000,Pass
R6,2639,37,-143.5230,1.9500,78.2936,98.7989,4814.4000,0.0000,0.0000,Pass
R6,2639,38,-143.3730,1.9500,78.0004,98.1849,4778.4100,0.0000,0.0000,Pass
R6,2639,39,-142.7710,1.9519,78.0738,98.4598,4787.4100,0.0000,0.0000,Pass
R6,2639,40,-146.0780,1.9396,79.8872,98.2196,5012.3800,0.0000,0.0000,Pass
R6,2639,41,-145.9280,1.9397,80.7431,99.1227,5120.3700,0.0000,0.0000,Pass
R6,2639,42,-145.6270,1.9405,79.3114,98.2996,4940.3900,0.0000,0.0000,Pass
R6,2639,43,-145.4770,1.9408,79.5998,99.4014,4976.3900,0.0000,0.0000,Pass
R6,2639,44,-145.3260,1.9414,79.8154,97.6904,5003.3800,0.0000,0.0000,Pass
R6,2639,45,-145.1760,1.9419,79.8872,98.4691,5012.3800,0.0000,0.0000,Pass
R6,2639,46,-144.8760,1.9433,79.3114,98.9222,4940.3900,0.0000,0.0000,Pass
R6,2639,47,-144.7260,1.9434,79.1668,99.6231,4922.3900,0.0000,0.0000,Pass
R6,2639,48,-144.4240,1.9441,78.7314,98.6163,4868.4000,0.0000,0.0000,Pass
R6,2639,49,-143.8240,1.9490,78.5858,99.4215,4850.4000,0.0000,0.0000,Pass
R6,2639,50,-143.6730,1.9495,78.5858,99.6354,4850.4000,0.0000,0.0000,Pass
R6,2639,51,-143.2220,1.9511,77.8534,98.5830,4760.4100,0.0000,0.0000,Pass
R6,2639,52,-143.0720,1.9515,78.1471,99.4355,4796.4100,0.0000,0.0000,Pass
R6,2639,53,-142.9220,1.9520,77.4106,97.4320,4706.4200,0.0000,0.0000,Pass
R6,2639,54,-142.6210,1.9526,77.9269,99.3902,4769.4100,0.0000,0.0000,Pass
R6,2639,55,-146.6790,1.7873,79.8872,98.3353,5012.3800,0.0000,0.0000,Pass
R6,2639,56,-146.5280,1.7871,79.5998,97.5633,4976.3900,0.0000,0.0000,Pass
R6,2639,57,-146.3780,1.7871,79.5278,97.4679,4967.3900,0.0000,0.0000,Pass
R6,2639,58,-146.2280,1.7887,79.7436,99.9888,4994.3800,0.0000,0.0000,Pass
R6,2639,59,-146.0770,1.7887,79.7436,99.7521,4994.3800,0.0000,0.0000,Pass
R6,2639,60,-145.9270,1.7891,79.3836,98.2776,4949.3900,0.0000,0.0000,Pass
R6,2639,61,-145.7770,1.7892,79.0944,97.1292,4913.3900,0.0000,0.0000,Pass
R6,2639,62,-145.4760,1.7906,79.5998,97.8777,4976.3900,0.0000,0.0000,Pass
R6,2639,63,-145.3260,1.7907,79.0944,98.6139,4913.3900,0.0000,0.0000,Pass
R6,2639,64,-145.1760,1.7914,80.1020,97.9625,5039.3800,0.0000,0.0000,Pass
R6,2639,65,-144.7250,1.7927,79.4557,99.2251,4958.3900,0.0000,0.0000,Pass
R6,2639,66,-144.5740,1.7934,79.4557,97.6719,4958.3900,0.0000,0.0000,Pass
R6,2639,67,-144.4240,1.7938,79.3836,98.7213,4949.3900,0.0000,0.0000,Pass
R6,2639,68,-144.2730,1.7941,78.9494,99.2241,4895.4000,0.0000,0.0000,Pass
R6,2639,69,-144.1220,1.7947,78.9494,97.8594,4895.4000,0.0000,0.0000,Pass
R6,2639,70,-143.9730,1.7975,78.3668,95.7177,4823.4000,0.0000,0.0000,Pass
R6,2639,71,-143.8230,1.7988,78.5128,99.5914,4841.4000,0.0000,0.0000,Pass
R6,2639,72,-143.3720,1.7994,78.0738,96.6439,4787.4100,0.0000,0.0000,Pass
R6,2639,73,-143.2210,1.7999,78.0738,98.7420,4787.4100,0.0000,0.0000,Pass
R6,2639,74,-143.0710,1.7997,78.1471,99.6092,4796.4100,0.0000,0.0000,Pass
R6,2639,75,-142.9210,1.8001,78.0738,99.2466,4787.4100,0.0000,0.0000,Pass
R6,2639,76,-142.7700,1.8015,79.3114,97.3638,4940.3900,0.0000,0.0000,Pass
R6,2639,77,-145.6260,1.7898,79.5998,98.5330,4976.3900,0.0000,0.0000,Pass
R6,2639,78,-145.0250,1.7917,79.5998,98.8986,4976.3900,0.0000,0.0000,Pass
R6,2639,79,-144.8750,1.7921,79.7436,99.3518,4994.3800,0.0000,0.0000,Pass
R6,2639,80,-143.6730,1.7989,78.5858,99.0863,4850.4000,0.0000,0.0000,Pass
R6,2639,81,-143.5230,1.7993,78.5858,98.8859,4850.4000,0.0000,0.0000,Pass
R6,2639,82,-142.6200,1.8021,78.2936,98.4861,4814.4000,0.0000,0.0000,Pass
R6,2639,83,-146.6780,1.6376,79.8154,98.0569,5003.3800,0.0000,0.0000,Pass
R6,2639,84,-146.3770,1.6377,79.5998,99.2843,4976.3900,0.0000,0.0000,Pass
R6,2639,85,-143.6730,1.6482,78.7314,97.4763,4868.4000,0.0000,0.0000,Pass
R6,2639,86,-142.7700,1.6513,77.7060,99.4671,4742.4100,0.0000,0.0000,Pass
R6,2639,87,-146.5280,1.6372,80.1735,98.3769,5048.3800,0.0000,0.0000,Pass
R6,2639,88,-146.2270,1.6378,79.8154,98.8649,5003.3800,0.0000,0.0000,Pass
R6,2639,89,-146.0770,1.6389,79.5998,97.9936,4976.3900,0.0000,0.0000,Pass
R6,2639,90,-145.9270,1.6390,79.5278,97.7611,4967.3900,0.0000,0.0000,Pass
R6,2639,91,-145.7770,1.6398,78.8042,98.0431,4877.4000,0.0000,0.0000,Pass
R6,2639,92,-145.6260,1.6402,79.2391,98.9093,4931.3900,0.0000,0.0000,Pass
R6,2639,93,-145.4760,1.6403,79.0944,99.2886,4913.3900,0.0000,0.0000,Pass
R6,2639,94,-145.3260,1.6406,79.2391,98.7712,4931.3900,0.0000,0.0000,Pass
R6,2639,95,-145.1750,1.6415,79.3836,98.7176,4949.3900,0.0000,0.0000,Pass
R6,2639,96,-145.0250,1.6412,78.6586,98.4757,4859.4000,0.0000,0.0000,Pass
R6,2639,97,-144.8740,1.6417,80.0305,98.5359,5030.3800,0.0000,0.0000,Pass
R6,2639,98,-144.7240,1.6426,78.8768,99.1033,4886.4000,0.0000,0.0000,Pass
R6,2639,99,-144.5740,1.6426,78.7314,98.9735,4868.4000,0.0000,0.0000,Pass
R6,2639,100,-144.4230,1.6433,78.7314,99.1267,4868.4000,0.0000,0.0000,Pass
R6,2639,101,-144.2740,1.6436,78.8042,98.7385,4877.4000,0.0000,0.0000,Pass
R6,2639,102,-144.1230,1.6443,78.7314,99.1539,4868.4000,0.0000,0.0000,Pass
R6,2639,103,-143.9730,1.6472,78.5858,96.7599,4850.4000,0.0000,0.0000,Pass
R6,2639,104,-143.8220,1.6477,78.6586,97.3457,4859.4000,0.0000,0.0000,Pass
R6,2639,105,-143.5220,1.6483,79.0219,97.5353,4904.3900,0.0000,0.0000,Pass
R6,2639,106,-143.3720,1.6491,77.8534,98.7364,4760.4100,0.0000,0.0000,Pass
R6,2639,107,-143.2220,1.6496,77.4106,97.6862,4706.4200,0.0000,0.0000,Pass
R6,2639,108,-143.0710,1.6498,77.6323,98.2063,4733.4200,0.0000,0.0000,Pass
R6,2639,109,-142.9200,1.6506,77.9269,99.5835,4769.4100,0.0000,0.0000,Pass
R6,2639,110,-142.6200,1.6516,78.2204,98.1516,4805.4100,0.0000,0.0000,Pass
R6,2639,111,-146.6780,1.4864,80.3876,97.8785,5075.3700,0.0000,0.0000,Pass
R6,2639,112,-146.5280,1.4868,80.2449,97.4392,5057.3800,0.0000,0.0000,Pass
R6,2639,113,-146.3770,1.4873,79.6718,99.0266,4985.3800,0.0000,0.0000,Pass
R6,2639,114,-146.2270,1.4879,79.3836,99.0720,4949.3900,0.0000,0.0000,Pass
R6,2639,115,-145.9260,1.4884,80.3163,97.7932,5066.3700,0.0000,0.0000,Pass
R6,2639,116,-145.7760,1.4891,80.1735,97.9276,5048.3800,0.0000,0.0000,Pass
R6,2639,117,-145.6260,1.4896,79.7436,97.5618,4994.3800,0.0000,0.0000,Pass
R6,2639,118,-145.4750,1.4903,80.1735,97.7729,5048.3800,0.0000,0.0000,Pass
R6,2639,119,-145.1750,1.4910,80.3163,99.5039,5066.3700,0.0000,0.0000,Pass
R6,2639,120,-145.0250,1.4916,80.1020,99.2851,5039.3800,0.0000,0.0000,Pass
R6,2639,121,-144.5730,1.4930,79.2391,98.6683,4931.3900,0.0000,0.0000,Pass
R6,2639,122,-144.4230,1.4933,79.1668,98.5066,4922.3900,0.0000,0.0000,Pass
R6,2639,123,-144.1220,1.4940,79.5278,98.6477,4967.3900,0.0000,0.0000,Pass
R6,2639,124,-143.9720,1.4968,78.7314,97.4076,4868.4000,0.0000,0.0000,Pass
R6,2639,125,-143.8230,1.4977,78.8768,98.5701,4886.4000,0.0000,0.0000,Pass
R6,2639,126,-143.2210,1.4996,78.2936,97.1454,4814.4000,0.0000,0.0000,Pass
R6,2639,127,-143.0700,1.4996,78.3668,99.3122,4823.4000,0.0000,0.0000,Pass
R6,2639,128,-146.0760,1.4877,79.2391,99.9824,4931.3900,0.0000,0.0000,Pass
R6,2639,129,-145.3260,1.4907,79.5278,99.5602,4967.3900,0.0000,0.0000,Pass
R6,2639,130,-144.8740,1.4915,80.3876,98.1172,5075.3700,0.0000,0.0000,Pass
R6,2639,131,-144.7230,1.4925,80.0305,99.0560,5030.3800,0.0000,0.0000,Pass
R6,2639,132,-144.2730,1.4940,79.3836,99.1886,4949.3900,0.0000,0.0000,Pass
R6,2639,133,-143.6720,1.4979,79.2391,98.2525,4931.3900,0.0000,0.0000,Pass
R6,2639,134,-143.5220,1.4982,78.8042,97.7085,4877.4000,0.0000,0.0000,Pass
R6,2639,135,-143.3710,1.4992,77.8534,97.2152,4760.4100,0.0000,0.0000,Pass
R6,2639,136,-142.9200,1.4999,78.0738,98.0145,4787.4100,0.0000,0.0000,Pass
R6,2639,137,-142.7700,1.5004,77.7797,98.8708,4751.4100,0.0000,0.0000,Pass
R6,2639,138,-142.6190,1.5016,77.7797,97.6999,4751.4100,0.0000,0.0000,Pass
R6,2639,139,-146.5270,1.3360,79.8154,99.4580,5003.3800,0.0000,0.0000,Pass
R6,2639,140,-146.6770,1.3354,80.2449,98.0847,5057.3800,0.0000,0.0000,Pass
R6,2639,141,-146.3760,1.3364,78.8768,97.2832,4886.4000,0.0000,0.0000,Pass
R6,2639,142,-146.2260,1.3371,79.3836,99.2685,4949.3900,0.0000,0.0000,Pass
R6,2639,143,-146.0760,1.3375,79.5278,99.0635,4967.3900,0.0000,0.0000,Pass
R6,2639,144,-143.2200,1.3489,78.5128,99.5914,4841.4000,0.0000,0.0000,Pass
R6,2639,145,-142.9200,1.3498,78.2936,98.4895,4814.4000,0.0000,0.0000,Pass
R6,2639,146,-142.6190,1.3507,78.6586,97.0747,4859.4000,0.0000,0.0000,Pass
R6,2639,147,-143.0700,1.3494,78.5128,99.3767,4841.4000,0.0000,0.0000,Pass
R6,2639,148,-142.7690,1.3505,78.2204,99.0556,4805.4100,0.0000,0.0000,Pass
R6,2639,149,-146.6760,1.1854,79.9589,99.2119,5021.3800,0.0000,0.0000,Pass
R6,2639,150,-146.5270,1.1863,79.8154,99.7068,5003.3800,0.0000,0.0000,Pass
R6,2639,151,-146.3760,1.1866,79.5278,99.3222,4967.3900,0.0000,0.0000,Pass
R6,2639,152,-146.2260,1.1870,79.4557,98.9370,4958.3900,0.0000,0.0000,Pass
R6,2639,153,-146.0760,1.1873,79.5278,99.1480,4967.3900,0.0000,0.0000,Pass
R6,2639,154,-143.2200,1.1989,78.5128,99.0586,4841.4000,0.0000,0.0000,Pass
R6,2639,155,-143.0700,1.1989,78.0738,97.8701,4787.4100,0.0000,0.0000,Pass
R6,2639,156,-142.9200,1.1997,78.3668,99.2266,4823.4000,0.0000,0.0000,Pass
R6,2639,157,-142.6180,1.1998,78.5128,98.8800,4841.4000,0.0000,0.0000,Pass
R6,2639,158,-142.7690,1.1999,78.1471,98.5150,4796.4100,0.0000,0.0000,Pass
R6,2639,159,-145.5480,1.0805,80.0305,97.8891,5030.3800,0.0000,0.0000,Pass
R6,2639,160,-144.5580,1.0839,79.8872,98.0631,5012.3800,0.0000,0.0000,Pass
R6,2639,161,-144.0630,1.0855,79.2391,98.9093,4931.3900,0.0000,0.0000,Pass
R6,2639,162,-145.3830,1.0811,79.5998,96.4148,4976.3900,0.0000,0.0000,Pass
R6,2639,163,-145.2180,1.0817,79.8872,98.9340,5012.3800,0.0000,0.0000,Pass
R6,2639,164,-145.0530,1.0822,79.4557,99.2972,4958.3900,0.0000,0.0000,Pass
R6,2639,165,-144.8870,1.0828,79.5998,99.2783,4976.3900,0.0000,0.0000,Pass
R6,2639,166,-144.7230,1.0831,78.8042,99.4900,4877.4000,0.0000,0.0000,Pass
R6,2639,167,-144.3930,1.0844,79.4557,98.1750,4958.3900,0.0000,0.0000,Pass
R6,2639,168,-144.2280,1.0852,79.0944,99.2886,4913.3900,0.0000,0.0000,Pass
R6,2639,169,-143.8980,1.0884,79.3836,98.5003,4949.3900,0.0000,0.0000,Pass
R6,2639,170,-143.7340,1.0886,78.8768,99.0786,4886.4000,0.0000,0.0000,Pass
R6,2639,171,-143.5690,1.0895,79.5278,97.6703,4967.3900,0.0000,0.0000,Pass
R6,2639,172,-146.6760,1.0350,80.0305,98.6833,5030.3800,0.0000,0.0000,Pass
R6,2639,173,-146.5260,1.0357,80.4588,97.7208,5084.3700,0.0000,0.0000,Pass
R6,2639,174,-146.3750,1.0358,80.0305,98.6239,5030.3800,0.0000,0.0000,Pass
R6,2639,175,-146.2250,1.0362,80.4588,98.2042,5084.3700,0.0000,0.0000,Pass
R6,2639,176,-146.0750,1.0367,80.2449,98.2160,5057.3800,0.0000,0.0000,Pass
R6,2639,177,-142.7680,1.0496,78.3668,98.0284,4823.4000,0.0000,0.0000,Pass
R6,2639,178,-143.2200,1.0488,78.2936,97.9120,4814.4000,0.0000,0.0000,Pass
R6,2639,179,-143.0690,1.0490,78.2936,97.6412,4814.4000,0.0000,0.0000,Pass
R6,2639,180,-142.9190,1.0496,78.5858,98.0649,4850.4000,0.0000,0.0000,Pass
R6,2639,181,-142.6180,1.0503,78.2936,98.3727,4814.4000,0.0000,0.0000,Pass
R6,2639,182,-145.7120,0.9157,80.0305,97.4375,5030.3800,0.0000,0.0000,Pass
R6,2639,183,-145.5480,0.9165,79.5998,97.0752,4976.3900,0.0000,0.0000,Pass
R6,2639,184,-145.3830,0.9167,79.4557,98.0401,4958.3900,0.0000,0.0000,Pass
R6,2639,185,-145.2180,0.9174,79.3836,99.2685,4949.3900,0.0000,0.0000,Pass
R6,2639,186,-145.0530,0.9173,79.0944,98.2919,4913.3900,0.0000,0.0000,Pass
R6,2639,187,-144.8880,0.9178,79.4557,98.8758,4958.3900,0.0000,0.0000,Pass
R6,2639,188,-144.7230,0.9187,79.7436,97.9967,4994.3800,0.0000,0.0000,Pass
R6,2639,189,-144.5580,0.9187,79.0944,98.4968,4913.3900,0.0000,0.0000,Pass
R6,2639,190,-144.3930,0.9196,79.8154,97.9345,5003.3800,0.0000,0.0000,Pass
R6,2639,191,-144.2270,0.9205,79.3836,99.1815,4949.3900,0.0000,0.0000,Pass
R6,2639,192,-144.0630,0.9207,79.3114,98.9495,4940.3900,0.0000,0.0000,Pass
R6,2639,193,-143.8980,0.9239,79.0944,99.9417,4913.3900,0.0000,0.0000,Pass
R6,2639,194,-143.5680,0.9240,79.3836,99.2819,4949.3900,0.0000,0.0000,Pass
R6,2639,195,-143.7330,0.9237,79.0944,99.3825,4913.3900,0.0000,0.0000,Pass
R6,2639,196,-146.6760,0.8848,79.5998,99.2843,4976.3900,0.0000,0.0000,Pass
R6,2639,197,-146.5260,0.8853,79.6718,98.5994,4985.3800,0.0000,0.0000,Pass
R6,2639,198,-146.3750,0.8858,79.3836,97.7691,4949.3900,0.0000,0.0000,Pass
R6,2639,199,-146.2250,0.8864,79.5278,97.9194,4967.3900,0.0000,0.0000,Pass
R6,2639,200,-146.0750,0.8868,79.6718,98.2341,4985.3800,0.0000,0.0000,Pass
R6,2639,201,-143.2190,0.8976,79.3114,99.9440,4940.3900,0.0000,0.0000,Pass
R6,2639,202,-143.0680,0.8985,78.8768,97.6424,4886.4000,0.0000,0.0000,Pass
R6,2639,203,-142.9180,0.8987,78.4398,98.3381,4832.4000,0.0000,0.0000,Pass
R6,2639,204,-142.7680,0.8993,78.8768,99.0374,4886.4000,0.0000,0.0000,Pass
R6,2639,205,-142.6170,0.9000,78.5858,99.8144,4850.4000,0.0000,0.0000,Pass
R6,2639,206,-145.7120,0.7506,80.0305,99.3429,5030.3800,0.0000,0.0000,Pass
R6,2639,207,-145.5470,0.7506,80.1735,99.4174,5048.3800,0.0000,0.0000,Pass
R6,2639,208,-145.3820,0.7511,80.1735,99.8324,5048.3800,0.0000,0.0000,Pass
R6,2639,209,-144.8870,0.7527,80.3163,98.6217,5066.3700,0.0000,0.0000,Pass
R6,2639,210,-144.5570,0.7540,80.1020,97.6159,5039.3800,0.0000,0.0000,Pass
R6,2639,211,-144.0610,0.7556,79.8872,98.3779,5012.3800,0.0000,0.0000,Pass
R6,2639,212,-143.8980,0.7586,79.3836,98.5003,4949.3900,0.0000,0.0000,Pass
R6,2639,213,-143.7330,0.7589,79.6718,98.7157,4985.3800,0.0000,0.0000,Pass
R6,2639,214,-145.2160,0.7514,80.5300,98.0653,5093.3700,0.0000,0.0000,Pass
R6,2639,215,-145.0520,0.7522,80.4588,98.8506,5084.3700,0.0000,0.0000,Pass
R6,2639,216,-144.7220,0.7537,80.2449,99.8663,5057.3800,0.0000,0.0000,Pass
R6,2639,217,-144.3920,0.7540,80.1020,99.6434,5039.3800,0.0000,0.0000,Pass
R6,2639,218,-144.2280,0.7549,79.5998,98.7329,4976.3900,0.0000,0.0000,Pass
R6,2639,219,-143.5670,0.7598,79.7436,99.9888,4994.3800,0.0000,0.0000,Pass
R6,2639,220,-146.6760,0.7345,79.6718,98.0521,4985.3800,0.0000,0.0000,Pass
R6,2639,221,-146.5250,0.7345,81.0265,98.7265,5156.3600,0.0000,0.0000,Pass
R6,2639,222,-146.3750,0.7352,80.8849,99.3458,5138.3700,0.0000,0.0000,Pass
R6,2639,223,-146.2250,0.7357,80.3163,98.8235,5066.3700,0.0000,0.0000,Pass
R6,2639,224,-146.0740,0.7359,80.8849,99.3008,5138.3700,0.0000,0.0000,Pass
R6,2639,225,-143.2180,0.7470,78.3668,98.1859,4823.4000,0.0000,0.0000,Pass
R6,2639,226,-143.0680,0.7475,77.9269,97.2093,4769.4100,0.0000,0.0000,Pass
R6,2639,227,-142.9170,0.7481,78.4398,98.3021,4832.4000,0.0000,0.0000,Pass
R6,2639,228,-142.7670,0.7495,78.5858,99.6354,4850.4000,0.0000,0.0000,Pass
R6,2639,229,-142.6170,0.7495,78.8768,99.1026,4886.4000,0.0000,0.0000,Pass
R6,2639,230,-146.6750,0.5843,80.1020,98.5276,5039.3800,0.0000,0.0000,Pass
R6,2639,231,-146.2240,0.5858,79.3836,97.7691,4949.3900,0.0000,0.0000,Pass
R6,2639,232,-146.0730,0.5859,80.1020,98.0832,5039.3800,0.0000,0.0000,Pass
R6,2639,233,-144.3910,0.5887,80.4588,97.9097,5084.3700,0.0000,0.0000,Pass
R6,2639,234,-143.2180,0.5975,78.6586,97.2050,4859.4000,0.0000,0.0000,Pass
R6,2639,235,-143.0680,0.5978,79.0219,97.3566,4904.3900,0.0000,0.0000,Pass
R6,2639,236,-142.9170,0.5985,79.5998,97.3239,4976.3900,0.0000,0.0000,Pass
R6,2639,237,-142.7670,0.5988,79.1668,97.4437,4922.3900,0.0000,0.0000,Pass
R6,2639,238,-142.6170,0.5994,79.0219,99.1296,4904.3900,0.0000,0.0000,Pass
R6,2639,239,-145.7120,0.5851,79.6718,98.1724,4985.3800,0.0000,0.0000,Pass
R6,2639,240,-145.5460,0.5850,79.5278,97.1239,4967.3900,0.0000,0.0000,Pass
R6,2639,241,-145.3820,0.5863,80.0305,98.7830,5030.3800,0.0000,0.0000,Pass
R6,2639,242,-145.2170,0.5862,79.7436,99.7309,4994.3800,0.0000,0.0000,Pass
R6,2639,243,-145.0520,0.5864,80.2449,98.8325,5057.3800,0.0000,0.0000,Pass
R6,2639,244,-144.8870,0.5873,79.8154,97.6957,5003.3800,0.0000,0.0000,Pass
R6,2639,245,-144.5560,0.5880,80.0305,99.4419,5030.3800,0.0000,0.0000,Pass
R6,2639,246,-144.2260,0.5891,79.9589,98.4449,5021.3800,0.0000,0.0000,Pass
R6,2639,247,-144.0610,0.5901,79.5998,98.4989,4976.3900,0.0000,0.0000,Pass
R6,2639,248,-143.8970,0.5933,80.1735,99.6013,5048.3800,0.0000,0.0000,Pass
R6,2639,249,-143.7320,0.5937,79.9589,97.2360,5021.3800,0.0000,0.0000,Pass
R6,2639,250,-143.5670,0.5944,80.3163,97.7199,5066.3700,0.0000,0.0000,Pass
R6,2639,251,-144.7210,0.5873,80.4588,98.4271,5084.3700,0.0000,0.0000,Pass
R6,2639,252,-146.6740,0.4329,80.8141,99.0675,5129.3700,0.0000,0.0000,Pass
R6,2639,253,-146.5240,0.4341,80.1020,98.5199,5039.3800,0.0000,0.0000,Pass
R6,2639,254,-146.3740,0.4344,79.5998,99.1152,4976.3900,0.0000,0.0000,Pass
R6,2639,255,-146.2230,0.4352,80.1735,98.9788,5048.3800,0.0000,0.0000,Pass
R6,2639,256,-146.0730,0.4359,80.6011,97.4495,5102.3700,0.0000,0.0000,Pass
R6,2639,257,-143.2170,0.4465,78.6586,100.0000,4859.4000,0.0000,0.0000,Pass
R6,2639,258,-143.0670,0.4469,78.8042,98.9793,4877.4000,0.0000,0.0000,Pass
R6,2639,259,-142.7660,0.4481,79.7436,99.3172,4994.3800,0.0000,0.0000,Pass
R6,2639,260,-142.9170,0.4471,78.9494,98.1491,4895.4000,0.0000,0.0000,Pass
R6,2639,261,-142.6160,0.4486,78.8042,99.6598,4877.4000,0.0000,0.0000,Pass
R6,2639,262,-145.7110,0.4200,81.0971,98.2489,5165.3600,0.0000,0.0000,Pass
R6,2639,263,-145.3800,0.4213,80.3876,98.1058,5075.3700,0.0000,0.0000,Pass
R6,2639,264,-145.2150,0.4215,80.3876,98.2300,5075.3700,0.0000,0.0000,Pass
R6,2639,265,-145.0510,0.4225,79.5998,98.3022,4976.3900,0.0000,0.0000,Pass
R6,2639,266,-144.8860,0.4233,80.2449,98.7717,5057.3800,0.0000,0.0000,Pass
R6,2639,267,-144.7210,0.4231,79.6718,98.4551,4985.3800,0.0000,0.0000,Pass
R6,2639,268,-144.5560,0.4236,79.9589,99.1833,5021.3800,0.0000,0.0000,Pass
R6,2639,269,-144.2260,0.4251,79.4557,99.2419,4958.3900,0.0000,0.0000,Pass
R6,2639,270,-144.0600,0.4256,79.4557,99.1096,4958.3900,0.0000,0.0000,Pass
R6,2639,271,-143.8970,0.4286,80.1735,97.9276,5048.3800,0.0000,0.0000,Pass
R6,2639,272,-143.7310,0.4285,79.9589,98.0846,5021.3800,0.0000,0.0000,Pass
R6,2639,273,-145.5460,0.4204,80.3163,98.5591,5066.3700,0.0000,0.0000,Pass
R6,2639,274,-144.3910,0.4245,80.1020,98.7171,5039.3800,0.0000,0.0000,Pass
R6,2639,275,-143.5670,0.4290,79.2391,98.6572,4931.3900,0.0000,0.0000,Pass
R6,2639,276,-146.5240,0.2837,80.4588,99.5482,5084.3700,0.0000,0.0000,Pass
R6,2639,277,-146.3730,0.2838,79.3836,98.3401,4949.3900,0.0000,0.0000,Pass
R6,2639,278,-146.6740,0.2833,80.0305,98.8881,5030.3800,0.0000,0.0000,Pass
R6,2639,279,-146.2230,0.2846,79.3836,99.2857,4949.3900,0.0000,0.0000,Pass
R6,2639,280,-146.0730,0.2849,79.8872,99.0284,5012.3800,0.0000,0.0000,Pass
R6,2639,281,-143.2170,0.2967,78.8042,99.2650,4877.4000,0.0000,0.0000,Pass
R6,2639,282,-143.0670,0.2966,78.8042,98.2748,4877.4000,0.0000,0.0000,Pass
R6,2639,283,-142.9160,0.2979,79.3114,99.9949,4940.3900,0.0000,0.0000,Pass
R6,2639,284,-142.7660,0.2977,78.8042,97.0305,4877.4000,0.0000,0.0000,Pass
R6,2639,285,-142.6150,0.2983,79.3114,98.2011,4940.3900,0.0000,0.0000,Pass
R6,2639,286,-145.2160,0.2561,80.9557,98.9236,5147.3600,0.0000,0.0000,Pass
R6,2639,287,-144.5550,0.2587,80.1020,97.0612,5039.3800,0.0000,0.0000,Pass
R6,2639,288,-144.2250,0.2601,80.3163,98.2549,5066.3700,0.0000,0.0000,Pass
R6,2639,289,-145.7100,0.2547,79.6718,99.2915,4985.3800,0.0000,0.0000,Pass
R6,2639,290,-145.5450,0.2548,79.8154,99.2116,5003.3800,0.0000,0.0000,Pass
R6,2639,291,-145.3800,0.2552,80.0305,98.8450,5030.3800,0.0000,0.0000,Pass
R6,2639,292,-145.0510,0.2569,80.3163,99.9296,5066.3700,0.0000,0.0000,Pass
R6,2639,293,-144.8850,0.2586,80.6721,98.0410,5111.3700,0.0000,0.0000,Pass
R6,2639,294,-144.7200,0.2585,80.1735,98.6037,5048.3800,0.0000,0.0000,Pass
R6,2639,295,-144.3900,0.2592,80.3876,97.3412,5075.3700,0.0000,0.0000,Pass
R6,2639,296,-144.0600,0.2605,79.6718,99.2915,4985.3800,0.0000,0.0000,Pass
R6,2639,297,-143.8960,0.2635,79.8872,99.0020,5012.3800,0.0000,0.0000,Pass
R6,2639,298,-143.7310,0.2638,79.5998,99.2843,4976.3900,0.0000,0.0000,Pass
R6,2639,299,-143.5650,0.2645,79.9589,98.0571,5021.3800,0.0000,0.0000,Pass
R6,2639,300,-146.6730,0.1331,80.3876,97.8962,5075.3700,0.0000,0.0000,Pass
R6,2639,301,-146.5230,0.1333,80.2449,97.6021,5057.3800,0.0000,0.0000,Pass
R6,2639,302,-146.3720,0.1340,80.1020,99.0176,5039.3800,0.0000,0.0000,Pass
R6,2639,303,-146.2220,0.1344,80.0305,98.5379,5030.3800,0.0000,0.0000,Pass
R6,2639,304,-146.0720,0.1345,80.6721,98.2017,5111.3700,0.0000,0.0000,Pass
R6,2639,305,-143.2170,0.1458,79.4557,98.0578,4958.3900,0.0000,0.0000,Pass
R6,2639,306,-143.0660,0.1467,78.8768,99.6312,4886.4000,0.0000,0.0000,Pass
R6,2639,307,-142.9160,0.1468,79.5278,98.7144,4967.3900,0.0000,0.0000,Pass
R6,2639,308,-142.7650,0.1468,79.3114,97.9994,4940.3900,0.0000,0.0000,Pass
R6,2639,309,-142.6150,0.1480,79.5278,96.9999,4967.3900,0.0000,0.0000,Pass
R6,2639,310,-145.7100,0.0899,79.6718,99.6361,4985.3800,0.0000,0.0000,Pass
R6,2639,311,-145.5440,0.0908,80.6721,99.2816,5111.3700,0.0000,0.0000,Pass
R6,2639,312,-145.3800,0.0909,80.3876,97.3412,5075.3700,0.0000,0.0000,Pass
R6,2639,313,-145.2140,0.0913,80.8849,98.8785,5138.3700,0.0000,0.0000,Pass
R6,2639,314,-145.0500,0.0916,80.7431,99.6978,5120.3700,0.0000,0.0000,Pass
R6,2639,315,-144.8840,0.0923,79.9589,98.5212,5021.3800,0.0000,0.0000,Pass
R6,2639,316,-144.5540,0.0937,80.6011,98.0298,5102.3700,0.0000,0.0000,Pass
R6,2639,317,-144.3890,0.0941,80.1735,99.2290,5048.3800,0.0000,0.0000,Pass
R6,2639,318,-144.2250,0.0950,80.1735,98.1684,5048.3800,0.0000,0.0000,Pass
R6,2639,319,-144.0590,0.0954,80.1020,98.9516,5039.3800,0.0000,0.0000,Pass
R6,2639,320,-143.8950,0.0984,79.8872,98.3353,5012.3800,0.0000,0.0000,Pass
R6,2639,321,-143.7300,0.0986,79.5278,99.9948,4967.3900,0.0000,0.0000,Pass
R6,2639,322,-143.5660,0.0991,79.8872,98.0468,5012.3800,0.0000,0.0000,Pass
R6,2639,323,-144.7200,0.0927,80.3163,98.4035,5066.3700,0.0000,0.0000,Pass
R6,2639,324,-146.6730,-0.0182,80.1735,98.0741,5048.3800,0.0000,0.0000,Pass
R6,2639,325,-146.5220,-0.0174,80.3876,98.3960,5075.3700,0.0000,0.0000,Pass
R6,2639,326,-146.3720,-0.0166,80.4588,98.5173,5084.3700,0.0000,0.0000,Pass
R6,2639,327,-146.2220,-0.0160,80.2449,98.0827,5057.3800,0.0000,0.0000,Pass
R6,2639,328,-146.0720,-0.0153,80.8849,98.3014,5138.3700,0.0000,0.0000,Pass
R6,2639,329,-143.2160,-0.0044,78.7314,99.2366,4868.4000,0.0000,0.0000,Pass
R6,2639,330,-142.9150,-0.0036,78.5858,97.1988,4850.4000,0.0000,0.0000,Pass
R6,2639,331,-142.7640,-0.0028,78.6586,98.7800,4859.4000,0.0000,0.0000,Pass
R6,2639,332,-142.6150,-0.0029,79.3114,99.3213,4940.3900,0.0000,0.0000,Pass
R6,2639,333,-143.0660,-0.0035,78.5858,98.0763,4850.4000,0.0000,0.0000,Pass
R6,2639,334,-145.7090,-0.0749,81.0265,99.2168,5156.3600,0.0000,0.0000,Pass
R6,2639,335,-145.5440,-0.0747,81.0971,99.4421,5165.3600,0.0000,0.0000,Pass
R6,2639,336,-145.3790,-0.0737,80.8849,98.8102,5138.3700,0.0000,0.0000,Pass
R6,2639,337,-145.2140,-0.0736,81.0265,99.4802,5156.3600,0.0000,0.0000,Pass
R6,2639,338,-145.0490,-0.0732,80.8849,99.1300,5138.3700,0.0000,0.0000,Pass
R6,2639,339,-144.5540,-0.0712,80.6721,99.4076,5111.3700,0.0000,0.0000,Pass
R6,2639,340,-144.3890,-0.0707,79.5278,98.7623,4967.3900,0.0000,0.0000,Pass
R6,2639,341,-144.2240,-0.0691,79.7436,99.4991,4994.3800,0.0000,0.0000,Pass
R6,2639,342,-144.0590,-0.0695,79.8154,99.2716,5003.3800,0.0000,0.0000,Pass
R6,2639,343,-143.8950,-0.0667,79.2391,99.9824,4931.3900,0.0000,0.0000,Pass
R6,2639,344,-143.7300,-0.0661,79.0944,99.2886,4913.3900,0.0000,0.0000,Pass
R6,2639,345,-144.8840,-0.0724,80.2449,98.0698,5057.3800,0.0000,0.0000,Pass
R6,2639,346,-144.7190,-0.0715,80.4588,98.7609,5084.3700,0.0000,0.0000,Pass
R6,2639,347,-143.5650,-0.0661,79.0944,99.2886,4913.3900,0.0000,0.0000,Pass
R6,2639,348,-146.2210,-0.1664,80.6721,98.8093,5111.3700,0.0000,0.0000,Pass
R6,2639,349,-146.6720,-0.1680,80.1020,99.4471,5039.3800,0.0000,0.0000,Pass
R6,2639,350,-146.5210,-0.1674,80.4588,98.1883,5084.3700,0.0000,0.0000,Pass
R6,2639,351,-146.3710,-0.1669,80.0305,99.6850,5030.3800,0.0000,0.0000,Pass
R6,2639,352,-146.0710,-0.1660,80.8849,98.2125,5138.3700,0.0000,0.0000,Pass
R6,2639,353,-143.2160,-0.1546,79.5278,99.3181,4967.3900,0.0000,0.0000,Pass
R6,2639,354,-143.0650,-0.1540,79.3114,99.3116,4940.3900,0.0000,0.0000,Pass
R6,2639,355,-142.9140,-0.1539,78.8768,99.6048,4886.4000,0.0000,0.0000,Pass
R6,2639,356,-142.6140,-0.1531,79.0944,99.3825,4913.3900,0.0000,0.0000,Pass
R6,2639,357,-142.7640,-0.1531,78.9494,99.4892,4895.4000,0.0000,0.0000,Pass
R6,2639,358,-146.5210,-0.3178,81.0971,99.5500,5165.3600,0.0000,0.0000,Pass
R6,2639,359,-146.6720,-0.3190,81.1677,99.3694,5174.3600,0.0000,0.0000,Pass
R6,2639,360,-146.3710,-0.3174,80.7431,97.8983,5120.3700,0.0000,0.0000,Pass
R6,2639,361,-146.2210,-0.3170,81.0265,99.2059,5156.3600,0.0000,0.0000,Pass
R6,2639,362,-146.0710,-0.3168,81.1677,98.0554,5174.3600,0.0000,0.0000,Pass
R6,2639,363,-143.2150,-0.3043,78.8768,99.1320,4886.4000,0.0000,0.0000,Pass
R6,2639,364,-143.0640,-0.3048,78.6586,99.7381,4859.4000,0.0000,0.0000,Pass
R6,2639,365,-142.9140,-0.3034,78.9494,99.2755,4895.4000,0.0000,0.0000,Pass
R6,2639,366,-142.7640,-0.3028,78.8768,98.9925,4886.4000,0.0000,0.0000,Pass
R6,2639,367,-142.6140,-0.3030,79.4557,98.9370,4958.3900,0.0000,0.0000,Pass
R6,2639,368,-146.6710,-0.4681,81.1677,98.9131,5174.3600,0.0000,0.0000,Pass
R6,2639,369,-146.2210,-0.4671,80.8849,98.9165,5138.3700,0.0000,0.0000,Pass
R6,2639,370,-145.9200,-0.4662,80.6011,98.0153,5102.3700,0.0000,0.0000,Pass
R6,2639,371,-144.8670,-0.4635,80.0305,97.1112,5030.3800,0.0000,0.0000,Pass
R6,2639,372,-144.5670,-0.4626,79.3836,99.2685,4949.3900,0.0000,0.0000,Pass
R6,2639,373,-144.4170,-0.4623,79.7436,98.5776,4994.3800,0.0000,0.0000,Pass
R6,2639,374,-143.9660,-0.4584,79.0944,97.0058,4913.3900,0.0000,0.0000,Pass
R6,2639,375,-146.5210,-0.4677,81.0265,99.3319,5156.3600,0.0000,0.0000,Pass
R6,2639,376,-146.3700,-0.4675,80.3876,98.2257,5075.3700,0.0000,0.0000,Pass
R6,2639,377,-146.0700,-0.4669,80.6721,97.4282,5111.3700,0.0000,0.0000,Pass
R6,2639,378,-145.7690,-0.4663,80.6011,98.5239,5102.3700,0.0000,0.0000,Pass
R6,2639,379,-145.6190,-0.4658,80.8849,99.2975,5138.3700,0.0000,0.0000,Pass
R6,2639,380,-145.4690,-0.4649,80.9557,99.5516,5147.3600,0.0000,0.0000,Pass
R6,2639,381,-145.3190,-0.4648,80.8141,99.4847,5129.3700,0.0000,0.0000,Pass
R6,2639,382,-145.1680,-0.4645,80.7431,98.1469,5120.3700,0.0000,0.0000,Pass
R6,2639,383,-145.0180,-0.4639,81.0971,99.5500,5165.3600,0.0000,0.0000,Pass
R6,2639,384,-144.7170,-0.4626,79.8872,97.5628,5012.3800,0.0000,0.0000,Pass
R6,2639,385,-144.2670,-0.4614,79.8872,97.8485,5012.3800,0.0000,0.0000,Pass
R6,2639,386,-144.1160,-0.4610,79.8154,99.6515,5003.3800,0.0000,0.0000,Pass
R6,2639,387,-143.8160,-0.4575,80.1020,98.1691,5039.3800,0.0000,0.0000,Pass
R6,2639,388,-143.6660,-0.4569,79.9589,98.6221,5021.3800,0.0000,0.0000,Pass
R6,2639,389,-143.5150,-0.4563,79.5278,98.9247,4967.3900,0.0000,0.0000,Pass
R6,2639,390,-143.3650,-0.4565,79.0219,98.9586,4904.3900,0.0000,0.0000,Pass
R6,2639,391,-143.2140,-0.4560,79.0219,99.6137,4904.3900,0.0000,0.0000,Pass
R6,2639,392,-142.9130,-0.4542,78.7314,98.5718,4868.4000,0.0000,0.0000,Pass
R6,2639,393,-142.7640,-0.4538,78.7314,98.1414,4868.4000,0.0000,0.0000,Pass
R6,2639,394,-143.0640,-0.4541,78.5128,99.3923,4841.4000,0.0000,0.0000,Pass
R6,2639,395,-142.6130,-0.4534,79.2391,99.2935,4931.3900,0.0000,0.0000,Pass
R6,2639,396,-146.6700,-0.6191,80.8849,99.6578,5138.3700,0.0000,0.0000,Pass
R6,2639,397,-145.7690,-0.6164,80.6011,97.6300,5102.3700,0.0000,0.0000,Pass
R6,2639,398,-144.1160,-0.6109,80.0305,99.6875,5030.3800,0.0000,0.0000,Pass
R6,2639,399,-146.5210,-0.6190,81.4496,99.3186,5210.3600,0.0000,0.0000,Pass
R6,2639,400,-146.3700,-0.6178,81.0971,99.1438,5165.3600,0.0000,0.0000,Pass
R6,2639,401,-146.2200,-0.6174,80.2449,99.0961,5057.3800,0.0000,0.0000,Pass
R6,2639,402,-146.0690,-0.6170,81.2383,98.8849,5183.3600,0.0000,0.0000,Pass
R6,2639,403,-145.9190,-0.6167,81.0265,96.4459,5156.3600,0.0000,0.0000,Pass
R6,2639,404,-145.6190,-0.6162,80.6721,98.0444,5111.3700,0.0000,0.0000,Pass
R6,2639,405,-145.4680,-0.6154,80.6011,98.4829,5102.3700,0.0000,0.0000,Pass
R6,2639,406,-145.3180,-0.6146,80.5300,98.1388,5093.3700,0.0000,0.0000,Pass
R6,2639,407,-145.1680,-0.6143,80.5300,98.1245,5093.3700,0.0000,0.0000,Pass
R6,2639,408,-145.0170,-0.6139,80.6011,97.3729,5102.3700,0.0000,0.0000,Pass
R6,2639,409,-144.8670,-0.6131,80.4588,97.6563,5084.3700,0.0000,0.0000,Pass
R6,2639,410,-144.7170,-0.6129,79.5998,99.2843,4976.3900,0.0000,0.0000,Pass
R6,2639,411,-144.5660,-0.6126,80.3876,96.2640,5075.3700,0.0000,0.0000,Pass
R6,2639,412,-144.4160,-0.6121,80.5300,98.0067,5093.3700,0.0000,0.0000,Pass
R6,2639,413,-144.2660,-0.6111,80.0305,99.8325,5030.3800,0.0000,0.0000,Pass
R6,2639,414,-143.9650,-0.6079,78.6586,95.6651,4859.4000,0.0000,0.0000,Pass
R6,2639,415,-143.8160,-0.6075,79.3114,98.7732,4940.3900,0.0000,0.0000,Pass
R6,2639,416,-143.6660,-0.6065,79.8154,98.3447,5003.3800,0.0000,0.0000,Pass
R6,2639,417,-143.5140,-0.6064,79.0944,98.2919,4913.3900,0.0000,0.0000,Pass
R6,2639,418,-143.2140,-0.6057,78.7314,98.3339,4868.4000,0.0000,0.0000,Pass
R6,2639,419,-143.3640,-0.6062,79.0219,99.1993,4904.3900,0.0000,0.0000,Pass
R6,2639,420,-143.0640,-0.6047,79.0219,99.1280,4904.3900,0.0000,0.0000,Pass
R6,2639,421,-142.9130,-0.6046,79.2391,99.4514,4931.3900,0.0000,0.0000,Pass
R6,2639,422,-142.7630,-0.6042,78.6586,98.2126,4859.4000,0.0000,0.0000,Pass
R6,2639,423,-142.6130,-0.6033,78.6586,98.5577,4859.4000,0.0000,0.0000,Pass
R6,2639,424,-144.5660,-0.7626,79.5278,99.1632,4967.3900,0.0000,0.0000,Pass
R6,2639,425,-146.6700,-0.7697,81.8705,99.4574,5264.3500,0.0000,0.0000,Pass
R6,2639,426,-146.0690,-0.7672,81.5901,97.4346,5228.3500,0.0000,0.0000,Pass
R6,2639,427,-145.7680,-0.7662,81.1677,99.8139,5174.3600,0.0000,0.0000,Pass
R6,2639,428,-145.1670,-0.7640,81.0265,98.6568,5156.3600,0.0000,0.0000,Pass
R6,2639,429,-144.8670,-0.7637,80.3876,97.6850,5075.3700,0.0000,0.0000,Pass
R6,2639,430,-144.4150,-0.7624,79.7436,97.6584,4994.3800,0.0000,0.0000,Pass
R6,2639,431,-144.2650,-0.7624,79.5278,98.5746,4967.3900,0.0000,0.0000,Pass
R6,2639,432,-144.1150,-0.7618,79.5998,98.4284,4976.3900,0.0000,0.0000,Pass
R6,2639,433,-143.9640,-0.7582,78.3668,94.4064,4823.4000,0.0000,0.0000,Pass
R6,2639,434,-143.8160,-0.7587,79.0944,98.0563,4913.3900,0.0000,0.0000,Pass
R6,2639,435,-143.5140,-0.7569,78.9494,99.3611,4895.4000,0.0000,0.0000,Pass
R6,2639,436,-146.2190,-0.7679,81.3792,99.3049,5201.3600,0.0000,0.0000,Pass
R6,2639,437,-145.9180,-0.7669,81.8005,98.3741,5255.3500,0.0000,0.0000,Pass
R6,2639,438,-145.6180,-0.7662,80.8849,99.3358,5138.3700,0.0000,0.0000,Pass
R6,2639,439,-145.4680,-0.7660,80.8141,99.6208,5129.3700,0.0000,0.0000,Pass
R6,2639,440,-145.3170,-0.7642,80.6721,98.2017,5111.3700,0.0000,0.0000,Pass
R6,2639,441,-145.0170,-0.7639,80.6721,99.0365,5111.3700,0.0000,0.0000,Pass
R6,2639,442,-144.7160,-0.7633,80.3163,97.4485,5066.3700,0.0000,0.0000,Pass
R6,2639,443,-143.6650,-0.7571,79.0219,99.5020,4904.3900,0.0000,0.0000,Pass
R6,2639,444,-143.3640,-0.7564,79.0219,98.6051,4904.3900,0.0000,0.0000,Pass
R6,2639,445,-143.2140,-0.7560,78.9494,99.2915,4895.4000,0.0000,0.0000,Pass
R6,2639,446,-142.9130,-0.7548,79.5278,99.6369,4967.3900,0.0000,0.0000,Pass
R6,2639,447,-142.7620,-0.7542,78.5128,99.5477,4841.4000,0.0000,0.0000,Pass
R6,2639,448,-142.6120,-0.7537,79.4557,98.3365,4958.3900,0.0000,0.0000,Pass
R6,2639,449,-143.0640,-0.7559,79.0944,99.1480,4913.3900,0.0000,0.0000,Pass
R6,2639,450,-146.6700,-0.9199,81.4496,99.8635,5210.3600,0.0000,0.0000,Pass
R6,2639,451,-145.7680,-0.9173,81.7304,99.1863,5246.3500,0.0000,0.0000,Pass
R6,2639,452,-144.2650,-0.9119,79.9589,97.2733,5021.3800,0.0000,0.0000,Pass
R6,2639,453,-146.5190,-0.9197,81.4496,99.6006,5210.3600,0.0000,0.0000,Pass
R6,2639,454,-146.3700,-0.9196,81.3792,99.5351,5201.3600,0.0000,0.0000,Pass
R6,2639,455,-146.2190,-0.9189,81.0265,98.6342,5156.3600,0.0000,0.0000,Pass
R6,2639,456,-146.0680,-0.9177,81.2383,99.6185,5183.3600,0.0000,0.0000,Pass
R6,2639,457,-145.9190,-0.9177,81.2383,99.5863,5183.3600,0.0000,0.0000,Pass
R6,2639,458,-145.6170,-0.9168,80.8849,98.1726,5138.3700,0.0000,0.0000,Pass
R6,2639,459,-145.4670,-0.9164,80.9557,97.3106,5147.3600,0.0000,0.0000,Pass
R6,2639,460,-145.3170,-0.9163,80.8141,98.6346,5129.3700,0.0000,0.0000,Pass
R6,2639,461,-145.1670,-0.9152,80.3163,99.6432,5066.3700,0.0000,0.0000,Pass
R6,2639,462,-145.0170,-0.9141,81.1677,98.9032,5174.3600,0.0000,0.0000,Pass
R6,2639,463,-144.8660,-0.9144,80.3876,98.4292,5075.3700,0.0000,0.0000,Pass
R6,2639,464,-144.7160,-0.9135,80.2449,98.4895,5057.3800,0.0000,0.0000,Pass
R6,2639,465,-144.5650,-0.9132,80.7431,99.0072,5120.3700,0.0000,0.0000,Pass
R6,2639,466,-144.4150,-0.9124,79.2391,99.9813,4931.3900,0.0000,0.0000,Pass
R6,2639,467,-144.1140,-0.9117,79.7436,98.9761,4994.3800,0.0000,0.0000,Pass
R6,2639,468,-143.9640,-0.9091,78.2204,96.5044,4805.4100,0.0000,0.0000,Pass
R6,2639,469,-143.8150,-0.9084,78.8042,97.2420,4877.4000,0.0000,0.0000,Pass
R6,2639,470,-143.6650,-0.9076,78.8042,98.9399,4877.4000,0.0000,0.0000,Pass
R6,2639,471,-143.5140,-0.9070,78.7314,99.3196,4868.4000,0.0000,0.0000,Pass
R6,2639,472,-143.0630,-0.9048,79.4557,98.6379,4958.3900,0.0000,0.0000,Pass
R6,2639,473,-142.9120,-0.9048,79.0219,98.2149,4904.3900,0.0000,0.0000,Pass
R6,2639,474,-143.3630,-0.9062,78.7314,97.4777,4868.4000,0.0000,0.0000,Pass
R6,2639,475,-143.2130,-0.9060,78.2204,98.6096,4805.4100,0.0000,0.0000,Pass
R6,2639,476,-142.7620,-0.9042,78.5128,98.0452,4841.4000,0.0000,0.0000,Pass
R6,2639,477,-142.6120,-0.9043,79.3836,97.7128,4949.3900,0.0000,0.0000,Pass
R6,2639,478,-146.5190,-1.0697,81.3792,99.6043,5201.3600,0.0000,0.0000,Pass
R6,2639,479,-146.3690,-1.0687,80.8141,97.6573,5129.3700,0.0000,0.0000,Pass
R6,2639,480,-146.2180,-1.0686,80.4588,97.9041,5084.3700,0.0000,0.0000,Pass
R6,2639,481,-146.0680,-1.0679,81.3088,99.3935,5192.3600,0.0000,0.0000,Pass
R6,2639,482,-145.9170,-1.0674,81.3088,98.9845,5192.3600,0.0000,0.0000,Pass
R6,2639,483,-145.7670,-1.0671,80.7431,97.8985,5120.3700,0.0000,0.0000,Pass
R6,2639,484,-145.4670,-1.0662,80.6721,98.0556,5111.3700,0.0000,0.0000,Pass
R6,2639,485,-144.8650,-1.0646,80.6721,99.0195,5111.3700,0.0000,0.0000,Pass
R6,2639,486,-144.7150,-1.0645,80.2449,98.1081,5057.3800,0.0000,0.0000,Pass
R6,2639,487,-144.5640,-1.0641,80.3163,97.6462,5066.3700,0.0000,0.0000,Pass
R6,2639,488,-144.4150,-1.0637,79.7436,97.9839,4994.3800,0.0000,0.0000,Pass
R6,2639,489,-144.2640,-1.0627,79.3836,99.2857,4949.3900,0.0000,0.0000,Pass
R6,2639,490,-144.1140,-1.0623,79.0944,99.2886,4913.3900,0.0000,0.0000,Pass
R6,2639,491,-143.8140,-1.0591,78.8768,99.1855,4886.4000,0.0000,0.0000,Pass
R6,2639,492,-143.6640,-1.0587,78.7314,97.3157,4868.4000,0.0000,0.0000,Pass
R6,2639,493,-143.5130,-1.0577,79.2391,98.4001,4931.3900,0.0000,0.0000,Pass
R6,2639,494,-145.6170,-1.0669,81.0971,98.4466,5165.3600,0.0000,0.0000,Pass
R6,2639,495,-145.3160,-1.0664,80.4588,97.8997,5084.3700,0.0000,0.0000,Pass
R6,2639,496,-145.1660,-1.0652,80.4588,98.5294,5084.3700,0.0000,0.0000,Pass
R6,2639,497,-145.0160,-1.0655,80.8849,98.2996,5138.3700,0.0000,0.0000,Pass
R6,2639,498,-143.9630,-1.0593,78.3668,95.3014,4823.4000,0.0000,0.0000,Pass
R6,2639,499,-143.3630,-1.0578,78.9494,98.0512,4895.4000,0.0000,0.0000,Pass
R6,2639,500,-143.2120,-1.0563,79.3836,98.5321,4949.3900,0.0000,0.0000,Pass
R6,2639,501,-143.0620,-1.0563,79.0219,98.7875,4904.3900,0.0000,0.0000,Pass
R6,2639,502,-142.9110,-1.0561,79.0219,98.9443,4904.3900,0.0000,0.0000,Pass
R6,2639,503,-142.7620,-1.0557,79.5278,98.4887,4967.3900,0.0000,0.0000,Pass
R6,2737,1,15.4103,-5.7283,81.0265,97.2299,5156.3600,0.0000,0.0000,Pass
R6,2737,2,15.7116,-5.7282,80.5300,97.8783,5093.3700,0.0000,0.0000,Pass
R6,2737,3,16.7650,-5.7230,80.4588,97.2073,5084.3700,0.0000,0.0000,Pass
R6,2737,4,13.4564,-5.7348,80.8849,98.3759,5138.3700,0.0000,0.0000,Pass
R6,2737,5,13.6064,-5.7352,81.0971,97.8020,5165.3600,0.0000,0.0000,Pass
R6,2737,6,13.7580,-5.7341,81.2383,99.5863,5183.3600,0.0000,0.0000,Pass
R6,2737,7,13.9077,-5.7336,80.6011,98.0843,5102.3700,0.0000,0.0000,Pass
R6,2737,8,14.0573,-5.7334,81.0971,99.0481,5165.3600,0.0000,0.0000,Pass
R6,2737,9,14.2080,-5.7336,80.8849,99.0319,5138.3700,0.0000,0.0000,Pass
R6,2737,10,14.3578,-5.7324,80.7431,99.0363,5120.3700,0.0000,0.0000,Pass
R6,2737,11,14.5083,-5.7312,80.7431,98.1304,5120.3700,0.0000,0.0000,Pass
R6,2737,12,14.6589,-5.7311,81.3792,99.7826,5201.3600,0.0000,0.0000,Pass
R6,2737,13,14.8087,-5.7310,80.6721,97.1348,5111.3700,0.0000,0.0000,Pass
R6,2737,14,14.9601,-5.7302,81.0265,99.6350,5156.3600,0.0000,0.0000,Pass
R6,2737,15,15.1099,-5.7294,80.8849,98.1726,5138.3700,0.0000,0.0000,Pass
R6,2737,16,15.2600,-5.7290,81.3088,98.9745,5192.3600,0.0000,0.0000,Pass
R6,2737,17,15.5608,-5.7278,80.6721,98.0444,5111.3700,0.0000,0.0000,Pass
R6,2737,18,15.8621,-5.7272,80.9557,98.0305,5147.3600,0.0000,0.0000,Pass
R6,2737,19,16.0129,-5.7270,81.2383,98.5867,5183.3600,0.0000,0.0000,Pass
R6,2737,20,16.1628,-5.7260,81.2383,98.7206,5183.3600,0.0000,0.0000,Pass
R6,2737,21,16.3137,-5.7251,80.8849,99.0949,5138.3700,0.0000,0.0000,Pass
R6,2737,22,16.4637,-5.7251,81.1677,99.6337,5174.3600,0.0000,0.0000,Pass
R6,2737,23,16.6144,-5.7248,81.2383,98.4561,5183.3600,0.0000,0.0000,Pass
R6,2737,24,16.9154,-5.7228,81.1677,98.1552,5174.3600,0.0000,0.0000,Pass
R6,2737,25,17.0662,-5.7226,81.5901,98.1869,5228.3500,0.0000,0.0000,Pass
R6,2737,26,17.2165,-5.7226,81.4496,97.7523,5210.3600,0.0000,0.0000,Pass
R6,2737,27,13.3070,-5.8863,81.2383,99.6185,5183.3600,0.0000,0.0000,Pass
R6,2737,28,13.4572,-5.8862,81.0265,99.8834,5156.3600,0.0000,0.0000,Pass
R6,2737,29,13.6072,-5.8851,81.0265,99.2168,5156.3600,0.0000,0.0000,Pass
R6,2737,30,13.7572,-5.8843,81.0265,97.5684,5156.3600,0.0000,0.0000,Pass
R6,2737,31,14.2083,-5.8828,79.8154,98.9316,5003.3800,0.0000,0.0000,Pass
R6,2737,32,14.9601,-5.8810,80.1735,99.5459,5048.3800,0.0000,0.0000,Pass
R6,2737,33,15.4116,-5.8786,80.6721,97.7973,5111.3700,0.0000,0.0000,Pass
R6,2737,34,15.7126,-5.8775,81.5199,98.5382,5219.3600,0.0000,0.0000,Pass
R6,2737,35,15.8617,-5.8777,80.6721,97.1184,5111.3700,0.0000,0.0000,Pass
R6,2737,36,16.0130,-5.8764,81.3088,99.3602,5192.3600,0.0000,0.0000,Pass
R6,2737,37,16.4645,-5.8752,80.6721,97.8879,5111.3700,0.0000,0.0000,Pass
R6,2737,38,16.6148,-5.8739,80.9557,97.3449,5147.3600,0.0000,0.0000,Pass
R6,2737,39,17.2167,-5.8725,81.3088,99.0445,5192.3600,0.0000,0.0000,Pass
R6,2737,40,13.9081,-5.8840,81.2383,98.4487,5183.3600,0.0000,0.0000,Pass
R6,2737,41,14.0575,-5.8830,80.3163,97.8208,5066.3700,0.0000,0.0000,Pass
R6,2737,42,14.3580,-5.8820,80.2449,99.5835,5057.3800,0.0000,0.0000,Pass
R6,2737,43,14.5085,-5.8814,80.3876,98.8366,5075.3700,0.0000,0.0000,Pass
R6,2737,44,14.6596,-5.8817,81.2383,99.3162,5183.3600,0.0000,0.0000,Pass
R6,2737,45,14.8096,-5.8810,80.9557,97.8653,5147.3600,0.0000,0.0000,Pass
R6,2737,46,15.1103,-5.8803,80.9557,99.2219,5147.3600,0.0000,0.0000,Pass
R6,2737,47,15.2612,-5.8792,80.3163,98.1990,5066.3700,0.0000,0.0000,Pass
R6,2737,48,15.5617,-5.8784,80.5300,98.0103,5093.3700,0.0000,0.0000,Pass
R6,2737,49,16.1632,-5.8764,80.8141,96.5750,5129.3700,0.0000,0.0000,Pass
R6,2737,50,16.3134,-5.8756,81.4496,97.8990,5210.3600,0.0000,0.0000,Pass
R6,2737,51,16.7656,-5.8743,81.0265,99.4593,5156.3600,0.0000,0.0000,Pass
R6,2737,52,16.9160,-5.8736,80.8141,97.3769,5129.3700,0.0000,0.0000,Pass
R6,2737,53,17.0663,-5.8727,81.5199,98.4111,5219.3600,0.0000,0.0000,Pass
R6,2737,54,17.3673,-5.8718,81.8005,97.8820,5255.3500,0.0000,0.0000,Pass
R6,2737,55,13.3073,-6.0360,80.5300,99.4107,5093.3700,0.0000,0.0000,Pass
R6,2737,56,13.4572,-6.0362,81.0971,99.5500,5165.3600,0.0000,0.0000,Pass
R6,2737,57,13.6076,-6.0347,80.5300,98.2208,5093.3700,0.0000,0.0000,Pass
R6,2737,58,13.7573,-6.0353,80.6721,98.0047,5111.3700,0.0000,0.0000,Pass
R6,2737,59,13.9081,-6.0340,80.8849,99.6163,5138.3700,0.0000,0.0000,Pass
R6,2737,60,14.0587,-6.0335,80.6011,96.6577,5102.3700,0.0000,0.0000,Pass
R6,2737,61,14.2087,-6.0336,80.4588,98.6446,5084.3700,0.0000,0.0000,Pass
R6,2737,62,14.5096,-6.0327,80.2449,97.9289,5057.3800,0.0000,0.0000,Pass
R6,2737,63,14.6600,-6.0313,80.1020,99.0397,5039.3800,0.0000,0.0000,Pass
R6,2737,64,14.8101,-6.0312,80.8849,98.0381,5138.3700,0.0000,0.0000,Pass
R6,2737,65,15.2609,-6.0298,80.0305,97.5350,5030.3800,0.0000,0.0000,Pass
R6,2737,66,15.4116,-6.0289,80.6011,97.8763,5102.3700,0.0000,0.0000,Pass
R6,2737,67,15.5623,-6.0285,80.8141,99.1584,5129.3700,0.0000,0.0000,Pass
R6,2737,68,15.7122,-6.0281,80.9557,99.6072,5147.3600,0.0000,0.0000,Pass
R6,2737,69,15.8634,-6.0280,81.0971,96.7829,5165.3600,0.0000,0.0000,Pass
R6,2737,70,16.0132,-6.0276,80.8141,97.6001,5129.3700,0.0000,0.0000,Pass
R6,2737,71,16.1636,-6.0264,80.6011,99.0445,5102.3700,0.0000,0.0000,Pass
R6,2737,72,16.6154,-6.0254,80.6011,98.2874,5102.3700,0.0000,0.0000,Pass
R6,2737,73,16.7659,-6.0247,81.1677,97.4560,5174.3600,0.0000,0.0000,Pass
R6,2737,74,16.9169,-6.0246,80.6721,97.9846,5111.3700,0.0000,0.0000,Pass
R6,2737,75,17.0664,-6.0237,81.0971,97.7170,5165.3600,0.0000,0.0000,Pass
R6,2737,76,17.2166,-6.0225,81.0265,99.4396,5156.3600,0.0000,0.0000,Pass
R6,2737,77,14.3584,-6.0331,80.0305,98.5092,5030.3800,0.0000,0.0000,Pass
R6,2737,78,14.9602,-6.0305,81.0971,99.1306,5165.3600,0.0000,0.0000,Pass
R6,2737,79,15.1105,-6.0306,80.3163,98.6482,5066.3700,0.0000,0.0000,Pass
R6,2737,80,16.3146,-6.0255,80.5300,97.8893,5093.3700,0.0000,0.0000,Pass
R6,2737,81,16.4654,-6.0257,80.7431,98.7151,5120.3700,0.0000,0.0000,Pass
R6,2737,82,17.3686,-6.0216,81.7304,98.1365,5246.3500,0.0000,0.0000,Pass
R6,2737,83,13.3075,-6.1866,80.6011,98.0495,5102.3700,0.0000,0.0000,Pass
R6,2737,84,13.6083,-6.1855,79.7436,97.8548,4994.3800,0.0000,0.0000,Pass
R6,2737,85,16.3151,-6.1763,80.4588,96.9377,5084.3700,0.0000,0.0000,Pass
R6,2737,86,17.2181,-6.1730,80.8141,97.7704,5129.3700,0.0000,0.0000,Pass
R6,2737,87,13.4583,-6.1864,80.2449,97.7862,5057.3800,0.0000,0.0000,Pass
R6,2737,88,13.7585,-6.1847,80.1020,98.9516,5039.3800,0.0000,0.0000,Pass
R6,2737,89,13.9088,-6.1846,80.3163,98.2034,5066.3700,0.0000,0.0000,Pass
R6,2737,90,14.0586,-6.1841,80.5300,96.7603,5093.3700,0.0000,0.0000,Pass
R6,2737,91,14.2091,-6.1836,80.6011,98.0403,5102.3700,0.0000,0.0000,Pass
R6,2737,92,14.3594,-6.1835,80.3876,98.2824,5075.3700,0.0000,0.0000,Pass
R6,2737,93,14.5106,-6.1824,81.0265,97.5226,5156.3600,0.0000,0.0000,Pass
R6,2737,94,14.6601,-6.1819,80.6721,99.0967,5111.3700,0.0000,0.0000,Pass
R6,2737,95,14.8111,-6.1812,80.9557,99.1200,5147.3600,0.0000,0.0000,Pass
R6,2737,96,14.9616,-6.1811,80.7431,98.0654,5120.3700,0.0000,0.0000,Pass
R6,2737,97,15.1111,-6.1799,80.3163,98.3362,5066.3700,0.0000,0.0000,Pass
R6,2737,98,15.2618,-6.1799,80.3163,99.6432,5066.3700,0.0000,0.0000,Pass
R6,2737,99,15.4128,-6.1790,80.7431,98.9929,5120.3700,0.0000,0.0000,Pass
R6,2737,100,15.5630,-6.1786,80.5300,99.4439,5093.3700,0.0000,0.0000,Pass
R6,2737,101,15.7133,-6.1780,80.4588,98.2054,5084.3700,0.0000,0.0000,Pass
R6,2737,102,15.8633,-6.1775,80.6011,98.0910,5102.3700,0.0000,0.0000,Pass
R6,2737,103,16.0140,-6.1770,80.1020,98.6860,5039.3800,0.0000,0.0000,Pass
R6,2737,104,16.1646,-6.1770,81.1677,98.3343,5174.3600,0.0000,0.0000,Pass
R6,2737,105,16.4657,-6.1751,81.5199,98.3401,5219.3600,0.0000,0.0000,Pass
R6,2737,106,16.6161,-6.1751,81.0971,96.1381,5165.3600,0.0000,0.0000,Pass
R6,2737,107,16.7661,-6.1744,81.3088,99.6335,5192.3600,0.0000,0.0000,Pass
R6,2737,108,16.9167,-6.1737,81.1677,96.9894,5174.3600,0.0000,0.0000,Pass
R6,2737,109,17.0666,-6.1735,81.0265,96.9043,5156.3600,0.0000,0.0000,Pass
R6,2737,110,17.3685,-6.1723,81.3792,95.2277,5201.3600,0.0000,0.0000,Pass
R6,2737,111,13.3079,-6.3363,80.1735,98.2248,5048.3800,0.0000,0.0000,Pass
R6,2737,112,13.4586,-6.3365,80.3876,99.5567,5075.3700,0.0000,0.0000,Pass
R6,2737,113,13.6093,-6.3365,80.6011,98.1455,5102.3700,0.0000,0.0000,Pass
R6,2737,114,13.7592,-6.3353,79.8872,98.1015,5012.3800,0.0000,0.0000,Pass
R6,2737,115,14.0603,-6.3341,80.8849,98.9951,5138.3700,0.0000,0.0000,Pass
R6,2737,116,14.2093,-6.3338,81.0265,99.6183,5156.3600,0.0000,0.0000,Pass
R6,2737,117,14.3599,-6.3330,80.8849,98.6513,5138.3700,0.0000,0.0000,Pass
R6,2737,118,14.5103,-6.3333,80.8849,99.1124,5138.3700,0.0000,0.0000,Pass
R6,2737,119,14.8110,-6.3313,80.8849,99.5983,5138.3700,0.0000,0.0000,Pass
R6,2737,120,14.9614,-6.3309,80.8141,97.7178,5129.3700,0.0000,0.0000,Pass
R6,2737,121,15.4126,-6.3297,82.1499,98.5134,5300.3500,0.0000,0.0000,Pass
R6,2737,122,15.5631,-6.3286,80.8849,98.3726,5138.3700,0.0000,0.0000,Pass
R6,2737,123,15.8640,-6.3281,81.0971,99.0985,5165.3600,0.0000,0.0000,Pass
R6,2737,124,16.0148,-6.3274,80.8849,97.8308,5138.3700,0.0000,0.0000,Pass
R6,2737,125,16.1643,-6.3273,80.3876,97.2093,5075.3700,0.0000,0.0000,Pass
R6,2737,126,16.7671,-6.3250,81.3088,99.4425,5192.3600,0.0000,0.0000,Pass
R6,2737,127,16.9182,-6.3241,80.8849,97.7742,5138.3700,0.0000,0.0000,Pass
R6,2737,128,13.9101,-6.3344,80.3163,99.2678,5066.3700,0.0000,0.0000,Pass
R6,2737,129,14.6603,-6.3318,80.9557,99.2867,5147.3600,0.0000,0.0000,Pass
R6,2737,130,15.1121,-6.3309,81.0971,98.9197,5165.3600,0.0000,0.0000,Pass
R6,2737,131,15.2623,-6.3292,80.7431,97.6839,5120.3700,0.0000,0.0000,Pass
R6,2737,132,15.7138,-6.3282,81.1677,99.0015,5174.3600,0.0000,0.0000,Pass
R6,2737,133,16.3158,-6.3264,80.8141,98.1227,5129.3700,0.0000,0.0000,Pass
R6,2737,134,16.4661,-6.3258,81.5901,97.8447,5228.3500,0.0000,0.0000,Pass
R6,2737,135,16.6162,-6.3253,81.1677,96.5030,5174.3600,0.0000,0.0000,Pass
R6,2737,136,17.0679,-6.3242,81.5901,97.8950,5228.3500,0.0000,0.0000,Pass
R6,2737,137,17.2189,-6.3230,80.8141,98.9976,5129.3700,0.0000,0.0000,Pass
R6,2737,138,17.3685,-6.3229,81.0971,97.4108,5165.3600,0.0000,0.0000,Pass
R6,2737,139,13.4582,-6.4865,80.5300,99.1759,5093.3700,0.0000,0.0000,Pass
R6,2737,140,13.3080,-6.4870,81.0265,99.8834,5156.3600,0.0000,0.0000,Pass
R6,2737,141,13.6088,-6.4859,79.9589,98.0406,5021.3800,0.0000,0.0000,Pass
R6,2737,142,13.7596,-6.4847,80.5300,98.1388,5093.3700,0.0000,0.0000,Pass
R6,2737,143,13.9092,-6.4850,79.8154,97.7885,5003.3800,0.0000,0.0000,Pass
R6,2737,144,16.7671,-6.4750,81.2383,99.1128,5183.3600,0.0000,0.0000,Pass
R6,2737,145,17.0685,-6.4742,81.5199,98.4311,5219.3600,0.0000,0.0000,Pass
R6,2737,146,17.3694,-6.4727,81.0971,98.0516,5165.3600,0.0000,0.0000,Pass
R6,2737,147,16.9176,-6.4749,80.6011,97.4495,5102.3700,0.0000,0.0000,Pass
R6,2737,148,17.2186,-6.4730,80.6721,97.5203,5111.3700,0.0000,0.0000,Pass
R6,2737,149,13.3093,-6.6370,80.9557,99.3284,5147.3600,0.0000,0.0000,Pass
R6,2737,150,13.4590,-6.6365,80.1020,98.1065,5039.3800,0.0000,0.0000,Pass
R6,2737,151,13.6096,-6.6362,80.2449,98.3203,5057.3800,0.0000,0.0000,Pass
R6,2737,152,13.7593,-6.6358,79.7436,99.4294,4994.3800,0.0000,0.0000,Pass
R6,2737,153,13.9104,-6.6345,80.4588,98.2408,5084.3700,0.0000,0.0000,Pass
R6,2737,154,16.7680,-6.6252,81.2383,99.2728,5183.3600,0.0000,0.0000,Pass
R6,2737,155,16.9179,-6.6246,81.0971,99.3884,5165.3600,0.0000,0.0000,Pass
R6,2737,156,17.0686,-6.6246,81.4496,97.6501,5210.3600,0.0000,0.0000,Pass
R6,2737,157,17.3691,-6.6231,81.0971,97.7953,5165.3600,0.0000,0.0000,Pass
R6,2737,158,17.2194,-6.6233,80.6721,96.9080,5111.3700,0.0000,0.0000,Pass
R6,2737,159,14.4380,-6.7409,80.8141,99.6064,5129.3700,0.0000,0.0000,Pass
R6,2737,160,15.4282,-6.7375,80.6721,98.1952,5111.3700,0.0000,0.0000,Pass
R6,2737,161,15.9238,-6.7359,81.1677,99.5872,5174.3600,0.0000,0.0000,Pass
R6,2737,162,14.6032,-6.7411,81.0265,99.2542,5156.3600,0.0000,0.0000,Pass
R6,2737,163,14.7678,-6.7398,81.0971,99.5100,5165.3600,0.0000,0.0000,Pass
R6,2737,164,14.9332,-6.7396,81.0265,99.4514,5156.3600,0.0000,0.0000,Pass
R6,2737,165,15.0978,-6.7391,80.3876,98.6620,5075.3700,0.0000,0.0000,Pass
R6,2737,166,15.2627,-6.7386,80.6721,98.5427,5111.3700,0.0000,0.0000,Pass
R6,2737,167,15.5931,-6.7370,81.0971,98.9616,5165.3600,0.0000,0.0000,Pass
R6,2737,168,15.7584,-6.7368,80.6011,98.0298,5102.3700,0.0000,0.0000,Pass
R6,2737,169,16.0886,-6.7362,81.0265,98.2723,5156.3600,0.0000,0.0000,Pass
R6,2737,170,16.2534,-6.7354,81.0265,97.5101,5156.3600,0.0000,0.0000,Pass
R6,2737,171,16.4191,-6.7345,80.1735,98.2306,5048.3800,0.0000,0.0000,Pass
R6,2737,172,13.3093,-6.7871,80.9557,99.5451,5147.3600,0.0000,0.0000,Pass
R6,2737,173,13.4595,-6.7869,80.8141,99.0628,5129.3700,0.0000,0.0000,Pass
R6,2737,174,13.6098,-6.7863,80.7431,98.8206,5120.3700,0.0000,0.0000,Pass
R6,2737,175,13.7603,-6.7867,79.9589,99.4976,5021.3800,0.0000,0.0000,Pass
R6,2737,176,13.9108,-6.7855,80.2449,99.5494,5057.3800,0.0000,0.0000,Pass
R6,2737,177,17.2202,-6.7741,80.6011,97.0247,5102.3700,0.0000,0.0000,Pass
R6,2737,178,16.7683,-6.7754,81.1677,99.7280,5174.3600,0.0000,0.0000,Pass
R6,2737,179,16.9191,-6.7756,80.8849,99.1475,5138.3700,0.0000,0.0000,Pass
R6,2737,180,17.0693,-6.7737,80.3876,98.1058,5075.3700,0.0000,0.0000,Pass
R6,2737,181,17.3703,-6.7734,81.0265,97.0868,5156.3600,0.0000,0.0000,Pass
R6,2737,182,14.2737,-6.9063,80.1020,99.0689,5039.3800,0.0000,0.0000,Pass
R6,2737,183,14.4385,-6.9061,80.4588,98.2050,5084.3700,0.0000,0.0000,Pass
R6,2737,184,14.6032,-6.9050,80.7431,99.8294,5120.3700,0.0000,0.0000,Pass
R6,2737,185,14.7680,-6.9044,80.7431,97.8658,5120.3700,0.0000,0.0000,Pass
R6,2737,186,14.9333,-6.9048,80.9557,98.8985,5147.3600,0.0000,0.0000,Pass
R6,2737,187,15.0987,-6.9037,80.8849,98.8326,5138.3700,0.0000,0.0000,Pass
R6,2737,188,15.2636,-6.9031,80.1020,97.1572,5039.3800,0.0000,0.0000,Pass
R6,2737,189,15.4294,-6.9031,80.2449,99.4307,5057.3800,0.0000,0.0000,Pass
R6,2737,190,15.5933,-6.9024,80.4588,97.7208,5084.3700,0.0000,0.0000,Pass
R6,2737,191,15.7589,-6.9010,80.8141,99.6091,5129.3700,0.0000,0.0000,Pass
R6,2737,192,15.9235,-6.9008,80.5300,99.1114,5093.3700,0.0000,0.0000,Pass
R6,2737,193,16.0893,-6.9006,80.3163,96.8931,5066.3700,0.0000,0.0000,Pass
R6,2737,194,16.4196,-6.8993,81.0971,98.8592,5165.3600,0.0000,0.0000,Pass
R6,2737,195,16.2538,-6.8998,81.0265,98.0126,5156.3600,0.0000,0.0000,Pass
R6,2737,196,13.3097,-6.9374,80.6011,97.6300,5102.3700,0.0000,0.0000,Pass
R6,2737,197,13.4601,-6.9371,80.2449,99.6432,5057.3800,0.0000,0.0000,Pass
R6,2737,198,13.6101,-6.9369,79.9589,99.6381,5021.3800,0.0000,0.0000,Pass
R6,2737,199,13.7615,-6.9361,79.6718,98.8841,4985.3800,0.0000,0.0000,Pass
R6,2737,200,13.9110,-6.9350,80.3163,99.7346,5066.3700,0.0000,0.0000,Pass
R6,2737,201,16.7684,-6.9252,80.6721,98.5477,5111.3700,0.0000,0.0000,Pass
R6,2737,202,16.9191,-6.9251,81.1677,97.7269,5174.3600,0.0000,0.0000,Pass
R6,2737,203,17.0695,-6.9246,80.6011,97.6300,5102.3700,0.0000,0.0000,Pass
R6,2737,204,17.2204,-6.9240,80.8849,98.2464,5138.3700,0.0000,0.0000,Pass
R6,2737,205,17.3711,-6.9230,80.8141,98.1824,5129.3700,0.0000,0.0000,Pass
R6,2737,206,14.2740,-7.0714,80.0305,97.4330,5030.3800,0.0000,0.0000,Pass
R6,2737,207,14.4384,-7.0710,80.8849,99.4083,5138.3700,0.0000,0.0000,Pass
R6,2737,208,14.6046,-7.0700,79.8872,97.6589,5012.3800,0.0000,0.0000,Pass
R6,2737,209,15.0987,-7.0685,80.6011,98.5663,5102.3700,0.0000,0.0000,Pass
R6,2737,210,15.4297,-7.0675,79.6718,99.2915,4985.3800,0.0000,0.0000,Pass
R6,2737,211,15.9239,-7.0661,80.9557,99.6958,5147.3600,0.0000,0.0000,Pass
R6,2737,212,16.0897,-7.0647,79.5278,98.9159,4967.3900,0.0000,0.0000,Pass
R6,2737,213,16.2544,-7.0648,79.8872,98.3353,5012.3800,0.0000,0.0000,Pass
R6,2737,214,14.7691,-7.0696,80.3876,99.3669,5075.3700,0.0000,0.0000,Pass
R6,2737,215,14.9340,-7.0692,80.9557,99.7435,5147.3600,0.0000,0.0000,Pass
R6,2737,216,15.2635,-7.0681,80.5300,97.3567,5093.3700,0.0000,0.0000,Pass
R6,2737,217,15.5946,-7.0666,80.6011,97.9861,5102.3700,0.0000,0.0000,Pass
R6,2737,218,15.7594,-7.0664,80.6011,97.3478,5102.3700,0.0000,0.0000,Pass
R6,2737,219,16.4197,-7.0642,79.7436,98.9287,4994.3800,0.0000,0.0000,Pass
R6,2737,220,13.3103,-7.0881,81.0971,99.3617,5165.3600,0.0000,0.0000,Pass
R6,2737,221,13.4607,-7.0869,80.8849,98.1312,5138.3700,0.0000,0.0000,Pass
R6,2737,222,13.6108,-7.0867,80.8141,98.3492,5129.3700,0.0000,0.0000,Pass
R6,2737,223,13.7603,-7.0863,81.1677,99.6075,5174.3600,0.0000,0.0000,Pass
R6,2737,224,13.9115,-7.0855,79.9589,99.2668,5021.3800,0.0000,0.0000,Pass
R6,2737,225,16.7693,-7.0756,80.7431,98.8299,5120.3700,0.0000,0.0000,Pass
R6,2737,226,16.9202,-7.0752,80.6011,98.2733,5102.3700,0.0000,0.0000,Pass
R6,2737,227,17.0696,-7.0745,80.3876,97.7951,5075.3700,0.0000,0.0000,Pass
R6,2737,228,17.2203,-7.0743,81.0265,98.3302,5156.3600,0.0000,0.0000,Pass
R6,2737,229,17.3718,-7.0742,81.3088,98.7282,5192.3600,0.0000,0.0000,Pass
R6,2737,230,13.3104,-7.2376,81.1677,99.4417,5174.3600,0.0000,0.0000,Pass
R6,2737,231,13.7621,-7.2368,80.8141,98.9501,5129.3700,0.0000,0.0000,Pass
R6,2737,232,13.9119,-7.2357,80.0305,98.1203,5030.3800,0.0000,0.0000,Pass
R6,2737,233,15.5947,-7.2315,80.6011,97.7271,5102.3700,0.0000,0.0000,Pass
R6,2737,234,16.7692,-7.2259,81.2383,99.2128,5183.3600,0.0000,0.0000,Pass
R6,2737,235,16.9197,-7.2253,81.2383,99.1469,5183.3600,0.0000,0.0000,Pass
R6,2737,236,17.0714,-7.2254,80.6011,98.1488,5102.3700,0.0000,0.0000,Pass
R6,2737,237,17.2213,-7.2245,80.3876,97.6524,5075.3700,0.0000,0.0000,Pass
R6,2737,238,17.3721,-7.2238,81.3792,98.4293,5201.3600,0.0000,0.0000,Pass
R6,2737,239,14.2746,-7.2361,80.3876,99.1814,5075.3700,0.0000,0.0000,Pass
R6,2737,240,14.4390,-7.2365,80.2449,98.9809,5057.3800,0.0000,0.0000,Pass
R6,2737,241,14.6044,-7.2353,79.7436,96.6657,4994.3800,0.0000,0.0000,Pass
R6,2737,242,14.7689,-7.2349,80.4588,99.2305,5084.3700,0.0000,0.0000,Pass
R6,2737,243,14.9346,-7.2341,80.1735,98.0221,5048.3800,0.0000,0.0000,Pass
R6,2737,244,15.0988,-7.2335,80.3163,98.4164,5066.3700,0.0000,0.0000,Pass
R6,2737,245,15.4298,-7.2324,79.5998,97.2867,4976.3900,0.0000,0.0000,Pass
R6,2737,246,15.7601,-7.2313,80.7431,99.2505,5120.3700,0.0000,0.0000,Pass
R6,2737,247,15.9256,-7.2306,80.3876,98.7265,5075.3700,0.0000,0.0000,Pass
R6,2737,248,16.0901,-7.2306,80.9557,99.0944,5147.3600,0.0000,0.0000,Pass
R6,2737,249,16.2558,-7.2296,80.5300,97.7054,5093.3700,0.0000,0.0000,Pass
R6,2737,250,16.4203,-7.2288,80.4588,98.6601,5084.3700,0.0000,0.0000,Pass
R6,2737,251,15.2647,-7.2330,79.7436,97.9669,4994.3800,0.0000,0.0000,Pass
R6,2737,252,13.3116,-7.3877,80.7431,98.0253,5120.3700,0.0000,0.0000,Pass
R6,2737,253,13.4618,-7.3871,80.6721,97.1348,5111.3700,0.0000,0.0000,Pass
R6,2737,254,13.6111,-7.3870,81.0971,98.9616,5165.3600,0.0000,0.0000,Pass
R6,2737,255,13.7620,-7.3867,80.3876,98.9695,5075.3700,0.0000,0.0000,Pass
R6,2737,256,13.9121,-7.3854,79.8872,98.5718,5012.3800,0.0000,0.0000,Pass
R6,2737,257,16.7697,-7.3764,80.3163,96.5707,5066.3700,0.0000,0.0000,Pass
R6,2737,258,16.9208,-7.3763,80.1735,98.6392,5048.3800,0.0000,0.0000,Pass
R6,2737,259,17.2213,-7.3751,81.0265,99.1522,5156.3600,0.0000,0.0000,Pass
R6,2737,260,17.0712,-7.3749,80.7431,98.7292,5120.3700,0.0000,0.0000,Pass
R6,2737,261,17.3725,-7.3741,80.9557,97.3190,5147.3600,0.0000,0.0000,Pass
R6,2737,262,14.2756,-7.4012,81.5901,98.9102,5228.3500,0.0000,0.0000,Pass
R6,2737,263,14.6049,-7.4000,79.5998,99.2843,4976.3900,0.0000,0.0000,Pass
R6,2737,264,14.7695,-7.3992,80.3163,97.9334,5066.3700,0.0000,0.0000,Pass
R6,2737,265,14.9355,-7.3982,80.6011,99.0977,5102.3700,0.0000,0.0000,Pass
R6,2737,266,15.1005,-7.3984,80.3163,97.8565,5066.3700,0.0000,0.0000,Pass
R6,2737,267,15.2651,-7.3978,79.9589,98.9285,5021.3800,0.0000,0.0000,Pass
R6,2737,268,15.4307,-7.3968,80.4588,98.5295,5084.3700,0.0000,0.0000,Pass
R6,2737,269,15.7603,-7.3958,80.8849,99.1124,5138.3700,0.0000,0.0000,Pass
R6,2737,270,15.9254,-7.3962,80.6011,98.3401,5102.3700,0.0000,0.0000,Pass
R6,2737,271,16.0908,-7.3947,80.6011,98.6427,5102.3700,0.0000,0.0000,Pass
R6,2737,272,16.2554,-7.3947,80.6721,99.3891,5111.3700,0.0000,0.0000,Pass
R6,2737,273,14.4400,-7.4008,79.9589,98.3653,5021.3800,0.0000,0.0000,Pass
R6,2737,274,15.5954,-7.3972,80.6011,97.0893,5102.3700,0.0000,0.0000,Pass
R6,2737,275,16.4208,-7.3935,80.6011,97.8735,5102.3700,0.0000,0.0000,Pass
R6,2737,276,13.4616,-7.5372,81.3088,99.1540,5192.3600,0.0000,0.0000,Pass
R6,2737,277,13.6121,-7.5370,80.8849,98.7667,5138.3700,0.0000,0.0000,Pass
R6,2737,278,13.3112,-7.5377,81.5199,98.5903,5219.3600,0.0000,0.0000,Pass
R6,2737,279,13.7630,-7.5363,80.9557,99.3080,5147.3600,0.0000,0.0000,Pass
R6,2737,280,13.9131,-7.5362,80.9557,99.6740,5147.3600,0.0000,0.0000,Pass
R6,2737,281,16.7710,-7.5264,80.8141,96.4528,5129.3700,0.0000,0.0000,Pass
R6,2737,282,16.9214,-7.5262,80.6011,96.9222,5102.3700,0.0000,0.0000,Pass
R6,2737,283,17.0716,-7.5255,80.6011,98.6106,5102.3700,0.0000,0.0000,Pass
R6,2737,284,17.2221,-7.5245,81.0971,98.1339,5165.3600,0.0000,0.0000,Pass
R6,2737,285,17.3733,-7.5235,80.8141,96.4577,5129.3700,0.0000,0.0000,Pass
R6,2737,286,14.7704,-7.5643,80.7431,98.2000,5120.3700,0.0000,0.0000,Pass
R6,2737,287,15.4307,-7.5619,81.0265,98.6749,5156.3600,0.0000,0.0000,Pass
R6,2737,288,15.7611,-7.5612,80.2449,99.3267,5057.3800,0.0000,0.0000,Pass
R6,2737,289,14.2755,-7.5661,80.6721,99.5157,5111.3700,0.0000,0.0000,Pass
R6,2737,290,14.4399,-7.5645,80.8141,97.5405,5129.3700,0.0000,0.0000,Pass
R6,2737,291,14.6051,-7.5650,80.6721,98.7283,5111.3700,0.0000,0.0000,Pass
R6,2737,292,14.9358,-7.5634,80.1020,97.2785,5039.3800,0.0000,0.0000,Pass
R6,2737,293,15.1006,-7.5632,80.2449,97.8969,5057.3800,0.0000,0.0000,Pass
R6,2737,294,15.2656,-7.5633,80.3876,98.4720,5075.3700,0.0000,0.0000,Pass
R6,2737,295,15.5959,-7.5613,80.4588,98.4633,5084.3700,0.0000,0.0000,Pass
R6,2737,296,15.9260,-7.5610,80.1735,100.0000,5048.3800,0.0000,0.0000,Pass
R6,2737,297,16.0911,-7.5601,80.9557,99.7335,5147.3600,0.0000,0.0000,Pass
R6,2737,298,16.2563,-7.5595,80.3163,98.1379,5066.3700,0.0000,0.0000,Pass
R6,2737,299,16.4208,-7.5581,80.7431,97.5647,5120.3700,0.0000,0.0000,Pass
R6,2737,300,13.3126,-7.6888,81.8705,99.6537,5264.3500,0.0000,0.0000,Pass
R6,2737,301,13.4634,-7.6876,81.0971,99.0481,5165.3600,0.0000,0.0000,Pass
R6,2737,302,13.6125,-7.6874,81.0971,99.9249,5165.3600,0.0000,0.0000,Pass
R6,2737,303,13.7633,-7.6868,80.8141,97.2080,5129.3700,0.0000,0.0000,Pass
R6,2737,304,13.9134,-7.6860,80.5300,99.4364,5093.3700,0.0000,0.0000,Pass
R6,2737,305,16.7716,-7.6762,81.3088,97.9558,5192.3600,0.0000,0.0000,Pass
R6,2737,306,16.9220,-7.6767,81.4496,99.2311,5210.3600,0.0000,0.0000,Pass
R6,2737,307,17.0723,-7.6756,80.3163,99.5951,5066.3700,0.0000,0.0000,Pass
R6,2737,308,17.2225,-7.6746,80.6011,98.1844,5102.3700,0.0000,0.0000,Pass
R6,2737,309,17.3735,-7.6741,80.3163,97.5463,5066.3700,0.0000,0.0000,Pass
R6,2737,310,14.2760,-7.7303,81.1677,99.3202,5174.3600,0.0000,0.0000,Pass
R6,2737,311,14.4411,-7.7299,81.0265,98.9882,5156.3600,0.0000,0.0000,Pass
R6,2737,312,14.6059,-7.7297,80.8849,98.5139,5138.3700,0.0000,0.0000,Pass
R6,2737,313,14.7709,-7.7294,80.6011,98.2086,5102.3700,0.0000,0.0000,Pass
R6,2737,314,14.9354,-7.7291,80.8849,99.0007,5138.3700,0.0000,0.0000,Pass
R6,2737,315,15.1013,-7.7280,80.3163,97.4443,5066.3700,0.0000,0.0000,Pass
R6,2737,316,15.4311,-7.7273,80.5300,97.6991,5093.3700,0.0000,0.0000,Pass
R6,2737,317,15.5963,-7.7264,80.5300,99.0140,5093.3700,0.0000,0.0000,Pass
R6,2737,318,15.7621,-7.7261,80.8141,99.0254,5129.3700,0.0000,0.0000,Pass
R6,2737,319,15.9265,-7.7254,80.5300,97.9949,5093.3700,0.0000,0.0000,Pass
R6,2737,320,16.0922,-7.7242,79.8154,99.6400,5003.3800,0.0000,0.0000,Pass
R6,2737,321,16.2567,-7.7245,80.8849,98.3615,5138.3700,0.0000,0.0000,Pass
R6,2737,322,16.4225,-7.7236,80.3163,96.4225,5066.3700,0.0000,0.0000,Pass
R6,2737,323,15.2664,-7.7269,81.0265,99.2481,5156.3600,0.0000,0.0000,Pass
R6,2737,324,13.3130,-7.8386,81.8705,98.8105,5264.3500,0.0000,0.0000,Pass
R6,2737,325,13.4632,-7.8379,81.1677,99.2964,5174.3600,0.0000,0.0000,Pass
R6,2737,326,13.6133,-7.8376,81.0265,99.1415,5156.3600,0.0000,0.0000,Pass
R6,2737,327,13.7635,-7.8375,81.4496,99.1998,5210.3600,0.0000,0.0000,Pass
R6,2737,328,13.9136,-7.8373,81.5901,98.0475,5228.3500,0.0000,0.0000,Pass
R6,2737,329,16.7720,-7.8271,81.2383,99.5863,5183.3600,0.0000,0.0000,Pass
R6,2737,330,17.0726,-7.8263,80.3163,98.0733,5066.3700,0.0000,0.0000,Pass
R6,2737,331,17.2230,-7.8255,80.8141,98.0162,5129.3700,0.0000,0.0000,Pass
R6,2737,332,17.3736,-7.8249,81.3088,97.6478,5192.3600,0.0000,0.0000,Pass
R6,2737,333,16.9222,-7.8263,80.5300,97.7054,5093.3700,0.0000,0.0000,Pass
R6,2737,334,14.2764,-7.8957,80.5300,98.5570,5093.3700,0.0000,0.0000,Pass
R6,2737,335,14.4415,-7.8947,80.5300,97.7173,5093.3700,0.0000,0.0000,Pass
R6,2737,336,14.6061,-7.8941,80.4588,98.3550,5084.3700,0.0000,0.0000,Pass
R6,2737,337,14.7710,-7.8943,80.5300,99.1054,5093.3700,0.0000,0.0000,Pass
R6,2737,338,14.9369,-7.8930,80.7431,98.4978,5120.3700,0.0000,0.0000,Pass
R6,2737,339,15.4320,-7.8917,80.3163,98.6824,5066.3700,0.0000,0.0000,Pass
R6,2737,340,15.5968,-7.8908,80.6721,99.0105,5111.3700,0.0000,0.0000,Pass
R6,2737,341,15.7615,-7.8912,80.9557,98.7875,5147.3600,0.0000,0.0000,Pass
R6,2737,342,15.9273,-7.8904,80.5300,98.1281,5093.3700,0.0000,0.0000,Pass
R6,2737,343,16.0919,-7.8888,80.6011,98.6150,5102.3700,0.0000,0.0000,Pass
R6,2737,344,16.2577,-7.8890,80.3876,97.8881,5075.3700,0.0000,0.0000,Pass
R6,2737,345,15.1016,-7.8925,80.3876,98.9919,5075.3700,0.0000,0.0000,Pass
R6,2737,346,15.2666,-7.8922,80.3163,97.5947,5066.3700,0.0000,0.0000,Pass
R6,2737,347,16.4232,-7.8879,81.2383,99.7195,5183.3600,0.0000,0.0000,Pass
R6,2737,348,13.7639,-7.9871,81.3088,99.4097,5192.3600,0.0000,0.0000,Pass
R6,2737,349,13.3130,-7.9887,81.7304,97.7758,5246.3500,0.0000,0.0000,Pass
R6,2737,350,13.4636,-7.9879,81.6603,98.0521,5237.3500,0.0000,0.0000,Pass
R6,2737,351,13.6138,-7.9873,81.4496,98.6870,5210.3600,0.0000,0.0000,Pass
R6,2737,352,13.9142,-7.9868,81.0971,98.8337,5165.3600,0.0000,0.0000,Pass
R6,2737,353,16.7724,-7.9772,80.8849,99.1308,5138.3700,0.0000,0.0000,Pass
R6,2737,354,16.9233,-7.9764,79.5278,98.6792,4967.3900,0.0000,0.0000,Pass
R6,2737,355,17.0732,-7.9760,80.1020,98.0504,5039.3800,0.0000,0.0000,Pass
R6,2737,356,17.3746,-7.9750,80.6721,97.5869,5111.3700,0.0000,0.0000,Pass
R6,2737,357,17.2243,-7.9760,80.4588,98.3845,5084.3700,0.0000,0.0000,Pass
R6,2737,358,13.4640,-8.1378,81.8705,98.2673,5264.3500,0.0000,0.0000,Pass
R6,2737,359,13.3141,-8.1396,81.4496,98.4082,5210.3600,0.0000,0.0000,Pass
R6,2737,360,13.6151,-8.1382,81.9404,97.5904,5273.3500,0.0000,0.0000,Pass
R6,2737,361,13.7647,-8.1372,81.5199,99.1965,5219.3600,0.0000,0.0000,Pass
R6,2737,362,13.9150,-8.1371,81.1677,99.4255,5174.3600,0.0000,0.0000,Pass
R6,2737,363,16.7723,-8.1273,81.2383,99.6476,5183.3600,0.0000,0.0000,Pass
R6,2737,364,16.9237,-8.1270,81.0971,97.5041,5165.3600,0.0000,0.0000,Pass
R6,2737,365,17.0736,-8.1263,80.6721,98.5080,5111.3700,0.0000,0.0000,Pass
R6,2737,366,17.2249,-8.1258,81.0971,99.5500,5165.3600,0.0000,0.0000,Pass
R6,2737,367,17.3754,-8.1247,80.8141,98.2153,5129.3700,0.0000,0.0000,Pass
R6,2737,368,13.3142,-8.2889,81.0971,99.1748,5165.3600,0.0000,0.0000,Pass
R6,2737,369,13.7645,-8.2874,82.2196,98.6089,5309.3400,0.0000,0.0000,Pass
R6,2737,370,14.0653,-8.2866,81.1677,99.0642,5174.3600,0.0000,0.0000,Pass
R6,2737,371,15.1186,-8.2833,80.6721,98.6437,5111.3700,0.0000,0.0000,Pass
R6,2737,372,15.4194,-8.2817,80.3876,98.1736,5075.3700,0.0000,0.0000,Pass
R6,2737,373,15.5698,-8.2820,80.3876,98.7031,5075.3700,0.0000,0.0000,Pass
R6,2737,374,16.0209,-8.2801,80.8849,99.2380,5138.3700,0.0000,0.0000,Pass
R6,2737,375,13.4640,-8.2882,81.6603,98.8698,5237.3500,0.0000,0.0000,Pass
R6,2737,376,13.6150,-8.2879,80.8849,97.4790,5138.3700,0.0000,0.0000,Pass
R6,2737,377,13.9158,-8.2864,81.3088,99.1953,5192.3600,0.0000,0.0000,Pass
R6,2737,378,14.2162,-8.2859,81.3088,99.3876,5192.3600,0.0000,0.0000,Pass
R6,2737,379,14.3661,-8.2852,81.0971,98.5921,5165.3600,0.0000,0.0000,Pass
R6,2737,380,14.5163,-8.2856,80.9557,99.4466,5147.3600,0.0000,0.0000,Pass
R6,2737,381,14.6672,-8.2842,80.7431,97.6251,5120.3700,0.0000,0.0000,Pass
R6,2737,382,14.8175,-8.2841,80.8141,98.5105,5129.3700,0.0000,0.0000,Pass
R6,2737,383,14.9682,-8.2834,80.4588,98.6480,5084.3700,0.0000,0.0000,Pass
R6,2737,384,15.2685,-8.2823,80.1020,99.0516,5039.3800,0.0000,0.0000,Pass
R6,2737,385,15.7199,-8.2811,80.7431,99.4355,5120.3700,0.0000,0.0000,Pass
R6,2737,386,15.8699,-8.2805,80.4588,98.8642,5084.3700,0.0000,0.0000,Pass
R6,2737,387,16.1716,-8.2792,80.3163,98.4130,5066.3700,0.0000,0.0000,Pass
R6,2737,388,16.3222,-8.2790,80.3163,98.5964,5066.3700,0.0000,0.0000,Pass
R6,2737,389,16.4727,-8.2783,81.0971,99.9249,5165.3600,0.0000,0.0000,Pass
R6,2737,390,16.6226,-8.2774,80.4588,97.7300,5084.3700,0.0000,0.0000,Pass
R6,2737,391,16.7734,-8.2781,80.2449,97.7916,5057.3800,0.0000,0.0000,Pass
R6,2737,392,17.0746,-8.2760,80.9557,98.9009,5147.3600,0.0000,0.0000,Pass
R6,2737,393,17.2248,-8.2764,80.3876,97.3412,5075.3700,0.0000,0.0000,Pass
R6,2737,394,16.9236,-8.2772,80.3163,98.6291,5066.3700,0.0000,0.0000,Pass
R6,2737,395,17.3755,-8.2749,80.9557,99.2674,5147.3600,0.0000,0.0000,Pass
R6,2737,396,13.3138,-8.4393,81.5199,98.9939,5219.3600,0.0000,0.0000,Pass
R6,2737,397,14.2165,-8.4361,81.0265,99.6960,5156.3600,0.0000,0.0000,Pass
R6,2737,398,15.8712,-8.4308,80.9557,99.7511,5147.3600,0.0000,0.0000,Pass
R6,2737,399,13.4651,-8.4386,81.7304,98.1509,5246.3500,0.0000,0.0000,Pass
R6,2737,400,13.6155,-8.4392,81.9404,98.9777,5273.3500,0.0000,0.0000,Pass
R6,2737,401,13.7658,-8.4381,81.5199,99.1208,5219.3600,0.0000,0.0000,Pass
R6,2737,402,13.9164,-8.4371,81.2383,98.6325,5183.3600,0.0000,0.0000,Pass
R6,2737,403,14.0660,-8.4370,80.5300,99.6405,5093.3700,0.0000,0.0000,Pass
R6,2737,404,14.3662,-8.4359,81.0265,99.2168,5156.3600,0.0000,0.0000,Pass
R6,2737,405,14.5176,-8.4351,80.2449,99.9885,5057.3800,0.0000,0.0000,Pass
R6,2737,406,14.6677,-8.4353,80.7431,98.2686,5120.3700,0.0000,0.0000,Pass
R6,2737,407,14.8184,-8.4340,80.6721,99.1269,5111.3700,0.0000,0.0000,Pass
R6,2737,408,14.9684,-8.4340,80.9557,99.0858,5147.3600,0.0000,0.0000,Pass
R6,2737,409,15.1184,-8.4334,80.3876,99.0178,5075.3700,0.0000,0.0000,Pass
R6,2737,410,15.2691,-8.4324,80.4588,97.0435,5084.3700,0.0000,0.0000,Pass
R6,2737,411,15.4195,-8.4318,80.3163,98.4357,5066.3700,0.0000,0.0000,Pass
R6,2737,412,15.5701,-8.4320,80.5300,98.7364,5093.3700,0.0000,0.0000,Pass
R6,2737,413,15.7201,-8.4311,80.7431,99.6700,5120.3700,0.0000,0.0000,Pass
R6,2737,414,16.0215,-8.4307,80.8141,98.9736,5129.3700,0.0000,0.0000,Pass
R6,2737,415,16.1718,-8.4306,80.5300,98.6424,5093.3700,0.0000,0.0000,Pass
R6,2737,416,16.3219,-8.4291,79.8872,97.6753,5012.3800,0.0000,0.0000,Pass
R6,2737,417,16.4722,-8.4290,80.7431,98.8015,5120.3700,0.0000,0.0000,Pass
R6,2737,418,16.7731,-8.4279,80.7431,98.4430,5120.3700,0.0000,0.0000,Pass
R6,2737,419,16.6233,-8.4284,80.6011,98.6994,5102.3700,0.0000,0.0000,Pass
R6,2737,420,16.9244,-8.4273,80.5300,97.9248,5093.3700,0.0000,0.0000,Pass
R6,2737,421,17.0749,-8.4270,80.9557,99.7511,5147.3600,0.0000,0.0000,Pass
R6,2737,422,17.2251,-8.4262,80.8141,96.5750,5129.3700,0.0000,0.0000,Pass
R6,2737,423,17.3755,-8.4255,81.3792,98.9167,5201.3600,0.0000,0.0000,Pass
R6,2737,424,15.4195,-8.5824,80.3163,97.9829,5066.3700,0.0000,0.0000,Pass
R6,2737,425,13.3149,-8.5895,81.8005,99.4376,5255.3500,0.0000,0.0000,Pass
R6,2737,426,13.9164,-8.5865,80.8141,99.0881,5129.3700,0.0000,0.0000,Pass
R6,2737,427,14.2168,-8.5868,81.4496,99.2703,5210.3600,0.0000,0.0000,Pass
R6,2737,428,14.8185,-8.5844,80.8849,98.7051,5138.3700,0.0000,0.0000,Pass
R6,2737,429,15.1193,-8.5830,80.7431,98.9929,5120.3700,0.0000,0.0000,Pass
R6,2737,430,15.5701,-8.5822,80.2449,97.9040,5057.3800,0.0000,0.0000,Pass
R6,2737,431,15.7202,-8.5810,80.8141,98.3635,5129.3700,0.0000,0.0000,Pass
R6,2737,432,15.8716,-8.5811,80.6011,98.3282,5102.3700,0.0000,0.0000,Pass
R6,2737,433,16.0222,-8.5808,80.3163,98.7421,5066.3700,0.0000,0.0000,Pass
R6,2737,434,16.1717,-8.5797,80.6721,99.0212,5111.3700,0.0000,0.0000,Pass
R6,2737,435,16.4727,-8.5792,79.9589,99.3462,5021.3800,0.0000,0.0000,Pass
R6,2737,436,13.7660,-8.5883,81.4496,98.5789,5210.3600,0.0000,0.0000,Pass
R6,2737,437,14.0670,-8.5871,81.0971,99.7521,5165.3600,0.0000,0.0000,Pass
R6,2737,438,14.3678,-8.5866,81.5199,98.3817,5219.3600,0.0000,0.0000,Pass
R6,2737,439,14.5175,-8.5858,80.8849,98.8219,5138.3700,0.0000,0.0000,Pass
R6,2737,440,14.6687,-8.5851,80.5300,98.2125,5093.3700,0.0000,0.0000,Pass
R6,2737,441,14.9691,-8.5839,80.1735,100.0000,5048.3800,0.0000,0.0000,Pass
R6,2737,442,15.2697,-8.5831,80.3163,97.9637,5066.3700,0.0000,0.0000,Pass
R6,2737,443,16.3225,-8.5795,80.6721,97.3007,5111.3700,0.0000,0.0000,Pass
R6,2737,444,16.6240,-8.5788,80.5300,98.9403,5093.3700,0.0000,0.0000,Pass
R6,2737,445,16.7744,-8.5777,80.5300,97.6581,5093.3700,0.0000,0.0000,Pass
R6,2737,446,17.0753,-8.5766,80.6011,97.2558,5102.3700,0.0000,0.0000,Pass
R6,2737,447,17.2259,-8.5766,80.9557,96.2213,5147.3600,0.0000,0.0000,Pass
R6,2737,448,17.3769,-8.5760,81.0265,98.9320,5156.3600,0.0000,0.0000,Pass
R6,2737,449,16.9248,-8.5775,80.4588,98.7405,5084.3700,0.0000,0.0000,Pass
R6,2737,450,13.3157,-8.7398,82.1499,99.9033,5300.3500,0.0000,0.0000,Pass
R6,2737,451,14.2178,-8.7369,81.7304,98.5318,5246.3500,0.0000,0.0000,Pass
R6,2737,452,15.7213,-8.7318,79.8872,97.1075,5012.3800,0.0000,0.0000,Pass
R6,2737,453,13.4663,-8.7390,81.0265,99.8894,5156.3600,0.0000,0.0000,Pass
R6,2737,454,13.6163,-8.7387,81.5199,99.2299,5219.3600,0.0000,0.0000,Pass
R6,2737,455,13.7665,-8.7381,81.1677,97.2883,5174.3600,0.0000,0.0000,Pass
R6,2737,456,13.9164,-8.7375,81.5901,98.1251,5228.3500,0.0000,0.0000,Pass
R6,2737,457,14.0676,-8.7369,81.6603,98.8462,5237.3500,0.0000,0.0000,Pass
R6,2737,458,14.3679,-8.7364,81.6603,99.1746,5237.3500,0.0000,0.0000,Pass
R6,2737,459,14.5191,-8.7352,81.3088,99.4755,5192.3600,0.0000,0.0000,Pass
R6,2737,460,14.6681,-8.7352,80.1020,99.1425,5039.3800,0.0000,0.0000,Pass
R6,2737,461,14.8192,-8.7348,81.0971,99.5500,5165.3600,0.0000,0.0000,Pass
R6,2737,462,14.9695,-8.7340,80.6011,98.3089,5102.3700,0.0000,0.0000,Pass
R6,2737,463,15.1191,-8.7343,80.8141,99.3837,5129.3700,0.0000,0.0000,Pass
R6,2737,464,15.2704,-8.7328,79.4557,99.3621,4958.3900,0.0000,0.0000,Pass
R6,2737,465,15.4208,-8.7330,80.3163,98.1079,5066.3700,0.0000,0.0000,Pass
R6,2737,466,15.5708,-8.7317,80.6011,98.8984,5102.3700,0.0000,0.0000,Pass
R6,2737,467,15.8720,-8.7310,80.1735,98.5999,5048.3800,0.0000,0.0000,Pass
R6,2737,468,16.0228,-8.7310,81.0971,99.7270,5165.3600,0.0000,0.0000,Pass
R6,2737,469,16.1729,-8.7302,80.8849,97.1419,5138.3700,0.0000,0.0000,Pass
R6,2737,470,16.3232,-8.7301,80.1735,98.9577,5048.3800,0.0000,0.0000,Pass
R6,2737,471,16.4732,-8.7286,80.4588,98.6941,5084.3700,0.0000,0.0000,Pass
R6,2737,472,16.9247,-8.7270,81.0971,99.0106,5165.3600,0.0000,0.0000,Pass
R6,2737,473,17.0754,-8.7276,80.3163,98.6081,5066.3700,0.0000,0.0000,Pass
R6,2737,474,16.6246,-8.7285,80.6721,97.9526,5111.3700,0.0000,0.0000,Pass
R6,2737,475,16.7750,-8.7286,81.0971,98.9845,5165.3600,0.0000,0.0000,Pass
R6,2737,476,17.2267,-8.7267,80.8141,97.3366,5129.3700,0.0000,0.0000,Pass
R6,2737,477,17.3768,-8.7258,82.1499,97.4342,5300.3500,0.0000,0.0000,Pass
R6,2737,478,13.4667,-8.8899,81.6603,99.6460,5237.3500,0.0000,0.0000,Pass
R6,2737,479,13.6166,-8.8892,81.6603,99.3355,5237.3500,0.0000,0.0000,Pass
R6,2737,480,13.7664,-8.8885,81.8005,99.6422,5255.3500,0.0000,0.0000,Pass
R6,2737,481,13.9178,-8.8875,81.9404,98.5162,5273.3500,0.0000,0.0000,Pass
R6,2737,482,14.0675,-8.8873,82.2196,98.1945,5309.3400,0.0000,0.0000,Pass
R6,2737,483,14.2182,-8.8872,81.7304,99.1968,5246.3500,0.0000,0.0000,Pass
R6,2737,484,14.5184,-8.8864,81.2383,99.1171,5183.3600,0.0000,0.0000,Pass
R6,2737,485,15.1203,-8.8841,81.8005,99.0677,5255.3500,0.0000,0.0000,Pass
R6,2737,486,15.2710,-8.8836,80.6011,99.1589,5102.3700,0.0000,0.0000,Pass
R6,2737,487,15.4216,-8.8832,81.1677,99.3842,5174.3600,0.0000,0.0000,Pass
R6,2737,488,15.5720,-8.8823,80.6721,97.1348,5111.3700,0.0000,0.0000,Pass
R6,2737,489,15.7216,-8.8815,81.0265,98.9768,5156.3600,0.0000,0.0000,Pass
R6,2737,490,15.8719,-8.8813,81.0971,97.2483,5165.3600,0.0000,0.0000,Pass
R6,2737,491,16.1736,-8.8803,81.0971,96.7377,5165.3600,0.0000,0.0000,Pass
R6,2737,492,16.3239,-8.8799,80.6721,99.3530,5111.3700,0.0000,0.0000,Pass
R6,2737,493,16.4745,-8.8787,81.1677,98.9603,5174.3600,0.0000,0.0000,Pass
R6,2737,494,14.3687,-8.8863,81.7304,98.8713,5246.3500,0.0000,0.0000,Pass
R6,2737,495,14.6692,-8.8857,81.0265,98.8042,5156.3600,0.0000,0.0000,Pass
R6,2737,496,14.8190,-8.8841,82.1499,98.9658,5300.3500,0.0000,0.0000,Pass
R6,2737,497,14.9699,-8.8841,81.2383,99.0631,5183.3600,0.0000,0.0000,Pass
R6,2737,498,16.0230,-8.8806,81.0971,98.6430,5165.3600,0.0000,0.0000,Pass
R6,2737,499,16.6248,-8.8788,81.1677,98.7692,5174.3600,0.0000,0.0000,Pass
R6,2737,500,16.7745,-8.8781,81.3088,98.8335,5192.3600,0.0000,0.0000,Pass
R6,2737,501,16.9256,-8.8781,81.3088,98.8203,5192.3600,0.0000,0.0000,Pass
R6,2737,502,17.0770,-8.8776,81.4496,98.6045,5210.3600,0.0000,0.0000,Pass
R6,2737,503,17.2274,-8.8765,81.3088,96.5730,5192.3600,0.0000,0.0000,Pass
R6,4918,1,6.2462,-138.1860,81.0265,99.2136,5156.3600,0.0000,0.0000,Pass
R6,4918,2,6.5472,-138.1840,81.8005,99.5359,5255.3500,0.0000,0.0000,Pass
R6,4918,3,7.6005,-138.1810,81.3792,97.6482,5201.3600,0.0000,0.0000,Pass
R6,4918,4,4.2910,-138.1920,81.8705,98.1154,5264.3500,0.0000,0.0000,Pass
R6,4918,5,4.4413,-138.1920,80.9557,99.2232,5147.3600,0.0000,0.0000,Pass
R6,4918,6,4.5916,-138.1910,82.0103,99.1424,5282.3500,0.0000,0.0000,Pass
R6,4918,7,4.7425,-138.1900,81.5901,99.5250,5228.3500,0.0000,0.0000,Pass
R6,4918,8,4.8925,-138.1900,81.8705,99.3884,5264.3500,0.0000,0.0000,Pass
R6,4918,9,5.0430,-138.1900,82.2196,99.1305,5309.3400,0.0000,0.0000,Pass
R6,4918,10,5.1936,-138.1890,82.0103,99.2036,5282.3500,0.0000,0.0000,Pass
R6,4918,11,5.3434,-138.1880,81.9404,99.7668,5273.3500,0.0000,0.0000,Pass
R6,4918,12,5.4943,-138.1890,81.7304,97.2968,5246.3500,0.0000,0.0000,Pass
R6,4918,13,5.6439,-138.1870,82.0103,98.2805,5282.3500,0.0000,0.0000,Pass
R6,4918,14,5.7945,-138.1870,81.7304,99.3686,5246.3500,0.0000,0.0000,Pass
R6,4918,15,5.9456,-138.1860,81.8005,97.9296,5255.3500,0.0000,0.0000,Pass
R6,4918,16,6.0956,-138.1860,81.6603,97.9475,5237.3500,0.0000,0.0000,Pass
R6,4918,17,6.3963,-138.1850,81.3088,98.8743,5192.3600,0.0000,0.0000,Pass
R6,4918,18,6.6977,-138.1840,81.3792,99.3232,5201.3600,0.0000,0.0000,Pass
R6,4918,19,6.8483,-138.1840,81.3792,99.6129,5201.3600,0.0000,0.0000,Pass
R6,4918,20,6.9982,-138.1830,81.6603,98.2273,5237.3500,0.0000,0.0000,Pass
R6,4918,21,7.1486,-138.1830,82.0801,97.9627,5291.3500,0.0000,0.0000,Pass
R6,4918,22,7.2994,-138.1820,81.2383,97.4229,5183.3600,0.0000,0.0000,Pass
R6,4918,23,7.4505,-138.1820,81.6603,97.2269,5237.3500,0.0000,0.0000,Pass
R6,4918,24,7.7511,-138.1810,81.5901,98.9682,5228.3500,0.0000,0.0000,Pass
R6,4918,25,7.9016,-138.1800,81.7304,97.6012,5246.3500,0.0000,0.0000,Pass
R6,4918,26,8.0521,-138.1800,81.3088,98.7282,5192.3600,0.0000,0.0000,Pass
R6,4918,27,4.1410,-138.3430,81.3792,98.9322,5201.3600,0.0000,0.0000,Pass
R6,4918,28,4.2917,-138.3430,81.5199,98.8760,5219.3600,0.0000,0.0000,Pass
R6,4918,29,4.4421,-138.3420,81.1677,99.0989,5174.3600,0.0000,0.0000,Pass
R6,4918,30,4.5926,-138.3420,81.6603,99.1105,5237.3500,0.0000,0.0000,Pass
R6,4918,31,5.0434,-138.3400,81.9404,99.4494,5273.3500,0.0000,0.0000,Pass
R6,4918,32,5.7956,-138.3370,81.5199,98.9918,5219.3600,0.0000,0.0000,Pass
R6,4918,33,6.2464,-138.3360,80.9557,99.6729,5147.3600,0.0000,0.0000,Pass
R6,4918,34,6.5481,-138.3350,80.8849,97.6109,5138.3700,0.0000,0.0000,Pass
R6,4918,35,6.6981,-138.3340,80.9557,98.3867,5147.3600,0.0000,0.0000,Pass
R6,4918,36,6.8485,-138.3340,81.3088,99.3147,5192.3600,0.0000,0.0000,Pass
R6,4918,37,7.2995,-138.3330,80.8141,97.4179,5129.3700,0.0000,0.0000,Pass
R6,4918,38,7.4505,-138.3320,81.2383,97.2963,5183.3600,0.0000,0.0000,Pass
R6,4918,39,8.0525,-138.3300,81.0971,97.8894,5165.3600,0.0000,0.0000,Pass
R6,4918,40,4.7428,-138.3400,81.8705,98.5847,5264.3500,0.0000,0.0000,Pass
R6,4918,41,4.8926,-138.3410,81.9404,98.9022,5273.3500,0.0000,0.0000,Pass
R6,4918,42,5.1937,-138.3400,81.5199,99.3688,5219.3600,0.0000,0.0000,Pass
R6,4918,43,5.3437,-138.3390,81.8005,99.2478,5255.3500,0.0000,0.0000,Pass
R6,4918,44,5.4942,-138.3390,82.6366,99.9666,5363.3400,0.0000,0.0000,Pass
R6,4918,45,5.6449,-138.3380,80.8849,99.3760,5138.3700,0.0000,0.0000,Pass
R6,4918,46,5.9456,-138.3370,80.9557,98.3633,5147.3600,0.0000,0.0000,Pass
R6,4918,47,6.0962,-138.3360,81.1677,99.0396,5174.3600,0.0000,0.0000,Pass
R6,4918,48,6.3967,-138.3360,80.8849,98.2222,5138.3700,0.0000,0.0000,Pass
R6,4918,49,6.9986,-138.3340,81.3088,98.7405,5192.3600,0.0000,0.0000,Pass
R6,4918,50,7.1501,-138.3330,81.4496,97.6949,5210.3600,0.0000,0.0000,Pass
R6,4918,51,7.6015,-138.3320,81.0971,99.0342,5165.3600,0.0000,0.0000,Pass
R6,4918,52,7.7513,-138.3310,80.9557,98.7672,5147.3600,0.0000,0.0000,Pass
R6,4918,53,7.9020,-138.3300,81.1677,99.0091,5174.3600,0.0000,0.0000,Pass
R6,4918,54,8.2044,-138.3290,81.6603,98.5510,5237.3500,0.0000,0.0000,Pass
R6,4918,55,4.1416,-138.4930,81.9404,99.1086,5273.3500,0.0000,0.0000,Pass
R6,4918,56,4.2923,-138.4930,81.5199,98.7464,5219.3600,0.0000,0.0000,Pass
R6,4918,57,4.4423,-138.4920,81.0265,98.7465,5156.3600,0.0000,0.0000,Pass
R6,4918,58,4.5925,-138.4920,81.3792,98.2672,5201.3600,0.0000,0.0000,Pass
R6,4918,59,4.7434,-138.4910,81.6603,99.7321,5237.3500,0.0000,0.0000,Pass
R6,4918,60,4.8933,-138.4910,81.1677,98.7201,5174.3600,0.0000,0.0000,Pass
R6,4918,61,5.0438,-138.4900,81.2383,99.7049,5183.3600,0.0000,0.0000,Pass
R6,4918,62,5.3445,-138.4900,81.9404,98.4850,5273.3500,0.0000,0.0000,Pass
R6,4918,63,5.4952,-138.4890,82.0801,98.4604,5291.3500,0.0000,0.0000,Pass
R6,4918,64,5.6450,-138.4880,81.7304,98.9058,5246.3500,0.0000,0.0000,Pass
R6,4918,65,6.0966,-138.4870,80.9557,98.4576,5147.3600,0.0000,0.0000,Pass
R6,4918,66,6.2476,-138.4860,80.4588,98.5977,5084.3700,0.0000,0.0000,Pass
R6,4918,67,6.3970,-138.4860,80.5300,99.3978,5093.3700,0.0000,0.0000,Pass
R6,4918,68,6.5490,-138.4860,81.2383,99.1128,5183.3600,0.0000,0.0000,Pass
R6,4918,69,6.6987,-138.4840,81.5901,98.1251,5228.3500,0.0000,0.0000,Pass
R6,4918,70,6.8488,-138.4840,81.7304,98.7271,5246.3500,0.0000,0.0000,Pass
R6,4918,71,6.9992,-138.4840,81.3792,98.2888,5201.3600,0.0000,0.0000,Pass
R6,4918,72,7.4508,-138.4830,80.7431,97.8474,5120.3700,0.0000,0.0000,Pass
R6,4918,73,7.6020,-138.4820,81.0971,98.9616,5165.3600,0.0000,0.0000,Pass
R6,4918,74,7.7520,-138.4810,81.5901,98.9826,5228.3500,0.0000,0.0000,Pass
R6,4918,75,7.9025,-138.4810,81.1677,98.4320,5174.3600,0.0000,0.0000,Pass
R6,4918,76,8.0531,-138.4800,81.3792,97.4410,5201.3600,0.0000,0.0000,Pass
R6,4918,77,5.1939,-138.4900,81.5901,99.4326,5228.3500,0.0000,0.0000,Pass
R6,4918,78,5.7957,-138.4880,81.3792,98.6256,5201.3600,0.0000,0.0000,Pass
R6,4918,79,5.9468,-138.4870,81.0265,99.4060,5156.3600,0.0000,0.0000,Pass
R6,4918,80,7.1498,-138.4830,80.6011,98.0534,5102.3700,0.0000,0.0000,Pass
R6,4918,81,7.3008,-138.4830,80.6011,98.7059,5102.3700,0.0000,0.0000,Pass
R6,4918,82,8.2044,-138.4800,81.6603,98.7196,5237.3500,0.0000,0.0000,Pass
R6,4918,83,4.1423,-138.6440,81.3088,98.9135,5192.3600,0.0000,0.0000,Pass
R6,4918,84,4.4427,-138.6420,81.3792,99.4034,5201.3600,0.0000,0.0000,Pass
R6,4918,85,7.1508,-138.6340,80.9557,98.8258,5147.3600,0.0000,0.0000,Pass
R6,4918,86,8.0540,-138.6310,81.2383,97.8331,5183.3600,0.0000,0.0000,Pass
R6,4918,87,4.2925,-138.6430,81.5901,98.9826,5228.3500,0.0000,0.0000,Pass
R6,4918,88,4.5931,-138.6420,81.0971,99.5500,5165.3600,0.0000,0.0000,Pass
R6,4918,89,4.7434,-138.6410,81.7304,98.8197,5246.3500,0.0000,0.0000,Pass
R6,4918,90,4.8934,-138.6410,81.3088,99.2082,5192.3600,0.0000,0.0000,Pass
R6,4918,91,5.0450,-138.6400,81.6603,99.4916,5237.3500,0.0000,0.0000,Pass
R6,4918,92,5.1940,-138.6400,81.4496,98.9268,5210.3600,0.0000,0.0000,Pass
R6,4918,93,5.3448,-138.6400,81.4496,98.7278,5210.3600,0.0000,0.0000,Pass
R6,4918,94,5.4954,-138.6390,81.5901,99.0485,5228.3500,0.0000,0.0000,Pass
R6,4918,95,5.6460,-138.6380,81.1677,98.9131,5174.3600,0.0000,0.0000,Pass
R6,4918,96,5.7963,-138.6380,81.3088,98.5970,5192.3600,0.0000,0.0000,Pass
R6,4918,97,5.9468,-138.6370,81.0265,98.9414,5156.3600,0.0000,0.0000,Pass
R6,4918,98,6.0968,-138.6370,80.8849,98.9473,5138.3700,0.0000,0.0000,Pass
R6,4918,99,6.2482,-138.6370,80.9557,99.2219,5147.3600,0.0000,0.0000,Pass
R6,4918,100,6.3983,-138.6360,80.9557,98.2226,5147.3600,0.0000,0.0000,Pass
R6,4918,101,6.5489,-138.6360,81.0265,99.8894,5156.3600,0.0000,0.0000,Pass
R6,4918,102,6.6996,-138.6350,81.0971,98.6615,5165.3600,0.0000,0.0000,Pass
R6,4918,103,6.8498,-138.6340,80.7431,98.9849,5120.3700,0.0000,0.0000,Pass
R6,4918,104,7.0005,-138.6340,81.3088,98.6036,5192.3600,0.0000,0.0000,Pass
R6,4918,105,7.3012,-138.6330,81.0971,99.2677,5165.3600,0.0000,0.0000,Pass
R6,4918,106,7.4516,-138.6320,80.8141,97.6918,5129.3700,0.0000,0.0000,Pass
R6,4918,107,7.6020,-138.6320,81.0265,98.6342,5156.3600,0.0000,0.0000,Pass
R6,4918,108,7.7524,-138.6320,81.1677,97.1697,5174.3600,0.0000,0.0000,Pass
R6,4918,109,7.9031,-138.6310,81.5901,97.6762,5228.3500,0.0000,0.0000,Pass
R6,4918,110,8.2044,-138.6300,81.4496,98.1203,5210.3600,0.0000,0.0000,Pass
R6,4918,111,4.1427,-138.7940,81.3792,98.9554,5201.3600,0.0000,0.0000,Pass
R6,4918,112,4.2930,-138.7930,81.5901,98.6681,5228.3500,0.0000,0.0000,Pass
R6,4918,113,4.4433,-138.7920,81.4496,99.1759,5210.3600,0.0000,0.0000,Pass
R6,4918,114,4.5932,-138.7920,81.5199,99.2319,5219.3600,0.0000,0.0000,Pass
R6,4918,115,4.8935,-138.7910,81.5199,98.9502,5219.3600,0.0000,0.0000,Pass
R6,4918,116,5.0449,-138.7910,81.8705,97.6926,5264.3500,0.0000,0.0000,Pass
R6,4918,117,5.1954,-138.7900,81.5901,99.5141,5228.3500,0.0000,0.0000,Pass
R6,4918,118,5.3457,-138.7890,81.8005,97.9296,5255.3500,0.0000,0.0000,Pass
R6,4918,119,5.6461,-138.7890,81.0971,98.9616,5165.3600,0.0000,0.0000,Pass
R6,4918,120,5.7966,-138.7880,80.9557,97.3106,5147.3600,0.0000,0.0000,Pass
R6,4918,121,6.2485,-138.7870,81.3792,98.7557,5201.3600,0.0000,0.0000,Pass
R6,4918,122,6.3984,-138.7860,81.0971,99.0588,5165.3600,0.0000,0.0000,Pass
R6,4918,123,6.6991,-138.7850,80.7431,97.5499,5120.3700,0.0000,0.0000,Pass
R6,4918,124,6.8499,-138.7850,80.8849,98.4217,5138.3700,0.0000,0.0000,Pass
R6,4918,125,7.0007,-138.7840,81.7304,98.8197,5246.3500,0.0000,0.0000,Pass
R6,4918,126,7.6023,-138.7820,81.0971,99.0958,5165.3600,0.0000,0.0000,Pass
R6,4918,127,7.7531,-138.7820,81.0265,98.1975,5156.3600,0.0000,0.0000,Pass
R6,4918,128,4.7439,-138.7920,81.1677,97.9634,5174.3600,0.0000,0.0000,Pass
R6,4918,129,5.4961,-138.7890,81.5901,98.9826,5228.3500,0.0000,0.0000,Pass
R6,4918,130,5.9474,-138.7870,81.6603,99.2008,5237.3500,0.0000,0.0000,Pass
R6,4918,131,6.0979,-138.7870,81.2383,99.6634,5183.3600,0.0000,0.0000,Pass
R6,4918,132,6.5492,-138.7850,80.8141,98.5105,5129.3700,0.0000,0.0000,Pass
R6,4918,133,7.1512,-138.7840,81.0971,99.7471,5165.3600,0.0000,0.0000,Pass
R6,4918,134,7.3012,-138.7840,81.1677,99.6524,5174.3600,0.0000,0.0000,Pass
R6,4918,135,7.4521,-138.7830,80.4588,97.4388,5084.3700,0.0000,0.0000,Pass
R6,4918,136,7.9039,-138.7810,81.1677,99.3520,5174.3600,0.0000,0.0000,Pass
R6,4918,137,8.0542,-138.7810,81.2383,99.7100,5183.3600,0.0000,0.0000,Pass
R6,4918,138,8.2050,-138.7800,81.2383,99.7195,5183.3600,0.0000,0.0000,Pass
R6,4918,139,4.2933,-138.9420,79.8154,99.3001,5003.3800,0.0000,0.0000,Pass
R6,4918,140,4.1430,-138.9430,79.8154,97.7895,5003.3800,0.0000,0.0000,Pass
R6,4918,141,4.4437,-138.9420,80.1020,98.1136,5039.3800,0.0000,0.0000,Pass
R6,4918,142,4.5937,-138.9410,79.5278,97.6796,4967.3900,0.0000,0.0000,Pass
R6,4918,143,4.7445,-138.9410,80.1735,96.1159,5048.3800,0.0000,0.0000,Pass
R6,4918,144,7.6022,-138.9320,79.3836,95.7455,4949.3900,0.0000,0.0000,Pass
R6,4918,145,7.9045,-138.9300,79.6718,96.4533,4985.3800,0.0000,0.0000,Pass
R6,4918,146,8.2052,-138.9290,80.1735,95.2501,5048.3800,0.0000,0.0000,Pass
R6,4918,147,7.7541,-138.9310,79.4557,93.7361,4958.3900,0.0000,0.0000,Pass
R6,4918,148,8.0549,-138.9300,79.5998,95.2750,4976.3900,0.0000,0.0000,Pass
R6,4918,149,4.1433,-139.0920,81.3792,99.6129,5201.3600,0.0000,0.0000,Pass
R6,4918,150,4.2938,-139.0920,81.6603,99.1274,5237.3500,0.0000,0.0000,Pass
R6,4918,151,4.4437,-139.0910,81.7304,98.5608,5246.3500,0.0000,0.0000,Pass
R6,4918,152,4.5945,-139.0900,82.6366,98.7457,5363.3400,0.0000,0.0000,Pass
R6,4918,153,4.7454,-139.0900,81.3088,99.2768,5192.3600,0.0000,0.0000,Pass
R6,4918,154,7.6035,-139.0810,81.4496,99.1474,5210.3600,0.0000,0.0000,Pass
R6,4918,155,7.7538,-139.0800,80.9557,97.6732,5147.3600,0.0000,0.0000,Pass
R6,4918,156,7.9048,-139.0790,81.0971,97.3643,5165.3600,0.0000,0.0000,Pass
R6,4918,157,8.2054,-139.0780,80.9557,98.8095,5147.3600,0.0000,0.0000,Pass
R6,4918,158,8.0548,-139.0790,80.9557,97.1108,5147.3600,0.0000,0.0000,Pass
R6,4918,159,5.2740,-139.1960,81.8705,98.8248,5264.3500,0.0000,0.0000,Pass
R6,4918,160,6.2639,-139.1930,80.9557,99.5429,5147.3600,0.0000,0.0000,Pass
R6,4918,161,6.7592,-139.1910,81.7304,98.5503,5246.3500,0.0000,0.0000,Pass
R6,4918,162,5.4384,-139.1950,81.8705,99.5868,5264.3500,0.0000,0.0000,Pass
R6,4918,163,5.6032,-139.1950,81.7304,99.1968,5246.3500,0.0000,0.0000,Pass
R6,4918,164,5.7686,-139.1940,81.4496,98.8534,5210.3600,0.0000,0.0000,Pass
R6,4918,165,5.9337,-139.1940,81.6603,99.2897,5237.3500,0.0000,0.0000,Pass
R6,4918,166,6.0986,-139.1930,81.6603,99.3774,5237.3500,0.0000,0.0000,Pass
R6,4918,167,6.4285,-139.1920,81.4496,98.6491,5210.3600,0.0000,0.0000,Pass
R6,4918,168,6.5940,-139.1920,82.2196,99.1350,5309.3400,0.0000,0.0000,Pass
R6,4918,169,6.9245,-139.1910,81.4496,99.1604,5210.3600,0.0000,0.0000,Pass
R6,4918,170,7.0895,-139.1900,81.3088,98.3696,5192.3600,0.0000,0.0000,Pass
R6,4918,171,7.2548,-139.1900,81.8005,97.4178,5255.3500,0.0000,0.0000,Pass
R6,4918,172,4.1436,-139.2420,81.3088,99.0155,5192.3600,0.0000,0.0000,Pass
R6,4918,173,4.2945,-139.2420,82.0801,99.0998,5291.3500,0.0000,0.0000,Pass
R6,4918,174,4.4450,-139.2420,81.8705,99.2037,5264.3500,0.0000,0.0000,Pass
R6,4918,175,4.5955,-139.2410,81.4496,99.6269,5210.3600,0.0000,0.0000,Pass
R6,4918,176,4.7455,-139.2400,81.3792,99.6043,5201.3600,0.0000,0.0000,Pass
R6,4918,177,8.0551,-139.2300,80.9557,97.1066,5147.3600,0.0000,0.0000,Pass
R6,4918,178,7.6040,-139.2310,81.0971,99.0092,5165.3600,0.0000,0.0000,Pass
R6,4918,179,7.7542,-139.2310,81.2383,99.0021,5183.3600,0.0000,0.0000,Pass
R6,4918,180,7.9053,-139.2290,80.8849,97.4340,5138.3700,0.0000,0.0000,Pass
R6,4918,181,8.2070,-139.2290,80.7431,98.8216,5120.3700,0.0000,0.0000,Pass
R6,4918,182,5.1082,-139.3620,82.4979,98.2332,5345.3400,0.0000,0.0000,Pass
R6,4918,183,5.2736,-139.3620,82.0801,98.1428,5291.3500,0.0000,0.0000,Pass
R6,4918,184,5.4384,-139.3600,82.0801,97.8865,5291.3500,0.0000,0.0000,Pass
R6,4918,185,5.6036,-139.3600,81.7304,98.7986,5246.3500,0.0000,0.0000,Pass
R6,4918,186,5.7689,-139.3590,81.4496,98.8905,5210.3600,0.0000,0.0000,Pass
R6,4918,187,5.9340,-139.3590,81.2383,99.2728,5183.3600,0.0000,0.0000,Pass
R6,4918,188,6.0991,-139.3590,81.3088,99.0585,5192.3600,0.0000,0.0000,Pass
R6,4918,189,6.2641,-139.3580,81.0971,98.9616,5165.3600,0.0000,0.0000,Pass
R6,4918,190,6.4295,-139.3570,81.4496,99.7019,5210.3600,0.0000,0.0000,Pass
R6,4918,191,6.5952,-139.3570,81.4496,99.7191,5210.3600,0.0000,0.0000,Pass
R6,4918,192,6.7599,-139.3570,81.4496,99.5927,5210.3600,0.0000,0.0000,Pass
R6,4918,193,6.9248,-139.3560,81.5199,99.5431,5219.3600,0.0000,0.0000,Pass
R6,4918,194,7.2556,-139.3540,81.8005,98.0424,5255.3500,0.0000,0.0000,Pass
R6,4918,195,7.0896,-139.3560,80.9557,98.1812,5147.3600,0.0000,0.0000,Pass
R6,4918,196,4.1446,-139.3930,81.6603,98.4928,5237.3500,0.0000,0.0000,Pass
R6,4918,197,4.2954,-139.3920,81.5901,98.9148,5228.3500,0.0000,0.0000,Pass
R6,4918,198,4.4449,-139.3920,82.1499,99.1013,5300.3500,0.0000,0.0000,Pass
R6,4918,199,4.5962,-139.3910,81.6603,98.8486,5237.3500,0.0000,0.0000,Pass
R6,4918,200,4.7463,-139.3910,81.3792,99.0767,5201.3600,0.0000,0.0000,Pass
R6,4918,201,7.6044,-139.3810,81.2383,99.0402,5183.3600,0.0000,0.0000,Pass
R6,4918,202,7.7552,-139.3800,81.1677,99.4407,5174.3600,0.0000,0.0000,Pass
R6,4918,203,7.9058,-139.3800,81.9404,97.9805,5273.3500,0.0000,0.0000,Pass
R6,4918,204,8.0557,-139.3800,80.4588,96.9486,5084.3700,0.0000,0.0000,Pass
R6,4918,205,8.2074,-139.3790,81.3792,97.1357,5201.3600,0.0000,0.0000,Pass
R6,4918,206,5.1092,-139.5270,82.1499,98.2476,5300.3500,0.0000,0.0000,Pass
R6,4918,207,5.2739,-139.5270,81.4496,98.3858,5210.3600,0.0000,0.0000,Pass
R6,4918,208,5.4394,-139.5250,81.6603,98.4671,5237.3500,0.0000,0.0000,Pass
R6,4918,209,5.9341,-139.5240,81.1677,99.6798,5174.3600,0.0000,0.0000,Pass
R6,4918,210,6.2646,-139.5230,80.6011,98.4822,5102.3700,0.0000,0.0000,Pass
R6,4918,211,6.7606,-139.5220,81.6603,99.0729,5237.3500,0.0000,0.0000,Pass
R6,4918,212,6.9258,-139.5210,81.4496,99.4384,5210.3600,0.0000,0.0000,Pass
R6,4918,213,7.0908,-139.5190,82.0103,98.6782,5282.3500,0.0000,0.0000,Pass
R6,4918,214,5.6043,-139.5250,81.8705,97.5652,5264.3500,0.0000,0.0000,Pass
R6,4918,215,5.7694,-139.5240,81.8005,97.9296,5255.3500,0.0000,0.0000,Pass
R6,4918,216,6.0993,-139.5230,81.3088,98.8719,5192.3600,0.0000,0.0000,Pass
R6,4918,217,6.4303,-139.5220,81.7304,99.3760,5246.3500,0.0000,0.0000,Pass
R6,4918,218,6.5952,-139.5220,81.0265,99.9233,5156.3600,0.0000,0.0000,Pass
R6,4918,219,7.2563,-139.5190,81.5199,98.9621,5219.3600,0.0000,0.0000,Pass
R6,4918,220,4.1453,-139.5430,82.2196,96.6926,5309.3400,0.0000,0.0000,Pass
R6,4918,221,4.2957,-139.5430,81.6603,98.4470,5237.3500,0.0000,0.0000,Pass
R6,4918,222,4.4463,-139.5420,81.8005,98.8012,5255.3500,0.0000,0.0000,Pass
R6,4918,223,4.5966,-139.5410,82.1499,98.9769,5300.3500,0.0000,0.0000,Pass
R6,4918,224,4.7466,-139.5410,81.8005,98.6889,5255.3500,0.0000,0.0000,Pass
R6,4918,225,7.6050,-139.5320,81.2383,99.5863,5183.3600,0.0000,0.0000,Pass
R6,4918,226,7.7554,-139.5310,81.5901,98.5201,5228.3500,0.0000,0.0000,Pass
R6,4918,227,7.9062,-139.5300,81.8005,97.8897,5255.3500,0.0000,0.0000,Pass
R6,4918,228,8.0567,-139.5300,81.3792,97.5630,5201.3600,0.0000,0.0000,Pass
R6,4918,229,8.2075,-139.5290,81.0265,97.0154,5156.3600,0.0000,0.0000,Pass
R6,4918,230,4.1459,-139.6930,81.9404,98.0365,5273.3500,0.0000,0.0000,Pass
R6,4918,231,4.5971,-139.6920,82.5673,99.0824,5354.3400,0.0000,0.0000,Pass
R6,4918,232,4.7472,-139.6910,81.5199,97.4295,5219.3600,0.0000,0.0000,Pass
R6,4918,233,6.4306,-139.6870,81.6603,98.2141,5237.3500,0.0000,0.0000,Pass
R6,4918,234,7.6054,-139.6820,81.6603,98.0794,5237.3500,0.0000,0.0000,Pass
R6,4918,235,7.7559,-139.6810,82.3589,97.3186,5327.3400,0.0000,0.0000,Pass
R6,4918,236,7.9065,-139.6800,80.9557,97.0081,5147.3600,0.0000,0.0000,Pass
R6,4918,237,8.0567,-139.6800,82.0801,98.5128,5291.3500,0.0000,0.0000,Pass
R6,4918,238,8.2083,-139.6790,81.0265,96.9986,5156.3600,0.0000,0.0000,Pass
R6,4918,239,5.1095,-139.6910,82.3589,98.4042,5327.3400,0.0000,0.0000,Pass
R6,4918,240,5.2747,-139.6910,81.8005,98.9966,5255.3500,0.0000,0.0000,Pass
R6,4918,241,5.4398,-139.6900,81.3792,99.7011,5201.3600,0.0000,0.0000,Pass
R6,4918,242,5.6052,-139.6900,81.5199,99.5237,5219.3600,0.0000,0.0000,Pass
R6,4918,243,5.7699,-139.6890,81.7304,99.0169,5246.3500,0.0000,0.0000,Pass
R6,4918,244,5.9346,-139.6890,81.0971,97.6968,5165.3600,0.0000,0.0000,Pass
R6,4918,245,6.2652,-139.6870,80.4588,99.7937,5084.3700,0.0000,0.0000,Pass
R6,4918,246,6.5958,-139.6870,81.5199,99.0733,5219.3600,0.0000,0.0000,Pass
R6,4918,247,6.7611,-139.6860,81.2383,98.7424,5183.3600,0.0000,0.0000,Pass
R6,4918,248,6.9267,-139.6850,81.6603,99.4568,5237.3500,0.0000,0.0000,Pass
R6,4918,249,7.0914,-139.6850,81.5901,98.8923,5228.3500,0.0000,0.0000,Pass
R6,4918,250,7.2569,-139.6850,81.6603,98.1974,5237.3500,0.0000,0.0000,Pass
R6,4918,251,6.1006,-139.6880,81.0971,97.2457,5165.3600,0.0000,0.0000,Pass
R6,4918,252,4.1465,-139.8440,81.9404,98.0875,5273.3500,0.0000,0.0000,Pass
R6,4918,253,4.2972,-139.8430,82.0103,98.3323,5282.3500,0.0000,0.0000,Pass
R6,4918,254,4.4467,-139.8420,81.9404,98.5796,5273.3500,0.0000,0.0000,Pass
R6,4918,255,4.5980,-139.8420,81.9404,99.0979,5273.3500,0.0000,0.0000,Pass
R6,4918,256,4.7477,-139.8420,81.0971,99.2277,5165.3600,0.0000,0.0000,Pass
R6,4918,257,7.6058,-139.8320,81.0265,99.1740,5156.3600,0.0000,0.0000,Pass
R6,4918,258,7.7573,-139.8310,81.8005,99.0342,5255.3500,0.0000,0.0000,Pass
R6,4918,259,8.0586,-139.8300,81.6603,98.6613,5237.3500,0.0000,0.0000,Pass
R6,4918,260,7.9073,-139.8310,81.3792,99.5377,5201.3600,0.0000,0.0000,Pass
R6,4918,261,8.2087,-139.8310,81.3792,98.1703,5201.3600,0.0000,0.0000,Pass
R6,4918,262,5.1108,-139.8560,83.2582,99.0824,5444.3300,0.0000,0.0000,Pass
R6,4918,263,5.4405,-139.8550,81.8705,99.4785,5264.3500,0.0000,0.0000,Pass
R6,4918,264,5.6055,-139.8550,81.7304,98.5222,5246.3500,0.0000,0.0000,Pass
R6,4918,265,5.7711,-139.8540,81.8705,99.4761,5264.3500,0.0000,0.0000,Pass
R6,4918,266,5.9357,-139.8540,80.8849,98.1532,5138.3700,0.0000,0.0000,Pass
R6,4918,267,6.1015,-139.8540,81.8005,99.3509,5255.3500,0.0000,0.0000,Pass
R6,4918,268,6.2659,-139.8520,80.7431,98.9809,5120.3700,0.0000,0.0000,Pass
R6,4918,269,6.5968,-139.8520,81.1677,97.1889,5174.3600,0.0000,0.0000,Pass
R6,4918,270,6.7620,-139.8510,81.4496,98.3604,5210.3600,0.0000,0.0000,Pass
R6,4918,271,6.9268,-139.8510,81.1677,98.7692,5174.3600,0.0000,0.0000,Pass
R6,4918,272,7.0917,-139.8500,81.8005,99.4313,5255.3500,0.0000,0.0000,Pass
R6,4918,273,5.2760,-139.8550,81.9404,98.6546,5273.3500,0.0000,0.0000,Pass
R6,4918,274,6.4314,-139.8520,81.6603,98.3155,5237.3500,0.0000,0.0000,Pass
R6,4918,275,7.2571,-139.8490,81.3792,98.3657,5201.3600,0.0000,0.0000,Pass
R6,4918,276,4.2969,-139.9930,81.8005,99.7754,5255.3500,0.0000,0.0000,Pass
R6,4918,277,4.4477,-139.9920,82.1499,98.8170,5300.3500,0.0000,0.0000,Pass
R6,4918,278,4.1466,-139.9930,81.9404,98.9784,5273.3500,0.0000,0.0000,Pass
R6,4918,279,4.5984,-139.9920,81.8005,99.3509,5255.3500,0.0000,0.0000,Pass
R6,4918,280,4.7482,-139.9920,82.1499,98.9807,5300.3500,0.0000,0.0000,Pass
R6,4918,281,7.6063,-139.9820,81.8705,97.6208,5264.3500,0.0000,0.0000,Pass
R6,4918,282,7.7577,-139.9820,81.1677,99.2474,5174.3600,0.0000,0.0000,Pass
R6,4918,283,7.9080,-139.9810,81.2383,98.5498,5183.3600,0.0000,0.0000,Pass
R6,4918,284,8.0589,-139.9810,81.7304,98.9621,5246.3500,0.0000,0.0000,Pass
R6,4918,285,8.2092,-139.9800,81.7304,99.5101,5246.3500,0.0000,0.0000,Pass
R6,4918,286,5.6061,-140.0200,81.3088,99.3876,5192.3600,0.0000,0.0000,Pass
R6,4918,287,6.2669,-140.0180,81.1677,98.1047,5174.3600,0.0000,0.0000,Pass
R6,4918,288,6.5977,-140.0170,81.2383,99.7315,5183.3600,0.0000,0.0000,Pass
R6,4918,289,5.1109,-140.0210,83.0515,98.8066,5417.3300,0.0000,0.0000,Pass
R6,4918,290,5.2761,-140.0200,81.2383,98.7846,5183.3600,0.0000,0.0000,Pass
R6,4918,291,5.4417,-140.0200,81.8005,97.9296,5255.3500,0.0000,0.0000,Pass
R6,4918,292,5.7716,-140.0190,81.0971,96.9041,5165.3600,0.0000,0.0000,Pass
R6,4918,293,5.9368,-140.0190,81.3088,99.3544,5192.3600,0.0000,0.0000,Pass
R6,4918,294,6.1020,-140.0180,81.0971,99.5500,5165.3600,0.0000,0.0000,Pass
R6,4918,295,6.4319,-140.0170,81.8705,98.5289,5264.3500,0.0000,0.0000,Pass
R6,4918,296,6.7624,-140.0160,81.8005,97.9296,5255.3500,0.0000,0.0000,Pass
R6,4918,297,6.9273,-140.0160,81.5199,98.4182,5219.3600,0.0000,0.0000,Pass
R6,4918,298,7.0924,-140.0150,81.7304,99.1541,5246.3500,0.0000,0.0000,Pass
R6,4918,299,7.2572,-140.0140,81.3088,99.4462,5192.3600,0.0000,0.0000,Pass
R6,4918,300,4.1470,-140.1440,82.2196,98.0898,5309.3400,0.0000,0.0000,Pass
R6,4918,301,4.2977,-140.1430,82.0103,97.9451,5282.3500,0.0000,0.0000,Pass
R6,4918,302,4.4478,-140.1430,82.0103,98.2449,5282.3500,0.0000,0.0000,Pass
R6,4918,303,4.5991,-140.1430,82.3589,99.6682,5327.3400,0.0000,0.0000,Pass
R6,4918,304,4.7487,-140.1420,81.9404,98.8747,5273.3500,0.0000,0.0000,Pass
R6,4918,305,7.6075,-140.1320,81.4496,99.7018,5210.3600,0.0000,0.0000,Pass
R6,4918,306,7.7582,-140.1320,82.0801,99.4670,5291.3500,0.0000,0.0000,Pass
R6,4918,307,7.9082,-140.1320,81.3088,98.9974,5192.3600,0.0000,0.0000,Pass
R6,4918,308,8.0591,-140.1310,81.9404,98.6632,5273.3500,0.0000,0.0000,Pass
R6,4918,309,8.2095,-140.1310,81.6603,98.2331,5237.3500,0.0000,0.0000,Pass
R6,4918,310,5.1118,-140.1870,81.6603,99.0300,5237.3500,0.0000,0.0000,Pass
R6,4918,311,5.2764,-140.1860,81.8705,98.3127,5264.3500,0.0000,0.0000,Pass
R6,4918,312,5.4417,-140.1850,81.7304,98.1260,5246.3500,0.0000,0.0000,Pass
R6,4918,313,5.6067,-140.1850,81.8005,97.9296,5255.3500,0.0000,0.0000,Pass
R6,4918,314,5.7721,-140.1840,81.8005,99.3943,5255.3500,0.0000,0.0000,Pass
R6,4918,315,5.9372,-140.1840,81.5199,99.0038,5219.3600,0.0000,0.0000,Pass
R6,4918,316,6.2674,-140.1820,81.2383,99.7049,5183.3600,0.0000,0.0000,Pass
R6,4918,317,6.4328,-140.1820,81.3088,98.2356,5192.3600,0.0000,0.0000,Pass
R6,4918,318,6.5978,-140.1810,81.0971,98.7562,5165.3600,0.0000,0.0000,Pass
R6,4918,319,6.7639,-140.1820,81.5901,97.6690,5228.3500,0.0000,0.0000,Pass
R6,4918,320,6.9276,-140.1800,81.3088,99.7530,5192.3600,0.0000,0.0000,Pass
R6,4918,321,7.0927,-140.1800,81.8705,97.1607,5264.3500,0.0000,0.0000,Pass
R6,4918,322,7.2584,-140.1800,81.7304,97.7027,5246.3500,0.0000,0.0000,Pass
R6,4918,323,6.1025,-140.1830,81.3792,98.4261,5201.3600,0.0000,0.0000,Pass
R6,4918,324,4.1487,-140.2950,82.2196,98.6567,5309.3400,0.0000,0.0000,Pass
R6,4918,325,4.2984,-140.2940,82.2893,98.7445,5318.3400,0.0000,0.0000,Pass
R6,4918,326,4.4487,-140.2930,82.2893,99.1506,5318.3400,0.0000,0.0000,Pass
R6,4918,327,4.5993,-140.2930,82.0801,99.2079,5291.3500,0.0000,0.0000,Pass
R6,4918,328,4.7489,-140.2920,82.2196,99.2740,5309.3400,0.0000,0.0000,Pass
R6,4918,329,7.6083,-140.2830,81.5199,98.6970,5219.3600,0.0000,0.0000,Pass
R6,4918,330,7.9093,-140.2820,82.0103,97.0196,5282.3500,0.0000,0.0000,Pass
R6,4918,331,8.0600,-140.2810,81.8705,98.1017,5264.3500,0.0000,0.0000,Pass
R6,4918,332,8.2105,-140.2810,81.7304,97.7304,5246.3500,0.0000,0.0000,Pass
R6,4918,333,7.7587,-140.2820,82.0103,96.7980,5282.3500,0.0000,0.0000,Pass
R6,4918,334,5.1123,-140.3520,82.7059,99.3143,5372.3400,0.0000,0.0000,Pass
R6,4918,335,5.2773,-140.3510,81.5199,98.7222,5219.3600,0.0000,0.0000,Pass
R6,4918,336,5.4422,-140.3500,82.0801,99.6567,5291.3500,0.0000,0.0000,Pass
R6,4918,337,5.6075,-140.3500,81.9404,98.4422,5273.3500,0.0000,0.0000,Pass
R6,4918,338,5.7728,-140.3490,81.3792,99.4418,5201.3600,0.0000,0.0000,Pass
R6,4918,339,6.2677,-140.3470,81.8005,99.5110,5255.3500,0.0000,0.0000,Pass
R6,4918,340,6.4330,-140.3470,81.2383,99.3667,5183.3600,0.0000,0.0000,Pass
R6,4918,341,6.5981,-140.3470,81.5199,99.1148,5219.3600,0.0000,0.0000,Pass
R6,4918,342,6.7637,-140.3460,82.4284,98.4067,5336.3400,0.0000,0.0000,Pass
R6,4918,343,6.9291,-140.3460,81.5199,98.8614,5219.3600,0.0000,0.0000,Pass
R6,4918,344,7.0944,-140.3440,81.7304,99.5719,5246.3500,0.0000,0.0000,Pass
R6,4918,345,5.9375,-140.3480,81.3792,98.0939,5201.3600,0.0000,0.0000,Pass
R6,4918,346,6.1027,-140.3480,80.8141,97.5761,5129.3700,0.0000,0.0000,Pass
R6,4918,347,7.2590,-140.3440,82.2196,96.8947,5309.3400,0.0000,0.0000,Pass
R6,4918,348,4.5995,-140.4430,82.8444,99.3460,5390.3300,0.0000,0.0000,Pass
R6,4918,349,4.1486,-140.4440,82.5673,98.3571,5354.3400,0.0000,0.0000,Pass
R6,4918,350,4.2988,-140.4440,82.2196,98.7830,5309.3400,0.0000,0.0000,Pass
R6,4918,351,4.4488,-140.4430,81.8005,98.9555,5255.3500,0.0000,0.0000,Pass
R6,4918,352,4.7497,-140.4430,81.6603,99.1499,5237.3500,0.0000,0.0000,Pass
R6,4918,353,7.6089,-140.4330,82.1499,97.0701,5300.3500,0.0000,0.0000,Pass
R6,4918,354,7.7592,-140.4330,82.1499,98.2637,5300.3500,0.0000,0.0000,Pass
R6,4918,355,7.9099,-140.4320,81.6603,95.2460,5237.3500,0.0000,0.0000,Pass
R6,4918,356,8.2106,-140.4310,81.6603,98.0469,5237.3500,0.0000,0.0000,Pass
R6,4918,357,8.0607,-140.4310,81.5901,98.1251,5228.3500,0.0000,0.0000,Pass
R6,4918,358,4.2989,-140.5950,82.3589,99.5603,5327.3400,0.0000,0.0000,Pass
R6,4918,359,4.1492,-140.5940,82.2196,98.2284,5309.3400,0.0000,0.0000,Pass
R6,4918,360,4.4496,-140.5940,82.5673,98.0491,5354.3400,0.0000,0.0000,Pass
R6,4918,361,4.6002,-140.5940,82.7059,97.6370,5372.3400,0.0000,0.0000,Pass
R6,4918,362,4.7494,-140.5930,82.3589,98.7601,5327.3400,0.0000,0.0000,Pass
R6,4918,363,7.6095,-140.5840,81.8705,97.8965,5264.3500,0.0000,0.0000,Pass
R6,4918,364,7.7596,-140.5830,82.0103,98.1739,5282.3500,0.0000,0.0000,Pass
R6,4918,365,7.9101,-140.5830,81.3792,98.1575,5201.3600,0.0000,0.0000,Pass
R6,4918,366,8.0612,-140.5820,81.9404,99.6930,5273.3500,0.0000,0.0000,Pass
R6,4918,367,8.2112,-140.5810,81.5901,99.0110,5228.3500,0.0000,0.0000,Pass
R6,4918,368,4.1493,-140.7460,82.2893,99.9989,5318.3400,0.0000,0.0000,Pass
R6,4918,369,4.6010,-140.7430,82.3589,97.3635,5327.3400,0.0000,0.0000,Pass
R6,4918,370,4.9011,-140.7430,81.6603,99.3615,5237.3500,0.0000,0.0000,Pass
R6,4918,371,5.9549,-140.7390,81.5901,99.4500,5228.3500,0.0000,0.0000,Pass
R6,4918,372,6.2552,-140.7390,81.2383,98.3873,5183.3600,0.0000,0.0000,Pass
R6,4918,373,6.4058,-140.7370,81.5199,98.9621,5219.3600,0.0000,0.0000,Pass
R6,4918,374,6.8574,-140.7370,81.3792,99.1489,5201.3600,0.0000,0.0000,Pass
R6,4918,375,4.3000,-140.7450,82.2196,99.1659,5309.3400,0.0000,0.0000,Pass
R6,4918,376,4.4509,-140.7440,83.0515,99.3524,5417.3300,0.0000,0.0000,Pass
R6,4918,377,4.7511,-140.7430,81.8005,99.1976,5255.3500,0.0000,0.0000,Pass
R6,4918,378,5.0508,-140.7430,81.8705,98.9146,5264.3500,0.0000,0.0000,Pass
R6,4918,379,5.2025,-140.7410,82.0801,98.8925,5291.3500,0.0000,0.0000,Pass
R6,4918,380,5.3527,-140.7410,82.2196,99.0175,5309.3400,0.0000,0.0000,Pass
R6,4918,381,5.5027,-140.7400,81.8005,99.2478,5255.3500,0.0000,0.0000,Pass
R6,4918,382,5.6541,-140.7400,82.2893,97.6806,5318.3400,0.0000,0.0000,Pass
R6,4918,383,5.8042,-140.7400,81.8705,98.8023,5264.3500,0.0000,0.0000,Pass
R6,4918,384,6.1051,-140.7390,82.0801,98.6225,5291.3500,0.0000,0.0000,Pass
R6,4918,385,6.5564,-140.7370,82.0801,98.5110,5291.3500,0.0000,0.0000,Pass
R6,4918,386,6.7069,-140.7370,81.9404,99.0888,5273.3500,0.0000,0.0000,Pass
R6,4918,387,7.0080,-140.7360,81.3088,99.3876,5192.3600,0.0000,0.0000,Pass
R6,4918,388,7.1583,-140.7350,81.0265,96.7619,5156.3600,0.0000,0.0000,Pass
R6,4918,389,7.3086,-140.7350,81.7304,97.8983,5246.3500,0.0000,0.0000,Pass
R6,4918,390,7.4594,-140.7350,81.8705,99.4110,5264.3500,0.0000,0.0000,Pass
R6,4918,391,7.6096,-140.7340,81.6603,98.7152,5237.3500,0.0000,0.0000,Pass
R6,4918,392,7.9107,-140.7320,81.7304,97.0991,5246.3500,0.0000,0.0000,Pass
R6,4918,393,8.0618,-140.7330,82.2196,97.3738,5309.3400,0.0000,0.0000,Pass
R6,4918,394,7.7607,-140.7330,81.5199,98.4859,5219.3600,0.0000,0.0000,Pass
R6,4918,395,8.2119,-140.7310,81.6603,99.6114,5237.3500,0.0000,0.0000,Pass
R6,4918,396,4.1505,-140.8950,82.2893,97.6544,5318.3400,0.0000,0.0000,Pass
R6,4918,397,5.0522,-140.8920,81.7304,98.3935,5246.3500,0.0000,0.0000,Pass
R6,4918,398,6.7077,-140.8870,81.6603,98.4353,5237.3500,0.0000,0.0000,Pass
R6,4918,399,4.2999,-140.8950,82.2196,98.4675,5309.3400,0.0000,0.0000,Pass
R6,4918,400,4.4514,-140.8940,82.6366,97.5346,5363.3400,0.0000,0.0000,Pass
R6,4918,401,4.6017,-140.8940,81.9404,98.7425,5273.3500,0.0000,0.0000,Pass
R6,4918,402,4.7517,-140.8930,81.8005,98.5880,5255.3500,0.0000,0.0000,Pass
R6,4918,403,4.9021,-140.8930,81.8705,98.0177,5264.3500,0.0000,0.0000,Pass
R6,4918,404,5.2025,-140.8920,81.8005,98.0792,5255.3500,0.0000,0.0000,Pass
R6,4918,405,5.3534,-140.8920,81.3792,98.4893,5201.3600,0.0000,0.0000,Pass
R6,4918,406,5.5040,-140.8910,81.0971,98.9108,5165.3600,0.0000,0.0000,Pass
R6,4918,407,5.6543,-140.8900,81.5901,99.4598,5228.3500,0.0000,0.0000,Pass
R6,4918,408,5.8048,-140.8900,81.5199,99.2262,5219.3600,0.0000,0.0000,Pass
R6,4918,409,5.9544,-140.8900,81.3792,99.7011,5201.3600,0.0000,0.0000,Pass
R6,4918,410,6.1055,-140.8890,81.0971,99.0878,5165.3600,0.0000,0.0000,Pass
R6,4918,411,6.2558,-140.8890,81.3792,98.9554,5201.3600,0.0000,0.0000,Pass
R6,4918,412,6.4064,-140.8870,81.4496,99.0054,5210.3600,0.0000,0.0000,Pass
R6,4918,413,6.5570,-140.8870,81.8005,98.4864,5255.3500,0.0000,0.0000,Pass
R6,4918,414,6.8579,-140.8860,81.3792,98.8599,5201.3600,0.0000,0.0000,Pass
R6,4918,415,7.0084,-140.8860,81.7304,97.7180,5246.3500,0.0000,0.0000,Pass
R6,4918,416,7.1587,-140.8850,81.0971,96.6282,5165.3600,0.0000,0.0000,Pass
R6,4918,417,7.3097,-140.8850,82.5673,97.9213,5354.3400,0.0000,0.0000,Pass
R6,4918,418,7.6103,-140.8840,82.0801,97.8865,5291.3500,0.0000,0.0000,Pass
R6,4918,419,7.4608,-140.8840,81.8705,97.9216,5264.3500,0.0000,0.0000,Pass
R6,4918,420,7.7610,-140.8840,81.3792,95.8113,5201.3600,0.0000,0.0000,Pass
R6,4918,421,7.9113,-140.8830,81.5901,98.1251,5228.3500,0.0000,0.0000,Pass
R6,4918,422,8.0624,-140.8820,82.0103,97.1464,5282.3500,0.0000,0.0000,Pass
R6,4918,423,8.2130,-140.8820,82.6366,98.6672,5363.3400,0.0000,0.0000,Pass
R6,4918,424,6.2562,-141.0390,81.3792,99.0364,5201.3600,0.0000,0.0000,Pass
R6,4918,425,4.1503,-141.0460,82.1499,99.3362,5300.3500,0.0000,0.0000,Pass
R6,4918,426,4.7517,-141.0440,82.4284,98.5298,5336.3400,0.0000,0.0000,Pass
R6,4918,427,5.0529,-141.0430,81.7304,99.3713,5246.3500,0.0000,0.0000,Pass
R6,4918,428,5.6547,-141.0400,81.6603,99.0536,5237.3500,0.0000,0.0000,Pass
R6,4918,429,5.9558,-141.0400,80.8849,97.5105,5138.3700,0.0000,0.0000,Pass
R6,4918,430,6.4075,-141.0380,81.7304,97.9820,5246.3500,0.0000,0.0000,Pass
R6,4918,431,6.5576,-141.0370,81.8005,97.5997,5255.3500,0.0000,0.0000,Pass
R6,4918,432,6.7080,-141.0370,81.3088,99.2797,5192.3600,0.0000,0.0000,Pass
R6,4918,433,6.8582,-141.0370,81.8705,99.4598,5264.3500,0.0000,0.0000,Pass
R6,4918,434,7.0092,-141.0360,82.0103,98.7368,5282.3500,0.0000,0.0000,Pass
R6,4918,435,7.3104,-141.0350,81.5901,98.8923,5228.3500,0.0000,0.0000,Pass
R6,4918,436,4.6025,-141.0450,82.2893,97.6126,5318.3400,0.0000,0.0000,Pass
R6,4918,437,4.9025,-141.0430,81.7304,98.7939,5246.3500,0.0000,0.0000,Pass
R6,4918,438,5.2030,-141.0420,81.4496,99.8378,5210.3600,0.0000,0.0000,Pass
R6,4918,439,5.3545,-141.0420,81.5901,98.8502,5228.3500,0.0000,0.0000,Pass
R6,4918,440,5.5032,-141.0420,81.1677,99.6732,5174.3600,0.0000,0.0000,Pass
R6,4918,441,5.8051,-141.0400,81.5901,98.9826,5228.3500,0.0000,0.0000,Pass
R6,4918,442,6.1064,-141.0390,82.0103,98.7298,5282.3500,0.0000,0.0000,Pass
R6,4918,443,7.1585,-141.0350,81.8005,97.5772,5255.3500,0.0000,0.0000,Pass
R6,4918,444,7.4603,-141.0340,81.5901,97.6666,5228.3500,0.0000,0.0000,Pass
R6,4918,445,7.6111,-141.0340,82.4284,99.1130,5336.3400,0.0000,0.0000,Pass
R6,4918,446,7.9121,-141.0340,82.3589,98.4155,5327.3400,0.0000,0.0000,Pass
R6,4918,447,8.0622,-141.0330,82.0103,96.6814,5282.3500,0.0000,0.0000,Pass
R6,4918,448,8.2130,-141.0320,82.5673,98.6153,5354.3400,0.0000,0.0000,Pass
R6,4918,449,7.7613,-141.0330,81.9404,98.5094,5273.3500,0.0000,0.0000,Pass
R6,4918,450,4.1512,-141.1960,82.5673,98.4318,5354.3400,0.0000,0.0000,Pass
R6,4918,451,5.0530,-141.1930,81.8005,99.5400,5255.3500,0.0000,0.0000,Pass
R6,4918,452,6.5583,-141.1880,82.4979,98.9337,5345.3400,0.0000,0.0000,Pass
R6,4918,453,4.3016,-141.1960,82.4979,99.0284,5345.3400,0.0000,0.0000,Pass
R6,4918,454,4.4518,-141.1950,82.1499,99.1391,5300.3500,0.0000,0.0000,Pass
R6,4918,455,4.6024,-141.1950,81.7304,98.7923,5246.3500,0.0000,0.0000,Pass
R6,4918,456,4.7525,-141.1940,81.9404,99.1086,5273.3500,0.0000,0.0000,Pass
R6,4918,457,4.9024,-141.1930,82.0801,99.4388,5291.3500,0.0000,0.0000,Pass
R6,4918,458,5.2041,-141.1930,81.3088,99.3876,5192.3600,0.0000,0.0000,Pass
R6,4918,459,5.3546,-141.1930,81.6603,98.8738,5237.3500,0.0000,0.0000,Pass
R6,4918,460,5.5052,-141.1920,81.4496,98.7244,5210.3600,0.0000,0.0000,Pass
R6,4918,461,5.6551,-141.1910,81.3792,99.7015,5201.3600,0.0000,0.0000,Pass
R6,4918,462,5.8060,-141.1900,81.6603,98.9798,5237.3500,0.0000,0.0000,Pass
R6,4918,463,5.9563,-141.1900,81.3792,99.7826,5201.3600,0.0000,0.0000,Pass
R6,4918,464,6.1071,-141.1900,81.3792,99.3049,5201.3600,0.0000,0.0000,Pass
R6,4918,465,6.2572,-141.1890,81.5199,99.5231,5219.3600,0.0000,0.0000,Pass
R6,4918,466,6.4081,-141.1890,81.3088,99.2678,5192.3600,0.0000,0.0000,Pass
R6,4918,467,6.7085,-141.1880,81.5901,98.9148,5228.3500,0.0000,0.0000,Pass
R6,4918,468,6.8586,-141.1860,81.8705,97.6752,5264.3500,0.0000,0.0000,Pass
R6,4918,469,7.0097,-141.1860,81.6603,98.4299,5237.3500,0.0000,0.0000,Pass
R6,4918,470,7.1600,-141.1860,81.7304,97.7157,5246.3500,0.0000,0.0000,Pass
R6,4918,471,7.3106,-141.1850,81.7304,96.6315,5246.3500,0.0000,0.0000,Pass
R6,4918,472,7.7617,-141.1840,81.1677,99.6155,5174.3600,0.0000,0.0000,Pass
R6,4918,473,7.9120,-141.1830,82.1499,97.2456,5300.3500,0.0000,0.0000,Pass
R6,4918,474,7.4607,-141.1840,81.6603,97.3856,5237.3500,0.0000,0.0000,Pass
R6,4918,475,7.6114,-141.1840,81.7304,98.4215,5246.3500,0.0000,0.0000,Pass
R6,4918,476,8.0635,-141.1830,81.9404,97.7393,5273.3500,0.0000,0.0000,Pass
R6,4918,477,8.2138,-141.1830,82.3589,98.4963,5327.3400,0.0000,0.0000,Pass
R6,4918,478,4.3022,-141.3460,82.5673,99.3264,5354.3400,0.0000,0.0000,Pass
R6,4918,479,4.4524,-141.3460,82.4979,99.6151,5345.3400,0.0000,0.0000,Pass
R6,4918,480,4.6032,-141.3460,81.6603,99.3615,5237.3500,0.0000,0.0000,Pass
R6,4918,481,4.7536,-141.3450,82.5673,97.4313,5354.3400,0.0000,0.0000,Pass
R6,4918,482,4.9037,-141.3450,82.0103,97.8213,5282.3500,0.0000,0.0000,Pass
R6,4918,483,5.0538,-141.3440,81.9404,98.6912,5273.3500,0.0000,0.0000,Pass
R6,4918,484,5.3547,-141.3420,81.7304,98.1260,5246.3500,0.0000,0.0000,Pass
R6,4918,485,5.9566,-141.3400,82.0801,98.2989,5291.3500,0.0000,0.0000,Pass
R6,4918,486,6.1076,-141.3400,81.5901,98.0707,5228.3500,0.0000,0.0000,Pass
R6,4918,487,6.2579,-141.3390,82.0103,99.7559,5282.3500,0.0000,0.0000,Pass
R6,4918,488,6.4081,-141.3390,81.3792,99.4616,5201.3600,0.0000,0.0000,Pass
R6,4918,489,6.5582,-141.3390,81.9404,99.0012,5273.3500,0.0000,0.0000,Pass
R6,4918,490,6.7105,-141.3370,81.6603,98.5898,5237.3500,0.0000,0.0000,Pass
R6,4918,491,7.0103,-141.3360,81.3792,97.6963,5201.3600,0.0000,0.0000,Pass
R6,4918,492,7.1608,-141.3370,82.4979,99.0114,5345.3400,0.0000,0.0000,Pass
R6,4918,493,7.3115,-141.3360,81.8005,97.5456,5255.3500,0.0000,0.0000,Pass
R6,4918,494,5.2044,-141.3430,81.4496,99.2703,5210.3600,0.0000,0.0000,Pass
R6,4918,495,5.5052,-141.3420,81.3792,99.0767,5201.3600,0.0000,0.0000,Pass
R6,4918,496,5.6553,-141.3410,81.6603,98.6921,5237.3500,0.0000,0.0000,Pass
R6,4918,497,5.8064,-141.3410,82.2196,98.8960,5309.3400,0.0000,0.0000,Pass
R6,4918,498,6.8591,-141.3370,82.1499,99.1692,5300.3500,0.0000,0.0000,Pass
R6,4918,499,7.4614,-141.3350,82.0801,98.7975,5291.3500,0.0000,0.0000,Pass
R6,4918,500,7.6127,-141.3340,82.6366,96.6993,5363.3400,0.0000,0.0000,Pass
R6,4918,501,7.7626,-141.3350,82.2196,96.6961,5309.3400,0.0000,0.0000,Pass
R6,4918,502,7.9135,-141.3340,82.0103,97.2242,5282.3500,0.0000,0.0000,Pass
R6,4918,503,8.0641,-141.3330,82.0103,97.2003,5282.3500,0.0000,0.0000,Pass
