 , ,X[mm]
 , ,-150,-149,-148,-147,-146,-145,-144,-143,-142,-141,-140,-139,-138,-137,-136,-135,-134,-133,-132,-131,-130,-129,-128,-127,-126,-125,-124,-123,-122,-121,-120,-119,-118,-117,-116,-115,-114,-113,-112,-111,-110,-109,-108,-107,-106,-105,-104,-103,-102,-101,-100,-99,-98,-97,-96,-95,-94,-93,-92,-91,-90,-89,-88,-87,-86,-85,-84,-83,-82,-81,-80,-79,-78,-77,-76,-75,-74,-73,-72,-71,-70,-69,-68,-67,-66,-65,-64,-63,-62,-61,-60,-59,-58,-57,-56,-55,-54,-53,-52,-51,-50,-49,-48,-47,-46,-45,-44,-43,-42,-41,-40,-39,-38,-37,-36,-35,-34,-33,-32,-31,-30,-29,-28,-27,-26,-25,-24,-23,-22,-21,-20,-19,-18,-17,-16,-15,-14,-13,-12,-11,-10,-9,-8,-7,-6,-5,-4,-3,-2,-1,0,1,2,3,4,5,6,7,8,9,10,11,12,13,14,15,16,17,18,19,20,21,22,23,24,25,26,27,28,29,30,31,32,33,34,35,36,37,38,39,40,41,42,43,44,45,46,47,48,49,50,51,52,53,54,55,56,57,58,59,60,61,62,63,64,65,66,67,68,69,70,71,72,73,74,75,76,77,78,79,80,81,82,83,84,85,86,87,88,89,90,91,92,93,94,95,96,97,98,99,100,101,102,103,104,105,106,107,108,109,110,111,112,113,114,115,116,117,118,119,120,121,122,123,124,125,126,127,128,129,130,131,132,133,134,135,136,137,138,139,140,141,142,143,144,145,146,147,148,149,150,
Y[mm],150,9.22606,9.25665,9.2869,9.31682,9.34643,9.37572,9.40469,9.43337,9.46177,9.48988,9.51773,9.54533,9.57269,9.59983,9.62676,9.65349,9.68005,9.70646,9.73274,9.7589,9.78496,9.81096,9.83691,9.86285,9.88878,9.91476,9.94079,9.96691,9.99315,10.0196,10.0461,10.0729,10.1,10.1273,10.155,10.1831,10.2115,10.2405,10.2699,10.2998,10.3304,10.3616,10.3934,10.4261,10.4595,10.4937,10.5289,10.5651,10.6023,10.6406,10.68,10.7207,10.7628,10.8062,10.8511,10.8975,10.9456,10.9955,11.0471,11.1007,11.1564,11.2142,11.2743,11.3368,11.4018,11.4695,11.54,11.6135,11.6901,11.7699,11.8533,11.9403,12.0312,12.1261,12.2254,12.3292,12.4379,12.5516,12.6707,12.7955,12.9264,13.0636,13.2076,13.3587,13.5175,13.6844,13.8599,14.0445,14.2389,14.4435,14.6592,14.8867,15.1266,15.38,15.6476,15.9305,16.2296,16.5462,16.8815,17.2368,17.6136,18.0133,18.4376,18.8883,19.3674,19.8768,20.4189,20.9959,21.6104,22.265,22.9625,23.7058,24.4981,25.3424,26.2419,27.1998,28.2191,29.3028,30.4533,31.6727,32.9622,34.3224,35.7521,37.2488,38.8079,40.4222,42.0817,43.7729,45.4785,47.1772,48.844,50.4495,51.9618,53.3463,54.5683,55.5938,56.3924,56.9387,57.2149,57.2118,56.9294,56.3776,55.5746,54.5459,53.3222,51.9375,50.4267,48.824,47.1616,45.4682,43.769,42.085,40.4332,38.8268,37.2758,35.7872,34.3655,33.0131,31.7309,30.5185,29.3746,28.297,27.2833,26.3305,25.4356,24.5955,23.8069,23.0668,22.3721,21.72,21.1076,20.5323,19.9917,19.4833,19.0051,18.555,18.1312,17.7317,17.3551,16.9997,16.6643,16.3474,16.0479,15.7646,15.4966,15.2427,15.0022,14.7743,14.558,14.3528,14.1579,13.9727,13.7967,13.6293,13.47,13.3183,13.1738,13.0361,12.9047,12.7794,12.6597,12.5454,12.4361,12.3316,12.2315,12.1357,12.0439,11.9558,11.8713,11.7901,11.712,11.6368,11.5644,11.4946,11.4272,11.362,11.2989,11.2378,11.1785,11.1209,11.0649,11.0103,10.9569,10.9048,10.8538,10.8037,10.7546,10.7062,10.6585,10.6114,10.5648,10.5186,10.4728,10.4273,10.3821,10.3369,10.2919,10.2469,10.2019,10.1569,10.1117,10.0664,10.0209,9.97514,9.92917,9.88292,9.83637,9.7895,9.7423,9.69475,9.64684,9.59858,9.54994,9.50094,9.45157,9.40183,9.35173,9.30129,9.2505,9.19939,9.14797,9.09624,9.04424,8.99197,8.93945,8.88671,8.83376,8.78063,8.72733,8.67389,8.62033,8.56667,8.51294,8.45916,8.40534,8.35151,8.29769,8.24391,8.19018,8.13652,8.08295,8.02949,7.97616,7.92297,7.86995,7.81711,7.76446,7.71201,7.65979,7.6078,7.55607,7.50459,7.45338,7.40245,7.3518,7.30145,7.25141,7.20167,7.15226,7.10317,7.05441,
 ,149,9.33054,9.36146,9.39202,9.42223,9.45211,9.48165,9.51085,9.53975,9.56833,9.59662,9.62463,9.65236,9.67984,9.70708,9.73409,9.76089,9.78751,9.81395,9.84025,9.86641,9.89247,9.91844,9.94435,9.97024,9.99611,10.022,10.048,10.074,10.1001,10.1264,10.1529,10.1796,10.2065,10.2337,10.2613,10.2892,10.3175,10.3463,10.3755,10.4054,10.4358,10.4668,10.4986,10.5311,10.5644,10.5986,10.6337,10.6698,10.7069,10.7452,10.7846,10.8253,10.8674,10.9108,10.9558,11.0023,11.0506,11.1006,11.1524,11.2063,11.2622,11.3204,11.3809,11.4438,11.5093,11.5775,11.6486,11.7228,11.8001,11.8808,11.9651,12.0531,12.1451,12.2413,12.342,12.4473,12.5575,12.673,12.7941,12.921,13.0542,13.194,13.3407,13.4949,13.657,13.8275,14.007,14.1959,14.395,14.6048,14.8262,15.0599,15.3067,15.5675,15.8434,16.1353,16.4445,16.7721,17.1196,17.4883,17.8799,18.2961,18.7387,19.2097,19.7114,20.246,20.8161,21.4245,22.074,22.7678,23.5093,24.3019,25.1495,26.056,27.0254,28.0619,29.1696,30.3526,31.6147,32.9593,34.3892,35.906,37.5103,39.2006,40.9732,42.8217,44.7357,46.7008,48.6979,50.7021,52.6835,54.6064,56.4302,58.1111,59.6033,60.8619,61.8459,62.5211,62.8628,62.8583,62.5079,61.825,60.8345,59.5711,58.0763,56.3949,54.5725,52.6532,50.677,48.6794,46.6902,44.7337,42.829,40.9902,39.2273,37.5466,35.9518,34.444,33.0228,31.6863,30.4318,29.2558,28.1545,27.1238,26.1596,25.2578,24.4144,23.6254,22.8871,22.1961,21.5489,20.9425,20.374,19.8406,19.34,18.8697,18.4277,18.0118,17.6204,17.2518,16.9042,16.5764,16.267,15.9748,15.6986,15.4374,15.1903,14.9562,14.7344,14.5242,14.3248,14.1355,13.9558,13.785,13.6226,13.4681,13.3211,13.1811,13.0478,12.9206,12.7993,12.6836,12.573,12.4674,12.3664,12.2697,12.1771,12.0884,12.0034,11.9217,11.8433,11.7678,11.6952,11.6253,11.5578,11.4926,11.4295,11.3684,11.3092,11.2517,11.1958,11.1413,11.0882,11.0362,10.9854,10.9355,10.8864,10.8382,10.7906,10.7437,10.6972,10.6511,10.6054,10.5599,10.5146,10.4694,10.4243,10.3792,10.334,10.2888,10.2433,10.1977,10.1519,10.1057,10.0593,10.0126,9.96548,9.91802,9.87018,9.82194,9.7733,9.72424,9.67478,9.6249,9.57461,9.52392,9.47283,9.42135,9.3695,9.31728,9.26472,9.21183,9.15863,9.10514,9.05139,8.99738,8.94315,8.88872,8.83411,8.77935,8.72446,8.66946,8.61438,8.55924,8.50408,8.44889,8.39372,8.33859,8.28351,8.22851,8.17361,8.11883,8.06418,8.00969,7.95537,7.90125,7.84733,7.79363,7.74016,7.68696,7.63401,7.58134,7.52895,7.47686,7.42507,7.3736,7.32244,7.27162,7.22113,7.17098,7.12118,
 ,148,9.43714,9.46839,9.49926,9.52977,9.55991,9.5897,9.61914,9.64824,9.67702,9.70548,9.73363,9.7615,9.78909,9.81642,9.84351,9.87037,9.89702,9.92349,9.94979,9.97594,10.002,10.0279,10.0538,10.0796,10.1054,10.1312,10.157,10.1829,10.209,10.2351,10.2614,10.288,10.3147,10.3418,10.3692,10.3969,10.4251,10.4537,10.4828,10.5125,10.5427,10.5736,10.6052,10.6376,10.6708,10.7048,10.7398,10.7758,10.8128,10.851,10.8904,10.9311,10.9731,11.0165,11.0615,11.1082,11.1565,11.2066,11.2586,11.3127,11.3689,11.4273,11.4881,11.5514,11.6173,11.6861,11.7577,11.8325,11.9105,11.992,12.0772,12.1662,12.2592,12.3566,12.4585,12.5652,12.6771,12.7943,12.9172,13.0462,13.1816,13.3238,13.4733,13.6304,13.7957,13.9697,14.153,14.3462,14.5498,14.7648,14.9917,15.2315,15.485,15.7532,16.0372,16.3381,16.6571,16.9957,17.3552,17.7374,18.1438,18.5765,19.0375,19.529,20.0535,20.6136,21.2123,21.8526,22.538,23.2722,24.059,24.9028,25.8081,26.7798,27.8229,28.9428,30.1449,31.4347,32.8177,34.299,35.8833,37.5742,39.3741,41.2837,43.3008,45.4201,47.632,49.9216,52.2679,54.6428,57.0105,59.3275,61.5429,63.6,65.4386,66.9985,68.2239,69.0674,69.495,69.4886,69.0488,68.1943,66.9598,65.3931,63.5506,61.4925,59.2789,56.9662,54.605,52.2384,49.9018,47.6229,45.4224,43.3147,41.3093,39.4112,37.6224,35.9421,34.3679,32.896,31.5217,30.2399,29.0451,27.9318,26.8946,25.9282,25.0275,24.1878,23.4045,22.6734,21.9906,21.3524,20.7555,20.1969,19.6735,19.1829,18.7226,18.2904,17.8842,17.5022,17.1427,16.804,16.4848,16.1838,15.8996,15.6311,15.3774,15.1373,14.9102,14.6951,14.4912,14.2979,14.1146,13.9405,13.7752,13.6181,13.4687,13.3266,13.1913,13.0624,12.9396,12.8225,12.7108,12.6042,12.5023,12.4049,12.3117,12.2224,12.1369,12.0549,11.9762,11.9006,11.8279,11.7579,11.6904,11.6252,11.5623,11.5014,11.4423,11.385,11.3293,11.275,11.2221,11.1704,11.1198,11.0701,11.0213,10.9733,10.926,10.8792,10.8328,10.7869,10.7413,10.6959,10.6506,10.6054,10.5603,10.5151,10.4698,10.4243,10.3786,10.3327,10.2865,10.24,10.1932,10.1459,10.0983,10.0502,10.0017,9.95275,9.90335,9.85348,9.80315,9.75237,9.70112,9.64943,9.5973,9.54474,9.49176,9.43839,9.38464,9.33052,9.27608,9.22132,9.16626,9.11092,9.05535,8.99956,8.94358,8.88743,8.83114,8.77474,8.71825,8.6617,8.60511,8.54851,8.49193,8.43538,8.3789,8.3225,8.26621,8.21004,8.15402,8.09817,8.04251,7.98705,7.93181,7.87681,7.82205,7.76757,7.71337,7.65946,7.60585,7.55256,7.49959,7.44694,7.39464,7.34269,7.29109,7.23986,7.18899,
 ,147,9.54592,9.57751,9.60869,9.63949,9.66991,9.69995,9.72962,9.75893,9.78789,9.81652,9.84482,9.87281,9.90051,9.92792,9.95508,9.98198,10.0087,10.0351,10.0614,10.0876,10.1136,10.1394,10.1652,10.191,10.2166,10.2423,10.2681,10.2938,10.3197,10.3457,10.3719,10.3982,10.4248,10.4517,10.4789,10.5065,10.5344,10.5628,10.5917,10.6212,10.6513,10.682,10.7134,10.7456,10.7786,10.8124,10.8473,10.8831,10.92,10.9581,10.9974,11.038,11.08,11.1234,11.1684,11.215,11.2634,11.3136,11.3657,11.4199,11.4763,11.535,11.596,11.6597,11.726,11.7952,11.8673,11.9427,12.0213,12.1036,12.1895,12.2794,12.3734,12.4719,12.575,12.6831,12.7964,12.9153,13.04,13.1709,13.3084,13.453,13.605,13.765,13.9334,14.1108,14.2978,14.4951,14.7032,14.9231,15.1554,15.4012,15.6612,15.9367,16.2286,16.5383,16.8671,17.2165,17.588,17.9834,18.4046,18.8537,19.333,19.845,20.3924,20.9782,21.6057,22.2785,23.0004,23.7758,24.6092,25.5058,26.4709,27.5105,28.6309,29.8387,31.1409,32.5449,34.0581,35.6879,37.4414,39.3248,41.3434,43.5004,45.7966,48.2287,50.789,53.4629,56.2284,59.0541,61.8981,64.7075,67.4184,69.9574,72.2447,74.1988,75.7423,76.809,77.3506,77.3417,76.7828,75.7006,74.1443,72.181,69.8882,67.3477,64.639,61.8351,58.9994,56.1843,53.431,50.7704,48.2241,45.8061,43.5241,41.3807,39.3753,37.5043,35.7626,34.1436,32.6404,31.2455,29.9515,28.7511,27.6374,26.6036,25.6436,24.7516,23.922,23.15,22.4309,21.7605,21.135,20.5508,20.0046,19.4936,19.0151,18.5665,18.1456,17.7504,17.379,17.0297,16.7009,16.3911,16.099,15.8234,15.5633,15.3175,15.0851,14.8652,14.6571,14.4599,14.2731,14.0959,13.9277,13.7681,13.6164,13.4723,13.3352,13.2048,13.0806,12.9623,12.8495,12.7419,12.6392,12.5412,12.4475,12.3578,12.272,12.1897,12.1109,12.0352,11.9625,11.8925,11.8251,11.7601,11.6973,11.6366,11.5779,11.5208,11.4654,11.4115,11.3589,11.3075,11.2572,11.2079,11.1594,11.1117,11.0646,11.018,10.9719,10.9262,10.8807,10.8354,10.7903,10.7451,10.7,10.6547,10.6093,10.5637,10.5178,10.4716,10.4251,10.3782,10.3309,10.2831,10.2349,10.1862,10.1371,10.0874,10.0372,9.98647,9.93525,9.88352,9.83127,9.77853,9.72531,9.67161,9.61746,9.56288,9.50788,9.45249,9.39672,9.34062,9.28419,9.22747,9.17049,9.11327,9.05584,8.99824,8.94048,8.88261,8.82464,8.7666,8.70853,8.65045,8.59239,8.53436,8.47641,8.41855,8.3608,8.30319,8.24574,8.18847,8.1314,8.07455,8.01794,7.96158,7.90549,7.84968,7.79418,7.73899,7.68411,7.62957,7.57537,7.52153,7.46804,7.41493,7.36218,7.30982,7.25784,
 ,146,9.65695,9.68888,9.72039,9.75148,9.78217,9.81246,9.84236,9.87188,9.90102,9.92981,9.95826,9.98637,10.0142,10.0417,10.0689,10.0958,10.1225,10.149,10.1752,10.2013,10.2273,10.2531,10.2788,10.3044,10.33,10.3555,10.3811,10.4067,10.4324,10.4582,10.4842,10.5104,10.5368,10.5634,10.5904,10.6177,10.6455,10.6737,10.7023,10.7316,10.7614,10.7919,10.8231,10.8551,10.8879,10.9215,10.9562,10.9918,11.0286,11.0665,11.1057,11.1461,11.188,11.2314,11.2763,11.3229,11.3713,11.4215,11.4737,11.528,11.5846,11.6434,11.7047,11.7686,11.8352,11.9048,11.9774,12.0532,12.1325,12.2154,12.3021,12.3928,12.4877,12.5872,12.6915,12.8008,12.9155,13.0359,13.1623,13.2951,13.4346,13.5814,13.7359,13.8986,14.07,14.2507,14.4412,14.6424,14.8549,15.0795,15.3171,15.5686,15.8351,16.1175,16.4173,16.7356,17.0739,17.4338,17.8171,18.2255,18.6613,19.1267,19.6242,20.1565,20.7268,21.3383,21.9947,22.7001,23.459,24.2762,25.1571,26.1077,27.1344,28.2443,29.445,30.7449,32.1527,33.678,35.3306,37.1206,39.0583,41.1534,43.4149,45.8501,48.4635,51.256,54.2228,57.3515,60.6204,63.9955,67.429,70.857,74.1995,77.3615,80.2363,82.7122,84.6809,86.048,86.7437,86.7312,86.0112,84.6224,82.636,80.1474,77.2652,74.1013,70.7618,67.3412,63.9187,60.5572,57.3039,54.1919,51.2424,48.4673,45.8708,43.452,41.2061,39.1255,37.2014,35.4238,33.7826,32.2677,30.8691,29.5776,28.3842,27.2808,26.2598,25.3141,24.4374,23.6238,22.868,22.1652,21.5109,20.9011,20.3322,19.8009,19.3042,18.8394,18.4041,17.9959,17.6128,17.2529,16.9146,16.5963,16.2966,16.0141,15.7477,15.4963,15.2588,15.0343,14.8221,14.6212,14.4311,14.2509,14.0801,13.918,13.7642,13.6182,13.4795,13.3476,13.2221,13.1027,12.989,12.8806,12.7773,12.6787,12.5846,12.4946,12.4086,12.3262,12.2473,12.1716,12.099,12.0292,11.962,11.8973,11.8348,11.7744,11.716,11.6593,11.6043,11.5508,11.4986,11.4476,11.3978,11.3488,11.3008,11.2534,11.2067,11.1604,11.1146,11.0692,11.0239,10.9788,10.9338,10.8887,10.8436,10.7983,10.7528,10.707,10.661,10.6145,10.5677,10.5204,10.4727,10.4244,10.3756,10.3263,10.2764,10.226,10.175,10.1234,10.0713,10.0185,9.96525,9.91142,9.85705,9.80217,9.74678,9.69092,9.63461,9.57787,9.52072,9.4632,9.40533,9.34715,9.28869,9.22997,9.17102,9.11189,9.0526,8.99317,8.93365,8.87406,8.81443,8.75479,8.69517,8.63561,8.57611,8.51672,8.45745,8.39833,8.33939,8.28064,8.22211,8.16381,8.10577,8.048,7.99051,7.93334,7.87648,7.81995,7.76377,7.70793,7.65247,7.59737,7.54266,7.48834,7.43441,7.38089,7.32777,
 ,145,9.77031,9.80258,9.83441,9.86581,9.89677,9.92731,9.95744,9.98716,10.0165,10.0454,10.074,10.1022,10.1301,10.1577,10.1849,10.2119,10.2386,10.2651,10.2913,10.3173,10.3432,10.3689,10.3945,10.42,10.4454,10.4708,10.4962,10.5217,10.5472,10.5728,10.5985,10.6245,10.6506,10.6771,10.7038,10.7309,10.7583,10.7863,10.8147,10.8437,10.8732,10.9035,10.9344,10.9661,10.9987,11.0321,11.0665,11.102,11.1385,11.1762,11.2152,11.2555,11.2973,11.3405,11.3853,11.4319,11.4802,11.5304,11.5827,11.637,11.6936,11.7526,11.8141,11.8782,11.9451,12.015,12.088,12.1642,12.244,12.3275,12.4148,12.5063,12.6021,12.7025,12.8078,12.9183,13.0343,13.1561,13.2841,13.4186,13.5601,13.709,13.8659,14.0311,14.2053,14.3891,14.5831,14.788,15.0047,15.2339,15.4765,15.7336,16.0062,16.2954,16.6027,16.9293,17.2769,17.6471,18.0418,18.4631,18.9131,19.3945,19.9099,20.4623,21.0552,21.6922,22.3774,23.1155,23.9114,24.7707,25.6997,26.7051,27.7947,28.9767,30.2604,31.6559,33.1742,34.8273,36.6278,38.5895,40.7264,43.0527,45.5824,48.3282,51.3006,54.5062,57.9459,61.6117,65.4846,69.53,73.6948,77.9036,82.0569,86.0315,89.6843,92.8605,95.406,97.184,98.0916,98.0738,97.1321,95.3238,92.7539,89.5605,85.8981,81.9214,77.7727,73.5743,69.4243,65.3968,61.544,57.8993,54.4812,51.2968,48.345,45.6187,43.1074,40.7981,38.6769,36.7295,34.9419,33.3005,31.7926,30.4064,29.1308,27.9559,26.8726,25.8724,24.948,24.0926,23.3,22.5647,21.8816,21.2464,20.655,20.1037,19.5891,19.1084,18.6588,18.2378,17.8433,17.4732,17.1257,16.7992,16.492,16.2028,15.9304,15.6735,15.4312,15.2023,14.9862,14.7818,14.5884,14.4054,14.2321,14.0678,13.9121,13.7643,13.624,13.4908,13.3642,13.2438,13.1293,13.0203,12.9164,12.8174,12.723,12.6328,12.5467,12.4643,12.3855,12.31,12.2376,12.168,12.1012,12.0368,11.9747,11.9148,11.8568,11.8006,11.7461,11.6931,11.6414,11.591,11.5416,11.4932,11.4456,11.3987,11.3524,11.3066,11.2611,11.216,11.171,11.1261,11.0813,11.0364,10.9913,10.9461,10.9005,10.8547,10.8084,10.7618,10.7146,10.667,10.6188,10.57,10.5207,10.4707,10.4201,10.3689,10.317,10.2645,10.2114,10.1576,10.1033,10.0483,9.9927,9.93657,9.87989,9.82268,9.76498,9.70682,9.64822,9.58922,9.52984,9.47012,9.41009,9.34979,9.28924,9.2285,9.16758,9.10653,9.04538,8.98415,8.92289,8.86162,8.80038,8.73919,8.67809,8.61709,8.55624,8.49554,8.43504,8.37475,8.31469,8.25488,8.19535,8.1361,8.07717,8.01856,7.9603,7.90239,7.84484,7.78767,7.73089,7.6745,7.61852,7.56295,7.5078,7.45308,7.39879,
 ,144,9.88606,9.91869,9.95085,9.98255,10.0138,10.0446,10.0749,10.1049,10.1344,10.1635,10.1922,10.2205,10.2485,10.2761,10.3034,10.3304,10.3571,10.3835,10.4097,10.4356,10.4614,10.487,10.5125,10.5378,10.5631,10.5883,10.6135,10.6387,10.664,10.6894,10.7149,10.7406,10.7665,10.7926,10.8191,10.8459,10.8731,10.9007,10.9288,10.9575,10.9868,11.0167,11.0474,11.0788,11.111,11.1442,11.1784,11.2135,11.2498,11.2873,11.3261,11.3662,11.4078,11.4508,11.4955,11.5419,11.5902,11.6403,11.6925,11.7469,11.8035,11.8626,11.9241,11.9884,12.0556,12.1257,12.199,12.2756,12.3559,12.4398,12.5278,12.6199,12.7165,12.8178,12.924,13.0356,13.1527,13.2759,13.4053,13.5415,13.6848,13.8357,13.9947,14.1623,14.3392,14.5259,14.7232,14.9317,15.1523,15.3858,15.6333,15.8957,16.1741,16.47,16.7844,17.1191,17.4756,17.8558,18.2616,18.6952,19.1592,19.6561,20.1889,20.761,21.3761,22.0382,22.7519,23.5223,24.355,25.2564,26.2335,27.2942,28.4474,29.7028,31.0714,32.5653,34.198,35.9844,37.9407,40.0846,42.435,45.0116,47.8351,50.9253,54.3009,57.9774,61.9642,66.262,70.8579,75.7206,80.7942,85.9921,91.1927,96.2369,100.932,105.061,108.402,110.752,111.956,111.931,110.678,108.286,104.911,100.759,96.0523,91.0066,85.8137,80.6307,75.5775,70.7387,66.1689,61.898,57.9381,54.2878,50.9371,47.8702,45.0684,42.5116,40.1793,38.0518,36.1101,34.3368,32.7157,31.232,29.8723,28.6247,27.4783,26.4233,25.4511,24.5539,23.7246,22.957,22.2457,21.5854,20.9718,20.4008,19.8688,19.3725,18.909,18.4757,18.0701,17.6901,17.3337,16.9991,16.6848,16.3892,16.111,15.849,15.602,15.369,15.1491,14.9414,14.7451,14.5594,14.3837,14.2174,14.0598,13.9105,13.7689,13.6345,13.5069,13.3857,13.2705,13.1609,13.0567,12.9574,12.8628,12.7726,12.6865,12.6042,12.5256,12.4503,12.3782,12.3091,12.2427,12.1788,12.1172,12.0578,12.0004,11.9449,11.891,11.8386,11.7875,11.7377,11.6889,11.6411,11.5941,11.5477,11.5019,11.4566,11.4116,11.3669,11.3223,11.2777,11.2331,11.1884,11.1434,11.0982,11.0527,11.0068,10.9604,10.9135,10.8661,10.8181,10.7694,10.7202,10.6702,10.6196,10.5682,10.5162,10.4635,10.41,10.3559,10.301,10.2455,10.1893,10.1325,10.075,10.017,9.95835,9.8992,9.83954,9.7794,9.71883,9.65785,9.59651,9.53483,9.47286,9.41064,9.3482,9.28558,9.22281,9.15994,9.097,9.03402,8.97104,8.90809,8.8452,8.78241,8.71973,8.65722,8.59488,8.53274,8.47084,8.40918,8.3478,8.28671,8.22594,8.1655,8.10541,8.04568,7.98634,7.92738,7.86882,7.81067,7.75295,7.69565,7.63879,7.58238,7.52642,7.47091,
 ,143,10.0043,10.0373,10.0698,10.1018,10.1333,10.1644,10.1949,10.2251,10.2547,10.284,10.3128,10.3413,10.3693,10.397,10.4243,10.4513,10.4779,10.5043,10.5304,10.5563,10.5819,10.6074,10.6327,10.6579,10.683,10.708,10.733,10.758,10.783,10.8082,10.8334,10.8588,10.8844,10.9102,10.9364,10.9628,10.9897,11.017,11.0448,11.0731,11.1021,11.1317,11.162,11.1931,11.225,11.2579,11.2917,11.3266,11.3626,11.3998,11.4383,11.4782,11.5195,11.5624,11.6069,11.6531,11.7012,11.7512,11.8033,11.8576,11.9142,11.9733,12.035,12.0993,12.1666,12.2369,12.3105,12.3874,12.468,12.5524,12.6409,12.7336,12.8308,12.9329,13.04,13.1525,13.2708,13.3951,13.5259,13.6636,13.8085,13.9613,14.1223,14.2922,14.4716,14.6611,14.8614,15.0733,15.2976,15.5352,15.7872,16.0547,16.3387,16.6407,16.9621,17.3045,17.6695,18.0592,18.4756,18.9212,19.3985,19.9104,20.4602,21.0514,21.688,22.3746,23.1161,23.9182,24.7872,25.7302,26.755,27.8708,29.0877,30.4169,31.8714,33.4656,35.2156,37.1398,39.2582,41.5935,44.1702,47.0151,50.157,53.6253,57.4499,61.6584,66.274,71.3107,76.7686,82.6253,88.8279,95.2819,101.842,108.306,114.412,119.856,124.313,127.475,129.103,129.067,127.37,124.148,119.645,114.171,108.05,101.587,95.0398,88.608,82.434,76.6097,71.1861,66.1839,61.6021,57.4257,53.6312,50.1907,47.0743,44.2524,41.6964,39.3797,37.2778,35.3683,33.631,32.0481,30.6034,29.2825,28.073,26.9633,25.9436,25.005,24.1396,23.3404,22.6013,21.9165,21.2813,20.6912,20.1423,19.6309,19.154,18.7088,18.2925,17.903,17.5381,17.1959,16.8747,16.573,16.2894,16.0224,15.771,15.5341,15.3107,15.0999,14.9008,14.7127,14.5349,14.3667,14.2075,14.0567,13.9139,13.7785,13.6501,13.5282,13.4125,13.3025,13.198,13.0986,13.004,12.9138,12.8279,12.7459,12.6676,12.5928,12.5211,12.4525,12.3866,12.3233,12.2624,12.2037,12.147,12.0922,12.039,11.9873,11.937,11.8879,11.8399,11.7927,11.7464,11.7007,11.6555,11.6108,11.5663,11.5221,11.4779,11.4337,11.3894,11.3449,11.3002,11.2551,11.2096,11.1636,11.1171,11.0701,11.0224,10.974,10.9249,10.8751,10.8245,10.7732,10.7211,10.6683,10.6146,10.5601,10.5049,10.4489,10.3922,10.3347,10.2766,10.2177,10.1582,10.0981,10.0374,9.97619,9.91443,9.8522,9.78954,9.72648,9.66306,9.59934,9.53534,9.47111,9.40669,9.34212,9.27745,9.2127,9.14791,9.08313,9.01839,8.95372,8.88916,8.82473,8.76047,8.6964,8.63256,8.56897,8.50565,8.44263,8.37992,8.31756,8.25555,8.19391,8.13267,8.07182,8.0114,7.9514,7.89184,7.83273,7.77408,7.71589,7.65817,7.60093,7.54416,
 ,142,10.1251,10.1585,10.1913,10.2236,10.2554,10.2867,10.3175,10.3478,10.3777,10.4071,10.436,10.4646,10.4927,10.5204,10.5477,10.5747,10.6013,10.6276,10.6536,10.6794,10.7049,10.7302,10.7554,10.7804,10.8052,10.83,10.8548,10.8795,10.9043,10.9291,10.954,10.9791,11.0044,11.0299,11.0557,11.0818,11.1083,11.1352,11.1627,11.1906,11.2192,11.2484,11.2784,11.3091,11.3407,11.3732,11.4066,11.4412,11.4768,11.5137,11.5519,11.5915,11.6325,11.6751,11.7194,11.7654,11.8133,11.8632,11.9151,11.9693,12.0258,12.0849,12.1465,12.2109,12.2783,12.3487,12.4224,12.4996,12.5805,12.6653,12.7541,12.8473,12.9452,13.0479,13.1558,13.2691,13.3884,13.5138,13.6458,13.7848,13.9313,14.0857,14.2487,14.4207,14.6023,14.7944,14.9975,15.2125,15.4403,15.6818,15.9381,16.2103,16.4996,16.8074,17.1353,17.4849,17.858,18.2567,18.6833,19.1402,19.6302,20.1565,20.7224,21.3319,21.9894,22.6996,23.468,24.3009,25.2052,26.1887,27.2605,28.4305,29.7103,31.113,32.6534,34.3484,36.2173,38.2819,40.567,43.1007,45.9144,49.0434,52.5262,56.4048,60.7234,65.5268,70.8575,76.7511,83.2288,90.2883,97.8895,105.939,114.27,122.63,130.67,137.956,144.005,148.344,150.593,150.54,148.192,143.768,137.656,130.331,122.276,113.921,105.612,97.5963,90.0357,83.0204,76.5879,70.7388,65.4503,60.6863,56.404,52.5584,49.1054,46.0031,43.2131,40.7004,38.4338,36.3854,34.5306,32.8479,31.3181,29.9244,28.6523,27.4888,26.4225,25.4434,24.5428,23.7128,22.9467,22.2383,21.5823,20.9738,20.4086,19.8828,19.3931,18.9364,18.51,18.1115,17.7385,17.3891,17.0614,16.754,16.4651,16.1936,15.9381,15.6976,15.4709,15.2572,15.0556,14.8653,14.6855,14.5156,14.355,14.203,14.0591,13.9228,13.7937,13.6714,13.5553,13.4451,13.3405,13.2411,13.1466,13.0567,12.971,12.8894,12.8116,12.7373,12.6663,12.5983,12.5331,12.4706,12.4104,12.3525,12.2967,12.2427,12.1904,12.1396,12.0901,12.0418,11.9946,11.9483,11.9028,11.8578,11.8134,11.7693,11.7255,11.6818,11.6381,11.5944,11.5505,11.5063,11.4618,11.4169,11.3715,11.3255,11.2789,11.2317,11.1837,11.135,11.0855,11.0351,10.984,10.9319,10.879,10.8253,10.7707,10.7152,10.6588,10.6016,10.5436,10.4848,10.4252,10.3649,10.3039,10.2422,10.1799,10.117,10.0535,9.98952,9.92508,9.8602,9.79495,9.72937,9.6635,9.59738,9.53107,9.4646,9.39802,9.33137,9.26468,9.19801,9.13138,9.06484,8.99842,8.93215,8.86606,8.80019,8.73457,8.66921,8.60416,8.53942,8.47503,8.411,8.34735,8.28411,8.22128,8.15889,8.09695,8.03546,7.97443,7.91388,7.85382,7.79425,7.73518,7.67662,7.61856,
 ,141,10.2486,10.2823,10.3155,10.3481,10.3802,10.4117,10.4428,10.4733,10.5033,10.5329,10.5619,10.5905,10.6187,10.6464,10.6737,10.7007,10.7272,10.7535,10.7794,10.805,10.8304,10.8556,10.8805,10.9053,10.9299,10.9544,10.9789,11.0034,11.0278,11.0523,11.0769,11.1016,11.1265,11.1517,11.1771,11.2028,11.2289,11.2555,11.2825,11.31,11.3382,11.367,11.3965,11.4268,11.458,11.4901,11.5232,11.5573,11.5926,11.6291,11.6669,11.7062,11.7469,11.7892,11.8331,11.8789,11.9265,11.9762,12.0279,12.0819,12.1383,12.1972,12.2588,12.3232,12.3905,12.461,12.5348,12.6122,12.6933,12.7783,12.8675,12.9611,13.0594,13.1627,13.2712,13.3854,13.5054,13.6318,13.7649,13.9052,14.053,14.209,14.3736,14.5475,14.7313,14.9257,15.1314,15.3493,15.5803,15.8254,16.0856,16.3622,16.6564,16.9697,17.3036,17.66,18.0407,18.4478,18.8839,19.3514,19.8535,20.3933,20.9745,21.6014,22.2786,23.0113,23.8055,24.6679,25.6061,26.6288,27.7459,28.9686,30.3099,31.7846,33.4097,35.2046,37.1921,39.3978,41.8518,44.5882,47.6464,51.0713,54.9138,59.2309,64.0853,69.5446,75.6782,82.5529,90.225,98.7271,108.05,118.119,128.759,139.665,150.377,160.28,168.644,174.726,177.904,177.827,174.503,168.3,159.849,149.898,139.173,128.283,117.68,107.662,98.3973,89.9558,82.3436,75.5257,69.445,64.034,59.2232,54.9451,51.1373,47.743,44.7117,41.9989,39.5655,37.3776,35.4056,33.6239,32.0102,30.5451,29.2119,27.9959,26.8844,25.8663,24.9318,24.0723,23.2804,22.5494,21.8735,21.2475,20.6668,20.1273,19.6255,19.1581,18.7221,18.315,17.9344,17.5782,17.2446,16.9317,16.6381,16.3623,16.103,15.8591,15.6295,15.4132,15.2093,15.017,14.8355,14.6641,14.5022,14.3492,14.2044,14.0675,13.9379,13.8152,13.6989,13.5887,13.4841,13.3849,13.2907,13.2011,13.116,13.0349,12.9577,12.8841,12.8138,12.7466,12.6823,12.6206,12.5614,12.5045,12.4496,12.3965,12.3452,12.2954,12.2469,12.1997,12.1534,12.108,12.0634,12.0193,11.9757,11.9324,11.8893,11.8463,11.8032,11.76,11.7166,11.6728,11.6286,11.5839,11.5386,11.4927,11.4461,11.3987,11.3504,11.3014,11.2514,11.2005,11.1487,11.096,11.0423,10.9876,10.9319,10.8753,10.8178,10.7594,10.7,10.6398,10.5787,10.5169,10.4542,10.3909,10.3268,10.2621,10.1968,10.131,10.0646,9.99786,9.93066,9.86311,9.79526,9.72715,9.65884,9.59036,9.52177,9.45311,9.38443,9.31577,9.24716,9.17865,9.11028,9.04208,8.97408,8.90632,8.83882,8.77163,8.70476,8.63823,8.57207,8.50631,8.44096,8.37605,8.31158,8.24758,8.18405,8.12101,8.05847,7.99643,7.93491,7.87392,7.81345,7.75352,7.69412,
 ,140,10.3748,10.4089,10.4424,10.4754,10.5077,10.5395,10.5708,10.6015,10.6317,10.6614,10.6905,10.7192,10.7474,10.7751,10.8025,10.8294,10.8559,10.882,10.9078,10.9333,10.9585,10.9835,11.0082,11.0327,11.0571,11.0813,11.1055,11.1296,11.1537,11.1779,11.2021,11.2264,11.251,11.2757,11.3007,11.326,11.3516,11.3777,11.4043,11.4314,11.4591,11.4875,11.5165,11.5464,11.5771,11.6087,11.6414,11.6751,11.7099,11.746,11.7834,11.8223,11.8626,11.9045,11.9481,11.9935,12.0409,12.0902,12.1417,12.1955,12.2517,12.3104,12.3718,12.4361,12.5034,12.5739,12.6477,12.7252,12.8064,12.8916,12.981,13.075,13.1736,13.2774,13.3864,13.5012,13.622,13.7492,13.8833,14.0246,14.1736,14.331,14.4971,14.6727,14.8584,15.0549,15.263,15.4835,15.7174,15.9657,16.2295,16.5101,16.8088,17.1271,17.4666,17.8292,18.2169,18.6319,19.0767,19.5542,20.0674,20.6198,21.2154,21.8585,22.5542,23.308,24.1264,25.0167,25.987,27.0469,28.2072,29.4803,30.8807,32.4249,34.1321,36.0245,38.1283,40.4734,43.0953,46.0352,49.341,53.0689,57.2838,62.061,67.486,73.6554,80.6747,88.6549,97.704,107.914,119.334,131.94,145.578,159.907,174.337,188.001,199.793,208.514,213.121,213.005,208.182,199.286,187.376,173.655,159.22,144.928,131.354,118.826,107.488,97.3619,88.3915,80.484,73.5305,67.4198,62.0467,57.3153,53.1403,49.4474,46.1719,43.2584,40.6591,38.3335,36.2465,34.3682,32.6731,31.139,29.7471,28.4809,27.3263,26.2709,25.3042,24.4168,23.6005,22.8482,22.1536,21.5111,20.916,20.3637,19.8506,19.3731,18.9282,18.5132,18.1255,17.7631,17.4239,17.106,16.808,16.5283,16.2656,16.0186,15.7863,15.5677,15.3618,15.1677,14.9847,14.8121,14.6491,14.4953,14.3499,14.2125,14.0826,13.9597,13.8434,13.7333,13.629,13.5301,13.4363,13.3472,13.2627,13.1824,13.1059,13.0331,12.9637,12.8975,12.8342,12.7736,12.7154,12.6596,12.6058,12.5539,12.5037,12.4551,12.4077,12.3616,12.3164,12.2721,12.2285,12.1854,12.1428,12.1004,12.0581,12.0158,11.9735,11.9309,11.888,11.8447,11.8009,11.7565,11.7114,11.6655,11.6188,11.5713,11.5229,11.4735,11.4231,11.3716,11.3192,11.2657,11.2111,11.1554,11.0987,11.041,10.9822,10.9224,10.8616,10.7999,10.7373,10.6738,10.6094,10.5443,10.4784,10.4118,10.3446,10.2768,10.2085,10.1396,10.0704,10.0007,9.9308,9.86058,9.79015,9.71956,9.64885,9.57808,9.50728,9.43652,9.36583,9.29525,9.22483,9.1546,9.08459,9.01485,8.9454,8.87628,8.80751,8.73911,8.67112,8.60354,8.53642,8.46976,8.40359,8.33791,8.27274,8.20809,8.14397,8.0804,8.01737,7.9549,7.89299,7.83165,7.77087,
 ,139,10.5038,10.5383,10.5722,10.6055,10.6381,10.6702,10.7017,10.7326,10.7629,10.7927,10.822,10.8507,10.879,10.9067,10.934,10.9608,10.9872,11.0133,11.0389,11.0643,11.0893,11.114,11.1385,11.1627,11.1868,11.2108,11.2346,11.2584,11.2821,11.3059,11.3297,11.3536,11.3777,11.402,11.4265,11.4513,11.4765,11.5021,11.5282,11.5548,11.582,11.6098,11.6384,11.6678,11.698,11.7291,11.7612,11.7945,11.8288,11.8645,11.9014,11.9398,11.9797,12.0212,12.0644,12.1094,12.1564,12.2054,12.2566,12.31,12.3659,12.4244,12.4857,12.5498,12.6169,12.6873,12.7611,12.8385,12.9198,13.0051,13.0947,13.1888,13.2878,13.3918,13.5013,13.6166,13.738,13.8659,14.0008,14.143,14.2931,14.4516,14.6191,14.7961,14.9835,15.1819,15.392,15.6149,15.8514,16.1026,16.3697,16.6539,16.9566,17.2794,17.624,17.9923,18.3863,18.8084,19.2613,19.7478,20.2712,20.8352,21.4439,22.1019,22.8146,23.588,24.4288,25.3449,26.3451,27.4397,28.6404,29.9609,31.417,33.0269,34.8122,36.7978,39.0133,41.4934,44.2789,47.4186,50.9698,55.0009,59.593,64.842,70.8609,77.7819,85.7564,94.9545,105.559,117.75,131.681,147.43,164.923,183.832,203.444,222.563,239.507,252.311,259.168,258.991,251.805,238.747,221.646,202.467,182.875,164.041,146.653,131.022,117.21,105.131,94.6299,85.5237,77.6302,70.78,64.8224,59.6264,55.0802,51.0885,47.5711,44.4606,41.6998,39.2409,37.0433,35.0727,33.3001,31.7007,30.2533,28.9399,27.7448,26.6547,25.6579,24.7445,23.9055,23.1334,22.4215,21.7638,21.1553,20.5912,20.0676,19.5809,19.1278,18.7055,18.3115,17.9433,17.599,17.2767,16.9747,16.6915,16.4256,16.176,15.9413,15.7206,15.5129,15.3174,15.1332,14.9595,14.7958,14.6413,14.4955,14.3578,14.2278,14.1049,13.9888,13.8789,13.775,13.6766,13.5834,13.4951,13.4114,13.3319,13.2564,13.1846,13.1163,13.0512,12.989,12.9296,12.8727,12.8181,12.7656,12.715,12.6661,12.6188,12.5727,12.5278,12.4839,12.4408,12.3984,12.3564,12.3148,12.2734,12.2321,12.1908,12.1492,12.1074,12.0651,12.0224,11.979,11.9349,11.89,11.8443,11.7977,11.75,11.7014,11.6516,11.6008,11.5488,11.4957,11.4414,11.3859,11.3292,11.2714,11.2124,11.1523,11.0911,11.0288,10.9655,10.9012,10.8359,10.7698,10.7027,10.6349,10.5663,10.4971,10.4272,10.3567,10.2857,10.2143,10.1424,10.0703,9.99783,9.92516,9.85232,9.77938,9.70637,9.63336,9.56038,9.48749,9.41474,9.34217,9.2698,9.19769,9.12587,9.05437,8.98323,8.91247,8.84212,8.77221,8.70275,8.63378,8.56531,8.49736,8.42994,8.36306,8.29674,8.23099,8.16581,8.10122,8.03722,7.97382,7.91102,7.84882,
 ,138,10.6358,10.6707,10.7049,10.7385,10.7715,10.8038,10.8355,10.8666,10.8971,10.927,10.9564,10.9852,11.0134,11.0412,11.0684,11.0952,11.1215,11.1474,11.1729,11.198,11.2228,11.2473,11.2715,11.2955,11.3192,11.3428,11.3663,11.3897,11.413,11.4363,11.4597,11.4832,11.5068,11.5306,11.5546,11.5789,11.6036,11.6287,11.6542,11.6803,11.7069,11.7342,11.7622,11.791,11.8207,11.8513,11.8829,11.9156,11.9494,11.9845,12.0209,12.0588,12.0982,12.1392,12.182,12.2265,12.2731,12.3217,12.3725,12.4256,12.4812,12.5393,12.6003,12.6641,12.7311,12.8013,12.875,12.9523,13.0335,13.1188,13.2084,13.3027,13.4018,13.5061,13.6159,13.7316,13.8534,13.9819,14.1174,14.2603,14.4113,14.5708,14.7394,14.9177,15.1065,15.3065,15.5185,15.7434,15.9822,16.236,16.5059,16.7933,17.0996,17.4264,17.7754,18.1487,18.5484,18.9769,19.4369,19.9315,20.4641,21.0384,21.6589,22.3305,23.0586,23.8496,24.7107,25.6502,26.6776,27.8039,29.0416,30.4056,31.9129,33.5837,35.4415,37.5141,39.8344,42.4417,45.3827,48.7135,52.5015,56.828,61.7915,67.5109,74.1305,81.8239,90.799,101.301,113.611,128.04,144.9,164.454,186.812,211.766,238.554,265.596,290.361,309.592,320.079,319.801,308.808,289.203,264.236,237.149,210.434,185.621,163.434,144.058,127.365,113.087,100.909,90.5225,81.6459,74.0365,67.4885,61.8299,56.9183,52.6358,48.8853,45.5862,42.6721,40.0874,37.786,35.7293,33.8847,32.2247,30.7261,29.3692,28.137,27.015,25.9907,25.0535,24.1938,23.4037,22.6761,22.0046,21.3839,20.8091,20.2761,19.781,19.3206,18.8917,18.4918,18.1185,17.7697,17.4434,17.1379,16.8515,16.583,16.331,16.0943,15.8719,15.6628,15.466,15.2808,15.1063,14.942,14.7871,14.6411,14.5034,14.3735,14.2508,14.135,14.0257,13.9223,13.8246,13.7322,13.6448,13.562,13.4836,13.4092,13.3386,13.2715,13.2077,13.1469,13.0888,13.0334,12.9802,12.9292,12.88,12.8326,12.7867,12.7421,12.6986,12.6561,12.6143,12.5732,12.5326,12.4922,12.452,12.4117,12.3714,12.3308,12.2897,12.2482,12.2061,12.1632,12.1195,12.075,12.0294,11.9828,11.9351,11.8863,11.8362,11.7849,11.7324,11.6786,11.6234,11.567,11.5093,11.4503,11.39,11.3285,11.2658,11.2019,11.1369,11.0708,11.0037,10.9355,10.8665,10.7966,10.7259,10.6545,10.5823,10.5096,10.4363,10.3626,10.2884,10.2139,10.1391,10.064,9.98882,9.9135,9.83814,9.76278,9.68747,9.61227,9.53722,9.46238,9.38778,9.31346,9.23945,9.1658,9.09255,9.01971,8.94732,8.8754,8.80398,8.73308,8.66272,8.59291,8.52368,8.45503,8.38698,8.31953,8.2527,8.1865,8.12091,8.05597,7.99166,7.92799,
 ,137,10.7709,10.8062,10.8408,10.8747,10.9079,10.9405,10.9724,11.0037,11.0344,11.0644,11.0938,11.1227,11.1509,11.1787,11.2058,11.2325,11.2587,11.2845,11.3098,11.3347,11.3592,11.3834,11.4073,11.431,11.4544,11.4776,11.5007,11.5236,11.5465,11.5694,11.5923,11.6153,11.6383,11.6616,11.6851,11.7089,11.733,11.7575,11.7824,11.8079,11.834,11.8607,11.8881,11.9163,11.9453,11.9753,12.0063,12.0384,12.0717,12.1062,12.142,12.1793,12.2182,12.2587,12.3009,12.345,12.391,12.4391,12.4895,12.5421,12.5973,12.6551,12.7157,12.7792,12.8459,12.9158,12.9893,13.0664,13.1475,13.2327,13.3223,13.4165,13.5157,13.6202,13.7302,13.846,13.9682,14.0971,14.233,14.3766,14.5282,14.6885,14.858,15.0374,15.2274,15.4287,15.6423,15.8689,16.1096,16.3656,16.6379,16.9281,17.2374,17.5677,17.9206,18.2983,18.7029,19.1369,19.6032,20.1048,20.6454,21.2288,21.8597,22.543,23.2847,24.0912,24.9703,25.9306,26.9821,28.1364,29.4071,30.8099,32.3632,34.0886,36.0118,38.1631,40.5789,43.3025,46.3865,49.8943,53.9033,58.508,63.8247,69.9968,77.2021,85.6605,95.6444,107.489,121.6,138.459,158.61,182.61,210.913,243.638,280.167,318.591,355.217,384.65,401.075,400.629,383.409,353.432,316.563,278.151,241.798,209.327,181.296,157.555,137.634,120.972,107.029,95.3252,85.4589,77.0987,69.9756,63.8724,58.6135,54.0574,50.0893,46.6158,43.5605,40.8608,38.465,36.3301,34.4204,32.7059,31.1613,29.7654,28.4999,27.3494,26.3006,25.3422,24.4641,23.658,22.9163,22.2326,21.6011,21.0168,20.4754,19.9729,19.5059,19.0713,18.6664,18.2886,17.9358,17.606,17.2974,17.0084,16.7376,16.4836,16.2453,16.0214,15.8111,15.6134,15.4275,15.2526,15.0879,14.9329,14.7869,14.6493,14.5196,14.3974,14.2822,14.1735,14.0709,13.9741,13.8827,13.7964,13.7147,13.6375,13.5645,13.4952,13.4296,13.3672,13.3079,13.2515,13.1976,13.146,13.0966,13.0491,13.0033,12.959,12.916,12.8742,12.8332,12.793,12.7534,12.7142,12.6752,12.6362,12.5972,12.558,12.5184,12.4784,12.4377,12.3963,12.354,12.3108,12.2666,12.2213,12.1748,12.1271,12.0781,12.0277,11.976,11.9228,11.8682,11.8122,11.7548,11.696,11.6357,11.5741,11.5111,11.4468,11.3812,11.3144,11.2464,11.1772,11.1071,11.0359,10.9638,10.8908,10.817,10.7425,10.6674,10.5917,10.5155,10.4388,10.3618,10.2845,10.2069,10.1292,10.0514,9.97351,9.89567,9.8179,9.74026,9.66281,9.58558,9.50861,9.43197,9.35568,9.27978,9.20431,9.12929,9.05477,8.98075,8.90728,8.83436,8.76204,8.69031,8.61919,8.5487,8.47884,8.40964,8.34109,8.27321,8.206,8.13945,8.07359,8.0084,
 ,136,10.9091,10.9448,10.9797,11.014,11.0475,11.0804,11.1125,11.144,11.1748,11.205,11.2345,11.2633,11.2916,11.3193,11.3464,11.3729,11.399,11.4246,11.4497,11.4743,11.4986,11.5225,11.5461,11.5694,11.5924,11.6152,11.6378,11.6603,11.6828,11.7051,11.7275,11.7499,11.7725,11.7951,11.8181,11.8412,11.8647,11.8886,11.9129,11.9378,11.9632,11.9892,12.016,12.0435,12.0719,12.1013,12.1316,12.163,12.1957,12.2295,12.2648,12.3014,12.3397,12.3796,12.4212,12.4647,12.5102,12.5578,12.6076,12.6598,12.7145,12.7718,12.832,12.8951,12.9614,13.031,13.1041,13.181,13.2618,13.3469,13.4363,13.5304,13.6296,13.734,13.844,13.96,14.0824,14.2115,14.3478,14.4918,14.6439,14.8048,14.975,15.1552,15.3461,15.5485,15.7632,15.9912,16.2336,16.4913,16.7657,17.0581,17.37,17.7031,18.0593,18.4406,18.8493,19.288,19.7595,20.2671,20.8145,21.4056,22.0452,22.7386,23.4918,24.3116,25.2059,26.1839,27.256,28.4345,29.7335,31.1697,32.7626,34.5353,36.5152,38.7352,41.2343,44.0603,47.2705,50.9356,55.1422,59.9976,65.6355,72.2236,79.9736,89.1538,100.106,113.263,129.179,148.542,172.198,201.125,236.33,278.58,327.8,382.055,436.277,481.714,507.821,507.097,479.732,433.513,379.044,324.94,276.083,234.263,199.471,170.909,147.559,128.448,112.739,99.7489,88.9345,79.867,72.2097,65.6982,60.1238,55.3213,51.1587,47.5301,44.3502,41.5493,39.0708,36.8677,34.9013,33.1394,31.5549,30.1252,28.8309,27.6558,26.5858,25.609,24.7151,23.8951,23.1413,22.447,21.8062,21.2137,20.6651,20.1563,19.6837,19.2441,18.8348,18.4532,18.097,17.7643,17.4532,17.162,16.8893,16.6337,16.394,16.1691,15.958,15.7597,15.5733,15.3981,15.2334,15.0784,14.9327,14.7955,14.6664,14.5448,14.4303,14.3225,14.2209,14.1252,14.035,13.9499,13.8696,13.7938,13.7223,13.6546,13.5906,13.5299,13.4723,13.4176,13.3655,13.3158,13.2682,13.2225,13.1785,13.1361,13.0949,13.0548,13.0156,12.9772,12.9392,12.9016,12.8641,12.8266,12.789,12.751,12.7126,12.6736,12.6339,12.5933,12.5518,12.5092,12.4654,12.4204,12.374,12.3263,12.2771,12.2264,12.1742,12.1205,12.0652,12.0083,11.9498,11.8898,11.8282,11.7651,11.7005,11.6345,11.5671,11.4983,11.4283,11.357,11.2846,11.2112,11.1367,11.0613,10.9851,10.9081,10.8304,10.752,10.6732,10.5939,10.5142,10.4342,10.354,10.2736,10.1931,10.1127,10.0322,9.95182,9.87161,9.7916,9.71185,9.63241,9.55332,9.47463,9.39637,9.31858,9.24128,9.16452,9.08832,9.0127,8.93769,8.86331,8.78958,8.7165,8.64409,8.57237,8.50134,8.43101,8.36139,8.29249,8.22429,8.15682,8.09006,
 ,135,11.0505,11.0866,11.122,11.1566,11.1905,11.2236,11.2559,11.2876,11.3185,11.3488,11.3783,11.4072,11.4355,11.4631,11.4901,11.5166,11.5425,11.5678,11.5927,11.6171,11.6411,11.6647,11.6879,11.7108,11.7334,11.7557,11.7779,11.7999,11.8218,11.8436,11.8654,11.8873,11.9092,11.9313,11.9535,11.9761,11.9989,12.0221,12.0458,12.0699,12.0946,12.12,12.146,12.1729,12.2006,12.2292,12.2588,12.2895,12.3215,12.3546,12.3892,12.4252,12.4627,12.5019,12.5429,12.5858,12.6307,12.6776,12.7269,12.7785,12.8326,12.8895,12.9491,13.0118,13.0776,13.1468,13.2195,13.296,13.3765,13.4612,13.5504,13.6444,13.7433,13.8476,13.9576,14.0736,14.1959,14.3251,14.4616,14.6058,14.7582,14.9195,15.0901,15.2709,15.4625,15.6657,15.8813,16.1104,16.3539,16.613,16.889,17.1832,17.4971,17.8325,18.1913,18.5755,18.9875,19.4299,19.9056,20.4181,20.9708,21.5682,22.2149,22.9164,23.6789,24.5094,25.4162,26.4086,27.4975,28.6957,30.0178,31.4813,33.1067,34.9182,36.9449,39.2215,41.7898,44.7007,48.0165,51.8135,56.1869,61.2552,67.168,74.1152,82.3405,92.1581,103.977,118.334,135.93,157.688,184.801,218.775,261.386,314.432,378.994,453.808,532.621,601.944,643.181,642.013,598.808,528.407,449.435,375.051,311.151,258.78,216.762,183.277,156.554,135.106,117.755,103.594,91.9308,82.2393,74.1165,67.2529,61.4088,56.3971,52.0704,48.3117,45.0276,42.1425,39.5952,37.3355,35.3222,33.5211,31.9037,30.446,29.1279,27.9324,26.8449,25.8529,24.9457,24.1142,23.3504,22.6472,21.9987,21.3994,20.8448,20.3307,19.8534,19.4098,18.9969,18.6121,18.2532,17.9182,17.605,17.3121,17.038,16.7812,16.5406,16.315,16.1033,15.9047,15.7181,15.543,15.3785,15.2239,15.0786,14.942,14.8136,14.6929,14.5794,14.4727,14.3723,14.2779,14.1891,14.1055,14.0268,13.9526,13.8827,13.8168,13.7546,13.6958,13.6402,13.5874,13.5373,13.4896,13.4441,13.4004,13.3585,13.3181,13.2789,13.2409,13.2036,13.167,13.1309,13.0951,13.0593,13.0235,12.9874,12.9509,12.9138,12.876,12.8374,12.7977,12.757,12.715,12.6718,12.6271,12.581,12.5333,12.4839,12.433,12.3803,12.3259,12.2698,12.212,12.1524,12.0911,12.0281,11.9634,11.8971,11.8293,11.7599,11.6891,11.6169,11.5434,11.4686,11.3927,11.3157,11.2378,11.1589,11.0792,10.9987,10.9176,10.836,10.7539,10.6714,10.5885,10.5055,10.4223,10.339,10.2557,10.1725,10.0893,10.0064,9.92372,9.84132,9.75927,9.67762,9.5964,9.51565,9.43542,9.35575,9.27664,9.19815,9.1203,9.0431,8.96657,8.89075,8.81563,8.74124,8.66758,8.59466,8.52248,8.45107,8.38041,8.31051,8.24138,8.173,
 ,134,11.1954,11.2319,11.2677,11.3026,11.3368,11.3702,11.4028,11.4346,11.4657,11.496,11.5256,11.5545,11.5828,11.6103,11.6372,11.6635,11.6892,11.7144,11.739,11.7631,11.7867,11.81,11.8328,11.8552,11.8774,11.8993,11.9209,11.9424,11.9637,11.985,12.0062,12.0274,12.0487,12.0701,12.0917,12.1135,12.1356,12.1581,12.181,12.2044,12.2284,12.253,12.2783,12.3043,12.3313,12.3591,12.388,12.4179,12.4491,12.4815,12.5153,12.5506,12.5874,12.6259,12.6661,12.7083,12.7525,12.7988,12.8474,12.8983,12.9519,13.0081,13.0671,13.1292,13.1945,13.2632,13.3355,13.4115,13.4916,13.5759,13.6647,13.7583,13.857,13.961,14.0708,14.1866,14.3089,14.438,14.5744,14.7186,14.8712,15.0326,15.2035,15.3846,15.5766,15.7803,15.9966,16.2263,16.4707,16.7307,17.0078,17.3032,17.6186,17.9557,18.3163,18.7027,19.1171,19.5623,20.0412,20.5572,21.1141,21.7161,22.3681,23.0757,23.8452,24.6838,25.6,26.6033,27.7049,28.9178,30.2575,31.7417,33.3917,35.2327,37.2949,39.6146,42.2357,45.2117,48.6084,52.5071,57.0095,62.2433,68.371,75.601,84.2036,94.5325,107.056,122.399,141.404,165.212,195.368,233.934,283.568,347.394,428.254,526.53,635.636,736.53,798.793,796.992,731.79,629.517,520.501,423.094,343.295,280.436,231.591,193.639,163.956,140.51,121.785,106.661,94.3108,84.1196,75.6277,68.4871,62.4323,57.2581,52.8044,48.9454,45.5811,42.6313,40.0312,37.7281,35.6788,33.8476,32.2047,30.7255,29.389,28.1777,27.0765,26.0726,25.1552,24.3147,23.5429,22.8328,22.1781,21.5735,21.0142,20.4959,20.015,19.5682,19.1525,18.7653,18.4043,18.0675,17.7528,17.4587,17.1836,16.9261,16.6849,16.4589,16.2471,16.0484,15.862,15.6872,15.5231,15.3691,15.2246,15.0889,14.9615,14.8419,14.7296,14.6242,14.5252,14.4323,14.3451,14.2632,14.1862,14.114,14.046,13.9821,13.9219,13.8652,13.8117,13.7612,13.7133,13.6678,13.6245,13.5832,13.5435,13.5054,13.4684,13.4325,13.3975,13.363,13.3289,13.2951,13.2612,13.2272,13.1928,13.1579,13.1223,13.0859,13.0485,13.0099,12.9701,12.9289,12.8863,12.842,12.7961,12.7485,12.6991,12.6478,12.5947,12.5396,12.4827,12.4238,12.3631,12.3004,12.2359,12.1696,12.1015,12.0317,11.9602,11.8872,11.8127,11.7367,11.6594,11.5809,11.5012,11.4205,11.3387,11.2561,11.1728,11.0887,11.0041,10.919,10.8334,10.7476,10.6615,10.5753,10.4891,10.4028,10.3166,10.2306,10.1448,10.0593,9.97408,9.88929,9.80493,9.72105,9.6377,9.55492,9.47274,9.3912,9.31031,9.23012,9.15063,9.07188,8.99389,8.91665,8.84019,8.76451,8.68962,8.61554,8.54226,8.46979,8.39813,8.32727,8.25723,
 ,133,11.3438,11.3808,11.4169,11.4522,11.4867,11.5203,11.5531,11.5851,11.6163,11.6468,11.6764,11.7053,11.7335,11.761,11.7878,11.8139,11.8394,11.8643,11.8886,11.9124,11.9357,11.9585,11.9809,12.0029,12.0246,12.0459,12.067,12.0879,12.1086,12.1292,12.1498,12.1703,12.1909,12.2116,12.2325,12.2536,12.2749,12.2966,12.3188,12.3414,12.3645,12.3883,12.4128,12.438,12.4641,12.4911,12.5192,12.5483,12.5786,12.6102,12.6432,12.6777,12.7137,12.7514,12.7909,12.8323,12.8757,12.9212,12.9691,13.0193,13.0721,13.1277,13.1861,13.2475,13.3122,13.3803,13.452,13.5274,13.607,13.6908,13.7792,13.8723,13.9706,14.0742,14.1836,14.2991,14.4211,14.55,14.6863,14.8304,14.9828,15.1442,15.3151,15.4963,15.6884,15.8923,16.1088,16.3389,16.5837,16.8443,17.122,17.4182,17.7345,18.0726,18.4344,18.8221,19.2381,19.685,20.166,20.6843,21.2438,21.8489,22.5044,23.216,23.9901,24.8341,25.7564,26.7668,27.8768,29.0995,30.4506,31.9485,33.6147,35.4751,37.5607,39.9088,42.5647,45.5836,49.0338,52.9998,57.5877,62.9316,69.2028,76.6226,85.4796,96.1557,109.161,125.187,145.18,170.449,202.817,244.809,299.857,372.341,466.982,586.352,724.587,857.829,942.643,940.144,851.366,716.532,578.756,460.754,367.571,296.319,242.226,200.951,169.119,144.253,124.567,108.778,95.957,85.4271,76.6867,69.3607,63.1653,57.883,53.345,49.4194,46.0019,43.009,40.3737,38.0415,35.968,34.1163,32.4562,30.9622,29.613,28.3906,27.2799,26.2677,25.3429,24.4959,23.7185,23.0034,22.3443,21.7358,21.173,20.6518,20.1682,19.7191,19.3014,18.9126,18.5502,18.2122,17.8966,17.6017,17.3261,17.0682,16.8269,16.6009,16.3892,16.1909,16.005,15.8307,15.6674,15.5143,15.3707,15.2361,15.1099,14.9917,14.8808,14.777,14.6797,14.5885,14.5031,14.4231,14.3482,14.278,14.2122,14.1505,14.0926,14.0383,13.9872,13.939,13.8936,13.8506,13.8098,13.7709,13.7338,13.6981,13.6637,13.6302,13.5976,13.5654,13.5337,13.502,13.4703,13.4383,13.4058,13.3727,13.3388,13.3039,13.2678,13.2304,13.1917,13.1514,13.1094,13.0656,13.02,12.9725,12.923,12.8715,12.8179,12.7622,12.7043,12.6444,12.5824,12.5183,12.4522,12.3841,12.3141,12.2422,12.1685,12.0931,12.016,11.9374,11.8574,11.7761,11.6935,11.6098,11.525,11.4393,11.3528,11.2656,11.1778,11.0895,11.0007,10.9117,10.8224,10.733,10.6436,10.5542,10.4649,10.3758,10.2869,10.1984,10.1103,10.0226,9.93536,9.84869,9.76261,9.67716,9.59235,9.50824,9.42486,9.34222,9.26035,9.17928,9.09901,9.01957,8.94096,8.86319,8.78627,8.7102,8.63499,8.56064,8.48716,8.41453,8.34276,
 ,132,11.4958,11.5332,11.5698,11.6054,11.6402,11.6741,11.7072,11.7393,11.7707,11.8012,11.8309,11.8598,11.8879,11.9153,11.9419,11.9679,11.9931,12.0177,12.0418,12.0652,12.0881,12.1105,12.1324,12.1539,12.175,12.1958,12.2163,12.2366,12.2567,12.2766,12.2964,12.3163,12.3361,12.356,12.3761,12.3964,12.4169,12.4378,12.4591,12.4808,12.5031,12.526,12.5496,12.574,12.5992,12.6253,12.6525,12.6807,12.7102,12.7409,12.773,12.8065,12.8417,12.8785,12.9172,12.9577,13.0003,13.045,13.092,13.1415,13.1936,13.2483,13.306,13.3667,13.4307,13.498,13.5691,13.6439,13.7228,13.806,13.8938,13.9864,14.0841,14.1873,14.2962,14.4112,14.5328,14.6613,14.7972,14.9409,15.0931,15.2542,15.4249,15.6059,15.7979,16.0016,16.2181,16.4482,16.693,16.9537,17.2316,17.528,17.8446,18.1831,18.5454,18.9336,19.3503,19.798,20.2798,20.7992,21.3599,21.9664,22.6235,23.337,24.1132,24.9597,25.8848,26.8986,28.0124,29.2397,30.5961,32.1002,33.7738,35.6431,37.7393,40.1003,42.7718,45.81,49.2841,53.2802,57.9064,63.2994,69.6347,77.1392,86.11,96.9416,110.164,126.498,146.94,172.88,206.273,249.878,307.521,384.261,485.888,616.361,770.585,922.3,1020.36,1017.44,914.824,761.443,607.935,479.128,379.18,303.811,247.206,204.369,171.544,146.027,125.906,109.817,96.7864,86.1055,77.2545,69.8462,63.5883,58.2576,53.6818,49.7261,46.2841,43.2712,40.6193,38.2732,36.1877,34.3258,32.6568,31.1551,29.799,28.5707,27.4545,26.4375,25.5085,24.6577,23.8769,23.1588,22.497,21.8861,21.3212,20.7981,20.313,19.8625,19.4437,19.0539,18.6908,18.3522,18.0362,17.7411,17.4654,17.2076,16.9665,16.7409,16.5297,16.3321,16.1469,15.9736,15.8113,15.6593,15.517,15.3837,15.259,15.1424,15.0332,14.9312,14.8357,14.7466,14.6632,14.5854,14.5127,14.4448,14.3814,14.3222,14.2669,14.2151,14.1666,14.1211,14.0784,14.0382,14.0001,13.964,13.9297,13.8967,13.865,13.8343,13.8042,13.7747,13.7455,13.7163,13.6869,13.6571,13.6268,13.5957,13.5636,13.5304,13.4959,13.4599,13.4223,13.383,13.3418,13.2986,13.2534,13.206,13.1565,13.1047,13.0506,12.9941,12.9354,12.8743,12.811,12.7454,12.6775,12.6075,12.5354,12.4612,12.3851,12.3071,12.2274,12.146,12.0631,11.9787,11.893,11.806,11.718,11.629,11.5392,11.4486,11.3573,11.2656,11.1734,11.0809,10.9883,10.8955,10.8027,10.7099,10.6173,10.525,10.4329,10.3412,10.25,10.1592,10.069,9.97941,9.89046,9.80219,9.71464,9.62785,9.54184,9.45665,9.3723,9.2888,9.20617,9.12443,9.04358,8.96364,8.88461,8.80649,8.72928,8.65299,8.57762,8.50316,8.42961,
 ,131,11.6516,11.6895,11.7265,11.7625,11.7976,11.8318,11.865,11.8974,11.9288,11.9594,11.9891,12.018,12.046,12.0733,12.0998,12.1255,12.1505,12.1748,12.1985,12.2216,12.244,12.266,12.2874,12.3083,12.3289,12.3491,12.3689,12.3885,12.4079,12.4271,12.4462,12.4652,12.4843,12.5034,12.5226,12.542,12.5617,12.5817,12.6021,12.6229,12.6443,12.6662,12.6889,12.7123,12.7366,12.7617,12.7879,12.8152,12.8437,12.8735,12.9046,12.9372,12.9714,13.0073,13.045,13.0847,13.1263,13.1702,13.2164,13.2649,13.3161,13.3701,13.4269,13.4868,13.5499,13.6165,13.6868,13.7609,13.839,13.9215,14.0086,14.1005,14.1976,14.3001,14.4084,14.5229,14.6439,14.7718,14.9071,15.0504,15.202,15.3627,15.5329,15.7134,15.905,16.1084,16.3245,16.5542,16.7987,17.059,17.3366,17.6327,17.949,18.2872,18.6492,19.0372,19.4536,19.9011,20.3827,20.9018,21.4623,22.0685,22.7254,23.4385,24.2144,25.0604,25.9851,26.9983,28.1114,29.3379,30.6933,32.1961,33.8682,35.7355,37.8293,40.1872,42.8549,45.8881,49.3558,53.3436,57.9589,63.3376,69.6539,77.1325,86.0682,96.851,110.004,126.239,146.535,172.254,205.308,248.373,305.139,380.424,479.63,606.192,754.683,899.655,992.807,990.037,892.559,745.973,598.118,473.117,375.512,301.549,245.794,203.482,170.989,145.689,125.712,109.723,96.7613,86.1297,77.3143,69.9319,63.693,58.3763,53.8107,49.8624,46.4257,43.4165,40.767,38.4223,36.3375,34.4757,32.8064,31.3039,29.947,28.7176,27.6004,26.5822,25.652,24.8,24.0181,23.2989,22.6362,22.0244,21.4588,20.935,20.4493,19.9984,19.5793,19.1893,18.8261,18.4875,18.1717,17.8769,17.6016,17.3443,17.1039,16.879,16.6687,16.472,16.288,16.1158,15.9548,15.8042,15.6634,15.5318,15.4089,15.2941,15.1869,15.0868,14.9935,14.9066,14.8256,14.7502,14.68,14.6147,14.5539,14.4974,14.4448,14.3959,14.3503,14.3078,14.268,14.2308,14.1958,14.1628,14.1314,14.1015,14.0728,14.045,14.018,13.9913,13.9648,13.9383,13.9116,13.8843,13.8563,13.8274,13.7974,13.7661,13.7333,13.6988,13.6626,13.6243,13.5841,13.5416,13.4968,13.4497,13.4001,13.348,13.2934,13.2362,13.1765,13.1142,13.0495,12.9822,12.9125,12.8404,12.766,12.6894,12.6107,12.53,12.4473,12.3629,12.2768,12.1891,12.1001,12.0097,11.9182,11.8256,11.7322,11.6379,11.5431,11.4477,11.3518,11.2557,11.1594,11.063,10.9666,10.8703,10.7742,10.6784,10.5829,10.4879,10.3933,10.2994,10.206,10.1133,10.0213,9.9301,9.83967,9.75007,9.66132,9.57346,9.48651,9.40048,9.3154,9.23127,9.1481,9.0659,8.98468,8.90442,8.82515,8.74686,8.66954,8.59318,8.5178,
 ,130,11.8113,11.8497,11.8871,11.9235,11.9589,11.9934,12.0269,12.0594,12.0909,12.1216,12.1513,12.1801,12.2081,12.2352,12.2615,12.287,12.3117,12.3357,12.359,12.3816,12.4036,12.4251,12.446,12.4663,12.4863,12.5058,12.525,12.5438,12.5625,12.5809,12.5992,12.6174,12.6356,12.6538,12.6721,12.6906,12.7093,12.7284,12.7478,12.7676,12.788,12.809,12.8306,12.853,12.8763,12.9004,12.9256,12.9519,12.9793,13.0081,13.0382,13.0698,13.103,13.1379,13.1746,13.2133,13.2539,13.2968,13.342,13.3896,13.4399,13.4929,13.5488,13.6078,13.6701,13.7358,13.8052,13.8784,13.9558,14.0374,14.1237,14.2148,14.3111,14.4129,14.5204,14.6341,14.7543,14.8816,15.0162,15.1587,15.3097,15.4696,15.6392,15.819,16.0098,16.2125,16.4279,16.6569,16.9006,17.1602,17.437,17.7323,18.0477,18.385,18.746,19.1329,19.5482,19.9944,20.4746,20.9922,21.551,22.1553,22.81,23.5206,24.2937,25.1364,26.0573,27.0661,28.174,29.3943,30.7424,32.2365,33.8982,35.7529,37.8313,40.1703,42.8146,45.8188,49.25,53.1915,57.7475,63.0493,69.2645,76.6088,85.363,95.8968,108.702,124.441,144.015,168.658,200.068,240.56,293.21,361.805,450.158,559.724,684.155,801.785,875.558,873.386,796.164,677.095,552.98,444.559,357.487,290.006,238.242,198.429,167.536,143.287,124.017,108.515,95.8955,85.5093,76.8729,69.6229,63.4834,58.2421,53.7342,49.8305,46.4284,43.4462,40.8179,38.4898,36.4181,34.5667,32.9054,31.4094,30.0575,28.8319,27.7177,26.7019,25.7735,24.9231,24.1423,23.424,22.762,22.1508,21.5857,21.0624,20.5772,20.1268,19.7082,19.3187,18.9561,18.6182,18.3031,18.0091,17.7347,17.4784,17.2389,17.0152,16.8061,16.6107,16.4281,16.2574,16.098,15.9492,15.8102,15.6805,15.5595,15.4468,15.3418,15.244,15.1531,15.0687,14.9902,14.9175,14.85,14.7876,14.7297,14.6762,14.6267,14.5809,14.5385,14.4992,14.4627,14.4288,14.3971,14.3674,14.3394,14.3129,14.2875,14.263,14.2391,14.2156,14.1922,14.1687,14.1448,14.1203,14.0949,14.0685,14.0408,14.0116,13.9807,13.948,13.9132,13.8762,13.837,13.7953,13.751,13.7041,13.6546,13.6022,13.5471,13.4892,13.4284,13.3648,13.2985,13.2294,13.1577,13.0834,13.0066,12.9274,12.8458,12.7621,12.6763,12.5886,12.4991,12.4079,12.3153,12.2212,12.1259,12.0295,11.9322,11.8341,11.7353,11.6359,11.5362,11.4361,11.3359,11.2357,11.1355,11.0354,10.9356,10.8361,10.737,10.6385,10.5405,10.4431,10.3464,10.2504,10.1553,10.061,9.96751,9.87497,9.78336,9.69271,9.60305,9.51439,9.42674,9.34012,9.25454,9.17,9.08649,9.00403,8.92262,8.84225,8.76291,8.68461,8.60733,
 ,129,11.9751,12.014,12.0518,12.0886,12.1244,12.1591,12.1928,12.2255,12.2572,12.2878,12.3176,12.3463,12.3742,12.4011,12.4272,12.4525,12.4769,12.5005,12.5234,12.5456,12.5671,12.588,12.6083,12.628,12.6473,12.6661,12.6846,12.7027,12.7205,12.7381,12.7555,12.7728,12.7901,12.8073,12.8247,12.8422,12.86,12.878,12.8964,12.9152,12.9345,12.9544,12.975,12.9963,13.0185,13.0415,13.0656,13.0908,13.1171,13.1448,13.1738,13.2043,13.2364,13.2703,13.3059,13.3435,13.3831,13.4249,13.4691,13.5157,13.5649,13.6169,13.6718,13.7298,13.7911,13.8558,13.9243,13.9966,14.073,14.1537,14.239,14.3293,14.4246,14.5255,14.6321,14.7449,14.8643,14.9906,15.1244,15.266,15.416,15.575,15.7436,15.9225,16.1124,16.3141,16.5284,16.7563,16.9989,17.2573,17.5328,17.8268,18.1407,18.4764,18.8358,19.2209,19.6341,20.0781,20.5558,21.0706,21.6262,22.2269,22.8775,23.5836,24.3514,25.188,26.1018,27.1024,28.2007,29.4097,30.7444,32.2226,33.8651,35.6968,37.7473,40.0523,42.6547,45.6068,48.9729,52.8321,57.2831,62.4494,68.4876,75.5977,84.0376,94.1428,106.354,121.254,139.62,162.486,191.229,227.637,273.926,332.541,405.388,491.915,585.563,670.068,721.27,719.787,666.165,580.493,486.861,401.016,329.053,271.279,225.7,189.862,161.569,139.055,120.968,106.288,94.2523,84.2876,75.9605,68.941,62.9754,57.8668,53.4613,49.6372,46.2977,43.3648,40.7755,38.4786,36.432,34.6006,32.9555,31.4726,30.1313,28.9145,27.8073,26.7973,25.8737,25.0272,24.2497,23.5342,22.8746,22.2655,21.7022,21.1806,20.6969,20.2478,19.8305,19.4423,19.0809,18.7443,18.4305,18.1378,17.8647,17.6097,17.3717,17.1495,16.942,16.7482,16.5673,16.3985,16.241,16.0941,15.9572,15.8297,15.711,15.6006,15.498,15.4028,15.3146,15.2329,15.1573,15.0875,15.0231,14.9637,14.9091,14.8588,14.8127,14.7703,14.7314,14.6956,14.6627,14.6324,14.6044,14.5784,14.554,14.5311,14.5094,14.4885,14.4682,14.4481,14.4282,14.4079,14.3872,14.3658,14.3433,14.3196,14.2944,14.2676,14.2389,14.208,14.1749,14.1394,14.1013,14.0605,14.0168,13.9703,13.9208,13.8682,13.8125,13.7537,13.6919,13.6269,13.5589,13.4879,13.414,13.3373,13.2579,13.1758,13.0912,13.0042,12.915,12.8238,12.7306,12.6356,12.539,12.441,12.3416,12.2411,12.1396,12.0373,11.9343,11.8307,11.7268,11.6226,11.5182,11.4138,11.3096,11.2055,11.1017,10.9984,10.8955,10.7931,10.6915,10.5905,10.4903,10.3909,10.2924,10.1949,10.0982,10.0026,9.908,9.81444,9.72194,9.63054,9.54023,9.45102,9.36293,9.27595,9.19009,9.10534,9.02172,8.9392,8.85778,8.77746,8.69822,
 ,128,12.1432,12.1826,12.2209,12.258,12.2941,12.3291,12.363,12.3959,12.4276,12.4584,12.4881,12.5168,12.5445,12.5713,12.5971,12.6221,12.6461,12.6694,12.6918,12.7135,12.7345,12.7548,12.7745,12.7935,12.8121,12.8302,12.8478,12.8651,12.8821,12.8987,12.9152,12.9316,12.9479,12.9642,12.9805,12.997,13.0137,13.0306,13.0479,13.0656,13.0838,13.1025,13.122,13.1421,13.1631,13.185,13.2079,13.2319,13.2571,13.2836,13.3115,13.3408,13.3718,13.4045,13.4389,13.4754,13.5139,13.5546,13.5976,13.6431,13.6912,13.7421,13.7959,13.8528,13.913,13.9767,14.0441,14.1153,14.1907,14.2704,14.3547,14.4439,14.5382,14.638,14.7437,14.8554,14.9737,15.099,15.2317,15.3722,15.5211,15.679,15.8465,16.0241,16.2128,16.4131,16.6261,16.8526,17.0937,17.3504,17.6242,17.9163,18.2282,18.5617,18.9187,19.3011,19.7114,20.1522,20.6263,21.137,21.6881,22.2837,22.9285,23.6279,24.388,25.2158,26.1195,27.1081,28.1926,29.3853,30.7008,32.1562,33.7714,35.5704,37.5813,39.838,42.3812,45.2602,48.535,52.2795,56.5846,61.5637,67.3589,74.1495,82.1639,91.6944,103.117,116.919,133.727,154.349,179.802,211.32,250.278,297.918,354.672,418.842,484.706,541.261,574.319,573.385,538.757,481.338,415.334,351.504,295.3,248.244,209.819,178.755,153.676,133.359,116.798,103.196,91.9354,82.5361,74.6277,67.9224,62.1955,57.2704,53.0071,49.2942,46.0424,43.1791,40.6455,38.3932,36.3826,34.5804,32.9591,31.4956,30.1703,28.9666,27.8703,26.8694,25.9533,25.1132,24.3411,23.6302,22.9745,22.3689,21.8086,21.2897,20.8084,20.3616,19.9464,19.5602,19.2007,18.8659,18.5539,18.2629,17.9916,17.7385,17.5023,17.282,17.0764,16.8846,16.7058,16.5391,16.3837,16.2391,16.1046,15.9795,15.8633,15.7556,15.6557,15.5634,15.4781,15.3994,15.3269,15.2603,15.1992,15.1432,15.0921,15.0455,15.003,14.9643,14.9292,14.8973,14.8684,14.842,14.818,14.7959,14.7756,14.7568,14.739,14.722,14.7056,14.6894,14.6732,14.6566,14.6394,14.6213,14.6021,14.5814,14.5591,14.5349,14.5085,14.4798,14.4486,14.4147,14.3779,14.3381,14.2951,14.249,14.1995,14.1467,14.0905,14.0308,13.9677,13.9013,13.8315,13.7585,13.6822,13.6029,13.5205,13.4353,13.3474,13.257,13.1641,13.069,12.9718,12.8727,12.7719,12.6695,12.5658,12.4608,12.3548,12.248,12.1405,12.0324,11.924,11.8153,11.7065,11.5977,11.4891,11.3808,11.2728,11.1653,11.0584,10.9521,10.8465,10.7418,10.6379,10.5349,10.4329,10.3319,10.2319,10.1331,10.0353,9.93871,9.84325,9.74898,9.65589,9.56399,9.47329,9.38379,9.29549,9.20837,9.12244,9.0377,8.95414,8.87174,8.79049,
 ,127,12.3157,12.3556,12.3943,12.4319,12.4683,12.5036,12.5377,12.5707,12.6026,12.6333,12.663,12.6916,12.7192,12.7458,12.7714,12.796,12.8197,12.8425,12.8645,12.8856,12.906,12.9257,12.9447,12.963,12.9808,12.9981,13.0149,13.0313,13.0473,13.0631,13.0786,13.0939,13.1092,13.1244,13.1396,13.155,13.1705,13.1863,13.2024,13.2189,13.2359,13.2535,13.2717,13.2906,13.3104,13.3311,13.3527,13.3755,13.3995,13.4247,13.4513,13.4794,13.5091,13.5406,13.5738,13.609,13.6463,13.6858,13.7276,13.7719,13.8188,13.8685,13.9212,13.9769,14.036,14.0985,14.1647,14.2348,14.309,14.3875,14.4707,14.5587,14.6519,14.7506,14.855,14.9656,15.0827,15.2068,15.3382,15.4774,15.6251,15.7816,15.9477,16.1239,16.311,16.5097,16.721,16.9457,17.1849,17.4397,17.7112,18.0009,18.3103,18.641,18.9949,19.3739,19.7805,20.217,20.6865,21.192,21.7372,22.3261,22.9633,23.6541,24.4043,25.2207,26.1112,27.0846,28.1512,29.323,30.6139,32.04,33.6205,35.3778,37.3384,39.5341,42.0027,44.7899,47.9508,51.5525,55.6773,60.4265,65.9252,72.3295,79.8343,88.6844,99.1867,111.726,126.781,144.934,166.874,193.357,225.092,262.482,305.128,351.058,395.89,432.68,453.512,452.947,431.142,393.758,348.752,302.969,260.647,223.646,192.298,166.165,144.529,126.632,111.793,99.4316,89.0762,80.3467,72.9399,66.6147,61.1789,56.4789,52.3913,48.8168,45.6745,42.8986,40.4352,38.2396,36.2748,34.5101,32.9194,31.4811,30.1765,28.9901,27.9082,26.9193,26.0134,25.1818,24.417,23.7124,23.0622,22.4613,21.9052,21.39,20.9121,20.4684,20.056,19.6725,19.3155,18.9831,18.6734,18.3847,18.1156,17.8647,17.6308,17.4127,17.2094,17.0199,16.8434,16.6791,16.5263,16.3843,16.2523,16.13,16.0167,15.9118,15.815,15.7257,15.6436,15.5682,15.4992,15.4361,15.3786,15.3264,15.279,15.2363,15.1978,15.1632,15.1322,15.1046,15.0799,15.0578,15.0382,15.0205,15.0046,14.9901,14.9767,14.9641,14.952,14.9401,14.9279,14.9154,14.9021,14.8877,14.872,14.8547,14.8356,14.8142,14.7905,14.7642,14.7351,14.703,14.6677,14.629,14.5869,14.5412,14.4918,14.4388,14.382,14.3214,14.257,14.189,14.1172,14.0419,13.9631,13.8809,13.7954,13.7069,13.6154,13.5211,13.4242,13.3249,13.2234,13.1198,13.0144,12.9073,12.7988,12.6891,12.5783,12.4666,12.3542,12.2413,12.128,12.0146,11.901,11.7876,11.6743,11.5614,11.449,11.3371,11.2259,11.1154,11.0057,10.8969,10.7891,10.6824,10.5767,10.4721,10.3686,10.2664,10.1654,10.0656,9.96702,9.86976,9.77378,9.67908,9.58566,9.49354,9.4027,9.31313,9.22483,9.1378,9.05201,8.96746,8.88414,
 ,126,12.4927,12.5331,12.5724,12.6103,12.6471,12.6827,12.717,12.7502,12.7821,12.8129,12.8426,12.8711,12.8985,12.9248,12.9501,12.9744,12.9977,13.02,13.0415,13.0621,13.0818,13.1008,13.1191,13.1367,13.1536,13.17,13.1859,13.2014,13.2164,13.2312,13.2456,13.2599,13.274,13.2881,13.3022,13.3164,13.3307,13.3452,13.3601,13.3754,13.3911,13.4074,13.4243,13.4419,13.4604,13.4797,13.5001,13.5215,13.5441,13.568,13.5933,13.6201,13.6485,13.6787,13.7106,13.7445,13.7805,13.8187,13.8592,13.9022,13.9478,13.9963,14.0476,14.1021,14.1599,14.2212,14.2861,14.355,14.4279,14.5052,14.5871,14.6739,14.7658,14.8631,14.9663,15.0755,15.1913,15.3139,15.4439,15.5818,15.7279,15.8829,16.0473,16.2218,16.4071,16.604,16.8133,17.0359,17.2728,17.5251,17.7941,18.0809,18.3872,18.7145,19.0646,19.4395,19.8415,20.273,20.7368,21.2359,21.7739,22.3547,22.9827,23.663,24.4012,25.2039,26.0784,27.0333,28.0784,29.225,30.4863,31.8775,33.4165,35.1241,37.0252,39.1488,41.5297,44.2093,47.2373,50.6738,54.5911,59.0775,64.2406,70.2117,77.1518,85.2579,94.7696,105.976,119.22,134.893,153.416,175.188,200.471,229.195,260.638,293.042,323.317,347.235,360.435,360.103,346.318,322.018,291.6,259.259,228.01,199.547,174.543,153.041,134.762,119.305,106.247,95.1982,85.8187,77.8223,70.9718,65.0728,59.9665,55.5235,51.638,48.2234,45.2086,42.5349,40.1539,38.025,36.1147,34.3944,32.8403,31.4322,30.1527,28.9871,27.9227,26.9485,26.055,25.2341,24.4784,23.7816,23.1382,22.5433,21.9925,21.482,21.0084,20.5685,20.1597,19.7794,19.4256,19.0961,18.7892,18.5033,18.2368,17.9886,17.7572,17.5417,17.341,17.1542,16.9804,16.8189,16.6688,16.5296,16.4006,16.2813,16.171,16.0694,15.9759,15.89,15.8114,15.7396,15.6742,15.615,15.5614,15.5132,15.47,15.4315,15.3973,15.3672,15.3407,15.3176,15.2976,15.2803,15.2654,15.2525,15.2414,15.2318,15.2232,15.2153,15.2079,15.2006,15.1931,15.1849,15.1759,15.1657,15.1539,15.1404,15.1247,15.1066,15.0859,15.0622,15.0355,15.0053,14.9717,14.9343,14.8931,14.848,14.7988,14.7455,14.688,14.6265,14.5607,14.4909,14.4171,14.3393,14.2577,14.1723,14.0835,13.9912,13.8958,13.7974,13.6961,13.5922,13.486,13.3775,13.2672,13.1551,13.0414,12.9265,12.8105,12.6935,12.5759,12.4578,12.3393,12.2207,12.1021,11.9836,11.8654,11.7477,11.6305,11.5139,11.3981,11.2832,11.1692,11.0562,10.9443,10.8335,10.7239,10.6155,10.5084,10.4026,10.2982,10.195,10.0933,9.9929,9.8939,9.79629,9.70006,9.60522,9.51174,9.41964,9.32889,9.23948,9.1514,9.06464,8.97917,
 ,125,12.6745,12.7155,12.7552,12.7936,12.8307,12.8666,12.9011,12.9344,12.9665,12.9973,13.0269,13.0553,13.0825,13.1086,13.1335,13.1574,13.1803,13.2021,13.223,13.243,13.2621,13.2803,13.2978,13.3146,13.3307,13.3462,13.3611,13.3755,13.3895,13.4032,13.4165,13.4296,13.4426,13.4555,13.4683,13.4812,13.4942,13.5075,13.521,13.535,13.5493,13.5643,13.5798,13.5961,13.6131,13.6311,13.65,13.6701,13.6913,13.7138,13.7377,13.7631,13.7901,13.8188,13.8493,13.8818,13.9164,13.9532,13.9924,14.034,14.0783,14.1254,14.1754,14.2285,14.2849,14.3449,14.4085,14.4759,14.5475,14.6234,14.704,14.7893,14.8798,14.9758,15.0775,15.1853,15.2995,15.4206,15.5491,15.6852,15.8296,15.9829,16.1454,16.318,16.5013,16.6961,16.9031,17.1232,17.3575,17.607,17.8728,18.1564,18.459,18.7824,19.1281,19.4983,19.8949,20.3204,20.7776,21.2693,21.7989,22.3703,22.9875,23.6556,24.3798,25.1665,26.0225,26.9561,27.9764,29.0941,30.3214,31.6726,33.1642,34.8155,36.649,38.6914,40.9738,43.5333,46.4139,49.6681,53.3584,57.5598,62.3622,67.8729,74.2207,81.558,90.064,99.945,111.431,124.763,140.169,157.808,177.686,199.52,222.557,245.412,266.003,281.783,290.324,290.136,281.26,265.256,244.577,221.76,198.853,177.207,157.539,140.112,124.907,111.758,100.434,90.6927,82.3057,75.0677,68.801,63.355,58.6027,54.4383,50.7734,47.5347,44.6608,42.1008,39.8118,37.7579,35.9088,34.2389,32.7263,31.3526,30.1018,28.9602,27.9159,26.9588,26.0798,25.2712,24.5262,23.8386,23.2033,22.6155,22.071,21.5661,21.0975,20.6622,20.2576,19.8812,19.531,19.205,18.9014,18.6187,18.3553,18.1101,17.8817,17.6692,17.4714,17.2876,17.1168,16.9582,16.8113,16.6752,16.5495,16.4334,16.3266,16.2284,16.1385,16.0563,15.9814,15.9136,15.8522,15.7971,15.7478,15.7039,15.6652,15.6313,15.6018,15.5765,15.5549,15.5368,15.5219,15.5097,15.5,15.4924,15.4865,15.4821,15.4788,15.4762,15.474,15.4718,15.4692,15.466,15.4617,15.456,15.4487,15.4392,15.4274,15.413,15.3955,15.3749,15.3507,15.3228,15.2911,15.2552,15.215,15.1705,15.1215,15.068,15.0099,14.9472,14.88,14.8083,14.7321,14.6516,14.5669,14.4782,14.3856,14.2894,14.1896,14.0866,13.9806,13.8718,13.7604,13.6467,13.5309,13.4133,13.2941,13.1735,13.0518,12.9292,12.806,12.6822,12.5582,12.4341,12.31,12.1861,12.0627,11.9398,11.8175,11.696,11.5753,11.4557,11.3371,11.2196,11.1033,10.9883,10.8746,10.7623,10.6514,10.5419,10.4338,10.3272,10.2221,10.1184,10.0163,9.91567,9.81651,9.71884,9.62265,9.52791,9.43462,9.34277,9.25232,9.16328,9.07561,
 ,124,12.8613,12.9028,12.943,12.9819,13.0194,13.0555,13.0903,13.1237,13.1558,13.1866,13.2161,13.2444,13.2714,13.2972,13.3218,13.3453,13.3677,13.389,13.4093,13.4286,13.4469,13.4644,13.4811,13.4969,13.5121,13.5266,13.5405,13.5539,13.5667,13.5792,13.5914,13.6033,13.615,13.6266,13.6381,13.6496,13.6613,13.6732,13.6853,13.6978,13.7108,13.7243,13.7383,13.7531,13.7687,13.7852,13.8027,13.8212,13.8409,13.862,13.8844,13.9083,13.9338,13.961,13.9901,14.0211,14.0542,14.0896,14.1273,14.1674,14.2103,14.2559,14.3044,14.3561,14.4111,14.4696,14.5317,14.5977,14.6678,14.7423,14.8213,14.9052,14.9942,15.0885,15.1887,15.2948,15.4075,15.5269,15.6535,15.7879,15.9304,16.0817,16.2422,16.4127,16.5937,16.786,16.9904,17.2078,17.4391,17.6854,17.9478,18.2276,18.5261,18.845,19.1858,19.5504,19.941,20.3598,20.8094,21.2927,21.8128,22.3735,22.9786,23.6329,24.3414,25.1101,25.9454,26.8551,27.8477,28.9332,30.1228,31.4297,32.869,34.4584,36.2181,38.1719,40.3476,42.7778,45.5007,48.5612,52.0123,55.9163,60.3461,65.3873,71.1391,77.7153,85.2437,93.8635,103.718,114.94,127.626,141.796,157.328,173.88,190.797,207.052,221.273,231.914,237.595,237.498,231.648,220.897,206.645,190.436,173.628,157.225,141.864,127.871,115.356,104.293,94.5828,86.089,78.6684,72.1823,66.5035,61.5195,57.1325,53.2582,49.8251,46.7725,44.0487,41.6104,39.4204,37.4474,35.6647,34.0496,32.5825,31.2465,30.0272,28.9121,27.8902,26.9521,26.0893,25.2946,24.5616,23.8845,23.2583,22.6785,22.1411,21.6427,21.1798,20.7498,20.35,19.9782,19.6322,19.3101,19.0103,18.7311,18.4713,18.2294,18.0044,17.7951,17.6007,17.4201,17.2526,17.0974,16.9538,16.8212,16.699,16.5865,16.4833,16.3889,16.3029,16.2247,16.1539,16.0903,16.0333,15.9826,15.9379,15.8987,15.8649,15.8359,15.8115,15.7914,15.7752,15.7625,15.753,15.7465,15.7424,15.7405,15.7404,15.7418,15.7442,15.7474,15.7508,15.7543,15.7572,15.7594,15.7603,15.7597,15.7572,15.7523,15.7448,15.7344,15.7206,15.7033,15.6821,15.6567,15.627,15.5928,15.5539,15.5101,15.4614,15.4076,15.3488,15.285,15.2161,15.1423,15.0636,14.9802,14.8921,14.7997,14.703,14.6023,14.4979,14.3899,14.2786,14.1644,14.0474,13.9279,13.8062,13.6826,13.5574,13.4307,13.3029,13.1742,13.0449,12.9151,12.785,12.655,12.525,12.3955,12.2664,12.1379,12.0102,11.8834,11.7577,11.633,11.5095,11.3873,11.2665,11.147,11.029,10.9125,10.7975,10.6841,10.5723,10.4621,10.3534,10.2464,10.141,10.0372,9.93504,9.83444,9.73542,9.63797,9.54206,9.44767,9.35479,9.26338,9.17344,
 ,123,13.0532,13.0954,13.1361,13.1754,13.2132,13.2496,13.2846,13.3182,13.3504,13.3812,13.4106,13.4387,13.4655,13.491,13.5152,13.5382,13.5601,13.5808,13.6004,13.619,13.6366,13.6532,13.669,13.6839,13.6981,13.7115,13.7243,13.7365,13.7482,13.7595,13.7704,13.781,13.7913,13.8015,13.8117,13.8218,13.8321,13.8424,13.8531,13.8641,13.8755,13.8875,13.9,13.9132,13.9273,13.9422,13.9581,13.9751,13.9932,14.0127,14.0335,14.0558,14.0798,14.1054,14.1329,14.1624,14.194,14.2277,14.2639,14.3025,14.3438,14.3878,14.4349,14.485,14.5384,14.5953,14.6559,14.7204,14.7889,14.8618,14.9392,15.0215,15.1088,15.2015,15.2999,15.4044,15.5152,15.6328,15.7575,15.8899,16.0304,16.1795,16.3377,16.5058,16.6843,16.8739,17.0755,17.2898,17.5178,17.7606,18.0191,18.2947,18.5887,18.9025,19.2378,19.5964,19.9803,20.3916,20.8329,21.3068,21.8165,22.3653,22.9571,23.5962,24.2874,25.0363,25.849,26.7325,27.695,28.7454,29.8942,31.1534,32.5366,34.0596,35.7406,37.6006,39.664,41.9588,44.5177,47.3785,50.5851,54.188,58.245,62.8221,67.9935,73.8406,80.4502,87.91,96.3004,105.681,116.069,127.41,139.535,152.118,164.635,176.35,186.361,193.717,197.61,197.575,193.625,186.246,176.257,164.611,152.203,139.757,127.784,116.602,106.368,97.1328,88.8742,81.5305,75.0201,69.2552,64.1493,59.6217,55.5995,52.0181,48.821,45.9591,43.3903,41.0781,38.9913,37.1031,35.3903,33.8331,32.414,31.1182,29.9326,28.8459,27.8481,26.9304,26.0852,25.3057,24.5858,23.9201,23.304,22.7331,22.2037,21.7123,21.2559,20.8318,20.4374,20.0705,19.7292,19.4115,19.1159,18.8408,18.5848,18.3467,18.1253,17.9197,17.7289,17.5519,17.388,17.2364,17.0965,16.9676,16.8492,16.7406,16.6414,16.5511,16.4692,16.3953,16.3289,16.2698,16.2175,16.1716,16.1319,16.0978,16.0692,16.0456,16.0267,16.0122,16.0018,15.995,15.9915,15.991,15.9931,15.9974,16.0036,16.0113,16.0201,16.0295,16.0392,16.0488,16.0579,16.066,16.0727,16.0777,16.0805,16.0808,16.0781,16.0721,16.0624,16.0488,16.0308,16.0083,15.981,15.9487,15.9111,15.8681,15.8197,15.7658,15.7062,15.6411,15.5705,15.4943,15.4129,15.3262,15.2345,15.1379,15.0367,14.9312,14.8216,14.7081,14.5911,14.4709,14.3478,14.222,14.0939,13.9638,13.832,13.6987,13.5643,13.429,13.293,13.1567,13.0202,12.8838,12.7476,12.6118,12.4767,12.3423,12.2089,12.0765,11.9453,11.8153,11.6866,11.5594,11.4337,11.3096,11.1871,11.0662,10.947,10.8295,10.7137,10.5997,10.4874,10.3769,10.2681,10.161,10.0557,9.95202,9.85008,9.74981,9.65118,9.55418,9.45879,9.36496,9.27268,
 ,122,13.2505,13.2933,13.3345,13.3743,13.4125,13.4492,13.4844,13.5181,13.5504,13.5811,13.6104,13.6383,13.6649,13.69,13.7138,13.7364,13.7577,13.7778,13.7967,13.8145,13.8312,13.847,13.8618,13.8757,13.8888,13.9011,13.9127,13.9237,13.9342,13.9441,13.9537,13.9629,13.9718,13.9806,13.9892,13.9979,14.0065,14.0154,14.0245,14.0339,14.0437,14.054,14.0649,14.0765,14.0889,14.1022,14.1164,14.1317,14.1482,14.166,14.1851,14.2058,14.2281,14.2521,14.2779,14.3057,14.3357,14.3678,14.4023,14.4393,14.4789,14.5213,14.5667,14.6152,14.667,14.7223,14.7812,14.844,14.9109,14.982,15.0577,15.1383,15.2238,15.3147,15.4113,15.5139,15.6228,15.7383,15.861,15.9913,16.1295,16.2763,16.4321,16.5975,16.7733,16.96,17.1584,17.3694,17.5939,17.8327,18.0871,18.3581,18.6471,18.9555,19.2847,19.6367,20.0132,20.4164,20.8485,21.3123,21.8106,22.3466,22.9239,23.5466,24.2192,24.9468,25.7352,26.5908,27.521,28.5342,29.6398,30.8485,32.1726,33.6262,35.2253,36.9881,38.9357,41.0919,43.4843,46.1441,49.1068,52.4123,56.1055,60.2358,64.8563,70.023,75.7911,82.2109,89.3199,97.1313,105.619,114.694,124.187,133.816,143.178,151.754,158.948,164.163,166.912,166.922,164.198,159.027,151.904,143.426,134.187,124.698,115.356,106.433,98.0939,90.4213,83.438,77.1283,71.4534,66.3624,61.8003,57.7118,54.0448,50.7513,47.788,45.1166,42.7034,40.5187,38.5367,36.735,35.0937,33.5959,32.2264,30.9722,29.8217,28.7646,27.7921,26.896,26.0694,25.3059,24.6,23.9466,23.3413,22.7801,22.2592,21.7756,21.3262,20.9085,20.52,20.1587,19.8224,19.5096,19.2185,18.9478,18.696,18.462,18.2447,18.0431,17.8561,17.683,17.523,17.3754,17.2395,17.1146,17.0002,16.8958,16.8009,16.7149,16.6375,16.5682,16.5066,16.4523,16.405,16.3644,16.3299,16.3014,16.2784,16.2606,16.2476,16.2392,16.235,16.2346,16.2376,16.2437,16.2525,16.2636,16.2767,16.2913,16.307,16.3233,16.3399,16.3563,16.3721,16.3867,16.3999,16.4111,16.4198,16.4257,16.4284,16.4273,16.4223,16.4128,16.3985,16.3792,16.3545,16.3243,16.2882,16.2463,16.1982,16.1441,16.0837,16.0172,15.9446,15.8659,15.7814,15.6911,15.5953,15.4943,15.3882,15.2773,15.162,15.0425,14.9192,14.7925,14.6626,14.53,14.3948,14.2576,14.1186,13.9782,13.8365,13.6941,13.551,13.4076,13.2641,13.1208,12.9779,12.8356,12.694,12.5533,12.4137,12.2753,12.1383,12.0027,11.8686,11.7361,11.6053,11.4762,11.3489,11.2234,11.0998,10.978,10.8581,10.7401,10.624,10.5098,10.3975,10.287,10.1784,10.0716,9.96663,9.86345,9.76202,9.66233,9.56434,9.46802,9.37334,
 ,121,13.4534,13.4968,13.5386,13.5788,13.6174,13.6545,13.6899,13.7237,13.756,13.7867,13.8159,13.8436,13.8698,13.8946,13.918,13.94,13.9607,13.9801,13.9982,14.0152,14.0311,14.0459,14.0597,14.0725,14.0844,14.0956,14.1059,14.1156,14.1247,14.1333,14.1414,14.1491,14.1565,14.1638,14.1708,14.1779,14.185,14.1922,14.1996,14.2073,14.2154,14.224,14.2332,14.243,14.2537,14.2652,14.2777,14.2912,14.3059,14.322,14.3394,14.3583,14.3788,14.401,14.4251,14.4512,14.4794,14.5098,14.5425,14.5778,14.6157,14.6564,14.7,14.7468,14.7969,14.8504,14.9076,14.9686,15.0337,15.1031,15.1769,15.2556,15.3393,15.4283,15.5229,15.6235,15.7303,15.8437,15.9642,16.0921,16.228,16.3722,16.5254,16.688,16.8608,17.0444,17.2395,17.4468,17.6674,17.9021,18.1519,18.418,18.7016,19.0041,19.3269,19.6717,20.0403,20.4347,20.8571,21.31,21.7961,22.3183,22.8802,23.4855,24.1383,24.8434,25.6061,26.4323,27.3288,28.303,29.3634,30.5198,31.7829,33.1651,34.6803,36.3443,38.1748,40.1921,42.4188,44.88,47.6041,50.6221,53.9675,57.6761,61.7847,66.3293,71.3421,76.8475,82.855,89.3512,96.2884,103.571,111.043,118.476,125.568,131.953,137.232,141.023,143.024,143.068,141.157,137.467,132.304,126.051,119.105,111.826,104.513,97.3876,90.6009,84.2439,78.3612,72.9638,68.0405,63.5665,59.5096,55.8344,52.5055,49.4886,46.7518,44.2663,42.0057,39.9468,38.0686,36.3528,34.7831,33.3449,32.0254,30.8132,29.6983,28.6715,27.7248,26.851,26.0436,25.2969,24.6056,23.9651,23.3712,22.8201,22.3085,21.8331,21.3912,20.9804,20.5983,20.2428,19.9121,19.6045,19.3184,19.0524,18.8052,18.5757,18.3627,18.1653,17.9825,17.8136,17.6578,17.5144,17.3827,17.2621,17.1521,17.0522,16.9618,16.8805,16.8079,16.7435,16.687,16.638,16.5961,16.5609,16.5322,16.5095,16.4926,16.481,16.4745,16.4727,16.4752,16.4816,16.4917,16.505,16.5211,16.5397,16.5602,16.5824,16.6056,16.6296,16.6537,16.6776,16.7008,16.7227,16.7429,16.761,16.7763,16.7885,16.7971,16.8016,16.8017,16.7968,16.7867,16.7709,16.7492,16.7214,16.6871,16.6462,16.5986,16.5443,16.483,16.415,16.3402,16.2588,16.1709,16.0766,15.9763,15.8703,15.7587,15.6419,15.5203,15.3942,15.264,15.1301,14.9928,14.8526,14.7099,14.5649,14.4181,14.2698,14.1203,13.97,13.8193,13.6682,13.5173,13.3666,13.2164,13.067,12.9185,12.7711,12.6249,12.4802,12.3369,12.1953,12.0555,11.9174,11.7812,11.6469,11.5146,11.3842,11.2559,11.1297,11.0055,10.8833,10.7633,10.6452,10.5292,10.4152,10.3032,10.1932,10.0851,9.97889,9.87457,9.7721,9.67144,9.57255,9.4754,
 ,120,13.6621,13.7062,13.7486,13.7893,13.8283,13.8656,13.9012,13.9352,13.9675,13.9982,14.0272,14.0547,14.0806,14.105,14.1278,14.1493,14.1693,14.188,14.2053,14.2215,14.2364,14.2501,14.2628,14.2745,14.2852,14.2951,14.3041,14.3124,14.3201,14.3271,14.3337,14.3399,14.3457,14.3513,14.3567,14.3621,14.3674,14.3729,14.3785,14.3844,14.3908,14.3975,14.4049,14.4129,14.4217,14.4314,14.442,14.4537,14.4666,14.4807,14.4963,14.5133,14.532,14.5524,14.5747,14.5989,14.6253,14.6538,14.6847,14.7182,14.7542,14.7931,14.8349,14.8799,14.9281,14.9798,15.0351,15.0942,15.1575,15.2249,15.2969,15.3736,15.4553,15.5423,15.6348,15.7332,15.8378,15.949,16.0671,16.1926,16.3259,16.4674,16.6178,16.7774,16.947,17.1272,17.3187,17.5223,17.7387,17.9689,18.2138,18.4747,18.7525,19.0487,19.3646,19.7018,20.062,20.4471,20.8592,21.3006,21.7738,22.2817,22.8273,23.4143,24.0464,24.728,25.4639,26.2596,27.1211,28.0551,29.0692,30.1721,31.3731,32.6829,34.1137,35.6787,37.3929,39.273,41.3372,43.6058,46.1005,48.8449,51.8634,55.1808,58.8214,62.8063,67.1517,71.8646,76.9379,82.3442,88.0283,93.8994,99.8238,105.621,111.067,115.902,119.858,122.683,124.184,124.257,122.902,120.229,116.434,111.766,106.495,100.875,95.1261,89.4252,83.9012,78.6409,73.6965,69.0929,64.8356,60.9172,57.3215,54.0283,51.0149,48.2584,45.7365,43.4283,41.3141,39.3763,37.5986,35.9664,34.4664,33.0866,31.8163,30.6458,29.5662,28.5696,27.6489,26.7976,26.0097,25.2801,24.6038,23.9766,23.3946,22.8541,22.352,21.8854,21.4514,21.0479,20.6725,20.3234,19.9986,19.6965,19.4157,19.1548,18.9125,18.6877,18.4793,18.2865,18.1082,17.9438,17.7925,17.6535,17.5264,17.4104,17.3051,17.2099,17.1243,17.048,16.9805,16.9214,16.8703,16.8268,16.7907,16.7615,16.7389,16.7225,16.7121,16.7072,16.7076,16.7129,16.7227,16.7366,16.7543,16.7755,16.7995,16.8261,16.8549,16.8852,16.9168,16.9491,16.9815,17.0137,17.045,17.075,17.1031,17.1287,17.1514,17.1706,17.1858,17.1965,17.2023,17.2026,17.1971,17.1853,17.167,17.1418,17.1096,17.07,17.0229,16.9683,16.9062,16.8364,16.7593,16.6747,16.5831,16.4844,16.3791,16.2675,16.1499,16.0266,15.898,15.7646,15.6268,15.485,15.3396,15.1911,15.0399,14.8864,14.7311,14.5742,14.4163,14.2575,14.0984,13.9391,13.78,13.6214,13.4634,13.3064,13.1505,12.9959,12.8427,12.6912,12.5414,12.3934,12.2474,12.1034,11.9615,11.8217,11.6841,11.5487,11.4156,11.2846,11.1559,11.0295,10.9052,10.7832,10.6634,10.5457,10.4302,10.3168,10.2054,10.0961,9.98884,9.8835,9.78009,9.67856,9.57887,
 ,119,13.8769,13.9217,13.9647,14.0059,14.0453,14.0829,14.1188,14.1528,14.1852,14.2158,14.2446,14.2719,14.2974,14.3213,14.3437,14.3645,14.3838,14.4017,14.4182,14.4334,14.4472,14.4599,14.4714,14.4819,14.4913,14.4998,14.5074,14.5142,14.5204,14.5259,14.5309,14.5354,14.5395,14.5433,14.547,14.5505,14.554,14.5577,14.5614,14.5655,14.5699,14.5748,14.5802,14.5863,14.5931,14.6008,14.6095,14.6193,14.6302,14.6424,14.656,14.6711,14.6878,14.7063,14.7266,14.7489,14.7733,14.7999,14.8289,14.8604,14.8946,14.9315,14.9714,15.0144,15.0607,15.1105,15.1638,15.221,15.2823,15.3477,15.4177,15.4923,15.5719,15.6567,15.747,15.8432,15.9455,16.0542,16.1699,16.2927,16.4233,16.562,16.7094,16.8659,17.0321,17.2088,17.3964,17.5959,17.8079,18.0334,18.2732,18.5285,18.8003,19.0898,19.3985,19.7277,20.0791,20.4544,20.8557,21.285,21.7447,22.2376,22.7663,23.3343,23.945,24.6023,25.3107,26.0751,26.9008,27.7939,28.7611,29.8099,30.9485,32.1861,33.5329,35.0002,36.6002,38.3466,40.254,42.338,44.6153,47.1031,49.8185,52.7781,55.9963,59.4841,63.2467,67.2801,71.5681,76.0777,80.7539,85.5159,90.2534,94.826,99.0672,102.793,105.818,107.976,109.138,109.237,108.274,106.318,103.498,99.9795,95.9468,91.5805,87.0437,82.4724,77.9727,73.6219,69.4714,65.5519,61.8782,58.4534,55.2728,52.3268,49.6027,47.0867,44.7644,42.6216,40.6447,38.8209,37.1381,35.5851,34.1515,32.8276,31.6046,30.4743,29.4291,28.4621,27.567,26.7379,25.9695,25.257,24.5959,23.9823,23.4124,22.8829,22.3906,21.933,21.5074,21.1114,20.7432,20.4006,20.082,19.7859,19.5107,19.2551,19.018,18.7982,18.5948,18.4068,18.2333,18.0737,17.9271,17.7929,17.6705,17.5594,17.459,17.3689,17.2885,17.2175,17.1554,17.1019,17.0566,17.0191,16.989,16.9662,16.9501,16.9405,16.9371,16.9394,16.9473,16.9602,16.9778,16.9999,17.0259,17.0554,17.0882,17.1236,17.1612,17.2006,17.2413,17.2827,17.3243,17.3656,17.406,17.4448,17.4816,17.5157,17.5466,17.5736,17.5962,17.6138,17.626,17.6321,17.6318,17.6245,17.61,17.5879,17.5578,17.5197,17.4733,17.4185,17.3553,17.2837,17.2038,17.1159,17.02,16.9165,16.8057,16.6878,16.5635,16.4329,16.2967,16.1552,16.0089,15.8584,15.7041,15.5465,15.386,15.2232,15.0585,14.8924,14.7251,14.5572,14.389,14.2208,14.0529,13.8857,13.7194,13.5542,13.3903,13.228,13.0674,12.9086,12.7518,12.5971,12.4446,12.2944,12.1464,12.0009,11.8577,11.717,11.5787,11.4428,11.3094,11.1784,11.0499,10.9237,10.7999,10.6785,10.5593,10.4424,10.3277,10.2152,10.1048,9.99653,9.89029,9.78604,9.68374,
 ,118,14.0981,14.1436,14.1872,14.2289,14.2687,14.3067,14.3427,14.3769,14.4093,14.4398,14.4685,14.4954,14.5205,14.544,14.5658,14.5859,14.6045,14.6215,14.6371,14.6512,14.664,14.6755,14.6858,14.6949,14.7029,14.71,14.7161,14.7214,14.7259,14.7297,14.7329,14.7357,14.738,14.74,14.7418,14.7434,14.745,14.7467,14.7485,14.7505,14.7529,14.7558,14.7592,14.7632,14.768,14.7737,14.7803,14.788,14.7968,14.807,14.8185,14.8316,14.8463,14.8627,14.881,14.9012,14.9236,14.9482,14.9752,15.0047,15.0368,15.0717,15.1096,15.1506,15.1949,15.2426,15.2939,15.349,15.4082,15.4715,15.5393,15.6118,15.6892,15.7717,15.8597,15.9535,16.0533,16.1596,16.2726,16.3927,16.5204,16.6561,16.8003,16.9535,17.1162,17.2891,17.4728,17.6679,17.8753,18.0958,18.3303,18.5797,18.8452,19.1278,19.4288,19.7497,20.0919,20.4571,20.8471,21.264,21.7098,22.1871,22.6985,23.2469,23.8356,24.4682,25.1486,25.8812,26.6708,27.5227,28.4428,29.4376,30.5142,31.6803,32.9447,34.3165,35.8059,37.4237,39.1813,41.0908,43.1643,45.4142,47.8518,50.4875,53.3287,56.3792,59.6372,63.0925,66.7247,70.4995,74.3667,78.2568,82.0808,85.7302,89.0814,92.0027,94.3646,96.0531,96.983,97.1085,96.4301,94.9937,92.8842,90.2145,87.112,83.7052,80.114,76.4425,72.7754,69.1779,65.6968,62.3635,59.1967,56.206,53.394,50.7588,48.2954,45.9971,43.8561,41.8641,40.0126,38.2933,36.6978,35.2179,33.8458,32.574,31.3954,30.303,29.2904,28.3518,27.4813,26.6739,25.9246,25.2291,24.5832,23.9831,23.4255,22.907,22.4249,21.9766,21.5595,21.1715,20.8106,20.4749,20.1629,19.8729,19.6036,19.3537,19.122,18.9075,18.7093,18.5264,18.3579,18.2033,18.0617,17.9326,17.8153,17.7093,17.6142,17.5294,17.4545,17.389,17.3327,17.2851,17.2459,17.2148,17.1913,17.1752,17.1661,17.1638,17.1678,17.1779,17.1937,17.2149,17.241,17.2718,17.3068,17.3455,17.3876,17.4326,17.4801,17.5294,17.58,17.6315,17.6832,17.7345,17.7848,17.8335,17.88,17.9235,17.9634,17.9992,18.03,18.0554,18.0748,18.0874,18.0929,18.0908,18.0805,18.0618,18.0343,17.9978,17.9521,17.8971,17.8328,17.7591,17.6763,17.5845,17.484,17.375,17.258,17.1333,17.0014,16.8628,16.718,16.5675,16.4119,16.2517,16.0876,15.9199,15.7493,15.5763,15.4014,15.225,15.0477,14.8697,14.6917,14.5138,14.3364,14.1599,13.9846,13.8106,13.6382,13.4676,13.299,13.1326,12.9684,12.8065,12.6471,12.4902,12.336,12.1843,12.0353,11.889,11.7453,11.6043,11.466,11.3303,11.1972,11.0668,10.9389,10.8135,10.6905,10.57,10.4519,10.336,10.2225,10.1112,10.002,9.89499,9.79002,
 ,117,14.3259,14.3721,14.4163,14.4586,14.4989,14.5371,14.5734,14.6077,14.64,14.6704,14.6989,14.7255,14.7502,14.7732,14.7943,14.8137,14.8315,14.8476,14.8622,14.8752,14.8868,14.8971,14.906,14.9137,14.9203,14.9258,14.9303,14.9339,14.9367,14.9388,14.9402,14.9411,14.9415,14.9415,14.9413,14.941,14.9405,14.9401,14.9398,14.9398,14.94,14.9407,14.942,14.9439,14.9465,14.95,14.9545,14.96,14.9667,14.9747,14.984,14.9949,15.0075,15.0217,15.0379,15.056,15.0762,15.0987,15.1236,15.151,15.181,15.2138,15.2496,15.2884,15.3306,15.3761,15.4253,15.4783,15.5352,15.5964,15.6619,15.7321,15.8072,15.8874,15.973,16.0642,16.1615,16.2651,16.3753,16.4926,16.6173,16.7499,16.8908,17.0405,17.1995,17.3685,17.5479,17.7386,17.9412,18.1566,18.3854,18.6288,18.8876,19.163,19.4562,19.7684,20.1011,20.4559,20.8343,21.2383,21.6699,22.1313,22.625,23.1535,23.72,24.3275,24.9796,25.6802,26.4336,27.2444,28.1178,29.0592,30.0748,31.1711,32.3552,33.6348,35.018,36.5132,38.1293,39.8752,41.7597,43.7911,45.9765,48.3216,50.829,53.4978,56.3217,59.2878,62.3741,65.5484,68.7662,71.9695,75.0871,78.0356,80.723,83.0539,84.9368,86.2924,87.0624,87.2157,86.7521,85.7023,84.124,82.0946,79.7031,77.0413,74.1969,71.2485,68.262,65.2905,62.3741,59.5417,56.813,54.2007,51.712,49.3506,47.1175,45.0117,43.0311,41.1726,39.4323,37.8056,36.2876,34.873,33.5562,32.3315,31.1932,30.1356,29.1534,28.2413,27.3942,26.6075,25.8767,25.1977,24.5667,23.9801,23.4346,22.9274,22.4555,22.0166,21.6082,21.2284,20.8751,20.5466,20.2413,19.9578,19.6946,19.4506,19.2246,19.0157,18.8229,18.6453,18.4822,18.3328,18.1965,18.0727,17.9607,17.8602,17.7705,17.6914,17.6222,17.5627,17.5125,17.4712,17.4385,17.414,17.3975,17.3886,17.387,17.3924,17.4044,17.4228,17.4472,17.4772,17.5126,17.5528,17.5975,17.6462,17.6986,17.754,17.8121,17.8722,17.9338,17.9964,18.0592,18.1216,18.1829,18.2426,18.2997,18.3537,18.4038,18.4493,18.4894,18.5235,18.5509,18.5709,18.583,18.5866,18.5812,18.5664,18.5418,18.5072,18.4623,18.4071,18.3414,18.2655,18.1794,18.0833,17.9775,17.8625,17.7385,17.6061,17.4658,17.3182,17.1639,17.0034,16.8375,16.6666,16.4915,16.3128,16.131,15.9467,15.7606,15.5731,15.3847,15.1958,15.007,14.8187,14.631,14.4446,14.2595,14.076,13.8945,13.7151,13.538,13.3633,13.1912,13.0218,12.8551,12.6912,12.5302,12.3722,12.217,12.0648,11.9155,11.7692,11.6257,11.4851,11.3474,11.2124,11.0802,10.9507,10.8239,10.6996,10.5779,10.4587,10.3419,10.2274,10.1153,10.0054,9.89768,
 ,116,14.5606,14.6076,14.6525,14.6953,14.736,14.7746,14.8111,14.8455,14.8778,14.9081,14.9363,14.9625,14.9868,15.0092,15.0297,15.0483,15.0652,15.0803,15.0938,15.1057,15.1161,15.125,15.1325,15.1387,15.1437,15.1475,15.1503,15.1522,15.1531,15.1533,15.1528,15.1517,15.1501,15.1481,15.1458,15.1433,15.1407,15.1381,15.1356,15.1333,15.1313,15.1298,15.1288,15.1284,15.1288,15.13,15.1321,15.1354,15.1398,15.1455,15.1526,15.1612,15.1715,15.1835,15.1974,15.2133,15.2313,15.2516,15.2742,15.2994,15.3272,15.3578,15.3913,15.428,15.4679,15.5112,15.5581,15.6088,15.6635,15.7223,15.7856,15.8534,15.926,16.0038,16.0868,16.1755,16.2701,16.3709,16.4783,16.5925,16.7141,16.8434,16.9809,17.1269,17.2821,17.447,17.6222,17.8082,18.0058,18.2158,18.4388,18.6759,18.928,19.196,19.481,19.7844,20.1073,20.4514,20.818,21.2089,21.626,22.0712,22.5469,23.0554,23.5994,24.1818,24.8056,25.4744,26.1918,26.962,27.7892,28.6783,29.6344,30.663,31.7698,32.961,34.2431,35.6225,37.106,38.7,40.4106,42.2429,44.2011,46.2872,48.5009,50.8383,53.2907,55.8441,58.4772,61.1608,63.8566,66.5171,69.0857,71.4983,73.6862,75.5796,77.1131,78.2309,78.8921,79.0754,78.7803,78.0278,76.8574,75.3229,73.4867,71.4144,69.1694,66.8101,64.3862,61.9391,59.5012,57.0973,54.7459,52.4607,50.252,48.1273,46.0925,44.1519,42.3083,40.5634,38.9173,37.3692,35.9172,34.5583,33.2889,32.1051,31.0022,29.9757,29.0208,28.133,27.3076,26.5403,25.8271,25.164,24.5474,23.974,23.4407,22.9446,22.483,22.0536,21.6541,21.2826,20.9371,20.616,20.3177,20.0407,19.7839,19.5461,19.3261,19.123,18.9358,18.7638,18.6062,18.4624,18.3316,18.2133,18.1069,18.0121,17.9282,17.855,17.7919,17.7386,17.6948,17.6602,17.6343,17.617,17.6079,17.6066,17.6129,17.6266,17.6472,17.6745,17.7081,17.7476,17.7928,17.8432,17.8985,17.958,18.0215,18.0884,18.1581,18.2301,18.3037,18.3784,18.4535,18.5282,18.6018,18.6735,18.7426,18.8083,18.8697,18.9261,18.9766,19.0205,19.057,19.0853,19.1048,19.1149,19.115,19.1045,19.0833,19.0508,19.0069,18.9514,18.8844,18.8059,18.716,18.6151,18.5035,18.3815,18.2498,18.1087,17.9591,17.8014,17.6365,17.4649,17.2874,17.1046,16.9174,16.7264,16.5323,16.3357,16.1372,15.9375,15.737,15.5363,15.3358,15.136,14.9373,14.74,14.5444,14.3508,14.1595,13.9707,13.7844,13.601,13.4205,13.243,13.0686,12.8973,12.7293,12.5645,12.4029,12.2445,12.0893,11.9373,11.7885,11.6428,11.5002,11.3606,11.224,11.0902,10.9594,10.8313,10.7059,10.5831,10.463,10.3453,10.2301,10.1172,10.0067,
 ,115,14.8025,14.8503,14.8959,14.9393,14.9804,15.0194,15.0561,15.0906,15.1229,15.153,15.181,15.2068,15.2306,15.2523,15.2721,15.2899,15.3058,15.3199,15.3322,15.3429,15.3519,15.3594,15.3654,15.37,15.3733,15.3754,15.3764,15.3764,15.3754,15.3735,15.371,15.3678,15.364,15.3598,15.3553,15.3505,15.3456,15.3407,15.3359,15.3313,15.3269,15.323,15.3196,15.3168,15.3148,15.3136,15.3134,15.3142,15.3163,15.3196,15.3243,15.3306,15.3385,15.3481,15.3597,15.3732,15.3889,15.4068,15.4271,15.45,15.4754,15.5037,15.535,15.5693,15.6069,15.6479,15.6925,15.7408,15.7931,15.8495,15.9103,15.9757,16.0458,16.1209,16.2014,16.2873,16.3791,16.4771,16.5815,16.6926,16.811,16.9369,17.0708,17.2131,17.3643,17.525,17.6956,17.8769,18.0694,18.2738,18.4909,18.7215,18.9666,19.227,19.5038,19.7981,20.1111,20.4442,20.7988,21.1765,21.5789,22.0079,22.4655,22.9539,23.4755,24.0327,24.6285,25.2657,25.9477,26.6779,27.4601,28.2984,29.1969,30.1602,31.193,32.3002,33.4868,34.7577,36.1179,37.5718,39.1233,40.7755,42.53,44.3868,46.3433,48.394,50.5295,52.7355,54.9925,57.2749,59.5503,61.7802,63.9198,65.9199,67.729,69.2957,70.5727,71.5204,72.11,72.3265,72.1696,71.6539,70.8069,69.6661,68.2753,66.6809,64.928,63.0581,61.1073,59.1057,57.0775,55.0421,53.0153,51.0106,49.0401,47.1147,45.2448,43.4395,41.7066,40.0522,38.4808,36.9948,35.5949,34.2805,33.0496,31.8993,30.8262,29.8262,28.8951,28.0288,27.2231,26.4737,25.7769,25.1289,24.5262,23.9657,23.4442,22.9592,22.5079,22.0881,21.6976,21.3345,20.9969,20.6833,20.3922,20.1221,19.8719,19.6404,19.4265,19.2294,19.0481,18.882,18.7301,18.592,18.467,18.3545,18.254,18.1651,18.0873,18.0202,17.9635,17.9168,17.8798,17.8522,17.8336,17.8238,17.8224,17.8293,17.8441,17.8665,17.8963,17.9331,17.9766,18.0264,18.0822,18.1436,18.2103,18.2816,18.3572,18.4364,18.5189,18.6039,18.6908,18.7788,18.8674,18.9557,19.0429,19.1281,19.2105,19.2893,19.3634,19.432,19.4942,19.5491,19.5958,19.6335,19.6614,19.6788,19.6851,19.6797,19.6622,19.6321,19.5893,19.5336,19.465,19.3836,19.2896,19.1832,19.0649,18.9352,18.7947,18.644,18.4838,18.3149,18.138,17.954,17.7636,17.5677,17.3671,17.1625,16.9547,16.7445,16.5324,16.3193,16.1056,15.8919,15.6787,15.4665,15.2558,15.0468,14.8399,14.6354,14.4335,14.2346,14.0386,13.8458,13.6564,13.4703,13.2878,13.1087,12.9332,12.7613,12.5929,12.428,12.2667,12.1089,11.9545,11.8035,11.6558,11.5113,11.3701,11.232,11.0969,10.9649,10.8357,10.7093,10.5857,10.4647,10.3464,10.2305,10.1171,
 ,114,15.0519,15.1006,15.1469,15.1909,15.2326,15.2718,15.3087,15.3433,15.3756,15.4055,15.4332,15.4586,15.4819,15.5029,15.5219,15.5388,15.5537,15.5667,15.5778,15.5871,15.5947,15.6006,15.605,15.6079,15.6095,15.6097,15.6087,15.6067,15.6036,15.5997,15.5949,15.5895,15.5834,15.5769,15.57,15.5629,15.5556,15.5482,15.541,15.5338,15.527,15.5206,15.5147,15.5094,15.5048,15.5011,15.4984,15.4967,15.4962,15.497,15.4992,15.503,15.5084,15.5156,15.5247,15.5358,15.549,15.5645,15.5824,15.6028,15.6259,15.6517,15.6806,15.7125,15.7477,15.7862,15.8284,15.8743,15.9241,15.978,16.0363,16.099,16.1665,16.239,16.3167,16.3999,16.4888,16.5838,16.6851,16.793,16.908,17.0304,17.1607,17.2991,17.4462,17.6026,17.7686,17.9449,18.1321,18.3309,18.5419,18.766,19.0039,19.2565,19.5249,19.81,20.113,20.435,20.7775,21.1418,21.5295,21.9422,22.3818,22.8502,23.3494,23.8818,24.4499,25.0561,25.7034,26.3947,27.1332,27.9222,28.7654,29.6663,30.6287,31.6566,32.7536,33.9234,35.1696,36.495,37.9019,39.3919,40.9648,42.6192,44.3514,46.155,48.0204,49.9343,51.8791,53.8329,55.7689,57.6558,59.4585,61.1393,62.6593,63.9807,65.0691,65.8962,66.4419,66.6956,66.6576,66.3384,65.7573,64.9407,63.9191,62.7246,61.3879,59.9366,58.3942,56.7798,55.1087,53.3936,51.6466,49.88,48.107,46.3424,44.601,42.8975,41.2451,39.6549,38.1354,36.6922,35.3286,34.0457,32.8428,31.7178,30.6678,29.6892,28.7781,27.9304,27.142,26.4088,25.7272,25.0933,24.5039,23.9558,23.4459,22.9717,22.5306,22.1204,21.7389,21.3843,21.0549,20.7489,20.4651,20.2021,19.9586,19.7336,19.5261,19.3352,19.16,18.9999,18.854,18.7218,18.6028,18.4963,18.4019,18.3192,18.2478,18.1872,18.1372,18.0974,18.0675,18.0472,18.0363,18.0344,18.0413,18.0568,18.0806,18.1124,18.1519,18.1989,18.2529,18.3138,18.3811,18.4544,18.5333,18.6174,18.7062,18.799,18.8954,18.9946,19.096,19.1989,19.3024,19.4057,19.508,19.6082,19.7055,19.7988,19.8872,19.9695,20.0449,20.1122,20.1704,20.2188,20.2562,20.282,20.2953,20.2957,20.2824,20.2552,20.2136,20.1577,20.0873,20.0026,19.9038,19.7913,19.6655,19.5271,19.3767,19.215,19.043,18.8614,18.6711,18.4731,18.2684,18.0578,17.8422,17.6225,17.3997,17.1744,16.9474,16.7195,16.4913,16.2634,16.0364,15.8108,15.5869,15.3653,15.1462,14.93,14.7169,14.507,14.3007,14.098,13.899,13.7039,13.5127,13.3254,13.142,12.9626,12.7871,12.6155,12.4477,12.2838,12.1235,11.967,11.814,11.6646,11.5186,11.376,11.2366,11.1004,10.9673,10.8373,10.7101,10.5857,10.4642,10.3452,10.2289,
 ,113,15.3093,15.3589,15.4059,15.4506,15.4927,15.5323,15.5694,15.6041,15.6363,15.666,15.6934,15.7183,15.741,15.7613,15.7794,15.7954,15.8092,15.821,15.8307,15.8386,15.8447,15.849,15.8517,15.8528,15.8524,15.8506,15.8476,15.8434,15.8382,15.832,15.8249,15.8171,15.8086,15.7997,15.7903,15.7806,15.7707,15.7608,15.7509,15.7412,15.7317,15.7227,15.7141,15.7062,15.699,15.6926,15.6872,15.6829,15.6797,15.6779,15.6775,15.6787,15.6815,15.6861,15.6926,15.7011,15.7118,15.7247,15.7401,15.758,15.7785,15.8019,15.8282,15.8576,15.8903,15.9263,15.9659,16.0093,16.0565,16.1078,16.1635,16.2236,16.2884,16.3581,16.433,16.5132,16.5992,16.6911,16.7892,16.8938,17.0054,17.1242,17.2506,17.3851,17.528,17.6799,17.8412,18.0125,18.1943,18.3873,18.5922,18.8095,19.0402,19.285,19.5448,19.8206,20.1135,20.4245,20.7548,21.1057,21.4787,21.8752,22.2968,22.7453,23.2226,23.7305,24.2714,24.8473,25.4608,26.1143,26.8106,27.5524,28.3426,29.1842,30.0802,31.0335,32.0469,33.1231,34.2644,35.4725,36.7487,38.0931,39.5048,40.9812,42.5181,44.1089,45.7445,47.4127,49.0982,50.7825,52.4435,54.0561,55.593,57.0252,58.3236,59.4602,60.4104,61.154,61.677,61.9728,62.0422,61.8933,61.5403,61.0018,60.299,59.453,58.4829,57.4042,56.2282,54.9623,53.6115,52.1804,50.6756,49.1077,47.4914,45.8458,44.1921,42.5518,40.9447,39.3875,37.8931,36.4704,35.1249,33.8587,32.6721,31.5632,30.5292,29.5665,28.6711,27.8387,27.0652,26.3464,25.6786,25.0579,24.481,23.9448,23.4462,22.9826,22.5516,22.1509,21.7785,21.4325,21.1112,20.8131,20.5367,20.2808,20.0443,19.826,19.625,19.4405,19.2716,19.1177,18.978,18.852,18.7391,18.6389,18.5509,18.4746,18.4098,18.356,18.3129,18.2803,18.2579,18.2454,18.2425,18.249,18.2647,18.2893,18.3226,18.3643,18.4143,18.4721,18.5375,18.6102,18.6898,18.776,18.8682,18.9662,19.0692,19.1768,19.2884,19.4033,19.5207,19.6398,19.7599,19.8799,19.9989,20.1159,20.2298,20.3395,20.4438,20.5417,20.6318,20.7132,20.7846,20.8449,20.8932,20.9285,20.9499,20.9568,20.9484,20.9244,20.8843,20.8281,20.7557,20.6673,20.563,20.4435,20.3092,20.1609,19.9992,19.8252,19.6398,19.4439,19.2386,19.025,18.8041,18.5771,18.3448,18.1084,17.8688,17.6269,17.3834,17.1393,16.8952,16.6518,16.4097,16.1695,15.9315,15.6961,15.4639,15.235,15.0098,14.7883,14.5709,14.3576,14.1486,13.9438,13.7434,13.5474,13.3558,13.1685,12.9855,12.8068,12.6324,12.462,12.2957,12.1334,11.975,11.8204,11.6695,11.5222,11.3784,11.2379,11.1008,10.9669,10.8361,10.7083,10.5834,10.4613,10.342,
 ,112,15.5749,15.6254,15.6733,15.7185,15.7611,15.8011,15.8385,15.8732,15.9053,15.9348,15.9618,15.9863,16.0083,16.0279,16.0451,16.0599,16.0726,16.0831,16.0914,16.0978,16.1022,16.1048,16.1056,16.1048,16.1024,16.0985,16.0933,16.0868,16.0792,16.0706,16.0611,16.0508,16.0398,16.0282,16.0162,16.0038,15.9913,15.9786,15.966,15.9535,15.9413,15.9294,15.9181,15.9073,15.8973,15.8882,15.88,15.8729,15.867,15.8624,15.8593,15.8577,15.8578,15.8597,15.8635,15.8693,15.8773,15.8876,15.9003,15.9156,15.9335,15.9543,15.978,16.0048,16.0348,16.0682,16.1052,16.1459,16.1905,16.2391,16.292,16.3494,16.4114,16.4783,16.5502,16.6275,16.7104,16.7991,16.8939,16.9952,17.1032,17.2183,17.3409,17.4713,17.6099,17.7573,17.9138,18.0799,18.2563,18.4434,18.642,18.8525,19.0759,19.3128,19.564,19.8305,20.1132,20.4131,20.7313,21.0689,21.4272,21.8076,22.2116,22.6405,23.0961,23.5801,24.0944,24.6409,25.2216,25.8387,26.4945,27.1912,27.9311,28.7166,29.5501,30.4336,31.3694,32.3591,33.4044,34.5059,35.6642,36.8785,38.1473,39.4675,40.8347,42.2425,43.6825,45.1439,46.6137,48.0762,49.5137,50.9063,52.2325,53.4705,54.5985,55.5961,56.4459,57.134,57.6514,57.9946,58.1654,58.1711,58.0229,57.7345,57.3205,56.7939,56.1639,55.4348,54.6054,53.6695,52.6193,51.448,50.1551,48.7482,47.2449,45.6708,44.0562,42.4324,40.8279,39.2663,37.7654,36.3373,34.9888,33.723,32.5397,31.437,30.4114,29.4588,28.5746,27.7543,26.9932,26.2869,25.6315,25.023,24.4579,23.9331,23.4454,22.9923,22.5713,22.1801,21.8167,21.4793,21.1662,20.876,20.6072,20.3586,20.1291,19.9177,19.7234,19.5454,19.383,19.2354,19.1021,18.9825,18.876,18.7823,18.7008,18.6313,18.5733,18.5266,18.4908,18.4657,18.4511,18.4467,18.4523,18.4676,18.4925,18.5268,18.5702,18.6225,18.6835,18.7529,18.8305,18.9158,19.0087,19.1087,19.2154,19.3284,19.447,19.5708,19.699,19.831,19.966,20.1031,20.2414,20.38,20.5177,20.6534,20.7859,20.9139,21.0363,21.1516,21.2585,21.3558,21.4421,21.5161,21.5768,21.6229,21.6536,21.6679,21.6652,21.6448,21.6065,21.55,21.4753,21.3826,21.2722,21.1447,21.0007,20.841,20.6666,20.4785,20.2779,20.0659,19.8436,19.6124,19.3735,19.128,18.8772,18.6221,18.3639,18.1035,17.8419,17.5799,17.3184,17.058,16.7995,16.5432,16.2898,16.0398,15.7933,15.5508,15.3125,15.0787,14.8494,14.6249,14.4051,14.1901,13.9801,13.7749,13.5745,13.379,13.1882,13.0021,12.8206,12.6436,12.471,12.3027,12.1386,11.9786,11.8226,11.6705,11.5221,11.3774,11.2361,11.0983,10.9637,10.8324,10.7041,10.5788,10.4564,
 ,111,15.8491,15.9006,15.9493,15.9953,16.0384,16.0787,16.1163,16.1511,16.1831,16.2124,16.239,16.2629,16.2842,16.3029,16.3191,16.3329,16.3443,16.3534,16.3602,16.3649,16.3676,16.3683,16.3672,16.3643,16.3597,16.3536,16.3461,16.3372,16.3271,16.316,16.3038,16.2908,16.2771,16.2628,16.248,16.2328,16.2174,16.2018,16.1863,16.1709,16.1558,16.141,16.1267,16.113,16.1001,16.088,16.0769,16.0668,16.058,16.0506,16.0446,16.0401,16.0374,16.0364,16.0374,16.0405,16.0457,16.0532,16.0632,16.0757,16.0909,16.1089,16.1299,16.154,16.1813,16.212,16.2463,16.2842,16.326,16.3719,16.422,16.4765,16.5356,16.5996,16.6685,16.7427,16.8224,16.9079,16.9994,17.0972,17.2016,17.3129,17.4316,17.5578,17.6921,17.8348,17.9864,18.1474,18.3182,18.4994,18.6916,18.8954,19.1114,19.3403,19.5829,19.8401,20.1126,20.4014,20.7075,21.032,21.3759,21.7404,22.1269,22.5366,22.9711,23.4318,23.9203,24.4382,24.9874,25.5696,26.1866,26.8404,27.5326,28.2654,29.0402,29.8589,30.7228,31.6332,32.5907,33.5957,34.648,35.7463,36.8887,38.072,39.2919,40.5423,41.8157,43.1029,44.3927,45.6724,46.9276,48.1428,49.3014,50.3871,51.3839,52.2774,53.0557,53.71,54.2355,54.6316,54.902,55.0542,55.0984,55.0462,54.9081,54.6911,54.3967,54.018,53.5397,52.9387,52.189,51.2679,50.1633,48.8795,47.4385,45.8771,44.2404,42.574,40.9188,39.3072,37.7622,36.2985,34.9236,33.6399,32.4462,31.3393,30.3142,29.3659,28.4886,27.677,26.9259,26.2304,25.5861,24.9888,24.4349,23.9209,23.4439,23.001,22.5898,22.208,21.8537,21.5249,21.2202,20.9379,20.6768,20.4356,20.2133,20.0089,19.8214,19.6501,19.4943,19.3533,19.2265,19.1135,19.0136,18.9266,18.8519,18.7893,18.7384,18.699,18.6708,18.6536,18.6471,18.6512,18.6657,18.6903,18.7249,18.7694,18.8234,18.887,18.9597,19.0415,19.1321,19.2311,19.3382,19.4531,19.5754,19.7046,19.8402,19.9816,20.1281,20.2789,20.4333,20.5902,20.7489,20.908,21.0665,21.2231,21.3764,21.5252,21.6678,21.8029,21.9288,22.0442,22.1475,22.2372,22.312,22.3706,22.4118,22.4347,22.4384,22.4223,22.386,22.3291,22.2518,22.1542,22.0367,21.9001,21.745,21.5724,21.3835,21.1794,20.9615,20.7311,20.4897,20.2386,19.9793,19.7132,19.4416,19.1657,18.8868,18.6059,18.3242,18.0426,17.7619,17.4829,17.2064,16.9328,16.6627,16.3966,16.1348,15.8777,15.6255,15.3783,15.1364,14.8998,14.6687,14.4429,14.2227,14.0078,13.7983,13.594,13.3951,13.2012,13.0124,12.8284,12.6493,12.4748,12.3049,12.1393,11.9781,11.821,11.6679,11.5186,11.3732,11.2313,11.0929,10.9579,10.8262,10.6976,10.572,
 ,110,16.1324,16.1849,16.2345,16.2812,16.3248,16.3655,16.4033,16.4382,16.4701,16.4991,16.5252,16.5485,16.5691,16.5869,16.602,16.6146,16.6246,16.6322,16.6375,16.6404,16.6412,16.64,16.6367,16.6316,16.6247,16.6162,16.6062,16.5948,16.5821,16.5682,16.5533,16.5375,16.5209,16.5036,16.4859,16.4677,16.4493,16.4307,16.4121,16.3936,16.3754,16.3575,16.3401,16.3233,16.3073,16.2921,16.278,16.2649,16.253,16.2425,16.2335,16.2261,16.2203,16.2164,16.2145,16.2146,16.217,16.2216,16.2287,16.2383,16.2507,16.2659,16.2841,16.3053,16.3298,16.3577,16.3892,16.4243,16.4633,16.5063,16.5535,16.6051,16.6612,16.7222,16.788,16.8591,16.9356,17.0177,17.1058,17.2,17.3007,17.4082,17.5228,17.6449,17.7747,17.9128,18.0594,18.2151,18.3804,18.5556,18.7414,18.9383,19.1469,19.3679,19.602,19.8498,20.1123,20.3901,20.6842,20.9956,21.3253,21.6742,22.0436,22.4346,22.8485,23.2865,23.7501,24.2406,24.7595,25.3083,25.8884,26.5015,27.1489,27.832,28.5523,29.3108,30.1084,30.946,31.8237,32.7415,33.6986,34.6936,35.7244,36.7878,37.8797,38.9947,40.1262,41.2662,42.4056,43.534,44.64,45.7116,46.7364,47.7023,48.5981,49.4142,50.1431,50.7805,51.3251,51.7797,52.1504,52.4465,52.6794,52.8607,53.0001,53.1016,53.1605,53.1591,53.0654,52.8337,52.4111,51.7491,50.8172,49.6143,48.1712,46.5444,44.8035,43.0169,41.2429,39.5248,37.8908,36.357,34.9295,33.6085,32.3901,31.2684,30.2363,29.2865,28.4121,27.6062,26.8629,26.1766,25.5422,24.9553,24.4119,23.9084,23.4417,23.0088,22.6074,22.235,21.8897,21.5696,21.2732,20.999,20.7456,20.512,20.297,20.0996,19.9191,19.7547,19.6057,19.4714,19.3513,19.245,19.1519,19.0717,19.0041,18.9487,18.9052,18.8734,18.853,18.844,18.846,18.8589,18.8827,18.917,18.9619,19.0171,19.0824,19.1579,19.2432,19.3381,19.4425,19.5561,19.6786,19.8096,19.9488,20.0956,20.2496,20.4102,20.5766,20.7481,20.9239,21.1028,21.2839,21.466,21.6477,21.8277,22.0045,22.1765,22.3421,22.4996,22.6472,22.7832,22.9058,23.0134,23.1044,23.1773,23.2308,23.2636,23.2748,23.2636,23.2295,23.1723,23.0919,22.9887,22.8631,22.7159,22.548,22.3606,22.155,21.9327,21.6951,21.4439,21.1807,20.9072,20.625,20.3356,20.0406,19.7415,19.4395,19.136,18.832,18.5287,18.2269,17.9275,17.6313,17.3388,17.0506,16.7672,16.4889,16.216,15.9488,15.6874,15.432,15.1827,14.9394,14.7023,14.4712,14.2461,14.027,13.8137,13.6061,13.4041,13.2077,13.0165,12.8306,12.6497,12.4737,12.3024,12.1358,11.9735,11.8156,11.6617,11.5119,11.3659,11.2237,11.085,10.9497,10.8177,10.689,
 ,109,16.4252,16.4788,16.5293,16.5766,16.6209,16.662,16.7,16.7349,16.7666,16.7953,16.821,16.8436,16.8634,16.8802,16.8942,16.9055,16.9141,16.9201,16.9236,16.9247,16.9235,16.9201,16.9146,16.9071,16.8978,16.8867,16.874,16.8599,16.8444,16.8276,16.8098,16.791,16.7713,16.751,16.7301,16.7088,16.6871,16.6653,16.6435,16.6218,16.6003,16.5792,16.5585,16.5385,16.5192,16.5008,16.4834,16.4671,16.4521,16.4384,16.4262,16.4157,16.4068,16.3998,16.3948,16.3919,16.3912,16.3929,16.397,16.4037,16.4131,16.4253,16.4406,16.4589,16.4805,16.5055,16.5341,16.5663,16.6023,16.6424,16.6866,16.7352,16.7883,16.8461,16.9088,16.9766,17.0498,17.1285,17.2131,17.3037,17.4007,17.5043,17.6148,17.7326,17.8579,17.9913,18.1329,18.2834,18.443,18.6122,18.7916,18.9816,19.1829,19.396,19.6215,19.8601,20.1125,20.3795,20.6619,20.9605,21.2761,21.6098,21.9626,22.3353,22.7292,23.1454,23.5849,24.049,24.539,25.056,25.6012,26.1758,26.781,27.4179,28.0873,28.7901,29.5268,30.2978,31.1031,31.9421,32.8139,33.7171,34.6494,35.6078,36.5885,37.5868,38.5971,39.6125,40.6258,41.6286,42.612,43.5669,44.4843,45.3558,46.1739,46.9329,47.6293,48.2626,48.8352,49.3533,49.8265,50.2675,50.6911,51.1123,51.5433,51.9895,52.4431,52.877,53.2393,53.4524,53.4217,53.055,52.2897,51.1154,49.5803,47.7771,45.8171,43.8052,41.824,39.9295,38.1538,36.5108,35.0028,33.6246,32.3674,31.2209,30.1747,29.2185,28.3433,27.5407,26.8033,26.1248,25.4995,24.9223,24.389,23.8956,23.439,23.016,22.6242,22.2612,21.9249,21.6136,21.3256,21.0595,20.814,20.5879,20.3803,20.1902,20.0168,19.8593,19.7172,19.5898,19.4766,19.3771,19.291,19.2179,19.1574,19.1094,19.0735,19.0496,19.0374,19.0368,19.0477,19.0699,19.1033,19.1479,19.2034,19.2699,19.3472,19.4353,19.5338,19.6428,19.762,19.8912,20.0301,20.1785,20.3359,20.5019,20.6759,20.8575,21.0457,21.24,21.4392,21.6425,21.8486,22.0562,22.2639,22.4701,22.6733,22.8716,23.0632,23.2461,23.4184,23.5779,23.7228,23.851,23.9607,24.0501,24.1176,24.1618,24.1817,24.1762,24.1447,24.0871,24.0032,23.8935,23.7585,23.5991,23.4165,23.2121,22.9873,22.744,22.4839,22.209,21.921,21.622,21.3139,20.9983,20.6771,20.3519,20.0242,19.6954,19.3668,19.0395,18.7146,18.3928,18.0751,17.762,17.4542,17.152,16.8558,16.566,16.2827,16.0061,15.7364,15.4734,15.2174,14.9681,14.7257,14.4898,14.2606,14.0378,13.8212,13.6108,13.4064,13.2078,13.0148,12.8273,12.645,12.4678,12.2956,12.1281,11.9652,11.8066,11.6523,11.5022,11.3559,11.2134,11.0745,10.9392,10.8071,
 ,108,16.7279,16.7826,16.8341,16.8822,16.927,16.9686,17.0068,17.0416,17.0733,17.1016,17.1267,17.1487,17.1675,17.1833,17.1961,17.206,17.213,17.2173,17.2189,17.218,17.2146,17.209,17.2011,17.1911,17.1792,17.1654,17.1499,17.1328,17.1143,17.0945,17.0736,17.0516,17.0287,17.0051,16.9809,16.9562,16.9312,16.906,16.8808,16.8556,16.8307,16.8061,16.7821,16.7586,16.7359,16.7141,16.6933,16.6737,16.6553,16.6383,16.6228,16.609,16.5969,16.5867,16.5785,16.5724,16.5685,16.5671,16.5681,16.5717,16.5781,16.5873,16.5995,16.6148,16.6334,16.6554,16.6809,16.7101,16.7432,16.7802,16.8214,16.8668,16.9168,16.9714,17.0309,17.0955,17.1653,17.2405,17.3215,17.4085,17.5016,17.6013,17.7077,17.8211,17.942,18.0705,18.2072,18.3523,18.5062,18.6695,18.8425,19.0257,19.2196,19.4248,19.6419,19.8714,20.1139,20.3703,20.641,20.9271,21.2291,21.5479,21.8844,22.2395,22.6141,23.0091,23.4256,23.8645,24.3269,24.8136,25.3258,25.8643,26.43,27.0236,27.6459,28.2973,28.9782,29.6885,30.428,31.196,31.9916,32.8131,33.6584,34.5248,35.4088,36.3065,37.2129,38.1226,39.0297,39.9277,40.8098,41.6694,42.5003,43.297,44.0552,44.7726,45.4492,46.0878,46.6948,47.2803,47.8584,48.4468,49.0665,49.7398,50.4866,51.3195,52.2343,53.1986,54.1386,54.9323,55.4176,55.4257,54.8341,53.6158,51.8532,49.7073,47.3628,44.9817,42.6791,40.5234,38.5454,36.7517,35.1347,33.6801,32.3712,31.1913,30.125,29.1584,28.2797,27.4784,26.7458,26.0742,25.4572,24.8893,24.3658,23.8824,23.4357,23.0226,22.6404,22.2867,21.9595,21.657,21.3774,21.1195,20.8819,20.6636,20.4634,20.2806,20.1144,19.964,19.8289,19.7085,19.6023,19.5099,19.4309,19.365,19.312,19.2715,19.2434,19.2276,19.2238,19.232,19.2521,19.284,19.3275,19.3828,19.4496,19.528,19.6178,19.7192,19.8318,19.9557,20.0907,20.2366,20.3931,20.5602,20.7372,20.924,21.1198,21.3242,21.5364,21.7557,21.9809,22.211,22.4449,22.6809,22.9177,23.1535,23.3865,23.6145,23.8356,24.0476,24.248,24.4346,24.605,24.7569,24.8881,24.9966,25.0804,25.138,25.1678,25.169,25.1406,25.0825,24.9946,24.8773,24.7313,24.5578,24.3582,24.134,23.8872,23.6198,23.3338,23.0317,22.7155,22.3875,22.0499,21.7048,21.3541,20.9997,20.6432,20.2863,19.9304,19.5766,19.2261,18.8799,18.5386,18.2031,17.8739,17.5514,17.236,16.9279,16.6275,16.3346,16.0495,15.7722,15.5025,15.2405,14.986,14.739,14.4991,14.2663,14.0404,13.8213,13.6086,13.4022,13.2019,13.0075,12.8187,12.6355,12.4575,12.2846,12.1166,11.9532,11.7944,11.6399,11.4895,11.3432,11.2007,11.0618,10.9265,
 ,107,17.041,17.0969,17.1494,17.1983,17.2438,17.2857,17.3241,17.359,17.3905,17.4184,17.443,17.4642,17.482,17.4967,17.5081,17.5165,17.5218,17.5243,17.5239,17.5209,17.5152,17.5071,17.4967,17.484,17.4693,17.4526,17.4341,17.414,17.3923,17.3692,17.345,17.3196,17.2933,17.2662,17.2385,17.2103,17.1817,17.1529,17.1241,17.0953,17.0668,17.0386,17.0109,16.9839,16.9576,16.9322,16.9079,16.8847,16.8628,16.8424,16.8234,16.8062,16.7907,16.7771,16.7656,16.7562,16.7491,16.7443,16.7421,16.7425,16.7457,16.7518,16.7609,16.7731,16.7886,16.8075,16.8299,16.856,16.8859,16.9198,16.9579,17.0002,17.0469,17.0983,17.1545,17.2157,17.282,17.3538,17.4312,17.5144,17.6037,17.6993,17.8016,17.9107,18.027,18.1507,18.2823,18.4221,18.5704,18.7277,18.8943,19.0708,19.2574,19.4548,19.6635,19.884,20.1168,20.3627,20.6221,20.8959,21.1846,21.4889,21.8097,22.1477,22.5037,22.8785,23.273,23.6878,24.124,24.5822,25.0632,25.5677,26.0965,26.6499,27.2286,27.8327,28.4623,29.1173,29.7973,30.5014,31.2287,31.9776,32.7461,33.5317,34.3315,35.1421,35.9594,36.7791,37.5964,38.4065,39.2045,39.9857,40.7463,41.4833,42.1951,42.8824,43.5481,44.1986,44.844,45.4988,46.1826,46.9203,47.7418,48.6812,49.7734,51.0472,52.5135,54.1452,55.8501,57.4475,58.667,59.2009,58.8109,57.4375,55.2327,52.4887,49.5198,46.5747,43.8079,41.2927,39.0478,37.0618,35.3097,33.7624,32.3915,31.1718,30.0814,29.102,28.2182,27.4172,26.6886,26.0235,25.4147,24.8559,24.342,23.8686,23.4319,23.0286,22.656,22.3118,21.9937,21.6999,21.4289,21.1792,20.9497,20.7391,20.5465,20.3711,20.2122,20.069,19.941,19.8276,19.7285,19.6433,19.5716,19.5131,19.4677,19.435,19.415,19.4075,19.4124,19.4297,19.4593,19.5012,19.5553,19.6217,19.7003,19.7911,19.8942,20.0096,20.1371,20.2768,20.4286,20.5923,20.7679,20.9549,21.1533,21.3624,21.582,21.8114,22.0498,22.2965,22.5504,22.8103,23.075,23.3429,23.6123,23.8813,24.1478,24.4097,24.6644,24.9094,25.1421,25.3598,25.5596,25.739,25.8952,26.0259,26.1288,26.2018,26.2434,26.2522,26.2275,26.1688,26.0761,25.9499,25.7912,25.6013,25.3818,25.1347,24.8624,24.5671,24.2514,23.918,23.5695,23.2085,22.8375,22.4589,22.0749,21.6877,21.2991,20.9108,20.5245,20.1415,19.7628,19.3896,19.0227,18.6627,18.3103,17.9658,17.6297,17.3021,16.9831,16.673,16.3716,16.0789,15.7949,15.5194,15.2523,14.9934,14.7424,14.4992,14.2636,14.0353,13.814,13.5996,13.3917,13.1902,12.9948,12.8053,12.6215,12.443,12.2698,12.1015,11.938,11.7791,11.6246,11.4743,11.3281,11.1857,11.047,
 ,106,17.365,17.4222,17.4757,17.5255,17.5716,17.614,17.6526,17.6875,17.7187,17.7463,17.7702,17.7905,17.8074,17.8208,17.8308,17.8376,17.8411,17.8416,17.8391,17.8337,17.8257,17.815,17.8018,17.7862,17.7685,17.7488,17.7271,17.7036,17.6786,17.6521,17.6243,17.5953,17.5654,17.5346,17.5032,17.4712,17.4389,17.4063,17.3736,17.3411,17.3087,17.2767,17.2453,17.2144,17.1844,17.1553,17.1272,17.1003,17.0748,17.0507,17.0281,17.0073,16.9883,16.9712,16.9562,16.9433,16.9328,16.9247,16.9192,16.9163,16.9162,16.919,16.9248,16.9338,16.9461,16.9618,16.981,17.0039,17.0307,17.0614,17.0962,17.1352,17.1787,17.2268,17.2796,17.3374,17.4003,17.4684,17.5422,17.6216,17.707,17.7986,17.8966,18.0013,18.1131,18.232,18.3586,18.4931,18.6358,18.7871,18.9474,19.1171,19.2965,19.4863,19.6867,19.8983,20.1217,20.3572,20.6056,20.8674,21.1432,21.4335,21.7392,22.0607,22.3989,22.7543,23.1276,23.5196,23.9309,24.3621,24.8138,25.2866,25.7809,26.2971,26.8354,27.396,27.9788,28.5834,29.2095,29.8561,30.5223,31.2066,31.9071,32.6218,33.3481,34.0832,34.8237,35.5662,36.3073,37.0433,37.7708,38.487,39.19,39.8787,40.5542,41.2193,41.8801,42.5459,43.2308,43.9541,44.7417,45.6272,46.6526,47.8688,49.3335,51.1053,53.2284,55.7032,58.4364,61.1796,63.4951,64.8236,64.6963,62.988,59.9951,56.2642,52.3331,48.5742,45.1767,42.1985,39.6253,37.4118,35.5048,33.8538,32.4153,31.1528,30.037,29.044,28.1549,27.3543,26.6299,25.9715,25.3709,24.8214,24.3174,23.854,23.4273,23.034,22.6712,22.3364,22.0274,21.7426,21.4802,21.2388,21.0173,20.8145,20.6296,20.4617,20.3101,20.1742,20.0534,19.9473,19.8554,19.7775,19.7132,19.6623,19.6245,19.5998,19.5881,19.5892,19.6031,19.6297,19.6692,19.7214,19.7865,19.8645,19.9554,20.0593,20.1763,20.3065,20.4498,20.6063,20.7759,20.9587,21.1545,21.3631,21.5843,21.8178,22.0631,22.3197,22.5869,22.8637,23.1492,23.4422,23.7413,24.0447,24.3507,24.6572,24.9618,25.262,25.555,25.838,26.1078,26.3613,26.5952,26.8065,26.9918,27.1484,27.2734,27.3646,27.4199,27.4379,27.4173,27.3579,27.2597,27.1231,26.9494,26.7402,26.4976,26.2238,25.9217,25.5941,25.2441,24.8747,24.4891,24.0903,23.6812,23.2646,22.8431,22.4189,21.9943,21.5711,21.151,20.7355,20.3259,19.9231,19.5281,19.1415,18.7639,18.3957,18.0372,17.6886,17.3499,17.0212,16.7025,16.3936,16.0944,15.8047,15.5243,15.253,14.9904,14.7364,14.4906,14.2528,14.0226,13.7999,13.5842,13.3754,13.1732,12.9773,12.7873,12.6032,12.4246,12.2513,12.0831,11.9197,11.761,11.6067,11.4567,11.3107,11.1687,
 ,105,17.7005,17.7591,17.8137,17.8644,17.9111,17.9539,17.9928,18.0277,18.0587,18.0857,18.109,18.1284,18.1441,18.1562,18.1647,18.1697,18.1713,18.1697,18.1649,18.1571,18.1464,18.1329,18.1168,18.0982,18.0773,18.0542,18.0291,18.0022,17.9735,17.9434,17.9118,17.8791,17.8453,17.8106,17.7752,17.7393,17.7029,17.6664,17.6297,17.5931,17.5567,17.5207,17.4853,17.4505,17.4165,17.3834,17.3515,17.3207,17.2913,17.2634,17.2371,17.2125,17.1898,17.169,17.1504,17.134,17.1199,17.1083,17.0993,17.093,17.0895,17.0889,17.0914,17.0971,17.106,17.1184,17.1344,17.154,17.1775,17.2049,17.2364,17.2722,17.3123,17.357,17.4064,17.4607,17.52,17.5846,17.6546,17.7302,17.8116,17.8992,17.993,18.0933,18.2005,18.3146,18.4362,18.5654,18.7025,18.8479,19.0019,19.1649,19.3373,19.5195,19.7118,19.9147,20.1287,20.3543,20.5919,20.8421,21.1053,21.3822,21.6732,21.9789,22.3,22.6369,22.9902,23.3605,23.7483,24.1541,24.5783,25.0214,25.4836,25.9652,26.4664,26.987,27.5269,28.0857,28.663,29.2579,29.8694,30.4961,31.1365,31.7887,32.4507,33.1199,33.794,34.4702,35.1461,35.819,36.487,37.1487,37.8037,38.4528,39.0989,39.7471,40.4059,41.0877,41.8102,42.5977,43.4827,44.5087,45.732,47.2247,49.076,51.3888,54.2662,57.7737,61.8587,66.221,70.1856,72.752,72.9994,70.6679,66.3502,61.0757,55.7476,50.8904,46.6965,43.1666,40.2208,37.7594,35.6894,33.9327,32.4269,31.1232,29.9836,28.9789,28.086,27.2869,26.5676,25.9167,25.325,24.7853,24.2914,23.8383,23.4219,23.0388,22.6858,22.3606,22.061,21.7851,21.5314,21.2984,21.085,20.8901,20.7129,20.5526,20.4084,20.2798,20.1663,20.0675,19.983,19.9124,19.8556,19.8124,19.7826,19.766,19.7627,19.7726,19.7957,19.832,19.8816,19.9446,20.0211,20.1111,20.2148,20.3325,20.464,20.6097,20.7696,20.9439,21.1326,21.3356,21.5531,21.7849,22.0308,22.2906,22.5638,22.8501,23.1487,23.4587,23.7792,24.1088,24.4461,24.7893,25.1365,25.4852,25.8329,26.1768,26.5137,26.8403,27.1529,27.4479,27.7214,27.9697,28.1891,28.376,28.5272,28.6397,28.7112,28.7398,28.7243,28.6641,28.5591,28.4103,28.219,27.9872,27.7173,27.4122,27.0754,26.7102,26.3202,25.9093,25.481,25.0389,24.5864,24.1266,23.6625,23.1967,22.7317,22.2694,21.8118,21.3605,20.9166,20.4814,20.0556,19.6401,19.2352,18.8413,18.4587,18.0875,17.7278,17.3794,17.0423,16.7162,16.401,16.0963,15.802,15.5176,15.2429,14.9776,14.7213,14.4736,14.2343,14.0029,13.7793,13.563,13.3537,13.1512,12.9551,12.7651,12.5811,12.4027,12.2296,12.0617,11.8987,11.7404,11.5865,11.4369,11.2914,
 ,104,18.0481,18.108,18.1638,18.2155,18.2629,18.3062,18.3453,18.3801,18.4108,18.4374,18.4599,18.4783,18.4928,18.5034,18.5103,18.5134,18.513,18.5091,18.5018,18.4913,18.4778,18.4614,18.4421,18.4203,18.396,18.3694,18.3407,18.31,18.2775,18.2434,18.2079,18.1711,18.1333,18.0944,18.0549,18.0147,17.9742,17.9334,17.8925,17.8516,17.811,17.7708,17.7311,17.6921,17.654,17.6168,17.5807,17.5459,17.5125,17.4806,17.4503,17.4219,17.3953,17.3707,17.3484,17.3282,17.3105,17.2952,17.2826,17.2727,17.2657,17.2616,17.2607,17.2629,17.2685,17.2775,17.2901,17.3063,17.3264,17.3505,17.3786,17.411,17.4477,17.489,17.5349,17.5856,17.6413,17.7022,17.7685,17.8403,17.9178,18.0012,18.0908,18.1867,18.2893,18.3987,18.5152,18.6391,18.7707,18.9103,19.0581,19.2145,19.3799,19.5546,19.739,19.9335,20.1384,20.3543,20.5814,20.8203,21.0714,21.3352,21.6122,21.9028,22.2075,22.5268,22.8611,23.2108,23.5765,23.9584,24.3569,24.7722,25.2047,25.6543,26.1211,26.605,27.1058,27.623,28.1562,28.7044,29.2668,29.8423,30.4293,31.0264,31.6318,32.2436,32.8599,33.4787,34.0983,34.7172,35.3344,35.9497,36.5639,37.1795,37.8008,38.4349,39.0922,39.7879,40.543,41.3862,42.3568,43.5079,44.9109,46.6616,48.8859,51.7439,55.4235,60.1027,65.8412,72.3502,78.6736,83.1059,83.897,80.5294,74.1646,66.6769,59.5028,53.3041,48.2032,44.0812,40.7549,38.0508,35.8271,33.9741,32.4094,31.0712,29.9133,28.9008,28.0072,27.2122,26.4998,25.8577,25.276,24.7468,24.2637,23.8214,23.4157,23.0429,22.7001,22.3846,22.0944,21.8276,21.5826,21.3581,21.1529,20.966,20.7966,20.6438,20.5071,20.3859,20.2798,20.1883,20.1112,20.0481,19.999,19.9635,19.9417,19.9335,19.9388,19.9577,19.9902,20.0364,20.0965,20.1706,20.2588,20.3614,20.4785,20.6103,20.7572,20.9192,21.0966,21.2897,21.4985,21.7231,21.9637,22.2203,22.4928,22.781,23.0846,23.4032,23.7362,24.0827,24.4417,24.812,25.192,25.5798,25.9732,26.3697,26.7665,27.1602,27.5474,27.9241,28.2862,28.6294,28.9491,29.2409,29.5002,29.7228,29.9048,30.0426,30.1332,30.1745,30.1649,30.1036,29.9908,29.8275,29.6152,29.3565,29.0545,28.7127,28.3351,27.9259,27.4896,27.0304,26.5528,26.0609,25.5586,25.0497,24.5373,24.0246,23.5141,23.0082,22.5089,22.0178,21.5362,21.0654,20.606,20.1589,19.7244,19.3028,18.8944,18.499,18.1168,17.7474,17.3907,17.0465,16.7144,16.394,16.0851,15.7871,15.4998,15.2227,14.9555,14.6976,14.4488,14.2086,13.9767,13.7527,13.5362,13.3269,13.1245,12.9287,12.7391,12.5554,12.3775,12.205,12.0376,11.8752,11.7174,11.5642,11.4152,
 ,103,18.4083,18.4697,18.5268,18.5794,18.6276,18.6714,18.7106,18.7454,18.7758,18.8018,18.8235,18.8409,18.8541,18.8631,18.8682,18.8693,18.8666,18.8603,18.8504,18.8371,18.8206,18.8009,18.7783,18.753,18.7251,18.6947,18.6621,18.6275,18.5909,18.5527,18.513,18.4719,18.4296,18.3864,18.3425,18.2979,18.2528,18.2076,18.1622,18.1169,18.0718,18.0271,17.983,17.9396,17.8971,17.8556,17.8152,17.7762,17.7385,17.7024,17.6681,17.6355,17.6049,17.5764,17.5501,17.5261,17.5045,17.4855,17.4692,17.4556,17.4449,17.4373,17.4327,17.4314,17.4335,17.439,17.4481,17.4609,17.4776,17.4982,17.5229,17.5518,17.585,17.6228,17.6652,17.7123,17.7644,17.8216,17.8841,17.952,18.0255,18.1048,18.1901,18.2817,18.3797,18.4843,18.5959,18.7146,18.8407,18.9745,19.1162,19.2662,19.4247,19.5921,19.7687,19.9549,20.151,20.3574,20.5744,20.8024,21.0419,21.2932,21.5567,21.8328,22.1219,22.4244,22.7407,23.071,23.4158,23.7753,24.1497,24.5392,24.944,25.3641,25.7993,26.2496,26.7146,27.194,27.6871,28.1934,28.7118,29.2413,29.7809,30.3292,30.8847,31.4461,32.0118,32.5807,33.1514,33.7235,34.2967,34.8717,35.4506,36.0368,36.636,37.2567,37.9109,38.616,39.3954,40.2819,41.3202,42.5718,44.1217,46.0874,48.631,51.9725,56.3967,62.2285,69.7125,78.6767,87.9205,94.806,96.3093,91.499,82.4499,72.2701,63.0272,55.4371,49.4565,44.7919,41.1334,38.2265,35.8795,33.953,32.3461,30.9856,29.8183,28.8046,27.9152,27.1276,26.4248,25.7935,25.2232,24.7056,24.234,23.8032,23.4085,23.0465,22.714,22.4085,22.1278,21.8702,21.6341,21.4181,21.2211,21.0422,20.8806,20.7355,20.6063,20.4926,20.3938,20.3098,20.2401,20.1846,20.1431,20.1156,20.1019,20.1021,20.1162,20.1443,20.1864,20.2428,20.3137,20.3992,20.4995,20.6151,20.7461,20.8928,21.0556,21.2347,21.4306,21.6434,21.8735,22.1211,22.3864,22.6696,22.9706,23.2895,23.626,23.9798,24.3503,24.7369,25.1386,25.5539,25.9815,26.4192,26.8647,27.3153,27.7678,28.2186,28.6636,29.0983,29.5178,29.9172,30.291,30.6338,30.9402,31.2051,31.4236,31.5914,31.7049,31.7613,31.7587,31.6962,31.574,31.3932,31.156,30.8654,30.5252,30.1399,29.7143,29.2535,28.7629,28.2476,27.7129,27.1635,26.6042,26.0391,25.472,24.9062,24.3447,23.79,23.2442,22.709,22.1859,21.6759,21.1799,20.6984,20.2319,19.7805,19.3442,18.923,18.5167,18.1251,17.7478,17.3844,17.0345,16.6976,16.3734,16.0613,15.7609,15.4716,15.193,14.9246,14.666,14.4167,14.1763,13.9444,13.7206,13.5044,13.2956,13.0937,12.8985,12.7095,12.5266,12.3494,12.1776,12.0111,11.8494,11.6925,11.54,
 ,102,18.7818,18.8449,18.9033,18.9569,19.0059,19.0501,19.0896,19.1243,19.1544,19.1798,19.2005,19.2168,19.2285,19.2359,19.239,19.238,19.2329,19.2239,19.2112,19.1949,19.1751,19.1521,19.1259,19.0968,19.065,19.0307,18.9939,18.955,18.9142,18.8715,18.8273,18.7816,18.7348,18.6869,18.6383,18.589,18.5392,18.4892,18.4391,18.389,18.3393,18.2899,18.2411,18.1931,18.146,18.0999,18.0551,18.0115,17.9695,17.9291,17.8904,17.8536,17.8188,17.7862,17.7558,17.7277,17.7022,17.6793,17.659,17.6417,17.6272,17.6158,17.6076,17.6026,17.6011,17.603,17.6086,17.6178,17.631,17.6481,17.6692,17.6946,17.7243,17.7585,17.7973,17.8409,17.8893,17.9427,18.0014,18.0654,18.1349,18.2101,18.2912,18.3784,18.4718,18.5717,18.6783,18.7919,18.9125,19.0406,19.1763,19.32,19.4718,19.6321,19.8012,19.9793,20.1668,20.364,20.5712,20.7888,21.017,21.2563,21.5069,21.7692,22.0435,22.3301,22.6293,22.9413,23.2665,23.605,23.9569,24.3224,24.7016,25.0943,25.5004,25.9199,26.3523,26.7972,27.2541,27.7224,28.2013,28.6898,29.1871,29.692,30.2034,30.7203,31.2415,31.7665,32.2944,32.8254,33.3599,33.8994,34.4468,35.0062,35.5843,36.1907,36.8385,37.5463,38.3395,39.2533,40.336,41.6549,43.3041,45.4166,48.181,51.8631,56.8269,63.5282,72.4003,83.4449,95.3323,104.558,106.751,100.527,88.9616,76.4093,65.4643,56.8011,50.1801,45.1404,41.2635,38.2304,35.8122,33.8476,32.2229,30.8572,29.6924,28.6861,27.8069,27.0313,26.3413,25.7231,25.1659,24.6612,24.2023,23.7835,23.4005,23.0496,22.7277,22.4324,22.1614,21.9131,21.6859,21.4785,21.2898,21.119,20.9652,20.8277,20.7061,20.5998,20.5085,20.4319,20.3698,20.3219,20.2882,20.2686,20.2632,20.2719,20.2949,20.3323,20.3843,20.4511,20.5329,20.6302,20.7431,20.872,21.0173,21.1795,21.3589,21.556,21.7711,22.0048,22.2574,22.5293,22.8209,23.1325,23.4642,23.8161,24.1882,24.5803,24.9919,25.4226,25.8712,26.3366,26.8171,27.3108,27.8151,28.3271,28.8432,29.3593,29.8708,30.3726,30.8591,31.3242,31.7615,32.1646,32.5268,32.842,33.1041,33.3078,33.4487,33.5232,33.529,33.4649,33.3313,33.1296,32.8624,32.5337,32.1481,31.711,31.2285,30.7069,30.1525,29.5717,28.9706,28.3549,27.73,27.1006,26.4712,25.8454,25.2264,24.6171,24.0195,23.4356,22.8667,22.3139,21.7778,21.2591,20.7579,20.2743,19.8082,19.3594,18.9275,18.5122,18.1131,17.7295,17.3609,17.0069,16.6667,16.3399,16.0258,15.7239,15.4336,15.1544,14.8857,14.6271,14.378,14.138,13.9066,13.6835,13.4681,13.2601,13.0592,12.8649,12.6769,12.495,12.3188,12.148,11.9824,11.8217,11.6657,
 ,101,19.1694,19.2341,19.2939,19.3487,19.3984,19.4432,19.4829,19.5175,19.5472,19.5719,19.5917,19.6067,19.6169,19.6225,19.6235,19.6201,19.6125,19.6007,19.5849,19.5653,19.5421,19.5154,19.4854,19.4523,19.4163,19.3777,19.3366,19.2931,19.2476,19.2003,19.1513,19.1008,19.049,18.9962,18.9426,18.8883,18.8335,18.7785,18.7234,18.6684,18.6136,18.5594,18.5057,18.4528,18.4009,18.35,18.3004,18.2522,18.2056,18.1606,18.1174,18.0762,18.037,18.0001,17.9654,17.9332,17.9035,17.8765,17.8523,17.831,17.8126,17.7974,17.7854,17.7767,17.7714,17.7697,17.7715,17.7772,17.7867,17.8002,17.8178,17.8396,17.8657,17.8963,17.9315,17.9713,18.016,18.0657,18.1205,18.1806,18.2461,18.3172,18.3941,18.4769,18.5658,18.661,18.7628,18.8712,18.9865,19.109,19.2388,19.3762,19.5215,19.6748,19.8365,20.0068,20.186,20.3743,20.5721,20.7796,20.9971,21.2248,21.4631,21.7123,21.9725,22.244,22.5271,22.822,23.1287,23.4475,23.7785,24.1217,24.4771,24.8445,25.224,25.6151,26.0177,26.4313,26.8554,27.2894,27.7327,28.1844,28.6438,29.11,29.5822,30.0596,30.5416,31.0276,31.5176,32.0121,32.5121,33.0196,33.538,34.0721,34.6291,35.219,35.8557,36.5584,37.3531,38.2758,39.3761,40.723,42.4135,44.5857,47.4369,51.2485,56.4125,63.4331,72.8178,84.6462,97.5581,107.718,110.205,103.447,90.9343,77.5183,65.9811,56.9648,50.1475,45.0041,41.0765,38.0227,35.6011,33.6429,32.0302,30.6797,29.5315,28.5425,27.6807,26.922,26.2485,25.6461,25.104,24.6137,24.1683,23.7624,23.3916,23.0523,22.7414,22.4564,22.1953,21.9564,21.7382,21.5395,21.3592,21.1964,21.0504,20.9207,20.8066,20.7078,20.6239,20.5548,20.5001,20.4599,20.434,20.4225,20.4253,20.4427,20.4747,20.5216,20.5836,20.661,20.7541,20.8633,20.9891,21.1318,21.292,21.4702,21.6668,21.8826,22.1179,22.3735,22.6499,22.9475,23.2671,23.6089,23.9734,24.3609,24.7714,25.2051,25.6617,26.1406,26.641,27.1619,27.7016,28.2581,28.8287,29.4102,29.9988,30.59,31.1784,31.7582,32.3228,32.8651,33.3774,33.852,34.2808,34.6561,34.9705,35.2175,35.3913,35.4876,35.5035,35.4375,35.2901,35.063,34.7597,34.385,33.9448,33.446,32.8958,32.3021,31.6726,31.015,30.3365,29.6438,28.9433,28.2404,27.54,26.8462,26.1626,25.4921,24.8369,24.199,23.5797,22.9798,22.4001,21.8409,21.3023,20.7841,20.2861,19.8078,19.3488,18.9085,18.4863,18.0815,17.6935,17.3214,16.9646,16.6225,16.2943,15.9793,15.677,15.3866,15.1077,14.8395,14.5815,14.3333,14.0943,13.864,13.642,13.4278,13.221,13.0213,12.8283,12.6416,12.4609,12.2859,12.1164,11.9519,11.7924,
 ,100,19.5717,19.6382,19.6994,19.7554,19.806,19.8513,19.8912,19.9258,19.955,19.979,19.9977,20.0113,20.0199,20.0235,20.0223,20.0164,20.0059,19.9911,19.972,19.9489,19.922,19.8914,19.8573,19.8199,19.7795,19.7363,19.6905,19.6422,19.5918,19.5394,19.4853,19.4297,19.3727,19.3147,19.2558,19.1962,19.1361,19.0758,19.0154,18.9551,18.8952,18.8357,18.7769,18.7189,18.6618,18.606,18.5514,18.4983,18.4469,18.3971,18.3492,18.3034,18.2597,18.2182,18.1792,18.1426,18.1087,18.0774,18.0491,18.0237,18.0013,17.9821,17.9661,17.9536,17.9445,17.9389,17.9371,17.939,17.9449,17.9547,17.9686,17.9868,18.0092,18.0362,18.0676,18.1038,18.1447,18.1906,18.2416,18.2977,18.3592,18.4263,18.4989,18.5774,18.6618,18.7523,18.8492,18.9526,19.0627,19.1797,19.3037,19.4351,19.5739,19.7205,19.875,20.0377,20.2089,20.3887,20.5774,20.7752,20.9823,21.1991,21.4257,21.6623,21.9092,22.1665,22.4344,22.7131,23.0026,23.303,23.6145,23.9369,24.2703,24.6145,24.9693,25.3346,25.7099,26.0949,26.4892,26.8923,27.3034,27.722,28.1475,28.5791,29.0163,29.4584,29.9053,30.3566,30.8127,31.2744,31.7431,32.2212,32.7122,33.2216,33.7565,34.3272,34.9476,35.6366,36.4198,37.3323,38.4222,39.756,41.4267,43.5652,46.3571,50.0631,55.0385,61.7247,70.534,81.4456,93.1373,102.194,104.392,98.4017,87.1839,74.9542,64.2537,55.7666,49.2763,44.3394,40.5481,37.5894,35.2377,33.3337,31.7648,30.4509,29.3343,28.373,27.5358,26.7995,26.1463,25.5625,25.0375,24.563,24.1324,23.7402,23.3822,23.0548,22.7552,22.4808,22.2298,22.0005,21.7913,21.6013,21.4293,21.2746,21.1365,21.0144,20.9078,20.8165,20.7401,20.6784,20.6313,20.5987,20.5806,20.5771,20.5883,20.6144,20.6555,20.712,20.7841,20.8723,20.9769,21.0984,21.2373,21.3942,21.5697,21.7644,21.979,22.2141,22.4706,22.7491,23.0504,23.3752,23.7243,24.0984,24.498,24.9236,25.3758,25.8545,26.36,26.8918,27.4494,28.0318,28.6374,29.2643,29.9097,30.5702,31.2417,31.9192,32.5966,33.2673,33.9235,34.5568,35.158,35.7178,36.2263,36.6739,37.0515,37.3508,37.5646,37.6875,37.7156,37.6473,37.4829,37.2249,36.8776,36.4472,35.9412,35.368,34.7369,34.0575,33.3391,32.5911,31.8221,31.04,30.2522,29.4648,28.6835,27.9127,27.1563,26.4173,25.6981,25.0004,24.3256,23.6743,23.0471,22.4441,21.8651,21.3097,20.7776,20.268,19.7802,19.3136,18.8671,18.4401,18.0316,17.6408,17.2668,16.9088,16.566,16.2377,15.9229,15.6212,15.3316,15.0537,14.7867,14.5301,14.2833,14.0458,13.817,13.5966,13.384,13.1788,12.9807,12.7892,12.604,12.4248,12.2512,12.083,11.9199,
 ,99,19.9895,20.0579,20.1208,20.178,20.2295,20.2753,20.3154,20.3499,20.3786,20.4018,20.4194,20.4315,20.4382,20.4397,20.4361,20.4275,20.414,20.3959,20.3734,20.3465,20.3155,20.2807,20.2422,20.2003,20.1552,20.1071,20.0562,20.0028,19.9471,19.8894,19.8298,19.7687,19.7062,19.6426,19.5781,19.5129,19.4473,19.3814,19.3154,19.2496,19.1841,19.1191,19.0548,18.9915,18.9291,18.868,18.8083,18.7501,18.6935,18.6388,18.586,18.5353,18.4869,18.4408,18.3971,18.356,18.3176,18.2821,18.2494,18.2197,18.1932,18.1699,18.1499,18.1334,18.1204,18.111,18.1053,18.1034,18.1055,18.1115,18.1218,18.1362,18.155,18.1782,18.2059,18.2383,18.2755,18.3176,18.3647,18.4169,18.4744,18.5373,18.6057,18.6799,18.7599,18.8458,18.9379,19.0364,19.1413,19.2528,19.3712,19.4966,19.6293,19.7693,19.9169,20.0723,20.2357,20.4072,20.5872,20.7757,20.973,21.1793,21.3948,21.6195,21.8538,22.0976,22.3513,22.6147,22.8881,23.1714,23.4647,23.7679,24.0809,24.4036,24.7358,25.0773,25.4278,25.7868,26.154,26.5289,26.911,27.2998,27.6947,28.0953,28.501,28.9116,29.3269,29.747,30.1725,30.6044,31.0442,31.4947,31.9596,32.4442,32.9557,33.5041,34.1028,34.7697,35.5289,36.4131,37.4664,38.749,40.3437,42.3645,44.968,48.3658,52.8291,58.6627,66.0844,74.9017,83.9374,90.6685,92.2377,87.7715,79.2223,69.532,60.6886,53.4064,47.6665,43.1979,39.7061,36.9458,34.731,32.9253,31.4299,30.173,29.1022,28.1786,27.3733,26.6644,26.0352,25.4727,24.9669,24.5097,24.0948,23.7172,23.3725,23.0575,22.7695,22.5059,22.2651,22.0453,21.8453,21.664,21.5004,21.3537,21.2234,21.109,21.0099,20.926,20.857,20.8027,20.7631,20.7382,20.7279,20.7325,20.7521,20.7869,20.8372,20.9033,20.9857,21.0848,21.201,21.335,21.4874,21.6589,21.8501,22.0618,22.2948,22.5501,22.8285,23.131,23.4584,23.8119,24.1923,24.6005,25.0375,25.5041,26.0009,26.5285,27.0871,27.6768,28.2973,28.9477,29.6268,30.3326,31.0625,31.8128,32.5792,33.3561,34.1368,34.9135,35.6774,36.4184,37.1256,37.7875,38.392,38.9271,39.3815,39.7446,40.0073,40.1626,40.2057,40.1344,39.9491,39.6531,39.2521,38.7537,38.1677,37.5046,36.7762,35.9942,35.1702,34.3154,33.4402,32.554,31.6652,30.7808,29.9071,29.049,28.2106,27.395,26.6045,25.8408,25.105,24.3976,23.7187,23.0683,22.4458,21.8507,21.2822,20.7394,20.2212,19.7268,19.2549,18.8046,18.3749,17.9646,17.5728,17.1984,16.8406,16.4984,16.171,15.8576,15.5573,15.2694,14.9933,14.7282,14.4735,14.2287,13.9931,13.7664,13.5479,13.3372,13.1339,12.9376,12.7479,12.5644,12.3868,12.2149,12.0482,
 ,98,20.4237,20.4941,20.5587,20.6172,20.6697,20.7161,20.7564,20.7907,20.8189,20.8412,20.8575,20.868,20.8728,20.872,20.8658,20.8542,20.8375,20.8159,20.7896,20.7587,20.7234,20.6841,20.6409,20.594,20.5438,20.4905,20.4342,20.3753,20.314,20.2506,20.1853,20.1183,20.05,19.9805,19.91,19.8389,19.7673,19.6955,19.6236,19.5519,19.4806,19.4099,19.3399,19.2708,19.2029,19.1363,19.0711,19.0075,18.9457,18.8857,18.8278,18.7721,18.7187,18.6677,18.6193,18.5735,18.5305,18.4904,18.4533,18.4193,18.3885,18.361,18.3368,18.3162,18.2991,18.2857,18.2761,18.2704,18.2686,18.2709,18.2773,18.2879,18.3029,18.3224,18.3464,18.375,18.4084,18.4466,18.4898,18.5381,18.5916,18.6504,18.7147,18.7846,18.8601,18.9416,19.029,19.1225,19.2224,19.3287,19.4415,19.5612,19.6877,19.8214,19.9623,20.1106,20.2665,20.4301,20.6017,20.7814,20.9693,21.1656,21.3705,21.584,21.8063,22.0376,22.2777,22.527,22.7852,23.0526,23.329,23.6143,23.9085,24.2114,24.5229,24.8426,25.1702,25.5055,25.8481,26.1975,26.5534,26.9152,27.2825,27.6551,28.0325,28.4146,28.8014,29.1932,29.5908,29.9952,30.4082,30.8325,31.2719,31.7315,32.2182,32.7413,33.3133,33.9506,34.6749,35.5151,36.5098,37.7102,39.1849,41.025,43.3498,46.3099,50.0791,54.8173,60.5648,67.0253,73.2742,77.6963,78.6528,75.6631,69.8097,62.8472,56.1385,50.3288,45.5519,41.7058,38.6208,36.1326,34.1052,32.4327,31.0351,29.8524,28.8394,27.9622,27.195,26.5181,25.9163,25.3777,24.8928,24.4543,24.0562,23.6937,23.363,23.0608,22.7845,22.532,22.3014,22.0913,21.9005,21.7278,21.5726,21.4339,21.3114,21.2045,21.113,21.0364,20.9748,20.9279,20.8957,20.8784,20.8759,20.8885,20.9165,20.96,21.0195,21.0953,21.188,21.2981,21.4262,21.5729,21.739,21.9252,22.1325,22.3617,22.6138,22.8899,23.1911,23.5185,23.8733,24.2567,24.67,25.1145,25.5913,26.1015,26.6463,27.2266,27.843,28.496,29.1855,29.9112,30.672,31.4663,32.2915,33.1439,34.0188,34.9104,35.8111,36.7121,37.603,38.472,39.306,40.0907,40.8115,41.4533,42.0017,42.4431,42.7661,42.9615,43.0229,42.9478,42.7366,42.3936,41.9261,41.3443,40.6603,39.888,39.0418,38.1365,37.1865,36.2052,35.2052,34.1974,33.1914,32.1955,31.2163,30.2592,29.3285,28.4272,27.5576,26.721,25.9182,25.1495,24.4147,23.7131,23.0441,22.4065,21.7994,21.2213,20.6711,20.1475,19.649,19.1745,18.7227,18.2922,17.882,17.4908,17.1176,16.7613,16.421,16.0956,15.7844,15.4864,15.201,14.9273,14.6647,14.4125,14.1701,13.937,13.7126,13.4964,13.2879,13.0868,12.8925,12.7048,12.5233,12.3475,12.1773,
 ,97,20.8751,20.9478,21.0141,21.074,21.1275,21.1745,21.2151,21.2492,21.2768,21.2981,21.313,21.3218,21.3245,21.3212,21.3121,21.2974,21.2772,21.2518,21.2214,21.1861,21.1463,21.1021,21.0538,21.0017,20.9461,20.8871,20.8251,20.7603,20.6931,20.6236,20.5521,20.479,20.4044,20.3286,20.2518,20.1744,20.0965,20.0184,19.9403,19.8624,19.785,19.7081,19.6321,19.5571,19.4833,19.4109,19.34,19.2708,19.2034,19.1381,19.0748,19.0139,18.9553,18.8993,18.8459,18.7952,18.7475,18.7027,18.661,18.6224,18.5872,18.5553,18.5269,18.502,18.4808,18.4634,18.4497,18.44,18.4343,18.4327,18.4352,18.442,18.4532,18.4689,18.4891,18.5139,18.5434,18.5778,18.6172,18.6615,18.711,18.7658,18.8259,18.8915,18.9628,19.0397,19.1225,19.2113,19.3061,19.4073,19.5148,19.6288,19.7495,19.8769,20.0113,20.1528,20.3016,20.4576,20.6212,20.7924,20.9714,21.1582,21.3531,21.556,21.7671,21.9864,22.2139,22.4498,22.694,22.9465,23.2071,23.476,23.7528,24.0375,24.3298,24.6295,24.9363,25.25,25.5701,25.8964,26.2284,26.5657,26.9081,27.2553,27.6071,27.9633,28.3243,28.6903,29.0622,29.4411,29.8289,30.2282,30.6425,31.0767,31.5372,32.0325,32.5737,33.1752,33.8559,34.6403,35.5603,36.657,37.9834,39.6067,41.6087,44.0833,47.1215,50.7753,54.9815,59.4409,63.5051,66.2287,66.7503,64.8275,61.011,56.2598,51.4246,47.0085,43.2038,40.0193,37.3838,35.2048,33.3941,31.8772,30.5942,29.498,28.5521,27.7282,27.0042,26.3632,25.7915,25.2787,24.8164,24.3976,24.0172,23.6705,23.3541,23.065,22.8007,22.5593,22.3391,22.1387,21.957,21.7931,21.6461,21.5154,21.4006,21.3012,21.217,21.1478,21.0934,21.0538,21.029,21.0192,21.0245,21.0451,21.0813,21.1336,21.2023,21.2879,21.3909,21.5121,21.652,21.8116,21.9916,22.1929,22.4165,22.6636,22.9353,23.2328,23.5575,23.9108,24.294,24.7088,25.1567,25.6393,26.1583,26.7151,27.3113,27.9483,28.6272,29.349,30.1143,30.9231,31.7748,32.6681,33.6007,34.569,35.5684,36.5924,37.6328,38.6796,39.7209,40.7425,41.7288,42.6624,43.525,44.2976,44.9618,45.5003,45.8981,46.1433,46.2276,46.1475,45.9038,45.5021,44.952,44.2667,43.4622,42.556,41.5666,40.5125,39.4114,38.2797,37.1324,35.9822,34.8404,33.716,32.6163,31.5471,30.5125,29.5155,28.5581,27.6412,26.7652,25.9299,25.1344,24.3779,23.659,22.9762,22.3281,21.7129,21.129,20.5749,20.0487,19.5491,19.0744,18.6231,18.1939,17.7855,17.3965,17.0258,16.6723,16.3349,16.0125,15.7044,15.4096,15.1272,14.8566,14.597,14.3478,14.1083,13.8779,13.6562,13.4426,13.2367,13.0379,12.8459,12.6604,12.4809,12.3071,
 ,96,21.3448,21.4198,21.488,21.5494,21.604,21.6517,21.6924,21.7263,21.7533,21.7735,21.7869,21.7938,21.7942,21.7882,21.7761,21.7579,21.734,21.7045,21.6697,21.6297,21.5849,21.5356,21.4819,21.4241,21.3626,21.2976,21.2295,21.1584,21.0848,21.0088,20.9308,20.851,20.7698,20.6873,20.6039,20.5198,20.4353,20.3505,20.2658,20.1814,20.0975,20.0142,19.9319,19.8506,19.7706,19.6921,19.6152,19.5401,19.467,19.3959,19.3271,19.2607,19.1968,19.1355,19.0769,19.0212,18.9685,18.9188,18.8724,18.8292,18.7893,18.753,18.7202,18.691,18.6655,18.6439,18.6261,18.6123,18.6026,18.597,18.5957,18.5986,18.6059,18.6177,18.6341,18.655,18.6808,18.7113,18.7467,18.7872,18.8327,18.8834,18.9394,19.0009,19.0678,19.1403,19.2186,19.3027,19.3927,19.4888,19.591,19.6996,19.8146,19.9361,20.0643,20.1992,20.341,20.4899,20.6458,20.8089,20.9794,21.1573,21.3426,21.5355,21.736,21.9441,22.1598,22.3833,22.6143,22.8529,23.099,23.3525,23.6133,23.8812,24.1559,24.4373,24.7251,25.019,25.3187,25.6238,25.9341,26.2493,26.5691,26.8932,27.2217,27.5545,27.8918,28.2341,28.5822,28.9373,29.3013,29.6764,30.0661,30.4748,30.9081,31.3736,31.8808,32.4421,33.0732,33.7939,34.6294,35.6108,36.7765,38.172,39.8477,41.8536,44.2238,46.9492,49.9302,52.9213,55.5012,57.1395,57.3949,56.1485,53.6741,50.4802,47.0707,43.7995,40.8502,38.2824,36.0859,34.2199,32.6349,31.2832,30.1235,29.1211,28.2482,27.4821,26.8049,26.2023,25.663,25.1776,24.7389,24.3409,23.9786,23.6483,23.3465,23.0707,22.8186,22.5884,22.3785,22.1878,22.0152,21.8599,21.7211,21.5983,21.4911,21.3991,21.3222,21.2601,21.2129,21.1805,21.163,21.1606,21.1736,21.2021,21.2466,21.3075,21.3853,21.4806,21.594,21.7263,21.8782,22.0507,22.2447,22.4612,22.7016,22.9669,23.2586,23.5781,23.9269,24.3069,24.7197,25.1671,25.6512,26.1739,26.7373,27.3436,27.9946,28.6924,29.4388,30.2355,31.0835,31.9837,32.9362,33.9401,34.9938,36.0939,37.2358,38.4127,39.616,40.8343,42.0539,43.2583,44.4286,45.5434,46.5798,47.514,48.3221,48.9819,49.4735,49.7812,49.8942,49.8076,49.5228,49.047,48.3932,47.5788,46.6246,45.5534,44.3888,43.1541,41.8711,40.5601,39.2385,37.9216,36.622,35.3496,34.1123,32.916,31.7647,30.6611,29.6065,28.6013,27.6454,26.7377,25.877,25.0615,24.2894,23.5587,22.8673,22.213,21.594,21.008,20.4531,19.9274,19.4291,18.9565,18.5079,18.0819,17.6768,17.2915,16.9246,16.575,16.2414,15.923,15.6187,15.3277,15.049,14.782,14.5259,14.2801,14.0438,13.8166,13.5979,13.3871,13.1838,12.9877,12.7981,12.6149,12.4376,
 ,95,21.8337,21.9112,21.9815,22.0445,22.1002,22.1485,22.1895,22.2231,22.2493,22.2684,22.2802,22.285,22.2829,22.274,22.2586,22.2368,22.2088,22.1749,22.1353,22.0903,22.0402,21.9852,21.9256,21.8618,21.7941,21.7227,21.648,21.5702,21.4897,21.4068,21.3218,21.235,21.1467,21.0571,20.9666,20.8755,20.7839,20.6921,20.6004,20.5091,20.4183,20.3283,20.2393,20.1514,20.065,19.9801,19.8969,19.8157,19.7365,19.6595,19.5848,19.5127,19.4432,19.3764,19.3125,19.2515,19.1937,19.139,19.0876,19.0396,18.995,18.954,18.9167,18.8831,18.8533,18.8273,18.8053,18.7874,18.7736,18.764,18.7586,18.7576,18.7611,18.769,18.7814,18.7986,18.8204,18.8471,18.8786,18.9151,18.9567,19.0034,19.0554,19.1126,19.1753,19.2435,19.3173,19.3968,19.4821,19.5733,19.6705,19.7738,19.8832,19.999,20.1211,20.2498,20.385,20.5269,20.6756,20.8311,20.9934,21.1628,21.3392,21.5226,21.7131,21.9107,22.1155,22.3272,22.546,22.7718,23.0044,23.2438,23.4897,23.7421,24.0007,24.2653,24.5356,24.8114,25.0925,25.3784,25.669,25.964,26.2632,26.5664,26.8736,27.1848,27.5005,27.8209,28.1469,28.4798,28.821,29.173,29.5385,29.9215,30.3271,30.7616,31.233,31.7514,32.3295,32.9827,33.7299,34.5933,35.5989,36.7748,38.1484,39.74,41.5515,43.5475,45.6308,47.6206,49.2544,50.2367,50.3397,49.5039,47.868,45.7027,43.3014,40.8985,38.6417,36.6028,34.8016,33.229,31.8623,30.6745,29.6394,28.7332,27.9357,27.2297,26.6013,26.0389,25.5331,25.0762,24.6619,24.2851,23.9416,23.6278,23.3409,23.0784,22.8385,22.6195,22.42,22.239,22.0754,21.9285,21.7978,21.6828,21.5831,21.4984,21.4286,21.3736,21.3334,21.308,21.2977,21.3026,21.3231,21.3594,21.4121,21.4815,21.5684,21.6733,21.7971,21.9404,22.1043,22.2897,22.4978,22.7297,22.9869,23.2707,23.5827,23.9246,24.2983,24.7057,25.149,25.6303,26.152,26.7167,27.3269,27.9853,28.6945,29.4574,30.2764,31.154,32.0922,33.0928,34.1567,35.284,36.4738,37.7233,39.0283,40.3821,41.7753,43.1957,44.6275,46.0515,47.4448,48.7814,50.0324,51.1676,52.1562,52.9686,53.5789,53.9659,54.1152,54.0202,53.6827,53.1127,52.3276,51.3506,50.2092,48.9332,47.553,46.0979,44.5953,43.0695,41.5415,40.0289,38.5458,37.103,35.7088,34.3688,33.0866,31.8643,30.7024,29.6006,28.5577,27.5718,26.6409,25.7624,24.9338,24.1524,23.4156,22.7205,22.0647,21.4457,20.8611,20.3086,19.7862,19.2917,18.8233,18.3793,17.958,17.5578,17.1774,16.8154,16.4707,16.1419,15.8282,15.5284,15.2418,14.9674,14.7044,14.4522,14.2101,13.9774,13.7535,13.538,13.3303,13.1299,12.9365,12.7495,12.5687,
 ,94,22.343,22.4231,22.4956,22.5603,22.6172,22.6662,22.7074,22.7407,22.7662,22.7839,22.794,22.7966,22.7917,22.7797,22.7607,22.7349,22.7025,22.6638,22.6191,22.5687,22.5128,22.4518,22.386,22.3157,22.2412,22.1629,22.0811,21.9962,21.9084,21.8181,21.7257,21.6314,21.5355,21.4384,21.3404,21.2417,21.1426,21.0434,20.9444,20.8458,20.7478,20.6506,20.5546,20.4598,20.3665,20.2749,20.1852,20.0975,20.012,19.9288,19.848,19.77,19.6946,19.6221,19.5527,19.4863,19.4231,19.3632,19.3067,19.2537,19.2043,19.1586,19.1165,19.0784,19.0441,19.0137,18.9875,18.9653,18.9473,18.9336,18.9242,18.9192,18.9187,18.9226,18.9312,18.9444,18.9624,18.9852,19.0129,19.0455,19.0831,19.1259,19.1738,19.2269,19.2855,19.3494,19.4188,19.4938,19.5745,19.6609,19.7532,19.8514,19.9555,20.0657,20.1821,20.3047,20.4337,20.5689,20.7107,20.8589,21.0136,21.1749,21.3429,21.5174,21.6986,21.8864,22.0808,22.2817,22.4891,22.7029,22.9231,23.1493,23.3816,23.6197,23.8635,24.1127,24.3671,24.6264,24.8904,25.1588,25.4314,25.708,25.9884,26.2725,26.5603,26.8518,27.1475,27.4477,27.7532,28.065,28.3847,28.7143,29.0562,29.414,29.7917,30.1947,30.6295,31.1041,31.6284,32.2137,32.8735,33.623,34.4783,35.4549,36.5647,37.8111,39.1803,40.6311,42.0834,43.4117,44.4544,45.0452,45.063,44.4774,43.3611,41.8617,40.1506,38.3791,36.6564,35.0476,33.5836,32.2714,31.1052,30.0721,29.1572,28.3454,27.6228,26.9772,26.398,25.8763,25.4045,24.9765,24.587,24.2318,23.907,23.6099,23.3379,23.0889,22.8611,22.6532,22.464,22.2924,22.1377,21.9993,21.8765,21.7691,21.6766,21.5991,21.5362,21.4881,21.4548,21.4363,21.433,21.4451,21.4729,21.5169,21.5776,21.6555,21.7513,21.8657,21.9997,22.154,22.3298,22.5281,22.7503,22.9977,23.2718,23.5743,23.9069,24.2716,24.6706,25.1061,25.5806,26.0968,26.6576,27.2659,27.925,28.6383,29.4091,30.2411,31.1378,32.1026,33.1388,34.2491,35.4358,36.7003,38.0427,39.4614,40.9529,42.5108,44.1257,45.7844,47.4692,49.1578,50.8228,52.4323,53.9501,55.3373,56.5537,57.5605,58.3225,58.8112,59.0069,58.9008,58.4952,57.804,56.8509,55.6672,54.2898,52.7578,51.1106,49.3855,47.6165,45.8331,44.0601,42.3177,40.6213,38.9825,37.4095,35.9073,34.4787,33.1248,31.8449,30.6375,29.5003,28.4303,27.4242,26.4788,25.5905,24.7558,23.9713,23.2338,22.5399,21.8868,21.2716,20.6916,20.1445,19.6277,19.1392,18.677,18.2393,17.8242,17.4302,17.0559,16.6998,16.3608,16.0376,15.7292,15.4346,15.1528,14.8831,14.6246,14.3766,14.1385,13.9096,13.6893,13.4772,13.2727,13.0753,12.8847,12.7004,
 ,93,22.8737,22.9567,23.0315,23.0981,23.1562,23.206,23.2474,23.2804,23.305,23.3213,23.3294,23.3296,23.3218,23.3064,23.2834,23.2533,23.2162,23.1723,23.1221,23.0658,23.0038,22.9363,22.8637,22.7864,22.7047,22.619,22.5297,22.4371,22.3415,22.2433,22.1429,22.0406,21.9368,21.8317,21.7256,21.6189,21.5119,21.4049,21.2981,21.1917,21.0861,20.9814,20.878,20.7759,20.6755,20.5769,20.4803,20.3858,20.2936,20.2039,20.1169,20.0326,19.9512,19.8728,19.7975,19.7255,19.6568,19.5915,19.5298,19.4717,19.4172,19.3666,19.3198,19.2769,19.238,19.2032,19.1725,19.146,19.1238,19.1059,19.0924,19.0833,19.0788,19.0788,19.0834,19.0928,19.1069,19.1258,19.1495,19.1783,19.212,19.2508,19.2947,19.3439,19.3983,19.458,19.5232,19.5938,19.67,19.7518,19.8393,19.9325,20.0315,20.1364,20.2473,20.3641,20.487,20.616,20.7512,20.8925,21.04,21.1937,21.3537,21.5199,21.6924,21.871,22.0557,22.2466,22.4434,22.6462,22.8547,23.0689,23.2886,23.5137,23.7438,23.9789,24.2186,24.4628,24.7113,24.9637,25.2199,25.4797,25.743,26.0096,26.2796,26.5531,26.8304,27.1118,27.3981,27.6902,27.9895,28.2976,28.6167,28.9496,29.2999,29.6717,30.0702,30.5015,30.973,31.4928,32.0699,32.714,33.434,34.2372,35.1261,36.0952,37.1257,38.1799,39.1965,40.091,40.7638,41.1189,41.09,40.6607,39.8712,38.8044,37.5622,36.2415,34.9198,33.6501,32.4634,31.374,30.385,29.4926,28.6895,27.9672,27.3168,26.73,26.1992,25.7177,25.2799,24.8806,24.5159,24.182,23.8761,23.5956,23.3383,23.1026,22.8869,22.69,22.5108,22.3486,22.2026,22.0723,21.9573,21.8573,21.772,21.7013,21.6453,21.6039,21.5772,21.5655,21.569,21.588,21.623,21.6745,21.743,21.8291,21.9337,22.0575,22.2015,22.3667,22.5543,22.7655,23.0017,23.2645,23.5555,23.8767,24.2301,24.6178,25.0424,25.5065,26.013,26.5651,27.166,27.8195,28.5295,29.3001,30.1357,31.0409,32.0202,33.0786,34.2204,35.4502,36.7718,38.1882,39.7011,41.3108,43.015,44.8083,46.6818,48.6217,50.6086,52.6168,54.6141,56.5612,58.4126,60.1182,61.6253,62.8817,63.8398,64.4604,64.7163,64.5951,64.1005,63.2516,62.0812,60.6325,58.955,57.1008,55.1211,53.0636,50.9705,48.8774,46.8133,44.8009,42.8569,40.993,39.2167,37.532,35.9403,34.4409,33.0318,31.7096,30.4707,29.3105,28.2246,27.2083,26.2572,25.3667,24.5327,23.751,23.0179,22.3298,21.6833,21.0753,20.503,19.9637,19.4549,18.9744,18.5201,18.0901,17.6825,17.2959,16.9286,16.5792,16.2467,15.9296,15.6271,15.3381,15.0616,14.7969,14.5432,14.2997,14.0658,13.8409,13.6244,13.4158,13.2146,13.0204,12.8327,
 ,92,23.4272,23.5133,23.5906,23.6591,23.7186,23.7692,23.8108,23.8433,23.867,23.8818,23.8878,23.8853,23.8743,23.8552,23.828,23.7932,23.7509,23.7015,23.6453,23.5827,23.514,23.4395,23.3597,23.2748,23.1854,23.0918,22.9944,22.8935,22.7896,22.683,22.5741,22.4633,22.3509,22.2372,22.1227,22.0076,21.8922,21.7768,21.6617,21.5472,21.4336,21.321,21.2097,21.1,20.9921,20.8861,20.7822,20.6807,20.5816,20.4852,20.3915,20.3007,20.213,20.1285,20.0472,19.9693,19.8949,19.824,19.7569,19.6934,19.6338,19.5781,19.5264,19.4787,19.4351,19.3957,19.3605,19.3296,19.3031,19.2809,19.2633,19.2501,19.2415,19.2375,19.2382,19.2436,19.2538,19.2688,19.2887,19.3136,19.3434,19.3783,19.4183,19.4634,19.5138,19.5695,19.6305,19.6968,19.7686,19.8459,19.9288,20.0173,20.1114,20.2112,20.3168,20.4281,20.5453,20.6683,20.7972,20.932,21.0727,21.2193,21.3718,21.5302,21.6945,21.8645,22.0403,22.2218,22.4088,22.6013,22.7992,23.0023,23.2104,23.4234,23.641,23.8632,24.0896,24.32,24.5542,24.7921,25.0333,25.2778,25.5254,25.7761,26.0298,26.2866,26.5469,26.8109,27.0793,27.3529,27.6328,27.9205,28.2177,28.5267,28.8502,29.1917,29.5551,29.9448,30.3661,30.8245,31.3257,31.8753,32.4775,33.1342,33.843,34.5947,35.3706,36.1395,36.8567,37.4654,37.9036,38.1146,38.0606,37.7327,37.1538,36.3725,35.4507,34.4508,33.4269,32.4196,31.4562,30.5526,29.7161,28.9481,28.2463,27.6067,27.0241,26.4932,26.0089,25.5664,25.1616,24.7905,24.45,24.1373,23.8499,23.5857,23.343,23.1203,22.9164,22.7302,22.5609,22.4078,22.2703,22.148,22.0405,21.9476,21.8693,21.8053,21.7558,21.7209,21.7007,21.6954,21.7055,21.7313,21.7733,21.832,21.9081,22.0023,22.1155,22.2484,22.4023,22.5782,22.7773,23.0012,23.2513,23.5293,23.8372,24.1771,24.5512,24.9621,25.4125,25.9055,26.4445,27.033,27.6751,28.3751,29.1377,29.9679,30.8711,31.8532,32.9201,34.078,35.3334,36.6925,38.1613,39.745,41.4478,43.2722,45.2182,47.2824,49.457,51.7285,54.0763,56.4717,58.8766,61.2433,63.5146,65.6258,67.5069,69.0875,70.3019,71.0956,71.4305,71.289,70.6764,69.6199,68.1657,66.3735,64.3111,62.0484,59.6525,57.1841,54.6955,52.2295,49.8195,47.4903,45.2593,43.1376,41.131,39.2417,37.4689,35.8097,34.2597,32.8135,31.4654,30.2091,29.0387,27.948,26.9311,25.9827,25.0974,24.2703,23.497,22.773,22.0947,21.4583,20.8607,20.2986,19.7694,19.2706,18.7998,18.3548,17.9338,17.5348,17.1564,16.7969,16.4551,16.1296,15.8192,15.523,15.24,14.9691,14.7097,14.461,14.2222,13.9927,13.7719,13.5593,13.3543,13.1565,12.9655,
 ,91,24.0048,24.0941,24.1742,24.2447,24.3057,24.3571,24.3989,24.431,24.4536,24.4667,24.4705,24.465,24.4506,24.4274,24.3957,24.3558,24.3079,24.2525,24.1899,24.1204,24.0445,23.9624,23.8748,23.7819,23.6842,23.582,23.4759,23.3662,23.2534,23.1378,23.0198,22.8999,22.7784,22.6557,22.5321,22.408,22.2837,22.1595,22.0357,21.9126,21.7904,21.6695,21.5501,21.4323,21.3164,21.2027,21.0913,20.9823,20.876,20.7725,20.6719,20.5744,20.4801,20.3892,20.3017,20.2177,20.1374,20.0608,19.988,19.9191,19.8542,19.7933,19.7365,19.6838,19.6354,19.5913,19.5515,19.5161,19.4852,19.4587,19.4368,19.4195,19.4068,19.3988,19.3955,19.3969,19.4032,19.4144,19.4304,19.4514,19.4774,19.5084,19.5445,19.5858,19.6322,19.6838,19.7407,19.803,19.8705,19.9435,20.0219,20.1058,20.1952,20.2901,20.3906,20.4967,20.6084,20.7258,20.8488,20.9774,21.1117,21.2516,21.3972,21.5483,21.7049,21.8669,22.0344,22.2072,22.3852,22.5683,22.7563,22.9491,23.1466,23.3485,23.5547,23.765,23.9792,24.197,24.4183,24.6429,24.8705,25.101,25.3343,25.5703,25.809,26.0506,26.2952,26.5431,26.7948,27.0511,27.3128,27.581,27.8573,28.1435,28.4416,28.7542,29.0842,29.4347,29.8094,30.2117,30.645,31.1119,31.6136,32.1491,32.7137,33.2974,33.8836,34.448,34.9584,35.3768,35.6638,35.785,35.7183,35.4585,35.0196,34.4309,33.7309,32.9606,32.1573,31.3515,30.5656,29.8145,29.1068,28.4466,27.8347,27.2698,26.7496,26.2708,25.8304,25.4251,25.0519,24.708,24.3911,24.0988,23.8294,23.5811,23.3525,23.1426,22.9501,22.7744,22.6147,22.4704,22.3411,22.2265,22.1263,22.0403,21.9686,21.9111,21.8679,21.8392,21.8252,21.8262,21.8426,21.8749,21.9236,21.9893,22.0728,22.1748,22.2962,22.4381,22.6015,22.7878,22.9983,23.2346,23.4983,23.7915,24.116,24.4744,24.8692,25.3031,25.7794,26.3014,26.8731,27.4986,28.1825,28.9299,29.7464,30.6381,31.6115,32.6739,33.8327,35.0961,36.4725,37.9706,39.5991,41.366,43.2789,45.3435,47.5633,49.9379,52.4622,55.1241,57.903,60.7675,63.6739,66.5645,69.3676,71.9993,74.3663,76.3724,77.9263,78.9504,79.3902,79.2208,78.4497,77.1165,75.287,73.0453,70.4852,67.7011,64.7813,61.8032,58.8313,55.9161,53.0954,50.3954,47.8328,45.4167,43.1505,41.0331,39.0605,37.2265,35.5238,33.9445,32.48,31.1221,29.8628,28.6943,27.6093,26.6009,25.6629,24.7894,23.9751,23.2149,22.5043,21.8394,21.2162,20.6314,20.0819,19.5648,19.0775,18.6178,18.1834,17.7723,17.3829,17.0134,16.6625,16.3286,16.0106,15.7074,15.4179,15.141,14.8761,14.6222,14.3786,14.1446,13.9196,13.7031,13.4944,13.2931,13.0987,
 ,90,24.6078,24.7007,24.7837,24.8565,24.9191,24.9713,25.0133,25.0449,25.0663,25.0776,25.0788,25.0702,25.052,25.0244,24.9877,24.9423,24.8884,24.8265,24.7569,24.68,24.5963,24.5061,24.41,24.3084,24.2018,24.0905,23.975,23.8559,23.7335,23.6082,23.4806,23.351,23.2198,23.0874,22.9542,22.8206,22.6868,22.5532,22.4202,22.288,22.1569,22.0272,21.8991,21.7729,21.6488,21.5269,21.4075,21.2908,21.1769,21.066,20.9583,20.8538,20.7527,20.6551,20.5611,20.4708,20.3844,20.3018,20.2232,20.1487,20.0782,20.012,19.95,19.8923,19.839,19.79,19.7456,19.7056,19.6701,19.6393,19.6131,19.5916,19.5747,19.5626,19.5553,19.5528,19.5552,19.5625,19.5747,19.5918,19.614,19.6412,19.6735,19.7109,19.7534,19.8011,19.8541,19.9122,19.9757,20.0445,20.1186,20.1981,20.2829,20.3732,20.4689,20.57,20.6765,20.7885,20.906,21.0289,21.1571,21.2908,21.4298,21.5741,21.7236,21.8782,22.038,22.2027,22.3724,22.5467,22.7257,22.9091,23.0968,23.2887,23.4844,23.6839,23.887,24.0933,24.3028,24.5152,24.7303,24.9481,25.1683,25.391,25.616,25.8435,26.0737,26.3067,26.5429,26.783,27.0276,27.2776,27.5342,27.7988,28.0729,28.3583,28.6572,28.9716,29.3038,29.6559,30.0294,30.4252,30.8428,31.2794,31.7297,32.1844,32.6297,33.047,33.4134,33.7033,33.8911,33.9556,33.8832,33.6712,33.3281,32.8723,32.3286,31.7242,31.0851,30.4339,29.7882,29.161,28.5609,27.9929,27.4594,26.9611,26.4972,26.0663,25.6666,25.2962,24.9529,24.6349,24.3404,24.0678,23.8156,23.5827,23.3678,23.1701,22.9887,22.8231,22.6726,22.5368,22.4154,22.3081,22.2149,22.1356,22.0702,22.0189,21.9817,21.9589,21.9508,21.9578,21.9803,22.0188,22.0739,22.1463,22.2368,22.3463,22.4757,22.6262,22.7989,22.9953,23.2168,23.4652,23.7422,24.0501,24.391,24.7676,25.1827,25.6395,26.1414,26.6924,27.2968,27.9593,28.6854,29.4809,30.3523,31.3069,32.3525,33.4979,34.7525,36.1266,37.631,39.2774,41.0777,43.0439,45.1875,47.5191,50.0468,52.7754,55.704,58.8242,62.117,65.5501,69.0742,72.621,76.1013,79.406,82.4104,84.9816,86.9904,88.3254,88.907,88.6986,87.7118,86.0047,83.6728,80.8368,77.6276,74.1737,70.5916,66.9799,63.4169,59.9614,56.6542,53.5214,50.5774,47.8273,45.2701,42.8999,40.7082,38.6846,36.8179,35.0964,33.5089,32.0444,30.6924,29.4432,28.288,27.2182,26.2265,25.3059,24.45,23.6533,22.9105,22.2169,21.5683,20.9609,20.3912,19.8561,19.3526,18.8783,18.4308,18.0078,17.6076,17.2284,16.8685,16.5265,16.2011,15.891,15.5951,15.3125,15.0421,14.7832,14.5349,14.2966,14.0675,13.8471,13.6348,13.4301,13.2325,
 ,89,25.2378,25.3346,25.4207,25.4959,25.5602,25.6134,25.6555,25.6866,25.7067,25.7159,25.7144,25.7024,25.68,25.6477,25.6056,25.5541,25.4937,25.4247,25.3476,25.2627,25.1706,25.0717,24.9665,24.8555,24.7392,24.618,24.4926,24.3633,24.2307,24.0951,23.9571,23.8172,23.6757,23.533,23.3896,23.2458,23.102,22.9585,22.8157,22.6739,22.5334,22.3944,22.2572,22.1221,21.9892,21.8589,21.7312,21.6063,21.4845,21.3659,21.2507,21.1389,21.0307,20.9261,20.8254,20.7287,20.6359,20.5471,20.4625,20.3822,20.3061,20.2344,20.167,20.1042,20.0458,19.9919,19.9426,19.898,19.858,19.8227,19.7921,19.7663,19.7453,19.7291,19.7178,19.7113,19.7098,19.7132,19.7215,19.7349,19.7533,19.7767,19.8052,19.8388,19.8775,19.9214,19.9705,20.0248,20.0843,20.149,20.219,20.2942,20.3747,20.4605,20.5516,20.648,20.7497,20.8567,20.9689,21.0863,21.209,21.3368,21.4697,21.6076,21.7505,21.8984,22.051,22.2083,22.3702,22.5366,22.7073,22.8821,23.0609,23.2435,23.4297,23.6193,23.8122,24.0081,24.2068,24.4082,24.612,24.8182,25.0265,25.2369,25.4495,25.6641,25.8809,26.1001,26.3221,26.5471,26.7758,27.0088,27.247,27.4914,27.7432,28.0035,28.2737,28.5553,28.8494,29.1571,29.4789,29.8144,30.1621,30.5188,30.8792,31.2351,31.5755,31.8864,32.1515,32.3534,32.4752,32.5033,32.4294,32.2518,31.9762,31.6145,31.183,30.7002,30.1843,29.6518,29.1168,28.5898,28.0787,27.5887,27.123,26.6832,26.2697,25.8821,25.5198,25.1815,24.8662,24.5725,24.2992,24.0453,23.8096,23.5912,23.3894,23.2034,23.0327,22.8766,22.7349,22.6073,22.4934,22.3932,22.3066,22.2336,22.1742,22.1287,22.0973,22.0801,22.0776,22.0902,22.1184,22.1628,22.224,22.3028,22.4001,22.5167,22.6537,22.8124,22.9941,23.2001,23.4323,23.6923,23.9823,24.3044,24.6613,25.0557,25.4907,25.9698,26.497,27.0766,27.7134,28.4128,29.181,30.0248,30.9515,31.9698,33.0891,34.3196,35.6731,37.1622,38.8007,40.6037,42.5872,44.7679,47.1629,49.7886,52.6602,55.7894,59.1826,62.838,66.7414,70.862,75.1472,79.5176,83.8637,88.0447,91.8927,95.2227,97.8498,99.6105,100.386,100.123,98.8379,96.6183,93.6061,89.9762,85.9139,81.5951,77.1733,72.773,68.488,64.384,60.503,56.868,53.4879,50.3614,47.4804,44.8325,42.4027,40.1751,38.1335,36.262,34.5455,32.97,31.5222,30.1902,28.9631,27.831,26.785,25.8169,24.9195,24.0863,23.3113,22.5894,21.9157,21.286,20.6965,20.1436,19.6243,19.1357,18.6753,18.2409,17.8302,17.4414,17.0729,16.723,16.3903,16.0736,15.7716,15.4833,15.2077,14.9439,14.6911,14.4485,14.2154,13.9913,13.7755,13.5674,13.3667,
 ,88,25.8966,25.9975,26.0869,26.1648,26.2308,26.285,26.3274,26.3578,26.3765,26.3835,26.3789,26.3631,26.3363,26.2987,26.2508,26.1928,26.1253,26.0486,25.9633,25.8697,25.7685,25.6601,25.5451,25.424,25.2973,25.1656,25.0294,24.8893,24.7456,24.5991,24.45,24.299,24.1465,23.9928,23.8386,23.684,23.5296,23.3756,23.2225,23.0705,22.92,22.7713,22.6245,22.48,22.338,22.1987,22.0623,21.929,21.7989,21.6723,21.5492,21.4298,21.3142,21.2025,21.0948,20.9913,20.8919,20.7968,20.7061,20.6197,20.5378,20.4604,20.3876,20.3194,20.2558,20.1969,20.1428,20.0934,20.0487,20.0089,19.9739,19.9438,19.9186,19.8982,19.8829,19.8724,19.867,19.8665,19.871,19.8806,19.8952,19.9149,19.9397,19.9696,20.0046,20.0448,20.0901,20.1406,20.1962,20.257,20.3231,20.3943,20.4706,20.5522,20.639,20.7309,20.828,20.9302,21.0375,21.1499,21.2672,21.3896,21.5168,21.6489,21.7858,21.9273,22.0733,22.2239,22.3787,22.5377,22.7008,22.8678,23.0384,23.2126,23.3901,23.5708,23.7545,23.9409,24.1299,24.3212,24.5147,24.7103,24.9078,25.1071,25.3082,25.5111,25.7157,25.9223,26.131,26.3421,26.5561,26.7734,26.9945,27.2203,27.4514,27.6887,27.9331,28.1851,28.4455,28.7145,28.9919,29.2767,29.567,29.8594,30.1491,30.4293,30.6914,30.9248,31.1179,31.2586,31.3358,31.3404,31.2673,31.1155,30.8888,30.5953,30.2458,29.8533,29.4306,28.9901,28.5425,28.0964,27.6588,27.2344,26.8268,26.4379,26.0688,25.7201,25.3916,25.0828,24.7932,24.5221,24.2687,24.0323,23.8121,23.6076,23.4181,23.2432,23.0825,22.9356,22.8022,22.6822,22.5755,22.4819,22.4016,22.3345,22.2808,22.2408,22.2147,22.2028,22.2056,22.2235,22.2571,22.307,22.374,22.4588,22.5623,22.6857,22.83,22.9965,23.1866,23.4019,23.6442,23.9154,24.2177,24.5536,24.9258,25.3374,25.7917,26.2926,26.8444,27.452,28.1206,28.8564,29.6662,30.5578,31.5399,32.6221,33.8155,35.1324,36.5868,38.194,39.9714,41.938,44.1146,46.5239,49.1895,52.136,55.3876,58.9661,62.8888,67.1646,71.7889,76.7374,81.9579,87.3622,92.8184,98.1464,103.12,107.481,110.959,113.312,114.359,114.016,112.312,109.381,105.436,100.735,95.5442,90.1039,84.6162,79.2356,74.0713,69.193,64.6395,60.4262,56.5519,53.005,49.7674,46.8172,44.1313,41.6866,39.4605,37.4321,35.5819,33.8919,32.3462,30.93,29.6303,28.4355,27.3351,26.3197,25.381,24.5117,23.705,22.9552,22.2569,21.6054,20.9965,20.4264,19.8917,19.3893,18.9166,18.4709,18.0501,17.6522,17.2753,16.9178,16.5781,16.255,15.9471,15.6533,15.3727,15.1042,14.847,14.6003,14.3634,14.1356,13.9164,13.7051,13.5013,
 ,87,26.5857,26.6911,26.7842,26.8648,26.9328,26.9881,27.0306,27.0603,27.0774,27.082,27.0741,27.0542,27.0224,26.9792,26.9249,26.8598,26.7846,26.6996,26.6053,26.5024,26.3913,26.2727,26.1471,26.0151,25.8772,25.7342,25.5864,25.4346,25.2792,25.1208,24.9599,24.7971,24.6328,24.4675,24.3017,24.1357,23.97,23.8049,23.6409,23.4782,23.3171,23.1581,23.0012,22.8469,22.6953,22.5466,22.4011,22.2589,22.1202,21.9852,21.8539,21.7266,21.6033,21.4842,21.3693,21.2587,21.1526,21.0509,20.9538,20.8612,20.7733,20.6902,20.6117,20.538,20.4692,20.4052,20.346,20.2917,20.2424,20.198,20.1585,20.124,20.0946,20.0701,20.0506,20.0362,20.0268,20.0225,20.0232,20.029,20.04,20.056,20.0771,20.1034,20.1348,20.1713,20.2129,20.2597,20.3116,20.3687,20.4309,20.4983,20.5707,20.6483,20.7309,20.8187,20.9114,21.0092,21.1119,21.2195,21.332,21.4493,21.5713,21.698,21.8292,21.9649,22.105,22.2492,22.3976,22.55,22.7061,22.8659,23.0292,23.1958,23.3654,23.538,23.7133,23.8911,24.0713,24.2535,24.4378,24.6238,24.8115,25.0007,25.1914,25.3835,25.577,25.772,25.9686,26.167,26.3674,26.5702,26.7757,26.9844,27.1968,27.4132,27.6342,27.8601,28.0909,28.3265,28.5662,28.8087,29.0519,29.2928,29.527,29.7491,29.9523,30.1288,30.2702,30.3679,30.4145,30.4039,30.3329,30.2009,30.0105,29.7674,29.4791,29.1546,28.8033,28.4344,28.0561,27.6754,27.2982,26.9289,26.5706,26.2257,25.8957,25.5815,25.2833,25.0012,24.7352,24.4848,24.2498,24.0296,23.8239,23.6323,23.4544,23.29,23.1387,23.0003,22.8748,22.762,22.6619,22.5746,22.5,22.4385,22.3901,22.3552,22.3341,22.3271,22.3348,22.3576,22.3962,22.4513,22.5236,22.614,22.7235,22.8532,23.0042,23.178,23.3761,23.6001,23.852,24.1338,24.4479,24.7968,25.1837,25.6117,26.0845,26.6064,27.182,27.8165,28.516,29.2872,30.1378,31.0764,32.1128,33.2583,34.5255,35.9289,37.4849,39.212,41.1314,43.2666,45.6442,48.2935,51.2468,54.5386,58.2047,62.2809,66.8001,71.7876,77.2555,83.1935,89.5576,96.2562,103.136,109.971,116.457,122.231,126.897,130.085,131.516,131.059,128.757,124.822,119.584,113.429,106.737,99.8399,93.0006,86.4063,80.1777,74.3825,69.0482,64.1755,59.7474,55.7367,52.1109,48.8359,45.8779,43.2048,40.7866,38.5962,36.6088,34.8025,33.1577,31.6569,30.2847,29.0275,27.8731,26.8111,25.8319,24.9273,24.0897,23.3128,22.5906,21.918,21.2904,20.7037,20.1542,19.6385,19.1539,18.6975,18.267,17.8603,17.4754,17.1106,16.7643,16.435,16.1215,15.8225,15.537,15.264,15.0026,14.752,14.5114,14.2801,14.0576,13.8432,13.6364,
 ,86,27.307,27.4173,27.5144,27.5981,27.6682,27.7246,27.7672,27.7962,27.8115,27.8134,27.8019,27.7775,27.7404,27.691,27.6296,27.5569,27.4732,27.3791,27.2753,27.1622,27.0405,26.9107,26.7737,26.6299,26.48,26.3246,26.1645,26.0001,25.8321,25.661,25.4876,25.3121,25.1353,24.9576,24.7794,24.6013,24.4236,24.2467,24.0711,23.8971,23.725,23.555,23.3876,23.2229,23.0612,22.9027,22.7476,22.5962,22.4484,22.3047,22.1649,22.0294,21.8981,21.7712,21.6489,21.531,21.4179,21.3094,21.2057,21.1068,21.0128,20.9236,20.8394,20.7601,20.6858,20.6166,20.5523,20.4931,20.4389,20.3899,20.3459,20.307,20.2732,20.2445,20.221,20.2026,20.1893,20.1811,20.1781,20.1802,20.1874,20.1998,20.2174,20.2401,20.2679,20.3009,20.339,20.3822,20.4306,20.4841,20.5426,20.6063,20.675,20.7488,20.8275,20.9113,21,21.0936,21.192,21.2953,21.4032,21.5159,21.6331,21.7548,21.8808,22.0112,22.1458,22.2844,22.4269,22.5732,22.723,22.8764,23.033,23.1926,23.3552,23.5205,23.6882,23.8583,24.0305,24.2046,24.3805,24.5579,24.7367,24.9168,25.0981,25.2804,25.4638,25.6483,25.8339,26.0206,26.2087,26.3983,26.5895,26.7828,26.9782,27.176,27.3762,27.579,27.7841,27.991,28.1988,28.4062,28.6111,28.8106,29.0013,29.1786,29.3374,29.4717,29.5754,29.6426,29.668,29.6477,29.5794,29.4629,29.3002,29.0951,28.8531,28.5805,28.2845,27.9718,27.6487,27.3211,26.9936,26.6702,26.3538,26.0468,25.7508,25.4669,25.1957,24.9376,24.6929,24.4615,24.2432,24.038,23.8457,23.6661,23.4989,23.3442,23.2016,23.0712,22.953,22.8469,22.753,22.6714,22.6023,22.5458,22.5023,22.4721,22.4556,22.4531,22.4653,22.4926,22.5358,22.5956,22.6728,22.7684,22.8834,23.0188,23.1762,23.3568,23.5623,23.7944,24.0552,24.3469,24.672,25.0333,25.434,25.8775,26.3678,26.9096,27.5078,28.1681,28.8972,29.7024,30.5922,31.5763,32.6657,33.8729,35.2126,36.7013,38.3581,40.205,42.2671,44.5734,47.1567,50.0543,53.3085,56.9657,61.0771,65.6962,70.877,76.6694,83.1116,90.2191,97.9684,106.277,114.976,123.79,132.318,140.045,146.386,150.771,152.755,152.127,148.961,143.595,136.548,128.403,119.711,110.926,102.382,94.2966,86.7931,79.9242,73.6952,68.0815,63.0416,58.5263,54.4843,50.8654,47.6226,44.7128,42.0974,39.742,37.6161,35.6931,33.9495,32.3647,30.921,29.6025,28.3955,27.2881,26.2696,25.3307,24.4634,23.6604,22.9153,22.2226,21.5771,20.9745,20.4109,19.8826,19.3866,18.9201,18.4804,18.0654,17.6729,17.3012,16.9486,16.6135,16.2946,15.9906,15.7005,15.4232,15.1578,14.9034,14.6593,14.4247,14.199,13.9816,13.7719,
 ,85,28.0627,28.1783,28.2797,28.3667,28.439,28.4966,28.5394,28.5675,28.5809,28.5797,28.5644,28.535,28.492,28.4358,28.3669,28.2857,28.1929,28.089,27.9747,27.8505,27.7172,27.5755,27.426,27.2695,27.1067,26.9381,26.7646,26.5867,26.4052,26.2206,26.0335,25.8446,25.6545,25.4635,25.2722,25.0812,24.8908,24.7015,24.5136,24.3276,24.1438,23.9624,23.7838,23.6082,23.4359,23.2672,23.1021,22.9409,22.7838,22.6309,22.4823,22.3382,22.1986,22.0637,21.9336,21.8083,21.6878,21.5723,21.4618,21.3564,21.256,21.1607,21.0706,20.9856,20.9058,20.8311,20.7617,20.6974,20.6384,20.5846,20.5361,20.4927,20.4546,20.4217,20.3941,20.3716,20.3544,20.3424,20.3356,20.334,20.3377,20.3465,20.3605,20.3797,20.4041,20.4336,20.4683,20.5081,20.5531,20.6031,20.6582,20.7184,20.7835,20.8537,20.9288,21.0089,21.0938,21.1835,21.278,21.3772,21.481,21.5893,21.7021,21.8192,21.9406,22.0662,22.1957,22.3292,22.4664,22.6072,22.7514,22.8989,23.0495,23.203,23.3592,23.5179,23.679,23.8421,24.0072,24.174,24.3423,24.512,24.6829,24.8548,25.0275,25.2011,25.3754,25.5504,25.7259,25.9022,26.0791,26.2567,26.4351,26.6144,26.7947,26.9758,27.1578,27.3405,27.5234,27.7058,27.8869,28.0651,28.2387,28.4052,28.5616,28.7043,28.8292,28.932,29.0082,29.0535,29.0642,29.0377,28.9724,28.8683,28.7269,28.551,28.3446,28.1124,27.8595,27.5912,27.3124,27.0278,26.7413,26.4562,26.1753,25.9007,25.6341,25.3767,25.1294,24.8927,24.667,24.4527,24.2497,24.0582,23.8781,23.7094,23.5522,23.4063,23.2718,23.1488,23.0372,22.9372,22.849,22.7726,22.7084,22.6567,22.6176,22.5917,22.5792,22.5809,22.5971,22.6285,22.6759,22.7399,22.8216,22.9219,23.0418,23.1826,23.3456,23.5325,23.7447,23.9843,24.2534,24.5542,24.8895,25.2622,25.6757,26.1337,26.6404,27.2008,27.8201,28.5048,29.2618,30.0992,31.0262,32.0536,33.1935,34.4601,35.8696,37.441,39.1961,41.1605,43.3637,45.8403,48.6301,51.7796,55.3421,59.3789,63.9588,69.1583,75.0592,81.7448,89.2922,97.7589,107.162,117.448,128.452,139.853,151.133,161.573,170.298,176.416,179.208,178.326,173.892,166.465,156.87,146.001,134.654,123.439,112.766,102.873,93.8647,85.7599,78.5234,72.0916,66.3882,61.3344,56.8542,52.8776,49.3419,46.1912,43.3768,40.8562,38.5927,36.5543,34.7137,33.0471,31.5338,30.156,28.8983,27.7473,26.6912,25.7198,24.8242,23.9964,23.2296,22.5178,21.8555,21.238,20.6611,20.121,19.6144,19.1383,18.69,18.2672,17.8676,17.4894,17.1308,16.7903,16.4663,16.1577,15.8632,15.5819,15.3127,15.0547,14.8072,14.5694,14.3406,14.1203,13.9079,
 ,84,28.8549,28.9762,29.0823,29.1728,29.2476,29.3065,29.3494,29.3765,29.3877,29.3834,29.3636,29.3289,29.2795,29.2159,29.1386,29.0483,28.9455,28.8309,28.7051,28.569,28.4232,28.2684,28.1056,27.9353,27.7584,27.5756,27.3877,27.1954,26.9993,26.8002,26.5987,26.3954,26.1909,25.9858,25.7806,25.5759,25.372,25.1695,24.9687,24.77,24.5738,24.3803,24.19,24.003,23.8196,23.6401,23.4645,23.2932,23.1262,22.9638,22.806,22.653,22.5048,22.3616,22.2234,22.0904,21.9624,21.8397,21.7222,21.61,21.5031,21.4016,21.3053,21.2145,21.129,21.0489,20.9741,20.9048,20.8408,20.7822,20.729,20.6812,20.6387,20.6016,20.5698,20.5434,20.5222,20.5064,20.4959,20.4907,20.4907,20.496,20.5066,20.5224,20.5434,20.5696,20.6009,20.6374,20.6791,20.7258,20.7776,20.8345,20.8963,20.9631,21.0348,21.1114,21.1928,21.279,21.3698,21.4652,21.5652,21.6696,21.7784,21.8914,22.0085,22.1297,22.2548,22.3836,22.516,22.6519,22.7911,22.9334,23.0786,23.2266,23.3772,23.5301,23.6851,23.8421,24.0009,24.1612,24.3228,24.4856,24.6494,24.814,24.9792,25.1449,25.3111,25.4775,25.6441,25.8109,25.9777,26.1447,26.3116,26.4785,26.6453,26.8118,26.9778,27.143,27.3068,27.4686,27.6272,27.7815,27.9296,28.0696,28.1988,28.3146,28.4137,28.4928,28.5486,28.5781,28.5785,28.5481,28.4859,28.392,28.2674,28.1143,27.9356,27.7349,27.516,27.2831,27.04,26.7904,26.5377,26.2845,26.0335,25.7866,25.5453,25.311,25.0846,24.8668,24.6581,24.4591,24.2698,24.0906,23.9216,23.7629,23.6146,23.4768,23.3496,23.2332,23.1277,23.0333,22.9502,22.8786,22.8188,22.7712,22.7361,22.714,22.7052,22.7105,22.7303,22.7654,22.8164,22.8843,22.9699,23.0743,23.1987,23.3442,23.5124,23.7048,23.9232,24.1695,24.446,24.7552,25.0997,25.4828,25.908,26.3792,26.901,27.4784,28.1174,28.8245,29.6073,30.4746,31.4364,32.5042,33.6916,35.014,36.4895,38.1394,39.9884,42.0656,44.4051,47.0474,50.0399,53.4388,57.3101,61.7311,66.7922,72.5967,79.2616,86.914,95.6848,105.695,117.029,129.698,143.575,158.317,173.282,187.476,199.603,208.249,212.233,210.966,204.662,194.253,181.074,166.496,151.657,137.358,124.075,112.034,101.288,91.7925,83.4477,76.1338,69.7273,64.1113,59.18,54.8397,51.009,47.6181,44.6069,41.9242,39.5265,37.3764,35.4424,33.6972,32.1176,30.6835,29.3778,28.1857,27.0942,26.0922,25.1701,24.3192,23.5323,22.8027,22.1248,21.4934,20.9042,20.3531,19.8367,19.3517,18.8955,18.4654,18.0592,17.675,17.3109,16.9652,16.6366,16.3236,16.0251,15.7399,15.4671,15.2057,14.955,14.7142,14.4825,14.2595,14.0444,
 ,83,29.6859,29.8134,29.9246,30.0189,30.0963,30.1566,30.1997,30.2256,30.2345,30.2266,30.2021,30.1614,30.1049,30.0333,29.9469,29.8466,29.7329,29.6066,29.4684,29.3193,29.1598,28.991,28.8136,28.6285,28.4365,28.2383,28.0349,27.827,27.6153,27.4006,27.1836,26.9649,26.7452,26.5251,26.3051,26.0858,25.8676,25.6511,25.4366,25.2245,25.0152,24.8091,24.6064,24.4074,24.2124,24.0215,23.8351,23.6531,23.4759,23.3036,23.1362,22.9739,22.8168,22.665,22.5185,22.3774,22.2417,22.1115,21.9868,21.8677,21.7541,21.6461,21.5436,21.4468,21.3555,21.2698,21.1897,21.1151,21.0461,20.9827,20.9248,20.8724,20.8255,20.7841,20.7482,20.7177,20.6927,20.6731,20.6589,20.65,20.6466,20.6484,20.6556,20.668,20.6858,20.7087,20.7369,20.7702,20.8087,20.8523,20.901,20.9547,21.0134,21.077,21.1456,21.2189,21.2971,21.3799,21.4674,21.5594,21.6559,21.7568,21.8619,21.9712,22.0845,22.2018,22.3228,22.4475,22.5757,22.7073,22.842,22.9797,23.1202,23.2633,23.4089,23.5566,23.7064,23.858,24.0112,24.1658,24.3216,24.4783,24.6358,24.794,24.9525,25.1113,25.2702,25.429,25.5877,25.746,25.904,26.0614,26.2181,26.3741,26.5291,26.6828,26.8349,26.9851,27.1327,27.277,27.4169,27.5514,27.6788,27.7975,27.9054,28.0001,28.0794,28.1406,28.1812,28.1991,28.1923,28.1597,28.1004,28.0148,27.9036,27.7685,27.6117,27.4359,27.2441,27.0396,26.8253,26.6043,26.3794,26.1529,25.927,25.7035,25.484,25.2696,25.0614,24.8601,24.6665,24.481,24.3039,24.1357,23.9766,23.8268,23.6865,23.556,23.4354,23.325,23.2249,23.1354,23.0568,22.9894,22.9336,22.8896,22.858,22.8392,22.8336,22.842,22.865,22.9032,22.9574,23.0286,23.1176,23.2257,23.3539,23.5036,23.6763,23.8736,24.0973,24.3496,24.6327,24.9492,25.3021,25.6945,26.1301,26.6132,27.1485,27.7413,28.3979,29.1253,29.9315,30.826,31.8194,32.9242,34.155,35.5287,37.0652,38.7878,40.7241,42.9067,45.3745,48.1737,51.3596,54.9985,59.1697,63.9684,69.5082,75.9239,83.3736,92.0387,102.12,113.827,127.348,142.805,160.167,179.124,198.928,218.255,235.197,247.522,253.265,251.421,242.362,227.664,209.497,189.949,170.615,152.499,136.103,121.584,108.893,97.8797,88.3523,80.115,72.9848,66.7986,61.4153,56.7145,52.5946,48.9699,45.7687,42.9307,40.4052,38.1494,36.1273,34.3085,32.6669,31.1804,29.8302,28.6,27.4759,26.4458,25.4993,24.6273,23.8219,23.0761,22.3839,21.7399,21.1395,20.5784,20.053,19.56,19.0964,18.6597,18.2476,17.8578,17.4886,17.1383,16.8053,16.4883,16.186,15.8972,15.6211,15.3566,15.1028,14.8591,14.6248,14.399,14.1814,
 ,82,30.5581,30.6925,30.8091,30.9077,30.988,31.0497,31.0929,31.1176,31.1239,31.112,31.0822,31.035,30.9709,30.8903,30.7941,30.6828,30.5572,30.4181,30.2665,30.1031,29.9289,29.7448,29.5517,29.3504,29.142,28.9274,28.7073,28.4826,28.2542,28.0227,27.7891,27.554,27.318,27.0818,26.8461,26.6113,26.3779,26.1466,25.9176,25.6914,25.4684,25.2489,25.0332,24.8216,24.6144,24.4117,24.2138,24.0208,23.8329,23.6502,23.4729,23.301,23.1346,22.9738,22.8187,22.6693,22.5257,22.3878,22.2557,22.1294,22.0089,21.8943,21.7855,21.6825,21.5853,21.4939,21.4083,21.3284,21.2543,21.186,21.1233,21.0663,21.015,20.9694,20.9293,20.8948,20.8659,20.8425,20.8246,20.8122,20.8052,20.8037,20.8075,20.8167,20.8312,20.8511,20.8761,20.9065,20.9419,20.9826,21.0283,21.079,21.1348,21.1955,21.2611,21.3315,21.4066,21.4864,21.5708,21.6598,21.7531,21.8508,21.9527,22.0586,22.1686,22.2824,22.3999,22.521,22.6454,22.7732,22.9039,23.0376,23.174,23.3129,23.4541,23.5974,23.7427,23.8896,24.0379,24.1875,24.3382,24.4897,24.6418,24.7942,24.9469,25.0997,25.2522,25.4044,25.5561,25.707,25.8572,26.0062,26.1541,26.3005,26.4451,26.5878,26.728,26.8653,26.9992,27.1288,27.2532,27.3714,27.482,27.5836,27.6745,27.7529,27.8168,27.8643,27.8936,27.903,27.8912,27.8573,27.8009,27.7221,27.6217,27.5009,27.3615,27.2056,27.0356,26.8538,26.663,26.4654,26.2634,26.059,25.8542,25.6506,25.4496,25.2523,25.0598,24.873,24.6924,24.5188,24.3525,24.1939,24.0436,23.9017,23.7685,23.6444,23.5296,23.4243,23.329,23.2438,23.1692,23.1054,23.0529,23.0121,22.9834,22.9674,22.9646,22.9756,23.0012,23.042,23.0989,23.1729,23.2648,23.3759,23.5073,23.6606,23.8371,24.0386,24.2669,24.5243,24.8131,25.136,25.496,25.8965,26.3412,26.8347,27.3818,27.9881,28.6602,29.4055,30.2324,31.1508,32.1722,33.3099,34.5793,35.9988,37.5898,39.3776,41.3926,43.6707,46.2552,49.1979,52.5619,56.4235,60.8754,66.0312,72.0289,79.0373,87.2602,96.9417,108.367,121.858,137.747,156.326,177.743,201.814,227.758,253.894,277.49,295.066,303.364,300.67,287.626,266.902,241.984,215.992,191.085,168.431,148.474,131.215,116.435,103.832,93.0913,83.9235,76.0748,69.3299,63.5088,58.4623,54.0673,50.2222,46.843,43.8604,41.2165,38.8632,36.7604,34.8743,33.1763,31.6423,30.2518,28.9873,27.8339,26.7785,25.8102,24.9193,24.0973,23.337,22.6321,21.9769,21.3664,20.7964,20.263,19.7627,19.2927,18.85,18.4325,18.0377,17.664,17.3094,16.9724,16.6517,16.3459,16.0539,15.7747,15.5072,15.2507,15.0043,14.7673,14.5391,14.3191,
 ,81,31.4744,31.6161,31.7388,31.8419,31.9253,31.9887,32.032,32.0553,32.0587,32.0424,32.0068,31.9525,31.8799,31.7896,31.6824,31.5591,31.4205,31.2676,31.1012,30.9224,30.7321,30.5314,30.3212,30.1026,29.8765,29.6439,29.4058,29.1631,28.9167,28.6674,28.416,28.1632,27.9099,27.6567,27.4041,27.1529,26.9034,26.6564,26.4121,26.171,25.9335,25.6999,25.4706,25.2457,25.0257,24.8106,24.6007,24.3962,24.1972,24.0037,23.816,23.6342,23.4582,23.2882,23.1241,22.9661,22.8142,22.6684,22.5287,22.3951,22.2676,22.1461,22.0308,21.9215,21.8183,21.7211,21.6299,21.5447,21.4654,21.3921,21.3246,21.263,21.2072,21.1572,21.113,21.0745,21.0417,21.0145,20.993,20.9771,20.9667,20.9618,20.9624,20.9684,20.9799,20.9967,21.0188,21.0462,21.0788,21.1166,21.1595,21.2075,21.2605,21.3185,21.3813,21.449,21.5214,21.5985,21.6802,21.7663,21.8568,21.9517,22.0507,22.1537,22.2607,22.3715,22.4859,22.6038,22.725,22.8495,22.9769,23.1071,23.24,23.3753,23.5128,23.6523,23.7936,23.9365,24.0807,24.2261,24.3724,24.5194,24.6668,24.8145,24.9622,25.1096,25.2567,25.4032,25.5488,25.6934,25.8367,25.9786,26.1187,26.2569,26.3927,26.5258,26.6559,26.7823,26.9046,27.022,27.1336,27.2385,27.3355,27.4234,27.5008,27.5663,27.6184,27.6554,27.6762,27.6794,27.6641,27.6296,27.5757,27.5026,27.411,27.3017,27.1762,27.0362,26.8836,26.7203,26.5485,26.37,26.1869,26.0009,25.8138,25.6269,25.4415,25.2588,25.0798,24.9053,24.736,24.5727,24.4157,24.2656,24.1228,23.9878,23.8608,23.7422,23.6324,23.5316,23.4404,23.3589,23.2875,23.2268,23.1771,23.1389,23.1126,23.0988,23.0982,23.1114,23.139,23.182,23.241,23.3171,23.4114,23.5249,23.659,23.8151,23.9947,24.1996,24.4318,24.6934,24.9869,25.3151,25.6811,26.0883,26.5407,27.0429,27.6,28.2178,28.903,29.6634,30.5079,31.4468,32.4921,33.6578,34.9603,36.419,38.0569,39.901,41.984,44.345,47.031,50.0994,53.6201,57.6787,62.381,67.8578,74.2716,81.8248,90.7686,101.414,114.139,129.396,147.695,169.558,195.403,225.305,258.584,293.258,325.586,350.31,362.166,358.279,339.746,310.97,277.403,243.535,212.123,184.4,160.611,140.498,123.599,109.417,97.4944,87.4333,78.9038,71.635,65.4072,60.0423,55.3958,51.3505,47.8106,44.6981,41.9484,39.5084,37.3341,35.3885,33.6408,32.0651,30.6394,29.3449,28.1659,27.0886,26.1013,25.1939,24.3575,23.5847,22.8687,22.2037,21.5845,21.0067,20.4663,19.9598,19.484,19.0361,18.6138,18.2147,17.8368,17.4784,17.1379,16.8139,16.505,16.21,15.9279,15.6577,15.3986,15.1497,14.9103,14.6797,14.4574,
 ,80,32.4374,32.5873,32.7166,32.8247,32.9114,32.9766,33.0199,33.0416,33.0418,33.0207,32.9788,32.9166,32.8346,32.7337,32.6146,32.4781,32.3253,32.1572,31.9748,31.7791,31.5713,31.3526,31.1239,30.8864,30.6411,30.3893,30.1318,29.8697,29.6039,29.3353,29.0649,28.7934,28.5215,28.25,27.9797,27.7109,27.4444,27.1807,26.9202,26.6634,26.4106,26.1622,25.9186,25.6799,25.4464,25.2184,24.996,24.7794,24.5688,24.3642,24.1657,23.9735,23.7875,23.6079,23.4347,23.2679,23.1074,22.9535,22.8059,22.6647,22.53,22.4016,22.2796,22.1639,22.0545,21.9514,21.8545,21.7638,21.6793,21.6009,21.5286,21.4623,21.4021,21.3478,21.2994,21.2568,21.2202,21.1893,21.1641,21.1447,21.1309,21.1228,21.1202,21.1231,21.1316,21.1455,21.1647,21.1893,21.2192,21.2544,21.2947,21.3401,21.3906,21.446,21.5064,21.5716,21.6415,21.7161,21.7953,21.879,21.9671,22.0594,22.1559,22.2564,22.3608,22.469,22.5807,22.696,22.8145,22.9361,23.0607,23.1881,23.318,23.4503,23.5847,23.721,23.8591,23.9987,24.1395,24.2813,24.424,24.5672,24.7107,24.8544,24.9978,25.1409,25.2834,25.425,25.5655,25.7047,25.8422,25.9779,26.1115,26.2426,26.3709,26.496,26.6175,26.7349,26.8475,26.9547,27.0558,27.1499,27.2359,27.3128,27.3796,27.435,27.4778,27.5069,27.5212,27.5198,27.502,27.4674,27.4158,27.3475,27.2629,27.1629,27.0487,26.9215,26.7829,26.6345,26.4781,26.3152,26.1477,25.9769,25.8043,25.6313,25.4591,25.2887,25.1211,24.9571,24.7975,24.6429,24.4939,24.351,24.2147,24.0855,23.9637,23.8498,23.7442,23.6472,23.5592,23.4807,23.4121,23.3538,23.3063,23.2701,23.2457,23.2336,23.2347,23.2494,23.2786,23.3231,23.3837,23.4614,23.5574,23.6727,23.8088,23.967,24.149,24.3565,24.5917,24.8566,25.1538,25.4862,25.8569,26.2695,26.7281,27.2373,27.8023,28.4293,29.1252,29.8978,30.7565,31.7119,32.7766,33.965,35.2944,36.785,38.461,40.351,42.4895,44.9182,47.6875,50.8593,54.5092,58.7313,63.6423,69.3886,76.1544,84.1728,93.7394,105.228,119.112,135.974,156.518,181.532,211.777,247.714,288.944,333.334,376.079,409.673,426.055,420.659,395.249,356.708,313.094,270.496,232.194,199.31,171.751,148.903,130.016,114.379,101.379,90.5137,81.3762,73.6436,67.0582,61.415,56.55,52.3316,48.6536,45.4298,42.5899,40.0763,37.8413,35.8456,34.0561,32.4453,30.99,29.6704,28.47,27.3743,26.3711,25.45,24.6017,23.8184,23.0931,22.4198,21.7934,21.2091,20.6628,20.1509,19.6702,19.2179,18.7915,18.3886,18.0072,17.6455,17.3019,16.9749,16.6631,16.3655,16.0808,15.8082,15.5466,15.2954,15.0537,14.821,14.5965,
 ,79,33.4504,33.6092,33.7456,33.8592,33.9497,34.0167,34.0601,34.08,34.0766,34.0502,34.0013,33.9304,33.8382,33.7255,33.5932,33.4424,33.2741,33.0893,32.8894,32.6753,32.4485,32.2101,31.9613,31.7033,31.4374,31.1647,30.8863,30.6033,30.3167,30.0275,29.7367,29.445,29.1534,28.8625,28.5732,28.2859,28.0013,27.72,27.4424,27.1689,26.9001,26.6361,26.3774,26.1241,25.8766,25.6351,25.3996,25.1705,24.9478,24.7315,24.5219,24.3189,24.1227,23.9331,23.7504,23.5744,23.4053,23.2429,23.0872,22.9383,22.7962,22.6607,22.5318,22.4096,22.2939,22.1848,22.0821,21.9859,21.896,21.8125,21.7353,21.6643,21.5996,21.5409,21.4883,21.4418,21.4013,21.3666,21.3379,21.315,21.2979,21.2866,21.2809,21.2809,21.2864,21.2975,21.314,21.336,21.3633,21.396,21.4338,21.4768,21.5249,21.5781,21.6362,21.6991,21.7669,21.8393,21.9164,21.9979,22.0838,22.174,22.2683,22.3667,22.4689,22.5749,22.6845,22.7975,22.9138,23.0332,23.1554,23.2804,23.4079,23.5378,23.6697,23.8035,23.939,24.0759,24.214,24.353,24.4927,24.6329,24.7733,24.9136,25.0537,25.1932,25.3319,25.4695,25.6058,25.7404,25.8732,26.0038,26.1319,26.2572,26.3792,26.4977,26.6121,26.7219,26.8266,26.9255,27.018,27.1032,27.1804,27.2486,27.3069,27.3544,27.3901,27.413,27.4224,27.4176,27.3981,27.3636,27.3141,27.2497,27.1709,27.0784,26.9731,26.8562,26.7289,26.5926,26.4486,26.2985,26.1435,25.9852,25.8247,25.6632,25.5019,25.3418,25.1837,25.0285,24.8769,24.7296,24.5873,24.4504,24.3195,24.1951,24.0776,23.9675,23.8652,23.7712,23.6859,23.6097,23.5432,23.4867,23.4407,23.4059,23.3828,23.3719,23.3741,23.3898,23.42,23.4654,23.527,23.6058,23.7029,23.8194,23.9567,24.1164,24.3,24.5093,24.7465,25.0138,25.3136,25.649,26.0232,26.4397,26.9028,27.4172,27.9882,28.622,29.3258,30.1076,30.9769,31.9446,33.0237,34.2292,35.5786,37.0931,38.7975,40.7217,42.9017,45.3809,48.2125,51.4614,55.2082,59.5528,64.6208,70.5706,77.6034,85.977,96.0227,108.167,122.961,141.106,163.476,191.114,225.133,266.427,315.005,368.779,422.039,464.933,486.197,479.232,446.607,398.106,344.634,293.814,249.261,211.836,181.031,155.866,135.311,118.462,104.57,93.04,83.4031,75.2907,68.4138,62.5446,57.5029,53.145,49.3561,46.0433,43.1315,40.5592,38.2762,36.2407,34.4182,32.7797,31.3011,29.9618,28.7445,27.6344,26.6188,25.6868,24.829,24.0374,23.3048,22.6251,21.9928,21.4032,20.8522,20.336,19.8513,19.3954,18.9655,18.5594,18.1751,17.8106,17.4643,17.1347,16.8205,16.5205,16.2335,15.9586,15.6949,15.4415,15.1978,14.963,14.7365,
 ,78,34.5166,34.6851,34.8295,34.9491,35.0435,35.1126,35.156,35.174,35.1666,35.1343,35.0776,34.9971,34.8936,34.7681,34.6214,34.4548,34.2694,34.0664,33.8473,33.6132,33.3656,33.1058,32.8352,32.5551,32.2668,31.9715,31.6705,31.365,31.0561,30.7448,30.4321,30.1189,29.8062,29.4947,29.1851,28.8781,28.5743,28.2744,27.9787,27.6878,27.4019,27.1216,26.8471,26.5786,26.3164,26.0607,25.8117,25.5694,25.3341,25.1058,24.8846,24.6704,24.4635,24.2637,24.0712,23.8858,23.7076,23.5365,23.3726,23.2158,23.066,22.9232,22.7874,22.6585,22.5364,22.4212,22.3126,22.2107,22.1155,22.0269,21.9447,21.869,21.7996,21.7366,21.6799,21.6293,21.5849,21.5466,21.5144,21.4881,21.4678,21.4533,21.4446,21.4416,21.4444,21.4527,21.4667,21.4861,21.511,21.5413,21.5769,21.6177,21.6637,21.7147,21.7708,21.8318,21.8976,21.9681,22.0432,22.1229,22.207,22.2954,22.3879,22.4845,22.585,22.6893,22.7971,22.9083,23.0228,23.1404,23.2609,23.3841,23.5098,23.6378,23.7678,23.8997,24.0332,24.1681,24.3041,24.441,24.5785,24.7163,24.8543,24.9922,25.1296,25.2663,25.402,25.5365,25.6694,25.8005,25.9294,26.0559,26.1796,26.3001,26.417,26.53,26.6386,26.7423,26.8406,26.9328,27.0184,27.0966,27.1668,27.2281,27.2797,27.321,27.3511,27.3693,27.375,27.3677,27.347,27.3128,27.265,27.2038,27.1297,27.0432,26.9451,26.8364,26.7181,26.5914,26.4575,26.3176,26.1729,26.0246,25.8739,25.7219,25.5695,25.4177,25.2674,25.1194,24.9744,24.8331,24.6961,24.564,24.4375,24.3169,24.2027,24.0956,23.9959,23.9041,23.8207,23.7461,23.6809,23.6256,23.5806,23.5466,23.5242,23.5139,23.5165,23.5327,23.5633,23.6091,23.6711,23.7503,23.8478,23.9649,24.1028,24.2632,24.4476,24.6579,24.8962,25.1648,25.4662,25.8034,26.1797,26.5987,27.0646,27.5823,28.1571,28.7954,29.5042,30.2919,31.168,32.1438,33.2322,34.4485,35.8108,37.3405,39.063,41.0089,43.2151,45.7261,48.5966,51.8937,55.7008,60.1216,65.2869,71.3626,78.5606,87.154,97.4965,110.049,125.411,144.362,167.894,197.222,233.716,278.606,332.258,392.727,453.752,503.744,528.87,520.835,482.865,427.089,366.59,310.042,261.202,220.678,187.649,160.879,139.156,121.446,106.915,94.9075,84.9093,76.522,69.434,63.4014,58.2321,53.7738,49.9051,46.5285,43.5653,40.9512,38.6339,36.5701,34.7241,33.0661,31.5709,30.2176,28.9883,27.8679,26.8434,25.9036,25.0391,24.2415,23.5036,22.8191,22.1825,21.589,21.0344,20.515,20.0273,19.5685,19.136,18.7273,18.3405,17.9737,17.6252,17.2935,16.9772,16.6751,16.3861,16.1092,15.8435,15.5882,15.3425,15.1058,14.8774,
 ,77,35.6397,35.8189,35.9719,36.098,36.1969,36.2681,36.3116,36.3273,36.3156,36.2768,36.2115,36.1204,36.0044,35.8647,35.7021,35.5181,35.314,35.0912,34.851,34.5951,34.3248,34.0418,33.7474,33.4433,33.1307,32.811,32.4857,32.156,31.823,31.488,31.1519,30.8157,30.4804,30.1469,29.8158,29.4879,29.1639,28.8442,28.5294,28.22,27.9164,27.6188,27.3277,27.0433,26.7657,26.4952,26.232,25.9762,25.7278,25.4869,25.2536,25.028,24.81,24.5997,24.397,24.2019,24.0144,23.8345,23.6621,23.4971,23.3395,23.1893,23.0463,22.9106,22.782,22.6605,22.546,22.4384,22.3377,22.2438,22.1567,22.0762,22.0023,21.9349,21.874,21.8194,21.7712,21.7293,21.6935,21.6639,21.6403,21.6227,21.6111,21.6053,21.6054,21.6112,21.6227,21.6397,21.6623,21.6904,21.7239,21.7627,21.8067,21.8559,21.9102,21.9694,22.0335,22.1024,22.176,22.2541,22.3367,22.4236,22.5148,22.61,22.7091,22.812,22.9185,23.0284,23.1417,23.258,23.3772,23.4991,23.6235,23.7502,23.8789,24.0095,24.1417,24.2751,24.4097,24.5451,24.6811,24.8174,24.9537,25.0898,25.2253,25.36,25.4936,25.6257,25.7562,25.8846,26.0106,26.1339,26.2541,26.3709,26.4839,26.5926,26.6967,26.7955,26.8887,26.9756,27.0557,27.1284,27.193,27.2489,27.2954,27.3319,27.3577,27.3723,27.3752,27.366,27.3445,27.3106,27.2642,27.2056,27.1352,27.0534,26.9611,26.8589,26.7477,26.6286,26.5027,26.3709,26.2343,26.0941,25.9512,25.8066,25.6613,25.5162,25.3721,25.2297,25.0899,24.9533,24.8205,24.6922,24.5689,24.4511,24.3394,24.2344,24.1364,24.046,23.9638,23.8901,23.8256,23.7708,23.7262,23.6924,23.67,23.6598,23.6623,23.6783,23.7087,23.7543,23.8161,23.8951,23.9924,24.1093,24.2471,24.4074,24.5918,24.8022,25.0408,25.3097,25.6115,25.9494,26.3264,26.7463,27.2134,27.7324,28.3089,28.949,29.66,30.4503,31.3294,32.3086,33.401,34.622,35.9897,37.5257,39.2555,41.21,43.4263,45.9494,48.8343,52.1489,55.9772,60.4243,65.6223,71.7391,78.9898,87.6515,98.0841,110.757,126.284,145.462,169.315,199.104,236.262,282.112,337.119,399.397,462.574,514.631,541.062,533.095,494.083,436.712,374.569,316.562,266.49,224.939,191.063,163.603,141.327,123.182,108.312,96.0419,85.8417,77.2985,70.09,63.9639,58.7215,54.2057,50.2914,46.8784,43.8858,41.2479,38.9111,36.8313,34.9719,33.3026,31.798,30.4367,29.2005,28.0741,27.0445,26.1002,25.2316,24.4304,23.6892,23.0018,22.3625,21.7665,21.2096,20.6879,20.1982,19.7374,19.3029,18.8924,18.5038,18.1351,17.7848,17.4514,17.1333,16.8295,16.5387,16.2601,15.9927,15.7356,15.4882,15.2497,15.0195,
 ,76,36.8234,37.0143,37.1768,37.3102,37.4138,37.4875,37.5309,37.5441,37.5275,37.4815,37.4066,37.3039,37.1742,37.0187,36.8387,36.6357,36.411,36.1663,35.9032,35.6233,35.3283,35.02,34.6998,34.3696,34.0307,33.6847,33.3331,32.9772,32.6184,32.2579,31.8967,31.536,31.1767,30.8197,30.4658,30.1157,29.7702,29.4297,29.0947,28.7659,28.4435,28.1279,27.8194,27.5182,27.2246,26.9387,26.6607,26.3907,26.1287,25.8748,25.6291,25.3915,25.1621,24.9409,24.7277,24.5227,24.3256,24.1366,23.9554,23.7821,23.6166,23.4587,23.3085,23.1658,23.0306,22.9027,22.7822,22.6688,22.5626,22.4634,22.3712,22.2859,22.2074,22.1357,22.0706,22.012,21.96,21.9144,21.8752,21.8423,21.8156,21.795,21.7805,21.772,21.7695,21.7728,21.7819,21.7968,21.8173,21.8433,21.8749,21.9118,21.9541,22.0016,22.0543,22.112,22.1747,22.2423,22.3146,22.3915,22.4729,22.5587,22.6488,22.743,22.8411,22.9431,23.0487,23.1578,23.2702,23.3858,23.5042,23.6254,23.7491,23.875,24.003,24.1329,24.2643,24.3971,24.5309,24.6655,24.8007,24.9361,25.0714,25.2065,25.3409,25.4743,25.6066,25.7372,25.866,25.9926,26.1165,26.2376,26.3554,26.4695,26.5795,26.685,26.7856,26.8808,26.9701,27.0529,27.1288,27.1973,27.2576,27.3093,27.3519,27.3847,27.4072,27.4191,27.4199,27.4093,27.3872,27.3535,27.3083,27.2518,27.1843,27.1062,27.0182,26.921,26.8154,26.7023,26.5824,26.4569,26.3267,26.1927,26.0558,25.917,25.7772,25.6372,25.4978,25.3597,25.2238,25.0906,24.9608,24.8351,24.714,24.5981,24.488,24.3841,24.287,24.1973,24.1155,24.042,23.9775,23.9225,23.8776,23.8434,23.8205,23.8096,23.8114,23.8267,23.8563,23.9011,23.962,24.0401,24.1366,24.2526,24.3896,24.5491,24.7327,24.9424,25.1802,25.4484,25.7496,26.0868,26.4632,26.8825,27.349,27.8675,28.4433,29.0828,29.7932,30.5827,31.4609,32.439,33.5301,34.7493,36.1149,37.6481,39.3743,41.3242,43.5344,46.0495,48.924,52.2248,56.0347,60.457,65.6217,71.6932,78.8813,87.4558,97.7653,110.262,125.533,144.336,167.627,196.572,232.456,276.403,328.666,387.266,446.164,494.427,519.16,512.62,477.629,425.236,367.548,312.806,264.807,224.427,191.141,163.937,141.747,123.608,108.712,96.4071,86.1725,77.5994,70.3663,64.2204,58.9623,54.434,50.5098,47.089,44.09,41.447,39.106,37.0227,35.1604,33.4887,31.9819,30.6187,29.3808,28.253,27.2219,26.2763,25.4065,24.6041,23.8618,23.1733,22.5329,21.9358,21.3778,20.855,20.3641,19.9021,19.4665,19.0547,18.6649,18.295,17.9433,17.6085,17.289,16.9838,16.6916,16.4115,16.1425,15.8839,15.6348,15.3947,15.1628,
 ,75,38.0717,38.2755,38.4486,38.5899,38.6988,38.7751,38.8184,38.8289,38.8068,38.7527,38.6674,38.5517,38.4068,38.234,38.0348,37.8107,37.5634,37.2947,37.0064,36.7004,36.3785,36.0425,35.6943,35.3357,34.9683,34.5938,34.2138,33.8299,33.4433,33.0554,32.6674,32.2804,31.8955,31.5135,31.1353,30.7618,30.3934,30.0309,29.6748,29.3255,28.9834,28.6488,28.3221,28.0034,27.6931,27.3911,27.0977,26.813,26.5369,26.2695,26.0109,25.761,25.5198,25.2873,25.0634,24.848,24.6412,24.4428,24.2527,24.0708,23.8971,23.7315,23.5739,23.4241,23.2821,23.1478,23.0211,22.9019,22.7901,22.6856,22.5883,22.4982,22.4151,22.3389,22.2696,22.2071,22.1513,22.1021,22.0595,22.0233,21.9935,21.97,21.9528,21.9417,21.9366,21.9376,21.9445,21.9573,21.9758,22,22.0298,22.0651,22.1058,22.1519,22.2032,22.2597,22.3212,22.3877,22.459,22.535,22.6156,22.7006,22.79,22.8836,22.9812,23.0826,23.1878,23.2965,23.4086,23.5238,23.642,23.7629,23.8864,24.0122,24.1401,24.2699,24.4012,24.5338,24.6676,24.8021,24.9371,25.0723,25.2074,25.3422,25.4762,25.6092,25.7409,25.8709,25.9989,26.1244,26.2473,26.367,26.4832,26.5956,26.7036,26.807,26.9051,26.9977,27.0842,27.1641,27.2369,27.3022,27.3594,27.408,27.4475,27.4776,27.4977,27.5075,27.5067,27.4952,27.4726,27.4391,27.3948,27.3398,27.2744,27.1991,27.1144,27.021,26.9195,26.8108,26.6956,26.5747,26.4492,26.3197,26.1873,26.0528,25.9169,25.7805,25.6444,25.5094,25.376,25.2451,25.1172,24.9931,24.8732,24.7582,24.6486,24.5451,24.4481,24.3583,24.2761,24.2021,24.1369,24.0811,24.0352,23.9999,23.9758,23.9637,23.9642,23.9781,24.0063,24.0496,24.1091,24.1857,24.2806,24.3951,24.5305,24.6884,24.8704,25.0785,25.3146,25.581,25.8805,26.2158,26.5902,27.0074,27.4716,27.9876,28.5606,29.197,29.9038,30.6892,31.5626,32.5352,33.6196,34.8309,36.1869,37.7084,39.4203,41.3525,43.5408,46.0284,48.8682,52.1247,55.8776,60.2261,65.2938,71.2368,78.2525,86.5926,96.5791,108.624,123.255,141.137,163.087,190.062,223.048,262.784,309.135,360.023,410.161,450.744,471.887,467.741,440.2,397.348,348.504,300.547,257.159,219.686,188.164,162.024,140.483,122.754,108.128,96.0059,85.9014,77.4232,70.2611,64.1693,58.9531,54.4577,50.5597,47.1597,44.1776,41.5484,39.2186,37.1444,35.2897,33.6242,32.1226,30.7637,29.5294,28.4045,27.3758,26.4322,25.564,24.7629,24.0216,23.3338,22.6939,22.0971,21.5392,21.0164,20.5253,20.063,19.6269,19.2146,18.8241,18.4534,18.1009,17.7651,17.4446,17.1383,16.8449,16.5635,16.2932,16.0332,15.7827,15.541,15.3076,
 ,74,39.3891,39.6072,39.7918,39.9418,40.0566,40.1357,40.1789,40.1863,40.1582,40.0952,39.9981,39.8681,39.7063,39.5144,39.294,39.0467,38.7746,38.4796,38.1637,37.829,37.4776,37.1115,36.7328,36.3433,35.9451,35.5398,35.1292,34.7149,34.2985,33.8813,33.4645,33.0495,32.6372,32.2287,31.8248,31.4263,31.0339,30.6482,30.2696,29.8988,29.536,29.1815,28.8358,28.4989,28.171,27.8523,27.5429,27.2429,26.9521,26.6708,26.3988,26.1362,25.8829,25.6387,25.4038,25.1779,24.961,24.7529,24.5537,24.3631,24.1811,24.0075,23.8423,23.6853,23.5365,23.3956,23.2627,23.1375,23.0201,22.9102,22.8078,22.7128,22.6251,22.5445,22.4711,22.4046,22.3451,22.2923,22.2463,22.2069,22.1741,22.1478,22.1278,22.1142,22.1068,22.1055,22.1104,22.1211,22.1378,22.1603,22.1886,22.2224,22.2618,22.3067,22.3569,22.4124,22.473,22.5387,22.6093,22.6847,22.7648,22.8494,22.9384,23.0317,23.1291,23.2305,23.3357,23.4444,23.5566,23.672,23.7905,23.9118,24.0356,24.1618,24.2902,24.4204,24.5523,24.6855,24.8198,24.9548,25.0904,25.2262,25.3618,25.497,25.6314,25.7648,25.8967,26.0268,26.1548,26.2802,26.4028,26.5221,26.6377,26.7492,26.8562,26.9583,27.055,27.146,27.2306,27.3086,27.3793,27.4424,27.4974,27.5439,27.5813,27.6094,27.6277,27.636,27.6341,27.6217,27.5988,27.5654,27.5216,27.4677,27.4038,27.3305,27.2481,27.1573,27.0588,26.9531,26.8411,26.7235,26.6012,26.4749,26.3454,26.2137,26.0804,25.9463,25.8122,25.6789,25.5469,25.4171,25.29,25.1663,25.0467,24.9316,24.8218,24.7177,24.62,24.5292,24.4459,24.3706,24.304,24.2466,24.1991,24.1621,24.1362,24.1222,24.1207,24.1326,24.1588,24.2,24.2573,24.3318,24.4245,24.5367,24.6699,24.8254,25.005,25.2106,25.4441,25.7078,26.0043,26.3365,26.7076,27.1212,27.5815,28.093,28.6611,29.2919,29.9923,30.7704,31.6353,32.5979,33.6705,34.8679,36.2071,37.7084,39.3958,41.298,43.4492,45.8909,48.673,51.8569,55.5172,59.7466,64.6598,70.3998,77.146,85.1239,94.6175,105.983,119.666,136.207,156.247,180.483,209.557,243.794,282.716,324.311,364.328,396.364,413.655,412.221,393.013,361.057,322.618,282.912,245.346,211.723,182.688,158.166,137.705,120.718,106.617,94.8758,85.053,76.7866,69.7861,63.8191,58.7003,54.2817,50.4447,47.0937,44.1511,41.5539,39.2503,37.1978,35.3609,33.7103,32.2211,30.8725,29.6469,28.5293,27.5068,26.5684,25.7046,24.9072,24.1689,23.4836,22.8458,22.2508,21.6942,21.1724,20.6821,20.2203,19.7845,19.3723,18.9817,18.6107,18.2578,17.9215,17.6003,17.2931,16.9988,16.7164,16.4449,16.1837,15.9319,15.6889,15.4541,
 ,73,40.7803,41.0141,41.2114,41.3711,41.4923,41.5746,41.6176,41.6214,41.5866,41.5136,41.4036,41.2576,41.0773,40.8642,40.6203,40.3475,40.048,39.724,39.3779,39.0118,38.6282,38.2293,37.8173,37.3944,36.9626,36.524,36.0804,35.6335,35.185,34.7363,34.2888,33.8438,33.4024,32.9657,32.5344,32.1095,31.6917,31.2814,30.8793,30.4858,30.1013,29.7261,29.3604,29.0045,28.6584,28.3223,27.9962,27.6803,27.3744,27.0786,26.7929,26.5171,26.2512,25.9952,25.7488,25.5121,25.2848,25.067,24.8583,24.6588,24.4683,24.2867,24.1137,23.9494,23.7936,23.6461,23.5069,23.3757,23.2526,23.1373,23.0297,22.9298,22.8375,22.7525,22.6749,22.6045,22.5412,22.4849,22.4356,22.3931,22.3573,22.3282,22.3057,22.2896,22.2799,22.2766,22.2794,22.2884,22.3034,22.3244,22.3512,22.3838,22.4221,22.466,22.5153,22.5701,22.6301,22.6952,22.7654,22.8405,22.9204,23.0049,23.094,23.1875,23.2851,23.3868,23.4924,23.6017,23.7145,23.8306,23.9498,24.0719,24.1967,24.3239,24.4533,24.5847,24.7177,24.8521,24.9876,25.1239,25.2607,25.3977,25.5346,25.671,25.8067,25.9411,26.0741,26.2051,26.3339,26.4601,26.5832,26.7029,26.8188,26.9303,27.0373,27.139,27.2353,27.3255,27.4093,27.4862,27.5558,27.6176,27.6712,27.7163,27.7523,27.7791,27.7962,27.8035,27.8007,27.7877,27.7645,27.731,27.6876,27.6342,27.5712,27.499,27.4181,27.329,27.2322,27.1284,27.0184,26.9028,26.7823,26.6578,26.53,26.3997,26.2677,26.1346,26.0013,25.8684,25.7367,25.6069,25.4795,25.3553,25.2348,25.1188,25.0077,24.9022,24.8029,24.7103,24.6251,24.5478,24.4791,24.4195,24.3696,24.3302,24.3018,24.2853,24.2812,24.2905,24.314,24.3525,24.407,24.4787,24.5685,24.6778,24.8079,24.9603,25.1367,25.3389,25.5688,25.8288,26.1214,26.4493,26.8158,27.2243,27.6789,28.1842,28.7453,29.3682,30.0595,30.8272,31.68,32.6284,33.6845,34.8621,36.1779,37.651,39.3044,41.1651,43.2655,45.6444,48.3484,51.4343,54.9707,59.042,63.7514,69.2263,75.6241,83.1391,92.011,102.533,115.057,129.997,147.81,168.947,193.745,222.213,253.697,286.442,317.296,341.952,356.115,357.201,345.411,323.325,294.594,262.85,231.124,201.556,175.304,152.718,133.632,117.641,104.274,93.0814,83.6727,75.7225,68.9655,63.1878,58.2175,53.9164,50.1729,46.897,44.0152,41.4675,39.2045,37.1854,35.3762,33.7486,32.2787,30.9463,29.7344,28.6284,27.6157,26.6856,25.8289,25.0375,24.3043,23.6234,22.9892,22.3972,21.8432,21.3235,20.8349,20.3745,19.9396,19.5282,19.138,18.7673,18.4144,18.0778,17.7563,17.4486,17.1536,16.8704,16.598,16.3358,16.0828,15.8386,15.6024,
 ,72,42.2501,42.5014,42.7128,42.8832,43.0115,43.0971,43.1399,43.1398,43.0974,43.0134,42.8889,42.7253,42.5243,42.2878,42.0179,41.7169,41.3872,41.0314,40.652,40.2516,39.8327,39.398,38.9498,38.4905,38.0225,37.5478,37.0685,36.5865,36.1035,35.6211,35.1408,34.6638,34.1914,33.7247,33.2644,32.8116,32.3669,31.9308,31.5039,31.0866,30.6794,30.2824,29.8959,29.5201,29.155,28.8008,28.4575,28.1251,27.8036,27.4928,27.1929,26.9035,26.6248,26.3564,26.0984,25.8505,25.6127,25.3847,25.1665,24.9579,24.7587,24.5688,24.3881,24.2163,24.0534,23.8992,23.7536,23.6164,23.4874,23.3667,23.254,23.1492,23.0521,22.9628,22.881,22.8067,22.7397,22.6799,22.6273,22.5817,22.5431,22.5113,22.4863,22.4679,22.456,22.4507,22.4517,22.459,22.4725,22.4921,22.5178,22.5493,22.5867,22.6298,22.6785,22.7327,22.7923,22.8573,22.9273,23.0025,23.0825,23.1673,23.2568,23.3508,23.449,23.5515,23.658,23.7682,23.8821,23.9994,24.1199,24.2434,24.3697,24.4985,24.6296,24.7626,24.8974,25.0337,25.1711,25.3094,25.4482,25.5872,25.726,25.8644,26.002,26.1384,26.2732,26.406,26.5365,26.6642,26.7888,26.9098,27.0267,27.1393,27.247,27.3493,27.446,27.5364,27.6202,27.6969,27.7662,27.8275,27.8805,27.9249,27.9602,27.9862,28.0026,28.0091,28.0057,27.9923,27.9687,27.9351,27.8916,27.8384,27.7758,27.7041,27.6238,27.5354,27.4394,27.3364,27.2272,27.1123,26.9925,26.8685,26.7411,26.611,26.4789,26.3456,26.2119,26.0783,25.9457,25.8147,25.686,25.5602,25.438,25.32,25.2067,25.099,24.9972,24.9021,24.8142,24.7341,24.6624,24.5998,24.547,24.5044,24.4729,24.4532,24.4459,24.4519,24.472,24.5072,24.5583,24.6265,24.7127,24.8184,24.9448,25.0933,25.2657,25.4636,25.6891,25.9444,26.2319,26.5544,26.9149,27.317,27.7644,28.2617,28.8138,29.4265,30.1063,30.8606,31.698,32.6284,33.6633,34.8161,36.1022,37.54,39.1507,40.9598,42.9972,45.2987,47.907,50.8735,54.26,58.1414,62.6082,67.7706,73.7621,80.7441,88.9103,98.4904,109.749,122.98,138.48,156.504,177.168,200.301,225.23,250.568,274.126,293.164,305.064,308.146,302.102,287.822,267.025,242.06,215.571,189.875,166.47,145.992,128.484,113.682,101.214,90.7065,81.8224,74.2765,67.8335,62.3013,57.5244,53.3768,49.7561,46.579,43.7774,41.295,39.0857,37.111,35.3387,33.7418,32.2977,30.987,29.7935,28.7031,27.7036,26.7849,25.9378,25.1547,24.4286,23.7537,23.1247,22.5371,21.9867,21.4702,20.9841,20.5258,20.0927,19.6826,19.2934,18.9234,18.5709,18.2346,17.913,17.6051,17.3097,17.0259,16.7528,16.4896,16.2356,15.9903,15.7529,
 ,71,43.804,44.0745,44.3016,44.4837,44.6199,44.7093,44.7517,44.7473,44.6964,44.6,44.4594,44.2762,44.0523,43.7898,43.4912,43.159,42.7961,42.4052,41.9893,41.5512,41.0938,40.62,40.1323,39.6336,39.1262,38.6125,38.0948,37.5749,37.0549,36.5364,36.0209,35.5099,35.0045,34.5059,34.015,33.5326,33.0595,32.5962,32.1433,31.7011,31.27,30.8503,30.4421,30.0455,29.6608,29.2878,28.9266,28.5771,28.2394,27.9132,27.5986,27.2953,27.0033,26.7223,26.4523,26.193,25.9444,25.7061,25.4782,25.2602,25.0522,24.854,24.6652,24.4859,24.3158,24.1548,24.0027,23.8593,23.7246,23.5984,23.4804,23.3707,23.269,23.1753,23.0894,23.0111,22.9405,22.8773,22.8214,22.7728,22.7314,22.697,22.6695,22.6489,22.635,22.6278,22.6271,22.6329,22.6451,22.6635,22.6881,22.7188,22.7555,22.798,22.8463,22.9003,22.9599,23.0248,23.0951,23.1706,23.2511,23.3366,23.4268,23.5217,23.621,23.7246,23.8324,23.9441,24.0596,24.1786,24.3009,24.4264,24.5547,24.6857,24.819,24.9544,25.0917,25.2305,25.3705,25.5114,25.6529,25.7947,25.9363,26.0774,26.2178,26.3569,26.4943,26.6298,26.7628,26.8929,27.0198,27.143,27.2619,27.3763,27.4857,27.5895,27.6874,27.7788,27.8635,27.9409,28.0106,28.0722,28.1253,28.1696,28.2048,28.2305,28.2465,28.2527,28.2489,28.2351,28.2111,28.1772,28.1334,28.0799,28.0171,27.9453,27.8648,27.7762,27.68,27.5769,27.4673,27.352,27.2317,27.107,26.9788,26.8477,26.7144,26.5797,26.4443,26.309,26.1743,26.0411,25.9099,25.7815,25.6565,25.5356,25.4193,25.3083,25.2032,25.1047,25.0133,24.9296,24.8543,24.788,24.7314,24.6851,24.6498,24.6261,24.615,24.6171,24.6332,24.6643,24.7114,24.7754,24.8574,24.9588,25.0807,25.2246,25.3921,25.585,25.8052,26.0549,26.3363,26.6522,27.0056,27.3998,27.8386,28.3263,28.8676,29.468,30.1338,30.872,31.6909,32.5999,33.6097,34.7328,35.9839,37.3799,38.9405,40.6892,42.6533,44.8653,47.3635,50.1936,53.4101,57.0778,61.2743,66.092,71.6407,78.0498,85.4698,94.0723,104.045,115.582,128.858,143.988,160.955,179.514,199.078,218.623,236.699,251.621,261.811,266.134,263.995,255.268,240.444,220.952,199.043,177.013,156.487,138.25,122.474,109.006,97.5653,87.8485,79.5757,72.5046,66.4325,61.1919,56.6459,52.6823,49.2093,46.1515,43.4469,41.044,38.9001,36.9795,35.2523,33.6932,32.2808,30.997,29.8262,28.7551,27.7721,26.8675,26.0325,25.2597,24.5426,23.8753,23.2529,22.6709,22.1254,21.6129,21.1303,20.6749,20.2442,19.836,19.4483,19.0795,18.7279,18.3921,18.0708,17.7629,17.4673,17.1831,16.9094,16.6455,16.3906,16.1442,15.9057,
 ,70,45.4474,45.7393,45.9838,46.179,46.3238,46.4174,46.4594,46.45,46.3897,46.2796,46.121,45.9159,45.6665,45.3752,45.0448,44.6782,44.2785,43.8491,43.393,42.9136,42.414,41.8975,41.3669,40.8253,40.2753,39.7194,39.1602,38.5997,38.0399,37.4827,36.9297,36.3823,35.8418,35.3094,34.786,34.2725,33.7694,33.2776,32.7973,32.329,31.873,31.4296,30.9987,30.5807,30.1754,29.7829,29.4032,29.0362,28.6817,28.3396,28.0099,27.6923,27.3866,27.0927,26.8104,26.5395,26.2798,26.031,25.793,25.5657,25.3487,25.1418,24.945,24.758,24.5807,24.4127,24.2541,24.1046,23.964,23.8322,23.709,23.5944,23.488,23.3899,23.2999,23.2177,23.1435,23.0769,23.0179,22.9663,22.9221,22.8852,22.8554,22.8327,22.8169,22.8079,22.8057,22.8101,22.8211,22.8385,22.8623,22.8923,22.9285,22.9707,23.0189,23.0729,23.1326,23.1979,23.2687,23.3448,23.4262,23.5126,23.604,23.7002,23.801,23.9062,24.0157,24.1294,24.2469,24.3681,24.4929,24.6208,24.7518,24.8855,25.0217,25.1602,25.3006,25.4426,25.5859,25.7302,25.8752,26.0204,26.1656,26.3103,26.4542,26.5969,26.7379,26.8768,27.0132,27.1467,27.2767,27.4029,27.5248,27.6419,27.7538,27.86,27.96,28.0534,28.1397,28.2185,28.2894,28.352,28.4058,28.4507,28.4862,28.5121,28.5282,28.5343,28.5302,28.516,28.4916,28.4572,28.4128,28.3587,28.2951,28.2225,28.1411,28.0515,27.9543,27.8499,27.739,27.6222,27.5002,27.3738,27.2435,27.1102,26.9745,26.8372,26.6991,26.5607,26.4229,26.2864,26.1517,26.0197,25.8909,25.766,25.6457,25.5306,25.4213,25.3185,25.2228,25.1347,25.055,24.9843,24.9232,24.8724,24.8325,24.8044,24.7886,24.7861,24.7977,24.8241,24.8664,24.9256,25.0028,25.0991,25.2158,25.3544,25.5164,25.7034,25.9175,26.1605,26.4349,26.7432,27.0884,27.4735,27.9022,28.3787,28.9074,29.4937,30.1434,30.8632,31.6608,32.5451,33.5262,34.6157,35.827,37.1758,38.6803,40.3614,42.2439,44.3568,46.734,49.4152,52.4475,55.8859,59.795,64.2505,69.3398,75.1632,81.833,89.4715,98.2046,108.15,119.396,131.968,145.785,160.597,175.932,191.067,205.065,216.89,225.569,230.286,230.339,225.147,214.58,199.488,181.683,163.216,145.632,129.749,115.822,103.792,93.4667,84.6148,77.0148,70.4695,64.8104,59.8965,55.6104,51.855,48.5498,45.6282,43.0348,40.7232,38.6547,36.7968,35.1219,33.6067,32.2314,30.9789,29.8348,28.7864,27.8229,26.9349,26.1143,25.3539,24.6474,23.9893,23.3748,22.7997,22.26,21.7525,21.2742,20.8223,20.3946,19.9889,19.6033,19.236,18.8856,18.5507,18.23,17.9224,17.6268,17.3424,17.0683,16.8038,16.5481,16.3008,16.0611,
 ,69,47.1864,47.5021,47.7658,47.9756,48.13,48.2282,48.2697,48.2547,48.1838,48.0583,47.8797,47.6503,47.3725,47.0492,46.6835,46.2788,45.8386,45.3666,44.8664,44.3416,43.7959,43.2327,42.6554,42.0672,41.471,40.8696,40.2656,39.6613,39.059,38.4604,37.8673,37.2813,36.7036,36.1353,35.5776,35.0311,34.4967,33.9747,33.4658,32.9702,32.4882,32.02,31.5656,31.1252,30.6987,30.286,29.8872,29.5019,29.1302,28.7718,28.4265,28.0942,27.7746,27.4674,27.1725,26.8897,26.6187,26.3592,26.111,25.874,25.6479,25.4324,25.2274,25.0326,24.8479,24.673,24.5077,24.352,24.2055,24.0681,23.9397,23.8201,23.7091,23.6066,23.5124,23.4265,23.3486,23.2786,23.2165,23.1621,23.1153,23.0759,23.0439,23.0191,23.0015,22.991,22.9873,22.9905,23.0005,23.0171,23.0402,23.0698,23.1057,23.1478,23.1961,23.2503,23.3105,23.3764,23.448,23.5252,23.6077,23.6955,23.7884,23.8863,23.9889,24.0963,24.208,24.3241,24.4442,24.5682,24.6958,24.8269,24.9611,25.0982,25.2379,25.3801,25.5243,25.6702,25.8176,25.966,26.1152,26.2648,26.4143,26.5634,26.7118,26.8588,27.0042,27.1475,27.2882,27.4259,27.5601,27.6902,27.8159,27.9367,28.052,28.1614,28.2644,28.3605,28.4493,28.5303,28.6032,28.6674,28.7227,28.7687,28.805,28.8315,28.848,28.8542,28.85,28.8355,28.8106,28.7754,28.7301,28.6749,28.6101,28.536,28.4531,28.3617,28.2625,28.1559,28.0427,27.9233,27.7986,27.6692,27.5358,27.3991,27.2598,27.1188,26.9767,26.8342,26.6921,26.5511,26.4119,26.2751,26.1415,26.0118,25.8865,25.7663,25.6519,25.544,25.4431,25.3498,25.2649,25.189,25.1226,25.0666,25.0215,24.9881,24.9672,24.9594,24.9656,24.9868,25.0237,25.0774,25.149,25.2396,25.3505,25.483,25.6387,25.8191,26.0262,26.2618,26.5282,26.828,27.1637,27.5386,27.956,28.4199,28.9345,29.5049,30.1365,30.8358,31.6098,32.4668,33.4161,34.4684,35.6362,36.9335,38.3767,39.9848,41.7796,43.7865,46.0351,48.5594,51.3991,54.6,58.2147,62.3032,66.9334,72.1801,78.124,84.8478,92.4301,100.934,110.392,120.78,131.992,143.804,155.854,167.639,178.546,187.918,195.116,199.511,200.439,197.241,189.614,178.071,163.966,148.935,134.293,120.805,108.777,98.2334,89.0665,81.1187,74.2264,68.2376,63.0187,58.4548,54.4489,50.9191,47.7968,45.0243,42.5531,40.3423,38.3575,36.5693,34.9529,33.4869,32.1531,30.936,29.8219,28.7993,27.8579,26.989,26.1847,25.4385,24.7442,24.0967,23.4914,22.9241,22.3913,21.8896,21.4163,20.9687,20.5446,20.1419,19.7588,19.3936,19.0447,18.711,18.3911,18.084,17.7886,17.5042,17.2298,16.9648,16.7084,16.4602,16.2195,
 ,68,49.0272,49.3693,49.6544,49.8804,50.0455,50.1487,50.1897,50.1684,50.0857,49.9429,49.742,49.4853,49.176,48.8171,48.4123,47.9654,47.4804,46.9615,46.4127,45.8382,45.242,44.628,43.9998,43.3609,42.7147,42.0641,41.4119,40.7607,40.1126,39.4698,38.8341,38.2069,37.5897,36.9836,36.3896,35.8084,35.2409,34.6874,34.1485,33.6244,33.1152,32.6213,32.1425,31.6788,31.2303,30.7968,30.3782,29.9742,29.5847,29.2095,28.8483,28.5008,28.1669,27.8462,27.5385,27.2434,26.9609,26.6905,26.432,26.1851,25.9497,25.7255,25.5121,25.3095,25.1173,24.9354,24.7635,24.6014,24.449,24.306,24.1723,24.0477,23.9321,23.8252,23.727,23.6372,23.5558,23.4825,23.4174,23.3601,23.3107,23.269,23.2349,23.2082,23.1889,23.1769,23.172,23.1741,23.1832,23.1992,23.2219,23.2512,23.287,23.3293,23.3779,23.4327,23.4936,23.5604,23.6332,23.7116,23.7957,23.8852,23.98,24.08,24.185,24.2948,24.4093,24.5283,24.6515,24.7788,24.9099,25.0446,25.1826,25.3238,25.4678,25.6143,25.763,25.9136,26.0657,26.2191,26.3734,26.5281,26.6828,26.8372,26.9908,27.1432,27.2939,27.4425,27.5884,27.7313,27.8705,28.0056,28.136,28.2613,28.381,28.4945,28.6014,28.7011,28.7932,28.8773,28.9528,29.0194,29.0767,29.1243,29.162,29.1895,29.2066,29.2131,29.209,29.1941,29.1686,29.1326,29.0861,29.0294,28.9628,28.8866,28.8013,28.7074,28.6053,28.4956,28.379,28.256,28.1275,27.9939,27.8562,27.7149,27.5709,27.4249,27.2777,27.13,26.9824,26.8358,26.6909,26.5484,26.4089,26.2732,26.142,26.0158,25.8954,25.7814,25.6744,25.5752,25.4842,25.4023,25.33,25.268,25.2169,25.1776,25.1507,25.137,25.1373,25.1525,25.1834,25.231,25.2964,25.3807,25.485,25.6108,25.7594,25.9325,26.1318,26.3591,26.6167,26.9069,27.2324,27.5959,28.0009,28.4509,28.9501,29.503,30.115,30.7918,31.5401,32.3675,33.2825,34.295,35.4162,36.6586,38.037,39.568,41.2709,43.1676,45.2833,47.6467,50.2908,53.2526,56.574,60.3016,64.4861,69.1817,74.4435,80.3242,86.8678,94.1015,102.023,110.584,119.676,129.111,138.614,147.828,156.341,163.706,169.468,173.135,174.154,171.988,166.375,157.646,146.737,134.837,122.967,111.784,101.608,92.5296,84.5155,77.4747,71.2981,65.8764,61.1094,56.9075,53.1932,49.8999,46.9702,44.3557,42.0147,39.9119,38.0169,36.304,34.7508,33.3383,32.05,30.8715,29.7905,28.7963,27.8793,27.0314,26.2454,25.5149,24.8343,24.1987,23.6036,23.0453,22.5201,22.0251,21.5575,21.1148,20.6949,20.2957,19.9155,19.5526,19.2057,18.8734,18.5546,18.2481,17.9532,17.6688,17.3943,17.1289,16.8719,16.6229,16.3812,
 ,67,50.9762,51.3478,51.6568,51.9008,52.0778,52.1867,52.2268,52.1985,52.1025,51.9404,51.7145,51.4275,51.083,50.6845,50.2362,49.7426,49.2081,48.6375,48.0353,47.4063,46.7548,46.0853,45.4017,44.7079,44.0075,43.3038,42.5998,41.8981,41.2012,40.5112,39.8299,39.1591,38.5,37.8538,37.2216,36.604,36.0018,35.4153,34.845,34.2911,33.7538,33.233,32.7289,32.2412,31.77,31.3149,30.8759,30.4526,30.0449,29.6524,29.2748,28.9119,28.5633,28.2288,27.9079,27.6005,27.3062,27.0247,26.7557,26.4989,26.2541,26.0209,25.7991,25.5885,25.3888,25.1998,25.0211,24.8528,24.6944,24.5458,24.4068,24.2773,24.157,24.0458,23.9435,23.8499,23.765,23.6885,23.6203,23.5604,23.5085,23.4645,23.4283,23.3999,23.379,23.3656,23.3596,23.3609,23.3693,23.3847,23.4072,23.4364,23.4725,23.5151,23.5643,23.6199,23.6818,23.7499,23.8241,23.9042,23.9901,24.0817,24.1789,24.2814,24.3892,24.502,24.6196,24.742,24.8689,25,25.1351,25.2741,25.4167,25.5625,25.7114,25.8629,26.0169,26.173,26.3307,26.4899,26.65,26.8106,26.9715,27.132,27.2919,27.4506,27.6075,27.7624,27.9145,28.0635,28.2087,28.3497,28.4859,28.6168,28.7418,28.8604,28.972,29.0762,29.1725,29.2603,29.3393,29.4089,29.4688,29.5187,29.5582,29.5871,29.6051,29.6122,29.6082,29.593,29.5668,29.5296,29.4815,29.4229,29.354,29.2751,29.1868,29.0895,28.9836,28.8699,28.7489,28.6212,28.4876,28.3489,28.2056,28.0586,27.9087,27.7565,27.6029,27.4487,27.2946,27.1413,26.9895,26.8401,26.6937,26.551,26.4128,26.2796,26.1522,26.0312,25.9173,25.8111,25.7133,25.6246,25.5455,25.4768,25.4191,25.3731,25.3396,25.3193,25.313,25.3215,25.3457,25.3866,25.4451,25.5224,25.6196,25.7379,25.8788,26.0439,26.2346,26.453,26.701,26.9808,27.295,27.6462,28.0377,28.4727,28.9552,29.4895,30.0803,30.7331,31.4541,32.2501,33.129,34.0995,35.1718,36.357,37.6682,39.1198,40.7285,42.513,44.4944,46.6966,49.1463,51.873,54.9092,58.29,62.0522,66.2331,70.8685,75.9888,81.6146,87.7495,94.372,101.425,108.807,116.363,123.883,131.109,137.743,143.466,147.936,150.772,151.563,149.932,145.717,139.144,130.83,121.583,112.144,103.041,94.5739,86.8723,79.9569,73.7914,68.313,63.4504,59.1327,55.2941,51.8748,48.8221,46.0901,43.6385,41.4327,39.4424,37.6418,36.0081,34.5219,33.1663,31.9263,30.7892,29.7438,28.78,27.8895,27.0644,26.2981,25.5848,24.9191,24.2965,23.7127,23.1642,22.6475,22.1599,21.6987,21.2614,20.8461,20.4508,20.0739,19.7137,19.369,19.0384,18.7209,18.4154,18.121,17.8369,17.5623,17.2965,17.039,16.7891,16.5465,
 ,66,53.0404,53.4447,53.7804,54.0444,54.2348,54.3499,54.3891,54.3528,54.2418,54.0581,53.8043,53.4835,53.0997,52.6571,52.1606,51.6152,51.026,50.3983,49.7374,49.0485,48.3366,47.6065,46.8626,46.1093,45.3503,44.5894,43.8296,43.0738,42.3247,41.5843,40.8548,40.1376,39.4342,38.7458,38.0733,37.4175,36.7789,36.1579,35.5549,34.97,34.4033,33.8548,33.3244,32.8119,32.3172,31.84,31.38,30.9369,30.5104,30.1002,29.7059,29.3272,28.9636,28.615,28.2808,27.9607,27.6545,27.3616,27.082,26.8151,26.5607,26.3185,26.0882,25.8696,25.6623,25.466,25.2807,25.1059,24.9415,24.7873,24.6431,24.5086,24.3837,24.2681,24.1618,24.0645,23.9761,23.8964,23.8253,23.7627,23.7084,23.6622,23.6242,23.594,23.5717,23.5571,23.5502,23.5507,23.5586,23.5737,23.5961,23.6255,23.6619,23.7052,23.7552,23.8119,23.8751,23.9448,24.0207,24.1029,24.191,24.2851,24.385,24.4905,24.6014,24.7177,24.839,24.9653,25.0964,25.2319,25.3718,25.5156,25.6633,25.8145,25.969,26.1264,26.2864,26.4486,26.6128,26.7785,26.9454,27.113,27.2808,27.4485,27.6156,27.7815,27.9458,28.1079,28.2673,28.4234,28.5757,28.7237,28.8666,29.0041,29.1354,29.26,29.3774,29.487,29.5883,29.6808,29.7639,29.8373,29.9005,29.9532,29.995,30.0257,30.045,30.0527,30.0489,30.0334,30.0063,29.9677,29.9178,29.8568,29.785,29.7029,29.6107,29.5091,29.3986,29.2798,29.1534,29.0199,28.8802,28.735,28.585,28.4311,28.2739,28.1144,27.9532,27.7913,27.6293,27.4681,27.3083,27.1509,26.9964,26.8456,26.6993,26.5581,26.4227,26.2938,26.172,26.0581,25.9526,25.8562,25.7695,25.6933,25.6282,25.5749,25.534,25.5064,25.4929,25.4941,25.511,25.5445,25.5955,25.6651,25.7545,25.8648,25.9973,26.1536,26.3352,26.5438,26.7815,27.0501,27.3522,27.6904,28.0674,28.4865,28.9513,29.4657,30.0343,30.6619,31.3543,32.1175,32.9588,33.8859,34.9079,36.0345,37.2772,38.6484,40.1624,41.8347,43.6831,45.7268,47.9871,50.4871,53.2513,56.3052,59.6747,63.3839,67.4542,71.9004,76.7274,81.9247,87.4613,93.2791,99.2871,105.359,111.331,117.008,122.171,126.578,129.97,132.063,132.571,131.256,128.033,123.064,116.747,109.615,102.184,94.8545,87.8876,81.4227,75.5143,70.1643,65.3458,61.0182,57.1354,53.6516,50.5231,47.7099,45.1758,42.8886,40.8199,38.9446,37.2408,35.6889,34.2722,32.9758,31.7864,30.6928,29.6848,28.7534,27.8908,27.09,26.3448,25.6499,25.0002,24.3915,23.8199,23.282,22.7746,22.2949,21.8406,21.4093,20.9991,20.6082,20.2349,19.8777,19.5354,19.2068,18.8907,18.5863,18.2925,18.0087,17.7341,17.4681,17.21,16.9594,16.7158,
 ,65,55.2267,55.6675,56.0329,56.3195,56.5246,56.6466,56.6848,56.6395,56.5117,56.3038,56.0186,55.66,55.2323,54.7408,54.1906,53.5877,52.938,52.2475,51.522,50.7675,49.9895,49.1933,48.384,47.5661,46.7439,45.9213,45.1016,44.2879,43.483,42.6891,41.9082,41.142,40.3919,39.659,38.9442,38.2483,37.5716,36.9147,36.2776,35.6605,35.0634,34.4861,33.9285,33.3905,32.8716,32.3715,31.89,31.4266,30.9809,30.5526,30.1412,29.7463,29.3675,29.0045,28.6567,28.3238,28.0054,27.7011,27.4106,27.1335,26.8695,26.6182,26.3793,26.1525,25.9375,25.7341,25.5419,25.3608,25.1904,25.0305,24.881,24.7415,24.612,24.4921,24.3818,24.2808,24.189,24.1062,24.0323,23.967,23.9104,23.8622,23.8223,23.7906,23.767,23.7513,23.7435,23.7435,23.751,23.7661,23.7886,23.8184,23.8554,23.8996,23.9507,24.0087,24.0736,24.145,24.2231,24.3076,24.3984,24.4953,24.5983,24.7072,24.8218,24.942,25.0676,25.1983,25.3341,25.4747,25.6198,25.7692,25.9227,26.08,26.2408,26.4048,26.5716,26.7409,26.9124,27.0856,27.2601,27.4356,27.6114,27.7872,27.9625,28.1368,28.3094,28.4798,28.6476,28.812,28.9725,29.1285,29.2793,29.4244,29.5631,29.6949,29.819,29.935,30.0423,30.1402,30.2284,30.3063,30.3734,30.4295,30.4741,30.5069,30.5278,30.5365,30.5329,30.5171,30.489,30.4488,30.3966,30.3328,30.2575,30.1713,30.0746,29.9679,29.8518,29.7269,29.5939,29.4535,29.3065,29.1536,28.9957,28.8335,28.6678,28.4996,28.3296,28.1586,27.9875,27.8171,27.6481,27.4814,27.3177,27.1577,27.0022,26.8519,26.7075,26.5697,26.4391,26.3164,26.2023,26.0974,26.0023,25.9178,25.8445,25.7831,25.7342,25.6987,25.6772,25.6704,25.6794,25.7048,25.7478,25.8092,25.8901,25.9917,26.1153,26.2622,26.434,26.6322,26.8588,27.1156,27.4049,27.7292,28.091,28.4934,28.9396,29.4334,29.9787,30.5802,31.243,31.9726,32.7753,33.6582,34.6291,35.6966,36.8706,38.1617,39.5818,41.1439,42.8625,44.7529,46.8318,49.1167,51.6256,54.3765,57.3863,60.6699,64.2377,68.0941,72.234,76.6392,81.2749,86.0855,90.9921,95.8906,100.652,105.126,109.144,112.523,115.067,116.574,116.85,115.754,113.25,109.455,104.628,99.1169,93.2743,87.3958,81.6936,76.3,71.284,66.6711,62.4592,58.6303,55.1582,52.0133,49.1653,46.5851,44.2453,42.1208,40.1888,38.4288,36.8225,35.3537,34.0078,32.772,31.6348,30.5861,29.6169,28.7191,27.8857,27.1104,26.3874,25.7118,25.0791,24.4852,23.9266,23.3999,22.9023,22.4312,21.9843,21.5594,21.1547,20.7684,20.399,20.0452,19.7055,19.379,19.0646,18.7613,18.4683,18.1849,17.9104,17.6441,17.3855,17.1341,16.8895,
 ,64,57.5422,58.0238,58.4225,58.7341,58.9558,59.0855,59.1225,59.0669,58.9204,58.6852,58.3649,57.9639,57.4874,56.9412,56.3315,55.6649,54.9483,54.1883,53.3919,52.5654,51.7152,50.8471,49.9667,49.079,48.1886,47.2996,46.4157,45.5402,44.6758,43.825,42.9897,42.1717,41.3723,40.5927,39.8335,39.0956,38.3793,37.6849,37.0124,36.3619,35.7332,35.1263,34.5408,33.9763,33.4325,32.9091,32.4054,31.9212,31.456,31.0092,30.5803,30.169,29.7747,29.397,29.0354,28.6895,28.3588,28.0429,27.7414,27.454,27.1802,26.9197,26.6721,26.4371,26.2144,26.0037,25.8047,25.6172,25.4407,25.2752,25.1204,24.976,24.8419,24.7178,24.6034,24.4988,24.4036,24.3178,24.241,24.1733,24.1144,24.0643,24.0227,23.9896,23.9647,23.9482,23.9397,23.9392,23.9466,23.9617,23.9846,24.015,24.0529,24.0981,24.1506,24.2103,24.277,24.3507,24.4312,24.5184,24.6121,24.7124,24.8189,24.9316,25.0504,25.175,25.3053,25.4411,25.5822,25.7284,25.8794,26.035,26.1951,26.3592,26.5271,26.6984,26.8729,27.0502,27.2299,27.4115,27.5947,27.779,27.9639,28.1489,28.3335,28.5171,28.6992,28.8792,29.0565,29.2303,29.4002,29.5654,29.7253,29.8792,30.0265,30.1665,30.2984,30.4218,30.536,30.6404,30.7345,30.8177,30.8895,30.9495,30.9974,31.0329,31.0556,31.0654,31.0623,31.0461,31.0168,30.9747,30.9199,30.8527,30.7734,30.6825,30.5804,30.4676,30.3449,30.2129,30.0722,29.9236,29.768,29.6062,29.4389,29.2671,29.0915,28.9132,28.733,28.5516,28.3701,28.1892,28.0097,27.8324,27.6582,27.4879,27.322,27.1615,27.007,26.8592,26.7188,26.5864,26.4628,26.3485,26.2443,26.1507,26.0684,25.9981,25.9405,25.8963,25.8661,25.8508,25.8511,25.868,25.9022,25.9547,26.0266,26.119,26.233,26.37,26.5313,26.7186,26.9335,27.1779,27.4538,27.7635,28.1094,28.4944,28.9214,29.3938,29.9153,30.4901,31.1226,31.8179,32.5817,33.42,34.3398,35.3485,36.4545,37.6668,38.9952,40.4505,42.0442,43.7884,45.6959,47.7795,50.0522,52.5259,55.2109,58.1149,61.2413,64.5872,68.1416,71.8825,75.7748,79.7675,83.7926,87.7643,91.5795,95.1204,98.2567,100.849,102.752,103.824,103.939,103.014,101.04,98.1008,94.3697,90.0756,85.4594,80.7351,76.0695,71.5783,67.3325,63.3692,59.7016,56.3275,53.2351,50.4074,47.8249,45.4675,43.3151,41.3488,39.5507,37.9045,36.3952,35.0094,33.7346,32.5601,31.4757,30.4728,29.5433,28.6801,27.8769,27.1279,26.428,25.7725,25.1575,24.5791,24.034,23.5192,23.0319,22.5699,22.1308,21.7127,21.3138,20.9325,20.5673,20.2169,19.8801,19.5558,19.2431,18.9411,18.649,18.366,18.0916,17.825,17.5659,17.3137,17.068,
 ,63,59.994,60.5213,60.957,61.2968,61.537,61.6753,61.7108,61.6438,61.476,61.2102,60.8505,60.4022,59.8711,59.264,58.5881,57.851,57.0604,56.224,55.3496,54.4444,53.5153,52.569,51.6115,50.6482,49.6843,48.7241,47.7716,46.83,45.9024,44.9912,44.0984,43.2258,42.3746,41.5459,40.7404,39.9587,39.2011,38.4677,37.7585,37.0734,36.4123,35.7748,35.1604,34.5689,33.9996,33.4521,32.9259,32.4205,31.9352,31.4695,31.0229,30.5949,30.1848,29.7923,29.4167,29.0575,28.7144,28.3867,28.0742,27.7763,27.4927,27.2228,26.9665,26.7233,26.4929,26.2749,26.069,25.875,25.6925,25.5214,25.3613,25.212,25.0732,24.9448,24.8266,24.7184,24.6199,24.531,24.4516,24.3814,24.3204,24.2684,24.2252,24.1907,24.1649,24.1475,24.1385,24.1378,24.1452,24.1606,24.184,24.2153,24.2542,24.3008,24.355,24.4166,24.4855,24.5616,24.6449,24.7352,24.8323,24.9362,25.0468,25.1638,25.2872,25.4167,25.5523,25.6936,25.8407,25.9931,26.1507,26.3133,26.4806,26.6523,26.8281,27.0077,27.1907,27.3768,27.5656,27.7567,27.9496,28.1438,28.3388,28.5341,28.7292,28.9235,29.1163,29.307,29.495,29.6797,29.8602,30.0359,30.2061,30.3701,30.5271,30.6765,30.8175,30.9495,31.0717,31.1835,31.2844,31.3737,31.4509,31.5157,31.5675,31.606,31.6309,31.6421,31.6394,31.6228,31.5922,31.548,31.4901,31.419,31.335,31.2385,31.1301,31.0104,30.88,30.7396,30.59,30.432,30.2664,30.0942,29.9162,29.7333,29.5465,29.3567,29.1647,28.9716,28.7781,28.5853,28.3939,28.2048,28.0188,27.8368,27.6594,27.4875,27.3218,27.163,27.0117,26.8686,26.7345,26.61,26.4956,26.3921,26.3,26.2201,26.153,26.0994,26.06,26.0354,26.0265,26.0341,26.059,26.1021,26.1644,26.247,26.3509,26.4773,26.6277,26.8035,27.0062,27.2376,27.4996,27.7942,28.1237,28.4908,28.898,29.3486,29.8458,30.3934,30.9954,31.6563,32.381,33.1751,34.0442,34.995,36.0344,37.1701,38.41,39.763,41.2381,42.8446,44.5921,46.4898,48.5465,50.7695,53.1645,55.7339,58.4761,61.3841,64.4434,67.6309,70.9128,74.2434,77.5644,80.8048,83.8817,86.7019,89.1643,91.1634,92.593,93.354,93.3651,92.5792,90.9992,88.6871,85.7603,82.3732,78.692,74.8713,71.0396,67.2934,63.6988,60.2965,57.108,54.1407,51.393,48.8572,46.5219,44.374,42.3996,40.5849,38.9162,37.3807,35.9665,34.6624,33.4583,32.3448,31.3135,30.3567,29.4674,28.6393,27.8668,27.1448,26.4685,25.8338,25.237,24.6746,24.1436,23.6411,23.1647,22.7121,22.2812,21.8702,21.4773,21.1012,20.7403,20.3936,20.0598,19.7379,19.4271,19.1264,18.8351,18.5526,18.2782,18.0114,17.7517,17.4987,17.2518,
 ,62,62.5892,63.1674,63.6448,64.016,64.2769,64.4248,64.4586,64.3787,64.1869,63.8868,63.483,62.9816,62.3896,61.7146,60.9652,60.1499,59.2776,58.3571,57.3971,56.4057,55.3907,54.3594,53.3184,52.2737,51.2308,50.1942,49.1683,48.1565,47.1618,46.1867,45.2333,44.3032,43.3977,42.5176,41.6637,40.8364,40.0359,39.2621,38.515,37.7944,37.0997,36.4307,35.7868,35.1674,34.5721,34.0001,33.4509,32.9237,32.418,31.9332,31.4686,31.0236,30.5975,30.1899,29.8001,29.4276,29.0719,28.7324,28.4087,28.1002,27.8066,27.5275,27.2624,27.0109,26.7726,26.5473,26.3346,26.1341,25.9456,25.7688,25.6034,25.4492,25.3059,25.1733,25.0512,24.9394,24.8377,24.7459,24.6638,24.5913,24.5282,24.4745,24.4298,24.3941,24.3674,24.3494,24.34,24.3392,24.3468,24.3627,24.3868,24.4191,24.4594,24.5076,24.5637,24.6275,24.6989,24.7779,24.8643,24.958,25.0589,25.1669,25.2819,25.4037,25.5322,25.6672,25.8085,25.9561,26.1097,26.269,26.4339,26.6041,26.7795,26.9595,27.1441,27.3328,27.5253,27.7213,27.9202,28.1217,28.3254,28.5306,28.737,28.9439,29.1507,29.3569,29.5617,29.7645,29.9646,30.1614,30.3539,30.5415,30.7234,30.8988,31.067,31.2271,31.3784,31.5201,31.6515,31.7719,31.8806,31.9769,32.0605,32.1306,32.1869,32.2289,32.2565,32.2693,32.2671,32.2501,32.2181,32.1713,32.11,32.0344,31.9449,31.8421,31.7265,31.5987,31.4594,31.3094,31.1496,30.9807,30.8038,30.6197,30.4294,30.234,30.0343,29.8313,29.6261,29.4196,29.2128,29.0065,28.8018,28.5994,28.4003,28.2053,28.0151,27.8306,27.6524,27.4814,27.3181,27.1634,27.0178,26.882,26.7566,26.6423,26.5397,26.4494,26.3721,26.3084,26.259,26.2245,26.2058,26.2035,26.2185,26.2516,26.3038,26.376,26.4692,26.5847,26.7237,26.8874,27.0775,27.2954,27.5429,27.822,28.1348,28.4835,28.8707,29.2991,29.7717,30.292,30.8634,31.4901,32.1762,32.9265,33.746,34.6404,35.6153,36.6773,37.8328,39.0887,40.4523,41.9305,43.5303,45.2581,47.1194,49.1183,51.2568,53.534,55.9451,58.4805,61.1243,63.8534,66.6366,69.4333,72.1936,74.8587,77.3611,79.6269,81.5775,83.1331,84.2161,84.7578,84.7055,84.033,82.748,80.8973,78.5629,75.8514,72.8797,69.7604,66.5917,63.452,60.3996,57.4742,54.7005,52.0916,49.6521,47.3807,45.2721,43.3186,41.5111,39.8397,38.2944,36.8654,35.5432,34.3188,33.184,32.1308,31.1521,30.2412,29.3922,28.5995,27.858,27.1633,26.511,25.8976,25.3194,24.7734,24.2569,23.7671,23.3018,22.8589,22.4365,22.0328,21.6463,21.2755,20.9192,20.5762,20.2455,19.9261,19.6171,19.3177,19.0273,18.7453,18.4709,18.2038,17.9435,17.6895,17.4414,
 ,61,65.3345,65.9696,66.4935,66.9,67.1842,67.3428,67.3746,67.2801,67.0615,66.7227,66.2695,65.7087,65.0486,64.2981,63.4669,62.5651,61.6027,60.5896,59.5357,58.4502,57.3417,56.2182,55.087,53.9547,52.8269,51.7088,50.6046,49.5182,48.4525,47.41,46.3928,45.4024,44.4401,43.5065,42.6023,41.7277,40.8827,40.0672,39.281,38.5236,37.7945,37.0932,36.4191,35.7713,35.1493,34.5524,33.9796,33.4305,32.9041,32.3998,31.9169,31.4547,31.0125,30.5896,30.1855,29.7995,29.4311,29.0796,28.7446,28.4255,28.122,27.8334,27.5594,27.2996,27.0535,26.8209,26.6012,26.3943,26.1998,26.0173,25.8467,25.6876,25.5398,25.4031,25.2771,25.1618,25.0569,24.9622,24.8776,24.8028,24.7378,24.6824,24.6363,24.5996,24.5721,24.5536,24.544,24.5433,24.5512,24.5678,24.5929,24.6265,24.6683,24.7184,24.7767,24.843,24.9172,24.9994,25.0892,25.1868,25.2919,25.4044,25.5242,25.6513,25.7854,25.9264,26.0742,26.2285,26.3893,26.5562,26.7291,26.9078,27.0919,27.2812,27.4754,27.6742,27.8771,28.0839,28.2941,28.5072,28.7228,28.9403,29.1592,29.379,29.5989,29.8183,30.0366,30.2529,30.4666,30.677,30.883,31.084,31.2791,31.4675,31.6482,31.8205,31.9834,32.1362,32.2781,32.4082,32.5259,32.6304,32.7211,32.7974,32.8589,32.9051,32.9356,32.9502,32.9488,32.9313,32.8976,32.848,32.7827,32.702,32.6063,32.4962,32.3723,32.2353,32.0859,31.925,31.7534,31.5722,31.3823,31.1848,30.9806,30.7708,30.5566,30.3388,30.1187,29.8972,29.6753,29.4541,29.2344,29.0173,28.8035,28.5941,28.3897,28.1912,27.9994,27.815,27.6387,27.4711,27.3131,27.165,27.0277,26.9017,26.7877,26.6862,26.5979,26.5234,26.4633,26.4183,26.3891,26.3764,26.3809,26.4035,26.445,26.5063,26.5885,26.6925,26.8195,26.9709,27.1478,27.3519,27.5847,27.8479,28.1435,28.4736,28.8405,29.2466,29.6947,30.1877,30.7288,31.3216,31.9697,32.6772,33.4486,34.2884,35.2015,36.1932,37.2688,38.4337,39.6935,41.0533,42.5181,44.0921,45.7785,47.5788,49.4928,51.5171,53.6453,55.8663,58.1639,60.5162,62.8945,65.2631,67.5792,69.7935,71.851,73.6923,75.2562,76.4817,77.3121,77.6992,77.6091,77.0272,75.9635,74.4538,72.5572,70.3498,67.9157,65.3381,62.6923,60.0415,57.4352,54.9101,52.491,50.1935,48.026,45.9911,44.0879,42.3125,40.6595,39.1221,37.6932,36.3655,35.1315,33.9841,32.9166,31.9223,30.9953,30.1299,29.3208,28.5634,27.853,27.1857,26.5577,25.9657,25.4064,24.8772,24.3753,23.8985,23.4446,23.0117,22.5979,22.2018,21.8217,21.4564,21.1048,20.7657,20.4381,20.1211,19.814,19.516,19.2264,18.9447,18.6704,18.4029,18.1418,17.8867,17.6373,
 ,60,68.236,68.9348,69.5109,69.9568,70.267,70.4377,70.4672,70.3562,70.1072,69.7251,69.2164,68.5893,67.8532,67.0187,66.0969,65.0993,64.0375,62.9228,61.7662,60.578,59.368,58.1447,56.9163,55.6898,54.4712,53.2661,52.0789,50.9134,49.7727,48.6594,47.5753,46.5219,45.5002,44.511,43.5545,42.6309,41.7401,40.8817,40.0552,39.2601,38.4958,37.7615,37.0565,36.3798,35.7307,35.1083,34.5117,33.9402,33.3929,32.8689,32.3675,31.8879,31.4293,30.9911,30.5725,30.1729,29.7916,29.4281,29.0818,28.7521,28.4385,28.1404,27.8576,27.5894,27.3355,27.0954,26.8689,26.6555,26.455,26.2669,26.0911,25.9271,25.7748,25.6339,25.5042,25.3855,25.2774,25.18,25.0928,25.0159,24.9491,24.8921,24.8448,24.8071,24.7789,24.7601,24.7504,24.75,24.7585,24.776,24.8022,24.8373,24.881,24.9332,24.9939,25.063,25.1404,25.226,25.3197,25.4215,25.5312,25.6487,25.7739,25.9066,26.0469,26.1945,26.3492,26.511,26.6796,26.8548,27.0365,27.2243,27.4181,27.6175,27.8223,28.0321,28.2466,28.4653,28.6878,28.9137,29.1425,29.3736,29.6064,29.8404,30.0748,30.309,30.5422,30.7737,31.0026,31.2281,31.4494,31.6654,31.8753,32.0783,32.2732,32.4592,32.6354,32.8008,32.9545,33.0957,33.2236,33.3373,33.4362,33.5197,33.5871,33.638,33.672,33.6888,33.6882,33.6701,33.6346,33.5818,33.512,33.4255,33.3227,33.2044,33.071,32.9235,32.7626,32.5892,32.4044,32.2092,32.0046,31.7918,31.5719,31.346,31.1153,30.881,30.6441,30.4058,30.1671,29.9292,29.6929,29.4594,29.2294,29.0041,28.7841,28.5703,28.3635,28.1644,27.9738,27.7923,27.6206,27.4594,27.3092,27.1706,27.0443,26.9308,26.8307,26.7447,26.6732,26.617,26.5767,26.553,26.5465,26.558,26.5884,26.6384,26.7089,26.801,26.9158,27.0543,27.2178,27.4077,27.6254,27.8725,28.1508,28.4622,28.8087,29.1925,29.6161,30.0821,30.5933,31.1528,31.7638,32.4299,33.1548,33.9423,34.7966,35.7219,36.7225,37.8028,38.9667,40.2183,41.5608,42.9969,44.5281,46.1542,47.8734,49.6811,51.5697,53.5279,55.54,57.5852,59.6376,61.6659,63.6329,65.4971,67.2127,68.7316,70.0049,70.9859,71.6322,71.9098,71.7964,71.2849,70.3857,69.1275,67.5544,65.7229,63.6952,61.5342,59.2982,57.0381,54.7955,52.6027,50.4832,48.4533,46.5229,44.6973,42.9781,41.3642,39.8527,38.4394,37.1193,35.887,34.7368,33.6631,32.6604,31.7233,30.8467,30.0258,29.2562,28.5336,27.8541,27.2142,26.6105,26.04,25.4998,24.9875,24.5005,24.0368,23.5945,23.1717,22.7667,22.3782,22.0047,21.645,21.2981,20.9628,20.6384,20.3239,20.0186,19.7219,19.4331,19.1517,18.8772,18.6091,18.3472,18.0909,17.8401,
 ,59,71.2991,72.069,72.7034,73.1937,73.5331,73.7171,73.744,73.6144,73.3314,72.9006,72.3298,71.6284,70.8076,69.8797,68.8574,67.7541,66.5829,65.3568,64.0881,62.7882,61.4681,60.1372,58.8043,57.4768,56.1615,54.8639,53.5887,52.3398,51.1203,49.9326,48.7785,47.6594,46.5762,45.5293,44.5188,43.5447,42.6066,41.7041,40.8364,40.0028,39.2025,38.4346,37.698,36.9919,36.3153,35.6671,35.0464,34.4523,33.8837,33.3399,32.8198,32.3226,31.8476,31.3939,30.9607,30.5475,30.1533,29.7777,29.42,29.0795,28.7558,28.4483,28.1566,27.88,27.6183,27.3709,27.1374,26.9176,26.711,26.5174,26.3363,26.1675,26.0108,25.8658,25.7324,25.6102,25.4992,25.399,25.3095,25.2305,25.1618,25.1034,25.055,25.0165,24.9878,24.9687,24.9592,24.9592,24.9685,24.987,25.0147,25.0514,25.0972,25.1518,25.2153,25.2875,25.3684,25.4578,25.5557,25.6621,25.7768,25.8997,26.0307,26.1698,26.3167,26.4714,26.6338,26.8036,26.9807,27.165,27.3562,27.5541,27.7584,27.9689,28.1852,28.4071,28.6341,28.8659,29.102,29.3419,29.5852,29.8313,30.0795,30.3292,30.5797,30.8303,31.0801,31.3284,31.5743,31.8168,32.055,32.2879,32.5145,32.7338,32.9447,33.1462,33.3373,33.517,33.6842,33.8379,33.9774,34.1016,34.2099,34.3014,34.3756,34.4319,34.4699,34.4892,34.4896,34.471,34.4334,34.3771,34.3021,34.209,34.0982,33.9705,33.8264,33.667,33.493,33.3056,33.1057,32.8946,32.6735,32.4434,32.2058,31.9618,31.7128,31.4598,31.2042,30.9471,30.6897,30.4332,30.1785,29.9268,29.679,29.4361,29.1989,28.9683,28.7451,28.5301,28.3239,28.1273,27.9409,27.7654,27.6012,27.4491,27.3097,27.1833,27.0707,26.9724,26.8889,26.8209,26.7688,26.7335,26.7154,26.7154,26.7341,26.7723,26.8309,26.9107,27.0128,27.1381,27.2879,27.4633,27.6657,27.8966,28.1575,28.45,28.7762,29.1378,29.5372,29.9766,30.4585,30.9856,31.5607,32.1869,32.8671,33.6049,34.4036,35.2666,36.1975,37.1994,38.2757,39.4291,40.6619,41.9754,43.37,44.8447,46.3967,48.0207,49.7089,51.4501,53.2293,55.0277,56.8216,58.5831,60.28,61.8762,63.3331,64.6103,65.6681,66.4693,66.9815,67.1803,67.0509,66.591,65.8115,64.736,63.3999,61.8464,60.1238,58.2807,56.3633,54.4126,52.4634,50.5437,48.6749,46.8724,45.1468,43.5044,41.9485,40.4796,39.0967,37.7974,36.5781,35.435,34.3638,33.3601,32.4194,31.5373,30.7095,29.9321,29.201,28.5127,27.8638,27.251,26.6715,26.1225,25.6014,25.1059,24.634,24.1835,23.7528,23.3402,22.9442,22.5633,22.1964,21.8424,21.5001,21.1687,20.8474,20.5353,20.2318,19.9363,19.6481,19.3669,19.0921,18.8234,18.5603,18.3027,18.0502,
 ,58,74.5279,75.3772,76.0769,76.6168,76.9888,77.1879,77.2118,77.0612,76.7399,76.2545,75.6141,74.8299,73.9148,72.8832,71.7498,70.5299,69.2386,67.8906,66.4997,65.0788,63.6397,62.193,60.748,59.3129,57.8946,56.4991,55.1311,53.7944,52.4923,51.2269,50,48.8128,47.6657,46.5592,45.4931,44.4671,43.4807,42.533,41.6232,40.7504,39.9134,39.1113,38.3428,37.6069,36.9024,36.2281,35.5831,34.9661,34.3761,33.8122,33.2733,32.7585,32.2669,31.7977,31.3499,30.9229,30.5158,30.1281,29.7589,29.4077,29.0739,28.7569,28.4562,28.1713,27.9017,27.647,27.4067,27.1804,26.9678,26.7686,26.5823,26.4088,26.2476,26.0986,25.9615,25.836,25.722,25.6191,25.5273,25.4464,25.376,25.3163,25.2669,25.2277,25.1986,25.1795,25.1703,25.1708,25.1811,25.2009,25.2302,25.2689,25.3169,25.3742,25.4407,25.5164,25.601,25.6947,25.7972,25.9085,26.0287,26.1574,26.2948,26.4406,26.5948,26.7573,26.9278,27.1064,27.2928,27.4869,27.6884,27.8971,28.1129,28.3354,28.5643,28.7994,29.0401,29.2862,29.5372,29.7926,30.0518,30.3143,30.5794,30.8465,31.1148,31.3835,31.6518,31.9188,32.1836,32.445,32.7022,32.9539,33.1992,33.4369,33.6658,33.8848,34.0927,34.2884,34.4708,34.6388,34.7914,34.9276,35.0465,35.1473,35.2292,35.2917,35.3343,35.3564,35.358,35.3389,35.299,35.2386,35.1579,35.0573,34.9375,34.7991,34.6429,34.47,34.2812,34.0778,33.861,33.632,33.3922,33.1428,32.8852,32.6209,32.3512,32.0774,31.8009,31.5229,31.2448,30.9676,30.6926,30.4208,30.1533,29.8911,29.6351,29.3861,29.145,28.9126,28.6896,28.4766,28.2743,28.0833,27.9043,27.7377,27.5841,27.4441,27.3181,27.2068,27.1105,27.03,26.9657,26.9181,26.888,26.8759,26.8825,26.9085,26.9547,27.0219,27.1109,27.2229,27.3587,27.5194,27.7064,27.9208,28.1642,28.438,28.7439,29.0837,29.4593,29.8726,30.326,30.8216,31.3621,31.9499,32.5878,33.2786,34.025,34.8299,35.6962,36.6264,37.623,38.688,39.8229,41.0284,42.3042,43.6487,45.0587,46.5289,48.0517,49.6164,51.2094,52.8132,54.4065,55.9643,57.4578,58.8549,60.1217,61.223,62.1249,62.7964,63.2116,63.3521,63.2088,62.7825,62.0849,61.1374,59.9698,58.6177,57.12,55.5158,53.8426,52.1339,50.4187,48.721,47.0595,45.4485,43.898,42.4147,41.0024,39.6628,38.3958,37.2002,36.0737,35.0135,34.0163,33.0787,32.1969,31.3675,30.5868,29.8513,29.1578,28.5031,27.8842,27.2982,26.7426,26.2149,25.7128,25.2343,24.7773,24.3401,23.9211,23.5187,23.1315,22.7584,22.3981,22.0496,21.712,21.3844,21.0661,20.7564,20.4545,20.16,19.8723,19.5911,19.3159,19.0462,18.782,18.5227,18.2683,
 ,57,77.9247,78.8626,79.6352,80.2305,80.6392,80.8551,80.8755,80.7013,80.3371,79.7905,79.0724,78.1958,77.1759,76.0293,74.7733,73.4253,72.0026,70.5216,68.998,67.4462,65.879,64.3081,62.7436,61.194,59.6667,58.1679,56.7023,55.2738,53.8854,52.5393,51.2369,49.9791,48.7664,47.5986,46.4754,45.3963,44.3604,43.3667,42.4141,41.5014,40.6273,39.7905,38.9898,38.2237,37.4911,36.7906,36.121,35.481,34.8696,34.2855,33.7277,33.1952,32.687,32.2021,31.7397,31.2989,30.8789,30.4789,30.0983,29.7364,29.3925,29.066,28.7564,28.4631,28.1857,27.9236,27.6764,27.4437,27.2252,27.0204,26.829,26.6507,26.4852,26.3322,26.1915,26.0627,25.9458,25.8404,25.7463,25.6635,25.5916,25.5306,25.4803,25.4405,25.4112,25.3922,25.3835,25.3848,25.3962,25.4174,25.4486,25.4895,25.5401,25.6004,25.6702,25.7495,25.8383,25.9365,26.044,26.1608,26.2868,26.4219,26.566,26.7192,26.8812,27.052,27.2315,27.4195,27.6159,27.8205,28.0332,28.2538,28.482,28.7175,28.9601,29.2094,29.4652,29.7269,29.9941,30.2663,30.543,30.8236,31.1073,31.3936,31.6815,31.9703,32.2591,32.5468,32.8325,33.1151,33.3934,33.6662,33.9324,34.1907,34.4398,34.6784,34.9053,35.1192,35.3188,35.5029,35.6704,35.8201,35.9511,36.0624,36.1532,36.2228,36.2706,36.2961,36.2991,36.2794,36.237,36.172,36.0848,35.9758,35.8457,35.6953,35.5254,35.3372,35.1318,34.9104,34.6744,34.4252,34.1643,33.8931,33.6132,33.3261,33.0333,32.7362,32.4364,32.1352,31.834,31.534,31.2365,30.9426,30.6535,30.3701,30.0935,29.8245,29.5639,29.3126,29.0712,28.8406,28.6211,28.4136,28.2185,28.0364,27.8678,27.7132,27.5731,27.448,27.3383,27.2446,27.1673,27.1071,27.0643,27.0397,27.0337,27.0471,27.0806,27.1348,27.2106,27.3088,27.4304,27.5764,27.7478,27.9459,28.1718,28.427,28.7129,29.0311,29.3833,29.7712,30.1969,30.6623,31.1695,31.7208,32.3185,32.9649,33.6625,34.4136,35.2205,36.0853,37.01,37.996,39.0444,40.1556,41.3289,42.5626,43.8537,45.1972,46.586,48.0106,49.4585,50.914,52.3578,53.7671,55.1153,56.373,57.5086,58.4897,59.2851,59.867,60.2133,60.3094,60.1498,59.7387,59.0893,58.2229,57.1672,55.9535,54.6151,53.1851,51.6945,50.1713,48.6397,47.1199,45.628,44.1764,42.7743,41.4278,40.1409,38.9157,37.7525,36.6509,35.6093,34.6257,33.6975,32.8219,31.9959,31.2167,30.4811,29.7862,29.1291,28.5071,27.9175,27.3579,26.8259,26.3192,25.836,25.3742,24.9321,24.5082,24.1007,23.7085,23.3302,22.9647,22.6109,22.268,21.9349,21.6111,21.2956,20.988,20.6877,20.394,20.1067,19.8252,19.5493,19.2785,19.0128,18.7517,18.4951,
 ,56,81.4896,82.526,83.38,84.0373,84.4869,84.7215,84.7381,84.5375,84.1251,83.5102,82.7052,81.7259,80.5899,79.3164,77.9254,76.4369,74.8707,73.2453,71.5782,69.8853,68.1809,66.4775,64.7858,63.1151,61.473,59.8656,58.298,56.7738,55.2959,53.8661,52.4858,51.1555,49.8752,48.6447,47.4633,46.3301,45.2439,44.2035,43.2075,42.2544,41.3428,40.4711,39.6379,38.8415,38.0806,37.3537,36.6594,35.9964,35.3634,34.7591,34.1824,33.6322,33.1073,32.6068,32.1297,31.6751,31.2422,30.8301,30.438,30.0653,29.7113,29.3754,29.0568,28.7552,28.4699,28.2005,27.9465,27.7074,27.4829,27.2727,27.0762,26.8932,26.7234,26.5665,26.4221,26.2902,26.1704,26.0625,25.9663,25.8817,25.8084,25.7462,25.6952,25.655,25.6256,25.6069,25.5987,25.601,25.6137,25.6366,25.6698,25.7132,25.7666,25.8301,25.9035,25.9869,26.0802,26.1832,26.2961,26.4187,26.551,26.693,26.8445,27.0054,27.1759,27.3557,27.5447,27.7429,27.9501,28.1661,28.3909,28.6242,28.8658,29.1154,29.3729,29.6378,29.9097,30.1884,30.4733,30.764,31.0598,31.3602,31.6644,31.9717,32.2813,32.5923,32.9037,33.2144,33.5234,33.8295,34.1314,34.4278,34.7174,34.9988,35.2706,35.5313,35.7796,36.0139,36.2329,36.4353,36.6196,36.7848,36.9295,37.0528,37.1537,37.2314,37.2852,37.3146,37.3193,37.299,37.2537,37.1836,37.0891,36.9706,36.829,36.6649,36.4796,36.2741,36.0498,35.8081,35.5505,35.2785,34.9939,34.6982,34.3932,34.0806,33.7619,33.439,33.1132,32.7862,32.4593,32.1341,31.8118,31.4936,31.1807,30.8742,30.575,30.2841,30.0024,29.7306,29.4695,29.2197,28.9818,28.7565,28.5443,28.3456,28.161,27.9909,27.8358,27.6961,27.5723,27.4648,27.374,27.3005,27.2446,27.207,27.1881,27.1885,27.2088,27.2498,27.3121,27.3964,27.5037,27.6348,27.7906,27.9723,28.1808,28.4176,28.6838,28.9808,29.3102,29.6735,30.0724,30.5086,30.9841,31.5007,32.0605,32.6655,33.3176,34.019,34.7716,35.5771,36.4372,37.3531,38.3256,39.355,40.4408,41.5816,42.7747,44.0158,45.2991,46.6161,47.956,49.3049,50.6453,51.956,53.2119,54.3844,55.4424,56.3534,57.0861,57.6129,57.9125,57.9724,57.7904,57.374,56.7399,55.9117,54.9174,53.7875,52.5525,51.2415,49.8814,48.4957,47.1045,45.7245,44.3692,43.0489,41.7712,40.5416,39.3636,38.2389,37.1683,36.1514,35.1872,34.274,33.4098,32.5923,31.819,31.0874,30.3949,29.739,29.1171,28.5269,27.9659,27.432,26.9232,26.4373,25.9727,25.5275,25.1002,24.6892,24.2933,23.9112,23.5416,23.1837,22.8363,22.4987,22.1701,21.8498,21.5371,21.2314,20.9323,20.6393,20.352,20.0701,19.7932,19.5211,19.2535,18.9903,18.7313,
 ,55,85.2197,86.3655,87.31,88.0364,88.5317,88.7872,88.7994,88.5692,88.1031,87.4118,86.5104,85.4171,84.1527,82.7395,81.2005,79.5587,77.8365,76.0549,74.2333,72.3893,70.5384,68.6942,66.8682,65.0699,63.3074,61.5868,59.9129,58.2895,56.7191,55.2033,53.743,52.3384,50.9893,49.6949,48.4543,47.2662,46.1291,45.0415,44.0017,43.008,42.0587,41.1519,40.2859,39.4592,38.6699,37.9166,37.1976,36.5116,35.857,35.2326,34.637,34.069,33.5275,33.0114,32.5197,32.0513,31.6055,31.1812,30.7777,30.3943,30.0302,29.6848,29.3574,29.0474,28.7544,28.4777,28.2168,27.9714,27.741,27.5252,27.3237,27.1361,26.962,26.8012,26.6534,26.5183,26.3957,26.2854,26.1872,26.1009,26.0262,25.9631,25.9114,25.8709,25.8415,25.8232,25.8158,25.8193,25.8335,25.8583,25.8938,25.9398,25.9963,26.0633,26.1406,26.2284,26.3265,26.4348,26.5535,26.6823,26.8214,26.9706,27.13,27.2994,27.4789,27.6683,27.8676,28.0766,28.2954,28.5238,28.7615,29.0086,29.2646,29.5295,29.803,30.0847,30.3743,30.6715,30.9757,31.2864,31.6031,31.9252,32.2519,32.5824,32.9158,33.2513,33.5877,33.9239,34.2588,34.591,34.9192,35.242,35.5578,35.8651,36.1624,36.448,36.7203,36.9778,37.2188,37.4417,37.6452,37.8278,37.9882,38.1251,38.2376,38.3246,38.3853,38.4192,38.4259,38.405,38.3566,38.2808,38.178,38.0489,37.8941,37.7147,37.5118,37.2868,37.0412,36.7765,36.4944,36.1968,35.8855,35.5623,35.2291,34.8879,34.5404,34.1884,33.8338,33.4781,33.1229,32.7698,32.4201,32.0751,31.7362,31.4043,31.0805,30.7659,30.4612,30.1672,29.8847,29.6143,29.3567,29.1123,28.8817,28.6654,28.4638,28.2774,28.1064,27.9514,27.8127,27.6907,27.5858,27.4984,27.429,27.3779,27.3456,27.3327,27.3397,27.3671,27.4157,27.486,27.5788,27.6949,27.8351,28.0005,28.1919,28.4104,28.6572,28.9336,29.2408,29.5802,29.9533,30.3617,30.8069,31.2907,31.8149,32.3811,32.9912,33.6469,34.3499,35.1019,35.9042,36.7582,37.6646,38.6239,39.6359,40.6998,41.8137,42.9745,44.1777,45.4167,46.6824,47.963,49.2427,50.5019,51.716,52.856,53.8887,54.7787,55.491,55.9946,56.2664,56.2944,56.0791,55.6331,54.9789,54.1452,53.1639,52.0671,50.8849,49.6445,48.3693,47.0795,45.7914,44.5184,43.2711,42.0573,40.8831,39.7526,38.6683,37.6317,36.6433,35.7026,34.8087,33.9602,33.1553,32.392,31.6683,30.9819,30.3305,29.7119,29.124,28.5645,28.0313,27.5226,27.0364,26.571,26.1246,25.6958,25.283,24.885,24.5004,24.1282,23.7673,23.4167,23.0756,22.7432,22.4188,22.1018,21.7916,21.4877,21.1896,20.8969,20.6094,20.3267,20.0485,19.7747,19.505,19.2393,18.9775,
 ,54,89.1083,90.3751,91.4199,92.2231,92.7693,93.0482,93.0553,92.7922,92.2662,91.4902,90.4819,89.2627,87.857,86.2905,84.59,82.7817,80.8909,78.9411,76.954,74.949,72.9428,70.95,68.9828,67.0511,65.163,63.3248,61.5413,59.8156,58.1502,56.5463,55.0043,53.5242,52.1051,50.746,49.4455,48.2021,47.0138,45.8787,44.795,43.7605,42.7734,41.8314,40.9329,40.0758,39.2582,38.4785,37.735,37.0259,36.3499,35.7053,35.0909,34.5053,33.9472,33.4156,32.9093,32.4272,31.9684,31.5321,31.1172,30.7231,30.349,29.9941,29.6579,29.3396,29.0388,28.7548,28.4872,28.2355,27.9992,27.778,27.5715,27.3792,27.201,27.0363,26.8851,26.747,26.6217,26.5091,26.4089,26.3209,26.245,26.181,26.1288,26.0881,26.059,26.0412,26.0348,26.0395,26.0554,26.0824,26.1203,26.1693,26.2291,26.2998,26.3814,26.4739,26.5771,26.6911,26.8159,26.9515,27.0978,27.2548,27.4226,27.601,27.7901,27.9898,28.2001,28.4208,28.652,28.8935,29.1453,29.407,29.6787,29.96,30.2508,30.5507,30.8595,31.1767,31.5018,31.8345,32.174,32.5198,32.871,33.227,33.5867,33.9491,34.3132,34.6777,35.0414,35.4027,35.7602,36.1124,36.4576,36.794,37.1199,37.4335,37.733,38.0166,38.2824,38.5288,38.754,38.9564,39.1346,39.2871,39.4128,39.5104,39.5792,39.6183,39.6273,39.6059,39.554,39.4718,39.3598,39.2185,39.0489,38.8521,38.6293,38.3822,38.1124,37.8217,37.5121,37.1855,36.8441,36.4899,36.1252,35.7519,35.3721,34.9879,34.601,34.2135,33.8269,33.443,33.0631,32.6887,32.3212,31.9616,31.6111,31.2705,30.9409,30.623,30.3174,30.0249,29.746,29.4813,29.2312,28.9961,28.7765,28.5727,28.385,28.2139,28.0596,27.9225,27.8029,27.7011,27.6175,27.5526,27.5066,27.48,27.4733,27.487,27.5216,27.5778,27.656,27.7572,27.8819,28.031,28.2054,28.406,28.6339,28.8901,29.1757,29.4921,29.8405,30.2222,30.6388,31.0916,31.5823,32.1124,32.6836,33.2974,33.9554,34.6592,35.4102,36.2097,37.0588,37.9584,38.9089,39.9102,40.9618,42.062,43.2081,44.3957,45.6183,46.8664,48.1265,49.3804,50.6037,51.7654,52.8281,53.7498,54.4871,55.001,55.2628,55.259,54.9935,54.4866,53.7703,52.8831,51.8643,50.7504,49.5729,48.3582,47.1273,45.8968,44.6794,43.4849,42.3207,41.1921,40.103,39.0559,38.0522,37.0926,36.1769,35.3046,34.4745,33.6853,32.9353,32.2227,31.5456,30.9019,30.2897,29.707,29.1517,28.6219,28.1158,27.6316,27.1676,26.7221,26.2938,25.881,25.4826,25.0972,24.7238,24.3613,24.0088,23.6654,23.3304,23.0029,22.6825,22.3685,22.0605,21.758,21.4606,21.168,20.8799,20.5961,20.3162,20.0403,19.7681,19.4996,19.2346,
 ,53,93.144,94.544,95.6997,96.5879,97.1905,97.4953,97.4969,97.1971,96.6047,95.735,94.6087,93.2512,91.6907,89.9572,88.0815,86.0932,84.0212,81.8916,79.7285,77.553,75.3832,73.2346,71.12,69.0497,67.0317,65.0724,63.1761,61.3459,59.5836,57.8901,56.2653,54.7087,53.219,51.7948,50.4342,49.1352,47.8956,46.7131,45.5855,44.5104,43.4855,42.5086,41.5776,40.6902,39.8446,39.0387,38.2706,37.5387,36.8413,36.1768,35.5437,34.9405,34.366,33.8189,33.2981,32.8024,32.3309,31.8824,31.4563,31.0516,30.6674,30.3032,29.9581,29.6316,29.3231,29.0319,28.7575,28.4995,28.2575,28.0309,27.8194,27.6226,27.4401,27.2718,27.1172,26.976,26.8481,26.7333,26.6312,26.5417,26.4647,26.3999,26.3472,26.3065,26.2777,26.2607,26.2554,26.2616,26.2794,26.3087,26.3494,26.4014,26.4649,26.5397,26.6258,26.7232,26.832,26.952,27.0834,27.2261,27.3801,27.5455,27.7221,27.9102,28.1095,28.3202,28.5422,28.7755,29.0199,29.2755,29.5422,29.8198,30.1082,30.4073,30.7167,31.0363,31.3657,31.7046,32.0525,32.409,32.7734,33.1451,33.5233,33.9072,34.2958,34.688,35.0827,35.4786,35.8741,36.2679,36.6582,37.0433,37.4213,37.7904,38.1485,38.4937,38.8239,39.1369,39.4309,39.7038,39.9537,40.1787,40.3772,40.5475,40.6882,40.7981,40.8761,40.9213,40.9331,40.9112,40.8555,40.7662,40.6436,40.4887,40.3023,40.0857,39.8404,39.5682,39.271,38.9509,38.6101,38.2508,37.8754,37.4864,37.0861,36.6768,36.261,35.8407,35.418,34.9951,34.5738,34.1557,33.7427,33.336,32.9371,32.5473,32.1676,31.7989,31.4423,31.0985,30.7681,30.4518,30.1502,29.8637,29.5928,29.3378,29.099,28.8769,28.6717,28.4836,28.313,28.1601,28.0252,27.9085,27.8104,27.7311,27.6711,27.6305,27.6099,27.6096,27.6302,27.672,27.7357,27.8219,27.9312,28.0642,28.2219,28.4049,28.6143,28.8508,29.1157,29.4098,29.7345,30.0908,30.4801,30.9038,31.3632,31.8598,32.395,32.9704,33.5876,34.2481,34.9535,35.7053,36.505,37.3541,38.2538,39.2052,40.2092,41.2662,42.3757,43.5361,44.7442,45.9936,47.2742,48.5696,49.8557,51.0988,52.2545,53.2695,54.0858,54.6494,54.92,54.8801,54.5386,53.9281,53.0969,52.0991,50.9862,49.8021,48.5816,47.3502,46.1262,44.9224,43.7474,42.6069,41.5045,40.4428,39.4231,38.446,37.5114,36.619,35.7679,34.957,34.1849,33.4501,32.751,32.0857,31.4524,30.8492,30.2744,29.7259,29.2021,28.7011,28.2213,27.761,27.3186,26.8927,26.4819,26.0849,25.7005,25.3276,24.9651,24.6122,24.2678,23.9314,23.6021,23.2793,22.9626,22.6514,22.3452,22.0438,21.7467,21.4537,21.1647,20.8792,20.5974,20.3189,20.0438,19.7719,19.5033,
 ,52,97.3097,98.8555,100.133,101.115,101.78,102.113,102.109,101.768,101.103,100.13,98.8743,97.3656,95.6367,93.7224,91.6577,89.4766,87.2112,84.8909,82.5421,80.1874,77.8467,75.536,73.2689,71.0556,68.9044,66.8211,64.81,62.8736,61.0132,59.2292,57.5211,55.8877,54.3273,52.8379,51.4173,50.0629,48.7722,47.5426,46.3713,45.2559,44.1936,43.1821,42.2188,41.3016,40.4281,39.5962,38.804,38.0495,37.3309,36.6466,35.9949,35.3744,34.7836,34.2212,33.6859,33.1767,32.6925,32.2321,31.7947,31.3794,30.9854,30.6118,30.258,29.9233,29.607,29.3086,29.0276,28.7634,28.5155,28.2836,28.0672,27.8659,27.6794,27.5073,27.3494,27.2053,27.0749,26.9579,26.854,26.7631,26.685,26.6196,26.5666,26.5261,26.4977,26.4816,26.4775,26.4854,26.5053,26.5371,26.5807,26.6362,26.7035,26.7826,26.8736,26.9763,27.0909,27.2174,27.3557,27.506,27.6682,27.8424,28.0286,28.2268,28.4371,28.6595,28.894,29.1406,29.3992,29.6699,29.9525,30.2471,30.5535,30.8715,31.2011,31.5418,31.8936,32.2559,32.6285,33.0109,33.4024,33.8024,34.2101,34.6246,35.045,35.4701,35.8987,36.3292,36.7603,37.1902,37.6171,38.039,38.454,38.8598,39.2542,39.635,39.9998,40.3463,40.6722,40.9752,41.2531,41.5039,41.7256,41.9162,42.0743,42.1982,42.2868,42.3391,42.3543,42.332,42.2721,42.1747,42.0404,41.8699,41.6644,41.4254,41.1545,40.8539,40.5256,40.172,39.7958,39.3995,38.9858,38.5575,38.1171,37.6676,37.2112,36.7506,36.2881,35.8259,35.366,34.9104,34.4607,34.0186,33.5854,33.1625,32.751,32.3519,31.966,31.5942,31.2372,30.8954,30.5695,30.2598,29.9667,29.6905,29.4316,29.1902,28.9664,28.7607,28.573,28.4037,28.2528,28.1208,28.0076,27.9137,27.8391,27.7844,27.7496,27.7352,27.7415,27.769,27.8181,27.8894,27.9833,28.1005,28.2417,28.4075,28.5988,28.8163,29.061,29.3338,29.6357,29.9679,30.3315,30.7277,31.1578,31.6232,32.1253,32.6656,33.2457,33.8673,34.5321,35.2421,35.9993,36.8058,37.664,38.5763,39.5455,40.5741,41.6647,42.8193,44.0388,45.3215,46.6617,48.0468,49.454,50.8466,52.1707,53.356,54.3207,54.9846,55.2867,55.2011,54.7446,53.9707,52.9545,51.775,50.5022,49.1903,47.8776,46.5885,45.3372,44.1314,42.9743,41.867,40.8088,39.7987,38.8352,37.9167,37.0415,36.208,35.4143,34.6588,33.9396,33.255,32.6031,31.9821,31.3901,30.8254,30.2862,29.7707,29.2772,28.804,28.3497,27.9126,27.4914,27.0846,26.6911,26.3095,25.9389,25.5781,25.2263,24.8826,24.5461,24.2163,23.8925,23.5741,23.2606,22.9518,22.6471,22.3463,22.0492,21.7554,21.4649,21.1774,20.893,20.6115,20.333,20.0573,19.7845,
 ,51,101.581,103.286,104.696,105.781,106.514,106.879,106.867,106.483,105.737,104.651,103.255,101.582,99.6718,97.5632,95.2965,92.9104,90.4407,87.9199,85.3766,82.8357,80.3179,77.8403,75.4166,73.0573,70.7705,68.5617,66.4346,64.3912,62.4324,60.5579,58.7665,57.0566,55.4259,53.8718,52.3916,50.9824,49.6412,48.365,47.1507,45.9954,44.8962,43.8505,42.8556,41.9088,41.0078,40.1504,39.3343,38.5575,37.818,37.1142,36.4442,35.8065,35.1995,34.622,34.0725,33.5499,33.053,32.5808,32.1323,31.7065,31.3026,30.9197,30.5572,30.2144,29.8905,29.585,29.2973,29.0269,28.7734,28.5361,28.3148,28.1091,27.9185,27.7428,27.5817,27.4348,27.3019,27.1828,27.0772,26.985,26.906,26.84,26.7868,26.7465,26.7188,26.7036,26.701,26.7108,26.7329,26.7674,26.8143,26.8734,26.9448,27.0285,27.1246,27.233,27.3539,27.4871,27.6329,27.7912,27.9621,28.1456,28.3419,28.551,28.7728,29.0076,29.2554,29.5161,29.7898,30.0766,30.3763,30.689,31.0146,31.3531,31.7042,32.0677,32.4436,32.8313,33.2307,33.6411,34.0621,34.493,34.9329,35.3811,35.8365,36.2978,36.7638,37.2329,37.7035,38.1737,38.6414,39.1047,39.5611,40.0082,40.4436,40.8646,41.2687,41.6531,42.0152,42.3525,42.6624,42.9425,43.1907,43.4046,43.5825,43.7227,43.8236,43.8842,43.9034,43.8809,43.8163,43.7099,43.5622,43.3741,43.147,42.8824,42.5824,42.2493,41.8856,41.4941,41.0777,40.6394,40.1823,39.7096,39.2242,38.7292,38.2276,37.7219,37.215,36.709,36.2064,35.7092,35.2192,34.7381,34.2674,33.8084,33.3623,32.9301,32.5127,32.1108,31.725,31.3559,31.004,30.6696,30.3529,30.0544,29.7742,29.5124,29.2693,29.045,28.8395,28.6531,28.4858,28.3378,28.2092,28.1002,28.0109,27.9415,27.8924,27.8637,27.8557,27.8688,27.9034,27.9598,28.0385,28.1401,28.2651,28.4141,28.5877,28.7868,29.012,29.2644,29.5446,29.8538,30.193,30.5634,30.9661,31.4025,31.8739,32.382,32.9284,33.515,34.1437,34.817,35.5375,36.3081,37.1324,38.0145,38.9591,39.9716,41.0581,42.2249,43.4785,44.8234,46.2608,47.7846,49.3758,50.9962,52.5811,54.0359,55.242,56.0756,56.4387,56.2904,55.6605,54.6385,53.3433,51.8929,50.3829,48.8803,47.4256,46.0396,44.7302,43.4977,42.3385,41.2475,40.2192,39.2484,38.3305,37.4614,36.6377,35.8561,35.114,34.4088,33.7381,33.0999,32.4921,31.9128,31.3599,30.8318,30.3267,29.8428,29.3786,28.9325,28.5029,28.0885,27.6879,27.2999,26.9232,26.5568,26.1996,25.8507,25.5092,25.1744,24.8455,24.522,24.2033,23.8889,23.5783,23.2715,22.9678,22.6672,22.3694,22.0743,21.7818,21.4918,21.2043,20.9193,20.6367,20.3566,20.0791,
 ,50,105.927,107.803,109.357,110.553,111.36,111.759,111.741,111.308,110.475,109.268,107.72,105.871,103.766,101.45,98.9703,96.3685,93.685,90.9556,88.2113,85.4786,82.7795,80.1317,77.5492,75.0424,72.619,70.2842,68.0411,65.8912,63.8345,61.8701,59.9964,58.2108,56.5107,54.8929,53.3541,51.8911,50.5002,49.1782,47.9216,46.7273,45.592,44.5128,43.4867,42.511,41.583,40.7005,39.8609,39.0622,38.3022,37.5791,36.8911,36.2364,35.6136,35.0211,34.4575,33.9217,33.4123,32.9284,32.4688,32.0326,31.6189,31.2269,30.8558,30.5048,30.1734,29.8608,29.5665,29.29,29.0308,28.7883,28.5622,28.3521,28.1575,27.9782,27.8139,27.6642,27.5289,27.4078,27.3006,27.2072,27.1273,27.0609,27.0077,26.9677,26.9408,26.9268,26.9258,26.9376,26.9622,26.9996,27.0498,27.1128,27.1886,27.2773,27.3788,27.4932,27.6206,27.761,27.9146,28.0814,28.2615,28.4549,28.6618,28.8824,29.1165,29.3645,29.6263,29.9021,30.1918,30.4956,30.8136,31.1457,31.4918,31.8521,32.2263,32.6144,33.0162,33.4314,33.8597,34.3006,34.7536,35.2182,35.6935,36.1785,36.6724,37.1737,37.6811,38.193,38.7075,39.2227,39.7363,40.2458,40.7489,41.2426,41.7243,42.1909,42.6394,43.0668,43.4702,43.8465,44.1929,44.5066,44.7851,45.0258,45.2266,45.3855,45.5007,45.571,45.5951,45.5725,45.5028,45.3863,45.2234,45.0153,44.7635,44.4697,44.1365,43.7663,43.3622,42.9274,42.4652,41.9792,41.4729,40.9499,40.4137,39.8677,39.3151,38.759,38.2024,37.6479,37.0979,36.5547,36.0203,35.4964,34.9846,34.4862,34.0025,33.5345,33.0829,32.6485,32.232,31.8336,31.454,31.0932,30.7517,30.4295,30.1268,29.8437,29.5802,29.3365,29.1125,28.9084,28.724,28.5596,28.4151,28.2906,28.1863,28.1022,28.0385,27.9953,27.973,27.9717,27.9917,28.0334,28.0971,28.1833,28.2924,28.4249,28.5814,28.7626,28.9692,29.2018,29.4614,29.7487,30.0649,30.4109,30.7879,31.1973,31.6404,32.1189,32.6345,33.1893,33.7858,34.4265,35.115,35.8551,36.6516,37.5103,38.4382,39.4438,40.5373,41.7303,43.036,44.4675,46.0357,47.745,49.5852,51.5208,53.4768,55.328,56.9007,58.0003,58.4653,58.2271,57.3386,55.9503,54.2532,52.4223,50.5875,48.8281,47.1834,45.6658,44.2728,42.9941,41.8174,40.7302,39.7211,38.7804,37.9001,37.0735,36.2949,35.5599,34.8645,34.2053,33.5797,32.9848,32.4185,31.8785,31.3629,30.8698,30.3974,29.9441,29.5083,29.0884,28.683,28.2907,27.9103,27.5406,27.1804,26.8288,26.4848,26.1474,25.816,25.4898,25.1681,24.8505,24.5365,24.2256,23.9175,23.6121,23.309,23.008,22.7091,22.4121,22.117,21.8238,21.5326,21.2433,20.9561,20.671,20.3882,
 ,49,110.307,112.364,114.073,115.388,116.276,116.712,116.686,116.201,115.275,113.937,112.227,110.191,107.881,105.349,102.645,99.8195,96.9153,93.9716,91.0219,88.0943,85.2119,82.3928,79.6511,76.997,74.4378,71.9781,69.6203,67.3652,65.2122,63.1597,61.2051,59.3456,57.5776,55.8976,54.3017,52.7861,51.3469,49.9802,48.6825,47.4501,46.2796,45.1676,44.1112,43.1072,42.153,41.2458,40.3833,39.5631,38.783,38.041,37.3353,36.664,36.0255,35.4182,34.8408,34.2918,33.7702,33.2746,32.8041,32.3576,31.9342,31.5331,31.1534,30.7945,30.4555,30.1359,29.8351,29.5525,29.2876,29.04,28.8091,28.5946,28.3962,28.2134,28.0459,27.8935,27.7559,27.6329,27.5241,27.4296,27.349,27.2822,27.2291,27.1896,27.1635,27.1509,27.1516,27.1656,27.1929,27.2334,27.2873,27.3544,27.4348,27.5286,27.6359,27.7566,27.891,28.039,28.2008,28.3765,28.5663,28.7702,28.9883,29.221,29.4681,29.73,30.0067,30.2984,30.6052,30.9271,31.2644,31.6171,31.9853,32.3689,32.7679,33.1823,33.612,34.0568,34.5163,34.9902,35.4782,35.9794,36.4933,37.0188,37.555,38.1004,38.6537,39.2131,39.7766,40.3421,40.907,41.4687,42.0243,42.5707,43.1047,43.623,44.1221,44.5985,45.0489,45.4697,45.8578,46.21,46.5232,46.7947,47.0219,47.2025,47.3344,47.416,47.446,47.4236,47.3483,47.2204,47.0403,46.8094,46.5293,46.2023,45.8309,45.4183,44.968,44.4837,43.9693,43.4289,42.8666,42.2866,41.6928,41.0892,40.4793,39.8668,39.2547,38.646,38.0435,37.4494,36.866,36.2952,35.7384,35.1971,34.6726,34.1657,33.6772,33.208,32.7583,32.3287,31.9195,31.5308,31.1629,30.8157,30.4893,30.1838,29.8991,29.6352,29.3919,29.1694,28.9674,28.7861,28.6253,28.485,28.3653,28.2662,28.1878,28.1301,28.0934,28.0777,28.0832,28.1103,28.1592,28.2302,28.3237,28.4402,28.5802,28.7441,28.9326,29.1463,29.3861,29.6527,29.947,30.2701,30.6231,31.0072,31.424,31.8751,32.3625,32.8884,33.4555,34.0672,34.7273,35.4409,36.2139,37.0539,37.9704,38.975,40.0825,41.3104,42.6799,44.2147,45.9391,47.8728,50.0218,52.361,54.8107,57.2106,59.3109,60.8062,61.4283,61.0606,59.7955,57.8864,55.6362,53.3013,51.0512,48.9736,47.0984,45.423,43.9286,42.5913,41.3876,40.2964,39.2998,38.3834,37.5353,36.7461,36.0082,35.3156,34.6633,34.047,33.4634,32.9094,32.3824,31.88,31.4,30.9406,30.4999,30.0763,29.668,29.2737,28.8919,28.5213,28.1608,27.809,27.4651,27.1279,26.7967,26.4706,26.1488,25.8308,25.516,25.2039,24.8941,24.5863,24.2801,23.9756,23.6724,23.3704,23.0697,22.7701,22.4718,22.1747,21.8791,21.5849,21.2923,21.0015,20.7126,
 ,48,114.671,116.92,118.79,120.233,121.206,121.681,121.647,121.108,120.083,118.607,116.727,114.495,111.971,109.214,106.282,103.227,100.098,96.9378,93.7815,90.6589,87.5939,84.6049,81.7058,78.9067,76.2142,73.6323,71.1626,68.8051,66.5584,64.4203,62.3875,60.4562,58.6226,56.8824,55.2313,53.6649,52.1789,50.7691,49.4316,48.1623,46.9576,45.814,44.728,43.6966,42.7168,41.7858,40.9009,40.0597,39.26,38.4996,37.7765,37.0888,36.4349,35.8132,35.2221,34.6603,34.1264,33.6194,33.1381,32.6814,32.2484,31.8383,31.4501,31.0832,30.7368,30.4102,30.1029,29.8143,29.5438,29.2911,29.0555,28.8367,28.6344,28.4481,28.2776,28.1226,27.9827,27.8578,27.7476,27.652,27.5708,27.5037,27.4508,27.4119,27.3869,27.3757,27.3783,27.3947,27.4248,27.4687,27.5264,27.5979,27.6832,27.7825,27.8958,28.0232,28.1648,28.3208,28.4913,28.6764,28.8764,29.0912,29.3212,29.5666,29.8275,30.104,30.3964,30.705,31.0298,31.371,31.7289,32.1035,32.495,32.9036,33.3291,33.7718,34.2314,34.708,35.2013,35.711,36.2368,36.778,37.334,37.904,38.4867,39.0809,39.685,40.2972,40.9154,41.5371,42.1597,42.7801,43.3951,44.0012,44.5946,45.1717,45.7283,46.2606,46.7646,47.2364,47.6723,48.0685,48.4217,48.7287,48.9863,49.192,49.3434,49.4384,49.4756,49.4537,49.3724,49.2316,49.032,48.775,48.4626,48.0972,47.682,47.2207,46.7173,46.1762,45.602,44.9995,44.3735,43.7286,43.0696,42.4008,41.7265,41.0505,40.3763,39.7074,39.0464,38.3962,37.7588,37.1363,36.5303,35.9423,35.3733,34.8244,34.2962,33.7894,33.3043,32.8413,32.4006,31.9823,31.5864,31.2129,30.8617,30.5327,30.2258,29.9408,29.6775,29.436,29.2159,29.0172,28.8396,28.6833,28.548,28.4337,28.3404,28.2681,28.2169,28.1868,28.178,28.1906,28.2248,28.281,28.3593,28.4602,28.584,28.7312,28.9024,29.098,29.3189,29.5657,29.8394,30.1408,30.4711,30.8317,31.2239,31.6496,32.1108,32.61,33.1503,33.7353,34.3698,35.0595,35.8117,36.6357,37.5431,38.5492,39.6728,40.9381,42.3749,44.019,45.9109,48.0913,50.5902,53.4045,56.4609,59.5671,62.3768,64.4238,65.2712,64.7234,62.9375,60.3299,57.3681,54.4129,51.6731,49.2339,47.1052,45.26,43.658,42.2586,41.0253,39.9277,38.9411,38.0461,37.2273,36.4727,35.7727,35.1198,34.5079,33.9322,33.3886,32.8735,32.3841,31.9178,31.4723,31.0456,30.6357,30.2409,29.8597,29.4905,29.1319,28.7826,28.4415,28.1075,27.7794,27.4565,27.1377,26.8225,26.5101,26.2,25.8916,25.5845,25.2784,24.9731,24.6683,24.364,24.0601,23.7564,23.4531,23.1503,22.8479,22.5462,22.2453,21.9454,21.6466,21.3493,21.0536,
 ,47,118.959,121.405,123.445,125.02,126.082,126.6,126.558,125.961,124.834,123.215,121.159,118.726,115.984,112.999,109.834,106.55,103.197,99.8213,96.461,93.1466,89.9028,86.7481,83.6962,80.7566,77.9354,75.2356,72.6583,70.2024,67.8661,65.6459,63.538,61.5383,59.6419,57.8441,56.14,54.525,52.9941,51.543,50.1672,48.8626,47.625,46.4509,45.3365,44.2786,43.274,42.3198,41.4132,40.5517,39.7328,38.9544,38.2144,37.5107,36.8418,36.2058,35.6013,35.0268,34.481,33.9626,33.4706,33.0039,32.5614,32.1423,31.7457,31.3709,31.0171,30.6836,30.3699,30.0753,29.7993,29.5414,29.3012,29.0781,28.872,28.6823,28.5088,28.3512,28.2091,28.0825,27.9709,27.8743,27.7926,27.7254,27.6728,27.6346,27.6107,27.6012,27.6059,27.6248,27.6579,27.7053,27.767,27.8431,27.9336,28.0386,28.1583,28.2927,28.442,28.6063,28.7859,28.9809,29.1915,29.4179,29.6604,29.9191,30.1944,30.4864,30.7954,31.1217,31.4656,31.8272,32.2069,32.6048,33.0212,33.4563,33.9102,34.383,34.8749,35.3857,35.9154,36.4638,37.0307,37.6154,38.2175,38.836,39.47,40.118,40.7785,41.4495,42.1288,42.8136,43.5011,44.1878,44.87,45.5438,46.2049,46.8489,47.4713,48.0675,48.6329,49.1631,49.6537,50.1006,50.4998,50.8476,51.1406,51.3756,51.5497,51.6606,51.7064,51.6857,51.5977,51.4425,51.2206,50.9338,50.5841,50.1745,49.7089,49.1914,48.6268,48.0204,47.3775,46.7037,46.0048,45.286,44.5529,43.8103,43.0632,42.3158,41.5722,40.8359,40.1102,39.3976,38.7008,38.0216,37.3618,36.7227,36.1055,35.5111,34.9401,34.3929,33.87,33.3714,32.8973,32.4475,32.0221,31.6209,31.2436,30.8901,30.56,30.2531,29.9692,29.708,29.4692,29.2526,29.0581,28.8853,28.7341,28.6044,28.4962,28.4092,28.3435,28.2991,28.2761,28.2744,28.2942,28.3358,28.3993,28.4849,28.5931,28.7242,28.8787,29.057,29.2599,29.4879,29.7419,30.0228,30.3318,30.6701,31.0393,31.4412,31.8779,32.3522,32.8675,33.4277,34.0382,34.7055,35.438,36.2463,37.1446,38.1505,39.2876,40.5858,42.0834,43.8287,45.8796,48.3011,51.1537,54.4678,58.1921,62.114,65.7821,68.523,69.661,68.8839,66.445,62.9915,59.2054,55.5648,52.308,49.5028,47.1263,45.1202,43.4196,41.965,40.7072,39.6063,38.6313,37.7582,36.9683,36.2473,35.5838,34.9692,34.3963,33.8596,33.3544,32.877,32.4241,31.9929,31.581,31.1861,30.8064,30.44,30.0853,29.7408,29.4051,29.077,28.7551,28.4385,28.1261,27.8171,27.5106,27.2059,26.9025,26.5998,26.2973,25.9948,25.6919,25.3884,25.0843,24.7795,24.4741,24.168,23.8613,23.5543,23.247,22.9397,22.6327,22.3262,22.0205,21.7157,21.4123,
 ,46,123.103,125.749,127.96,129.671,130.825,131.386,131.336,130.682,129.45,127.686,125.452,122.818,119.858,116.646,113.253,109.742,106.171,102.587,99.0293,95.5305,92.1153,88.8023,85.6048,82.5318,79.5885,76.7772,74.0981,71.5494,69.1282,66.8306,64.6519,62.5874,60.6317,58.7794,57.0253,55.3641,53.7908,52.3004,50.8882,49.5497,48.2808,47.0775,45.9359,44.8525,43.8241,42.8475,41.92,41.0387,40.2013,39.4054,38.6488,37.9296,37.2459,36.5959,35.9782,35.3913,34.8337,34.3042,33.8016,33.3249,32.873,32.445,32.0401,31.6575,31.2963,30.956,30.6359,30.3353,30.0538,29.7909,29.546,29.3188,29.1089,28.9159,28.7394,28.5792,28.4351,28.3067,28.1939,28.0964,28.0142,27.947,27.8948,27.8574,27.8348,27.827,27.8339,27.8555,27.8919,27.9431,28.009,28.0899,28.1858,28.2968,28.4231,28.5648,28.7221,28.8952,29.0843,29.2896,29.5114,29.7499,30.0055,30.2783,30.5687,30.877,31.2035,31.5486,31.9125,32.2957,32.6984,33.1211,33.5639,34.0272,34.5113,35.0164,35.5427,36.0903,36.6593,37.2495,37.8609,38.493,39.1453,39.8171,40.5075,41.215,41.938,42.6745,43.4221,44.1779,44.9386,45.7003,46.4589,47.2098,47.9481,48.6687,49.3664,50.0358,50.6716,51.2688,51.8223,52.3275,52.7798,53.1749,53.5088,53.7778,53.9787,54.1085,54.1648,54.1459,54.0508,53.8793,53.6321,53.3109,52.9182,52.4576,51.9335,51.3509,50.7156,50.0337,49.3116,48.5559,47.7733,46.9701,46.1524,45.3262,44.4968,43.6691,42.8475,42.0361,41.2382,40.4567,39.6942,38.9528,38.2341,37.5395,36.87,36.2264,35.6093,35.0189,34.4554,33.9189,33.4093,32.9263,32.4698,32.0394,31.6348,31.2556,30.9015,30.5719,30.2666,29.9851,29.7271,29.4923,29.2803,29.0908,28.9236,28.7784,28.6551,28.5534,28.4733,28.4146,28.3774,28.3617,28.3674,28.3946,28.4436,28.5145,28.6076,28.7232,28.8616,29.0233,29.2089,29.419,29.6544,29.9159,30.2047,30.522,30.8694,31.2488,31.6625,32.1133,32.6047,33.1413,33.7286,34.3738,35.0862,35.8776,36.7638,37.765,38.9078,40.2272,41.7688,43.5915,45.7691,48.3893,51.5441,55.302,59.6451,64.3581,68.8966,72.3673,73.8184,72.7965,69.6711,65.3585,60.7704,56.4927,52.7761,49.6584,47.0787,44.9465,43.1727,41.6815,40.4117,39.3161,38.3583,37.5104,36.7513,36.0646,35.4378,34.861,34.3264,33.828,33.3605,32.92,32.5029,32.1061,31.7272,31.3637,31.0138,30.6755,30.3471,30.0272,29.7142,29.4069,29.1041,28.8048,28.5079,28.2125,27.918,27.6236,27.3288,27.0331,26.736,26.4374,26.1371,25.8348,25.5306,25.2246,24.9168,24.6073,24.2964,23.9842,23.6711,23.3573,23.0431,22.729,22.4152,22.102,21.7899,
 ,45,127.026,129.869,132.25,134.095,135.341,135.946,135.889,135.178,133.843,131.937,129.529,126.698,123.527,120.096,116.484,112.759,108.98,105.198,101.455,97.7836,94.2083,90.7477,87.4149,84.2179,81.1613,78.2466,75.4731,72.8383,70.3385,67.969,65.7246,63.5998,61.5888,59.6857,57.8848,56.1804,54.5671,53.0397,51.5932,50.2228,48.9242,47.6931,46.5256,45.4179,44.3666,43.3686,42.4209,41.5206,40.6652,39.8523,39.0797,38.3453,37.6471,36.9836,36.3529,35.7537,35.1845,34.6439,34.131,33.6444,33.1832,32.7465,32.3333,31.9428,31.5744,31.2273,30.9008,30.5943,30.3074,30.0394,29.79,29.5586,29.3449,29.1486,28.9693,28.8066,28.6604,28.5304,28.4163,28.3181,28.2355,28.1683,28.1166,28.0802,28.059,28.0531,28.0624,28.0869,28.1266,28.1817,28.2521,28.338,28.4396,28.5569,28.6901,28.8395,29.0051,29.1874,29.3864,29.6025,29.836,30.0872,30.3564,30.6439,30.9502,31.2755,31.6204,31.9852,32.3703,32.7762,33.2034,33.6521,34.123,34.6163,35.1326,35.6721,36.2353,36.8223,37.4335,38.0688,38.7284,39.412,40.1192,40.8494,41.6018,42.375,43.1675,43.9771,44.8013,45.6369,46.4804,47.3273,48.1729,49.0119,49.8386,50.6471,51.4312,52.1847,52.9015,53.5758,54.2018,54.7741,55.2876,55.7373,56.1188,56.4277,56.6601,56.8124,56.8817,56.8657,56.763,56.5732,56.2969,55.9361,55.4937,54.9738,54.3817,53.7235,53.0059,52.2364,51.4226,50.5724,49.6935,48.7933,47.8792,46.9578,46.0351,45.1168,44.2077,43.3123,42.4341,41.5762,40.7414,39.9316,39.1486,38.3935,37.6673,36.9706,36.3039,35.6671,35.0605,34.4836,33.9364,33.4183,32.9291,32.4681,32.035,31.6291,31.2498,30.8968,30.5694,30.2671,29.9894,29.7359,29.5062,29.2998,29.1163,28.9555,28.817,28.7006,28.6061,28.5333,28.4821,28.4525,28.4443,28.4576,28.4925,28.5491,28.6275,28.7281,28.8511,28.9969,29.166,29.359,29.5766,29.8197,30.0893,30.3867,30.7135,31.0715,31.4632,31.8914,32.3599,32.8733,33.4375,34.0601,34.7509,35.5226,36.3919,37.3805,38.5173,39.8403,41.3998,43.2617,45.5102,48.2489,51.5922,55.6383,60.399,65.6668,70.8385,74.8569,76.5479,75.3408,71.7021,66.7649,61.6147,56.908,52.8946,49.5846,46.8873,44.6887,42.8831,41.3834,40.1212,39.0439,38.1119,37.295,36.5703,35.9202,35.3312,34.7928,34.2968,33.8365,33.4066,33.0027,32.621,32.2584,31.9123,31.5801,31.2598,30.9495,30.6474,30.3519,30.0617,29.7753,29.4915,29.2094,28.9278,28.646,28.3632,28.0788,27.7922,27.5029,27.2108,26.9155,26.617,26.3151,26.0099,25.7018,25.3907,25.0769,24.7606,24.4422,24.1221,23.8006,23.4782,23.1553,22.8323,22.5097,22.1878,
 ,44,130.648,133.678,136.221,138.195,139.531,140.178,140.116,139.351,137.918,135.877,133.305,130.29,126.921,123.288,119.473,115.55,111.581,107.62,103.708,99.8797,96.1594,92.5655,89.1102,85.8013,82.6424,79.6343,76.7754,74.0625,71.4913,69.0565,66.7521,64.5723,62.5105,60.5606,58.7165,56.9721,55.3218,53.7599,52.2813,50.8811,49.5545,48.2972,47.1051,45.9744,44.9014,43.8829,42.9158,41.9972,41.1245,40.2952,39.5069,38.7577,38.0456,37.3687,36.7253,36.114,35.5333,34.982,34.4587,33.9624,33.4919,33.0465,32.6251,32.2269,31.8512,31.4973,31.1645,30.8522,30.5598,30.2869,30.0329,29.7974,29.58,29.3804,29.1982,29.0332,28.8849,28.7533,28.6381,28.5392,28.4563,28.3893,28.3382,28.3028,28.2832,28.2793,28.291,28.3185,28.3618,28.421,28.4961,28.5873,28.6947,28.8186,28.9591,29.1164,29.2908,29.4825,29.6919,29.9193,30.165,30.4293,30.7128,31.0157,31.3386,31.6818,32.046,32.4315,32.8389,33.2687,33.7215,34.1979,34.6984,35.2236,35.774,36.3502,36.9528,37.5821,38.2385,38.9225,39.6342,40.3737,41.1407,41.9349,42.7555,43.6014,44.471,45.3623,46.2725,47.1983,48.1356,49.0795,50.0246,50.9647,51.8931,52.8028,53.6865,54.537,55.3472,56.1103,56.8197,57.4694,58.0536,58.5667,59.0036,59.3592,59.6288,59.8081,59.8934,59.8817,59.7711,59.5607,59.2512,58.8445,58.3442,57.7552,57.0837,56.337,55.5234,54.6519,53.7315,52.7717,51.7815,50.7699,49.7453,48.7152,47.6867,46.666,45.6586,44.6691,43.7016,42.7591,41.8445,40.9597,40.1063,39.2854,38.4978,37.7439,37.0239,36.3376,35.6848,35.0652,34.4781,33.9231,33.3995,32.9065,32.4436,32.0099,31.6047,31.2274,30.8772,30.5535,30.2557,29.9832,29.7354,29.5118,29.3119,29.1354,28.9817,28.8507,28.7419,28.6551,28.5901,28.5468,28.525,28.5247,28.5459,28.5885,28.6529,28.739,28.8472,28.9777,29.1311,29.3078,29.5085,29.734,29.9854,30.2639,30.5709,30.9085,31.279,31.6853,32.1313,32.6216,33.1623,33.7611,34.428,35.1761,36.0221,36.9886,38.1048,39.4097,40.9549,42.8078,45.0553,47.8046,51.1757,55.2741,60.1195,65.5078,70.8243,74.9725,76.7231,75.4752,71.7201,66.6456,61.3786,56.5909,52.5303,49.1993,46.4999,44.3123,42.5269,41.0538,39.8228,38.7801,37.8849,37.1064,36.421,35.8107,35.2617,34.7632,34.3065,33.8849,33.4928,33.1256,32.7795,32.4512,32.1379,31.8371,31.5467,31.2645,30.9888,30.718,30.4505,30.1851,29.9205,29.6555,29.3893,29.1209,28.8496,28.5748,28.296,28.0128,27.725,27.4323,27.1348,26.8325,26.5254,26.2141,25.8986,25.5792,25.2564,24.9306,24.6023,24.2719,23.94,23.6071,23.2737,22.9403,22.6074,
 ,43,133.886,137.085,139.776,141.869,143.287,143.974,143.908,143.095,141.576,139.414,136.696,133.516,129.972,126.16,122.168,118.071,113.936,109.818,105.76,101.795,97.9486,94.2387,90.677,87.2704,84.022,80.932,77.9981,75.2164,72.582,70.089,67.7312,65.5019,63.3945,61.4024,59.519,57.7382,56.0539,54.4603,52.9521,51.524,50.1714,48.8895,47.6744,46.5218,45.4283,44.3903,43.4047,42.4686,41.5792,40.734,39.9307,39.1671,38.4412,37.7512,37.0955,36.4723,35.8804,35.3183,34.7848,34.2788,33.7992,33.3451,32.9155,32.5097,32.1268,31.7661,31.427,31.1088,30.811,30.5331,30.2746,30.035,29.814,29.6112,29.4262,29.2587,29.1086,28.9754,28.8591,28.7595,28.6764,28.6096,28.5592,28.525,28.507,28.5053,28.5197,28.5503,28.5974,28.6608,28.7408,28.8375,28.951,29.0817,29.2297,29.3952,29.5787,29.7803,30.0005,30.2396,30.498,30.7761,31.0744,31.3934,31.7336,32.0956,32.4799,32.8871,33.3179,33.7729,34.2528,34.7582,35.29,35.8489,36.4356,37.0508,37.6953,38.3698,39.0749,39.8112,40.5792,41.3792,42.2113,43.0755,43.9711,44.8974,45.8529,46.8355,47.8425,48.8703,49.9143,50.9692,52.0285,53.0851,54.1309,55.1577,56.1568,57.1195,58.0376,58.9031,59.7088,60.4477,61.1135,61.7,62.2014,62.6118,62.9256,63.1375,63.2428,63.2374,63.1188,62.8854,62.5378,62.0779,61.51,60.8399,60.0751,59.2245,58.2983,57.3072,56.2624,55.1749,54.0559,52.9156,51.764,50.6097,49.4608,48.3243,47.2062,46.1114,45.0443,44.0081,43.0054,42.0383,41.1082,40.2158,39.3618,38.5463,37.7691,37.0298,36.3281,35.663,35.034,34.4401,33.8804,33.354,32.86,32.3975,31.9655,31.5631,31.1896,30.844,30.5256,30.2337,29.9676,29.7267,29.5103,29.318,29.1491,29.0034,28.8804,28.7798,28.7012,28.6445,28.6094,28.5959,28.6037,28.633,28.6837,28.7559,28.8499,28.9659,29.1042,29.2653,29.4499,29.6587,29.8926,30.153,30.4411,30.759,31.109,31.4939,31.9176,32.3846,32.901,33.4744,34.1147,34.8345,35.6506,36.5845,37.6647,38.9286,40.4254,42.2186,44.389,47.0345,50.2613,54.1562,58.7198,63.7423,68.6451,72.4375,74.0358,72.9161,69.5062,64.8518,59.9684,55.4834,51.6465,48.4782,45.8993,43.8046,42.0942,40.6848,39.5103,38.5194,37.6729,36.941,36.3006,35.7341,35.2278,34.771,34.355,33.973,33.6194,33.2895,32.9795,32.686,32.406,32.137,31.8767,31.623,31.3742,31.1283,30.8841,30.6399,30.3945,30.1469,29.896,29.6409,29.381,29.1155,28.8441,28.5664,28.2822,27.9914,27.6941,27.3903,27.0804,26.7647,26.4436,26.1174,25.7867,25.4521,25.1141,24.7734,24.4305,24.0862,23.7409,23.3954,23.0502,
 ,42,136.663,140.005,142.823,145.018,146.507,147.231,147.163,146.312,144.72,142.459,139.62,136.304,132.617,128.658,124.519,120.281,116.011,111.764,107.586,103.509,99.5589,95.7533,92.1034,88.6155,85.2924,82.1334,79.136,76.2957,73.6071,71.0639,68.6595,66.387,64.2394,62.2097,60.2913,58.4777,56.7627,55.1403,53.605,52.1514,50.7747,49.4701,48.2333,47.0603,45.9473,44.8909,43.8877,42.9348,42.0294,41.1689,40.351,39.5734,38.8342,38.1314,37.4635,36.8287,36.2256,35.6529,35.1093,34.5937,34.105,33.6423,33.2046,32.7911,32.4009,32.0335,31.6881,31.3641,31.061,30.7781,30.5151,30.2714,30.0468,29.8407,29.653,29.4832,29.3311,29.1965,29.0792,28.9789,28.8957,28.8293,28.7796,28.7467,28.7305,28.7309,28.7481,28.7821,28.833,28.9009,28.9859,29.0883,29.2082,29.3459,29.5017,29.6758,29.8687,30.0806,30.3119,30.5631,30.8347,31.1272,31.441,31.7767,32.135,32.5165,32.9219,33.3518,33.807,34.2884,34.7967,35.3329,35.8977,36.4922,37.1172,37.7738,38.4629,39.1856,39.9427,40.7352,41.5639,42.4295,43.3325,44.2731,45.2513,46.2664,47.3174,48.4022,49.5183,50.6617,51.8277,53.0099,54.201,55.3925,56.5748,57.7378,58.871,59.9641,61.0071,61.9911,62.9077,63.7495,64.5094,65.181,65.7575,66.2324,66.5989,66.8503,66.9808,66.9848,66.8584,66.5995,66.208,65.6862,65.0389,64.2732,63.3982,62.4249,61.3658,60.234,59.043,57.8064,56.5372,55.248,53.9499,52.6534,51.3673,50.0995,48.8566,47.6439,46.4658,45.3257,44.2262,43.1688,42.1549,41.185,40.2592,39.3774,38.539,37.7433,36.9895,36.2765,35.6032,34.9685,34.3711,33.8099,33.2837,32.7913,32.3316,31.9035,31.506,31.138,30.7987,30.4871,30.2025,29.9441,29.7111,29.5029,29.319,29.1587,29.0217,28.9074,28.8154,28.7456,28.6976,28.6711,28.666,28.6823,28.7199,28.7789,28.8592,28.9613,29.0852,29.2315,29.4007,29.5935,29.8108,30.0538,30.3238,30.6226,30.9526,31.3165,31.7179,32.1613,32.6525,33.1988,33.8095,34.4968,35.276,36.1674,37.1971,38.3988,39.8161,41.5042,43.531,45.975,48.9149,52.4027,56.4055,60.7097,64.8148,67.932,69.2421,68.3594,65.5978,61.7454,57.6055,53.7138,50.315,47.4606,45.1067,43.1762,41.5899,40.2781,39.1835,38.2609,37.4747,36.7975,36.208,35.6895,35.229,34.816,34.4424,34.1014,33.7874,33.4958,33.2226,32.9645,32.7186,32.482,32.2526,32.0281,31.8067,31.5864,31.3658,31.1433,30.9176,30.6876,30.4521,30.2104,29.9616,29.7052,29.4408,29.168,28.8868,28.597,28.2988,27.9925,27.6784,27.3571,27.0289,26.6945,26.3544,26.0094,25.6602,25.3075,24.9521,24.5947,24.236,23.8768,23.5177,
 ,41,138.913,142.365,145.28,147.555,149.1,149.854,149.789,148.912,147.269,144.936,142.008,138.594,134.801,130.735,126.489,122.147,117.777,113.435,109.167,105.006,100.978,97.099,93.381,89.8299,86.4479,83.2341,80.1855,77.2975,74.5643,71.9794,69.5358,67.2266,65.0443,62.9822,61.0331,59.1906,57.4483,55.8,54.2401,52.7634,51.3645,50.0389,48.7821,47.5901,46.4588,45.385,44.3651,43.3962,42.4754,41.6002,40.7681,39.9769,39.2247,38.5094,37.8295,37.1832,36.5691,35.9859,35.4323,34.9072,34.4094,33.9381,33.4922,33.071,32.6737,32.2996,31.9479,31.618,31.3095,31.0217,30.7542,30.5065,30.2782,30.069,29.8784,29.7063,29.5524,29.4164,29.2981,29.1973,29.114,29.0479,28.9992,28.9676,28.9532,28.956,28.9761,29.0135,29.0684,29.1409,29.2312,29.3395,29.466,29.611,29.7749,29.9579,30.1604,30.3829,30.6258,30.8897,31.175,31.4822,31.8121,32.1653,32.5424,32.9442,33.3715,33.8252,34.306,34.815,35.3532,35.9215,36.521,37.153,37.8186,38.519,39.2556,40.0295,40.8422,41.6949,42.5889,43.5254,44.5053,45.5294,46.5981,47.7114,48.8686,50.068,51.3072,52.5822,53.8878,55.217,56.561,57.9098,59.2517,60.5742,61.8643,63.1094,64.2977,65.4187,66.4632,67.4232,68.2915,69.0612,69.7253,70.2762,70.7058,71.0058,71.1682,71.1857,71.0526,70.7655,70.3237,69.7295,68.9885,68.1094,67.1034,65.9843,64.7673,63.4688,62.1054,60.6936,59.2491,57.7865,56.3193,54.8593,53.4166,51.9998,50.6162,49.2713,47.9697,46.7145,45.5081,44.3519,43.2468,42.1928,41.1896,40.2367,39.3329,38.4773,37.6683,36.9047,36.1849,35.5074,34.8707,34.2733,33.7137,33.1905,32.7023,32.2478,31.8257,31.435,31.0744,30.7429,30.4396,30.1635,29.9139,29.69,29.491,29.3163,29.1654,29.0376,28.9326,28.85,28.7893,28.7503,28.7328,28.7366,28.7616,28.8078,28.8752,28.9639,29.0742,29.2063,29.3609,29.5384,29.7398,29.9661,30.2186,30.499,30.8094,31.1525,31.5317,31.9512,32.4163,32.9339,33.5125,34.1631,34.8998,35.7402,36.7073,37.8296,39.1433,40.6924,42.5285,44.7064,47.2736,50.2453,53.56,57.0155,60.2138,62.5882,63.5874,62.9606,60.9111,57.9669,54.7004,51.5314,48.6835,46.2331,44.1724,42.4567,41.0312,39.8435,38.8481,38.0075,37.2917,36.6767,36.1435,35.6771,35.2654,34.8988,34.5695,34.271,33.9979,33.7458,33.5107,33.2891,33.0782,32.8751,32.6775,32.4831,32.2899,32.0961,31.8998,31.6996,31.4941,31.282,31.0622,30.8339,30.5962,30.3486,30.0908,29.8223,29.5432,29.2535,28.9535,28.6434,28.3237,27.9952,27.6585,27.3141,26.9629,26.6057,26.2435,25.877,25.5072,25.1349,24.7611,24.3864,24.0118,
 ,40,140.587,144.11,147.088,149.414,150.999,151.776,151.716,150.828,149.159,146.787,143.81,140.34,136.488,132.359,128.051,123.647,119.216,114.816,110.491,106.277,102.197,98.2698,94.5054,90.9101,87.486,84.2321,81.1453,78.2209,75.453,72.8349,70.3598,68.0204,65.8095,63.7199,61.7446,59.8771,58.1108,56.4397,54.858,53.3602,51.9414,50.5966,49.3213,48.1115,46.9632,45.8729,44.8372,43.8531,42.9176,42.0282,41.1824,40.3781,39.6131,38.8855,38.1937,37.5361,36.9111,36.3175,35.7539,35.2192,34.7124,34.2325,33.7785,33.3496,32.9451,32.5642,32.2062,31.8705,31.5565,31.2638,30.9918,30.74,30.5081,30.2957,30.1025,29.9281,29.7723,29.6349,29.5156,29.4144,29.3311,29.2655,29.2177,29.1875,29.1751,29.1804,29.2034,29.2445,29.3035,29.3808,29.4765,29.5908,29.7241,29.8767,30.0488,30.241,30.4536,30.6871,30.942,31.2188,31.5183,31.8409,32.1875,32.5587,32.9553,33.3783,33.8285,34.3068,34.8144,35.3523,35.9216,36.5236,37.1597,37.8312,38.5395,39.2862,40.0729,40.9014,41.7732,42.6903,43.6544,44.6673,45.7305,46.8456,48.0136,49.2352,50.5105,51.8384,53.2168,54.6419,56.1081,57.6076,59.1303,60.6638,62.1938,63.7044,65.1793,66.6028,67.9604,69.24,70.4314,71.5268,72.5192,73.402,74.1679,74.8086,75.3142,75.6743,75.8779,75.9151,75.7775,75.4598,74.9601,74.2809,73.4287,72.4141,71.2513,69.9575,68.5519,67.0548,65.4869,63.8681,62.2177,60.5531,58.8898,57.2415,55.6196,54.0336,52.4911,50.9981,49.5588,48.1762,46.8524,45.5881,44.3838,43.2388,42.1524,41.1232,40.1498,39.2305,38.3633,37.5465,36.778,36.0559,35.3783,34.7433,34.1492,33.5943,33.0768,32.5953,32.1482,31.7343,31.3521,31.0005,30.6784,30.3847,30.1185,29.8788,29.6649,29.4759,29.3113,29.1704,29.0526,28.9575,28.8846,28.8335,28.804,28.7959,28.8088,28.8428,28.8978,28.9738,29.071,29.1898,29.3304,29.4934,29.6796,29.8899,30.1255,30.388,30.6793,31.0019,31.3589,31.7542,32.1926,32.6802,33.2247,33.8357,34.5252,35.3085,36.2043,37.2356,38.4304,39.8209,41.4422,43.3271,45.4957,47.9356,50.5717,53.2296,55.6147,57.3483,58.0863,57.6772,56.243,54.1121,51.6638,49.2042,46.9213,44.9009,43.1616,41.6862,40.4429,39.3963,38.5134,37.7652,37.1277,36.5809,36.1087,35.698,35.3382,35.0203,34.7374,34.4832,34.2527,34.0416,33.8459,33.6622,33.4877,33.3194,33.1548,32.9918,32.828,32.6615,32.4906,32.3136,32.1289,31.9352,31.7315,31.5168,31.2902,31.0512,30.7994,30.5346,30.2568,29.9661,29.6629,29.3476,29.0208,28.6835,28.3363,27.98,27.6157,27.2444,26.867,26.4847,26.0985,25.7093,25.3183,24.9263,24.5342,
 ,39,141.661,145.211,148.214,150.562,152.165,152.957,152.907,152.025,150.358,147.983,145.001,141.522,137.659,133.517,129.193,124.771,120.321,115.901,111.556,107.319,103.216,99.2649,95.4761,91.8561,88.407,85.128,82.0162,79.0668,76.2741,73.6317,71.1326,68.7697,66.5358,64.4238,62.4268,60.5381,58.7513,57.0603,55.4593,53.9429,52.506,51.1437,49.8515,48.6253,47.4612,46.3554,45.3048,44.3061,43.3565,42.4534,41.5944,40.7771,39.9996,39.26,38.5566,37.8877,37.2519,36.6478,36.0743,35.5301,35.0142,34.5256,34.0634,33.6269,33.215,32.8273,32.463,32.1214,31.802,31.5043,31.2278,30.9719,30.7364,30.5209,30.3249,30.1483,29.9907,29.8519,29.7317,29.6301,29.5468,29.4817,29.4349,29.4063,29.3958,29.4037,29.4299,29.4746,29.538,29.6201,29.7214,29.842,29.9823,30.1426,30.3233,30.5249,30.7478,30.9927,31.2599,31.5502,31.8643,32.2028,32.5666,32.9565,33.3734,33.8184,34.2923,34.7963,35.3317,35.8997,36.5016,37.1389,37.8132,38.5261,39.2793,40.0749,40.9146,41.8008,42.7355,43.7213,44.7604,45.8553,47.0086,48.2224,49.4991,50.8402,52.2466,53.7185,55.2544,56.851,58.5027,60.2008,61.9337,63.686,65.4398,67.1745,68.8691,70.5032,72.0589,73.5218,74.8814,76.1306,77.2638,78.2759,79.16,79.9069,80.5049,80.9401,81.1977,81.2635,81.1254,80.7752,80.2093,79.4298,78.4446,77.2669,75.9149,74.4104,72.7777,71.0424,69.2303,67.3661,65.4729,63.5716,61.6804,59.8148,57.9876,56.2092,54.4875,52.8283,51.2358,49.7124,48.2595,46.8773,45.5652,44.3221,43.1463,42.0358,40.9883,40.0016,39.0731,38.2004,37.381,36.6125,35.8924,35.2187,34.5891,34.0016,33.4542,32.9451,32.4727,32.0352,31.6313,31.2595,30.9185,30.6072,30.3244,30.0691,29.8403,29.6373,29.4593,29.3055,29.1752,29.068,28.9833,28.9206,28.8796,28.8599,28.8614,28.8838,28.927,28.991,29.0759,29.1819,29.3092,29.4584,29.6301,29.8251,30.0444,30.2896,30.5624,30.8648,31.1998,31.5708,31.9821,32.4389,32.9479,33.5173,34.1571,34.8794,35.6992,36.6339,37.7035,38.9296,40.3332,41.9295,43.7194,45.6754,47.7228,49.7226,51.4685,52.718,53.2642,53.0188,52.0527,50.5622,48.7886,46.9434,45.1739,43.5614,42.1385,40.9069,39.8525,38.9546,38.1913,37.5418,36.9878,36.5137,36.1063,35.7544,35.449,35.1823,34.9478,34.7399,34.5538,34.3854,34.2308,34.0868,33.9503,33.8184,33.6885,33.5582,33.4253,33.2877,33.1433,32.9905,32.8275,32.6531,32.4659,32.265,32.0495,31.8189,31.5727,31.3109,31.0334,30.7405,30.4327,30.1105,29.7748,29.4267,29.067,28.6967,28.317,27.9292,27.5344,27.1339,26.7289,26.3206,25.9101,25.4985,25.0869,
 ,38,142.135,145.669,148.659,150.999,152.6,153.398,153.364,152.505,150.867,148.528,145.584,142.144,138.318,134.211,129.919,125.525,121.099,116.697,112.365,108.137,104.039,100.089,96.2975,92.6719,89.2147,85.9253,82.8012,79.8381,77.0304,74.3721,71.8564,69.4764,67.2251,65.0956,63.0811,61.1749,59.3709,57.6629,56.0452,54.5124,53.0594,51.6813,50.3737,49.1324,47.9535,46.8333,45.7685,44.7559,43.7928,42.8765,42.0045,41.1747,40.3849,39.6334,38.9184,38.2383,37.5916,36.9772,36.3936,35.8398,35.3148,34.8175,34.3471,33.9027,33.4836,33.089,32.7182,32.3707,32.0459,31.7431,31.462,31.2021,30.963,30.7443,30.5456,30.3667,30.2073,30.0672,29.9462,29.8441,29.7609,29.6964,29.6507,29.6236,29.6153,29.6258,29.6552,29.7037,29.7715,29.8587,29.9657,30.0928,30.2402,30.4085,30.598,30.8093,31.0428,31.2993,31.5792,31.8834,32.2125,32.5675,32.9491,33.3583,33.7962,34.2638,34.7624,35.2932,35.8575,36.4568,37.0926,37.7668,38.481,39.2373,40.0377,40.8845,41.7801,42.7272,43.7286,44.7872,45.9063,47.0892,48.3394,49.6603,51.0554,52.5277,54.0796,55.7127,57.4269,59.22,61.0866,63.0177,64.9996,67.0136,69.0367,71.0417,73.0003,74.8853,76.6735,78.3479,79.8984,81.3201,82.6111,83.7694,84.7899,85.6629,86.374,86.9046,87.234,87.3418,87.2104,86.8269,86.1851,85.2867,84.1412,82.7655,81.1831,79.4221,77.5139,75.491,73.3856,71.2286,69.0479,66.8684,64.7114,62.5946,60.5321,58.5348,56.6107,54.7655,53.0026,51.3238,49.7293,48.2186,46.7899,45.4411,44.1696,42.9725,41.8466,40.7888,39.796,38.8649,37.9925,37.1757,36.4119,35.6983,35.0322,34.4114,33.8335,33.2965,32.7983,32.3371,31.9112,31.5191,31.1593,30.8303,30.5311,30.2603,30.017,29.8002,29.609,29.4427,29.3003,29.1814,29.0853,29.0115,28.9595,28.9289,28.9194,28.9308,28.9629,29.0156,29.0888,29.1827,29.2975,29.4336,29.5915,29.7719,29.9757,30.2042,30.4589,30.7417,31.055,31.4019,31.786,32.2118,32.6848,33.2117,33.8006,34.4608,35.2035,36.0411,36.987,38.054,39.2523,40.5852,42.0426,43.5917,45.1671,46.6641,47.9429,48.8516,49.267,49.1383,48.5061,47.4867,46.2304,44.8793,43.5424,42.2894,41.1564,40.1558,39.2856,38.5359,37.8938,37.3455,36.8779,36.4793,36.1392,35.8488,35.6002,35.3868,35.2028,35.0433,34.9036,34.7799,34.6686,34.5661,34.4696,34.3761,34.2828,34.1873,34.0871,33.9799,33.8636,33.7364,33.5964,33.4421,33.2721,33.0854,32.8812,32.6587,32.4176,32.1579,31.8796,31.5831,31.2691,30.9382,30.5915,30.2304,29.8557,29.4689,29.0713,28.6643,28.2494,27.828,27.4016,26.9715,26.539,26.1055,25.6719,
 ,37,142.038,145.516,148.458,150.763,152.344,153.142,153.127,152.307,150.726,148.456,145.591,142.234,138.492,134.468,130.252,125.928,121.565,117.218,112.932,108.743,104.677,100.751,96.9782,93.3654,89.916,86.6302,83.506,80.5397,77.7262,75.06,72.5347,70.1436,67.8802,65.7379,63.7098,61.7898,59.9716,58.2494,56.6173,55.0702,53.6029,52.2107,50.8891,49.6339,48.4412,47.3074,46.2293,45.2035,44.2273,43.2982,42.4136,41.5714,40.7695,40.0061,39.2796,38.5882,37.9307,37.3058,36.7121,36.1487,35.6144,35.1083,34.6295,34.1772,33.7507,33.3491,32.9719,32.6184,32.288,31.9802,31.6945,31.4305,31.1877,30.9658,30.7644,30.5832,30.4221,30.2806,30.1588,30.0564,29.9733,29.9094,29.8648,29.8394,29.8332,29.8465,29.8792,29.9316,30.0039,30.0963,30.2091,30.3428,30.4976,30.674,30.8726,31.0938,31.3382,31.6066,31.8996,32.218,32.5626,32.9345,33.3344,33.7636,34.2231,34.7143,35.2383,35.7967,36.391,37.0229,37.6941,38.4066,39.1625,39.9641,40.8138,41.7144,42.6687,43.68,44.7516,45.8875,47.0916,48.3684,49.7225,51.1588,52.6825,54.2984,56.0111,57.8243,59.7402,61.7583,63.8747,66.0804,68.3599,70.6905,73.0419,75.3775,77.6579,79.845,81.9076,83.8253,85.5891,87.2001,88.6638,89.9846,91.1616,92.1848,93.0361,93.6899,94.1166,94.2866,94.1736,93.7579,93.0296,91.9893,90.6489,89.0305,87.1648,85.0888,82.8433,80.4703,78.0105,75.5022,72.9795,70.4722,68.0046,65.5969,63.2642,61.0178,58.8655,56.8121,54.8601,53.01,51.2608,49.6104,48.0558,46.5937,45.2201,43.931,42.7224,41.59,40.5298,39.5379,38.6105,37.744,36.9351,36.1805,35.4772,34.8224,34.2136,33.6482,33.124,32.639,32.1912,31.7787,31.4001,31.0537,30.7381,30.4522,30.1946,29.9643,29.7603,29.5817,29.4277,29.2976,29.1905,29.1061,29.0436,29.0027,28.9829,28.984,29.0056,29.0476,29.1099,29.1925,29.2955,29.4192,29.5641,29.7306,29.9196,30.132,30.3693,30.633,30.9252,31.2484,31.6056,32.0007,32.438,32.9228,33.4612,34.0603,34.728,35.4723,36.3015,37.2219,38.2365,39.3415,40.5218,41.7456,42.9599,44.0889,45.0392,45.7162,46.0461,45.9993,45.5996,44.9161,44.0423,43.0721,42.0837,41.1327,40.2532,39.4618,38.7635,38.1558,37.6323,37.1846,36.8041,36.4822,36.2112,35.984,35.7942,35.6362,35.5049,35.3959,35.3049,35.2283,35.1624,35.104,35.0499,34.9971,34.9429,34.8844,34.819,34.7444,34.6581,34.5582,34.4425,34.3095,34.1577,33.9857,33.7929,33.5783,33.3419,33.0833,32.803,32.5014,32.1792,31.8375,31.4774,31.1006,30.7083,30.302,29.8834,29.4542,29.0162,28.5709,28.1201,27.6653,27.208,26.7496,26.2915,
 ,36,141.426,144.814,147.678,149.924,151.471,152.262,152.271,151.505,150.003,147.833,145.082,141.848,138.231,134.329,130.23,126.015,121.749,117.49,113.281,109.158,105.147,101.267,97.5317,93.9483,90.5213,87.2518,84.1386,81.1786,78.3678,75.7008,73.1722,70.7756,68.5049,66.3538,64.316,62.3854,60.5559,58.8218,57.1776,55.6181,54.1383,52.7334,51.3991,50.1312,48.9257,47.7792,46.6883,45.6498,44.6611,43.7194,42.8224,41.968,41.154,40.3788,39.6407,38.9381,38.2696,37.634,37.0301,36.4568,35.9131,35.398,34.9108,34.4505,34.0163,33.6077,33.2239,32.8643,32.5283,32.2154,31.925,31.6569,31.4104,31.1853,30.9811,30.7977,30.6348,30.492,30.3694,30.2666,30.1836,30.1204,30.077,30.0532,30.0494,30.0654,30.1015,30.1579,30.2348,30.3325,30.4513,30.5917,30.754,30.9388,31.1466,31.3779,31.6335,31.9141,32.2205,32.5535,32.9141,33.3033,33.7221,34.1718,34.6537,35.1691,35.7194,36.3064,36.9318,37.5974,38.3053,39.0576,39.8569,40.7057,41.607,42.5637,43.5795,44.6581,45.8037,47.021,48.315,49.6914,51.1564,52.7166,54.3792,56.1515,58.0411,60.0546,62.1978,64.4736,66.8807,69.4115,72.0495,74.7674,77.5253,80.2727,82.9523,85.5087,87.8972,90.0921,92.0888,93.8997,95.545,97.0419,98.3966,99.5998,100.628,101.444,102.005,102.268,102.192,101.749,100.922,99.7115,98.1315,96.2119,93.994,91.5273,88.8654,86.0628,83.1717,80.2397,77.3086,74.4133,71.5822,68.8372,66.1943,63.6647,61.2552,58.9694,56.808,54.7697,52.8517,51.05,49.3601,47.7768,46.2948,44.9086,43.6129,42.4025,41.2722,40.2172,39.2331,38.3154,37.4603,36.6638,35.9226,35.2334,34.5932,33.9993,33.449,32.9401,32.4703,32.0377,31.6404,31.2767,30.9451,30.6442,30.3726,30.1291,29.9127,29.7224,29.5572,29.4163,29.2989,29.2043,29.132,29.0814,29.0519,29.0433,29.0551,29.0872,29.1392,29.2113,29.3033,29.4155,29.5481,29.7015,29.8764,30.0736,30.2942,30.5395,30.8112,31.1115,31.4426,31.8077,32.2102,32.6541,33.1439,33.6847,34.2815,34.9393,35.6623,36.4527,37.3089,38.2236,39.1807,40.1526,41.0981,41.9634,42.6868,43.2085,43.4841,43.4958,43.2579,42.8121,42.2172,41.5349,40.8205,40.1164,39.452,38.8444,38.3019,37.8264,37.4159,37.0661,36.7716,36.5267,36.3256,36.163,36.0338,35.9331,35.8568,35.8006,35.7608,35.7338,35.7161,35.7045,35.6956,35.6865,35.6741,35.6554,35.6276,35.5881,35.5342,35.4636,35.3741,35.2639,35.1312,34.9748,34.7936,34.5869,34.3543,34.096,33.8122,33.5036,33.1711,32.816,32.4398,32.0443,31.6311,31.202,30.759,30.3042,29.8394,29.3667,28.8881,28.4052,27.9199,27.4337,26.9481,
 ,35,140.372,143.643,146.408,148.579,150.082,150.864,150.901,150.199,148.795,146.749,144.14,141.06,137.6,133.854,129.905,125.829,121.692,117.548,113.442,109.408,105.473,101.658,97.9755,94.4359,91.0438,87.8015,84.7088,81.7636,78.9626,76.3013,73.7748,71.3775,69.1037,66.9476,64.9032,62.9647,61.1264,59.3828,57.7285,56.1584,54.6675,53.2514,51.9055,50.6258,49.4085,48.25,47.1469,46.0962,45.0952,44.1413,43.232,42.3654,41.5394,40.7523,40.0024,39.2883,38.6087,37.9623,37.3479,36.7645,36.2112,35.687,35.191,34.7224,34.2806,33.8648,33.4742,33.1084,32.7667,32.4485,32.1535,31.8811,31.6309,31.4025,31.1956,31.01,30.8452,30.7012,30.5777,30.4746,30.3918,30.3293,30.287,30.2651,30.2635,30.2823,30.3219,30.3824,30.464,30.5671,30.692,30.8393,31.0092,31.2025,31.4197,31.6614,31.9284,32.2215,32.5416,32.8895,33.2664,33.6734,34.1116,34.5824,35.0872,35.6275,36.2051,36.8216,37.479,38.1795,38.9254,39.7191,40.5634,41.4613,42.4162,43.4315,44.5115,45.6605,46.8836,48.1863,49.575,51.0567,52.6393,54.3315,56.1431,58.0846,60.1673,62.4024,64.8005,67.3701,70.1151,73.0317,76.1045,79.3015,82.571,85.8416,89.028,92.0445,94.8232,97.33,99.5696,101.577,103.401,105.08,106.635,108.056,109.311,110.346,111.097,111.498,111.491,111.031,110.093,108.675,106.797,104.498,101.837,98.8804,95.6992,92.3654,88.9458,85.5002,82.0792,78.724,75.4665,72.3302,69.3315,66.4802,63.7816,61.2368,58.8442,56.5998,54.4984,52.5338,50.6989,48.9867,47.39,45.9017,44.515,43.2232,42.0203,40.9003,39.8578,38.8878,37.9855,37.1465,36.3669,35.6429,34.9712,34.3486,33.7722,33.2394,32.7478,32.2951,31.8794,31.4987,31.1514,30.8358,30.5506,30.2944,30.0661,29.8644,29.6885,29.5374,29.4102,29.3061,29.2246,29.1649,29.1264,29.1089,29.1117,29.1345,29.1772,29.2395,29.3213,29.4227,29.5439,29.6851,29.8467,30.0295,30.2343,30.4621,30.7143,30.9925,31.2986,31.635,32.0042,32.4092,32.8531,33.3394,33.871,34.4506,35.0797,35.7578,36.481,37.2407,38.022,38.8023,39.5505,40.2287,40.7961,41.2144,41.4564,41.5113,41.3877,41.1116,40.7202,40.2547,39.7536,39.2487,38.7639,38.3149,37.911,37.5565,37.2519,36.9959,36.7853,36.6167,36.4859,36.3889,36.3217,36.2804,36.2612,36.2605,36.2746,36.3003,36.3339,36.3723,36.4121,36.45,36.4828,36.5073,36.5203,36.5189,36.5002,36.4615,36.4005,36.3148,36.2027,36.0627,35.8935,35.6945,35.4653,35.206,34.9171,34.5994,34.2541,33.8827,33.4869,33.0692,32.6314,32.1756,31.7042,31.2196,30.7242,30.2201,29.7097,29.195,28.678,28.1604,27.644,
 ,34,138.964,142.102,144.755,146.84,148.293,149.065,149.134,148.507,147.213,145.307,142.861,139.957,136.679,133.113,129.339,125.428,121.442,117.435,113.451,109.524,105.682,101.946,98.331,94.8466,91.4997,88.2935,85.2291,82.3054,79.52,76.8694,74.3495,71.9553,69.6819,67.5237,65.4754,63.5315,61.6866,59.9353,58.2725,56.6933,55.1929,53.7666,52.4103,51.1197,49.8913,48.7213,47.6066,46.5441,45.531,44.5649,43.6435,42.7646,41.9264,41.1271,40.3653,39.6395,38.9485,38.2909,37.6658,37.0721,36.5089,35.9752,35.4703,34.9933,34.5435,34.1202,33.7228,33.3506,33.0031,32.6797,32.3798,32.1031,31.8491,31.6174,31.4078,31.2198,31.0532,30.9079,30.7836,30.6802,30.5976,30.5358,30.4948,30.4746,30.4753,30.4971,30.5402,30.6048,30.6912,30.7997,30.9309,31.0851,31.2628,31.4647,31.6915,31.9438,32.2224,32.5282,32.8622,33.2255,33.6191,34.0442,34.5023,34.9947,35.5231,36.0891,36.6946,37.3415,38.032,38.7686,39.5537,40.3902,41.2812,42.23,43.2405,44.3167,45.4635,46.6858,47.9898,49.3819,50.8697,52.462,54.1684,56.0003,57.9705,60.0933,62.3849,64.8625,67.5441,70.4463,73.582,76.9559,80.5575,84.353,88.2768,92.2275,96.0742,99.6787,102.93,105.78,108.252,110.425,112.399,114.256,116.033,117.724,119.278,120.614,121.638,122.249,122.36,121.903,120.84,119.166,116.91,114.13,110.903,107.324,103.488,99.4917,95.4204,91.3489,87.3384,83.4365,79.6786,76.0888,72.6822,69.4665,66.4437,63.6114,60.9646,58.4957,56.1961,54.0565,52.0672,50.2186,48.5012,46.9061,45.4246,44.0487,42.7709,41.5842,40.4821,39.4587,38.5085,37.6266,36.8083,36.0494,35.346,34.6948,34.0924,33.5359,33.0227,32.5503,32.1164,31.7191,31.3564,31.0266,30.7283,30.4598,30.22,30.0076,29.8215,29.6607,29.5243,29.4114,29.3213,29.2532,29.2066,29.1808,29.1753,29.1898,29.2239,29.2773,29.3498,29.4414,29.552,29.6819,29.8312,30.0005,30.1904,30.4017,30.6354,30.8927,31.1751,31.4843,31.8222,32.1908,32.5923,33.0286,33.5015,34.0119,34.5596,35.1426,35.7561,36.3916,37.0363,37.6722,38.2763,38.8221,39.2822,39.632,39.8542,39.9422,39.9016,39.7487,39.5078,39.2065,38.8717,38.527,38.1913,37.8781,37.5964,37.3514,37.1453,36.9782,36.849,36.7555,36.695,36.6645,36.6609,36.681,36.7214,36.7789,36.8502,36.9318,37.0205,37.1127,37.2051,37.294,37.3761,37.4477,37.5054,37.5459,37.5658,37.5622,37.5323,37.4735,37.3837,37.2612,37.1046,36.9132,36.6867,36.4251,36.1291,35.7997,35.4385,35.0474,34.6283,34.1843,33.7174,33.2304,32.726,32.207,31.6761,31.1361,30.5895,30.0386,29.4857,28.9329,28.3819,
 ,33,137.298,140.295,142.829,144.827,146.229,146.993,147.099,146.551,145.376,143.621,141.35,138.635,135.555,132.186,128.603,124.872,121.054,117.2,113.352,109.545,105.808,102.162,98.6226,95.2019,91.9074,88.7438,85.7132,82.8159,80.0504,77.4143,74.9042,72.5161,70.2455,68.0876,66.0375,64.09,62.2401,60.4827,58.8129,57.2258,55.7169,54.2815,52.9156,51.615,50.3761,49.1952,48.0692,46.995,45.9701,44.9918,44.058,43.1667,42.3161,41.5045,40.7304,39.9925,39.2895,38.6205,37.9842,37.3798,36.8063,36.2629,35.7487,35.263,34.805,34.3741,33.9696,33.5909,33.2374,32.9085,32.6038,32.3227,32.0649,31.8299,31.6173,31.427,31.2586,31.112,30.9868,30.8831,30.8007,30.7397,30.6999,30.6815,30.6846,30.7093,30.756,30.8247,30.916,31.0301,31.1675,31.3288,31.5144,31.7251,31.9616,32.2246,32.515,32.8338,33.182,33.5609,33.9715,34.4152,34.8936,35.4082,35.9607,36.553,37.1871,37.8653,38.5899,39.3636,40.1892,41.0699,42.0091,43.0107,44.0788,45.2182,46.4342,47.7327,49.1207,50.6058,52.1969,53.9045,55.7404,57.7188,59.856,62.171,64.6859,67.4258,70.4182,73.6921,77.275,81.1865,85.4296,89.9757,94.7468,99.6008,104.334,108.714,112.549,115.76,118.41,120.667,122.725,124.733,126.76,128.793,130.754,132.519,133.941,134.87,135.175,134.755,133.552,131.559,128.818,125.411,121.453,117.073,112.404,107.574,102.694,97.8562,93.1344,88.5823,84.2372,80.1224,76.2497,72.6224,69.2375,66.0877,63.1626,60.4502,57.9376,55.6114,53.4587,51.4665,49.6231,47.9169,46.3375,44.875,43.5205,42.2657,41.1031,40.0257,39.0272,38.1021,37.2449,36.4511,35.7163,35.0366,34.4085,33.8286,33.2942,32.8023,32.3508,31.9372,31.5596,31.2161,30.9051,30.6249,30.3741,30.1515,29.9559,29.7861,29.6411,29.5201,29.4222,29.3465,29.2924,29.2592,29.2464,29.2534,29.2798,29.3252,29.3893,29.472,29.5731,29.6926,29.8306,29.9875,30.1635,30.3594,30.5758,30.8135,31.0737,31.3576,31.6663,32.0015,32.3642,32.7555,33.1763,33.6263,34.1045,34.608,35.1321,35.6691,36.2084,36.7359,37.235,37.687,38.0732,38.3778,38.5894,38.7042,38.7257,38.6646,38.5371,38.3619,38.1581,37.943,37.7313,37.5344,37.3602,37.2141,37.0991,37.0163,36.9656,36.9459,36.9556,36.9925,37.0541,37.1377,37.2405,37.3594,37.4914,37.633,37.7808,37.9314,38.081,38.2257,38.3619,38.4854,38.5926,38.6793,38.7421,38.7774,38.7819,38.7527,38.6874,38.5838,38.4406,38.2568,38.032,37.7666,37.4612,37.1173,36.7367,36.3216,35.8748,35.3995,34.8985,34.3748,33.832,33.2731,32.7015,32.1202,31.5323,30.9403,30.3469,29.7543,29.1646,
 ,32,135.47,138.327,140.745,142.657,144.013,144.773,144.919,144.455,143.403,141.804,139.713,137.195,134.318,131.154,127.77,124.229,120.587,116.893,113.19,109.511,105.885,102.335,98.8775,95.5253,92.2875,89.1702,86.1768,83.3086,80.5655,77.9461,75.4478,73.0675,70.8013,68.6452,66.5945,64.6447,62.791,61.0286,59.3528,57.759,56.2424,54.7989,53.4241,52.114,50.865,49.6736,48.5365,47.451,46.414,45.4235,44.4772,43.5731,42.7096,41.8851,41.0983,40.3478,39.6325,38.9514,38.3035,37.6879,37.1037,36.5501,36.0263,35.5316,35.0652,34.6264,34.2146,33.8292,33.4695,33.135,32.8253,32.5397,32.2779,32.0395,31.8242,31.6315,31.4612,31.3132,31.1873,31.0832,31.0011,30.9407,30.9022,30.8856,30.8911,30.9188,30.969,31.042,31.1382,31.2579,31.4016,31.57,31.7637,31.9832,32.2295,32.5034,32.8058,33.1378,33.5005,33.8951,34.323,34.7857,35.2848,35.822,36.3992,37.0184,37.682,38.3922,39.1519,39.9638,40.8311,41.7573,42.7463,43.8022,44.9299,46.1346,47.4222,48.7997,50.2746,51.8559,53.5541,55.3811,57.3514,59.482,61.7932,64.3092,67.0591,70.0775,73.4046,77.0861,81.1708,85.7041,90.7159,96.1982,102.071,108.143,114.099,119.537,124.107,127.669,130.368,132.541,134.554,136.666,138.983,141.474,144.008,146.391,148.403,149.818,150.438,150.111,148.752,146.351,142.972,138.738,133.817,128.393,122.653,116.765,110.875,105.096,99.5145,94.1889,89.1561,84.4351,80.0317,75.9417,72.1548,68.6561,65.4287,62.4541,59.714,57.1903,54.8656,52.7236,50.7493,48.9285,47.2485,45.6976,44.2651,42.9413,41.7176,40.5858,39.5391,38.5707,37.6749,36.8465,36.0805,35.3727,34.7192,34.1165,33.5612,33.0504,32.5816,32.1524,31.7604,31.4037,31.0806,30.7892,30.5282,30.296,30.0915,29.9134,29.7606,29.6322,29.5272,29.4447,29.384,29.3443,29.325,29.3255,29.3451,29.3836,29.4403,29.5151,29.6077,29.7179,29.8457,29.9913,30.1547,30.3363,30.5366,30.7563,30.9959,31.2564,31.5384,31.843,32.1707,32.5221,32.897,33.295,33.7143,34.1522,34.6039,35.0631,35.5212,35.9676,36.39,36.7753,37.1108,37.3859,37.5934,37.7307,37.8004,37.8099,37.7698,37.6935,37.5943,37.4853,37.3778,37.2809,37.2018,37.1453,37.1147,37.1118,37.137,37.19,37.2699,37.3751,37.5037,37.6534,37.8217,38.0058,38.2025,38.4086,38.6206,38.8347,39.0469,39.2531,39.4491,39.6304,39.7925,39.9311,40.0418,40.1206,40.1636,40.1674,40.1292,40.0465,39.9175,39.7413,39.5174,39.2462,38.9288,38.5668,38.1625,37.7187,37.2386,36.7263,36.185,35.6185,35.0308,34.4258,33.8071,33.1785,32.5433,31.9047,31.2654,30.6281,29.995,
 ,31,133.576,136.3,138.61,140.446,141.762,142.524,142.716,142.338,141.411,139.968,138.057,135.734,133.061,130.102,126.918,123.567,120.103,116.571,113.014,109.464,105.952,102.499,99.1247,95.8422,92.6622,89.5921,86.6364,83.7981,81.078,78.4756,75.9896,73.6176,71.3564,69.2025,67.1519,65.2004,63.3436,61.577,59.896,58.296,56.7726,55.3214,53.9383,52.6193,51.3607,50.1589,49.0109,47.9137,46.8648,45.8617,44.9024,43.9851,43.1083,42.2703,41.47,40.7063,39.978,39.2842,38.6241,37.9968,37.4014,36.8371,36.3033,35.7991,35.3239,34.8769,34.4576,34.0653,33.6993,33.3591,33.0442,32.754,32.4882,32.2463,32.028,31.8329,31.6608,31.5114,31.3846,31.2803,31.1983,31.1386,31.1014,31.0867,31.0945,31.1252,31.179,31.2563,31.3573,31.4827,31.6329,31.8084,32.0101,32.2386,32.4949,32.7797,33.0942,33.4395,33.8169,34.2276,34.6731,35.1551,35.6752,36.2355,36.8379,37.4847,38.1783,38.9214,39.7169,40.568,41.4782,42.4512,43.4915,44.6035,45.7926,47.0646,48.4262,49.885,51.4497,53.1303,54.9387,56.8888,58.9973,61.2843,63.7744,66.4973,69.4901,72.7979,76.4764,80.5925,85.224,90.4553,96.3635,102.988,110.274,117.991,125.658,132.583,138.104,141.955,144.442,146.238,148.006,150.165,152.851,155.985,159.349,162.645,165.54,167.698,168.819,168.677,167.144,164.208,159.971,154.623,148.413,141.61,134.476,127.237,120.079,113.142,106.521,100.277,94.4411,89.0236,84.0191,79.4125,75.1821,71.3032,67.7496,64.495,61.5141,58.7828,56.2789,53.9817,51.8726,49.9346,48.1522,46.5116,45.0003,43.6072,42.3223,41.1363,40.0414,39.0302,38.0962,37.2336,36.437,35.7017,35.0234,34.3982,33.8227,33.2937,32.8083,32.3639,31.9581,31.5889,31.2543,30.9525,30.6818,30.4408,30.2281,30.0424,29.8826,29.7476,29.6363,29.5479,29.4816,29.4363,29.4115,29.4065,29.4205,29.453,29.5035,29.5715,29.6567,29.7588,29.8776,30.013,30.165,30.3337,30.5194,30.7224,30.9432,31.1822,31.44,31.717,32.0134,32.3294,32.6645,33.0179,33.3878,33.7714,34.1649,34.5628,34.9585,35.3439,35.7102,36.048,36.3488,36.6053,36.8129,36.9701,37.0788,37.1441,37.1735,37.1764,37.1627,37.142,37.123,37.1134,37.1189,37.1442,37.1924,37.2655,37.3644,37.4893,37.6397,37.8146,38.0123,38.2311,38.4684,38.7217,38.988,39.2639,39.5457,39.8295,40.1109,40.3853,40.6479,40.8938,41.1177,41.3146,41.4794,41.6074,41.694,41.7351,41.7272,41.6676,41.5541,41.3855,41.1614,40.8823,40.5495,40.1652,39.7322,39.2538,38.7341,38.1779,37.5891,36.9723,36.3323,35.6736,35.0007,34.3177,33.6285,32.9367,32.2455,31.5578,30.876,
 ,30,131.703,134.309,136.524,138.297,139.584,140.357,140.599,140.311,139.507,138.217,136.481,134.348,131.873,129.113,126.122,122.956,119.664,116.29,112.874,109.451,106.048,102.69,99.3951,96.1796,93.0549,90.0297,87.1099,84.2996,81.6009,79.0145,76.5397,74.1751,71.9182,69.7662,67.7155,65.7624,63.9026,62.132,60.4461,58.8404,57.3105,55.8522,54.4612,53.1336,51.8656,50.6537,49.4947,48.3858,47.3244,46.3083,45.3355,44.4044,43.5133,42.6611,41.8466,41.0688,40.3267,39.6195,38.9464,38.3067,37.6994,37.124,36.5796,36.0656,35.5812,35.1258,34.6986,34.299,33.9265,33.5804,33.2602,32.9654,32.6955,32.45,32.2287,32.0312,31.8571,31.7064,31.5787,31.474,31.3922,31.3333,31.2973,31.2844,31.2946,31.3283,31.3857,31.4672,31.5732,31.7043,31.8608,32.0436,32.2534,32.491,32.7572,33.0531,33.3798,33.7386,34.1307,34.5577,35.021,35.5226,36.0641,36.6478,37.2759,37.9507,38.6751,39.4518,40.2841,41.1753,42.1295,43.1507,44.2436,45.4133,46.6656,48.007,49.4448,50.9873,52.6443,54.4269,56.3483,58.4243,60.6738,63.1201,65.7917,68.7241,71.9623,75.5631,79.5989,84.161,89.3634,95.3423,102.246,110.2,119.227,129.096,139.128,148.153,154.924,158.92,160.771,161.764,163.046,165.234,168.462,172.55,177.146,181.804,186.028,189.323,191.237,191.425,189.695,186.037,180.616,173.733,165.768,157.119,148.153,139.177,130.424,122.06,114.185,106.855,100.086,93.8736,88.1939,83.015,78.2999,74.0104,70.1083,66.5574,63.3239,60.3768,57.6878,55.2315,52.985,50.928,49.0423,47.3116,45.7216,44.2594,42.9136,41.674,40.5316,39.4783,38.5068,37.6107,36.7842,36.022,35.3197,34.6729,34.0778,33.5312,33.0298,32.571,32.1522,31.7712,31.4258,31.1142,30.8346,30.5855,30.3654,30.1729,30.0069,29.8662,29.7497,29.6563,29.5853,29.5355,29.5063,29.4968,29.5063,29.5341,29.5796,29.6421,29.7211,29.8164,29.9273,30.0539,30.1957,30.3529,30.5254,30.7134,30.9171,31.1367,31.3725,31.6247,31.8933,32.1781,32.4787,32.794,33.1224,33.4615,33.8079,34.1575,34.5051,34.8446,35.1697,35.4738,35.751,35.9965,36.2074,36.3827,36.524,36.635,36.7212,36.7895,36.847,36.9012,36.959,37.0263,37.1084,37.2091,37.3314,37.4775,37.6485,37.8449,38.0666,38.3127,38.5822,38.8733,39.1839,39.5113,39.8527,40.2045,40.5629,40.9236,41.2817,41.6323,41.9697,42.2884,42.5823,42.8455,43.072,43.2561,43.3924,43.4759,43.5026,43.4689,43.3724,43.2115,42.986,42.6964,42.3444,41.9326,41.4647,40.9447,40.3776,39.7691,39.1243,38.4485,37.7473,37.0263,36.2905,35.5449,34.7939,34.0416,33.2916,32.5471,31.8108,
 ,29,129.934,132.441,134.58,136.306,137.579,138.372,138.671,138.474,137.792,136.649,135.081,133.129,130.84,128.267,125.459,122.465,119.334,116.107,112.823,109.516,106.214,102.942,99.7202,96.5652,93.4898,90.5042,87.6156,84.8292,82.1483,79.5745,77.1083,74.7489,72.4946,70.3431,68.2912,66.3357,64.4726,62.6977,61.0069,59.3958,57.8598,56.3947,54.9961,53.6601,52.3827,51.1606,49.9905,48.8696,47.7953,46.7655,45.7784,44.8325,43.9263,43.0588,42.2291,41.4362,40.6793,39.9578,39.2709,38.6179,37.9981,37.4108,36.8554,36.331,35.837,35.3727,34.9373,34.5304,34.1511,33.7989,33.4733,33.1737,32.8995,32.6505,32.4261,32.226,32.05,31.8978,31.7692,31.6642,31.5825,31.5243,31.4896,31.4784,31.4911,31.5278,31.5888,31.6746,31.7855,31.9222,32.0852,32.2752,32.4931,32.7397,33.016,33.323,33.662,34.0344,34.4414,34.8848,35.3662,35.8875,36.4507,37.0582,37.7124,38.4158,39.1714,39.9824,40.8522,41.7847,42.7838,43.8544,45.0014,46.2304,47.5477,48.9604,50.4765,52.1051,53.8567,55.7438,57.7807,59.9849,62.3774,64.9842,67.8376,70.9785,74.4591,78.3475,82.7324,87.7303,93.4942,100.22,108.145,117.521,128.517,140.983,154.059,165.906,174.288,178.224,178.923,178.691,179.352,181.716,185.843,191.393,197.835,204.528,210.762,215.801,218.963,219.713,217.756,213.088,205.987,196.942,186.546,175.391,164,152.779,142.018,131.899,122.518,113.911,106.069,98.9569,92.5261,86.7202,81.4814,76.7533,72.4833,68.6226,65.1274,61.9583,59.0804,56.4625,54.0775,51.9012,49.9122,48.0919,46.4239,44.8935,43.4879,42.1957,41.0068,39.9123,38.9044,37.9758,37.1203,36.3323,35.6068,34.9392,34.3254,33.762,33.2455,32.7731,32.342,31.9499,31.5945,31.2739,30.9862,30.7298,30.5032,30.3049,30.1336,29.9881,29.8673,29.77,29.6953,29.6422,29.6098,29.5971,29.6033,29.6277,29.6694,29.7277,29.802,29.8917,29.9963,30.1154,30.2485,30.3956,30.5564,30.7309,30.9192,31.1213,31.3374,31.5673,31.8112,32.0687,32.3393,32.622,32.9155,33.2178,33.5262,33.8375,34.1477,34.4525,34.7473,35.0275,35.2891,35.529,35.7452,35.9375,36.1071,36.2568,36.3909,36.5144,36.6329,36.7521,36.8776,37.0142,37.1663,37.3374,37.5304,37.7473,37.9894,38.2574,38.5514,38.8711,39.2154,39.5828,39.9714,40.3787,40.8016,41.2365,41.6792,42.1252,42.5692,43.0053,43.4274,43.8289,44.2027,44.5419,44.8392,45.088,45.2816,45.414,45.4803,45.4761,45.3985,45.2457,45.0172,44.7139,44.3378,43.8925,43.3821,42.8119,42.188,41.5175,40.8062,40.0608,39.2881,38.4944,37.6859,36.8682,36.0464,35.2252,34.4086,33.6,32.8025,
 ,28,128.343,130.775,132.861,134.559,135.835,136.661,137.025,136.921,136.359,135.358,133.947,132.162,130.046,127.643,125,122.163,119.176,116.08,112.912,109.706,106.491,103.293,100.132,97.0274,93.9919,91.0373,88.1722,85.403,82.7341,80.168,77.706,75.3482,73.0935,70.9399,68.8851,66.9257,65.0583,63.2787,61.5827,59.9659,58.4239,56.9521,55.5461,54.2018,52.9152,51.6827,50.5012,49.3677,48.2799,47.2356,46.2332,45.2713,44.3488,43.4648,42.6186,41.8093,41.0365,40.2996,39.5978,38.9307,38.2975,37.6977,37.1305,36.5952,36.0911,35.6175,35.1737,34.7591,34.3728,34.0144,33.6831,33.3786,33.1001,32.8473,32.6198,32.4172,32.2392,32.0855,31.956,31.8505,31.769,31.7115,31.678,31.6687,31.6837,31.7233,31.788,31.8779,31.9938,32.1361,32.3055,32.5028,32.7288,32.9844,33.2707,33.5889,33.9403,34.3262,34.7483,35.2082,35.7077,36.249,36.8342,37.4658,38.1464,38.8788,39.6663,40.5122,41.4203,42.3947,43.44,44.5611,45.7635,47.0534,48.4375,49.9234,51.5199,53.2369,55.0856,57.0795,59.2342,61.5685,64.1053,66.8727,69.9063,73.2512,76.9659,81.1274,85.8384,91.2372,97.5112,104.912,113.768,124.468,137.369,152.491,168.886,183.975,194.231,198.013,197.357,195.907,196.23,199.267,204.943,212.74,221.933,231.659,240.923,248.646,253.777,255.463,253.232,247.098,237.545,225.386,211.562,196.97,182.346,168.222,154.937,142.674,131.501,121.408,112.343,104.227,96.972,90.4886,84.6915,79.5018,74.8486,70.6684,66.9056,63.5113,60.443,57.6635,55.1404,52.8457,50.7549,48.8466,47.1021,45.5051,44.0413,42.698,41.4641,40.33,39.2868,38.3271,37.4438,36.6311,35.8834,35.196,34.5646,33.9853,33.4546,32.9694,32.5269,32.1245,31.76,31.4313,31.1364,30.8736,30.6413,30.4381,30.2625,30.1132,29.9892,29.8891,29.812,29.7568,29.7224,29.7078,29.7122,29.7346,29.774,29.8297,29.9007,29.9864,30.0861,30.1992,30.3251,30.4636,30.6142,30.7768,30.9513,31.1377,31.3359,31.546,31.7678,32.0012,32.2456,32.5004,32.7644,33.036,33.3134,33.594,33.8751,34.1534,34.4258,34.6893,34.9409,35.1789,35.4021,35.6105,35.8053,35.9889,36.1645,36.336,36.508,36.6849,36.8713,37.0713,37.2886,37.5264,37.7874,38.0736,38.3865,38.7269,39.0951,39.491,39.9138,40.3623,40.8345,41.328,41.8398,42.3661,42.9025,43.4438,43.9842,44.5172,45.0356,45.5318,45.9976,46.4245,46.8041,47.128,47.3883,47.5777,47.6899,47.7198,47.6636,47.5192,47.2859,46.965,46.559,46.0723,45.5103,44.8796,44.1875,43.4428,42.6526,41.8252,40.9684,40.09,39.1971,38.2962,37.3933,36.4934,35.6012,34.7205,33.8543,
 ,27,126.998,129.382,131.441,133.136,134.434,135.309,135.746,135.741,135.297,134.431,133.166,131.534,129.572,127.32,124.821,122.118,119.252,116.265,113.192,110.068,106.922,103.78,100.665,97.5952,94.5864,91.651,88.799,86.0377,83.3725,80.8071,78.3433,75.9819,73.7224,71.5636,69.503,67.5377,65.6644,63.879,62.1772,60.5546,59.0064,57.528,56.1147,54.7622,53.4663,52.2233,51.0299,49.8832,48.7808,47.7209,46.7019,45.7227,44.7824,43.8804,43.0161,42.1891,41.399,40.6453,39.9275,39.2452,38.5977,37.9845,37.4049,36.858,36.3434,35.8601,35.4075,34.9849,34.5914,34.2265,33.8895,33.5799,33.297,33.0404,32.8097,32.6045,32.4244,32.2692,32.1388,32.0329,31.9515,31.8946,31.8623,31.8547,31.8721,31.9147,31.9828,32.077,32.1977,32.3456,32.5214,32.7259,32.9599,33.2246,33.521,33.8503,34.214,34.6136,35.0507,35.5272,36.045,36.6064,37.2138,37.8697,38.5769,39.3388,40.1585,41.0399,41.987,43.0043,44.0967,45.2695,46.5287,47.881,49.3336,50.8948,52.5739,54.3815,56.3299,58.433,60.7077,63.1739,65.8558,68.7835,71.9943,75.5366,79.4728,83.8858,88.8872,94.6293,101.322,109.254,118.814,130.492,144.791,161.894,180.857,198.601,210.566,214.568,213.371,211.715,212.727,217.428,225.666,236.821,250.037,264.235,278.064,289.934,298.189,301.422,298.84,290.498,277.26,260.514,241.789,222.443,203.503,185.635,169.203,154.347,141.065,129.27,118.835,109.616,101.472,94.2688,87.8869,82.2195,77.1739,72.6696,68.6376,65.0184,61.7612,58.822,56.1635,53.7531,51.5632,49.5694,47.751,46.0898,44.57,43.1776,41.9007,40.7287,39.652,38.6626,37.753,36.9168,36.1483,35.4423,34.7943,34.2001,33.6562,33.1592,32.7062,32.2946,31.9218,31.5859,31.2847,31.0164,30.7795,30.5723,30.3935,30.2416,30.1155,30.0139,29.9356,29.8796,29.8447,29.8298,29.8339,29.8558,29.8946,29.9493,30.0188,30.1022,30.1986,30.3073,30.4277,30.559,30.7009,30.8531,31.0154,31.1877,31.3699,31.562,31.7641,31.976,32.1973,32.4277,32.6663,32.9122,33.1639,33.4197,33.6776,33.9356,34.1914,34.443,34.6888,34.9275,35.1587,35.3828,35.6007,35.8146,36.0272,36.2416,36.4616,36.6908,36.9331,37.1921,37.4711,37.773,38.1004,38.4553,38.8392,39.2532,39.698,40.1734,40.6792,41.214,41.7763,42.3636,42.9729,43.6002,44.2408,44.8891,45.5386,46.1819,46.8108,47.4162,47.9885,48.5176,48.9933,49.4055,49.7443,50.0007,50.1669,50.2366,50.2049,50.0693,49.8291,49.4857,49.0426,48.5051,47.8801,47.176,46.4017,45.5681,44.684,43.7594,42.8038,41.8263,40.8352,39.8383,38.8421,37.8526,36.8747,35.9125,34.9695,
 ,26,125.959,128.329,130.391,132.11,133.453,134.395,134.918,135.017,134.692,133.954,132.824,131.328,129.499,127.374,124.994,122.398,119.627,116.722,113.718,110.65,107.549,104.441,101.351,98.2978,95.2988,92.3676,89.5151,86.7498,84.0779,81.5039,79.0306,76.659,74.3894,72.2205,70.1506,68.1767,66.2955,64.5029,62.7945,61.1655,59.611,58.126,56.7056,55.3449,54.0396,52.7857,51.5798,50.4191,49.3011,48.2242,47.187,46.1887,45.2288,44.307,43.4228,42.5763,41.7672,40.9953,40.2602,39.5615,38.8987,38.2712,37.6783,37.1194,36.5936,36.1002,35.6384,35.2075,34.8066,34.435,34.0921,33.7773,33.4899,33.2295,32.9955,32.7876,32.6055,32.4488,32.3173,32.211,32.1296,32.0734,32.0423,32.0364,32.056,32.1015,32.1731,32.2715,32.397,32.5505,32.7326,32.9442,33.1862,33.4598,33.7662,34.1066,34.4826,34.8958,35.348,35.8411,36.3772,36.9588,37.5884,38.2688,39.0031,39.7946,40.6471,41.5645,42.5512,43.6122,44.7525,45.9782,47.2956,48.7118,50.2347,51.8732,53.6372,55.538,57.5885,59.8036,62.2009,64.8011,67.6295,70.7169,74.102,77.8342,81.9775,86.6168,91.8659,97.8805,104.875,113.144,123.087,135.208,150.029,167.76,187.48,206.117,219.098,224.265,224.487,224.659,228.049,235.808,247.916,263.852,282.782,303.473,324.149,342.46,355.727,361.53,358.467,346.672,327.741,304.112,278.303,252.365,227.686,205.037,184.732,166.794,151.08,137.373,125.435,115.031,105.948,97.9973,91.0156,84.864,79.4247,74.5981,70.3004,66.4608,63.0193,59.9254,57.136,54.6145,52.3295,50.2541,48.3653,46.643,45.0701,43.6314,42.3138,41.106,39.9978,38.9805,38.0462,37.1881,36.4002,35.6768,35.0134,34.4056,33.8496,33.3418,32.8794,32.4594,32.0795,31.7373,31.4307,31.1581,30.9175,30.7075,30.5265,30.3732,30.2462,30.1444,30.0664,30.0111,29.9773,29.9637,29.9693,29.9927,30.0327,30.0883,30.1581,30.2411,30.3361,30.4423,30.5587,30.6845,30.8193,30.9625,31.114,31.2736,31.4412,31.617,31.8011,31.9934,32.1941,32.4028,32.6193,32.8429,33.0728,33.308,33.5473,33.7892,34.0326,34.276,34.5187,34.7601,35.0001,35.2392,35.4788,35.7205,35.9668,36.2203,36.4843,36.762,37.0567,37.3716,37.7098,38.074,38.4669,38.8904,39.3463,39.836,40.3601,40.9191,41.5128,42.1402,42.7999,43.4897,44.2063,44.9458,45.7032,46.4723,47.2458,48.0154,48.7715,49.5037,50.2004,50.8495,51.4387,51.9552,52.3872,52.7233,52.9538,53.0704,53.0674,52.9413,52.6913,52.3194,51.83,51.2299,50.5279,49.7343,48.8607,47.9202,46.924,45.8839,44.8116,43.7179,42.6126,41.5045,40.4013,39.3094,38.2342,37.1803,36.1511,
 ,25,125.284,127.675,129.777,131.552,132.967,133.997,134.623,134.834,134.629,134.015,133.008,131.63,129.911,127.887,125.595,123.074,120.366,117.51,114.543,111.501,108.415,105.315,102.224,99.1649,96.1549,93.2092,90.3396,87.5557,84.8642,82.2706,79.778,77.3881,75.1014,72.9171,70.8333,68.8473,66.9557,65.1541,63.438,61.8021,60.2412,58.7497,57.3221,55.9534,54.6386,53.3735,52.1545,50.9786,49.8436,48.748,47.6908,46.6714,45.6897,44.7457,43.8396,42.9716,42.1417,41.3499,40.5959,39.8795,39.2003,38.5576,37.9507,37.3789,36.8415,36.3375,35.8662,35.4266,35.018,34.6397,34.2907,33.9706,33.6786,33.4143,33.177,32.9664,32.7821,32.6238,32.4913,32.3845,32.3032,32.2475,32.2175,32.2133,32.2352,32.2835,32.3586,32.461,32.5913,32.7502,32.9385,33.1572,33.4071,33.6896,34.0059,34.3573,34.7455,35.1723,35.6394,36.149,36.7035,37.3053,37.9572,38.6622,39.4236,40.2451,41.1306,42.0845,43.1115,44.2167,45.406,46.6856,48.0625,49.5442,51.1393,52.8573,54.7086,56.7054,58.861,61.1913,63.7142,66.4513,69.4281,72.676,76.2335,80.1495,84.4871,89.3286,94.7837,101,108.179,116.59,126.589,138.605,153.051,170.017,188.623,206.324,219.582,226.849,230.471,234.517,241.979,254.217,271.586,293.937,320.69,350.616,381.486,409.837,431.241,441.366,437.591,420.215,392.282,358.192,322.115,287.093,254.885,226.246,201.287,179.776,161.332,145.538,131.996,120.354,110.307,101.599,94.0183,87.3882,81.5634,76.4238,71.8698,67.8187,64.2015,60.9606,58.0474,55.4209,53.0465,50.8945,48.9397,47.1604,45.5379,44.056,42.7006,41.4596,40.3222,39.279,38.322,37.4437,36.6378,35.8986,35.2212,34.601,34.034,33.5166,33.0458,32.6186,32.2324,31.885,31.5742,31.2982,31.0551,30.8433,30.6615,30.508,30.3816,30.281,30.2049,30.152,30.121,30.1106,30.1196,30.1465,30.1899,30.2485,30.3208,30.4055,30.5013,30.6069,30.7212,30.8434,30.9725,31.1083,31.2502,31.3982,31.5524,31.713,31.8803,32.0545,32.236,32.4249,32.6214,32.8253,33.0362,33.2538,33.4775,33.7065,33.9402,34.1779,34.4195,34.6647,34.9139,35.1679,35.4279,35.6956,35.9732,36.2632,36.5683,36.8916,37.2361,37.6047,38.0005,38.4262,38.8843,39.3771,39.9065,40.4742,41.0812,41.7284,42.4157,43.1428,43.9084,44.7103,45.5457,46.4104,47.299,48.2049,49.1201,50.0351,50.9389,51.8191,52.6621,53.4532,54.1772,54.8186,55.3622,55.7941,56.1017,56.2747,56.3055,56.1899,55.9267,55.5187,54.9714,54.2937,53.4969,52.5941,51.5997,50.5302,49.3993,48.2217,47.0114,45.7812,44.5426,43.3058,42.0793,40.8704,39.685,38.5277,37.4021,
 ,24,125.027,127.483,129.663,131.531,133.052,134.198,134.946,135.282,135.202,134.707,133.81,132.531,130.898,128.944,126.705,124.223,121.539,118.693,115.724,112.671,109.566,106.44,103.319,100.226,97.1806,94.1982,91.2917,88.4716,85.7453,83.1187,80.5953,78.1774,75.8655,73.659,71.5561,69.5539,67.6488,65.8363,64.1111,62.4678,60.9002,59.4023,57.968,56.5913,55.267,53.9904,52.7574,51.5652,50.4116,49.2952,48.2156,47.1725,46.1664,45.1978,44.2674,43.3755,42.5226,41.709,40.9346,40.1991,39.5021,38.8432,38.2215,37.6362,37.0866,36.5716,36.0903,35.6419,35.2254,34.84,34.4849,34.1594,33.8628,33.5944,33.3538,33.1405,32.954,32.7941,32.6606,32.5532,32.4719,32.4168,32.3879,32.3853,32.4093,32.4604,32.5388,32.6452,32.7802,32.9444,33.1389,33.3644,33.6222,33.9134,34.2395,34.6018,35.0021,35.4422,35.9242,36.4504,37.023,37.645,38.3192,39.0488,39.8375,40.6891,41.6079,42.5986,43.6663,44.8165,46.0556,47.3902,48.8278,50.3767,52.0459,53.8456,55.787,57.8827,60.147,62.5962,65.2488,68.1268,71.2557,74.6666,78.3972,82.4945,87.0179,92.0441,97.6729,104.036,111.306,119.708,129.522,141.057,154.563,169.992,186.59,202.594,215.839,225.548,233.395,242.327,254.871,272.609,296.442,326.858,363.858,406.536,452.331,496.271,530.98,548.453,543.557,516.933,474.584,424.578,373.778,326.487,284.671,248.766,218.407,192.907,171.511,153.522,138.333,125.442,114.438,104.99,96.8299,89.7415,83.5505,78.1155,73.321,69.0724,65.2918,61.9146,58.8869,56.1637,53.707,51.4846,49.4693,47.6377,45.9699,44.4484,43.0585,41.7872,40.6231,39.5565,38.5787,37.6822,36.8601,36.1067,35.4166,34.7853,34.2087,33.6829,33.2048,32.7715,32.3802,32.0287,31.7147,31.4364,31.192,30.9798,30.7983,30.646,30.5217,30.4239,30.3513,30.3027,30.2765,30.2715,30.2861,30.3189,30.3681,30.4323,30.5097,30.5986,30.6975,30.8049,30.9192,31.0395,31.1647,31.2942,31.4277,31.5652,31.7067,31.8527,32.0037,32.1605,32.3237,32.4939,32.6715,32.8571,33.0508,33.2527,33.4627,33.6807,33.9066,34.1403,34.3819,34.6317,34.8904,35.1588,35.4383,35.7307,36.0379,36.3623,36.7066,37.0735,37.466,37.887,38.3394,38.8261,39.3498,39.913,40.518,41.1667,41.8607,42.6012,43.3888,44.2234,45.1043,46.0296,46.9966,48.0012,49.0379,50.0997,51.1775,52.2607,53.3367,54.3909,55.407,56.3673,57.2529,58.0448,58.7237,59.2719,59.6732,59.9145,59.986,59.882,59.6014,59.1473,58.5275,57.7533,56.8391,55.802,54.6602,53.4342,52.1412,50.7992,49.4251,48.0341,46.6397,45.2536,43.8853,42.5427,41.2322,39.9585,38.725,
 ,23,125.241,127.809,130.116,132.122,133.788,135.083,135.98,136.459,136.511,136.134,135.336,134.135,132.559,130.638,128.413,125.926,123.219,120.337,117.322,114.213,111.048,107.857,104.671,101.512,98.4018,95.3566,92.3902,89.5134,86.7344,84.0592,81.4918,79.0344,76.6879,74.4514,72.3232,70.3001,68.378,66.5521,64.8166,63.1652,61.591,60.087,58.6464,57.2622,55.9284,54.6398,53.3921,52.1822,51.0079,49.8684,48.7636,47.6939,46.6604,45.6642,44.7065,43.7882,42.91,42.0725,41.2758,40.5197,39.8038,39.1275,38.4901,37.8907,37.3283,36.8018,36.3103,35.8528,35.4283,35.0358,34.6744,34.3434,34.0421,33.7697,33.5257,33.3096,33.1209,32.9594,32.8248,32.7169,32.6356,32.5809,32.553,32.552,32.5781,32.6318,32.7135,32.8238,32.9633,33.1328,33.3332,33.5656,33.831,34.1308,34.4664,34.8395,35.2517,35.705,36.2018,36.7442,37.3349,37.9769,38.6733,39.4275,40.2435,41.1253,42.0775,43.1053,44.2141,45.4099,46.6995,48.0901,49.5898,51.2074,52.9528,54.8366,56.871,59.0692,61.4462,64.019,66.8065,69.8309,73.1178,76.6973,80.6056,84.8866,89.595,94.7989,100.585,107.064,114.375,122.69,132.209,143.127,155.564,169.407,184.117,198.669,212.004,223.946,235.715,249.415,267.182,290.828,321.895,361.754,411.425,470.901,537.786,605.391,661.633,691.564,684.831,642.809,577.548,503.835,432.614,369.442,315.943,271.668,235.366,205.639,181.213,161.027,144.225,130.133,118.223,108.081,99.3825,91.872,85.346,79.6421,74.6296,70.2027,66.2748,62.7751,59.6446,56.8346,54.3042,52.0189,49.9494,48.0711,46.3626,44.8059,43.3851,42.0867,40.8989,39.8114,38.8152,37.9024,37.066,36.3,35.5989,34.958,34.3729,33.8401,33.356,32.9176,32.5224,32.1679,31.852,31.5726,31.328,31.1166,30.9369,30.7873,30.6666,30.5734,30.5062,30.4639,30.4448,30.4475,30.4704,30.5117,30.5697,30.6424,30.7279,30.824,30.9289,31.0406,31.1574,31.2779,31.4008,31.5255,31.6515,31.7789,31.9079,32.0394,32.1743,32.3135,32.4584,32.6099,32.7691,32.9369,33.114,33.3011,33.4985,33.7066,33.9257,34.1562,34.3985,34.6533,34.9214,35.2039,35.5022,35.8181,36.1536,36.511,36.893,37.3022,37.7415,38.214,38.7226,39.2705,39.8606,40.4958,41.1787,41.9119,42.6974,43.537,44.4321,45.383,46.3898,47.451,48.5643,49.7259,50.9303,52.1698,53.435,54.7137,55.9916,57.2514,58.4738,59.6371,60.7183,61.693,62.5373,63.2282,63.7448,64.07,64.191,64.1004,63.7966,63.2841,62.5727,61.6774,60.6173,59.4141,58.0912,56.6744,55.1853,53.6459,52.0768,50.4961,48.9194,47.3598,45.8282,44.333,42.8807,41.476,40.122,
 ,22,125.98,128.718,131.208,133.404,135.265,136.752,137.832,138.478,138.675,138.415,137.705,136.56,135.007,133.079,130.82,128.274,125.49,122.516,119.4,116.184,112.909,109.61,106.316,103.054,99.8449,96.7069,93.6539,90.6969,87.8446,85.1029,82.476,79.9662,77.574,75.2986,73.1379,71.0884,69.1455,67.3037,65.5564,63.8964,62.3157,60.8063,59.36,57.9689,56.626,55.3253,54.0618,52.8325,51.6353,50.4699,49.3366,48.2369,47.1725,46.1453,45.1571,44.2094,43.3034,42.4398,41.6189,40.8406,40.1045,39.4099,38.756,38.1417,37.566,37.0278,36.5258,36.0589,35.6262,35.2264,34.8588,34.5222,34.2162,33.9397,33.6923,33.4734,33.2826,33.1194,32.9837,32.8752,32.7939,32.7397,32.7127,32.7131,32.7413,32.7976,32.8824,32.9965,33.1404,33.315,33.5212,33.7601,34.033,34.3412,34.6862,35.0697,35.4936,35.96,36.4712,37.0297,37.6383,38.3001,39.0185,39.7972,40.6403,41.5522,42.538,43.603,44.7532,45.995,47.3358,48.7833,50.3464,52.0344,53.8579,55.8286,57.9591,60.2638,62.7583,65.4602,68.3892,71.5676,75.0208,78.778,82.8736,87.348,92.2498,97.638,103.585,110.179,117.527,125.752,134.987,145.349,156.886,169.503,182.889,196.566,210.176,223.925,238.833,256.556,279.046,308.38,346.804,396.797,460.892,540.838,635.483,736.898,826.344,876.569,866.843,800.067,700.095,593.156,495.541,413.329,346.701,293.515,251.158,217.275,189.954,167.717,149.435,134.258,121.537,110.781,101.609,93.7298,86.9119,80.9744,75.773,71.1917,67.1364,63.5307,60.3113,57.4263,54.8321,52.4921,50.3757,48.4568,46.7132,45.1258,43.6782,42.3563,41.1479,40.0422,39.0301,38.1032,37.2545,36.4777,35.7672,35.1182,34.5262,33.9875,33.4986,33.0566,32.6586,32.3023,31.9855,31.7063,31.4628,31.2536,31.0771,30.9318,30.8164,30.7296,30.67,30.6362,30.6268,30.64,30.6741,30.7273,30.7974,30.8822,30.9792,31.0861,31.2004,31.3197,31.4418,31.5648,31.6873,31.8084,31.9276,32.0451,32.1615,32.2779,32.3956,32.5164,32.642,32.774,32.9141,33.0636,33.224,33.3962,33.5811,33.7796,33.9923,34.2199,34.4631,34.7229,35.0002,35.2963,35.6127,35.9513,36.3141,36.7035,37.122,37.5725,38.0579,38.5814,39.1463,39.7559,40.4135,41.1226,41.8862,42.7076,43.5896,44.5348,45.5451,46.6221,47.7664,48.9775,50.2538,51.5918,52.9861,54.4293,55.911,57.4178,58.9333,60.4375,61.9071,63.316,64.6353,65.8346,66.883,67.7509,68.411,68.8406,69.0229,68.9479,68.6136,68.026,67.1982,66.1503,64.9071,63.4971,61.9506,60.3,58.5726,56.7956,54.9937,53.1884,51.3979,49.6369,47.9172,46.2477,44.6348,43.0829,41.5946,
 ,21,127.301,130.276,133.016,135.47,137.588,139.321,140.629,141.475,141.835,141.698,141.064,139.948,138.379,136.394,134.041,131.372,128.445,125.313,122.03,118.645,115.203,111.741,108.292,104.883,101.537,98.2714,95.1012,92.0373,89.0881,86.2596,83.5558,80.9786,78.5284,76.204,74.0028,71.9208,69.9527,68.0921,66.3315,64.6624,63.0757,61.5618,60.111,58.714,57.3625,56.0494,54.7692,53.5187,52.296,51.1013,49.9359,48.8022,47.7029,46.6409,45.6187,44.6385,43.7019,42.8099,41.9629,41.1607,40.4032,39.6893,39.0181,38.3884,37.799,37.2487,36.736,36.2597,35.8186,35.4116,35.0375,34.6955,34.3847,34.1042,33.8534,33.6318,33.4388,33.2739,33.1371,33.028,32.9465,32.8927,32.8666,32.8685,32.8986,32.9573,33.0452,33.1629,33.311,33.4905,33.7024,33.9477,34.2278,34.5442,34.8983,35.292,35.7273,36.2065,36.7318,37.3061,37.9323,38.6136,39.3537,40.1566,41.0266,41.9686,42.9878,44.09,45.2817,46.57,47.9625,49.4678,51.0953,52.8553,54.7591,56.8193,59.0495,61.465,64.0824,66.9202,69.9988,73.3409,76.9719,80.9202,85.2184,89.9033,95.0178,100.612,106.743,113.481,120.903,129.095,138.141,148.113,159.038,170.87,183.49,196.769,210.746,225.851,243.056,263.85,290.167,324.385,369.459,429.08,507.65,609.501,736.182,880.033,1014.71,1094.28,1080.06,977.772,831.287,683.424,555.907,453.654,374.024,312.432,264.579,227.033,197.219,173.244,153.727,137.651,124.265,113.006,103.449,95.2693,88.2139,82.0864,76.731,72.0236,67.8642,64.1715,60.8791,57.9322,55.2852,52.9,50.7447,48.792,47.019,45.4059,43.9359,42.5943,41.3686,40.2478,39.2223,38.2837,37.4247,36.639,35.9209,35.2653,34.6679,34.1247,33.6323,33.1877,32.7882,32.4313,32.1149,31.8371,31.5962,31.3905,31.2187,31.0793,30.9711,30.8928,30.8431,30.8204,30.8234,30.8503,30.8992,30.968,31.0543,31.1554,31.2684,31.3905,31.5183,31.6491,31.7798,31.9082,32.0324,32.1512,32.2641,32.3714,32.4741,32.5739,32.6728,32.7731,32.8773,32.9879,33.1071,33.237,33.3794,33.5359,33.7078,33.8962,34.1021,34.3266,34.5705,34.8349,35.121,35.4302,35.7642,36.1247,36.514,36.9345,37.3888,37.8798,38.4109,38.9853,39.6067,40.2787,41.0052,41.7902,42.6376,43.5513,44.5351,45.5926,46.7267,47.9403,49.2349,50.6114,52.0691,53.6053,55.2156,56.8923,58.6247,60.3985,62.1949,63.9909,65.7589,67.4666,69.0784,70.5557,71.8587,72.9485,73.7893,74.3506,74.6098,74.5535,74.1791,73.4944,72.5177,71.2754,69.801,68.1318,66.3071,64.3684,62.35,60.2857,58.2051,56.1338,54.0923,52.0972,50.161,48.2926,46.4982,44.7813,43.1437,
 ,20,129.264,132.558,135.631,138.425,140.878,142.929,144.524,145.616,146.168,146.161,145.592,144.474,142.84,140.734,138.215,135.345,132.191,128.819,125.291,121.663,117.985,114.298,110.637,107.032,103.504,100.073,96.7508,93.5496,90.4771,87.5388,84.7382,82.0769,79.5547,77.1698,74.9191,72.7976,70.7994,68.9169,67.1414,65.463,63.871,62.3538,60.9001,59.4985,58.1392,56.8137,55.516,54.2422,52.991,51.7633,50.5616,49.3894,48.2509,47.1499,46.09,45.074,44.1039,43.1812,42.3061,41.4788,40.6985,39.9645,39.2753,38.6298,38.0264,37.4637,36.9402,36.4544,36.005,35.5907,35.2103,34.8628,34.5473,34.2628,34.0087,33.7843,33.5891,33.4226,33.2847,33.1749,33.0933,33.0399,33.0146,33.0178,33.0497,33.1108,33.2016,33.3227,33.4749,33.6591,33.8764,34.1279,34.415,34.7392,35.1021,35.5058,35.9521,36.4436,36.9828,37.5724,38.2158,38.9163,39.6778,40.5045,41.4011,42.3727,43.4251,44.5645,45.7978,47.1326,48.5772,50.141,51.834,53.6675,55.6537,57.8062,60.1399,62.671,65.4174,68.3989,71.6367,75.1545,78.9779,83.1352,87.6573,92.5784,97.9361,103.772,110.133,117.069,124.636,132.89,141.887,151.672,162.271,173.692,185.945,199.102,213.413,229.439,248.157,271.018,300.009,337.774,387.857,455.005,545.374,665.984,821.786,1006.97,1188.89,1300.67,1281.03,1139.5,944.896,757.798,603.6,484.516,394.476,326.392,274.404,234.156,202.526,177.298,156.892,140.172,126.308,114.687,104.852,96.4533,89.2243,82.9568,77.4873,72.6858,68.448,64.6895,61.3415,58.3471,55.6593,53.239,51.0532,49.074,47.2778,45.6445,44.1566,42.7994,41.5599,40.427,39.3908,38.443,37.576,36.7833,36.0592,35.3987,34.7973,34.2511,33.7566,33.3107,32.9109,32.5546,32.2399,31.9648,31.7276,31.527,31.3615,31.2298,31.1308,31.0632,31.0258,31.0172,31.0359,31.0801,31.1478,31.2367,31.344,31.4667,31.6011,31.7437,31.8904,32.0375,32.1812,32.3184,32.4466,32.5643,32.671,32.7673,32.8545,32.9351,33.0121,33.0886,33.1682,33.2541,33.3495,33.4572,33.5795,33.7185,33.8759,34.0531,34.2515,34.4721,34.716,34.9845,35.279,35.6007,35.9515,36.3333,36.7484,37.1992,37.6887,38.2199,38.7963,39.4216,40.0998,40.8351,41.6321,42.4953,43.4296,44.4398,45.531,46.7078,47.9748,49.336,50.7949,52.3537,54.0132,55.7725,57.6279,59.5726,61.5961,63.683,65.8128,67.9589,70.0886,72.1627,74.1366,75.9612,77.5849,78.9563,80.0274,80.7571,81.1144,81.081,80.6533,79.8423,78.6727,77.1809,75.4117,73.4149,71.2422,68.9464,66.5711,64.1582,61.7432,59.3559,57.0198,54.7526,52.5673,50.4725,48.4733,46.572,44.7687,
 ,19,131.935,135.646,139.157,142.395,145.285,147.749,149.713,151.112,151.896,152.033,151.515,150.357,148.596,146.291,143.511,140.338,136.855,133.141,129.271,125.31,121.315,117.331,113.394,109.536,105.776,102.134,98.6214,95.2488,92.0231,88.949,86.0294,83.265,80.6551,78.1969,75.8863,73.7178,71.6839,69.7761,67.984,66.2961,64.6996,63.1809,61.7261,60.3218,58.9559,57.6183,56.3019,55.0027,53.7197,52.4549,51.2123,49.9968,48.8143,47.67,46.5685,45.5134,44.5072,43.5514,42.6467,41.7927,40.9889,40.2339,39.5264,38.8648,38.2472,37.6721,37.1377,36.6424,36.1847,35.7632,35.3765,35.0237,34.7035,34.4152,34.1578,33.9307,33.7333,33.5653,33.4262,33.3158,33.234,33.1808,33.1564,33.1608,33.1944,33.2577,33.3512,33.4756,33.6317,33.8204,34.0428,34.3002,34.594,34.9257,35.2972,35.7103,36.1674,36.6708,37.2233,37.8279,38.4879,39.2071,39.9894,40.8395,41.7622,42.7631,43.8484,45.0246,46.2992,47.6805,49.1775,50.8002,52.5596,54.4679,56.5385,58.7861,61.227,63.8789,66.7611,69.8949,73.3032,77.0109,81.0446,85.4332,90.207,95.3984,101.041,107.171,113.823,121.036,128.845,137.287,146.393,156.193,166.717,178.004,190.137,203.291,217.817,234.337,253.832,277.742,308.079,347.628,400.247,471.267,567.82,698.459,870.126,1078.29,1287,1416.97,1392.98,1227.48,1005.04,796.315,628.006,500.287,405.01,333.695,279.655,238.059,205.515,179.647,158.78,141.718,127.595,115.774,105.78,97.2552,89.9231,83.5707,78.0303,73.1692,68.8808,65.079,61.6937,58.667,55.9512,53.5064,51.299,49.301,47.4881,45.8401,44.3392,42.9705,41.7209,40.579,39.5351,38.5804,37.7076,36.91,36.1818,35.518,34.9141,34.3662,33.8709,33.425,33.0261,32.6717,32.3599,32.0888,31.8568,31.6627,31.5051,31.383,31.2952,31.2408,31.2184,31.227,31.2651,31.3308,31.4222,31.5366,31.6709,31.8214,31.984,32.154,32.3264,32.496,32.6581,32.8084,32.9436,33.0617,33.1619,33.2453,33.314,33.3714,33.4218,33.4695,33.5195,33.5761,33.6434,33.7251,33.824,33.9428,34.0835,34.2479,34.4372,34.6528,34.8959,35.1677,35.4697,35.8033,36.1702,36.5726,37.0128,37.4934,38.0175,38.5884,39.21,39.8863,40.6218,41.4213,42.2902,43.2338,44.2581,45.3692,46.5733,47.8768,49.2859,50.8067,52.4444,54.2038,56.0877,58.0973,60.231,62.4834,64.8449,67.2999,69.8263,72.394,74.9645,77.4905,79.9162,82.1788,84.2107,85.9436,87.3123,88.2603,88.7446,88.74,88.2413,87.2638,85.8422,84.0265,81.8781,79.464,76.8524,74.1114,71.2965,68.459,65.6419,62.8792,60.1969,57.6139,55.1426,52.7904,50.5609,48.4541,46.4681,
 ,18,135.386,139.637,143.715,147.533,150.994,153.996,156.439,158.233,159.306,159.609,159.128,157.878,155.91,153.298,150.136,146.529,142.584,138.4,134.069,129.668,125.259,120.892,116.607,112.429,108.382,104.479,100.732,97.1498,93.7373,90.4983,87.4345,84.5459,81.8304,79.2845,76.9028,74.6783,72.6027,70.6655,68.8549,67.1571,65.5572,64.0389,62.5854,61.1805,59.8095,58.4603,57.1243,55.7974,54.4792,53.1729,51.8844,50.6207,49.3894,48.1974,47.0506,45.9532,44.9084,43.9178,42.9819,42.1004,41.2722,40.496,39.7699,39.0919,38.4602,37.8727,37.3276,36.8229,36.3571,35.9286,35.5358,35.1777,34.8531,34.5609,34.3003,34.0706,33.8712,33.7016,33.5613,33.4503,33.3683,33.3154,33.2916,33.2972,33.3324,33.3978,33.4938,33.6213,33.7811,33.974,34.2013,34.4643,34.7644,35.1033,35.4829,35.9051,36.3724,36.8873,37.4526,38.0716,38.7477,39.4849,40.2875,41.1603,42.1085,43.1381,44.2556,45.4682,46.7838,48.2113,49.7606,51.4424,53.2688,55.253,57.4098,59.7552,62.3071,65.085,68.1101,71.4057,74.997,78.9108,83.1758,87.8224,92.8819,98.3863,104.368,110.857,117.883,125.471,133.645,142.42,151.809,161.827,172.494,183.858,196.025,209.206,223.781,240.379,259.956,283.904,314.182,353.527,405.745,476.083,571.476,700.005,867.639,1068.46,1266.48,1386.9,1361.41,1202.58,988.996,787.188,623.218,497.978,404.067,333.492,279.847,238.456,206.009,180.179,159.316,142.239,128.092,116.242,106.217,97.6616,90.3,83.9198,78.3535,73.4685,69.1583,65.3365,61.933,58.8898,56.1589,53.7005,51.4808,49.4716,47.6488,45.9917,44.4828,43.1069,41.8508,40.7033,39.6544,38.6955,37.8191,37.0185,36.288,35.6226,35.0178,34.4696,33.9748,33.5303,33.1335,32.7822,32.4745,32.2087,31.9833,31.7972,31.6492,31.5385,31.4642,31.4254,31.4212,31.4505,31.512,31.6042,31.7248,31.871,32.0396,32.226,32.4253,32.6316,32.8383,33.0388,33.2265,33.3956,33.5414,33.6613,33.7543,33.8219,33.8674,33.8956,33.9124,33.9243,33.9375,33.9581,33.9914,34.0417,34.1129,34.2079,34.329,34.478,34.6564,34.8655,35.1065,35.3807,35.6893,36.0339,36.4163,36.8386,37.3032,37.8131,38.3713,38.9816,39.6481,40.3754,41.1686,42.0332,42.9753,44.0015,45.1188,46.3348,47.6574,49.0948,50.6555,52.3478,54.1799,56.1591,58.2917,60.5817,63.0307,65.6361,68.39,71.2779,74.2769,77.3539,80.4643,83.551,86.5447,89.3646,91.922,94.1245,95.8827,97.1181,97.7699,97.8022,97.2077,96.0083,94.2532,92.0126,89.3714,86.4208,83.2519,79.9527,76.5938,73.2381,69.9365,66.7275,63.6391,60.6899,57.891,55.2475,52.7598,50.425,48.2382,
 ,17,139.695,144.638,149.45,154.023,158.232,161.944,165.019,167.331,168.774,169.277,168.814,167.405,165.117,162.055,158.346,154.132,149.553,144.738,139.797,134.823,129.887,125.04,120.32,115.752,111.352,107.134,103.104,99.2684,95.6311,92.1942,88.958,85.9211,83.0802,80.4303,77.9645,75.6745,73.55,71.5788,69.7471,68.0389,66.4365,64.9204,63.4707,62.0676,60.6932,59.3329,57.9767,56.6198,55.2628,53.9106,52.5714,51.2546,49.97,48.7264,47.5309,46.3888,45.3033,44.2765,43.3085,42.3989,41.5462,40.7486,40.0039,39.3099,38.6642,38.0646,37.509,36.9953,36.5216,36.0862,35.6877,35.3245,34.9956,34.6997,34.4361,34.2039,34.0025,33.8313,33.69,33.5783,33.4961,33.4434,33.4202,33.4268,33.4635,33.5307,33.6292,33.7596,33.9227,34.1196,34.3516,34.6198,34.9259,35.2716,35.6588,36.0896,36.5666,37.0924,37.6699,38.3027,38.9942,39.7488,40.5708,41.4656,42.4385,43.496,44.6449,45.8931,47.249,48.7222,50.3234,52.0643,53.9579,56.0189,58.2632,60.7088,63.3753,66.2843,69.4595,72.9269,76.7145,80.8523,85.3722,90.3076,95.6925,101.561,107.945,114.875,122.375,130.462,139.147,148.429,158.299,168.748,179.773,191.401,203.723,216.933,231.389,247.677,266.69,289.719,318.577,355.766,404.703,469.949,557.224,672.532,818.744,987.159,1145.07,1235.01,1210.28,1081.77,906.345,735.201,591.53,478.694,392.193,326.064,275.132,235.429,204.056,178.921,158.516,141.744,127.803,116.093,106.164,97.6726,90.3548,84.0036,78.4564,73.5832,69.2797,65.4612,62.0585,59.0145,56.2817,53.8206,51.5979,49.5855,47.7593,46.0989,44.5869,43.208,41.9493,40.7994,39.7484,38.7878,37.9101,37.1086,36.3777,35.7123,35.108,34.561,34.068,33.626,33.2326,32.8856,32.5832,32.3239,32.1065,31.9299,31.7932,31.6959,31.6373,31.6168,31.6339,31.6878,31.7775,31.9016,32.058,32.2439,32.4555,32.6878,32.9347,33.1888,33.4415,33.684,33.907,34.1025,34.2639,34.3872,34.4715,34.5187,34.5338,34.5239,34.4974,34.4632,34.43,34.4055,34.3967,34.4089,34.4466,34.513,34.6106,34.7413,34.9065,35.1072,35.3447,35.62,35.9342,36.289,36.6861,37.1276,37.616,38.1544,38.7463,39.3955,40.1067,40.885,41.7361,42.6664,43.6829,44.7935,46.0065,47.3312,48.7774,50.3558,52.0772,53.9533,55.9953,58.2147,60.6216,63.2246,66.0297,69.0387,72.2476,75.6445,79.2073,82.9008,86.6747,90.4611,94.174,97.7097,100.951,103.771,106.047,107.667,108.543,108.624,107.899,106.399,104.197,101.392,98.1034,94.4571,90.5751,86.572,82.5373,78.5477,74.662,70.9229,67.3587,63.9863,60.8136,57.8415,55.066,52.4798,50.0735,
 ,16,144.947,150.77,156.528,162.088,167.286,171.942,175.865,178.869,180.801,181.554,181.084,179.42,176.657,172.944,168.463,163.408,157.969,152.313,146.578,140.873,135.274,129.834,124.584,119.543,114.722,110.126,105.758,101.621,97.7162,94.0439,90.6031,87.3909,84.4021,81.63,79.0658,76.6991,74.5175,72.5068,70.6508,68.9309,67.3262,65.814,64.3702,62.9712,61.5952,60.2245,58.8473,57.4584,56.0594,54.6574,53.2631,51.889,50.5474,49.249,48.0025,46.8138,45.6868,44.6231,43.6228,42.6851,41.808,40.9894,40.2266,39.517,38.8579,38.2467,37.681,37.1587,36.6775,36.2357,35.8316,35.4637,35.1306,34.8313,34.5648,34.3302,34.1268,33.9542,33.8119,33.6995,33.6171,33.5645,33.5418,33.5493,33.5874,33.6564,33.757,33.8901,34.0564,34.257,34.4932,34.7663,35.0779,35.4299,35.8243,36.2632,36.7493,37.2853,37.8745,38.5202,39.2264,39.9974,40.8381,41.7538,42.7505,43.8349,45.0143,46.297,47.6923,49.2104,50.8627,52.6621,54.6229,56.7608,59.0937,61.6413,64.4254,67.4703,70.8026,74.4517,78.4494,82.8301,87.6305,92.8887,98.644,104.935,111.798,119.265,127.359,136.094,145.47,155.467,166.054,177.184,188.814,200.922,213.541,226.806,241.006,256.647,274.521,295.776,322.008,355.363,398.657,455.433,529.739,625.04,741.105,867.775,978.494,1035.22,1012.36,918.843,789.423,657.676,541.822,446.991,371.779,312.709,266.238,229.404,199.911,176.031,156.48,140.299,126.772,115.356,105.639,97.3019,90.097,83.8291,78.3437,73.5165,69.2475,65.4549,62.0716,59.0421,56.3202,53.8672,51.6506,49.6425,47.8196,46.1617,44.6514,43.2739,42.0162,40.8671,39.817,38.8572,37.9804,37.18,36.4504,35.7867,35.1845,34.64,34.15,33.7118,33.3229,32.9814,32.6855,32.434,32.2258,32.0601,31.9365,31.8544,31.8138,31.8145,31.8563,31.9389,32.062,32.2243,32.4241,32.6589,32.9245,33.2153,33.5238,33.8409,34.1553,34.4548,34.7266,34.9591,35.1428,35.2717,35.3445,35.3643,35.3385,35.2776,35.1937,35.0993,35.0061,34.9245,34.8631,34.8283,34.8252,34.8572,34.9268,35.0356,35.1847,35.375,35.6073,35.8823,36.2012,36.5652,36.9761,37.4361,37.9477,38.514,39.1388,39.8265,40.582,41.411,42.32,43.3164,44.4081,45.6044,46.9154,48.352,49.9266,51.6522,53.5432,55.6147,57.8823,60.3621,63.0699,66.0204,69.2259,72.6948,76.4296,80.4237,84.6585,89.0991,93.6907,98.3543,102.984,107.448,111.588,115.233,118.207,120.349,121.532,121.678,120.772,118.861,116.05,112.485,108.336,103.779,98.9786,94.0836,89.2068,84.4404,79.851,75.4832,71.3634,67.504,63.9069,60.5664,57.4722,54.6105,51.9662,
 ,15,151.227,158.167,165.146,171.997,178.511,184.441,189.516,193.468,196.065,197.142,196.631,194.572,191.108,186.457,180.887,174.673,168.073,161.306,154.547,147.917,141.499,135.337,129.452,123.851,118.531,113.489,108.721,104.227,100.005,96.0543,92.3721,88.9537,85.7918,82.8771,80.1984,77.7424,75.4945,73.4376,71.553,69.8189,68.2112,66.7034,65.2669,63.8736,62.4974,61.1169,59.7183,58.2959,56.8524,55.3975,53.9451,52.5108,51.1099,49.7553,48.4567,47.2212,46.0525,44.9523,43.9205,42.9554,42.0549,41.2162,40.4361,39.7117,39.0399,38.4178,37.8427,37.3123,36.8242,36.3764,35.967,35.5947,35.2578,34.9553,34.6861,34.4493,34.2441,34.0701,33.9267,33.8138,33.7311,33.6786,33.6564,33.6647,33.7039,33.7745,33.8771,34.0125,34.1817,34.3857,34.6258,34.9034,35.2202,35.578,35.979,36.4254,36.9199,37.4655,38.0654,38.7234,39.4433,40.2299,41.0881,42.0238,43.043,44.153,45.3617,46.6777,48.111,49.6727,51.375,53.232,55.259,57.4737,59.8954,62.5461,65.4501,68.6348,72.1305,75.9706,80.192,84.8348,89.9421,95.5595,101.734,108.513,115.941,124.057,132.889,142.452,152.737,163.71,175.308,187.44,199.997,212.874,226.008,239.425,253.303,268.033,284.277,303.027,325.639,353.877,389.913,436.248,495.345,568.575,653.836,741.68,812.914,844.64,824.588,759.498,669.01,573.117,484.593,408.717,346.106,295.302,254.265,221.042,193.982,171.769,153.377,138.015,125.074,114.085,104.68,96.5757,89.5453,83.4097,78.0253,73.2759,69.0672,65.3216,61.9752,58.9749,56.2762,53.8417,51.6397,49.6437,47.8304,46.1804,44.6767,43.3046,42.0516,40.9066,39.8601,38.9036,38.0299,37.2326,36.5061,35.8456,35.2469,34.7063,34.2207,33.7873,33.4041,33.069,32.7808,32.5382,32.3404,32.1871,32.078,32.0131,31.9928,32.0174,32.0875,32.2034,32.3653,32.5729,32.8251,33.1197,33.4525,33.8176,34.2061,34.6063,35.0037,35.3813,35.7211,36.0058,36.2213,36.3586,36.4156,36.3972,36.3148,36.1839,36.0225,35.8481,35.6768,35.5221,35.3945,35.3016,35.2488,35.2394,35.2756,35.3584,35.4884,35.6659,35.8911,36.1646,36.4869,36.8593,37.2832,37.7608,38.2948,38.8884,39.5455,40.271,41.0702,41.9495,42.9161,43.9784,45.1457,46.4286,47.839,49.3901,51.0968,52.9752,55.0436,57.3212,59.8291,62.5893,65.6249,68.9583,72.611,76.6009,80.9405,85.6328,90.6668,96.0123,101.613,107.38,113.186,118.862,124.198,128.958,132.888,135.754,137.364,137.601,136.44,133.954,130.302,125.7,120.395,114.634,108.642,102.612,96.6838,90.9659,85.5301,80.4194,75.6539,71.2373,67.1615,63.4112,59.9666,56.8056,53.9054,
 ,14,158.617,166.97,175.52,184.07,192.348,200.016,206.687,211.964,215.489,217.005,216.401,213.739,209.237,203.233,196.123,188.306,180.14,171.915,163.841,156.058,148.64,141.616,134.985,128.729,122.827,117.263,112.025,107.109,102.512,98.2322,94.266,90.6062,87.2427,84.1628,81.3517,78.7927,76.4677,74.3566,72.4374,70.6852,69.0721,67.5674,66.1382,64.751,63.375,61.9851,60.5649,59.1081,57.619,56.11,54.5984,53.1035,51.6433,50.2329,48.8834,47.6023,46.3935,45.2586,44.1968,43.2062,42.2839,41.4264,40.6304,39.8924,39.2089,38.5769,37.9933,37.4554,36.961,36.5076,36.0936,35.7172,35.3769,35.0715,34.7997,34.5609,34.3541,34.1787,34.0345,33.9209,33.8379,33.7854,33.7636,33.7726,33.8129,33.8848,33.9892,34.1268,34.2985,34.5056,34.7491,35.0308,35.3523,35.7154,36.1224,36.5756,37.078,37.6323,38.2422,38.9113,39.644,40.445,41.3197,42.2739,43.3144,44.4486,45.6849,47.0326,48.5023,50.1059,51.8566,53.7695,55.8615,58.1517,60.6616,63.4155,66.4407,69.7681,73.4321,77.4713,81.9287,86.8518,92.2923,98.306,104.952,112.29,120.378,129.27,139.007,149.611,161.075,173.352,186.345,199.907,213.838,227.911,241.913,255.706,269.3,282.936,297.14,312.759,330.953,353.165,381.034,416.215,459.988,512.408,570.756,627.574,670.371,686.238,669.47,624.488,562.119,493.835,427.984,368.991,318.325,275.779,240.416,211.102,186.758,166.454,149.42,135.037,122.81,112.347,103.337,95.5296,88.7257,82.7646,77.5155,72.8721,68.747,65.0677,61.7744,58.8167,56.1525,53.7461,51.5673,49.5902,47.7928,46.156,44.6634,43.3009,42.0561,40.9182,39.8779,38.9272,38.0587,37.2664,36.5447,35.889,35.2952,34.7597,34.2795,33.8522,33.4756,33.1481,32.8684,32.6358,32.4496,32.3099,32.2168,32.1708,32.173,32.2243,32.3261,32.4799,32.6867,32.9474,33.2621,33.6292,34.0455,34.5047,34.9967,35.5072,36.017,36.5026,36.938,37.2973,37.5586,37.7081,37.7422,37.6691,37.5063,37.2778,37.01,36.7282,36.4543,36.2055,35.9945,35.8298,35.7167,35.6579,35.6547,35.7071,35.8146,35.9768,36.1933,36.4637,36.7884,37.1682,37.6043,38.0988,38.6544,39.2744,39.9631,40.7255,41.5675,42.4963,43.5199,44.6476,45.8902,47.2598,48.7703,50.4374,52.2787,54.3142,56.5662,59.0592,61.8206,64.88,68.269,72.0207,76.1684,80.744,85.7743,91.2779,97.2583,103.697,110.542,117.7,125.021,132.293,139.239,145.527,150.791,154.679,156.896,157.261,155.734,152.43,147.594,141.555,134.678,127.313,119.766,112.287,105.046,98.1647,91.7151,85.7315,80.2207,75.1715,70.5607,66.3586,62.5328,59.0498,55.8773,
 ,13,167.184,177.313,187.889,198.679,209.339,219.409,228.329,235.499,240.358,242.49,241.713,238.124,232.075,224.096,214.794,204.755,194.478,184.341,174.598,165.392,156.776,148.743,141.251,134.244,127.672,121.5,115.71,110.294,105.252,100.584,96.2837,92.3422,88.7453,85.4754,82.5127,79.8356,77.4217,75.2469,73.2855,71.5091,69.886,68.381,66.9563,65.5737,64.1971,62.7974,61.3556,59.865,58.3312,56.7694,55.2007,53.6477,52.1312,50.6682,49.2712,47.948,46.7027,45.5362,44.4474,43.4338,42.4918,41.6177,40.8076,40.0575,39.3638,38.7229,38.1317,37.5874,37.0873,36.6291,36.211,35.8309,35.4875,35.1794,34.9055,34.6648,34.4565,34.28,34.1348,34.0207,33.9374,33.8849,33.8634,33.8729,33.9141,33.9873,34.0932,34.2326,34.4066,34.6163,34.863,35.1482,35.4738,35.8417,36.2541,36.7135,37.2228,37.7851,38.4039,39.0833,39.8276,40.6418,41.5315,42.503,43.5631,44.7198,45.9819,47.3594,48.8634,50.5067,52.3035,54.2701,56.4249,58.7886,61.385,64.2411,67.3872,70.8583,74.6937,78.938,83.6416,88.8609,94.6589,101.105,108.273,116.243,125.094,134.903,145.735,157.634,170.605,184.599,199.494,215.07,231.014,246.925,262.368,276.952,290.448,302.898,314.692,326.587,339.654,355.161,374.419,398.551,428.138,462.635,499.518,533.526,557.126,563.323,549.319,517.618,474.112,425.354,376.627,331.263,290.844,255.77,225.777,200.309,178.727,160.417,144.836,131.522,120.09,110.225,101.667,94.2059,87.6698,81.9172,76.8322,72.3187,68.2971,64.7012,61.4752,58.5723,55.9531,53.5837,51.4357,49.4842,47.7083,46.0897,44.6127,43.2634,42.0301,40.9023,39.871,38.9282,38.067,37.2815,36.5663,35.9168,35.3291,34.7999,34.3263,33.906,33.537,33.2179,32.9478,32.726,32.5524,32.4273,32.3515,32.326,32.3526,32.4332,32.5703,32.7664,33.0244,33.3465,33.7347,34.1893,34.7084,35.2863,35.9123,36.5693,37.2323,37.8688,38.4406,38.9081,39.2367,39.4039,39.404,39.2502,38.9709,38.6037,38.1882,37.7609,37.3514,36.9815,36.6658,36.4129,36.2273,36.1101,36.0609,36.0781,36.1599,36.3045,36.5104,36.7766,37.1026,37.489,37.9365,38.4472,39.0236,39.6691,40.3883,41.1866,42.0705,43.0476,44.1269,45.319,46.6358,48.0914,49.7016,51.4848,53.462,55.657,58.0969,60.8125,63.8382,67.2126,70.9783,75.1816,79.8715,85.0981,90.9097,97.348,104.441,112.192,120.568,129.477,138.756,148.144,157.277,165.688,172.845,178.205,181.307,181.857,179.794,175.302,168.77,160.71,151.668,142.148,132.564,123.233,114.357,106.06,98.404,91.403,85.0403,79.2805,74.0782,69.3841,65.1484,61.3234,57.8647,
 ,12,176.965,189.312,202.486,216.235,230.133,243.558,255.702,265.64,272.471,275.501,274.423,269.396,261.005,250.111,237.662,224.528,211.403,198.775,186.931,175.997,165.976,156.794,148.336,140.486,133.151,126.274,119.83,113.818,108.245,103.114,98.4209,94.1518,90.2864,86.8,83.6653,80.8545,78.339,76.0901,74.0774,72.2686,70.6279,69.1161,67.6906,66.3083,64.9284,63.5176,62.0547,60.5322,58.9572,57.3474,55.7273,54.1224,52.5561,51.0472,49.6089,48.2494,46.9727,45.7793,44.6676,43.6344,42.676,41.788,40.966,40.2057,39.5033,38.855,38.2574,37.7075,37.2027,36.7404,36.3186,35.9355,35.5895,35.2791,35.0032,34.7609,34.5512,34.3736,34.2277,34.113,34.0294,33.9769,33.9555,33.9656,34.0074,34.0815,34.1887,34.3298,34.5057,34.7176,34.967,35.2554,35.5846,35.9566,36.3737,36.8385,37.3539,37.9232,38.55,39.2385,39.9932,40.8193,41.7225,42.7095,43.7875,44.9647,46.2505,47.6554,49.1913,50.8716,52.7118,54.7291,56.9436,59.3778,62.0578,65.0132,68.2783,71.892,75.8993,80.3517,85.3082,90.8361,97.0117,103.921,111.66,120.334,130.052,140.927,153.065,166.549,181.422,197.654,215.109,233.505,252.38,271.098,288.891,304.985,318.777,330.033,339.016,346.494,353.626,361.736,372.075,385.562,402.498,422.23,442.775,460.663,471.503,471.507,459.165,435.732,404.364,368.805,332.349,297.35,265.181,236.436,211.201,189.274,170.321,153.966,139.846,127.63,117.03,107.8,99.7316,92.6507,86.4119,80.894,75.9953,71.631,67.7297,64.2314,61.0851,58.2478,55.6827,53.3583,51.2479,49.3281,47.579,45.9832,44.5257,43.1933,41.9746,40.8596,39.8397,38.9071,38.0552,37.2782,36.5709,35.929,35.3488,34.827,34.361,33.9485,33.588,33.2781,33.0182,32.808,32.6477,32.5381,32.4806,32.4769,32.5296,32.6417,32.8171,33.06,33.3751,33.7673,34.241,34.7996,35.4439,36.1705,36.9694,37.8212,38.6943,39.5438,40.3133,40.9409,41.3704,41.5637,41.5116,41.2361,40.7845,40.217,39.5944,38.969,38.3804,37.8552,37.4089,37.0489,36.7771,36.5919,36.49,36.4675,36.5205,36.6453,36.8392,37.1,37.4267,37.8188,38.2771,38.8032,39.3995,40.0697,40.8184,41.6514,42.5756,43.5995,44.7329,45.9875,47.3768,48.9165,50.6248,52.523,54.6353,56.9901,59.6197,62.5617,65.859,69.5605,73.722,78.4058,83.6809,89.6217,96.3053,103.807,112.194,121.508,131.752,142.861,154.669,166.872,178.999,190.403,200.291,207.82,212.242,213.07,210.201,203.942,194.933,183.988,171.936,159.503,147.246,135.556,124.651,114.645,105.568,97.3954,90.0711,83.524,77.6773,72.4549,67.785,63.6021,59.8471,
 ,11,187.939,203.026,219.51,237.154,255.466,273.625,290.464,304.543,314.374,318.766,317.174,309.874,297.876,282.622,265.617,248.16,231.206,215.356,200.904,187.916,176.296,165.852,156.353,147.584,139.389,131.686,124.458,117.723,111.508,105.824,100.668,96.0191,91.8477,88.1175,84.791,81.831,79.2015,76.8672,74.7927,72.9414,71.2734,69.7452,68.3104,66.9213,65.5331,64.1091,62.6258,61.0753,59.4654,57.816,56.1541,54.5076,52.9019,51.3567,49.8861,48.4984,47.1973,45.983,44.8535,43.8054,42.8341,41.9352,41.1039,40.3358,39.6266,38.9723,38.3697,37.8154,37.3067,36.8411,36.4164,36.0308,35.6825,35.3702,35.0927,34.8489,34.6381,34.4596,34.3129,34.1977,34.1138,34.0612,34.0399,34.0503,34.0927,34.1676,34.2758,34.4181,34.5956,34.8095,35.0611,35.352,35.6842,36.0597,36.4808,36.9502,37.4709,38.0462,38.6799,39.3762,40.14,40.9764,41.8916,42.8923,43.9861,45.1817,46.4888,47.9184,49.4832,51.1974,53.0773,55.1416,57.4117,59.9122,62.6713,65.7219,69.1015,72.8542,77.0308,81.6903,86.9016,92.7445,99.3114,106.709,115.059,124.5,135.185,147.276,160.941,176.333,193.566,212.672,233.54,255.845,278.968,301.951,323.536,342.333,357.13,367.264,372.875,374.926,374.95,374.657,375.553,378.644,384.242,391.825,399.956,406.386,408.509,404.169,392.436,373.854,350.072,323.207,295.281,267.888,242.092,218.477,197.268,178.453,161.888,147.362,134.643,123.505,113.738,105.155,97.5929,90.9106,84.9879,79.7222,75.0262,70.8258,67.0579,63.6688,60.6124,57.8496,55.3465,53.0742,51.0075,49.1248,47.4072,45.8384,44.4041,43.0918,41.8907,40.7912,39.7848,38.8645,38.0236,37.2567,36.5588,35.9259,35.3542,34.8408,34.3832,33.9794,33.628,33.328,33.0789,32.8808,32.7344,32.641,32.6024,32.6213,32.7013,32.8467,33.0629,33.3562,33.7341,34.2044,34.7757,35.4559,36.2507,37.1616,38.1819,39.292,40.4538,41.6067,42.667,43.5366,44.1209,44.354,44.2195,43.7561,43.0448,42.1846,41.2694,40.3742,39.5502,38.8277,38.2206,37.7324,37.3601,37.0973,36.9365,36.8703,36.8918,36.9953,37.1761,37.4309,37.7576,38.1551,38.6236,39.1644,39.7799,40.4737,41.2506,42.1168,43.0796,44.1483,45.3336,46.6483,48.1073,49.7282,51.5317,53.5417,55.7863,58.2985,61.1164,64.285,67.8565,71.8918,76.4616,81.6477,87.5433,94.2536,101.894,110.588,120.456,131.606,144.107,157.953,173.012,188.96,205.212,220.877,234.776,245.57,252.014,253.27,249.158,240.213,227.516,212.393,196.121,179.741,163.985,149.306,135.912,123.869,113.142,103.64,95.2491,87.8451,81.3086,75.5293,70.4079,65.857,61.8005,
 ,10,199.999,218.41,239.055,261.788,286.102,310.974,334.74,355.143,369.671,376.205,373.738,362.771,345.12,323.263,299.629,276.142,254.075,234.11,216.483,201.124,187.763,176.016,165.46,155.726,146.566,137.88,129.688,122.058,115.053,108.704,103.003,97.9192,93.404,89.4045,85.8681,82.7453,79.9903,77.56,75.4132,73.5081,71.8009,70.2447,68.7893,67.3839,65.9807,64.5405,63.038,61.4648,59.829,58.1518,56.4613,54.787,53.1552,51.5863,50.0946,48.6885,47.3715,46.1435,45.0024,43.9442,42.9644,42.0581,41.2205,40.4468,39.7329,39.0745,38.4681,37.9107,37.3991,36.931,36.504,36.1164,35.7664,35.4526,35.1738,34.9289,34.7171,34.5378,34.3905,34.2748,34.1906,34.1378,34.1165,34.1271,34.1698,34.2453,34.3543,34.4976,34.6762,34.8915,35.1449,35.4379,35.7725,36.1508,36.5752,37.0483,37.5733,38.1536,38.793,39.4959,40.2673,41.1125,42.0378,43.0502,44.1577,45.3691,46.6947,48.146,49.7363,51.4805,53.3961,55.5028,57.8235,60.3847,63.217,66.3562,69.8438,73.7286,78.0678,82.9288,88.3908,94.5477,101.51,109.409,118.398,128.656,140.39,153.834,169.243,186.879,206.979,229.704,255.049,282.714,311.941,341.374,369.024,392.493,409.51,418.668,419.984,414.934,405.93,395.558,385.944,378.423,373.452,370.666,369.001,366.91,362.706,355.009,343.134,327.217,308.062,286.832,264.734,242.804,221.808,202.231,184.321,168.152,153.683,140.809,129.389,119.272,110.31,102.364,95.3082,89.0305,83.4327,78.4294,73.9465,69.9203,66.2953,63.0243,60.0659,57.3849,54.9505,52.736,50.7183,48.8774,47.1955,45.6574,44.2497,42.9605,41.7796,40.6978,39.7073,38.801,37.9729,37.2176,36.5304,35.9075,35.3454,34.8413,34.393,33.9985,33.6568,33.3671,33.1292,32.9436,32.8113,32.7342,32.7149,32.7568,32.8647,33.0443,33.303,33.6495,34.0944,34.65,35.3301,36.1493,37.1213,38.2564,39.5561,41.0056,42.5633,44.1501,45.6435,46.8856,47.7138,48.0092,47.7415,46.9816,45.8728,44.5812,43.2526,41.992,40.8623,39.8931,39.0921,38.454,37.9672,37.6182,37.3934,37.2804,37.2688,37.3501,37.5175,37.7661,38.0926,38.4952,38.9736,39.5285,40.1624,40.8787,41.6826,42.5802,43.5797,44.6908,45.9251,47.2965,48.8216,50.5196,52.4136,54.5305,56.9023,59.5665,62.5676,65.9582,69.8008,74.1693,79.1514,84.8509,91.3899,98.911,107.578,117.577,129.107,142.372,157.551,174.754,193.95,214.853,236.788,258.567,278.441,294.254,303.875,305.81,299.732,286.604,268.319,247.082,224.871,203.157,182.857,164.44,148.04,133.613,121.009,110.034,100.485,92.1683,84.9102,78.5568,72.976,68.0551,63.6985,
 ,9,212.901,235.248,261.011,290.276,322.67,357.033,391.087,421.311,443.385,453.402,449.431,432.426,405.777,373.851,340.583,308.761,279.968,254.858,233.473,215.489,200.357,187.395,175.88,165.19,154.943,145.049,135.629,126.859,118.874,111.724,105.39,99.8146,94.9213,90.6315,86.8719,83.5766,80.6875,78.1525,75.9235,73.9537,72.1951,70.5979,69.1095,67.6771,66.2512,64.7913,63.2712,61.6818,60.031,58.3398,56.6364,54.9503,53.3078,51.7295,50.2294,48.8158,47.4922,46.2585,45.1123,44.0496,43.0657,42.1559,41.315,40.5384,39.8218,39.161,38.5525,37.993,37.4797,37.0099,36.5814,36.1924,35.8412,35.5262,35.2464,35.0006,34.7881,34.6081,34.4602,34.3441,34.2596,34.2065,34.1852,34.1958,34.2387,34.3145,34.424,34.5679,34.7474,34.9638,35.2184,35.5129,35.8493,36.2297,36.6565,37.1325,37.6608,38.245,38.8889,39.597,40.3744,41.2266,42.1601,43.1821,44.3008,45.5254,46.8664,48.3361,49.948,51.718,53.6643,55.8079,58.1731,60.7882,63.686,66.9053,70.4914,74.4982,78.989,84.0399,89.7413,96.2019,103.552,111.95,121.585,132.686,145.526,160.428,177.766,197.959,221.442,248.607,279.687,314.558,352.436,391.533,428.817,460.209,481.511,489.92,485.3,470.272,449.04,425.836,403.846,384.875,369.49,357.341,347.473,338.617,329.473,318.973,306.488,291.891,275.492,257.876,239.722,221.671,204.236,187.78,172.517,158.544,145.871,134.452,124.204,115.03,106.827,99.4916,92.9291,87.0513,81.7789,77.0416,72.7772,68.9311,65.4555,62.3089,59.4546,56.8611,54.5006,52.3488,50.3846,48.5893,46.9468,45.4427,44.0645,42.801,41.6427,40.5809,39.608,38.7175,37.9036,37.1612,36.486,35.8742,35.3226,34.8286,34.3901,34.0056,33.674,33.3949,33.1684,32.9953,32.8772,32.8163,32.8161,32.8808,33.0164,33.2303,33.5318,33.9327,34.4472,35.0929,35.8905,36.8638,38.0385,39.4392,41.0834,42.9705,45.0641,47.269,49.4104,51.2347,52.4558,52.8518,52.3643,51.1281,49.4051,47.4776,45.5696,43.8221,42.3037,41.0343,40.006,39.198,38.5854,38.1439,37.8518,37.6908,37.6458,37.7051,37.8595,38.1023,38.429,38.8369,39.3249,39.8937,40.5452,41.2831,42.1123,43.0396,44.0733,45.2239,46.5038,47.928,49.5143,51.2841,53.2624,55.4793,57.9704,60.7779,63.9528,67.5556,71.6593,76.3517,81.739,87.9492,95.1369,103.488,113.227,124.615,137.958,153.592,171.868,193.095,217.452,244.814,274.52,305.073,333.927,357.593,372.33,375.375,366.106,346.33,319.462,289.233,258.695,229.853,203.752,180.76,160.818,143.675,128.994,116.429,105.659,96.3996,88.4074,81.4786,75.443,70.1598,65.5121,
 ,8,226.237,253.076,284.922,322.326,365.334,412.908,462.158,507.721,542.122,557.96,551.38,524.29,483.223,435.998,388.921,345.828,308.437,277.101,251.439,230.709,213.961,200.088,187.899,176.35,164.856,153.409,142.367,132.125,122.922,114.819,107.765,101.651,96.3557,91.7642,87.7755,84.3039,81.2768,78.6319,76.3135,74.2695,72.4486,70.7983,69.265,67.795,66.3388,64.8561,63.3202,61.7217,60.0673,58.3766,56.6765,54.9953,53.3581,51.7848,50.2893,48.8795,47.559,46.3275,45.1829,44.1212,43.1379,42.2283,41.3873,40.6104,39.8933,39.2319,38.6227,38.0625,37.5484,37.0778,36.6486,36.2588,35.9068,35.5911,35.3106,35.0642,34.851,34.6705,34.5222,34.4057,34.3208,34.2675,34.246,34.2565,34.2994,34.3753,34.4849,34.6292,34.8092,35.0261,35.2814,35.5769,35.9144,36.2961,36.7246,37.2025,37.7332,38.32,38.9671,39.6791,40.4608,41.3183,42.258,43.2872,44.4144,45.6492,47.0025,48.4866,50.1159,51.9069,53.8785,56.0527,58.4552,61.1159,64.0699,67.3586,71.0311,75.1458,79.7726,84.9957,90.9168,97.6599,105.376,114.252,124.516,136.451,150.409,166.819,186.207,209.199,236.515,268.917,307.087,351.347,401.18,454.499,506.9,551.549,580.651,588.628,575.124,545.199,506.569,466.319,429.159,397.311,371.193,350.154,333.024,318.469,305.227,292.274,278.921,264.846,250.042,234.727,219.237,203.927,189.117,175.048,161.882,149.706,138.546,128.385,119.176,110.856,103.352,96.5911,90.4996,85.0092,80.0562,75.583,71.5379,67.8745,64.5517,61.5334,58.7874,56.2856,54.0029,51.9177,50.0104,48.2643,46.6641,45.1968,43.8506,42.6153,41.4816,40.4415,39.488,38.6149,37.8166,37.0884,36.4262,35.8264,35.2861,34.8028,34.3747,34.0005,33.6793,33.411,33.1959,33.0352,32.9308,32.8857,32.9038,32.9906,33.1529,33.3999,33.7432,34.1975,34.7815,35.5187,36.4383,37.5757,38.9727,40.6756,42.7289,45.1618,47.9614,51.0303,54.1334,56.8697,58.7317,59.2936,58.4389,56.4327,53.7636,50.9114,48.2104,45.8338,43.8391,42.2184,40.9347,39.9423,39.1972,38.6609,38.3016,38.0936,38.0168,38.0557,38.1985,38.4367,38.7644,39.1781,39.676,40.2584,40.9269,41.6852,42.5383,43.4931,44.5585,45.7452,47.0667,48.5388,50.1808,52.0155,54.0704,56.3781,58.9779,61.9167,65.2515,69.0507,73.398,78.3952,84.1672,90.8679,98.687,107.859,118.674,131.487,146.733,164.925,186.652,212.536,243.126,278.683,318.793,361.787,404.119,440.181,463.302,468.202,453.653,423.165,383.067,339.702,297.675,259.532,226.245,197.837,173.871,153.746,136.853,122.639,110.628,100.428,91.7154,84.2296,77.759,72.1325,67.2114,
 ,7,239.402,271.109,309.829,356.895,413.247,478.541,549.642,618.82,673.313,698.951,687.865,643.968,580.091,510.182,443.987,386.283,338.4,299.892,269.616,246.224,228.262,214.072,201.764,189.583,176.611,163.084,149.871,137.741,127.062,117.871,110.032,103.356,97.6537,92.7638,88.5514,84.908,81.7452,78.9897,76.5784,74.4543,72.5627,70.8499,69.2618,67.7457,66.2534,64.7454,63.1961,61.5951,59.9476,58.2709,56.5891,54.9279,53.3108,51.7563,50.2775,48.8821,47.5736,46.352,45.2154,44.16,43.1818,42.2759,41.4379,40.6633,39.9477,39.2875,38.679,38.1193,37.6054,37.1348,36.7055,36.3156,35.9633,35.6473,35.3665,35.1196,34.9061,34.7252,34.5765,34.4596,34.3743,34.3208,34.299,34.3092,34.3519,34.4277,34.5372,34.6814,34.8615,35.0785,35.3341,35.6299,35.9679,36.3503,36.7796,37.2585,37.7904,38.3788,39.0278,39.7419,40.5265,41.3872,42.3309,43.365,44.4981,45.74,47.1019,48.5966,50.2387,52.0454,54.0362,56.2341,58.6659,61.3629,64.3623,67.7078,71.4519,75.6573,80.3997,85.7713,91.8844,98.8775,106.922,116.233,127.08,139.802,154.833,172.724,194.176,220.07,251.5,289.758,336.237,392.135,457.76,531.23,606.663,672.949,715.654,723.606,696.094,643.295,579.55,516.519,460.691,414.266,376.935,347.271,323.523,304.002,287.251,272.124,257.809,243.809,229.897,216.049,202.364,189.001,176.125,163.878,152.365,141.647,131.748,122.663,114.362,106.804,99.9373,93.7071,88.0582,82.9368,78.2919,74.0767,70.248,66.7666,63.5976,60.7094,58.0739,55.6664,53.4644,51.4484,49.6009,47.9064,46.3511,44.9228,43.6108,42.4054,41.2982,40.2816,39.3489,38.4944,37.7129,36.9999,36.3516,35.7646,35.2363,34.7643,34.3471,33.9834,33.6727,33.4151,33.2112,33.0625,32.9713,32.9411,32.9764,33.0835,33.2707,33.5484,33.9307,34.4353,35.0855,35.911,36.9506,38.2534,39.8813,41.9093,44.4219,47.4992,51.1832,55.4078,59.8895,64.0216,66.9157,67.7502,66.2898,63.0615,58.9766,54.8322,51.0962,47.9492,45.4029,43.3945,41.8402,40.6591,39.7825,39.1547,38.7321,38.481,38.3759,38.3974,38.5311,38.7667,39.097,39.5175,40.0258,40.6218,41.3069,42.0845,42.9599,43.9401,45.0342,46.2535,47.6121,49.1267,50.8177,52.7096,54.8316,57.219,59.9144,62.9691,66.4454,70.4197,74.9853,80.2576,86.3802,93.5323,101.939,111.886,123.733,137.94,155.087,175.904,201.286,232.289,270.043,315.521,368.997,429.053,491.157,546.574,583.428,591.455,568.15,520.494,460.325,398.294,340.995,291.241,249.468,214.968,186.655,163.421,144.287,128.442,115.23,104.135,94.7465,86.7445,79.875,73.9365,68.7686,
 ,6,251.566,288.168,334.086,391.785,463.716,551.193,651.859,755.641,841.706,883.421,864.804,793.88,695.551,593.9,502.955,427.641,367.881,321.703,286.804,261.07,242.512,228.872,217.296,204.859,190.102,173.808,157.787,143.368,131.022,120.677,112.05,104.831,98.7487,93.5849,89.1689,85.3686,82.08,79.2195,76.7172,74.5115,72.5456,70.765,69.1165,67.5492,66.0174,64.4837,62.9233,61.3256,59.6936,58.0415,56.3899,54.7613,53.1763,51.6519,50.2001,48.8282,47.5396,46.3347,45.2117,44.1675,43.1983,42.2997,41.4674,40.6973,39.9853,39.3279,38.7216,38.1634,37.6508,37.1811,36.7524,36.3628,36.0108,35.6948,35.4139,35.1669,34.9532,34.772,34.623,34.5057,34.4201,34.3662,34.344,34.3538,34.3961,34.4715,34.5806,34.7245,34.9042,35.1209,35.3763,35.6718,36.0096,36.3918,36.821,37.3,37.8321,38.4208,39.0702,39.7851,40.5706,41.4328,42.3782,43.4146,44.5507,45.7964,47.1631,48.6639,50.3139,52.1305,54.1339,56.3477,58.7997,61.5225,64.5546,67.9421,71.7402,76.0152,80.848,86.3375,92.6055,99.8036,108.122,117.801,129.149,142.56,158.549,177.79,201.168,229.849,265.362,309.662,365.136,434.369,519.345,619.475,727.975,827.833,893.005,901.341,851.62,764.329,665.51,573.275,495.472,433.202,384.538,346.699,317.005,293.193,273.466,256.468,241.225,227.088,213.667,200.767,188.326,176.359,164.921,154.072,143.863,134.326,125.474,117.302,109.79,102.906,96.6124,90.8683,85.6306,80.8567,76.5059,72.5396,68.9217,65.6196,62.6032,59.8453,57.3214,55.0096,52.8901,50.9454,49.1596,47.5187,46.0102,44.6229,43.3468,42.1731,41.0939,40.1021,39.1916,38.3569,37.5933,36.8964,36.2628,35.6893,35.1735,34.7132,34.3071,33.9542,33.654,33.4069,33.2138,33.0764,32.9975,32.9808,33.0316,33.157,33.366,33.6709,34.0874,34.6364,35.3454,36.2505,37.3998,38.857,40.7061,43.0561,46.0423,49.8184,54.5202,60.1706,66.4875,72.6228,77.0908,78.3538,75.9457,70.8901,64.8283,59.0132,54.035,50.0225,46.8906,44.4897,42.6721,41.3138,40.3172,39.6083,39.1312,38.8444,38.7168,38.7257,38.8541,39.09,39.425,39.8537,40.3733,40.9831,41.6844,42.4805,43.3766,44.3798,45.4996,46.7475,48.1381,49.6891,51.4216,53.3616,55.5398,57.9939,60.7692,63.9207,67.5159,71.6375,76.3879,81.8949,88.3185,95.8616,104.783,115.416,128.191,143.671,162.592,185.917,214.898,251.124,296.515,353.138,422.598,504.567,594.096,678.432,737.061,750.224,712.819,638.659,549.511,462.51,386.256,323.03,271.965,231.108,198.437,172.187,150.938,133.586,119.286,107.391,97.4073,88.9552,81.7407,75.5342,70.1554,
 ,5,261.77,302.777,355.416,423.502,511.541,623.575,759.686,908.644,1039.26,1104.84,1074.89,964.901,820.129,679.078,559.795,465.707,394.016,340.512,301.433,273.841,255.285,242.995,233.012,220.762,203.98,184.382,165.179,148.352,134.376,122.969,113.65,105.972,99.5739,94.185,89.6014,85.67,82.2737,79.3201,76.7339,74.4503,72.4113,70.5625,68.8525,67.233,65.6613,64.1029,62.5342,60.9441,59.3337,57.7136,56.1005,54.5131,52.9692,51.4833,50.0663,48.725,47.4625,46.2797,45.1752,44.1462,43.1894,42.301,41.477,40.7135,40.0069,39.3537,38.7509,38.1954,37.6848,37.2168,36.7893,36.4006,36.0492,35.7337,35.453,35.2061,34.9923,34.811,34.6617,34.5442,34.4582,34.4038,34.381,34.3903,34.432,34.5068,34.6153,34.7584,34.9374,35.1533,35.4078,35.7026,36.0395,36.4208,36.8491,37.3271,37.8582,38.446,39.0945,39.8085,40.5932,41.4546,42.3995,43.4356,44.5716,45.8177,47.1853,48.6877,50.3403,52.1606,54.1695,56.3909,58.8533,61.5902,64.6413,68.0543,71.8863,76.2067,81.1003,86.6713,93.0491,100.396,108.917,118.874,130.607,144.559,161.315,181.659,206.647,237.72,276.843,326.684,390.773,473.483,579.334,710.532,861.003,1007.18,1105.33,1114.18,1031.98,897.62,754.938,629.298,528.336,450.522,391.395,346.384,311.687,284.373,262.26,243.759,227.738,213.418,200.288,188.033,176.479,165.542,155.192,145.428,136.255,127.679,119.698,112.301,105.47,99.1795,93.3993,88.0969,83.2381,78.7888,74.7158,70.9871,67.5729,64.4454,61.5789,58.95,56.5374,54.3218,52.2857,50.4133,48.6906,47.1048,45.6446,44.2997,43.061,41.9202,40.8703,39.9045,39.0173,38.2034,37.4585,36.7786,36.1603,35.6009,35.098,34.6499,34.2551,33.9129,33.6231,33.3862,33.2033,33.0764,33.0085,33.0038,33.0679,33.2085,33.4357,33.7627,34.207,34.7919,35.5483,36.518,37.7574,39.3433,41.3806,44.012,47.4272,51.8647,57.5843,64.7585,73.1907,81.8208,88.3816,90.2352,86.5351,79.1038,70.6507,62.967,56.6974,51.8403,48.1661,45.4172,43.3747,41.8697,40.7771,40.0053,39.4878,39.1759,39.0343,39.0368,39.1648,39.4047,39.7472,40.1861,40.7182,41.3423,42.0597,42.8735,43.7887,44.8126,45.9547,47.227,48.6443,50.2249,51.9907,53.9685,56.1908,58.6965,61.5335,64.7599,68.4469,72.6827,77.577,83.2675,89.928,97.7812,107.114,118.301,131.834,148.37,168.786,194.272,226.432,267.422,320.06,387.796,474.184,581.101,704.497,827.611,917.509,938.371,880.325,769.238,642.666,525.99,428.895,351.816,291.71,244.936,208.354,179.475,156.424,137.813,122.617,110.072,99.6092,90.7978,83.3096,76.8914,71.3465,
 ,4,269.047,313.361,371.194,447.609,549.186,683.111,853.14,1048.87,1229.17,1322.73,1279.37,1124.83,930.504,750.517,605.203,494.906,413.402,354.085,311.779,282.819,264.427,253.516,245.221,233.354,214.806,192.312,170.471,151.776,136.606,124.455,114.666,106.679,100.07,94.5291,89.8286,85.8018,82.3228,79.2938,76.6361,74.2833,72.177,70.2643,68.4959,66.827,65.2181,63.6375,62.0633,60.4841,58.8989,57.3149,55.7449,54.2037,52.7059,51.2638,49.8867,48.5807,47.349,46.1923,45.1098,44.0992,43.1577,42.2818,41.4681,40.7131,40.0133,39.3658,38.7674,38.2156,37.708,37.2422,36.8166,36.4293,36.0789,35.7641,35.4839,35.2374,35.0237,34.8423,34.6928,34.5749,34.4885,34.4336,34.4103,34.4189,34.4598,34.5337,34.6412,34.7833,34.961,35.1757,35.4289,35.7222,36.0575,36.4372,36.8637,37.3398,37.8688,38.4544,39.1006,39.812,40.5941,41.4528,42.3947,43.4278,44.5607,45.8036,47.168,48.6674,50.317,52.1348,54.1416,56.3619,58.8242,61.5628,64.6181,68.0386,71.8828,76.222,81.1434,86.7547,93.1905,100.62,109.259,119.384,131.357,145.655,162.916,184.005,210.108,242.878,284.635,338.648,409.472,503.203,627.104,787.03,979.41,1175.51,1311.2,1320.04,1200.14,1015.11,829.09,673.007,552.33,461.981,394.764,344.382,306.026,276.198,252.397,232.844,216.289,201.857,188.954,177.188,166.307,156.16,146.66,137.755,129.419,121.633,114.38,107.643,101.402,95.6326,90.3103,85.4076,80.8962,76.748,72.9356,69.4323,66.2131,63.2542,60.5337,58.0315,55.7289,53.609,51.6563,49.8568,48.198,46.6682,45.2573,43.9558,42.7555,41.6489,40.6292,39.6904,38.8273,38.0351,37.3096,36.6473,36.045,35.5001,35.0105,34.5746,34.1912,33.8598,33.5801,33.353,33.1796,33.0621,33.0038,33.0091,33.0839,33.2365,33.4773,33.8204,34.2845,34.8944,35.6835,36.6974,37.9983,39.6726,41.8406,44.6708,48.3965,53.3289,59.8436,68.2735,78.5628,89.5354,98.1798,100.644,95.6306,85.8836,75.2432,65.9623,58.6552,53.1539,49.0838,46.0902,43.8949,42.2939,41.141,40.332,39.7927,39.4696,39.3241,39.3281,39.4616,39.7099,40.0632,40.5147,41.0609,41.7003,42.4339,43.2646,44.1975,45.2398,46.401,47.6932,49.1315,50.7345,52.5247,54.5295,56.7822,59.3234,62.2021,65.4786,69.2271,73.5395,78.5304,84.3445,91.1656,99.2301,108.845,120.415,134.477,151.757,173.241,200.294,234.806,279.411,337.725,414.521,515.439,645.166,801.923,966.368,1091.96,1121.99,1039.9,887.889,722.833,577.945,462.379,373.714,306.388,255.057,215.547,184.743,160.397,140.894,125.069,112.073,101.28,92.2213,84.5452,77.9819,72.3228,
 ,3,272.614,318.586,379.071,459.843,568.722,714.933,904.949,1129.82,1342.83,1455.55,1403,1218.64,992.692,789.197,628.942,509.71,422.938,360.513,316.404,286.496,267.793,257.058,249.132,237.289,218.127,194.706,172.058,152.806,137.284,124.91,114.975,106.886,100.2,94.5958,89.8395,85.76,82.2289,79.1467,76.4339,74.0243,71.8607,69.8921,68.0722,66.3595,64.7182,63.1194,61.5426,59.9764,58.4179,56.8714,55.3459,53.8525,52.4029,51.0068,49.6722,48.4043,47.2059,46.078,45.02,44.03,43.1058,42.2443,41.4426,40.6974,40.0058,39.3649,38.772,38.2247,37.7206,37.2578,36.8345,36.449,36.1001,35.7863,35.5069,35.2608,35.0473,34.866,34.7164,34.5982,34.5114,34.4558,34.4318,34.4395,34.4794,34.5521,34.6584,34.7991,34.9753,35.1883,35.4396,35.7308,36.0639,36.4411,36.8649,37.3382,37.864,38.4461,39.0885,39.7959,40.5735,41.4273,42.364,43.3912,44.5179,45.7541,47.1112,48.6027,50.2438,52.0525,54.0497,56.2597,58.7113,61.4387,64.4826,67.8918,71.7253,76.0549,80.9688,86.5761,93.0134,100.453,109.115,119.283,131.329,145.746,163.196,184.583,211.159,244.682,287.655,343.663,417.82,517.208,650.751,826.736,1043.74,1270.61,1430.01,1437.87,1292.72,1076.01,864.672,691.787,560.636,463.751,392.327,339.129,298.833,267.663,242.967,222.883,206.103,191.709,179.062,167.725,157.402,147.898,139.086,130.884,123.238,116.111,109.474,103.302,97.5735,92.2641,87.3505,82.8089,78.6152,74.7454,71.1764,67.8857,64.8519,62.0549,59.4757,57.0969,54.9022,52.8768,51.0069,49.2803,47.6855,46.2122,44.8511,43.5938,42.4327,41.3609,40.3723,39.4613,38.623,37.8531,37.1477,36.5035,35.9176,35.3876,34.9116,34.4881,34.1161,33.7951,33.5253,33.3073,33.1426,33.0334,32.9831,32.9963,33.0791,33.2398,33.4892,33.8418,34.3165,34.939,35.7436,36.7773,38.1047,39.8159,42.0377,44.9491,48.8019,53.939,60.7892,69.7645,80.8904,92.9629,102.625,105.398,99.7418,88.8859,77.2401,67.2572,59.5127,53.7505,49.5264,46.442,44.1937,42.5626,41.3941,40.5791,40.04,39.7215,39.5838,39.5982,39.7437,40.0056,40.3735,40.8405,41.4026,42.0585,42.8087,43.656,44.6054,45.6638,46.8408,48.1485,49.602,51.2199,53.0251,55.0454,57.3145,59.8735,62.7724,66.0728,69.85,74.1979,79.2336,85.1054,92.0017,100.166,109.915,121.667,135.983,153.622,175.627,203.449,239.131,285.561,346.797,428.378,537.227,679.942,856.689,1047.33,1196.72,1233.08,1134.67,955.944,767.112,605.741,479.892,385.021,313.94,260.293,219.323,187.571,162.594,142.66,126.533,113.32,102.368,93.1904,85.4231,78.7883,73.072,
 ,2,272.059,317.731,377.737,457.72,565.268,709.216,895.5,1114.85,1321.62,1430.72,1379.98,1201.31,981.272,782.103,624.54,506.854,420.904,358.819,314.659,284.288,264.619,252.418,242.974,230.566,212.317,190.566,169.417,151.187,136.284,124.272,114.545,106.576,99.9551,94.3821,89.6348,85.5485,81.9984,78.8877,76.1388,73.6877,71.4794,69.4657,67.6036,65.855,64.1875,62.5751,60.9986,59.4467,57.9151,56.4054,54.9234,53.4772,52.0751,50.7251,49.4334,48.2043,47.0403,45.9424,44.9102,43.9423,43.0367,42.1909,41.4023,40.668,39.9855,39.3522,38.7655,38.2233,37.7234,37.2641,36.8435,36.4602,36.1129,35.8005,35.522,35.2766,35.0635,34.8823,34.7326,34.6141,34.5267,34.4705,34.4456,34.4523,34.491,34.5624,34.6671,34.806,34.9803,35.1912,35.4401,35.7286,36.0588,36.4328,36.8531,37.3224,37.844,38.4214,39.0586,39.7603,40.5316,41.3785,42.3075,43.3263,44.4437,45.6695,47.0152,48.494,50.1211,51.9141,53.8939,56.0845,58.5145,61.2178,64.2346,67.6134,71.4126,75.7036,80.5736,86.131,92.5112,99.8851,108.471,118.55,130.491,144.783,162.079,183.275,209.607,242.808,285.338,340.71,413.91,511.788,642.861,814.77,1025.39,1243.85,1395.92,1402.25,1261.89,1052.3,847.078,678.275,549.454,453.736,382.798,329.723,289.382,258.121,233.364,213.297,196.637,182.475,170.168,159.264,149.448,140.502,132.276,124.668,117.606,111.039,104.931,99.2499,93.9701,89.0676,84.5199,80.3049,76.4014,72.7885,69.4463,66.3554,63.4974,60.8549,58.4117,56.1524,54.0629,52.1302,50.3421,48.6876,47.1566,45.7399,44.429,43.2162,42.0948,41.0584,40.1014,39.2187,38.4058,37.6586,36.9738,36.3481,35.7789,35.2641,34.8018,34.3907,34.0301,33.7194,33.459,33.2495,33.0926,32.9905,32.9466,32.9654,33.0533,33.2182,33.471,33.826,34.3019,34.9239,35.7257,36.7532,38.0694,39.7616,41.952,44.8119,48.5792,53.5732,60.1828,68.7601,79.2678,90.5221,99.4286,101.984,96.8275,86.8177,75.9375,66.4926,59.0889,53.5367,49.444,46.445,44.2551,42.6665,41.5309,40.743,40.2275,39.9306,39.8132,39.8471,40.0119,40.2928,40.6795,41.1651,41.7457,42.4194,43.1869,44.0508,45.0156,46.0883,47.2781,48.5968,50.0596,51.685,53.4956,55.5195,57.7902,60.349,63.2459,66.5425,70.3142,74.6549,79.6814,85.5416,92.4233,100.569,110.293,122.013,136.285,153.861,175.774,203.461,238.936,285.037,345.742,426.44,533.796,674.01,846.798,1032.1,1176.54,1211.58,1116.59,943.344,759.284,601.152,477.289,383.602,313.23,260.018,219.32,187.744,162.883,143.027,126.954,113.778,102.85,93.6896,85.9328,79.3038,73.5896,
 ,1,267.451,310.92,367.418,441.671,539.676,667.698,828.318,1010.65,1176.33,1261.59,1222.37,1081,900.824,731.57,593.164,486.95,407.668,349.302,306.917,276.828,256.104,241.766,230.058,216.967,200.48,181.824,163.571,147.424,133.858,122.668,113.446,105.787,99.3592,93.9049,89.2278,85.1786,81.6423,78.5282,75.7634,73.2873,71.0483,69.0017,67.1079,65.3323,63.6458,62.0247,60.4514,58.9146,57.4092,55.9344,54.4935,53.0917,51.735,50.4293,49.1793,47.9883,46.8586,45.7909,44.7849,43.8396,42.9533,42.1238,41.349,40.6265,39.9538,39.3286,38.7487,38.2122,37.717,37.2614,36.8439,36.4632,36.1179,35.807,35.5296,35.2849,35.0723,34.8912,34.7415,34.6227,34.5348,34.4778,34.4519,34.4574,34.4948,34.5645,34.6674,34.8043,34.9762,35.1845,35.4304,35.7158,36.0425,36.4125,36.8284,37.2929,37.8091,38.3806,39.0113,39.7057,40.4689,41.3068,42.2258,43.2336,44.3385,45.5505,46.8807,48.3421,49.9496,51.7206,53.6754,55.8376,58.2353,60.9015,63.8757,67.2051,70.9469,75.1704,79.9607,85.4229,91.6882,98.9217,107.333,117.194,128.855,142.779,159.586,180.111,205.497,237.327,277.806,330.008,398.155,487.762,605.122,754.678,931.574,1108.24,1227.44,1232.3,1122.23,952.931,781.092,634.821,519.863,432.371,366.275,316.07,277.462,247.286,223.257,203.733,187.535,173.813,161.956,151.526,142.207,133.775,126.072,118.985,112.431,106.353,100.706,95.456,90.5733,86.0336,81.8147,77.896,74.2581,70.8823,67.7511,64.8476,62.1557,59.6604,57.3474,55.2034,53.2161,51.3737,49.6659,48.0825,46.6148,45.2543,43.9934,42.8254,41.7439,40.7432,39.8181,38.9641,38.1769,37.453,36.789,36.1821,35.6299,35.1304,34.6819,34.2833,33.9338,33.6332,33.3817,33.1802,33.0301,32.9338,32.8946,32.917,33.0069,33.1722,33.4234,33.7739,34.2418,34.8505,35.6319,36.6284,37.8976,39.5182,41.5981,44.2845,47.7748,52.3197,58.1973,65.6033,74.357,83.3726,90.2708,92.2447,88.3806,80.6228,71.8487,63.9302,57.5157,52.5806,48.873,46.1194,44.0909,42.6127,41.556,40.827,40.3578,40.0988,40.014,40.0768,40.268,40.5735,40.9836,41.4914,42.093,42.7866,43.5726,44.4533,45.433,46.5183,47.7181,49.0438,50.5102,52.1355,53.9421,55.9574,58.2149,60.7552,63.6276,66.8927,70.6246,74.9151,79.8783,85.6578,92.4355,100.445,109.988,121.463,135.396,152.493,173.715,200.38,234.303,277.989,334.836,409.24,506.218,629.56,776.626,928.613,1043.14,1070.33,995.795,856.286,702.603,565.789,455.368,369.862,304.473,254.349,215.608,185.304,161.291,142.015,126.345,113.456,102.735,93.7249,86.0793,79.5327,73.8795,
 ,0,259.326,299.082,349.793,414.85,498.084,602.567,727.364,861.299,976.556,1033.77,1007.92,911.486,782.176,653.653,542.947,454.199,385.543,333.422,294.383,265.539,244.408,228.525,215.178,201.813,187.109,171.486,156.247,142.442,130.489,120.358,111.819,104.603,98.4638,93.1976,88.6418,84.6684,81.1756,78.0818,75.3204,72.8358,70.5805,68.5135,66.5987,64.8053,63.1069,61.4821,59.9147,58.3938,56.9132,55.4709,54.0679,52.7071,51.3926,50.1282,48.9175,47.763,46.6663,45.628,44.6479,43.7251,42.8582,42.0454,41.2848,40.5743,39.9118,39.2952,38.7225,38.192,37.7018,37.2504,36.8363,36.4583,36.1152,35.806,35.5298,35.286,35.074,34.8932,34.7433,34.6242,34.5357,34.4778,34.4509,34.4551,34.4908,34.5587,34.6595,34.794,34.9632,35.1684,35.411,35.6926,36.0151,36.3805,36.7912,37.2499,37.7597,38.3241,38.9469,39.6325,40.3859,41.2129,42.1197,43.1138,44.2034,45.3981,46.7089,48.1483,49.7309,51.4736,53.396,55.5212,57.8762,60.493,63.4097,66.6716,70.3337,74.4625,79.1389,84.463,90.5589,97.5819,105.729,115.25,126.47,139.811,155.828,175.262,199.104,228.694,265.836,312.94,373.11,450.035,547.202,665.534,798.237,923.699,1004.87,1008.58,934.453,814.953,686.779,571.738,477.094,402.31,344.093,298.809,263.328,235.195,212.553,194.025,178.593,165.506,154.214,144.312,135.502,127.567,120.351,113.736,107.639,101.995,96.759,91.892,87.3643,83.1507,79.2294,75.5807,72.1864,69.0297,66.0948,63.3669,60.8317,58.4762,56.2877,54.2545,52.3659,50.6115,48.9819,47.4684,46.063,44.7581,43.5471,42.4236,41.382,40.417,39.5241,38.699,37.9379,37.2373,36.5944,36.0065,35.4714,34.9873,34.5527,34.1665,33.828,33.5372,33.2942,33.0999,32.9558,32.8641,32.828,32.8518,32.941,33.1032,33.348,33.6879,34.1393,34.7237,35.4693,36.4135,37.6058,39.1122,41.0203,43.4441,46.527,50.4343,55.3171,61.2135,67.8436,74.3235,79.0756,80.4483,77.9345,72.634,66.3075,60.2826,55.1678,51.0817,47.9227,45.5271,43.7375,42.4234,41.4833,40.8403,40.4371,40.2309,40.1899,40.2904,40.5151,40.851,41.289,41.8228,42.4485,43.1644,43.9706,44.8691,45.8637,46.9606,48.168,49.497,50.9617,52.5797,54.3728,56.3678,58.5972,61.1008,63.9265,67.133,70.7917,74.9906,79.8386,85.4717,92.0613,99.8251,109.043,120.079,133.408,149.659,169.672,194.568,225.849,265.498,316.052,380.507,461.737,560.77,673.025,782.882,861.797,879.993,829.359,731.107,617.075,509.988,419.414,346.557,289.151,244.114,208.667,180.541,158,139.739,124.784,112.407,102.059,93.3239,85.8832,79.4905,73.9539,
 ,-1,248.542,283.664,327.38,381.759,448.696,528.819,619.29,710.636,784.946,820.568,804.855,744.028,658.071,567.293,484.384,414.414,357.873,313.286,278.644,251.963,231.378,215.047,201.122,188.008,174.821,161.572,148.808,137.08,126.677,117.634,109.84,103.131,97.336,92.3044,87.9077,84.0404,80.6159,77.563,74.8227,72.3448,70.0866,68.0111,66.086,64.2835,62.58,60.9562,59.3972,57.8925,56.4356,55.0231,53.6545,52.331,51.0548,49.8284,48.6541,47.5336,46.468,45.4578,44.5027,43.6018,42.754,41.9577,41.2114,40.513,39.8608,39.253,38.6878,38.1635,37.6786,37.2315,36.821,36.446,36.1052,35.7978,35.5231,35.2802,35.0687,34.8882,34.7382,34.6188,34.5296,34.4709,34.4427,34.4454,34.4794,34.5452,34.6436,34.7754,34.9415,35.1433,35.3821,35.6593,35.977,36.337,36.7418,37.1939,37.6963,38.2524,38.866,39.5414,40.2834,41.0976,41.99,42.968,44.0394,45.2137,46.5012,47.9143,49.467,51.1755,53.0587,55.1386,57.4412,59.997,62.8421,66.0198,69.5819,73.5907,78.1222,83.2695,89.1472,95.898,103.7,112.78,123.425,136.003,150.993,169.015,190.877,217.632,250.634,291.572,342.43,405.203,481.106,568.818,661.562,744.348,795.782,798.646,752.697,674.731,585.924,501.322,427.922,367.27,318.291,279.046,247.558,222.115,201.338,184.149,169.723,157.435,146.809,137.49,129.21,121.769,115.018,108.844,103.166,97.9179,93.0526,88.532,84.3254,80.4077,76.7575,73.3558,70.1858,67.232,64.4801,61.9167,59.5293,57.3063,55.2365,53.3097,51.5161,49.8469,48.2935,46.8483,45.504,44.254,43.0922,42.0129,41.011,40.0818,39.2211,38.4249,37.6899,37.0129,36.3912,35.8224,35.3045,34.8358,34.415,34.0411,33.7135,33.432,33.1971,33.0094,32.8704,32.7822,32.7478,32.7711,32.8573,33.0132,33.2475,33.5715,33.9996,34.5506,35.2484,36.1243,37.2184,38.5825,40.2816,42.3956,45.0154,48.23,52.0903,56.5361,61.2767,65.6738,68.7794,69.7102,68.2101,64.8457,60.5964,56.312,52.4827,49.29,46.7374,44.7534,43.2466,42.1309,41.3337,40.7969,40.4753,40.334,40.3465,40.4927,40.7573,41.1292,41.6,42.1639,42.8175,43.5587,44.3874,45.3053,46.3156,47.4237,48.6372,49.9663,51.4244,53.0282,54.7988,56.7619,58.949,61.3982,64.1558,67.2776,70.8315,74.9003,79.5855,85.0131,91.3397,98.7625,107.532,117.966,130.478,145.598,164.015,186.62,214.552,249.223,292.284,345.408,409.68,484.269,564.201,638.063,688.635,699.965,667.955,603.594,524.789,446.389,376.454,317.597,269.479,230.6,199.266,173.928,153.309,136.396,122.403,110.723,100.887,92.5325,85.3784,79.2033,73.8327,
 ,-2,236.085,266.253,302.77,346.675,398.54,457.679,520.907,581.258,628.008,649.8,640.472,603.022,547.61,485.758,426.005,372.896,327.968,291.059,261.252,237.364,218.142,202.32,188.681,176.216,164.314,152.829,141.931,131.864,122.787,114.739,107.668,101.474,96.0456,91.2733,87.0594,83.3196,79.9823,76.9871,74.2826,71.8248,69.5759,67.5027,65.5767,63.7729,62.0704,60.4519,58.9036,57.4156,55.981,54.5958,53.2582,51.9682,50.7265,49.5344,48.3933,47.3041,46.2675,45.2836,44.352,43.4721,42.6428,41.8626,41.1302,40.4439,39.802,39.2031,38.6454,38.1275,37.648,37.2054,36.7986,36.4266,36.0883,35.7828,35.5095,35.2677,35.0568,34.8765,34.7265,34.6066,34.5168,34.457,34.4275,34.4286,34.4606,34.5242,34.6199,34.7487,34.9115,35.1094,35.3439,35.6163,35.9286,36.2826,36.6807,37.1253,37.6194,38.1663,38.7695,39.4333,40.1622,40.9618,41.8379,42.7974,43.848,44.9987,46.2596,47.6424,49.1604,50.8292,52.6667,54.6939,56.9352,59.4195,62.1806,65.259,68.7027,72.5695,76.9292,81.8664,87.485,93.9122,101.306,109.863,119.831,131.518,145.316,161.721,181.352,204.98,233.532,268.069,309.664,359.098,416.229,478.911,541.629,594.839,626.856,629.103,601.43,552.151,492.812,432.957,378.197,330.797,290.987,258.031,230.872,208.444,189.807,174.176,160.923,149.549,139.668,130.977,123.248,116.302,110.004,104.251,98.9635,94.0814,89.5571,85.3534,81.4404,77.7935,74.3919,71.2177,68.255,65.4896,62.9084,60.4994,58.2514,56.1539,54.1972,52.3721,50.67,49.083,47.6036,46.2249,44.9405,43.7443,42.6309,41.5953,40.6328,39.7391,38.9104,38.1432,37.4343,36.7808,36.1804,35.6307,35.1301,34.6768,34.2697,33.9079,33.5909,33.3186,33.0913,32.9096,32.775,32.6893,32.6553,32.6766,32.7577,32.9048,33.1254,33.4294,33.829,34.34,34.9819,35.7796,36.7637,37.972,39.4491,41.2451,43.4091,45.9754,48.9356,52.192,55.5005,58.4372,60.4606,61.1133,60.2696,58.2138,55.4706,52.5524,49.812,47.4284,45.4573,43.8866,42.6744,41.7717,41.1315,40.7134,40.4841,40.4168,40.4907,40.6892,40.9999,41.4131,41.9216,42.5204,43.2059,43.9762,44.8308,45.7706,46.7983,47.9183,49.1372,50.4642,51.9115,53.4949,55.2344,57.1544,59.2853,61.6633,64.3324,67.3453,70.7654,74.6693,79.15,84.321,90.3222,97.3268,105.551,115.264,126.806,140.605,157.193,177.23,201.509,230.932,266.419,308.663,357.64,411.751,466.731,514.977,546.676,553.608,533.768,492.657,439.898,384.541,332.539,286.708,247.738,215.213,188.287,166.029,147.587,132.232,119.37,108.52,99.3014,91.4119,84.6104,78.7051,73.5424,
 ,-3,222.887,248.255,278.081,312.729,352.052,394.904,438.548,478.277,507.869,521.388,515.8,492.574,456.892,415.164,372.81,333.321,298.407,268.54,243.486,222.654,205.291,190.591,177.776,166.199,155.434,145.3,135.804,127.025,119.032,111.842,105.426,99.7225,94.6566,90.1503,86.1304,82.5309,79.2938,76.3687,73.7119,71.2852,69.0557,66.9941,65.0753,63.2771,61.5811,59.9715,58.4359,56.9648,55.5514,54.1912,52.8816,51.6215,50.4106,49.2494,48.1382,47.0775,46.0674,45.1079,44.1984,43.3382,42.5264,41.7617,41.0427,40.3681,39.7365,39.1463,38.5961,38.0846,37.6105,37.1724,36.7695,36.4006,36.0648,35.7613,35.4895,35.2487,35.0385,34.8585,34.7084,34.5881,34.4974,34.4366,34.4056,34.4049,34.4348,34.4959,34.5888,34.7143,34.8733,35.0671,35.2968,35.564,35.8703,36.2177,36.6084,37.0448,37.5297,38.0663,38.658,39.3088,40.0234,40.8067,41.6645,42.6034,43.6309,44.7552,45.9863,47.335,48.8141,50.4382,52.2243,54.1921,56.3643,58.7677,61.4339,64.3999,67.7099,71.4162,75.5818,80.2824,85.6094,91.6742,98.6126,106.591,115.813,126.53,139.05,153.746,171.068,191.538,215.737,244.244,277.509,315.6,357.782,401.948,444.103,478.44,498.656,500.453,483.737,452.643,413.377,371.726,331.721,295.528,263.93,236.891,213.978,194.611,178.205,164.232,152.239,141.849,132.76,124.729,117.564,111.113,105.259,99.9105,94.9944,90.4549,86.2476,82.3372,78.6951,75.298,72.126,69.1623,66.392,63.8021,61.3806,59.1166,57,55.0215,53.1724,51.4446,49.8303,48.3226,46.9148,45.6007,44.3746,43.2311,42.1653,41.1727,40.2491,39.3906,38.5937,37.8552,37.1723,36.5424,35.9631,35.4326,34.9491,34.5111,34.1177,33.7679,33.4613,33.1978,32.9777,32.8016,32.6707,32.5867,32.5521,32.5701,32.6445,32.7808,32.9854,33.2666,33.6344,34.1016,34.6834,35.3986,36.2694,37.3215,38.5827,40.0805,41.8354,43.8496,46.0878,48.453,50.7623,52.7474,54.1035,54.5925,54.1517,52.926,51.1964,49.2646,47.368,45.6539,44.1924,43.0019,42.0724,41.381,40.9011,40.6069,40.4759,40.4887,40.6298,40.8864,41.2485,41.7083,42.2598,42.8984,43.6209,44.4251,45.31,46.2758,47.324,48.4579,49.6828,51.0064,52.4397,53.9972,55.6974,57.5638,59.6251,61.9157,64.4771,67.3587,70.6189,74.3277,78.5685,83.4419,89.0692,95.5983,103.21,112.123,122.609,134.992,149.663,167.077,187.737,212.151,240.723,273.554,310.099,348.7,386.141,417.614,437.622,441.919,429.507,403.168,368.046,329.485,291.549,256.641,225.803,199.208,176.566,157.407,141.216,127.512,115.869,105.93,97.3993,90.0326,83.6321,78.0365,73.1142,
 ,-4,209.715,230.733,254.747,281.743,311.271,342.185,372.403,398.874,418.002,426.622,423.189,408.452,385.124,356.794,326.816,297.667,270.834,246.993,226.269,208.448,193.136,179.859,168.137,157.561,147.835,138.797,130.392,122.625,115.508,109.041,103.2,97.9448,93.2218,88.9757,85.1514,81.6978,78.5685,75.7219,73.1214,70.7345,68.5324,66.49,64.5851,62.7983,61.1131,59.5154,57.9941,56.5402,55.147,53.8098,52.5255,51.2921,50.1088,48.9751,47.8908,46.8557,45.8698,44.9325,44.0434,43.2017,42.4063,41.6562,40.9502,40.2869,39.6651,39.0835,38.5406,38.0354,37.5667,37.1332,36.7341,36.3683,36.035,35.7336,35.4633,35.2236,35.014,34.8342,34.684,34.5632,34.4718,34.4097,34.3772,34.3746,34.4022,34.4606,34.5504,34.6723,34.8274,35.0166,35.2412,35.5027,35.8026,36.1429,36.5256,36.953,37.4279,37.9532,38.5323,39.1692,39.8679,40.6335,41.4714,42.3878,43.3898,44.4853,45.6836,46.995,48.4314,50.0066,51.7362,53.6387,55.735,58.0498,60.6119,63.455,66.6187,70.15,74.1045,78.5485,83.5611,89.237,95.6901,103.057,111.501,121.217,132.438,145.431,160.502,177.979,198.184,221.373,247.625,276.665,307.623,338.771,367.386,389.987,403.13,404.593,394.319,374.421,348.278,319.342,290.345,263.039,238.322,216.486,197.463,181.001,166.777,154.46,143.744,134.361,126.084,118.724,112.127,106.169,100.751,95.7923,91.2303,87.0144,83.1044,79.4676,76.0776,72.9124,69.9537,67.1858,64.5949,62.1689,59.897,57.7694,55.7769,53.9112,52.1644,50.5294,48.9994,47.568,46.2293,44.9779,43.8085,42.7165,41.6973,40.7469,39.8616,39.0378,38.2723,37.5624,36.9052,36.2987,35.7405,35.229,34.7625,34.3398,33.9599,33.6219,33.3256,33.0707,32.8574,32.6864,32.5588,32.4759,32.4399,32.4535,32.5203,32.6445,32.8316,33.0884,33.4229,33.8448,34.3658,34.9992,35.7602,36.6648,37.7287,38.964,40.3739,41.9449,43.6355,45.3641,47.0025,48.384,49.3355,49.7303,49.5362,48.8295,47.7639,46.517,45.2437,44.0546,43.0149,42.1549,41.4815,40.9888,40.6643,40.4937,40.4629,40.5592,40.7715,41.0907,41.5092,42.0209,42.6209,43.3052,44.0707,44.915,45.8363,46.8337,47.9074,49.059,50.2921,51.6126,53.0298,54.5566,56.2102,58.0126,59.9911,62.1786,64.6142,67.3438,70.4211,73.9091,77.8816,82.4258,87.645,93.6617,100.622,108.699,118.098,129.054,141.838,156.739,174.044,193.986,216.656,241.856,268.892,296.357,321.985,342.799,355.699,358.436,350.498,333.331,309.734,282.847,255.334,229.029,204.957,183.538,164.795,148.556,134.551,122.488,112.085,103.089,95.28,88.4697,82.5009,77.2417,72.583,
 ,-5,197.124,214.381,233.57,254.499,276.651,299.057,320.228,338.212,350.908,356.575,354.393,344.76,329.151,309.616,288.221,266.657,246.087,227.173,210.187,195.133,181.846,170.074,159.538,149.986,141.22,133.111,125.595,118.644,112.245,106.386,101.044,96.1892,91.7823,87.7826,84.1488,80.8412,77.8227,75.0594,72.5209,70.1798,68.0114,65.994,64.1082,62.3372,60.6664,59.0833,57.5776,56.141,54.7671,53.4512,52.1897,50.9803,49.8216,48.7124,47.652,46.6401,45.6759,44.759,43.8886,43.0638,42.2838,41.5474,40.8536,40.2011,39.5887,39.0153,38.4796,37.9806,37.5171,37.0881,36.6928,36.3301,35.9994,35.6999,35.4312,35.1925,34.9836,34.804,34.6537,34.5323,34.44,34.3767,34.3426,34.3379,34.3631,34.4186,34.5051,34.6233,34.7741,34.9585,35.1776,35.433,35.7261,36.0586,36.4327,36.8505,37.3147,37.8279,38.3936,39.0153,39.6971,40.4436,41.26,42.1522,43.1268,44.1913,45.3543,46.6255,48.016,49.5385,51.2075,53.0398,55.0548,57.2747,59.7255,62.4373,65.4455,68.7912,72.5228,76.6972,81.3814,86.6542,92.6084,99.3528,107.014,115.74,125.695,137.063,150.037,164.803,181.508,200.21,220.799,242.886,265.673,287.858,307.636,322.911,331.752,332.964,326.507,313.508,295.849,275.599,254.558,234.037,214.843,197.376,181.754,167.92,155.728,144.991,135.518,127.126,119.653,112.959,106.924,101.45,96.4557,91.8738,87.6504,83.7417,80.1119,76.732,73.5777,70.6293,67.8697,65.2845,62.8613,60.5889,58.4576,56.4584,54.5832,52.8243,51.175,49.6286,48.1793,46.8212,45.5492,44.3584,43.2441,42.2021,41.2285,40.3195,39.4717,38.682,37.9476,37.2658,36.6343,36.0508,35.5136,35.0209,34.5714,34.1638,33.7973,33.471,33.1847,32.9381,32.7315,32.5653,32.4404,32.3582,32.3203,32.3291,32.3875,32.499,32.6681,32.9,33.201,33.5784,34.0404,34.5963,35.2555,36.0273,36.9188,37.9327,39.0634,40.2919,41.5796,42.864,44.0576,45.0571,45.7625,46.1039,46.0643,45.6857,45.055,44.2782,43.4555,42.6661,41.964,41.3808,40.931,40.6181,40.4391,40.3876,40.456,40.6368,40.9231,41.3086,41.7882,42.3572,43.0119,43.7487,44.5647,45.457,46.4228,47.4598,48.5665,49.7422,50.988,52.3077,53.7081,55.2004,56.8002,58.5283,60.411,62.4797,64.7717,67.3299,70.2037,73.4493,77.1315,81.3244,86.1141,91.5997,97.8957,105.134,113.462,123.045,134.054,146.658,160.993,177.123,194.972,214.226,234.231,253.894,271.673,285.727,294.273,296.078,290.866,279.42,263.303,244.381,224.374,204.603,185.932,168.834,153.479,139.866,127.886,117.384,108.186,100.124,93.0409,86.7983,81.2749,76.3667,71.9852,
 ,-6,185.471,199.579,214.878,231.116,247.815,264.22,279.292,291.785,300.443,304.276,302.829,296.325,285.595,271.843,256.354,240.264,224.434,209.431,195.561,182.931,171.511,161.192,151.825,143.263,135.379,128.082,121.315,115.042,109.243,103.898,98.9885,94.4879,90.3677,86.5971,83.1444,79.9787,77.0705,74.3924,71.919,69.6275,67.4971,65.5089,63.6463,61.8945,60.2408,58.6739,57.1847,55.7655,54.4102,53.1139,51.8733,50.6855,49.5486,48.4613,47.4224,46.4311,45.4866,44.5881,43.7347,42.9255,42.1597,41.4361,40.7537,40.1113,39.5079,38.9424,38.4136,37.9206,37.4622,37.0377,36.646,36.2864,35.9582,35.6607,35.3934,35.1558,34.9475,34.7682,34.6176,34.4957,34.4023,34.3377,34.3018,34.2951,34.3177,34.3703,34.4533,34.5675,34.7137,34.893,35.1064,35.3553,35.6411,35.9656,36.3305,36.7382,37.1909,37.6914,38.2428,38.8485,39.5123,40.2385,41.0322,41.8987,42.8442,43.8758,45.0014,46.23,47.5719,49.0386,50.6436,52.402,54.3312,56.4514,58.7856,61.3604,64.2068,67.3602,70.8622,74.7605,79.1107,83.9768,89.4327,95.5627,102.462,110.236,118.998,128.866,139.95,152.339,166.071,181.099,197.234,214.085,230.998,247.032,260.999,271.619,277.772,278.788,274.641,265.954,253.81,239.465,224.096,208.646,193.77,179.862,167.116,155.579,145.215,135.935,127.63,120.183,113.486,107.438,101.95,96.9451,92.3598,88.1398,84.24,80.6231,77.2584,74.1203,71.1876,68.4422,65.8691,63.4553,61.1893,59.0612,57.0622,55.1841,53.4197,51.7623,50.2055,48.7438,47.3716,46.084,44.8762,43.744,42.6831,41.6898,40.7605,39.8919,39.0809,38.3248,37.6209,36.9669,36.3605,35.8,35.2835,34.8095,34.3767,33.9841,33.6308,33.3161,33.0396,32.8012,32.601,32.4394,32.3171,32.2352,32.1951,32.1988,32.2485,32.3473,32.4984,32.706,32.9747,33.3097,33.7167,34.2016,34.7699,35.4259,36.1716,37.0044,37.9152,38.8847,39.8809,40.8577,41.7563,42.512,43.0657,43.3775,43.4385,43.2726,42.931,42.4783,41.9797,41.491,41.0544,40.6981,40.439,40.2851,40.2389,40.2996,40.4643,40.7294,41.0913,41.5464,42.0915,42.7237,43.4399,44.2375,45.1132,46.0636,47.085,48.173,49.3235,50.533,51.7993,53.1229,54.5079,55.9628,57.5018,59.1448,60.9175,62.8509,64.9811,67.349,70.0003,72.9853,76.3604,80.188,84.5381,89.489,95.128,101.551,108.861,117.164,126.561,137.135,148.928,161.908,175.924,190.651,205.538,219.776,232.329,242.045,247.873,249.109,245.6,237.785,226.566,213.071,198.409,183.508,169.044,155.451,142.947,131.618,121.452,112.383,104.317,97.148,90.7717,85.0892,80.0107,75.4566,71.3574,
 ,-7,174.947,186.478,198.698,211.356,224.053,236.221,247.144,256.017,262.072,264.726,263.716,259.172,251.582,241.672,230.255,218.092,205.807,193.853,182.514,171.939,162.169,153.177,144.899,137.257,130.176,123.596,117.474,111.778,106.488,101.585,97.0495,92.8618,88.9995,85.4389,82.1554,79.1249,76.3239,73.7302,71.3231,69.0833,66.9933,65.0371,63.2004,61.4702,59.8354,58.2861,56.814,55.412,54.0744,52.7966,51.5749,50.4066,49.2894,48.2216,47.2019,46.2291,45.3023,44.4203,43.5824,42.7875,42.0347,41.3229,40.6512,40.0184,39.4235,38.8654,38.3432,37.8559,37.4025,36.9822,36.5941,36.2375,35.9117,35.6162,35.3503,35.1137,34.906,34.7268,34.576,34.4535,34.3592,34.2931,34.2554,34.2464,34.2664,34.3158,34.3952,34.5052,34.6468,34.8207,35.0281,35.2702,35.5484,35.8643,36.2197,36.6167,37.0575,37.5446,38.081,38.6699,39.3148,40.0198,40.7896,41.6291,42.5442,43.5413,44.6278,45.8119,47.103,48.5118,50.0501,51.7317,53.5722,55.5894,57.8036,60.238,62.9191,65.8773,69.1473,72.7687,76.7866,81.2518,86.2216,91.7591,97.9332,104.817,112.483,121,130.422,140.776,152.038,164.111,176.792,189.735,202.432,214.216,224.301,231.888,236.309,237.171,234.455,228.519,220.007,209.697,198.362,186.666,175.113,164.05,153.682,144.105,135.344,127.372,120.136,113.57,107.604,102.17,97.2034,92.6482,88.4548,84.5804,80.9886,77.6487,74.5348,71.6249,68.9005,66.3461,63.9482,61.6952,59.577,57.5847,55.7103,53.9466,52.2872,50.7259,49.2573,47.8763,46.578,45.3579,44.212,43.1362,42.127,41.1809,40.2947,39.4656,38.6906,37.9673,37.2934,36.6666,36.0852,35.5472,35.0511,34.5956,34.1794,33.8016,33.4614,33.1581,32.8913,32.6609,32.467,32.3098,32.19,32.1083,32.066,32.0646,32.1059,32.1922,32.3261,32.5105,32.749,33.0449,33.402,33.8237,34.3128,34.8705,35.4957,36.1836,36.9242,37.7003,38.4869,39.2507,39.9522,40.5504,41.0094,41.3061,41.4354,41.412,41.267,41.041,40.7772,40.5146,40.2854,40.1134,40.0148,39.9995,40.0732,40.2382,40.495,40.8433,41.2818,41.8095,42.4248,43.1263,43.9122,44.7803,45.7273,46.7493,47.8408,48.9954,50.2054,51.4634,52.7625,54.0987,55.4718,56.8875,58.3584,59.904,61.5504,63.3295,65.2779,67.4356,69.8457,72.5539,75.6091,79.0634,82.9728,87.3976,92.4019,98.0525,104.417,111.558,119.527,128.352,138.017,148.446,159.466,170.785,181.966,192.423,201.458,208.341,212.432,213.317,210.903,205.448,197.487,187.719,176.864,165.567,154.336,143.536,133.382,123.994,115.412,107.626,100.595,94.2584,88.5514,83.4069,78.761,74.5549,70.7354,
 ,-8,165.629,175.079,184.887,194.83,204.589,213.745,221.803,228.239,232.568,234.435,233.685,230.397,224.865,217.543,208.953,199.611,189.963,180.359,171.046,162.173,153.816,145.995,138.696,131.884,125.523,119.577,114.017,108.82,103.967,99.4447,95.2357,91.324,87.6925,84.3226,81.1952,78.2915,75.5928,73.0811,70.7393,68.5517,66.5033,64.5806,62.7712,61.0641,59.4494,57.9184,56.4636,55.0786,53.758,52.4974,51.2932,50.1426,49.043,47.9927,46.9902,46.0339,45.1229,44.2559,43.432,42.6502,41.9093,41.2085,40.5466,39.9227,39.3357,38.7847,38.2687,37.7869,37.3382,36.922,36.5374,36.1836,35.8603,35.5666,35.3022,35.0665,34.8593,34.6803,34.5292,34.406,34.3106,34.2431,34.2035,34.1922,34.2094,34.2556,34.3312,34.437,34.5736,34.742,34.9431,35.1782,35.4485,35.7556,36.1011,36.487,36.9153,37.3886,37.9094,38.4808,39.1061,39.7891,40.5341,41.3457,42.2292,43.1907,44.2368,45.375,46.6137,47.9627,49.4326,51.0356,52.7855,54.6979,56.7904,59.083,61.5981,64.3613,67.4012,70.7499,74.4431,78.5204,83.0248,88.0022,93.5005,99.5668,106.245,113.569,121.555,130.194,139.432,149.156,159.174,169.204,178.859,187.669,195.109,200.67,203.938,204.674,202.866,198.727,192.648,185.125,176.669,167.745,158.733,149.917,141.486,133.553,126.17,119.349,113.074,107.313,102.023,97.1627,92.6876,88.5574,84.7354,81.1888,77.889,74.8112,71.9341,69.2394,66.7114,64.3367,62.1036,60.0019,58.0229,56.1584,54.4016,52.7461,51.186,49.7161,48.3313,47.0272,45.7996,44.6443,43.5578,42.5365,41.5772,40.6768,39.8326,39.0418,38.3019,37.6108,36.9662,36.3663,35.8092,35.2935,34.8176,34.3803,33.9806,33.6174,33.29,32.998,32.7408,32.5184,32.3307,32.1779,32.0605,31.9791,31.9347,31.9284,31.9617,32.0362,32.154,32.3171,32.5279,32.7886,33.1015,33.4683,33.8898,34.3656,34.8931,35.4666,36.0768,36.7095,37.3455,37.9612,38.5299,39.0252,39.4249,39.7152,39.8934,39.9688,39.9614,39.8974,39.806,39.7148,39.6482,39.6257,39.6616,39.7665,39.9474,40.2087,40.5533,40.9831,41.4992,42.1022,42.7927,43.5708,44.4357,45.3861,46.4189,47.5296,48.711,49.9537,51.2457,52.5738,53.9246,55.2873,56.6558,58.0317,59.426,60.8585,62.358,63.9594,65.7017,67.6263,69.7752,72.1908,74.9157,77.9931,81.4671,85.3823,89.7841,94.7165,100.22,106.327,113.054,120.396,128.308,136.696,145.395,154.159,162.651,170.451,177.086,182.082,185.039,185.702,184.017,180.135,174.387,167.213,159.088,150.459,141.7,133.104,124.861,117.096,109.874,103.215,97.1103,91.5337,86.4471,81.8082,77.5738,73.7018,70.1531,
 ,-9,157.512,165.298,173.228,181.112,188.704,195.696,201.744,206.5,209.651,210.976,210.378,207.907,203.75,198.195,191.588,184.28,176.592,168.79,161.078,153.593,146.422,139.608,133.164,127.087,121.362,115.973,110.904,106.139,101.667,97.475,93.551,89.8827,86.4567,83.2587,80.2739,77.4877,74.8849,72.4513,70.1729,68.0364,66.0295,64.1407,62.3594,60.6761,59.082,57.5696,56.1321,54.7636,53.4593,52.2147,51.0266,49.892,48.8084,47.7739,46.7866,45.8453,44.9485,44.095,43.2838,42.5138,41.7838,41.093,40.4402,39.8246,39.245,38.7007,38.1906,37.7139,37.2698,36.8574,36.4761,36.1252,35.8041,35.5122,35.2492,35.0144,34.8078,34.6288,34.4774,34.3535,34.257,34.188,34.1465,34.1327,34.1471,34.1899,34.2617,34.3631,34.4946,34.6573,34.852,35.0799,35.3421,35.64,35.9754,36.3498,36.7654,37.2243,37.7291,38.2825,38.8877,39.5481,40.2676,41.0505,41.9017,42.8266,43.8314,44.9227,46.1081,47.3963,48.7968,50.3203,51.9788,53.7859,55.7567,57.908,60.2587,62.8299,65.6447,68.7287,72.1097,75.8175,79.8835,84.3398,89.2177,94.5458,100.346,106.631,113.393,120.603,128.196,136.06,144.029,151.878,159.318,166.015,171.616,175.787,178.264,178.897,177.677,174.735,170.318,164.744,158.359,151.488,144.415,137.364,130.498,123.926,117.714,111.891,106.466,101.427,96.7541,92.4224,88.4041,84.6714,81.1983,77.9604,74.9358,72.1051,69.4512,66.9593,64.6162,62.4106,60.3326,58.3734,56.5253,54.7815,53.1358,51.5825,50.1166,48.7333,47.4283,46.1976,45.0375,43.9443,42.9149,41.946,41.035,40.1789,39.3753,38.6217,37.9161,37.2563,36.6405,36.0668,35.5338,35.0399,34.5839,34.1646,33.781,33.4323,33.1177,32.8368,32.5892,32.3746,32.193,32.0446,31.9297,31.8488,31.8025,31.7918,31.8177,31.8816,31.9847,32.1285,32.3146,32.5443,32.8187,33.1385,33.5035,33.9121,34.3613,34.8455,35.3565,35.8831,36.4109,36.9231,37.4016,37.8292,38.192,38.4814,38.6964,38.8432,38.9351,38.9897,39.0273,39.068,39.13,39.2292,39.3784,39.5875,39.8643,40.2145,40.6426,41.1523,41.7466,42.4282,43.1993,44.0617,45.0165,46.0634,47.2001,48.4215,49.7191,51.0796,52.4856,53.9156,55.3468,56.758,58.1342,59.471,60.7773,62.0756,63.4,64.7921,66.2971,67.96,69.8241,71.9298,74.3146,77.0139,80.0613,83.4888,87.3261,91.5998,96.3304,101.529,107.191,113.29,119.772,126.539,133.446,140.293,146.824,152.737,157.707,161.422,163.624,164.15,162.964,160.162,155.949,150.611,144.465,137.821,130.953,124.091,117.391,110.971,104.9,99.2162,93.9301,89.0353,84.514,80.3418,76.4912,72.9339,69.6421,
 ,-10,150.547,157.009,163.477,169.798,175.779,181.197,185.81,189.382,191.708,192.644,192.13,190.2,186.973,182.642,177.437,171.604,165.374,158.95,152.494,146.128,139.937,133.972,128.263,122.823,117.653,112.75,108.108,103.719,99.5762,95.6717,91.9969,88.5426,85.2988,82.2547,79.399,76.7202,74.2064,71.846,69.6277,67.5405,65.5741,63.7187,61.9654,60.3058,58.7324,57.2385,55.8178,54.4654,53.1764,51.9469,50.7737,49.6536,48.5845,47.5641,46.5907,45.6627,44.7787,43.9374,43.1377,42.3784,41.6584,40.9768,40.3324,39.7244,39.1518,38.6136,38.1091,37.6372,37.1974,36.7888,36.4106,36.0624,35.7435,35.4534,35.1916,34.9577,34.7515,34.5726,34.4209,34.2962,34.1986,34.128,34.0845,34.0683,34.0798,34.1192,34.1871,34.2839,34.4104,34.5672,34.7554,34.9758,35.2298,35.5184,35.8434,36.2062,36.6087,37.053,37.5414,38.0765,38.6611,39.2984,39.992,40.7458,41.5641,42.452,43.4148,44.4587,45.5903,46.8174,48.1481,49.592,51.1594,52.8619,54.7122,56.7245,58.9144,61.2988,63.8963,66.7268,69.8112,73.1716,76.8299,80.8074,85.1233,89.7923,94.8222,100.21,105.938,111.965,118.226,124.619,131.007,137.212,143.02,148.193,152.487,155.68,157.6,158.147,157.316,155.188,151.924,147.734,142.854,137.513,131.922,126.253,120.644,115.193,109.965,105,100.316,95.919,91.8016,87.9517,84.3533,80.989,77.8407,74.8914,72.1247,69.526,67.0819,64.7806,62.6113,60.5648,58.6328,56.8078,55.0832,53.4532,51.9123,50.4558,49.0791,47.7781,46.549,45.3883,44.2927,43.259,42.2843,41.366,40.5014,39.6881,38.9239,38.2066,37.5343,36.9051,36.3173,35.7694,35.2598,34.7874,34.3509,33.9493,33.5817,33.2472,32.9453,32.6755,32.4373,32.2305,32.0552,31.9112,31.799,31.7187,31.671,31.6564,31.6758,31.7301,31.8201,31.9469,32.1113,32.3141,32.5558,32.8361,33.1543,33.5086,33.8956,34.3105,34.7464,35.1947,35.6446,36.0842,36.5013,36.8844,37.2246,37.517,37.761,37.9615,38.1275,38.2715,38.4079,38.5515,38.7168,38.9164,39.1615,39.4616,39.8246,40.257,40.7647,41.3528,42.0261,42.7893,43.6468,44.6025,45.6595,46.8197,48.0822,49.4424,50.8906,52.4098,53.9751,55.5543,57.1096,58.6039,60.0079,61.3075,62.5097,63.6424,64.7506,65.8888,67.1133,68.4771,70.0268,71.8018,73.8355,76.1561,78.7879,81.7517,85.0649,88.7401,92.7834,97.1913,101.947,107.014,112.334,117.818,123.341,128.744,133.834,138.393,142.193,145.024,146.715,147.158,146.329,144.287,141.165,137.151,132.459,127.305,121.892,116.393,110.936,105.622,100.521,95.6728,91.1005,86.8098,82.7963,79.0484,75.5503,72.2842,69.2316,
 ,-11,144.658,150.07,155.401,160.528,165.303,169.561,173.132,175.851,177.582,178.231,177.757,176.185,173.596,170.119,165.915,161.157,156.014,150.64,145.165,139.692,134.299,129.04,123.952,119.055,114.363,109.879,105.606,101.543,97.6855,94.0306,90.5728,87.306,84.2229,81.3158,78.5759,75.9944,73.5619,71.2692,69.107,67.0663,65.1386,63.3155,61.5893,59.953,58.3998,56.9238,55.5196,54.1824,52.9079,51.6925,50.5329,49.4262,48.3702,47.3626,46.4016,45.4856,44.6131,43.7829,42.9935,42.244,41.5331,40.8599,40.2233,39.6223,39.0561,38.5237,38.0244,37.5572,37.1213,36.7162,36.3411,35.9954,35.6786,35.3902,35.1296,34.8966,34.6908,34.5119,34.3598,34.2344,34.1356,34.0634,34.0179,33.9993,34.0079,34.0438,34.1077,34.2,34.3212,34.4722,34.6537,34.8667,35.1122,35.3915,35.7058,36.0568,36.4462,36.8757,37.3475,37.8641,38.4279,39.0419,39.7093,40.4337,41.2189,42.0695,42.9903,43.9866,45.0644,46.2305,47.4919,48.8569,50.3343,51.9338,53.6662,55.5431,57.5771,59.7819,62.1718,64.762,67.5679,70.6051,73.8883,77.4305,81.2419,85.3279,89.6868,94.307,99.1639,104.215,109.399,114.628,119.79,124.745,129.336,133.39,136.738,139.227,140.742,141.218,140.647,139.084,136.635,133.441,129.666,125.473,121.018,116.435,111.834,107.3,102.895,98.6598,94.6197,90.787,87.1648,83.7496,80.534,77.5078,74.6598,71.9785,69.4523,67.0704,64.8228,62.7001,60.6941,58.7971,57.0023,55.3035,53.6953,52.1727,50.7309,49.3658,48.0737,46.8508,45.6939,44.5999,43.5659,42.5891,41.6671,40.7973,39.9775,39.2055,38.4794,37.7973,37.1573,36.5579,35.9976,35.4748,34.9883,34.537,34.1197,33.7355,33.3836,33.0632,32.7738,32.5149,32.2861,32.0872,31.9181,31.7787,31.6693,31.59,31.5413,31.5236,31.5374,31.5833,31.6619,31.7739,31.9197,32.0997,32.3137,32.5613,32.8414,33.152,33.4901,33.8516,34.231,34.6215,35.0154,35.4041,35.7793,36.1334,36.4608,36.7586,37.0268,37.2692,37.4925,37.7058,37.9197,38.1457,38.3951,38.6786,39.0061,39.3862,39.8271,40.336,40.9197,41.5849,42.3382,43.1864,44.1362,45.1945,46.3675,47.6601,49.0746,50.6086,52.2524,53.9857,55.7751,57.5728,59.3195,60.952,62.4163,63.6826,64.7551,65.6734,66.503,67.3215,68.2047,69.2185,70.415,71.8335,73.5026,75.4432,77.6706,80.1954,83.0243,86.1592,89.5955,93.3202,97.3088,101.522,105.902,110.37,114.822,119.133,123.156,126.731,129.699,131.912,133.253,133.651,133.086,131.596,129.269,126.228,122.621,118.601,114.313,109.892,105.437,101.033,96.7427,92.607,88.6523,84.8919,81.3294,77.9621,74.783,71.7821,68.9485,
 ,-12,139.76,144.341,148.786,152.997,156.86,160.254,163.054,165.146,166.437,166.864,166.401,165.065,162.914,160.039,156.552,152.579,148.246,143.671,138.957,134.191,129.442,124.763,120.19,115.752,111.464,107.339,103.382,99.598,95.9866,92.5472,89.2774,86.1738,83.2315,80.445,77.8079,75.3135,72.9545,70.7235,68.613,66.6156,64.7241,62.9315,61.2313,59.6171,58.0833,56.6246,55.236,53.9132,52.6524,51.45,50.3029,49.2085,48.1644,47.1684,46.2186,45.3135,44.4514,43.6311,42.8511,42.1104,41.4079,40.7423,40.1129,39.5185,38.9582,38.4312,37.9367,37.4738,37.0418,36.64,36.2678,35.9246,35.6097,35.3228,35.0635,34.8312,34.6258,34.447,34.2945,34.1683,34.0683,33.9945,33.947,33.926,33.9315,33.9641,34.024,34.1117,34.2277,34.3727,34.5476,34.753,34.9901,35.2599,35.5637,35.9028,36.2788,36.6935,37.1487,37.6466,38.1896,38.7802,39.4214,40.1163,40.8685,41.6819,42.5608,43.5099,44.5344,45.64,46.8331,48.1205,49.5098,51.0089,52.6269,54.3731,56.2577,58.2911,60.4845,62.849,65.3957,68.1349,71.0758,74.2255,77.5876,81.1613,84.9391,88.905,93.0318,97.2792,101.591,105.894,110.098,114.094,117.765,120.986,123.635,125.607,126.822,127.235,126.842,125.677,123.812,121.346,118.391,115.067,111.489,107.76,103.968,100.184,96.4644,92.8477,89.3614,86.0219,82.8379,79.812,76.9424,74.2245,71.6523,69.2184,66.9152,64.735,62.6707,60.7152,58.862,57.1052,55.4393,53.8593,52.3607,50.9392,49.591,48.3125,47.1005,45.9518,44.8635,43.8331,42.8579,41.9356,41.064,40.2408,39.4642,38.7321,38.0429,37.3948,36.7863,36.216,35.6823,35.1841,34.7202,34.2895,33.8911,33.524,33.1876,32.8811,32.6041,32.3561,32.1366,31.9455,31.7827,31.6481,31.5418,31.4639,31.4147,31.3944,31.4036,31.4425,31.5114,31.6108,31.7409,31.9016,32.0927,32.3135,32.5628,32.8387,33.1388,33.4594,33.7963,34.1445,34.4981,34.8513,35.1983,35.5341,35.8553,36.1602,36.4494,36.7259,36.995,37.2636,37.5401,37.8334,38.1529,38.5076,38.9065,39.3579,39.8698,40.4502,41.107,41.8481,42.6821,43.6183,44.6663,45.8367,47.14,48.5862,50.183,51.9329,53.8294,55.851,57.9557,60.0754,62.1176,63.9763,65.5546,66.7938,67.6946,68.3195,68.7728,69.1731,69.6281,70.2226,71.0157,72.0452,73.3332,74.8914,76.7251,78.8349,81.2178,83.8666,86.7688,89.9051,93.2469,96.7544,100.374,104.037,107.658,111.138,114.365,117.22,119.589,121.366,122.47,122.849,122.489,121.414,119.679,117.37,114.588,111.44,108.034,104.47,100.826,97.172,93.5597,90.0287,86.6055,83.3066,80.141,77.1116,74.2173,71.4543,68.8173,
 ,-13,135.767,139.691,143.445,146.95,150.118,152.858,155.079,156.701,157.658,157.907,157.434,156.251,154.4,151.946,148.974,145.574,141.843,137.873,133.745,129.534,125.299,121.089,116.94,112.881,108.933,105.109,101.42,97.8734,94.4714,91.2164,88.1082,85.1454,82.3252,79.644,77.0973,74.6799,72.3865,70.2109,68.1473,66.1894,64.3313,62.5671,60.891,59.2978,57.7822,56.3397,54.9659,53.6567,52.4086,51.2182,50.0827,48.9994,47.9661,46.9805,46.041,45.1456,44.293,43.4816,42.7102,41.9776,41.2826,40.6241,40.0012,39.4129,38.8581,38.3362,37.8462,37.3874,36.959,36.5604,36.1909,35.8499,35.537,35.2516,34.9934,34.7619,34.5568,34.378,34.2251,34.0981,33.997,33.9216,33.8721,33.8486,33.8512,33.8803,33.9362,34.0194,34.1302,34.2694,34.4375,34.6355,34.8642,35.1245,35.4177,35.745,36.1078,36.5076,36.9462,37.4256,37.9478,38.5152,39.1303,39.796,40.5154,41.2919,42.1294,43.0319,44.0038,45.0503,46.1765,47.3882,48.6918,50.094,51.6018,53.2229,54.9651,56.8365,58.8453,60.9995,63.3066,65.7731,68.4039,71.2017,74.166,77.2917,80.5682,83.9775,87.4928,91.0769,94.6812,98.2446,101.694,104.948,107.915,110.504,112.628,114.212,115.2,115.559,115.287,114.407,112.969,111.039,108.701,106.04,103.143,100.088,96.9463,93.7765,90.6263,87.532,84.5204,81.6096,78.8113,76.1316,73.573,71.1346,68.814,66.6073,64.5099,62.5167,60.6228,58.8231,57.1127,55.4872,53.9422,52.4738,51.0783,49.7522,48.4923,47.2957,46.1595,45.0812,44.0582,43.0883,42.1693,41.2991,40.4758,39.6974,38.9623,38.2688,37.6152,37.0001,36.4222,35.88,35.3724,34.8982,34.4563,34.0459,33.6659,33.3158,32.9946,32.7019,32.4371,32.1998,31.9897,31.8065,31.6501,31.5204,31.4174,31.3413,31.2921,31.2701,31.2755,31.3086,31.3695,31.4585,31.5754,31.7203,31.8926,32.0917,32.3164,32.5651,32.8356,33.1252,33.4305,33.7477,34.0728,34.4015,34.73,35.055,35.3746,35.6879,35.9959,36.3012,36.6082,36.9224,37.2506,37.6002,37.9791,38.3954,38.8573,39.3727,39.95,40.5977,41.3246,42.1403,43.0556,44.0822,45.2336,46.5249,47.9727,49.5943,51.4061,53.4204,55.6393,58.0461,60.5924,63.1863,65.6864,67.9149,69.6968,70.9189,71.5763,71.777,71.6995,71.5337,71.4375,71.5205,71.847,72.4488,73.3364,74.5089,75.9593,77.6771,79.6497,81.862,84.2952,86.9256,89.7225,92.6472,95.6511,98.675,101.649,104.493,107.123,109.448,111.383,112.853,113.798,114.18,113.987,113.232,111.954,110.208,108.065,105.601,102.894,100.019,97.0369,94.0017,90.9578,87.9395,84.9721,82.0731,79.2539,76.5211,73.8778,71.3247,68.8609,
 ,-14,132.596,136.002,139.216,142.175,144.809,147.049,148.828,150.09,150.786,150.889,150.39,149.299,147.649,145.49,142.883,139.899,136.613,133.096,129.416,125.635,121.805,117.968,114.162,110.413,106.744,103.171,99.7057,96.3575,93.132,90.0329,87.0619,84.2191,81.5036,78.9132,76.4448,74.0948,71.8588,69.7324,67.7106,65.7882,63.9604,62.222,60.5683,58.9943,57.4958,56.0683,54.7082,53.4115,52.1751,50.9958,49.8709,48.7979,47.7744,46.7983,45.8679,44.9815,44.1373,43.3341,42.5705,41.8452,41.1572,40.5052,39.8883,39.3056,38.756,38.2387,37.753,37.298,36.873,36.4774,36.1105,35.7717,35.4606,35.1766,34.9195,34.6887,34.484,34.3051,34.1519,34.0241,33.9218,33.8449,33.7934,33.7675,33.7672,33.793,33.8449,33.9235,34.0293,34.1626,34.3242,34.5147,34.735,34.986,35.2687,35.5843,35.9339,36.3191,36.7413,37.2023,37.704,38.2484,38.8377,39.4746,40.1618,40.9021,41.6989,42.5557,43.4764,44.4651,45.5263,46.6649,47.8859,49.1948,50.5973,52.0994,53.707,55.4262,57.2628,59.2223,61.3094,63.5277,65.879,68.363,70.9763,73.7115,76.5565,79.493,82.4958,85.5317,88.5592,91.5281,94.3802,97.0511,99.4727,101.577,103.3,104.587,105.399,105.713,105.524,104.85,103.726,102.199,100.328,98.1782,95.8127,93.2934,90.6758,88.0085,85.3317,82.678,80.0721,77.5326,75.0721,72.6992,70.4185,68.2322,66.1402,64.1412,62.2329,60.4123,58.6763,57.0214,55.4442,53.9413,52.5096,51.1458,49.8472,48.6109,47.4343,46.315,45.2507,44.2391,43.2782,42.3659,41.5005,40.6802,39.9031,39.1678,38.4727,37.8162,37.1971,36.614,36.0657,35.5509,35.0687,34.6179,34.1976,33.807,33.4452,33.1116,32.8055,32.5263,32.2737,32.0471,31.8462,31.671,31.5211,31.3964,31.2971,31.2231,31.1745,31.1515,31.1541,31.1825,31.2369,31.3173,31.4236,31.5555,31.7127,31.8945,32.0998,32.3273,32.5752,32.8414,33.1234,33.4184,33.7235,34.0357,34.3526,34.6723,34.9935,35.3162,35.6416,35.9721,36.3113,36.6642,37.0363,37.4341,37.8645,38.3349,38.853,39.4267,40.0645,40.7757,41.57,42.4589,43.4551,44.5737,45.8323,47.2516,48.8559,50.6729,52.7323,55.0625,57.684,60.5954,63.7525,67.0401,70.2492,73.0826,75.2208,76.442,76.7309,76.2892,75.4369,74.4874,73.672,73.1266,72.9123,73.0438,73.5116,74.2958,75.3736,76.7216,78.3174,80.1382,82.1598,84.3551,86.6929,89.136,91.6407,94.156,96.6243,98.9817,101.161,103.094,104.717,105.972,106.816,107.218,107.168,106.673,105.755,104.455,102.819,100.901,98.7568,96.4435,94.0055,91.4857,88.9198,86.3371,83.7602,81.206,78.6871,76.2121,73.787,71.4158,69.101,
 ,-15,130.172,133.171,135.964,138.498,140.719,142.573,144.011,144.99,145.477,145.455,144.917,143.874,142.353,140.393,138.041,135.355,132.391,129.21,125.867,122.414,118.896,115.353,111.818,108.318,104.874,101.505,98.2233,95.0391,91.9599,88.9905,86.1341,83.3923,80.7651,78.2517,75.8503,73.5581,71.3719,69.2883,67.3031,65.4122,63.6113,61.8961,60.2624,58.7061,57.223,55.8094,54.4618,53.1767,51.951,50.7819,49.6666,48.6028,47.5882,46.6208,45.6988,44.8203,43.984,43.1882,42.4316,41.7131,41.0314,40.3854,39.7741,39.1965,38.6517,38.1388,37.6571,37.2057,36.7839,36.3911,36.0267,35.69,35.3807,35.0981,34.842,34.6119,34.4075,34.2286,34.075,33.9465,33.8431,33.7647,33.7113,33.683,33.6799,33.7023,33.7504,33.8246,33.9253,34.0529,34.208,34.3912,34.6034,34.8452,35.1176,35.4216,35.7583,36.1291,36.5352,36.9782,37.4597,37.9815,38.5457,39.1544,39.81,40.515,41.2722,42.0846,42.9555,43.8883,44.8868,45.9549,47.0968,48.3167,49.6192,51.0088,52.4899,54.0669,55.7438,57.524,59.4101,61.4034,63.5038,65.7089,68.0134,70.4089,72.8828,75.4174,77.99,80.5715,83.1267,85.6146,87.9887,90.1988,92.1926,93.919,95.3308,96.3881,97.0614,97.3339,97.2031,96.6804,95.7902,94.5678,93.056,91.3023,89.3555,87.2634,85.07,82.8149,80.5321,78.2495,75.99,73.7711,71.6058,69.5035,67.4705,65.5104,63.6252,61.8153,60.0801,58.4184,56.8282,55.3076,53.8542,52.4657,51.1398,49.8741,48.6665,47.5147,46.4166,45.3704,44.374,43.4257,42.5237,41.6663,40.852,40.0793,39.3466,38.6526,37.9959,37.3753,36.7894,36.2373,35.7177,35.2296,34.772,34.3441,33.9449,33.5737,33.2298,32.9125,32.6212,32.3554,32.1147,31.8987,31.7072,31.5398,31.3965,31.2772,31.1818,31.1103,31.0627,31.0393,31.04,31.065,31.1142,31.1877,31.2854,31.407,31.5522,31.7203,31.9106,32.1218,32.3527,32.6016,32.8667,33.146,33.4374,33.7392,34.0496,34.3677,34.693,35.0258,35.3677,35.7207,36.0884,36.4749,36.8853,37.3252,37.8011,38.3198,38.8887,39.5159,40.2101,40.9812,41.8403,42.8003,43.8763,45.0868,46.454,48.0054,49.7744,51.802,54.136,56.8301,59.9359,63.4868,67.4648,71.7469,76.0408,79.8589,82.6124,83.8593,83.5635,82.1199,80.1196,78.0816,76.3335,75.0251,74.1925,73.8141,73.847,74.244,74.9619,75.9626,77.2129,78.6827,80.343,82.1642,84.1147,86.1592,88.2585,90.3686,92.4412,94.4246,96.2654,97.9104,99.3098,100.42,101.205,101.643,101.722,101.444,100.824,99.8867,98.6633,97.1913,95.51,93.6611,91.677,89.5904,87.4295,85.2181,82.9759,80.7183,78.4578,76.2045,73.966,71.7489,69.5585,
 ,-16,128.426,131.108,133.573,135.777,137.677,139.23,140.399,141.152,141.468,141.333,140.746,139.718,138.272,136.439,134.259,131.778,129.043,126.103,123.007,119.798,116.516,113.197,109.872,106.566,103.301,100.094,96.9588,93.9068,90.946,88.0824,85.32,82.6612,80.1073,77.658,75.3125,73.0691,70.9252,68.878,66.9244,65.0608,63.2834,61.5887,59.9728,58.4321,56.9629,55.5618,54.2255,52.9509,51.735,50.5751,49.4686,48.4132,47.4068,46.4472,45.5328,44.6616,43.8323,43.0433,42.2932,41.5809,40.905,40.2645,39.6584,39.0856,38.5453,38.0365,37.5585,37.1105,36.6918,36.3017,35.9396,35.605,35.2973,35.0161,34.761,34.5316,34.3276,34.1487,33.9947,33.8656,33.761,33.6812,33.6259,33.5953,33.5895,33.6087,33.6531,33.723,33.8187,33.9408,34.0896,34.2657,34.4698,34.7027,34.9651,35.2578,35.582,35.9387,36.3291,36.7545,37.2164,37.7163,38.256,38.8373,39.4622,40.1329,40.8517,41.6212,42.4441,43.3232,44.2616,45.2623,46.3288,47.4643,48.6723,49.9562,51.319,52.7639,54.2933,55.909,57.6121,59.4025,61.2783,63.2359,65.2693,67.3695,69.524,71.7168,73.9273,76.1305,78.297,80.3931,82.3817,84.2233,85.8778,87.3061,88.4729,89.3483,89.9106,90.1472,90.0559,89.6447,88.9315,87.9417,86.7074,85.2641,83.6493,81.8999,80.0512,78.1353,76.1805,74.211,72.247,70.3046,68.3966,66.5325,64.7192,62.9617,61.2629,59.6246,58.0475,56.5313,55.0756,53.6791,52.3406,51.0586,49.8315,48.6575,47.5352,46.4628,45.4387,44.4613,43.5292,42.6409,41.7948,40.9897,40.2242,39.4969,38.8067,38.1523,37.5326,36.9465,36.3928,35.8706,35.3789,34.9168,34.4833,34.0777,33.6991,33.347,33.0205,32.7192,32.4425,32.19,31.9611,31.7557,31.5734,31.414,31.2774,31.1635,31.0722,31.0036,30.9576,30.9344,30.934,30.9564,31.0017,31.0699,31.1609,31.2744,31.4102,31.5678,31.7465,31.9454,32.1637,32.4,32.6532,32.9217,33.2045,33.5002,33.808,34.1274,34.4585,34.8022,35.1598,35.5337,35.9269,36.3435,36.7879,37.2654,37.7821,38.3445,38.9599,39.6366,40.3835,41.2113,42.1322,43.1605,44.3141,45.6145,47.0889,48.7719,50.7074,52.9515,55.5754,58.666,62.3224,66.6396,71.6653,77.3098,83.2056,88.5847,92.3748,93.6915,92.4533,89.4508,85.7771,82.269,79.3528,77.1528,75.6391,74.7259,74.3199,74.3382,74.713,75.3898,76.3246,77.4801,78.8232,80.3222,81.9455,83.6598,85.4294,87.2163,88.9796,90.6766,92.264,93.6995,94.9433,95.9605,96.7229,97.2106,97.4125,97.3269,96.9609,96.3291,95.452,94.3539,93.0615,91.6045,90.0052,88.2876,86.473,84.5803,82.6255,80.6224,78.5831,76.5178,74.4358,72.3453,70.2543,
 ,-17,127.297,129.735,131.947,133.895,135.544,136.86,137.815,138.384,138.553,138.314,137.67,136.63,135.216,133.455,131.381,129.033,126.452,123.679,120.756,117.722,114.611,111.458,108.289,105.13,102,98.918,95.8971,92.9485,90.081,87.3011,84.6135,82.0214,79.5264,77.1293,74.8296,72.6263,70.5174,68.5008,66.5737,64.7331,62.976,61.2988,59.6984,58.1714,56.7145,55.3246,53.9985,52.7332,51.5261,50.3745,49.276,48.2283,47.2292,46.2768,45.3692,44.5048,43.6819,42.899,42.1549,41.4482,40.7777,40.1424,39.5411,38.9728,38.4366,37.9318,37.4573,37.0125,36.5967,36.2092,35.8494,35.5167,35.2107,34.9308,34.6767,34.4479,34.2443,34.0655,33.9112,33.7814,33.6759,33.5946,33.5376,33.5048,33.4964,33.5125,33.5533,33.6191,33.7101,33.8268,33.9695,34.1388,34.3352,34.5594,34.812,35.0939,35.406,35.749,36.1242,36.5327,36.9756,37.4543,37.9703,38.5251,39.1205,39.7582,40.4402,41.1685,41.9454,42.7731,43.6541,44.5908,45.5858,46.6417,47.7609,48.9458,50.1986,51.5211,52.9148,54.3803,55.9174,57.5249,59.2002,60.9387,62.7341,64.5774,66.457,68.3582,70.263,72.15,73.9946,75.7693,77.4444,78.9886,80.3707,81.5609,82.5321,83.2619,83.7338,83.9384,83.8737,83.5455,82.9668,82.1567,81.1389,79.9406,78.5905,77.1177,75.5503,73.9143,72.2333,70.5281,68.8161,67.1121,65.428,63.7731,62.1546,60.5779,59.0468,57.5638,56.1304,54.7475,53.4153,52.1334,50.9012,49.7181,48.583,47.4948,46.4523,45.4544,44.4999,43.5876,42.7162,41.8846,41.0917,40.3363,39.6172,38.9334,38.2839,37.6676,37.0835,36.5306,36.008,35.5148,35.0502,34.6132,34.2032,33.8194,33.461,33.1275,32.8183,32.5328,32.2705,32.0309,31.8139,31.6189,31.4459,31.2945,31.1646,31.0563,30.9693,30.9039,30.8598,30.8374,30.8365,30.8573,30.8998,30.964,31.0498,31.1571,31.2858,31.4353,31.6054,31.7953,32.0044,32.2319,32.477,32.7388,33.0165,33.3095,33.6175,33.9404,34.2788,34.6337,35.0068,35.4002,35.8171,36.261,36.7363,37.2481,37.802,38.4045,39.0629,39.7855,40.5819,41.4631,42.4425,43.5359,44.7633,46.1494,47.7262,49.5349,51.63,54.0839,56.9928,60.483,64.7146,69.8721,76.1197,83.4751,91.5532,99.2358,104.66,106.113,103.42,98.1237,92.1703,86.8211,82.5525,79.3863,77.1718,75.7287,74.899,74.5583,74.6126,74.991,75.6392,76.5137,77.5781,78.7991,80.1453,81.5854,83.0869,84.6163,86.1385,87.6178,89.0185,90.3057,91.447,92.4136,93.1819,93.7337,94.0578,94.1493,94.0097,93.6459,93.0694,92.2946,91.3381,90.2197,88.9534,87.5554,86.041,84.424,82.7172,80.9324,79.0806,77.1723,75.2176,73.2268,71.2097,
 ,-18,126.73,128.984,131.003,132.754,134.208,135.336,136.117,136.533,136.573,136.236,135.524,134.451,133.035,131.302,129.282,127.01,124.521,121.854,119.044,116.126,113.132,110.094,107.035,103.981,100.95,97.9595,95.0229,92.1516,89.3545,86.6383,84.0081,81.4675,79.0186,76.6623,74.3989,72.2275,70.1468,68.1549,66.2495,64.428,62.6877,61.0254,59.4382,57.923,56.4768,55.0965,53.7794,52.5225,51.3233,50.1792,49.0879,48.047,47.0546,46.1087,45.2074,44.3491,43.5321,42.755,42.0164,41.3149,40.6495,40.0189,39.422,38.858,38.3258,37.8245,37.3534,36.9118,36.4987,36.1137,35.7561,35.4253,35.1209,34.8423,34.5892,34.3612,34.1579,33.9791,33.8246,33.6942,33.5878,33.5053,33.4466,33.4118,33.4009,33.4141,33.4515,33.5133,33.5998,33.7113,33.8482,34.011,34.2,34.4159,34.6592,34.9307,35.2311,35.5612,35.9218,36.3139,36.7387,37.1971,37.6904,38.2199,38.787,39.3931,40.0399,40.7289,41.462,42.2409,43.0675,43.9437,44.8714,45.8524,46.8885,47.9813,49.132,50.3417,51.611,52.9395,54.3263,55.7695,57.2657,58.8103,60.3968,62.0166,63.659,65.3108,66.9565,68.5778,70.1544,71.6635,73.0813,74.3831,75.5443,76.5419,77.3549,77.9664,78.3637,78.5395,78.4923,78.2261,77.7507,77.0801,76.2326,75.229,74.0915,72.8431,71.5062,70.102,68.6502,67.1683,65.6716,64.1731,62.6837,61.2124,59.7662,58.3506,56.9699,55.6271,54.3243,53.063,51.844,50.6675,49.5338,48.4423,47.3928,46.3845,45.4168,44.4888,43.5997,42.7487,41.9347,41.1569,40.4143,39.7061,39.0314,38.3892,37.7786,37.1988,36.6489,36.1281,35.6356,35.1705,34.7321,34.3197,33.9326,33.5701,33.2315,32.9163,32.624,32.354,32.1059,31.8793,31.6738,31.4893,31.3254,31.182,31.059,30.9563,30.8739,30.8119,30.7702,30.7489,30.7482,30.7681,30.8086,30.8699,30.952,31.0547,31.178,31.3217,31.4854,31.6689,31.8717,32.0934,32.3334,32.5913,32.8668,33.1597,33.4701,33.7983,34.145,34.5117,34.8999,35.3121,35.7511,36.2204,36.7244,37.2678,37.8561,38.4959,39.1944,39.96,40.8027,41.7342,42.7685,43.923,45.2193,46.6849,48.3555,50.2784,52.5171,55.1583,58.3215,62.1715,66.9318,72.8897,80.3629,89.5546,100.168,110.752,118.381,120.044,115.406,107.205,98.5876,91.2569,85.6323,81.5469,78.6873,76.7634,75.5502,74.8836,74.6462,74.7535,75.1429,75.7666,76.5855,77.566,78.6771,79.8892,81.1726,82.4974,83.8333,85.1497,86.4164,87.6042,88.6859,89.6367,90.436,91.0668,91.517,91.7792,91.8503,91.731,91.4254,90.9399,90.2827,89.4653,88.4942,87.379,86.1291,84.7537,83.2623,81.6644,79.9701,78.1897,76.3345,74.416,72.4465,
 ,-19,126.675,128.796,130.671,132.273,133.574,134.552,135.19,135.475,135.4,134.966,134.179,133.052,131.606,129.865,127.857,125.613,123.168,120.555,117.807,114.957,112.034,109.067,106.079,103.093,100.128,97.1993,94.3207,91.5032,88.7558,86.0852,83.4965,80.9935,78.5786,76.2529,74.0168,71.8698,69.8108,67.8383,65.95,64.1438,62.4171,60.767,59.1908,57.6855,56.2484,54.8765,53.5672,52.3176,51.1254,49.988,48.9032,47.8686,46.8823,45.9423,45.0468,44.194,43.3825,42.6107,41.8771,41.1806,40.5198,39.8937,39.3011,38.741,38.2125,37.7148,37.2469,36.8082,36.3978,36.0152,35.6597,35.3308,35.028,34.7507,34.4986,34.2713,34.0685,33.8898,33.7352,33.6043,33.4971,33.4134,33.3532,33.3165,33.3033,33.3137,33.3479,33.406,33.4883,33.5949,33.7263,33.8829,34.0649,34.273,34.5075,34.7691,35.0584,35.3761,35.7229,36.0996,36.507,36.9461,37.4179,37.9234,38.4636,39.0398,39.6532,40.305,40.9967,41.7295,42.5048,43.3241,44.1886,45.0996,46.0583,47.0655,48.122,49.228,50.3833,51.5873,52.8382,54.1338,55.4705,56.8434,58.2462,59.6711,61.1083,62.5462,63.9713,65.3683,66.72,68.0081,69.2131,70.3153,71.2955,72.1355,72.8191,73.3332,73.668,73.8178,73.7813,73.5615,73.1656,72.6044,71.8919,71.0439,70.0782,69.0127,67.8655,66.654,65.3945,64.1017,62.7889,61.4677,60.1477,58.8373,57.5433,56.2711,55.0252,53.8087,52.6243,51.4737,50.3583,49.2789,48.2358,47.2293,46.2593,45.3255,44.4277,43.5652,42.7375,41.9441,41.1843,40.4574,39.7627,39.0994,38.4669,37.8644,37.2911,36.7464,36.2294,35.7396,35.2761,34.8383,34.4255,34.037,33.6722,33.3305,33.0114,32.7142,32.4385,32.1838,31.9497,31.7359,31.542,31.3678,31.2131,31.0777,30.9616,30.8646,30.7869,30.7284,30.6893,30.6696,30.6695,30.6891,30.7285,30.7879,30.8672,30.9666,31.0861,31.2256,31.3849,31.5641,31.7628,31.9809,32.2182,32.4746,32.7502,33.045,33.3594,33.6942,34.0502,34.429,34.8324,35.2627,35.7228,36.2163,36.7472,37.3202,37.9409,38.6156,39.3517,40.1578,41.044,42.0226,43.1083,44.3193,45.6786,47.2156,48.9688,50.9894,53.3472,56.1386,59.4993,63.6217,68.7771,75.335,83.7487,94.412,107.182,120.403,130.156,132.048,125.552,114.703,103.811,94.8904,88.2225,83.44,80.084,77.7774,76.246,75.2985,74.803,74.6669,74.8235,75.2227,75.8247,76.596,77.5067,78.5287,79.6349,80.7984,81.9923,83.1902,84.366,85.4945,86.552,87.5169,88.3702,89.0955,89.6799,90.1133,90.3888,90.5018,90.4501,90.2333,89.8522,89.3111,88.6095,87.7509,86.739,85.5787,84.2759,82.8381,81.2741,79.5945,77.8111,75.9375,73.9882,
 ,-20,127.089,129.118,130.89,132.38,133.564,134.423,134.942,135.112,134.929,134.398,133.527,132.331,130.831,129.05,127.018,124.764,122.32,119.719,116.991,114.167,111.275,108.342,105.39,102.44,99.5115,96.6185,93.7744,90.9899,88.2736,85.6322,83.0707,80.5928,78.2009,75.8963,73.6794,71.5499,69.5067,67.5484,65.6731,63.8786,62.1624,60.522,58.9546,57.4575,56.028,54.6632,53.3606,52.1175,50.9314,49.8,48.721,47.6921,46.7113,45.7767,44.8865,44.039,43.2325,42.4656,41.7368,41.0449,40.3885,39.7666,39.178,38.6217,38.0968,37.6024,37.1377,36.7017,36.294,35.9138,35.5604,35.2333,34.932,34.6561,34.405,34.1785,33.9762,33.7978,33.643,33.5118,33.4038,33.3191,33.2576,33.2191,33.2038,33.2117,33.2429,33.2976,33.3759,33.478,33.6044,33.7551,33.9306,34.1313,34.3575,34.6099,34.8888,35.1949,35.5287,35.8909,36.2821,36.703,37.1545,37.6373,38.1523,38.7003,39.2822,39.8991,40.5518,41.2414,41.9687,42.7347,43.5403,44.3861,45.2729,46.2011,47.1706,48.1815,49.2329,50.3237,51.452,52.615,53.8093,55.03,56.2712,57.5258,58.7849,60.0385,61.275,62.4814,63.6434,64.746,65.7734,66.7099,67.5401,68.2497,68.8261,69.2589,69.5406,69.6666,69.636,69.4508,69.1165,68.6415,68.0364,67.3138,66.4875,65.5718,64.5815,63.5307,62.433,61.3008,60.1454,58.9771,57.8045,56.6352,55.4756,54.3309,53.2054,52.1027,51.0254,49.9756,48.9549,47.9645,47.005,46.077,45.1808,44.3164,43.4837,42.6826,41.9126,41.1735,40.4648,39.786,39.1366,38.5161,37.9238,37.3592,36.8217,36.3107,35.8255,35.3655,34.9302,34.5189,34.1309,33.7658,33.4229,33.1016,32.8015,32.5221,32.2628,32.0232,31.803,31.6019,31.4194,31.2555,31.1099,30.9825,30.8732,30.7821,30.7091,30.6544,30.6181,30.6002,30.6011,30.6209,30.6597,30.7178,30.7953,30.8925,31.0093,31.1459,31.3024,31.4789,31.6752,31.8916,32.1281,32.3849,32.6622,32.9605,33.2804,33.6228,33.9889,34.3802,34.7988,35.2469,35.7276,36.2442,36.8008,37.402,38.0534,38.7613,39.533,40.3774,41.3047,42.3274,43.4608,44.7236,46.1395,47.739,49.5617,51.6605,54.1074,57.0019,60.4847,64.7562,70.1015,76.9152,85.6937,96.8958,110.441,124.621,135.172,137.181,130.038,118.267,106.589,97.1025,90.0278,84.9281,81.3006,78.7448,76.9756,75.7979,75.0785,74.7248,74.6711,74.8679,75.2765,75.8644,76.6031,77.4662,78.4287,79.4662,80.5547,81.6706,82.791,83.8938,84.9578,85.9634,86.8927,87.7295,88.4595,89.0705,89.5517,89.8942,90.09,90.1325,90.0158,89.7371,89.2897,88.6707,87.8786,86.9135,85.778,84.4772,83.0189,81.4137,79.6748,77.8177,75.8597,
 ,-21,127.929,129.901,131.606,133.016,134.112,134.874,135.292,135.358,135.074,134.444,133.48,132.199,130.623,128.777,126.69,124.392,121.914,119.288,116.544,113.71,110.815,107.883,104.937,101.997,99.0786,96.1983,93.368,90.5978,87.8961,85.2692,82.7219,80.2579,77.8793,75.5873,73.3823,71.2639,69.2311,67.2825,65.4162,63.63,61.9217,60.2886,58.7281,57.2375,55.8141,54.4553,53.1584,51.9209,50.7403,49.6142,48.5404,47.5166,46.5409,45.6114,44.7261,43.8834,43.0817,42.3193,41.5951,40.9075,40.2553,39.6374,39.0526,38.5,37.9785,37.4873,37.0256,36.5925,36.1873,35.8094,35.4581,35.1328,34.8331,34.5585,34.3085,34.0829,33.8811,33.703,33.5483,33.4168,33.3083,33.2227,33.1599,33.1199,33.1027,33.1084,33.1369,33.1884,33.2631,33.3611,33.4827,33.6281,33.7976,33.9915,34.2101,34.4539,34.7232,35.0186,35.3403,35.689,36.0651,36.4691,36.9017,37.3635,37.8549,38.3766,38.9293,39.5135,40.1299,40.7791,41.4617,42.1782,42.929,43.7145,44.5349,45.39,46.2798,47.2035,48.1602,49.1483,50.1658,51.2098,52.2769,53.3626,54.4612,55.5664,56.6705,57.7646,58.8388,59.8823,60.8831,61.8289,62.7068,63.5043,64.2089,64.8094,65.2958,65.66,65.896,66.0001,65.9716,65.812,65.5256,65.1187,64.5997,63.9784,63.2659,62.4736,61.6135,60.6972,59.7359,58.7402,57.7199,56.6836,55.6393,54.5937,53.5528,52.5214,51.5037,50.5033,49.5228,48.5645,47.6303,46.7214,45.8388,44.9834,44.1556,43.3557,42.5838,41.84,41.1242,40.4362,39.7757,39.1424,38.536,37.9561,37.4022,36.8739,36.3707,35.8921,35.4375,35.0065,34.5984,34.2128,33.8492,33.5068,33.1854,32.8842,32.6029,32.3409,32.0979,31.8733,31.6669,31.4783,31.3072,31.1535,31.0169,30.8975,30.7951,30.7097,30.6415,30.5906,30.5572,30.5414,30.5435,30.5637,30.6024,30.6598,30.7362,30.8318,30.947,31.0818,31.2366,31.4117,31.6071,31.8232,32.0604,32.3189,32.5994,32.9024,33.2289,33.5798,33.9566,34.3609,34.7948,35.2607,35.7615,36.3007,36.8822,37.5107,38.1916,38.9313,39.7371,40.6179,41.5841,42.6483,43.826,45.136,46.6024,48.2555,50.1347,52.2919,54.7971,57.746,61.2714,65.5595,70.8698,77.5504,86.0188,96.6156,109.147,121.982,131.412,133.362,127.332,117.039,106.521,97.7324,90.9978,86.008,82.3507,79.6826,77.7541,76.392,75.4771,74.9261,74.6789,74.69,74.9232,75.3481,75.9377,76.6673,77.5136,78.4543,79.4676,80.5322,81.6275,82.7337,83.8314,84.9024,85.9294,86.8958,87.7864,88.5863,89.2816,89.8588,90.3048,90.6068,90.7524,90.7323,90.5331,90.1454,89.5621,88.7786,87.7936,86.6101,85.2347,83.6784,81.9559,80.0855,78.0875,
 ,-22,129.154,131.102,132.768,134.126,135.155,135.841,136.171,136.143,135.759,135.027,133.961,132.58,130.909,128.975,126.807,124.435,121.893,119.21,116.418,113.545,110.617,107.659,104.693,101.736,98.8074,95.9195,93.0847,90.3126,87.6109,84.9857,82.4414,79.9812,77.6071,75.3201,73.1204,71.0075,68.9802,67.0372,65.1764,63.3957,61.6926,60.0647,58.5094,57.0238,55.6054,54.2515,52.9594,51.7267,50.5509,49.4296,48.3605,47.3414,46.3705,45.4455,44.5648,43.7267,42.9294,42.1715,41.4514,40.768,40.1198,39.5058,38.9247,38.3756,37.8575,37.3694,36.9106,36.4803,36.0776,35.702,35.3528,35.0294,34.7313,34.4581,34.2093,33.9845,33.7834,33.6057,33.4511,33.3194,33.2105,33.1243,33.0605,33.0192,33.0003,33.004,33.0301,33.0788,33.1503,33.2446,33.3619,33.5024,33.6665,33.8542,34.0659,34.3019,34.5625,34.848,35.1588,35.4951,35.8574,36.246,36.6613,37.1036,37.5733,38.0708,38.5964,39.1505,39.7333,40.3452,40.9864,41.6571,42.3574,43.0871,43.8463,44.6344,45.451,46.2951,47.1654,48.0604,48.9778,49.9149,50.8683,51.8337,52.8062,53.78,54.7484,55.7037,56.6376,57.5408,58.4036,59.2157,59.9667,60.6463,61.2448,61.7529,62.163,62.4684,62.6644,62.7482,62.7191,62.5782,62.3288,61.9759,61.5261,60.9872,60.3679,59.6776,58.9259,58.1224,57.2766,56.3974,55.493,54.571,53.6385,52.7014,51.7652,50.8344,49.9131,49.0045,48.1115,47.2363,46.3808,45.5466,44.7348,43.9463,43.1819,42.4419,41.7267,41.0365,40.3715,39.7315,39.1165,38.5263,37.9607,37.4195,36.9022,36.4086,35.9383,35.4909,35.0659,34.6629,34.2813,33.9208,33.5809,33.2609,32.9605,32.6792,32.4164,32.1718,31.9448,31.7352,31.5424,31.3663,31.2066,31.063,30.9354,30.8239,30.7283,30.6487,30.5852,30.5381,30.5076,30.4939,30.4973,30.5183,30.5571,30.6141,30.6898,30.7845,30.8986,31.0325,31.1865,31.3611,31.5566,31.7736,32.0126,32.2741,32.5588,32.8676,33.2015,33.5618,33.95,34.3677,34.8172,35.3009,35.8218,36.3832,36.9892,37.6443,38.354,39.1246,39.9634,40.8792,41.8826,42.986,44.2051,45.5585,47.0698,48.7687,50.6929,52.8915,55.4289,58.3907,61.8923,66.0884,71.1831,77.4295,85.0905,94.2949,104.685,114.861,122.179,124.009,120.034,112.592,104.463,97.2417,91.3947,86.8385,83.3358,80.6574,78.6242,77.1066,76.0123,75.2744,74.843,74.6786,74.7489,75.0258,75.4841,76.1005,76.8533,77.7214,78.685,79.7245,80.821,81.9563,83.1126,84.2725,85.4189,86.535,87.604,88.609,89.5326,90.3571,91.0641,91.6347,92.0501,92.2937,92.3453,92.1886,91.8102,91.2002,90.3535,89.2702,87.9564,86.4233,84.688,82.772,80.7001,
 ,-23,130.725,132.676,134.328,135.657,136.64,137.263,137.518,137.401,136.918,136.079,134.902,133.408,131.625,129.58,127.307,124.837,122.203,119.438,116.571,113.631,110.646,107.637,104.628,101.635,98.6757,95.7629,92.9078,90.1196,87.4053,84.7705,82.2193,79.7542,77.3771,75.0885,72.8884,70.776,68.7501,66.809,64.9507,63.1728,61.4728,59.8483,58.2965,56.8146,55.4001,54.0502,52.7622,51.5337,50.3621,49.245,48.1803,47.1656,46.199,45.2785,44.4021,43.5683,42.7753,42.0215,41.3056,40.6261,39.9819,39.3716,38.7941,38.2484,37.7336,37.2486,36.7927,36.3651,35.9649,35.5916,35.2445,34.923,34.6266,34.3548,34.1072,33.8834,33.6831,33.5059,33.3516,33.22,33.1108,33.024,32.9595,32.9171,32.8969,32.8988,32.9228,32.9691,33.0377,33.1287,33.2423,33.3786,33.5378,33.7201,33.9257,34.1547,34.4075,34.6843,34.9852,35.3105,35.6603,36.0349,36.4345,36.8593,37.3093,37.7848,38.2857,38.8122,39.3644,39.9421,40.5453,41.174,41.8278,42.5064,43.2094,43.9361,44.6857,45.4571,46.2489,47.0594,47.8864,48.7271,49.5784,50.4366,51.297,52.1547,53.0037,53.8376,54.6492,55.4309,56.1745,56.8716,57.5137,58.0925,58.6002,59.0293,59.3737,59.6281,59.7888,59.8535,59.8216,59.6939,59.4731,59.1631,58.769,58.2971,57.7545,57.1488,56.4877,55.7794,55.0315,54.2516,53.447,52.6241,51.789,50.9471,50.1034,49.262,48.4267,47.6007,46.7866,45.9868,45.2032,44.4373,43.6905,42.9637,42.2579,41.5735,40.9112,40.2711,39.6537,39.0589,38.4868,37.9373,37.4105,36.906,36.4237,35.9634,35.5247,35.1074,34.711,34.3351,33.9794,33.6435,33.3268,33.0288,32.7493,32.4875,32.2432,32.0157,31.8048,31.61,31.4309,31.2673,31.1188,30.9854,30.8668,30.763,30.6741,30.6001,30.5413,30.4979,30.4702,30.4585,30.4633,30.485,30.524,30.5809,30.6561,30.7503,30.8638,30.9972,31.1511,31.326,31.5225,31.7412,31.9828,32.2481,32.538,32.8534,33.1956,33.566,33.9661,34.3977,34.8632,35.365,35.9061,36.4898,37.1202,37.8018,38.5399,39.3408,40.2119,41.1619,42.2011,43.3423,44.6004,45.9941,47.5462,49.285,51.246,53.474,56.0257,58.974,62.4113,66.454,71.2412,76.9215,83.6047,91.242,99.4046,107.03,112.472,114.263,112.213,107.555,101.927,96.4738,91.6971,87.702,84.4286,81.7765,79.6522,77.981,76.7046,75.7771,75.1609,74.824,74.7379,74.8769,75.2172,75.7366,76.4143,77.2303,78.1659,79.203,80.324,81.5119,82.75,84.0216,85.3098,86.5972,87.8658,89.0963,90.268,91.3589,92.3453,93.202,93.9031,94.4245,94.738,94.8198,94.6492,94.2105,93.4936,92.4962,91.2231,89.6869,87.9076,85.9107,83.7269,
 ,-24,132.6,134.579,136.24,137.559,138.512,139.086,139.273,139.071,138.488,137.538,136.24,134.62,132.707,130.534,128.135,125.544,122.796,119.924,116.959,113.931,110.865,107.786,104.714,101.667,98.6615,95.7089,92.8201,90.0037,87.2662,84.6123,82.0456,79.5684,77.1817,74.8859,72.6805,70.5646,68.5365,66.5942,64.7357,62.9584,61.2597,59.637,58.0874,56.6082,55.1967,53.85,52.5655,51.3406,50.1728,49.0596,47.9989,46.9883,46.0259,45.1095,44.2373,43.4076,42.6188,41.8691,41.1572,40.4816,39.8411,39.2345,38.6606,38.1183,37.6067,37.1248,36.6718,36.2469,35.8493,35.4783,35.1333,34.8137,34.5191,34.2488,34.0025,33.7798,33.5803,33.4038,33.2499,33.1185,33.0093,32.9222,32.857,32.8138,32.7925,32.793,32.8153,32.8596,32.9258,33.014,33.1244,33.2571,33.4121,33.5897,33.79,34.0131,34.2591,34.5282,34.8205,35.1361,35.4751,35.8374,36.2232,36.6324,37.0649,37.5206,37.9994,38.5011,39.0255,39.5722,40.1409,40.7313,41.3427,41.9746,42.6263,43.2969,43.9855,44.6906,45.411,46.1447,46.8897,47.6435,48.4031,49.165,49.9254,50.6799,51.4233,52.1502,52.8545,53.5299,54.1697,54.767,55.3148,55.8064,56.2354,56.5961,56.8832,57.0928,57.2218,57.2683,57.2319,57.1132,56.9142,56.6381,56.289,55.8719,55.3925,54.8571,54.272,53.6439,52.9793,52.2846,51.5659,50.8289,50.0789,49.3207,48.5586,47.7967,47.0383,46.2864,45.5435,44.8121,44.0938,43.3905,42.7033,42.0334,41.3818,40.7491,40.1359,39.5428,38.9699,38.4176,37.886,37.3751,36.885,36.4156,35.9667,35.5383,35.1301,34.7418,34.3731,34.0237,33.6933,33.3814,33.0876,32.8114,32.5524,32.3102,32.0842,31.874,31.6791,31.4992,31.3338,31.1827,31.0455,30.9221,30.8124,30.7164,30.634,30.5656,30.5112,30.4713,30.4462,30.4364,30.4423,30.4646,30.5037,30.5605,30.6353,30.729,30.8422,30.9755,31.1297,31.3054,31.5033,31.7244,31.9694,32.2392,32.535,32.8578,33.209,33.59,34.0027,34.4488,34.9308,35.4512,36.0128,36.6192,37.2742,37.9824,38.749,39.5803,40.4835,41.4672,42.5417,43.7194,45.0153,46.4473,48.0375,49.8129,51.8062,54.0578,56.6169,59.5429,62.9065,66.7881,71.2702,76.4185,82.2364,88.5835,95.0597,100.923,105.199,107.092,106.459,103.879,100.234,96.2683,92.4298,88.9275,85.836,83.1694,80.9173,79.0608,77.5771,76.442,75.63,75.1158,74.8742,74.8808,75.1126,75.5476,76.1654,76.9465,77.873,78.9276,80.094,81.3561,82.6982,84.104,85.557,87.0392,88.5312,90.0116,91.4566,92.8395,94.131,95.2994,96.3108,97.1326,97.7279,98.0635,98.1107,97.8462,97.2549,96.3308,95.0781,93.511,91.6533,89.5364,87.198,
 ,-25,134.737,136.764,138.454,139.78,140.718,141.253,141.378,141.094,140.409,139.342,137.914,136.156,134.099,131.78,129.236,126.505,123.622,120.623,117.541,114.405,111.241,108.074,104.924,101.809,98.7423,95.7377,92.8042,89.9497,87.18,84.4992,81.9102,79.4146,77.0132,74.7056,72.491,70.3679,68.3346,66.3887,64.5279,62.7494,61.0505,59.4284,57.8801,56.4027,54.9934,53.6493,52.3678,51.1461,49.9818,48.8723,47.8154,46.8087,45.8502,44.9379,44.0698,43.2442,42.4594,41.7137,41.0057,40.334,39.6973,39.0943,38.5239,37.985,37.4767,36.9979,36.5478,36.1256,35.7305,35.3619,35.0191,34.7016,34.4087,34.1401,33.8952,33.6737,33.4752,33.2994,33.1461,33.015,32.906,32.8188,32.7533,32.7096,32.6874,32.6869,32.7079,32.7505,32.8148,32.9008,33.0086,33.1382,33.2899,33.4636,33.6595,33.8776,34.118,34.3808,34.6659,34.9733,35.303,35.6549,36.0288,36.4245,36.8418,37.2803,37.7396,38.2194,38.7191,39.2381,39.7759,40.3317,40.9049,41.4944,42.0995,42.7191,43.352,43.9968,44.6521,45.3161,45.9867,46.6617,47.3383,48.0137,48.6843,49.3464,49.9956,50.6275,51.2368,51.8185,52.367,52.8766,53.3418,53.7571,54.1173,54.4178,54.6545,54.824,54.9241,54.9532,54.9108,54.7975,54.6149,54.3655,54.0527,53.6803,53.2532,52.7763,52.2551,51.6949,51.1012,50.4796,49.8351,49.1727,48.497,47.8124,47.1226,46.4313,45.7415,45.0562,44.3777,43.7081,43.0494,42.4032,41.7708,41.1533,40.5518,39.9671,39.3997,38.8503,38.3193,37.8069,37.3135,36.8392,36.384,35.948,35.5312,35.1334,34.7545,34.3943,34.0526,33.7291,33.4234,33.1352,32.864,32.6095,32.371,32.1483,31.9407,31.7478,31.5692,31.4043,31.2527,31.1141,30.9883,30.875,30.7741,30.6857,30.6098,30.5466,30.4964,30.4597,30.4368,30.4285,30.4353,30.4578,30.4969,30.5532,30.6276,30.7208,30.8337,30.967,31.1216,31.2984,31.4982,31.722,31.9709,32.2458,32.548,32.8788,33.2396,33.632,34.0579,34.5193,35.0184,35.5579,36.1408,36.7705,37.4507,38.1861,38.9818,39.8438,40.7794,41.797,42.9068,44.1209,45.4539,46.9234,48.5509,50.3618,52.3869,54.6627,57.232,60.1439,63.4519,67.2097,71.4613,76.2209,81.4387,86.9508,92.4262,97.3543,101.135,103.287,103.661,102.48,100.189,97.2536,94.0458,90.8256,87.7634,84.9665,82.498,80.3895,78.6501,77.2737,76.2445,75.5413,75.14,75.0161,75.1457,75.5062,76.0765,76.8375,77.7713,78.8614,80.0922,81.4487,82.9159,84.4784,86.1197,87.8217,89.5637,91.3223,93.0704,94.7768,96.4064,97.9199,99.2748,100.429,101.334,101.947,102.229,102.148,101.682,100.82,99.5673,97.9392,95.965,93.6839,91.1424,
 ,-26,137.087,139.182,140.918,142.266,143.2,143.705,143.774,143.408,142.62,141.43,139.864,137.955,135.741,133.262,130.557,127.668,124.634,121.492,118.276,115.016,111.739,108.47,105.229,102.033,98.896,95.8294,92.8425,89.942,87.1331,84.4192,81.8025,79.2838,76.8634,74.5403,72.3134,70.1806,68.1398,66.1884,64.3237,62.5427,60.8425,59.22,57.6722,56.1959,54.7884,53.4466,52.1677,50.9491,49.7881,48.6821,47.6289,46.626,45.6715,44.7631,43.899,43.0775,42.2966,41.5549,40.8509,40.1831,39.5501,38.9508,38.3839,37.8484,37.3434,36.8677,36.4205,36.0011,35.6087,35.2425,34.902,34.5865,34.2955,34.0286,33.7852,33.565,33.3677,33.1929,33.0403,32.9098,32.801,32.714,32.6485,32.6044,32.5818,32.5806,32.6006,32.6421,32.705,32.7893,32.8951,33.0225,33.1716,33.3423,33.5348,33.749,33.985,34.2428,34.5222,34.8231,35.1454,35.4887,35.8529,36.2375,36.6421,37.066,37.5088,37.9697,38.4479,38.9427,39.4531,39.9783,40.5172,41.0687,41.6317,42.205,42.7873,43.3773,43.9732,44.5736,45.1765,45.7798,46.3812,46.978,47.5674,48.1462,48.7108,49.2574,49.7819,50.28,50.7473,51.1791,51.571,51.9186,52.2177,52.4647,52.6561,52.7895,52.8628,52.8748,52.8253,52.7146,52.5439,52.3153,52.0315,51.6958,51.3118,50.8839,50.4163,49.9137,49.3806,48.8217,48.2413,47.6439,47.0333,46.4133,45.7875,45.159,44.5306,43.9051,43.2846,42.6712,42.0667,41.4727,40.8905,40.3214,39.7662,39.2259,38.7012,38.1927,37.7009,37.2261,36.7688,36.329,35.9071,35.503,35.1169,34.7486,34.3981,34.0653,33.7499,33.4517,33.1704,32.9056,32.6569,32.424,32.2062,32.0031,31.8141,31.6388,31.4765,31.3269,31.1894,31.0636,30.9492,30.846,30.7539,30.673,30.6032,30.545,30.4986,30.4646,30.4436,30.4363,30.4433,30.4657,30.5042,30.5597,30.6333,30.7257,30.8381,30.9713,31.1264,31.3043,31.5062,31.7331,31.9861,32.2666,32.5758,32.9151,33.2861,33.6905,34.1303,34.6076,35.1247,35.6843,36.2893,36.9432,37.6497,38.4133,39.2391,40.1329,41.1018,42.1542,43.2998,44.5507,45.9212,47.4285,49.0936,50.9411,53.0006,55.306,57.8966,60.8149,64.1045,67.8047,71.9398,76.5027,81.4292,86.5678,91.6545,96.3171,100.131,102.727,103.902,103.668,102.219,99.8518,96.896,93.6569,90.3883,87.2799,84.4588,81.9989,79.9336,78.2688,76.9925,76.083,75.5143,75.2591,75.2907,75.5845,76.1183,76.872,77.8278,78.9694,80.2821,81.7518,83.3645,85.1057,86.9594,88.9073,90.9281,92.9963,95.0819,97.149,99.1561,101.056,102.796,104.323,105.576,106.5,107.041,107.158,106.82,106.012,104.737,103.015,100.881,98.3855,95.5858,
 ,-27,139.598,141.777,143.576,144.958,145.899,146.381,146.397,145.951,145.057,143.738,142.026,139.958,137.575,134.921,132.043,128.983,125.784,122.485,119.122,115.726,112.325,108.944,105.602,102.316,99.0998,95.9641,92.9171,89.9649,87.1117,84.3602,81.7117,79.1666,76.7241,74.3831,72.1416,69.9973,67.9474,65.9892,64.1195,62.3351,60.6328,59.0093,57.4615,55.9861,54.5801,53.2403,51.964,50.7483,49.5905,48.488,47.4384,46.4394,45.4887,44.5844,43.7244,42.9069,42.1301,41.3924,40.6924,40.0284,39.3993,38.8036,38.2404,37.7084,37.2066,36.7341,36.29,35.8734,35.4837,35.12,34.7818,34.4685,34.1796,33.9144,33.6727,33.454,33.2579,33.0842,32.9326,32.8027,32.6946,32.6079,32.5426,32.4986,32.4758,32.4742,32.4938,32.5346,32.5966,32.6798,32.7844,32.9103,33.0575,33.2262,33.4164,33.6279,33.8609,34.1151,34.3904,34.6866,35.0034,35.3404,35.6972,36.0732,36.4677,36.88,37.3093,37.7546,38.2148,38.6889,39.1758,39.6742,40.1829,40.7006,41.2259,41.7575,42.294,42.834,43.376,43.9182,44.4592,44.9969,45.5294,46.0545,46.5698,47.0727,47.5604,48.0297,48.4774,48.9001,49.2942,49.6561,49.9821,50.2688,50.513,50.7115,50.8618,50.9618,51.01,51.0053,50.9475,50.8369,50.6745,50.4619,50.2012,49.8952,49.547,49.1598,48.7375,48.2838,47.8025,47.2976,46.7728,46.2318,45.6783,45.1153,44.5461,43.9734,43.4,42.8282,42.26,41.6976,41.1424,40.5962,40.0601,39.5354,39.0231,38.5241,38.0391,37.5688,37.1138,36.6744,36.2511,35.8442,35.4539,35.0804,34.7237,34.3839,34.061,33.7547,33.4651,33.1919,32.9347,32.6933,32.4671,32.2559,32.059,31.8758,31.7058,31.5485,31.4031,31.2691,31.1459,31.0332,30.9305,30.8375,30.7542,30.6806,30.6167,30.5631,30.52,30.4881,30.4683,30.4612,30.4679,30.4893,30.5266,30.5807,30.6528,30.744,30.8554,30.9882,31.1436,31.3226,31.5266,31.7566,32.0141,32.3004,32.6169,32.9652,33.347,33.7642,34.2187,34.7127,35.2488,35.8295,36.458,37.1374,37.8716,38.6649,39.5223,40.4496,41.4534,42.5419,43.7248,45.0138,46.4228,47.9692,49.6733,51.56,53.6581,56.0017,58.6286,61.5801,64.8977,68.6178,72.7629,77.3269,82.2566,87.4287,92.632,97.5639,101.856,105.133,107.088,107.561,106.581,104.362,101.247,97.6223,93.8436,90.1862,86.8358,83.8985,81.4213,79.4114,77.8528,76.7174,75.972,75.5835,75.5204,75.7547,76.2614,77.0192,78.01,79.2177,80.6283,82.2287,84.0063,85.9476,88.0375,90.2583,92.5881,95,97.461,99.9307,102.361,104.696,106.872,108.821,110.47,111.745,112.579,112.915,112.713,111.951,110.631,108.778,106.436,103.668,100.547,
 ,-28,142.213,144.491,146.363,147.791,148.747,149.212,149.179,148.653,147.651,146.2,144.335,142.098,139.537,136.7,133.637,130.396,127.022,123.556,120.037,116.496,112.964,109.462,106.013,102.632,99.3311,96.1215,93.0103,90.0026,87.1018,84.3099,81.6272,79.0534,76.5872,74.2267,71.9693,69.8123,67.7526,65.7868,63.9115,62.1232,60.4185,58.7939,57.2459,55.7712,54.3667,53.0289,51.7551,50.5424,49.3878,48.2889,47.243,46.248,45.3014,44.4011,43.5453,42.732,41.9593,41.2258,40.5298,39.8698,39.2446,38.6527,38.0931,37.5646,37.0662,36.597,36.156,35.7424,35.3555,34.9944,34.6587,34.3477,34.0608,33.7976,33.5577,33.3405,33.1459,32.9735,32.8229,32.694,32.5867,32.5007,32.4359,32.3922,32.3696,32.3681,32.3876,32.4282,32.4898,32.5726,32.6766,32.8018,32.9482,33.1159,33.3048,33.515,33.7462,33.9985,34.2714,34.5649,34.8784,35.2114,35.5633,35.9334,36.3209,36.7248,37.1439,37.5771,38.023,38.4803,38.9475,39.4232,39.9059,40.3939,40.8858,41.3801,41.8753,42.3699,42.8625,43.3515,43.8354,44.3126,44.7816,45.2405,45.6875,46.1206,46.5374,46.9358,47.3131,47.6668,47.994,48.292,48.5579,48.7891,48.9829,49.137,49.2493,49.3181,49.3422,49.3209,49.2538,49.1412,48.9839,48.7832,48.5408,48.2589,47.94,47.587,47.2028,46.7906,46.3536,45.8952,45.4186,44.927,44.4234,43.9107,43.3916,42.8687,42.3445,41.8209,41.3001,40.7837,40.2735,39.7709,39.2772,38.7934,38.3208,37.86,37.4121,36.9775,36.557,36.151,35.76,35.3842,35.0241,34.6799,34.3515,34.0393,33.7431,33.463,33.1987,32.9502,32.717,32.499,32.2956,32.1063,31.9307,31.768,31.6175,31.4787,31.3508,31.233,31.1248,31.0256,30.9348,30.8523,30.7778,30.7113,30.653,30.6034,30.563,30.5325,30.5129,30.5052,30.5105,30.53,30.5651,30.6168,30.6867,30.7759,30.8858,31.0177,31.1729,31.3528,31.5586,31.7918,32.0537,32.346,32.6702,33.028,33.4212,33.8518,34.3219,34.8338,35.3899,35.9932,36.6465,37.3532,38.1171,38.9423,39.8335,40.7965,41.8376,42.9646,44.187,45.516,46.9655,48.5526,50.2979,52.2265,54.3683,56.7585,59.4373,62.4491,65.8404,69.6555,73.9287,78.6731,83.8635,89.4152,95.1594,100.823,106.025,110.297,113.165,114.266,113.486,111.013,107.288,102.849,98.1959,93.707,89.6218,86.0653,83.0824,80.6685,78.7927,77.4125,76.4825,75.9598,75.8059,75.9873,76.476,77.2487,78.2863,79.5732,81.096,82.8431,84.8034,86.965,89.3144,91.8346,94.5041,97.2951,100.172,103.09,105.994,108.819,111.488,113.92,116.02,117.697,118.865,119.449,119.395,118.672,117.283,115.257,112.652,109.547,106.035,
 ,-29,144.867,147.254,149.21,150.693,151.671,152.124,152.044,151.44,150.328,148.741,146.718,144.308,141.563,138.536,135.282,131.853,128.297,124.659,120.978,117.289,113.62,109.995,106.435,102.955,99.5674,96.2818,93.1043,90.0395,87.0898,84.2562,81.5383,78.9351,76.4445,74.0639,71.7903,69.6203,67.5504,65.5769,63.696,61.9039,60.1968,58.5711,57.0231,55.5493,54.1463,52.8108,51.5398,50.3301,49.1791,48.0839,47.0421,46.0511,45.1087,44.2128,43.3612,42.5522,41.7839,41.0546,40.3628,39.7069,39.0857,38.4978,37.9419,37.4171,36.9222,36.4563,36.0185,35.608,35.224,34.8656,34.5325,34.2239,33.9392,33.6781,33.4401,33.2247,33.0317,32.8607,32.7114,32.5837,32.4774,32.3923,32.3282,32.2852,32.2632,32.2622,32.2821,32.3229,32.3849,32.4679,32.572,32.6973,32.8438,33.0115,33.2005,33.4106,33.6417,33.8937,34.1663,34.4591,34.7715,35.1031,35.453,35.8203,36.204,36.6029,37.0155,37.4404,37.876,38.3206,38.7724,39.2296,39.6905,40.1532,40.616,41.0772,41.5353,41.9887,42.436,42.8758,43.3069,43.7279,44.1377,44.5348,44.9179,45.2857,45.6364,45.9686,46.2804,46.5698,46.8349,47.0736,47.2838,47.4633,47.6103,47.7229,47.7994,47.8386,47.8395,47.8013,47.7239,47.6075,47.4527,47.2604,47.0322,46.7696,46.4749,46.1502,45.798,45.4211,45.0221,44.6039,44.1691,43.7205,43.2608,42.7924,42.3178,41.8393,41.359,40.8789,40.4008,39.9264,39.4571,38.9943,38.5394,38.0935,37.6574,37.2323,36.8188,36.4177,36.0296,35.655,35.2945,34.9485,34.6172,34.301,34.0001,33.7146,33.4446,33.1901,32.9509,32.7269,32.5179,32.3234,32.1432,31.9764,31.8227,31.6812,31.5512,31.4318,31.3222,31.2215,31.1289,31.0438,30.9655,30.8936,30.8279,30.7684,30.7153,30.6691,30.6305,30.6004,30.58,30.5704,30.5731,30.5894,30.621,30.6692,30.7357,30.8219,30.9294,31.0597,31.2141,31.3943,31.6016,31.8378,32.1042,32.4026,32.7348,33.1024,33.5076,33.9523,34.4389,34.9698,35.5475,36.175,36.8551,37.5913,38.3873,39.2471,40.1752,41.177,42.2587,43.4275,44.6924,46.0643,47.5569,49.1871,50.9757,52.9489,55.1381,57.5815,60.3242,63.4178,66.9198,70.8907,75.3884,80.4589,86.1203,92.338,98.9886,105.814,112.378,118.053,122.1,123.873,123.08,119.94,115.096,109.35,103.413,97.7845,92.7498,88.4331,84.8566,81.987,79.7659,78.1278,77.0097,76.3552,76.116,76.2523,76.732,77.5295,78.6248,80.0024,81.6501,83.5579,85.7168,88.117,90.7471,93.592,96.631,99.8362,103.17,106.584,110.017,113.391,116.619,119.598,122.215,124.355,125.906,126.773,126.882,126.194,124.709,122.464,119.534,116.019,112.037,
 ,-30,147.49,149.994,152.04,153.584,154.589,155.034,154.911,154.228,153.008,151.284,149.102,146.516,143.583,140.364,136.916,133.297,129.559,125.747,121.904,118.064,114.258,110.51,106.839,103.26,99.7864,96.425,93.1818,90.0603,87.0621,84.1872,81.4347,78.8024,76.2879,73.8877,71.5983,69.4159,67.3363,65.3555,63.4694,61.6739,59.9649,58.3385,56.7909,55.3184,53.9174,52.5846,51.3166,50.1105,48.9633,47.8722,46.8345,45.848,44.91,44.0186,43.1717,42.3672,41.6034,40.8785,40.1911,39.5395,38.9224,38.3385,37.7866,37.2656,36.7744,36.312,35.8775,35.4702,35.0891,34.7337,34.4032,34.0971,33.8149,33.556,33.32,33.1066,32.9153,32.7459,32.5982,32.4718,32.3667,32.2828,32.2198,32.1778,32.1567,32.1566,32.1773,32.219,32.2818,32.3657,32.4707,32.597,32.7446,32.9135,33.1038,33.3153,33.5479,33.8015,34.0758,34.3702,34.6843,35.0172,35.3682,35.736,36.1195,36.5172,36.9274,37.3483,37.778,38.2143,38.6553,39.0986,39.5422,39.9839,40.4219,40.8542,41.2791,41.6951,42.1009,42.4951,42.8767,43.2448,43.5986,43.9371,44.2596,44.5653,44.8533,45.1227,45.3722,45.6008,45.8071,45.9897,46.1472,46.2779,46.3806,46.4537,46.496,46.5066,46.4845,46.4292,46.3406,46.2187,46.064,45.8773,45.6596,45.4123,45.1372,44.8361,44.5109,44.164,43.7975,43.4139,43.0154,42.6044,42.1832,41.754,41.319,40.88,40.4392,39.9982,39.5586,39.1222,38.6902,38.264,37.8447,37.4336,37.0315,36.6393,36.258,35.8882,35.5305,35.1857,34.8542,34.5364,34.2327,33.9436,33.6692,33.4098,33.1654,32.9361,32.7219,32.5226,32.3379,32.1675,32.0109,31.8675,31.7366,31.6174,31.5088,31.4101,31.32,31.2375,31.1616,31.0915,31.0263,30.9654,30.9087,30.8559,30.8075,30.764,30.7261,30.6952,30.6724,30.6594,30.6578,30.6693,30.6958,30.7389,30.8006,30.8826,30.9865,31.1141,31.2669,31.4468,31.6552,31.8939,32.1647,32.4692,32.8095,33.1874,33.6051,34.0648,34.569,35.1202,35.7211,36.3746,37.084,37.8524,38.6836,39.5815,40.5504,41.5953,42.7219,43.9369,45.2487,46.6675,48.2066,49.8825,51.7165,53.7356,55.9738,58.473,61.285,64.4717,68.1058,72.2704,77.0558,82.5523,88.8355,95.9369,103.794,112.17,120.558,128.109,133.709,136.284,135.295,131.045,124.529,116.952,109.315,102.252,96.0767,90.8846,86.6502,83.2923,80.7128,78.8149,77.5128,76.7337,76.4182,76.5191,76.9995,77.8313,78.9939,80.4722,82.2552,84.3351,86.7055,89.3595,92.2887,95.4805,98.9162,102.569,106.399,110.356,114.371,118.357,122.211,125.81,129.016,131.686,133.678,134.868,135.16,134.503,132.894,130.381,127.058,123.054,118.518,
 ,-31,150.006,152.629,154.77,156.378,157.414,157.854,157.69,156.932,155.603,153.744,151.405,148.645,145.527,142.117,138.479,134.672,130.754,126.772,122.769,118.784,114.844,110.976,107.197,103.524,99.9663,96.532,93.2257,90.05,87.0055,84.0915,81.3061,78.6467,76.1097,73.6914,71.3875,69.1937,67.1056,65.1186,63.2283,61.4302,59.7201,58.0939,56.5473,55.0767,53.6784,52.3487,51.0844,49.8823,48.7393,47.6527,46.6197,45.6379,44.7048,43.8183,42.9761,42.1764,41.4174,40.6972,40.0143,39.3673,38.7545,38.1749,37.6271,37.11,36.6226,36.1638,35.7328,35.3288,34.9509,34.5985,34.2708,33.9674,33.6877,33.4312,33.1974,32.986,32.7967,32.6291,32.4831,32.3584,32.2548,32.1722,32.1106,32.07,32.0502,32.0513,32.0734,32.1165,32.1807,32.2661,32.3729,32.5011,32.6508,32.8221,33.015,33.2295,33.4654,33.7226,34.0007,34.2993,34.6177,34.9552,35.3106,35.6827,36.0701,36.471,36.8833,37.305,37.7337,38.1668,38.6018,39.0362,39.4673,39.8928,40.3103,40.7178,41.1134,41.4955,41.8629,42.2144,42.5492,42.8668,43.1668,43.4488,43.7126,43.9582,44.1854,44.3938,44.5831,44.7529,44.9024,45.031,45.1376,45.2213,45.2812,45.3161,45.3251,45.3075,45.2624,45.1896,45.0887,44.9598,44.8032,44.6194,44.4093,44.1739,43.9146,43.6329,43.3304,43.0089,42.6702,42.3165,41.9496,41.5715,41.1842,40.7897,40.3897,39.9861,39.5806,39.1748,38.7701,38.3682,37.9702,37.5774,37.1909,36.8118,36.4412,36.0797,35.7284,35.3879,35.0589,34.7421,34.4381,34.1473,33.8702,33.6071,33.3585,33.1246,32.9055,32.7013,32.512,32.3375,32.1776,32.0319,31.8999,31.7809,31.6741,31.5785,31.493,31.4164,31.3474,31.2847,31.227,31.173,31.1218,31.0726,31.025,30.9788,30.9345,30.8925,30.8541,30.8206,30.7937,30.7753,30.7673,30.7719,30.7912,30.8274,30.8825,30.9585,31.0574,31.181,31.3312,31.5098,31.7186,31.9595,32.2342,32.5448,32.8933,33.2818,33.7126,34.1882,34.7111,35.2841,35.91,36.592,37.3333,38.1373,39.0076,39.948,40.9627,42.0561,43.2334,44.5006,45.8651,47.3364,48.9266,50.6516,52.5328,54.598,56.8833,59.4353,62.3131,65.5903,69.3576,73.7241,78.8178,84.7815,91.7597,99.8674,109.124,119.339,129.938,139.814,147.352,150.896,149.554,143.772,135.065,125.196,115.52,106.81,99.375,93.2503,88.3374,84.491,81.5626,79.4188,77.9475,77.0582,76.6797,76.7568,77.2483,78.1238,79.3622,80.9489,82.875,85.1353,87.7264,90.6453,93.8873,97.4432,101.297,105.425,109.787,114.329,118.977,123.635,128.182,132.474,136.344,139.616,142.111,143.67,144.17,143.541,141.778,138.943,135.156,130.58,125.404,
 ,-32,152.333,155.075,157.31,158.982,160.051,160.488,160.286,159.456,158.024,156.035,153.544,150.616,147.32,143.727,139.905,135.92,131.83,127.686,123.533,119.409,115.344,111.363,107.484,103.722,100.086,96.5845,93.2199,89.9943,86.9076,83.9581,81.1432,78.4593,75.9025,73.4684,71.1521,68.949,66.854,64.8624,62.9693,61.17,59.4599,57.8348,56.2904,54.8226,53.4276,52.1019,50.8419,49.6444,48.5064,47.4247,46.3969,45.4203,44.4924,43.6111,42.7741,41.9796,41.2256,40.5104,39.8324,39.19,38.5819,38.0066,37.4631,36.9502,36.4667,36.0118,35.5844,35.1839,34.8093,34.46,34.1353,33.8348,33.5577,33.3037,33.0723,32.8632,32.676,32.5104,32.3663,32.2433,32.1415,32.0606,32.0007,31.9617,31.9435,31.9464,31.9703,32.0153,32.0816,32.1693,32.2786,32.4096,32.5625,32.7374,32.9344,33.1534,33.3945,33.6574,33.9419,34.2474,34.5733,34.9187,35.2824,35.663,36.0588,36.4677,36.8875,37.3153,37.7486,38.1841,38.6189,39.0498,39.4738,39.8879,40.2896,40.6765,41.0465,41.3979,41.7296,42.0407,42.3305,42.5991,42.8463,43.0726,43.2785,43.4646,43.6313,43.7794,43.9091,44.0207,44.1142,44.1894,44.246,44.2835,44.3012,44.2984,44.2745,44.2287,44.1605,44.0695,43.9553,43.818,43.6576,43.4745,43.2693,43.0429,42.7962,42.5303,42.2467,41.9467,41.6319,41.3039,40.9645,40.6152,40.2577,39.8938,39.5251,39.153,38.7792,38.4051,38.0321,37.6615,37.2945,36.9323,36.5759,36.2265,35.8849,35.552,35.2287,34.9157,34.6137,34.3235,34.0456,33.7806,33.529,33.2912,33.0677,32.8588,32.6646,32.4855,32.3214,32.1722,32.0377,31.9176,31.8114,31.7182,31.6371,31.567,31.5065,31.4542,31.4085,31.3676,31.3298,31.2936,31.2577,31.221,31.1829,31.1431,31.102,31.0605,31.0198,30.9816,30.9482,30.9217,30.9047,30.8998,30.9094,30.9361,30.9824,31.0504,31.1424,31.2605,31.4067,31.583,31.7913,32.0336,32.312,32.6284,32.9852,33.3846,33.8292,34.3214,34.8643,35.4607,36.1138,36.8269,37.6034,38.4469,39.361,40.3495,41.4161,42.5651,43.8007,45.1281,46.5534,48.0845,49.732,51.5109,53.4413,55.5513,57.8788,60.4743,63.4042,66.7538,70.6316,75.1736,80.5465,86.9479,94.5966,103.701,114.383,126.52,139.499,151.937,161.651,166.27,164.47,156.882,145.676,133.277,121.431,111.028,102.341,95.3178,89.7695,85.4774,82.2388,79.8819,78.269,77.2919,76.8681,76.9358,77.4496,78.3777,79.6986,81.3993,83.473,85.9178,88.7341,91.9234,95.4853,99.4155,103.702,108.324,113.243,118.403,123.727,129.108,134.409,139.461,144.067,148.012,151.073,153.048,153.781,153.178,151.233,148.023,143.701,138.474,132.574,
 ,-33,154.39,157.243,159.567,161.302,162.402,162.838,162.602,161.704,160.177,158.066,155.433,152.349,148.887,145.125,141.134,136.984,132.736,128.444,124.154,119.904,115.725,111.642,107.673,103.831,100.127,96.5651,93.1493,89.8802,86.7568,83.7767,80.9367,78.2325,75.6596,73.2129,70.8871,68.6771,66.5776,64.5834,62.6893,60.8904,59.1819,57.5593,56.0182,54.5543,53.1638,51.8429,50.5881,49.396,48.2634,47.1875,46.1654,45.1945,44.2723,43.3967,42.5653,41.7763,41.0277,40.3177,39.6449,39.0075,38.4042,37.8336,37.2946,36.786,36.3067,35.8558,35.4322,35.0353,34.6642,34.3182,33.9967,33.6991,33.4249,33.1735,32.9447,32.738,32.5531,32.3897,32.2476,32.1268,32.0269,31.948,31.89,31.8529,31.8368,31.8418,31.8679,31.9154,31.9844,32.0751,32.1877,32.3226,32.4798,32.6595,32.862,33.0874,33.3356,33.6065,33.8999,34.2153,34.5521,34.9093,35.2856,35.6795,36.0889,36.5115,36.9445,37.3848,37.8291,38.2736,38.7146,39.1483,39.571,39.9794,40.3702,40.7408,41.0888,41.4126,41.711,41.9832,42.229,42.4488,42.6432,42.8134,42.9605,43.0861,43.1915,43.2782,43.3474,43.4,43.437,43.4585,43.4648,43.4559,43.4314,43.3908,43.3337,43.2594,43.1675,43.0574,42.9289,42.7817,42.6159,42.4316,42.2291,42.009,41.772,41.519,41.2511,40.9692,40.6748,40.3691,40.0535,39.7294,39.3983,39.0615,38.7205,38.3767,38.0314,37.6859,37.3415,36.9994,36.6607,36.3265,35.9979,35.6758,35.3611,35.0548,34.7576,34.4704,34.1939,33.9289,33.6759,33.4356,33.2085,32.9953,32.7963,32.6121,32.4428,32.2888,32.1501,32.0268,31.9187,31.8254,31.7464,31.6808,31.6276,31.5854,31.5526,31.5273,31.5076,31.4912,31.476,31.4599,31.441,31.418,31.3898,31.3562,31.3174,31.2746,31.2294,31.1839,31.1409,31.1031,31.0737,31.0559,31.0526,31.0669,31.1015,31.159,31.242,31.3527,31.4932,31.6659,31.8726,32.1156,32.397,32.719,33.084,33.4945,33.9533,34.4633,35.0274,35.6491,36.3317,37.0788,37.8943,38.7819,39.7455,40.7887,41.9152,43.1286,44.4324,45.8306,47.3274,48.9288,50.6429,52.4822,54.4649,56.618,58.9797,61.6035,64.5613,67.9487,71.8904,76.5459,82.1164,88.8492,97.0318,106.963,118.866,132.705,147.851,162.68,174.456,180.09,177.814,168.456,154.856,140.097,126.283,114.388,104.629,96.8566,90.7914,86.1454,82.6665,80.1498,78.4351,77.4002,76.9537,77.0284,77.5764,78.5649,79.9734,81.7906,84.0127,86.6413,89.6814,93.1393,97.0203,101.325,106.048,111.17,116.658,122.456,128.481,134.62,140.719,146.585,151.988,156.666,160.349,162.785,163.774,163.198,161.045,157.413,152.493,146.543,139.849,
 ,-34,156.094,159.047,161.452,163.243,164.371,164.806,164.539,163.582,161.968,159.749,156.99,153.766,150.158,146.245,142.105,137.81,133.424,129.002,124.593,120.234,115.958,111.787,107.741,103.832,100.07,96.458,92.9999,89.6953,86.5424,83.5382,80.6787,77.9592,75.3745,72.9192,70.5875,68.3739,66.2727,64.2783,62.3855,60.589,58.8839,57.2654,55.729,54.2704,52.8856,51.5706,50.3219,49.136,48.0098,46.9403,45.9245,44.96,44.0441,43.1746,42.3493,41.5662,40.8233,40.119,39.4516,38.8195,38.2213,37.6557,37.1214,36.6174,36.1424,35.6957,35.2762,34.883,34.5156,34.1731,33.8549,33.5604,33.2892,33.0407,32.8145,32.6104,32.428,32.267,32.1272,32.0086,31.9109,31.8342,31.7785,31.7437,31.73,31.7374,31.7663,31.8167,31.889,31.9834,32.1003,32.2398,32.4024,32.5884,32.7979,33.0314,33.2887,33.5701,33.8753,34.2039,34.5553,34.9286,35.3223,35.7348,36.1639,36.6066,37.0599,37.5201,37.9829,38.444,38.8987,39.3425,39.7709,40.1796,40.565,40.9239,41.2537,41.5526,41.8194,42.0536,42.2555,42.4258,42.566,42.6779,42.7639,42.8263,42.8676,42.8903,42.8966,42.8881,42.8665,42.8328,42.7876,42.7312,42.6635,42.5844,42.4933,42.3899,42.2734,42.1434,41.9994,41.8412,41.6684,41.481,41.2792,41.0633,40.8336,40.5909,40.3358,40.0692,39.7922,39.5056,39.2108,38.9088,38.6008,38.2881,37.9718,37.6533,37.3336,37.0139,36.6955,36.3793,36.0664,35.7579,35.4548,35.1579,34.8683,34.5867,34.314,34.051,33.7986,33.5574,33.3281,33.1115,32.9082,32.7189,32.544,32.3841,32.2397,32.111,31.9984,31.9018,31.8212,31.7562,31.7063,31.6706,31.6479,31.6366,31.6348,31.6402,31.6502,31.662,31.6727,31.6797,31.6802,31.6725,31.655,31.6273,31.5897,31.5436,31.4909,31.4346,31.378,31.3247,31.2787,31.2437,31.2236,31.2216,31.2412,31.2853,31.3565,31.4575,31.5905,31.7579,31.9618,32.2044,32.4881,32.8152,33.1884,33.6102,34.0838,34.6123,35.199,35.8478,36.5625,37.3471,38.2059,39.1429,40.1625,41.2685,42.4645,43.7536,45.1384,46.6213,48.2045,49.8907,51.6846,53.5947,55.6355,57.8306,60.2169,62.8484,65.8007,69.1769,73.1132,77.7872,83.4255,90.3109,98.7812,109.202,121.878,136.844,153.479,169.998,183.258,189.615,186.96,176.273,160.918,144.47,129.285,116.379,105.912,97.656,91.2655,86.4027,82.7819,80.1759,78.4103,77.3541,76.9107,77.0103,77.604,78.6598,80.1586,82.0915,84.4583,87.2645,90.52,94.2367,98.4256,103.094,108.241,113.855,119.904,126.336,133.067,139.974,146.89,153.598,159.831,165.283,169.629,172.558,173.821,173.271,170.892,166.803,161.241,154.521,146.99,
 ,-35,157.369,160.405,162.876,164.713,165.865,166.3,166.006,164.998,163.312,161.001,158.136,154.796,151.065,147.027,142.764,138.349,133.85,129.323,124.816,120.37,116.014,111.775,107.668,103.707,99.8989,96.2493,92.7595,89.4288,86.2549,83.2341,80.362,77.6331,75.042,72.5827,70.2493,68.0356,65.9359,63.9444,62.0555,60.2637,58.564,56.9516,55.4215,53.9697,52.5918,51.2839,50.0424,48.8638,47.7449,46.6825,45.6738,44.7163,43.8072,42.9445,42.1257,41.349,40.6123,39.914,39.2524,38.6259,38.0331,37.4727,36.9435,36.4442,35.9739,35.5315,35.1162,34.7271,34.3635,34.0246,33.7099,33.4187,33.1506,32.9051,32.6819,32.4805,32.3007,32.1422,32.005,31.8888,31.7936,31.7193,31.666,31.6338,31.6228,31.6332,31.6652,31.7192,31.7953,31.8941,32.0159,32.1612,32.3303,32.5237,32.742,32.9853,33.2541,33.5485,33.8684,34.2138,34.584,34.9781,35.3947,35.8321,36.2876,36.7581,37.2399,37.7285,38.219,38.7058,39.1833,39.6458,40.0877,40.504,40.8902,41.2425,41.5579,41.8345,42.071,42.2673,42.4241,42.5428,42.6256,42.6756,42.6961,42.6908,42.6634,42.6176,42.5566,42.4833,42.3998,42.3079,42.2087,42.1028,41.9905,41.8714,41.7453,41.6115,41.4695,41.3185,41.158,40.9873,40.8061,40.6142,40.4113,40.1976,39.9731,39.7384,39.4938,39.24,38.9777,38.7077,38.4309,38.1483,37.8607,37.5693,37.2752,36.9792,36.6826,36.3863,36.0913,35.7987,35.5095,35.2246,34.9449,34.6714,34.4049,34.1464,33.8966,33.6564,33.4266,33.2081,33.0015,32.8077,32.6274,32.4613,32.3101,32.1745,32.0549,31.952,31.866,31.7971,31.7454,31.7106,31.6922,31.6892,31.7004,31.7239,31.7573,31.7979,31.8425,31.8873,31.9286,31.9627,31.9861,31.9959,31.9902,31.9683,31.9303,31.878,31.8142,31.7424,31.667,31.5928,31.5247,31.4673,31.4252,31.4025,31.403,31.4299,31.4863,31.5749,31.6981,31.8583,32.0579,32.299,32.5842,32.9159,33.2969,33.7301,34.2189,34.7668,35.3776,36.0554,36.8049,37.6305,38.5372,39.5299,40.6132,41.7915,43.0686,44.4474,45.9295,47.5156,49.205,50.9965,52.8897,54.8868,56.996,59.2352,61.6366,64.252,67.1579,70.4613,74.3053,78.877,84.4159,91.2208,99.6498,110.095,122.892,138.111,155.144,172.163,185.883,192.451,189.62,178.435,162.46,145.449,129.831,116.621,105.953,97.5675,91.0962,86.1861,82.541,79.9278,78.1689,77.1316,76.7189,76.8615,77.5119,78.6398,80.2287,82.2728,84.7756,87.7471,91.2022,95.1583,99.6327,104.639,110.183,116.258,122.84,129.876,137.283,144.934,152.649,160.187,167.249,173.48,178.498,181.931,183.476,182.954,180.341,175.782,169.564,162.064,153.693,
 ,-36,158.146,161.244,163.764,165.635,166.804,167.236,166.921,165.873,164.131,161.75,158.803,155.375,151.55,147.419,143.063,138.559,133.975,129.371,124.794,120.284,115.873,111.584,107.435,103.438,99.6009,95.927,92.4177,89.0718,85.8864,82.8576,79.9802,77.2487,74.6571,72.1991,69.8685,67.659,65.5646,63.5791,61.697,59.9125,58.2206,56.6161,55.0944,53.6509,52.2814,50.982,49.7489,48.5786,47.4679,46.4135,45.4128,44.4629,43.5614,42.706,41.8943,41.1244,40.3944,39.7026,39.0471,38.4266,37.8395,37.2846,36.7606,36.2664,35.8009,35.3632,34.9523,34.5674,34.2078,33.8727,33.5616,33.274,33.0092,32.7669,32.5466,32.3482,32.1712,32.0155,31.8809,31.7673,31.6747,31.6032,31.5526,31.5233,31.5153,31.529,31.5646,31.6225,31.7031,31.8069,31.9345,32.0863,32.2631,32.4654,32.6938,32.949,33.2314,33.5415,33.8795,34.2454,34.6389,35.0592,35.5049,35.9741,36.4642,36.9715,37.4915,38.019,38.548,39.0716,39.5828,40.0744,40.5396,40.9719,41.366,41.7173,42.0224,42.279,42.4861,42.6438,42.7531,42.8163,42.8368,42.8189,42.7672,42.6872,42.5841,42.4631,42.3286,42.1847,42.0344,41.8802,41.7235,41.5653,41.4058,41.2449,41.0821,40.9167,40.7479,40.5747,40.3964,40.2122,40.0214,39.8234,39.6179,39.4047,39.1837,38.9551,38.7189,38.4757,38.226,37.9702,37.7091,37.4434,37.1738,36.9014,36.6269,36.3513,36.0754,35.8002,35.5266,35.2555,34.9879,34.7246,34.4665,34.2146,33.9696,33.7326,33.5042,33.2854,33.0771,32.8801,32.6952,32.5233,32.3653,32.2219,32.0941,31.9826,31.8881,31.8113,31.7528,31.7128,31.6918,31.6894,31.7053,31.7385,31.7877,31.8507,31.9249,32.0067,32.0921,32.1763,32.2544,32.3212,32.3719,32.4026,32.4103,32.3938,32.3535,32.2915,32.2113,32.1179,32.0171,31.9149,31.8177,31.7312,31.6609,31.6119,31.5882,31.5937,31.6316,31.7046,31.8155,31.9664,32.1599,32.3982,32.6838,33.0194,33.4079,33.8525,34.3568,34.9249,35.5609,36.2699,37.0568,37.9273,38.887,39.9419,41.0976,42.3593,43.7314,45.217,46.817,48.5303,50.3528,52.2782,54.2989,56.4082,58.6043,60.8953,63.3049,65.8795,68.6931,71.8532,75.5054,79.8385,85.0913,91.5567,99.5799,109.531,121.717,136.182,152.323,168.394,181.299,187.432,184.697,174.071,158.883,142.656,127.693,114.98,104.671,96.54,90.2503,85.472,81.926,79.3911,77.6978,76.7199,76.3648,76.5674,77.2835,78.486,80.1617,82.3086,84.9338,88.0519,91.6827,95.8491,100.574,105.878,111.773,118.258,125.314,132.893,140.911,149.24,157.689,165.996,173.832,180.799,186.456,190.371,192.189,191.694,188.857,183.85,177.007,168.768,159.609,
 ,-37,158.373,161.506,164.054,165.944,167.12,167.548,167.217,166.142,164.362,161.935,158.936,155.451,151.568,147.377,142.963,138.405,133.771,129.12,124.502,119.956,115.514,111.199,107.029,103.015,99.1648,95.4815,91.9659,88.6166,85.4304,82.4028,79.5285,76.8017,74.216,71.7651,69.4424,67.2416,65.1563,63.1805,61.3082,59.5339,57.8522,56.2579,54.7465,53.3131,51.9537,50.6641,49.4407,48.2799,47.1784,46.1331,45.1411,44.1997,43.3064,42.4589,41.6549,40.8924,40.1695,39.4845,38.8356,38.2214,37.6404,37.0913,36.5729,36.084,35.6236,35.1907,34.7844,34.4039,34.0485,33.7175,33.4102,33.1262,32.8648,32.6259,32.4088,32.2134,32.0394,31.8866,31.7549,31.6441,31.5544,31.4857,31.4381,31.4119,31.4073,31.4245,31.4641,31.5264,31.612,31.7214,31.8555,32.0148,32.2003,32.4127,32.6529,32.9218,33.2202,33.5489,33.9084,34.299,34.7208,35.1731,35.6549,36.1641,36.6981,37.2526,37.8226,38.4018,38.9825,39.5566,40.115,40.6486,41.1487,41.6073,42.0178,42.3745,42.6737,42.9127,43.0906,43.2076,43.2656,43.2677,43.2185,43.124,42.9907,42.8261,42.6374,42.4316,42.2149,41.9926,41.7689,41.5466,41.3277,41.1133,40.9036,40.6984,40.497,40.2983,40.1013,39.9048,39.7076,39.5086,39.3069,39.1017,38.8923,38.6782,38.4591,38.2348,38.0054,37.771,37.5318,37.2882,37.0407,36.7899,36.5363,36.2808,36.0239,35.7664,35.5093,35.2532,34.999,34.7475,34.4996,34.2562,34.018,33.786,33.5611,33.344,33.1357,32.937,32.7489,32.5724,32.4082,32.2574,32.121,32,31.8952,31.8077,31.7385,31.6885,31.6583,31.6488,31.6603,31.6929,31.7464,31.82,31.9123,32.0208,32.1426,32.2733,32.4077,32.5399,32.6631,32.7702,32.8546,32.9107,32.9342,32.923,32.8777,32.8009,32.6976,32.5745,32.4392,32.2998,32.1644,32.0404,31.9343,31.852,31.7984,31.7773,31.7924,31.8464,31.9418,32.0812,32.2666,32.5005,32.7854,33.124,33.5195,33.9753,34.4954,35.0842,35.7467,36.4885,37.3157,38.2348,39.2529,40.3771,41.6147,42.9723,44.4557,46.0685,47.8119,49.683,51.6743,53.773,55.962,58.2219,60.5358,62.8962,65.3133,67.8236,70.496,73.4364,76.7901,80.7426,85.5215,91.3963,98.6707,107.652,118.568,131.389,145.508,159.366,170.338,175.468,173.068,163.928,150.754,136.485,123.127,111.615,102.163,94.633,88.7631,84.281,80.9479,78.57,76.9971,76.1155,75.8424,76.1192,76.9072,78.1838,79.9396,82.1767,84.9059,88.1459,91.921,96.259,101.188,106.734,112.915,119.736,127.181,135.207,143.733,152.626,161.691,170.649,179.146,186.744,192.954,197.291,199.348,198.879,195.85,190.454,183.072,174.201,164.371,
 ,-38,158.011,161.151,163.703,165.595,166.769,167.19,166.85,165.761,163.964,161.517,158.497,154.989,151.084,146.873,142.439,137.864,133.215,128.552,123.924,119.371,114.925,110.609,106.439,102.428,98.5826,94.9058,91.3981,88.058,84.882,81.8655,79.0031,76.2886,73.7158,71.278,68.9687,66.7812,64.7093,62.7469,60.8879,59.1266,57.4577,55.8761,54.3769,52.9556,51.6079,50.3297,49.1174,47.9672,46.876,45.8407,44.8583,43.9262,43.0418,42.2029,41.4072,40.6526,39.9374,39.2596,38.6178,38.0103,37.4357,36.8927,36.3801,35.8968,35.4417,35.0139,34.6125,34.2366,33.8856,33.5588,33.2555,32.9753,32.7176,32.4821,32.2684,32.0763,31.9054,31.7556,31.6269,31.5192,31.4324,31.3668,31.3224,31.2995,31.2985,31.3196,31.3635,31.4306,31.5216,31.6373,31.7785,31.9462,32.1413,32.3651,32.6186,32.9031,33.2199,33.57,33.9545,34.3742,34.8296,35.3205,35.8461,36.4048,36.9936,37.608,38.2422,38.8885,39.5377,40.1792,40.8017,41.3933,41.9429,42.4404,42.8773,43.2471,43.5452,43.7689,43.917,43.9904,43.9913,43.9241,43.7949,43.6116,43.3835,43.1205,42.8327,42.5294,42.219,41.9081,41.602,41.3043,41.0173,40.7419,40.4783,40.2259,39.9835,39.7497,39.5231,39.3019,39.0847,38.87,38.6564,38.4428,38.2283,38.0121,37.7936,37.5723,37.3481,37.1208,36.8906,36.6575,36.4219,36.1841,35.9447,35.7041,35.4629,35.2219,34.9816,34.7428,34.5062,34.2726,34.0428,33.8176,33.5978,33.3843,33.1778,32.9794,32.7899,32.6102,32.4412,32.2841,32.1397,32.0093,31.8938,31.7945,31.7126,31.6491,31.6054,31.5827,31.5821,31.6045,31.6507,31.7214,31.8164,31.9353,32.0766,32.2381,32.416,32.6053,32.7997,32.9911,33.1707,33.3287,33.4558,33.5437,33.5862,33.5803,33.5263,33.4279,33.2922,33.1282,32.9465,32.7579,32.5728,32.4005,32.2491,32.1253,32.0345,31.9811,31.9684,31.9993,32.0762,32.2012,32.3765,32.6043,32.8872,33.2279,33.6296,34.0962,34.632,35.242,35.9319,36.7082,37.5781,38.5495,39.6311,40.8321,42.1616,43.6288,45.2416,47.0056,48.9231,50.9906,53.1972,55.5228,57.938,60.4056,62.8866,65.3497,67.7838,70.21,72.6901,75.3293,78.2736,81.705,85.8362,90.9038,97.1552,104.815,114.011,124.625,136.068,147.038,155.524,159.379,157.421,150.204,139.662,127.99,116.8,106.938,98.6826,92.0015,86.7304,82.6724,79.6433,77.4869,76.0791,75.3243,75.1524,75.5138,76.3766,77.7235,79.5495,81.8603,84.6705,88.0024,91.8837,96.3461,101.422,107.142,113.527,120.588,128.312,136.659,145.55,154.852,164.364,173.797,182.78,190.845,197.467,202.12,204.359,203.913,200.745,195.065,187.289,177.955,167.637,
 ,-39,157.043,160.16,162.692,164.567,165.728,166.142,165.797,164.708,162.914,160.476,157.467,153.973,150.084,145.891,141.478,136.923,132.296,127.656,123.051,118.522,114.099,109.806,105.66,101.672,97.8496,94.1955,90.7104,87.3924,84.2381,81.243,78.4014,75.7074,73.1544,70.7361,68.4456,66.2765,64.2224,62.2772,60.4349,58.6898,57.0365,55.4699,53.9852,52.5779,51.2436,49.9784,48.7784,47.6402,46.5605,45.5361,44.5643,43.6423,42.7677,41.938,41.1511,40.4051,39.698,39.028,38.3936,37.7932,37.2254,36.6888,36.1824,35.705,35.2555,34.833,34.4366,34.0656,33.7192,33.3967,33.0976,32.8214,32.5675,32.3356,32.1254,31.9366,31.7691,31.6225,31.4969,31.3923,31.3087,31.2463,31.2053,31.186,31.1887,31.214,31.2624,31.3347,31.4315,31.5539,31.7029,31.8796,32.0854,32.3217,32.59,32.8919,33.2292,33.6037,34.0168,34.4702,34.9649,35.5016,36.0799,36.6987,37.355,38.0443,38.7599,39.4926,40.231,40.9617,41.6697,42.3398,42.9573,43.5091,43.9848,44.3765,44.6789,44.8893,45.0066,45.0318,44.9678,44.8201,44.5966,44.3081,43.9671,43.5872,43.1822,42.7645,42.345,41.9324,41.533,41.1509,40.7884,40.4464,40.1244,39.8214,39.5355,39.2647,39.0069,38.7599,38.5216,38.2902,38.0638,37.841,37.6205,37.4011,37.182,36.9626,36.7423,36.5209,36.2982,36.0741,35.8488,35.6226,35.3956,35.1684,34.9414,34.715,34.49,34.2669,34.0463,33.8291,33.6159,33.4074,33.2045,33.008,32.8188,32.6377,32.4657,32.3037,32.1529,32.0142,31.8887,31.7778,31.6827,31.6047,31.5452,31.5058,31.4879,31.4931,31.523,31.579,31.6625,31.7744,31.9154,32.0852,32.2829,32.5061,32.7509,33.0114,33.2797,33.5455,33.7968,34.0203,34.2026,34.3316,34.3982,34.3975,34.3297,34.2002,34.0191,33.7991,33.5549,33.3011,33.0513,32.8173,32.6088,32.4336,32.2974,32.2048,32.1589,32.1623,32.2171,32.3249,32.4878,32.7078,32.9872,33.3287,33.7359,34.2128,34.7641,35.3954,36.1132,36.9252,37.8398,38.8667,40.0168,41.3015,42.7331,44.3241,46.086,48.0282,50.1557,52.4664,54.9473,57.571,60.2928,63.0514,65.7756,68.3978,70.8736,73.2015,75.4352,77.684,80.1025,82.876,86.206,90.2978,95.3426,101.486,108.764,117,125.658,133.724,139.779,142.405,140.849,135.465,127.503,118.466,109.553,101.483,94.5659,88.858,84.2871,80.7328,78.0677,76.1773,74.9663,74.3598,74.3019,74.7534,75.6901,77.1003,78.9834,81.3484,84.2131,87.6024,91.5467,96.0801,101.238,107.052,113.548,120.736,128.609,137.127,146.212,155.732,165.483,175.17,184.412,192.73,199.576,204.402,206.744,206.317,203.082,197.258,189.28,179.71,169.142,
 ,-40,155.473,158.537,161.025,162.865,164.003,164.405,164.062,162.986,161.218,158.813,155.847,152.403,148.569,144.432,140.078,135.583,131.014,126.431,121.882,117.406,113.034,108.789,104.69,100.745,96.9642,93.3493,89.9012,86.6184,83.4974,80.5339,77.7224,75.0569,72.531,70.1384,67.8724,65.7267,63.6949,61.7709,59.9487,58.2229,56.588,55.0389,53.5709,52.1795,50.8605,49.6098,48.4237,47.2987,46.2316,45.2193,44.2589,43.3479,42.4837,41.664,40.8867,40.1498,39.4513,38.7896,38.163,37.57,37.0094,36.4796,35.9797,35.5084,35.0647,34.6478,34.2568,33.8908,33.5491,33.2312,32.9365,32.6644,32.4145,32.1864,31.9798,31.7945,31.6304,31.4871,31.3648,31.2635,31.1832,31.1242,31.0867,31.071,31.0777,31.1074,31.1606,31.2383,31.3413,31.4708,31.628,31.8144,32.0316,32.2814,32.5657,32.8868,33.2469,33.6484,34.0939,34.5856,35.1257,35.7157,36.3564,37.0473,37.7861,38.5682,39.3861,40.2291,41.0831,41.9305,42.7519,43.5268,44.2356,44.8613,45.3906,45.8145,46.1274,46.3265,46.4111,46.3821,46.2428,45.9996,45.6628,45.2466,44.7683,44.2466,43.7001,43.1459,42.5979,42.0669,41.5605,41.0831,40.6367,40.2215,39.8363,39.479,39.1469,38.8371,38.5467,38.2727,38.0125,37.7636,37.5237,37.2909,37.0636,36.8403,36.6198,36.4012,36.1839,35.9672,35.7508,35.5345,35.3182,35.1021,34.8863,34.671,34.4566,34.2435,34.0323,33.8234,33.6175,33.4151,33.2171,33.024,32.8367,32.6559,32.4827,32.3177,32.1621,32.0168,31.8829,31.7617,31.6543,31.5621,31.4866,31.4294,31.3921,31.3765,31.3845,31.4183,31.4798,31.5712,31.6943,31.8511,32.0428,32.2701,32.5326,32.8282,33.153,33.5004,33.8608,34.2211,34.5652,34.8746,35.13,35.3136,35.4114,35.4159,35.3272,35.1532,34.9084,34.6115,34.283,33.943,33.6092,33.2967,33.0168,32.7783,32.5872,32.4477,32.3626,32.3338,32.3626,32.4504,32.5985,32.8087,33.083,33.4243,33.8359,34.3222,34.8884,35.5407,36.2866,37.1349,38.0956,39.1806,40.403,41.7777,43.3209,45.0496,46.9807,49.1297,51.5073,54.1159,56.9433,59.9562,63.0929,66.2608,69.3418,72.2129,74.7772,76.9996,78.9263,80.6823,82.447,84.4243,86.8173,89.8097,93.5485,98.1179,103.494,109.479,115.619,121.174,125.195,126.798,125.531,121.601,115.771,109.005,102.146,95.7616,90.1518,85.4259,81.581,78.5599,76.2866,74.6849,73.6878,73.2409,73.3028,73.8452,74.8511,76.3144,78.2386,80.6359,83.5263,86.936,90.8971,95.4444,100.614,106.438,112.943,120.14,128.021,136.546,145.638,155.165,164.923,174.617,183.867,192.192,199.047,203.883,206.237,205.824,202.604,196.798,188.839,179.289,168.74,
 ,-41,153.322,156.306,158.727,160.516,161.621,162.01,161.673,160.624,158.899,156.555,153.661,150.3,146.555,142.512,138.254,133.854,129.379,124.886,120.423,116.029,111.734,107.562,103.531,99.6499,95.9279,92.3681,88.9714,85.7366,82.6603,79.7385,76.966,74.337,71.8454,69.4848,67.249,65.1316,63.1265,61.2276,59.4292,57.7258,56.112,54.583,53.134,51.7605,50.4585,49.2239,48.0531,46.9426,45.8893,44.8901,43.9422,43.043,42.19,41.381,40.6139,39.8866,39.1973,38.5443,37.926,37.341,36.7878,36.2652,35.772,35.3072,34.8696,34.4585,34.073,33.7122,33.3756,33.0624,32.7722,32.5044,32.2585,32.0344,31.8316,31.65,31.4893,31.3495,31.2306,31.1326,31.0557,31.0002,30.9663,30.9545,30.9653,30.9994,31.0576,31.1409,31.2503,31.3872,31.553,31.7496,31.9788,32.2429,32.5444,32.886,33.2708,33.7021,34.1833,34.718,35.3096,35.9611,36.6746,37.4512,38.2895,39.1855,40.1313,41.1145,42.1174,43.1175,44.0885,45.0026,45.8329,46.5569,47.1579,47.6258,47.9557,48.1455,48.1948,48.1043,47.8764,47.5184,47.0427,46.4686,45.8199,45.1228,44.4031,43.6835,42.9822,42.3124,41.6826,41.0971,40.5571,40.0616,39.6079,39.1925,38.8116,38.4609,38.1366,37.8347,37.5518,37.2848,37.0309,36.7877,36.553,36.3251,36.1026,35.8841,35.6688,35.4559,35.2449,35.0353,34.8269,34.6198,34.4138,34.2093,34.0063,33.8052,33.6065,33.4105,33.2179,33.0292,32.845,32.666,32.493,32.3268,32.1683,32.0183,31.878,31.7483,31.6304,31.5256,31.4354,31.3611,31.3045,31.2675,31.2518,31.2599,31.294,31.3568,31.4508,31.5791,31.7445,31.9498,32.1974,32.4893,32.8259,33.2064,33.6272,34.0812,34.5571,35.0386,35.5042,35.9281,36.2823,36.54,36.6799,36.6899,36.5699,36.3319,35.9975,35.5944,35.1521,34.698,34.2557,33.8435,33.4751,33.1596,32.9028,32.7082,32.5774,32.5113,32.5105,32.5752,32.7062,32.9046,33.1723,33.5119,33.9267,34.4214,35.0015,35.6742,36.4477,37.3321,38.3395,39.4839,40.7814,42.2509,43.9133,45.7918,47.911,50.295,52.9642,55.9304,59.1878,62.7013,66.3931,70.1312,73.7323,76.9879,79.7186,81.8366,83.3838,84.5221,85.4842,86.5181,87.8467,89.6475,92.0397,95.0689,98.6812,102.687,106.728,110.281,112.733,113.541,112.438,109.539,105.29,100.292,95.1093,90.1655,85.7205,81.9021,78.749,76.2491,74.3661,73.0557,72.2758,71.9901,72.171,72.7997,73.8665,75.3704,77.3182,79.7244,82.6103,86.0029,89.9339,94.4377,99.549,105.299,111.712,118.797,126.545,134.915,143.827,153.151,162.685,172.139,181.144,189.234,195.883,200.566,202.841,202.437,199.316,193.689,185.969,176.694,166.433,
 ,-42,150.633,153.513,155.846,157.57,158.633,159.007,158.681,157.668,156.005,153.742,150.948,147.699,144.075,140.16,136.03,131.758,127.408,123.035,118.687,114.402,110.209,106.133,102.19,98.3911,94.7451,91.2557,87.9242,84.7494,81.7288,78.8585,76.1337,73.5489,71.0984,68.7761,66.5759,64.4918,62.5177,60.6478,58.8766,57.1986,55.6088,54.1023,52.6744,51.3209,50.0376,48.8207,47.6667,46.5721,45.5337,44.5486,43.6141,42.7276,41.8866,41.089,40.3326,39.6156,38.936,38.2922,37.6827,37.1059,36.5606,36.0455,35.5594,35.1013,34.6701,34.2651,33.8852,33.53,33.1985,32.8902,32.6047,32.3413,32.0998,31.8797,31.6808,31.5029,31.3458,31.2096,31.0941,30.9996,30.9262,30.8742,30.844,30.8361,30.8511,30.8897,30.953,31.042,31.1579,31.3023,31.4771,31.6841,31.9257,32.2048,32.5242,32.8875,33.2987,33.762,34.2821,34.8641,35.5132,36.2342,37.0317,37.9085,38.8656,39.9003,41.0048,42.1653,43.3599,44.5595,45.7281,46.8268,47.8181,48.6711,49.3651,49.8899,50.243,50.4251,50.4365,50.2761,49.9441,49.4463,48.7981,48.0252,47.1612,46.2438,45.3088,44.3868,43.5013,42.6679,41.8955,41.1874,40.5432,39.9598,39.4323,38.9553,38.5231,38.13,37.7706,37.4402,37.1342,36.8489,36.5807,36.3267,36.0844,35.8515,35.6264,35.4075,35.1937,34.9838,34.7773,34.5736,34.3722,34.173,33.976,33.781,33.5883,33.3981,33.2107,33.0265,32.846,32.6697,32.4982,32.3322,32.1724,32.0196,31.8747,31.7386,31.6124,31.4972,31.3943,31.3051,31.231,31.1738,31.1353,31.1177,31.1232,31.1546,31.2146,31.3065,31.4339,31.6005,31.8104,32.0677,32.3765,32.7403,33.1616,33.6412,34.1766,34.7613,35.3825,36.0204,36.6465,37.2251,37.7152,38.076,38.2741,38.2902,38.1237,37.7932,37.332,36.782,36.1855,35.5808,34.9986,34.4614,33.9842,33.5761,33.2418,32.983,32.8,32.6918,32.6576,32.6964,32.808,32.9929,33.2524,33.5887,34.0055,34.5072,35.1,35.7917,36.5916,37.5113,38.5646,39.7682,41.1417,42.7083,44.4949,46.5322,48.8544,51.4978,54.4972,57.8803,61.6558,65.7958,70.2111,74.726,79.0687,82.9036,85.9193,87.945,89.0241,89.3908,89.3746,89.3018,89.4378,89.9696,91.0041,92.567,94.5944,96.9207,99.2716,101.282,102.554,102.752,101.71,99.4859,96.3374,92.6291,88.7292,84.9392,81.4673,78.4361,75.9027,73.8824,72.3661,71.3337,70.7624,70.6312,70.9239,71.6304,72.747,74.2769,76.2296,78.6211,81.473,84.8119,88.668,93.0736,98.0608,103.657,109.884,116.746,124.231,132.295,140.858,149.789,158.891,167.887,176.424,184.064,190.321,194.711,196.829,196.43,193.479,188.17,180.881,172.105,162.369,
 ,-43,147.462,150.216,152.446,154.092,155.107,155.463,155.152,154.186,152.597,150.435,147.762,144.65,141.175,137.414,133.441,129.325,125.128,120.903,116.695,112.542,108.474,104.513,100.677,96.9775,93.4232,90.0182,86.7643,83.6611,80.7064,77.8968,75.2279,72.6947,70.2919,68.0138,65.8545,63.8082,61.8694,60.0322,58.2915,56.642,55.0788,53.5972,52.1926,50.861,49.5982,48.4006,47.2647,46.1871,45.1648,44.195,43.2748,42.4018,41.5736,40.7881,40.0431,39.3369,38.6675,38.0334,37.4331,36.865,36.3279,35.8206,35.3419,34.8908,34.4663,34.0675,33.6937,33.344,33.0179,32.7148,32.434,32.1753,31.9381,31.7222,31.5273,31.3532,31.1999,31.0673,30.9554,30.8644,30.7945,30.7461,30.7196,30.7156,30.7348,30.778,30.8463,30.941,31.0635,31.2155,31.3991,31.6167,31.871,32.1652,32.5031,32.8889,33.3276,33.8246,34.3862,35.0193,35.7313,36.5298,37.4222,38.4148,39.5118,40.7132,42.0131,43.3965,44.8376,46.2979,47.728,49.0723,50.2763,51.2968,52.1078,52.7016,53.0827,53.2582,53.2296,52.9919,52.5384,51.8704,51.0051,49.9779,48.8379,47.6398,46.4344,45.2632,44.1556,43.1294,42.1926,41.3463,40.587,39.908,39.3018,38.76,38.2746,37.8378,37.443,37.0837,36.7546,36.4509,36.1684,35.9036,35.6536,35.4156,35.1877,34.968,34.7551,34.5479,34.3453,34.1466,33.9515,33.7595,33.5703,33.384,33.2007,33.0203,32.8432,32.6697,32.5002,32.3353,32.1754,32.0213,31.8736,31.7331,31.6008,31.4775,31.3644,31.2627,31.1737,31.099,31.0401,30.999,30.9777,30.9787,31.0047,31.0587,31.1442,31.2653,31.4262,31.6321,31.8883,32.2008,32.5756,33.0189,33.5357,34.1298,34.8012,35.5451,36.3487,37.1885,38.028,38.8176,39.4971,40.004,40.2849,40.3081,40.0723,39.6073,38.9658,38.2115,37.4067,36.604,35.8431,35.1503,34.5412,34.0235,33.5994,33.2677,33.0261,32.8713,32.8002,32.8106,32.9009,33.0705,33.3203,33.652,34.0691,34.5763,35.1802,35.889,36.7134,37.6662,38.7634,40.0243,41.4722,43.1353,45.0469,47.2466,49.7803,52.6993,56.058,59.9074,64.2813,69.172,74.4911,80.021,85.3796,90.0501,93.5184,95.4833,95.9962,95.4152,94.2248,92.8704,91.6827,90.8718,90.5442,90.718,91.3297,92.2381,93.2321,94.0516,94.4286,94.1452,93.089,91.282,88.8676,86.0637,83.1054,80.2,77.5052,75.1259,73.1225,71.5234,70.3362,69.5569,69.177,69.1871,69.5801,70.3525,71.5057,73.046,74.9848,77.3388,80.1288,83.3802,87.1206,91.3791,96.1835,101.557,107.516,114.06,121.172,128.806,136.879,145.262,153.766,162.13,170.026,177.057,182.783,186.776,188.681,188.285,185.558,180.67,173.953,165.844,156.815,
 ,-44,143.874,146.487,148.601,150.16,151.121,151.459,151.166,150.254,148.751,146.703,144.169,141.213,137.907,134.323,130.531,126.595,122.573,118.517,114.471,110.471,106.545,102.718,99.0053,95.4205,91.9715,88.6635,85.4988,82.4775,79.598,76.8574,74.2521,71.7774,69.4284,67.1999,65.0864,63.0824,61.1827,59.382,57.675,56.0568,54.5228,53.0684,51.6892,50.3812,49.1407,47.9639,46.8475,45.7882,44.7831,43.8294,42.9245,42.0658,41.2512,40.4784,39.7455,39.0506,38.392,37.7681,37.1773,36.6184,36.0899,35.5907,35.1197,34.6758,34.2582,33.866,33.4983,33.1545,32.834,32.5361,32.2603,32.0063,31.7736,31.562,31.3712,31.2011,31.0515,30.9226,30.8143,30.7269,30.6606,30.6157,30.593,30.5928,30.6161,30.6639,30.7371,30.8374,30.9663,31.1258,31.3182,31.5462,31.813,32.1224,32.4788,32.8873,33.354,33.8858,34.4907,35.1777,35.9571,36.8399,37.8376,38.9612,40.22,41.6192,43.1565,44.8182,46.5742,48.3752,50.1525,51.8243,53.3096,54.5449,55.4978,56.1686,56.5779,56.7464,56.6789,56.361,55.77,54.8953,53.7544,52.3976,50.899,49.3397,47.793,46.3144,44.9398,43.6876,42.5631,41.5627,40.6776,39.8966,39.2075,38.5986,38.0588,37.5781,37.1477,36.7599,36.408,36.0863,35.7899,35.5146,35.2569,35.0139,34.7832,34.5625,34.3503,34.1452,33.9461,33.752,33.5625,33.3769,33.195,33.0165,32.8416,32.6702,32.5025,32.3387,32.1794,32.0248,31.8755,31.7322,31.5956,31.4664,31.3456,31.2341,31.1331,31.0439,30.9678,30.9064,30.8617,30.8356,30.8305,30.8492,30.8946,30.9704,31.0807,31.2303,31.4247,31.6702,31.9738,32.3438,32.7888,33.3181,33.9409,34.6651,35.4956,36.4314,37.4617,38.5608,39.6835,40.7619,41.708,42.4247,42.8256,42.8578,42.5186,41.8569,40.9579,39.9201,38.835,37.7745,36.7881,35.9051,35.1392,34.4944,33.9684,33.5557,33.2499,33.0446,32.9341,32.9141,32.9814,33.1344,33.373,33.6987,34.1145,34.6254,35.2382,35.9618,36.8078,37.7905,38.928,40.2421,41.7601,43.515,45.5474,47.9063,50.6503,53.8485,57.5786,61.9214,66.9468,72.6825,79.0594,85.8301,92.4906,98.2891,102.424,104.397,104.273,102.588,100.044,97.2453,94.6089,92.3826,90.6837,89.5304,88.8627,88.557,88.4421,88.3206,87.9988,87.3208,86.1997,84.6324,82.6929,80.5075,78.2224,75.9761,73.8825,72.0253,70.4594,69.2171,68.3142,67.7568,67.5456,67.6793,68.1575,68.9819,70.1573,71.6923,73.5992,75.8944,78.5978,81.7321,85.3218,89.3919,93.9652,99.0598,104.685,110.837,117.492,124.601,132.082,139.807,147.598,155.214,162.359,168.678,173.791,177.328,178.99,178.596,176.124,171.716,165.657,158.319,150.112,
 ,-45,139.942,142.404,144.393,145.859,146.763,147.083,146.81,145.955,144.546,142.622,140.238,137.453,134.332,130.942,127.347,123.608,119.78,115.911,112.043,108.212,104.445,100.766,97.1909,93.7332,90.4015,87.2014,84.1359,81.2056,78.4096,75.7458,73.2108,70.8007,68.5111,66.3372,64.2741,62.3166,60.4597,58.6986,57.0283,55.4442,53.9417,52.5166,51.1648,49.8824,48.6656,47.511,46.4154,45.3756,44.3888,43.4523,42.5635,41.72,40.9196,40.1602,39.44,38.757,38.1096,37.4963,36.9156,36.3661,35.8465,35.3558,34.8928,34.4565,34.046,33.6605,33.2993,32.9615,32.6467,32.3542,32.0836,31.8344,31.6063,31.3991,31.2125,31.0464,30.9007,30.7755,30.6708,30.587,30.5242,30.483,30.4638,30.4675,30.4948,30.5469,30.625,30.7306,30.8657,31.0323,31.2331,31.4712,31.7501,32.0743,32.4488,32.8797,33.3742,33.9409,34.5896,35.332,36.1817,37.1539,38.2652,39.5335,40.9753,42.604,44.4249,46.4288,48.5838,50.8279,53.0657,55.1757,57.0329,58.5402,59.6565,60.4008,60.8277,60.9868,60.8887,60.4991,59.7619,58.6395,57.1468,55.3583,53.3894,51.3639,49.3866,47.5312,45.8391,44.326,42.9906,41.8213,40.8016,39.9135,39.1392,38.4622,37.8681,37.344,36.8789,36.4634,36.0896,35.7507,35.441,35.1558,34.891,34.6432,34.4097,34.1881,33.9765,33.7733,33.5774,33.3875,33.203,33.0233,32.848,32.6767,32.5095,32.3462,32.1871,32.0323,31.8821,31.737,31.5974,31.4641,31.3375,31.2187,31.1083,31.0076,30.9177,30.8398,30.7755,30.7265,30.6948,30.6827,30.6926,30.7276,30.7913,30.8878,31.0217,31.1988,31.4258,31.7103,32.0614,32.4898,33.0075,33.6279,34.3654,35.2343,36.2466,37.4089,38.7159,40.1435,41.6384,43.1105,44.432,45.4521,46.029,46.0731,45.5794,44.63,43.3642,41.9358,40.4782,39.0877,37.8228,36.7124,35.7649,34.9767,34.3384,33.8381,33.464,33.2057,33.0541,33.0025,33.0458,33.1812,33.4076,33.7258,34.1388,34.6513,35.2705,36.0059,36.8698,37.8781,39.0505,40.4116,41.9921,43.8303,45.9732,48.4796,51.4211,54.8852,58.9745,63.8037,69.4848,76.0937,83.5991,91.745,99.9142,107.094,112.128,114.258,113.536,110.705,106.717,102.363,98.1758,94.4654,91.3778,88.9401,87.0946,85.7251,84.6793,83.7914,82.904,81.8907,80.6732,79.2291,77.5882,75.8183,74.0065,72.2419,70.6036,69.1545,67.9402,66.9913,66.3266,65.9571,65.889,66.1265,66.6733,67.5347,68.7178,70.2321,72.0906,74.3085,76.9039,79.8966,83.3076,87.1569,91.4622,96.236,101.481,107.189,113.331,119.855,126.679,133.682,140.697,147.508,153.85,159.418,163.887,166.951,168.361,167.971,165.763,161.857,156.485,149.959,142.624,
 ,-46,135.741,138.045,139.905,141.275,142.12,142.42,142.169,141.375,140.063,138.27,136.043,133.437,130.51,127.325,123.939,120.409,116.787,113.118,109.442,105.792,102.197,98.6771,95.2507,91.9307,88.7261,85.6431,82.6852,79.8537,77.1485,74.5678,72.1092,69.7692,67.5439,65.4292,63.4204,61.513,59.7024,57.9839,56.353,54.8054,53.3368,51.9432,50.6205,49.3652,48.1737,47.0428,45.9692,44.95,43.9825,43.064,42.1921,41.3645,40.5791,39.8338,39.1267,38.4562,37.8206,37.2184,36.6481,36.1084,35.5981,35.1161,34.6614,34.2329,33.8298,33.4513,33.0966,32.7651,32.4561,32.1692,31.9038,31.6596,31.4363,31.2336,31.0512,30.8892,30.7474,30.6259,30.5249,30.4446,30.3854,30.3476,30.332,30.3394,30.3706,30.4268,30.5094,30.6202,30.761,30.9343,31.143,31.3905,31.6808,32.0188,32.4105,32.8627,33.384,33.9845,34.6762,35.4737,36.3942,37.4579,38.6882,40.1108,41.7531,43.6403,45.7907,48.2057,50.8567,53.6696,56.5141,59.2091,61.5568,63.4027,64.6921,65.4827,65.8971,66.0401,65.9338,65.5047,64.6302,63.2187,61.2763,58.9198,56.3341,53.7095,51.1958,48.8864,46.8245,45.0173,43.4511,42.102,40.9423,39.945,39.0853,38.3414,37.6945,37.1287,36.6306,36.1891,35.7948,35.44,35.1181,34.8238,34.5525,34.3004,34.0645,33.8422,33.6313,33.43,33.237,33.051,32.8712,32.697,32.5277,32.3631,32.2029,32.0471,31.8958,31.7492,31.6074,31.4709,31.3402,31.2158,31.0985,30.989,30.8882,30.7973,30.7173,30.6498,30.5962,30.5585,30.5386,30.539,30.5627,30.6128,30.6932,30.8087,30.9646,31.1676,31.4253,31.7473,32.1446,32.6306,33.2212,33.9349,34.7925,35.8169,37.0304,38.4515,40.0867,41.9193,43.8925,45.8919,47.7362,49.1922,50.0273,50.0881,49.3653,47.9985,46.2174,44.261,42.3203,40.519,38.9209,37.5481,36.3973,35.4531,34.6955,34.1039,33.6598,33.3477,33.1547,33.0713,33.0904,33.2076,33.421,33.7306,34.139,34.651,35.2738,36.0173,36.8948,37.923,39.1234,40.523,42.1556,44.0639,46.3011,48.9346,52.0483,55.7463,60.1549,65.4209,71.6989,79.1148,87.6844,97.1647,106.86,115.53,121.674,124.234,123.181,119.387,114.023,108.087,102.278,97.0207,92.5209,88.8268,85.8804,83.5602,81.7144,80.185,78.8269,77.5228,76.1928,74.7985,73.3395,71.845,70.3625,68.9458,67.6472,66.5114,65.5738,64.8606,64.3901,64.175,64.2243,64.5448,65.1433,66.0266,67.2031,68.683,70.4784,72.6034,75.0737,77.906,81.1173,84.7229,88.7354,93.1611,97.9982,103.232,108.831,114.741,120.883,127.141,133.365,139.362,144.902,149.726,153.565,156.168,157.336,156.952,155.003,151.585,146.887,141.163,134.696,
 ,-47,131.342,133.487,135.216,136.489,137.275,137.556,137.327,136.595,135.383,133.722,131.655,129.231,126.504,123.529,120.358,117.045,113.637,110.176,106.7,103.24,99.824,96.4726,93.2033,90.0289,86.9591,84.0004,81.1569,78.4307,75.8221,73.3302,70.953,68.6877,66.5311,64.4795,62.5287,60.6746,58.9132,57.2401,55.6512,54.1423,52.7096,51.3491,50.0573,48.8307,47.6659,46.5598,45.5094,44.5119,43.5646,42.6651,41.8109,40.9999,40.2301,39.4994,38.8062,38.1486,37.5252,36.9344,36.3749,35.8454,35.3447,34.8718,34.4256,34.0052,33.6097,33.2384,32.8904,32.5653,32.2624,31.9812,31.7212,31.4821,31.2636,31.0654,30.8874,30.7295,30.5916,30.4739,30.3765,30.2997,30.2439,30.2096,30.1975,30.2083,30.2432,30.3032,30.3901,30.5054,30.6515,30.8309,31.0467,31.3027,31.6033,31.9539,32.3612,32.833,33.379,34.0109,34.7431,35.593,36.5819,37.7356,39.0847,40.6653,42.5176,44.6839,47.2018,50.0923,53.3393,56.8623,60.4893,63.9534,66.9407,69.1977,70.6464,71.4169,71.7563,71.8708,71.8021,71.4051,70.4346,68.6986,66.1865,63.0885,59.705,56.3272,53.1633,50.3248,47.8477,45.7215,43.9126,42.3793,41.0796,39.9754,39.0335,38.2261,37.5297,36.9253,36.3971,35.932,35.5193,35.1503,34.8177,34.5154,34.2386,33.983,33.7452,33.5225,33.3124,33.1131,32.923,32.7408,32.5655,32.3963,32.2327,32.0742,31.9206,31.7717,31.6276,31.4884,31.3542,31.2256,31.1029,30.9867,30.8777,30.7767,30.6845,30.6023,30.5314,30.4731,30.4291,30.4014,30.3921,30.4038,30.4396,30.5031,30.5986,30.7312,30.907,31.1334,31.4193,31.7758,32.2162,32.7569,33.4177,34.2226,35.2005,36.3843,37.8103,39.5137,41.5204,43.8308,46.3943,49.075,51.6249,53.6915,54.8974,54.9816,53.9274,51.9718,49.4896,46.8455,44.3039,42.014,40.0357,38.3742,37.007,35.9011,35.0225,34.3401,33.8274,33.463,33.23,33.1158,33.1113,33.2106,33.4105,33.7105,34.1128,34.6219,35.2451,35.9927,36.8785,37.9201,39.1403,40.5679,42.2392,44.2005,46.5101,49.2422,52.4906,56.3729,61.0346,66.6481,73.402,81.4641,90.8937,101.475,112.489,122.575,130.001,133.417,132.562,128.235,121.712,114.228,106.744,99.8795,93.946,89.0228,85.044,81.8691,79.3291,77.2568,75.5029,73.9467,72.5011,71.1133,69.7613,68.4481,67.1935,66.0266,64.9791,64.0808,63.3575,62.8298,62.5139,62.4221,62.564,62.9479,63.5813,64.4722,65.6292,67.0623,68.7826,70.8023,73.1348,75.7935,78.7914,82.1394,85.8448,89.9094,94.3261,99.0762,104.126,109.421,114.884,120.41,125.864,131.077,135.853,139.976,143.227,145.405,146.351,145.976,144.269,141.306,137.238,132.268,126.626,
 ,-48,126.815,128.801,130.401,131.578,132.306,132.569,132.362,131.692,130.578,129.048,127.141,124.9,122.372,119.607,116.654,113.56,110.368,107.119,103.847,100.583,97.3517,94.1743,91.0674,88.0444,85.1149,82.286,79.5622,76.9461,74.4389,72.0401,69.7485,67.5618,65.4775,63.4922,61.6025,59.8047,58.095,56.4696,54.9248,53.4566,52.0615,50.736,49.4766,48.28,47.1432,46.0631,45.0369,44.062,43.1358,42.256,41.4203,40.6266,39.873,39.1576,38.4786,37.8344,37.2236,36.6447,36.0964,35.5774,35.0866,34.6231,34.1857,33.7735,33.3859,33.0219,32.681,32.3624,32.0657,31.7903,31.5358,31.3019,31.0883,30.8948,30.7212,30.5674,30.4335,30.3195,30.2257,30.1524,30.0999,30.0689,30.06,30.0741,30.1123,30.1759,30.2665,30.386,30.5367,30.7214,30.9434,31.2066,31.5161,31.8776,32.2984,32.7872,33.3549,34.0146,34.7828,35.68,36.7313,37.9682,39.4294,41.162,43.2217,45.6713,48.5749,51.9833,55.907,60.2708,64.8614,69.2981,73.0923,75.8288,77.3875,78.0206,78.1847,78.2523,78.2961,78.0528,77.0727,74.994,71.7798,67.7443,63.3695,59.0885,55.1768,51.7548,48.8376,46.3848,44.3349,42.6234,41.1913,39.9877,38.9708,38.106,37.3657,36.7274,36.1728,35.6873,35.259,34.878,34.5365,34.2278,33.9466,33.6884,33.4495,33.2269,33.0181,32.8209,32.6338,32.4553,32.2843,32.12,31.9616,31.8089,31.6613,31.5188,31.3813,31.2489,31.1218,31.0003,30.8849,30.7761,30.6745,30.5811,30.4966,30.4223,30.3593,30.3092,30.2736,30.2546,30.2545,30.276,30.3225,30.3976,30.506,30.6534,30.8463,31.093,31.4036,31.7905,32.269,32.8586,33.5831,34.4723,35.5632,36.9004,38.5361,40.5272,42.9265,45.7634,49.0075,52.5127,55.9578,58.8319,60.5423,60.6587,59.1515,56.4121,53.0337,49.551,46.3115,43.4797,41.0968,39.139,37.5562,36.2935,35.2999,34.5325,33.9563,33.5438,33.2742,33.1317,33.1051,33.1871,33.3735,33.6632,34.0578,34.5617,35.182,35.9294,36.8177,37.8653,39.0958,40.5391,42.2336,44.2276,46.583,49.3788,52.715,56.7186,61.5472,67.3898,74.4571,82.9448,92.9472,104.291,116.304,127.652,136.529,141.315,141.315,136.966,129.52,120.511,111.293,102.777,95.4141,89.3136,84.3867,80.4567,77.3233,74.7973,72.7153,70.9465,69.3936,67.9909,66.7006,65.507,64.4109,63.4233,62.5606,61.8409,61.2814,60.8975,60.7019,60.7056,60.9177,61.3465,61.9998,62.8853,64.0115,65.3875,67.0231,68.9286,71.1147,73.5918,76.3692,79.4536,82.8481,86.5498,90.5479,94.8208,99.3329,104.032,108.845,113.677,118.406,122.892,126.966,130.453,133.176,134.975,135.726,135.361,133.872,131.319,127.82,123.536,118.65,
 ,-49,122.219,124.052,125.526,126.611,127.283,127.529,127.343,126.733,125.714,124.313,122.561,120.498,118.166,115.609,112.871,109.994,107.019,103.982,100.916,97.8481,94.804,91.8032,88.8621,85.9938,83.2082,80.5125,77.912,75.4098,73.0073,70.7051,68.5022,66.3972,64.3879,62.4717,60.6455,58.9063,57.2506,55.675,54.176,52.7503,51.3945,50.1053,48.8796,47.7143,46.6066,45.5535,44.5525,43.6011,42.6968,41.8375,41.0209,40.2451,39.5083,38.8086,38.1443,37.5141,36.9162,36.3496,35.8128,35.3046,34.8241,34.3701,33.9417,33.5381,33.1585,32.8021,32.4683,32.1564,31.866,31.5966,31.3477,31.1191,30.9105,30.7216,30.5524,30.4028,30.2729,30.1627,30.0724,30.0024,29.9532,29.9253,29.9195,29.9367,29.9779,30.0446,30.1385,30.2615,30.4161,30.6051,30.8321,31.1013,31.4179,31.7882,32.2198,32.7224,33.3076,33.9901,34.788,35.7245,36.8284,38.1364,39.6949,41.5618,43.8089,46.5215,49.7944,53.7171,58.3404,63.6126,69.2889,74.8578,79.5966,82.8529,84.4386,84.7845,84.654,84.6554,84.9036,84.9675,84.101,81.6918,77.6689,72.5348,67.0264,61.7531,57.0554,53.0456,49.7015,46.9422,44.6723,42.8019,41.2538,39.9649,38.8842,37.9715,37.1948,36.5286,35.9528,35.451,35.0103,34.6201,34.2718,33.9585,33.6743,33.4146,33.1755,32.9536,32.7465,32.5518,32.3678,32.193,32.0263,31.8666,31.7134,31.566,31.4242,31.2876,31.1562,31.03,30.9093,30.7943,30.6855,30.5833,30.4884,30.4017,30.324,30.2566,30.2005,30.1575,30.1292,30.1176,30.1253,30.1551,30.2103,30.295,30.4141,30.5735,30.7805,31.0437,31.3743,31.786,32.2959,32.9259,33.7036,34.6642,35.8523,37.3239,39.1478,41.4042,44.1777,47.5358,51.4838,55.8831,60.3458,64.1769,66.5039,66.6604,64.5979,60.9239,56.5194,52.121,48.1549,44.7832,42.0124,39.7796,38.0022,36.6007,35.5072,34.6667,34.0362,33.5828,33.2817,33.1146,33.0685,33.1346,33.308,33.5869,33.9724,34.4687,35.0828,35.8252,36.71,37.7556,38.9861,40.432,42.1323,44.1366,46.5083,49.3284,52.6999,56.7535,61.6522,67.5924,74.7953,83.4744,93.7578,105.54,118.268,130.759,141.252,147.848,149.217,145.206,136.966,126.422,115.448,105.311,96.6031,89.4416,83.6943,79.1333,75.5178,72.6304,70.2896,68.352,66.71,65.2873,64.0342,62.9218,61.9376,61.0799,60.3536,59.7677,59.3324,59.058,58.9542,59.0296,59.2924,59.7499,60.4095,61.2784,62.3643,63.675,65.2189,67.0043,69.0395,71.3319,73.8873,76.7091,79.7965,83.1433,86.7357,90.5502,94.551,98.6881,102.895,107.085,111.154,114.982,118.43,121.355,123.615,125.085,125.67,125.316,124.019,121.826,118.828,115.151,110.941,
 ,-50,117.61,119.295,120.649,121.646,122.265,122.494,122.33,121.777,120.85,119.571,117.969,116.078,113.935,111.579,109.05,106.386,103.624,100.796,97.9328,95.0612,92.2039,89.38,86.6055,83.8932,81.253,78.6927,76.2176,73.8313,71.536,69.3325,67.2208,65.1996,63.2676,61.4226,59.662,57.9831,56.3831,54.8589,53.4074,52.0256,50.7104,49.4588,48.2679,47.135,46.0573,45.0322,44.0572,43.13,42.2483,41.4101,40.6133,39.856,39.1364,38.4529,37.8039,37.1878,36.6034,36.0493,35.5243,35.0273,34.5572,34.1131,33.694,33.2991,32.9277,32.579,32.2525,31.9475,31.6635,31.4002,31.157,30.9338,30.7302,30.5461,30.3814,30.236,30.1099,30.0034,29.9166,29.85,29.8039,29.7789,29.7759,29.7958,29.8398,29.9092,30.0058,30.1316,30.2892,30.4815,30.7122,30.9857,31.3075,31.684,32.1235,32.6359,33.2338,33.9326,34.7522,35.7176,36.8605,38.222,39.8545,41.8255,44.2204,47.1451,50.7237,55.0859,60.3291,66.4388,73.1571,79.8493,85.5363,89.2828,90.8115,90.7652,90.2683,90.1969,90.7119,91.1916,90.5444,87.8589,83.029,76.7905,70.1732,63.9663,58.5588,54.0377,50.3343,47.324,44.8781,42.8829,41.2453,39.8911,38.7625,37.814,37.0104,36.3239,35.7327,35.2194,34.7701,34.3737,34.0212,33.7052,33.4197,33.1597,32.9213,32.701,32.4961,32.3043,32.1237,31.9528,31.7903,31.6353,31.487,31.3448,31.2083,31.0772,30.9515,30.8311,30.7162,30.6071,30.5041,30.4079,30.3189,30.2381,30.1664,30.1048,30.0547,30.0176,29.9953,29.9899,30.0039,30.0403,30.1024,30.1946,30.3218,30.4903,30.7076,30.9831,31.3284,31.7581,32.2908,32.9503,33.7669,34.7801,36.0406,37.6138,39.5824,42.0475,45.123,48.9157,53.4726,58.6771,64.0951,68.8592,71.8039,72.0014,69.3812,64.7911,59.4173,54.1891,49.5909,45.7667,42.6808,40.2303,38.3019,36.7944,35.6252,34.7296,34.0582,33.5736,33.2481,33.0614,32.9991,33.0514,33.2126,33.4804,33.8556,34.342,34.9465,35.6792,36.5541,37.5897,38.8096,40.2442,41.9324,43.9235,46.2806,49.084,52.4361,56.4663,61.3365,67.2421,74.4068,83.0562,93.356,105.291,118.479,131.954,144.048,152.564,155.46,151.913,142.969,131.008,118.46,106.932,97.1214,89.1249,82.7532,77.7246,73.7587,70.6121,68.0875,66.0309,64.3265,62.8903,61.6645,60.6116,59.7096,58.9478,58.3232,57.8378,57.4961,57.3042,57.2686,57.396,57.6927,58.1652,58.8197,59.6627,60.7006,61.9401,63.3878,65.0502,66.9333,69.0418,71.3787,73.9443,76.735,79.7418,82.9491,86.3325,89.8572,93.4762,97.1288,100.74,104.219,107.465,110.365,112.803,114.666,115.856,116.302,115.961,114.831,112.948,110.382,107.233,103.615,
 ,-51,113.033,114.578,115.819,116.733,117.302,117.516,117.371,116.872,116.032,114.869,113.409,111.682,109.719,107.557,105.229,102.77,100.214,97.5896,94.9255,92.2461,89.5728,86.924,84.3149,81.7581,79.2635,76.8388,74.4898,72.2205,70.0335,67.9302,65.9109,63.9751,62.1218,60.3493,58.6557,57.0387,55.4957,54.0242,52.6214,51.2846,50.0111,48.7981,47.6431,46.5434,45.4965,44.5001,43.5519,42.6496,41.7912,40.9746,40.1981,39.4597,38.7579,38.091,37.4576,36.8562,36.2855,35.7443,35.2314,34.7458,34.2864,33.8523,33.4427,33.0567,32.6937,32.3529,32.0338,31.7358,31.4584,31.2013,30.9639,30.7461,30.5477,30.3683,30.2081,30.0669,29.9447,29.8419,29.7585,29.695,29.6519,29.6297,29.6293,29.6516,29.6979,29.7694,29.8681,29.996,30.1557,30.3502,30.5832,30.8594,31.1841,31.5642,32.008,32.5259,33.1307,33.8388,34.6705,35.6523,36.8177,38.2102,39.8864,41.9195,44.404,47.4596,51.2307,55.876,61.5294,68.2101,75.6608,83.1639,89.5437,93.6344,95.0812,94.6998,93.9055,93.7838,94.5295,95.3716,94.94,92.0778,86.6531,79.5995,72.1822,65.3218,59.432,54.573,50.6373,47.4679,44.9119,42.8397,41.1473,39.7537,38.5962,37.6265,36.8071,36.1089,35.509,34.9895,34.5359,34.1367,33.7827,33.4661,33.181,32.9223,32.6856,32.4678,32.2658,32.0773,31.9004,31.7336,31.5755,31.4251,31.2816,31.1444,31.0129,30.8871,30.7666,30.6515,30.5419,30.4381,30.3405,30.2494,30.1657,30.09,30.0233,29.9667,29.9215,29.8893,29.8718,29.8712,29.89,29.9312,29.9983,30.0957,30.2284,30.4027,30.6266,30.9094,31.2633,31.7034,32.2491,32.925,33.7632,34.8055,36.1062,37.7361,39.7863,42.3704,45.6214,49.6717,54.5987,60.3067,66.3399,71.7209,75.0822,75.3078,72.3105,67.1116,61.1102,55.3602,50.3756,46.2812,43.0108,40.4347,38.4199,36.8517,35.639,34.7113,34.0154,33.5114,33.17,32.9696,32.8951,32.936,33.0862,33.343,33.7069,34.1813,34.7728,35.4912,36.3502,37.3674,38.5662,39.9759,41.6343,43.589,45.9011,48.6477,51.9271,55.8632,60.6105,66.3569,73.3203,81.7316,91.7891,103.566,116.843,130.867,144.072,154.045,158.179,155.101,145.77,132.92,119.395,107.029,96.5745,88.102,81.3788,76.0874,71.924,68.6312,66.0037,63.8826,62.1486,60.7139,59.5159,58.512,57.6742,56.9861,56.439,56.0297,55.7584,55.628,55.6421,55.8052,56.1223,56.5983,57.2384,58.048,59.0323,60.1966,61.5459,63.085,64.8176,66.7463,68.8718,71.1919,73.7007,76.3876,79.2358,82.2208,85.3095,88.4588,91.6143,94.7103,97.6707,100.411,102.839,104.86,106.388,107.345,107.675,107.347,106.359,104.74,102.544,99.8479,96.7414,
 ,-52,108.526,109.94,111.075,111.912,112.434,112.634,112.507,112.059,111.3,110.246,108.919,107.346,105.554,103.574,101.438,99.1757,96.8167,94.3887,91.9169,89.4241,86.9305,84.453,82.0064,79.603,77.2523,74.9624,72.739,70.5866,68.5081,66.5053,64.579,62.7293,60.9556,59.2566,57.631,56.0766,54.5917,53.1738,51.8206,50.5297,49.2987,48.1251,47.0067,45.9409,44.9257,43.9586,43.0377,42.1609,41.3262,40.5319,39.776,39.0571,38.3734,37.7235,37.106,36.5195,35.9628,35.4348,34.9343,34.4603,34.0118,33.588,33.1881,32.8112,32.4567,32.124,31.8125,31.5216,31.2508,30.9999,30.7685,30.5562,30.3629,30.1884,30.0326,29.8956,29.7773,29.6781,29.598,29.5376,29.4973,29.4777,29.4796,29.504,29.5521,29.6254,29.7256,29.8548,30.0156,30.211,30.445,30.7218,31.0472,31.428,31.8725,32.3911,32.9969,33.7063,34.5399,35.5243,36.6936,38.0919,39.7765,41.8223,44.3256,47.4094,51.2231,55.9322,61.6796,68.4933,76.1168,83.8131,90.3592,94.5323,95.9589,95.4983,94.6385,94.5171,95.3362,96.2849,95.9183,93.0126,87.4304,80.1601,72.5313,65.4996,59.4843,54.5377,50.542,47.3314,44.7469,42.6547,40.9481,39.5442,38.3794,37.4044,36.5813,35.8807,35.2794,34.7593,34.3058,33.9074,33.5546,33.2399,32.9571,32.7009,32.4673,32.2528,32.0544,31.8699,31.6971,31.5347,31.3811,31.2353,31.0966,30.9641,30.8376,30.7166,30.6011,30.4909,30.3861,30.2871,30.1942,30.1077,30.0284,29.9571,29.8946,29.8421,29.8008,29.7723,29.7585,29.7613,29.7834,29.8277,29.8978,29.998,30.1334,30.3103,30.5366,30.8217,31.1779,31.6203,32.1682,32.8465,33.6873,34.7324,36.0366,37.671,39.7272,42.3197,45.5828,49.6508,54.6032,60.3461,66.4221,71.8463,75.2367,75.4636,72.4386,67.1955,61.1484,55.3602,50.3468,46.2316,42.9462,40.3589,38.3351,36.7596,35.5402,34.6063,33.9042,33.3939,33.0458,32.8383,32.7559,32.7882,32.9288,33.1749,33.5265,33.987,34.5625,35.2622,36.0992,37.0905,38.258,39.6299,41.2417,43.1384,45.3771,48.0299,51.1878,54.9654,59.5047,64.9788,71.591,79.563,89.1036,100.334,113.14,126.91,140.199,150.583,155.282,152.694,143.666,130.959,117.489,105.141,94.6849,86.1976,79.4493,74.1269,69.9313,66.6103,63.9632,61.8347,60.1073,58.6939,57.5307,56.5731,55.7901,55.1616,54.6753,54.3247,54.1068,54.0217,54.0709,54.257,54.5835,55.0539,55.6725,56.443,57.3698,58.4568,59.7074,61.1248,62.7111,64.4668,66.3907,68.4789,70.7238,73.1138,75.6316,78.2535,80.9486,83.6777,86.3929,89.0375,91.5472,93.8527,95.878,97.5484,98.7946,99.5575,99.7934,99.4789,98.6128,97.2166,95.333,93.0211,90.352,
 ,-53,104.119,105.411,106.448,107.214,107.693,107.879,107.77,107.368,106.684,105.731,104.529,103.099,101.467,99.6596,97.7038,95.6271,93.4559,91.2151,88.9276,86.6145,84.2942,81.983,79.6948,77.4412,75.2318,73.0744,70.9752,68.9385,66.9677,65.065,63.2317,61.468,59.774,58.1489,56.5916,55.1005,53.6741,52.3104,51.0074,49.763,48.5752,47.4416,46.3603,45.3291,44.3459,43.4087,42.5157,41.6648,40.8543,40.0826,39.3478,38.6486,37.9834,37.3509,36.7496,36.1783,35.6359,35.1213,34.6334,34.1712,33.7339,33.3205,32.9304,32.5628,32.217,31.8925,31.5886,31.3049,31.041,30.7964,30.5709,30.3642,30.1761,30.0064,29.8551,29.7222,29.6079,29.5121,29.4353,29.3779,29.3402,29.3229,29.3269,29.3531,29.4027,29.4771,29.5781,29.7078,29.8688,30.064,30.2973,30.5731,30.8968,31.2753,31.7167,32.2314,32.832,33.5347,34.3596,35.3327,36.4869,37.8649,39.5217,41.5287,43.977,46.9813,50.6786,55.2166,60.7152,67.1797,74.3508,81.5416,87.6541,91.6165,93.1083,92.8776,92.2256,92.1567,92.8503,93.5846,93.0842,90.277,85.0415,78.2449,71.075,64.4119,58.664,53.9014,50.0301,46.9033,44.3758,42.3229,40.644,39.26,38.1098,37.1459,36.3315,35.6378,35.0425,34.5275,34.0787,33.6847,33.3361,33.0255,32.7468,32.4948,32.2654,32.0552,31.8613,31.6812,31.5131,31.3552,31.2064,31.0653,30.9313,30.8037,30.6819,30.5656,30.4546,30.349,30.2486,30.1539,30.0651,29.9826,29.9071,29.8394,29.7803,29.7309,29.6926,29.6668,29.6553,29.6603,29.6841,29.7298,29.8009,29.9015,30.0368,30.213,30.4376,30.7201,31.0722,31.5086,32.0481,32.7145,33.5387,34.5603,35.831,37.4171,39.4028,41.8916,45.0009,48.8419,53.4669,58.7626,64.2904,69.1625,72.1785,72.3785,69.6892,64.9876,59.4965,54.168,49.4924,45.611,42.4829,40.0003,38.0463,36.5171,35.3284,34.4143,33.7245,33.221,32.8756,32.6675,32.5818,32.6084,32.741,32.9766,33.3154,33.7602,34.3168,34.9939,35.8036,36.7618,37.889,39.2113,40.7614,42.5808,44.7213,47.2482,50.2429,53.8072,58.0664,63.1723,69.3024,76.6518,85.4065,95.6797,107.378,119.96,132.129,141.708,146.203,144.159,136.252,124.868,112.6,101.192,91.4086,83.3797,76.9347,71.8096,67.7423,64.5066,61.9198,59.8389,58.1545,56.784,55.6664,54.7572,54.0248,53.4476,53.0113,52.7071,52.5302,52.4784,52.5515,52.7508,53.0781,53.536,54.1274,54.8552,55.7222,56.7313,57.8846,59.1839,60.6296,62.2209,63.955,65.8267,67.8275,69.9451,72.1624,74.457,76.8006,79.1578,81.487,83.7396,85.8615,87.7961,89.4813,90.8575,91.8702,92.4731,92.6329,92.3314,91.5679,90.3592,88.7382,86.7511,84.4536,
 ,-54,99.8361,101.016,101.963,102.662,103.102,103.276,103.183,102.824,102.209,101.35,100.262,98.9653,97.4816,95.8343,94.0475,92.1452,90.151,88.0874,85.9752,83.8335,81.6795,79.5283,77.393,75.2847,73.2128,71.185,69.2072,67.2843,65.4197,63.6159,61.8747,60.1966,58.582,57.0306,55.5416,54.1139,52.7462,51.4369,50.1844,48.987,47.8426,46.7494,45.7057,44.7094,43.7586,42.8517,41.9868,41.1623,40.3763,39.6275,38.9142,38.235,37.5886,36.9736,36.3888,35.833,35.3051,34.8041,34.329,33.8788,33.4528,33.0501,32.6699,32.3117,31.9747,31.6585,31.3624,31.086,30.8289,30.5908,30.3713,30.1702,29.9873,29.8225,29.6757,29.547,29.4364,29.3442,29.2705,29.2158,29.1806,29.1655,29.1713,29.1989,29.2495,29.3246,29.4259,29.5553,29.7155,29.9093,30.1405,30.4133,30.7331,31.1064,31.5412,32.0473,32.6368,33.3251,34.1314,35.0797,36.2009,37.5343,39.1298,41.0511,43.3782,46.2081,49.6528,53.8244,58.7994,64.5453,70.8072,77.0036,82.2717,85.8092,87.3841,87.5444,87.2509,87.2591,87.7048,88.0395,87.3082,84.7204,80.1856,74.349,68.128,62.2469,57.0803,52.7275,49.1385,46.2054,43.8117,41.8524,40.2399,38.904,37.7892,36.8519,36.0579,35.3804,34.798,34.2937,33.854,33.4679,33.1264,32.8223,32.5495,32.3033,32.0794,31.8745,31.6858,31.5108,31.3477,31.1949,31.051,30.9148,30.7856,30.6626,30.5454,30.4336,30.327,30.2255,30.1292,30.0383,29.9531,29.874,29.8017,29.7368,29.6803,29.6333,29.5969,29.5727,29.5624,29.5682,29.5923,29.6377,29.7078,29.8066,29.9392,30.1113,30.3304,30.6054,30.9472,31.37,31.891,32.5323,33.3222,34.2964,35.5004,36.9919,38.8417,41.1331,43.955,47.3805,51.4202,55.9375,60.5362,64.4961,66.9049,67.0624,64.9175,61.1084,56.5571,52.0276,47.956,44.5033,41.6705,39.3892,37.572,36.1361,35.0112,34.1406,33.48,32.9955,32.6615,32.4591,32.3743,32.3979,32.5239,32.7496,33.075,33.5027,34.0379,34.6888,35.4665,36.3855,37.4645,38.7271,40.203,41.929,43.9509,46.3259,49.1244,52.4331,56.3571,61.0217,66.5705,73.156,80.9152,89.9107,100.016,110.724,120.927,128.876,132.655,131.165,124.892,115.612,105.348,95.5575,86.9665,79.7734,73.9006,69.1641,65.3615,62.3088,59.852,57.8678,56.2596,54.9533,53.8928,53.0366,52.3541,51.8237,51.4304,51.1643,51.0193,50.9919,51.0807,51.2856,51.6075,52.0478,52.6082,53.2907,54.0972,55.0293,56.088,57.2739,58.5862,60.0229,61.5802,63.2518,65.0289,66.899,68.8456,70.848,72.8801,74.911,76.9044,78.8189,80.6095,82.2297,83.6291,84.76,85.5794,86.0513,86.1497,85.8608,85.184,84.1325,82.7318,81.018,79.0349,
 ,-55,95.6942,96.7705,97.6348,98.2738,98.6779,98.8412,98.7621,98.4433,97.8915,97.1174,96.135,94.961,93.6144,92.1156,90.4858,88.7463,86.9181,85.0211,83.0744,81.0953,79.0995,77.1012,75.1126,73.1443,71.2053,69.303,67.4435,65.6316,63.871,62.1644,60.5138,58.9202,57.3842,55.9058,54.4847,53.1201,51.811,50.5561,49.3542,48.2037,47.1029,46.0504,45.0443,44.0832,43.1652,42.2888,41.4523,40.6543,39.8932,39.1675,38.4759,37.817,37.1896,36.5924,36.0242,35.4841,34.9709,34.4837,34.0215,33.5835,33.1689,32.7769,32.4069,32.0582,31.7302,31.4223,31.1341,30.8651,30.6149,30.3833,30.1698,29.9744,29.7967,29.6368,29.4945,29.3699,29.2631,29.1743,29.1037,29.0517,29.0188,29.0056,29.013,29.0417,29.093,29.1682,29.269,29.3975,29.5559,29.7473,29.9749,30.2431,30.5568,30.9223,31.3471,31.8403,32.4134,33.0804,33.8589,34.7708,35.8436,37.1118,38.6184,40.4169,42.5721,45.1593,48.2595,51.9444,56.2453,61.0977,66.2693,71.3087,75.6063,78.6275,80.2214,80.7341,80.7818,80.8584,81.0534,81.0029,80.0855,77.7967,74.0818,69.3662,64.2832,59.3738,54.9565,51.1497,47.948,45.2873,43.0855,41.2626,39.7484,38.4843,37.4229,36.5259,35.763,35.1098,34.5468,34.0585,33.632,33.2571,32.9253,32.6299,32.365,32.1259,31.9088,31.7102,31.5275,31.3583,31.2008,31.0533,30.9146,30.7835,30.6592,30.5409,30.4282,30.3207,30.2182,30.1206,30.028,29.9404,29.8583,29.7821,29.7123,29.6496,29.5949,29.5493,29.5139,29.4903,29.4801,29.4853,29.5083,29.5518,29.619,29.7139,29.8411,30.0063,30.2162,30.4792,30.8054,31.2075,31.7013,32.3063,33.047,33.9542,35.0658,36.4279,38.0953,40.1277,42.5821,45.4925,48.8321,52.4542,56.0272,59.0165,60.7966,60.911,59.3283,56.4638,52.9438,49.3281,45.976,43.0531,40.5971,38.5797,36.9463,35.6386,34.6032,33.7949,33.1775,32.7223,32.4072,32.2158,32.1358,32.1589,32.2797,32.4959,32.8075,33.2168,33.7287,34.3504,35.0921,35.9668,36.9911,38.1861,39.5777,41.1979,43.0861,45.2905,47.8696,50.8941,54.4476,58.6265,63.5364,69.2812,75.9388,83.5097,91.8269,100.425,108.417,114.528,117.445,116.446,111.846,104.827,96.8087,88.9082,81.7625,75.6179,70.486,66.2677,62.8278,60.0313,57.7587,55.9104,54.406,53.1822,52.1899,51.3919,50.7602,50.2744,49.9198,49.6861,49.5668,49.5574,49.6558,49.8609,50.1727,50.5917,51.1188,51.755,52.5012,53.3583,54.3262,55.4044,56.5913,57.884,59.2779,60.7663,62.34,63.9869,65.6915,67.4346,69.1929,70.9392,72.6421,74.2666,75.7754,77.1303,78.2903,79.2173,79.8773,80.242,80.2912,80.0142,79.4107,78.491,77.2749,75.7908,74.0731,
 ,-56,91.7056,92.6877,93.4766,94.0608,94.4322,94.5856,94.5197,94.2368,93.7427,93.0466,92.1605,91.0989,89.8782,88.5164,87.0318,85.4434,83.7697,82.0286,80.2372,78.4114,76.5653,74.7122,72.8635,71.0291,69.2177,67.4365,65.6913,63.9872,62.3278,60.7161,59.1542,57.6435,56.1849,54.7786,53.4246,52.1224,50.8715,49.6707,48.5191,47.4154,46.3582,45.3462,44.378,43.4521,42.5669,41.7211,40.9133,40.1419,39.4057,38.7034,38.0336,37.3952,36.7869,36.2076,35.6564,35.132,34.6336,34.1603,33.7113,33.2856,32.8826,32.5015,32.1417,31.8025,31.4835,31.1841,30.9039,30.6424,30.3992,30.174,29.9667,29.7769,29.6046,29.4495,29.3117,29.1913,29.0882,29.0027,28.9351,28.8856,28.8549,28.8435,28.852,28.8816,28.9331,29.0081,29.108,29.2347,29.3906,29.5783,29.8012,30.0632,30.3689,30.7242,31.136,31.6127,32.1646,32.8045,33.5478,34.4139,35.4262,36.6137,38.0118,39.6625,41.6149,43.9222,46.6362,49.7934,53.3908,57.3493,61.4739,65.4386,68.8419,71.3513,72.8706,73.5927,73.8698,73.9899,74.0049,73.6993,72.7121,70.7566,67.8096,64.1333,60.1344,56.1889,52.5474,49.3295,46.5607,44.2137,42.2389,40.5809,39.1876,38.0131,37.0191,36.1735,35.4505,34.8286,34.2908,33.8228,33.4133,33.0527,32.7332,32.4485,32.1932,31.9627,31.7534,31.5621,31.3862,31.2235,31.0721,30.9304,30.7971,30.6713,30.5519,30.4384,30.3302,30.2269,30.1283,30.0344,29.945,29.8605,29.781,29.707,29.6391,29.5779,29.5243,29.4793,29.4441,29.42,29.4088,29.4122,29.4327,29.4726,29.5353,29.6243,29.7439,29.8993,30.0968,30.3439,30.6498,31.0256,31.485,32.0448,32.7255,33.5519,34.5538,35.7657,37.226,38.9726,41.0343,43.4147,46.0643,48.8448,51.4979,53.6526,54.9084,54.9874,53.8716,51.8138,49.2116,46.4489,43.8009,41.42,39.3648,37.6374,36.212,35.0528,34.1233,33.3904,32.8262,32.408,32.1177,31.9416,31.8694,31.894,32.0109,32.218,32.5155,32.9055,33.3923,33.9826,34.6851,35.5115,36.4763,37.5977,38.8979,40.4039,42.1484,44.1708,46.5178,49.2441,52.4123,56.0908,60.3492,65.246,70.8065,76.982,83.5863,90.2191,96.2163,100.709,102.866,102.249,99.0501,94.0018,88.0335,81.9415,76.2433,71.1932,66.8632,63.2242,60.2011,57.7058,55.6533,53.9683,52.5879,51.4606,50.5454,49.8103,49.231,48.7887,48.47,48.265,48.1668,48.171,48.2746,48.476,48.7745,49.1699,49.6624,50.2523,50.9396,51.7244,52.6059,53.5829,54.6529,55.8125,57.0566,58.3783,59.7684,61.2153,62.7047,64.2191,65.7378,67.237,68.6898,70.0667,71.3364,72.468,73.4279,74.1857,74.7143,74.9915,75.0013,74.7357,74.1943,73.3852,72.3239,71.0327,69.539,
 ,-57,87.8783,88.7746,89.4949,90.0295,90.3712,90.5156,90.4618,90.2115,89.7698,89.1446,88.3461,87.3871,86.2818,85.0455,83.6947,82.2459,80.7155,79.1195,77.4733,75.7911,74.086,72.3702,70.6541,68.9473,67.2577,65.5925,63.9575,62.3573,60.7959,59.2763,57.8008,56.3711,54.9881,53.6525,52.3645,51.1239,49.9304,48.7831,47.6814,46.6242,45.6103,44.6388,43.7082,42.8174,41.9651,41.1499,40.3707,39.6261,38.915,38.236,37.5882,36.9703,36.3812,35.8201,35.2857,34.7773,34.2939,33.8346,33.3987,32.9854,32.5941,32.2239,31.8744,31.545,31.2351,30.9442,30.672,30.418,30.1819,29.9633,29.7621,29.578,29.411,29.2608,29.1275,29.0111,28.9117,28.8295,28.7648,28.7178,28.6891,28.6792,28.6888,28.7189,28.7704,28.8446,28.943,29.0674,29.22,29.4032,29.6202,29.8746,30.1707,30.5138,30.9101,31.3672,31.8943,32.5024,33.205,34.0183,34.9618,36.0589,37.3371,38.8276,40.565,42.5836,44.9117,47.5606,50.5077,53.6747,56.9091,59.9865,62.6519,64.7034,66.0763,66.8649,67.2525,67.3919,67.31,66.8903,65.9411,64.316,62.0133,59.1928,56.1064,53.0043,50.0722,47.4161,45.0767,43.052,41.3171,39.8378,38.5783,37.5049,36.5879,35.8019,35.1253,34.5404,34.0323,33.5886,33.1992,32.8555,32.5506,32.2785,32.0343,31.8137,31.6134,31.4304,31.2621,31.1064,30.9616,30.8261,30.6987,30.5783,30.4641,30.3553,30.2516,30.1524,30.0575,29.9669,29.8806,29.7987,29.7214,29.6492,29.5826,29.5223,29.469,29.4238,29.3878,29.3624,29.349,29.3495,29.3661,29.4012,29.4576,29.5388,29.6487,29.792,29.9744,30.2025,30.4843,30.8294,31.2493,31.7578,32.3714,33.1091,33.993,35.047,36.2953,37.7581,39.4439,41.3375,43.3819,45.4592,47.3796,48.8968,49.7634,49.816,49.0446,47.5981,45.7207,43.6646,41.6294,39.7425,38.0681,36.6265,35.4126,34.4086,33.5923,32.9417,32.4368,32.0604,31.7989,31.6411,31.5789,31.6066,31.7204,31.9188,32.2019,32.5718,33.0325,33.5895,34.2507,35.0261,35.9281,36.9721,38.1766,39.5637,41.1599,42.996,45.1076,47.535,50.3218,53.5121,57.1451,61.2438,65.7961,70.726,75.8539,80.8584,85.2666,88.5134,90.0917,89.7458,87.5905,84.0643,79.7513,75.1932,70.7835,66.7519,63.1988,60.1405,57.5481,55.3719,53.557,52.0508,50.8066,49.7847,48.9526,48.284,47.7581,47.3589,47.0743,46.8952,46.8151,46.8295,46.9353,47.1304,47.4136,47.7843,48.2419,48.7862,49.4167,50.1326,50.9327,51.8151,52.777,53.8144,54.922,56.0928,57.3181,58.5868,59.8859,61.1995,62.5093,63.7947,65.0327,66.1984,67.2659,68.2097,69.0026,69.6201,70.0404,70.2461,70.2247,69.9697,69.4811,68.765,67.8337,66.7049,65.4003,
 ,-58,84.2164,85.0349,85.6932,86.1827,86.4976,86.634,86.5909,86.3701,85.9759,85.4149,84.6961,83.8305,82.8303,81.709,80.4809,79.1606,77.7626,76.3011,74.7899,73.2418,71.6689,70.0821,68.4913,66.9053,65.3317,63.7772,62.2475,60.7472,59.2802,57.8496,56.4579,55.1067,53.7975,52.531,51.3076,50.1275,48.9903,47.8958,46.8433,45.832,44.8611,43.9296,43.0365,42.1806,41.361,40.5764,39.8257,39.1078,38.4217,37.7662,37.1403,36.543,35.9733,35.4302,34.9129,34.4204,33.952,33.5068,33.0842,32.6834,32.3038,31.9447,31.6055,31.2858,30.9851,30.7028,30.4387,30.1922,29.9632,29.7513,29.5562,29.3779,29.2161,29.0708,28.942,28.8297,28.734,28.655,28.593,28.5484,28.5215,28.513,28.5235,28.5539,28.605,28.6781,28.7746,28.8961,29.0448,29.2227,29.4329,29.6786,29.9637,30.2929,30.6718,31.107,31.6065,32.1797,32.8378,33.5942,34.4644,35.4665,36.6209,37.9496,39.4751,41.217,43.1874,45.3822,47.771,50.2852,52.8113,55.1984,57.2859,58.9494,60.142,60.9018,61.3158,61.4582,61.3418,60.908,60.0633,58.7409,56.9519,54.796,52.4291,50.0143,47.6838,45.5244,43.5796,41.8616,40.3622,39.0631,37.9417,36.9746,36.1401,35.4187,34.7933,34.2493,33.7744,33.358,32.9913,32.6668,32.3783,32.1204,31.8887,31.6794,31.4891,31.3152,31.1552,31.0072,30.8695,30.7406,30.6194,30.5047,30.3958,30.2919,30.1926,30.0975,30.0062,29.9188,29.8352,29.7555,29.68,29.6091,29.5433,29.4831,29.4295,29.3833,29.3457,29.3179,29.3014,29.2979,29.3095,29.3383,29.387,29.4589,29.5573,29.6866,29.8516,30.0581,30.3131,30.6244,31.0015,31.4553,31.9985,32.645,33.4101,34.309,35.355,36.5557,37.9071,39.3852,40.9358,42.4653,43.8398,44.8995,45.4938,45.5272,44.9943,43.9825,42.6399,41.1287,39.5888,38.1196,36.781,35.6011,34.5871,33.734,33.0305,32.4636,32.0199,31.6878,31.457,31.3193,31.2686,31.3002,31.4115,31.6013,31.87,32.2194,32.653,33.1757,33.7942,34.517,35.3545,36.3193,37.4265,38.6938,40.1415,41.7931,43.6744,45.8131,48.2373,50.9717,54.0329,57.4195,61.0984,64.9856,68.9246,72.6708,75.8987,78.2487,79.4159,79.2528,77.8274,75.4,72.3319,68.9818,65.6354,62.4826,59.6271,57.1097,54.9309,53.0694,51.494,50.1709,49.0677,48.1555,47.4094,46.8087,46.3366,45.9798,45.7278,45.5727,45.5085,45.531,45.6368,45.8238,46.0907,46.4361,46.8593,47.3594,47.9356,48.5865,49.3106,50.1053,50.9677,51.8935,52.8773,53.9123,54.9902,56.1008,57.2321,58.3699,59.4982,60.5992,61.6531,62.6391,63.5355,64.3217,64.9751,65.476,65.8072,65.9546,65.9084,65.6635,65.2197,64.5821,63.7604,62.7685,61.6237,
 ,-59,80.7214,81.4694,82.0715,82.5205,82.8111,82.9402,82.9069,82.7127,82.3613,81.8585,81.2119,80.431,79.5265,78.5101,77.3943,76.1918,74.9157,73.5785,72.1924,70.7692,69.3196,67.8538,66.3808,64.9088,63.445,61.9957,60.5664,59.1616,57.7851,56.4402,55.1292,53.8542,52.6165,51.4172,50.2568,49.1356,48.0538,47.011,46.0069,45.0409,44.1123,43.2204,42.3643,41.543,40.7558,40.0015,39.2792,38.588,37.9268,37.2947,36.6907,36.1139,35.5635,35.0386,34.5383,34.0618,33.6084,33.1774,32.7681,32.3798,32.012,31.6639,31.3352,31.0254,30.7338,30.4602,30.2042,29.9653,29.7434,29.5381,29.3493,29.1767,29.0202,28.8798,28.7554,28.6472,28.555,28.4792,28.42,28.3776,28.3526,28.3453,28.3565,28.3869,28.4373,28.509,28.6033,28.7215,28.8656,29.0377,29.2403,29.4764,29.7494,30.0636,30.4237,30.8354,31.3055,31.8419,32.4537,33.1514,33.947,34.8541,35.8869,37.0602,38.3871,39.8772,41.532,43.3401,45.2704,47.2669,49.2475,51.1111,52.7551,54.1002,55.11,55.7938,56.1879,56.3251,56.2108,55.8174,55.1037,54.0444,52.6564,51.0048,49.1879,47.3123,45.4705,43.7297,42.1299,40.6892,39.4095,38.2831,37.2972,36.4366,35.6863,35.0318,34.4601,33.9597,33.5204,33.1335,32.7915,32.488,32.2174,31.9752,31.7573,31.5601,31.3808,31.2168,31.066,30.9263,30.7962,30.6744,30.5596,30.4509,30.3475,30.2486,30.1538,30.0627,29.975,29.8906,29.8094,29.7316,29.6575,29.5874,29.5217,29.4612,29.4065,29.3586,29.3185,29.2875,29.2669,29.2583,29.2636,29.285,29.3248,29.3859,29.4713,29.5849,29.7309,29.9141,30.1404,30.4162,30.7489,31.147,31.6196,32.1766,32.8277,33.5816,34.4439,35.4142,36.4822,37.6219,38.7869,39.9062,40.8876,41.6283,42.0363,42.0556,41.6831,40.9708,40.0089,38.9013,37.7438,36.6112,35.5539,34.6013,33.7666,33.0526,32.4557,31.9695,31.5861,31.298,31.0984,30.9814,30.9426,30.9787,31.0877,31.2691,31.5231,31.8518,32.2579,32.7458,33.321,33.9907,34.7633,35.649,36.6596,37.8089,39.112,40.5859,42.2483,44.1168,46.2073,48.5306,51.0881,53.8641,56.8169,59.8672,62.8874,65.698,68.0791,69.8029,70.6857,70.6415,69.7113,68.0506,65.8831,63.4436,60.9337,58.5017,56.2414,54.2017,52.3999,50.833,49.487,48.3424,47.3787,46.5757,45.9155,45.3826,44.9637,44.6483,44.4276,44.2948,44.2448,44.2736,44.3781,44.5562,44.8061,45.1265,45.5162,45.9741,46.4989,47.089,47.7423,48.4563,49.2277,50.052,50.9241,51.8374,52.784,53.7547,54.7384,55.7228,56.6937,57.6357,58.5321,59.3652,60.117,60.7706,61.3076,61.7118,61.9695,62.0693,62.0034,61.7679,61.3626,60.7915,60.0623,59.1861,58.1768,
 ,-60,77.3923,78.0765,78.6279,79.0403,79.3091,79.4316,79.4072,79.2369,78.9241,78.4737,77.8924,77.1883,76.3706,75.4497,74.4364,73.3419,72.1777,70.9549,69.6845,68.3771,67.0423,65.6894,64.3268,62.962,61.6018,60.2521,58.9182,57.6044,56.3145,55.0516,53.8183,52.6167,51.4481,50.3138,49.2146,48.1509,47.123,46.1307,45.174,44.2524,43.3654,42.5125,41.6929,40.9059,40.1507,39.4264,38.7323,38.0675,37.4311,36.8222,36.2401,35.6838,35.1526,34.6458,34.1625,33.702,33.2637,32.8468,32.4508,32.0751,31.719,31.3821,31.0639,30.7638,30.4815,30.2165,29.9686,29.7374,29.5226,29.324,29.1414,28.9745,28.8234,28.6879,28.568,28.4637,28.3752,28.3025,28.2459,28.2058,28.1824,28.1762,28.188,28.2182,28.2679,28.3379,28.4295,28.5441,28.6833,28.849,29.0435,29.2693,29.5296,29.828,30.1684,30.5559,30.9958,31.4947,32.0597,32.699,33.4216,34.237,35.1548,36.184,37.3315,38.6001,39.9857,41.474,43.037,44.6309,46.1966,47.6657,48.9711,50.0597,50.9027,51.4959,51.8509,51.98,51.885,51.5542,50.972,50.1333,49.0562,47.7854,46.385,44.9255,43.4716,42.0738,40.7662,39.5679,38.4858,37.519,36.6613,35.9037,35.2362,34.6488,34.1316,33.6759,33.2736,32.9176,32.6018,32.3206,32.0693,31.8439,31.6407,31.4568,31.2893,31.136,30.9948,30.8641,30.7422,30.6279,30.52,30.4176,30.3198,30.2261,30.1359,30.0488,29.9645,29.8829,29.804,29.7278,29.6547,29.5849,29.5189,29.4573,29.4009,29.3505,29.3071,29.2719,29.2463,29.2316,29.2298,29.2426,29.2723,29.3214,29.3926,29.4893,29.615,29.7738,29.9704,30.21,30.4982,30.8413,31.2458,31.7179,32.2635,32.8865,33.5876,34.3622,35.1975,36.0695,36.9405,37.7585,38.4605,38.9803,39.2612,39.2695,39.0038,38.4954,37.8002,36.9851,36.1152,35.2452,34.4156,33.6532,32.9733,32.3826,31.8825,31.471,31.1445,30.8986,30.7291,30.6323,30.6052,30.6456,30.7524,30.9253,31.1648,31.4725,31.8511,32.3042,32.8363,33.4533,34.1618,34.9699,35.8867,36.9223,38.0877,39.3943,40.8535,42.4753,44.2667,46.2292,48.3549,50.6218,52.9875,55.383,57.7089,59.8362,61.6172,62.9068,63.5928,63.6243,63.0262,61.8932,60.3652,58.5957,56.7253,54.8656,53.0951,51.4621,49.9909,48.6895,47.5548,46.578,45.7471,45.0494,44.4726,44.0055,43.6382,43.3626,43.1716,43.0597,43.0225,43.0564,43.1587,43.3273,43.5603,43.8563,44.2139,44.6318,45.1084,45.6418,46.2299,46.8698,47.5582,48.2907,49.0623,49.8669,50.6969,51.544,52.3984,53.249,54.0836,54.8888,55.6503,56.3533,56.983,57.5251,57.9647,58.2885,58.4855,58.5464,58.4652,58.2385,57.8663,57.3517,56.7009,55.9228,55.0287,
 ,-61,74.2261,74.8528,75.3585,75.7379,75.9871,76.1037,76.0872,75.9385,75.6604,75.2573,74.735,74.1003,73.3615,72.5273,71.6073,70.6115,69.5498,68.4322,67.2685,66.0681,64.8399,63.5922,62.3328,61.0685,59.8057,58.55,57.3063,56.0789,54.8715,53.687,52.5281,51.3969,50.2949,49.2234,48.1834,47.1755,46.1999,45.257,44.3465,43.4684,42.6222,41.8075,41.0238,40.2705,39.5468,38.8522,38.186,37.5473,36.9354,36.3496,35.7891,35.2532,34.7412,34.2523,33.786,33.3415,32.9182,32.5155,32.1328,31.7695,31.4253,31.0995,30.7917,30.5014,30.2284,29.9721,29.7324,29.5088,29.3012,29.1092,28.9328,28.7717,28.6259,28.4953,28.3798,28.2796,28.1946,28.125,28.0711,28.033,28.0113,28.0062,28.0183,28.0483,28.097,28.1652,28.254,28.3646,28.4986,28.6576,28.8436,29.0589,29.3061,29.5882,29.9087,30.2716,30.6813,31.143,31.6622,32.2451,32.898,33.6274,34.4394,35.3389,36.3284,37.4068,38.5674,39.7958,41.0682,42.3509,43.6014,44.7726,45.819,46.7037,47.4034,47.909,48.2208,48.3418,48.272,48.0075,47.5444,46.8864,46.0505,45.0685,43.9838,42.8442,41.6951,40.5744,39.5096,38.5184,37.6099,36.7867,36.0471,35.3864,34.7984,34.2762,33.813,33.4022,33.0374,32.7132,32.4243,32.1663,31.9353,31.7275,31.54,31.37,31.2152,31.0733,30.9425,30.8212,30.7081,30.6017,30.5011,30.4053,30.3136,30.2252,30.1397,30.0566,29.9757,29.8968,29.8199,29.745,29.6725,29.6025,29.5357,29.4724,29.4136,29.36,29.3125,29.2723,29.2407,29.2191,29.209,29.2123,29.2308,29.2669,29.323,29.4019,29.5065,29.6403,29.8069,30.0105,30.2552,30.5455,30.8856,31.2794,31.7298,32.2376,32.8008,33.4127,34.0607,34.7241,35.3736,35.9715,36.4749,36.8409,37.0338,37.0332,36.8383,36.4686,35.9594,35.3541,34.6973,34.0285,33.379,32.7718,32.2216,31.737,31.322,30.9776,30.7028,30.4958,30.3544,30.2765,30.2604,30.3048,30.4091,30.5733,30.7981,31.0851,31.4365,31.8552,32.3449,32.9103,33.5567,34.29,35.1171,36.0452,37.0816,38.2338,39.5081,40.909,42.4376,44.0897,45.8528,47.7031,49.6017,51.4919,53.2981,54.9286,56.2839,57.2704,57.8184,57.8969,57.5214,56.7507,55.6738,54.3919,53.0025,51.588,50.2113,48.9153,47.7261,46.6568,45.7113,44.8873,44.1794,43.5804,43.0824,42.6778,42.3597,42.1217,41.9587,41.8662,41.8405,41.8787,41.9782,42.137,42.3535,42.6261,42.9533,43.3336,43.7652,44.2462,44.7743,45.3465,45.9596,46.6094,47.2909,47.9984,48.7252,49.4635,50.2046,50.9387,51.6553,52.3427,52.9889,53.5813,54.1074,54.5558,54.9138,55.1707,55.3175,55.3467,55.2535,55.0351,54.6914,54.2251,53.6411,52.9466,52.1506,
 ,-62,71.219,71.7937,72.2583,72.6079,72.8394,72.9508,72.9413,72.812,72.5652,72.2048,71.7356,71.1637,70.4962,69.7407,68.9057,67.9998,67.0319,66.0109,64.9454,63.8438,62.7143,61.5643,60.401,59.2307,58.0592,56.8919,55.7335,54.5879,53.4587,52.3489,51.261,50.1972,49.1592,48.1482,47.1653,46.2112,45.2865,44.3914,43.526,42.6902,41.8838,41.1065,40.358,39.6378,38.9452,38.2799,37.6411,37.0281,36.4405,35.8775,35.3385,34.8228,34.3298,33.8588,33.4093,32.9807,32.5723,32.1837,31.8143,31.4635,31.131,30.8163,30.519,30.2386,29.9747,29.7272,29.4956,29.2797,29.0792,28.8939,28.7237,28.5684,28.4279,28.3022,28.1912,28.0949,28.0135,27.947,27.8957,27.8597,27.8395,27.8354,27.8479,27.8775,27.9251,27.9913,28.0772,28.1838,28.3124,28.4646,28.6419,28.8465,29.0804,29.3462,29.6469,29.9855,30.3657,30.7914,31.2668,31.7962,32.3842,33.0347,33.7514,34.5361,35.389,36.3068,37.2818,38.3007,39.3443,40.3865,41.3965,42.3412,43.1887,43.9124,44.4937,44.9224,45.1942,45.3083,45.264,45.0606,44.6996,44.1876,43.5393,42.7782,41.9345,41.0416,40.1319,39.2335,38.3684,37.5518,36.7933,36.0973,35.4645,34.8931,34.3797,33.9199,33.509,33.1422,32.8148,32.5225,32.2611,32.0269,31.8167,31.6274,31.4562,31.301,31.1593,31.0295,30.9098,30.7986,30.6946,30.5968,30.5039,30.4151,30.3296,30.2468,30.1661,30.0872,30.0096,29.9334,29.8583,29.7844,29.7121,29.6416,29.5733,29.5078,29.4458,29.3882,29.3358,29.2898,29.2514,29.2218,29.2026,29.1953,29.2019,29.2242,29.2643,29.3247,29.4078,29.5163,29.6533,29.8217,30.0246,30.2651,30.5457,30.8686,31.2346,31.6428,32.0897,32.5683,33.0671,33.569,34.0518,34.4885,34.8496,35.1069,35.2378,35.2294,35.0814,34.8064,34.427,33.972,33.472,32.9554,32.4463,31.9632,31.5195,31.1241,30.7821,30.4962,30.2673,30.0951,29.9791,29.9183,29.9119,29.9595,30.0608,30.2162,30.4265,30.693,31.0176,31.4027,31.8513,32.367,32.9538,33.6161,34.3587,35.1865,36.1042,37.1159,38.2245,39.4306,40.7319,42.1208,43.5832,45.0963,46.6268,48.1291,49.5468,50.8146,51.8651,52.637,53.0859,53.1924,52.9665,52.4456,51.6873,50.759,49.7285,48.6563,47.5913,46.5696,45.6161,44.7454,43.9651,43.2772,42.6806,42.172,41.7468,41.4004,41.128,40.9253,40.7883,40.7136,40.6983,40.7399,40.8362,40.9855,41.186,41.4363,41.7348,42.0799,42.4699,42.9026,43.3757,43.8865,44.4314,45.0067,45.6077,46.2289,46.8643,47.5069,48.1489,48.7818,49.3962,49.9823,50.5298,51.028,51.4665,51.8357,52.1253,52.3264,52.4317,52.435,52.3325,52.1218,51.8031,51.3782,50.8513,50.2281,49.5161,
 ,-63,68.3657,68.8936,69.321,69.644,69.8595,69.966,69.963,69.8511,69.6325,69.3104,68.8892,68.374,67.771,67.0869,66.3291,65.5052,64.623,63.6903,62.715,61.7045,60.6662,59.6068,58.5329,57.4502,56.3643,55.28,54.2018,53.1334,52.0783,51.0394,50.0192,49.0199,48.043,47.09,46.1621,45.26,44.3844,43.5356,42.7139,41.9192,41.1517,40.411,39.6968,39.009,38.3469,37.7102,37.0984,36.5109,35.9472,35.4067,34.8889,34.3931,33.919,33.4657,33.0329,32.62,32.2265,31.8519,31.4956,31.1574,30.8366,30.533,30.246,29.9754,29.7209,29.482,29.2586,29.0503,28.857,28.6784,28.5144,28.3649,28.2297,28.1088,28.0023,27.91,27.8321,27.7687,27.7199,27.686,27.6673,27.6642,27.677,27.7063,27.7526,27.8168,27.8997,28.0022,28.1254,28.2707,28.4394,28.6333,28.8541,29.104,29.3852,29.7004,30.0522,30.4437,30.8778,31.3577,31.8861,32.4656,33.0976,33.7825,34.5188,35.3021,36.125,36.9759,37.8391,38.6947,39.5201,40.2913,40.9853,41.5826,42.0682,42.4326,42.6704,42.7792,42.7581,42.6079,42.3317,41.9368,41.4353,40.8447,40.1869,39.4857,38.7646,38.0446,37.343,36.6727,36.0426,35.4576,34.9201,34.4299,33.9855,33.5844,33.2235,32.8994,32.6087,32.348,32.1141,31.904,31.715,31.5446,31.3905,31.2505,31.1228,31.0057,30.8976,30.7971,30.7029,30.614,30.5293,30.448,30.3691,30.2922,30.2166,30.1419,30.0677,29.994,29.9206,29.8475,29.775,29.7034,29.6331,29.5647,29.4989,29.4365,29.3784,29.3257,29.2795,29.2411,29.2118,29.1932,29.1869,29.1946,29.2182,29.2597,29.321,29.4046,29.5125,29.647,29.8104,30.0045,30.2309,30.4903,30.7824,31.1054,31.4552,31.8252,32.2054,32.5824,32.9392,33.2567,33.5144,33.6936,33.7795,33.764,33.647,33.4368,33.1483,32.801,32.416,32.0139,31.6129,31.2279,30.8704,30.5485,30.2678,30.0319,29.8426,29.7009,29.6071,29.5611,29.563,29.6128,29.7106,29.8569,30.0527,30.2991,30.5976,30.9503,31.3594,31.8277,32.358,32.9536,33.6176,34.3531,35.1627,36.0482,37.0101,38.0466,39.1532,40.321,41.5362,42.7782,44.0193,45.2238,46.3496,47.3503,48.1795,48.7964,49.1722,49.2945,49.1696,48.8219,48.2894,47.6179,46.8547,46.0439,45.2232,44.4221,43.6625,42.959,42.3205,41.7515,41.2537,40.8262,40.4671,40.1739,39.9435,39.7732,39.66,39.6015,39.5955,39.6398,39.7327,39.8725,40.0578,40.287,40.5587,40.8711,41.2226,41.6111,42.0341,42.489,42.9726,43.481,44.01,44.5546,45.1093,45.6678,46.2232,46.768,47.2941,47.793,48.2558,48.6737,49.0378,49.3403,49.5724,49.727,49.7978,49.7801,49.6704,49.4671,49.1701,48.781,48.303,47.7411,47.1011,
 ,-64,65.6604,66.1461,66.5401,66.839,67.0403,67.1424,67.1451,67.0488,66.8556,66.5681,66.19,65.726,65.1814,64.562,63.8743,63.125,62.321,61.4692,60.5766,59.65,58.6958,57.7203,56.7293,55.7283,54.7222,53.7157,52.7128,51.7172,50.7321,49.7604,48.8045,47.8664,46.948,46.0506,45.1754,44.3233,43.495,42.691,41.9115,41.1568,40.427,39.7218,39.0412,38.385,37.7527,37.1441,36.5588,35.9962,35.4561,34.9377,34.4408,33.9648,33.5092,33.0735,32.6573,32.26,31.8812,31.5204,31.1773,30.8514,30.5423,30.2497,29.9731,29.7123,29.4669,29.2368,29.0214,28.8208,28.6346,28.4627,28.305,28.1612,28.0314,27.9154,27.8133,27.725,27.6506,27.5903,27.5441,27.5123,27.4951,27.4929,27.506,27.5349,27.5801,27.6423,27.7222,27.8206,27.9384,28.0769,28.2371,28.4206,28.6286,28.8631,29.1257,29.4185,29.7436,30.103,30.499,30.9335,31.4082,31.9243,32.4822,33.0811,33.7186,34.3902,35.0889,35.805,36.5257,37.2358,37.9184,38.5557,39.1308,39.6289,40.0384,40.3508,40.5609,40.6659,40.6651,40.5597,40.3531,40.0518,39.6657,39.2083,38.6954,38.1445,37.5729,36.9965,36.429,35.8808,35.36,34.8715,34.4182,34.0012,33.6201,33.2736,32.9598,32.6766,32.4214,32.1917,31.9851,31.7992,31.6317,31.4806,31.3439,31.2198,31.1066,31.0028,30.9069,30.8177,30.734,30.6546,30.5787,30.5052,30.4335,30.3628,30.2925,30.2223,30.1516,30.0804,30.0085,29.9359,29.8629,29.7897,29.7169,29.6449,29.5745,29.5065,29.4418,29.3814,29.3265,29.2783,29.2381,29.2073,29.1874,29.1799,29.1864,29.2086,29.2482,29.3071,29.3868,29.489,29.6153,29.7667,29.9439,30.147,30.375,30.6254,30.8945,31.1761,31.462,31.7418,32.0027,32.2308,32.412,32.5337,32.586,32.5637,32.467,32.3012,32.0766,31.8066,31.5059,31.1896,30.8715,30.5631,30.2742,30.0121,29.7821,29.588,29.4322,29.3164,29.2414,29.208,29.2165,29.2674,29.361,29.4981,29.6795,29.9062,30.1796,30.5012,30.8727,31.2962,31.7736,32.3072,32.8988,33.5501,34.2623,35.0355,35.8686,36.7586,37.6997,38.6831,39.6958,40.7201,41.7334,42.7081,43.6129,44.4144,45.0803,45.5831,45.9035,46.0332,45.9767,45.7499,45.3786,44.8941,44.33,43.7184,43.0881,42.4629,41.8612,41.2966,40.7781,40.3116,39.8998,39.5441,39.244,38.9985,38.8062,38.6651,38.5735,38.5295,38.5315,38.5779,38.6672,38.7979,38.9687,39.1781,39.4248,39.7071,40.0232,40.3712,40.7487,41.1531,41.5813,42.0299,42.4947,42.9714,43.4549,43.9395,44.4192,44.8874,45.337,45.7608,46.1511,46.5005,46.8014,47.0475,47.2313,47.3469,47.3892,47.3542,47.2392,47.0428,46.7648,46.4067,45.971,45.4618,44.8839,
 ,-65,63.097,63.5446,63.9085,64.1857,64.3741,64.4723,64.4801,64.3979,64.2274,63.971,63.6319,63.2141,62.7223,62.1615,61.5374,60.856,60.1233,59.3455,58.5288,57.6791,56.8025,55.9045,54.9904,54.0653,53.1337,52.1998,51.2675,50.3403,49.4213,48.5131,47.6181,46.7384,45.8756,45.0312,44.2065,43.4024,42.6196,41.8587,41.1201,40.404,39.7107,39.0401,38.3921,37.7667,37.1635,36.5824,36.023,35.4849,34.9678,34.4713,33.995,33.5384,33.1011,32.6827,32.2828,31.9009,31.5367,31.1898,30.8596,30.546,30.2485,29.9668,29.7006,29.4495,29.2133,28.9917,28.7845,28.5915,28.4125,28.2473,28.0957,27.9577,27.8332,27.7221,27.6244,27.5401,27.4693,27.412,27.3684,27.3387,27.3231,27.3218,27.3352,27.3637,27.4078,27.4681,27.545,27.6395,27.7522,27.884,28.0361,28.2094,28.4053,28.6251,28.8701,29.1419,29.442,29.7718,30.1329,30.5264,30.9531,31.4135,31.9071,32.4324,32.9868,33.5659,34.1633,34.771,35.3788,35.9748,36.546,37.0793,37.5619,37.9825,38.3318,38.603,38.7912,38.894,38.9107,38.8425,38.6925,38.4663,38.1718,37.8193,37.4206,36.9888,36.5368,36.0768,35.6194,35.1734,34.7455,34.3405,33.9614,33.6098,33.2862,32.9901,32.7205,32.4761,32.255,32.0556,31.8758,31.714,31.5681,31.4366,31.3177,31.21,31.1118,31.0219,30.939,30.8618,30.7891,30.72,30.6534,30.5885,30.5244,30.4603,30.3958,30.3302,30.2632,30.1945,30.124,30.0517,29.9778,29.9025,29.8265,29.7502,29.6743,29.5998,29.5275,29.4585,29.394,29.335,29.283,29.2391,29.2048,29.1814,29.1703,29.1731,29.1911,29.2257,29.2782,29.3498,29.4414,29.5536,29.6866,29.84,30.0123,30.2011,30.4029,30.6124,30.8229,31.0263,31.2131,31.3733,31.4969,31.5751,31.6015,31.5726,31.4885,31.3532,31.1736,30.959,30.7201,30.4679,30.2127,29.9639,29.7292,29.5149,29.3261,29.1664,29.0384,28.9441,28.8847,28.8614,28.8748,28.9256,29.0145,29.1421,29.3093,29.5169,29.7661,30.0581,30.3941,30.7755,31.2038,31.6801,32.2056,32.7808,33.4059,34.0799,34.8008,35.5648,36.3659,37.1958,38.0428,38.8921,39.7255,40.5218,41.2574,41.9082,42.4516,42.8684,43.1455,43.2774,43.2669,43.1251,42.8694,42.5218,42.1062,41.6464,41.1642,40.6784,40.2043,39.754,39.336,38.9564,38.6189,38.3256,38.0774,37.8743,37.7158,37.6008,37.5284,37.4972,37.5062,37.554,37.6395,37.7614,37.9185,38.1095,38.333,38.5875,38.8712,39.1823,39.5185,39.8772,40.2558,40.6508,41.0585,41.475,41.8956,42.3154,42.7289,43.1305,43.5139,43.8729,44.201,44.4918,44.739,44.9373,45.0804,45.1634,45.182,45.133,45.0141,44.8241,44.563,44.2318,43.8328,43.3691,42.8449,
 ,-66,60.6689,61.0821,61.4189,61.6766,61.8534,61.948,61.9604,61.8909,61.7409,61.5125,61.2085,60.8324,60.3882,59.8806,59.3143,58.6946,58.0269,57.3166,56.5693,55.7904,54.9852,54.1588,53.3159,52.4612,51.5989,50.7328,49.8667,49.0037,48.1468,47.2985,46.4612,45.6367,44.8269,44.0331,43.2566,42.4984,41.7592,41.0398,40.3406,39.6619,39.0039,38.3667,37.7504,37.1549,36.5801,36.0258,35.4917,34.9775,34.483,34.0079,33.5518,33.1143,32.695,32.2937,31.9099,31.5433,31.1935,30.8601,30.5429,30.2414,29.9554,29.6846,29.4286,29.1872,28.9601,28.7471,28.548,28.3626,28.1906,28.0321,27.8868,27.7545,27.6353,27.5291,27.4359,27.3556,27.2883,27.2342,27.1932,27.1656,27.1515,27.1512,27.165,27.1933,27.2363,27.2947,27.3689,27.4595,27.5672,27.6928,27.8371,28.0009,28.1853,28.3912,28.6198,28.872,29.1491,29.452,29.7815,30.1384,30.5227,30.9344,31.3725,31.8354,32.3201,32.8226,33.3375,33.8579,34.3758,34.8817,35.3658,35.8179,36.2283,36.5882,36.8904,37.1292,37.3006,37.4025,37.4342,37.3968,37.293,37.1274,36.9062,36.6372,36.3296,35.9931,35.6376,35.2726,34.9063,34.5459,34.1971,33.8643,33.5504,33.2572,32.9857,32.7359,32.5076,32.2998,32.1114,31.9412,31.7878,31.6497,31.5255,31.4138,31.3132,31.2222,31.1398,31.0644,30.9951,30.9306,30.8698,30.8117,30.7552,30.6995,30.6436,30.5869,30.5285,30.4679,30.4048,30.3387,30.2695,30.1972,30.122,30.0442,29.9642,29.8827,29.8006,29.7185,29.6376,29.5589,29.4836,29.4128,29.3479,29.29,29.2405,29.2006,29.1715,29.1547,29.1511,29.162,29.1883,29.2308,29.2901,29.3664,29.4597,29.569,29.693,29.8294,29.9749,30.1252,30.2749,30.4177,30.5464,30.6539,30.7329,30.7775,30.7832,30.7477,30.6711,30.5563,30.4082,30.2334,30.0397,29.8351,29.6276,29.4245,29.2321,29.0558,28.8999,28.768,28.6625,28.5856,28.5388,28.5232,28.5399,28.5896,28.673,28.7909,28.9441,29.1333,29.3594,29.6233,29.9259,30.2682,30.651,31.075,31.5404,32.0472,32.5949,33.1818,33.8053,34.4614,35.1443,35.8465,36.5578,37.2659,37.9564,38.6127,39.2174,39.7526,40.2023,40.5529,40.7953,40.9257,40.9461,40.864,40.6917,40.4448,40.1404,39.7962,39.4289,39.0532,38.6818,38.3249,37.9903,37.6838,37.4095,37.17,36.9669,36.8008,36.6719,36.5799,36.5243,36.5043,36.5191,36.5677,36.6493,36.7627,36.9069,37.0807,37.2828,37.5117,37.7658,38.0433,38.3421,38.6597,38.9936,39.3408,39.6978,40.0609,40.4262,40.789,41.1447,41.4882,41.8143,42.1174,42.392,42.6327,42.8342,42.9919,43.1006,43.1562,43.1552,43.0948,42.9731,42.7892,42.5431,42.2355,41.8684,41.4443,40.9667,
 ,-67,58.3694,58.7516,59.064,59.3041,59.4704,59.5619,59.5783,59.5202,59.3886,59.1855,58.9131,58.5747,58.1737,57.7141,57.2002,56.6366,56.0282,55.3796,54.6959,53.982,53.2425,52.482,51.705,50.9156,50.1177,49.3149,48.5106,47.7078,46.9093,46.1174,45.3345,44.5624,43.8028,43.0571,42.3266,41.6122,40.9149,40.2353,39.5739,38.9311,38.3072,37.7025,37.1169,36.5505,36.0032,35.4749,34.9655,34.4747,34.0023,33.5481,33.1118,32.693,32.2915,31.907,31.5391,31.1875,30.8519,30.532,30.2274,29.938,29.6634,29.4033,29.1574,28.9256,28.7076,28.5031,28.3121,28.1342,27.9694,27.8175,27.6783,27.5518,27.438,27.3367,27.2479,27.1716,27.1079,27.0569,27.0186,26.9931,26.9807,26.9814,26.9957,27.0238,27.0659,27.1226,27.1942,27.2813,27.3843,27.504,27.6409,27.7958,27.9694,28.1625,28.3759,28.6103,28.8665,29.145,29.4463,29.7706,30.1178,30.4872,30.8778,31.2877,31.7141,32.1534,32.6009,33.051,33.4971,33.9317,34.3471,34.7355,35.0894,35.4019,35.6673,35.8811,36.0399,36.1419,36.1867,36.175,36.1091,35.9927,35.8307,35.6291,35.3949,35.1357,34.8589,34.5719,34.2814,33.9932,33.7121,33.4418,33.1852,32.9441,32.7197,32.5125,32.3224,32.1492,31.992,31.8501,31.7223,31.6078,31.5052,31.4135,31.3314,31.2578,31.1916,31.1316,31.0767,31.0257,30.9777,30.9314,30.886,30.8403,30.7935,30.7447,30.6931,30.6381,30.5791,30.5158,30.4478,30.3753,30.2984,30.2174,30.1327,30.0452,29.9556,29.8649,29.7742,29.6846,29.5972,29.5135,29.4345,29.3616,29.296,29.2388,29.1913,29.1546,29.1295,29.1171,29.1181,29.133,29.1622,29.2057,29.263,29.3333,29.4153,29.5067,29.6048,29.706,29.806,29.8999,29.9825,30.0482,30.0921,30.1098,30.0984,30.0561,29.9833,29.882,29.7557,29.6093,29.4484,29.2791,29.1074,28.9392,28.7795,28.6328,28.5029,28.3929,28.3053,28.2422,28.205,28.195,28.2133,28.2608,28.3382,28.4463,28.5857,28.7571,28.9612,29.1987,29.4702,29.7762,30.1172,30.4934,30.9046,31.3503,31.8293,32.3399,32.8791,33.443,34.0263,34.622,35.2218,35.8155,36.3916,36.9372,37.4391,37.8844,38.261,38.5596,38.7735,38.9001,38.9408,38.9008,38.7888,38.6161,38.3951,38.1392,37.8609,37.572,37.2827,37.0016,36.7357,36.4902,36.2692,36.0756,35.9111,35.777,35.6738,35.6018,35.5606,35.5501,35.5696,35.6185,35.696,35.8013,35.9334,36.0912,36.2735,36.479,36.706,36.953,37.218,37.4986,37.7926,38.097,38.4088,38.7248,39.0412,39.354,39.6592,39.9522,40.2285,40.4833,40.7119,40.9097,41.0721,41.1954,41.2751,41.3077,41.2903,41.2207,41.0972,40.9191,40.6862,40.3994,40.0601,39.6706,39.2336,
 ,-68,56.1921,56.5463,56.8366,57.0608,57.2177,57.3063,57.3264,57.2785,57.1635,56.9831,56.7393,56.4349,56.073,55.6569,55.1906,54.6781,54.1236,53.5314,52.9059,52.2515,51.5724,50.8728,50.1566,49.4277,48.6896,47.9458,47.1992,46.4527,45.7089,44.9702,44.2386,43.516,42.8039,42.104,41.4172,40.7447,40.0873,39.4459,38.8208,38.2126,37.6216,37.0481,36.4921,35.9539,35.4333,34.9304,34.445,33.977,33.5262,33.0924,32.6755,32.2751,31.8909,31.5229,31.1706,30.8337,30.5121,30.2055,29.9135,29.636,29.3726,29.1231,28.8874,28.6651,28.456,28.2601,28.077,27.9067,27.7489,27.6036,27.4706,27.3499,27.2413,27.1449,27.0606,26.9884,26.9283,26.8804,26.8448,26.8216,26.8108,26.8128,26.8276,26.8556,26.897,26.9521,27.0214,27.1052,27.2039,27.3181,27.4483,27.5949,27.7587,27.94,28.1395,28.3577,28.5949,28.8516,29.1279,29.4236,29.7384,30.0714,30.4215,30.7867,31.1645,31.5516,31.9442,32.3374,32.7259,33.1038,33.465,33.8033,34.1129,34.3885,34.6254,34.8199,34.9696,35.0727,35.129,35.139,35.1045,35.0285,34.9148,34.7682,34.5939,34.3979,34.186,33.9639,33.7371,33.5101,33.287,33.0712,32.8651,32.6705,32.4888,32.3206,32.1661,32.0254,31.8979,31.7832,31.6806,31.5893,31.5083,31.4368,31.3737,31.318,31.2687,31.2248,31.1852,31.1488,31.1145,31.0812,31.0479,31.0134,30.9766,30.9367,30.8927,30.8438,30.7895,30.7291,30.6625,30.5895,30.5104,30.4254,30.3352,30.2406,30.1423,30.0417,29.9397,29.8377,29.737,29.6388,29.5446,29.4555,29.3728,29.2976,29.231,29.174,29.1275,29.0922,29.0687,29.0573,29.0582,29.0713,29.0961,29.1316,29.1766,29.2292,29.287,29.347,29.4059,29.4599,29.5049,29.5369,29.5523,29.548,29.5218,29.4727,29.401,29.308,29.1965,29.07,28.9327,28.7892,28.6443,28.5023,28.3675,28.2436,28.1338,28.0408,27.9671,27.9143,27.8842,27.8778,27.8964,27.9407,28.0115,28.1096,28.2355,28.3899,28.5731,28.7858,29.0284,29.3009,29.6037,29.9365,30.2989,30.69,31.1085,31.5524,32.0187,32.5038,33.0028,33.5097,34.0175,34.5179,35.0015,35.4586,35.8791,36.2531,36.572,36.8287,37.0187,37.14,37.1934,37.1829,37.1146,36.9967,36.8385,36.6499,36.4407,36.22,35.9962,35.7764,35.5666,35.3716,35.1952,35.0402,34.9086,34.8018,34.7206,34.6656,34.6368,34.6341,34.6573,34.7059,34.7793,34.8767,34.9974,35.1403,35.3044,35.4884,35.6908,35.9101,36.1445,36.3919,36.65,36.9163,37.1881,37.4622,37.7355,38.0045,38.2654,38.5144,38.7475,38.9605,39.1495,39.3105,39.4395,39.5335,39.5886,39.6019,39.5709,39.4939,39.3693,39.1966,38.9757,38.7072,38.3924,38.0331,37.6315,
 ,-69,54.1303,54.4592,54.7296,54.9395,55.0878,55.1738,55.1973,55.1585,55.0585,54.8986,54.6806,54.407,54.0803,53.7038,53.2806,52.8145,52.3092,51.7685,51.1963,50.5964,49.9729,49.3293,48.6693,47.9965,47.3139,46.6249,45.9321,45.2383,44.5458,43.857,43.1738,42.4978,41.8309,41.1742,40.529,39.8964,39.2772,38.6722,38.0819,37.5069,36.9476,36.4041,35.8768,35.3658,34.8711,34.3928,33.9307,33.4848,33.0551,32.6413,32.2432,31.8608,31.4937,31.1418,30.8048,30.4825,30.1747,29.8811,29.6015,29.3357,29.0834,28.8444,28.6186,28.4058,28.2056,28.0181,27.8429,27.6801,27.5293,27.3906,27.2638,27.1488,27.0456,26.9541,26.8743,26.8061,26.7497,26.705,26.6722,26.6512,26.6422,26.6454,26.661,26.689,26.7298,26.7837,26.8509,26.9318,27.0266,27.1358,27.2598,27.3989,27.5536,27.7242,27.9112,28.1148,28.3352,28.5726,28.8268,29.0975,29.3843,29.6861,30.0017,30.3293,30.6667,31.0109,31.3585,31.7056,32.0479,32.3807,32.6989,32.9979,33.2729,33.5196,33.7346,33.9147,34.058,34.1631,34.2296,34.2582,34.2501,34.2077,34.134,34.0327,33.908,33.7644,33.6065,33.439,33.2659,33.0913,32.9185,32.7502,32.5889,32.4361,32.2931,32.1607,32.0394,31.9292,31.8301,31.7418,31.6637,31.5954,31.536,31.4849,31.4412,31.4041,31.3725,31.3457,31.3224,31.3017,31.2825,31.2634,31.2435,31.2214,31.196,31.1662,31.1308,31.0889,31.0398,30.9828,30.9175,30.8439,30.762,30.6723,30.5755,30.4724,30.3641,30.2518,30.137,30.0209,29.9051,29.791,29.6799,29.5733,29.4723,29.378,29.2917,29.214,29.1459,29.0879,29.0405,29.0039,28.9782,28.9631,28.9581,28.9624,28.9746,28.9933,29.0164,29.0414,29.0657,29.0864,29.1002,29.1044,29.0961,29.0731,29.034,28.9779,28.9051,28.8168,28.7149,28.602,28.4814,28.3565,28.2311,28.1086,27.9924,27.8857,27.7911,27.711,27.6476,27.6024,27.577,27.5725,27.5899,27.6302,27.6941,27.7821,27.8949,28.0328,28.1964,28.3859,28.6015,28.8433,29.1111,29.4047,29.7233,30.0659,30.431,30.8166,31.2199,31.6375,32.0652,32.4977,32.9292,33.3528,33.7613,34.1468,34.5017,34.8186,35.0909,35.3135,35.483,35.5979,35.6589,35.6687,35.632,35.5546,35.4435,35.3063,35.1506,34.9834,34.8117,34.6412,34.4771,34.3236,34.1841,34.0614,33.9574,33.8736,33.811,33.7703,33.7519,33.7556,33.7815,33.8292,33.8983,33.9882,34.0981,34.2272,34.3745,34.5389,34.7189,34.9131,35.1199,35.3374,35.5634,35.7957,36.0318,36.269,36.5043,36.7347,36.9569,37.1675,37.363,37.54,37.6948,37.824,37.9245,37.9935,38.0277,38.0248,37.9826,37.8996,37.7746,37.607,37.3969,37.1446,36.8513,36.5185,36.1482,
 ,-70,52.1778,52.4838,52.7361,52.9331,53.0737,53.1573,53.1838,53.1533,53.0668,52.9254,52.7307,52.4849,52.1902,51.8495,51.4656,51.0417,50.5812,50.0874,49.5639,49.0142,48.4416,47.8497,47.2416,46.6206,45.9896,45.3514,44.7088,44.0642,43.4199,42.7779,42.1401,41.5082,40.8838,40.2681,39.6624,39.0678,38.4849,37.9147,37.3578,36.8146,36.2856,35.7712,35.2715,34.7868,34.3171,33.8625,33.4231,32.9988,32.5895,32.1951,31.8155,31.4506,31.1002,30.7641,30.4421,30.134,29.8397,29.559,29.2916,29.0373,28.796,28.5674,28.3515,28.1479,27.9566,27.7774,27.6101,27.4547,27.3109,27.1787,27.0581,26.9488,26.8509,26.7643,26.689,26.625,26.5723,26.5308,26.5008,26.4822,26.4751,26.4797,26.496,26.5244,26.5648,26.6177,26.6831,26.7613,26.8527,26.9574,27.0758,27.2082,27.3548,27.5159,27.6916,27.8822,28.0878,28.3081,28.543,28.7921,29.0548,29.33,29.6165,29.9126,30.2163,30.5251,30.8361,31.146,31.4512,31.7479,32.0322,32.3002,32.5481,32.7726,32.9709,33.1405,33.2796,33.3874,33.4634,33.508,33.5224,33.5084,33.4682,33.4049,33.3217,33.2221,33.1098,32.9884,32.8615,32.7321,32.603,32.4767,32.3551,32.2399,32.1323,32.033,31.9426,31.8614,31.7894,31.7266,31.6725,31.6269,31.5893,31.5589,31.5352,31.5173,31.5045,31.4957,31.4901,31.4865,31.4838,31.4806,31.4757,31.4678,31.4553,31.437,31.4116,31.3778,31.3348,31.2816,31.2179,31.1433,31.0582,30.9628,30.858,30.7449,30.6248,30.499,30.3692,30.2371,30.1042,29.9721,29.8425,29.7167,29.596,29.4816,29.3745,29.2755,29.1855,29.1048,29.034,28.973,28.9219,28.8805,28.848,28.8239,28.8068,28.7955,28.7883,28.7831,28.7778,28.7702,28.7577,28.7382,28.7097,28.6706,28.6196,28.5564,28.4811,28.3946,28.2983,28.1943,28.0851,27.9733,27.8618,27.7535,27.651,27.5568,27.4734,27.4026,27.3465,27.3064,27.2836,27.2794,27.2947,27.3302,27.3867,27.4647,27.5646,27.6869,27.8319,27.9997,28.1904,28.4039,28.64,28.8981,29.1774,29.4769,29.7949,30.1296,30.4784,30.8382,31.2052,31.575,31.9428,32.303,32.6497,32.9768,33.2783,33.5486,33.7828,33.977,34.1286,34.2366,34.3014,34.325,34.3108,34.2632,34.1876,34.0896,33.9751,33.8499,33.7193,33.5883,33.4612,33.3415,33.2325,33.1364,33.0554,32.9908,32.9438,32.915,32.9049,32.9136,32.9413,32.9877,33.0525,33.1351,33.2349,33.3512,33.483,33.6293,33.7889,33.9605,34.1424,34.3329,34.5302,34.7322,34.9367,35.1411,35.3429,35.5394,35.7277,35.9047,36.0676,36.2131,36.3384,36.4404,36.5164,36.5641,36.5807,36.5641,36.5126,36.4248,36.2998,36.1371,35.9366,35.6989,35.4246,35.1153,34.7724,
 ,-71,50.3283,50.6136,50.8496,51.0349,51.1686,51.25,51.2791,51.2562,51.1818,51.0571,50.8835,50.6628,50.3971,50.0889,49.7406,49.3552,48.9355,48.4847,48.0058,47.502,46.9763,46.432,45.8718,45.2987,44.7154,44.1246,43.5287,42.93,42.3306,41.7326,41.1375,40.5471,39.9629,39.386,38.8178,38.2591,37.7109,37.1739,36.6488,36.1361,35.6362,35.1496,34.6765,34.2171,33.7716,33.3401,32.9226,32.5192,32.1297,31.7542,31.3926,31.0448,30.7107,30.39,30.0827,29.7886,29.5076,29.2395,28.984,28.7411,28.5106,28.2923,28.0861,27.8917,27.7091,27.5382,27.3787,27.2306,27.0938,26.9681,26.8536,26.7501,26.6575,26.5758,26.505,26.4452,26.3962,26.3581,26.3309,26.3148,26.3097,26.3158,26.3331,26.3619,26.4022,26.4543,26.5182,26.5942,26.6826,26.7834,26.8968,27.0232,27.1626,27.3152,27.4811,27.6603,27.8527,28.0582,28.2764,28.5069,28.7489,29.0016,29.2635,29.5334,29.8093,30.089,30.3702,30.6499,30.9254,31.1935,31.4509,31.6946,31.9216,32.1291,32.3149,32.477,32.614,32.725,32.8099,32.8688,32.9027,32.9129,32.9013,32.8702,32.8221,32.76,32.6867,32.605,32.5179,32.4278,32.3372,32.2482,32.1624,32.0813,32.006,31.9373,31.876,31.8223,31.7763,31.7383,31.7079,31.685,31.6691,31.6599,31.6568,31.6591,31.666,31.6768,31.6903,31.7054,31.721,31.7357,31.7479,31.7561,31.7587,31.7539,31.7402,31.716,31.6802,31.6316,31.5696,31.494,31.4048,31.3026,31.1883,31.0633,30.929,30.7874,30.6402,30.4895,30.337,30.1848,30.0344,29.8875,29.7454,29.6094,29.4805,29.3594,29.247,29.1435,29.0494,28.9647,28.8892,28.8228,28.7648,28.7144,28.6708,28.6326,28.5985,28.5668,28.5358,28.5036,28.4684,28.4285,28.3823,28.3287,28.2667,28.1962,28.1171,28.0302,27.9367,27.838,27.7362,27.6332,27.5313,27.4328,27.3398,27.2546,27.1789,27.1146,27.0632,27.026,27.0043,26.9991,27.0111,27.0413,27.0901,27.158,27.2455,27.3529,27.4803,27.6279,27.7956,27.9831,28.1903,28.4163,28.6605,28.9216,29.1981,29.4883,29.7898,30.0998,30.4151,30.732,31.0463,31.3535,31.649,31.9278,32.1853,32.4172,32.6197,32.7899,32.9257,33.0264,33.0923,33.1248,33.1265,33.1008,33.0516,32.9834,32.9008,32.8082,32.7101,32.6105,32.5131,32.4209,32.3366,32.2625,32.2003,32.1516,32.1173,32.0981,32.0947,32.1073,32.136,32.1806,32.2408,32.3164,32.4067,32.5111,32.6287,32.7586,32.8996,33.0505,33.21,33.3764,33.548,33.7229,33.8992,34.0746,34.2468,34.4135,34.572,34.7197,34.8542,34.9725,35.0722,35.1508,35.2057,35.2352,35.2368,35.2087,35.1495,35.058,34.9334,34.7752,34.5836,34.3587,34.1014,33.8128,33.4942,
 ,-72,48.576,48.8426,49.0638,49.2385,49.3659,49.4453,49.4768,49.4606,49.3972,49.2876,49.1331,48.9352,48.6958,48.4171,48.1012,47.7508,47.3685,46.9568,46.5188,46.0571,45.5745,45.0739,44.5579,44.0291,43.4901,42.9433,42.3909,41.835,41.2777,40.7207,40.1658,39.6145,39.0681,38.528,37.9951,37.4706,36.9553,36.45,35.9553,35.4717,34.9998,34.5399,34.0923,33.6573,33.2351,32.8258,32.4296,32.0463,31.6762,31.319,30.975,30.6438,30.3255,30.0199,29.727,29.4466,29.1786,28.9228,28.6791,28.4474,28.2275,28.0193,27.8226,27.6374,27.4634,27.3006,27.1489,27.0081,26.8782,26.759,26.6505,26.5527,26.4655,26.3887,26.3225,26.2668,26.2216,26.1869,26.1627,26.1491,26.1461,26.1539,26.1724,26.2019,26.2423,26.2938,26.3566,26.4308,26.5166,26.614,26.7232,26.8443,26.9774,27.1226,27.2799,27.4491,27.6302,27.8229,28.0267,28.2413,28.4658,28.6994,28.9409,29.1889,29.4418,29.6978,29.9547,30.2103,30.462,30.7073,30.9436,31.1684,31.3793,31.5741,31.7508,31.9079,32.0443,32.1593,32.2526,32.3245,32.3755,32.4068,32.4199,32.4166,32.3989,32.3691,32.3294,32.2823,32.23,32.1746,32.1182,32.0625,32.009,31.959,31.9136,31.8736,31.8397,31.8122,31.7914,31.7775,31.7705,31.7703,31.7766,31.7891,31.8073,31.8308,31.8588,31.8905,31.9249,31.9609,31.9971,32.032,32.0639,32.0909,32.1111,32.1223,32.1226,32.1101,32.083,32.0401,31.9803,31.9033,31.8092,31.6987,31.5729,31.4335,31.2825,31.1219,30.9543,30.7818,30.6069,30.4316,30.2579,30.0876,29.9221,29.7628,29.6106,29.4664,29.3308,29.2042,29.0868,28.9787,28.8796,28.7892,28.7071,28.6324,28.5643,28.5017,28.4434,28.3881,28.3342,28.2804,28.2251,28.1671,28.1051,28.0382,27.9658,27.8877,27.8039,27.715,27.622,27.5259,27.4282,27.3306,27.2349,27.1428,27.0562,26.9768,26.9062,26.8458,26.797,26.7611,26.7389,26.7315,26.7395,26.7637,26.8046,26.8626,26.938,27.0312,27.1421,27.2708,27.4172,27.581,27.7618,27.9589,28.1715,28.3985,28.6385,28.8897,29.15,29.4171,29.6881,29.9598,30.2289,30.4917,30.7442,30.9828,31.2036,31.4034,31.5792,31.7287,31.8504,31.9436,32.0087,32.0466,32.0593,32.0493,32.0197,31.974,31.9157,31.8485,31.7759,31.7012,31.6274,31.5572,31.493,31.4367,31.3899,31.354,31.33,31.3186,31.3204,31.3356,31.3644,31.4069,31.4626,31.5314,31.6128,31.7061,31.8105,31.9253,32.0494,32.1817,32.3209,32.4656,32.6141,32.7649,32.9162,33.0658,33.2119,33.3523,33.4847,33.6068,33.7164,33.8111,33.8887,33.947,33.9839,33.9978,33.9866,33.9489,33.8833,33.7888,33.6649,33.5111,33.3274,33.1142,32.872,32.6018,32.3047,
 ,-73,46.9152,47.1648,47.3727,47.5378,47.6594,47.737,47.7707,47.7605,47.7071,47.6112,47.4739,47.2967,47.0812,46.8292,46.5429,46.2244,45.876,45.5003,45.0996,44.6765,44.2336,43.7732,43.298,42.8103,42.3123,41.8063,41.2943,40.7784,40.2604,39.7419,39.2247,38.7101,38.1994,37.6939,37.1946,36.7025,36.2185,35.7432,35.2775,34.8217,34.3765,33.9422,33.5192,33.1077,32.7079,32.3201,31.9443,31.5806,31.2291,30.8899,30.5627,30.2478,29.9449,29.6541,29.3752,29.1082,28.8529,28.6092,28.3771,28.1563,27.9469,27.7486,27.5614,27.3851,27.2196,27.0649,26.9208,26.7873,26.6642,26.5515,26.4491,26.3569,26.275,26.2032,26.1416,26.0901,26.0487,26.0175,25.9963,25.9854,25.9847,25.9942,26.0141,26.0444,26.0852,26.1365,26.1985,26.2713,26.3549,26.4495,26.5551,26.6717,26.7994,26.9382,27.088,27.2487,27.42,27.6018,27.7935,27.9945,28.2043,28.422,28.6464,28.8764,29.1105,29.3472,29.5845,29.8206,30.0535,30.281,30.5009,30.7112,30.9099,31.0953,31.2657,31.42,31.5572,31.6767,31.7782,31.8619,31.9284,31.9785,32.0133,32.0343,32.0431,32.0415,32.0314,32.0147,31.9932,31.9688,31.9431,31.9175,31.8935,31.8723,31.8547,31.8416,31.8336,31.8313,31.835,31.8448,31.861,31.8836,31.9124,31.9472,31.9878,32.0337,32.0843,32.1388,32.1963,32.2556,32.3151,32.3733,32.428,32.4772,32.5184,32.5489,32.5663,32.568,32.5519,32.516,32.4591,32.3806,32.2805,32.1599,32.02,31.8631,31.6917,31.5085,31.3165,31.1185,30.9174,30.7156,30.5155,30.319,30.1277,29.943,29.7659,29.5972,29.4376,29.2872,29.1463,29.0149,28.8926,28.7791,28.6738,28.5762,28.4853,28.4001,28.3197,28.2429,28.1684,28.0951,28.0218,27.9473,27.8709,27.7916,27.7092,27.6233,27.5341,27.4419,27.3475,27.2518,27.1559,27.0611,26.9688,26.8805,26.7977,26.7216,26.6537,26.5953,26.5474,26.5111,26.4872,26.4766,26.48,26.4978,26.5306,26.5788,26.6426,26.7221,26.8174,26.9286,27.0553,27.1973,27.3541,27.5252,27.7095,27.9061,28.1137,28.3306,28.555,28.7849,29.0177,29.2509,29.4815,29.7065,29.9229,30.1275,30.3174,30.49,30.6429,30.7744,30.8833,30.9691,31.0319,31.0725,31.0925,31.0936,31.0784,31.0495,31.0098,30.9621,30.9093,30.8541,30.7991,30.7465,30.6983,30.6562,30.6218,30.5961,30.5803,30.5749,30.5805,30.5974,30.6258,30.6657,30.7169,30.7791,30.852,30.9349,31.0273,31.1283,31.237,31.3524,31.4733,31.5984,31.7263,31.8556,31.9845,32.1114,32.2343,32.3515,32.461,32.5607,32.6486,32.7227,32.7811,32.8218,32.8432,32.8437,32.8217,32.7758,32.705,32.6084,32.4853,32.3357,32.1593,31.9565,31.7278,31.474,31.1961,
 ,-74,45.3406,45.5747,45.7705,45.9268,46.0433,46.1193,46.1549,46.1502,46.1058,46.0222,45.9006,45.7422,45.5484,45.3208,45.0613,44.7719,44.4546,44.1116,43.7452,43.3576,42.951,42.5278,42.0902,41.6404,41.1804,40.7123,40.238,39.7593,39.278,38.7956,38.3137,37.8335,37.3565,36.8837,36.4161,35.9547,35.5003,35.0537,34.6155,34.1863,33.7666,33.3569,32.9573,32.5684,32.1902,31.8231,31.467,31.1223,30.7889,30.4669,30.1563,29.8571,29.5692,29.2928,29.0275,28.7735,28.5307,28.2989,28.078,27.8681,27.6689,27.4804,27.3024,27.135,26.9779,26.8312,26.6947,26.5683,26.452,26.3457,26.2493,26.1629,26.0862,26.0194,25.9624,25.9152,25.8777,25.8499,25.832,25.8238,25.8255,25.837,25.8584,25.8898,25.9311,25.9826,26.0441,26.1159,26.1979,26.2901,26.3927,26.5056,26.6287,26.7621,26.9056,27.059,27.2222,27.3946,27.576,27.7658,27.9634,28.1678,28.3782,28.5934,28.8123,29.0333,29.255,29.4758,29.6938,29.9073,30.1146,30.314,30.5039,30.6827,30.8492,31.0024,31.1415,31.2659,31.3756,31.4705,31.5512,31.6182,31.6724,31.7151,31.7475,31.771,31.7872,31.7976,31.8038,31.8072,31.8093,31.8114,31.8146,31.82,31.8285,31.8409,31.8578,31.8798,31.9073,31.9406,31.98,32.0256,32.0774,32.1355,32.1995,32.2693,32.3442,32.4237,32.5068,32.5923,32.6785,32.7637,32.8454,32.921,32.9876,33.0418,33.0803,33.0999,33.0975,33.0707,33.0176,32.9374,32.8301,32.6969,32.5396,32.3612,32.1648,31.954,31.7327,31.5044,31.2725,31.04,30.8096,30.5835,30.3635,30.151,29.947,29.7523,29.5674,29.3926,29.2277,29.0728,28.9275,28.7914,28.6639,28.5443,28.4318,28.3256,28.2247,28.128,28.0346,27.9434,27.8535,27.7639,27.674,27.583,27.4907,27.3969,27.3016,27.2051,27.108,27.0109,26.9149,26.8208,26.7298,26.6431,26.5618,26.4871,26.4202,26.362,26.3135,26.2755,26.249,26.2344,26.2325,26.2437,26.2683,26.3068,26.3592,26.4258,26.5065,26.6012,26.7098,26.8318,26.9668,27.1142,27.2732,27.4426,27.6215,27.8082,28.0012,28.1987,28.3985,28.5984,28.796,28.9889,29.1744,29.3501,29.5136,29.6629,29.796,29.9117,30.0089,30.0873,30.1468,30.1882,30.2126,30.2214,30.2165,30.2,30.1742,30.1413,30.1038,30.0638,30.0235,29.9847,29.9491,29.9184,29.8936,29.8761,29.8665,29.8656,29.8738,29.8915,29.9189,29.956,30.0026,30.0585,30.1233,30.1967,30.2779,30.3662,30.4609,30.5609,30.6653,30.7728,30.8822,30.9922,31.1013,31.2079,31.3104,31.4071,31.4964,31.5764,31.6453,31.7015,31.7432,31.7688,31.7768,31.7659,31.7346,31.6819,31.6068,31.5085,31.3866,31.2408,31.0711,30.8777,30.6611,30.422,30.1612,
 ,-75,43.847,44.0672,44.2519,44.4003,44.512,44.5865,44.6239,44.6242,44.5879,44.5156,44.4082,44.2668,44.0927,43.8873,43.6523,43.3894,43.1005,42.7876,42.4525,42.0974,41.7244,41.3354,40.9325,40.5177,40.093,39.66,39.2207,38.7768,38.3297,37.881,37.4322,36.9845,36.5391,36.097,35.6594,35.2271,34.8008,34.3814,33.9695,33.5656,33.1703,32.784,32.407,32.0397,31.6823,31.335,30.9981,30.6716,30.3557,30.0504,29.7557,29.4718,29.1986,28.9361,28.6842,28.4429,28.2122,27.992,27.7823,27.5829,27.3937,27.2148,27.046,26.8873,26.7385,26.5996,26.4706,26.3513,26.2417,26.1418,26.0514,25.9706,25.8993,25.8375,25.7851,25.7422,25.7086,25.6845,25.6698,25.6645,25.6687,25.6823,25.7054,25.7381,25.7803,25.8321,25.8936,25.9647,26.0456,26.136,26.2362,26.3461,26.4655,26.5944,26.7326,26.88,27.0362,27.201,27.3739,27.5544,27.7418,27.9354,28.1344,28.3377,28.5443,28.7529,28.9623,29.1709,29.3775,29.5804,29.7783,29.9698,30.1534,30.328,30.4925,30.6461,30.7881,30.9181,31.0359,31.1415,31.2354,31.3179,31.3898,31.4521,31.5057,31.5519,31.5918,31.6268,31.6581,31.687,31.7147,31.7423,31.7708,31.8013,31.8345,31.8712,31.9121,31.9577,32.0086,32.0653,32.1279,32.1969,32.2724,32.3546,32.4434,32.5387,32.6401,32.7471,32.8589,32.9741,33.0911,33.2079,33.3216,33.4292,33.5269,33.6105,33.6757,33.718,33.7334,33.7184,33.6706,33.5885,33.4723,33.3233,33.1443,32.9389,32.7115,32.4669,32.21,31.9452,31.6768,31.4084,31.1431,30.8834,30.6312,30.388,30.1548,29.9322,29.7207,29.5202,29.3308,29.1521,28.9838,28.8254,28.6761,28.5353,28.4022,28.276,28.1557,28.0405,27.9294,27.8216,27.7161,27.6124,27.5097,27.4075,27.3055,27.2035,27.1016,26.9999,26.899,26.7992,26.7014,26.6064,26.515,26.4281,26.3467,26.2718,26.2042,26.1448,26.0945,26.054,26.0238,26.0047,25.997,26.0012,26.0177,26.0466,26.0882,26.1424,26.2093,26.2887,26.3804,26.4841,26.5992,26.7252,26.8612,27.0064,27.1597,27.3198,27.4851,27.6543,27.8253,27.9964,28.1656,28.3307,28.4897,28.6406,28.7814,28.9105,29.0263,29.1279,29.2143,29.2854,29.341,29.3817,29.4083,29.4221,29.4243,29.4168,29.4012,29.3795,29.3536,29.3253,29.2963,29.2682,29.2425,29.2205,29.2033,29.1919,29.187,29.1892,29.1991,29.2169,29.2428,29.2767,29.3187,29.3685,29.4258,29.4901,29.561,29.6377,29.7196,29.8057,29.8951,29.9868,30.0796,30.1724,30.2637,30.3523,30.4367,30.5154,30.5868,30.6495,30.7019,30.7424,30.7696,30.782,30.7784,30.7578,30.7186,30.6601,30.5815,30.482,30.3613,30.2192,30.0557,29.8708,29.6651,29.4392,29.1937,
 ,-76,42.4298,42.6371,42.8118,42.953,43.0604,43.1336,43.1725,43.1773,43.1484,43.0863,42.9918,42.8659,42.7097,42.5246,42.3119,42.0732,41.8103,41.5248,41.2185,40.8934,40.5511,40.1937,39.8229,39.4405,39.0484,38.6481,38.2413,37.8297,37.4146,36.9975,36.5797,36.1624,35.7468,35.3338,34.9244,34.5195,34.12,33.7264,33.3394,32.9597,32.5876,32.2237,31.8683,31.5217,31.1842,30.8561,30.5376,30.2287,29.9296,29.6405,29.3614,29.0923,28.8333,28.5843,28.3454,28.1166,27.8977,27.6889,27.4899,27.3008,27.1216,26.9521,26.7923,26.6421,26.5015,26.3704,26.2487,26.1365,26.0336,25.9399,25.8556,25.7804,25.7144,25.6576,25.6098,25.5712,25.5417,25.5212,25.5098,25.5076,25.5144,25.5303,25.5553,25.5895,25.6329,25.6854,25.7471,25.818,25.8981,25.9873,26.0857,26.1932,26.3096,26.4349,26.5689,26.7113,26.862,27.0205,27.1864,27.3593,27.5386,27.7235,27.9133,28.1072,28.3041,28.503,28.7027,28.9022,29.1001,29.2952,29.4863,29.6723,29.8519,30.0242,30.1884,30.3437,30.4895,30.6255,30.7515,30.8676,30.974,31.071,31.1594,31.2397,31.3128,31.3797,31.4414,31.499,31.5534,31.6059,31.6573,31.7088,31.7611,31.8153,31.8721,31.9322,31.9963,32.0652,32.1392,32.2191,32.3053,32.3981,32.4981,32.6055,32.7206,32.8433,32.9735,33.111,33.2549,33.4041,33.557,33.7111,33.8633,34.0099,34.1462,34.2668,34.366,34.4379,34.4767,34.4776,34.437,34.353,34.2255,34.0565,33.8497,33.6101,33.3438,33.0571,32.7563,32.4473,32.1352,31.8245,31.5187,31.2206,30.9322,30.655,30.3898,30.1372,29.8973,29.6701,29.4552,29.2523,29.0608,28.8801,28.7093,28.5478,28.3948,28.2493,28.1106,27.9778,27.85,27.7264,27.6063,27.4891,27.3741,27.2609,27.1492,27.0389,26.93,26.8225,26.7168,26.6133,26.5126,26.4152,26.3219,26.2335,26.1506,26.0741,26.0046,25.943,25.8899,25.8458,25.8114,25.7871,25.7734,25.7705,25.7787,25.7983,25.8293,25.8717,25.9256,25.9907,26.0668,26.1536,26.2505,26.3571,26.4725,26.5959,26.7264,26.8627,27.0037,27.1479,27.2938,27.4398,27.5842,27.7253,27.8613,27.9906,28.1117,28.2231,28.3237,28.4125,28.489,28.5529,28.6041,28.643,28.6703,28.6868,28.6938,28.6925,28.6843,28.6709,28.6536,28.634,28.6136,28.5937,28.5755,28.5601,28.5486,28.5417,28.5401,28.5445,28.5551,28.5723,28.5962,28.6269,28.6643,28.7082,28.7583,28.8142,28.8755,28.9416,29.0117,29.0851,29.161,29.2385,29.3164,29.3937,29.4692,29.5418,29.6101,29.6727,29.7285,29.776,29.8138,29.8406,29.8552,29.8562,29.8427,29.8135,29.7677,29.7044,29.6229,29.5226,29.4032,29.2646,29.1067,28.9296,28.7338,28.5196,28.2879,
 ,-77,41.0842,41.2799,41.4454,41.5801,41.6836,41.7555,41.7958,41.8047,41.7825,41.7297,41.6469,41.5351,41.3953,41.2286,41.0363,40.8198,40.5806,40.3203,40.0405,39.7428,39.4289,39.1005,38.7593,38.407,38.045,37.675,37.2986,36.9171,36.5319,36.1443,35.7555,35.3668,34.9791,34.5935,34.2108,33.8319,33.4576,33.0885,32.7253,32.3685,32.0186,31.676,31.3413,31.0146,30.6962,30.3865,30.0856,29.7937,29.511,29.2375,28.9733,28.7186,28.4734,28.2376,28.0113,27.7945,27.5873,27.3895,27.2011,27.0222,26.8526,26.6923,26.5413,26.3996,26.267,26.1436,26.0292,25.9239,25.8276,25.7402,25.6618,25.5923,25.5316,25.4797,25.4367,25.4024,25.3769,25.3602,25.3523,25.3531,25.3627,25.3811,25.4083,25.4442,25.4889,25.5424,25.6047,25.6757,25.7555,25.8441,25.9412,26.0469,26.1611,26.2836,26.4143,26.5529,26.6991,26.8526,27.0131,27.1799,27.3527,27.5308,27.7135,27.8999,28.0894,28.2808,28.4734,28.666,28.8577,29.0473,29.2339,29.4164,29.594,29.7658,29.931,30.089,30.2395,30.382,30.5164,30.6428,30.7613,30.8721,30.9758,31.073,31.1643,31.2505,31.3325,31.4111,31.4871,31.5616,31.6354,31.7094,31.7844,31.8613,31.9407,32.0236,32.1105,32.2021,32.2992,32.4025,32.5124,32.6298,32.7551,32.8889,33.0318,33.1841,33.3459,33.5171,33.6974,33.8857,34.0804,34.2789,34.4778,34.6725,34.8572,35.0251,35.1685,35.2792,35.3493,35.3718,35.3415,35.2555,35.1137,34.9188,34.676,34.3924,34.0764,33.7366,33.3813,33.018,32.6533,32.2924,31.9393,31.597,31.2676,30.9525,30.6523,30.3672,30.0972,29.8418,29.6006,29.3728,29.1578,28.9546,28.7626,28.5807,28.4082,28.2441,28.0876,27.9378,27.794,27.6553,27.5212,27.3909,27.264,27.14,27.0187,26.8999,26.7835,26.6696,26.5584,26.4503,26.3456,26.2449,26.1487,26.0575,25.972,25.8928,25.8205,25.7556,25.6989,25.6506,25.6113,25.5815,25.5613,25.5512,25.5513,25.5617,25.5825,25.6137,25.6553,25.707,25.7686,25.8398,25.9201,26.0089,26.1056,26.2094,26.3195,26.4347,26.5541,26.6763,26.8,26.924,27.0467,27.1668,27.2827,27.3931,27.4968,27.5926,27.6796,27.7569,27.8242,27.881,27.9275,27.9638,27.9905,28.0083,28.018,28.0208,28.0178,28.0102,27.9991,27.986,27.9719,27.958,27.9454,27.9349,27.9275,27.9238,27.9244,27.9298,27.9405,27.9565,27.9782,28.0054,28.0382,28.0764,28.1197,28.1678,28.2202,28.2764,28.3359,28.3978,28.4614,28.5259,28.5904,28.6539,28.7153,28.7736,28.8276,28.8761,28.918,28.9521,28.9771,28.9919,28.9955,28.9866,28.9644,28.928,28.8765,28.8091,28.7253,28.6245,28.5065,28.3712,28.2184,28.0484,27.8615,27.6581,27.4387,
 ,-78,39.806,39.9911,40.1483,40.2771,40.3769,40.4477,40.4893,40.5019,40.4858,40.4414,40.3694,40.2704,40.1455,39.9956,39.8219,39.6257,39.4083,39.171,38.9155,38.6431,38.3553,38.0538,37.7399,37.4153,37.0814,36.7395,36.3912,36.0378,35.6805,35.3205,34.959,34.597,34.2356,33.8757,33.5182,33.1639,32.8135,32.4676,32.1269,31.7919,31.4632,31.1411,30.826,30.5183,30.2184,29.9263,29.6424,29.3669,29.0998,28.8414,28.5918,28.351,28.119,27.8961,27.6821,27.4771,27.2811,27.094,26.916,26.7469,26.5868,26.4356,26.2933,26.1598,26.0352,25.9193,25.8121,25.7137,25.6239,25.5428,25.4703,25.4063,25.3509,25.3041,25.2658,25.2359,25.2145,25.2017,25.1973,25.2013,25.2138,25.2348,25.2643,25.3022,25.3485,25.4033,25.4665,25.5381,25.618,25.7062,25.8027,25.9073,26.02,26.1405,26.2687,26.4043,26.5471,26.6969,26.8531,27.0154,27.1832,27.3561,27.5333,27.7143,27.8982,28.0843,28.2717,28.4595,28.6469,28.8331,29.017,29.1979,29.375,29.5477,29.7152,29.877,30.0328,30.1824,30.3254,30.4621,30.5923,30.7165,30.835,30.9482,31.0567,31.1611,31.2622,31.3605,31.4571,31.5525,31.6475,31.743,31.8398,31.9386,32.0401,32.1451,32.2544,32.3687,32.4888,32.6155,32.7497,32.8922,33.0438,33.2054,33.3779,33.562,33.7583,33.9672,34.1886,34.4219,34.6656,34.9173,35.1731,35.4276,35.6738,35.9027,36.1042,36.2669,36.3797,36.4322,36.4167,36.3289,36.1684,35.9392,35.6489,35.3077,34.9273,34.5196,34.0958,33.6655,33.2368,32.816,32.4074,32.0143,31.6385,31.2811,30.9424,30.6222,30.3199,30.0349,29.7662,29.5128,29.2738,29.0481,28.8347,28.6327,28.441,28.2586,28.0848,27.9186,27.7593,27.606,27.4582,27.3153,27.1767,27.042,26.911,26.7835,26.6593,26.5385,26.4213,26.3079,26.1984,26.0935,25.9933,25.8985,25.8094,25.7267,25.6506,25.5819,25.5208,25.4677,25.4232,25.3874,25.3607,25.3432,25.3351,25.3366,25.3476,25.3681,25.3981,25.4372,25.4854,25.5421,25.6071,25.6797,25.7595,25.8456,25.9372,26.0336,26.1336,26.2363,26.3405,26.445,26.5486,26.6501,26.7484,26.8422,26.9305,27.0124,27.0871,27.1539,27.2124,27.2625,27.304,27.3371,27.3623,27.3801,27.3912,27.3964,27.3966,27.3929,27.3862,27.3776,27.3681,27.3585,27.3498,27.3427,27.3381,27.3364,27.3382,27.344,27.354,27.3685,27.3875,27.4112,27.4395,27.4722,27.509,27.5497,27.5939,27.6411,27.6907,27.7421,27.7946,27.8475,27.8999,27.9509,27.9997,28.0452,28.0865,28.1224,28.152,28.1743,28.1881,28.1924,28.1863,28.1688,28.1391,28.0965,28.0401,27.9693,27.8836,27.7826,27.6661,27.5338,27.3859,27.2223,27.0435,26.8497,26.6414,
 ,-79,38.5913,38.7667,38.9163,39.0396,39.1362,39.2059,39.2487,39.2647,39.2541,39.2174,39.155,39.0678,38.9565,38.822,38.6653,38.4877,38.2902,38.0742,37.8409,37.5917,37.3281,37.0512,36.7627,36.4637,36.1558,35.8401,35.518,35.1907,34.8594,34.5252,34.1892,33.8524,33.5157,33.1801,32.8463,32.5152,32.1873,31.8635,31.5442,31.23,30.9214,30.6188,30.3226,30.0331,29.7507,29.4755,29.208,28.9482,28.6963,28.4524,28.2168,27.9894,27.7704,27.5599,27.3578,27.1642,26.9792,26.8027,26.6347,26.4754,26.3245,26.1822,26.0484,25.923,25.8061,25.6977,25.5976,25.506,25.4227,25.3477,25.2811,25.2227,25.1726,25.1308,25.0971,25.0717,25.0546,25.0456,25.0448,25.0522,25.0678,25.0915,25.1235,25.1635,25.2117,25.2681,25.3325,25.405,25.4855,25.5739,25.6702,25.7743,25.886,26.0052,26.1318,26.2654,26.4058,26.5528,26.706,26.8649,27.0292,27.1983,27.3716,27.5487,27.7287,27.9111,28.0951,28.28,28.465,28.6493,28.8322,29.0131,29.1911,29.3659,29.5368,29.7033,29.8652,30.0223,30.1743,30.3212,30.4632,30.6004,30.7332,30.8618,30.9868,31.1087,31.228,31.3453,31.4614,31.5769,31.6924,31.8087,31.9266,32.0467,32.1698,32.2966,32.428,32.5649,32.7081,32.8586,33.0174,33.1857,33.3646,33.5554,33.7593,33.9778,34.2119,34.4626,34.7305,35.0156,35.317,35.6324,35.9579,36.2874,36.6122,36.921,37.2,37.4335,37.6052,37.7001,37.7062,37.6169,37.4316,37.1562,36.8019,36.3838,35.9187,35.4232,34.9124,34.3986,33.8918,33.3992,32.9255,32.4737,32.0454,31.6409,31.2599,30.9016,30.565,30.2487,29.9513,29.6716,29.4081,29.1596,28.9248,28.7026,28.4919,28.2916,28.1008,27.9185,27.744,27.5765,27.4154,27.26,27.1098,26.9646,26.8238,26.6874,26.5552,26.4272,26.3034,26.184,26.0691,25.9592,25.8544,25.7551,25.6618,25.5747,25.4943,25.421,25.355,25.2967,25.2465,25.2045,25.1711,25.1462,25.1301,25.1228,25.1244,25.1346,25.1536,25.1809,25.2165,25.2599,25.3108,25.3686,25.4329,25.5029,25.578,25.6573,25.7401,25.8253,25.9121,25.9993,26.086,26.1711,26.2536,26.3326,26.4072,26.4766,26.5401,26.5973,26.6477,26.6911,26.7275,26.7571,26.7801,26.7969,26.8081,26.8144,26.8165,26.8152,26.8113,26.8057,26.7992,26.7925,26.7864,26.7815,26.7785,26.7779,26.7801,26.7855,26.7944,26.8069,26.8232,26.8432,26.867,26.8944,26.9251,26.9589,26.9955,27.0343,27.0749,27.1167,27.1591,27.2014,27.2429,27.2828,27.3202,27.3543,27.3842,27.409,27.4277,27.4395,27.4434,27.4385,27.424,27.3989,27.3627,27.3147,27.2542,27.1806,27.0934,26.9924,26.8773,26.748,26.6044,26.4468,26.2753,26.0902,25.8921,
 ,-80,37.4362,37.6028,37.7454,37.8637,37.9573,38.0261,38.0699,38.0889,38.0834,38.0537,38.0003,37.9237,37.8248,37.7044,37.5634,37.4027,37.2235,37.027,36.8142,36.5864,36.3449,36.091,35.8258,35.5507,35.2668,34.9754,34.6777,34.3748,34.0677,33.7577,33.4455,33.1323,32.8189,32.5061,32.1947,31.8854,31.579,31.276,30.977,30.6825,30.3931,30.109,29.8308,29.5587,29.2931,29.0343,28.7824,28.5377,28.3004,28.0706,27.8485,27.6341,27.4276,27.2291,27.0386,26.8561,26.6818,26.5155,26.3574,26.2075,26.0657,25.932,25.8066,25.6892,25.58,25.4788,25.3858,25.3008,25.2239,25.1551,25.0943,25.0415,24.9966,24.9598,24.9309,24.91,24.8971,24.8921,24.895,24.9059,24.9246,24.9513,24.9859,25.0284,25.0787,25.1368,25.2028,25.2765,25.3579,25.447,25.5436,25.6477,25.7592,25.8778,26.0034,26.1358,26.2747,26.4199,26.5711,26.7278,26.8897,27.0563,27.2272,27.4018,27.5795,27.7597,27.9418,28.1252,28.3092,28.4932,28.6766,28.8587,29.039,29.217,29.3922,29.5643,29.733,29.898,30.0593,30.2167,30.3705,30.5206,30.6674,30.8111,30.9521,31.0909,31.2279,31.3636,31.4986,31.6335,31.769,31.9056,32.0441,32.1851,32.3295,32.478,32.6315,32.7909,32.9573,33.1318,33.3158,33.5106,33.7178,33.9391,34.1765,34.4317,34.707,35.004,35.3244,35.6692,36.0383,36.4303,36.8415,37.2653,37.6915,38.1057,38.4895,38.8207,39.0755,39.2312,39.2694,39.1794,38.9602,38.6208,38.1784,37.6559,37.0777,36.4673,35.8449,35.2265,34.624,34.0453,33.4951,32.9758,32.488,32.0312,31.604,31.2047,30.8314,30.4822,30.1551,29.8481,29.5596,29.288,29.0317,28.7894,28.5598,28.3417,28.1341,27.936,27.7466,27.5651,27.3908,27.2232,27.0616,26.9057,26.7551,26.6097,26.4692,26.3335,26.2027,26.0769,25.9561,25.8406,25.7305,25.6262,25.528,25.436,25.3507,25.2722,25.2009,25.1371,25.0809,25.0325,24.9922,24.96,24.9359,24.9201,24.9125,24.913,24.9214,24.9377,24.9615,24.9925,25.0303,25.0746,25.1247,25.1801,25.2401,25.3041,25.3713,25.4409,25.512,25.5838,25.6554,25.7258,25.7943,25.8601,25.9223,25.9804,26.0338,26.082,26.1247,26.1617,26.193,26.2186,26.2389,26.254,26.2645,26.2708,26.2736,26.2736,26.2712,26.2674,26.2626,26.2576,26.253,26.2494,26.2471,26.2468,26.2487,26.2532,26.2605,26.2708,26.2841,26.3005,26.3199,26.3421,26.367,26.3943,26.4237,26.4548,26.4871,26.5201,26.5533,26.5861,26.6177,26.6475,26.6747,26.6987,26.7184,26.7333,26.7424,26.7449,26.74,26.727,26.7051,26.6735,26.6316,26.579,26.5149,26.4389,26.3506,26.2497,26.136,26.0095,25.87,25.7178,25.553,25.3758,25.1868,
 ,-81,36.3372,36.4957,36.632,36.7457,36.8365,36.9044,36.9492,36.971,36.9701,36.9468,36.9015,36.8347,36.7472,36.6397,36.5129,36.3678,36.2055,36.0268,35.8329,35.6249,35.4039,35.171,34.9275,34.6744,34.4129,34.144,33.869,33.5888,33.3044,33.0169,32.7272,32.4361,32.1445,31.8531,31.5628,31.2743,30.988,30.7048,30.425,30.1493,29.8781,29.6118,29.3507,29.0953,28.8458,28.6025,28.3657,28.1355,27.9122,27.696,27.4869,27.2851,27.0907,26.9039,26.7246,26.5529,26.3889,26.2326,26.0841,25.9434,25.8105,25.6853,25.568,25.4585,25.3567,25.2628,25.1767,25.0984,25.0278,24.965,24.91,24.8627,24.8231,24.7913,24.7672,24.7509,24.7422,24.7412,24.748,24.7624,24.7845,24.8142,24.8516,24.8967,24.9493,25.0096,25.0774,25.1527,25.2354,25.3255,25.423,25.5276,25.6393,25.7579,25.8832,26.0152,26.1534,26.2978,26.4479,26.6034,26.764,26.9294,27.0989,27.2723,27.4489,27.6283,27.8099,27.9932,28.1776,28.3626,28.5477,28.7322,28.9158,29.0981,29.2785,29.4569,29.633,29.8065,29.9774,30.1457,30.3113,30.4743,30.635,30.7937,30.9505,31.1058,31.2601,31.4138,31.5674,31.7215,31.8765,32.0331,32.1919,32.3537,32.5192,32.6892,32.8647,33.0468,33.2366,33.4355,33.645,33.867,34.1035,34.3567,34.6292,34.9238,35.2437,35.5917,35.971,36.384,36.8323,37.316,37.8325,38.3752,38.9327,39.4874,40.0144,40.4826,40.8568,41.1018,41.1884,41.0991,40.8322,40.4019,39.8357,39.1686,38.4372,37.6747,36.9083,36.1584,35.4385,34.7567,34.1169,33.5202,32.9655,32.4508,31.9733,31.5301,31.118,30.7343,30.3763,30.0414,29.7274,29.4324,29.1544,28.8919,28.6435,28.4077,28.1835,27.9698,27.7657,27.5704,27.3831,27.2032,27.0302,26.8637,26.7032,26.5486,26.3995,26.256,26.1178,25.9851,25.8579,25.7364,25.6206,25.5107,25.407,25.3097,25.2189,25.135,25.058,24.9883,24.9259,24.871,24.8237,24.7842,24.7523,24.7282,24.7117,24.7028,24.7013,24.7071,24.7198,24.7393,24.7651,24.7967,24.8338,24.8759,24.9223,24.9723,25.0255,25.0809,25.138,25.1959,25.2538,25.3111,25.367,25.4208,25.4719,25.5196,25.5637,25.6035,25.639,25.6698,25.6959,25.7175,25.7346,25.7475,25.7565,25.7621,25.7647,25.7649,25.7631,25.76,25.7561,25.7519,25.7479,25.7445,25.7424,25.7416,25.7427,25.7459,25.7513,25.759,25.7692,25.7819,25.7969,25.8142,25.8336,25.8548,25.8776,25.9015,25.9262,25.9512,25.976,26,26.0227,26.0434,26.0615,26.0763,26.087,26.0929,26.0934,26.0877,26.0752,26.055,26.0265,25.9892,25.9424,25.8857,25.8186,25.7406,25.6515,25.5508,25.4386,25.3146,25.1789,25.0316,24.8729,24.703,24.5223,
 ,-82,35.291,35.4421,35.5725,35.6821,35.7704,35.8374,35.8831,35.9075,35.9108,35.8933,35.8554,35.7976,35.7205,35.6248,35.5111,35.3804,35.2334,35.0712,34.8947,34.7049,34.5028,34.2894,34.0659,33.8333,33.5925,33.3447,33.0908,32.8317,32.5686,32.3021,32.0333,31.763,31.4919,31.2207,30.9503,30.6813,30.4142,30.1496,29.8881,29.6302,29.3763,29.1269,28.8822,28.6426,28.4085,28.1802,27.9578,27.7416,27.5318,27.3286,27.1321,26.9425,26.7598,26.5842,26.4158,26.2546,26.1007,25.9541,25.815,25.6832,25.5589,25.4421,25.3328,25.2309,25.1366,25.0498,24.9704,24.8986,24.8343,24.7775,24.7283,24.6865,24.6522,24.6254,24.6061,24.5943,24.5899,24.5931,24.6037,24.6218,24.6473,24.6803,24.7207,24.7685,24.8237,24.8863,24.9562,25.0334,25.1178,25.2094,25.308,25.4137,25.5262,25.6454,25.7711,25.9033,26.0416,26.1859,26.3358,26.4911,26.6514,26.8165,26.9858,27.1591,27.3358,27.5155,27.6978,27.8822,28.0682,28.2553,28.4432,28.6313,28.8192,29.0066,29.1932,29.3786,29.5627,29.7453,29.9262,30.1056,30.2832,30.4593,30.634,30.8075,30.98,31.1518,31.3233,31.4949,31.6669,31.8398,32.0142,32.1906,32.3697,32.5522,32.7387,32.9303,33.128,33.3328,33.5462,33.7697,34.0053,34.2551,34.5217,34.8079,35.1172,35.4536,35.8212,36.2249,36.6695,37.1599,37.7003,38.2931,38.9383,39.6308,40.3589,41.1016,41.8265,42.4896,43.0382,43.4168,43.5779,43.4919,43.1557,42.593,41.8486,40.9777,40.0357,39.0702,38.1174,37.2019,36.3383,35.5337,34.7898,34.105,33.4758,32.8978,32.366,31.876,31.4232,31.0036,30.6137,30.2502,29.9104,29.5917,29.2919,29.0092,28.742,28.4886,28.2479,28.0187,27.8,27.591,27.3908,27.1988,27.0144,26.8372,26.6667,26.5027,26.3449,26.1932,26.0474,25.9075,25.7735,25.6455,25.5235,25.4076,25.2981,25.195,25.0984,25.0087,24.9258,24.8499,24.7811,24.7196,24.6654,24.6185,24.5789,24.5466,24.5216,24.5037,24.4928,24.4886,24.491,24.4996,24.5142,24.5342,24.5594,24.5892,24.623,24.6604,24.7008,24.7434,24.7877,24.833,24.8787,24.9241,24.9686,25.0115,25.0524,25.0907,25.1261,25.1582,25.1868,25.2116,25.2327,25.25,25.2637,25.2739,25.281,25.2852,25.2869,25.2865,25.2845,25.2813,25.2774,25.2732,25.2691,25.2654,25.2627,25.2611,25.2608,25.2623,25.2655,25.2706,25.2776,25.2865,25.2973,25.3099,25.324,25.3395,25.356,25.3733,25.3909,25.4085,25.4257,25.4418,25.4564,25.4689,25.4787,25.4852,25.4878,25.4858,25.4787,25.4657,25.4462,25.4197,25.3855,25.3431,25.292,25.2319,25.1622,25.0826,24.9927,24.8924,24.7815,24.66,24.5279,24.3851,24.232,24.0686,23.8954,
 ,-83,34.2945,34.4387,34.5639,34.6696,34.7556,34.8218,34.8683,34.895,34.9021,34.89,34.8589,34.8093,34.7418,34.6568,34.5552,34.4377,34.3049,34.1579,33.9974,33.8244,33.6397,33.4445,33.2395,33.0258,32.8043,32.576,32.3417,32.1025,31.8591,31.6123,31.3632,31.1123,30.8605,30.6084,30.3567,30.106,29.857,29.6102,29.366,29.125,28.8876,28.6542,28.4251,28.2007,27.9814,27.7673,27.5588,27.356,27.1592,26.9685,26.7841,26.6062,26.4348,26.2702,26.1123,25.9612,25.8171,25.68,25.55,25.427,25.3111,25.2024,25.1009,25.0066,24.9195,24.8397,24.7671,24.7017,24.6436,24.5927,24.5492,24.5128,24.4838,24.462,24.4475,24.4403,24.4403,24.4477,24.4622,24.4841,24.5132,24.5495,24.5931,24.6439,24.7019,24.7671,24.8393,24.9187,25.0051,25.0985,25.1988,25.3059,25.4197,25.54,25.6668,25.7998,25.9389,26.0838,26.2343,26.3902,26.5511,26.7168,26.8869,27.0611,27.2389,27.4201,27.6041,27.7907,27.9793,28.1696,28.3613,28.5538,28.747,28.9404,29.1339,29.327,29.5198,29.7119,29.9034,30.0942,30.2843,30.4737,30.6625,30.851,31.0393,31.2276,31.4163,31.6056,31.796,31.9879,32.1817,32.378,32.5774,32.7805,32.9883,33.2016,33.4215,33.6492,33.8865,34.135,34.397,34.675,34.9723,35.2925,35.6399,36.0199,36.4382,36.9017,37.418,37.995,38.6408,39.3621,40.1633,41.0433,41.9923,42.9873,43.9875,44.9314,45.7393,46.3225,46.6005,46.5225,46.0823,45.321,44.314,43.1512,41.9169,40.679,39.4845,38.3615,37.3235,36.374,35.5104,34.7267,34.0154,33.3688,32.7793,32.2401,31.7449,31.2884,30.8659,30.4733,30.1073,29.7647,29.4431,29.1403,28.8542,28.5834,28.3263,28.0817,27.8485,27.6258,27.4127,27.2086,27.0128,26.8248,26.6443,26.4708,26.3041,26.1439,25.9902,25.8428,25.7017,25.5669,25.4383,25.3162,25.2004,25.0912,24.9886,24.8927,24.8036,24.7214,24.6462,24.5779,24.5167,24.4625,24.4154,24.3752,24.3419,24.3154,24.2954,24.2818,24.2745,24.2729,24.277,24.2863,24.3004,24.3188,24.3412,24.367,24.3956,24.4266,24.4593,24.4933,24.5278,24.5623,24.5964,24.6294,24.661,24.6906,24.718,24.7428,24.7648,24.7839,24.7999,24.8129,24.823,24.8303,24.8349,24.8372,24.8375,24.836,24.8332,24.8293,24.8247,24.8199,24.815,24.8106,24.8067,24.8038,24.8019,24.8013,24.8021,24.8044,24.8082,24.8134,24.8201,24.8281,24.8372,24.8472,24.8579,24.8691,24.8802,24.891,24.9011,24.91,24.9172,24.9223,24.9246,24.9237,24.919,24.9099,24.8959,24.8764,24.8508,24.8187,24.7794,24.7326,24.6778,24.6146,24.5427,24.4617,24.3714,24.2715,24.162,24.0427,23.9138,23.7752,23.6272,23.4698,23.3035,
 ,-84,33.3448,33.4828,33.603,33.7051,33.789,33.8546,33.9017,33.9306,33.9413,33.934,33.9091,33.8671,33.8083,33.7333,33.6428,33.5373,33.4176,33.2846,33.1389,32.9813,32.8128,32.6343,32.4465,32.2504,32.0468,31.8366,31.6207,31.3999,31.175,30.9467,30.7159,30.4833,30.2496,30.0154,29.7814,29.5481,29.3162,29.0861,28.8584,28.6334,28.4117,28.1935,27.9793,27.7695,27.5642,27.3638,27.1685,26.9786,26.7942,26.6156,26.443,26.2763,26.1159,25.9618,25.8141,25.6729,25.5384,25.4104,25.2892,25.1748,25.0672,24.9664,24.8726,24.7856,24.7057,24.6326,24.5666,24.5076,24.4556,24.4107,24.3727,24.3419,24.3181,24.3013,24.2916,24.289,24.2935,24.305,24.3236,24.3493,24.3821,24.422,24.4689,24.5228,24.5838,24.6518,24.7267,24.8086,24.8973,24.9928,25.0952,25.2041,25.3197,25.4416,25.5699,25.7044,25.8449,25.9911,26.143,26.3002,26.4626,26.6297,26.8015,26.9775,27.1574,27.3409,27.5276,27.7173,27.9095,28.104,28.3003,28.4983,28.6975,28.8977,29.0988,29.3004,29.5024,29.7047,29.9072,30.1099,30.3127,30.5158,30.7191,30.9227,31.127,31.332,31.5381,31.7454,31.9543,32.1653,32.3786,32.595,32.8148,33.0389,33.2681,33.5032,33.7456,33.9966,34.2579,34.5316,34.8202,35.1268,35.4552,35.8098,36.1963,36.6211,37.0923,37.6191,38.2124,38.8845,39.6488,40.5187,41.5062,42.6179,43.8506,45.1831,46.5671,47.9192,49.119,50.0214,50.4876,50.4255,49.824,48.7565,47.3549,45.7677,44.1253,42.5222,41.0163,39.6359,38.3888,37.271,36.2721,35.3792,34.5792,33.8597,33.2096,32.6194,32.0807,31.5866,31.1311,30.7093,30.3169,29.9505,29.6071,29.2841,28.9794,28.6911,28.4176,28.1577,27.9101,27.6737,27.4478,27.2316,27.0243,26.8256,26.6348,26.4517,26.2759,26.1071,25.9453,25.7901,25.6416,25.4997,25.3644,25.2356,25.1133,24.9978,24.8888,24.7866,24.6911,24.6025,24.5206,24.4456,24.3774,24.3161,24.2615,24.2136,24.1722,24.1374,24.1088,24.0863,24.0696,24.0586,24.0529,24.0521,24.0559,24.0639,24.0757,24.0908,24.1087,24.129,24.1512,24.1746,24.1989,24.2236,24.2481,24.2721,24.295,24.3166,24.3365,24.3544,24.3702,24.3837,24.3948,24.4035,24.4099,24.414,24.4159,24.416,24.4143,24.4113,24.4071,24.402,24.3963,24.3903,24.3843,24.3785,24.3732,24.3686,24.3648,24.3619,24.3602,24.3595,24.36,24.3616,24.3643,24.3678,24.3722,24.3771,24.3824,24.3878,24.3929,24.3975,24.4011,24.4034,24.4039,24.4022,24.3977,24.3901,24.3789,24.3634,24.3432,24.3179,24.2869,24.2498,24.206,24.1553,24.0972,24.0314,23.9576,23.8754,23.7847,23.6853,23.5771,23.46,23.334,23.1993,23.0559,22.9041,22.744,
 ,-85,32.4391,32.5713,32.687,32.786,32.8679,32.9328,32.9806,33.0114,33.0253,33.0225,33.0033,32.9682,32.9175,32.8516,32.7712,32.6769,32.5693,32.4491,32.3171,32.1739,32.0204,31.8573,31.6855,31.5057,31.3187,31.1255,30.9266,30.723,30.5153,30.3044,30.0908,29.8754,29.6587,29.4413,29.224,29.0071,28.7913,28.5771,28.3649,28.1552,27.9483,27.7447,27.5447,27.3487,27.1568,26.9695,26.787,26.6094,26.437,26.27,26.1086,25.9529,25.803,25.6591,25.5213,25.3897,25.2643,25.1453,25.0327,24.9266,24.8271,24.7341,24.6477,24.568,24.495,24.4287,24.3692,24.3165,24.2705,24.2314,24.1991,24.1736,24.155,24.1433,24.1384,24.1404,24.1494,24.1652,24.1879,24.2176,24.2542,24.2976,24.348,24.4053,24.4694,24.5404,24.6182,24.7028,24.7942,24.8923,24.9969,25.1082,25.2259,25.35,25.4803,25.6168,25.7592,25.9074,26.0613,26.2206,26.3851,26.5545,26.7287,26.9073,27.0901,27.2768,27.4672,27.6608,27.8575,28.057,28.2589,28.463,28.6691,28.8769,29.0863,29.297,29.5089,29.722,29.9361,30.1511,30.3672,30.5842,30.8023,31.0216,31.2422,31.4642,31.6879,31.9135,32.1413,32.3716,32.6049,32.8416,33.0823,33.3276,33.5785,33.8358,34.101,34.3754,34.661,34.96,35.2754,35.6107,35.9702,36.3595,36.7851,37.2554,37.7804,38.3725,39.0466,39.8204,40.7146,41.7522,42.9566,44.3487,45.9393,47.7175,49.634,51.5809,53.379,54.7893,55.5645,55.533,54.6726,53.1213,51.1167,48.9087,46.6969,44.6084,42.7074,41.0137,39.5216,38.2129,37.0646,36.054,35.1602,34.3649,33.6527,33.0106,32.428,31.8961,31.4076,30.9566,30.538,30.1479,29.7828,29.4398,29.1165,28.8108,28.5211,28.2459,27.9839,27.734,27.4952,27.2668,27.0481,26.8385,26.6374,26.4446,26.2595,26.082,25.9117,25.7486,25.5925,25.4433,25.3008,25.1651,25.0362,24.914,24.7986,24.6898,24.5878,24.4926,24.4041,24.3223,24.2472,24.1787,24.1168,24.0613,24.0122,23.9693,23.9325,23.9015,23.8761,23.856,23.8411,23.8309,23.8252,23.8235,23.8254,23.8307,23.8387,23.8492,23.8616,23.8755,23.8905,23.906,23.9218,23.9373,23.9523,23.9664,23.9793,23.9908,24.0007,24.0088,24.015,24.0194,24.022,24.0227,24.0218,24.0193,24.0154,24.0104,24.0044,23.9977,23.9905,23.983,23.9755,23.968,23.961,23.9544,23.9484,23.9432,23.9387,23.9351,23.9323,23.9303,23.9291,23.9284,23.9282,23.9283,23.9285,23.9285,23.9281,23.9269,23.9245,23.9207,23.9151,23.9072,23.8967,23.883,23.8658,23.8445,23.8189,23.7883,23.7524,23.7108,23.6631,23.6089,23.5479,23.4798,23.4044,23.3212,23.2303,23.1314,23.0244,22.9093,22.7861,22.6549,22.5158,22.3689,22.2145,
 ,-86,31.5749,31.7019,31.8134,31.9094,31.9895,32.0538,32.1022,32.1347,32.1516,32.1529,32.139,32.1102,32.0669,32.0095,31.9385,31.8544,31.758,31.6497,31.5302,31.4003,31.2606,31.1119,30.9548,30.7902,30.6188,30.4412,30.2583,30.0708,29.8793,29.6845,29.4871,29.2877,29.087,28.8855,28.6839,28.4825,28.282,28.0827,27.8853,27.69,27.4973,27.3075,27.1211,26.9382,26.7592,26.5844,26.4141,26.2483,26.0875,25.9317,25.7811,25.6359,25.4962,25.3621,25.2339,25.1115,24.9951,24.8848,24.7806,24.6826,24.5908,24.5054,24.4264,24.3538,24.2876,24.2279,24.1748,24.1282,24.0882,24.0549,24.0281,24.008,23.9946,23.9879,23.9879,23.9946,24.008,24.0282,24.0551,24.0888,24.1293,24.1765,24.2305,24.2912,24.3587,24.4329,24.5139,24.6015,24.6957,24.7966,24.904,25.0179,25.1382,25.2649,25.3977,25.5367,25.6816,25.8324,25.9888,26.1508,26.3181,26.4905,26.6678,26.8498,27.0363,27.2271,27.4218,27.6202,27.8222,28.0274,28.2357,28.4468,28.6605,28.8766,29.0949,29.3154,29.5379,29.7623,29.9885,30.2165,30.4463,30.6779,30.9113,31.1466,31.384,31.6235,31.8653,32.1096,32.3567,32.6069,32.8605,33.118,33.38,33.647,33.92,34.2,34.4883,34.7864,35.0965,35.421,35.7632,36.127,36.5175,36.9409,37.4052,37.9203,38.4988,39.1563,39.9124,40.7914,41.823,43.0428,44.4915,46.2116,48.2403,50.5927,53.2344,56.04,58.7525,60.9785,62.2695,62.2943,61.0084,58.6799,55.7479,52.6357,49.6409,46.9215,44.5325,42.4693,40.6994,39.1811,37.8735,36.7401,35.7501,34.8781,34.1036,33.41,32.7839,32.2147,31.6936,31.2138,30.7694,30.3558,29.9692,29.6064,29.2647,28.9418,28.636,28.3456,28.0692,27.8057,27.5541,27.3135,27.0833,26.8627,26.6513,26.4485,26.254,26.0676,25.8888,25.7175,25.5536,25.3968,25.2471,25.1043,24.9685,24.8395,24.7173,24.602,24.4933,24.3914,24.2962,24.2076,24.1256,24.0501,23.981,23.9182,23.8615,23.8109,23.7661,23.7269,23.6932,23.6647,23.6411,23.6221,23.6074,23.5966,23.5895,23.5856,23.5845,23.5859,23.5893,23.5944,23.6007,23.6079,23.6155,23.6233,23.6309,23.638,23.6443,23.6497,23.6539,23.6568,23.6584,23.6585,23.6572,23.6546,23.6506,23.6453,23.639,23.6318,23.6237,23.6151,23.606,23.5967,23.5873,23.578,23.5689,23.5601,23.5518,23.5441,23.5368,23.5302,23.5242,23.5186,23.5136,23.5089,23.5044,23.4999,23.4953,23.4903,23.4846,23.4781,23.4703,23.4609,23.4497,23.4362,23.42,23.4008,23.3782,23.3517,23.3211,23.2859,23.2456,23.2,23.1488,23.0915,23.0279,22.9578,22.8809,22.797,22.7059,22.6074,22.5016,22.3884,22.2678,22.1398,22.0046,21.8623,21.7131,
 ,-87,30.7498,30.8719,30.9797,31.0729,31.1513,31.215,31.264,31.2981,31.3177,31.3229,31.3138,31.2908,31.2543,31.2046,31.1423,31.0677,30.9815,30.8842,30.7764,30.6588,30.5319,30.3965,30.2532,30.1027,29.9457,29.7828,29.6148,29.4422,29.2658,29.0862,28.9039,28.7197,28.534,28.3475,28.1606,27.9738,27.7877,27.6027,27.4192,27.2376,27.0584,26.8818,26.7082,26.5379,26.3713,26.2084,26.0497,25.8954,25.7455,25.6005,25.4603,25.3252,25.1954,25.0709,24.9519,24.8384,24.7307,24.6288,24.5327,24.4426,24.3585,24.2805,24.2087,24.143,24.0835,24.0303,23.9835,23.943,23.9089,23.8812,23.86,23.8452,23.837,23.8353,23.8401,23.8515,23.8694,23.894,23.9252,23.963,24.0074,24.0585,24.1162,24.1806,24.2516,24.3293,24.4136,24.5044,24.6019,24.7058,24.8163,24.9332,25.0564,25.186,25.3218,25.4637,25.6117,25.7655,25.9251,26.0903,26.2611,26.4371,26.6183,26.8044,26.9952,27.1907,27.3905,27.5945,27.8025,28.0142,28.2296,28.4484,28.6704,28.8955,29.1236,29.3545,29.5882,29.8246,30.0635,30.3051,30.5492,30.7958,31.0451,31.2971,31.5517,31.8093,32.0698,32.3334,32.6004,32.8711,33.1457,33.4246,33.7085,33.9978,34.2936,34.5967,34.9085,35.2308,35.5656,35.9157,36.2845,36.6764,37.0971,37.5537,38.0553,38.6135,39.2433,39.9638,40.7997,41.7826,42.9528,44.3613,46.0711,48.1562,50.6958,53.7557,57.3481,61.3577,65.442,68.9687,71.1208,71.2467,69.2548,65.6791,61.3394,56.9423,52.9075,49.4012,46.4368,43.9581,41.8877,40.1501,38.6799,37.4236,36.3388,35.3919,34.557,33.8134,33.1453,32.54,31.9873,31.4794,31.0098,30.5733,30.1656,29.7832,29.4233,29.0834,28.7615,28.4559,28.1652,27.8882,27.6237,27.371,27.1291,26.8975,26.6755,26.4628,26.2588,26.0632,25.8758,25.6962,25.5242,25.3597,25.2025,25.0525,24.9096,24.7737,24.6447,24.5225,24.4072,24.2986,24.1966,24.1013,24.0124,23.9299,23.8537,23.7837,23.7197,23.6616,23.6092,23.5623,23.5206,23.4841,23.4522,23.4249,23.4018,23.3826,23.367,23.3546,23.345,23.338,23.3331,23.33,23.3283,23.3277,23.3278,23.3283,23.329,23.3296,23.3297,23.3293,23.3281,23.3261,23.323,23.319,23.3139,23.3077,23.3005,23.2924,23.2835,23.2738,23.2635,23.2527,23.2415,23.2301,23.2187,23.2072,23.1959,23.1849,23.1741,23.1637,23.1537,23.1441,23.1348,23.1258,23.1171,23.1085,23.0998,23.0911,23.0819,23.0722,23.0618,23.0502,23.0374,23.0229,23.0064,22.9878,22.9665,22.9423,22.9148,22.8836,22.8485,22.809,22.7648,22.7156,22.6612,22.6012,22.5353,22.4634,22.3853,22.3006,22.2094,22.1115,22.0068,21.8953,21.777,21.652,21.5204,21.3823,21.2379,
 ,-88,29.9617,30.0793,30.1835,30.2741,30.3511,30.4143,30.4637,30.4994,30.5214,30.53,30.5254,30.5078,30.4776,30.4351,30.3807,30.3149,30.2382,30.151,30.054,29.9478,29.8328,29.7097,29.5792,29.4418,29.2982,29.149,28.9949,28.8364,28.6741,28.5086,28.3406,28.1706,27.999,27.8265,27.6536,27.4806,27.3081,27.1366,26.9663,26.7978,26.6313,26.4673,26.3059,26.1477,25.9927,25.8413,25.6938,25.5503,25.4111,25.2763,25.1462,25.0209,24.9005,24.7852,24.6752,24.5704,24.4711,24.3774,24.2892,24.2068,24.1302,24.0594,23.9945,23.9356,23.8827,23.8359,23.7953,23.7608,23.7324,23.7104,23.6946,23.6852,23.6821,23.6853,23.695,23.7111,23.7336,23.7626,23.7981,23.8401,23.8886,23.9437,24.0053,24.0735,24.1482,24.2294,24.3172,24.4116,24.5124,24.6197,24.7335,24.8538,24.9803,25.1132,25.2524,25.3977,25.5491,25.7065,25.8698,26.0388,26.2135,26.3938,26.5794,26.7702,26.9661,27.167,27.3726,27.5828,27.7975,28.0165,28.2396,28.4668,28.6978,28.9326,29.1711,29.4132,29.6587,29.9077,30.1601,30.4158,30.6749,30.9373,31.2031,31.4723,31.745,32.0212,32.3011,32.5848,32.8725,33.1643,33.4607,33.7619,34.0684,34.3808,34.6999,35.0269,35.3629,35.7097,36.0695,36.4452,36.8405,37.26,37.7099,38.1981,38.7347,39.3329,40.0099,40.7883,41.6977,42.777,44.0779,45.6686,47.6382,50.1003,53.1928,57.0623,61.8167,67.411,73.4464,78.9605,82.5022,82.8002,79.6685,74.1636,67.7884,61.6707,56.3441,51.924,48.3284,45.4146,43.0411,41.0884,39.4621,38.0895,36.9156,35.8988,35.0074,34.2171,33.5094,32.8699,32.2871,31.7523,31.2583,30.7994,30.3711,29.9695,29.5916,29.2348,28.897,28.5764,28.2714,27.9808,27.7035,27.4384,27.1849,26.9422,26.7096,26.4868,26.2731,26.0683,25.872,25.6839,25.5038,25.3314,25.1666,25.0092,24.8591,24.7161,24.5802,24.4512,24.3291,24.2137,24.105,24.0028,23.9072,23.8178,23.7347,23.6576,23.5865,23.5212,23.4614,23.4071,23.3579,23.3136,23.274,23.2389,23.2079,23.1807,23.1571,23.1368,23.1193,23.1044,23.0918,23.0811,23.0719,23.0641,23.0572,23.051,23.0452,23.0396,23.0339,23.028,23.0217,23.0148,23.0073,22.9992,22.9902,22.9806,22.9702,22.9591,22.9474,22.9351,22.9224,22.9092,22.8958,22.8822,22.8685,22.8548,22.8412,22.8277,22.8144,22.8014,22.7885,22.7759,22.7634,22.7511,22.7388,22.7264,22.7139,22.701,22.6876,22.6735,22.6585,22.6423,22.6248,22.6056,22.5844,22.561,22.535,22.5062,22.4742,22.4388,22.3995,22.3562,22.3085,22.2561,22.1987,22.1362,22.0683,21.9949,21.9156,21.8304,21.7391,21.6417,21.538,21.4281,21.312,21.1897,21.0614,20.9271,20.787,
 ,-89,29.2084,29.3218,29.4228,29.5111,29.5866,29.6493,29.6991,29.7362,29.7605,29.7724,29.7718,29.7592,29.7348,29.6988,29.6518,29.5941,29.5262,29.4484,29.3615,29.2657,29.1618,29.0502,28.9316,28.8064,28.6753,28.5389,28.3977,28.2523,28.1032,27.9511,27.7964,27.6397,27.4814,27.3222,27.1624,27.0025,26.8429,26.684,26.5263,26.3701,26.2158,26.0637,25.914,25.7672,25.6235,25.483,25.3462,25.2131,25.0841,24.9593,24.8388,24.7229,24.6116,24.5052,24.4038,24.3075,24.2163,24.1305,24.0501,23.9751,23.9057,23.842,23.784,23.7317,23.6853,23.6447,23.6101,23.5815,23.5589,23.5425,23.5321,23.5279,23.5299,23.5382,23.5527,23.5735,23.6006,23.6341,23.6739,23.7202,23.7729,23.832,23.8976,23.9696,24.0482,24.1332,24.2248,24.3228,24.4273,24.5383,24.6557,24.7795,24.9097,25.0463,25.1892,25.3383,25.4936,25.655,25.8224,25.9958,26.175,26.36,26.5506,26.7468,26.9483,27.1552,27.3673,27.5844,27.8064,28.0333,28.2649,28.5011,28.7418,28.987,29.2366,29.4904,29.7485,30.0108,30.2773,30.5479,30.8226,31.1015,31.3846,31.6719,31.9633,32.2591,32.5593,32.8639,33.1731,33.4871,33.8061,34.1304,34.4605,34.7969,35.1404,35.492,35.8528,36.2248,36.61,37.0115,37.4329,37.8794,38.3572,38.8749,39.4435,40.0773,40.7957,41.6238,42.5957,43.7572,45.1704,46.92,49.1218,51.9323,55.5575,60.2493,66.2623,73.707,82.2147,90.4518,96.0142,96.5734,91.7733,83.582,74.5758,66.4091,59.6577,54.2936,50.0793,46.7562,44.1061,41.9611,40.1969,38.7223,37.4702,36.3916,35.4498,34.6174,33.8736,33.2024,32.5915,32.0312,31.5138,31.0334,30.585,30.1647,29.7691,29.3956,29.042,28.7064,28.3872,28.083,27.7927,27.5154,27.2501,26.9962,26.753,26.5199,26.2965,26.0823,25.877,25.6803,25.4918,25.3114,25.1388,24.9739,24.8165,24.6663,24.5234,24.3875,24.2585,24.1364,24.0209,23.912,23.8096,23.7135,23.6236,23.5396,23.4616,23.3892,23.3224,23.2608,23.2044,23.1528,23.1059,23.0633,23.0249,22.9903,22.9592,22.9314,22.9065,22.8843,22.8644,22.8466,22.8305,22.8159,22.8024,22.7899,22.7781,22.7666,22.7554,22.7443,22.7331,22.7216,22.7098,22.6976,22.685,22.6718,22.6582,22.6441,22.6295,22.6146,22.5993,22.5837,22.5679,22.5519,22.5359,22.5199,22.5038,22.4878,22.472,22.4562,22.4405,22.4249,22.4093,22.3937,22.3779,22.362,22.3457,22.3289,22.3115,22.2933,22.2741,22.2536,22.2317,22.2081,22.1825,22.1547,22.1244,22.0914,22.0553,22.0159,21.973,21.9261,21.8752,21.8199,21.7599,21.6952,21.6254,21.5505,21.4703,21.3846,21.2932,21.1963,21.0936,20.9851,20.871,20.7512,20.6259,20.4951,20.359,
 ,-90,28.4879,28.5975,28.6955,28.7816,28.8558,28.918,28.9682,29.0066,29.0331,29.0478,29.0511,29.043,29.0239,28.9941,28.9539,28.9037,28.8439,28.7749,28.6972,28.6112,28.5175,28.4166,28.309,28.1952,28.0758,27.9513,27.8222,27.689,27.5524,27.4127,27.2706,27.1264,26.9807,26.8339,26.6865,26.5389,26.3915,26.2447,26.0989,25.9544,25.8116,25.6708,25.5323,25.3964,25.2633,25.1334,25.0068,24.8837,24.7644,24.6491,24.5379,24.4311,24.3287,24.2308,24.1378,24.0496,23.9663,23.8882,23.8152,23.7476,23.6852,23.6284,23.577,23.5312,23.4911,23.4567,23.4281,23.4053,23.3884,23.3774,23.3724,23.3734,23.3805,23.3937,23.413,23.4386,23.4703,23.5083,23.5526,23.6031,23.6601,23.7234,23.7931,23.8692,23.9517,24.0407,24.1361,24.238,24.3464,24.4612,24.5825,24.7102,24.8444,24.985,25.1319,25.2852,25.4448,25.6106,25.7827,25.9608,26.1451,26.3353,26.5315,26.7335,26.9413,27.1547,27.3738,27.5984,27.8284,28.0639,28.3046,28.5505,28.8016,29.0578,29.3191,29.5855,29.8568,30.1331,30.4144,30.7007,30.9919,31.288,31.5892,31.8954,32.2066,32.5228,32.8442,33.1707,33.5025,33.8397,34.1825,34.5311,34.886,35.2475,35.6164,35.9936,36.3803,36.7781,37.1893,37.6167,38.0642,38.5368,39.0411,39.5859,40.1828,40.847,41.5989,42.4661,43.4856,44.7082,46.2043,48.0716,50.4478,53.5262,57.575,62.9499,70.0671,79.2467,90.2513,101.446,109.328,110.195,103.46,92.2994,80.5812,70.4534,62.4261,56.2608,51.5424,47.8948,45.0288,42.7348,40.8633,39.3082,37.9935,36.8643,35.8802,35.0116,34.2359,33.5362,32.8994,32.3152,31.7758,31.2747,30.8069,30.3682,29.9553,29.5653,29.196,28.8455,28.512,28.1943,27.891,27.6013,27.3242,27.059,26.805,26.5616,26.3282,26.1046,25.8902,25.6847,25.4878,25.2993,25.1188,24.9463,24.7814,24.624,24.474,24.3311,24.1953,24.0663,23.9441,23.8285,23.7194,23.6166,23.52,23.4294,23.3445,23.2654,23.1917,23.1232,23.0599,23.0013,22.9474,22.8977,22.8522,22.8106,22.7724,22.7376,22.7058,22.6767,22.6501,22.6256,22.603,22.5821,22.5625,22.544,22.5264,22.5095,22.4931,22.477,22.4611,22.4452,22.4293,22.4131,22.3968,22.3802,22.3634,22.3462,22.3288,22.3111,22.2932,22.2751,22.2568,22.2384,22.22,22.2015,22.183,22.1644,22.146,22.1275,22.109,22.0904,22.0718,22.053,22.0339,22.0146,21.9947,21.9742,21.953,21.9309,21.9077,21.8832,21.8572,21.8295,21.7999,21.768,21.7338,21.6968,21.657,21.614,21.5676,21.5176,21.4637,21.4057,21.3434,21.2766,21.2052,21.129,21.0478,20.9617,20.8703,20.7737,20.6719,20.5648,20.4525,20.335,20.2124,20.0848,19.9523,
 ,-91,27.7985,27.9045,27.9997,28.0838,28.1568,28.2186,28.2692,28.3087,28.3371,28.3546,28.3613,28.3575,28.3434,28.3192,28.2853,28.242,28.1897,28.1288,28.0597,27.9828,27.8987,27.8077,27.7104,27.6072,27.4987,27.3853,27.2675,27.1458,27.0208,26.8928,26.7624,26.63,26.4961,26.361,26.2253,26.0893,25.9535,25.8181,25.6835,25.5502,25.4184,25.2884,25.1605,25.035,24.9121,24.7922,24.6754,24.5619,24.452,24.3458,24.2436,24.1454,24.0515,23.962,23.877,23.7967,23.7211,23.6504,23.5847,23.5241,23.4687,23.4185,23.3737,23.3343,23.3003,23.2719,23.2492,23.2321,23.2208,23.2152,23.2155,23.2217,23.2338,23.252,23.2761,23.3064,23.3428,23.3853,23.434,23.489,23.5502,23.6178,23.6917,23.7719,23.8586,23.9516,24.0511,24.1571,24.2695,24.3885,24.5139,24.6458,24.7842,24.929,25.0804,25.2382,25.4024,25.5731,25.7501,25.9335,26.1232,26.3192,26.5214,26.7298,26.9443,27.165,27.3916,27.6243,27.8629,28.1075,28.3579,28.6142,28.8763,29.1443,29.418,29.6975,29.9828,30.2739,30.5708,30.8735,31.182,31.4964,31.8165,32.1426,32.4744,32.8122,33.1559,33.5055,33.8612,34.2229,34.5908,34.9651,35.346,35.734,36.1297,36.5338,36.9474,37.3721,37.81,38.2638,38.7373,39.2354,39.7647,40.3341,40.9552,41.6437,42.4205,43.314,44.3628,45.6204,47.1611,49.0896,51.5554,54.7722,59.0439,64.7885,72.5263,82.7264,95.2775,108.397,117.846,118.918,110.854,97.7236,84.2874,72.9746,64.2058,57.5868,52.586,48.7559,45.7661,43.3835,41.4453,39.8374,38.4792,37.3127,36.2958,35.3977,34.595,33.8703,33.2101,32.604,32.0437,31.5229,31.0363,30.5797,30.1497,29.7435,29.3586,28.9932,28.6455,28.3141,27.9979,27.6958,27.4068,27.1301,26.8652,26.6113,26.368,26.1347,25.9111,25.6967,25.4913,25.2945,25.1061,24.9258,24.7534,24.5887,24.4315,24.2816,24.1389,24.0032,23.8743,23.752,23.6363,23.5269,23.4237,23.3265,23.2351,23.1493,23.069,22.9939,22.9238,22.8586,22.7979,22.7416,22.6894,22.6411,22.5963,22.5549,22.5165,22.481,22.448,22.4173,22.3886,22.3616,22.3363,22.3122,22.2892,22.2672,22.2458,22.225,22.2046,22.1844,22.1645,22.1446,22.1246,22.1047,22.0846,22.0644,22.0441,22.0237,22.0031,21.9824,21.9616,21.9408,21.9199,21.8989,21.8779,21.8568,21.8357,21.8146,21.7933,21.7719,21.7503,21.7284,21.7061,21.6834,21.6602,21.6362,21.6114,21.5856,21.5587,21.5304,21.5006,21.4691,21.4356,21.4,21.3621,21.3216,21.2782,21.2319,21.1824,21.1294,21.0727,21.0123,20.9478,20.8792,20.8062,20.7288,20.6469,20.5602,20.4689,20.3727,20.2717,20.1658,20.0552,19.9397,19.8196,19.6949,19.5657,
 ,-92,27.1384,27.2411,27.3337,27.4159,27.4878,27.5492,27.6001,27.6407,27.6709,27.6909,27.7009,27.701,27.6914,27.6725,27.6444,27.6075,27.5622,27.5088,27.4477,27.3793,27.304,27.2223,27.1346,27.0413,26.9429,26.8399,26.7327,26.6218,26.5076,26.3906,26.2713,26.15,26.0271,25.9032,25.7785,25.6535,25.5285,25.4039,25.2801,25.1573,25.0359,24.9161,24.7983,24.6828,24.5697,24.4593,24.3519,24.2476,24.1467,24.0493,23.9556,23.8659,23.7802,23.6986,23.6214,23.5487,23.4806,23.4171,23.3585,23.3048,23.256,23.2124,23.1739,23.1407,23.1128,23.0904,23.0733,23.0619,23.056,23.0559,23.0614,23.0727,23.0899,23.1129,23.1419,23.1769,23.2179,23.265,23.3182,23.3776,23.4433,23.5151,23.5933,23.6778,23.7687,23.866,23.9698,24.08,24.1967,24.3199,24.4496,24.5859,24.7288,24.8783,25.0343,25.197,25.3662,25.5421,25.7245,25.9135,26.1091,26.3113,26.52,26.7352,26.957,27.1853,27.4201,27.6614,27.9092,28.1635,28.4243,28.6915,28.9653,29.2457,29.5325,29.826,30.126,30.4327,30.746,31.066,31.3927,31.7261,32.0663,32.4132,32.7669,33.1274,33.4947,33.8688,34.2496,34.6373,35.0318,35.4333,35.842,36.2581,36.6821,37.1147,37.5568,38.0097,38.4753,38.9562,39.4559,39.9792,40.5323,41.1239,41.7653,42.4718,43.2642,44.1705,45.229,46.4926,48.0349,49.9599,52.4153,55.6121,59.8498,65.5378,73.1822,83.2306,95.5515,108.38,117.581,118.599,110.704,97.8284,84.6034,73.422,64.7215,58.1314,53.1367,49.2997,46.2956,43.8946,41.9355,40.3055,38.9246,37.7352,36.6957,35.7751,34.9506,34.2045,33.5235,32.8972,32.3175,31.7778,31.2731,30.7991,30.3523,29.9299,29.5295,29.1492,28.7873,28.4423,28.113,27.7983,27.4972,27.2091,26.9332,26.6687,26.4153,26.1723,25.9393,25.716,25.5019,25.2968,25.1003,24.9122,24.7322,24.5601,24.3957,24.2388,24.0892,23.9467,23.8111,23.6822,23.5599,23.444,23.3343,23.2307,23.1328,23.0406,22.9539,22.8724,22.7959,22.7243,22.6572,22.5945,22.5359,22.4812,22.4302,22.3825,22.338,22.2963,22.2573,22.2207,22.1863,22.1538,22.123,22.0936,22.0656,22.0386,22.0126,21.9872,21.9626,21.9383,21.9145,21.8909,21.8675,21.8442,21.821,21.7978,21.7746,21.7514,21.7282,21.7049,21.6816,21.6583,21.6349,21.6115,21.5879,21.5644,21.5407,21.5168,21.4928,21.4686,21.4441,21.4192,21.3939,21.3681,21.3415,21.3142,21.286,21.2568,21.2263,21.1945,21.1611,21.126,21.089,21.0499,21.0085,20.9646,20.9181,20.8687,20.8162,20.7605,20.7013,20.6386,20.5721,20.5017,20.4273,20.3488,20.2661,20.1791,20.0877,19.9918,19.8915,19.7868,19.6776,19.564,19.4462,19.3241,19.1979,
 ,-93,26.506,26.6057,26.6959,26.7764,26.8472,26.9082,26.9595,27.001,27.0329,27.0552,27.0682,27.0719,27.0666,27.0524,27.0298,26.9989,26.96,26.9136,26.8599,26.7994,26.7324,26.6592,26.5804,26.4964,26.4075,26.3142,26.217,26.1161,26.0122,25.9055,25.7965,25.6856,25.5732,25.4597,25.3454,25.2308,25.1162,25.0018,24.8881,24.7753,24.6638,24.5539,24.4457,24.3396,24.2358,24.1346,24.0361,23.9406,23.8483,23.7594,23.674,23.5923,23.5145,23.4407,23.371,23.3057,23.2447,23.1883,23.1365,23.0895,23.0472,23.01,22.9777,22.9506,22.9286,22.9119,22.9006,22.8947,22.8942,22.8994,22.9101,22.9265,22.9486,22.9766,23.0104,23.0501,23.0957,23.1474,23.2052,23.2691,23.3391,23.4154,23.498,23.5868,23.6821,23.7837,23.8918,24.0064,24.1276,24.2553,24.3896,24.5305,24.6781,24.8325,24.9935,25.1613,25.3359,25.5172,25.7054,25.9004,26.1023,26.3111,26.5267,26.7493,26.9788,27.2152,27.4587,27.7091,27.9666,28.2312,28.503,28.7819,29.068,29.3613,29.662,29.9701,30.2857,30.6087,30.9393,31.2775,31.6233,31.9769,32.3382,32.7072,33.084,33.4686,33.8609,34.2609,34.6685,35.0838,35.5068,35.9373,36.3756,36.8218,37.2761,37.739,38.2113,38.6941,39.189,39.6982,40.2249,40.7734,41.3495,41.9612,42.6193,43.3382,44.1374,45.0434,46.0923,47.3334,48.8352,50.6929,53.0398,56.0624,60.0166,65.2375,72.1078,80.901,91.345,101.859,109.177,109.908,103.524,92.9247,81.6915,71.8762,64.0141,57.9165,53.207,49.5339,46.6226,44.2716,42.3366,40.7146,39.3314,38.1332,37.0808,36.1448,35.3031,34.5391,33.8398,33.1951,32.5971,32.0395,31.5172,31.026,30.5627,30.1243,29.7085,29.3133,28.937,28.5783,28.2358,27.9085,27.5953,27.2956,27.0085,26.7334,26.4697,26.2168,25.9744,25.742,25.5192,25.3056,25.101,24.905,24.7174,24.5379,24.3662,24.2023,24.0457,23.8964,23.7542,23.6188,23.49,23.3677,23.2516,23.1416,23.0375,22.9391,22.8461,22.7584,22.6757,22.5979,22.5247,22.4559,22.3913,22.3305,22.2735,22.2199,22.1695,22.1222,22.0775,22.0354,21.9955,21.9577,21.9217,21.8874,21.8546,21.8229,21.7924,21.7628,21.734,21.7059,21.6783,21.6512,21.6244,21.5979,21.5716,21.5455,21.5195,21.4936,21.4677,21.4419,21.4161,21.3903,21.3644,21.3385,21.3125,21.2864,21.2602,21.2337,21.2071,21.1801,21.1528,21.125,21.0968,21.0679,21.0382,21.0077,20.9763,20.9438,20.91,20.8748,20.838,20.7996,20.7592,20.7168,20.6722,20.6252,20.5757,20.5234,20.4682,20.4099,20.3484,20.2835,20.2152,20.1431,20.0674,19.9879,19.9044,19.817,19.7255,19.6299,19.5302,19.4265,19.3186,19.2068,19.091,18.9712,18.8478,
 ,-94,25.8999,25.9968,26.0847,26.1636,26.2334,26.294,26.3456,26.388,26.4215,26.446,26.4617,26.4687,26.4673,26.4577,26.4401,26.4147,26.3819,26.3419,26.2952,26.2419,26.1826,26.1175,26.0471,25.9716,25.8916,25.8074,25.7195,25.6281,25.5337,25.4367,25.3374,25.2364,25.1338,25.0302,24.9258,24.8209,24.716,24.6114,24.5073,24.404,24.3019,24.2013,24.1023,24.0052,23.9103,23.8178,23.7279,23.6409,23.5568,23.476,23.3986,23.3247,23.2544,23.1881,23.1257,23.0675,23.0135,22.9639,22.9187,22.8782,22.8423,22.8113,22.7851,22.7639,22.7477,22.7367,22.7309,22.7304,22.7353,22.7457,22.7615,22.783,22.81,22.8428,22.8814,22.9259,22.9762,23.0325,23.0948,23.1632,23.2377,23.3185,23.4055,23.4988,23.5985,23.7047,23.8173,23.9364,24.0622,24.1945,24.3336,24.4794,24.6319,24.7913,24.9576,25.1309,25.311,25.4982,25.6925,25.8939,26.1024,26.3182,26.5412,26.7715,27.0091,27.2542,27.5068,27.767,28.0347,28.3102,28.5934,28.8845,29.1836,29.4907,29.806,30.1294,30.4613,30.8015,31.1503,31.5076,31.8737,32.2485,32.6321,33.0245,33.4257,33.8358,34.2547,34.6823,35.1186,35.5634,36.0168,36.4786,36.9487,37.4271,37.9141,38.4097,38.9146,39.4295,39.9556,40.4948,41.0497,41.6241,42.2231,42.8538,43.5258,44.2523,45.0508,45.9451,46.9674,48.1614,49.5864,51.3235,53.4825,56.2108,59.6993,64.1764,69.8616,76.8254,84.684,92.184,97.153,97.5347,93.0233,85.3536,76.8327,68.9953,62.4189,57.1169,52.8916,49.5123,46.7787,44.5342,42.6613,41.0729,39.7052,38.5107,37.4541,36.5087,35.6543,34.8754,34.1599,33.4982,32.883,32.3081,31.7686,31.2607,30.7809,30.3265,29.8952,29.4851,29.0945,28.7219,28.3661,28.026,27.7006,27.3891,27.0908,26.8049,26.5308,26.268,26.016,25.7744,25.5428,25.3207,25.1078,24.9039,24.7086,24.5216,24.3428,24.1717,24.0083,23.8522,23.7033,23.5614,23.4262,23.2976,23.1752,23.0591,22.9488,22.8443,22.7453,22.6516,22.563,22.4792,22.4001,22.3255,22.255,22.1885,22.1258,22.0666,22.0107,21.9579,21.9079,21.8605,21.8155,21.7727,21.7319,21.6929,21.6554,21.6194,21.5847,21.551,21.5183,21.4864,21.4553,21.4247,21.3947,21.365,21.3358,21.3068,21.278,21.2494,21.221,21.1926,21.1643,21.136,21.1078,21.0794,21.051,21.0224,20.9937,20.9647,20.9355,20.9059,20.8758,20.8453,20.8142,20.7823,20.7497,20.7162,20.6817,20.646,20.6091,20.5707,20.5308,20.4892,20.4457,20.4002,20.3526,20.3026,20.2502,20.1952,20.1374,20.0768,20.0131,19.9462,19.876,19.8025,19.7255,19.6449,19.5608,19.4729,19.3813,19.2859,19.1868,19.0839,18.9772,18.8669,18.7529,18.6354,18.5143,
 ,-95,25.3186,25.4128,25.4987,25.576,25.6449,25.7053,25.7571,25.8004,25.8352,25.8617,25.88,25.8901,25.8924,25.8869,25.8739,25.8537,25.8265,25.7926,25.7522,25.7058,25.6537,25.5961,25.5334,25.4661,25.3944,25.3187,25.2394,25.1569,25.0715,24.9836,24.8935,24.8017,24.7084,24.6141,24.5189,24.4234,24.3277,24.2323,24.1373,24.0431,23.9499,23.8581,23.7678,23.6794,23.593,23.5088,23.4272,23.3482,23.2721,23.1991,23.1292,23.0628,22.9999,22.9408,22.8854,22.8341,22.7868,22.7438,22.7051,22.6709,22.6412,22.6162,22.5959,22.5805,22.57,22.5646,22.5643,22.5691,22.5793,22.5948,22.6157,22.6421,22.6741,22.7117,22.7551,22.8042,22.8592,22.9201,22.987,23.06,23.1391,23.2243,23.3159,23.4137,23.518,23.6287,23.7459,23.8698,24.0002,24.1374,24.2814,24.4322,24.59,24.7547,24.9265,25.1054,25.2915,25.4848,25.6855,25.8936,26.1091,26.3322,26.5629,26.8014,27.0477,27.3018,27.564,27.8343,28.1129,28.3997,28.6951,28.999,29.3117,29.6332,29.9637,30.3033,30.6523,31.0106,31.3785,31.7561,32.1434,32.5406,32.9478,33.3649,33.7921,34.2294,34.6766,35.1337,35.6006,36.0772,36.5633,37.0587,37.5632,38.0767,38.599,39.1302,39.6704,40.2202,40.7801,41.3517,41.9369,42.5387,43.1614,43.8109,44.4954,45.2262,46.0184,46.8923,47.8752,49.0034,50.3253,51.9048,53.8247,56.1897,59.1239,62.7545,67.1652,72.2903,77.7399,82.6303,85.6743,85.7696,82.761,77.5664,71.5095,65.6148,60.3957,55.9871,52.3346,49.3188,46.8148,44.7141,42.9299,41.3942,40.0555,38.8742,37.8201,36.8701,36.0064,35.215,34.485,33.8075,33.1758,32.5841,32.0278,31.5031,31.0069,30.5366,30.0897,29.6646,29.2595,28.8729,28.5036,28.1506,27.8128,27.4895,27.1797,26.8828,26.5983,26.3254,26.0638,25.8129,25.5723,25.3417,25.1205,24.9086,24.7056,24.5111,24.325,24.1468,23.9765,23.8137,23.6583,23.5099,23.3683,23.2334,23.105,22.9827,22.8665,22.756,22.6511,22.5516,22.4572,22.3678,22.283,22.2027,22.1267,22.0548,21.9866,21.9221,21.8609,21.8029,21.7479,21.6955,21.6457,21.5981,21.5527,21.5092,21.4675,21.4273,21.3885,21.351,21.3146,21.2792,21.2446,21.2107,21.1775,21.1449,21.1127,21.081,21.0495,21.0183,20.9873,20.9565,20.9258,20.8951,20.8644,20.8337,20.8029,20.7719,20.7408,20.7093,20.6776,20.6454,20.6127,20.5795,20.5456,20.511,20.4756,20.4392,20.4017,20.363,20.3231,20.2817,20.2388,20.1941,20.1477,20.0993,20.0488,19.9961,19.941,19.8834,19.8232,19.7602,19.6944,19.6256,19.5538,19.4788,19.4005,19.319,19.2341,19.1458,19.0541,18.9589,18.8602,18.758,18.6524,18.5434,18.431,18.3154,18.1966,
 ,-96,24.7607,24.8525,24.9365,25.0125,25.0805,25.1405,25.1926,25.2366,25.2728,25.3011,25.3217,25.3348,25.3404,25.3388,25.3302,25.3147,25.2927,25.2644,25.2301,25.1901,25.1446,25.094,25.0386,24.9788,24.9149,24.8472,24.776,24.7018,24.6249,24.5455,24.4641,24.381,24.2964,24.2109,24.1245,24.0378,23.9508,23.8641,23.7778,23.6921,23.6075,23.5241,23.4421,23.3619,23.2836,23.2075,23.1337,23.0624,22.9939,22.9284,22.8659,22.8067,22.7509,22.6986,22.6501,22.6054,22.5647,22.528,22.4956,22.4675,22.4438,22.4247,22.4102,22.4005,22.3956,22.3956,22.4006,22.4107,22.426,22.4466,22.4725,22.5039,22.5407,22.5832,22.6313,22.6851,22.7448,22.8103,22.8818,22.9593,23.043,23.1329,23.229,23.3315,23.4404,23.5557,23.6777,23.8063,23.9417,24.0839,24.2329,24.389,24.5521,24.7224,24.8999,25.0847,25.2769,25.4767,25.684,25.8991,26.1219,26.3527,26.5916,26.8386,27.0938,27.3575,27.6298,27.9107,28.2005,28.4994,28.8074,29.1247,29.4516,29.7882,30.1347,30.4913,30.8582,31.2355,31.6235,32.0223,32.4321,32.853,33.2851,33.7285,34.1833,34.6494,35.1269,35.6156,36.1155,36.6262,37.1477,37.6795,38.2214,38.773,39.334,39.9041,40.4832,41.0712,41.6684,42.2756,42.8941,43.5258,44.1741,44.8436,45.5407,46.2745,47.0573,47.9055,48.841,49.8921,51.0958,52.4987,54.1583,56.1409,58.5157,61.3362,64.6022,68.1942,71.7896,74.8167,76.5576,76.4511,74.4231,70.9374,66.7136,62.3868,58.3507,54.7748,51.687,49.0468,46.7896,44.8493,43.1674,41.6953,40.3938,39.2317,38.1847,37.2334,36.3626,35.5603,34.8167,34.1242,33.4763,32.868,32.2949,31.7535,31.2409,30.7544,30.2919,29.8515,29.4316,29.0309,28.648,28.2819,27.9316,27.5962,27.2749,26.9669,26.6718,26.3888,26.1174,25.8571,25.6075,25.3682,25.1387,24.9188,24.7079,24.506,24.3125,24.1273,23.9501,23.7806,23.6186,23.4638,23.316,23.175,23.0405,22.9123,22.7902,22.6739,22.5633,22.4581,22.3582,22.2632,22.173,22.0874,22.0061,21.9289,21.8556,21.7859,21.7198,21.6569,21.597,21.5399,21.4855,21.4335,21.3837,21.336,21.2902,21.246,21.2034,21.1622,21.1223,21.0834,21.0456,21.0086,20.9724,20.9369,20.9019,20.8674,20.8334,20.7997,20.7662,20.733,20.6999,20.6669,20.6339,20.6009,20.5677,20.5345,20.5009,20.4671,20.4329,20.3983,20.3631,20.3273,20.2908,20.2535,20.2153,20.1761,20.1358,20.0944,20.0515,20.0073,19.9615,19.914,19.8647,19.8135,19.7603,19.7049,19.6473,19.5872,19.5247,19.4596,19.3918,19.3211,19.2477,19.1712,19.0918,19.0093,18.9237,18.8349,18.7429,18.6478,18.5494,18.4479,18.3432,18.2353,18.1245,18.0106,17.8938,
 ,-97,24.2252,24.3147,24.3968,24.4715,24.5388,24.5985,24.6507,24.6955,24.7329,24.763,24.7858,24.8015,24.8103,24.8123,24.8077,24.7967,24.7795,24.7565,24.7277,24.6936,24.6544,24.6103,24.5618,24.509,24.4523,24.3921,24.3286,24.2622,24.1932,24.1219,24.0486,23.9737,23.8974,23.8201,23.7421,23.6636,23.585,23.5065,23.4284,23.3509,23.2744,23.199,23.125,23.0526,22.982,22.9135,22.8473,22.7834,22.7222,22.6638,22.6084,22.5561,22.5071,22.4616,22.4196,22.3814,22.3469,22.3165,22.2902,22.268,22.2502,22.2368,22.228,22.2238,22.2243,22.2296,22.2399,22.2552,22.2756,22.3011,22.332,22.3682,22.4099,22.4571,22.5099,22.5685,22.6328,22.7029,22.7791,22.8612,22.9495,23.044,23.1447,23.2519,23.3655,23.4856,23.6124,23.746,23.8863,24.0336,24.188,24.3494,24.5181,24.694,24.8774,25.0684,25.267,25.4734,25.6878,25.9101,26.1406,26.3794,26.6267,26.8826,27.1473,27.4209,27.7036,27.9957,28.2972,28.6085,28.9297,29.2611,29.6028,29.9552,30.3184,30.6927,31.0784,31.4757,31.8848,32.306,32.7394,33.1853,33.6439,34.1152,34.5993,35.0963,35.6061,36.1288,36.6641,37.2117,37.7715,38.343,38.9257,39.5191,40.1226,40.7356,41.3577,41.9882,42.627,43.274,43.9297,44.5952,45.2725,45.9646,46.6762,47.414,48.1872,49.0081,49.8931,50.8631,51.9441,53.1678,54.5703,56.1886,58.0537,60.1747,62.5135,64.9491,67.245,69.0494,69.9699,69.7226,68.273,65.857,62.862,59.6684,56.552,53.6674,51.0755,48.7809,46.7597,44.9779,43.4002,41.9944,40.7329,39.5925,38.5544,37.6031,36.7263,35.9137,35.157,34.4495,33.7856,33.1606,32.5705,32.0122,31.4828,30.98,30.5015,30.0457,29.6109,29.1958,28.7991,28.4197,28.0566,27.709,27.376,27.0568,26.7509,26.4577,26.1764,25.9067,25.648,25.4,25.1621,24.9341,24.7154,24.5059,24.3052,24.1129,23.9289,23.7527,23.5842,23.4231,23.2691,23.122,22.9815,22.8475,22.7196,22.5977,22.4816,22.3709,22.2656,22.1653,22.0698,21.979,21.8926,21.8104,21.7322,21.6577,21.5868,21.5192,21.4548,21.3932,21.3344,21.2782,21.2243,21.1726,21.1229,21.075,21.0288,20.9841,20.9408,20.8987,20.8577,20.8178,20.7787,20.7403,20.7027,20.6657,20.6291,20.593,20.5572,20.5216,20.4862,20.451,20.4157,20.3805,20.3451,20.3096,20.2738,20.2377,20.2011,20.1641,20.1265,20.0882,20.0492,20.0094,19.9686,19.9267,19.8838,19.8395,19.794,19.747,19.6984,19.6482,19.5962,19.5424,19.4865,19.4286,19.3685,19.3061,19.2413,19.1741,19.1043,19.032,18.9569,18.879,18.7984,18.7149,18.6285,18.5393,18.447,18.3518,18.2537,18.1527,18.0487,17.9419,17.8323,17.72,17.605,
 ,-98,23.7108,23.7981,23.8786,23.9521,24.0185,24.078,24.1304,24.1759,24.2144,24.246,24.2709,24.2891,24.3008,24.3062,24.3053,24.2985,24.2859,24.2677,24.2442,24.2156,24.1822,24.1443,24.1021,24.0559,24.0061,23.9529,23.8966,23.8375,23.7759,23.7122,23.6466,23.5794,23.5109,23.4414,23.3713,23.3006,23.2298,23.1592,23.0888,23.0191,22.9503,22.8825,22.8161,22.7512,22.688,22.6268,22.5677,22.511,22.4568,22.4053,22.3567,22.3111,22.2687,22.2295,22.1939,22.1619,22.1336,22.1091,22.0887,22.0723,22.0602,22.0524,22.0491,22.0503,22.0561,22.0667,22.0821,22.1024,22.1278,22.1583,22.1941,22.2351,22.2816,22.3335,22.391,22.4542,22.5232,22.598,22.6787,22.7655,22.8584,22.9575,23.063,23.1749,23.2933,23.4183,23.55,23.6886,23.8341,23.9866,24.1463,24.3133,24.4876,24.6695,24.859,25.0563,25.2616,25.4749,25.6964,25.9263,26.1647,26.4119,26.6679,26.933,27.2074,27.4914,27.785,28.0886,28.4024,28.7266,29.0616,29.4075,29.7648,30.1336,30.5143,30.9071,31.3125,31.7307,32.162,32.6067,33.0651,33.5374,34.0239,34.5248,35.0401,35.5701,36.1147,36.6738,37.2473,37.8349,38.4364,39.0511,39.6785,40.3179,40.9684,41.6292,42.2992,42.9774,43.6631,44.3553,45.0536,45.758,46.469,47.1882,47.9183,48.6634,49.4296,50.2254,51.0618,51.9529,52.9157,53.9696,55.1347,56.4281,57.8576,59.4106,61.0391,62.6429,64.0601,65.0788,65.4842,65.1305,64.0026,62.2249,60.0102,57.5848,55.1339,52.7802,50.5895,48.587,46.7728,45.134,43.6525,42.309,41.0855,39.9658,38.936,37.9845,37.1012,36.2779,35.5078,34.785,34.1045,33.4624,32.8551,32.2795,31.733,31.2134,30.7186,30.247,29.797,29.3673,28.9565,28.5636,28.1876,27.8276,27.4827,27.1522,26.8355,26.5318,26.2406,25.9613,25.6935,25.4367,25.1904,24.9542,24.7277,24.5107,24.3027,24.1034,23.9125,23.7297,23.5547,23.3873,23.2272,23.0741,22.9278,22.788,22.6546,22.5272,22.4056,22.2896,22.1791,22.0736,21.9731,21.8774,21.7861,21.6991,21.6161,21.537,21.4616,21.3895,21.3207,21.255,21.1921,21.1318,21.074,21.0185,20.9651,20.9137,20.864,20.816,20.7695,20.7244,20.6805,20.6376,20.5958,20.5549,20.5147,20.4752,20.4362,20.3978,20.3597,20.3219,20.2844,20.2469,20.2096,20.1722,20.1347,20.097,20.059,20.0207,19.9819,19.9426,19.9027,19.862,19.8206,19.7783,19.735,19.6906,19.645,19.5982,19.55,19.5004,19.4492,19.3963,19.3417,19.2853,19.2269,19.1666,19.1041,19.0394,18.9725,18.9032,18.8315,18.7574,18.6807,18.6015,18.5196,18.4352,18.348,18.2581,18.1656,18.0703,17.9723,17.8717,17.7683,17.6624,17.5539,17.4429,17.3295,
 ,-99,23.2163,23.3017,23.3806,23.4529,23.5187,23.5779,23.6305,23.6766,23.7161,23.7493,23.776,23.7966,23.811,23.8195,23.8221,23.8192,23.8107,23.7971,23.7785,23.7551,23.7271,23.6949,23.6587,23.6187,23.5753,23.5287,23.4791,23.4269,23.3724,23.3158,23.2574,23.1975,23.1364,23.0743,23.0115,22.9484,22.885,22.8217,22.7588,22.6965,22.6349,22.5744,22.5152,22.4574,22.4013,22.3471,22.295,22.2451,22.1976,22.1527,22.1106,22.0714,22.0353,22.0024,21.9729,21.9469,21.9245,21.9059,21.8912,21.8804,21.8738,21.8715,21.8735,21.88,21.891,21.9067,21.9271,21.9525,21.9828,22.0182,22.0587,22.1045,22.1557,22.2123,22.2745,22.3423,22.4159,22.4953,22.5807,22.6721,22.7697,22.8735,22.9837,23.1004,23.2236,23.3535,23.4903,23.6339,23.7846,23.9425,24.1077,24.2804,24.4606,24.6485,24.8444,25.0482,25.2603,25.4807,25.7096,25.9473,26.1939,26.4497,26.7148,26.9895,27.274,27.5686,27.8735,28.1891,28.5155,28.8532,29.2024,29.5636,29.9369,30.3228,30.7217,31.134,31.5599,32,32.4545,32.924,33.4086,33.9089,34.425,34.9573,35.5059,36.0711,36.6528,37.2512,37.866,38.4971,39.1439,39.806,40.4826,41.1728,41.8755,42.5896,43.3134,44.0457,44.7846,45.5287,46.2763,47.0263,47.7779,48.5307,49.2853,50.0436,50.8084,51.5844,52.3782,53.1979,54.0531,54.9542,55.9102,56.926,57.9973,59.1038,60.2011,61.2141,62.0361,62.5407,62.6089,62.1648,61.2032,59.7937,58.0574,56.1314,54.138,52.1689,50.2827,48.5107,46.8649,45.3453,43.9452,42.6547,41.4633,40.3603,39.3361,38.3822,37.4909,36.6558,35.8711,35.132,34.4343,33.7744,33.149,32.5555,31.9914,31.4546,30.9432,30.4554,29.9899,29.5451,29.12,28.7134,28.3242,27.9516,27.5947,27.2527,26.925,26.6108,26.3095,26.0207,25.7436,25.4779,25.2232,24.9788,24.7445,24.5199,24.3046,24.0983,23.9006,23.7112,23.5299,23.3563,23.1901,23.0311,22.8791,22.7337,22.5947,22.462,22.3352,22.214,22.0984,21.988,21.8826,21.7821,21.6861,21.5945,21.507,21.4235,21.3437,21.2675,21.1946,21.1248,21.058,20.9939,20.9324,20.8733,20.8164,20.7616,20.7088,20.6576,20.6081,20.5601,20.5133,20.4678,20.4234,20.38,20.3374,20.2955,20.2543,20.2136,20.1734,20.1335,20.0939,20.0544,20.015,19.9756,19.9361,19.8963,19.8563,19.8158,19.7749,19.7334,19.6913,19.6484,19.6047,19.56,19.5143,19.4674,19.4194,19.3701,19.3193,19.2671,19.2134,19.158,19.1009,19.0419,18.9811,18.9183,18.8535,18.7866,18.7176,18.6463,18.5727,18.4968,18.4186,18.3379,18.2549,18.1694,18.0814,17.9909,17.8979,17.8024,17.7045,17.6041,17.5012,17.396,17.2885,17.1786,17.0666,
 ,-100,22.7409,22.8244,22.9018,22.9731,23.0382,23.0972,23.1499,23.1966,23.2371,23.2716,23.3002,23.3229,23.3398,23.3512,23.3571,23.3577,23.3533,23.3439,23.3298,23.3112,23.2884,23.2616,23.2309,23.1968,23.1593,23.1189,23.0757,23.03,22.982,22.9321,22.8806,22.8276,22.7734,22.7183,22.6626,22.6064,22.5501,22.4939,22.438,22.3827,22.3281,22.2745,22.2222,22.1712,22.1219,22.0743,22.0288,21.9854,21.9444,21.9058,21.87,21.837,21.807,21.7801,21.7565,21.7363,21.7196,21.7066,21.6975,21.6922,21.691,21.694,21.7012,21.7128,21.7289,21.7496,21.775,21.8052,21.8404,21.8805,21.9258,21.9763,22.0322,22.0934,22.1603,22.2327,22.3109,22.3949,22.4849,22.581,22.6832,22.7918,22.9067,23.0282,23.1563,23.2912,23.433,23.5819,23.7379,23.9013,24.0721,24.2505,24.4367,24.6309,24.8332,25.0437,25.2628,25.4905,25.7271,25.9728,26.2279,26.4925,26.7669,27.0515,27.3464,27.652,27.9686,28.2965,28.6361,28.9877,29.3517,29.7286,30.1186,30.5224,30.9402,31.3726,31.82,32.283,32.7619,33.2573,33.7696,34.2993,34.8468,35.4124,35.9965,36.5993,37.221,37.8616,38.5211,39.1993,39.8957,40.6097,41.3406,42.0871,42.8481,43.6219,44.4067,45.2003,46.0004,46.8044,47.6099,48.4141,49.2148,50.0098,50.7976,51.5773,52.349,53.114,53.8745,54.634,55.3963,56.1654,56.9432,57.7278,58.5099,59.2689,59.9691,60.5573,60.9651,61.1174,60.9483,60.4182,59.5277,58.3187,56.864,55.2492,53.5557,51.8504,50.1813,48.5792,47.0607,45.6325,44.2949,43.0447,41.8764,40.7838,39.7606,38.8008,37.8989,37.0497,36.2488,35.492,34.7758,34.097,33.4528,32.8406,32.2583,31.7037,31.175,30.6707,30.1892,29.7291,29.2893,28.8687,28.4662,28.0808,27.7117,27.358,27.0192,26.6944,26.383,26.0844,25.7981,25.5235,25.2602,25.0077,24.7656,24.5334,24.3109,24.0975,23.8931,23.6971,23.5095,23.3297,23.1576,22.9928,22.8351,22.6842,22.5399,22.4019,22.27,22.1438,22.0233,21.9081,21.798,21.6929,21.5924,21.4964,21.4046,21.3169,21.233,21.1527,21.0759,21.0023,20.9317,20.8641,20.7991,20.7366,20.6764,20.6185,20.5625,20.5084,20.4561,20.4053,20.3559,20.3079,20.261,20.2152,20.1704,20.1263,20.083,20.0402,19.998,19.9561,19.9145,19.8731,19.8318,19.7905,19.749,19.7073,19.6653,19.6229,19.5799,19.5364,19.4921,19.4471,19.4011,19.3542,19.3062,19.257,19.2065,19.1548,19.1016,19.0469,18.9907,18.9328,18.8732,18.8118,18.7486,18.6835,18.6164,18.5473,18.4761,18.4028,18.3274,18.2498,18.1699,18.0878,18.0035,17.9169,17.828,17.7368,17.6433,17.5476,17.4495,17.3493,17.2468,17.1421,17.0353,16.9265,16.8156,
 ,-101,22.2835,22.3652,22.4413,22.5116,22.5761,22.6348,22.6877,22.7349,22.7763,22.8121,22.8423,22.867,22.8863,22.9004,22.9094,22.9134,22.9126,22.9072,22.8974,22.8833,22.8653,22.8435,22.8181,22.7894,22.7575,22.7229,22.6856,22.646,22.6043,22.5608,22.5156,22.4691,22.4215,22.373,22.3239,22.2745,22.2248,22.1753,22.1261,22.0774,22.0295,21.9825,21.9367,21.8922,21.8494,21.8082,21.769,21.7319,21.697,21.6646,21.6348,21.6077,21.5836,21.5625,21.5445,21.53,21.5189,21.5113,21.5076,21.5076,21.5116,21.5197,21.5321,21.5487,21.5698,21.5954,21.6256,21.6606,21.7005,21.7454,21.7954,21.8505,21.911,21.9769,22.0483,22.1253,22.2081,22.2967,22.3913,22.492,22.5989,22.7122,22.832,22.9583,23.0914,23.2313,23.3783,23.5324,23.6938,23.8627,24.0392,24.2235,24.4158,24.6163,24.8252,25.0426,25.2688,25.504,25.7485,26.0024,26.2661,26.5399,26.8239,27.1186,27.4243,27.7412,28.0698,28.4105,28.7636,29.1296,29.5089,29.902,30.3094,30.7315,31.169,31.6224,32.0922,32.579,33.0835,33.6061,34.1475,34.7082,35.2888,35.8898,36.5117,37.1547,37.8193,38.5055,39.2134,39.9428,40.6933,41.4645,42.2552,43.0645,43.8906,44.7318,45.5856,46.4493,47.3199,48.1938,49.0674,49.9366,50.7973,51.6455,52.4775,53.2898,54.0796,54.8449,55.5844,56.2974,56.9837,57.6424,58.2716,58.866,59.4153,59.902,60.2996,60.5722,60.6774,60.5715,60.2186,59.5995,58.7183,57.6031,56.3005,54.8663,53.3564,51.8195,50.2938,48.8065,47.3752,46.0095,44.714,43.489,42.333,41.2427,40.2145,39.2443,38.3281,37.462,36.6425,35.8661,35.1299,34.431,33.7668,33.135,32.5336,31.9605,31.414,30.8926,30.3947,29.919,29.4642,29.0293,28.6131,28.2147,27.8332,27.4678,27.1177,26.7822,26.4605,26.1522,25.8565,25.573,25.3012,25.0405,24.7905,24.5509,24.3211,24.1007,23.8896,23.6871,23.4932,23.3074,23.1294,22.9589,22.7957,22.6394,22.4898,22.3467,22.2098,22.0788,21.9535,21.8337,21.7191,21.6095,21.5047,21.4044,21.3085,21.2168,21.129,21.0449,20.9643,20.8871,20.813,20.7419,20.6736,20.6079,20.5447,20.4838,20.4249,20.3681,20.3131,20.2597,20.2079,20.1575,20.1083,20.0603,20.0133,19.9672,19.9219,19.8772,19.8331,19.7894,19.746,19.7028,19.6596,19.6165,19.5732,19.5297,19.4859,19.4416,19.3967,19.3512,19.305,19.2579,19.2098,19.1607,19.1104,19.059,19.0063,18.9521,18.8966,18.8395,18.7808,18.7205,18.6585,18.5947,18.5291,18.4616,18.3923,18.321,18.2477,18.1724,18.0951,18.0157,17.9342,17.8506,17.7649,17.6772,17.5873,17.4954,17.4013,17.3051,17.2069,17.1066,17.0043,16.9001,16.7939,16.6859,16.5761,
 ,-102,21.8432,21.9233,21.9981,22.0674,22.1314,22.1899,22.2429,22.2906,22.3328,22.3698,22.4015,22.4281,22.4497,22.4663,22.4781,22.4852,22.4879,22.4862,22.4804,22.4706,22.457,22.4399,22.4194,22.3958,22.3693,22.3401,22.3085,22.2746,22.2388,22.2012,22.1621,22.1217,22.0803,22.0381,21.9953,21.9521,21.9089,21.8657,21.8228,21.7805,21.7388,21.6982,21.6586,21.6203,21.5836,21.5486,21.5154,21.4843,21.4553,21.4288,21.4048,21.3835,21.3649,21.3494,21.337,21.3279,21.3221,21.3199,21.3213,21.3265,21.3356,21.3488,21.3661,21.3876,21.4135,21.4439,21.4789,21.5186,21.5632,21.6127,21.6673,21.727,21.792,21.8625,21.9384,22.02,22.1073,22.2005,22.2997,22.4051,22.5167,22.6347,22.7593,22.8905,23.0285,23.1735,23.3257,23.4851,23.652,23.8265,24.0088,24.1992,24.3977,24.6046,24.8202,25.0446,25.2781,25.521,25.7735,26.0359,26.3084,26.5915,26.8854,27.1905,27.5071,27.8357,28.1767,28.5304,28.8975,29.2782,29.6733,30.0832,30.5084,30.9497,31.4076,31.8827,32.3758,32.8875,33.4186,33.9698,34.5417,35.1351,35.7508,36.3893,37.0513,37.7373,38.4478,39.1831,39.9433,40.7285,41.5383,42.3723,43.2294,44.1084,45.0076,45.9247,46.8571,47.8013,48.7536,49.7093,50.6635,51.6106,52.5449,53.4602,54.3503,55.2091,56.0311,56.8109,57.544,58.2263,58.8541,59.4237,59.9307,60.3687,60.7283,60.9964,61.1547,61.1809,61.0498,60.7378,60.227,59.5103,58.5947,57.5012,56.2624,54.917,53.5046,52.0616,50.6183,49.1978,47.8166,46.4855,45.2107,43.9952,42.8394,41.7423,40.702,39.7158,38.781,37.8946,37.0537,36.2555,35.4973,34.7766,34.0912,33.4387,32.8173,32.2249,31.66,31.1209,30.6061,30.1143,29.6442,29.1947,28.7647,28.3531,27.9591,27.5817,27.2202,26.8738,26.5419,26.2237,25.9187,25.6262,25.3458,25.077,24.8192,24.572,24.3349,24.1077,23.8898,23.681,23.4808,23.289,23.1052,22.9291,22.7605,22.5989,22.4442,22.2961,22.1544,22.0187,21.8888,21.7645,21.6455,21.5316,21.4227,21.3184,21.2186,21.1229,21.0314,20.9437,20.8596,20.7789,20.7015,20.6272,20.5558,20.4871,20.421,20.3572,20.2957,20.2362,20.1787,20.123,20.0688,20.0162,19.965,19.9149,19.866,19.8179,19.7708,19.7243,19.6784,19.633,19.588,19.5431,19.4983,19.4535,19.4086,19.3634,19.3179,19.2718,19.2252,19.1778,19.1297,19.0806,19.0305,18.9793,18.927,18.8733,18.8184,18.762,18.704,18.6446,18.5835,18.5208,18.4564,18.3902,18.3222,18.2524,18.1808,18.1073,18.0319,17.9545,17.8753,17.7941,17.7109,17.6258,17.5387,17.4498,17.3589,17.266,17.1712,17.0745,16.976,16.8756,16.7734,16.6694,16.5637,16.4563,16.3473,
 ,-103,21.4191,21.4978,21.5713,21.6398,21.7032,21.7615,21.8146,21.8627,21.9058,21.9439,21.977,22.0054,22.029,22.0479,22.0624,22.0725,22.0784,22.0802,22.0781,22.0723,22.0629,22.0502,22.0344,22.0155,21.994,21.9699,21.9436,21.9151,21.8848,21.8529,21.8195,21.7849,21.7494,21.7131,21.6762,21.6391,21.6018,21.5647,21.5278,21.4915,21.4559,21.4212,21.3876,21.3553,21.3244,21.2953,21.2679,21.2425,21.2193,21.1984,21.1799,21.1641,21.151,21.1409,21.1338,21.1299,21.1294,21.1323,21.1387,21.1489,21.163,21.181,21.2031,21.2294,21.2601,21.2952,21.3348,21.3792,21.4283,21.4824,21.5415,21.6057,21.6752,21.7502,21.8306,21.9167,22.0086,22.1063,22.2102,22.3201,22.4364,22.5592,22.6886,22.8247,22.9677,23.1178,23.2752,23.44,23.6124,23.7926,23.9808,24.1772,24.382,24.5955,24.8179,25.0495,25.2904,25.5411,25.8018,26.0727,26.3543,26.6469,26.9509,27.2666,27.5945,27.935,28.2886,28.6558,29.0371,29.4331,29.8444,30.2715,30.7153,31.1762,31.6552,32.1529,32.6701,33.2077,33.7666,34.3475,34.9515,35.5793,36.2319,36.9101,37.6147,38.3466,39.1064,39.8945,40.7114,41.5573,42.432,43.335,44.2656,45.2224,46.2036,47.2068,48.2287,49.2655,50.3125,51.3641,52.4141,53.4551,54.4794,55.4787,56.4442,57.3669,58.2381,59.0495,59.7932,60.4619,61.0494,61.5497,61.9568,62.2647,62.4659,62.5515,62.5107,62.3311,62.0002,61.5075,60.8469,60.0194,59.0346,57.9103,56.6716,55.3473,53.9672,52.5594,51.148,49.7526,48.3882,47.0652,45.7905,44.5682,43.4001,42.2863,41.2261,40.2178,39.2595,38.3488,37.4833,36.6606,35.8784,35.1343,34.4261,33.7517,33.1093,32.4968,31.9127,31.3553,30.8232,30.3149,29.8291,29.3647,28.9205,28.4955,28.0888,27.6993,27.3263,26.9691,26.6267,26.2987,25.9842,25.6828,25.3938,25.1168,24.8511,24.5964,24.3522,24.1181,23.8936,23.6784,23.4721,23.2744,23.0849,22.9033,22.7293,22.5626,22.4029,22.25,22.1035,21.9632,21.8289,21.7002,21.5771,21.4591,21.3462,21.238,21.1344,21.0351,20.94,20.8488,20.7614,20.6775,20.597,20.5196,20.4453,20.3737,20.3049,20.2385,20.1745,20.1126,20.0527,19.9948,19.9385,19.8839,19.8306,19.7787,19.728,19.6782,19.6294,19.5813,19.5339,19.4869,19.4403,19.3939,19.3477,19.3014,19.2549,19.2082,19.1611,19.1134,19.0651,19.0161,18.9661,18.9152,18.8632,18.8101,18.7556,18.6999,18.6427,18.5841,18.5239,18.4621,18.3987,18.3336,18.2667,18.1982,18.1278,18.0557,17.9817,17.9059,17.8284,17.7489,17.6677,17.5846,17.4997,17.4129,17.3244,17.2341,17.142,17.0482,16.9526,16.8553,16.7563,16.6557,16.5534,16.4495,16.3441,16.2372,16.1289,
 ,-104,21.0106,21.0878,21.1602,21.2279,21.2907,21.3488,21.4021,21.4506,21.4944,21.5335,21.568,21.598,21.6235,21.6447,21.6616,21.6745,21.6834,21.6884,21.6898,21.6878,21.6823,21.6738,21.6623,21.648,21.6311,21.6119,21.5905,21.5671,21.542,21.5154,21.4874,21.4583,21.4283,21.3976,21.3664,21.335,21.3034,21.272,21.2409,21.2103,21.1804,21.1514,21.1235,21.0969,21.0717,21.0481,21.0262,21.0064,20.9886,20.9731,20.96,20.9495,20.9417,20.9367,20.9348,20.9359,20.9404,20.9483,20.9597,20.9747,20.9936,21.0164,21.0432,21.0742,21.1094,21.1491,21.1933,21.2421,21.2958,21.3543,21.4179,21.4866,21.5606,21.6399,21.7248,21.8154,21.9118,22.0141,22.1224,22.237,22.358,22.4855,22.6197,22.7607,22.9088,23.064,23.2266,23.3968,23.5748,23.7607,23.9549,24.1574,24.3687,24.5888,24.8181,25.0569,25.3054,25.564,25.833,26.1127,26.4035,26.7058,27.02,27.3466,27.6859,28.0386,28.4052,28.7861,29.182,29.5936,30.0215,30.4664,30.9291,31.4103,31.911,32.432,32.9743,33.5388,34.1265,34.7386,35.376,36.0399,36.7314,37.4515,38.2015,38.9822,39.7947,40.6397,41.5179,42.4297,43.3753,44.3544,45.3664,46.41,47.4834,48.5839,49.7081,50.8516,52.0088,53.1732,54.3369,55.491,56.6255,57.7295,58.7915,59.7993,60.7407,61.6039,62.3777,63.0519,63.6173,64.0663,64.3921,64.5893,64.6528,64.5778,64.3599,63.995,63.48,62.814,61.9994,61.0433,59.9579,58.7604,57.472,56.1162,54.7167,53.2961,51.8744,50.468,49.0902,47.7507,46.4562,45.2112,44.0179,42.8772,41.7889,40.752,39.7648,38.8255,37.932,37.082,36.2734,35.5039,34.7714,34.0739,33.4093,32.7759,32.1718,31.5955,31.0455,30.5202,30.0184,29.5388,29.0803,28.6417,28.222,27.8203,27.4357,27.0674,26.7147,26.3767,26.0528,25.7424,25.4448,25.1596,24.8862,24.624,24.3727,24.1317,23.9007,23.6792,23.4669,23.2633,23.0682,22.8812,22.702,22.5302,22.3657,22.208,22.0569,21.9122,21.7736,21.6408,21.5135,21.3916,21.2749,21.163,21.0558,20.953,20.8545,20.7601,20.6695,20.5825,20.499,20.4188,20.3417,20.2676,20.1961,20.1273,20.061,19.9969,19.9349,19.8749,19.8167,19.7601,19.7051,19.6515,19.5991,19.5479,19.4975,19.448,19.3991,19.3508,19.3029,19.2552,19.2076,19.1599,19.1121,19.064,19.0155,18.9664,18.9165,18.8659,18.8143,18.7616,18.7078,18.6528,18.5964,18.5386,18.4793,18.4184,18.356,18.2919,18.2261,18.1586,18.0894,18.0183,17.9456,17.871,17.7947,17.7167,17.6368,17.5552,17.4719,17.3869,17.3001,17.2117,17.1215,17.0298,16.9365,16.8415,16.745,16.647,16.5474,16.4463,16.3438,16.2399,16.1347,16.0281,15.9203,
 ,-105,20.6168,20.6926,20.764,20.8309,20.8933,20.9511,21.0045,21.0534,21.0978,21.1379,21.1737,21.2052,21.2325,21.2557,21.275,21.2904,21.3022,21.3103,21.315,21.3164,21.3147,21.31,21.3026,21.2925,21.2801,21.2654,21.2487,21.2301,21.2099,21.1883,21.1654,21.1415,21.1168,21.0914,21.0656,21.0395,21.0134,20.9874,20.9617,20.9366,20.9122,20.8886,20.8661,20.8449,20.8251,20.8068,20.7903,20.7757,20.7632,20.7529,20.7449,20.7395,20.7368,20.7368,20.7398,20.7459,20.7552,20.7679,20.784,20.8038,20.8274,20.8547,20.8861,20.9217,20.9614,21.0056,21.0542,21.1075,21.1656,21.2285,21.2964,21.3695,21.4479,21.5317,21.621,21.716,21.8168,21.9236,22.0365,22.1557,22.2813,22.4135,22.5525,22.6985,22.8515,23.0119,23.1798,23.3555,23.539,23.7307,23.9309,24.1396,24.3573,24.5842,24.8205,25.0666,25.3227,25.5893,25.8667,26.1553,26.4555,26.7676,27.0923,27.4299,27.7809,28.146,28.5257,28.9207,29.3316,29.7591,30.2039,30.667,31.1492,31.6513,32.1743,32.7194,33.2875,33.8798,34.4975,35.1419,35.8143,36.516,37.2483,38.0128,38.8107,39.6434,40.5122,41.4182,42.3626,43.346,44.3691,45.4318,46.5339,47.6743,48.8513,50.0622,51.3033,52.5698,53.8553,55.1523,56.4513,57.7416,59.0108,60.245,61.4293,62.5481,63.5851,64.5246,65.3514,66.0519,66.6142,67.0286,67.2881,67.3877,67.3251,67.0996,66.7126,66.1672,65.4683,64.6226,63.6398,62.5322,61.3151,60.0063,58.6258,57.1942,55.7319,54.2579,52.7891,51.3397,49.9211,48.542,47.2087,45.9253,44.6942,43.5162,42.3915,41.3191,40.2976,39.3252,38.4,37.5197,36.6823,35.8854,35.1269,34.4048,33.717,33.0616,32.4369,31.841,31.2726,30.7299,30.2117,29.7166,29.2434,28.791,28.3583,27.9442,27.548,27.1686,26.8053,26.4574,26.124,25.8046,25.4986,25.2052,24.924,24.6544,24.396,24.1483,23.9107,23.683,23.4647,23.2555,23.0549,22.8626,22.6782,22.5016,22.3323,22.17,22.0145,21.8655,21.7227,21.5858,21.4547,21.329,21.2086,21.0932,20.9826,20.8765,20.7748,20.6772,20.5836,20.4938,20.4075,20.3246,20.245,20.1683,20.0946,20.0235,19.955,19.8888,19.8249,19.763,19.703,19.6448,19.5882,19.5331,19.4793,19.4266,19.375,19.3242,19.2741,19.2246,19.1755,19.1267,19.0779,19.0291,18.9802,18.9309,18.881,18.8306,18.7794,18.7273,18.6742,18.6199,18.5644,18.5075,18.4493,18.3895,18.3281,18.2651,18.2004,18.1339,18.0658,17.9958,17.9241,17.8507,17.7754,17.6984,17.6197,17.5392,17.457,17.3732,17.2877,17.2006,17.1119,17.0216,16.9298,16.8365,16.7418,16.6456,16.548,16.4491,16.3488,16.2472,16.1443,16.0402,15.9349,15.8285,15.721,
 ,-106,20.2369,20.3115,20.3819,20.448,20.51,20.5676,20.6211,20.6704,20.7155,20.7564,20.7933,20.8263,20.8553,20.8804,20.9019,20.9197,20.9341,20.9451,20.9529,20.9576,20.9593,20.9583,20.9547,20.9487,20.9403,20.9299,20.9176,20.9036,20.8881,20.8712,20.8532,20.8342,20.8144,20.794,20.7733,20.7523,20.7313,20.7105,20.69,20.6701,20.6509,20.6325,20.6152,20.5992,20.5845,20.5713,20.5599,20.5504,20.5429,20.5376,20.5346,20.5341,20.5362,20.5411,20.5489,20.5597,20.5737,20.591,20.6118,20.6361,20.6642,20.6961,20.7319,20.7719,20.8161,20.8646,20.9176,20.9752,21.0376,21.1048,21.1771,21.2545,21.3372,21.4253,21.5189,21.6183,21.7235,21.8348,21.9522,22.0759,22.2062,22.3432,22.487,22.6378,22.7959,22.9614,23.1346,23.3157,23.5049,23.7024,23.9086,24.1236,24.3477,24.5814,24.8247,25.0782,25.3421,25.6168,25.9028,26.2003,26.51,26.8321,27.1673,27.5161,27.879,28.2567,28.6498,29.059,29.4851,29.9288,30.3911,30.8727,31.3748,31.8983,32.4443,33.014,33.6088,34.2298,34.8786,35.5566,36.2653,37.0064,37.7816,38.5926,39.4412,40.329,41.2578,42.2293,43.245,44.3061,45.4136,46.5683,47.77,49.0182,50.3115,51.6474,53.0221,54.4305,55.8656,57.3186,58.7788,60.2332,61.6667,63.0621,64.4008,65.6624,66.8262,67.8716,68.7786,69.5294,70.1087,70.5047,70.7094,70.7191,70.5338,70.1573,69.597,68.8626,67.9667,66.9234,65.7489,64.461,63.0784,61.6211,60.1089,58.5615,56.9975,55.4336,53.8846,52.3628,50.8781,49.4378,48.0475,46.7106,45.4291,44.2036,43.034,41.9192,40.8577,39.8477,38.887,37.9734,37.1045,36.2782,35.492,34.7439,34.0318,33.3535,32.7073,32.0913,31.5039,30.9434,30.4085,29.8976,29.4096,28.9432,28.4972,28.0708,27.6627,27.2722,26.8984,26.5405,26.1977,25.8693,25.5547,25.2532,24.9643,24.6874,24.4219,24.1675,23.9236,23.6897,23.4656,23.2507,23.0447,22.8472,22.6579,22.4764,22.3025,22.1357,21.9759,21.8228,21.6759,21.5352,21.4004,21.2711,21.1472,21.0284,20.9145,20.8053,20.7005,20.6,20.5036,20.4111,20.3222,20.2368,20.1548,20.0758,19.9999,19.9267,19.8562,19.7882,19.7225,19.6589,19.5974,19.5377,19.4797,19.4233,19.3682,19.3144,19.2616,19.2098,19.1587,19.1082,19.0582,19.0084,18.9587,18.909,18.859,18.8087,18.7578,18.7062,18.6538,18.6004,18.5459,18.4901,18.433,18.3744,18.3143,18.2526,18.1891,18.124,18.057,17.9883,17.9177,17.8453,17.7711,17.695,17.6172,17.5377,17.4564,17.3734,17.2888,17.2026,17.1148,17.0254,16.9346,16.8424,16.7488,16.6538,16.5576,16.46,16.3612,16.2612,16.1601,16.0578,15.9544,15.8499,15.7445,15.6381,15.5308,
 ,-107,19.8704,19.9438,20.0133,20.0787,20.1402,20.1977,20.2512,20.3008,20.3465,20.3883,20.4263,20.4606,20.4912,20.5181,20.5416,20.5618,20.5786,20.5923,20.6029,20.6107,20.6157,20.6182,20.6182,20.6159,20.6115,20.6051,20.597,20.5873,20.5761,20.5637,20.5502,20.5358,20.5208,20.5052,20.4892,20.4731,20.4571,20.4412,20.4256,20.4106,20.3964,20.3829,20.3706,20.3595,20.3497,20.3415,20.335,20.3303,20.3276,20.3271,20.3288,20.3331,20.3399,20.3494,20.3618,20.3772,20.3957,20.4176,20.4428,20.4716,20.504,20.5403,20.5805,20.6248,20.6732,20.726,20.7833,20.8452,20.9118,20.9832,21.0597,21.1413,21.2283,21.3206,21.4186,21.5223,21.6319,21.7476,21.8695,21.9977,22.1326,22.2743,22.4228,22.5786,22.7417,22.9124,23.0909,23.2774,23.4722,23.6756,23.8878,24.1091,24.3397,24.5802,24.8307,25.0916,25.3633,25.6462,25.9407,26.2473,26.5665,26.8988,27.2447,27.6048,27.9797,28.3701,28.7768,29.2005,29.642,30.1022,30.5821,31.0827,31.6051,32.1504,32.7199,33.315,33.9371,34.5877,35.2685,35.9812,36.7277,37.5099,38.3299,39.1897,40.0916,41.0377,42.0304,43.0719,44.1641,45.3092,46.5087,47.764,49.0757,50.444,51.8678,53.3452,54.8725,56.4445,58.0538,59.6907,61.3428,62.9949,64.6289,66.2238,67.7561,69.2004,70.5298,71.7176,72.7379,73.5673,74.1862,74.5798,74.7389,74.6607,74.3482,73.8102,73.0603,72.1159,70.9974,69.727,68.3278,66.8234,65.2371,63.5915,61.9078,60.2056,58.5028,56.8147,55.1545,53.5327,51.9578,50.4357,48.9709,47.5658,46.2217,44.9385,43.7157,42.5516,41.4446,40.3922,39.3923,38.4422,37.5395,36.6816,35.8661,35.0907,34.353,33.651,32.9825,32.3458,31.7389,31.1602,30.6082,30.0813,29.5782,29.0976,28.6384,28.1994,27.7795,27.3778,26.9935,26.6256,26.2733,25.936,25.6129,25.3033,25.0068,24.7226,24.4502,24.1891,23.9389,23.6991,23.4691,23.2487,23.0374,22.8349,22.6407,22.4545,22.2761,22.105,21.9411,21.7839,21.6332,21.4888,21.3503,21.2176,21.0904,20.9683,20.8513,20.7392,20.6315,20.5283,20.4292,20.3341,20.2428,20.1552,20.0709,19.9899,19.9119,19.8369,19.7646,19.6949,19.6276,19.5626,19.4996,19.4387,19.3795,19.3219,19.2658,19.211,19.1574,19.1047,19.0528,19.0016,18.9508,18.9003,18.8499,18.7994,18.7487,18.6975,18.6458,18.5933,18.5398,18.4852,18.4295,18.3724,18.3137,18.2535,18.1917,18.128,18.0626,17.9953,17.926,17.8549,17.7819,17.7069,17.6301,17.5514,17.471,17.3887,17.3048,17.2191,17.1319,17.0432,16.9529,16.8612,16.7682,16.6738,16.5782,16.4814,16.3835,16.2844,16.1842,16.0831,15.9809,15.8777,15.7737,15.6687,15.563,15.4564,15.3491,
 ,-108,19.5167,19.5889,19.6575,19.7223,19.7833,19.8407,19.8943,19.9442,19.9904,20.033,20.072,20.1075,20.1395,20.1682,20.1936,20.2159,20.2351,20.2513,20.2646,20.2753,20.2834,20.2891,20.2925,20.2937,20.293,20.2904,20.2862,20.2806,20.2735,20.2654,20.2562,20.2462,20.2356,20.2246,20.2132,20.2017,20.1902,20.179,20.1682,20.1579,20.1483,20.1397,20.132,20.1256,20.1206,20.117,20.1152,20.1152,20.1171,20.1212,20.1275,20.1363,20.1476,20.1616,20.1785,20.1983,20.2213,20.2474,20.277,20.3101,20.3468,20.3873,20.4317,20.4802,20.5329,20.5898,20.6512,20.7172,20.788,20.8636,20.9443,21.0301,21.1212,21.2177,21.3199,21.4279,21.5418,21.6618,21.7882,21.921,22.0604,22.2067,22.36,22.5207,22.6888,22.8646,23.0484,23.2404,23.4408,23.65,23.8682,24.0958,24.3331,24.5803,24.8379,25.1063,25.3859,25.677,25.9802,26.296,26.6248,26.9672,27.3238,27.6954,28.0824,28.4858,28.9062,29.3445,29.8016,30.2786,30.7764,31.2962,31.8392,32.4067,33.0002,33.6212,34.2712,34.9522,35.666,36.4145,37.2001,38.0249,38.8914,39.8023,40.7602,41.7679,42.8282,43.9441,45.1185,46.3541,47.6534,49.0187,50.4516,51.9531,53.5231,55.1603,56.8618,58.6224,60.4346,62.2879,64.1686,66.059,67.9377,69.7793,71.5545,73.2313,74.7753,76.1517,77.3267,78.2695,78.9544,79.3624,79.4827,79.3133,78.8606,78.1395,77.1712,75.9821,74.602,73.0622,71.3941,69.6282,67.7931,65.9149,64.0171,62.12,60.2411,58.3949,56.593,54.8445,53.1561,51.5324,49.9761,48.4886,47.07,45.7193,44.435,43.215,42.0568,40.9577,39.9147,38.9252,37.9861,37.0947,36.2482,35.4441,34.6798,33.9531,33.2617,32.6036,31.9768,31.3796,30.8102,30.2671,29.7488,29.2539,28.7812,28.3296,27.8979,27.485,27.0901,26.7123,26.3506,26.0044,25.6728,25.3553,25.0511,24.7597,24.4805,24.2129,23.9565,23.7107,23.4751,23.2493,23.0329,22.8254,22.6264,22.4358,22.253,22.0777,21.9097,21.7487,21.5943,21.4463,21.3044,21.1684,21.038,20.9129,20.793,20.678,20.5677,20.4619,20.3603,20.2629,20.1693,20.0795,19.9932,19.9102,19.8305,19.7537,19.6799,19.6087,19.54,19.4737,19.4096,19.3475,19.2874,19.2289,19.172,19.1165,19.0622,19.0089,18.9565,18.9047,18.8535,18.8025,18.7516,18.7006,18.6494,18.5976,18.5452,18.4919,18.4376,18.3821,18.3253,18.2669,18.2069,18.1452,18.0816,18.0161,17.9487,17.8792,17.8077,17.7341,17.6585,17.581,17.5014,17.42,17.3367,17.2516,17.1648,17.0763,16.9863,16.8949,16.802,16.7078,16.6123,16.5157,16.4179,16.3191,16.2193,16.1185,16.0168,15.9142,15.8109,15.7067,15.6018,15.4962,15.39,15.2831,15.1756,
 ,-109,19.175,19.2462,19.3139,19.3781,19.4388,19.4959,19.5496,19.5998,19.6465,19.6898,19.7298,19.7664,19.7999,19.8301,19.8573,19.8816,19.9029,19.9215,19.9375,19.9508,19.9618,19.9705,19.9771,19.9817,19.9845,19.9855,19.985,19.9831,19.98,19.9759,19.9708,19.965,19.9586,19.9518,19.9448,19.9377,19.9306,19.9239,19.9175,19.9117,19.9066,19.9025,19.8993,19.8974,19.8969,19.8978,19.9005,19.9049,19.9113,19.9198,19.9305,19.9437,19.9594,19.9777,19.9989,20.0229,20.0501,20.0805,20.1143,20.1515,20.1924,20.237,20.2856,20.3381,20.3948,20.4559,20.5214,20.5914,20.6662,20.7459,20.8306,20.9205,21.0157,21.1165,21.2228,21.335,21.4532,21.5775,21.7082,21.8454,21.9894,22.1404,22.2984,22.4639,22.637,22.8179,23.007,23.2044,23.4105,23.6255,23.8498,24.0836,24.3274,24.5815,24.8463,25.1222,25.4096,25.709,26.0209,26.3458,26.6843,27.0369,27.4044,27.7874,28.1867,28.603,29.0373,29.4903,29.9633,30.4571,30.973,31.5123,32.0762,32.6663,33.2841,33.9314,34.6101,35.3221,36.0696,36.855,37.6807,38.5496,39.4645,40.4285,41.4449,42.5172,43.6489,44.8439,46.1059,47.4387,48.846,50.3311,51.8971,53.5461,55.2794,57.0969,58.9966,60.9742,63.0226,65.1307,67.2837,69.4615,71.6392,73.7859,75.8658,77.8384,79.6596,81.2838,82.6665,83.7666,84.55,84.9917,85.078,84.8078,84.1921,83.2533,82.0227,80.5382,78.8414,76.9749,74.9803,72.8965,70.7585,68.5968,66.4376,64.3023,62.2083,60.1692,58.1951,56.2933,54.4686,52.7236,51.0594,49.4756,47.9709,46.5431,45.1896,43.9071,42.6925,41.5422,40.4528,39.4208,38.4431,37.5162,36.6372,35.8031,35.0113,34.2591,33.5441,32.8641,32.217,31.6009,31.0139,30.4543,29.9207,29.4114,28.9253,28.461,28.0174,27.5934,27.188,26.8002,26.4292,26.0741,25.7342,25.4088,25.0971,24.7986,24.5126,24.2386,23.9761,23.7245,23.4834,23.2523,23.0308,22.8185,22.615,22.4199,22.2329,22.0536,21.8817,21.717,21.559,21.4076,21.2625,21.1233,20.9899,20.8619,20.7392,20.6216,20.5088,20.4005,20.2967,20.1971,20.1014,20.0096,19.9215,19.8368,19.7554,19.6772,19.6019,19.5294,19.4595,19.3922,19.3271,19.2642,19.2032,19.1441,19.0867,19.0307,18.9759,18.9223,18.8696,18.8176,18.7661,18.715,18.6639,18.6127,18.5611,18.5091,18.4562,18.4025,18.3475,18.2913,18.2335,18.1741,18.1128,18.0496,17.9844,17.9171,17.8477,17.776,17.7022,17.6261,17.5478,17.4675,17.3851,17.3007,17.2144,17.1263,17.0364,16.945,16.852,16.7576,16.6619,16.5649,16.4668,16.3677,16.2675,16.1665,16.0646,15.962,15.8586,15.7545,15.6497,15.5444,15.4385,15.3321,15.2252,15.1178,15.01,
 ,-110,18.8449,18.9151,18.982,19.0456,19.1059,19.1629,19.2166,19.267,19.3142,19.3582,19.3991,19.4368,19.4715,19.5033,19.5322,19.5583,19.5817,19.6025,19.6209,19.6368,19.6505,19.6621,19.6717,19.6794,19.6855,19.6899,19.6929,19.6946,19.6952,19.6949,19.6936,19.6918,19.6894,19.6867,19.6838,19.6808,19.678,19.6754,19.6733,19.6718,19.671,19.6711,19.6723,19.6747,19.6785,19.6837,19.6907,19.6994,19.71,19.7228,19.7378,19.7551,19.775,19.7975,19.8228,19.851,19.8823,19.9168,19.9546,19.9958,20.0407,20.0894,20.1419,20.1984,20.2591,20.3241,20.3936,20.4676,20.5464,20.63,20.7188,20.8126,20.9119,21.0167,21.1272,21.2435,21.3658,21.4945,21.6295,21.7711,21.9196,22.0751,22.2379,22.4082,22.5862,22.7722,22.9665,23.1693,23.381,23.6018,23.8321,24.0723,24.3226,24.5836,24.8555,25.1389,25.4341,25.7418,26.0624,26.3965,26.7446,27.1076,27.4859,27.8804,28.292,28.7213,29.1695,29.6374,30.1262,30.637,31.1712,31.7301,32.3152,32.9281,33.5706,34.2446,34.9523,35.6959,36.4779,37.3009,38.1679,39.0821,40.0469,41.066,42.1433,43.2831,44.4899,45.7683,47.1234,48.5602,50.0837,51.6989,53.4103,55.222,57.1371,59.1572,61.2822,63.5092,65.8318,68.2397,70.7169,73.2416,75.7847,78.3097,80.7725,83.1219,85.3013,87.2507,88.9106,90.2256,91.1493,91.6477,91.703,91.315,90.5008,89.2932,87.7373,85.8862,83.7973,81.528,79.1325,76.6601,74.1535,71.6485,69.174,66.7527,64.4017,62.1332,59.9555,57.8735,55.8896,54.0042,52.2159,50.5225,48.9206,47.4066,45.9762,44.6251,43.349,42.1435,41.0043,39.9273,38.9086,37.9446,37.0316,36.1665,35.3462,34.5678,33.8287,33.1264,32.4587,31.8233,31.2185,30.6424,30.0933,29.5696,29.07,28.5931,28.1376,27.7025,27.2866,26.889,26.5087,26.1449,25.7967,25.4635,25.1444,24.8389,24.5463,24.266,23.9975,23.7402,23.4937,23.2574,23.031,22.814,22.606,22.4067,22.2156,22.0325,21.8569,21.6886,21.5272,21.3726,21.2243,21.0822,20.9459,20.8152,20.6899,20.5698,20.4546,20.3442,20.2382,20.1365,20.039,19.9455,19.8556,19.7694,19.6866,19.607,19.5305,19.4569,19.3861,19.3179,19.2521,19.1885,19.1271,19.0676,19.0098,18.9535,18.8987,18.845,18.7923,18.7404,18.689,18.6379,18.5869,18.5358,18.4843,18.4322,18.3792,18.3252,18.2699,18.2131,18.1546,18.0943,18.0319,17.9674,17.9006,17.8315,17.76,17.6862,17.6099,17.5312,17.4502,17.3669,17.2814,17.1938,17.1043,17.0129,16.9198,16.8251,16.7289,16.6313,16.5325,16.4325,16.3316,16.2297,16.1269,16.0235,15.9194,15.8146,15.7093,15.6034,15.4972,15.3905,15.2834,15.176,15.0683,14.9603,14.852,
 ,-111,18.5257,18.595,18.6611,18.7242,18.7841,18.841,18.8947,18.9454,18.993,19.0377,19.0793,19.1181,19.1541,19.1872,19.2177,19.2456,19.2709,19.2938,19.3144,19.3328,19.349,19.3633,19.3758,19.3865,19.3956,19.4032,19.4095,19.4147,19.4188,19.422,19.4244,19.4263,19.4277,19.4289,19.4298,19.4308,19.432,19.4335,19.4354,19.438,19.4413,19.4455,19.4508,19.4573,19.4652,19.4746,19.4856,19.4984,19.5132,19.53,19.549,19.5704,19.5943,19.6208,19.6501,19.6823,19.7176,19.756,19.7977,19.8429,19.8917,19.9443,20.0007,20.0611,20.1256,20.1945,20.2678,20.3457,20.4283,20.5159,20.6085,20.7063,20.8096,20.9183,21.0328,21.1533,21.2798,21.4126,21.5519,21.6978,21.8508,22.0108,22.1782,22.3533,22.5362,22.7272,22.9267,23.1349,23.3522,23.5788,23.8151,24.0615,24.3184,24.5861,24.8652,25.1561,25.4592,25.7751,26.1044,26.4476,26.8055,27.1786,27.5679,27.9739,28.3977,28.8401,29.3022,29.785,30.2897,30.8176,31.3701,31.9487,32.5551,33.191,33.8584,34.5594,35.2965,36.0721,36.889,37.7504,38.6596,39.6202,40.6363,41.7121,42.8525,44.0625,45.3477,46.7139,48.1674,49.7147,51.3627,53.1182,54.9879,56.9783,59.0948,61.3419,63.7219,66.2344,68.8752,71.6349,74.4981,77.4413,80.4317,83.4265,86.3718,89.2031,91.8471,94.2244,96.2545,97.8615,98.9809,99.5655,99.5911,99.0585,97.9933,96.4434,94.4732,92.1574,89.5747,86.8019,83.9097,80.9601,78.0048,75.0854,72.2336,69.4727,66.8188,64.2821,61.8679,59.5783,57.4124,55.3675,53.4396,51.6236,49.9141,48.3051,46.7909,45.3655,44.0233,42.7588,41.5668,40.4423,39.3809,38.3781,37.43,36.5328,35.6833,34.8781,34.1144,33.3894,32.7008,32.0461,31.4234,30.8306,30.266,29.7279,29.2148,28.7253,28.2581,27.8119,27.3856,26.9782,26.5887,26.2163,25.86,25.519,25.1927,24.8803,24.5812,24.2947,24.0203,23.7575,23.5057,23.2645,23.0333,22.8118,22.5995,22.396,22.2011,22.0142,21.835,21.6633,21.4988,21.341,21.1898,21.0448,20.9059,20.7727,20.645,20.5225,20.4052,20.2926,20.1847,20.0812,19.982,19.8868,19.7955,19.7079,19.6239,19.5432,19.4657,19.3912,19.3197,19.2508,19.1845,19.1205,19.0588,18.9991,18.9413,18.8852,18.8305,18.777,18.7246,18.6731,18.6221,18.5715,18.5209,18.4702,18.4191,18.3673,18.3145,18.2606,18.2051,18.1481,18.0891,18.028,17.9647,17.8989,17.8307,17.7598,17.6863,17.6101,17.5313,17.4498,17.3658,17.2794,17.1906,17.0997,17.0067,16.9117,16.815,16.7167,16.617,16.516,16.4138,16.3106,16.2064,16.1015,15.996,15.8898,15.7832,15.6761,15.5687,15.4609,15.3529,15.2446,15.1362,15.0276,14.9189,14.8101,14.7012,
 ,-112,18.2171,18.2855,18.3509,18.4134,18.473,18.5297,18.5835,18.6344,18.6824,18.7277,18.7701,18.8099,18.8469,18.8814,18.9134,18.9429,18.97,18.9949,19.0176,19.0383,19.057,19.0738,19.0889,19.1024,19.1144,19.1251,19.1345,19.1429,19.1503,19.1569,19.1628,19.1682,19.1733,19.1781,19.1827,19.1875,19.1925,19.1978,19.2036,19.21,19.2172,19.2254,19.2346,19.245,19.2569,19.2702,19.2851,19.3019,19.3206,19.3413,19.3642,19.3895,19.4173,19.4477,19.4809,19.5169,19.556,19.5982,19.6437,19.6927,19.7453,19.8016,19.8617,19.9259,19.9942,20.0669,20.1439,20.2256,20.3121,20.4034,20.4999,20.6015,20.7086,20.8213,20.9398,21.0642,21.1948,21.3317,21.4752,21.6255,21.7828,21.9473,22.1193,22.2991,22.4869,22.6829,22.8876,23.1011,23.3239,23.5562,23.7985,24.0511,24.3145,24.589,24.8752,25.1734,25.4844,25.8085,26.1464,26.4988,26.8663,27.2497,27.6498,28.0673,28.5033,28.9588,29.4348,29.9324,30.4531,30.9981,31.5689,32.1673,32.7949,33.4539,34.1463,34.8745,35.6411,36.449,37.3014,38.2016,39.1536,40.1615,41.2299,42.364,43.5693,44.8518,46.2184,47.6762,49.2331,50.8973,52.6778,54.5838,56.6248,58.8102,61.1489,63.6489,66.3163,69.1544,72.1627,75.3348,78.6567,82.1047,85.6433,89.2228,92.7781,96.2283,99.4782,102.422,104.949,106.954,108.345,109.056,109.051,108.333,106.94,104.943,102.434,99.5184,96.3046,92.8956,89.3833,85.8452,82.3433,78.9249,75.6239,72.4631,69.4561,66.6094,63.9247,61.3994,59.0287,56.8058,54.7231,52.7723,50.9452,49.2334,47.6289,46.1241,44.7116,43.3849,42.1374,40.9634,39.8575,38.8147,37.8304,36.9005,36.021,35.1886,34.4,33.6522,32.9424,32.2684,31.6277,31.0182,30.4382,29.8857,29.3592,28.8571,28.3782,27.921,27.4845,27.0675,26.6689,26.288,25.9236,25.5751,25.2416,24.9225,24.617,24.3246,24.0445,23.7763,23.5194,23.2733,23.0375,22.8116,22.5952,22.3878,22.189,21.9986,21.816,21.6411,21.4735,21.3128,21.1588,21.0112,20.8697,20.7341,20.6042,20.4796,20.3602,20.2458,20.1361,20.031,19.9302,19.8336,19.7411,19.6523,19.5672,19.4856,19.4073,19.3322,19.26,19.1908,19.1242,19.0602,18.9984,18.9389,18.8813,18.8255,18.7713,18.7185,18.6667,18.6159,18.5657,18.5159,18.4662,18.4163,18.3659,18.3148,18.2626,18.209,18.1538,18.0967,18.0375,17.9759,17.9118,17.845,17.7753,17.7027,17.6271,17.5485,17.467,17.3826,17.2955,17.2056,17.1133,17.0186,16.9218,16.8229,16.7223,16.6201,16.5165,16.4117,16.3058,16.1989,16.0914,15.9832,15.8745,15.7654,15.656,15.5464,15.4365,15.3266,15.2166,15.1066,14.9966,14.8867,14.7768,14.667,14.5574,
 ,-113,17.9185,17.986,18.0508,18.1128,18.1721,18.2286,18.2824,18.3335,18.382,18.4277,18.4709,18.5116,18.5497,18.5854,18.6188,18.6498,18.6787,18.7054,18.7301,18.7529,18.7739,18.7931,18.8107,18.8269,18.8417,18.8552,18.8676,18.879,18.8895,18.8993,18.9086,18.9173,18.9258,18.934,18.9422,18.9506,18.9591,18.9681,18.9776,18.9877,18.9986,19.0105,19.0235,19.0377,19.0533,19.0704,19.0891,19.1096,19.1321,19.1566,19.1833,19.2123,19.2438,19.2779,19.3148,19.3545,19.3973,19.4432,19.4925,19.5451,19.6013,19.6613,19.7251,19.7929,19.8649,19.9412,20.0219,20.1073,20.1974,20.2925,20.3927,20.4981,20.609,20.7255,20.8479,20.9763,21.1108,21.2518,21.3995,21.554,21.7156,21.8845,22.0611,22.2455,22.438,22.639,22.8488,23.0676,23.2959,23.5339,23.7821,24.0409,24.3106,24.5919,24.8851,25.1907,25.5094,25.8417,26.1882,26.5497,26.9268,27.3203,27.7311,28.1601,28.6083,29.0767,29.5665,30.079,30.6155,31.1775,31.7666,32.3847,33.0336,33.7156,34.433,35.1884,35.9847,36.825,37.7129,38.6523,39.6475,40.7032,41.8248,43.0182,44.2898,45.6469,47.0975,48.6503,50.3149,52.1018,54.0224,56.0887,58.3137,60.7105,63.2925,66.0724,69.0618,72.2696,75.7008,79.3541,83.2199,87.2763,91.4866,95.7951,100.124,104.374,108.419,112.118,115.319,117.871,119.641,120.532,120.494,119.53,117.699,115.104,111.88,108.178,104.147,99.9271,95.6358,91.3696,87.2016,83.1839,79.3507,75.7221,72.307,69.1063,66.1155,63.3262,60.728,58.3091,56.0573,53.9605,52.0067,50.1849,48.4846,46.8958,45.4097,44.0179,42.7128,41.4876,40.3359,39.2521,38.2309,37.2676,36.358,35.498,34.6843,33.9135,33.1826,32.4891,31.8305,31.2045,30.609,30.0423,29.5025,28.988,28.4975,28.0295,27.5829,27.1564,26.7489,26.3596,25.9874,25.6314,25.291,24.9653,24.6536,24.3553,24.0697,23.7962,23.5344,23.2836,23.0434,22.8133,22.5928,22.3817,22.1793,21.9855,21.7997,21.6217,21.4512,21.2877,21.1311,20.9811,20.8373,20.6995,20.5674,20.4409,20.3197,20.2036,20.0923,19.9857,19.8836,19.7858,19.6921,19.6024,19.5164,19.4341,19.3552,19.2797,19.2073,19.1378,19.0713,19.0073,18.9459,18.8868,18.8298,18.7747,18.7213,18.6694,18.6188,18.5691,18.5201,18.4715,18.4231,18.3744,18.3253,18.2752,18.224,18.1712,18.1166,18.0599,18.0007,17.9389,17.8742,17.8063,17.7353,17.6609,17.5832,17.5022,17.4179,17.3303,17.2397,17.1462,17.0499,16.9511,16.8501,16.7469,16.642,16.5355,16.4276,16.3185,16.2085,16.0977,15.9863,15.8745,15.7623,15.65,15.5375,15.4251,15.3126,15.2003,15.0882,14.9762,14.8645,14.753,14.6418,14.5308,14.4202,
 ,-114,17.6295,17.6962,17.7604,17.8219,17.8809,17.9372,17.9911,18.0423,18.0911,18.1374,18.1813,18.2228,18.2619,18.2988,18.3334,18.3659,18.3964,18.4249,18.4515,18.4763,18.4994,18.5209,18.5409,18.5595,18.5769,18.5931,18.6083,18.6226,18.6361,18.649,18.6613,18.6733,18.685,18.6965,18.7081,18.7198,18.7318,18.7442,18.7572,18.7709,18.7853,18.8008,18.8174,18.8352,18.8543,18.875,18.8974,18.9215,18.9476,18.9757,19.006,19.0386,19.0737,19.1114,19.1519,19.1952,19.2415,19.291,19.3438,19.4,19.4598,19.5233,19.5906,19.662,19.7375,19.8174,19.9017,19.9906,20.0844,20.1831,20.2869,20.396,20.5106,20.6309,20.7571,20.8893,21.0278,21.1728,21.3245,21.4832,21.649,21.8223,22.0033,22.1923,22.3896,22.5954,22.8102,23.0343,23.2679,23.5116,23.7656,24.0305,24.3066,24.5945,24.8947,25.2076,25.534,25.8743,26.2294,26.5998,26.9864,27.39,27.8115,28.2519,28.7121,29.1934,29.6969,30.224,30.7762,31.3551,31.9623,32.6,33.2701,33.9749,34.7172,35.4996,36.3255,37.1982,38.1216,39.1002,40.1387,41.2426,42.4178,43.6711,45.0101,46.4432,47.9797,49.6301,51.4062,53.3208,55.3881,57.6238,60.0447,62.6689,65.5151,68.6026,71.9501,75.5745,79.4893,83.7018,88.2098,92.9976,98.0304,103.249,108.563,113.85,118.948,123.665,127.788,131.1,133.405,134.556,134.478,133.178,130.744,127.332,123.144,118.396,113.296,108.033,102.758,97.5898,92.6106,87.8753,83.415,79.2432,75.3606,71.7594,68.4264,65.345,62.4976,59.8657,57.4317,55.1786,53.0904,51.1525,49.3515,47.6752,46.1126,44.6536,43.2894,42.0117,40.8134,39.688,38.6294,37.6325,36.6924,35.8048,34.9659,34.1721,33.4203,32.7074,32.031,31.3885,30.7778,30.1969,29.644,29.1174,28.6155,28.1369,27.6803,27.2444,26.8283,26.4307,26.0508,25.6877,25.3405,25.0084,24.6906,24.3866,24.0957,23.8171,23.5505,23.2952,23.0507,22.8166,22.5924,22.3776,22.1719,21.9748,21.786,21.6051,21.4318,21.2658,21.1068,20.9544,20.8085,20.6686,20.5347,20.4064,20.2836,20.1659,20.0532,19.9453,19.8421,19.7432,19.6486,19.5581,19.4715,19.3887,19.3095,19.2337,19.1612,19.0919,19.0256,18.9621,18.9012,18.8429,18.7868,18.7327,18.6806,18.6301,18.5809,18.5328,18.4855,18.4387,18.392,18.3451,18.2977,18.2492,18.1995,18.148,18.0944,18.0384,17.9797,17.9178,17.8527,17.7841,17.7118,17.6357,17.5558,17.4721,17.3847,17.2937,17.1993,17.1017,17.0011,16.8978,16.792,16.6841,16.5744,16.463,16.3503,16.2366,16.122,16.0069,15.8912,15.7754,15.6594,15.5435,15.4277,15.3121,15.1968,15.0818,14.9673,14.8531,14.7394,14.6262,14.5134,14.4012,14.2894,
 ,-115,17.3497,17.4156,17.4791,17.5402,17.5989,17.6551,17.7089,17.7604,17.8095,17.8563,17.9008,17.943,17.9831,18.0211,18.057,18.0909,18.1228,18.153,18.1813,18.208,18.2331,18.2568,18.279,18.3,18.3199,18.3386,18.3565,18.3735,18.3898,18.4055,18.4208,18.4358,18.4506,18.4653,18.48,18.495,18.5102,18.5259,18.5422,18.5593,18.5771,18.596,18.616,18.6372,18.6599,18.684,18.7098,18.7374,18.7669,18.7985,18.8323,18.8684,18.9069,18.9481,18.992,19.0388,19.0885,19.1415,19.1977,19.2573,19.3205,19.3874,19.4582,19.5331,19.612,19.6953,19.7831,19.8755,19.9728,20.075,20.1824,20.2951,20.4134,20.5373,20.6672,20.8032,20.9456,21.0945,21.2502,21.4129,21.5829,21.7605,21.9459,22.1394,22.3413,22.552,22.7717,23.0009,23.2399,23.4891,23.7489,24.0197,24.3022,24.5966,24.9036,25.2238,25.5578,25.9061,26.2695,26.6489,27.0448,27.4584,27.8904,28.3419,28.8141,29.308,29.8251,30.3667,30.9344,31.53,32.1552,32.8121,33.5031,34.2306,34.9975,35.8067,36.6618,37.5667,38.5254,39.543,40.6247,41.7766,43.0054,44.3189,45.7256,47.2354,48.859,50.609,52.4993,54.5455,56.7651,59.1779,61.8054,64.6715,67.802,71.2242,74.9664,79.0564,83.5198,88.3771,93.6393,99.3025,105.34,111.694,118.265,124.905,131.406,137.509,142.912,147.296,150.366,151.897,151.768,149.993,146.71,142.161,136.649,130.49,123.979,117.366,110.847,104.559,98.5945,93.004,87.8095,83.0122,78.5995,74.5502,70.839,67.4385,64.3214,61.4613,58.8336,56.4156,54.1865,52.1277,50.2225,48.4561,46.815,45.2875,43.8631,42.5324,41.287,40.1196,39.0236,37.993,37.0225,36.1075,35.2436,34.427,33.6543,32.9223,32.2282,31.5696,30.9439,30.3491,29.7833,29.2446,28.7316,28.2426,27.7762,27.3313,26.9066,26.5011,26.1137,25.7436,25.3897,25.0514,24.7278,24.4183,24.1222,23.8388,23.5676,23.308,23.0594,22.8215,22.5936,22.3754,22.1664,21.9663,21.7746,21.5911,21.4152,21.2469,21.0856,20.9311,20.7832,20.6415,20.5059,20.376,20.2517,20.1326,20.0187,19.9098,19.8055,19.7058,19.6105,19.5194,19.4324,19.3493,19.2699,19.1942,19.1219,19.053,18.9872,18.9244,18.8645,18.8072,18.7524,18.6998,18.6493,18.6006,18.5534,18.5074,18.4623,18.4178,18.3735,18.3289,18.2838,18.2375,18.1898,18.1402,18.0882,18.0334,17.9754,17.914,17.8487,17.7795,17.706,17.6282,17.546,17.4595,17.3688,17.274,17.1754,17.0732,16.9677,16.8593,16.7483,16.635,16.5199,16.4031,16.2852,16.1662,16.0466,15.9265,15.8062,15.6859,15.5657,15.4458,15.3263,15.2073,15.0888,14.9709,14.8537,14.7371,14.6212,14.5061,14.3916,14.2779,14.1648,
 ,-116,17.0786,17.1438,17.2067,17.2674,17.3257,17.3818,17.4357,17.4873,17.5367,17.5839,17.629,17.672,17.713,17.7519,17.789,17.8242,17.8576,17.8892,17.9193,17.9477,17.9748,18.0004,18.0248,18.048,18.0702,18.0914,18.1117,18.1313,18.1503,18.1688,18.1869,18.2047,18.2224,18.24,18.2578,18.2758,18.2942,18.3131,18.3325,18.3528,18.3739,18.396,18.4192,18.4438,18.4697,18.4971,18.5263,18.5572,18.59,18.6249,18.662,18.7014,18.7433,18.7878,18.835,18.8851,18.9382,18.9945,19.054,19.1169,19.1835,19.2537,19.3279,19.406,19.4883,19.575,19.6661,19.7619,19.8626,19.9683,20.0791,20.1954,20.3172,20.4447,20.5782,20.7179,20.864,21.0168,21.1764,21.3431,21.5172,21.6989,21.8886,22.0866,22.2931,22.5085,22.7331,22.9673,23.2115,23.4662,23.7316,24.0084,24.297,24.5979,24.9117,25.239,25.5804,25.9366,26.3083,26.6964,27.1016,27.5249,27.9673,28.4299,28.9137,29.4201,29.9505,30.5064,31.0894,31.7013,32.3441,33.0201,33.7316,34.4814,35.2725,36.1081,36.9921,37.9285,38.9221,39.9781,41.1025,42.3019,43.584,44.9573,46.4316,48.018,49.7291,51.5795,53.5855,55.7658,58.1417,60.7375,63.5803,66.701,70.1336,73.9157,78.0878,82.6923,87.7718,93.3659,99.5064,106.21,113.469,121.237,129.412,137.822,146.208,154.218,161.422,167.345,171.532,173.622,173.425,170.96,166.454,160.289,152.93,144.845,136.454,128.088,119.991,112.319,105.163,98.5608,92.5145,87.0045,81.9973,77.453,73.3295,69.585,66.1804,63.0792,60.2486,57.659,55.2843,53.1014,51.0898,49.2316,47.5112,45.9146,44.4297,43.0458,41.7534,40.5443,39.411,38.347,37.3465,36.4042,35.5157,34.6767,33.8834,33.1327,32.4214,31.7468,31.1064,30.498,29.9196,29.3692,28.8453,28.3461,27.8703,27.4165,26.9836,26.5703,26.1757,25.7987,25.4385,25.0942,24.765,24.4502,24.1491,23.861,23.5854,23.3217,23.0693,22.8276,22.5963,22.3749,22.1629,21.96,21.7656,21.5795,21.4014,21.2308,21.0674,20.9111,20.7613,20.618,20.4809,20.3496,20.224,20.1038,19.9889,19.879,19.774,19.6736,19.5778,19.4863,19.3991,19.3159,19.2366,19.1612,19.0893,19.021,18.9561,18.8943,18.8356,18.7798,18.7267,18.676,18.6277,18.5812,18.5366,18.4933,18.451,18.4094,18.3681,18.3266,18.2844,18.241,18.196,18.1489,18.099,18.046,17.9894,17.9287,17.8637,17.794,17.7194,17.6399,17.5553,17.4657,17.3714,17.2724,17.169,17.0617,16.9508,16.8366,16.7197,16.6004,16.4791,16.3563,16.2323,16.1075,15.9823,15.8567,15.7312,15.606,15.4811,15.3569,15.2333,15.1104,14.9885,14.8674,14.7472,14.628,14.5097,14.3924,14.276,14.1606,14.0461,
 ,-117,16.8159,16.8804,16.9428,17.003,17.0611,17.117,17.1709,17.2226,17.2723,17.3199,17.3656,17.4093,17.4511,17.491,17.5291,17.5655,17.6002,17.6334,17.665,17.6951,17.724,17.7515,17.7779,17.8032,17.8276,17.8511,17.8738,17.8958,17.9173,17.9384,17.9591,17.9797,18.0001,18.0206,18.0413,18.0622,18.0835,18.1054,18.1279,18.1512,18.1754,18.2006,18.2269,18.2546,18.2837,18.3143,18.3466,18.3807,18.4167,18.4548,18.4951,18.5377,18.5828,18.6305,18.6809,18.7342,18.7905,18.8499,18.9127,18.9788,19.0486,19.122,19.1994,19.2807,19.3663,19.4562,19.5507,19.6498,19.7537,19.8628,19.977,20.0966,20.2219,20.3529,20.49,20.6333,20.7831,20.9395,21.103,21.2736,21.4517,21.6376,21.8315,22.0338,22.2447,22.4647,22.6941,22.9333,23.1827,23.4427,23.7137,23.9963,24.2909,24.5982,24.9186,25.2529,25.6016,25.9655,26.3454,26.742,27.1563,27.5892,28.0418,28.5151,29.0104,29.5291,30.0725,30.6423,31.2403,31.8682,32.5283,33.2229,33.9545,34.7261,35.5408,36.4022,37.3144,38.2817,39.3094,40.4031,41.5692,42.8153,44.1496,45.5818,47.1227,48.785,50.583,52.5334,54.6552,56.9704,59.5046,62.2869,65.351,68.7356,72.4848,76.6484,81.2823,86.4475,92.2095,98.6348,105.786,113.715,122.447,131.965,142.182,152.914,163.844,174.504,184.28,192.454,198.303,201.238,200.943,197.45,191.137,182.627,172.651,161.912,151.001,140.354,130.262,120.888,112.303,104.516,97.4928,91.1812,85.5171,80.4339,75.8676,71.7583,68.0518,64.6999,61.6599,58.8948,56.372,54.0634,51.9447,49.9947,48.195,46.5296,44.9847,43.5482,42.2094,40.9591,39.7892,38.6924,37.6624,36.6935,35.7808,34.9199,34.1066,33.3375,32.6094,31.9193,31.2646,30.643,30.0523,29.4906,28.956,28.447,27.962,27.4997,27.0587,26.6379,26.2363,25.8528,25.4864,25.1364,24.8018,24.4819,24.1761,23.8836,23.6038,23.3362,23.0801,22.835,22.6005,22.376,22.1612,21.9556,21.7588,21.5704,21.3901,21.2175,21.0523,20.8942,20.7429,20.5981,20.4596,20.3271,20.2004,20.0793,19.9635,19.8529,19.7473,19.6465,19.5504,19.4588,19.3715,19.2885,19.2096,19.1346,19.0635,18.9961,18.9323,18.8719,18.8148,18.7609,18.7098,18.6616,18.6158,18.5723,18.5307,18.4907,18.452,18.414,18.3765,18.3388,18.3004,18.2608,18.2193,18.1754,18.1285,18.0779,18.0232,17.9639,17.8994,17.8295,17.754,17.6727,17.5855,17.4926,17.3942,17.2904,17.1818,17.0686,16.9514,16.8307,16.707,16.5808,16.4527,16.323,16.1923,16.0609,15.9293,15.7977,15.6664,15.5356,15.4056,15.2765,15.1485,15.0215,14.8956,14.771,14.6476,14.5255,14.4046,14.2849,14.1665,14.0492,13.9331,
 ,-118,16.5612,16.625,16.6869,16.7467,16.8045,16.8603,16.9141,16.966,17.016,17.064,17.1102,17.1545,17.197,17.2379,17.277,17.3145,17.3505,17.385,17.4181,17.4499,17.4804,17.5098,17.538,17.5654,17.5918,17.6174,17.6423,17.6667,17.6906,17.7141,17.7374,17.7605,17.7836,17.8068,17.8302,17.8539,17.878,17.9027,17.9281,17.9543,17.9814,18.0096,18.0389,18.0696,18.1017,18.1353,18.1707,18.2078,18.2469,18.288,18.3314,18.3771,18.4252,18.476,18.5295,18.5859,18.6452,18.7078,18.7736,18.8428,18.9157,18.9922,19.0727,19.1572,19.2459,19.339,19.4366,19.5389,19.6461,19.7584,19.8759,19.9988,20.1274,20.2619,20.4024,20.5492,20.7026,20.8627,21.0299,21.2043,21.3863,21.5762,21.7742,21.9808,22.1961,22.4206,22.6547,22.8987,23.1531,23.4184,23.6949,23.9831,24.2837,24.5972,24.9241,25.2652,25.6211,25.9925,26.3803,26.7853,27.2085,27.6507,28.1133,28.5971,29.1037,29.6343,30.1904,30.7739,31.3863,32.0299,32.7068,33.4195,34.1706,34.9633,35.801,36.6875,37.627,38.6243,39.685,40.8153,42.022,43.3134,44.6985,46.188,47.7939,49.5302,51.4133,53.4619,55.698,58.147,60.8388,63.8083,67.0961,70.7499,74.8251,79.3862,84.5073,90.2731,96.7783,104.126,112.423,121.774,132.261,143.924,156.725,170.492,184.866,199.24,212.739,224.263,232.645,236.889,236.446,231.374,222.326,210.349,196.615,182.187,167.892,154.286,141.689,130.241,119.965,110.809,102.684,95.4863,89.1085,83.4494,78.4163,73.9269,69.9094,66.3014,63.0495,60.1076,57.4367,55.0032,52.7784,50.7376,48.8599,47.1271,45.5235,44.0356,42.6515,41.3612,40.1556,39.0269,37.9683,36.9736,36.0375,35.1553,34.3226,33.5358,32.7913,32.0862,31.4177,30.7833,30.1808,29.6081,29.0633,28.5448,28.0509,27.5803,27.1317,26.7037,26.2953,25.9055,25.5333,25.1777,24.838,24.5133,24.203,23.9063,23.6226,23.3512,23.0917,22.8434,22.6059,22.3786,22.1612,21.9532,21.7541,21.5636,21.3813,21.207,21.0401,20.8805,20.7278,20.5818,20.4421,20.3086,20.181,20.0591,19.9427,19.8316,19.7256,19.6245,19.5283,19.4367,19.3497,19.267,19.1887,19.1145,19.0444,18.9782,18.9158,18.8572,18.8021,18.7504,18.702,18.6566,18.614,18.5739,18.5361,18.5002,18.4658,18.4324,18.3995,18.3665,18.3329,18.298,18.261,18.2213,18.1782,18.1309,18.0789,18.0214,17.958,17.8883,17.812,17.7289,17.6389,17.5423,17.4393,17.3301,17.2153,17.0955,16.9711,16.8429,16.7114,16.5774,16.4413,16.3039,16.1655,16.0267,15.888,15.7496,15.6118,15.4749,15.3392,15.2048,15.0717,14.9402,14.8101,14.6817,14.5548,14.4295,14.3057,14.1834,14.0627,13.9434,13.8255,
 ,-119,16.3141,16.3773,16.4387,16.4981,16.5557,16.6113,16.6652,16.7171,16.7673,16.8157,16.8624,16.9073,16.9506,16.9922,17.0323,17.0709,17.1081,17.1439,17.1784,17.2117,17.2438,17.2748,17.3049,17.3341,17.3625,17.3901,17.4172,17.4438,17.4699,17.4958,17.5214,17.547,17.5726,17.5983,17.6243,17.6506,17.6774,17.7049,17.733,17.762,17.7919,17.8229,17.8551,17.8886,17.9236,17.9601,17.9984,18.0384,18.0804,18.1245,18.1708,18.2194,18.2705,18.3242,18.3807,18.44,18.5024,18.5679,18.6367,18.7089,18.7847,18.8643,18.9478,19.0353,19.1271,19.2232,19.3239,19.4293,19.5396,19.655,19.7757,19.9019,20.0338,20.1715,20.3154,20.4657,20.6225,20.7862,20.9569,21.1351,21.3209,21.5147,21.7168,21.9274,22.1471,22.376,22.6146,22.8634,23.1227,23.393,23.6749,23.9687,24.275,24.5946,24.9279,25.2756,25.6385,26.0173,26.4128,26.826,27.2577,27.7092,28.1813,28.6755,29.1929,29.7351,30.3036,30.9002,31.5268,32.1855,32.8786,33.6088,34.3788,35.1919,36.0518,36.9623,37.9281,38.9544,40.0468,41.2122,42.4579,43.7928,45.2267,46.7711,48.4395,50.2472,52.2124,54.356,56.7029,59.2822,62.1284,65.2821,68.7917,72.7144,77.1186,82.085,87.7094,94.1045,101.401,109.751,119.32,130.287,142.827,157.08,173.108,190.814,209.837,229.435,248.381,264.987,277.318,283.642,282.966,275.4,262.114,244.92,225.734,206.164,187.34,169.926,154.223,140.29,128.046,117.342,108,99.8432,92.7074,86.446,80.9315,76.0549,71.7236,67.8596,64.3972,61.2812,58.465,55.9094,53.5814,51.4527,49.4996,47.7017,46.0414,44.504,43.0765,41.7476,40.5078,39.3485,38.2623,37.2429,36.2843,35.3816,34.5304,33.7264,32.9663,32.2468,31.565,30.9183,30.3044,29.7211,29.1666,28.6389,28.1366,27.6581,27.2021,26.7672,26.3524,25.9566,25.5788,25.218,24.8734,24.5442,24.2296,23.9289,23.6415,23.3667,23.1039,22.8527,22.6124,22.3826,22.1627,21.9525,21.7514,21.559,21.375,21.1991,21.0308,20.8699,20.716,20.5689,20.4283,20.294,20.1657,20.0432,19.9264,19.8149,19.7087,19.6077,19.5115,19.4202,19.3336,19.2516,19.174,19.1009,19.032,18.9674,18.9068,18.8502,18.7975,18.7486,18.7032,18.6613,18.6225,18.5866,18.5533,18.5223,18.493,18.4651,18.4379,18.4108,18.3831,18.354,18.3227,18.2884,18.2502,18.2072,18.1587,18.1039,18.0422,17.973,17.896,17.8111,17.7182,17.6174,17.509,17.3937,17.2718,17.1442,17.0115,16.8746,16.7342,16.591,16.446,16.2996,16.1525,16.0054,15.8586,15.7125,15.5675,15.4239,15.2818,15.1415,15.003,14.8664,14.7318,14.5991,14.4684,14.3396,14.2127,14.0877,13.9644,13.8429,13.723,
 ,-120,16.0744,16.137,16.1979,16.2569,16.3142,16.3698,16.4236,16.4757,16.5261,16.5748,16.6219,16.6674,16.7113,16.7538,16.7948,16.8344,16.8727,16.9097,16.9455,16.9802,17.0138,17.0465,17.0782,17.1092,17.1394,17.169,17.1981,17.2267,17.255,17.2831,17.311,17.3389,17.3668,17.395,17.4234,17.4523,17.4816,17.5116,17.5424,17.574,17.6066,17.6403,17.6752,17.7115,17.7492,17.7885,17.8295,17.8724,17.9172,17.9641,18.0132,18.0647,18.1186,18.1751,18.2344,18.2966,18.3618,18.4302,18.5018,18.577,18.6557,18.7382,18.8245,18.915,19.0097,19.1087,19.2124,19.3208,19.4342,19.5526,19.6764,19.8057,19.9407,20.0817,20.2289,20.3824,20.5427,20.7098,20.8841,21.0659,21.2554,21.453,21.659,21.8737,22.0974,22.3307,22.5738,22.8271,23.0912,23.3665,23.6535,23.9527,24.2647,24.5902,24.9296,25.2838,25.6535,26.0394,26.4425,26.8636,27.3037,27.764,28.2455,28.7496,29.2775,29.8309,30.4114,31.0207,31.6609,32.3342,33.0429,33.7898,34.578,35.4107,36.2917,37.2253,38.2162,39.2699,40.3926,41.5912,42.874,44.25,45.7302,47.3267,49.0542,50.9296,52.9725,55.2064,57.6587,60.3624,63.3564,66.6874,70.4117,74.5968,79.3245,84.6936,90.8242,97.861,105.979,115.386,126.328,139.085,153.964,171.269,191.246,213.978,239.214,266.133,293.09,317.506,336.13,345.843,344.786,333.173,313.183,288.043,260.917,234.21,209.394,187.164,167.691,150.85,136.379,123.97,113.319,104.154,96.2348,89.3607,83.3629,78.1019,73.4621,69.3484,65.6822,62.3984,59.4429,56.7708,54.3444,52.1321,50.1074,48.2477,46.5339,44.9496,43.4808,42.1155,40.8432,39.6548,38.5426,37.4996,36.5197,35.5976,34.7286,33.9084,33.1334,32.4002,31.7057,31.0473,30.4226,29.8292,29.2653,28.729,28.2186,27.7326,27.2695,26.8281,26.4073,26.0058,25.6226,25.2569,24.9077,24.5742,24.2556,23.9512,23.6604,23.3824,23.1167,22.8627,22.6199,22.3877,22.1658,21.9536,21.7506,21.5566,21.3712,21.1938,21.0243,20.8623,20.7075,20.5595,20.4182,20.2833,20.1545,20.0317,19.9146,19.803,19.6969,19.5959,19.5001,19.4093,19.3233,19.2421,19.1657,19.0938,19.0265,18.9637,18.9052,18.8511,18.8012,18.7555,18.7137,18.6758,18.6415,18.6105,18.5826,18.5574,18.5344,18.5131,18.4928,18.4728,18.4523,18.4305,18.4063,18.3788,18.3468,18.3094,18.2656,18.2144,18.1551,18.0869,18.0096,17.9228,17.8265,17.7209,17.6065,17.4839,17.3537,17.217,17.0746,16.9275,16.7767,16.6231,16.4676,16.311,16.154,15.9973,15.8414,15.6867,15.5336,15.3825,15.2334,15.0866,14.9421,14.8,14.6604,14.5231,14.3883,14.2558,14.1255,13.9974,13.8715,13.7475,13.6255,
 ,-121,15.8417,15.9038,15.9642,16.0229,16.0799,16.1353,16.1891,16.2413,16.2918,16.3409,16.3884,16.4344,16.479,16.5222,16.5641,16.6046,16.644,16.6821,16.7192,16.7552,16.7902,16.8244,16.8577,16.8904,16.9224,16.9538,16.9848,17.0154,17.0457,17.0758,17.1059,17.136,17.1662,17.1967,17.2274,17.2587,17.2905,17.3229,17.3562,17.3903,17.4254,17.4617,17.4992,17.5381,17.5784,17.6204,17.664,17.7096,17.7571,17.8067,17.8585,17.9126,17.9693,18.0286,18.0906,18.1555,18.2235,18.2946,18.369,18.4469,18.5284,18.6137,18.7028,18.7961,18.8936,18.9956,19.1021,19.2134,19.3297,19.4511,19.5779,19.7102,19.8483,19.9924,20.1427,20.2995,20.463,20.6335,20.8112,20.9965,21.1896,21.3909,21.6007,21.8193,22.0471,22.2845,22.5319,22.7898,23.0585,23.3386,23.6306,23.9351,24.2526,24.5837,24.9291,25.2896,25.6658,26.0587,26.469,26.8978,27.346,27.8148,28.3054,28.819,29.3571,29.9213,30.5132,31.1347,31.7879,32.4751,33.1988,33.9617,34.7671,35.6183,36.5194,37.4748,38.4894,39.569,40.7201,41.9501,43.2674,44.682,46.2052,47.8503,49.6328,51.5709,53.6861,56.0037,58.5541,61.3735,64.5055,68.0027,71.929,76.3624,81.3986,87.1554,93.7782,101.447,110.386,120.871,133.242,147.91,165.36,186.137,210.79,239.753,273.098,310.124,348.795,385.271,414.06,429.409,427.712,409.393,378.665,341.387,302.787,266.341,233.787,205.643,181.743,161.618,144.714,130.494,118.488,108.299,99.5986,92.1221,85.6551,80.0246,75.0909,70.741,66.8831,63.442,60.3565,57.5758,55.058,52.7681,50.677,48.76,46.9963,45.3685,43.8613,42.462,41.1594,39.944,38.8073,37.7422,36.7423,35.802,34.9163,34.0808,33.2917,32.5455,31.8391,31.1697,30.5346,29.9318,29.3591,28.8145,28.2965,27.8033,27.3336,26.8861,26.4595,26.0527,25.6646,25.2942,24.9407,24.6032,24.281,23.9732,23.6791,23.3982,23.1298,22.8734,22.6283,22.394,22.1702,21.9562,21.7518,21.5564,21.3696,21.1912,21.0207,20.8578,20.7022,20.5537,20.4119,20.2766,20.1475,20.0245,19.9074,19.7959,19.69,19.5894,19.4941,19.4039,19.3189,19.2388,19.1636,19.0933,19.0278,18.9671,18.9112,18.8599,18.8133,18.7713,18.7337,18.7004,18.6713,18.6461,18.6246,18.6062,18.5906,18.5771,18.5652,18.5538,18.5423,18.5294,18.514,18.495,18.4709,18.4407,18.403,18.3566,18.3006,18.2341,18.1567,18.0679,17.9678,17.8568,17.7352,17.604,17.4641,17.3166,17.1627,17.0037,16.8407,16.6748,16.5073,16.3389,16.1705,16.003,15.8368,15.6724,15.5103,15.3507,15.1939,15.0399,14.8889,14.7408,14.5957,14.4536,14.3142,14.1776,14.0437,13.9124,13.7835,13.657,13.5328,
 ,-122,15.6158,15.6773,15.7372,15.7956,15.8524,15.9076,15.9614,16.0136,16.0644,16.1137,16.1616,16.2081,16.2533,16.2972,16.3399,16.3813,16.4216,16.4609,16.4991,16.5364,16.5728,16.6083,16.6432,16.6774,16.7111,16.7442,16.777,16.8095,16.8417,16.8738,16.9059,16.9381,16.9705,17.0031,17.0361,17.0696,17.1037,17.1385,17.1741,17.2106,17.2482,17.2869,17.3269,17.3683,17.4111,17.4556,17.5018,17.5499,17.6,17.6521,17.7066,17.7633,17.8226,17.8845,17.9491,18.0167,18.0872,18.161,18.2381,18.3186,18.4028,18.4908,18.5827,18.6786,18.7789,18.8836,18.9929,19.107,19.2261,19.3504,19.48,19.6153,19.7563,19.9034,20.0568,20.2167,20.3834,20.5571,20.7382,20.9269,21.1235,21.3283,21.5418,21.7642,21.9959,22.2373,22.4889,22.7511,23.0243,23.3091,23.606,23.9155,24.2383,24.5749,24.9261,25.2926,25.6752,26.0747,26.4921,26.9282,27.3842,27.8612,28.3604,28.8832,29.4311,30.0055,30.6084,31.2416,31.9072,32.6076,33.3454,34.1235,34.9451,35.8138,36.7338,37.7095,38.7463,39.8501,41.0275,42.2863,43.6356,45.0855,46.6482,48.3376,50.1702,52.1653,54.3459,56.7393,59.3783,62.3023,65.559,69.2065,73.3163,77.9762,83.2953,89.4101,96.4918,104.757,114.481,126.013,139.801,156.409,176.547,201.08,231.004,267.338,310.828,361.321,416.69,471.534,516.706,541.483,538.691,509.21,461.354,405.831,351.099,301.843,259.72,224.649,195.802,172.15,152.717,136.668,123.324,112.142,102.697,94.6538,87.7501,81.7787,76.5757,72.0106,67.9786,64.3954,61.1924,58.3138,55.7135,53.3535,51.2023,49.2334,47.4245,45.757,44.2149,42.7845,41.4542,40.2138,39.0547,37.9693,36.9508,35.9935,35.0923,34.2426,33.4404,32.6821,31.9645,31.2847,30.6401,30.0283,29.4473,28.895,28.3698,27.87,27.3941,26.9408,26.5089,26.0971,25.7043,25.3297,24.9722,24.6311,24.3054,23.9945,23.6976,23.414,23.1432,22.8845,22.6374,22.4014,22.1759,21.9605,21.7548,21.5582,21.3705,21.1912,21.0199,20.8564,20.7003,20.5514,20.4093,20.2739,20.1448,20.0218,19.9048,19.7937,19.6881,19.5882,19.4936,19.4043,19.3203,19.2415,19.1679,19.0994,19.036,18.9778,18.9247,18.8767,18.8338,18.796,18.7632,18.7353,18.7122,18.6937,18.6795,18.6692,18.6623,18.6583,18.6563,18.6554,18.6547,18.6527,18.6483,18.6399,18.6259,18.6048,18.575,18.535,18.4835,18.4195,18.3423,18.2515,18.1472,18.0296,17.8996,17.7582,17.6066,17.4462,17.2787,17.1055,16.9281,16.748,16.5663,16.3843,16.2029,16.023,15.8451,15.6699,15.4977,15.3287,15.1633,15.0015,14.8433,14.6887,14.5376,14.3901,14.2459,14.105,13.9672,13.8324,13.7004,13.5712,13.4444,
 ,-123,15.3963,15.4573,15.5168,15.5748,15.6314,15.6865,15.7402,15.7925,15.8434,15.893,15.9413,15.9883,16.034,16.0785,16.1219,16.1642,16.2055,16.2457,16.285,16.3235,16.3612,16.3981,16.4344,16.4701,16.5053,16.5401,16.5746,16.6088,16.6429,16.6769,16.7109,16.7451,16.7794,16.8141,16.8493,16.8849,16.9212,16.9582,16.9961,17.0349,17.0748,17.1159,17.1582,17.2019,17.2472,17.2941,17.3427,17.3932,17.4458,17.5004,17.5573,17.6165,17.6783,17.7427,17.8099,17.8799,17.953,18.0294,18.109,18.1921,18.2788,18.3694,18.4639,18.5625,18.6654,18.7727,18.8847,19.0015,19.1233,19.2503,19.3828,19.5208,19.6648,19.8148,19.9711,20.134,20.3038,20.4807,20.6649,20.8569,21.0568,21.2651,21.4821,21.7082,21.9437,22.189,22.4446,22.711,22.9885,23.2778,23.5794,23.8938,24.2216,24.5636,24.9204,25.2927,25.6814,26.0873,26.5113,26.9545,27.418,27.9028,28.4103,28.9419,29.4989,30.0832,30.6964,31.3406,32.018,32.7308,33.4819,34.2742,35.111,35.9961,36.9336,37.9282,38.9854,40.1112,41.3127,42.5979,43.9761,45.4579,47.0559,48.7848,50.6617,52.7071,54.9452,57.405,60.1212,63.136,66.5009,70.2789,74.5477,79.4042,84.9698,91.3979,98.8841,107.679,118.109,130.597,145.7,164.149,186.906,215.219,250.663,295.098,350.404,417.68,495.489,576.996,647.631,687.739,683.11,635.577,561.446,479.85,403.773,338.775,285.639,243.031,209.045,181.865,159.982,142.205,127.622,115.538,105.425,96.8784,89.5903,83.3209,77.8836,73.1317,68.949,65.2428,61.9381,58.9745,56.3025,53.8815,51.6777,49.6633,47.8146,46.1121,44.5388,43.0807,41.7255,40.4627,39.2832,38.1793,37.1439,36.1712,35.2557,34.393,33.5787,32.8092,32.0812,31.3918,30.7383,30.1182,29.5295,28.9701,28.4382,27.9322,27.4506,26.992,26.555,26.1386,25.7417,25.3631,25.002,24.6575,24.3288,24.015,23.7155,23.4297,23.1567,22.8961,22.6473,22.4098,22.1829,21.9664,21.7596,21.5621,21.3736,21.1937,21.022,20.8581,20.7018,20.5527,20.4106,20.2752,20.1463,20.0236,19.907,19.7964,19.6915,19.5923,19.4986,19.4105,19.3278,19.2505,19.1786,19.1122,19.0512,18.9958,18.9458,18.9015,18.8628,18.8298,18.8024,18.7806,18.7644,18.7536,18.7479,18.747,18.7504,18.7575,18.7674,18.7792,18.7916,18.8031,18.8122,18.8171,18.8158,18.8063,18.7867,18.755,18.7096,18.6492,18.5728,18.4799,18.3705,18.2452,18.105,17.9512,17.7855,17.6097,17.4258,17.2357,17.0413,16.8443,16.6462,16.4484,16.2519,16.0578,15.8667,15.6792,15.4957,15.3164,15.1414,14.971,14.8049,14.6433,14.4858,14.3325,14.1832,14.0376,13.8957,13.7572,13.6219,13.4897,13.3604,
 ,-124,15.1831,15.2435,15.3026,15.3602,15.4166,15.4716,15.5252,15.5776,15.6287,15.6785,15.7271,15.7745,15.8208,15.8659,15.91,15.9531,15.9952,16.0364,16.0767,16.1163,16.1552,16.1934,16.231,16.2681,16.3048,16.3412,16.3773,16.4132,16.4489,16.4847,16.5206,16.5566,16.5929,16.6296,16.6668,16.7045,16.7428,16.782,16.822,16.863,16.9051,16.9483,16.9929,17.0389,17.0865,17.1357,17.1866,17.2395,17.2944,17.3514,17.4106,17.4722,17.5364,17.6032,17.6728,17.7453,17.8208,17.8995,17.9816,18.0672,18.1564,18.2494,18.3464,18.4475,18.553,18.6628,18.7774,18.8968,19.0212,19.1509,19.286,19.4268,19.5735,19.7263,19.8855,20.0513,20.224,20.4039,20.5913,20.7864,20.9896,21.2012,21.4216,21.6512,21.8903,22.1394,22.3989,22.6693,22.951,23.2446,23.5507,23.8697,24.2024,24.5495,24.9116,25.2895,25.684,26.096,26.5265,26.9764,27.4469,27.9392,28.4546,28.9944,29.5602,30.1537,30.7768,31.4313,32.1196,32.8442,33.6077,34.4132,35.264,36.1641,37.1177,38.1296,39.2053,40.3512,41.5743,42.8829,44.2866,45.7965,47.4254,49.1884,51.1035,53.1917,55.4783,57.9935,60.7739,63.8638,67.3174,71.2017,75.5998,80.6157,86.381,93.0633,100.879,110.108,121.119,134.404,150.618,170.651,195.712,227.446,268.066,320.443,387.987,473.85,578.517,694.704,801.067,863.815,856.367,782.353,671.907,556.982,455.764,373.569,309.151,259.22,220.448,190.094,166.064,146.806,131.179,118.344,107.68,98.7231,91.1225,84.6116,78.9846,74.0816,69.7767,65.9703,62.5826,59.5492,56.818,54.3462,52.0985,50.0456,48.1631,46.4305,44.8305,43.3483,41.9713,40.6888,39.4914,38.371,37.3205,36.3339,35.4056,34.531,33.7057,32.9261,32.1886,31.4904,30.8287,30.2011,29.6053,29.0393,28.5013,27.9897,27.5028,27.0392,26.5978,26.1772,25.7763,25.3942,25.0298,24.6823,24.3509,24.0346,23.7329,23.445,23.1703,22.9081,22.6578,22.4191,22.1912,21.9737,21.7662,21.5681,21.3792,21.1989,21.027,20.863,20.7067,20.5578,20.4158,20.2808,20.1522,20.0301,19.9141,19.8042,19.7001,19.6019,19.5094,19.4225,19.3413,19.2658,19.1959,19.1318,19.0735,19.0211,18.9747,18.9345,18.9004,18.8727,18.8514,18.8366,18.8282,18.8261,18.8303,18.8403,18.8557,18.8759,18.9,18.9269,18.9552,18.9833,19.0092,19.0307,19.0454,19.0507,19.0443,19.0235,18.9862,18.9307,18.8557,18.7605,18.6453,18.5107,18.358,18.1891,18.0062,17.8116,17.6078,17.3974,17.1827,16.9657,16.7483,16.5321,16.3183,16.108,15.9019,15.7006,15.5044,15.3136,15.1282,14.9483,14.7737,14.6044,14.4401,14.2806,14.1257,13.9752,13.8288,13.6864,13.5476,13.4123,13.2803,
 ,-125,14.9757,15.0356,15.0943,15.1517,15.2078,15.2626,15.3163,15.3687,15.4199,15.4699,15.5188,15.5666,15.6134,15.6591,15.7038,15.7476,15.7906,15.8327,15.874,15.9146,15.9546,15.994,16.0329,16.0714,16.1095,16.1473,16.1849,16.2224,16.2598,16.2973,16.3349,16.3727,16.4108,16.4494,16.4884,16.5281,16.5684,16.6096,16.6516,16.6947,16.7389,16.7843,16.831,16.8792,16.9289,16.9803,17.0335,17.0885,17.1456,17.2049,17.2664,17.3303,17.3968,17.4659,17.5377,17.6125,17.6904,17.7715,17.8559,17.9439,18.0354,18.1308,18.2302,18.3338,18.4416,18.5539,18.671,18.7929,18.9198,19.052,19.1897,19.3331,19.4825,19.638,19.7999,19.9685,20.1441,20.3268,20.5171,20.7153,20.9216,21.1364,21.3601,21.5931,21.8357,22.0884,22.3516,22.6258,22.9115,23.2092,23.5196,23.8431,24.1805,24.5324,24.8996,25.2828,25.6828,26.1007,26.5372,26.9935,27.4708,27.9701,28.4929,29.0405,29.6145,30.2167,30.8489,31.5131,32.2116,32.947,33.7219,34.5395,35.4033,36.317,37.2852,38.3126,39.4049,40.5684,41.8106,43.1397,44.5654,46.0992,47.7541,49.5456,51.4919,53.6148,55.9402,58.4991,61.3293,64.4765,67.997,71.9604,76.4535,81.5854,87.4949,94.3596,102.41,111.949,123.377,137.235,154.255,175.45,202.23,236.571,281.246,340.072,418.02,520.617,651.203,803.525,949.908,1039.29,1028.4,923.441,772.928,623.831,498.694,401.191,327.269,271.431,228.928,196.164,170.537,150.193,133.81,120.435,109.377,100.126,92.302,85.6179,79.8543,74.8415,70.4472,66.5667,63.1168,60.0307,57.2541,54.7428,52.4604,50.3769,48.4671,46.71,45.0878,43.5855,42.1901,40.8908,39.6779,38.5432,37.4795,36.4807,35.5411,34.6559,33.8209,33.0321,32.2862,31.58,30.911,30.2764,29.6742,29.1023,28.5588,28.0419,27.5503,27.0823,26.6368,26.2124,25.8081,25.4228,25.0555,24.7054,24.3715,24.0532,23.7495,23.4599,23.1837,22.9202,22.6689,22.4292,22.2006,21.9825,21.7746,21.5762,21.3871,21.2068,21.035,20.8712,20.7152,20.5666,20.4252,20.2906,20.1628,20.0413,19.9262,19.8172,19.7142,19.6171,19.526,19.4406,19.3611,19.2875,19.2199,19.1583,19.1029,19.0539,19.0114,18.9756,18.9467,18.9249,18.9103,18.9032,18.9036,18.9115,18.9269,18.9495,18.9789,19.0145,19.0555,19.1005,19.1482,19.1965,19.2431,19.2853,19.3203,19.3447,19.3552,19.3487,19.3222,19.2735,19.2008,19.1033,18.981,18.8349,18.6668,18.4792,18.2749,18.0572,17.8293,17.5944,17.3552,17.1145,16.8744,16.6368,16.403,16.1741,15.951,15.7341,15.5238,15.3202,15.1234,14.9331,14.7493,14.5717,14.4,14.2339,14.0731,13.9174,13.7664,13.6198,13.4774,13.3388,13.2039,
 ,-126,14.774,14.8335,14.8918,14.9489,15.0047,15.0595,15.113,15.1655,15.2168,15.267,15.3162,15.3644,15.4116,15.4578,15.5032,15.5477,15.5914,15.6343,15.6766,15.7182,15.7593,15.7998,15.8399,15.8796,15.919,15.9582,15.9972,16.0362,16.0752,16.1143,16.1535,16.193,16.2329,16.2732,16.3141,16.3556,16.3978,16.4409,16.4849,16.5299,16.5761,16.6235,16.6722,16.7225,16.7743,16.8278,16.8831,16.9403,16.9995,17.0609,17.1246,17.1907,17.2593,17.3306,17.4047,17.4817,17.5618,17.6451,17.7318,17.822,17.9158,18.0135,18.1152,18.2211,18.3312,18.4459,18.5653,18.6896,18.819,18.9536,19.0938,19.2397,19.3916,19.5497,19.7142,19.8855,20.0638,20.2493,20.4425,20.6435,20.8528,21.0707,21.2975,21.5337,21.7796,22.0358,22.3025,22.5804,22.8699,23.1716,23.486,23.8138,24.1556,24.5121,24.8841,25.2723,25.6776,26.1009,26.5432,27.0056,27.4891,27.9951,28.5248,29.0797,29.6614,30.2717,30.9123,31.5855,32.2934,33.0387,33.824,34.6527,35.528,36.4541,37.4351,38.4762,39.583,40.7619,42.0203,43.3667,44.8109,46.3642,48.04,49.854,51.8245,53.9735,56.3273,58.9174,61.7819,64.9674,68.5313,72.5442,77.095,82.2951,88.2868,95.253,103.432,113.136,124.784,138.94,156.38,178.18,205.858,241.577,288.428,350.79,434.611,547.02,693.53,869.264,1042.92,1151.09,1137.7,1011.04,833.514,662.52,522.819,416.399,337.135,278.066,233.565,199.527,173.063,152.153,135.375,121.717,110.45,101.042,93.0965,86.3161,80.4747,75.3979,70.9498,67.0236,63.5342,60.4134,57.6061,55.0674,52.7604,50.6545,48.7243,46.9484,45.3089,43.7906,42.3805,41.0673,39.8416,38.6949,37.6201,36.6108,35.6615,34.7672,33.9235,33.1267,32.3733,31.6601,30.9845,30.3439,29.7359,29.1587,28.6102,28.0888,27.5929,27.121,26.6718,26.2441,25.8367,25.4487,25.0789,24.7265,24.3907,24.0705,23.7653,23.4744,23.197,22.9326,22.6805,22.4402,22.2112,21.9929,21.7848,21.5865,21.3975,21.2175,21.0461,20.8828,20.7273,20.5794,20.4387,20.305,20.178,20.0576,19.9435,19.8357,19.734,19.6383,19.5486,19.465,19.3874,19.3159,19.2507,19.1919,19.1397,19.0943,19.0559,19.025,19.0017,18.9863,18.9792,18.9806,18.9908,19.01,19.0381,19.0751,19.1207,19.1744,19.2353,19.3021,19.3731,19.4461,19.5184,19.5867,19.6473,19.6961,19.7287,19.7409,19.7289,19.6895,19.6203,19.5201,19.3892,19.2288,19.0414,18.8303,18.5995,18.3531,18.0955,17.8307,17.5621,17.2931,17.0262,16.7635,16.5065,16.2564,16.014,15.7797,15.5537,15.3361,15.1266,14.9252,14.7314,14.5448,14.3652,14.1921,14.0252,13.8639,13.708,13.5571,13.4109,13.2689,13.1311,
 ,-127,14.5779,14.6369,14.6948,14.7515,14.8072,14.8618,14.9153,14.9677,15.0192,15.0696,15.119,15.1676,15.2152,15.2619,15.3078,15.353,15.3974,15.4412,15.4843,15.5268,15.5689,15.6105,15.6517,15.6926,15.7333,15.7738,15.8142,15.8545,15.895,15.9356,15.9764,16.0175,16.059,16.101,16.1436,16.1868,16.2308,16.2757,16.3216,16.3685,16.4165,16.4659,16.5166,16.5688,16.6225,16.678,16.7353,16.7946,16.8559,16.9193,16.9851,17.0532,17.1239,17.1973,17.2735,17.3527,17.4349,17.5203,17.6092,17.7015,17.7976,17.8974,18.0013,18.1094,18.2218,18.3387,18.4604,18.5869,18.7186,18.8556,18.9981,19.1464,19.3008,19.4613,19.6284,19.8022,19.983,20.1713,20.3671,20.5709,20.7831,21.0039,21.2337,21.4729,21.7221,21.9814,22.2516,22.5329,22.826,23.1315,23.4498,23.7816,24.1276,24.4885,24.865,25.2579,25.6682,26.0966,26.5443,27.0123,27.5017,28.0138,28.55,29.1117,29.7005,30.3182,30.9666,31.6479,32.3644,33.1186,33.9134,34.7519,35.6376,36.5744,37.5668,38.6197,39.7389,40.9307,42.2025,43.5629,45.0217,46.5902,48.2817,50.1119,52.0993,54.2656,56.6372,59.2454,62.1285,65.3328,68.9155,72.9474,77.5168,82.735,88.7439,95.7259,103.918,113.633,125.286,139.442,156.87,178.642,206.268,241.893,288.582,350.666,434.004,545.581,690.695,864.312,1035.43,1141.82,1128.66,1004.06,829.042,660.009,521.559,415.875,337.032,278.204,233.841,199.881,173.46,152.571,135.8,122.141,110.867,101.448,93.4886,86.6934,80.8362,75.7431,71.2787,67.3361,63.8305,60.694,57.8713,55.3177,52.9963,50.8765,48.9329,47.1443,45.4926,43.9626,42.5413,41.2175,39.9817,38.8254,37.7415,36.7236,35.766,34.864,34.0131,33.2094,32.4495,31.7303,31.0489,30.403,29.79,29.2081,28.6553,28.1299,27.6302,27.1549,26.7026,26.272,25.8621,25.4717,25.0998,24.7456,24.4081,24.0865,23.7802,23.4882,23.2101,22.9451,22.6926,22.4521,22.223,22.0048,21.7969,21.599,21.4105,21.2311,21.0604,20.8979,20.7433,20.5964,20.4567,20.3241,20.1983,20.0791,19.9664,19.8599,19.7597,19.6656,19.5776,19.4958,19.4203,19.3511,19.2885,19.2326,19.1838,19.1422,19.1084,19.0826,19.0653,19.0569,19.0579,19.0688,19.0899,19.1215,19.1641,19.2175,19.2818,19.3565,19.4408,19.5335,19.6328,19.7361,19.8403,19.9413,20.0345,20.1146,20.176,20.2131,20.2204,20.1936,20.1296,20.0266,19.8848,19.7062,19.4942,19.2534,18.9891,18.7069,18.4125,18.111,17.8069,17.504,17.2054,16.9134,16.6296,16.3553,16.0911,15.8372,15.5939,15.3607,15.1376,14.924,14.7194,14.5234,14.3354,14.1549,13.9814,13.8144,13.6534,13.498,13.3478,13.2023,13.0614,
 ,-128,14.3869,14.4455,14.503,14.5595,14.6149,14.6694,14.7228,14.7753,14.8268,14.8774,14.9271,14.9759,15.0239,15.0711,15.1176,15.1633,15.2084,15.2529,15.2969,15.3403,15.3833,15.4259,15.4682,15.5102,15.552,15.5938,15.6355,15.6772,15.719,15.761,15.8033,15.8459,15.889,15.9326,15.9768,16.0217,16.0674,16.114,16.1616,16.2103,16.2602,16.3113,16.3639,16.4179,16.4736,16.531,16.5902,16.6514,16.7146,16.78,16.8477,16.9179,16.9906,17.066,17.1442,17.2253,17.3096,17.3971,17.488,17.5824,17.6805,17.7824,17.8884,17.9986,18.1131,18.2322,18.356,18.4848,18.6187,18.7579,18.9027,19.0533,19.2099,19.3728,19.5422,19.7185,19.9018,20.0926,20.291,20.4975,20.7123,20.9359,21.1685,21.4107,21.6628,21.9253,22.1986,22.4832,22.7798,23.0887,23.4107,23.7463,24.0962,24.4612,24.842,25.2393,25.6542,26.0875,26.5402,27.0134,27.5083,28.0261,28.5682,29.1361,29.7314,30.3558,31.0114,31.7,32.4242,33.1865,33.9896,34.8367,35.7314,36.6776,37.6796,38.7424,39.8718,41.074,42.3564,43.7276,45.1971,46.7762,48.4782,50.3185,52.3153,54.4901,56.8688,59.4823,62.368,65.5716,69.1489,73.169,77.7181,82.9046,88.8659,95.7784,103.871,113.442,124.889,138.745,155.734,176.853,203.486,237.568,281.799,339.873,416.549,517.021,644.194,791.595,932.363,1017.92,1007.5,906.952,762.044,617.564,495.523,399.912,327.107,271.922,229.799,197.252,171.743,151.456,135.09,121.709,110.627,101.343,93.4779,86.7488,80.9376,75.8761,71.4325,67.5029,64.0047,60.8712,58.0485,55.4925,53.167,51.0419,49.0921,47.2967,45.6378,44.1005,42.6717,41.3406,40.0974,38.934,37.843,36.8183,35.8543,34.946,34.0891,33.2797,32.5144,31.7901,31.1039,30.4534,29.8362,29.2503,28.6938,28.1649,27.6621,27.1839,26.729,26.296,25.8839,25.4916,25.1181,24.7624,24.4237,24.1011,23.7939,23.5014,23.2229,22.9577,22.7052,22.4648,22.236,22.0182,21.811,21.6138,21.4262,21.2477,21.078,20.9167,20.7634,20.6177,20.4794,20.3482,20.2239,20.1062,19.995,19.8902,19.7916,19.6993,19.6132,19.5335,19.4602,19.3934,19.3335,19.2808,19.2354,19.198,19.1688,19.1485,19.1376,19.1367,19.1465,19.1676,19.2006,19.2462,19.3048,19.3769,19.4625,19.5616,19.6735,19.797,19.9303,20.0706,20.2143,20.3565,20.4914,20.6121,20.7112,20.7811,20.8145,20.8052,20.7485,20.6424,20.4869,20.2848,20.041,19.7619,19.4549,19.1275,18.7873,18.4406,18.0932,17.7497,17.4136,17.0873,16.7727,16.4707,16.1819,15.9063,15.6437,15.3937,15.1557,14.929,14.713,14.5069,14.3101,14.1218,13.9415,13.7684,13.6021,13.4421,13.2878,13.1388,12.9947,
 ,-129,14.2011,14.2592,14.3163,14.3725,14.4278,14.4821,14.5354,14.5879,14.6395,14.6902,14.7401,14.7893,14.8376,14.8853,14.9322,14.9785,15.0243,15.0695,15.1142,15.1584,15.2023,15.2458,15.2891,15.3322,15.3752,15.4181,15.461,15.5039,15.5471,15.5904,15.6341,15.6782,15.7227,15.7678,15.8136,15.8601,15.9074,15.9556,16.0049,16.0552,16.1068,16.1597,16.214,16.2699,16.3273,16.3865,16.4476,16.5106,16.5757,16.6429,16.7125,16.7846,16.8591,16.9364,17.0166,17.0997,17.1859,17.2753,17.3681,17.4645,17.5646,17.6685,17.7765,17.8887,18.0053,18.1264,18.2523,18.3831,18.5191,18.6604,18.8074,18.9601,19.1189,19.2841,19.4558,19.6344,19.8201,20.0132,20.2141,20.423,20.6404,20.8666,21.1019,21.3468,21.6018,21.8672,22.1435,22.4312,22.731,23.0432,23.3686,23.7078,24.0614,24.4302,24.8149,25.2164,25.6355,26.0732,26.5306,27.0086,27.5085,28.0315,28.5791,29.1526,29.7538,30.3843,31.0462,31.7415,32.4724,33.2417,34.0521,34.9067,35.809,36.763,37.7729,38.8437,39.9811,41.1912,42.4815,43.86,45.3365,46.9219,48.6292,50.4734,52.4723,54.647,57.0224,59.6285,62.5016,65.6855,69.234,73.2131,77.705,82.8125,88.6652,95.4286,103.315,112.601,123.649,136.939,153.114,173.04,197.891,229.256,269.254,320.607,386.49,469.726,570.462,681.417,782.249,841.408,834.348,764.452,659.599,549.668,452.075,372.248,309.303,260.264,222.024,191.978,168.115,148.934,133.327,120.474,109.767,100.751,93.0806,86.4936,80.7867,75.8019,71.4148,67.5265,64.0582,60.9461,58.1381,55.5919,53.2724,51.1503,49.2014,47.4052,45.7442,44.2038,42.7714,41.436,40.1882,39.02,37.9243,36.8947,35.9258,35.0127,34.1511,33.3373,32.5677,31.8392,31.1491,30.4948,29.8742,29.285,28.7254,28.1937,27.6884,27.2078,26.7507,26.3159,25.9021,25.5083,25.1335,24.7768,24.4373,24.1142,23.8066,23.5139,23.2354,22.9704,22.7182,22.4784,22.2503,22.0334,21.8271,21.631,21.4447,21.2676,21.0993,20.9395,20.7878,20.6437,20.5072,20.3777,20.2551,20.1392,20.0299,19.9269,19.8302,19.7399,19.6559,19.5783,19.5073,19.4431,19.3861,19.3365,19.2948,19.2616,19.2373,19.2228,19.2186,19.2256,19.2447,19.2768,19.3228,19.3836,19.4601,19.553,19.663,19.7901,19.9341,20.0942,20.2684,20.454,20.6466,20.8407,21.0289,21.2024,21.3514,21.4653,21.534,21.5487,21.5028,21.393,21.2197,20.9868,20.7013,20.3724,20.0103,19.6255,19.2276,18.8251,18.425,18.0327,17.6521,17.286,16.9358,16.6025,16.2861,15.9864,15.7027,15.4343,15.1803,14.9397,14.7115,14.4948,14.2887,14.0923,13.9049,13.7256,13.5539,13.3891,13.2306,13.0779,12.9306,
 ,-130,14.02,14.0777,14.1345,14.1904,14.2455,14.2996,14.3529,14.4054,14.457,14.5079,14.558,14.6074,14.6561,14.7041,14.7516,14.7984,14.8447,14.8906,14.936,14.981,15.0257,15.0702,15.1144,15.1585,15.2025,15.2465,15.2905,15.3347,15.3791,15.4237,15.4687,15.5141,15.5601,15.6066,15.6538,15.7018,15.7506,15.8004,15.8512,15.9032,15.9564,16.011,16.0669,16.1245,16.1836,16.2445,16.3073,16.3721,16.4389,16.508,16.5793,16.6532,16.7296,16.8087,16.8906,16.9755,17.0636,17.1549,17.2495,17.3478,17.4498,17.5556,17.6655,17.7796,17.8981,18.0211,18.149,18.2818,18.4197,18.5631,18.7121,18.8669,19.0278,19.1951,19.3689,19.5497,19.7376,19.933,20.1362,20.3475,20.5673,20.7959,21.0338,21.2813,21.5389,21.807,22.0861,22.3768,22.6795,22.9948,23.3234,23.6658,24.0229,24.3952,24.7835,25.1888,25.6119,26.0537,26.5153,26.9977,27.5021,28.0299,28.5823,29.161,29.7674,30.4033,31.0708,31.7718,32.5087,33.284,34.1005,34.9614,35.87,36.8302,37.8464,38.9233,40.0665,41.2821,42.5773,43.96,45.4397,47.0271,48.7346,50.5769,52.5711,54.7373,57.0995,59.6865,62.5325,65.6792,69.1772,73.0885,77.4895,82.4755,88.1655,94.71,102.3,111.181,121.671,134.181,149.251,167.587,190.113,218.016,252.783,296.141,349.783,414.593,488.992,566.336,632.902,670.494,666.089,621.402,551.41,473.841,400.952,338.202,286.55,244.884,211.474,184.632,162.928,145.228,130.653,118.531,108.35,99.7162,92.3275,85.9495,80.399,75.5318,71.2336,67.4126,63.9952,60.9214,58.1423,55.6174,53.3135,51.2026,49.2613,47.47,45.8118,44.2726,42.84,41.5035,40.2539,39.0834,37.9849,36.9522,35.9801,35.0638,34.1989,33.3818,32.6089,31.8773,31.1841,30.527,29.9036,29.3119,28.7499,28.216,27.7087,27.2263,26.7676,26.3314,25.9164,25.5216,25.1461,24.7888,24.4489,24.1256,23.8181,23.5256,23.2475,22.9831,22.7317,22.4929,22.2659,22.0502,21.8454,21.6509,21.4662,21.2908,21.1244,20.9665,20.8168,20.6748,20.5403,20.4129,20.2924,20.1786,20.0713,19.9704,19.8759,19.7877,19.7059,19.6306,19.5621,19.5006,19.4465,19.4001,19.3622,19.3332,19.314,19.3053,19.3081,19.3233,19.3523,19.396,19.4559,19.5333,19.6294,19.7456,19.8829,20.0421,20.2234,20.4265,20.6497,20.8903,21.1437,21.4032,21.6599,21.9024,22.1175,22.2908,22.4079,22.456,22.4255,22.3115,22.1146,21.8405,21.4996,21.105,20.6713,20.2126,19.742,19.2702,18.8058,18.3549,17.922,17.5095,17.1187,16.7499,16.4028,16.0765,15.7699,15.4816,15.2105,14.9551,14.7141,14.4864,14.2706,14.0659,13.8712,13.6856,13.5083,13.3386,13.1759,13.0195,12.8689,
 ,-131,13.8436,13.901,13.9574,14.013,14.0679,14.1219,14.1751,14.2275,14.2792,14.3302,14.3805,14.4301,14.4791,14.5275,14.5754,14.6227,14.6696,14.7161,14.7621,14.8079,14.8534,14.8987,14.9438,14.9888,15.0338,15.0788,15.124,15.1693,15.2148,15.2606,15.3069,15.3536,15.4008,15.4487,15.4973,15.5467,15.597,15.6483,15.7006,15.7541,15.8088,15.8649,15.9225,15.9816,16.0424,16.1049,16.1694,16.2358,16.3043,16.375,16.4481,16.5236,16.6017,16.6826,16.7662,16.8529,16.9427,17.0357,17.1322,17.2322,17.336,17.4436,17.5553,17.6712,17.7915,17.9164,18.0461,18.1808,18.3206,18.4659,18.6168,18.7736,18.9365,19.1057,19.2816,19.4644,19.6544,19.8519,20.0573,20.2708,20.4928,20.7238,20.964,21.2139,21.474,21.7446,22.0264,22.3197,22.6252,22.9434,23.2749,23.6204,23.9805,24.3561,24.7478,25.1565,25.5832,26.0287,26.4941,26.9805,27.489,28.021,28.5778,29.1609,29.7719,30.4126,31.0848,31.7908,32.5327,33.313,34.1346,35.0005,35.914,36.879,37.8997,38.9809,40.1277,41.3464,42.6438,44.0277,45.507,47.0922,48.7952,50.63,52.6129,54.763,57.103,59.6598,62.4658,65.5595,68.9878,72.8077,77.089,81.9175,87.3997,93.6686,100.891,109.276,119.091,130.673,144.451,160.966,180.891,205.038,234.332,269.694,311.754,360.257,413.069,465.022,507.553,530.756,528.064,500.305,455.116,402.393,350.061,302.625,261.777,227.551,199.233,175.889,156.613,140.617,127.255,116.007,106.463,98.2993,91.2613,85.147,79.7965,75.0819,70.9007,67.1699,63.822,60.802,58.0644,55.5715,53.2921,51.1998,49.2726,47.4916,45.8409,44.3068,42.8776,41.5431,40.2944,39.1238,38.0246,36.9908,36.0172,35.099,34.2321,33.4129,32.6379,31.9041,31.2088,30.5497,29.9243,29.3307,28.7671,28.2317,27.7229,27.2393,26.7795,26.3424,25.9267,25.5315,25.1556,24.7982,24.4584,24.1354,23.8283,23.5365,23.2593,22.9959,22.7458,22.5083,22.2829,22.069,21.866,21.6735,21.4909,21.3178,21.1537,20.9981,20.8508,20.7113,20.5792,20.4543,20.3362,20.2248,20.1199,20.0214,19.9292,19.8434,19.764,19.6911,19.6251,19.5663,19.5151,19.472,19.4378,19.4131,19.3989,19.3961,19.406,19.4297,19.4688,19.5248,19.5995,19.6946,19.812,19.9538,20.1216,20.317,20.5412,20.7945,21.076,21.3834,21.7118,22.0538,22.3986,22.7316,23.0352,23.2894,23.4733,23.5683,23.56,23.441,23.2121,22.8821,22.4663,21.9841,21.4562,20.9023,20.3396,19.7816,19.2387,18.7179,18.2233,17.7572,17.3202,16.9118,16.5307,16.1754,15.844,15.5346,15.2453,14.9744,14.7201,14.4808,14.2552,14.0419,13.8398,13.6478,13.4649,13.2903,13.1233,12.9631,12.8093,
 ,-132,13.6718,13.7287,13.7848,13.8401,13.8947,13.9486,14.0017,14.0541,14.1059,14.157,14.2074,14.2573,14.3066,14.3553,14.4036,14.4514,14.4988,14.5458,14.5925,14.6389,14.6852,14.7312,14.7772,14.8231,14.869,14.915,14.9612,15.0075,15.0541,15.1011,15.1486,15.1965,15.245,15.2941,15.344,15.3948,15.4464,15.4991,15.5528,15.6078,15.664,15.7215,15.7806,15.8412,15.9035,15.9676,16.0336,16.1016,16.1717,16.244,16.3187,16.3958,16.4756,16.558,16.6434,16.7317,16.8231,16.9178,17.016,17.1177,17.2231,17.3324,17.4458,17.5635,17.6855,17.8122,17.9436,18.08,18.2217,18.3688,18.5215,18.6801,18.8448,19.0159,19.1937,19.3785,19.5704,19.7699,19.9773,20.1929,20.417,20.6501,20.8925,21.1447,21.407,21.68,21.9642,22.26,22.568,22.8888,23.223,23.5712,23.9342,24.3127,24.7075,25.1193,25.5492,25.998,26.4668,26.9567,27.4689,28.0045,28.5651,29.1521,29.7671,30.4118,31.0881,31.7982,32.5441,33.3285,34.154,35.0237,35.9409,36.9092,37.9328,39.0163,40.1648,41.3843,42.6812,44.0632,45.5389,47.118,48.812,50.6342,52.5997,54.7267,57.0363,59.5535,62.3079,65.3351,68.6775,72.3866,76.5245,81.167,86.407,92.3583,99.1617,106.991,116.06,126.633,139.034,153.652,170.94,191.403,215.538,243.717,275.952,311.51,348.41,383.001,410.151,424.543,422.866,405.525,376.402,340.917,303.959,268.836,237.257,209.778,186.298,166.41,149.609,135.399,123.335,113.041,104.204,96.5702,89.9322,84.1227,79.006,74.4719,70.4308,66.8093,63.547,60.5941,57.9092,55.4578,53.2109,51.1441,49.2367,47.4711,45.8322,44.3071,42.8846,41.555,40.3097,39.1414,38.0435,37.0103,36.0367,35.1182,34.2506,33.4305,32.6544,31.9195,31.223,30.5626,29.9361,29.3414,28.7767,28.2404,27.7308,27.2465,26.7862,26.3488,25.9329,25.5376,25.1619,24.8049,24.4657,24.1434,23.8372,23.5466,23.2706,23.0088,22.7604,22.5248,22.3014,22.0897,21.8891,21.6991,21.5191,21.3487,21.1874,21.0347,20.8903,20.7536,20.6245,20.5024,20.3872,20.2786,20.1764,20.0805,19.9909,19.9076,19.8307,19.7603,19.6969,19.6408,19.5925,19.5526,19.522,19.5015,19.4922,19.4953,19.5122,19.5445,19.594,19.6626,19.7526,19.8664,20.0067,20.1761,20.3774,20.6134,20.8863,21.1977,21.5481,21.9358,22.3565,22.8023,23.2603,23.7125,24.1351,24.5001,24.7775,24.9391,24.963,24.8378,24.5647,24.1574,23.6391,23.0388,22.3862,21.7088,21.029,20.3641,19.7258,19.1216,18.5552,18.0277,17.5386,17.0862,16.6679,16.2813,15.9235,15.5917,15.2835,14.9965,14.7285,14.4775,14.2418,14.0198,13.8102,13.6117,13.4232,13.2437,13.0724,12.9086,12.7515,
 ,-133,13.5042,13.5607,13.6165,13.6716,13.726,13.7797,13.8327,13.8851,13.9369,13.988,14.0386,14.0887,14.1382,14.1873,14.2359,14.2841,14.332,14.3796,14.4269,14.4739,14.5209,14.5677,14.6144,14.6611,14.7079,14.7548,14.8019,14.8493,14.897,14.945,14.9936,15.0426,15.0923,15.1427,15.1938,15.2458,15.2988,15.3527,15.4078,15.4641,15.5217,15.5807,15.6411,15.7032,15.767,15.8325,15.9,15.9694,16.041,16.1149,16.1911,16.2698,16.351,16.435,16.5219,16.6118,16.7048,16.8011,16.9008,17.0041,17.1112,17.2221,17.3371,17.4564,17.58,17.7083,17.8414,17.9795,18.1228,18.2716,18.426,18.5863,18.7528,18.9257,19.1052,19.2917,19.4855,19.6869,19.8961,20.1136,20.3397,20.5748,20.8192,21.0734,21.3379,21.613,21.8994,22.1974,22.5078,22.8309,23.1676,23.5183,23.8839,24.265,24.6624,25.0771,25.5098,25.9615,26.4333,26.9263,27.4416,27.9804,28.5443,29.1345,29.7528,30.4008,31.0804,31.7937,32.5429,33.3303,34.1587,35.031,35.9504,36.9206,37.9455,39.0296,40.1778,41.3958,42.6898,44.0671,45.5359,47.1054,48.7864,50.5912,52.5342,54.632,56.904,59.3733,62.0667,65.0161,68.2597,71.8427,75.8196,80.2557,85.2297,90.8369,97.1922,104.434,112.728,122.273,133.298,146.066,160.858,177.949,197.55,219.709,244.151,270.056,295.841,319.061,336.676,345.795,344.708,333.618,314.546,290.486,264.401,238.571,214.421,192.649,173.456,156.753,142.311,129.85,119.09,109.773,101.675,94.6024,88.3944,82.9165,78.0571,73.7241,69.8407,66.3436,63.1797,60.305,57.6823,55.2804,53.0731,51.0378,49.1556,47.4099,45.7869,44.2743,42.8616,41.5395,40.3001,39.1361,38.0415,37.0107,36.0387,35.1213,34.2543,33.4344,32.6583,31.9232,31.2265,30.5657,29.9388,29.3437,28.7787,28.242,27.7323,27.2479,26.7877,26.3504,25.9349,25.5401,25.165,24.8088,24.4706,24.1495,23.8448,23.5558,23.2817,23.0218,22.7756,22.5424,22.3216,22.1126,21.9149,21.7279,21.5511,21.384,21.226,21.0767,20.9357,20.8025,20.6767,20.558,20.446,20.3406,20.2414,20.1485,20.0617,19.9811,19.9068,19.839,19.7782,19.7247,19.6792,19.6425,19.6153,19.5988,19.5942,19.6029,19.6267,19.6673,19.7271,19.8085,19.9142,20.0474,20.2116,20.4105,20.6482,20.9288,21.2562,21.6341,22.0646,22.5481,23.0815,23.6571,24.2605,24.8695,25.4526,25.9708,26.38,26.6374,26.7086,26.5755,26.2401,25.724,25.0636,24.3024,23.4838,22.6457,21.8176,21.0204,20.2671,19.5645,18.9151,18.3181,17.7711,17.2704,16.8121,16.3921,16.0065,15.6514,15.3237,15.0201,14.7382,14.4753,14.2295,13.9989,13.7818,13.5768,13.3828,13.1985,13.023,12.8555,12.6952,
 ,-134,13.3407,13.3969,13.4523,13.5072,13.5614,13.6149,13.6678,13.7202,13.772,13.8232,13.8739,13.9242,13.9739,14.0233,14.0723,14.1209,14.1692,14.2173,14.2651,14.3128,14.3603,14.4078,14.4553,14.5028,14.5504,14.5982,14.6462,14.6945,14.7432,14.7922,14.8418,14.892,14.9427,14.9943,15.0466,15.0998,15.1539,15.2091,15.2655,15.323,15.3819,15.4422,15.504,15.5675,15.6326,15.6995,15.7684,15.8393,15.9123,15.9875,16.0652,16.1453,16.228,16.3135,16.4019,16.4932,16.5877,16.6855,16.7867,16.8915,17,17.1125,17.229,17.3498,17.475,17.6048,17.7394,17.8791,18.024,18.1743,18.3303,18.4922,18.6603,18.8348,19.016,19.2042,19.3997,19.6028,19.8137,20.033,20.2608,20.4977,20.744,21.0001,21.2665,21.5436,21.8319,22.132,22.4444,22.7697,23.1085,23.4615,23.8293,24.2128,24.6126,25.0296,25.4648,25.9191,26.3935,26.889,27.4069,27.9485,28.5149,29.1079,29.7288,30.3794,31.0616,31.7773,32.5287,33.3182,34.1484,35.0222,35.9426,36.9132,37.9379,39.0208,40.1668,41.3812,42.6701,44.0401,45.4991,47.0557,48.72,50.5034,52.4191,54.4824,56.7111,59.1256,61.7503,64.6135,67.7485,71.1948,74.9988,79.2157,83.9108,89.1614,95.0585,101.709,109.236,117.78,127.497,138.548,151.09,165.244,181.046,198.383,216.886,235.825,254.024,269.882,281.587,287.524,286.78,279.46,266.656,250.061,231.471,212.415,193.981,176.821,161.247,147.339,135.037,124.209,114.697,106.336,98.9722,92.4678,86.7015,81.5687,76.9806,72.8616,69.1482,65.7863,62.7307,59.9427,57.3899,55.0444,52.8825,50.884,49.0314,47.3099,45.7063,44.2093,42.8092,41.4973,40.2659,39.1085,38.019,36.9921,36.0233,35.1082,34.2431,33.4246,32.6496,31.9153,31.2191,30.5588,29.9323,29.3375,28.7728,28.2365,27.7272,27.2433,26.7837,26.3471,25.9324,25.5386,25.1648,24.8099,24.4732,24.1539,23.8511,23.5641,23.2923,23.035,22.7915,22.5612,22.3436,22.1379,21.9437,21.7603,21.5872,21.424,21.27,21.1247,20.9877,20.8584,20.7366,20.6217,20.5135,20.4117,20.316,20.2263,20.1426,20.0649,19.9933,19.9282,19.8699,19.819,19.7761,19.7422,19.7181,19.7053,19.705,19.719,19.7492,19.7979,19.8677,19.9616,20.083,20.2359,20.4247,20.6544,20.9307,21.2594,21.6469,22.0993,22.6218,23.2177,23.8869,24.6232,25.412,26.2267,27.0269,27.7577,28.3544,28.7506,28.8918,28.7484,28.3236,27.6525,26.7928,25.8112,24.771,23.7245,22.7094,21.75,20.8593,20.0422,19.2983,18.6238,18.0133,17.4608,16.96,16.5051,16.0907,15.7118,15.3642,15.044,14.7481,14.4734,14.2176,13.9784,13.754,13.5427,13.3432,13.1542,12.9746,12.8035,12.6401,
 ,-135,13.1813,13.237,13.2922,13.3468,13.4007,13.4541,13.507,13.5593,13.611,13.6623,13.7132,13.7636,13.8136,13.8632,13.9125,13.9615,14.0102,14.0587,14.1071,14.1553,14.2034,14.2516,14.2997,14.348,14.3964,14.445,14.4938,14.543,14.5926,14.6426,14.6932,14.7443,14.7961,14.8487,14.9021,14.9565,15.0118,15.0681,15.1257,15.1845,15.2446,15.3061,15.3692,15.4339,15.5003,15.5686,15.6387,15.711,15.7853,15.8619,15.9409,16.0224,16.1065,16.1934,16.2831,16.3758,16.4717,16.5709,16.6735,16.7797,16.8897,17.0035,17.1215,17.2437,17.3703,17.5016,17.6377,17.7788,17.9251,18.0769,18.2344,18.3978,18.5674,18.7434,18.9261,19.1158,19.3129,19.5175,19.73,19.9509,20.1804,20.4189,20.6668,20.9246,21.1927,21.4716,21.7617,22.0636,22.3779,22.705,23.0457,23.4006,23.7705,24.1559,24.5578,24.9769,25.4142,25.8706,26.3471,26.8448,27.3648,27.9085,28.4771,29.0721,29.695,30.3475,31.0314,31.7487,32.5015,33.2921,34.1231,34.9972,35.9174,36.8871,37.91,38.9902,40.1322,41.3411,42.6226,43.983,45.4296,46.9704,48.6148,50.3732,52.2577,54.2822,56.4626,58.8173,61.3676,64.1384,67.1585,70.4613,74.0861,78.0784,82.491,87.3849,92.8302,98.9059,105.7,113.307,121.825,131.343,141.93,153.613,166.336,179.919,193.999,207.985,221.033,232.1,240.086,244.061,243.516,238.512,229.662,217.953,204.491,190.291,176.148,162.607,149.991,138.45,128.019,118.661,110.299,102.839,96.1814,90.2322,84.9039,80.1182,75.8061,71.9077,68.371,65.1515,62.2108,59.5159,57.0387,54.7548,52.6432,50.6857,48.8668,47.1728,45.5918,44.1134,42.7285,41.429,40.2078,39.0587,37.976,36.9548,35.9905,35.0791,34.2171,33.4011,32.6281,31.8955,31.2008,30.5418,29.9164,29.3227,28.759,28.2237,27.7154,27.2326,26.7742,26.3388,25.9255,25.5333,25.1611,24.8081,24.4734,24.1563,23.8559,23.5716,23.3027,23.0484,22.8082,22.5815,22.3675,22.1658,21.9757,21.7966,21.6279,21.4692,21.3198,21.1792,21.0469,20.9223,20.805,20.6946,20.5907,20.493,20.4011,20.3151,20.2347,20.1601,20.0914,20.029,19.9731,19.9246,19.8841,19.8526,19.8313,19.8216,19.8251,19.8438,19.8798,19.9359,20.0151,20.1209,20.2576,20.4298,20.6433,20.9044,21.2206,21.6001,22.0521,22.5862,23.2119,23.9373,24.7671,25.6995,26.7215,27.8039,28.8959,29.922,30.7864,31.3857,31.6313,31.474,30.919,30.0246,28.8838,27.5997,26.2649,24.95,23.702,22.5467,21.4948,20.5468,19.6974,18.9383,18.2599,17.6527,17.1078,16.6171,16.1735,15.7706,15.4032,15.0666,14.7569,14.4707,14.2051,13.9576,13.7261,13.5088,13.304,13.1104,12.9269,12.7524,12.586,
 ,-136,13.0256,13.0811,13.1359,13.1902,13.244,13.2972,13.3499,13.4022,13.454,13.5053,13.5562,13.6068,13.6569,13.7068,13.7564,13.8057,13.8548,13.9038,13.9526,14.0013,14.0501,14.0988,14.1476,14.1965,14.2456,14.295,14.3446,14.3946,14.4451,14.496,14.5475,14.5996,14.6524,14.706,14.7605,14.8158,14.8722,14.9297,14.9884,15.0483,15.1096,15.1723,15.2366,15.3025,15.3701,15.4396,15.511,15.5845,15.6601,15.738,15.8182,15.901,15.9864,16.0745,16.1656,16.2596,16.3568,16.4573,16.5612,16.6687,16.78,16.8952,17.0145,17.138,17.266,17.3986,17.536,17.6785,17.8262,17.9793,18.1382,18.3029,18.4739,18.6513,18.8354,19.0265,19.2249,19.431,19.645,19.8673,20.0982,20.3382,20.5876,20.847,21.1166,21.397,21.6887,21.9922,22.308,22.6368,22.9791,23.3357,23.7072,24.0943,24.4979,24.9187,25.3577,25.8158,26.294,26.7934,27.3151,27.8604,28.4305,29.027,29.6512,30.305,30.9899,31.708,32.4613,33.2521,34.0828,34.9561,35.8748,36.8424,37.8621,38.938,40.0744,41.2759,42.5481,43.8967,45.3286,46.8511,48.4728,50.2032,52.0534,54.0356,56.1641,58.4551,60.9272,63.6018,66.5034,69.6602,73.1044,76.8728,81.0072,85.5546,90.5671,96.1011,102.216,108.972,116.423,124.609,133.546,143.204,153.486,164.198,175.024,185.503,195.04,202.949,208.544,211.274,210.844,207.292,200.978,192.497,182.548,171.806,160.843,150.09,139.836,130.25,121.413,113.34,106.009,99.373,93.3745,87.9525,83.0466,78.6002,74.5615,70.884,67.5264,64.4526,61.6307,59.033,56.6355,54.417,52.3594,50.4465,48.6645,47.001,45.4452,43.9878,42.6204,41.3354,40.1263,38.9873,37.9131,36.8989,35.9405,35.0341,34.1762,33.3638,32.5939,31.864,31.1716,30.5147,29.8911,29.2992,28.7372,28.2036,27.6969,27.2157,26.759,26.3255,25.9141,25.5239,25.1539,24.8033,24.4711,24.1567,23.8594,23.5782,23.3127,23.0621,22.8259,22.6032,22.3937,22.1965,22.0112,21.8371,21.6736,21.5202,21.3762,21.241,21.1141,20.995,20.883,20.7777,20.6787,20.5857,20.4982,20.4162,20.3395,20.2682,20.2025,20.1426,20.0892,20.0428,20.0043,19.9749,19.9558,19.9486,19.9551,19.9776,20.0186,20.0811,20.1687,20.2855,20.4363,20.627,20.8644,21.1565,21.5127,21.9442,22.4634,23.0846,23.8229,24.6932,25.7081,26.8736,28.183,29.6077,31.0873,32.5204,33.7665,34.6634,35.0653,34.8884,34.1422,32.9247,31.3878,29.6915,27.9694,26.315,24.7824,23.3959,22.1595,21.0659,20.1021,19.253,18.5038,17.8405,17.251,16.7245,16.2519,15.8256,15.4389,15.0864,14.7635,14.4662,14.1913,13.9359,13.6976,13.4745,13.2647,13.0668,12.8796,12.7018,12.5325,
 ,-137,12.8737,12.9288,12.9833,13.0374,13.0909,13.144,13.1966,13.2488,13.3005,13.3519,13.4029,13.4536,13.5039,13.554,13.6039,13.6535,13.703,13.7523,13.8016,13.8508,13.9,13.9493,13.9987,14.0483,14.0981,14.1481,14.1985,14.2493,14.3006,14.3523,14.4047,14.4577,14.5114,14.566,14.6214,14.6778,14.7352,14.7937,14.8534,14.9144,14.9768,15.0406,15.106,15.173,15.2418,15.3125,15.385,15.4597,15.5365,15.6156,15.697,15.781,15.8676,15.957,16.0492,16.1445,16.2429,16.3446,16.4498,16.5585,16.671,16.7875,16.908,17.0327,17.1619,17.2958,17.4344,17.5781,17.7271,17.8815,18.0416,18.2076,18.3798,18.5585,18.7438,18.9362,19.1359,19.3432,19.5585,19.7821,20.0143,20.2556,20.5064,20.767,21.0379,21.3197,21.6127,21.9176,22.2348,22.5649,22.9087,23.2666,23.6395,24.028,24.4329,24.8551,25.2954,25.7548,26.2343,26.7349,27.2577,27.8041,28.3752,28.9725,29.5975,30.2517,30.9369,31.655,32.408,33.198,34.0274,34.8989,35.8151,36.7792,37.7944,38.8646,39.9938,41.1864,42.4474,43.7823,45.1973,46.6993,48.296,49.9961,51.8093,53.7467,55.8207,58.0455,60.4372,63.014,65.7963,68.8076,72.0738,75.6243,79.4913,83.71,88.3178,93.3535,98.8549,104.856,111.381,118.439,126.011,134.042,142.42,150.964,159.41,167.407,174.532,180.325,184.35,186.265,185.896,183.268,178.605,172.282,164.749,156.466,147.843,139.212,130.815,122.814,115.305,108.332,101.904,96.0059,90.6084,85.6754,81.1676,77.0455,73.2715,69.8105,66.6304,63.7024,61.0006,58.5022,56.1868,54.0364,52.0354,50.1697,48.427,46.7965,45.2683,43.8341,42.4861,41.2175,40.0222,38.8949,37.8305,36.8248,35.8736,34.9733,34.1208,33.3129,32.547,31.8206,31.1314,30.4773,29.8564,29.267,28.7073,28.1759,27.6715,27.1926,26.7381,26.3069,25.898,25.5104,25.1431,24.7954,24.4664,24.1553,23.8614,23.5841,23.3225,23.0762,22.8445,22.6267,22.4222,22.2304,22.0506,21.8823,21.7249,21.5776,21.4398,21.311,21.1904,21.0775,20.9716,20.8723,20.779,20.6913,20.6087,20.5312,20.4586,20.3908,20.3282,20.2709,20.2197,20.1751,20.1382,20.1102,20.0926,20.0871,20.0957,20.121,20.1658,20.2334,20.328,20.4542,20.6176,20.8251,21.0846,21.406,21.8009,22.2834,22.87,23.5804,24.4368,25.4633,26.6837,28.117,29.7689,31.6186,33.6001,35.5833,37.3658,38.6947,39.3286,39.1244,38.0981,36.417,34.3296,32.082,29.8634,27.7912,25.9223,24.2721,22.832,21.5821,20.4984,19.5571,18.7365,18.0176,17.3844,16.8232,16.323,15.8743,15.4694,15.1019,14.7665,14.4589,14.1752,13.9124,13.6679,13.4393,13.2249,13.023,12.8322,12.6514,12.4795,
 ,-138,12.7254,12.7801,12.8343,12.8881,12.9414,12.9944,13.0469,13.099,13.1507,13.2021,13.2531,13.3039,13.3544,13.4047,13.4548,13.5047,13.5545,13.6042,13.6539,13.7035,13.7533,13.8031,13.853,13.9032,13.9536,14.0043,14.0554,14.1069,14.1589,14.2115,14.2647,14.3185,14.3731,14.4286,14.4849,14.5422,14.6006,14.66,14.7208,14.7828,14.8462,14.911,14.9775,15.0456,15.1154,15.1872,15.2608,15.3366,15.4145,15.4947,15.5773,15.6624,15.7501,15.8406,15.934,16.0304,16.1299,16.2328,16.3391,16.449,16.5626,16.6802,16.8019,16.9278,17.0581,17.1931,17.3329,17.4777,17.6278,17.7834,17.9446,18.1117,18.2851,18.4649,18.6514,18.8449,19.0457,19.2542,19.4706,19.6953,19.9287,20.1711,20.423,20.6847,20.9568,21.2397,21.5338,21.8398,22.1581,22.4894,22.8342,23.1932,23.5672,23.9567,24.3627,24.7859,25.2272,25.6875,26.1678,26.6691,27.1926,27.7395,28.3111,28.9086,29.5337,30.1877,30.8725,31.5898,32.3416,33.1299,33.9572,34.8257,35.7383,36.6977,37.7073,38.7704,39.8909,41.073,42.3213,43.6408,45.0373,46.5169,48.0867,49.7544,51.5288,53.4195,55.4374,57.5948,59.9054,62.3844,65.0489,67.9178,71.0121,74.3544,77.9692,81.8823,86.1196,90.7063,95.6645,101.01,106.748,112.868,119.335,126.081,132.996,139.918,146.633,152.872,158.329,162.687,165.657,167.022,166.675,164.637,161.058,156.184,150.32,143.783,136.873,129.842,122.888,116.154,109.735,103.687,98.0354,92.7848,87.925,83.4372,79.2974,75.4796,71.9572,68.7045,65.6972,62.9126,60.3301,57.9312,55.6988,53.6181,51.6754,49.8587,48.1573,46.5616,45.0629,43.6536,42.3267,41.0761,39.8963,38.782,37.7289,36.7329,35.79,34.897,34.0508,33.2485,32.4875,31.7655,31.0803,30.4298,29.8123,29.2259,28.6693,28.1408,27.6391,27.1631,26.7114,26.2832,25.8773,25.4927,25.1287,24.7844,24.459,24.1518,23.862,23.589,23.3322,23.0908,22.8643,22.652,22.4534,22.2677,22.0944,21.9328,21.7822,21.642,21.5115,21.39,21.2768,21.1711,21.0724,20.9799,20.8931,20.8115,20.7346,20.6622,20.594,20.53,20.4705,20.4158,20.3665,20.3234,20.2875,20.2602,20.2432,20.2383,20.2479,20.2746,20.3217,20.3929,20.4926,20.6262,20.8,21.0217,21.3006,21.6482,22.0784,22.6085,23.2594,24.0566,25.0306,26.2168,27.6539,29.3793,31.4195,33.772,36.3756,39.0733,41.5846,43.5225,44.4923,44.2501,42.8232,40.495,37.6676,34.7111,31.8828,29.3204,27.0727,25.1364,23.4824,22.0727,20.8693,19.8378,18.9485,18.1768,17.5026,16.9093,16.3834,15.9141,15.4926,15.1114,14.7648,14.4477,14.1561,13.8866,13.6363,13.4029,13.1842,12.9786,12.7847,12.601,12.4267,
 ,-139,12.5804,12.6348,12.6888,12.7423,12.7954,12.8482,12.9005,12.9525,13.0042,13.0556,13.1067,13.1576,13.2082,13.2587,13.309,13.3592,13.4093,13.4593,13.5093,13.5594,13.6096,13.6599,13.7104,13.7611,13.8121,13.8634,13.9152,13.9674,14.0201,14.0734,14.1273,14.1819,14.2374,14.2936,14.3508,14.409,14.4683,14.5287,14.5903,14.6532,14.7176,14.7835,14.8509,14.92,14.9908,15.0636,15.1383,15.215,15.294,15.3752,15.4589,15.545,15.6338,15.7254,15.8198,15.9173,16.0179,16.1218,16.2291,16.3401,16.4548,16.5734,16.6962,16.8231,16.9545,17.0905,17.2314,17.3772,17.5283,17.6849,17.8471,18.0153,18.1897,18.3705,18.558,18.7525,18.9543,19.1637,19.3811,19.6068,19.8412,20.0845,20.3374,20.6001,20.8731,21.1569,21.4519,21.7588,22.078,22.4101,22.7558,23.1156,23.4903,23.8806,24.2872,24.711,25.1529,25.6137,26.0944,26.596,27.1197,27.6667,28.2381,28.8353,29.4598,30.113,30.7966,31.5123,32.2621,33.048,33.8721,34.7368,35.6446,36.5984,37.601,38.6559,39.7664,40.9366,42.1707,43.4734,44.8497,46.3055,47.8468,49.4807,51.2149,53.0578,55.0189,57.1086,59.3385,61.7213,64.271,67.0029,69.9335,73.0802,76.4612,80.0949,83.9987,88.1881,92.6744,97.4618,102.544,107.9,113.487,119.235,125.042,130.769,136.238,141.238,145.541,148.918,151.168,152.147,151.791,150.121,147.246,143.341,138.622,133.32,127.654,121.819,115.974,110.24,104.703,99.4223,94.4292,89.7388,85.3528,81.264,77.4594,73.9227,70.6359,67.5807,64.7389,62.0933,59.6276,57.3269,55.1775,53.1667,51.2832,49.5168,47.858,46.2985,44.8307,43.4478,42.1436,40.9124,39.7492,38.6494,37.6088,36.6235,35.6902,34.8055,33.9665,33.1707,32.4155,31.6987,31.0182,30.3721,29.7586,29.1761,28.623,28.098,27.5998,27.1272,26.6789,26.2541,25.8517,25.4708,25.1106,24.7703,24.4491,24.1463,23.8612,23.5932,23.3417,23.1059,22.8854,22.6794,22.4875,22.3088,22.1429,21.9889,21.8463,21.7143,21.5922,21.4792,21.3744,21.2772,21.1867,21.1023,21.023,20.9485,20.878,20.8113,20.7481,20.6883,20.632,20.5798,20.5321,20.4899,20.4543,20.4269,20.4094,20.4039,20.413,20.4396,20.4872,20.5599,20.6625,20.8009,20.9821,21.2146,21.509,21.8782,22.3384,22.9097,23.6175,24.4935,25.5767,26.915,28.5643,30.5854,33.0341,35.9388,39.2591,42.8224,46.2601,49.0051,50.4327,50.1397,48.1719,44.9946,41.2355,37.4284,33.9034,30.806,28.162,25.9368,24.0732,22.511,21.1958,20.0813,19.1298,18.3109,17.6002,16.9784,16.4301,15.9429,15.5067,15.1137,14.7571,14.4318,14.1332,13.8578,13.6025,13.3647,13.1422,12.9334,12.7365,12.5504,12.3738,
 ,-140,12.4388,12.4928,12.5465,12.5998,12.6527,12.7053,12.7575,12.8094,12.8611,12.9125,12.9636,13.0145,13.0653,13.1159,13.1664,13.2168,13.2672,13.3175,13.3679,13.4184,13.469,13.5197,13.5707,13.6219,13.6734,13.7254,13.7777,13.8305,13.8839,13.9379,13.9925,14.0479,14.1041,14.1611,14.2191,14.2781,14.3382,14.3994,14.4619,14.5258,14.591,14.6578,14.7261,14.7962,14.868,14.9417,15.0173,15.095,15.175,15.2572,15.3418,15.4289,15.5187,15.6112,15.7066,15.8051,15.9067,16.0116,16.1199,16.2318,16.3475,16.4671,16.5908,16.7187,16.851,16.988,17.1298,17.2766,17.4286,17.5861,17.7492,17.9183,18.0935,18.2752,18.4636,18.659,18.8616,19.0719,19.2901,19.5166,19.7518,19.9959,20.2495,20.513,20.7867,21.0712,21.367,21.6745,21.9943,22.327,22.6733,23.0336,23.4088,23.7995,24.2065,24.6305,25.0726,25.5334,26.0141,26.5156,27.039,27.5855,28.1562,28.7525,29.3758,30.0275,30.7092,31.4227,32.1697,32.9522,33.7723,34.6322,35.5343,36.4813,37.476,38.5214,39.6208,40.7779,41.9966,43.281,44.636,46.0666,47.5783,49.1774,50.8705,52.6651,54.5692,56.5917,58.7424,61.0317,63.471,66.0726,68.8494,71.8146,74.9817,78.3635,81.9717,85.815,89.898,94.2184,98.764,103.509,108.411,113.403,118.392,123.258,127.85,131.997,135.513,138.223,139.977,140.674,140.277,138.813,136.374,133.098,129.149,124.703,119.929,114.977,109.973,105.019,100.189,95.5362,91.0943,86.8825,82.9089,79.1734,75.6703,72.39,69.321,66.4506,63.7656,61.2531,58.9004,56.6957,54.6279,52.6868,50.8626,49.1469,47.5315,46.0093,44.5736,43.2182,41.9378,40.7272,39.582,38.4977,37.4707,36.4973,35.5744,34.699,33.8683,33.0798,32.3312,31.6204,30.9454,30.3043,29.6955,29.1175,28.5686,28.0477,27.5535,27.0848,26.6405,26.2197,25.8213,25.4447,25.0888,24.753,24.4366,24.1388,23.859,23.5967,23.3511,23.1217,22.9079,22.7091,22.5247,22.3541,22.1965,22.0514,21.9179,21.7954,21.6829,21.5798,21.4849,21.3975,21.3167,21.2415,21.1711,21.1047,21.0417,20.9815,20.9238,20.8685,20.8157,20.7658,20.7193,20.6774,20.6413,20.6127,20.5934,20.5858,20.5927,20.6172,20.6632,20.7349,20.8378,20.9779,21.163,21.4022,21.707,22.0917,22.5743,23.1777,23.9308,24.8709,26.0454,27.5139,29.3498,31.639,34.4712,37.916,41.97,46.4642,50.9485,54.6444,56.6274,56.2731,53.6538,49.484,44.6816,39.9666,35.7329,32.1146,29.0989,26.6115,24.5626,22.8684,21.458,20.2739,19.2707,18.4128,17.6722,17.0271,16.4603,15.9583,15.5102,15.1073,14.7425,14.4103,14.1059,13.8255,13.5659,13.3243,13.0987,12.887,12.6876,12.4993,12.3207,
 ,-141,12.3003,12.3541,12.4074,12.4605,12.5132,12.5656,12.6177,12.6695,12.7211,12.7724,12.8236,12.8746,12.9255,12.9762,13.0269,13.0775,13.1281,13.1787,13.2294,13.2802,13.3312,13.3824,13.4338,13.4855,13.5375,13.59,13.6429,13.6963,13.7503,13.8049,13.8602,13.9163,13.9731,14.0309,14.0896,14.1494,14.2103,14.2723,14.3356,14.4003,14.4664,14.534,14.6032,14.6741,14.7468,14.8213,14.8979,14.9765,15.0573,15.1404,15.2259,15.314,15.4047,15.4981,15.5944,15.6938,15.7963,15.9021,16.0113,16.1241,16.2407,16.3611,16.4856,16.6144,16.7476,16.8854,17.0281,17.1757,17.3285,17.4868,17.6508,17.8206,17.9966,18.1791,18.3682,18.5643,18.7677,18.9787,19.1975,19.4247,19.6605,19.9053,20.1594,20.4235,20.6977,20.9827,21.279,21.5869,21.9071,22.2402,22.5867,22.9472,23.3226,23.7134,24.1203,24.5443,24.9862,25.4467,25.927,26.4279,26.9505,27.4959,28.0655,28.6603,29.2818,29.9313,30.6105,31.321,32.0645,32.8428,33.658,34.5122,35.4077,36.347,37.3327,38.3676,39.4548,40.5976,41.7997,43.0649,44.3974,45.8018,47.283,48.8466,50.4982,52.2443,54.0919,56.0485,58.122,60.3213,62.6555,65.1344,67.768,70.5666,73.54,76.6975,80.0467,83.5925,87.336,91.2722,95.3874,99.6567,104.04,108.478,112.888,117.164,121.173,124.763,127.771,130.045,131.459,131.937,131.461,130.073,127.864,124.958,121.496,117.621,113.468,109.154,104.78,100.426,96.1547,92.0109,88.0258,84.2189,80.6008,77.1751,73.9404,70.8919,68.0224,65.3234,62.7855,60.3991,58.1546,56.0428,54.0548,52.1821,50.4169,48.752,47.1804,45.6961,44.2932,42.9663,41.7107,40.5217,39.3953,38.3276,37.3152,36.3547,35.4431,34.5778,33.7562,32.9759,32.2347,31.5306,30.8618,30.2265,29.6231,29.0501,28.5061,27.9898,27.5001,27.0359,26.5961,26.1798,25.7861,25.4141,25.0631,24.7324,24.4213,24.1292,23.8554,23.5993,23.3604,23.1382,22.932,22.7413,22.5654,22.4038,22.2559,22.1208,21.9978,21.8862,21.7849,21.6931,21.6098,21.5339,21.4644,21.4001,21.34,21.2832,21.2288,21.1762,21.1248,21.0744,21.0252,20.9774,20.9318,20.8894,20.8517,20.8204,20.7978,20.7863,20.789,20.8093,20.8511,20.9192,21.0192,21.1575,21.3423,21.5832,21.8924,22.2852,22.7809,23.4043,24.1871,25.1708,26.409,27.9707,29.9439,32.4357,35.5667,39.4469,44.1162,49.4256,54.8673,59.4671,61.9915,61.5766,58.3236,53.2157,47.4643,41.9578,37.1308,33.092,29.7854,27.0976,24.9098,23.1182,21.6382,20.4035,19.3628,18.4766,17.7142,17.0521,16.4718,15.9588,15.5017,15.0913,14.7202,14.3827,14.0737,13.7893,13.5262,13.2816,13.0532,12.8392,12.6377,12.4475,12.2673,
 ,-142,12.165,12.2184,12.2714,12.3242,12.3767,12.4289,12.4809,12.5326,12.5841,12.6355,12.6867,12.7377,12.7886,12.8395,12.8903,12.9411,12.9919,13.0428,13.0938,13.1449,13.1962,13.2478,13.2996,13.3517,13.4043,13.4572,13.5106,13.5646,13.6192,13.6744,13.7303,13.787,13.8445,13.903,13.9624,14.0229,14.0844,14.1472,14.2113,14.2767,14.3436,14.412,14.482,14.5537,14.6272,14.7026,14.7799,14.8594,14.941,15.025,15.1113,15.2002,15.2917,15.3859,15.4831,15.5833,15.6866,15.7932,15.9032,16.0169,16.1342,16.2555,16.3808,16.5103,16.6443,16.7829,16.9262,17.0746,17.2281,17.3871,17.5518,17.7223,17.8989,18.082,18.2718,18.4685,18.6724,18.8839,19.1033,19.331,19.5672,19.8125,20.0671,20.3315,20.6061,20.8914,21.1878,21.496,21.8163,22.1495,22.496,22.8565,23.2317,23.6222,24.0289,24.4525,24.8937,25.3536,25.8329,26.3328,26.8541,27.3981,27.9659,28.5586,29.1777,29.8245,30.5006,31.2073,31.9465,32.7199,33.5295,34.3772,35.2651,36.1957,37.1714,38.1949,39.2688,40.3965,41.581,42.826,44.1351,45.5125,46.9626,48.4902,50.1002,51.7982,53.5901,55.4823,57.4813,59.5945,61.8292,64.1933,66.6947,69.3414,72.1409,75.1001,78.2245,81.5174,84.9789,88.6043,92.382,96.2913,100.299,104.354,108.387,112.3,115.971,119.252,121.982,124.003,125.194,125.487,124.883,123.448,121.291,118.545,115.345,111.816,108.071,104.202,100.287,96.3884,92.5536,88.8187,85.2093,81.7425,78.4286,75.2726,72.2754,69.4349,66.7468,64.2056,61.8046,59.537,57.3954,55.3727,53.4618,51.6561,49.949,48.3345,46.8068,45.3607,43.9911,42.6934,41.4633,40.2968,39.1901,38.1399,37.1429,36.1961,35.2968,34.4425,33.6307,32.8593,32.1262,31.4296,30.7676,30.1387,29.5413,28.9739,28.4353,27.9243,27.4398,26.9806,26.5458,26.1345,25.7459,25.3791,25.0336,24.7085,24.4034,24.1174,23.8502,23.6011,23.3697,23.1554,22.9577,22.776,22.6098,22.4585,22.3214,22.1978,22.0868,21.9877,21.8994,21.821,21.7511,21.6887,21.6324,21.581,21.5331,21.4876,21.4433,21.3995,21.3553,21.3104,21.2649,21.2191,21.1737,21.1299,21.0893,21.0539,21.026,21.0085,21.0046,21.018,21.0529,21.1143,21.2078,21.3404,21.5202,21.7573,22.0643,22.4568,22.9548,23.584,24.3778,25.3795,26.6461,28.2517,30.2918,32.8857,36.1717,40.2843,45.2921,51.0644,57.0673,62.2116,65.0673,64.6122,60.9673,55.2922,48.9827,43.0241,37.8672,33.5996,30.1373,27.3434,25.0825,23.2395,21.7227,20.4609,19.3999,18.4979,17.7232,17.0512,16.4628,15.9431,15.4802,15.0649,14.6897,14.3484,14.0361,13.7488,13.4831,13.2362,13.0057,12.7898,12.5866,12.3949,12.2133,
 ,-143,12.0326,12.0856,12.1384,12.1909,12.2432,12.2953,12.3471,12.3987,12.4501,12.5014,12.5526,12.6037,12.6547,12.7056,12.7566,12.8075,12.8586,12.9097,12.9609,13.0123,13.064,13.1159,13.1681,13.2206,13.2736,13.327,13.3809,13.4353,13.4904,13.5462,13.6026,13.6599,13.7181,13.7771,13.8372,13.8983,13.9606,14.0241,14.0889,14.155,14.2226,14.2917,14.3624,14.4349,14.5091,14.5853,14.6634,14.7436,14.826,14.9107,14.9978,15.0874,15.1797,15.2747,15.3727,15.4736,15.5776,15.685,15.7958,15.9101,16.0282,16.1501,16.2762,16.4064,16.541,16.6802,16.8242,16.9732,17.1274,17.287,17.4522,17.6232,17.8004,17.984,18.1742,18.3714,18.5758,18.7877,19.0075,19.2355,19.4721,19.7176,19.9724,20.237,20.5117,20.7971,21.0936,21.4017,21.7219,22.0549,22.4012,22.7613,23.1361,23.5261,23.9321,24.3549,24.7952,25.2539,25.732,26.2303,26.75,27.292,27.8575,28.4477,29.0638,29.7073,30.3794,31.0818,31.8161,32.5838,33.3869,34.2272,35.1069,36.0279,36.9928,38.0038,39.0637,40.1752,41.3413,42.5652,43.8503,45.2001,46.6186,48.11,49.6785,51.329,53.0663,54.8959,56.8234,58.8545,60.9955,63.2527,65.6325,68.1413,70.7853,73.5701,76.5005,79.5799,82.8094,86.1872,89.7066,93.3541,97.1063,100.926,104.753,108.504,112.057,115.255,117.914,119.848,120.909,121.027,120.227,118.613,116.338,113.562,110.432,107.067,103.559,99.9823,96.3921,92.8318,89.3346,85.9258,82.6237,79.4412,76.3867,73.4646,70.6766,68.0219,65.4981,63.1014,60.8273,58.6708,56.6265,54.6889,52.8524,51.1116,49.4614,47.8967,46.4127,45.0048,43.6689,42.4008,41.1969,40.0534,38.9672,37.9352,36.9544,36.0221,35.1358,34.2932,33.492,32.7303,32.006,31.3175,30.663,30.0411,29.4502,28.8891,28.3565,27.8512,27.3723,26.9186,26.4894,26.0836,25.7006,25.3397,25.0001,24.6812,24.3825,24.1035,23.8435,23.6022,23.379,23.1735,22.9852,22.8136,22.6582,22.5185,22.3936,22.2831,22.1859,22.1013,22.028,21.9651,21.911,21.8645,21.8239,21.7877,21.7543,21.7222,21.69,21.6565,21.6206,21.582,21.5405,21.4963,21.4504,21.404,21.3589,21.3173,21.282,21.2559,21.2427,21.2462,21.271,21.3221,21.4054,21.5279,21.6978,21.9253,22.2227,22.6059,23.0947,23.7146,24.4988,25.4904,26.746,28.339,30.3642,32.9394,36.2008,40.2806,45.2439,50.9584,56.893,61.9711,64.7838,64.3262,60.7174,55.0984,48.8448,42.9308,37.8053,33.558,30.108,27.321,25.0636,23.2217,21.7046,20.4417,19.3789,18.4748,17.6978,17.0234,16.4326,15.9106,15.4454,15.0279,14.6505,14.3072,13.993,13.7039,13.4365,13.188,12.9561,12.7387,12.5343,12.3414,12.1587,
 ,-144,11.903,11.9558,12.0083,12.0605,12.1126,12.1644,12.2161,12.2676,12.319,12.3702,12.4214,12.4725,12.5235,12.5745,12.6256,12.6767,12.7279,12.7792,12.8307,12.8824,12.9343,12.9865,13.039,13.092,13.1453,13.1991,13.2535,13.3084,13.364,13.4202,13.4772,13.5351,13.5938,13.6534,13.7141,13.7758,13.8387,13.9028,13.9682,14.035,14.1033,14.1731,14.2445,14.3176,14.3925,14.4694,14.5482,14.6291,14.7122,14.7976,14.8854,14.9757,15.0687,15.1644,15.263,15.3646,15.4694,15.5774,15.6888,15.8038,15.9225,16.0451,16.1717,16.3025,16.4377,16.5775,16.7221,16.8716,17.0262,17.1863,17.352,17.5235,17.7011,17.8851,18.0756,18.2731,18.4778,18.69,18.91,19.1382,19.3749,19.6205,19.8754,20.1399,20.4146,20.6999,20.9962,21.304,21.624,21.9565,22.3022,22.6618,23.0358,23.425,23.83,24.2516,24.6906,25.1479,25.6242,26.1207,26.6381,27.1777,27.7404,28.3275,28.9401,29.5796,30.2473,30.9447,31.6732,32.4346,33.2305,34.0628,34.9332,35.844,36.7971,37.795,38.84,39.9345,41.0815,42.2836,43.544,44.8658,46.2524,47.7075,49.2349,50.8385,52.5226,54.2916,56.1504,58.1036,60.1565,62.3143,64.5823,66.9661,69.4709,72.1024,74.8654,77.7648,80.8044,83.9869,87.3128,90.779,94.3755,98.0809,101.854,105.62,109.261,112.597,115.398,117.409,118.426,118.358,117.263,115.316,112.744,109.76,106.532,103.177,99.7715,96.3668,92.9959,89.6825,86.4443,83.2946,80.2438,77.2991,74.4656,71.7463,69.1424,66.6534,64.2779,62.0133,59.8565,57.8037,55.8511,53.9943,52.2291,50.5512,48.9564,47.4406,45.9998,44.6301,43.3279,42.0898,40.9124,39.7926,38.7274,37.7142,36.7503,35.8332,34.9606,34.1304,33.3405,32.589,31.8742,31.1944,30.5481,29.9337,29.35,28.7957,28.2696,27.7706,27.2978,26.8502,26.4269,26.0272,25.6504,25.2957,24.9626,24.6505,24.3588,24.0872,23.8352,23.6023,23.3882,23.1924,23.0145,22.8542,22.7108,22.5841,22.4731,22.3774,22.2961,22.2281,22.1723,22.1274,22.092,22.0642,22.0424,22.0244,22.0085,21.9925,21.9747,21.9534,21.9274,21.896,21.8587,21.8159,21.7685,21.7179,21.6663,21.6162,21.5705,21.5329,21.5071,21.4973,21.5083,21.5452,21.6142,21.722,21.8769,22.0887,22.3694,22.7342,23.2022,23.7976,24.5519,25.5055,26.711,28.2359,30.1654,32.6032,35.6648,39.4532,44.001,49.1555,54.4181,58.847,61.2608,60.8368,57.6721,52.7045,47.0955,41.7051,36.961,32.9765,29.703,27.0338,24.8551,23.0661,21.5848,20.3463,19.3001,18.4074,17.6381,16.9688,16.3813,15.8613,15.3972,14.9801,14.6027,14.2591,13.9444,13.6545,13.3863,13.137,12.9041,12.6859,12.4806,12.2869,12.1034,
 ,-145,11.7762,11.8287,11.8809,11.9329,11.9847,12.0364,12.0879,12.1393,12.1906,12.2417,12.2929,12.3439,12.395,12.4461,12.4973,12.5485,12.5998,12.6513,12.703,12.7549,12.8071,12.8596,12.9125,12.9657,13.0194,13.0736,13.1284,13.1837,13.2397,13.2965,13.354,13.4123,13.4715,13.5317,13.5929,13.6552,13.7187,13.7833,13.8494,13.9168,13.9856,14.056,14.1281,14.2018,14.2774,14.3548,14.4343,14.5158,14.5996,14.6856,14.7741,14.865,14.9586,15.0549,15.1542,15.2564,15.3617,15.4703,15.5823,15.6979,15.8171,15.9402,16.0674,16.1987,16.3344,16.4747,16.6196,16.7696,16.9247,17.0851,17.2511,17.423,17.6009,17.7851,17.9759,18.1736,18.3785,18.5908,18.8109,19.0391,19.2758,19.5213,19.776,20.0404,20.3148,20.5998,20.8957,21.203,21.5224,21.8543,22.1992,22.5579,22.9309,23.3189,23.7226,24.1427,24.58,25.0354,25.5097,26.0038,26.5186,27.0553,27.6148,28.1982,28.8067,29.4417,30.1043,30.7961,31.5183,32.2726,33.0607,33.8841,34.7447,35.6443,36.5851,37.569,38.5982,39.6752,40.8023,41.982,43.2172,44.5106,45.8652,47.2841,48.7707,50.3282,51.9604,53.671,55.4639,57.3432,59.3132,61.3784,63.5435,65.8134,68.1935,70.6893,73.307,76.0535,78.9365,81.9646,85.1471,88.4935,92.0109,95.6987,99.5388,103.477,107.398,111.094,114.259,116.527,117.585,117.299,115.779,113.319,110.261,106.898,103.427,99.9611,96.5552,93.2332,90.0034,86.8683,83.8291,80.8866,78.0423,75.2974,72.6532,70.1102,67.6686,65.3277,63.0861,60.9422,58.8936,56.9376,55.0711,53.2911,51.5941,49.9768,48.4359,46.9679,45.5696,44.2378,42.9694,41.7613,40.6108,39.5151,38.4715,37.4777,36.5312,35.6299,34.7717,33.9545,33.1765,32.4359,31.7312,31.0607,30.423,29.8168,29.2407,28.6937,28.1746,27.6824,27.2162,26.7751,26.3584,25.9652,25.5949,25.247,24.9209,24.6161,24.3321,24.0686,23.8251,23.6014,23.3972,23.212,23.0457,22.8977,22.7679,22.6556,22.5604,22.4816,22.4183,22.3695,22.3341,22.3104,22.2969,22.2915,22.2921,22.2961,22.3012,22.3048,22.3045,22.2981,22.2839,22.2607,22.2281,22.1862,22.1361,22.0794,22.0187,21.9569,21.8976,21.8446,21.8023,21.7753,21.7683,21.787,21.8371,21.9256,22.0602,22.2502,22.5072,22.845,23.2813,23.8383,24.5442,25.435,26.5563,27.9654,29.7325,31.9384,34.6663,37.9775,41.8609,46.1459,50.3968,53.876,55.7187,55.3456,52.8244,48.8194,44.1908,39.6222,35.4962,31.9498,28.9785,26.5156,24.4779,22.7859,21.3719,20.1804,19.1675,18.2984,17.546,16.8887,16.3098,15.7959,15.3361,14.922,14.5466,14.2042,13.8902,13.6007,13.3326,13.083,12.8499,12.6313,12.4256,12.2313,12.0474,
 ,-146,11.6521,11.7042,11.7562,11.8079,11.8595,11.911,11.9624,12.0136,12.0648,12.1159,12.167,12.218,12.2691,12.3203,12.3715,12.4228,12.4743,12.5259,12.5778,12.6299,12.6823,12.7351,12.7882,12.8418,12.8958,12.9504,13.0055,13.0612,13.1177,13.1748,13.2327,13.2915,13.3512,13.4119,13.4736,13.5364,13.6004,13.6656,13.7322,13.8001,13.8695,13.9405,14.0131,14.0874,14.1636,14.2416,14.3216,14.4038,14.4881,14.5747,14.6637,14.7552,14.8494,14.9463,15.046,15.1488,15.2546,15.3637,15.4762,15.5923,15.712,15.8356,15.9632,16.0949,16.231,16.3716,16.517,16.6672,16.8226,16.9833,17.1496,17.3217,17.4998,17.6842,17.8751,18.0728,18.2777,18.49,18.71,18.9381,19.1746,19.4199,19.6744,19.9384,20.2123,20.4967,20.792,21.0987,21.4172,21.7482,22.0921,22.4496,22.8213,23.2078,23.6099,24.0282,24.4635,24.9167,25.3885,25.8798,26.3916,26.9249,27.4806,28.0599,28.6639,29.2937,29.9507,30.6362,31.3515,32.0982,32.8776,33.6915,34.5415,35.4294,36.357,37.3263,38.3392,39.3978,40.5045,41.6613,42.8709,44.1356,45.4581,46.841,48.2872,49.7996,51.3812,53.0352,54.765,56.574,58.4658,60.4445,62.5143,64.6799,66.9468,69.3213,71.811,74.4254,77.1762,80.0788,83.1521,86.4197,89.9081,93.6423,97.6346,101.861,106.219,110.475,114.224,116.934,118.117,117.566,115.475,112.313,108.596,104.715,100.895,97.2355,93.7618,90.4646,87.324,84.3202,81.437,78.6633,75.9914,73.4165,70.9358,68.5473,66.2496,64.0415,61.9215,59.888,57.9394,56.0735,54.2881,52.5808,50.949,49.3901,47.9014,46.4802,45.1237,43.8294,42.5945,41.4166,40.2932,39.2218,38.2003,37.2263,36.2978,35.4129,34.5695,33.7658,33.0003,32.2712,31.5771,30.9164,30.288,29.6904,29.1225,28.5833,28.0717,27.5868,27.1276,26.6935,26.2837,25.8975,25.5343,25.1936,24.875,24.578,24.3022,24.0474,23.8132,23.5994,23.4059,23.2323,23.0786,22.9444,22.8294,22.7334,22.6559,22.5962,22.5536,22.527,22.5152,22.5165,22.5291,22.5504,22.578,22.6088,22.6396,22.6672,22.6883,22.7002,22.7003,22.687,22.6594,22.6178,22.5633,22.498,22.4249,22.3475,22.2702,22.1974,22.1339,22.0849,22.0554,22.051,22.0777,22.1419,22.251,22.4136,22.6402,22.9433,23.3385,23.8451,24.4874,25.2955,26.3067,27.566,29.1256,31.0414,33.3628,36.1114,39.2415,42.5823,45.7826,48.3133,49.6001,49.2757,47.3822,44.3443,40.7408,37.0706,33.65,30.6239,28.0237,25.8218,23.9669,22.4036,21.0806,19.954,18.9877,18.1524,17.4246,16.7854,16.2198,15.7156,15.263,14.8542,14.4826,14.143,13.8309,13.5427,13.2754,13.0264,12.7935,12.575,12.3692,12.1747,11.9905,
 ,-147,11.5305,11.5823,11.634,11.6855,11.7369,11.7882,11.8394,11.8905,11.9415,11.9926,12.0436,12.0946,12.1457,12.1969,12.2482,12.2996,12.3512,12.403,12.455,12.5073,12.5599,12.6129,12.6663,12.7201,12.7744,12.8293,12.8848,12.9409,12.9976,13.0552,13.1135,13.1727,13.2328,13.294,13.3561,13.4194,13.4839,13.5496,13.6166,13.6851,13.755,13.8265,13.8996,13.9744,14.0511,14.1296,14.2102,14.2928,14.3777,14.4648,14.5543,14.6463,14.741,14.8384,14.9386,15.0418,15.1481,15.2576,15.3706,15.487,15.6072,15.7311,15.859,15.9911,16.1275,16.2685,16.4141,16.5646,16.7202,16.881,17.0475,17.2196,17.3978,17.5822,17.7731,17.9708,18.1756,18.3877,18.6075,18.8353,19.0715,19.3164,19.5703,19.8338,20.1071,20.3908,20.6853,20.991,21.3085,21.6383,21.981,22.337,22.7071,23.0919,23.492,23.9082,24.3412,24.7917,25.2606,25.7488,26.2572,26.7866,27.3381,27.9128,28.5116,29.1359,29.7867,30.4654,31.1732,31.9115,32.6818,33.4855,34.3243,35.1997,36.1135,37.0674,38.0633,39.1031,40.1888,41.3224,42.506,43.7418,45.0321,46.3792,47.7855,49.2536,50.7859,52.3852,54.0542,55.796,57.6138,59.5111,61.492,63.5612,65.7243,67.9884,70.3627,72.8591,75.4937,78.2877,81.2699,84.4774,87.9566,91.7601,95.9354,100.497,105.372,110.308,114.796,118.091,119.466,118.61,115.831,111.84,107.363,102.899,98.6912,94.812,91.2469,87.9503,84.873,81.9734,79.2193,76.588,74.064,71.6367,69.2995,67.048,64.8791,62.7908,60.7815,58.8496,56.9936,55.212,53.5029,51.8646,50.2951,48.7923,47.3542,45.9786,44.6632,43.4058,42.2044,41.0566,39.9603,38.9136,37.9144,36.9607,36.0506,35.1825,34.3545,33.5649,32.8124,32.0953,31.4123,30.762,30.1432,29.5548,28.9956,28.4646,27.9609,27.4837,27.032,26.6053,26.2029,25.8241,25.4684,25.1354,24.8247,24.536,24.269,24.0234,23.7992,23.5961,23.4141,23.2532,23.1131,22.994,22.8955,22.8176,22.7599,22.7219,22.7029,22.702,22.7178,22.7486,22.7921,22.8457,22.9061,22.9696,23.0321,23.0895,23.1374,23.1718,23.1896,23.1881,23.1663,23.1242,23.0631,22.9856,22.8957,22.7977,22.6968,22.5984,22.5081,22.4315,22.3742,22.3417,22.3398,22.3748,22.4533,22.5833,22.7737,23.0354,23.3818,23.8289,24.3964,25.1083,25.993,27.0831,28.4139,30.0186,31.9187,34.1071,36.5207,39.0071,41.3022,43.0491,43.8887,43.6009,42.2107,39.9741,37.2579,34.4047,31.6578,29.1514,26.9371,25.0161,23.364,21.9468,20.7295,19.6797,18.7697,17.9757,17.2786,16.6622,16.1136,15.6222,15.1793,14.7776,14.4114,14.0758,13.7667,13.4807,13.215,12.9671,12.735,12.517,12.3115,12.1172,11.933,
 ,-148,11.4115,11.463,11.5143,11.5656,11.6168,11.6678,11.7188,11.7698,11.8208,11.8717,11.9226,11.9737,12.0247,12.0759,12.1272,12.1787,12.2304,12.2823,12.3345,12.3869,12.4397,12.4929,12.5465,12.6006,12.6552,12.7103,12.7661,12.8225,12.8796,12.9375,12.9962,13.0558,13.1163,13.1778,13.2404,13.3041,13.369,13.4351,13.5026,13.5715,13.6419,13.7138,13.7874,13.8627,13.9399,14.0189,14.0999,14.183,14.2683,14.3559,14.4458,14.5383,14.6334,14.7312,14.8318,14.9354,15.0421,15.152,15.2653,15.3821,15.5025,15.6268,15.755,15.8873,16.024,16.1651,16.3108,16.4615,16.6172,16.7782,16.9446,17.1168,17.2949,17.4792,17.67,17.8675,18.072,18.2839,18.5033,18.7307,18.9664,19.2107,19.464,19.7267,19.9993,20.282,20.5755,20.8801,21.1963,21.5247,21.8658,22.2202,22.5884,22.9711,23.369,23.7827,24.213,24.6606,25.1263,25.6109,26.1154,26.6406,27.1875,27.757,28.3503,28.9684,29.6126,30.2838,30.9835,31.713,32.4735,33.2664,34.0933,34.9557,35.8551,36.7931,37.7714,38.7918,39.856,40.9659,42.1232,43.33,44.5881,45.8996,47.2666,48.691,50.1752,51.7213,53.3318,55.0093,56.7566,58.5768,60.474,62.4528,64.519,66.6806,68.9478,71.3347,73.8607,76.5524,79.4459,82.5901,86.0482,89.8971,94.2175,99.0639,104.398,109.968,115.173,119.057,120.636,119.484,116.033,111.254,106.081,101.102,96.5653,92.508,88.8759,85.5895,82.5743,79.7701,77.1319,74.6276,72.2352,69.9395,67.7308,65.6024,63.5502,61.5713,59.6635,57.8255,56.0557,54.353,52.7159,51.1432,49.6333,48.1846,46.7955,45.4643,44.1891,42.9683,41.7999,40.6821,39.6131,38.5912,37.6146,36.6815,35.7902,34.9393,34.1271,33.3522,32.6131,31.9084,31.237,30.5975,29.9889,29.41,28.8599,28.3376,27.8423,27.3732,26.9295,26.5105,26.1158,25.7448,25.3971,25.0722,24.7699,24.49,24.2322,23.9965,23.7829,23.5912,23.4216,23.2742,23.1491,23.0463,22.966,22.9082,22.8727,22.8592,22.8673,22.896,22.944,23.0095,23.0901,23.1826,23.2831,23.387,23.4892,23.5839,23.6655,23.7286,23.7685,23.7817,23.7663,23.7224,23.6515,23.5573,23.4446,23.3192,23.1876,23.0564,22.9323,22.8215,22.73,22.6636,22.6279,22.6286,22.6718,22.7642,22.9134,23.1285,23.4203,23.8015,24.2873,24.8957,25.6467,26.5622,27.663,28.9647,30.47,32.1555,33.9558,35.7463,37.3384,38.5002,39.0132,38.7487,37.7213,36.0817,34.0554,31.869,29.6995,27.6599,25.8072,24.1593,22.7106,21.4442,20.3385,19.3715,18.5232,17.7754,17.113,16.5228,15.9941,15.5178,15.0864,14.6935,14.334,14.0035,13.6983,13.4153,13.1518,12.9055,12.6746,12.4574,12.2525,12.0586,11.8747,
 ,-149,11.2948,11.346,11.3971,11.4481,11.499,11.5499,11.6007,11.6515,11.7023,11.7532,11.8041,11.855,11.9061,11.9573,12.0086,12.0601,12.1119,12.1639,12.2161,12.2687,12.3217,12.3751,12.4289,12.4832,12.538,12.5934,12.6494,12.7061,12.7635,12.8217,12.8808,12.9407,13.0015,13.0634,13.1264,13.1904,13.2557,13.3223,13.3902,13.4595,13.5302,13.6026,13.6766,13.7523,13.8298,13.9093,13.9907,14.0742,14.1599,14.2479,14.3382,14.4311,14.5265,14.6247,14.7256,14.8296,14.9366,15.0468,15.1604,15.2774,15.3981,15.5226,15.651,15.7835,15.9202,16.0615,16.2073,16.358,16.5137,16.6747,16.8411,17.0131,17.1911,17.3752,17.5657,17.7629,17.9671,18.1785,18.3974,18.6243,18.8593,19.1029,19.3554,19.6172,19.8887,20.1704,20.4626,20.7658,21.0806,21.4074,21.7467,22.0991,22.4652,22.8456,23.2409,23.6519,24.0791,24.5234,24.9855,25.4663,25.9665,26.487,27.0288,27.5928,28.18,28.7916,29.4285,30.0919,30.7829,31.5029,32.253,33.0347,33.8491,34.6979,35.5823,36.5038,37.4641,38.4646,39.5069,40.5927,41.7235,42.9011,44.1271,45.4032,46.7312,48.1128,49.5498,51.0443,52.5981,54.2136,55.8932,57.6399,59.4574,61.3504,63.3248,65.3888,67.5536,69.8347,72.2534,74.8395,77.634,80.6928,84.0897,87.9166,92.2752,97.2473,102.82,108.75,114.384,118.632,120.334,118.986,115.107,109.84,104.255,98.9908,94.2902,90.1653,86.535,83.2982,80.3644,77.6619,75.1376,72.7534,70.483,68.3083,66.2172,64.2017,62.2565,60.3782,58.5645,56.8138,55.1247,53.4962,51.9274,50.4171,48.9642,47.5677,46.2261,44.9382,43.7025,42.5176,41.382,40.2941,39.2524,38.2554,37.3015,36.3893,35.5172,34.6839,33.8879,33.128,32.4027,31.711,31.0516,30.4233,29.8253,29.2564,28.7158,28.2026,27.716,27.2553,26.8199,26.4092,26.0226,25.6598,25.3203,25.004,24.7105,24.4398,24.1917,23.9664,23.7639,23.5844,23.428,23.2951,23.1861,23.1012,23.0407,23.0051,22.9943,23.0085,23.0473,23.1101,23.1958,23.3024,23.4274,23.5671,23.717,23.8713,24.0234,24.1657,24.2906,24.3904,24.4586,24.4901,24.4822,24.4346,24.3496,24.232,24.0883,23.9265,23.7548,23.5815,23.4147,23.2616,23.1287,23.0219,22.9465,22.9079,22.911,22.9616,23.0656,23.2301,23.4635,23.7752,24.1763,24.6792,25.2971,26.0429,26.9266,27.9522,29.1109,30.3735,31.681,32.9377,34.0132,34.7591,35.0435,34.7915,34.0114,32.7916,31.2702,29.5937,27.8869,26.2385,24.7015,23.3011,22.0431,20.9219,19.9265,19.0432,18.2583,17.5588,16.9332,16.3712,15.8642,15.4046,14.9861,14.6032,14.2514,13.9269,13.6263,13.3468,13.086,12.8418,12.6125,12.3965,12.1925,11.9992,11.8158,
 ,-150,11.1804,11.2313,11.2821,11.3329,11.3836,11.4342,11.4849,11.5355,11.5862,11.637,11.6878,11.7387,11.7897,11.8408,11.8922,11.9437,11.9955,12.0476,12.1,12.1527,12.2058,12.2593,12.3133,12.3677,12.4228,12.4784,12.5346,12.5916,12.6493,12.7078,12.7671,12.8273,12.8885,12.9507,13.0139,13.0784,13.144,13.2109,13.2791,13.3488,13.42,13.4927,13.567,13.6431,13.721,13.8008,13.8826,13.9664,14.0525,14.1408,14.2315,14.3246,14.4204,14.5188,14.6201,14.7243,14.8315,14.942,15.0557,15.173,15.2938,15.4184,15.547,15.6796,15.8164,15.9576,16.1035,16.2542,16.4098,16.5706,16.7368,16.9087,17.0864,17.2702,17.4603,17.6571,17.8607,18.0716,18.2899,18.516,18.7503,18.993,19.2445,19.5053,19.7756,20.0559,20.3467,20.6484,20.9615,21.2864,21.6237,21.9739,22.3376,22.7154,23.1079,23.5158,23.9397,24.3804,24.8385,25.315,25.8105,26.326,26.8623,27.4204,28.0011,28.6056,29.2348,29.8897,30.5717,31.2817,32.0209,32.7907,33.5922,34.4267,35.2956,36.2002,37.1419,38.1221,39.1421,40.2035,41.3076,42.4558,43.6497,44.8906,46.1801,47.5195,48.9104,50.3544,51.8531,53.4086,55.0229,56.6989,58.4399,60.2503,62.1361,64.1056,66.1701,68.3453,70.6531,73.1242,75.8008,78.7399,82.0171,85.7261,89.971,94.8357,100.31,106.152,111.713,115.904,117.569,116.204,112.328,107.085,101.542,96.3375,91.7118,87.6752,84.1443,81.0155,78.1959,75.6114,73.2068,70.9421,68.7893,66.7289,64.748,62.8376,60.9921,59.2076,57.4816,55.8127,54.1995,52.6413,51.1373,49.6866,48.2886,46.9423,45.6468,44.4011,43.2042,42.0547,40.9515,39.8933,38.8789,37.9068,36.9759,36.0848,35.2322,34.4168,33.6374,32.8927,32.1818,31.5033,30.8563,30.2397,29.6526,29.0941,28.5633,28.0596,27.5821,27.1302,26.7034,26.3012,25.9231,25.5688,25.2379,24.9304,24.6461,24.385,24.1472,23.9327,23.7419,23.5752,23.4328,23.3154,23.2236,23.1579,23.1191,23.1078,23.1245,23.1697,23.2435,23.3456,23.4751,23.6304,23.8087,24.0061,24.2171,24.4347,24.6503,24.854,25.035,25.1829,25.2881,25.3431,25.3439,25.2899,25.1843,25.034,24.8481,24.6374,24.4129,24.1855,23.9648,23.7594,23.5764,23.4218,23.3006,23.2173,23.176,23.1809,23.2365,23.3478,23.5207,23.7618,24.0783,24.4781,24.9688,25.5566,26.2444,27.0287,27.8959,28.8167,29.7423,30.6018,31.3065,31.7619,31.8879,31.64,31.0234,30.0908,28.9267,27.6258,26.2743,24.939,23.6649,22.478,21.3898,20.4018,19.51,18.7071,17.9843,17.333,16.7446,16.2116,15.7271,15.285,14.8802,14.508,14.1647,13.8467,13.5512,13.2757,13.0181,12.7763,12.5489,12.3344,12.1315,11.9391,11.7563,
