 , ,X[mm]
 , ,-150,-149,-148,-147,-146,-145,-144,-143,-142,-141,-140,-139,-138,-137,-136,-135,-134,-133,-132,-131,-130,-129,-128,-127,-126,-125,-124,-123,-122,-121,-120,-119,-118,-117,-116,-115,-114,-113,-112,-111,-110,-109,-108,-107,-106,-105,-104,-103,-102,-101,-100,-99,-98,-97,-96,-95,-94,-93,-92,-91,-90,-89,-88,-87,-86,-85,-84,-83,-82,-81,-80,-79,-78,-77,-76,-75,-74,-73,-72,-71,-70,-69,-68,-67,-66,-65,-64,-63,-62,-61,-60,-59,-58,-57,-56,-55,-54,-53,-52,-51,-50,-49,-48,-47,-46,-45,-44,-43,-42,-41,-40,-39,-38,-37,-36,-35,-34,-33,-32,-31,-30,-29,-28,-27,-26,-25,-24,-23,-22,-21,-20,-19,-18,-17,-16,-15,-14,-13,-12,-11,-10,-9,-8,-7,-6,-5,-4,-3,-2,-1,0,1,2,3,4,5,6,7,8,9,10,11,12,13,14,15,16,17,18,19,20,21,22,23,24,25,26,27,28,29,30,31,32,33,34,35,36,37,38,39,40,41,42,43,44,45,46,47,48,49,50,51,52,53,54,55,56,57,58,59,60,61,62,63,64,65,66,67,68,69,70,71,72,73,74,75,76,77,78,79,80,81,82,83,84,85,86,87,88,89,90,91,92,93,94,95,96,97,98,99,100,101,102,103,104,105,106,107,108,109,110,111,112,113,114,115,116,117,118,119,120,121,122,123,124,125,126,127,128,129,130,131,132,133,134,135,136,137,138,139,140,141,142,143,144,145,146,147,148,149,150,
Y[mm],150,9.08892,9.13255,9.17631,9.22021,9.26425,9.30847,9.35287,9.39746,9.44227,9.48732,9.53261,9.57819,9.62406,9.67024,9.71677,9.76366,9.81094,9.85864,9.90679,9.95541,10.0045,10.0542,10.1045,10.1553,10.2068,10.259,10.3119,10.3655,10.42,10.4753,10.5316,10.5887,10.6469,10.7061,10.7664,10.8279,10.8906,10.9546,11.0199,11.0867,11.1549,11.2247,11.2961,11.3692,11.4442,11.521,11.5998,11.6807,11.7637,11.849,11.9367,12.0269,12.1198,12.2153,12.3138,12.4152,12.5199,12.6278,12.7392,12.8543,12.9732,13.0961,13.2232,13.3548,13.491,13.6322,13.7784,13.9301,14.0875,14.2508,14.4205,14.5968,14.7801,14.9708,15.1693,15.376,15.5914,15.8159,16.0502,16.2948,16.5502,16.8171,17.0963,17.3883,17.6941,18.0145,18.3504,18.7028,19.0727,19.4612,19.8696,20.2993,20.7515,21.2279,21.73,22.2597,22.8189,23.4096,24.034,24.6946,25.3939,26.1347,26.9201,27.7532,28.6375,29.5767,30.5748,31.6361,32.765,33.9663,35.245,36.6065,38.0562,39.5996,41.2424,42.9903,44.8487,46.8226,48.9165,51.1339,53.4769,55.9461,58.5395,61.2522,64.0756,66.9968,69.9974,73.0528,76.1321,79.1967,82.2014,85.0939,87.8165,90.3076,92.5047,94.3473,95.7808,96.7604,97.2538,97.2448,96.7337,95.7378,94.2899,92.4356,90.2299,87.7334,85.0088,82.1175,79.117,76.0592,72.9892,69.945,66.9574,64.0503,61.2419,58.545,55.9678,53.5151,51.1887,48.9879,46.9105,44.9528,43.1105,41.3784,39.751,38.2228,36.7881,35.4412,34.1768,32.9895,31.8744,30.8267,29.8419,28.9158,28.0444,27.2241,26.4512,25.7228,25.0357,24.3872,23.7747,23.1959,22.6484,22.1304,21.6398,21.1748,20.734,20.3156,19.9184,19.541,19.1822,18.8408,18.5158,18.2063,17.9112,17.6298,17.3613,17.1048,16.8598,16.6255,16.4014,16.1868,15.9813,15.7844,15.5955,15.4142,15.2401,15.0729,14.912,14.7572,14.6082,14.4646,14.3261,14.1925,14.0634,13.9386,13.8179,13.7011,13.5878,13.478,13.3714,13.2677,13.1669,13.0688,12.9732,12.8798,12.7887,12.6996,12.6124,12.527,12.4432,12.3609,12.28,12.2005,12.1221,12.0449,11.9686,11.8933,11.8189,11.7452,11.6722,11.5999,11.5281,11.4569,11.3861,11.3158,11.2458,11.1762,11.1069,11.0378,10.969,10.9004,10.832,10.7638,10.6957,10.6278,10.56,10.4924,10.4248,10.3574,10.2902,10.223,10.156,10.0891,10.0223,9.95565,9.88916,9.82283,9.75666,9.69067,9.62485,9.55924,9.49383,9.42863,9.36366,9.29894,9.23446,9.17024,9.1063,9.04264,8.97928,8.91622,8.85347,8.79105,8.72897,8.66723,8.60584,8.5448,8.48413,8.42384,8.36392,8.30439,8.24525,8.1865,8.12816,8.07021,8.01268,7.95556,7.89885,7.84255,7.78668,
 ,149,9.17469,9.21871,9.26285,9.30711,9.35152,9.39608,9.44082,9.48575,9.53089,9.57625,9.62185,9.66773,9.71389,9.76036,9.80716,9.85433,9.90188,9.94984,9.99825,10.0471,10.0965,10.1464,10.1969,10.248,10.2997,10.3522,10.4053,10.4592,10.5139,10.5695,10.626,10.6834,10.7418,10.8013,10.8619,10.9237,10.9867,11.051,11.1166,11.1837,11.2523,11.3225,11.3943,11.4679,11.5432,11.6205,11.6998,11.7812,11.8648,11.9507,12.039,12.1299,12.2234,12.3198,12.419,12.5213,12.6268,12.7358,12.8482,12.9644,13.0845,13.2086,13.3371,13.4701,13.6079,13.7506,13.8987,14.0522,14.2116,14.3771,14.549,14.7278,14.9138,15.1073,15.3089,15.5189,15.7378,15.9662,16.2046,16.4536,16.7138,16.9859,17.2706,17.5688,17.8811,18.2086,18.5522,18.9129,19.2919,19.6904,20.1097,20.5511,21.0162,21.5067,22.0244,22.571,23.1489,23.7601,24.4071,25.0926,25.8195,26.5908,27.4099,28.2804,29.2063,30.1918,31.2415,32.3602,33.5534,34.8265,36.1857,37.6372,39.188,40.8448,42.6151,44.5061,46.5253,48.6798,50.9763,53.4209,56.0182,58.7711,61.6802,64.7428,67.9519,71.2953,74.7545,78.3032,81.9067,85.5204,89.0901,92.5519,95.833,98.8549,101.536,103.795,105.56,106.77,107.38,107.368,106.734,105.502,103.718,101.443,98.7505,95.7214,92.4373,88.9767,85.4119,81.8065,78.2141,74.6787,71.2346,67.9076,64.716,61.6715,58.7808,56.0464,53.4677,51.0416,48.7632,46.6265,44.6248,42.7509,40.9974,39.3569,37.8221,36.3861,35.0422,33.784,32.6055,31.501,30.4654,29.4937,28.5813,27.7241,26.9182,26.1598,25.4458,24.7729,24.1384,23.5395,22.974,22.4395,21.9339,21.4554,21.0022,20.5726,20.1651,19.7783,19.4109,19.0617,18.7295,18.4134,18.1124,17.8255,17.5519,17.2909,17.0416,16.8035,16.5759,16.3581,16.1497,15.95,15.7587,15.5751,15.399,15.2299,15.0673,14.911,14.7606,14.6157,14.4761,14.3414,14.2113,14.0857,13.9642,13.8467,13.7328,13.6224,13.5152,13.4111,13.3099,13.2114,13.1153,13.0217,12.9302,12.8407,12.7532,12.6675,12.5834,12.5008,12.4196,12.3397,12.2609,12.1833,12.1067,12.0309,11.956,11.8819,11.8084,11.7355,11.6632,11.5913,11.5199,11.4489,11.3782,11.3078,11.2377,11.1678,11.0982,11.0287,10.9593,10.8901,10.8211,10.7521,10.6833,10.6146,10.5459,10.4774,10.4089,10.3406,10.2724,10.2042,10.1362,10.0683,10.0005,9.93292,9.86546,9.79816,9.73104,9.6641,9.59737,9.53085,9.46456,9.39851,9.33272,9.26719,9.20193,9.13697,9.07231,9.00797,8.94394,8.88025,8.81691,8.75392,8.69129,8.62904,8.56716,8.50567,8.44457,8.38388,8.32359,8.2637,8.20424,8.14519,8.08657,8.02837,7.9706,7.91327,7.85637,
 ,148,9.2619,9.30631,9.35082,9.39545,9.44022,9.48513,9.53021,9.57547,9.62093,9.6666,9.71251,9.75868,9.80512,9.85187,9.89895,9.94638,9.99419,10.0424,10.0911,10.1402,10.1898,10.2399,10.2907,10.342,10.394,10.4466,10.5,10.5541,10.609,10.6648,10.7216,10.7792,10.8379,10.8976,10.9585,11.0205,11.0838,11.1484,11.2143,11.2818,11.3507,11.4212,11.4934,11.5673,11.6431,11.7208,11.8006,11.8825,11.9666,12.053,12.1419,12.2334,12.3276,12.4246,12.5246,12.6278,12.7341,12.844,12.9574,13.0746,13.1958,13.3212,13.451,13.5853,13.7246,13.8689,14.0186,14.1739,14.3352,14.5028,14.677,14.8582,15.0467,15.243,15.4475,15.6607,15.8831,16.1152,16.3575,16.6108,16.8757,17.1528,17.443,17.747,18.0657,18.4001,18.7513,19.1202,19.5081,19.9163,20.3462,20.7992,21.2771,21.7815,22.3144,22.8779,23.4742,24.1058,24.7754,25.4858,26.2402,27.042,27.895,28.8033,29.7712,30.8036,31.9057,33.0832,34.3422,35.6892,37.1315,38.6766,40.3328,42.1086,44.0133,46.0562,48.2471,50.5959,53.112,55.8047,58.6819,61.7501,65.0134,68.4722,72.1227,75.9547,79.9506,84.0833,88.3148,92.5943,96.8574,101.026,105.008,108.704,112.004,114.803,116.999,118.508,119.271,119.255,118.46,116.921,114.699,111.881,108.565,104.86,100.874,96.7069,92.4501,88.1808,83.9629,79.8463,75.8685,72.056,68.4259,64.988,61.7458,58.6987,55.8423,53.1701,50.6741,48.3449,46.1731,44.1487,42.2622,40.5039,38.8648,37.3363,35.9103,34.579,33.3355,32.1731,31.0858,30.0679,29.1142,28.2199,27.3806,26.5924,25.8514,25.1542,24.4977,23.8791,23.2956,22.7448,22.2246,21.7327,21.2673,20.8266,20.409,20.013,19.6373,19.2804,18.9414,18.6189,18.3121,18.0199,17.7415,17.476,17.2227,16.9809,16.7499,16.5291,16.3178,16.1156,15.922,15.7363,15.5583,15.3874,15.2233,15.0656,14.9139,14.7678,14.6272,14.4915,14.3607,14.2343,14.1122,13.994,13.8796,13.7687,13.6611,13.5566,13.455,13.3562,13.2598,13.1659,13.0742,12.9845,12.8967,12.8107,12.7263,12.6434,12.562,12.4818,12.4027,12.3248,12.2478,12.1717,12.0963,12.0217,11.9478,11.8744,11.8015,11.729,11.657,11.5853,11.5139,11.4427,11.3718,11.3011,11.2305,11.1601,11.0898,11.0197,10.9496,10.8796,10.8096,10.7398,10.67,10.6003,10.5306,10.461,10.3915,10.3221,10.2528,10.1836,10.1145,10.0455,9.97672,9.90806,9.83957,9.77127,9.70316,9.63527,9.5676,9.50017,9.43301,9.36611,9.29949,9.23318,9.16717,9.10148,9.03613,8.97113,8.90648,8.84219,8.77829,8.71477,8.65164,8.58891,8.5266,8.4647,8.40322,8.34216,8.28154,8.22135,8.16161,8.10231,8.04345,7.98504,7.92709,
 ,147,9.35058,9.39538,9.44027,9.48528,9.5304,9.57566,9.62108,9.66666,9.71243,9.75842,9.80463,9.85108,9.89781,9.94483,9.99217,10.0399,10.0879,10.1364,10.1853,10.2346,10.2845,10.3348,10.3858,10.4373,10.4895,10.5423,10.5959,10.6502,10.7054,10.7614,10.8183,10.8762,10.9351,10.9951,11.0562,11.1184,11.182,11.2468,11.313,11.3807,11.45,11.5208,11.5933,11.6676,11.7438,11.8219,11.9021,11.9844,12.069,12.1559,12.2454,12.3375,12.4323,12.53,12.6307,12.7345,12.8417,12.9524,13.0668,13.185,13.3073,13.4338,13.5647,13.7004,13.841,13.9869,14.1382,14.2952,14.4584,14.6279,14.8043,14.9877,15.1787,15.3776,15.585,15.8012,16.0269,16.2626,16.5088,16.7662,17.0356,17.3176,17.613,17.9227,18.2476,18.5888,18.9473,19.3242,19.7208,20.1385,20.5787,21.0431,21.5334,22.0515,22.5995,23.1795,23.794,24.4458,25.1376,25.8726,26.6544,27.4867,28.3736,29.3197,30.3299,31.4096,32.5647,33.8017,35.1277,36.5503,38.0779,39.7196,41.4851,43.3851,45.4306,47.6339,50.0072,52.5637,55.3165,58.2788,61.4628,64.8798,68.5387,72.4449,76.5992,80.9954,85.6188,90.4432,95.4282,100.517,105.635,110.686,115.556,120.113,124.215,127.717,130.481,132.389,133.354,133.332,132.324,130.378,127.58,124.051,119.929,115.36,110.486,105.438,100.328,95.2527,90.2848,85.4804,80.879,76.506,72.3758,68.4939,64.8594,61.4664,58.3058,55.3665,52.636,50.101,47.7486,45.5656,43.5395,41.6585,39.9112,38.2873,36.7769,35.371,34.0614,32.8402,31.7006,30.6362,29.6409,28.7095,27.837,27.0189,26.2511,25.5299,24.8517,24.2135,23.6124,23.0457,22.5109,22.0059,21.5287,21.0772,20.6498,20.2449,19.8611,19.4969,19.151,18.8225,18.51,18.2128,17.9297,17.66,17.4029,17.1576,16.9234,16.6997,16.4858,16.2812,16.0854,15.8978,15.718,15.5455,15.38,15.221,15.0681,14.9211,14.7795,14.643,14.5115,14.3844,14.2618,14.1431,14.0283,13.917,13.8091,13.7043,13.6024,13.5033,13.4068,13.3127,13.2207,13.1309,13.0429,12.9567,12.8722,12.7891,12.7074,12.627,12.5477,12.4695,12.3921,12.3157,12.24,12.1649,12.0905,12.0166,11.9432,11.8701,11.7975,11.7251,11.653,11.5811,11.5093,11.4378,11.3663,11.295,11.2237,11.1525,11.0813,11.0102,10.9392,10.8681,10.7971,10.7262,10.6553,10.5844,10.5136,10.4428,10.3722,10.3016,10.2311,10.1608,10.0906,10.0205,9.95056,9.88082,9.81128,9.74195,9.67285,9.60399,9.53539,9.46707,9.39904,9.33131,9.2639,9.19683,9.1301,9.06372,8.99772,8.93209,8.86686,8.80203,8.73761,8.6736,8.61002,8.54688,8.48417,8.4219,8.36008,8.29872,8.23782,8.17738,8.1174,8.05789,7.99884,
 ,146,9.44079,9.48598,9.53125,9.57662,9.6221,9.66771,9.71346,9.75937,9.80546,9.85175,9.89825,9.94499,9.99199,10.0393,10.0869,10.1348,10.1831,10.2318,10.2809,10.3305,10.3805,10.4311,10.4822,10.534,10.5863,10.6394,10.6932,10.7477,10.803,10.8592,10.9163,10.9744,11.0335,11.0937,11.155,11.2175,11.2812,11.3463,11.4128,11.4807,11.5502,11.6213,11.6941,11.7688,11.8453,11.9237,12.0043,12.087,12.1721,12.2595,12.3495,12.4421,12.5374,12.6357,12.7371,12.8417,12.9496,13.0611,13.1764,13.2955,13.4188,13.5463,13.6785,13.8154,13.9573,14.1045,14.2574,14.4161,14.581,14.7524,14.9307,15.1164,15.3097,15.5112,15.7212,15.9404,16.1693,16.4083,16.6582,16.9197,17.1933,17.48,17.7805,18.0957,18.4266,18.7743,19.1398,19.5244,19.9295,20.3564,20.8067,21.2822,21.7846,22.316,22.8786,23.4748,24.1073,24.7788,25.4925,26.2519,27.0607,27.9231,28.8437,29.8274,30.8797,32.0068,33.2152,34.5122,35.906,37.4054,39.0201,40.7607,42.6389,44.6673,46.8596,49.2308,51.7966,54.5738,57.5801,60.8334,64.3518,68.1525,72.251,76.6601,81.3873,86.4335,91.7892,97.4318,103.321,109.397,115.571,121.73,127.73,133.401,138.552,142.986,146.508,148.95,150.189,150.16,148.863,146.368,142.802,138.334,133.158,127.473,121.469,115.315,109.152,103.095,97.2273,91.6097,86.2811,81.2631,76.5645,72.184,68.1136,64.3404,60.8486,57.621,54.6395,51.886,49.343,46.9938,44.8225,42.8144,40.9559,39.2341,37.6378,36.1561,34.7795,33.4992,32.3071,31.1961,30.1593,29.191,28.2855,27.4379,26.6437,25.8988,25.1993,24.542,23.9235,23.3412,22.7924,22.2746,21.7858,21.3239,20.8871,20.4736,20.0819,19.7106,19.3583,19.0238,18.7061,18.404,18.1165,17.8428,17.5821,17.3334,17.0963,16.8698,16.6535,16.4467,16.2489,16.0595,15.8781,15.7042,15.5374,15.3772,15.2233,15.0754,14.933,14.7959,14.6637,14.5362,14.4131,14.294,14.1789,14.0673,13.9592,13.8542,13.7522,13.653,13.5564,13.4621,13.3701,13.2802,13.1921,13.1058,13.0211,12.938,12.8561,12.7755,12.696,12.6175,12.5399,12.4632,12.3871,12.3117,12.2368,12.1624,12.0885,12.0149,11.9416,11.8685,11.7957,11.723,11.6505,11.578,11.5057,11.4333,11.3611,11.2888,11.2166,11.1443,11.0721,10.9998,10.9276,10.8553,10.7831,10.7109,10.6387,10.5666,10.4945,10.4225,10.3506,10.2788,10.2071,10.1355,10.0641,9.99286,9.92182,9.85099,9.78039,9.71004,9.63996,9.57015,9.50064,9.43144,9.36257,9.29405,9.22589,9.1581,9.09068,9.02367,8.95706,8.89087,8.8251,8.75977,8.69488,8.63045,8.56647,8.50295,8.4399,8.37733,8.31523,8.25362,8.19248,8.13183,8.07167,
 ,145,9.53256,9.57815,9.6238,9.66955,9.71539,9.76134,9.80743,9.85366,9.90005,9.94664,9.99343,10.0404,10.0877,10.1353,10.1831,10.2313,10.2798,10.3287,10.378,10.4278,10.478,10.5288,10.5801,10.632,10.6846,10.7378,10.7917,10.8464,10.902,10.9583,11.0156,11.0739,11.1331,11.1935,11.2549,11.3176,11.3816,11.4469,11.5135,11.5817,11.6514,11.7228,11.7959,11.8708,11.9476,12.0264,12.1073,12.1904,12.2758,12.3637,12.4541,12.5472,12.6431,12.742,12.8439,12.9492,13.0578,13.1701,13.2861,13.4061,13.5303,13.6589,13.7921,13.9301,14.0733,14.2219,14.3761,14.5364,14.7029,14.8762,15.0564,15.2441,15.4397,15.6435,15.8562,16.0781,16.31,16.5523,16.8057,17.071,17.3488,17.6399,17.9452,18.2657,18.6024,18.9563,19.3286,19.7207,20.1338,20.5696,21.0297,21.5158,22.03,22.5743,23.1512,23.7631,24.4129,25.1037,25.8388,26.622,27.4574,28.3495,29.3032,30.324,31.4182,32.5923,33.8538,35.2109,36.6728,38.2496,39.9524,41.7936,43.7869,45.9473,48.2913,50.8371,53.6043,56.6143,59.8899,63.4552,67.3352,71.5551,76.1393,81.1103,86.4858,92.2771,98.4846,105.093,112.068,119.346,126.831,134.387,141.837,148.959,155.499,161.181,165.73,168.903,170.519,170.479,168.786,165.542,160.934,155.208,148.638,141.5,134.047,126.5,119.032,111.779,104.833,98.2562,92.0824,86.3255,80.9842,76.047,71.4955,67.307,63.4572,59.9207,56.6726,53.6888,50.9465,48.4246,46.1034,43.9648,41.9925,40.1714,38.4879,36.9299,35.4862,34.1467,32.9023,31.745,30.6672,29.6624,28.7244,27.8479,27.0278,26.2596,25.5394,24.8633,24.2281,23.6307,23.0682,22.5382,22.0382,21.5663,21.1203,20.6985,20.2994,19.9213,19.5629,19.2228,18.9,18.5933,18.3017,18.0242,17.76,17.5083,17.2684,17.0394,16.8209,16.612,16.4124,16.2214,16.0385,15.8633,15.6954,15.5342,15.3795,15.2308,15.0878,14.9501,14.8175,14.6896,14.5662,14.4469,14.3315,14.2198,14.1116,14.0066,13.9045,13.8053,13.7086,13.6144,13.5224,13.4324,13.3443,13.258,13.1733,13.0901,13.0082,12.9274,12.8478,12.7691,12.6913,12.6143,12.5379,12.4622,12.3869,12.3121,12.2376,12.1634,12.0895,12.0158,11.9422,11.8688,11.7954,11.7221,11.6488,11.5754,11.5021,11.4288,11.3554,11.282,11.2085,11.135,11.0614,10.9878,10.9142,10.8406,10.767,10.6934,10.6199,10.5464,10.4729,10.3996,10.3263,10.2532,10.1803,10.1075,10.0349,9.96248,9.89032,9.81841,9.74677,9.67541,9.60436,9.53364,9.46325,9.39322,9.32356,9.25429,9.18542,9.11696,9.04892,8.98132,8.91417,8.84746,8.78122,8.71545,8.65016,8.58535,8.52103,8.4572,8.39387,8.33104,8.26872,8.2069,8.14559,
 ,144,9.62596,9.67194,9.71798,9.7641,9.81029,9.85659,9.90301,9.94956,9.99627,10.0431,10.0902,10.1375,10.185,10.2328,10.2809,10.3293,10.378,10.4271,10.4767,10.5266,10.5771,10.628,10.6795,10.7316,10.7843,10.8377,10.8917,10.9466,11.0022,11.0588,11.1162,11.1746,11.234,11.2945,11.3561,11.419,11.4831,11.5485,11.6154,11.6838,11.7537,11.8253,11.8986,11.9737,12.0508,12.1299,12.2111,12.2945,12.3803,12.4686,12.5594,12.6529,12.7493,12.8487,12.9512,13.057,13.1663,13.2793,13.396,13.5168,13.6419,13.7714,13.9056,14.0447,14.189,14.3388,14.4944,14.6561,14.8242,14.9991,15.1812,15.3708,15.5685,15.7746,15.9897,16.2143,16.449,16.6944,16.9512,17.22,17.5017,17.7971,18.107,18.4326,18.7747,19.1345,19.5133,19.9125,20.3334,20.7777,21.2471,21.7435,22.2689,22.8257,23.4163,24.0434,24.71,25.4194,26.1753,26.9817,27.8429,28.7638,29.75,30.8073,31.9425,33.163,34.477,35.8937,37.4234,39.0775,40.8688,42.8114,44.9213,47.216,49.7153,52.441,55.4172,58.6704,62.2297,66.1264,70.3943,75.0684,80.1848,85.7788,91.8829,98.5236,105.717,113.462,121.736,130.479,139.592,148.918,158.238,167.269,175.666,183.044,189.008,193.199,195.34,195.285,193.038,188.753,182.712,175.276,166.842,157.795,148.476,139.166,130.079,121.369,113.135,105.43,98.2794,91.681,85.6182,80.064,74.9856,70.3476,66.114,62.2496,58.7208,55.4964,52.5476,49.8477,47.373,45.1016,43.0141,41.0929,39.3222,37.6879,36.1773,34.7791,33.4831,32.2802,31.1621,30.1216,29.1519,28.2471,27.4018,26.6112,25.8708,25.1767,24.5253,23.9133,23.3378,22.7959,22.2853,21.8037,21.3491,20.9195,20.5132,20.1287,19.7645,19.4192,19.0916,18.7806,18.4851,18.2041,17.9367,17.6822,17.4397,17.2084,16.9878,16.7771,16.5759,16.3834,16.1993,16.023,15.8541,15.6921,15.5367,15.3874,15.2439,15.1058,14.9729,14.8448,14.7211,14.6017,14.4863,14.3746,14.2664,14.1614,14.0594,13.9603,13.8637,13.7696,13.6776,13.5878,13.4998,13.4136,13.3289,13.2457,13.1638,13.083,13.0033,12.9245,12.8465,12.7693,12.6927,12.6166,12.5409,12.4657,12.3907,12.316,12.2415,12.1671,12.0928,12.0185,11.9443,11.8701,11.7958,11.7215,11.6471,11.5726,11.498,11.4234,11.3486,11.2738,11.1989,11.1239,11.0489,10.9738,10.8987,10.8236,10.7484,10.6734,10.5983,10.5234,10.4485,10.3738,10.2992,10.2248,10.1505,10.0765,10.0027,9.92917,9.85591,9.78293,9.71028,9.63796,9.56599,9.4944,9.42318,9.35237,9.28198,9.21202,9.1425,9.07344,9.00484,8.93671,8.86907,8.80192,8.73527,8.66912,8.60348,8.53836,8.47376,8.40968,8.34613,8.2831,8.2206,
 ,143,9.72103,9.76741,9.81384,9.86032,9.90688,9.95352,10.0003,10.0471,10.0941,10.1413,10.1887,10.2362,10.284,10.332,10.3803,10.4289,10.4779,10.5272,10.5769,10.627,10.6776,10.7287,10.7804,10.8326,10.8855,10.939,10.9932,11.0481,11.1039,11.1606,11.2181,11.2766,11.3361,11.3968,11.4585,11.5215,11.5857,11.6513,11.7184,11.7869,11.857,11.9287,12.0023,12.0776,12.1549,12.2342,12.3157,12.3994,12.4855,12.5741,12.6653,12.7592,12.856,12.9558,13.0589,13.1652,13.2751,13.3887,13.5061,13.6276,13.7535,13.8838,14.0189,14.1591,14.3044,14.4554,14.6122,14.7753,14.9448,15.1213,15.305,15.4965,15.6961,15.9043,16.1217,16.3488,16.5861,16.8344,17.0943,17.3666,17.652,17.9514,18.2657,18.5959,18.9432,19.3087,19.6937,20.0995,20.5278,20.9802,21.4585,21.9646,22.5008,23.0694,23.6731,24.3148,24.9975,25.7249,26.5007,27.3293,28.2155,29.1644,30.182,31.2747,32.4499,33.7157,35.0811,36.5564,38.1529,39.8836,41.7627,43.8065,46.0332,48.4634,51.1201,54.0292,57.2199,60.7245,64.5794,68.8247,73.5042,78.6655,84.3593,90.6379,97.5534,105.154,113.48,122.555,132.376,142.902,154.036,165.607,177.354,188.915,199.826,209.543,217.489,223.12,226.013,225.937,222.897,217.137,209.089,199.299,188.346,176.771,165.033,153.489,142.394,131.916,122.147,113.125,104.853,97.304,90.4382,84.2067,78.5573,73.4374,68.7967,64.5877,60.7666,57.2937,54.1328,51.2517,48.6215,46.2164,44.0134,41.9923,40.1349,38.4252,36.8488,35.3929,34.0464,32.799,31.6417,30.5664,29.566,28.6339,27.7644,26.9521,26.1925,25.4811,24.8142,24.1883,23.6003,23.0472,22.5266,22.0359,21.573,21.136,20.7231,20.3325,19.9628,19.6126,19.2806,18.9656,18.6665,18.3823,18.1121,17.8549,17.6101,17.3768,17.1543,16.942,16.7393,16.5456,16.3604,16.1832,16.0135,15.8509,15.6949,15.5452,15.4014,15.2631,15.1299,15.0017,14.8781,14.7587,14.6434,14.5318,14.4237,14.3189,14.2171,14.1181,14.0218,13.9279,13.8362,13.7465,13.6587,13.5727,13.4881,13.405,13.3232,13.2424,13.1627,13.0839,13.0058,12.9284,12.8515,12.7752,12.6992,12.6235,12.5481,12.4728,12.3977,12.3226,12.2476,12.1726,12.0975,12.0223,11.947,11.8716,11.7961,11.7205,11.6447,11.5687,11.4926,11.4164,11.3401,11.2636,11.1871,11.1105,11.0338,10.9571,10.8804,10.8036,10.7269,10.6503,10.5738,10.4973,10.421,10.3449,10.2689,10.1932,10.1177,10.0424,9.96747,9.89281,9.81847,9.74449,9.67087,9.59764,9.52481,9.4524,9.38042,9.3089,9.23784,9.16726,9.09716,9.02756,8.95846,8.88988,8.82182,8.75429,8.6873,8.62084,8.55493,8.48956,8.42474,8.36047,8.29675,
 ,142,9.81783,9.86461,9.91143,9.95829,10.0052,10.0522,10.0993,10.1464,10.1937,10.2412,10.2888,10.3366,10.3846,10.4329,10.4814,10.5302,10.5794,10.6289,10.6788,10.7291,10.7798,10.8311,10.8828,10.9352,10.9881,11.0418,11.0961,11.1512,11.207,11.2638,11.3214,11.38,11.4396,11.5004,11.5622,11.6253,11.6896,11.7553,11.8225,11.8911,11.9614,12.0333,12.1069,12.1825,12.2599,12.3395,12.4211,12.5051,12.5915,12.6803,12.7718,12.8661,12.9632,13.0635,13.1669,13.2738,13.3842,13.4983,13.6163,13.7385,13.8651,13.9962,14.1321,14.2732,14.4195,14.5716,14.7295,14.8938,15.0647,15.2426,15.4279,15.621,15.8224,16.0326,16.2521,16.4815,16.7214,16.9724,17.2352,17.5106,17.7994,18.1026,18.421,18.7557,19.1078,19.4786,19.8693,20.2815,20.7167,21.1767,21.6633,22.1787,22.725,23.3049,23.921,24.5764,25.2744,26.0188,26.8137,27.6636,28.5736,29.5493,30.597,31.7238,32.9375,34.2471,35.6623,37.1945,38.8562,40.6618,42.6272,44.7708,47.1134,49.6784,52.4927,55.5866,58.9947,62.7562,66.9154,71.5225,76.6336,82.3111,88.6237,95.6456,103.455,112.13,121.745,132.361,144.013,156.695,170.331,184.752,199.657,214.595,228.944,241.933,252.704,260.42,264.411,264.303,260.107,252.214,241.307,228.228,213.833,198.889,184.006,169.631,156.054,143.439,131.857,121.31,111.763,103.152,95.4027,88.4365,82.1754,76.5454,71.4781,66.9116,62.7898,59.0631,55.6874,52.6237,49.8379,47.2996,44.9824,42.8628,40.9203,39.1368,37.4962,35.9843,34.5888,33.2984,32.1034,30.9948,29.965,29.0068,28.1141,27.2813,26.5033,25.7755,25.094,24.455,23.8552,23.2916,22.7614,22.2622,21.7917,21.3478,20.9286,20.5325,20.1577,19.803,19.4669,19.1482,18.8459,18.5587,18.2859,18.0264,17.7795,17.5443,17.3203,17.1066,16.9027,16.708,16.5219,16.344,16.1737,16.0106,15.8542,15.7042,15.5602,15.4219,15.2888,15.1606,15.0371,14.9179,14.8027,14.6914,14.5836,14.4791,14.3776,14.279,14.183,14.0894,13.9981,13.9087,13.8212,13.7354,13.6512,13.5682,13.4865,13.4059,13.3263,13.2474,13.1693,13.0918,13.0148,12.9381,12.8619,12.7858,12.7099,12.6342,12.5584,12.4827,12.4069,12.3311,12.2551,12.179,12.1027,12.0262,11.9495,11.8726,11.7955,11.7182,11.6408,11.5631,11.4853,11.4073,11.3292,11.2509,11.1726,11.0942,11.0158,10.9373,10.8589,10.7805,10.7022,10.6239,10.5458,10.4679,10.3902,10.3126,10.2353,10.1583,10.0815,10.0051,9.92901,9.85329,9.77795,9.70301,9.6285,9.55442,9.4808,9.40765,9.33499,9.26283,9.19118,9.12004,9.04944,8.97938,8.90987,8.84091,8.77251,8.70467,8.6374,8.5707,8.50457,8.43902,8.37405,
 ,141,9.91641,9.9636,10.0108,10.058,10.1053,10.1526,10.2,10.2475,10.2951,10.3429,10.3907,10.4388,10.4871,10.5355,10.5843,10.6333,10.6826,10.7323,10.7823,10.8327,10.8836,10.935,10.9869,11.0393,11.0924,11.1461,11.2005,11.2557,11.3116,11.3684,11.4262,11.4848,11.5445,11.6053,11.6672,11.7303,11.7948,11.8606,11.9278,11.9965,12.0668,12.1388,12.2126,12.2883,12.3659,12.4456,12.5274,12.6116,12.6982,12.7873,12.879,12.9736,13.071,13.1716,13.2754,13.3827,13.4935,13.6081,13.7267,13.8495,13.9767,14.1085,14.2452,14.387,14.5343,14.6873,14.8463,15.0117,15.1837,15.363,15.5497,15.7443,15.9474,16.1594,16.3809,16.6124,16.8545,17.108,17.3736,17.6519,17.9439,18.2505,18.5727,18.9115,19.2681,19.6438,20.04,20.4581,20.8997,21.3668,21.8612,22.3852,22.941,23.5314,24.1591,24.8274,25.5399,26.3003,27.1131,27.983,28.9155,29.9165,30.9928,32.152,33.4025,34.7538,36.2168,37.8036,39.5281,41.4059,43.4551,45.6959,48.1517,50.8493,53.8192,57.0967,60.7222,64.7423,69.2102,74.1875,79.7443,85.9607,92.927,100.744,109.523,119.384,130.446,142.828,156.625,171.892,188.609,206.634,225.653,245.119,264.213,281.841,296.712,307.511,313.142,312.987,307.063,296.018,280.966,263.229,244.091,224.635,205.666,187.715,171.088,155.915,142.212,129.921,118.943,109.161,100.454,92.7024,85.7957,79.6337,74.1262,69.194,64.7674,60.7854,57.195,53.9501,51.0106,48.3415,45.9126,43.6971,41.6722,39.8174,38.115,36.5495,35.1072,33.7758,32.5448,31.4047,30.3469,29.3642,28.4496,27.5974,26.8022,26.0591,25.3638,24.7126,24.1019,23.5284,22.9894,22.4823,22.0047,21.5544,21.1295,20.7283,20.3489,19.9901,19.6503,19.3283,19.023,18.7332,18.4581,18.1965,17.9478,17.7111,17.4857,17.2709,17.066,16.8705,16.6837,16.5053,16.3346,16.1712,16.0147,15.8646,15.7206,15.5823,15.4494,15.3215,15.1982,15.0794,14.9646,14.8537,14.7463,14.6422,14.5413,14.4431,14.3476,14.2545,14.1635,14.0746,13.9876,13.9021,13.8182,13.7356,13.6541,13.5737,13.4942,13.4154,13.3373,13.2597,13.1826,13.1058,13.0292,12.9528,12.8765,12.8003,12.724,12.6476,12.571,12.4943,12.4174,12.3403,12.263,12.1853,12.1074,12.0293,11.9509,11.8722,11.7932,11.7141,11.6346,11.555,11.4753,11.3953,11.3153,11.2351,11.1549,11.0746,10.9943,10.9141,10.8339,10.7538,10.6738,10.594,10.5143,10.4349,10.3557,10.2768,10.1982,10.1199,10.042,9.96445,9.88731,9.81059,9.73432,9.6585,9.58317,9.50833,9.434,9.3602,9.28693,9.21421,9.14205,9.07046,8.99943,8.92899,8.85914,8.78987,8.7212,8.65313,8.58566,8.51878,8.45251,
 ,140,10.0168,10.0644,10.112,10.1596,10.2073,10.2549,10.3027,10.3505,10.3984,10.4464,10.4945,10.5428,10.5913,10.64,10.6889,10.7381,10.7876,10.8374,10.8876,10.9382,10.9892,11.0406,11.0926,11.1452,11.1983,11.2521,11.3066,11.3618,11.4178,11.4746,11.5324,11.5911,11.6508,11.7116,11.7736,11.8367,11.9012,11.967,12.0343,12.1031,12.1734,12.2455,12.3194,12.3951,12.4728,12.5526,12.6346,12.7189,12.8056,12.8949,12.9869,13.0817,13.1794,13.2803,13.3844,13.492,13.6032,13.7183,13.8373,13.9606,14.0883,14.2208,14.3581,14.5007,14.6487,14.8025,14.9625,15.1288,15.302,15.4824,15.6704,15.8665,16.0711,16.2847,16.5079,16.7414,16.9856,17.2414,17.5094,17.7904,18.0853,18.3951,18.7208,19.0634,19.4241,19.8043,20.2054,20.6289,21.0765,21.5501,22.0517,22.5836,23.1482,23.7483,24.3868,25.0671,25.7929,26.5682,27.3976,28.2862,29.2397,30.2644,31.3675,32.5569,33.8419,35.2326,36.7406,38.3791,40.1631,42.1099,44.239,46.573,49.1379,51.9636,55.0848,58.5417,62.381,66.6569,71.4327,76.7823,82.7915,89.5603,97.2046,105.858,115.671,126.816,139.477,153.849,170.12,188.447,208.913,231.464,255.82,281.367,307.053,331.338,352.267,367.722,375.869,375.64,367.066,351.263,330.097,305.686,279.972,254.471,230.209,207.779,187.444,169.249,153.104,138.848,126.294,115.245,105.517,96.9407,89.3651,82.6578,76.704,71.4044,66.6738,62.4393,58.638,55.2161,52.1273,49.3319,46.7954,44.4881,42.3844,40.4619,38.701,37.0847,35.5982,34.2283,32.9636,31.7939,30.7101,29.7044,28.7695,27.8993,27.0881,26.3308,25.6229,24.9604,24.3396,23.7572,23.2101,22.6958,22.2117,21.7557,21.3256,20.9197,20.5362,20.1737,19.8306,19.5057,19.1978,18.9058,18.6286,18.3653,18.1151,17.8771,17.6506,17.4349,17.2292,17.0331,16.8459,16.6672,16.4963,16.3328,16.1763,16.0264,15.8826,15.7446,15.612,15.4844,15.3616,15.2433,15.1291,15.0187,14.9119,14.8085,14.7081,14.6106,14.5157,14.4231,14.3328,14.2445,14.1579,14.073,13.9895,13.9073,13.8262,13.746,13.6668,13.5882,13.5101,13.4326,13.3554,13.2784,13.2016,13.1249,13.0482,12.9714,12.8945,12.8175,12.7402,12.6626,12.5848,12.5067,12.4282,12.3494,12.2702,12.1907,12.1109,12.0307,11.9503,11.8695,11.7884,11.7071,11.6256,11.5438,11.4619,11.3799,11.2978,11.2156,11.1334,11.0512,10.969,10.8869,10.805,10.7231,10.6415,10.5601,10.479,10.3981,10.3175,10.2373,10.1575,10.078,9.99902,9.92044,9.84233,9.76471,9.68758,9.61099,9.53493,9.45942,9.38447,9.31011,9.23632,9.16314,9.09055,9.01858,8.94722,8.87648,8.80636,8.73687,8.66801,8.59978,8.53217,
 ,139,10.1192,10.1672,10.2152,10.2632,10.3112,10.3592,10.4072,10.4553,10.5035,10.5518,10.6002,10.6487,10.6974,10.7463,10.7954,10.8448,10.8944,10.9444,10.9947,11.0453,11.0965,11.148,11.2001,11.2527,11.3059,11.3597,11.4142,11.4695,11.5255,11.5823,11.6401,11.6988,11.7586,11.8194,11.8813,11.9445,12.009,12.0748,12.142,12.2108,12.2812,12.3533,12.4272,12.503,12.5808,12.6607,12.7427,12.8271,12.9139,13.0034,13.0955,13.1904,13.2884,13.3894,13.4938,13.6017,13.7132,13.8286,13.9481,14.0718,14.2,14.3329,14.4708,14.614,14.7627,14.9173,15.078,15.2453,15.4195,15.6009,15.79,15.9873,16.1933,16.4084,16.6332,16.8684,17.1145,17.3723,17.6425,17.9259,18.2235,18.5362,18.8649,19.2109,19.5754,19.9597,20.3653,20.7937,21.2467,21.7262,22.2344,22.7735,23.3461,23.955,24.6034,25.2946,26.0325,26.8215,27.6661,28.5719,29.5446,30.5911,31.7188,32.9363,34.2531,35.6802,37.23,38.9166,40.7562,42.7674,44.9716,47.3933,50.0613,53.0087,56.2741,59.903,63.9482,68.4724,73.549,79.2651,85.7238,93.047,101.379,110.891,121.784,134.29,148.677,165.244,184.311,206.19,231.144,259.299,290.511,324.182,359.04,392.961,422.97,445.61,457.709,457.364,444.628,421.494,391.174,357.126,322.283,288.724,257.679,229.713,204.951,183.253,164.353,147.935,133.679,121.289,110.498,101.075,92.8213,85.5674,79.1703,73.5092,68.4819,64.0025,59.998,56.4065,53.1755,50.2602,47.6221,45.2285,43.0509,41.065,39.2496,37.5861,36.0587,34.6532,33.3574,32.1604,31.0527,30.0259,29.0725,28.1859,27.3601,26.5899,25.8706,25.1978,24.5679,23.9773,23.423,22.9022,22.4124,21.9512,21.5165,21.1065,20.7194,20.3536,20.0077,19.6803,19.3701,19.0762,18.7974,18.5327,18.2812,18.0422,17.8149,17.5985,17.3924,17.1959,17.0085,16.8297,16.6588,16.4955,16.3392,16.1896,16.0462,15.9086,15.7766,15.6496,15.5275,15.4098,15.2963,15.1866,15.0806,14.978,14.8784,14.7816,14.6874,14.5957,14.5061,14.4184,14.3325,14.2482,14.1653,14.0836,14.003,13.9232,13.8442,13.7659,13.688,13.6106,13.5333,13.4563,13.3793,13.3023,13.2252,13.148,13.0705,12.9927,12.9147,12.8363,12.7575,12.6783,12.5986,12.5186,12.4381,12.3572,12.2759,12.1942,12.1121,12.0296,11.9468,11.8637,11.7803,11.6967,11.6129,11.5289,11.4448,11.3605,11.2763,11.192,11.1078,11.0236,10.9395,10.8556,10.7719,10.6884,10.6052,10.5223,10.4397,10.3574,10.2756,10.1941,10.1132,10.0326,9.9526,9.87309,9.79411,9.71568,9.63781,9.56053,9.48385,9.40777,9.3323,9.25747,9.18326,9.1097,9.03679,8.96452,8.89291,8.82196,8.75166,8.68202,8.61305,
 ,138,10.2235,10.2719,10.3203,10.3687,10.417,10.4654,10.5137,10.5621,10.6106,10.6591,10.7078,10.7565,10.8054,10.8545,10.9038,10.9533,11.0031,11.0532,11.1036,11.1544,11.2056,11.2572,11.3093,11.362,11.4152,11.469,11.5236,11.5788,11.6348,11.6917,11.7494,11.8081,11.8678,11.9286,11.9905,12.0537,12.1181,12.1839,12.2511,12.3199,12.3903,12.4623,12.5362,12.612,12.6898,12.7697,12.8518,12.9362,13.0231,13.1126,13.2048,13.2998,13.3979,13.4992,13.6037,13.7118,13.8236,13.9393,14.059,14.1831,14.3117,14.445,14.5834,14.7271,14.8764,15.0316,15.193,15.3611,15.5361,15.7184,15.9085,16.1069,16.314,16.5304,16.7566,16.9933,17.2411,17.5007,17.7729,18.0585,18.3584,18.6736,19.0051,19.3542,19.722,20.1099,20.5194,20.9522,21.4101,21.8949,22.4089,22.9545,23.5342,24.1511,24.8082,25.5092,26.2581,27.0592,27.9176,28.8388,29.8289,30.895,32.045,33.2878,34.6335,36.0937,37.6815,39.4119,41.3023,43.3725,45.6456,48.1482,50.9115,53.9717,57.3717,61.1615,65.4008,70.1599,75.5232,81.5913,88.485,96.35,105.362,115.733,127.719,141.628,157.826,176.747,198.883,224.776,254.967,289.904,329.761,374.143,421.678,469.558,513.315,547.227,565.675,565.139,545.72,511.1,466.956,418.979,371.554,327.402,287.828,253.181,223.263,197.617,175.697,156.963,140.925,127.154,115.287,105.018,96.0946,88.3068,81.481,75.4729,70.1632,65.4521,61.2564,57.5062,54.1427,51.1161,48.3843,45.9111,43.6658,41.6219,39.7567,38.0503,36.4857,35.048,33.724,32.5025,31.3733,30.3276,29.3575,28.4562,27.6174,26.8357,26.1061,25.4242,24.7862,24.1885,23.6278,23.1013,22.6064,22.1407,21.7021,21.2885,20.8983,20.5298,20.1814,19.8519,19.54,19.2445,18.9643,18.6985,18.4462,18.2065,17.9786,17.7618,17.5555,17.3589,17.1716,16.9928,16.8222,16.6593,16.5034,16.3543,16.2115,16.0747,15.9433,15.8171,15.6958,15.579,15.4664,15.3577,15.2526,15.1509,15.0522,14.9564,14.8632,14.7723,14.6836,14.5968,14.5117,14.4281,14.3459,14.2648,14.1848,14.1055,14.027,13.949,13.8713,13.794,13.7168,13.6397,13.5626,13.4854,13.4079,13.3302,13.2521,13.1737,13.0949,13.0156,12.9358,12.8554,12.7746,12.6933,12.6114,12.5291,12.4462,12.3628,12.279,12.1948,12.1101,12.0251,11.9398,11.8542,11.7683,11.6822,11.5959,11.5096,11.4232,11.3367,11.2503,11.1639,11.0776,10.9915,10.9056,10.8199,10.7345,10.6494,10.5647,10.4803,10.3964,10.3129,10.2298,10.1472,10.0652,9.98373,9.9028,9.82246,9.74272,9.66359,9.58509,9.50723,9.43002,9.35347,9.2776,9.20239,9.12787,9.05403,8.98087,8.90841,8.83663,8.76555,8.69515,
 ,137,10.3299,10.3787,10.4275,10.4762,10.5249,10.5736,10.6223,10.671,10.7197,10.7685,10.8174,10.8664,10.9155,10.9648,11.0142,11.0639,11.1138,11.164,11.2145,11.2653,11.3166,11.3683,11.4204,11.4731,11.5263,11.5802,11.6347,11.6899,11.7459,11.8027,11.8604,11.919,11.9786,12.0394,12.1012,12.1643,12.2286,12.2944,12.3615,12.4302,12.5005,12.5726,12.6464,12.7221,12.7998,12.8797,12.9618,13.0462,13.1331,13.2226,13.3148,13.41,13.5081,13.6094,13.7141,13.8224,13.9343,14.0502,14.1702,14.2945,14.4233,14.557,14.6958,14.8399,14.9897,15.1454,15.3074,15.4761,15.6518,15.8349,16.0259,16.2252,16.4333,16.6508,16.8782,17.1162,17.3654,17.6265,17.9004,18.1879,18.4898,18.8072,19.1412,19.4929,19.8636,20.2547,20.6677,21.1043,21.5663,22.0558,22.5749,23.1261,23.7121,24.3359,25.0008,25.7104,26.4688,27.2807,28.1511,29.0858,30.0912,31.1746,32.3442,33.6094,34.9807,36.4701,38.0916,39.861,41.7966,43.9195,46.2542,48.8293,51.6783,54.8405,58.3623,62.2986,66.7152,71.6903,77.3185,83.7141,91.0158,99.3932,109.054,120.255,133.311,148.614,166.645,187.995,213.378,243.637,279.717,322.579,372.992,431.122,495.831,563.713,628.246,679.974,708.759,707.905,677.611,624.871,559.893,492.026,427.615,369.911,319.953,277.52,241.819,211.886,186.777,165.657,147.819,132.678,119.757,108.672,99.11,90.8178,83.5902,77.2595,71.6888,66.7649,62.3946,58.5001,55.0167,51.8898,49.0736,46.5292,44.2234,42.1279,40.2184,38.4739,36.8764,35.4102,34.0615,32.8183,31.6702,30.6079,29.6233,28.7091,27.859,27.0672,26.3288,25.6391,24.9941,24.3902,23.8241,23.2927,22.7935,22.324,21.882,21.4655,21.0727,20.702,20.3517,20.0205,19.7072,19.4105,19.1294,18.8628,18.6099,18.3698,18.1417,17.9248,17.7185,17.5221,17.335,17.1567,16.9866,16.8242,16.6691,16.5207,16.3787,16.2427,16.1123,15.9871,15.8668,15.7511,15.6396,15.532,15.428,15.3274,15.2299,15.1352,15.0431,14.9533,14.8656,14.7798,14.6956,14.613,14.5316,14.4513,14.3719,14.2933,14.2153,14.1377,14.0604,13.9833,13.9062,13.8292,13.7519,13.6745,13.5967,13.5185,13.4399,13.3608,13.2811,13.2009,13.12,13.0386,12.9565,12.8738,12.7905,12.7066,12.622,12.537,12.4513,12.3652,12.2786,12.1916,12.1042,12.0164,11.9284,11.8401,11.7516,11.663,11.5742,11.4855,11.3967,11.308,11.2195,11.131,11.0428,10.9548,10.8671,10.7797,10.6927,10.6061,10.5199,10.4342,10.349,10.2644,10.1802,10.0967,10.0137,9.93139,9.84969,9.76865,9.68826,9.60855,9.52953,9.45121,9.37359,9.29669,9.2205,9.14502,9.07027,8.99625,8.92294,8.85037,8.77851,
 ,136,10.4383,10.4876,10.5368,10.5859,10.635,10.684,10.733,10.782,10.831,10.88,10.9291,10.9783,11.0276,11.0771,11.1267,11.1765,11.2265,11.2768,11.3273,11.3783,11.4295,11.4813,11.5334,11.5861,11.6393,11.6931,11.7476,11.8027,11.8587,11.9154,11.973,12.0316,12.0911,12.1517,12.2135,12.2764,12.3407,12.4063,12.4733,12.5419,12.6121,12.684,12.7578,12.8334,12.911,12.9908,13.0728,13.1572,13.244,13.3335,13.4257,13.5208,13.6189,13.7203,13.8251,13.9334,14.0454,14.1614,14.2815,14.406,14.5351,14.669,14.8081,14.9525,15.1027,15.2588,15.4212,15.5904,15.7666,15.9504,16.142,16.3421,16.551,16.7694,16.9978,17.2369,17.4873,17.7498,18.0251,18.3141,18.6177,18.937,19.273,19.6269,20.0001,20.3939,20.8098,21.2497,21.7153,22.2087,22.7321,23.2881,23.8795,24.5091,25.1805,25.8974,26.6641,27.4851,28.3657,29.312,30.3304,31.4286,32.615,33.8993,35.2924,36.807,38.4574,40.2603,42.2347,44.403,46.791,49.429,52.3524,55.6034,59.2316,63.2964,67.869,73.0351,78.8989,85.5873,93.2562,102.098,112.353,124.321,138.378,155.003,174.799,198.536,227.183,261.952,304.315,355.965,418.635,493.599,580.637,676.252,771.484,851.022,896.557,895.173,847.269,766.314,670.662,575.327,488.919,414.685,352.711,301.667,259.812,225.459,197.151,173.691,154.119,137.68,123.776,111.937,101.791,93.0414,85.4523,78.8335,73.0309,67.919,63.395,59.3742,55.786,52.5719,49.6826,47.0765,44.7185,42.5785,40.631,38.854,37.2284,35.7378,34.3679,33.1064,31.9422,30.8659,29.8689,28.9439,28.0842,27.2841,26.5382,25.842,25.1912,24.5822,24.0115,23.4762,22.9735,22.5009,22.0563,21.6375,21.2426,20.8702,20.5184,20.1861,19.8717,19.5743,19.2926,19.0256,18.7725,18.5323,18.3042,18.0876,17.8816,17.6856,17.4991,17.3214,17.152,16.9904,16.8362,16.6888,16.5479,16.413,16.2838,16.1598,16.0407,15.9262,15.816,15.7097,15.6071,15.5078,15.4116,15.3182,15.2274,15.1388,15.0524,14.9677,14.8847,14.8031,14.7227,14.6433,14.5648,14.4869,14.4095,14.3324,14.2556,14.1788,14.1019,14.0249,13.9476,13.87,13.7919,13.7133,13.6341,13.5543,13.4738,13.3926,13.3107,13.228,13.1446,13.0605,12.9756,12.8901,12.8038,12.7169,12.6293,12.5412,12.4525,12.3634,12.2737,12.1837,12.0934,12.0028,11.9119,11.8209,11.7297,11.6385,11.5473,11.4562,11.3651,11.2742,11.1835,11.0931,11.003,10.9132,10.8239,10.7349,10.6464,10.5584,10.4709,10.384,10.2977,10.212,10.1269,10.0425,9.9588,9.87574,9.7934,9.71177,9.63087,9.55071,9.47129,9.39262,9.3147,9.23754,9.16114,9.0855,9.01063,8.93651,8.86315,
 ,135,10.549,10.5987,10.6483,10.6978,10.7472,10.7966,10.8459,10.8952,10.9444,10.9937,11.0431,11.0924,11.1419,11.1915,11.2412,11.2912,11.3413,11.3916,11.4423,11.4932,11.5445,11.5962,11.6484,11.701,11.7542,11.808,11.8624,11.9174,11.9733,12.0299,12.0874,12.1458,12.2052,12.2657,12.3273,12.3901,12.4542,12.5197,12.5866,12.655,12.725,12.7968,12.8704,12.9459,13.0234,13.103,13.1849,13.2691,13.3559,13.4452,13.5373,13.6324,13.7305,13.8318,13.9365,14.0448,14.1569,14.2729,14.3931,14.5177,14.6469,14.781,14.9202,15.0649,15.2152,15.3716,15.5344,15.704,15.8806,16.0648,16.257,16.4576,16.6672,16.8863,17.1155,17.3555,17.6068,17.8703,18.1468,18.437,18.7421,19.0628,19.4005,19.7562,20.1314,20.5273,20.9457,21.3882,21.8567,22.3533,22.8803,23.4402,24.0359,24.6704,25.3471,26.07,26.8433,27.6717,28.5608,29.5165,30.5456,31.6558,32.8559,34.1558,35.5669,37.102,38.7761,40.6065,42.6129,44.8186,47.2505,49.9403,52.9254,56.2499,59.9666,64.1386,68.8417,74.1682,80.2306,87.1671,95.1488,104.389,115.157,127.793,142.731,160.533,181.924,207.853,239.559,278.66,327.243,387.921,463.754,557.795,671.782,803.3,941.241,1062.04,1133.56,1131.32,1056.12,933.437,795.295,664.569,551.733,458.839,384.003,324.14,276.205,237.615,206.313,180.705,159.571,141.977,127.208,114.713,104.062,94.9212,87.0245,80.1616,74.1637,68.894,64.2417,60.1156,56.4405,53.1542,50.2044,47.5476,45.1466,42.9702,40.9915,39.1878,37.5393,36.0289,34.6418,33.3654,32.1882,31.1005,30.0936,29.1598,28.2925,27.4857,26.7339,26.0324,25.3771,24.7641,24.1899,23.6515,23.1461,22.6712,22.2246,21.8041,21.4079,21.0342,20.6816,20.3484,20.0336,19.7358,19.4539,19.1869,18.9339,18.6939,18.4662,18.25,18.0447,17.8494,17.6637,17.4869,17.3185,17.158,17.0049,16.8588,16.7191,16.5856,16.4577,16.3352,16.2176,16.1046,15.9959,15.8911,15.79,15.6923,15.5976,15.5057,15.4164,15.3293,15.2442,15.1609,15.0792,14.9988,14.9196,14.8412,14.7637,14.6866,14.61,14.5336,14.4573,14.3809,14.3043,14.2274,14.1501,14.0723,13.994,13.9149,13.8352,13.7547,13.6733,13.5911,13.5081,13.4242,13.3394,13.2538,13.1673,13.08,12.9918,12.903,12.8134,12.7231,12.6322,12.5408,12.4488,12.3564,12.2636,12.1705,12.0771,11.9835,11.8898,11.796,11.7022,11.6084,11.5148,11.4213,11.3281,11.2351,11.1424,11.0501,10.9582,10.8668,10.7758,10.6854,10.5956,10.5064,10.4178,10.3298,10.2425,10.1559,10.0701,9.98495,9.90056,9.81693,9.73408,9.652,9.57071,9.49021,9.41051,9.33161,9.25351,9.17621,9.0997,9.02399,8.94908,
 ,134,10.6619,10.712,10.762,10.8119,10.8617,10.9114,10.961,11.0106,11.0601,11.1097,11.1592,11.2088,11.2584,11.3082,11.358,11.408,11.4582,11.5087,11.5593,11.6103,11.6616,11.7133,11.7654,11.818,11.8711,11.9248,11.9791,12.034,12.0897,12.1462,12.2036,12.2618,12.3211,12.3814,12.4428,12.5054,12.5693,12.6346,12.7013,12.7695,12.8394,12.9109,12.9843,13.0596,13.1369,13.2164,13.298,13.3821,13.4687,13.5579,13.6499,13.7448,13.8427,13.944,14.0486,14.1568,14.2688,14.3848,14.5049,14.6295,14.7588,14.8929,15.0322,15.177,15.3275,15.484,15.647,15.8168,15.9937,16.1783,16.3708,16.5718,16.7819,17.0015,17.2313,17.4719,17.7239,17.9882,18.2655,18.5567,18.8628,19.1847,19.5236,19.8808,20.2574,20.6551,21.0753,21.5198,21.9905,22.4896,23.0193,23.5822,24.1812,24.8193,25.5002,26.2276,27.006,27.8402,28.7356,29.6985,30.7358,31.8552,33.0658,34.3777,35.8024,37.3533,39.0456,40.897,42.928,45.1623,47.6279,50.3576,53.3901,56.7714,60.5564,64.8112,69.6155,75.0668,81.284,88.4147,96.6424,106.198,117.373,130.543,146.191,164.95,187.653,215.409,249.707,292.555,346.655,415.596,503.965,617.09,759.699,932.1,1122.43,1297.43,1404.75,1401.28,1288.5,1111.21,921.199,750.374,609.595,498.105,411.057,343.14,289.824,247.576,213.74,186.344,163.925,145.392,129.927,116.908,105.857,96.4069,88.2686,81.2149,75.0647,69.6726,64.9209,60.7134,56.9714,53.6296,50.6335,47.9377,45.5039,43.2997,41.2973,39.4733,37.8073,36.2819,34.8819,33.5942,32.4072,31.311,30.2966,29.3564,28.4834,27.6716,26.9154,26.2102,25.5516,24.9356,24.359,23.8185,23.3113,22.8349,22.387,21.9654,21.5684,21.1941,20.841,20.5077,20.1927,19.8949,19.6133,19.3466,19.094,18.8547,18.6277,18.4123,18.2078,18.0136,17.829,17.6534,17.4862,17.3271,17.1754,17.0307,16.8926,16.7606,16.6344,16.5135,16.3976,16.2864,16.1794,16.0764,15.9771,15.8811,15.7882,15.698,15.6103,15.5249,15.4414,15.3597,15.2795,15.2005,15.1226,15.0455,14.969,14.893,14.8172,14.7416,14.6659,14.59,14.5138,14.4371,14.3599,14.282,14.2034,14.124,14.0436,13.9624,13.8802,13.797,13.7127,13.6275,13.5413,13.454,13.3658,13.2766,13.1865,13.0956,13.0038,12.9113,12.818,12.7242,12.6297,12.5347,12.4393,12.3436,12.2475,12.1512,12.0547,11.9582,11.8616,11.7651,11.6687,11.5724,11.4764,11.3807,11.2854,11.1904,11.0959,11.0019,10.9084,10.8154,10.7231,10.6314,10.5404,10.4501,10.3605,10.2717,10.1836,10.0963,10.0098,9.92408,9.8392,9.75514,9.67191,9.58952,9.50797,9.42726,9.34739,9.26837,9.19019,9.11285,9.03633,
 ,133,10.7772,10.8277,10.8782,10.9284,10.9786,11.0286,11.0785,11.1284,11.1782,11.228,11.2777,11.3275,11.3773,11.4271,11.4771,11.5272,11.5775,11.6279,11.6786,11.7296,11.7809,11.8325,11.8846,11.9371,11.9901,12.0436,12.0978,12.1526,12.2082,12.2645,12.3216,12.3797,12.4388,12.4988,12.56,12.6224,12.6861,12.7511,12.8176,12.8855,12.9551,13.0265,13.0996,13.1746,13.2517,13.3309,13.4123,13.4962,13.5825,13.6715,13.7633,13.858,13.9557,14.0568,14.1612,14.2693,14.3812,14.497,14.6171,14.7416,14.8707,15.0048,15.1441,15.2889,15.4394,15.596,15.7591,15.9289,16.106,16.2907,16.4834,16.6847,16.895,17.115,17.3451,17.5861,17.8386,18.1034,18.3813,18.6731,18.9799,19.3026,19.6424,20.0004,20.3781,20.7769,21.1984,21.6443,22.1166,22.6173,23.1489,23.7139,24.3151,24.9558,25.6395,26.3701,27.1519,27.99,28.8899,29.8577,30.9005,32.0263,33.244,34.564,35.998,37.5596,39.2642,41.1299,43.1774,45.4312,47.9196,50.6763,53.7409,57.1607,60.9921,65.3031,70.1764,75.7125,82.0355,89.299,97.6952,107.467,118.923,132.463,148.605,168.034,191.66,220.716,256.877,302.454,360.643,435.848,533.999,662.587,829.52,1038.74,1279.37,1509.68,1655.18,1650.33,1497.53,1264.7,1025.12,818.342,653.902,527.387,430.83,356.82,299.521,254.61,218.955,190.289,166.966,147.778,131.829,118.446,107.12,97.4575,89.1539,81.97,75.7162,70.2409,65.4217,61.1592,57.372,53.9927,50.9653,48.2434,45.7875,43.5646,41.5464,39.7088,38.0312,36.4958,35.0872,33.792,32.5986,31.4967,30.4775,29.5331,28.6564,27.8414,27.0826,26.375,25.7144,25.0968,24.5187,23.977,23.4689,22.9917,22.5433,22.1214,21.7241,21.3498,20.9968,20.6637,20.3491,20.0518,19.7707,19.5048,19.2531,19.0146,18.7887,18.5744,18.3711,18.1782,17.995,17.8208,17.6553,17.4977,17.3477,17.2047,17.0684,16.9383,16.8139,16.695,16.581,16.4718,16.3668,16.2658,16.1685,16.0745,15.9836,15.8954,15.8096,15.7261,15.6444,15.5644,15.4859,15.4085,15.3321,15.2564,15.1812,15.1064,15.0317,14.9569,14.882,14.8067,14.731,14.6546,14.5775,14.4995,14.4207,14.3409,14.26,14.178,14.0948,14.0106,13.9251,13.8385,13.7507,13.6617,13.5716,13.4805,13.3883,13.2951,13.201,13.1061,13.0103,12.9138,12.8167,12.719,12.6208,12.5222,12.4233,12.3241,12.2247,12.1252,12.0257,11.9263,11.8269,11.7278,11.6289,11.5303,11.4321,11.3344,11.2371,11.1403,11.0441,10.9485,10.8536,10.7593,10.6658,10.573,10.481,10.3898,10.2994,10.2099,10.1211,10.0333,9.94627,9.86015,9.7749,9.69055,9.60709,9.52451,9.44283,9.36203,9.28211,9.20308,9.12493,
 ,132,10.8949,10.9459,10.9967,11.0474,11.0979,11.1483,11.1985,11.2486,11.2987,11.3487,11.3986,11.4486,11.4985,11.5485,11.5986,11.6487,11.699,11.7495,11.8002,11.8511,11.9024,11.954,12.0059,12.0583,12.1112,12.1646,12.2186,12.2732,12.3286,12.3847,12.4416,12.4995,12.5583,12.6181,12.679,12.7412,12.8046,12.8693,12.9354,13.0031,13.0724,13.1434,13.2163,13.291,13.3678,13.4467,13.5278,13.6113,13.6974,13.7861,13.8776,13.972,14.0696,14.1703,14.2745,14.3824,14.494,14.6097,14.7295,14.8538,14.9828,15.1168,15.2559,15.4006,15.551,15.7075,15.8705,16.0404,16.2174,16.4021,16.5949,16.7962,17.0066,17.2267,17.457,17.6981,17.9508,18.2159,18.494,18.7862,19.0933,19.4164,19.7567,20.1152,20.4935,20.8929,21.315,21.7617,22.2348,22.7365,23.2691,23.8352,24.4377,25.0797,25.7649,26.4971,27.2809,28.121,29.0232,29.9936,31.0393,32.1683,33.3898,34.714,36.1528,37.7198,39.4307,41.3036,43.3596,45.6232,48.1232,50.8935,53.9742,57.4132,61.2678,65.6069,70.5145,76.093,82.4685,89.798,98.2779,108.157,119.753,133.476,149.863,169.623,193.708,223.407,260.492,307.426,367.652,445.995,549.09,685.599,865.254,1094.28,1362.93,1625.13,1793.17,1787.48,1611.05,1346.29,1079.17,853.097,676.301,542.096,440.737,363.676,304.392,258.16,221.604,192.309,168.538,149.025,132.836,119.275,107.812,98.0446,89.6591,82.4107,76.1057,70.5892,65.7368,61.4471,57.6375,54.2397,51.197,48.4622,45.9955,43.7634,41.7374,39.8932,38.21,36.6698,35.257,33.9583,32.7618,31.6574,30.636,29.6897,28.8115,27.9951,27.2352,26.5268,25.8654,25.2473,24.6689,24.127,23.6188,23.1418,22.6935,22.2719,21.8751,21.5013,21.1489,20.8165,20.5028,20.2064,19.9264,19.6615,19.411,19.1738,18.9492,18.7364,18.5347,18.3434,18.1618,17.9894,17.8257,17.67,17.522,17.381,17.2467,17.1187,16.9965,16.8798,16.768,16.661,16.5583,16.4596,16.3645,16.2728,16.1841,16.0981,16.0145,15.9331,15.8535,15.7755,15.6989,15.6233,15.5486,15.4745,15.4008,15.3273,15.2538,15.1801,15.1061,15.0315,14.9563,14.8803,14.8034,14.7254,14.6464,14.5662,14.4847,14.4019,14.3179,14.2324,14.1457,14.0575,13.9681,13.8773,13.7853,13.692,13.5976,13.502,13.4055,13.3079,13.2095,13.1102,13.0102,12.9096,12.8084,12.7068,12.6048,12.5025,12.4,12.2974,12.1948,12.0922,11.9898,11.8876,11.7856,11.684,11.5828,11.482,11.3818,11.2821,11.1831,11.0847,10.9871,10.8901,10.794,10.6986,10.6041,10.5104,10.4176,10.3257,10.2346,10.1445,10.0553,9.96707,9.87975,9.79336,9.70791,9.6234,9.53984,9.4572,9.3755,9.29473,9.21487,
 ,131,11.0151,11.0666,11.1178,11.1689,11.2198,11.2705,11.321,11.3714,11.4217,11.4719,11.5221,11.5722,11.6222,11.6723,11.7225,11.7727,11.823,11.8735,11.9242,11.9751,12.0262,12.0777,12.1295,12.1818,12.2345,12.2878,12.3416,12.396,12.4511,12.507,12.5637,12.6212,12.6797,12.7393,12.7999,12.8617,12.9248,12.9891,13.055,13.1223,13.1913,13.2619,13.3344,13.4088,13.4852,13.5637,13.6445,13.7277,13.8134,13.9017,13.9929,14.087,14.1842,14.2846,14.3885,14.496,14.6074,14.7227,14.8423,14.9664,15.0951,15.2288,15.3677,15.5121,15.6623,15.8187,15.9815,16.1511,16.328,16.5126,16.7052,16.9064,17.1167,17.3367,17.5669,17.808,18.0606,18.3257,18.6038,18.896,19.2031,19.5263,19.8665,20.2251,20.6035,21.003,21.4252,21.872,22.3452,22.847,23.3798,23.946,24.5487,25.1909,25.8763,26.6087,27.3927,28.2331,29.1355,30.1061,31.152,32.2813,33.5029,34.8273,36.2663,37.8336,39.5446,41.4177,43.4737,45.7373,48.2373,51.0075,54.088,57.5266,61.3806,65.7189,70.6252,76.2019,82.575,89.901,98.3761,108.248,119.834,133.543,149.91,169.639,193.676,223.3,260.266,307.001,366.893,444.653,546.715,681.368,857.712,1081.09,1341.13,1593,1753.47,1748.04,1579.51,1325.09,1066.41,845.819,672.219,539.803,439.442,362.943,303.985,257.946,221.507,192.286,168.563,149.081,132.913,119.366,107.914,98.1537,89.7736,82.5293,76.2272,70.7131,65.8624,61.5742,57.7658,54.3689,51.327,48.5929,46.1268,43.8953,41.8698,40.0261,38.3432,36.8034,35.3911,34.0928,32.8968,31.7928,30.7719,29.8261,28.9484,28.1326,27.3732,26.6654,26.0047,25.3873,24.8096,24.2685,23.7612,23.285,22.8376,22.417,22.0213,21.6486,21.2974,20.9662,20.6538,20.3588,20.0802,19.8169,19.5679,19.3324,19.1095,18.8985,18.6986,18.5092,18.3296,18.1593,17.9976,17.8441,17.6983,17.5597,17.4278,17.3021,17.1824,17.0681,16.9588,16.8543,16.7542,16.658,16.5655,16.4763,16.3901,16.3065,16.2254,16.1464,16.0691,15.9934,15.9189,15.8453,15.7726,15.7003,15.6283,15.5563,15.4842,15.4117,15.3387,15.265,15.1904,15.1148,15.0382,14.9603,14.8811,14.8005,14.7184,14.6349,14.5498,14.4632,14.3751,14.2853,14.1941,14.1014,14.0073,13.9118,13.8149,13.7168,13.6175,13.5172,13.4159,13.3136,13.2106,13.1068,13.0025,12.8976,12.7923,12.6867,12.5809,12.475,12.3691,12.2632,12.1574,12.0519,11.9467,11.8419,11.7375,11.6336,11.5303,11.4276,11.3256,11.2242,11.1237,11.0239,10.925,10.8269,10.7298,10.6335,10.5382,10.4438,10.3504,10.2579,10.1664,10.076,9.98646,9.89797,9.81047,9.72396,9.63845,9.55392,9.47037,9.3878,9.3062,
 ,130,11.1379,11.1898,11.2415,11.293,11.3442,11.3953,11.4461,11.4968,11.5474,11.5978,11.6481,11.6983,11.7485,11.7987,11.8489,11.8992,11.9495,12,12.0506,12.1014,12.1525,12.2039,12.2555,12.3076,12.3602,12.4132,12.4668,12.5209,12.5758,12.6314,12.6877,12.745,12.8032,12.8624,12.9226,12.9841,13.0468,13.1108,13.1762,13.2432,13.3117,13.382,13.454,13.528,13.604,13.6821,13.7625,13.8453,13.9305,14.0185,14.1092,14.2029,14.2997,14.3997,14.5032,14.6104,14.7213,14.8363,14.9555,15.0792,15.2075,15.3409,15.4794,15.6235,15.7734,15.9294,16.0919,16.2612,16.4378,16.6221,16.8144,17.0153,17.2253,17.445,17.6749,17.9157,18.1681,18.4328,18.7106,19.0025,19.3093,19.6321,19.972,20.3302,20.7082,21.1072,21.529,21.9752,22.4479,22.949,23.4811,24.0465,24.6483,25.2895,25.9738,26.705,27.4875,28.3262,29.2267,30.1952,31.2387,32.3651,33.5835,34.9041,36.3388,37.9009,39.606,41.4721,43.5199,45.7738,48.2622,51.0186,54.0825,57.5011,61.3307,65.6392,70.5088,76.0398,82.3557,89.6092,97.9913,107.743,119.171,132.671,148.753,168.093,191.585,220.43,256.256,301.288,358.565,432.209,527.645,651.464,810.127,1005.7,1226.3,1433.36,1562.24,1557.92,1422.44,1212.92,993.052,799.565,643.137,521.235,427.309,354.812,298.401,254.025,218.699,190.241,167.052,147.953,132.065,118.724,107.428,97.7865,89.4985,82.3263,76.0813,70.6128,65.799,61.5408,57.757,54.3805,51.3556,48.6357,46.1816,43.9603,41.9435,40.1073,38.4311,36.8969,35.4896,34.1957,33.0036,31.9031,30.8853,29.9423,29.0672,28.2538,27.4967,26.791,26.1323,25.5168,24.9409,24.4016,23.8959,23.4214,22.9758,22.5569,22.1628,21.7918,21.4423,21.1129,20.8022,20.509,20.2323,19.9708,19.7238,19.4903,19.2695,19.0606,18.8629,18.6757,18.4984,18.3305,18.1712,18.0202,17.877,17.7409,17.6116,17.4887,17.3716,17.2601,17.1537,17.052,16.9547,16.8613,16.7716,16.6853,16.6019,16.5211,16.4427,16.3663,16.2916,16.2184,16.1463,16.0751,16.0045,15.9343,15.8641,15.7939,15.7233,15.6522,15.5804,15.5077,15.4339,15.3589,15.2825,15.2048,15.1254,15.0445,14.9619,14.8775,14.7914,14.7035,14.6139,14.5225,14.4294,14.3346,14.2382,14.1402,14.0408,13.9399,13.8378,13.7344,13.63,13.5245,13.4182,13.3111,13.2033,13.095,12.9862,12.8771,12.7677,12.6583,12.5488,12.4393,12.3301,12.2211,12.1124,12.0042,11.8964,11.7892,11.6826,11.5767,11.4715,11.3671,11.2635,11.1608,11.059,10.9581,10.8581,10.7592,10.6612,10.5643,10.4683,10.3735,10.2796,10.1868,10.0951,10.0044,9.91479,9.82621,9.73869,9.6522,9.56676,9.48233,9.39893,
 ,129,11.2635,11.3159,11.368,11.4198,11.4715,11.5228,11.574,11.6249,11.6757,11.7263,11.7768,11.8272,11.8775,11.9278,11.9781,12.0283,12.0786,12.1291,12.1796,12.2303,12.2813,12.3325,12.384,12.4359,12.4882,12.541,12.5943,12.6482,12.7027,12.758,12.814,12.8709,12.9287,12.9875,13.0474,13.1084,13.1707,13.2343,13.2993,13.3657,13.4338,13.5036,13.5752,13.6487,13.7242,13.8019,13.8818,13.9641,14.0489,14.1363,14.2266,14.3198,14.4161,14.5157,14.6187,14.7254,14.8358,14.9503,15.0691,15.1923,15.3202,15.4531,15.5912,15.7348,15.8843,16.0398,16.2019,16.3708,16.5469,16.7307,16.9225,17.123,17.3325,17.5517,17.7811,18.0214,18.2732,18.5373,18.8145,19.1058,19.4119,19.734,20.0731,20.4305,20.8075,21.2056,21.6263,22.0714,22.5428,23.0425,23.573,24.1367,24.7366,25.3756,26.0575,26.7859,27.5653,28.4006,29.2972,30.2612,31.2996,32.4202,33.6319,34.9448,36.3706,37.9224,39.6155,41.4676,43.4991,45.7337,48.1992,50.9284,53.9598,57.3393,61.1215,65.3723,70.1709,75.614,81.82,88.935,97.1407,106.665,117.797,130.904,146.462,165.086,187.588,215.035,248.852,290.93,343.777,410.642,495.53,602.818,735.839,893.375,1063.28,1215.98,1308.01,1304.93,1208.02,1053.15,883.358,727.118,595.699,489.897,406.242,340.353,288.263,246.772,213.412,186.322,164.105,145.708,130.336,117.381,106.377,96.9599,88.8463,81.8111,75.6751,70.2939,65.5508,61.3502,57.6138,54.2765,51.2843,48.5919,46.1611,43.9595,41.9595,40.1378,38.474,36.9507,35.5528,34.2672,33.0824,31.9884,30.9764,30.0386,29.1682,28.359,27.6058,26.9036,26.2482,25.6358,25.0628,24.5262,24.0232,23.5512,23.108,22.6914,22.2996,21.9309,21.5837,21.2565,20.9481,20.6572,20.3827,20.1235,19.8788,19.6477,19.4293,19.2229,19.0277,18.8431,18.6684,18.5031,18.3466,18.1984,18.058,17.9249,17.7985,17.6786,17.5646,17.4561,17.3528,17.2543,17.1601,17.0699,16.9834,16.9001,16.8198,16.7422,16.6668,16.5934,16.5216,16.4511,16.3817,16.3131,16.245,16.177,16.109,16.0408,15.9719,15.9024,15.8319,15.7603,15.6875,15.6131,15.5372,15.4596,15.3802,15.2989,15.2157,15.1305,15.0432,14.954,14.8628,14.7696,14.6745,14.5774,14.4786,14.378,14.2757,14.1719,14.0667,13.9601,13.8523,13.7434,13.6335,13.5228,13.4113,13.2993,13.1867,13.0738,12.9607,12.8474,12.7341,12.621,12.508,12.3953,12.2829,12.171,12.0597,11.949,11.8389,11.7296,11.6211,11.5135,11.4067,11.3009,11.196,11.0921,10.9893,10.8875,10.7868,10.6872,10.5886,10.4912,10.3949,10.2997,10.2057,10.1127,10.0209,9.93019,9.84058,9.75207,9.66466,9.57833,9.49307,
 ,128,11.3918,11.4447,11.4973,11.5495,11.6015,11.6532,11.7047,11.7559,11.8069,11.8577,11.9084,11.9589,12.0093,12.0596,12.1099,12.1602,12.2105,12.2608,12.3113,12.3619,12.4127,12.4637,12.515,12.5666,12.6187,12.6712,12.7242,12.7778,12.832,12.8868,12.9425,12.999,13.0564,13.1147,13.1742,13.2347,13.2965,13.3596,13.4241,13.4901,13.5577,13.627,13.698,13.771,13.846,13.9231,14.0025,14.0842,14.1685,14.2554,14.3451,14.4377,14.5335,14.6325,14.735,14.8411,14.951,15.065,15.1832,15.3058,15.4332,15.5655,15.7031,15.8461,15.995,16.15,16.3114,16.4797,16.6552,16.8384,17.0296,17.2294,17.4383,17.6568,17.8854,18.1249,18.376,18.6393,18.9156,19.2059,19.511,19.832,20.17,20.5261,20.9017,21.2983,21.7174,22.1607,22.6301,23.1277,23.6557,24.2168,24.8137,25.4494,26.1275,26.8518,27.6266,28.4566,29.3472,30.3045,31.3352,32.447,33.6487,34.9501,36.3626,37.8991,39.5745,41.4058,43.413,45.6192,48.0511,50.7403,53.7241,57.0464,60.7595,64.9262,69.6219,74.9379,80.9857,87.902,95.8557,105.057,115.77,128.328,143.155,160.795,181.948,207.519,238.682,276.944,324.213,382.815,455.364,544.269,650.489,771.047,895.351,1002.53,1065.23,1063.09,996.903,887.944,763.437,643.599,538.442,450.612,379.011,321.193,274.556,236.798,206.036,180.786,159.891,142.462,127.808,115.395,104.803,95.7045,87.8399,81.0012,75.0218,69.7666,65.1257,61.0088,57.3412,54.0611,51.1167,48.4644,46.0674,43.8946,41.9193,40.1187,38.4731,36.9657,35.5816,34.3081,33.1339,32.0493,31.0457,30.1153,29.2516,28.4485,27.7008,27.0036,26.3528,25.7446,25.1756,24.6427,24.1431,23.6744,23.2344,22.8208,22.432,22.0661,21.7216,21.3972,21.0915,20.8033,20.5315,20.2751,20.0331,19.8047,19.5891,19.3854,19.1931,19.0114,18.8397,18.6774,18.524,18.3789,18.2416,18.1117,17.9887,17.872,17.7614,17.6564,17.5565,17.4614,17.3707,17.284,17.201,17.1212,17.0444,16.9701,16.8981,16.828,16.7594,16.6921,16.6257,16.56,16.4946,16.4292,16.3636,16.2975,16.2307,16.163,16.094,16.0237,15.9519,15.8783,15.8029,15.7255,15.6461,15.5645,15.4806,15.3945,15.3062,15.2155,15.1226,15.0274,14.9301,14.8307,14.7292,14.6257,14.5205,14.4135,14.3049,14.1948,14.0834,13.9707,13.857,13.7424,13.627,13.5109,13.3943,13.2774,13.1602,13.0428,12.9255,12.8083,12.6913,12.5746,12.4584,12.3427,12.2275,12.1131,11.9994,11.8865,11.7745,11.6634,11.5533,11.4442,11.3361,11.2291,11.1233,11.0185,10.915,10.8125,10.7113,10.6112,10.5124,10.4147,10.3182,10.2229,10.1288,10.0359,9.94414,9.85355,9.76411,9.67582,9.58865,
 ,127,11.5231,11.5765,11.6295,11.6822,11.7345,11.7866,11.8383,11.8898,11.941,11.992,12.0429,12.0935,12.144,12.1943,12.2446,12.2949,12.3451,12.3954,12.4457,12.4961,12.5467,12.5976,12.6486,12.7,12.7518,12.804,12.8566,12.9098,12.9636,13.0181,13.0733,13.1294,13.1863,13.2442,13.3031,13.3632,13.4244,13.487,13.5509,13.6164,13.6834,13.7521,13.8226,13.8949,13.9693,14.0458,14.1246,14.2057,14.2893,14.3756,14.4647,14.5567,14.6519,14.7503,14.8521,14.9576,15.0669,15.1802,15.2977,15.4198,15.5465,15.6781,15.815,15.9574,16.1055,16.2598,16.4206,16.5882,16.7629,16.9453,17.1357,17.3347,17.5427,17.7603,17.988,18.2266,18.4765,18.7387,19.0139,19.3029,19.6067,19.9262,20.2626,20.6171,20.9909,21.3854,21.8023,22.2432,22.7099,23.2046,23.7295,24.2869,24.8798,25.5112,26.1844,26.9031,27.6716,28.4946,29.3773,30.3256,31.3461,32.4464,33.6349,34.9211,36.3162,37.8326,39.4846,41.2889,43.2644,45.4334,47.8216,50.459,53.3811,56.6295,60.2536,64.3124,68.8764,74.0304,79.8774,86.5426,94.1796,102.978,113.172,125.054,138.991,155.445,174.995,198.375,226.498,260.493,301.708,351.663,411.865,483.352,565.782,655.885,745.501,820.519,863.547,862.01,816.444,740.062,650.165,560.453,478.708,407.971,348.469,299.121,258.413,224.836,197.055,173.955,154.634,138.371,124.592,112.843,102.763,94.0631,86.5112,79.9207,74.14,69.0454,64.5352,60.5254,56.9465,53.74,50.8572,48.2568,45.9037,43.7683,41.825,40.0518,38.43,36.9432,35.577,34.3192,33.1589,32.0865,31.0937,30.1731,29.318,28.5227,27.782,27.0912,26.4463,25.8435,25.2794,24.7512,24.2559,23.7913,23.3551,22.9452,22.5599,22.1975,21.8563,21.5352,21.2326,20.9475,20.6789,20.4255,20.1867,19.9614,19.7489,19.5484,19.3593,19.1808,19.0124,18.8535,18.7035,18.5618,18.4281,18.3017,18.1823,18.0693,17.9624,17.8611,17.765,17.6738,17.5869,17.5041,17.4249,17.349,17.276,17.2055,17.1372,17.0707,17.0058,16.9419,16.8789,16.8163,16.754,16.6915,16.6286,16.565,16.5004,16.4347,16.3675,16.2987,16.228,16.1554,16.0806,16.0035,15.924,15.8421,15.7576,15.6706,15.581,15.4888,15.394,15.2968,15.1971,15.095,14.9907,14.8842,14.7756,14.6652,14.5529,14.4391,14.3237,14.2071,14.0892,13.9704,13.8507,13.7303,13.6094,13.4881,13.3665,13.2448,13.1231,13.0016,12.8804,12.7595,12.6391,12.5193,12.4001,12.2817,12.1642,12.0475,11.9318,11.817,11.7034,11.5908,11.4794,11.3692,11.2602,11.1523,11.0458,10.9404,10.8364,10.7336,10.632,10.5318,10.4328,10.3351,10.2386,10.1434,10.0494,9.95667,9.86514,9.77481,9.68567,
 ,126,11.6574,11.7113,11.7647,11.8178,11.8706,11.923,11.975,12.0268,12.0782,12.1294,12.1804,12.2311,12.2816,12.332,12.3823,12.4325,12.4827,12.5328,12.583,12.6333,12.6837,12.7342,12.785,12.8361,12.8875,12.9393,12.9916,13.0444,13.0978,13.1518,13.2066,13.2621,13.3185,13.3759,13.4342,13.4937,13.5544,13.6164,13.6797,13.7446,13.8109,13.879,13.9488,14.0205,14.0943,14.1701,14.2482,14.3286,14.4116,14.4972,14.5856,14.6769,14.7713,14.869,14.9702,15.0749,15.1835,15.2961,15.4129,15.5342,15.6601,15.791,15.9271,16.0687,16.2161,16.3695,16.5294,16.6961,16.87,17.0515,17.2409,17.4389,17.6459,17.8624,18.0889,18.3263,18.575,18.8358,19.1095,19.3969,19.699,20.0168,20.3512,20.7035,21.0751,21.4671,21.8813,22.3191,22.7826,23.2736,23.7944,24.3475,24.9354,25.5612,26.2283,26.9402,27.701,28.5153,29.3882,30.3254,31.3334,32.4194,33.5916,34.8593,36.2329,37.7247,39.3483,41.1195,43.0566,45.1805,47.5156,50.0904,52.9381,56.0978,59.6153,63.5453,67.9526,72.9148,78.5251,84.8962,92.1645,100.496,110.095,121.21,134.148,149.287,167.09,188.121,213.057,242.694,277.915,319.624,368.561,424.962,487.963,554.719,619.36,672.441,702.546,701.413,669.438,615.335,550.434,483.889,421.326,365.437,317.003,275.75,240.925,211.626,186.973,166.181,148.578,133.608,120.812,109.82,100.327,92.0867,84.899,78.5993,73.0528,68.1482,63.7933,59.9115,56.4385,53.3205,50.5118,47.974,45.674,43.5838,41.6793,39.9395,38.3466,36.8848,35.5405,34.3019,33.1584,32.1009,31.1213,30.2124,29.3679,28.5821,27.8499,27.1669,26.5291,25.9327,25.3746,24.8519,24.3618,23.9021,23.4704,23.0649,22.6837,22.3252,21.9879,21.6705,21.3716,21.0901,20.8249,20.5751,20.3397,20.1179,19.9089,19.712,19.5264,19.3515,19.1867,19.0315,18.8852,18.7474,18.6175,18.495,18.3795,18.2706,18.1678,18.0706,17.9787,17.8916,17.809,17.7304,17.6555,17.5838,17.515,17.4487,17.3846,17.3221,17.2611,17.2011,17.1418,17.0828,17.0239,16.9646,16.9047,16.8439,16.7819,16.7184,16.6532,16.586,16.5168,16.4452,16.3711,16.2944,16.215,16.1327,16.0476,15.9596,15.8686,15.7748,15.6781,15.5786,15.4763,15.3714,15.2639,15.1541,15.042,14.9277,14.8115,14.6936,14.574,14.4529,14.3306,14.2072,14.0829,13.9579,13.8323,13.7063,13.58,13.4536,13.3273,13.2012,13.0754,12.95,12.8252,12.701,12.5776,12.455,12.3333,12.2127,12.093,11.9745,11.8571,11.741,11.626,11.5124,11.4,11.289,11.1793,11.0709,10.9639,10.8582,10.7539,10.651,10.5494,10.4491,10.3502,10.2527,10.1564,10.0614,9.96774,9.87533,9.78417,
 ,125,11.7949,11.8493,11.9032,11.9567,12.0098,12.0625,12.1149,12.1669,12.2186,12.2699,12.321,12.3718,12.4224,12.4728,12.5231,12.5732,12.6233,12.6733,12.7233,12.7733,12.8235,12.8738,12.9243,12.975,13.0261,13.0775,13.1293,13.1817,13.2346,13.2881,13.3423,13.3973,13.4531,13.5099,13.5677,13.6266,13.6866,13.7479,13.8106,13.8747,13.9404,14.0078,14.0769,14.1479,14.2209,14.296,14.3734,14.4531,14.5353,14.6201,14.7077,14.7983,14.8919,14.9888,15.0892,15.1931,15.3009,15.4127,15.5286,15.6491,15.7742,15.9042,16.0394,16.1801,16.3266,16.4791,16.638,16.8037,16.9765,17.1569,17.3453,17.5421,17.7478,17.963,18.1882,18.4241,18.6713,18.9305,19.2025,19.4881,19.7882,20.1037,20.4359,20.7857,21.1545,21.5435,21.9544,22.3887,22.8482,23.3349,23.851,24.3987,24.9808,25.6001,26.2598,26.9635,27.7152,28.5193,29.3807,30.3049,31.2981,32.3673,33.5204,34.7662,36.1149,37.5779,39.1683,40.9011,42.7934,44.865,47.1389,49.6416,52.4039,55.4618,58.8577,62.6412,66.8713,71.6175,76.9629,83.0067,89.8676,97.6883,106.641,116.932,128.81,142.574,158.579,177.24,199.035,224.487,254.131,288.437,327.664,371.63,419.346,468.524,515.01,552.493,573.507,572.693,550.326,512.076,465.352,416.272,368.827,325.201,286.326,252.356,223.015,197.83,176.266,157.804,141.971,128.354,116.603,106.423,97.5673,89.8318,83.0466,77.0705,71.7861,67.0955,62.9164,59.1799,55.8278,52.811,50.0875,47.6217,45.383,43.3452,41.4856,39.7846,38.2252,36.7926,35.4738,34.2575,33.1337,32.0936,31.1294,30.2343,29.4021,28.6273,27.9051,27.2311,26.6015,26.0127,25.4616,24.9452,24.4611,24.0069,23.5805,23.1799,22.8034,22.4495,22.1165,21.8033,21.5084,21.231,20.9697,20.7238,20.4923,20.2744,20.0693,19.8762,19.6945,19.5236,19.3628,19.2116,19.0694,18.9357,18.81,18.6918,18.5807,18.4762,18.3778,18.2852,18.1978,18.1154,18.0374,17.9634,17.8932,17.8262,17.762,17.7003,17.6407,17.5828,17.5262,17.4704,17.4153,17.3603,17.3051,17.2494,17.1929,17.1352,17.076,17.015,16.9521,16.8869,16.8191,16.7487,16.6755,16.5993,16.5199,16.4374,16.3516,16.2625,16.1702,16.0745,15.9757,15.8737,15.7686,15.6606,15.5498,15.4363,15.3203,15.2019,15.0814,14.959,14.8348,14.709,14.5818,14.4535,14.3242,14.1941,14.0635,13.9324,13.8011,13.6697,13.5384,13.4073,13.2767,13.1465,13.0169,12.8881,12.7602,12.6331,12.5071,12.3822,12.2584,12.1359,12.0146,11.8946,11.776,11.6588,11.5429,11.4285,11.3155,11.204,11.0939,10.9853,10.8781,10.7724,10.6681,10.5652,10.4638,10.3638,10.2651,10.1679,10.072,9.9774,9.88415,
 ,124,11.9357,11.9905,12.0449,12.0989,12.1523,12.2054,12.2581,12.3103,12.3622,12.4137,12.4649,12.5158,12.5665,12.6169,12.6671,12.7171,12.767,12.8169,12.8667,12.9165,12.9664,13.0163,13.0665,13.1168,13.1675,13.2184,13.2698,13.3217,13.374,13.427,13.4806,13.535,13.5903,13.6464,13.7035,13.7617,13.8211,13.8817,13.9436,14.007,14.072,14.1386,14.2069,14.2771,14.3493,14.4236,14.5002,14.5791,14.6604,14.7444,14.8312,14.9209,15.0137,15.1098,15.2092,15.3123,15.4192,15.53,15.6451,15.7646,15.8887,16.0178,16.152,16.2917,16.4371,16.5885,16.7464,16.9109,17.0826,17.2617,17.4488,17.6443,17.8486,18.0624,18.286,18.5203,18.7657,19.023,19.293,19.5764,19.8742,20.1873,20.5168,20.8637,21.2293,21.6149,22.022,22.4522,22.9072,23.3889,23.8994,24.441,25.0163,25.6281,26.2795,26.9739,27.7151,28.5074,29.3556,30.2649,31.2413,32.2915,33.4229,34.6439,35.9643,37.3948,38.9477,40.6372,42.4793,44.4925,46.6981,49.1204,51.7878,54.7333,57.9952,61.6183,65.655,70.167,75.2268,80.9201,87.3483,94.631,102.91,112.352,123.152,135.539,149.775,166.15,184.983,206.592,231.265,259.187,290.34,324.347,360.253,396.25,429.39,455.502,469.903,469.347,454.003,427.316,393.952,357.972,322.219,288.429,257.517,229.836,205.391,183.989,165.343,149.132,135.042,122.782,112.094,102.751,94.5606,87.3565,80.9991,75.3696,70.368,65.9095,61.9221,58.3449,55.126,52.221,49.592,47.2064,45.0361,43.0568,41.2476,39.5901,38.0685,36.6688,35.3788,34.1878,33.0862,32.0658,31.1191,30.2396,29.4213,28.6591,27.9482,27.2845,26.6642,26.0839,25.5406,25.0315,24.5541,24.1062,23.6856,23.2906,22.9194,22.5705,22.2424,21.9338,21.6435,21.3704,21.1136,20.8719,20.6447,20.431,20.2301,20.0412,19.8638,19.6972,19.5407,19.3939,19.2562,19.127,19.0059,18.8924,18.786,18.6863,18.5928,18.5051,18.4227,18.3453,18.2724,18.2036,18.1384,18.0766,18.0175,17.9609,17.9063,17.8534,17.8016,17.7506,17.7,17.6494,17.5985,17.5468,17.494,17.4398,17.3838,17.3257,17.2653,17.2022,17.1362,17.0672,16.995,16.9193,16.8401,16.7573,16.6708,16.5806,16.4867,16.3891,16.2879,16.1832,16.0751,15.9637,15.8491,15.7317,15.6114,15.4886,15.3634,15.2361,15.1068,14.9759,14.8435,14.7098,14.5751,14.4396,14.3034,14.1669,14.0301,13.8934,13.7567,13.6204,13.4845,13.3492,13.2146,13.0808,12.948,12.8163,12.6857,12.5562,12.4281,12.3013,12.1759,12.0519,11.9294,11.8084,11.6889,11.571,11.4546,11.3397,11.2264,11.1147,11.0046,10.8959,10.7889,10.6833,10.5793,10.4767,10.3756,10.276,10.1778,10.081,9.98563,
 ,123,12.0798,12.1352,12.1901,12.2445,12.2983,12.3517,12.4047,12.4572,12.5093,12.5609,12.6123,12.6632,12.7139,12.7643,12.8144,12.8643,12.9141,12.9637,13.0133,13.0628,13.1124,13.162,13.2118,13.2617,13.3119,13.3624,13.4132,13.4645,13.5163,13.5687,13.6217,13.6754,13.73,13.7854,13.8418,13.8993,13.9579,14.0177,14.0789,14.1415,14.2056,14.2714,14.3389,14.4083,14.4796,14.553,14.6287,14.7067,14.7872,14.8703,14.9561,15.0449,15.1367,15.2318,15.3303,15.4324,15.5383,15.6482,15.7622,15.8807,16.0038,16.1318,16.2649,16.4035,16.5477,16.698,16.8546,17.0179,17.1882,17.366,17.5517,17.7457,17.9484,18.1605,18.3824,18.6148,18.8582,19.1134,19.3812,19.6622,19.9574,20.2677,20.5941,20.9377,21.2998,21.6815,22.0843,22.5099,22.9597,23.4358,23.9401,24.4749,25.0426,25.646,26.288,26.9719,27.7014,28.4807,29.3141,30.2069,31.1645,32.1935,33.3008,34.4945,35.7836,37.1783,38.6901,40.3321,42.1193,44.0687,46.1999,48.5351,51.1001,53.9247,57.0431,60.4952,64.327,68.5921,73.353,78.6824,84.6648,91.3985,98.9974,107.592,117.333,128.386,140.937,155.181,171.313,189.506,209.882,232.453,257.056,283.243,310.16,336.399,359.881,377.902,387.655,387.29,376.899,358.453,334.77,308.496,281.651,255.595,231.154,208.753,188.546,170.513,154.529,140.42,127.991,117.047,107.405,98.8989,91.3799,84.7185,78.8018,73.5326,68.8271,64.6132,60.8291,57.4218,54.3454,51.5607,49.0337,46.7349,44.6389,42.7235,40.9693,39.3596,37.8794,36.5159,35.2576,34.0945,33.0176,32.0189,31.0916,30.2293,29.4265,28.6782,27.9799,27.3276,26.7176,26.1468,25.6122,25.1111,24.6412,24.2002,23.7861,23.3972,23.0318,22.6884,22.3656,22.0621,21.7768,21.5086,21.2565,21.0195,20.7969,20.5878,20.3915,20.2073,20.0345,19.8725,19.7208,19.5787,19.4458,19.3215,19.2054,19.0969,18.9957,18.9012,18.813,18.7306,18.6537,18.5818,18.5145,18.4513,18.3917,18.3355,18.2821,18.2311,18.182,18.1345,18.0881,18.0424,17.9969,17.9512,17.905,17.8578,17.8092,17.7588,17.7064,17.6515,17.5939,17.5332,17.4693,17.4019,17.3307,17.2557,17.1767,17.0936,17.0064,16.915,16.8194,16.7197,16.616,16.5083,16.3968,16.2817,16.1631,16.0413,15.9164,15.7886,15.6583,15.5257,15.3909,15.2544,15.1162,14.9767,14.8361,14.6947,14.5527,14.4102,14.2676,14.125,13.9826,13.8406,13.6991,13.5583,13.4183,13.2793,13.1414,13.0046,12.8691,12.7349,12.6022,12.4709,12.3412,12.213,12.0864,11.9614,11.8381,11.7165,11.5965,11.4782,11.3616,11.2467,11.1334,11.0218,10.9118,10.8034,10.6967,10.5915,10.4879,10.3858,10.2853,10.1862,10.0886,
 ,122,12.2275,12.2835,12.3388,12.3936,12.4479,12.5016,12.5549,12.6076,12.6599,12.7117,12.7631,12.8142,12.8648,12.9151,12.9652,13.015,13.0645,13.114,13.1633,13.2125,13.2617,13.3109,13.3602,13.4097,13.4594,13.5093,13.5596,13.6103,13.6615,13.7132,13.7655,13.8186,13.8724,13.9271,13.9827,14.0393,14.0971,14.1561,14.2165,14.2782,14.3414,14.4063,14.4729,14.5414,14.6118,14.6843,14.759,14.836,14.9155,14.9976,15.0825,15.1702,15.2611,15.3551,15.4526,15.5537,15.6585,15.7672,15.8802,15.9975,16.1195,16.2463,16.3782,16.5156,16.6585,16.8075,16.9628,17.1247,17.2936,17.4698,17.6539,17.8462,18.0472,18.2575,18.4774,18.7078,18.949,19.2019,19.4671,19.7455,20.0378,20.345,20.668,21.008,21.3661,21.7435,22.1416,22.562,23.0062,23.4761,23.9735,24.5008,25.0601,25.6542,26.2859,26.9583,27.6751,28.4399,29.2573,30.1319,31.0692,32.0751,33.1563,34.3203,35.5756,36.9316,38.3991,39.9901,41.7184,43.5997,45.6517,47.8945,50.3514,53.0488,56.017,59.2909,62.9104,66.9216,71.3771,76.3375,81.8721,88.0597,94.9896,102.762,111.486,121.282,132.272,144.578,158.309,173.538,190.282,208.46,227.841,247.985,268.167,287.318,303.991,316.47,323.105,322.868,315.808,303.023,286.179,266.971,246.811,226.742,207.466,189.407,172.787,157.681,144.068,131.872,120.984,111.282,102.644,94.9508,88.0932,81.9719,76.4984,71.5946,67.1916,63.2295,59.656,56.4256,53.4985,50.8404,48.4212,46.2145,44.1976,42.3503,40.6552,39.0966,37.6611,36.3367,35.1127,33.9797,32.9294,31.9545,31.0482,30.2047,29.4188,28.6856,28.001,27.3611,26.7625,26.202,25.6768,25.1845,24.7227,24.2893,23.8823,23.5001,23.141,22.8036,22.4865,22.1886,21.9087,21.6457,21.3987,21.1668,20.9492,20.7451,20.5537,20.3744,20.2066,20.0497,19.903,19.7661,19.6384,19.5194,19.4087,19.3057,19.21,19.1212,19.0387,18.9622,18.8913,18.8253,18.7641,18.707,18.6536,18.6035,18.5563,18.5114,18.4685,18.427,18.3865,18.3466,18.3068,18.2666,18.2256,18.1833,18.1394,18.0934,18.045,17.9937,17.9393,17.8814,17.8197,17.7541,17.6842,17.61,17.5313,17.4479,17.3598,17.2671,17.1697,17.0677,16.9612,16.8502,16.7351,16.6159,16.4928,16.3662,16.2362,16.1031,15.9671,15.8286,15.6879,15.5452,15.4007,15.2549,15.108,14.9601,14.8117,14.6629,14.5139,14.365,14.2164,14.0683,13.9208,13.7741,13.6284,13.4838,13.3404,13.1983,13.0576,12.9184,12.7808,12.6448,12.5104,12.3778,12.2469,12.1178,11.9905,11.865,11.7413,11.6194,11.4994,11.3811,11.2646,11.1498,11.0368,10.9256,10.816,10.7082,10.602,10.4974,10.3944,10.293,10.1931,
 ,121,12.3789,12.4354,12.4913,12.5465,12.6012,12.6553,12.7088,12.7618,12.8143,12.8662,12.9177,12.9688,13.0194,13.0697,13.1196,13.1692,13.2186,13.2677,13.3167,13.3656,13.4144,13.4632,13.5121,13.561,13.6101,13.6595,13.7092,13.7592,13.8097,13.8607,13.9123,13.9646,14.0176,14.0714,14.1262,14.182,14.2389,14.297,14.3564,14.4172,14.4795,14.5434,14.6091,14.6765,14.7459,14.8174,14.8911,14.9671,15.0455,15.1266,15.2104,15.2971,15.3868,15.4797,15.5761,15.676,15.7797,15.8873,15.999,16.1151,16.2358,16.3614,16.492,16.628,16.7696,16.9172,17.071,17.2313,17.3986,17.5733,17.7556,17.9461,18.1452,18.3534,18.5713,18.7993,19.0382,19.2885,19.551,19.8265,20.1156,20.4194,20.7388,21.0748,21.4285,21.8012,22.1942,22.609,23.047,23.5101,24.0002,24.5192,25.0695,25.6535,26.274,26.934,27.6369,28.3863,29.1864,30.0415,30.9569,31.9381,32.9914,34.1237,35.343,36.6579,38.0784,39.6156,41.282,43.0918,45.0609,47.2075,49.5522,52.1182,54.932,58.0239,61.4278,65.1827,69.3324,73.9263,79.0201,84.6756,90.961,97.9502,105.722,114.355,123.929,134.51,146.146,158.849,172.576,187.198,202.472,218.001,233.201,247.275,259.236,267.998,272.591,272.436,267.56,258.581,246.484,232.349,217.148,201.658,186.452,171.913,158.278,145.669,134.126,123.636,114.148,105.595,97.8996,90.9807,84.7607,79.1661,74.1291,69.5883,65.4886,61.7807,58.4212,55.3716,52.5981,50.0707,47.7633,45.6526,43.7184,41.9427,40.3096,38.8051,37.4169,36.1338,34.9462,33.8454,32.8237,31.874,30.9903,30.167,29.3991,28.6822,28.0123,27.3858,26.7993,26.25,25.7351,25.2522,24.7991,24.3738,23.9745,23.5994,23.2471,22.9162,22.6054,22.3134,22.0393,21.7819,21.5404,21.314,21.1017,20.9029,20.7169,20.5429,20.3805,20.2289,20.0877,19.9563,19.8343,19.721,19.616,19.519,19.4293,19.3466,19.2704,19.2002,19.1357,19.0763,19.0216,18.9712,18.9245,18.8812,18.8408,18.8027,18.7665,18.7317,18.6978,18.6643,18.6307,18.5966,18.5614,18.5247,18.486,18.4449,18.4009,18.3537,18.3029,18.2481,18.189,18.1254,18.057,17.9837,17.9053,17.8216,17.7327,17.6386,17.5392,17.4346,17.325,17.2105,17.0913,16.9676,16.8396,16.7076,16.572,16.433,16.2908,16.1459,15.9986,15.8492,15.6979,15.5452,15.3913,15.2365,15.0811,14.9253,14.7695,14.6138,14.4586,14.3039,14.15,13.997,13.8452,13.6945,13.5453,13.3975,13.2513,13.1068,12.964,12.823,12.6838,12.5466,12.4112,12.2777,12.1462,12.0167,11.8891,11.7635,11.6398,11.518,11.3982,11.2802,11.1641,11.0498,10.9374,10.8268,10.7179,10.6107,10.5052,10.4014,10.2992,
 ,120,12.5342,12.5912,12.6476,12.7033,12.7584,12.8128,12.8666,12.9198,12.9725,13.0246,13.0761,13.1272,13.1778,13.228,13.2777,13.3272,13.3763,13.4252,13.4738,13.5223,13.5707,13.619,13.6673,13.7157,13.7643,13.813,13.862,13.9113,13.9611,14.0113,14.0621,14.1135,14.1657,14.2187,14.2725,14.3274,14.3834,14.4405,14.4989,14.5587,14.62,14.6829,14.7474,14.8138,14.8822,14.9526,15.0251,15.1,15.1773,15.2572,15.3399,15.4254,15.514,15.6057,15.7009,15.7995,15.9019,16.0083,16.1188,16.2336,16.3529,16.4771,16.6063,16.7409,16.881,17.027,17.1792,17.3379,17.5035,17.6764,17.8569,18.0454,18.2425,18.4485,18.6641,18.8897,19.126,19.3735,19.6331,19.9053,20.1911,20.4912,20.8066,21.1383,21.4874,21.855,22.2425,22.6511,23.0826,23.5384,24.0205,24.5307,25.0712,25.6445,26.2531,26.8999,27.588,28.321,29.1026,29.9371,30.8294,31.7845,32.8083,33.9073,35.0887,36.3607,37.7322,39.2133,40.8154,42.5512,44.435,46.4829,48.7128,51.1453,53.803,56.7118,59.9003,63.4009,67.2493,71.4854,76.1527,81.2986,86.9737,93.2308,100.123,107.701,116.009,125.077,134.914,145.494,156.742,168.517,180.589,192.621,204.157,214.616,223.327,229.601,232.853,232.752,229.309,222.883,214.069,203.557,192.009,179.997,167.969,156.254,145.075,134.569,124.807,115.814,107.578,100.07,93.2441,87.0499,81.4342,76.3445,71.7301,67.5442,63.7432,60.2877,57.1422,54.2746,51.6563,49.2619,47.0687,45.0566,43.2076,41.5059,39.9372,38.489,37.15,35.9103,34.761,33.694,32.7022,31.7792,30.9193,30.1173,29.3687,28.6691,28.0148,27.4025,26.8289,26.2914,25.7874,25.3146,24.8708,24.4542,24.063,23.6956,23.3506,23.0266,22.7224,22.4368,22.1688,21.9174,21.6818,21.4611,21.2546,21.0615,20.8811,20.7129,20.5562,20.4104,20.275,20.1496,20.0335,19.9263,19.8276,19.7369,19.6537,19.5776,19.5082,19.4449,19.3873,19.335,19.2876,19.2444,19.2052,19.1693,19.1363,19.1056,19.0768,19.0494,19.0227,18.9964,18.9698,18.9424,18.9137,18.8831,18.8503,18.8146,18.7757,18.733,18.6862,18.6349,18.5788,18.5175,18.4508,18.3785,18.3005,18.2166,18.1268,18.031,17.9294,17.8221,17.7091,17.5906,17.4669,17.3382,17.2048,17.067,16.9251,16.7795,16.6306,16.4787,16.3241,16.1673,16.0085,15.8482,15.6867,15.5243,15.3614,15.1982,15.0349,14.8719,14.7095,14.5477,14.3869,14.2272,14.0688,13.9117,13.7563,13.6025,13.4505,13.3003,13.152,13.0058,12.8615,12.7193,12.5792,12.4412,12.3053,12.1716,12.0399,11.9104,11.7829,11.6575,11.5342,11.4129,11.2935,11.1762,11.0608,10.9472,10.8356,10.7257,10.6177,10.5114,10.4068,
 ,119,12.6934,12.751,12.8079,12.8641,12.9196,12.9744,13.0285,13.0819,13.1347,13.1869,13.2386,13.2896,13.3402,13.3902,13.4398,13.489,13.5379,13.5864,13.6347,13.6828,13.7307,13.7785,13.8262,13.874,13.9219,13.9699,14.0182,14.0668,14.1157,14.1651,14.215,14.2656,14.3168,14.3688,14.4217,14.4756,14.5306,14.5867,14.644,14.7027,14.7629,14.8247,14.8881,14.9534,15.0206,15.0898,15.1612,15.2349,15.311,15.3897,15.4711,15.5554,15.6427,15.7331,15.827,15.9243,16.0254,16.1304,16.2395,16.3529,16.4708,16.5936,16.7213,16.8543,16.9928,17.1372,17.2877,17.4446,17.6084,17.7793,17.9578,18.1442,18.3391,18.5428,18.7559,18.9789,19.2124,19.457,19.7133,19.9822,20.2643,20.5605,20.8717,21.1988,21.5428,21.9051,22.2866,22.6889,23.1133,23.5614,24.0349,24.5358,25.0661,25.628,26.224,26.8568,27.5293,28.245,29.0073,29.8202,30.6882,31.616,32.6092,33.6735,34.8158,36.0433,37.3642,38.7877,40.3239,41.9842,43.7812,45.729,47.8434,50.1418,52.6438,55.371,58.3473,61.599,65.155,69.0465,73.307,77.9718,83.0773,88.6595,94.7523,101.385,108.577,116.334,124.641,133.453,142.682,152.191,161.777,171.166,180.008,187.885,194.34,198.928,201.288,201.22,198.733,194.041,187.511,179.592,170.737,161.358,151.802,142.337,133.161,124.408,116.163,108.468,101.338,94.767,88.7332,83.2078,78.1567,73.5439,69.333,65.4888,61.9781,58.7698,55.8352,53.1481,50.6849,48.4239,46.346,44.4337,42.6714,41.0452,39.5425,38.1521,36.864,35.6691,34.5594,33.5275,32.5669,31.6718,30.8368,30.0572,29.3286,28.6471,28.0093,27.4119,26.852,26.327,25.8345,25.3723,24.9383,24.5309,24.1483,23.789,23.4517,23.135,22.8378,22.5589,22.2975,22.0525,21.8231,21.6085,21.4081,21.221,21.0467,20.8845,20.7338,20.5942,20.4651,20.346,20.2363,20.1358,20.0437,19.9599,19.8837,19.8147,19.7525,19.6967,19.6467,19.6021,19.5625,19.5273,19.4961,19.4683,19.4435,19.421,19.4004,19.3811,19.3624,19.344,19.3251,19.3052,19.2837,19.2601,19.2338,19.2042,19.1709,19.1334,19.0912,19.0438,18.991,18.9323,18.8675,18.7965,18.7189,18.6347,18.5439,18.4465,18.3425,18.2319,18.1151,17.9923,17.8635,17.7293,17.5899,17.4456,17.2969,17.1441,16.9876,16.8279,16.6654,16.5005,16.3335,16.1649,15.9952,15.8245,15.6533,15.4819,15.3107,15.1398,14.9695,14.8002,14.6319,14.465,14.2995,14.1357,13.9736,13.8134,13.6551,13.499,13.3449,13.1931,13.0435,12.8961,12.7511,12.6083,12.4678,12.3296,12.1937,12.0601,11.9287,11.7996,11.6726,11.5479,11.4252,11.3046,11.1861,11.0697,10.9551,10.8425,10.7318,10.623,10.5159,
 ,118,12.8568,12.915,12.9725,13.0291,13.085,13.1401,13.1945,13.2482,13.3012,13.3535,13.4052,13.4562,13.5067,13.5566,13.606,13.655,13.7035,13.7517,13.7995,13.8471,13.8945,13.9417,13.9889,14.036,14.0832,14.1305,14.1779,14.2257,14.2738,14.3223,14.3712,14.4208,14.4711,14.5221,14.5739,14.6268,14.6806,14.7356,14.7918,14.8494,14.9084,14.969,15.0312,15.0952,15.1612,15.2292,15.2993,15.3717,15.4465,15.5239,15.604,15.687,15.7729,15.8621,15.9545,16.0505,16.1501,16.2537,16.3613,16.4732,16.5896,16.7108,16.8369,16.9682,17.1051,17.2477,17.3964,17.5515,17.7133,17.8821,18.0585,18.2427,18.4352,18.6364,18.8469,19.0671,19.2976,19.5391,19.7921,20.0573,20.3356,20.6276,20.9342,21.2565,21.5953,21.9518,22.3271,22.7226,23.1395,23.5795,24.0442,24.5352,25.0547,25.6046,26.1874,26.8056,27.462,28.1596,28.9018,29.6923,30.5351,31.4348,32.3963,33.425,34.5271,35.7091,36.9784,38.3433,39.8127,41.3968,43.1065,44.9542,46.9533,49.1189,51.4673,54.0165,56.786,59.7972,63.0727,66.6365,70.5137,74.7298,79.3098,84.2768,89.6505,95.4442,101.662,108.294,115.311,122.659,130.251,137.962,145.622,153.01,159.863,165.88,170.747,174.171,175.923,175.879,174.042,170.547,165.629,159.581,152.718,145.337,137.701,130.024,122.474,115.174,108.209,101.631,95.4679,89.7282,84.4076,79.4923,74.9625,70.7948,66.9643,63.4455,60.2135,57.2442,54.5151,52.0051,49.6947,47.5662,45.6031,43.7908,42.1157,40.5658,39.13,37.7985,36.5622,35.4131,34.344,33.3482,32.4198,31.5535,30.7442,29.9878,29.2801,28.6175,27.9968,27.415,26.8693,26.3574,25.8769,25.4257,25.0021,24.6043,24.2308,23.88,23.5507,23.2417,22.9518,22.6801,22.4255,22.1872,21.9644,21.7564,21.5623,21.3816,21.2137,21.0579,20.9137,20.7806,20.6581,20.5457,20.443,20.3494,20.2646,20.188,20.1194,20.0581,20.0037,19.9559,19.9142,19.878,19.8469,19.8204,19.798,19.7791,19.7632,19.7497,19.7381,19.7277,19.718,19.7083,19.698,19.6865,19.6731,19.6572,19.6382,19.6155,19.5885,19.5567,19.5196,19.4767,19.4276,19.3719,19.3094,19.2397,19.1627,19.0783,18.9864,18.887,18.7803,18.6663,18.5453,18.4175,18.2832,18.1428,17.9966,17.8452,17.6888,17.528,17.3632,17.1949,17.0236,16.8498,16.6738,16.4962,16.3173,16.1377,15.9575,15.7773,15.5973,15.4178,15.2392,15.0616,14.8854,14.7107,14.5377,14.3665,14.1974,14.0304,13.8655,13.703,13.5429,13.3852,13.2299,13.0771,12.9268,12.779,12.6337,12.491,12.3506,12.2128,12.0773,11.9443,11.8136,11.6852,11.5591,11.4352,11.3135,11.194,11.0765,10.9611,10.8477,10.7362,10.6267,
 ,117,13.0246,13.0834,13.1414,13.1985,13.2548,13.3103,13.365,13.4189,13.472,13.5244,13.5761,13.6271,13.6775,13.7272,13.7764,13.8251,13.8733,13.9211,13.9684,14.0155,14.0623,14.1089,14.1554,14.2018,14.2482,14.2947,14.3413,14.3882,14.4353,14.4829,14.5309,14.5794,14.6286,14.6785,14.7293,14.7809,14.8336,14.8874,14.9424,14.9987,15.0565,15.1158,15.1768,15.2395,15.3042,15.3708,15.4396,15.5107,15.5841,15.6601,15.7388,15.8204,15.9049,15.9926,16.0836,16.178,16.2762,16.3782,16.4843,16.5946,16.7094,16.8289,16.9533,17.0829,17.2179,17.3587,17.5054,17.6585,17.8183,17.985,18.1591,18.3409,18.5309,18.7295,18.9372,19.1545,19.3819,19.62,19.8695,20.1309,20.4051,20.6927,20.9946,21.3118,21.645,21.9955,22.3643,22.7527,23.1619,23.5933,24.0487,24.5295,25.0377,25.5753,26.1444,26.7474,27.387,28.066,28.7875,29.5549,30.3719,31.2428,32.1719,33.1643,34.2254,35.3613,36.5785,37.8844,39.2868,40.7946,42.4174,44.1658,46.0513,48.0864,50.2849,52.6615,55.2319,58.0129,61.022,64.2774,67.7971,71.5989,75.6988,80.1104,84.8428,89.8989,95.2721,100.944,106.878,113.02,119.289,125.575,131.737,137.604,142.977,147.638,151.369,153.974,155.302,155.273,153.891,151.24,147.475,142.794,137.417,131.558,125.415,119.158,112.925,106.825,100.935,95.3111,89.9863,84.9789,80.2948,75.9309,71.8777,68.1215,64.6461,61.4338,58.4665,55.7261,53.1951,50.857,48.6959,46.6973,44.8477,43.1345,41.5463,40.0726,38.704,37.4317,36.2479,35.1453,34.1175,33.1585,32.263,31.426,30.6432,29.9106,29.2243,28.5812,27.9782,27.4125,26.8816,26.3832,25.9152,25.4756,25.0627,24.675,24.3108,23.9689,23.6481,23.3471,23.0649,22.8006,22.5532,22.3219,22.106,21.9048,21.7175,21.5435,21.3823,21.2333,21.0959,20.9698,20.8543,20.7491,20.6537,20.5676,20.4904,20.4217,20.3611,20.3081,20.2622,20.2231,20.1902,20.1631,20.1413,20.1242,20.1114,20.1023,20.0962,20.0927,20.091,20.0905,20.0907,20.0907,20.0899,20.0877,20.0833,20.076,20.0652,20.0502,20.0304,20.0051,19.9738,19.9359,19.8911,19.8388,19.7787,19.7107,19.6343,19.5496,19.4565,19.3551,19.2453,19.1274,19.0017,18.8684,18.7279,18.5806,18.427,18.2675,18.1026,17.9329,17.7589,17.5811,17.4001,17.2164,17.0305,16.843,16.6542,16.4646,16.2747,16.0848,15.8953,15.7066,15.5189,15.3325,15.1477,14.9646,14.7836,14.6046,14.4279,14.2536,14.0818,13.9126,13.746,13.582,13.4208,13.2623,13.1065,12.9535,12.8032,12.6556,12.5107,12.3684,12.2287,12.0916,11.957,11.8249,11.6953,11.568,11.443,11.3203,11.1998,11.0815,10.9653,10.8511,10.739,
 ,116,13.1968,13.2563,13.3149,13.3725,13.4292,13.4851,13.54,13.5942,13.6474,13.6999,13.7516,13.8026,13.8528,13.9024,13.9513,13.9996,14.0475,14.0948,14.1417,14.1882,14.2344,14.2803,14.326,14.3717,14.4173,14.4629,14.5086,14.5545,14.6006,14.6471,14.694,14.7415,14.7895,14.8383,14.8878,14.9382,14.9897,15.0422,15.0959,15.1509,15.2074,15.2653,15.325,15.3863,15.4495,15.5148,15.5821,15.6518,15.7238,15.7983,15.8755,15.9556,16.0386,16.1248,16.2142,16.3071,16.4037,16.5041,16.6085,16.7171,16.8302,16.9479,17.0705,17.1983,17.3314,17.4702,17.615,17.7659,17.9235,18.0879,18.2596,18.439,18.6264,18.8222,19.027,19.2412,19.4653,19.7,19.9457,20.2032,20.473,20.7561,21.0531,21.3648,21.6924,22.0366,22.3986,22.7795,23.1807,23.6033,24.049,24.5193,25.0159,25.5406,26.0957,26.6831,27.3055,27.9654,28.6657,29.4095,30.2003,31.0418,31.9382,32.8938,33.9137,35.0032,36.1682,37.4151,38.7508,40.183,41.7201,43.3709,45.1452,47.0535,49.1071,51.3177,53.6978,56.2606,59.0191,61.9867,65.1758,68.598,72.2629,76.1768,80.3415,84.7529,89.3983,94.2541,99.2835,104.433,109.631,114.785,119.78,124.483,128.743,132.402,135.308,137.324,138.35,138.332,137.273,135.23,132.305,128.636,124.376,119.684,114.708,109.58,104.415,99.3019,94.3129,89.4997,84.8984,80.5317,76.4117,72.5424,68.9215,65.5426,62.3958,59.4697,56.7517,54.2284,51.8869,49.714,47.6975,45.8254,44.0867,42.4709,40.9685,39.5705,38.2687,37.0556,35.9243,34.8684,33.8823,32.9605,32.0982,31.2912,30.5353,29.8269,29.1626,28.5395,27.9546,27.4054,26.8897,26.4052,25.95,25.5224,25.1206,24.7432,24.3888,24.0561,23.744,23.4513,23.1772,22.9206,22.6807,22.4568,22.2481,22.054,21.8737,21.7068,21.5527,21.4108,21.2807,21.1618,21.0538,20.9562,20.8686,20.7904,20.7214,20.6612,20.6092,20.565,20.5283,20.4985,20.4753,20.458,20.4463,20.4396,20.4372,20.4388,20.4435,20.4508,20.4601,20.4706,20.4817,20.4925,20.5024,20.5105,20.5162,20.5186,20.517,20.5107,20.4989,20.4809,20.4562,20.424,20.384,20.3356,20.2784,20.2121,20.1366,20.0516,19.9572,19.8533,19.7402,19.6179,19.4869,19.3475,19.2,19.045,18.883,18.7145,18.5401,18.3605,18.1762,17.9879,17.7962,17.6016,17.4048,17.2063,17.0066,16.8062,16.6056,16.4052,16.2054,16.0066,15.8091,15.6132,15.4191,15.2271,15.0374,14.8501,14.6654,14.4833,14.3041,14.1277,13.9543,13.7838,13.6163,13.4518,13.2903,13.1317,12.9762,12.8235,12.6738,12.5269,12.3829,12.2416,12.103,11.967,11.8337,11.7028,11.5745,11.4485,11.3249,11.2036,11.0845,10.9676,10.8528,
 ,115,13.3739,13.434,13.4931,13.5512,13.6084,13.6646,13.7199,13.7742,13.8276,13.8802,13.9319,13.9827,14.0328,14.0822,14.1308,14.1788,14.2262,14.273,14.3193,14.3652,14.4107,14.4559,14.5009,14.5457,14.5904,14.6351,14.6798,14.7246,14.7697,14.8151,14.8609,14.9071,14.9539,15.0015,15.0497,15.0988,15.1489,15.2001,15.2525,15.3061,15.3611,15.4177,15.4758,15.5357,15.5975,15.6612,15.7271,15.7952,15.8656,15.9386,16.0143,16.0927,16.1741,16.2587,16.3465,16.4377,16.5326,16.6313,16.734,16.8409,16.9521,17.068,17.1887,17.3145,17.4457,17.5824,17.725,17.8738,18.0291,18.1911,18.3603,18.5371,18.7217,18.9147,19.1164,19.3274,19.5481,19.7791,20.0209,20.2743,20.5397,20.818,21.1098,21.4161,21.7376,22.0754,22.4303,22.8036,23.1964,23.61,24.0458,24.5052,24.9898,25.5015,26.0421,26.6137,27.2185,27.8589,28.5377,29.2576,30.0219,30.8338,31.6972,32.616,33.5946,34.6379,35.7509,36.9393,38.2092,39.5671,41.0201,42.5758,44.2423,46.0282,47.9426,49.9949,52.1948,54.5522,57.0768,59.7777,62.6633,65.7403,69.0134,72.4839,76.1488,79.9994,84.0197,88.1847,92.4584,96.7922,101.124,105.375,109.455,113.259,116.674,119.583,121.878,123.464,124.27,124.261,123.437,121.838,119.536,116.625,113.216,109.425,105.365,101.139,96.8384,92.539,88.3028,84.1773,80.198,76.3893,72.7666,69.3383,66.1072,63.0716,60.2268,57.5661,55.081,52.7622,50.6002,48.5852,46.7074,44.9575,43.3264,41.8057,40.3873,39.0637,37.828,36.6736,35.5945,34.5853,33.6407,32.7562,31.9275,31.1507,30.422,29.7381,29.0962,28.4932,27.9268,27.3945,26.8943,26.4241,25.9821,25.5667,25.1763,24.8096,24.4652,24.142,23.8389,23.5549,23.289,23.0404,22.8083,22.5921,22.3909,22.2041,22.0313,21.8718,21.725,21.5906,21.4681,21.357,21.2568,21.1673,21.0878,21.0182,20.9579,20.9066,20.8639,20.8292,20.8023,20.7827,20.7698,20.7633,20.7625,20.767,20.7761,20.7893,20.8059,20.8253,20.8466,20.8693,20.8924,20.9153,20.937,20.9568,20.9738,20.9871,20.9958,20.9992,20.9965,20.9868,20.9695,20.9439,20.9093,20.8652,20.8113,20.7472,20.6725,20.5873,20.4914,20.3849,20.2679,20.1407,20.0038,19.8574,19.702,19.5384,19.3669,19.1884,19.0034,18.8127,18.617,18.417,18.2134,18.0067,17.7978,17.5872,17.3755,17.1633,16.951,16.7392,16.5282,16.3185,16.1104,15.9041,15.7001,15.4985,15.2995,15.1032,14.9099,14.7197,14.5325,14.3486,14.1679,13.9905,13.8164,13.6456,13.4781,13.3138,13.1527,12.9949,12.8401,12.6885,12.5398,12.3942,12.2514,12.1115,11.9743,11.8398,11.708,11.5787,11.4519,11.3276,11.2055,11.0858,10.9683,
 ,114,13.5558,13.6166,13.6763,13.735,13.7926,13.8492,13.9047,13.9593,14.0128,14.0654,14.1171,14.1678,14.2177,14.2668,14.3151,14.3627,14.4096,14.4559,14.5017,14.5469,14.5917,14.6361,14.6802,14.7241,14.7678,14.8115,14.8551,14.8989,14.9428,14.987,15.0315,15.0765,15.122,15.1682,15.2151,15.2629,15.3115,15.3613,15.4122,15.4643,15.5178,15.5728,15.6295,15.6878,15.748,15.8101,15.8744,15.9409,16.0097,16.0811,16.1551,16.2319,16.3116,16.3944,16.4805,16.57,16.6631,16.76,16.8609,16.9659,17.0753,17.1892,17.308,17.4317,17.5608,17.6954,17.8357,17.9822,18.1351,18.2946,18.4613,18.6353,18.817,19.007,19.2056,19.4132,19.6304,19.8576,20.0954,20.3444,20.6053,20.8786,21.1652,21.4657,21.7811,22.1122,22.4599,22.8254,23.2096,23.6139,24.0395,24.4878,24.9603,25.4587,25.9846,26.54,27.1271,27.7479,28.4049,29.1008,29.8383,30.6206,31.451,32.3331,33.2707,34.2681,35.3298,36.4607,37.6659,38.9512,40.3225,41.7861,43.3488,45.0173,46.7991,48.7014,50.7317,52.8972,55.2046,57.6601,60.2687,63.0336,65.9557,69.0331,72.2595,75.6239,79.1089,82.6896,86.3325,89.9946,93.6223,97.1518,100.509,103.614,106.38,108.721,110.558,111.822,112.466,112.463,111.814,110.547,108.712,106.377,103.622,100.534,97.1978,93.6944,90.0966,86.4678,82.8606,79.3176,75.8717,72.5472,69.3611,66.3243,63.4425,60.7178,58.149,55.7327,53.4639,51.3365,49.3436,47.4781,45.7326,44.0998,42.5726,41.144,39.8074,38.5565,37.3855,36.2889,35.2614,34.2983,33.3952,32.548,31.7527,31.0061,30.3047,29.6456,29.0261,28.4436,27.8959,27.3807,26.8962,26.4405,26.012,25.609,25.2303,24.8745,24.5404,24.2269,23.9331,23.658,23.4006,23.1603,22.9363,22.7279,22.5345,22.3555,22.1903,22.0385,21.8995,21.773,21.6584,21.5553,21.4635,21.3824,21.3117,21.2511,21.2001,21.1583,21.1255,21.1011,21.0847,21.0759,21.0743,21.0794,21.0905,21.1072,21.1289,21.1549,21.1846,21.2171,21.2518,21.2879,21.3245,21.3608,21.3957,21.4285,21.4581,21.4836,21.5041,21.5185,21.5261,21.5258,21.5169,21.4986,21.4703,21.4313,21.3811,21.3193,21.2458,21.1602,21.0626,20.9531,20.8318,20.6991,20.5554,20.4011,20.2369,20.0635,19.8814,19.6916,19.4948,19.2917,19.0832,18.8701,18.6532,18.4332,18.211,17.9871,17.7622,17.5369,17.3119,17.0875,16.8643,16.6427,16.4231,16.2058,15.991,15.779,15.5701,15.3643,15.1618,14.9628,14.7673,14.5754,14.3871,14.2024,14.0213,13.8439,13.67,13.4997,13.3329,13.1696,13.0096,12.853,12.6996,12.5494,12.4024,12.2583,12.1172,11.979,11.8436,11.7109,11.5808,11.4533,11.3282,11.2056,11.0853,
 ,113,13.7429,13.8044,13.8647,13.9239,13.982,14.0389,14.0948,14.1495,14.2032,14.2558,14.3074,14.3581,14.4078,14.4566,14.5045,14.5517,14.5981,14.6438,14.6888,14.7333,14.7773,14.8209,14.8641,14.907,14.9497,14.9922,15.0348,15.0773,15.12,15.1629,15.2062,15.2498,15.2939,15.3387,15.3841,15.4304,15.4776,15.5258,15.5751,15.6257,15.6776,15.731,15.786,15.8427,15.9012,15.9617,16.0243,16.0891,16.1562,16.2258,16.2981,16.3731,16.4511,16.5321,16.6164,16.7041,16.7953,16.8903,16.9893,17.0923,17.1997,17.3116,17.4283,17.5499,17.6768,17.8092,17.9472,18.0913,18.2416,18.3986,18.5625,18.7337,18.9125,19.0994,19.2947,19.4988,19.7123,19.9357,20.1693,20.4139,20.67,20.9383,21.2194,21.5141,21.8232,22.1474,22.4878,22.8452,23.2208,23.6156,24.0308,24.4678,24.928,25.4128,25.9239,26.4631,27.0322,27.6333,28.2685,28.9403,29.6512,30.404,31.2016,32.0472,32.9443,33.8965,34.9079,35.9824,37.1248,38.3396,39.6319,41.0069,42.47,44.0269,45.683,47.4441,49.3157,51.3027,53.4098,55.6407,57.9976,60.4813,63.0904,65.8205,68.6636,71.6074,74.6344,77.7211,80.8372,83.9451,86.9996,89.9483,92.7324,95.2885,97.5508,99.4553,100.943,101.965,102.486,102.488,101.971,100.956,99.4768,97.5845,95.3382,92.8021,90.0417,87.1202,84.096,81.021,77.94,74.8899,71.9008,68.9958,66.1919,63.5013,60.9316,58.4871,56.1691,53.9768,51.9077,49.9582,48.1238,46.3992,44.7792,43.258,41.8302,40.4902,39.2327,38.0524,36.9446,35.9045,34.9277,34.0101,33.1479,32.3375,31.5756,30.859,30.1849,29.5505,28.9536,28.3917,27.8627,27.3649,26.8962,26.4552,26.0403,25.65,25.2831,24.9384,24.6148,24.3113,24.027,23.7609,23.5123,23.2805,23.0648,22.8646,22.6792,22.5081,22.351,22.2071,22.0762,21.9579,21.8516,21.7571,21.674,21.6018,21.5404,21.4893,21.4481,21.4166,21.3942,21.3808,21.3758,21.3788,21.3893,21.4069,21.431,21.461,21.4964,21.5364,21.5804,21.6275,21.677,21.728,21.7796,21.8308,21.8805,21.9279,21.9717,22.011,22.0446,22.0716,22.0907,22.1011,22.1018,22.092,22.0708,22.0375,21.9916,21.9326,21.8603,21.7744,21.6749,21.562,21.4358,21.2968,21.1454,20.9822,20.808,20.6234,20.4295,20.2269,20.0166,19.7996,19.5769,19.3492,19.1175,18.8827,18.6456,18.407,18.1675,17.928,17.6889,17.4509,17.2144,16.9799,16.7478,16.5185,16.2921,16.069,15.8494,15.6334,15.4212,15.2129,15.0085,14.8081,14.6117,14.4193,14.2309,14.0465,13.8661,13.6895,13.5167,13.3476,13.1823,13.0205,12.8622,12.7074,12.5558,12.4075,12.2624,12.1203,11.9812,11.845,11.7115,11.5808,11.4526,11.327,11.2039,
 ,112,13.9353,13.9975,14.0585,14.1183,14.1768,14.2341,14.2903,14.3452,14.399,14.4516,14.5032,14.5537,14.6032,14.6516,14.6992,14.7458,14.7917,14.8367,14.8811,14.9248,14.9679,15.0106,15.0528,15.0946,15.1362,15.1776,15.2189,15.2602,15.3016,15.3431,15.3849,15.4271,15.4698,15.513,15.5569,15.6016,15.6472,15.6938,15.7415,15.7904,15.8406,15.8923,15.9456,16.0005,16.0573,16.116,16.1768,16.2398,16.3052,16.373,16.4434,16.5166,16.5926,16.6718,16.7542,16.8399,16.9292,17.0223,17.1192,17.2202,17.3255,17.4353,17.5499,17.6693,17.7939,17.9239,18.0595,18.2011,18.3489,18.5032,18.6643,18.8326,19.0083,19.1919,19.3839,19.5844,19.7942,20.0135,20.2429,20.4829,20.7342,20.9973,21.2728,21.5615,21.8641,22.1814,22.5143,22.8635,23.2303,23.6155,24.0203,24.4459,24.8936,25.3648,25.861,26.3838,26.935,27.5163,28.1298,28.7776,29.462,30.1855,30.9507,31.7605,32.6178,33.5257,34.4878,35.5077,36.589,37.7358,38.9522,40.2424,41.6108,43.0617,44.5995,46.2284,47.9521,49.7742,51.6973,53.7232,55.8525,58.0841,60.4148,62.8389,65.3473,67.9278,70.5633,73.2322,75.9076,78.5571,81.1429,83.6219,85.9473,88.0691,89.9369,91.502,92.7206,93.5565,93.984,93.9898,93.5745,92.752,91.5486,90.0012,88.1538,86.0553,83.7562,81.3059,78.7514,76.1352,73.4948,70.8623,68.2642,65.722,63.252,60.8668,58.5749,56.382,54.2912,52.3033,50.4179,48.6331,46.9462,45.3538,43.852,42.4368,41.1037,39.8485,38.667,37.555,36.5083,35.5232,34.5959,33.7229,32.9009,32.1269,31.3978,30.711,30.0639,29.4542,28.8797,28.3384,27.8283,27.3478,26.8951,26.4688,26.0676,25.6902,25.3353,25.0018,24.6889,24.3955,24.1208,23.864,23.6244,23.4013,23.1941,23.0022,22.8251,22.6623,22.5134,22.3779,22.2554,22.1455,22.048,21.9623,21.8884,21.8257,21.774,21.7329,21.7022,21.6815,21.6705,21.6687,21.6759,21.6915,21.7152,21.7464,21.7845,21.8291,21.8795,21.9349,21.9946,22.0578,22.1237,22.1912,22.2595,22.3273,22.3936,22.4573,22.5172,22.572,22.6206,22.6616,22.694,22.7166,22.7283,22.728,22.715,22.6883,22.6473,22.5915,22.5206,22.4344,22.3327,22.2159,22.0841,21.9379,21.7778,21.6045,21.4188,21.2217,21.0142,20.7972,20.5719,20.3392,20.1004,19.8563,19.6082,19.3569,19.1033,18.8484,18.5929,18.3376,18.0832,17.8302,17.5792,17.3307,17.0851,16.8427,16.6039,16.3689,16.1378,15.9109,15.6883,15.4701,15.2563,15.0469,14.842,14.6415,14.4454,14.2537,14.0663,13.8831,13.7041,13.5291,13.3581,13.191,13.0276,12.8679,12.7118,12.5591,12.4098,12.2638,12.1209,11.981,11.8441,11.71,11.5788,11.4501,11.3241,
 ,111,14.1334,14.1964,14.258,14.3184,14.3774,14.4351,14.4915,14.5466,14.6005,14.6532,14.7046,14.7549,14.8041,14.8522,14.8993,14.9455,14.9907,15.035,15.0786,15.1215,15.1637,15.2053,15.2464,15.2872,15.3276,15.3677,15.4077,15.4477,15.4876,15.5277,15.568,15.6087,15.6498,15.6914,15.7337,15.7767,15.8206,15.8654,15.9114,15.9585,16.0069,16.0568,16.1083,16.1614,16.2163,16.2732,16.3321,16.3932,16.4566,16.5225,16.591,16.6623,16.7364,16.8136,16.894,16.9777,17.065,17.1559,17.2508,17.3497,17.4528,17.5605,17.6727,17.7899,17.9121,18.0397,18.1728,18.3118,18.4569,18.6084,18.7667,18.9319,19.1045,19.2849,19.4733,19.6702,19.876,20.0913,20.3163,20.5517,20.798,21.0558,21.3257,21.6083,21.9043,22.2146,22.5398,22.8808,23.2386,23.6141,24.0084,24.4225,24.8577,25.3153,25.7966,26.303,26.8363,27.3979,27.9899,28.6139,29.2722,29.9668,30.7002,31.4747,32.293,33.1579,34.0723,35.0391,36.0616,37.143,38.2868,39.4962,40.7749,42.126,43.5528,45.0582,46.645,48.3151,50.0698,51.9097,53.8338,55.8398,57.9235,60.0784,62.2953,64.5619,66.8626,69.1777,71.4837,73.7529,75.9537,78.0509,80.0068,81.7821,83.3376,84.6363,85.6448,86.3362,86.6913,86.7005,86.3638,85.6918,84.7041,83.4279,81.8969,80.1482,78.2211,76.1546,73.9865,71.7515,69.481,67.2025,64.9394,62.7108,60.5322,58.4159,56.3708,54.4032,52.5173,50.7154,48.9982,47.3652,45.8153,44.3461,42.9554,41.6399,40.3967,39.2224,38.1137,37.0671,36.0795,35.1476,34.2684,33.4388,32.6562,31.9177,31.2209,30.5635,29.9432,29.3579,28.8057,28.2848,27.7935,27.3302,26.8935,26.4821,26.0946,25.73,25.3872,25.0652,24.763,24.4798,24.2149,23.9676,23.7371,23.5229,23.3244,23.1411,22.9725,22.8182,22.6778,22.5508,22.437,22.336,22.2475,22.1712,22.1068,22.0541,22.0126,21.9822,21.9626,21.9535,21.9544,21.9652,21.9854,22.0147,22.0525,22.0984,22.1518,22.2123,22.279,22.3513,22.4283,22.5093,22.5933,22.6792,22.766,22.8525,22.9374,23.0196,23.0975,23.1699,23.2354,23.2926,23.34,23.3765,23.4007,23.4115,23.4078,23.3886,23.3533,23.3013,23.232,23.1453,23.0413,22.92,22.7818,22.6273,22.4572,22.2723,22.0736,21.8622,21.6392,21.4059,21.1635,20.9132,20.6563,20.3939,20.1273,19.8576,19.5857,19.3127,19.0395,18.7669,18.4956,18.2262,17.9594,17.6957,17.4354,17.179,16.9267,16.6788,16.4355,16.197,15.9633,15.7345,15.5106,15.2918,15.0779,14.8689,14.6647,14.4653,14.2707,14.0806,13.8951,13.714,13.5371,13.3644,13.1958,13.0311,12.8703,12.7131,12.5595,12.4093,12.2625,12.119,11.9785,11.8411,11.7066,11.5749,11.4459,
 ,110,14.3374,14.4011,14.4635,14.5244,14.5839,14.642,14.6986,14.754,14.8079,14.8606,14.9119,14.962,15.0109,15.0587,15.1053,15.1508,15.1954,15.239,15.2817,15.3236,15.3648,15.4054,15.4454,15.4849,15.524,15.5628,15.6014,15.6399,15.6783,15.7169,15.7556,15.7946,15.834,15.8739,15.9145,15.9557,15.9978,16.0408,16.0849,16.1302,16.1767,16.2247,16.2742,16.3254,16.3784,16.4333,16.4902,16.5493,16.6108,16.6747,16.7411,16.8103,16.8824,16.9575,17.0358,17.1175,17.2026,17.2914,17.3841,17.4808,17.5817,17.6871,17.797,17.9117,18.0315,18.1566,18.2872,18.4235,18.5658,18.7145,18.8698,19.0319,19.2013,19.3782,19.5631,19.7563,19.9581,20.1692,20.3898,20.6205,20.8617,21.1141,21.3783,21.6547,21.9441,22.2472,22.5647,22.8974,23.2462,23.612,23.9957,24.3983,24.821,25.265,25.7314,26.2216,26.7371,27.2793,27.8498,28.4505,29.083,29.7493,30.4515,31.1917,31.9721,32.7952,33.6633,34.579,35.5451,36.564,37.6386,38.7716,39.9655,41.2228,42.5459,43.9368,45.397,46.9276,48.5289,50.2002,51.9398,53.7445,55.6094,57.5278,59.4907,61.4864,63.5006,65.5157,67.5113,69.4638,71.3469,73.1318,74.7882,76.2848,77.5911,78.6784,79.5212,80.0991,80.3976,80.4095,80.135,79.5817,78.7645,77.7041,76.4261,74.9594,73.3344,71.5823,69.7335,67.8165,65.8574,63.8796,61.9034,59.946,58.0217,56.1419,54.3156,52.5494,50.848,49.2146,47.6509,46.1574,44.734,43.3795,42.0925,40.8709,39.7125,38.6148,37.5754,36.5915,35.6606,34.78,33.9472,33.1598,32.4154,31.7117,31.0465,30.4179,29.8238,29.2626,28.7324,28.2317,27.7591,27.313,26.8922,26.4956,26.1219,25.7702,25.4395,25.1288,24.8375,24.5647,24.3097,24.0719,23.8507,23.6455,23.4559,23.2813,23.1215,22.9759,22.8442,22.7261,22.6213,22.5295,22.4505,22.3839,22.3295,22.2871,22.2565,22.2373,22.2294,22.2325,22.2463,22.2705,22.3047,22.3485,22.4016,22.4635,22.5335,22.6112,22.6959,22.7867,22.8829,22.9835,23.0876,23.1939,23.3015,23.4088,23.5146,23.6175,23.7159,23.8082,23.893,23.9685,24.0332,24.0856,24.1242,24.1477,24.1547,24.1443,24.1156,24.0678,24.0004,23.9133,23.8064,23.68,23.5344,23.3704,23.1888,22.9906,22.777,22.5493,22.3087,22.0568,21.795,21.5247,21.2474,20.9645,20.6772,20.3868,20.0946,19.8016,19.5087,19.217,18.9271,18.6398,18.3557,18.0754,17.7992,17.5276,17.2608,16.9991,16.7427,16.4917,16.2462,16.0062,15.7718,15.5429,15.3195,15.1015,14.8889,14.6815,14.4792,14.282,14.0897,13.9022,13.7193,13.5408,13.3668,13.1969,13.0312,12.8694,12.7114,12.557,12.4062,12.2589,12.1148,11.9739,11.8361,11.7012,11.5692,
 ,109,14.5475,14.612,14.6751,14.7366,14.7966,14.8551,14.9121,14.9676,15.0216,15.0742,15.1255,15.1753,15.2239,15.2711,15.3172,15.3621,15.4059,15.4487,15.4905,15.5315,15.5716,15.611,15.6498,15.688,15.7257,15.7631,15.8002,15.8371,15.8739,15.9108,15.9479,15.9851,16.0228,16.0608,16.0995,16.1389,16.179,16.2201,16.2622,16.3055,16.3501,16.396,16.4435,16.4927,16.5436,16.5964,16.6513,16.7083,16.7677,16.8294,16.8938,16.9609,17.0308,17.1038,17.1799,17.2593,17.3423,17.4289,17.5193,17.6137,17.7123,17.8152,17.9227,18.035,18.1523,18.2748,18.4027,18.5363,18.6758,18.8215,18.9737,19.1327,19.2988,19.4722,19.6535,19.8428,20.0407,20.2474,20.4635,20.6894,20.9256,21.1725,21.4308,21.701,21.9838,22.2797,22.5895,22.9138,23.2536,23.6096,23.9827,24.3739,24.7842,25.2146,25.6662,26.1404,26.6382,27.1612,27.7108,28.2884,28.8957,29.5344,30.2062,30.913,31.6566,32.4393,33.2629,34.1297,35.0417,36.0012,37.0102,38.0708,39.1851,40.3548,41.5814,42.8662,44.21,45.6129,47.0746,48.5936,50.1675,51.7928,53.4643,55.1752,56.9169,58.6785,60.4471,62.2072,63.9412,65.6292,67.249,68.7772,70.1891,71.46,72.5656,73.4836,74.1944,74.6823,74.9362,74.9505,74.7255,74.267,73.5861,72.699,71.6253,70.3874,69.0096,67.5166,65.9329,64.282,62.5857,60.8639,59.134,57.4113,55.7087,54.0369,52.4043,50.8177,49.2822,47.8012,46.3773,45.0116,43.7048,42.4565,41.2661,40.1323,39.0536,38.0284,37.0547,36.1305,35.2538,34.4224,33.6344,32.8876,32.1802,31.5103,30.8759,30.2754,29.7071,29.1695,28.661,28.1802,27.7259,27.2969,26.8919,26.5099,26.15,25.8111,25.4925,25.1933,24.9128,24.6504,24.4054,24.1772,23.9654,23.7694,23.5887,23.4231,23.2722,23.1355,23.0128,22.9039,22.8083,22.7261,22.6568,22.6003,22.5564,22.5249,22.5056,22.4983,22.5029,22.5189,22.5463,22.5848,22.634,22.6936,22.7631,22.8422,22.9303,23.0269,23.1311,23.2422,23.3595,23.4818,23.6082,23.7373,23.868,23.9988,24.1282,24.2545,24.376,24.491,24.5977,24.6942,24.7787,24.8494,24.9046,24.9427,24.9622,24.9619,24.9407,24.8979,24.8328,24.7451,24.635,24.5026,24.3485,24.1735,23.9787,23.7651,23.5344,23.2879,23.0272,22.7541,22.4702,22.1773,21.8769,21.5707,21.2602,20.9468,20.6318,20.3165,20.002,19.6891,19.3788,19.0719,18.7689,18.4705,18.1771,17.889,17.6066,17.3301,17.0596,16.7953,16.5372,16.2853,16.0397,15.8002,15.5668,15.3394,15.1178,14.9021,14.6919,14.4873,14.2879,14.0937,13.9045,13.7202,13.5405,13.3654,13.1945,13.028,12.8654,12.7068,12.5519,12.4007,12.2529,12.1085,11.9673,11.8292,11.6941,
 ,108,14.764,14.8294,14.8932,14.9554,15.0159,15.0748,15.132,15.1877,15.2418,15.2944,15.3454,15.395,15.4432,15.49,15.5355,15.5797,15.6227,15.6646,15.7054,15.7453,15.7842,15.8224,15.8598,15.8966,15.9329,15.9687,16.0042,16.0395,16.0746,16.1098,16.145,16.1804,16.2161,16.2523,16.2889,16.3263,16.3644,16.4035,16.4435,16.4847,16.5272,16.571,16.6163,16.6633,16.7121,16.7628,16.8154,16.8703,16.9274,16.987,17.0491,17.114,17.1817,17.2524,17.3262,17.4034,17.484,17.5683,17.6564,17.7484,17.8446,17.9451,18.0501,18.1598,18.2745,18.3943,18.5195,18.6503,18.7869,18.9296,19.0787,19.2344,19.3971,19.567,19.7446,19.93,20.1238,20.3262,20.5377,20.7588,20.9898,21.2313,21.4837,21.7476,22.0236,22.3123,22.6144,22.9304,23.2612,23.6075,23.9701,24.3498,24.7477,25.1647,25.6018,26.06,26.5406,27.0447,27.5737,28.1288,28.7115,29.3232,29.9655,30.6399,31.3482,32.0919,32.8729,33.6928,34.5534,35.4564,36.4035,37.3961,38.4358,39.5237,40.6608,41.8477,43.0846,44.371,45.706,47.0876,48.5132,49.9788,51.4793,53.0081,54.557,56.1162,57.6741,59.2171,60.7301,62.1961,63.5968,64.9127,66.1239,67.2106,68.1534,68.9349,69.5396,69.9554,70.1737,70.1903,70.0052,69.623,69.0524,68.3056,67.3981,66.3476,65.1732,63.8948,62.5324,61.1052,59.6314,58.128,56.6098,55.0904,53.5813,52.0922,50.6312,49.2047,47.8179,46.4746,45.1776,43.9287,42.729,41.5788,40.4781,39.4262,38.4223,37.4653,36.5537,35.6861,34.861,34.0767,33.3315,32.6239,31.9523,31.3149,30.7104,30.1373,29.5941,29.0795,28.5922,28.1311,27.6949,27.2826,26.8932,26.5257,26.1794,25.8533,25.5467,25.2589,24.9893,24.7373,24.5023,24.2838,24.0814,23.8947,23.7232,23.5667,23.4248,23.2972,23.1837,23.0841,22.9982,22.9257,22.8666,22.8206,22.7876,22.7675,22.7601,22.7653,22.783,22.8128,22.8547,22.9084,22.9736,23.0501,23.1374,23.2352,23.3429,23.4599,23.5856,23.7191,23.8595,24.0059,24.157,24.3116,24.4682,24.6253,24.7812,24.934,25.0819,25.2227,25.3545,25.4751,25.5823,25.6741,25.7484,25.8035,25.8375,25.8489,25.8366,25.7995,25.737,25.6488,25.5348,25.3955,25.2315,25.0438,24.8335,24.6023,24.3517,24.0836,23.7999,23.5025,23.1934,22.8747,22.5482,22.2157,21.8791,21.5398,21.1995,20.8594,20.5207,20.1845,19.8518,19.5233,19.1997,18.8816,18.5695,18.2637,17.9644,17.672,17.3864,17.1079,16.8364,16.5719,16.3144,16.0637,15.8198,15.5825,15.3517,15.1271,14.9087,14.6963,14.4896,14.2886,14.0929,13.9024,13.7169,13.5363,13.3603,13.1888,13.0217,12.8586,12.6996,12.5443,12.3928,12.2448,12.1002,11.9588,11.8206,
 ,107,14.9873,15.0536,15.1181,15.1809,15.242,15.3013,15.3588,15.4147,15.4688,15.5213,15.5722,15.6215,15.6692,15.7155,15.7603,15.8038,15.8459,15.8868,15.9266,15.9653,16.003,16.0398,16.0759,16.1112,16.1458,16.18,16.2138,16.2473,16.2806,16.3139,16.3471,16.3806,16.4143,16.4483,16.483,16.5182,16.5542,16.591,16.6289,16.6679,16.7081,16.7497,16.7928,16.8375,16.884,16.9324,16.9828,17.0353,17.0901,17.1474,17.2072,17.2697,17.3351,17.4035,17.475,17.5497,17.628,17.7098,17.7955,17.885,17.9787,18.0767,18.1791,18.2862,18.3982,18.5153,18.6377,18.7655,18.8992,19.0388,19.1847,19.3372,19.4964,19.6628,19.8365,20.018,20.2076,20.4057,20.6126,20.8288,21.0546,21.2905,21.5371,21.7947,22.064,22.3455,22.6398,22.9475,23.2693,23.606,23.9581,24.3266,24.7123,25.116,25.5387,25.9813,26.4449,26.9306,27.4394,27.9726,28.5313,29.1169,29.7307,30.3739,31.0481,31.7546,32.4947,33.27,34.0818,34.9315,35.8202,36.749,37.719,38.7309,39.7852,40.8819,42.0209,43.2011,44.4214,45.6794,46.9722,48.2958,49.6452,51.0141,52.395,53.779,55.1558,56.5136,57.8392,59.1183,60.3357,61.4753,62.5208,63.4561,64.266,64.9364,65.4552,65.8128,66.0026,66.0213,65.8689,65.5488,65.068,64.4359,63.6648,62.7686,61.7628,60.6633,59.4864,58.2479,56.9633,55.6466,54.3109,52.9678,51.6276,50.2991,48.9899,47.706,46.4525,45.2333,44.0514,42.909,41.8075,40.7477,39.73,38.7544,37.8203,36.9272,36.0741,35.2601,34.4839,33.7444,33.0402,32.3701,31.7328,31.1269,30.5513,30.0047,29.4858,28.9937,28.5271,28.0851,27.6666,27.2708,26.8967,26.5436,26.2106,25.8972,25.6025,25.3261,25.0674,24.8257,24.6007,24.392,24.1991,24.0217,23.8594,23.7121,23.5794,23.4611,23.357,23.267,23.1909,23.1286,23.0799,23.0448,23.0232,23.015,23.0201,23.0384,23.0698,23.1142,23.1715,23.2414,23.3238,23.4184,23.5249,23.6429,23.7718,23.9112,24.0603,24.2183,24.3844,24.5573,24.736,24.9189,25.1046,25.2914,25.4772,25.6601,25.8379,26.0083,26.1689,26.3171,26.4506,26.5668,26.6634,26.7382,26.789,26.8142,26.8122,26.7818,26.7224,26.6334,26.5151,26.3676,26.192,25.9894,25.7613,25.5095,25.2359,24.9429,24.6325,24.3072,23.9694,23.6212,23.265,22.9028,22.5367,22.1684,21.7996,21.4319,21.0665,20.7045,20.3471,19.9949,19.6488,19.3093,18.9769,18.6519,18.3345,18.0249,17.7233,17.4296,17.1439,16.866,16.5959,16.3335,16.0785,15.8308,15.5903,15.3566,15.1296,14.9091,14.6949,14.4866,14.2842,14.0874,13.896,13.7098,13.5285,13.352,13.18,13.0125,12.8492,12.6899,12.5345,12.3828,12.2347,12.09,11.9486,
 ,106,15.2176,15.2848,15.3502,15.4137,15.4752,15.535,15.5928,15.6488,15.703,15.7554,15.8061,15.855,15.9023,15.9479,15.9921,16.0347,16.0759,16.1158,16.1544,16.1918,16.2282,16.2636,16.2981,16.3318,16.3648,16.3972,16.4292,16.4608,16.4921,16.5233,16.5545,16.5859,16.6174,16.6493,16.6817,16.7147,16.7484,16.783,16.8185,16.8551,16.893,16.9322,16.973,17.0153,17.0594,17.1054,17.1534,17.2035,17.2559,17.3108,17.3682,17.4282,17.4912,17.5571,17.6261,17.6985,17.7742,17.8536,17.9367,18.0237,18.1148,18.2101,18.3099,18.4144,18.5236,18.6378,18.7573,18.8823,19.0129,19.1494,19.292,19.4411,19.5968,19.7596,19.9295,20.107,20.2925,20.4861,20.6884,20.8996,21.1202,21.3506,21.5913,21.8426,22.1052,22.3795,22.6661,22.9656,23.2785,23.6055,23.9474,24.3047,24.6784,25.0691,25.4776,25.905,26.352,26.8196,27.3088,27.8207,28.3562,28.9165,29.5028,30.1161,30.7576,31.4284,32.1297,32.8627,33.6283,34.4276,35.2615,36.1307,37.0358,37.9772,38.955,39.9689,41.0184,42.1021,43.2186,44.3654,45.5395,46.7369,47.9528,49.1814,50.4158,51.648,52.8688,54.0679,55.2342,56.3555,57.419,58.4114,59.3193,60.1297,60.8301,61.4095,61.8582,62.1687,62.3355,62.3562,62.2307,61.9618,61.5547,61.0171,60.3588,59.5907,58.7253,57.7757,56.755,55.6766,54.5531,53.3967,52.2184,51.0285,49.836,48.6488,47.4739,46.3169,45.1828,44.0754,42.9977,41.9522,40.9405,39.9638,39.0228,38.1179,37.2489,36.4156,35.6175,34.8539,34.124,33.427,32.7618,32.1275,31.523,30.9474,30.3996,29.8785,29.3833,28.9129,28.4664,28.043,27.6418,27.2621,26.903,26.564,26.2443,25.9433,25.6604,25.3953,25.1472,24.9159,24.7009,24.5019,24.3185,24.1505,23.9975,23.8595,23.7361,23.6272,23.5327,23.4525,23.3865,23.3346,23.2967,23.2729,23.2631,23.2673,23.2854,23.3175,23.3635,23.4233,23.4968,23.5841,23.6848,23.7988,23.9259,24.0657,24.2177,24.3814,24.5562,24.7412,24.9354,25.1379,25.3472,25.5619,25.7802,26.0003,26.2201,26.4372,26.6492,26.8534,27.0471,27.2273,27.3911,27.5357,27.6582,27.756,27.8266,27.8678,27.878,27.8555,27.7997,27.7099,27.5863,27.4293,27.2401,27.0201,26.771,26.4952,26.1949,25.8729,25.5317,25.1743,24.8034,24.4216,24.0315,23.6356,23.2362,22.8352,22.4346,22.036,21.6409,21.2504,20.8657,20.4877,20.1169,19.7542,19.3997,19.0539,18.717,18.3892,18.0703,17.7605,17.4597,17.1676,16.8843,16.6094,16.3428,16.0843,15.8335,15.5903,15.3544,15.1256,14.9035,14.6879,14.4786,14.2752,14.0777,13.8857,13.6989,13.5173,13.3405,13.1684,13.0007,12.8373,12.678,12.5225,12.3709,12.2228,12.0782,
 ,105,15.4553,15.5235,15.5897,15.6539,15.7161,15.7762,15.8343,15.8905,15.9447,15.997,16.0474,16.0959,16.1427,16.1877,16.231,16.2728,16.313,16.3517,16.3891,16.4252,16.4601,16.4939,16.5268,16.5588,16.59,16.6205,16.6505,16.6801,16.7094,16.7384,16.7675,16.7966,16.8258,16.8554,16.8854,16.916,16.9473,16.9795,17.0125,17.0467,17.0821,17.1188,17.1571,17.1969,17.2385,17.2819,17.3274,17.375,17.4249,17.4772,17.5321,17.5896,17.65,17.7134,17.7799,17.8496,17.9228,17.9996,18.0801,18.1644,18.2529,18.3456,18.4426,18.5443,18.6507,18.7621,18.8786,19.0005,19.128,19.2613,19.4007,19.5464,19.6986,19.8576,20.0237,20.1972,20.3784,20.5676,20.7652,20.9715,21.1869,21.4117,21.6465,21.8916,22.1475,22.4147,22.6936,22.9849,23.289,23.6066,23.9383,24.2847,24.6465,25.0244,25.4192,25.8316,26.2624,26.7125,27.1827,27.6739,28.187,28.723,29.2828,29.8674,30.4776,31.1145,31.779,32.4718,33.1939,33.9458,34.7284,35.5419,36.3868,37.263,38.1703,39.1084,40.0761,41.0723,42.095,43.1419,44.2099,45.2951,46.3931,47.4985,48.6049,49.7053,50.7915,51.8547,52.8852,53.8726,54.8063,55.6752,56.4683,57.1749,57.7849,58.2894,58.6806,58.9524,59.1007,59.1233,59.0203,58.7938,58.4479,57.9889,57.4243,56.7632,56.0156,55.1922,54.3038,53.3615,52.3759,51.3573,50.3153,49.2586,48.1954,47.1326,46.0766,45.0326,44.0053,42.9984,42.015,41.0576,40.1279,39.2275,38.3572,37.5176,36.7091,35.9316,35.1849,34.4687,33.7825,33.1256,32.4975,31.8972,31.3241,30.7774,30.2562,29.7598,29.2872,28.8378,28.4109,28.0055,27.6212,27.2571,26.9128,26.5875,26.2807,25.992,25.7208,25.4667,25.2293,25.0082,24.8032,24.6138,24.4399,24.2813,24.1377,24.009,23.895,23.7957,23.7109,23.6407,23.585,23.5438,23.5171,23.5049,23.5074,23.5244,23.5562,23.6026,23.6639,23.7399,23.8308,23.9364,24.0567,24.1915,24.3408,24.5041,24.6811,24.8714,25.0742,25.2888,25.5142,25.7494,25.9928,26.2429,26.4979,26.7557,27.014,27.2701,27.5212,27.7643,27.9961,28.2133,28.4125,28.5902,28.743,28.8678,28.9616,29.0218,29.0462,29.0331,28.9815,28.8907,28.7608,28.5927,28.3874,28.1468,27.8732,27.5692,27.2377,26.8819,26.505,26.1104,25.7014,25.281,24.8523,24.418,23.9809,23.5431,23.1068,22.6738,22.2456,21.8236,21.4089,21.0024,20.6047,20.2166,19.8383,19.4701,19.1123,18.7647,18.4275,18.1005,17.7836,17.4767,17.1793,16.8914,16.6127,16.3428,16.0814,15.8283,15.5832,15.3456,15.1154,14.8922,14.6758,14.4658,14.2619,14.064,13.8717,13.6848,13.503,13.3262,13.1541,12.9865,12.8232,12.664,12.5087,12.3572,12.2093,
 ,104,15.7008,15.77,15.8371,15.902,15.9647,16.0253,16.0838,16.1401,16.1943,16.2464,16.2965,16.3446,16.3908,16.4351,16.4776,16.5184,16.5575,16.595,16.631,16.6657,16.699,16.7312,16.7623,16.7924,16.8217,16.8502,16.8781,16.9055,16.9326,16.9594,16.9861,17.0128,17.0396,17.0667,17.0943,17.1224,17.1511,17.1807,17.2111,17.2427,17.2755,17.3096,17.3452,17.3824,17.4213,17.4621,17.5049,17.5499,17.5972,17.6468,17.6991,17.754,17.8117,17.8724,17.9363,18.0034,18.0739,18.148,18.2258,18.3074,18.3931,18.483,18.5773,18.6761,18.7796,18.8881,19.0016,19.1204,19.2448,19.3749,19.5109,19.6531,19.8017,19.957,20.1192,20.2887,20.4656,20.6504,20.8433,21.0446,21.2548,21.4742,21.7031,21.942,22.1912,22.4513,22.7227,23.0059,23.3013,23.6096,23.9313,24.2669,24.6172,24.9826,25.3639,25.7617,26.1768,26.6099,27.0617,27.533,28.0246,28.5372,29.0717,29.6288,30.2093,30.8139,31.4434,32.0983,32.7794,33.487,34.2216,34.9833,35.7723,36.5883,37.4309,38.2994,39.1928,40.1095,41.0476,42.0048,42.978,43.9637,44.9575,45.9545,46.9491,47.9349,48.9048,49.851,50.7654,51.639,52.4629,53.2278,53.9246,54.5445,55.0794,55.5218,55.8656,56.1058,56.239,56.2636,56.1795,55.9885,55.6938,55.3004,54.8145,54.2433,53.5951,52.8785,52.1026,51.2765,50.4093,49.5096,48.5857,47.6452,46.6953,45.7421,44.7914,43.848,42.9163,41.9998,41.1016,40.2241,39.3692,38.5386,37.7333,36.9541,36.2016,35.476,34.7774,34.1056,33.4604,32.8414,32.2482,31.6803,31.137,30.6179,30.1222,29.6493,29.1986,28.7694,28.3612,27.9734,27.6053,27.2565,26.9264,26.6146,26.3205,26.0437,25.7839,25.5407,25.3138,25.1029,24.9077,24.7279,24.5635,24.4142,24.28,24.1607,24.0562,23.9665,23.8916,23.8316,23.7864,23.7562,23.7409,23.7408,23.7558,23.7863,23.8322,23.8937,23.971,24.0642,24.1733,24.2984,24.4395,24.5967,24.7697,24.9585,25.1626,25.3817,25.6152,25.8624,26.1222,26.3935,26.675,26.9648,27.2611,27.5615,27.8635,28.1641,28.46,28.7479,29.024,29.2842,29.5246,29.741,29.9295,30.0861,30.2073,30.2899,30.3312,30.3293,30.2826,30.1906,30.0534,29.8718,29.6475,29.3826,29.08,28.7427,28.3746,27.9793,27.5608,27.1231,26.67,26.2052,25.7322,25.2543,24.7744,24.2951,23.8187,23.3472,22.8822,22.4253,21.9775,21.5398,21.1128,20.6971,20.293,19.9007,19.5203,19.1517,18.7949,18.4497,18.1158,17.793,17.481,17.1794,16.888,16.6062,16.3338,16.0704,15.8156,15.5691,15.3306,15.0995,14.8758,14.6589,14.4486,14.2446,14.0466,13.8544,13.6676,13.486,13.3093,13.1375,12.9701,12.807,12.6481,12.4931,12.3419,
 ,103,15.9544,16.0247,16.0927,16.1583,16.2217,16.2827,16.3415,16.3979,16.4521,16.5041,16.5539,16.6015,16.647,16.6906,16.7321,16.7718,16.8098,16.846,16.8806,16.9136,16.9453,16.9757,17.0049,17.033,17.0602,17.0866,17.1123,17.1374,17.1621,17.1864,17.2106,17.2348,17.2591,17.2836,17.3085,17.3339,17.3599,17.3867,17.4145,17.4433,17.4733,17.5047,17.5375,17.5719,17.6081,17.6461,17.6862,17.7284,17.7728,17.8197,17.8692,17.9214,17.9764,18.0343,18.0954,18.1598,18.2275,18.2988,18.3739,18.4527,18.5356,18.6227,18.714,18.8099,18.9105,19.0159,19.1264,19.2421,19.3632,19.49,19.6227,19.7613,19.9063,20.0579,20.2162,20.3816,20.5543,20.7346,20.9228,21.1193,21.3242,21.5381,21.7612,21.9939,22.2366,22.4897,22.7536,23.0288,23.3157,23.6149,23.9268,24.2519,24.5908,24.9441,25.3123,25.696,26.0958,26.5125,26.9465,27.3986,27.8695,28.3597,28.87,29.4009,29.9532,30.5272,31.1237,31.743,32.3856,33.0517,33.7416,34.4552,35.1924,35.9529,36.7361,37.5411,38.3668,39.2115,40.0734,40.9501,41.8387,42.7358,43.6375,44.5393,45.436,46.3221,47.1912,48.0367,48.8515,49.628,50.3586,51.0356,51.6514,52.1987,52.6708,53.0616,53.3661,53.5803,53.7013,53.7279,53.66,53.4989,53.2473,52.9092,52.4897,51.9945,51.4305,50.8049,50.1251,49.3987,48.6334,47.8367,47.0155,46.1765,45.3259,44.4694,43.6121,42.7583,41.9121,41.0768,40.2555,39.4504,38.6637,37.8969,37.1512,36.4277,35.727,35.0496,34.3957,33.7654,33.1586,32.5753,32.015,31.4776,30.9626,30.4697,29.9982,29.5478,29.118,28.7083,28.3181,27.9471,27.5948,27.2607,26.9445,26.6457,26.3639,26.0989,25.8502,25.6177,25.4011,25.2001,25.0146,24.8444,24.6894,24.5495,24.4245,24.3146,24.2197,24.1397,24.0748,24.0251,23.9907,23.9716,23.9681,23.9803,24.0084,24.0527,24.1134,24.1906,24.2847,24.3958,24.5242,24.67,24.8334,25.0143,25.2129,25.4291,25.6626,25.9131,26.1801,26.4629,26.7607,27.0722,27.396,27.7304,28.0732,28.4218,28.7735,29.125,29.4726,29.8122,30.1396,30.45,30.7387,31.0007,31.2312,31.4255,31.5793,31.6886,31.7501,31.7614,31.7207,31.6272,31.4812,31.2836,31.0365,30.7427,30.4055,30.029,29.6176,29.1759,28.7087,28.2207,27.7166,27.2006,26.6769,26.1491,25.6206,25.0943,24.5728,24.0583,23.5525,23.0569,22.5727,22.1008,21.6418,21.1961,20.7641,20.3458,19.9411,19.5501,19.1725,18.8079,18.4561,18.1166,17.7892,17.4733,17.1685,16.8744,16.5905,16.3164,16.0517,15.796,15.5488,15.3097,15.0784,14.8545,14.6377,14.4275,14.2237,14.026,13.834,13.6476,13.4664,13.2902,13.1187,12.9518,12.7891,12.6306,12.476,
 ,102,16.2165,16.2879,16.3569,16.4234,16.4874,16.5489,16.6079,16.6645,16.7186,16.7704,16.8198,16.8669,16.9118,16.9544,16.995,17.0336,17.0702,17.105,17.138,17.1694,17.1993,17.2277,17.2549,17.2809,17.3059,17.33,17.3533,17.3759,17.398,17.4198,17.4414,17.4628,17.4844,17.5061,17.5282,17.5507,17.5739,17.5979,17.6227,17.6486,17.6758,17.7042,17.7341,17.7656,17.7988,17.834,17.8711,17.9104,17.952,17.9961,18.0427,18.092,18.1441,18.1992,18.2574,18.3189,18.3838,18.4523,18.5244,18.6004,18.6804,18.7645,18.8529,18.9459,19.0434,19.1458,19.2531,19.3656,19.4835,19.607,19.7361,19.8713,20.0127,20.1604,20.3148,20.4761,20.6446,20.8204,21.004,21.1955,21.3953,21.6037,21.8211,22.0476,22.2839,22.5301,22.7867,23.054,23.3326,23.6228,23.9251,24.24,24.5679,24.9093,25.2648,25.6348,26.0199,26.4207,26.8377,27.2714,27.7225,28.1913,28.6785,29.1846,29.71,30.2552,30.8205,31.4063,32.0129,32.6403,33.2885,33.9575,34.647,35.3565,36.0852,36.8322,37.5964,38.376,39.1692,39.9737,40.7868,41.6052,42.4254,43.2433,44.0544,44.8535,45.6353,46.3938,47.123,47.8165,48.4676,49.0701,49.6174,50.1036,50.523,50.8708,51.1426,51.3353,51.4466,51.4752,51.4212,51.2857,51.0707,50.7796,50.4164,49.9859,49.4938,48.9458,48.3484,47.7079,47.0308,46.3233,45.5916,44.8415,44.0784,43.3072,42.5326,41.7586,40.9888,40.2266,39.4746,38.7352,38.0104,37.3018,36.6108,35.9385,35.2856,34.6527,34.0403,33.4487,32.8779,32.3279,31.7987,31.29,30.8017,30.3335,29.8851,29.4561,29.0462,28.655,28.2822,27.9274,27.5902,27.2703,26.9674,26.6812,26.4114,26.1577,25.92,25.6979,25.4914,25.3002,25.1242,24.9634,24.8177,24.687,24.5714,24.4709,24.3855,24.3154,24.2605,24.2213,24.1977,24.19,24.1985,24.2234,24.265,24.3236,24.3996,24.4932,24.6048,24.7348,24.8835,25.0511,25.238,25.4444,25.6704,25.916,26.1812,26.4659,26.7695,27.0915,27.4312,27.7873,28.1583,28.5425,28.9377,29.3411,29.7495,30.1593,30.5663,30.966,31.3531,31.7223,32.0678,32.3837,32.6641,32.9033,33.096,33.2372,33.323,33.3502,33.3166,33.2213,33.0646,32.8478,32.5734,32.2448,31.8664,31.4432,30.9805,30.4841,29.9597,29.413,28.8494,28.2742,27.6921,27.1073,26.5235,25.9442,25.372,24.8093,24.258,23.7197,23.1953,22.6859,22.1919,21.7138,21.2516,20.8053,20.3748,19.9598,19.56,19.1749,18.8041,18.4472,18.1035,17.7727,17.454,17.1471,16.8513,16.5663,16.2913,16.0261,15.77,15.5227,15.2837,15.0526,14.829,14.6126,14.4029,14.1996,14.0024,13.8111,13.6252,13.4446,13.269,13.0981,12.9317,12.7696,12.6116,
 ,101,16.4876,16.5602,16.6302,16.6975,16.7622,16.8242,16.8835,16.9402,16.9943,17.0458,17.0948,17.1413,17.1854,17.2272,17.2666,17.304,17.3392,17.3724,17.4038,17.4334,17.4613,17.4877,17.5127,17.5364,17.559,17.5806,17.6014,17.6214,17.6408,17.6598,17.6786,17.6972,17.7158,17.7346,17.7537,17.7732,17.7934,17.8143,17.8361,17.8589,17.883,17.9083,17.9352,17.9636,17.9938,18.0259,18.06,18.0963,18.1349,18.1759,18.2195,18.2658,18.315,18.3671,18.4224,18.4809,18.5429,18.6084,18.6775,18.7506,18.8276,18.9087,18.9941,19.084,19.1784,19.2777,19.3818,19.4911,19.6057,19.7258,19.8515,19.9831,20.1208,20.2647,20.4152,20.5724,20.7366,20.908,21.0869,21.2736,21.4683,21.6713,21.8829,22.1035,22.3333,22.5727,22.8221,23.0818,23.3522,23.6337,23.9267,24.2315,24.5487,24.8787,25.2219,25.5787,25.9497,26.3352,26.7358,27.1519,27.584,28.0324,28.4977,28.9802,29.4803,29.9982,30.5343,31.0887,31.6616,32.2529,32.8626,33.4903,34.1357,34.7983,35.4772,36.1714,36.8797,37.6004,38.3318,39.0715,39.8172,40.5657,41.3139,42.058,42.7939,43.5171,44.2229,44.9063,45.5618,46.184,46.7673,47.3063,47.7957,48.2303,48.6055,48.9172,49.1618,49.3368,49.4402,49.471,49.4292,49.3156,49.132,48.881,48.566,48.1909,47.7603,47.2792,46.7528,46.1865,45.5858,44.9561,44.3026,43.6304,42.9442,42.2484,41.5473,40.8443,40.143,39.4463,38.7569,38.0768,37.4083,36.7528,36.1118,35.4864,34.8775,34.2858,33.7119,33.1561,32.6187,32.0999,31.5997,31.1181,30.6549,30.2101,29.7835,29.3748,28.9838,28.6103,28.2539,27.9146,27.5919,27.2856,26.9956,26.7216,26.4633,26.2207,25.9935,25.7816,25.5849,25.4033,25.2367,25.0851,24.9486,24.8271,24.7207,24.6295,24.5537,24.4933,24.4487,24.4199,24.4074,24.4113,24.432,24.4699,24.5253,24.5987,24.6905,24.8011,24.931,25.0808,25.2508,25.4415,25.6534,25.8868,26.1421,26.4194,26.7189,27.0405,27.3841,27.7491,28.1348,28.5403,28.9641,29.4042,29.8585,30.3239,30.7971,31.2739,31.7497,32.219,32.6761,33.1143,33.5269,33.9068,34.2468,34.5398,34.7791,34.9588,35.0739,35.1202,35.0953,34.9978,34.8281,34.5879,34.2805,33.9101,33.4822,33.0031,32.4793,31.918,31.3261,30.7105,30.0777,29.4338,28.7843,28.1341,27.4875,26.848,26.2188,25.6022,25.0003,24.4146,23.8462,23.2957,22.7637,22.2503,21.7556,21.2793,20.8211,20.3805,19.9572,19.5505,19.1598,18.7845,18.4239,18.0774,17.7444,17.4241,17.1161,16.8196,16.5342,16.2591,15.994,15.7383,15.4914,15.253,15.0225,14.7997,14.584,14.3751,14.1726,13.9763,13.7857,13.6007,13.4209,13.246,13.0759,12.9102,12.7488,
 ,100,16.7682,16.842,16.9131,16.9813,17.0466,17.1091,17.1687,17.2255,17.2795,17.3308,17.3793,17.4251,17.4684,17.5092,17.5475,17.5834,17.6172,17.6487,17.6783,17.7059,17.7318,17.7559,17.7786,17.7999,17.8199,17.8389,17.8569,17.8741,17.8907,17.9067,17.9225,17.938,17.9536,17.9692,17.9851,18.0015,18.0185,18.0361,18.0547,18.0743,18.0951,18.1173,18.1409,18.1661,18.1931,18.222,18.2529,18.286,18.3215,18.3594,18.3998,18.443,18.4891,18.5382,18.5904,18.6459,18.7048,18.7672,18.8333,18.9033,18.9772,19.0553,19.1376,19.2244,19.3157,19.4117,19.5127,19.6187,19.7299,19.8466,19.9688,20.0968,20.2308,20.371,20.5175,20.6706,20.8306,20.9976,21.1719,21.3537,21.5433,21.741,21.947,22.1616,22.3852,22.618,22.8603,23.1125,23.3749,23.6479,23.9318,24.2269,24.5338,24.8526,25.1839,25.5281,25.8854,26.2563,26.6412,27.0405,27.4545,27.8836,28.3281,28.7883,29.2645,29.7568,30.2655,30.7905,31.332,31.8897,32.4636,33.0532,33.6581,34.2777,34.911,35.5571,36.2147,36.8823,37.558,38.2397,38.9252,39.6116,40.296,40.975,41.645,42.302,42.9417,43.5599,44.1518,44.7128,45.2381,45.7231,46.1631,46.5541,46.892,47.1735,47.3956,47.556,47.6532,47.6863,47.6552,47.5607,47.4042,47.1878,46.9142,46.5868,46.2093,45.7858,45.3209,44.819,44.2848,43.7229,43.1379,42.5341,41.9158,41.2868,40.6508,40.0113,39.3712,38.7333,38.1001,37.4738,36.8562,36.249,35.6536,35.0712,34.5027,33.9489,33.4105,32.888,32.3817,31.892,31.4188,30.9625,30.5229,30.1001,29.694,29.3044,28.9313,28.5745,28.2339,27.9093,27.6004,27.3072,27.0295,26.7672,26.5201,26.288,26.071,25.869,25.6818,25.5096,25.3522,25.2097,25.0822,24.9697,24.8724,24.7906,24.7242,24.6737,24.6392,24.621,24.6196,24.6352,24.6684,24.7195,24.7891,24.8776,24.9858,25.114,25.263,25.4334,25.6258,25.8408,26.0791,26.3412,26.6277,26.939,27.2754,27.6371,28.0242,28.4363,28.8729,29.333,29.8155,30.3184,30.8394,31.3753,31.9225,32.4764,33.0318,33.5824,34.1214,34.6411,35.1334,35.5897,36.001,36.3587,36.6545,36.881,37.0316,37.1013,37.0868,36.9866,36.801,36.5324,36.1847,35.7636,35.2759,34.7294,34.1325,33.4939,32.822,32.1253,31.4115,30.6878,29.9605,29.2353,28.5169,27.8093,27.1158,26.439,25.7809,25.1428,24.5259,23.9306,23.3572,22.8057,22.2759,21.7674,21.2797,20.812,20.3639,19.9343,19.5227,19.1282,18.7499,18.3872,18.0392,17.7052,17.3845,17.0763,16.7801,16.495,16.2206,15.9563,15.7014,15.4555,15.2181,14.9888,14.767,14.5524,14.3446,14.1432,13.948,13.7584,13.5744,13.3955,13.2215,13.0522,12.8874,
 ,99,17.0587,17.1338,17.206,17.2751,17.3411,17.4041,17.4641,17.5209,17.5748,17.6258,17.6738,17.7189,17.7613,17.8009,17.838,17.8725,17.9046,17.9343,17.9619,17.9874,18.011,18.0329,18.053,18.0717,18.089,18.1051,18.1202,18.1344,18.1479,18.1608,18.1734,18.1857,18.1979,18.2102,18.2228,18.2358,18.2494,18.2637,18.2788,18.295,18.3124,18.3312,18.3514,18.3732,18.3969,18.4224,18.45,18.4798,18.5119,18.5466,18.5838,18.6238,18.6666,18.7125,18.7615,18.8139,18.8696,18.9289,18.9919,19.0587,19.1295,19.2044,19.2836,19.3671,19.4553,19.5481,19.6457,19.7484,19.8563,19.9695,20.0882,20.2126,20.3429,20.4792,20.6218,20.7709,20.9266,21.0892,21.2589,21.436,21.6206,21.813,22.0135,22.2223,22.4397,22.6659,22.9014,23.1463,23.4009,23.6656,23.9407,24.2265,24.5233,24.8315,25.1514,25.4833,25.8276,26.1845,26.5545,26.9377,27.3346,27.7453,28.1701,28.6093,29.063,29.5312,30.0142,30.5118,31.024,31.5507,32.0914,32.6459,33.2136,33.7937,34.3855,34.9879,35.5995,36.2191,36.8447,37.4745,38.1063,38.7375,39.3655,39.9872,40.5993,41.1983,41.7805,42.3421,42.8791,43.3874,43.8629,44.3017,44.6999,45.0539,45.3605,45.6166,45.8198,45.9683,46.0607,46.0963,46.0749,45.9972,45.8642,45.6778,45.4401,45.154,44.8225,44.4491,44.0376,43.5918,43.1157,42.6132,42.0883,41.5447,40.9863,40.4164,39.8385,39.2554,38.67,38.0849,37.5023,36.9245,36.353,35.7897,35.2359,34.6927,34.1612,33.6423,33.1366,32.6448,32.1672,31.7044,31.2565,30.8237,30.4061,30.0039,29.617,29.2455,28.8893,28.5483,28.2225,27.9119,27.6162,27.3354,27.0695,26.8183,26.5819,26.3601,26.1529,25.9604,25.7825,25.6192,25.4708,25.3371,25.2185,25.1149,25.0266,24.9539,24.897,24.8562,24.8319,24.8244,24.8341,24.8616,24.9074,24.972,25.056,25.1602,25.2851,25.4315,25.6003,25.7921,26.0079,26.2485,26.5146,26.8072,27.1269,27.4746,27.8507,28.2558,28.6901,29.1536,29.6461,30.1669,30.7147,31.288,31.8842,32.5003,33.1322,33.775,34.4227,35.0683,35.7037,36.32,36.9073,37.4551,37.9525,38.3887,38.7533,39.0368,39.2309,39.3293,39.3276,39.224,39.0188,38.7152,38.3182,37.8351,37.2746,36.6467,35.9617,35.2305,34.4636,33.671,32.8621,32.0453,31.228,30.4166,29.6163,28.8315,28.0657,27.3216,26.6009,25.9051,25.2348,24.5906,23.9723,23.3797,22.8123,22.2694,21.7502,21.2539,20.7794,20.3259,19.8924,19.4778,19.0812,18.7017,18.3383,17.9901,17.6563,17.3361,17.0288,16.7335,16.4497,16.1765,15.9135,15.6601,15.4157,15.1797,14.9518,14.7315,14.5183,14.3118,14.1118,13.9177,13.7294,13.5465,13.3687,13.1958,13.0274,
 ,98,17.3596,17.4361,17.5094,17.5795,17.6463,17.7098,17.7701,17.827,17.8808,17.9314,17.9788,18.0232,18.0645,18.103,18.1386,18.1716,18.2019,18.2297,18.2552,18.2784,18.2996,18.3189,18.3363,18.3522,18.3666,18.3797,18.3916,18.4026,18.4128,18.4224,18.4316,18.4404,18.4491,18.4579,18.467,18.4764,18.4864,18.4971,18.5086,18.5212,18.535,18.5502,18.5668,18.5851,18.6052,18.6273,18.6514,18.6777,18.7064,18.7376,18.7715,18.8081,18.8476,18.8902,18.9359,18.985,19.0375,19.0935,19.1533,19.2169,19.2845,19.3562,19.4321,19.5124,19.5972,19.6868,19.7811,19.8804,19.9849,20.0946,20.2098,20.3306,20.4571,20.5897,20.7283,20.8733,21.0249,21.1831,21.3483,21.5206,21.7003,21.8875,22.0826,22.2856,22.497,22.7169,22.9456,23.1834,23.4305,23.6872,23.9538,24.2305,24.5177,24.8156,25.1245,25.4447,25.7765,26.1201,26.4758,26.8438,27.2244,27.6177,28.024,28.4434,28.8759,29.3217,29.7806,30.2527,30.7378,31.2356,31.7458,32.2679,32.8014,33.3455,33.8994,34.462,35.0322,35.6084,36.1891,36.7724,37.3563,37.9384,38.5164,39.0875,39.6488,40.1971,40.7292,41.2418,41.7313,42.1942,42.627,43.0263,43.3889,43.7116,43.9916,44.2265,44.4142,44.553,44.6419,44.6801,44.6676,44.6047,44.4925,44.3322,44.1259,43.8757,43.5843,43.2546,42.8898,42.493,42.0677,41.6174,41.1454,40.655,40.1495,39.6321,39.1056,38.5728,38.0364,37.4986,36.9616,36.4274,35.8977,35.3741,34.858,34.3505,33.8529,33.3658,32.8902,32.4266,31.9756,31.5376,31.113,30.7021,30.3051,29.9221,29.5532,29.1986,28.8582,28.5321,28.2203,27.9228,27.6395,27.3706,27.1158,26.8753,26.649,26.437,26.2393,26.0559,25.8869,25.7325,25.5926,25.4676,25.3576,25.2627,25.1833,25.1196,25.0721,25.0409,25.0267,25.0298,25.0508,25.0903,25.1488,25.2271,25.3258,25.4459,25.588,25.7532,25.9423,26.1565,26.3966,26.6639,26.9593,27.284,27.6391,28.0255,28.4442,28.8961,29.3817,29.9014,30.4552,31.0429,31.6636,32.3156,32.9968,33.7039,34.4329,35.1782,35.9333,36.6902,37.4395,38.1706,38.8717,39.5298,40.1317,40.6637,41.1126,41.4662,41.7141,41.848,41.8621,41.7541,41.5246,41.1775,40.7197,40.1603,39.5107,38.7835,37.9919,37.1494,36.2689,35.3626,34.4418,33.5163,32.5946,31.684,30.7902,29.918,29.0708,28.2514,27.4613,26.7018,25.9733,25.2757,24.6088,23.9719,23.3642,22.7846,22.2321,21.7054,21.2034,20.7248,20.2683,19.8329,19.4173,19.0203,18.641,18.2783,17.9312,17.5987,17.28,16.9744,16.6809,16.3989,16.1277,15.8666,15.615,15.3725,15.1384,14.9122,14.6936,14.482,14.2772,14.0786,13.886,13.699,13.5174,13.3408,13.169,
 ,97,17.6714,17.7495,17.824,17.8951,17.9627,18.0268,18.0873,18.1444,18.198,18.2481,18.2949,18.3384,18.3787,18.4159,18.45,18.4812,18.5096,18.5353,18.5585,18.5793,18.5979,18.6144,18.629,18.6418,18.653,18.6629,18.6715,18.6791,18.6858,18.6918,18.6973,18.7025,18.7075,18.7126,18.7178,18.7234,18.7296,18.7365,18.7443,18.7531,18.7631,18.7745,18.7874,18.802,18.8183,18.8367,18.8572,18.8799,18.905,18.9327,18.963,18.9961,19.0322,19.0713,19.1137,19.1593,19.2084,19.2612,19.3176,19.3779,19.4422,19.5106,19.5832,19.6602,19.7417,19.8279,19.9189,20.0148,20.1158,20.222,20.3336,20.4508,20.5736,20.7024,20.8371,20.9781,21.1255,21.2794,21.4401,21.6077,21.7825,21.9647,22.1544,22.3519,22.5574,22.7711,22.9933,23.2242,23.4639,23.7129,23.9712,24.2393,24.5172,24.8052,25.1036,25.4126,25.7325,26.0634,26.4055,26.7591,27.1243,27.5013,27.8901,28.2909,28.7036,29.1283,29.5649,30.0132,30.4731,30.9443,31.4263,31.9187,32.4209,32.9321,33.4515,33.9781,34.5107,35.0478,35.5881,36.1298,36.671,37.2097,37.7435,38.27,38.7866,39.2906,39.779,40.2489,40.6973,41.1211,41.5173,41.8829,42.2151,42.5113,42.769,42.9863,43.1611,43.2923,43.3787,43.4198,43.4155,43.366,43.2721,43.135,42.9562,42.7376,42.4813,42.1899,41.8659,41.5122,41.1317,40.7272,40.3018,39.8584,39.3999,38.929,38.4483,37.9604,37.4676,36.9721,36.476,35.9811,35.489,35.0013,34.5194,34.0444,33.5775,33.1196,32.6714,32.2337,31.807,31.392,30.9889,30.5982,30.2202,29.855,29.5029,29.164,28.8384,28.5262,28.2275,27.9424,27.6709,27.413,27.1689,26.9384,26.7218,26.5191,26.3304,26.1558,25.9954,25.8494,25.7179,25.6012,25.4995,25.4132,25.3424,25.2876,25.2493,25.2277,25.2235,25.2372,25.2695,25.3209,25.3922,25.4843,25.598,25.7342,25.894,26.0784,26.2885,26.5257,26.7912,27.0863,27.4125,27.771,28.1634,28.5911,29.0554,29.5575,30.0985,30.6794,31.3005,31.962,32.6635,33.4037,34.1807,34.9914,35.8315,36.6953,37.5754,38.463,39.3472,40.2154,41.0533,41.8453,42.5746,43.2242,43.7772,44.218,44.5328,44.7108,44.7447,44.6312,44.3712,43.9698,43.4361,42.7822,42.0227,41.1738,40.2523,39.2752,38.2584,37.2169,36.164,35.1113,34.0685,33.0436,32.0431,31.0718,30.1332,29.2297,28.3628,27.5332,26.7409,25.9854,25.2661,24.5816,23.9309,23.3123,22.7245,22.166,21.635,21.1302,20.6499,20.1929,19.7576,19.3428,18.9471,18.5695,18.2087,17.8637,17.5336,17.2173,16.9141,16.6231,16.3436,16.0748,15.8161,15.5668,15.3265,15.0945,14.8705,14.6538,14.4441,14.241,14.0441,13.853,13.6675,13.4873,13.312,
 ,96,17.9949,18.0745,18.1504,18.2225,18.2909,18.3556,18.4164,18.4735,18.5269,18.5766,18.6227,18.6653,18.7044,18.7401,18.7726,18.8019,18.8282,18.8517,18.8724,18.8906,18.9064,18.9199,18.9314,18.941,18.9489,18.9552,18.9603,18.9642,18.9672,18.9694,18.971,18.9723,18.9733,18.9744,18.9756,18.9773,18.9794,18.9823,18.986,18.9908,18.9968,19.0042,19.0132,19.0239,19.0364,19.0509,19.0675,19.0865,19.1079,19.1318,19.1585,19.188,19.2204,19.256,19.2948,19.337,19.3826,19.4319,19.485,19.5418,19.6027,19.6677,19.737,19.8106,19.8888,19.9716,20.0591,20.1516,20.2491,20.3518,20.4599,20.5734,20.6925,20.8175,20.9483,21.0853,21.2285,21.3782,21.5345,21.6975,21.8675,22.0447,22.2292,22.4213,22.621,22.8287,23.0446,23.2687,23.5014,23.7429,23.9934,24.253,24.522,24.8006,25.0889,25.3873,25.6958,26.0146,26.344,26.6839,27.0346,27.3961,27.7686,28.1519,28.5461,28.9512,29.367,29.7933,30.2299,30.6765,31.1326,31.5977,32.0713,32.5525,33.0406,33.5345,34.0331,34.5352,35.0392,35.5438,36.0469,36.5469,37.0416,37.5288,38.0063,38.4714,38.9218,39.3547,39.7676,40.1577,40.5224,40.8593,41.1657,41.4395,41.6786,41.8812,42.0456,42.1708,42.2558,42.3,42.3034,42.2661,42.1888,42.0723,41.9179,41.7271,41.5019,41.2442,40.9563,40.6405,40.2994,39.9355,39.5513,39.1494,38.7324,38.3028,37.8628,37.4149,36.9611,36.5035,36.0439,35.5842,35.126,34.6707,34.2196,33.774,33.335,32.9035,32.4803,32.0662,31.6618,31.2677,30.8844,30.5123,30.1518,29.803,29.4664,29.1421,28.8302,28.531,28.2446,27.9711,27.7105,27.4631,27.2289,27.008,26.8005,26.6066,26.4265,26.2602,26.108,25.97,25.8466,25.738,25.6444,25.5663,25.5039,25.4578,25.4285,25.4164,25.4221,25.4463,25.4897,25.5531,25.6373,25.7433,25.872,26.0247,26.2024,26.4064,26.6381,26.8991,27.1907,27.5148,27.8729,28.267,28.6988,29.1702,29.683,30.239,30.8398,31.487,32.1816,32.9244,33.7155,34.5543,35.4392,36.3675,37.3349,38.3356,39.3616,40.403,41.4474,42.4798,43.4831,44.4382,45.3241,46.1192,46.8018,47.3516,47.7505,47.9841,48.0429,47.9222,47.6236,47.1537,46.5247,45.7526,44.8565,43.8574,42.7769,41.6363,40.4554,39.2524,38.0432,36.8413,35.6577,34.5014,33.3791,32.2956,31.2543,30.2573,29.3055,28.3989,27.5371,26.719,25.9431,25.2079,24.5113,23.8515,23.2266,22.6346,22.0734,21.5413,21.0365,20.5571,20.1016,19.6684,19.256,18.8632,18.4885,18.1308,17.7891,17.4621,17.1491,16.849,16.5611,16.2845,16.0186,15.7627,15.5161,15.2783,15.0488,14.827,14.6125,14.4048,14.2036,14.0085,13.8192,13.6352,13.4564,
 ,95,18.3305,18.4118,18.4891,18.5624,18.6316,18.6969,18.758,18.8152,18.8683,18.9175,18.9628,19.0044,19.0422,19.0763,19.107,19.1343,19.1584,19.1794,19.1975,19.2128,19.2256,19.2359,19.244,19.2501,19.2544,19.2571,19.2583,19.2583,19.2572,19.2554,19.2529,19.25,19.2469,19.2437,19.2407,19.238,19.2359,19.2345,19.234,19.2346,19.2364,19.2397,19.2445,19.251,19.2594,19.2699,19.2826,19.2976,19.315,19.3351,19.358,19.3837,19.4124,19.4443,19.4795,19.5181,19.5601,19.6059,19.6554,19.7088,19.7662,19.8278,19.8936,19.9638,20.0385,20.1178,20.2019,20.2909,20.3849,20.4841,20.5886,20.6984,20.8139,20.935,21.062,21.195,21.3342,21.4796,21.6315,21.7901,21.9554,22.1277,22.3071,22.4939,22.6881,22.8899,23.0996,23.3173,23.5432,23.7775,24.0203,24.2719,24.5324,24.802,25.0808,25.369,25.6667,25.9741,26.2913,26.6184,26.9555,27.3025,27.6596,28.0266,28.4036,28.7904,29.1869,29.5928,30.0079,30.4319,30.8642,31.3043,31.7517,32.2057,32.6653,33.1296,33.5977,34.0682,34.5398,35.0111,35.4805,35.9462,36.4063,36.8589,37.302,37.7333,38.1505,38.5513,38.9335,39.2946,39.6325,39.9448,40.2294,40.4844,40.708,40.8986,41.0547,41.1755,41.2599,41.3076,41.3184,41.2924,41.2301,41.1321,40.9995,40.8337,40.636,40.4082,40.1522,39.87,39.5638,39.2357,38.888,38.523,38.1429,37.7498,37.3461,36.9337,36.5146,36.0907,35.6639,35.2357,34.8077,34.3815,33.9581,33.539,33.1251,32.7174,32.3169,31.9242,31.54,31.1651,30.7998,30.4447,30.1002,29.7666,29.4442,29.1333,28.8341,28.5469,28.2718,28.009,27.7587,27.521,27.2961,27.0842,26.8853,26.6997,26.5277,26.3693,26.2248,26.0946,25.9788,25.8779,25.7922,25.722,25.6678,25.6302,25.6096,25.6068,25.6222,25.6568,25.7113,25.7866,25.8836,26.0035,26.1474,26.3166,26.5125,26.7365,26.9903,27.2755,27.5942,27.9481,28.3396,28.7707,29.2438,29.7613,30.3256,30.9391,31.6043,32.3232,33.0978,33.9297,34.8199,35.7685,36.7748,37.8364,38.9496,40.1085,41.3048,42.5275,43.7625,44.9924,46.1967,47.3516,48.4311,49.4075,50.2528,50.9402,51.4457,51.7502,51.8405,51.7107,51.3626,50.8056,50.0557,49.1345,48.0673,46.8816,45.6051,44.2648,42.8855,41.4891,40.0946,38.7176,37.3705,36.0629,34.8016,33.5914,32.4352,31.3342,30.2888,29.2981,28.3609,27.4751,26.6387,25.8493,25.1042,24.401,23.7371,23.1102,22.5176,21.9573,21.427,20.9248,20.4485,19.9966,19.5672,19.1589,18.7702,18.3997,18.0462,17.7085,17.3855,17.0763,16.78,16.4957,16.2226,15.96,15.7071,15.4635,15.2285,15.0016,14.7823,14.5701,14.3646,14.1655,13.9722,13.7846,13.6023,
 ,94,18.679,18.7621,18.8409,18.9154,18.9855,19.0513,19.1128,19.17,19.2229,19.2715,19.316,19.3563,19.3927,19.4252,19.4539,19.4791,19.5007,19.5191,19.5343,19.5465,19.556,19.5629,19.5674,19.5698,19.5702,19.5689,19.566,19.5618,19.5565,19.5503,19.5434,19.536,19.5284,19.5208,19.5133,19.5061,19.4995,19.4935,19.4886,19.4847,19.4821,19.4809,19.4813,19.4836,19.4877,19.494,19.5024,19.5133,19.5267,19.5428,19.5616,19.5835,19.6083,19.6364,19.6678,19.7026,19.741,19.7831,19.829,19.8788,19.9327,19.9907,20.053,20.1197,20.191,20.2668,20.3474,20.4329,20.5234,20.619,20.7198,20.8261,20.9378,21.0552,21.1784,21.3074,21.4425,21.5838,21.7315,21.8856,22.0463,22.2139,22.3883,22.5699,22.7587,22.9549,23.1586,23.3701,23.5894,23.8168,24.0524,24.2962,24.5486,24.8096,25.0793,25.3579,25.6454,25.9421,26.2478,26.5628,26.887,27.2205,27.5632,27.915,28.276,28.6458,29.0245,29.4116,29.8069,30.21,30.6205,31.0379,31.4615,31.8906,32.3245,32.7621,33.2026,33.6448,34.0874,34.5291,34.9684,35.4037,35.8334,36.2556,36.6686,37.0702,37.4587,37.8317,38.1875,38.5238,38.8387,39.1302,39.3965,39.6358,39.8466,40.0275,40.1773,40.295,40.3798,40.4313,40.4494,40.434,40.3855,40.3044,40.1915,40.0479,39.8749,39.6738,39.4463,39.194,38.9188,38.6226,38.3072,37.9749,37.6274,37.2669,36.8953,36.5144,36.1261,35.7323,35.3345,34.9344,34.5334,34.133,33.7345,33.339,32.9477,32.5614,32.1812,31.8078,31.4419,31.0842,30.7353,30.3956,30.0657,29.7458,29.4365,29.1379,28.8504,28.5742,28.3095,28.0567,27.8158,27.5871,27.3709,27.1672,26.9764,26.7986,26.6341,26.4832,26.3461,26.2231,26.1147,26.0211,25.9428,25.8803,25.834,25.8046,25.7926,25.7987,25.8238,25.8685,25.9339,26.021,26.1308,26.2646,26.4236,26.6095,26.8236,27.0678,27.344,27.6541,28.0003,28.3851,28.811,29.2806,29.7969,30.3628,30.9814,31.6561,32.3899,33.186,34.0475,34.9768,35.9761,37.0468,38.1891,39.4017,40.6815,42.0232,43.4182,44.8549,46.3174,47.7855,49.2346,50.6358,51.9562,53.1603,54.2116,55.0744,55.7166,56.1122,56.2431,56.1014,55.6894,55.02,54.1154,53.0045,51.7213,50.302,48.7826,47.1974,45.5772,43.9487,42.3342,40.7516,39.2145,37.7328,36.3134,34.9604,33.6757,32.4597,31.3115,30.2292,29.2103,28.252,27.3511,26.5042,25.708,24.9592,24.2547,23.5914,22.9665,22.3771,21.8208,21.295,20.7977,20.3267,19.8801,19.4562,19.0532,18.6698,18.3045,17.956,17.6232,17.3049,17.0002,16.7081,16.4278,16.1585,15.8995,15.65,15.4096,15.1776,14.9535,14.7368,14.527,14.3238,14.1268,13.9355,13.7497,
 ,93,19.0411,19.126,19.2064,19.2822,19.3533,19.4198,19.4816,19.5387,19.5913,19.6393,19.6828,19.7219,19.7567,19.7874,19.814,19.8367,19.8558,19.8712,19.8833,19.8923,19.8982,19.9014,19.9021,19.9004,19.8967,19.8911,19.8838,19.8751,19.8652,19.8544,19.8428,19.8307,19.8183,19.8059,19.7936,19.7816,19.7702,19.7596,19.7498,19.7412,19.734,19.7281,19.724,19.7217,19.7214,19.7232,19.7273,19.7338,19.743,19.7549,19.7696,19.7873,19.8082,19.8323,19.8598,19.8908,19.9254,19.9637,20.0059,20.052,20.1023,20.1567,20.2154,20.2786,20.3462,20.4186,20.4956,20.5776,20.6645,20.7565,20.8538,20.9564,21.0644,21.1781,21.2974,21.4226,21.5537,21.6909,21.8343,21.9841,22.1404,22.3033,22.4729,22.6494,22.833,23.0237,23.2218,23.4272,23.6403,23.861,24.0896,24.3262,24.5708,24.8236,25.0847,25.3542,25.6322,25.9186,26.2136,26.5172,26.8295,27.1502,27.4795,27.8173,28.1633,28.5175,28.8796,29.2494,29.6265,30.0106,30.4011,30.7977,31.1996,31.6063,32.0169,32.4305,32.8462,33.263,33.6797,34.0951,34.5077,34.9163,35.3191,35.7147,36.1013,36.4772,36.8406,37.1898,37.5228,37.8379,38.1334,38.4074,38.6584,38.8848,39.0853,39.2586,39.4037,39.5196,39.6056,39.6614,39.6867,39.6815,39.6459,39.5803,39.4855,39.3622,39.2114,39.0344,38.8323,38.6067,38.3592,38.0913,37.8048,37.5014,37.183,36.8512,36.508,36.155,35.7941,35.4267,35.0547,34.6794,34.3024,33.9249,33.5484,33.1739,32.8026,32.4354,32.0733,31.7172,31.3676,31.0254,30.6912,30.3654,30.0486,29.7412,29.4436,29.1561,28.8792,28.613,28.3579,28.1142,27.882,27.6616,27.4533,27.2573,27.0739,26.9034,26.746,26.602,26.4718,26.3557,26.2542,26.1676,26.0964,26.0412,26.0025,25.9809,25.9771,25.992,26.0264,26.0811,26.1572,26.2558,26.3782,26.5258,26.7,26.9024,27.1349,27.3995,27.6982,28.0335,28.4079,28.8242,29.2854,29.7948,30.3559,30.9723,31.6481,32.3873,33.1942,34.073,35.0281,36.0634,37.1825,38.3882,39.6825,41.0654,42.5354,44.0878,45.7147,47.4039,49.1381,50.8943,52.6432,54.3494,55.9715,57.4639,58.7783,59.867,60.6864,61.2005,61.3844,61.2268,60.7313,59.9157,58.8107,57.4562,55.898,54.1842,52.3621,50.475,48.5615,46.6538,44.7779,42.9538,41.1961,39.5148,37.9159,36.4023,34.9747,33.6319,32.3714,31.1898,30.0832,29.0473,28.0778,27.1704,26.3206,25.5243,24.7777,24.0769,23.4186,22.7995,22.2166,21.667,21.1483,20.658,20.1941,19.7544,19.3372,18.9408,18.5637,18.2044,17.8617,17.5344,17.2213,16.9215,16.6341,16.3582,16.093,15.8378,15.592,15.3549,15.126,14.9048,14.6908,14.4836,14.2827,14.0878,13.8986,
 ,92,19.4175,19.5045,19.5865,19.6636,19.7358,19.8029,19.865,19.9221,19.9743,20.0216,20.0641,20.1018,20.135,20.1636,20.1879,20.2081,20.2243,20.2366,20.2454,20.2507,20.2529,20.2521,20.2486,20.2426,20.2344,20.2241,20.2122,20.1987,20.1839,20.1681,20.1515,20.1344,20.117,20.0994,20.082,20.065,20.0485,20.0328,20.0181,20.0045,19.9923,19.9816,19.9726,19.9656,19.9605,19.9577,19.9572,19.9593,19.964,19.9715,19.9819,19.9954,20.0121,20.0321,20.0556,20.0826,20.1133,20.1477,20.1861,20.2285,20.275,20.3258,20.3808,20.4404,20.5044,20.5732,20.6467,20.725,20.8084,20.8968,20.9905,21.0894,21.1938,21.3037,21.4193,21.5406,21.6678,21.801,21.9403,22.0858,22.2377,22.3961,22.561,22.7327,22.9112,23.0967,23.2892,23.4889,23.6959,23.9104,24.1323,24.3619,24.5992,24.8443,25.0972,25.3581,25.627,25.9039,26.1888,26.4818,26.7828,27.0918,27.4087,27.7333,28.0656,28.4053,28.7522,29.106,29.4665,29.8331,30.2055,30.5832,30.9655,31.3518,31.7414,32.1334,32.527,32.9211,33.3147,33.7067,34.0958,34.4807,34.8599,35.2322,35.5959,35.9495,36.2913,36.6199,36.9336,37.2307,37.5098,37.7692,38.0076,38.2236,38.416,38.5836,38.7255,38.8409,38.9291,38.9896,39.0222,39.0269,39.0036,38.9526,38.8745,38.7698,38.6393,38.484,38.305,38.1034,37.8807,37.6381,37.3772,37.0996,36.8068,36.5006,36.1824,35.854,35.5171,35.1731,34.8236,34.4701,34.114,33.7568,33.3995,33.0435,32.6898,32.3394,31.9933,31.6524,31.3173,30.9888,30.6676,30.3542,30.0491,29.7528,29.4657,29.1883,28.9209,28.6638,28.4173,28.1818,27.9575,27.7447,27.5437,27.3547,27.1782,27.0143,26.8634,26.7259,26.6021,26.4924,26.3974,26.3173,26.2528,26.2045,26.173,26.159,26.1632,26.1865,26.2298,26.2942,26.3807,26.4907,26.6255,26.7866,26.9757,27.1946,27.4454,27.7303,28.0518,28.4124,28.8153,29.2637,29.761,30.3112,30.9185,31.5874,32.3227,33.1297,34.0138,34.9807,36.0362,37.1861,38.4358,39.7903,41.2535,42.8281,44.5141,46.309,48.2059,50.193,52.252,54.3572,56.4742,58.56,60.5624,62.4225,64.0762,65.4591,66.5108,67.181,67.4348,67.256,66.6498,65.6417,64.2745,62.6039,60.6925,58.6051,56.4033,54.1429,51.8713,49.6273,47.4407,45.3335,43.3204,41.4105,39.6085,37.9154,36.3296,34.8477,33.4651,32.1765,30.9761,29.8579,28.8163,27.8453,26.9397,26.0942,25.3042,24.565,23.8726,23.2232,22.6133,22.0397,21.4994,20.9897,20.5084,20.053,19.6216,19.2123,18.8235,18.4535,18.101,17.7646,17.4433,17.1359,16.8413,16.5589,16.2876,16.0267,15.7755,15.5335,15.2999,15.0742,14.856,14.6448,14.4401,14.2416,14.0489,
 ,91,19.8091,19.8982,19.982,20.0606,20.1338,20.2016,20.2641,20.3211,20.3729,20.4194,20.4607,20.4969,20.5282,20.5547,20.5765,20.5939,20.6069,20.6159,20.621,20.6225,20.6206,20.6155,20.6075,20.5968,20.5838,20.5686,20.5516,20.5329,20.5129,20.4919,20.4699,20.4474,20.4246,20.4017,20.3789,20.3564,20.3346,20.3135,20.2935,20.2747,20.2573,20.2414,20.2274,20.2153,20.2053,20.1977,20.1924,20.1898,20.1898,20.1928,20.1987,20.2078,20.2202,20.236,20.2553,20.2782,20.3048,20.3353,20.3698,20.4083,20.451,20.498,20.5493,20.6052,20.6656,20.7307,20.8006,20.8753,20.9551,21.0399,21.13,21.2253,21.326,21.4322,21.544,21.6616,21.7849,21.9141,22.0494,22.1908,22.3384,22.4924,22.6528,22.8198,22.9934,23.1738,23.361,23.5552,23.7565,23.9649,24.1806,24.4035,24.6338,24.8716,25.1169,25.3697,25.6301,25.8981,26.1736,26.4566,26.7472,27.0452,27.3506,27.6631,27.9826,28.309,28.642,28.9812,29.3264,29.6772,30.0331,30.3936,30.7582,31.1262,31.4969,31.8695,32.2433,32.6172,32.9904,33.3617,33.73,34.0941,34.4527,34.8047,35.1485,35.4828,35.8062,36.1172,36.4145,36.6965,36.9619,37.2094,37.4376,37.6455,37.8317,37.9954,38.1356,38.2517,38.3428,38.4087,38.4489,38.4634,38.452,38.4149,38.3524,38.2651,38.1533,38.018,37.8599,37.6801,37.4797,37.2598,37.0218,36.7671,36.497,36.2131,35.917,35.6102,35.2941,34.9704,34.6405,34.306,33.9681,33.6282,33.2877,32.9477,32.6093,32.2735,31.9413,31.6135,31.2911,30.9746,30.6647,30.3622,30.0674,29.7809,29.5032,29.2347,28.9757,28.7267,28.4879,28.2598,28.0425,27.8365,27.6421,27.4595,27.2892,27.1314,26.9865,26.8549,26.737,26.6333,26.5442,26.4703,26.4121,26.3704,26.3456,26.3387,26.3505,26.3819,26.4338,26.5075,26.6042,26.7252,26.872,27.0464,27.2502,27.4854,27.7542,28.0593,28.4034,28.7895,29.221,29.7017,30.2357,30.8274,31.482,32.2049,33.0019,33.8795,34.8446,35.9046,37.067,38.34,39.7313,41.2485,42.8987,44.6874,46.6179,48.6906,50.901,53.2389,55.6861,58.2144,60.7847,63.3447,65.8295,68.1623,70.2578,72.0276,73.3877,74.2666,74.6138,74.4064,73.6518,72.3866,70.6724,68.5875,66.2188,63.6537,60.9737,58.2497,55.5403,52.8913,50.336,47.8973,45.5894,43.4192,41.3887,39.4958,37.7359,36.1024,34.5881,33.185,31.8849,30.6801,29.5629,28.526,27.5626,26.6666,25.8321,25.0538,24.3268,23.6468,23.0097,22.4119,21.85,21.3211,20.8224,20.3514,19.9058,19.4838,19.0833,18.7027,18.3406,17.9953,17.6658,17.3509,17.0494,16.7605,16.4832,16.2167,15.9602,15.7132,15.475,15.245,15.0226,14.8074,14.599,14.3969,14.2008,
 ,90,20.2167,20.3081,20.3939,20.4739,20.5483,20.6168,20.6796,20.7366,20.7878,20.8335,20.8735,20.9081,20.9373,20.9614,20.9805,20.9948,21.0045,21.0098,21.011,21.0083,21.0019,20.9922,20.9794,20.9637,20.9455,20.925,20.9026,20.8784,20.8528,20.8261,20.7985,20.7702,20.7416,20.7129,20.6844,20.6562,20.6287,20.602,20.5764,20.552,20.5291,20.5079,20.4885,20.4711,20.456,20.4432,20.433,20.4254,20.4206,20.4189,20.4202,20.4247,20.4326,20.444,20.4589,20.4776,20.5,20.5265,20.5569,20.5915,20.6303,20.6734,20.721,20.7731,20.8298,20.8912,20.9574,21.0286,21.1047,21.1859,21.2724,21.3641,21.4611,21.5637,21.6718,21.7856,21.9051,22.0304,22.1618,22.2991,22.4426,22.5923,22.7483,22.9107,23.0797,23.2552,23.4374,23.6264,23.8221,24.0248,24.2345,24.4512,24.6749,24.9058,25.1439,25.3891,25.6416,25.9012,26.1679,26.4418,26.7227,27.0106,27.3052,27.6066,27.9144,28.2286,28.5488,28.8747,29.2061,29.5424,29.8834,30.2284,30.577,30.9285,31.2823,31.6376,31.9938,32.3498,32.7048,33.0579,33.408,33.7539,34.0947,34.429,34.7557,35.0735,35.3811,35.6773,35.9608,36.2303,36.4846,36.7225,36.9428,37.1444,37.3264,37.4878,37.6278,37.7457,37.8408,37.9126,37.9609,37.9852,37.9856,37.962,37.9145,37.8435,37.7493,37.6325,37.4937,37.3338,37.1535,36.9541,36.7365,36.502,36.252,35.9878,35.7108,35.4226,35.1246,34.8183,34.5052,34.1867,33.8643,33.5393,33.213,32.8865,32.561,32.2376,31.9173,31.6008,31.2891,30.9829,30.6829,30.3896,30.1038,29.8258,29.5562,29.2954,29.0438,28.8019,28.5699,28.3483,28.1373,27.9374,27.7488,27.5719,27.4072,27.2548,27.1154,26.9892,26.8767,26.7784,26.6948,26.6266,26.5742,26.5385,26.5202,26.52,26.5389,26.5779,26.6381,26.7207,26.8271,26.9587,27.1173,27.3045,27.5226,27.7737,28.0603,28.3853,28.7517,29.1631,29.6231,30.1362,30.707,31.3408,32.0434,32.8214,33.6817,34.6323,35.6817,36.8391,38.1146,39.5186,41.062,42.756,44.6114,46.6378,48.8433,51.2325,53.8055,56.5551,59.465,62.5064,65.6353,68.79,71.8895,74.8345,77.5105,79.7955,81.5703,82.7317,83.206,82.9593,82.0025,80.3898,78.2106,75.5771,72.6112,69.4319,66.1467,62.846,59.6011,56.4647,53.4729,50.648,48.0015,45.5365,43.2505,41.137,39.1868,37.3896,35.7342,34.2096,32.8047,31.5093,30.3137,29.2087,28.1862,27.2386,26.359,25.5412,24.7794,24.0687,23.4045,22.7826,22.1993,21.6512,21.1353,20.6488,20.1894,19.7548,19.3429,18.9519,18.5802,18.2263,17.8888,17.5665,17.2582,16.9629,16.6797,16.4077,16.1461,15.8942,15.6514,15.4171,15.1906,14.9715,14.7594,14.5537,14.3542,
 ,89,20.6412,20.7351,20.8229,20.9046,20.9801,21.0495,21.1126,21.1694,21.2202,21.2648,21.3034,21.3362,21.3633,21.3848,21.4009,21.4119,21.4179,21.4192,21.4161,21.4089,21.3977,21.383,21.3649,21.3439,21.3201,21.2939,21.2656,21.2356,21.204,21.1712,21.1375,21.1031,21.0684,21.0336,20.9989,20.9647,20.9311,20.8984,20.8669,20.8367,20.808,20.7811,20.7561,20.7332,20.7126,20.6945,20.679,20.6663,20.6565,20.6498,20.6463,20.6461,20.6493,20.6561,20.6666,20.6809,20.6991,20.7213,20.7476,20.7781,20.8129,20.8521,20.8958,20.9441,20.997,21.0548,21.1173,21.1848,21.2573,21.3349,21.4177,21.5058,21.5993,21.6982,21.8026,21.9127,22.0285,22.15,22.2775,22.4109,22.5504,22.6959,22.8477,23.0058,23.1702,23.3411,23.5184,23.7024,23.893,24.0902,24.2942,24.505,24.7226,24.9471,25.1784,25.4165,25.6615,25.9134,26.172,26.4373,26.7093,26.9878,27.2726,27.5638,27.8609,28.1639,28.4725,28.7863,29.1051,29.4284,29.7558,30.0869,30.4211,30.7579,31.0967,31.4366,31.7771,32.1173,32.4564,32.7935,33.1277,33.4579,33.7831,34.1022,34.4143,34.718,35.0124,35.2962,35.5684,35.8277,36.0732,36.3036,36.518,36.7154,36.8949,37.0556,37.1968,37.3177,37.4177,37.4963,37.553,37.5876,37.5998,37.5895,37.5567,37.5014,37.4239,37.3245,37.2036,37.062,36.9002,36.7192,36.5199,36.3034,36.0709,35.8238,35.5633,35.291,35.0082,34.7166,34.4175,34.1124,33.8028,33.49,33.1753,32.86,32.5453,32.2321,31.9215,31.6144,31.3116,31.014,30.7221,30.4367,30.1584,29.8876,29.6249,29.3707,29.1255,28.8896,28.6635,28.4475,28.242,28.0474,27.8639,27.6921,27.5322,27.3848,27.2501,27.1287,27.0211,26.9277,26.8492,26.7861,26.7391,26.709,26.6966,26.7026,26.7282,26.7744,26.8424,26.9335,27.0491,27.1908,27.3606,27.5603,27.7921,28.0587,28.3626,28.707,29.0954,29.5316,30.0198,30.565,31.1725,31.8483,32.5993,33.4329,34.3577,35.383,36.5191,37.7777,39.1713,40.7135,42.419,44.3031,46.3816,48.6698,51.1819,53.9293,56.9185,60.1488,63.6083,67.2702,71.0875,74.9891,78.8756,82.6187,86.0645,89.0428,91.3827,92.9325,93.5823,93.2808,92.0447,89.9555,87.1456,83.7784,80.0264,76.0529,71.9998,67.9811,64.0819,60.361,56.8549,53.5825,50.5498,47.7535,45.1843,42.8292,40.6733,38.7007,36.8958,35.2434,33.7293,32.3402,31.064,29.8897,28.8071,27.8074,26.8824,26.025,25.2286,24.4874,23.7963,23.1506,22.5461,21.9791,21.4464,20.9448,20.4718,20.0248,19.6018,19.2006,18.8197,18.4573,18.112,17.7824,17.4675,17.166,16.877,16.5996,16.333,16.0764,15.8291,15.5904,15.3599,15.137,14.9212,14.7121,14.5091,
 ,88,21.0837,21.1802,21.2702,21.3537,21.4305,21.5006,21.564,21.6208,21.6709,21.7144,21.7515,21.7823,21.807,21.8256,21.8385,21.8458,21.8479,21.8449,21.8372,21.825,21.8087,21.7885,21.7648,21.738,21.7082,21.6759,21.6414,21.6049,21.5669,21.5277,21.4874,21.4466,21.4053,21.364,21.3228,21.2821,21.2422,21.2032,21.1653,21.1289,21.0942,21.0612,21.0303,21.0017,20.9754,20.9517,20.9307,20.9127,20.8976,20.8857,20.8771,20.872,20.8704,20.8725,20.8784,20.8882,20.9019,20.9198,20.9419,20.9682,20.999,21.0342,21.074,21.1184,21.1675,21.2214,21.2802,21.344,21.4129,21.4869,21.5661,21.6506,21.7405,21.8358,21.9366,22.043,22.1551,22.273,22.3967,22.5262,22.6618,22.8034,22.9511,23.1049,23.2651,23.4315,23.6042,23.7834,23.9691,24.1612,24.3599,24.5651,24.7769,24.9953,25.2203,25.4519,25.69,25.9347,26.1857,26.4432,26.7069,26.9768,27.2528,27.5345,27.8219,28.1148,28.4128,28.7156,29.023,29.3346,29.6499,29.9686,30.29,30.6137,30.939,31.2654,31.5921,31.9184,32.2436,32.5668,32.8871,33.2037,33.5156,33.8219,34.1215,34.4135,34.6969,34.9706,35.2336,35.4849,35.7236,35.9486,36.159,36.354,36.5326,36.6942,36.8379,36.963,37.069,37.1552,37.2212,37.2666,37.291,37.2941,37.2758,37.236,37.1746,37.0919,36.988,36.8634,36.7186,36.5544,36.3714,36.1708,35.9536,35.7211,35.4745,35.2154,34.9452,34.6655,34.3776,34.0832,33.7837,33.4806,33.1751,32.8685,32.5621,32.257,31.9541,31.6544,31.3587,31.068,30.7827,30.5037,30.2315,29.9666,29.7095,29.4608,29.2209,28.9901,28.7689,28.5577,28.3568,28.1666,27.9876,27.8201,27.6645,27.5212,27.3908,27.2737,27.1703,27.0813,27.0073,26.9488,26.9067,26.8817,26.8747,26.8865,26.9183,26.9712,27.0464,27.1454,27.2697,27.4211,27.6015,27.813,28.0581,28.3394,28.66,29.0232,29.4329,29.8932,30.409,30.9857,31.6294,32.3468,33.1459,34.0352,35.0248,36.1256,37.3501,38.7124,40.228,41.9144,43.7904,45.8766,48.1951,50.7684,53.6189,56.7675,60.2307,64.0177,68.126,72.5348,77.1983,82.0378,86.9339,91.7229,96.1979,100.12,103.24,105.332,106.228,105.849,104.221,101.469,97.7933,93.4354,88.642,83.6378,78.6091,73.6976,69.002,64.584,60.4761,56.6896,53.2205,50.0555,47.1757,44.5591,42.183,40.0248,38.0633,36.2783,34.6517,33.1668,31.8088,30.5643,29.4214,28.3697,27.3996,26.5029,25.6723,24.9011,24.1836,23.5145,22.8894,22.3041,21.7549,21.2387,20.7524,20.2935,19.8596,19.4487,19.0587,18.6881,18.3352,17.9987,17.6772,17.3697,17.0751,16.7925,16.5209,16.2596,16.008,15.7652,15.5307,15.304,15.0846,14.872,14.6658,
 ,87,21.5451,21.6445,21.7369,21.8223,21.9004,21.9714,22.0352,22.0917,22.1411,22.1835,22.2189,22.2475,22.2694,22.285,22.2943,22.2977,22.2955,22.2878,22.2751,22.2576,22.2356,22.2096,22.1798,22.1467,22.1105,22.0715,22.0303,21.9871,21.9422,21.896,21.8488,21.8009,21.7527,21.7044,21.6564,21.6089,21.5621,21.5164,21.472,21.429,21.3878,21.3486,21.3115,21.2767,21.2445,21.2149,21.1882,21.1645,21.144,21.1267,21.1129,21.1027,21.0961,21.0933,21.0944,21.0995,21.1087,21.1222,21.1399,21.162,21.1885,21.2196,21.2554,21.2959,21.3411,21.3912,21.4463,21.5064,21.5716,21.642,21.7176,21.7985,21.8848,21.9765,22.0738,22.1766,22.2851,22.3993,22.5193,22.6452,22.777,22.9147,23.0585,23.2083,23.3643,23.5265,23.6949,23.8695,24.0505,24.2378,24.4315,24.6315,24.838,25.0507,25.2699,25.4953,25.7271,25.9651,26.2093,26.4595,26.7157,26.9778,27.2455,27.5188,27.7973,28.081,28.3695,28.6625,28.9597,29.2607,29.5653,29.8728,30.1828,30.4949,30.8084,31.1228,31.4375,31.7517,32.0648,32.376,32.6845,32.9894,33.2901,33.5855,33.8748,34.1572,34.4316,34.6972,34.9532,35.1985,35.4323,35.6537,35.8619,36.0562,36.2356,36.3995,36.5471,36.6778,36.7909,36.8859,36.9621,37.019,37.0562,37.0732,37.0696,37.0452,36.9998,36.9334,36.8458,36.7374,36.6084,36.4595,36.2912,36.1045,35.9004,35.6802,35.4451,35.1966,34.9362,34.6656,34.3862,34.0997,33.8076,33.5114,33.2126,32.9123,32.612,32.3126,32.0154,31.7211,31.4308,31.1451,30.8649,30.5907,30.3232,30.0629,29.8103,29.5659,29.3302,29.1035,28.8862,28.6789,28.4818,28.2954,28.12,27.9561,27.8041,27.6644,27.5376,27.4241,27.3244,27.2392,27.1691,27.1148,27.077,27.0566,27.0544,27.0714,27.1089,27.1679,27.2498,27.3561,27.4886,27.6489,27.8393,28.062,28.3195,28.6149,28.9514,29.3326,29.7627,30.2463,30.7887,31.396,32.0748,32.833,33.6793,34.6236,35.6774,36.8536,38.1669,39.6342,41.2743,43.1088,45.1618,47.46,50.033,52.9125,56.1318,59.7242,63.7205,68.1456,73.0123,78.3133,84.0111,90.0246,96.2161,102.38,108.239,113.458,117.67,120.53,121.777,121.287,119.1,115.413,110.536,104.83,98.6499,92.3061,86.0402,80.0237,74.365,69.1225,64.3177,59.947,55.9909,52.4211,49.205,46.3092,43.7008,41.3489,39.2255,37.3047,35.5637,33.9822,32.5421,31.2278,30.0252,28.922,27.9077,26.9726,26.1085,25.3081,24.565,23.8734,23.2283,22.6252,22.0602,21.5298,21.0308,20.5604,20.1161,19.6957,19.2971,18.9185,18.5583,18.215,17.8873,17.574,17.274,16.9863,16.7099,16.4441,16.1881,15.9413,15.703,15.4726,15.2496,15.0336,14.824,
 ,86,22.0268,22.1292,22.2242,22.3115,22.3912,22.463,22.5271,22.5834,22.632,22.673,22.7066,22.7328,22.7518,22.764,22.7695,22.7686,22.7616,22.7488,22.7307,22.7074,22.6794,22.647,22.6106,22.5707,22.5275,22.4815,22.4331,22.3825,22.3302,22.2766,22.222,22.1667,22.111,22.0554,22,21.9452,21.8912,21.8384,21.787,21.7372,21.6892,21.6433,21.5996,21.5585,21.52,21.4843,21.4516,21.422,21.3958,21.373,21.3537,21.3381,21.3264,21.3185,21.3147,21.315,21.3195,21.3284,21.3416,21.3593,21.3816,21.4086,21.4402,21.4767,21.518,21.5643,21.6156,21.6719,21.7334,21.8002,21.8722,21.9495,22.0322,22.1205,22.2142,22.3135,22.4185,22.5292,22.6456,22.7678,22.896,23.03,23.17,23.316,23.468,23.6262,23.7905,23.9609,24.1375,24.3203,24.5092,24.7044,24.9058,25.1134,25.3271,25.5469,25.7729,26.0048,26.2426,26.4862,26.7356,26.9905,27.2508,27.5164,27.787,28.0624,28.3423,28.6265,28.9146,29.2064,29.5013,29.799,30.099,30.4009,30.7041,31.0081,31.3123,31.6161,31.9188,32.2197,32.5181,32.8133,33.1046,33.3911,33.672,33.9465,34.214,34.4734,34.7241,34.9652,35.196,35.4156,35.6234,35.8186,36.0004,36.1682,36.3212,36.4589,36.5805,36.6853,36.7728,36.8423,36.8932,36.9248,36.9366,36.9281,36.8989,36.8486,36.7771,36.6843,36.5702,36.4354,36.2803,36.1058,35.9127,35.7025,35.4763,35.2357,34.9824,34.718,34.4442,34.1627,33.8752,33.5833,33.2884,32.9919,32.6952,32.3994,32.1057,31.8149,31.5279,31.2457,30.9688,30.6979,30.4337,30.1767,29.9273,29.6861,29.4535,29.2299,29.0157,28.8113,28.6172,28.4337,28.2612,28.1002,27.9511,27.8144,27.6905,27.58,27.4835,27.4015,27.3348,27.284,27.2499,27.2335,27.2356,27.2573,27.2998,27.3643,27.4523,27.5654,27.7052,27.8739,28.0735,28.3065,28.5758,28.8843,29.2357,29.6339,30.0832,30.5889,31.1568,31.7933,32.5059,33.3033,34.1953,35.1932,36.3098,37.5601,38.9612,40.533,42.298,44.2824,46.516,49.0329,51.8714,55.0744,58.6887,62.764,67.351,72.4965,78.2379,84.5922,91.5417,99.0145,106.861,114.832,122.561,129.575,135.33,139.294,141.051,140.398,137.402,132.381,125.82,118.268,110.24,102.159,94.3325,86.9595,80.1489,73.9438,68.3432,63.3188,58.8277,54.8205,51.2466,48.0575,45.2081,42.6575,40.3694,38.3117,36.4564,34.7789,33.258,31.875,30.614,29.4609,28.4036,27.4314,26.5351,25.7067,24.939,24.2258,23.5616,22.9416,22.3615,21.8176,21.3064,20.8251,20.3708,19.9414,19.5345,19.1483,18.7812,18.4314,18.0978,17.7788,17.4736,17.1809,16.8999,16.6298,16.3696,16.1188,15.8767,15.6427,15.4162,15.1968,14.9841,
 ,85,22.5298,22.6356,22.7333,22.8228,22.9039,22.9767,23.0411,23.0972,23.1449,23.1845,23.2159,23.2395,23.2553,23.2638,23.2651,23.2595,23.2474,23.2291,23.2049,23.1754,23.1408,23.1015,23.0581,23.0108,22.9601,22.9065,22.8503,22.7919,22.7317,22.6701,22.6075,22.5443,22.4807,22.4172,22.354,22.2915,22.2299,22.1695,22.1107,22.0536,21.9984,21.9455,21.895,21.8471,21.802,21.7599,21.721,21.6853,21.6531,21.6245,21.5995,21.5785,21.5613,21.5482,21.5393,21.5346,21.5343,21.5385,21.5471,21.5604,21.5783,21.601,21.6285,21.6609,21.6982,21.7406,21.788,21.8406,21.8984,21.9615,22.0299,22.1037,22.1829,22.2677,22.3579,22.4538,22.5553,22.6625,22.7755,22.8943,23.0188,23.1493,23.2857,23.428,23.5763,23.7307,23.891,24.0574,24.2299,24.4085,24.5931,24.7838,24.9805,25.1833,25.392,25.6067,25.8273,26.0536,26.2857,26.5233,26.7665,27.015,27.2687,27.5273,27.7908,28.0588,28.3311,28.6075,28.8876,29.1711,29.4575,29.7466,30.0379,30.331,30.6253,30.9203,31.2156,31.5104,31.8043,32.0966,32.3867,32.6738,32.9573,33.2366,33.5109,33.7794,34.0416,34.2966,34.5439,34.7826,35.012,35.2316,35.4405,35.6383,35.8241,35.9974,36.1574,36.3035,36.435,36.5512,36.6514,36.7348,36.8005,36.8479,36.8761,36.8843,36.8719,36.8383,36.7828,36.7054,36.6057,36.484,36.3408,36.1767,35.9927,35.79,35.5701,35.3346,35.0854,34.8242,34.5529,34.2734,33.9875,33.6969,33.4032,33.1079,32.8124,32.5178,32.2253,31.9359,31.6505,31.3698,31.0946,30.8256,30.5633,30.3082,30.0608,29.8216,29.5911,29.3695,29.1574,28.9552,28.7631,28.5817,28.4114,28.2526,28.1057,27.9712,27.8496,27.7415,27.6475,27.5681,27.5042,27.4563,27.4254,27.4124,27.4182,27.444,27.4909,27.5603,27.6537,27.7728,27.9194,28.0955,28.3035,28.5461,28.826,29.1467,29.5119,29.9257,30.3931,30.9195,31.5111,32.1751,32.9197,33.7543,34.6898,35.7387,36.9157,38.2376,39.724,41.3978,43.2857,45.4188,47.8332,50.5711,53.681,57.2187,61.2476,65.838,71.0659,77.0092,83.7407,91.317,99.7585,109.022,118.964,129.296,139.547,149.055,157.01,162.579,165.084,164.19,160.011,153.066,144.133,134.051,123.567,113.249,103.476,94.4612,86.295,78.986,72.4939,66.7525,61.6856,57.2155,53.2686,49.7779,46.6834,43.9328,41.4807,39.2877,37.3202,35.5492,33.9498,32.5007,31.1836,29.9827,28.8844,27.877,26.9502,26.0952,25.3043,24.5706,23.8884,23.2525,22.6582,22.1015,21.5789,21.0872,20.6236,20.1855,19.7709,19.3775,19.0037,18.6478,18.3084,17.9841,17.6739,17.3765,17.091,16.8166,16.5524,16.2978,16.052,15.8144,15.5846,15.3619,15.1459,
 ,84,23.0555,23.1648,23.2655,23.3573,23.4402,23.514,23.5787,23.6344,23.6812,23.719,23.7482,23.7689,23.7813,23.7856,23.7823,23.7716,23.7539,23.7295,23.699,23.6626,23.6208,23.5742,23.523,23.4678,23.409,23.3471,23.2826,23.2157,23.1471,23.077,23.0058,22.9341,22.8621,22.7902,22.7187,22.648,22.5783,22.51,22.4433,22.3785,22.3158,22.2555,22.1978,22.1429,22.0909,22.042,21.9965,21.9545,21.916,21.8814,21.8505,21.8237,21.801,21.7825,21.7683,21.7585,21.7532,21.7525,21.7565,21.7651,21.7786,21.7969,21.8202,21.8484,21.8817,21.9202,21.9637,22.0126,22.0667,22.1261,22.1909,22.2612,22.3369,22.4182,22.505,22.5975,22.6957,22.7995,22.9091,23.0245,23.1457,23.2727,23.4056,23.5445,23.6893,23.84,23.9967,24.1593,24.328,24.5026,24.6832,24.8697,25.0622,25.2605,25.4647,25.6747,25.8904,26.1117,26.3386,26.5709,26.8084,27.0512,27.2989,27.5514,27.8086,28.0701,28.3357,28.6052,28.8782,29.1545,29.4337,29.7153,29.9991,30.2845,30.5712,30.8587,31.1463,31.4337,31.7203,32.0054,32.2886,32.5693,32.8468,33.1204,33.3897,33.6539,33.9125,34.1648,34.4102,34.6481,34.8779,35.099,35.3108,35.5127,35.7042,35.8846,36.0532,36.2094,36.3526,36.4818,36.5963,36.6952,36.7775,36.8422,36.8883,36.9146,36.9201,36.9039,36.8652,36.8032,36.7176,36.6084,36.4758,36.3205,36.1434,35.9459,35.7295,35.4961,35.2477,34.9864,34.7143,34.4335,34.1459,33.8535,33.558,33.261,32.964,32.6681,32.3746,32.0845,31.7986,31.5178,31.2427,30.9739,30.712,30.4575,30.2109,29.9726,29.743,29.5225,29.3115,29.1105,28.9197,28.7396,28.5707,28.4133,28.2678,28.1349,28.015,27.9087,27.8165,27.7391,27.6773,27.6318,27.6035,27.5933,27.6022,27.6313,27.682,27.7557,27.8538,27.9781,28.1306,28.3133,28.5289,28.7799,29.0695,29.4012,29.7789,30.207,30.6909,31.2362,31.8497,32.539,33.3132,34.1823,35.1584,36.2552,37.4889,38.8784,40.4458,42.2171,44.2232,46.5004,49.0914,52.0472,55.4276,59.3031,63.7561,68.8816,74.7873,81.5911,89.4157,98.3756,108.556,119.973,132.521,145.898,159.522,172.484,183.582,191.496,195.109,193.857,187.93,178.201,165.928,152.401,138.688,125.535,113.379,102.419,92.6943,84.1503,76.6846,70.1771,64.5064,59.559,55.2331,51.4398,48.1023,45.1555,42.5437,40.2201,38.145,36.2848,34.6109,33.0994,31.7295,30.4838,29.3473,28.3069,27.3517,26.472,25.6594,24.9069,24.2079,23.5571,22.9496,22.381,21.8478,21.3464,20.874,20.428,20.006,19.6058,19.2258,18.8641,18.5193,18.1899,17.8749,17.573,17.2832,17.0047,16.7367,16.4783,16.2289,15.9879,15.7547,15.5288,15.3097,
 ,83,23.6052,23.7185,23.8224,23.9167,24.0013,24.0762,24.1413,24.1966,24.2422,24.2783,24.3049,24.3224,24.3309,24.3308,24.3225,24.3062,24.2823,24.2514,24.2138,24.17,24.1205,24.0658,24.0063,23.9425,23.875,23.8043,23.7307,23.6548,23.577,23.4977,23.4175,23.3367,23.2557,23.1748,23.0945,23.015,22.9368,22.86,22.7851,22.7121,22.6415,22.5735,22.5081,22.4458,22.3866,22.3307,22.2783,22.2296,22.1847,22.1437,22.1068,22.074,22.0455,22.0214,22.0018,21.9867,21.9763,21.9706,21.9697,21.9737,21.9826,21.9964,22.0154,22.0394,22.0686,22.1031,22.1428,22.1878,22.2381,22.2939,22.3552,22.4219,22.4942,22.5721,22.6556,22.7447,22.8395,22.9401,23.0464,23.1585,23.2765,23.4002,23.5299,23.6654,23.8068,23.9542,24.1074,24.2666,24.4317,24.6027,24.7795,24.9623,25.1508,25.3451,25.5452,25.7509,25.9622,26.179,26.4012,26.6287,26.8613,27.099,27.3415,27.5886,27.8402,28.096,28.3558,28.6193,28.8863,29.1564,29.4292,29.7046,29.9819,30.261,30.5412,30.8223,31.1037,31.385,31.6656,31.9451,32.2229,32.4985,32.7714,33.041,33.3068,33.5682,33.8247,34.0758,34.3209,34.5596,34.7914,35.0156,35.2319,35.4397,35.6385,35.8277,36.0067,36.1749,36.3315,36.4757,36.6066,36.7231,36.8241,36.9083,36.9742,37.0205,37.0457,37.0484,37.0274,36.9816,36.9102,36.813,36.6901,36.5419,36.3695,36.1744,35.9585,35.7237,35.4726,35.2074,34.9307,34.6448,34.352,34.0544,33.7539,33.4522,33.1508,32.8511,32.5542,32.2611,31.9728,31.6898,31.413,31.1429,30.88,30.6248,30.3777,30.1391,29.9094,29.689,29.4782,29.2774,29.0871,28.9075,28.7391,28.5824,28.4378,28.3057,28.1868,28.0815,27.9906,27.9146,27.8543,27.8105,27.7841,27.776,27.7874,27.8193,27.873,27.9501,28.0522,28.181,28.3385,28.527,28.7491,29.0075,29.3056,29.6469,30.0357,30.4766,30.9751,31.5374,32.1705,32.8828,33.6836,34.584,35.597,36.7375,38.0232,39.4749,41.1171,42.9791,45.0957,47.5085,50.2671,53.4314,57.0732,61.2788,66.1517,71.8151,78.4139,86.1154,95.1061,105.581,117.722,131.651,147.352,164.561,182.607,200.285,215.83,227.161,232.416,230.629,222.129,208.397,191.476,173.334,155.469,138.814,123.825,110.633,99.1749,89.295,80.8018,73.5027,67.2196,61.7959,57.0971,53.0097,49.4387,46.3049,43.5422,41.0961,38.9206,36.9775,35.235,33.6659,32.2476,30.9609,29.7893,28.7189,27.7378,26.8355,26.0033,25.2334,24.5192,23.8548,23.2352,22.6558,22.1127,21.6025,21.122,20.6686,20.2397,19.8333,19.4474,19.0803,18.7304,18.3962,18.0766,17.7704,17.4766,17.1942,16.9224,16.6604,16.4076,16.1632,15.9268,15.6977,15.4755,
 ,82,24.1807,24.2981,24.4054,24.5025,24.589,24.665,24.7304,24.7853,24.8297,24.8637,24.8876,24.9015,24.9058,24.9009,24.8869,24.8645,24.834,24.7959,24.7506,24.6988,24.6408,24.5774,24.5088,24.4358,24.3589,24.2785,24.1953,24.1096,24.022,23.933,23.843,23.7525,23.6618,23.5715,23.4817,23.393,23.3057,23.22,23.1363,23.0548,22.9757,22.8995,22.8262,22.756,22.6893,22.626,22.5665,22.5108,22.4592,22.4116,22.3683,22.3294,22.2949,22.265,22.2397,22.2192,22.2035,22.1927,22.1869,22.186,22.1902,22.1996,22.2141,22.2339,22.259,22.2893,22.3251,22.3663,22.4129,22.4651,22.5227,22.586,22.6548,22.7293,22.8095,22.8954,22.987,23.0844,23.1875,23.2965,23.4113,23.532,23.6585,23.7909,23.9291,24.0733,24.2234,24.3793,24.5411,24.7087,24.8822,25.0614,25.2464,25.4371,25.6335,25.8354,26.0428,26.2556,26.4736,26.6969,26.9252,27.1584,27.3963,27.6387,27.8855,28.1364,28.3912,28.6497,28.9114,29.1763,29.4439,29.7139,29.986,30.2597,30.5347,30.8106,31.087,31.3635,31.6395,31.9146,32.1883,32.4603,32.73,32.9969,33.2606,33.5207,33.7766,34.028,34.2744,34.5154,34.7506,34.9795,35.2019,35.4172,35.625,35.8249,36.0162,36.1983,36.3706,36.5321,36.6819,36.8186,36.9409,37.0473,37.1359,37.2048,37.2522,37.2761,37.2745,37.2461,37.1895,37.1041,36.9898,36.8471,36.677,36.4814,36.2622,36.0222,35.7641,35.4908,35.2051,34.9099,34.6078,34.3012,33.992,33.6823,33.3735,33.0672,32.7643,32.466,32.1731,31.8862,31.606,31.3329,31.0676,30.8102,30.5614,30.3213,30.0905,29.8691,29.6575,29.4561,29.2653,29.0854,28.9169,28.7601,28.6155,28.4837,28.365,28.2602,28.1698,28.0946,28.0351,27.9924,27.9673,27.9607,27.9737,28.0077,28.0638,28.1436,28.2488,28.3812,28.5429,28.7361,28.9637,29.2284,29.5336,29.8832,30.2815,30.7335,31.2447,31.8216,32.4719,33.2041,34.0283,34.9563,36.0017,37.1808,38.5126,40.0196,41.7288,43.6722,45.8885,48.4243,51.336,54.6923,58.577,63.0925,68.3644,74.5459,81.8234,90.4204,100.6,112.661,126.914,143.641,162.995,184.833,208.469,232.382,254.06,270.26,277.903,275.333,263.12,243.766,220.562,196.447,173.447,152.645,134.435,118.794,105.495,94.2342,84.7041,76.6223,69.7445,63.8652,58.8143,54.4524,50.6653,47.36,44.46,41.9029,39.637,37.6197,35.8157,34.1953,32.734,31.4108,30.2081,29.111,28.1068,27.1845,26.3348,25.5495,24.8216,24.1451,23.5146,22.9254,22.3735,21.8552,21.3674,20.9072,20.4721,20.0599,19.6686,19.2964,18.9417,18.6031,18.2792,17.969,17.6713,17.3852,17.1098,16.8443,16.5881,16.3405,16.1008,15.8687,15.6435,
 ,81,24.7833,24.9053,25.0164,25.1164,25.205,25.2822,25.3479,25.4023,25.4452,25.477,25.4978,25.5079,25.5075,25.4972,25.4772,25.4481,25.4103,25.3643,25.3107,25.2501,25.183,25.11,25.0317,24.9487,24.8615,24.7708,24.6771,24.5809,24.4828,24.3833,24.2829,24.182,24.0811,23.9805,23.8808,23.7823,23.6853,23.5901,23.4971,23.4066,23.3187,23.2338,23.1521,23.0738,22.9991,22.9282,22.8612,22.7982,22.7395,22.6851,22.6352,22.5899,22.5492,22.5133,22.4823,22.4561,22.435,22.4189,22.4079,22.4022,22.4016,22.4064,22.4164,22.4318,22.4527,22.479,22.5108,22.5481,22.591,22.6395,22.6936,22.7534,22.8188,22.89,22.9669,23.0496,23.1381,23.2323,23.3325,23.4384,23.5502,23.6679,23.7914,23.9209,24.0562,24.1974,24.3445,24.4974,24.6562,24.8208,24.9911,25.1672,25.3491,25.5365,25.7295,25.9281,26.132,26.3413,26.5558,26.7754,26.9999,27.2293,27.4632,27.7017,27.9444,28.1912,28.4418,28.696,28.9535,29.214,29.4773,29.743,30.0107,30.2802,30.5511,30.823,31.0956,31.3683,31.6409,31.9129,32.1839,32.4535,32.7213,32.9869,33.25,33.51,33.7668,34.0198,34.2689,34.5136,34.7538,34.989,35.2191,35.4436,35.6622,35.8746,36.0803,36.2788,36.4692,36.6507,36.8221,36.9822,37.1293,37.2614,37.3763,37.4715,37.5445,37.5926,37.6133,37.6042,37.5635,37.4902,37.3838,37.2446,37.0741,36.8742,36.6477,36.3976,36.1275,35.8409,35.5412,35.2318,34.9158,34.5957,34.2739,33.9525,33.633,33.317,33.0055,32.6996,32.3998,32.107,31.8216,31.544,31.2747,31.0139,30.7621,30.5194,30.2862,30.0629,29.8496,29.6467,29.4546,29.2736,29.1041,28.9465,28.8012,28.6688,28.5498,28.4447,28.3542,28.279,28.2198,28.1775,28.1529,28.1472,28.1613,28.1965,28.2542,28.336,28.4435,28.5786,28.7434,28.9404,29.1723,29.442,29.7531,30.1095,30.5156,30.9766,31.4983,32.0876,32.7522,33.5011,34.345,35.2961,36.3691,37.5808,38.9517,40.5059,42.2722,44.2854,46.5875,49.2297,52.2746,55.799,59.898,64.6894,70.3202,76.9736,84.878,94.3168,105.637,119.255,135.642,155.291,178.606,205.687,235.959,267.647,297.331,320.133,331.087,327.422,310.105,283.262,252.031,220.643,191.681,166.279,144.638,126.48,111.345,98.7438,88.2291,79.4181,71.9949,65.7033,60.3375,55.7325,51.7557,48.3007,45.2816,42.6287,40.2851,38.2041,36.3474,34.6833,33.1851,31.8307,30.6014,29.4814,28.4574,27.5179,26.653,25.8544,25.1146,24.4275,23.7874,23.1896,22.6299,22.1044,21.61,21.1438,20.703,20.2856,19.8894,19.5125,19.1534,18.8106,18.4828,18.1687,17.8673,17.5777,17.2988,17.0301,16.7706,16.5198,16.2771,16.0419,15.8137,
 ,80,25.4149,25.5419,25.6571,25.7602,25.8511,25.9295,25.9956,26.0493,26.0907,26.12,26.1374,26.1432,26.1378,26.1215,26.0949,26.0584,26.0126,25.958,25.8953,25.8251,25.748,25.6647,25.5758,25.4819,25.3838,25.2819,25.1769,25.0694,24.96,24.8493,24.7376,24.6257,24.5138,24.4024,24.2921,24.1831,24.0759,23.9707,23.8679,23.7678,23.6706,23.5767,23.4862,23.3993,23.3163,23.2372,23.1624,23.0919,23.0258,22.9644,22.9076,22.8556,22.8085,22.7664,22.7294,22.6974,22.6707,22.6492,22.633,22.6222,22.6168,22.6168,22.6223,22.6333,22.6499,22.672,22.6998,22.7333,22.7724,22.8172,22.8678,22.9241,22.9862,23.0541,23.1278,23.2074,23.2928,23.3841,23.4812,23.5843,23.6932,23.8081,23.9288,24.0555,24.1881,24.3265,24.4708,24.621,24.777,24.9388,25.1064,25.2797,25.4587,25.6433,25.8334,26.029,26.23,26.4363,26.6477,26.8641,27.0855,27.3116,27.5423,27.7774,28.0168,28.2602,28.5073,28.7581,29.0121,29.2692,29.5291,29.7914,30.0559,30.3222,30.59,30.8589,31.1287,31.3989,31.6692,31.9393,32.2088,32.4772,32.7444,33.01,33.2735,33.5349,33.7938,34.0499,34.303,34.5529,34.7995,35.0425,35.2819,35.5173,35.7487,35.9757,36.1981,36.4152,36.6266,36.8312,37.0279,37.2152,37.3912,37.5536,37.6995,37.8259,37.9293,38.006,38.0527,38.0659,38.0431,37.9825,37.8832,37.7456,37.5713,37.3628,37.1235,36.8576,36.5693,36.2632,35.9434,35.614,35.2785,34.94,34.6011,34.2639,33.9302,33.6012,33.2783,32.9621,32.6533,32.3525,32.06,31.7763,31.5015,31.2359,30.9798,30.7334,30.4969,30.2705,30.0545,29.8493,29.655,29.472,29.3008,29.1416,28.9949,28.8613,28.7412,28.6352,28.5439,28.4681,28.4084,28.3658,28.3412,28.3355,28.3499,28.3857,28.4443,28.5272,28.6361,28.773,28.94,29.1396,29.3746,29.6481,29.9636,30.3251,30.7373,31.2053,31.7353,32.3342,33.01,33.7722,34.6316,35.6012,36.6959,37.9337,39.3359,40.9277,42.7398,44.809,47.1803,49.9085,53.0614,56.7229,60.9976,66.017,71.9467,78.9972,87.4356,97.6018,109.925,124.941,143.293,165.715,192.923,225.375,262.766,303.212,342.356,373.272,388.398,383.343,359.661,323.781,283.281,243.887,208.669,178.646,153.688,133.176,116.371,102.579,91.2057,81.7694,73.8848,67.2486,61.622,56.8171,52.6853,49.1088,45.9933,43.2631,40.8568,38.7245,36.8255,35.1259,33.598,32.2183,30.9674,29.8288,28.7885,27.8347,26.9573,26.1475,25.3978,24.7017,24.0535,23.4484,22.8818,22.3502,21.85,21.3784,20.9326,20.5105,20.1098,19.7287,19.3656,19.019,18.6874,18.3698,18.0649,17.7719,17.4898,17.2178,16.9552,16.7014,16.4556,16.2174,15.9863,
 ,79,26.0773,26.2098,26.3294,26.436,26.5293,26.6091,26.6755,26.7285,26.7682,26.7947,26.8083,26.8093,26.7983,26.7755,26.7415,26.697,26.6424,26.5785,26.5059,26.4252,26.3373,26.2427,26.1423,26.0367,25.9265,25.8126,25.6955,25.5759,25.4543,25.3315,25.2079,25.084,24.9604,24.8376,24.7159,24.5958,24.4777,24.3619,24.2488,24.1386,24.0316,23.9281,23.8284,23.7325,23.6408,23.5533,23.4703,23.3919,23.3182,23.2494,23.1854,23.1266,23.0728,23.0243,22.9811,22.9432,22.9107,22.8836,22.8621,22.8461,22.8357,22.8309,22.8317,22.8383,22.8505,22.8685,22.8923,22.9218,22.9571,22.9983,23.0453,23.0982,23.157,23.2217,23.2922,23.3687,23.4512,23.5395,23.6338,23.7341,23.8403,23.9525,24.0706,24.1947,24.3247,24.4606,24.6024,24.7501,24.9037,25.063,25.2281,25.3989,25.5755,25.7575,25.9452,26.1382,26.3367,26.5404,26.7492,26.9631,27.1818,27.4053,27.6333,27.8658,28.1025,28.3432,28.5876,28.8357,29.0872,29.3417,29.599,29.8588,30.121,30.385,30.6507,30.9178,31.1859,31.4546,31.7238,31.9931,32.2621,32.5306,32.7983,33.065,33.3303,33.5942,33.8565,34.1169,34.3754,34.6318,34.8863,35.1386,35.3889,35.6371,35.8831,36.1269,36.3683,36.607,36.8425,37.0739,37.3,37.5192,37.7294,37.9278,38.111,38.2749,38.4151,38.5266,38.6047,38.6447,38.6427,38.596,38.5033,38.3648,38.1825,37.9598,37.7011,37.4118,37.0977,36.7643,36.4169,36.0605,35.6992,35.3365,34.9752,34.6177,34.2657,33.9204,33.5829,33.2538,32.9336,32.6227,32.3214,32.0298,31.7481,31.4764,31.2147,30.9634,30.7225,30.4921,30.2725,30.0639,29.8666,29.6809,29.5071,29.3456,29.1968,29.0612,28.9393,28.8316,28.7389,28.6618,28.601,28.5574,28.5319,28.5257,28.5397,28.5753,28.6339,28.717,28.8265,28.9642,29.1324,29.3336,29.5705,29.8464,30.1648,30.5298,30.9461,31.419,31.9548,32.5605,33.2443,34.016,34.8866,35.8694,36.9799,38.2365,39.6612,41.2802,43.1254,45.2351,47.6564,50.4469,53.6783,57.4396,61.8427,67.0292,73.1796,80.5252,89.3642,100.082,113.176,129.284,149.203,173.89,204.374,241.509,285.364,334.122,382.647,421.914,441.433,434.905,404.584,359.565,310.065,263.234,222.444,188.459,160.749,138.337,120.215,105.5,93.4729,83.5659,75.3377,68.4469,62.629,57.6782,53.4339,49.7692,46.5839,43.7975,41.3458,39.1762,37.2461,35.5206,33.9706,32.572,31.3048,30.152,29.0993,28.1345,27.2473,26.4287,25.671,24.9676,24.3128,23.7016,23.1294,22.5925,22.0874,21.6111,21.161,20.7347,20.3301,19.9452,19.5784,19.2282,18.8933,18.5723,18.2642,17.968,17.6828,17.4078,17.1422,16.8854,16.6367,16.3956,16.1616,
 ,78,26.7726,26.911,27.0355,27.1458,27.2417,27.3231,27.3898,27.4419,27.4796,27.503,27.5125,27.5083,27.491,27.4611,27.4191,27.3657,27.3015,27.2273,27.1438,27.0518,26.952,26.8452,26.7323,26.6139,26.4908,26.3639,26.2337,26.101,25.9664,25.8306,25.6941,25.5576,25.4215,25.2864,25.1527,25.0208,24.8912,24.7642,24.6401,24.5192,24.4019,24.2884,24.1789,24.0736,23.9728,23.8765,23.7849,23.6983,23.6167,23.5401,23.4688,23.4028,23.3422,23.2871,23.2374,23.1934,23.155,23.1222,23.0952,23.0739,23.0584,23.0487,23.0448,23.0468,23.0546,23.0684,23.0881,23.1137,23.1452,23.1828,23.2262,23.2757,23.3312,23.3927,23.4602,23.5337,23.6132,23.6987,23.7903,23.8879,23.9916,24.1012,24.2169,24.3385,24.4662,24.5998,24.7393,24.8847,25.0361,25.1932,25.3562,25.5249,25.6992,25.8792,26.0647,26.2557,26.452,26.6536,26.8604,27.0722,27.2888,27.5103,27.7363,27.9667,28.2014,28.4401,28.6826,28.9288,29.1784,29.4311,29.6868,29.945,30.2057,30.4685,30.733,30.9992,31.2665,31.5349,31.804,32.0735,32.3432,32.6128,32.8822,33.1511,33.4194,33.687,33.9538,34.2198,34.4849,34.7492,35.0129,35.2761,35.5389,35.8015,36.0642,36.3272,36.5903,36.8536,37.1168,37.3791,37.6396,37.8964,38.1473,38.389,38.6174,38.8273,39.013,39.1678,39.285,39.3581,39.3814,39.3508,39.2641,39.1217,38.926,38.6816,38.3947,38.0725,37.7225,37.352,36.9678,36.5759,36.1811,35.7875,35.398,35.0151,34.6403,34.2749,33.9196,33.5748,33.2408,32.9178,32.6058,32.3047,32.0145,31.7352,31.4669,31.2095,30.963,30.7277,30.5035,30.2908,30.0896,29.9003,29.7232,29.5586,29.4069,29.2686,29.1442,29.0342,28.9393,28.8602,28.7975,28.7523,28.7253,28.7177,28.7306,28.7652,28.823,28.9056,29.0147,29.1523,29.3206,29.5221,29.7597,30.0366,30.3564,30.7231,31.1416,31.6172,32.1563,32.7659,33.4544,34.2316,35.1089,36.0995,37.2193,38.487,39.925,41.56,43.4245,45.5579,48.0083,50.835,54.1118,57.9308,62.408,67.6912,73.9692,81.486,90.5583,101.599,115.149,131.908,152.775,178.855,211.398,251.548,299.692,354.152,409.333,454.701,477.488,469.859,434.639,383.039,327.259,275.408,230.975,194.471,165.052,141.483,122.571,107.311,94.9007,84.7205,76.2941,69.2571,63.3295,58.2954,53.9865,50.2711,47.0453,44.2263,41.7477,39.5558,37.607,35.8654,34.3015,32.8909,31.6131,30.4508,29.3895,28.4171,27.5228,26.6977,25.9342,25.2253,24.5654,23.9493,23.3726,22.8314,22.3223,21.8421,21.3883,20.9584,20.5503,20.1621,19.7921,19.4387,19.1006,18.7766,18.4655,18.1663,17.8781,17.6002,17.3317,17.0719,16.8204,16.5764,16.3396,
 ,77,27.503,27.6478,27.7776,27.892,27.9908,28.0737,28.1408,28.1919,28.2274,28.2474,28.2522,28.2422,28.2181,28.1802,28.1294,28.0662,27.9915,27.9061,27.8107,27.7062,27.5935,27.4735,27.3469,27.2147,27.0777,26.9366,26.7923,26.6455,26.4968,26.3471,26.1969,26.0468,25.8974,25.7492,25.6027,25.4583,25.3165,25.1776,25.042,24.9099,24.7817,24.6576,24.5379,24.4227,24.3123,24.2068,24.1064,24.0112,23.9213,23.8368,23.7578,23.6844,23.6167,23.5547,23.4984,23.4481,23.4035,23.3649,23.3323,23.3056,23.2848,23.2701,23.2614,23.2588,23.2622,23.2717,23.2873,23.3089,23.3367,23.3705,23.4105,23.4566,23.5088,23.5672,23.6316,23.7022,23.7789,23.8618,23.9507,24.0458,24.147,24.2542,24.3676,24.487,24.6125,24.744,24.8815,25.0249,25.1743,25.3295,25.4906,25.6575,25.83,26.0083,26.1921,26.3814,26.576,26.776,26.9812,27.1914,27.4065,27.6265,27.851,28.08,28.3134,28.5508,28.7921,29.0371,29.2856,29.5374,29.7922,30.0497,30.3098,30.5722,30.8365,31.1027,31.3703,31.6393,31.9092,32.18,32.4514,32.7232,32.9953,33.2676,33.5399,33.8124,34.0848,34.3575,34.6305,34.9039,35.1782,35.4536,35.7306,36.0096,36.291,36.5754,36.8631,37.1543,37.4492,37.7473,38.0478,38.3491,38.6487,38.9429,39.2269,39.4942,39.7372,39.947,40.1142,40.2295,40.2847,40.2735,40.1927,40.0423,39.8258,39.5498,39.2227,38.8547,38.4558,38.0358,37.6032,37.1653,36.7279,36.2954,35.871,35.4569,35.0547,34.6651,34.2886,33.9252,33.575,33.2376,32.913,32.6007,32.3007,32.0126,31.7363,31.4717,31.2187,30.9774,30.7478,30.5299,30.3241,30.1304,29.9491,29.7807,29.6254,29.4837,29.356,29.243,29.1452,29.0634,28.9982,28.9506,28.9214,28.9117,28.9227,28.9555,29.0117,29.0928,29.2006,29.3371,29.5045,29.7053,29.9423,30.2187,30.5383,30.905,31.3237,31.7998,32.3395,32.9501,33.6399,34.4186,35.2977,36.2906,37.4131,38.684,40.1257,41.7651,43.6347,45.7742,48.2318,51.0671,54.3544,58.1861,62.6793,67.9826,74.2865,81.8372,90.9548,102.058,115.694,132.577,153.623,179.967,212.904,253.639,302.63,358.24,414.791,461.441,484.924,477.062,440.809,387.848,330.796,277.951,232.812,195.828,166.089,142.306,123.25,107.89,95.4113,85.1818,76.7195,69.6557,63.7076,58.6572,54.3352,50.6089,47.3738,44.5466,42.0607,39.8621,37.9071,36.1598,34.5905,33.1747,31.8919,30.725,29.6592,28.6824,27.784,26.9549,26.1875,25.4749,24.8114,24.1918,23.6118,23.0673,22.5549,22.0717,21.6148,21.1819,20.7708,20.3797,20.0068,19.6506,19.3096,18.9828,18.6688,18.3669,18.0759,17.7952,17.5239,17.2614,17.007,16.7603,16.5206,
 ,76,28.2706,28.4225,28.5581,28.677,28.7789,28.8635,28.9309,28.981,29.014,29.0301,29.0298,29.0134,28.9817,28.9351,28.8745,28.8006,28.7144,28.6166,28.5081,28.3901,28.2633,28.1288,27.9874,27.8402,27.688,27.5317,27.3721,27.2101,27.0464,26.8818,26.7168,26.5522,26.3886,26.2265,26.0664,25.9087,25.754,25.6025,25.4546,25.3107,25.1711,25.0359,24.9055,24.78,24.6596,24.5445,24.4348,24.3306,24.2321,24.1393,24.0524,23.9713,23.8962,23.8272,23.7641,23.7072,23.6564,23.6118,23.5734,23.5411,23.5151,23.4953,23.4817,23.4744,23.4733,23.4784,23.4899,23.5075,23.5315,23.5617,23.5981,23.6409,23.6899,23.7451,23.8066,23.8743,23.9483,24.0285,24.115,24.2076,24.3065,24.4115,24.5228,24.6401,24.7636,24.8932,25.0289,25.1706,25.3182,25.4719,25.6314,25.7968,25.9679,26.1447,26.3272,26.5152,26.7087,26.9075,27.1116,27.3207,27.5349,27.7539,27.9776,28.2058,28.4384,28.6752,28.916,29.1605,29.4087,29.6603,29.915,30.1726,30.433,30.6958,30.9609,31.228,31.4968,31.7673,32.0391,32.3122,32.5862,32.8613,33.1371,33.4137,33.6912,33.9695,34.2487,34.5292,34.8112,35.095,35.3811,35.6703,35.9629,36.26,36.5622,36.8705,37.1856,37.5084,37.8394,38.1787,38.5259,38.8798,39.2378,39.5962,39.9491,40.2887,40.6051,40.8862,41.119,41.2899,41.3868,41.4003,41.3252,41.1614,40.9139,40.5921,40.2086,39.7773,39.3124,38.8266,38.3309,37.8342,37.3431,36.8625,36.3955,35.944,35.5091,35.091,34.6898,34.3049,33.9359,33.5821,33.243,32.918,32.6066,32.3084,32.023,31.7501,31.4896,31.2413,31.0053,30.7815,30.5701,30.3712,30.1851,30.012,29.8524,29.7065,29.5749,29.4581,29.3568,29.2715,29.2031,29.1524,29.1203,29.1077,29.116,29.1463,29.2001,29.2789,29.3844,29.5188,29.6841,29.883,30.1181,30.3928,30.7105,31.0755,31.4924,31.9667,32.5045,33.1131,33.8006,34.5769,35.4532,36.4428,37.5613,38.8273,40.2631,41.8952,43.7557,45.8834,48.3262,51.1424,54.4047,58.2039,62.6541,67.8999,74.1263,81.5712,90.5425,101.44,114.784,131.244,151.672,177.1,208.676,247.404,293.519,345.277,397.3,439.772,461.009,453.91,421.032,372.578,319.801,270.35,227.66,192.362,163.762,140.748,122.216,107.218,94.9915,84.9417,76.6089,69.6396,63.7613,58.7629,54.4798,50.7828,47.5697,44.759,42.2853,40.0958,38.1473,36.4044,34.8381,33.424,32.142,30.9751,29.9088,28.9311,28.0313,27.2006,26.4314,25.7169,25.0513,24.4295,23.8472,23.3004,22.7857,22.3001,21.8408,21.4054,20.9919,20.5983,20.2229,19.8641,19.5206,19.1912,18.8747,18.5701,18.2765,17.9931,17.7191,17.4538,17.1968,16.9473,16.7049,
 ,75,29.078,29.2377,29.3797,29.5035,29.6087,29.6952,29.7629,29.8117,29.8419,29.8538,29.8478,29.8243,29.7842,29.728,29.6566,29.5709,29.4719,29.3606,29.2379,29.1049,28.9628,28.8125,28.655,28.4915,28.3229,28.1501,27.9741,27.7957,27.6158,27.4351,27.2544,27.0743,26.8955,26.7186,26.544,26.3723,26.2038,26.039,25.8783,25.7219,25.5702,25.4234,25.2818,25.1454,25.0146,24.8894,24.77,24.6566,24.5491,24.4477,24.3526,24.2636,24.1809,24.1045,24.0345,23.9709,23.9136,23.8629,23.8185,23.7806,23.7491,23.7241,23.7055,23.6934,23.6878,23.6886,23.6958,23.7095,23.7296,23.7561,23.7891,23.8285,23.8743,23.9265,23.9851,24.05,24.1214,24.1991,24.2831,24.3735,24.4702,24.5731,24.6824,24.7979,24.9196,25.0475,25.1816,25.3218,25.468,25.6203,25.7786,25.9428,26.1128,26.2886,26.4701,26.6573,26.85,27.048,27.2515,27.4601,27.6738,27.8924,28.1158,28.3438,28.5763,28.8131,29.0541,29.2989,29.5475,29.7996,30.0551,30.3136,30.5751,30.8392,31.1059,31.3748,31.6457,31.9186,32.1933,32.4695,32.7473,33.0264,33.307,33.589,33.8725,34.1577,34.4447,34.7341,35.0261,35.3215,35.6207,35.9248,36.2347,36.5516,36.8766,37.2112,37.5569,37.915,38.2868,38.6733,39.0748,39.4908,39.9192,40.3561,40.7952,41.2269,41.6385,42.0139,42.3345,42.5808,42.7343,42.7805,42.7113,42.5262,42.2328,41.8452,41.3822,40.8637,40.3095,39.7367,39.1593,38.5879,38.0301,37.4906,36.9724,36.4765,36.0034,35.5524,35.1228,34.7134,34.3232,33.9509,33.5956,33.2563,32.9322,32.6226,32.3269,32.0447,31.7757,31.5196,31.2762,31.0457,30.8279,30.623,30.4312,30.2527,30.088,29.9372,29.801,29.6797,29.5741,29.4847,29.4124,29.3578,29.322,29.3059,29.3107,29.3376,29.3881,29.4637,29.5662,29.6974,29.8597,30.0554,30.2874,30.5588,30.8732,31.2347,31.6479,32.1181,32.6515,33.2551,33.937,34.7069,35.5757,36.5564,37.6645,38.9179,40.3384,41.9518,43.7891,45.888,48.2945,51.0647,54.2682,57.9914,62.3423,67.4571,73.5085,80.7168,89.3638,99.8107,112.519,128.071,147.184,170.692,199.458,234.118,274.532,318.835,362.298,397.036,414.169,408.459,381.776,341.742,297.127,254.313,216.519,184.657,158.417,137.02,119.6,105.376,93.696,84.0371,75.988,69.2273,63.5042,58.6225,54.428,50.7987,47.6377,44.8672,42.4248,40.2594,38.3296,36.6011,35.0459,33.6403,32.3646,31.2023,30.1394,29.1639,28.2655,27.4356,26.6665,25.9517,25.2855,24.6629,24.0794,23.5313,23.015,22.5277,22.0666,21.6294,21.2139,20.8182,20.4407,20.0797,19.7339,19.4022,19.0833,18.7762,18.4801,18.1941,17.9175,17.6497,17.3899,17.1377,16.8926,
 ,74,29.928,30.0962,30.2452,30.3743,30.4833,30.5718,30.6397,30.6871,30.7142,30.7213,30.7089,30.6776,30.6281,30.5613,30.478,30.3793,30.2663,30.1401,30.0017,29.8525,29.6936,29.526,29.3511,29.1699,28.9834,28.7928,28.599,28.403,28.2057,28.0078,27.8102,27.6136,27.4186,27.2259,27.0359,26.8492,26.6663,26.4875,26.3131,26.1437,25.9793,25.8203,25.6668,25.5191,25.3774,25.2417,25.1123,24.9891,24.8724,24.7621,24.6584,24.5612,24.4706,24.3867,24.3095,24.239,24.1751,24.118,24.0676,24.0239,23.9869,23.9566,23.9329,23.916,23.9057,23.9021,23.9051,23.9148,23.9311,23.9539,23.9834,24.0195,24.0621,24.1113,24.1671,24.2293,24.2981,24.3734,24.4551,24.5433,24.638,24.739,24.8465,24.9603,25.0804,25.2068,25.3395,25.4785,25.6236,25.7748,25.9321,26.0954,26.2647,26.4399,26.6208,26.8075,26.9998,27.1976,27.4009,27.6094,27.8232,28.042,28.2656,28.4941,28.7271,28.9646,29.2063,29.4522,29.7019,29.9553,30.2122,30.4725,30.7359,31.0022,31.2712,31.5428,31.8168,32.093,32.3714,32.6517,32.9341,33.2183,33.5046,33.7929,34.0834,34.3764,34.6723,34.9715,35.2746,35.5825,35.896,36.2163,36.5449,36.8831,37.2329,37.5962,37.9754,38.3726,38.7903,39.2304,39.6947,40.1838,40.6966,41.23,41.7772,42.3272,42.864,43.366,43.807,44.1578,44.3905,44.4821,44.4193,44.2013,43.8399,43.3573,42.7815,42.1423,41.4674,40.7797,40.0969,39.4315,38.7914,38.1809,37.6017,37.0541,36.5369,36.0485,35.5869,35.1502,34.7363,34.3436,33.9705,33.6154,33.2773,32.9551,32.6481,32.3556,32.077,31.8121,31.5607,31.3224,31.0975,30.8858,30.6876,30.503,30.3323,30.176,30.0343,29.9079,29.7973,29.7031,29.626,29.5669,29.5267,29.5063,29.5069,29.5297,29.576,29.6475,29.7459,29.8731,30.0312,30.2226,30.4502,30.7171,31.0266,31.3828,31.7904,32.2544,32.7809,33.3767,34.0497,34.8093,35.6662,36.6329,37.7242,38.9577,40.3539,41.9378,43.7388,45.7928,48.1431,50.8426,53.9562,57.5639,61.765,66.6836,72.4751,79.3347,87.5085,97.3047,109.107,123.384,140.683,161.6,186.671,216.145,249.547,285.036,318.775,345.022,357.746,353.522,333.559,302.92,267.753,232.93,201.257,173.837,150.739,131.542,115.668,102.537,91.6381,82.5446,74.9097,68.4561,62.9632,58.2559,54.1947,50.6682,47.5868,44.8785,42.4847,40.3575,38.4578,36.7531,35.2166,33.8256,32.5615,31.4082,30.3522,29.382,28.4877,27.6607,26.8937,26.1803,25.5148,24.8925,24.3089,23.7603,23.2434,22.7551,22.2929,21.8543,21.4373,21.0399,20.6606,20.2977,19.9499,19.616,19.2949,18.9856,18.6871,18.3987,18.1196,17.8491,17.5867,17.3318,17.084,
 ,73,30.8232,31.0008,31.1575,31.2925,31.4055,31.4962,31.5644,31.6102,31.6338,31.6356,31.6161,31.576,31.5162,31.4376,31.3412,31.2281,31.0997,30.9571,30.8016,30.6345,30.4572,30.2709,30.0769,29.8764,29.6707,29.4608,29.2478,29.0328,28.8167,28.6005,28.3848,28.1705,27.9582,27.7487,27.5424,27.3399,27.1416,26.9479,26.7593,26.576,26.3983,26.2265,26.0607,25.9012,25.748,25.6014,25.4615,25.3283,25.2019,25.0824,24.9698,24.8642,24.7655,24.6739,24.5892,24.5115,24.4409,24.3773,24.3207,24.2711,24.2284,24.1927,24.1639,24.142,24.1271,24.119,24.1177,24.1234,24.1358,24.155,24.1811,24.2138,24.2534,24.2996,24.3526,24.4122,24.4785,24.5514,24.631,24.7172,24.8099,24.9092,25.015,25.1273,25.246,25.3712,25.5028,25.6407,25.7849,25.9353,26.092,26.2548,26.4236,26.5985,26.7792,26.9658,27.1582,27.3562,27.5598,27.7688,27.983,28.2025,28.4271,28.6565,28.8907,29.1295,29.3727,29.6202,29.8717,30.1272,30.3864,30.6491,30.9152,31.1845,31.4568,31.7319,32.0098,32.2902,32.5732,32.8586,33.1464,33.4366,33.7294,34.0249,34.3234,34.6252,34.9307,35.2407,35.5559,35.8773,36.2061,36.5438,36.8921,37.2532,37.6295,38.0238,38.4392,38.8793,39.3478,39.8485,40.3847,40.9592,41.573,42.2244,42.9074,43.6101,44.313,44.9875,45.5964,46.0963,46.4432,46.6001,46.545,46.2763,45.8132,45.1913,44.4544,43.6472,42.8086,41.9696,41.1518,40.3689,39.6283,38.933,38.2827,37.6755,37.1084,36.5781,36.0811,35.6143,35.1747,34.7598,34.3672,33.995,33.6417,33.3059,32.9865,32.6827,32.3938,32.1192,31.8587,31.612,31.3791,31.1598,30.9544,30.7629,30.5856,30.4229,30.2752,30.1429,30.0265,29.9267,29.8443,29.7799,29.7345,29.7091,29.7046,29.7225,29.7639,29.8305,29.9239,30.046,30.1989,30.385,30.607,30.8678,31.171,31.5204,31.9205,32.3762,32.8933,33.4786,34.1397,34.8854,35.7261,36.6738,37.7427,38.9492,40.3131,41.8576,43.6105,45.6052,47.8817,50.4886,53.4853,56.9438,60.9529,65.6219,71.0855,77.5101,85.1,94.1047,104.823,117.603,132.823,150.851,171.938,196.035,222.484,249.641,274.612,293.501,302.499,299.526,285.307,262.965,236.515,209.421,183.948,161.22,141.561,124.85,110.766,98.929,88.972,80.57,73.4481,67.3788,62.1769,57.6917,53.8015,50.4076,47.4298,44.8028,42.4731,40.3967,38.5373,36.8646,35.3536,33.9831,32.7352,31.5949,30.5492,29.5871,28.6991,27.8771,27.1139,26.4034,25.74,25.1191,24.5364,23.9883,23.4714,22.9828,22.52,22.0805,21.6625,21.2638,20.883,20.5185,20.169,19.8332,19.51,19.1986,18.8978,18.6071,18.3255,18.0526,17.7876,17.53,17.2794,
 ,72,31.7668,31.9548,32.1199,32.2615,32.3789,32.4719,32.5404,32.5843,32.604,32.5998,32.5724,32.5226,32.4513,32.3596,32.2487,32.1198,31.9743,31.8137,31.6393,31.4527,31.2553,31.0485,30.8338,30.6124,30.3857,30.155,29.9214,29.6859,29.4497,29.2136,28.9786,28.7454,28.5148,28.2873,28.0637,27.8444,27.63,27.4207,27.2169,27.0191,26.8274,26.6421,26.4635,26.2915,26.1265,25.9686,25.8177,25.6741,25.5377,25.4086,25.2869,25.1725,25.0654,24.9658,24.8735,24.7885,24.7109,24.6407,24.5777,24.522,24.4736,24.4324,24.3984,24.3715,24.3518,24.3392,24.3337,24.3353,24.3438,24.3594,24.382,24.4115,24.4479,24.4913,24.5415,24.5986,24.6625,24.7332,24.8107,24.8949,24.9859,25.0836,25.1879,25.2989,25.4164,25.5406,25.6712,25.8083,25.9519,26.1019,26.2582,26.4207,26.5895,26.7644,26.9453,27.1323,27.3251,27.5238,27.7281,27.938,28.1534,28.3741,28.6,28.8311,29.067,29.3077,29.5531,29.8029,30.057,30.3152,30.5774,30.8434,31.113,31.386,31.6624,31.9419,32.2245,32.5101,32.7985,33.0898,33.384,33.6811,33.9814,34.285,34.5922,34.9036,35.2197,35.5413,35.8694,36.2052,36.5501,36.9061,37.2754,37.6605,38.0648,38.4919,38.9462,39.4326,39.9567,40.5245,41.1421,41.8154,42.5487,43.3436,44.1968,45.0969,46.0214,46.9335,47.7808,48.4979,49.0144,49.2689,49.2238,48.8761,48.2584,47.4296,46.4601,45.4174,44.357,43.3193,42.3295,41.4014,40.54,39.745,39.0128,38.3382,37.7156,37.1393,36.6038,36.1046,35.6373,35.1986,34.7852,34.3948,34.0253,33.6748,33.3421,33.0261,32.7259,32.4409,32.1706,31.9146,31.6729,31.4452,31.2318,31.0327,30.848,30.6783,30.5237,30.3847,30.2619,30.1559,30.0673,29.9969,29.9456,29.9144,29.9042,29.9163,29.952,30.0128,30.1003,30.2164,30.3631,30.5428,30.7579,31.0116,31.307,31.648,32.0387,32.4842,32.9898,33.5621,34.2082,34.9368,35.7574,36.6817,37.7228,38.8963,40.2205,41.717,43.4114,45.3342,47.522,50.0184,52.876,56.1586,59.9431,64.3227,69.4102,75.3415,82.279,90.4135,99.9633,111.165,124.253,139.411,156.687,175.855,196.226,216.455,234.476,247.758,253.986,251.941,242.041,226.146,206.769,186.26,166.334,147.996,131.688,117.485,105.262,94.8033,85.8709,78.235,71.69,66.0585,61.1915,56.9644,53.2746,50.0372,47.1824,44.6525,42.3998,40.3848,38.5743,36.941,35.4614,34.1162,32.8887,31.7648,30.7323,29.7809,28.9014,28.0862,27.3285,26.6221,25.9621,25.3436,24.7627,24.2158,23.6997,23.2114,22.7485,22.3087,21.89,21.4905,21.1085,20.7427,20.3916,20.0541,19.7291,19.4156,19.1127,18.8197,18.5358,18.2603,17.9927,17.7325,17.4792,
 ,71,32.762,32.9614,33.1359,33.2847,33.407,33.5026,33.5713,33.6131,33.6283,33.6175,33.5813,33.5206,33.4366,33.3304,33.2033,33.0569,32.8927,32.7122,32.5171,32.3091,32.0897,31.8606,31.6232,31.3791,31.1297,30.8764,30.6205,30.363,30.1051,29.8479,29.5921,29.3388,29.0886,28.8422,28.6002,28.3631,28.1315,27.9057,27.6861,27.473,27.2667,27.0673,26.8751,26.6903,26.5129,26.3431,26.1809,26.0264,25.8797,25.7407,25.6095,25.4861,25.3704,25.2625,25.1623,25.0699,24.9852,24.9081,24.8387,24.7768,24.7225,24.6757,24.6363,24.6044,24.5799,24.5627,24.5529,24.5504,24.5551,24.567,24.5862,24.6124,24.6458,24.6863,24.7339,24.7885,24.8501,24.9187,24.9942,25.0766,25.166,25.2622,25.3652,25.475,25.5916,25.7149,25.8449,25.9815,26.1247,26.2744,26.4306,26.5933,26.7623,26.9376,27.1191,27.3068,27.5005,27.7002,27.9058,28.1171,28.3341,28.5566,28.7845,29.0177,29.256,29.4993,29.7474,30.0002,30.2576,30.5193,30.7852,31.0552,31.3291,31.6068,31.888,32.1728,32.461,32.7525,33.0472,33.3453,33.6467,33.9516,34.2602,34.5727,34.8896,35.2114,35.5389,35.8729,36.2146,36.5655,36.9274,37.3024,37.6934,38.1036,38.5369,38.9983,39.4934,40.0289,40.6127,41.2538,41.962,42.7477,43.6205,44.5879,45.6522,46.8061,48.0265,49.2682,50.4586,51.4988,52.2743,52.6799,52.6488,52.1757,51.3182,50.1775,48.8686,47.4948,46.1343,44.8375,43.6314,42.5264,41.5221,40.6121,39.7876,39.0386,38.3555,37.7296,37.1531,36.6195,36.1231,35.6593,35.2241,34.8145,34.4278,34.0618,33.715,33.386,33.0737,32.7773,32.4963,32.2303,31.979,31.7422,31.52,31.3125,31.1198,30.9421,30.7799,30.6336,30.5037,30.3906,30.2952,30.2181,30.1602,30.1224,30.1057,30.1113,30.1405,30.1947,30.2755,30.3846,30.5241,30.6963,30.9035,31.1487,31.435,31.7661,32.1459,32.5793,33.0713,33.6282,34.2569,34.9652,35.7624,36.6592,37.668,38.803,40.0813,41.5225,43.1498,44.9907,47.0778,49.4495,52.1517,55.239,58.7764,62.8409,67.5238,72.9316,79.1875,86.4294,94.8057,104.463,115.523,128.042,141.946,156.938,172.394,187.28,200.173,209.466,213.767,212.368,205.509,194.284,180.244,164.936,149.6,135.063,121.777,109.919,99.4912,90.3998,82.5074,75.6645,69.7266,64.5627,60.0576,56.1125,52.6435,49.5799,46.8626,44.442,42.2764,40.331,38.5765,36.9882,35.5451,34.2293,33.0256,31.921,30.9042,29.9655,29.0964,28.2896,27.5386,26.8378,26.182,25.567,24.9888,24.4438,23.929,23.4417,22.9792,22.5395,22.1205,21.7204,21.3376,20.9706,20.6182,20.2792,19.9525,19.6371,19.3321,19.0369,18.7507,18.4728,18.2026,17.9397,17.6836,
 ,70,33.8123,34.0244,34.2092,34.3659,34.4936,34.592,34.6608,34.7002,34.7105,34.6922,34.6462,34.5734,34.4752,34.3529,34.208,34.0422,33.8572,33.6549,33.4371,33.2055,32.9621,32.7085,32.4465,32.1777,31.9038,31.626,31.346,31.0648,30.7837,30.5037,30.2259,29.9511,29.68,29.4134,29.1519,28.8961,28.6464,28.4032,28.1669,27.9378,27.7161,27.502,27.2958,27.0974,26.9072,26.725,26.5511,26.3853,26.2278,26.0786,25.9376,25.8049,25.6804,25.564,25.4557,25.3556,25.2636,25.1795,25.1035,25.0353,24.9749,24.9224,24.8777,24.8407,24.8113,24.7896,24.7754,24.7687,24.7696,24.7779,24.7936,24.8166,24.847,24.8847,24.9297,24.9819,25.0412,25.1078,25.1815,25.2622,25.3501,25.445,25.5469,25.6557,25.7715,25.8942,26.0237,26.16,26.3031,26.4529,26.6093,26.7724,26.942,27.1181,27.3006,27.4894,27.6844,27.8856,28.0929,28.3061,28.5251,28.7499,28.9804,29.2163,29.4576,29.7041,29.9557,30.2122,30.4735,30.7394,31.0098,31.2846,31.5636,31.8466,32.1336,32.4245,32.7191,33.0174,33.3194,33.6251,33.9346,34.2481,34.5659,34.8881,35.2155,35.5485,35.888,36.2352,36.5912,36.9579,37.3372,37.7319,38.1451,38.5808,39.0439,39.5404,40.0775,40.664,41.3106,42.0299,42.8365,43.747,44.7791,45.9499,47.272,48.7481,50.3608,52.0597,53.748,55.2767,56.4574,57.1041,57.0944,56.4178,55.1808,53.563,51.7559,49.9175,48.1542,46.5245,45.0512,43.7353,42.5658,41.5267,40.6006,39.7712,39.0238,38.3458,37.7266,37.1573,36.6308,36.141,35.6833,35.2536,34.849,34.4668,34.1051,33.7623,33.4371,33.1287,32.8363,32.5594,32.2977,32.051,31.8193,31.6026,31.401,31.2148,31.0443,30.8898,30.752,30.6312,30.5283,30.4437,30.3785,30.3334,30.3094,30.3078,30.3296,30.3764,30.4496,30.5509,30.6823,30.8459,31.0442,31.2798,31.5557,31.8755,32.243,32.6625,33.1392,33.6786,34.2873,34.9728,35.7436,36.6096,37.582,38.6742,39.9014,41.2814,42.8349,44.5862,46.5638,48.8009,51.3367,54.2167,57.4943,61.2314,65.4991,70.3778,75.9561,82.3281,89.586,97.8086,107.04,117.26,128.333,139.96,151.623,162.56,171.807,178.35,181.35,180.39,175.611,167.66,157.492,146.115,134.401,122.992,112.293,102.515,93.7315,85.9273,79.0379,72.9759,67.6468,62.9588,58.8271,55.176,51.9394,49.0603,46.49,44.1867,42.1153,40.2456,38.5522,37.0132,35.6101,34.3268,33.1496,32.0666,31.0675,30.1433,29.2861,28.489,27.746,27.0516,26.4011,25.7903,25.2154,24.6731,24.1603,23.6743,23.2128,22.7735,22.3546,21.9542,21.5708,21.203,20.8494,20.509,20.1807,19.8635,19.5566,19.2592,18.9707,18.6903,18.4176,18.152,17.8931,
 ,69,34.9213,35.1475,35.3438,35.5091,35.6428,35.7443,35.8133,35.85,35.8546,35.828,35.7709,35.6847,35.5706,35.4304,35.2657,35.0784,34.8706,34.6442,34.4013,34.1439,33.8741,33.5939,33.305,33.0095,32.7088,32.4047,32.0987,31.792,31.4859,31.1817,30.8802,30.5825,30.2893,30.0013,29.7192,29.4435,29.1748,28.9133,28.6594,28.4135,28.1757,27.9462,27.7253,27.5129,27.3092,27.1143,26.9281,26.7507,26.5822,26.4223,26.2713,26.1289,25.9952,25.8702,25.7536,25.6456,25.5461,25.4549,25.372,25.2974,25.231,25.1727,25.1225,25.0802,25.046,25.0196,25.001,24.9902,24.9872,24.9918,25.0041,25.024,25.0514,25.0864,25.1288,25.1787,25.2359,25.3005,25.3725,25.4517,25.5382,25.6319,25.7328,25.8409,25.9561,26.0783,26.2076,26.3439,26.4872,26.6373,26.7943,26.9581,27.1286,27.3058,27.4896,27.6799,27.8767,28.0798,28.2893,28.5048,28.7265,28.9542,29.1877,29.4269,29.6718,29.9221,30.1778,30.4387,30.7047,30.9756,31.2512,31.5316,31.8164,32.1057,32.3992,32.6969,32.9988,33.3048,33.6149,33.9291,34.2476,34.5706,34.8983,35.2312,35.5698,35.9148,36.2671,36.628,36.999,37.3818,37.7791,38.1937,38.6294,39.0907,39.5837,40.1153,40.6947,41.3328,42.0435,42.8438,43.7542,44.7994,46.008,47.4112,49.0396,50.9156,53.039,55.3652,57.7747,60.0485,61.8744,62.9165,62.9405,61.9269,60.0798,57.7267,55.1898,52.7063,50.4124,48.3649,46.5708,45.0111,43.6568,42.4769,41.4427,40.5292,39.7154,38.9842,38.3215,37.7161,37.1589,36.6429,36.1621,35.712,35.2888,34.8898,34.5125,34.1552,33.8164,33.4952,33.1906,32.9021,32.6292,32.3719,32.1298,31.9032,31.6919,31.4964,31.3168,31.1535,31.0071,30.8779,30.7666,30.6739,30.6006,30.5475,30.5155,30.5059,30.5196,30.5582,30.6229,30.7156,30.838,30.9922,31.1805,31.4054,31.6698,31.9771,32.3308,32.735,33.1946,33.7148,34.3016,34.962,35.7038,36.5361,37.4691,38.5149,39.687,41.0014,42.4762,44.1327,45.9951,48.0917,50.4551,53.1226,56.1367,59.5456,63.4028,67.7662,72.6965,78.2525,84.4854,91.4265,99.072,107.359,116.137,125.137,133.95,142.027,148.723,153.391,155.52,154.86,151.493,145.81,138.405,129.933,120.998,112.082,103.521,95.5228,88.1895,81.5519,75.5938,70.2723,65.5312,61.3102,57.5497,54.1943,51.1938,48.5036,46.0847,43.9032,41.9299,40.1394,38.5102,37.0233,35.6625,34.4138,33.265,32.2052,31.2252,30.3168,29.4726,28.6863,27.9522,27.2651,26.6207,26.0148,25.4439,24.9047,24.3943,23.9102,23.4499,23.0115,22.5929,22.1926,21.8088,21.4403,21.0858,20.7441,20.4143,20.0954,19.7866,19.4871,19.1962,18.9134,18.6381,18.3698,18.108,
 ,68,36.093,36.3347,36.5437,36.7188,36.8591,36.9639,37.033,37.0666,37.0649,37.0289,36.9595,36.8582,36.7265,36.5663,36.3797,36.1686,35.9354,35.6825,35.412,35.1263,34.8277,34.5183,34.2003,33.8755,33.546,33.2134,32.8793,32.5452,32.2124,31.8821,31.5555,31.2333,30.9166,30.6059,30.302,30.0054,29.7166,29.4358,29.1636,28.9,28.6454,28.3999,28.1636,27.9367,27.7191,27.5108,27.312,27.1226,26.9425,26.7718,26.6103,26.4581,26.315,26.181,26.056,25.9399,25.8326,25.7342,25.6444,25.5632,25.4906,25.4264,25.3706,25.3231,25.2838,25.2528,25.2298,25.2149,25.2079,25.2089,25.2178,25.2346,25.2591,25.2913,25.3313,25.3788,25.4341,25.4968,25.5672,25.645,25.7303,25.823,25.9231,26.0305,26.1453,26.2674,26.3967,26.5332,26.6768,26.8276,26.9854,27.1503,27.322,27.5007,27.6862,27.8784,28.0774,28.2829,28.4949,28.7134,28.9382,29.1693,29.4064,29.6496,29.8986,30.1534,30.4139,30.6798,30.9511,31.2277,31.5094,31.7961,32.0876,32.3839,32.6848,32.9903,33.3003,33.6149,33.9339,34.2575,34.5859,34.9192,35.2578,35.6021,35.9527,36.3104,36.6762,37.0514,37.4378,37.8373,38.2526,38.6872,39.1453,39.632,40.1542,40.7203,41.3409,42.0297,42.8037,43.6847,44.7002,45.8847,47.2806,48.9388,50.9163,53.2691,56.035,59.1985,62.6338,66.0363,68.895,70.5938,70.6731,69.0943,66.2617,62.7828,59.1955,55.8403,52.871,50.3196,48.1559,46.3264,44.774,43.4473,42.3026,41.3044,40.4245,39.6405,38.9349,38.2938,37.7064,37.1641,36.6601,36.1892,35.7472,35.3308,34.9374,34.565,34.2119,33.8771,33.5596,33.2586,32.9739,32.705,32.4519,32.2145,31.9929,31.7872,31.5978,31.425,31.2691,31.1307,31.0104,30.9089,30.8268,30.7649,30.7243,30.7058,30.7108,30.7404,30.796,30.8792,30.9917,31.1356,31.3129,31.5262,31.7781,32.0717,32.4104,32.7981,33.2391,33.7385,34.3017,34.9351,35.6459,36.4423,37.3335,38.3302,39.4445,40.6903,42.0834,43.6419,45.3864,47.3403,49.5301,51.9857,54.74,57.8294,61.2924,65.1688,69.4972,74.3106,79.6311,85.4599,91.766,98.47,105.427,112.413,119.113,125.137,130.051,133.44,134.985,134.532,132.132,128.024,122.582,116.237,109.405,102.44,95.6085,89.0941,83.0059,77.3967,72.279,67.6396,63.45,59.6737,56.2716,53.2049,50.4371,47.9345,45.667,43.6079,41.7337,40.0236,38.4597,37.026,35.7087,34.4957,33.3761,32.3405,31.3805,30.4886,29.6583,28.8834,28.1588,27.4798,26.842,26.2415,25.6751,25.1395,24.6321,24.1502,23.6916,23.2543,22.8364,22.4362,22.0523,21.6833,21.328,20.9852,20.6539,20.3334,20.0226,19.721,19.4279,19.1426,18.8646,18.5934,18.3287,
 ,67,37.3314,37.5904,37.8136,37.9995,38.147,38.2555,38.3247,38.3547,38.346,38.2994,38.2162,38.098,37.9467,37.7643,37.5532,37.3157,37.0546,36.7723,36.4714,36.1547,35.8245,35.4833,35.1334,34.7771,34.4163,34.0529,33.6886,33.325,32.9636,32.6055,32.2519,31.9039,31.5621,31.2275,30.9005,30.5819,30.2719,29.9709,29.6794,29.3974,29.1253,28.863,28.6108,28.3686,28.1365,27.9145,27.7026,27.5008,27.3089,27.1269,26.9547,26.7923,26.6395,26.4963,26.3626,26.2382,26.1232,26.0172,25.9204,25.8326,25.7536,25.6834,25.622,25.5692,25.5249,25.4891,25.4616,25.4426,25.4317,25.4291,25.4346,25.4482,25.4698,25.4994,25.537,25.5824,25.6356,25.6967,25.7655,25.842,25.9262,26.0181,26.1176,26.2246,26.3392,26.4613,26.5908,26.7277,26.8721,27.0237,27.1827,27.3489,27.5222,27.7027,27.8903,28.0849,28.2864,28.4947,28.7099,28.9317,29.1602,29.3951,29.6365,29.8841,30.138,30.3979,30.6638,30.9355,31.2129,31.4959,31.7844,32.0782,32.3772,32.6814,32.9905,33.3047,33.6237,33.9477,34.2766,34.6105,34.9496,35.2942,35.6445,36.001,36.3644,36.7355,37.1155,37.5056,37.9077,38.3242,38.7578,39.2122,39.6921,40.2035,40.7537,41.3526,42.0122,42.7487,43.5824,44.5402,45.6568,46.9775,48.561,50.4823,52.8337,55.7215,59.2491,63.4714,68.3005,73.3551,77.831,80.6085,80.7776,78.2625,73.8719,68.7257,63.6921,59.2199,55.4399,52.3169,49.7533,47.6428,45.8905,44.4189,43.167,42.0877,41.1448,40.3107,39.5641,38.8887,38.2719,37.7039,37.177,36.6854,36.2243,35.7902,35.3801,34.9919,34.6239,34.2748,33.9436,33.6295,33.332,33.0509,32.7858,32.5369,32.3041,32.0875,31.8875,31.7043,31.5384,31.3901,31.26,31.1489,31.0573,30.986,30.9359,30.908,30.9034,30.9233,30.969,31.042,31.1439,31.2766,31.4422,31.6429,31.8813,32.1602,32.4829,32.8529,33.2742,33.7514,34.2897,34.8947,35.5729,36.3317,37.1794,38.1253,39.1801,40.3557,41.6658,43.1254,44.7517,46.5638,48.5828,50.8319,53.3361,56.1215,59.215,62.6419,66.4245,70.5775,75.1038,79.9871,85.1837,90.6123,96.1448,101.599,106.741,111.292,114.957,117.467,118.617,118.312,116.582,113.578,109.54,104.753,99.5048,94.0515,88.6005,83.3049,78.2666,73.546,69.1707,65.1459,61.4617,58.0991,55.0346,52.2427,49.6983,47.3771,45.2569,43.3174,41.5404,39.9094,38.41,37.029,35.755,34.5775,33.4873,32.4761,31.5364,30.6615,29.8453,29.0824,28.3678,27.6972,27.0664,26.4719,25.9104,25.3788,24.8746,24.3952,23.9386,23.5027,23.0857,22.6859,22.302,21.9327,21.5766,21.2327,20.9001,20.5779,20.2653,19.9616,19.6661,19.3782,19.0975,18.8235,18.5557,
 ,66,38.6408,38.9191,39.158,39.3559,39.5116,39.6242,39.6934,39.7193,39.7026,39.6441,39.5455,39.4084,39.2351,39.0279,38.7896,38.5229,38.2308,37.9161,37.5819,37.231,36.8662,36.4904,36.1059,35.7152,35.3204,34.9238,34.527,34.1319,33.7398,33.352,32.9698,32.5942,32.226,31.866,31.5147,31.1728,30.8406,30.5185,30.2068,29.9056,29.6151,29.3354,29.0666,28.8087,28.5616,28.3254,28.0999,27.8852,27.6811,27.4875,27.3043,27.1314,26.9688,26.8162,26.6735,26.5407,26.4176,26.3041,26.2,26.1054,26.02,25.9438,25.8766,25.8183,25.769,25.7284,25.6965,25.6733,25.6585,25.6523,25.6544,25.6649,25.6837,25.7107,25.7459,25.7892,25.8406,25.9,25.9674,26.0428,26.1261,26.2172,26.3162,26.423,26.5376,26.6599,26.7899,26.9275,27.0728,27.2256,27.386,27.5539,27.7292,27.9119,28.1019,28.2992,28.5037,28.7153,28.934,29.1598,29.3924,29.6318,29.8779,30.1307,30.39,30.6557,30.9277,31.2058,31.4901,31.7803,32.0763,32.378,32.6854,32.9982,33.3165,33.6402,33.9692,34.3035,34.6432,34.9884,35.3392,35.6958,36.0587,36.4283,36.8054,37.1906,37.5853,37.9909,38.4093,38.8428,39.2946,39.7686,40.2697,40.8044,41.3809,42.0099,42.705,43.4843,44.3714,45.3976,46.6047,48.0488,49.8053,51.9752,54.6922,58.1261,62.474,67.9135,74.4713,81.7507,88.5807,93.0201,93.3257,89.3553,82.6744,75.2539,68.4009,62.6268,57.9628,54.2498,51.2915,48.9129,46.9748,45.3709,44.0222,42.8699,41.8702,40.9906,40.2064,39.4992,38.8546,38.2619,37.7127,37.2005,36.7203,36.2681,35.8409,35.4365,35.0529,34.6887,34.343,34.0149,33.7039,33.4097,33.1319,32.8706,32.6258,32.3976,32.1862,31.9919,31.8151,31.6561,31.5156,31.3941,31.2923,31.2109,31.1507,31.1126,31.0978,31.1073,31.1423,31.2044,31.295,31.4158,31.5688,31.7562,31.9802,32.2436,32.5494,32.9007,33.3014,33.7555,34.2677,34.8431,35.4877,36.2079,37.0111,37.9053,38.8999,40.005,41.232,42.5936,44.1037,45.7776,47.6318,49.6836,51.9515,54.4536,57.2072,60.2273,63.524,67.1002,70.9468,75.0387,79.3283,83.7402,88.166,92.4622,96.4534,99.9419,102.726,104.626,105.509,105.314,104.058,101.84,98.8157,95.1767,91.1225,86.8388,82.4832,78.1793,74.0162,70.053,66.3235,62.843,59.6136,56.6284,53.8753,51.3393,49.0043,46.8542,44.8736,43.0478,41.3633,39.808,38.3703,37.0401,35.8077,34.6648,33.6032,32.6159,31.6962,30.8381,30.0361,29.2853,28.5809,27.9189,27.2955,26.7072,26.1508,25.6236,25.1229,24.6464,24.1919,23.7576,23.3416,22.9425,22.5588,22.1891,21.8324,21.4876,21.1536,20.8298,20.5153,20.2094,19.9115,19.621,19.3375,19.0605,18.7896,
 ,65,40.0258,40.3256,40.5821,40.7933,40.958,41.0751,41.1442,41.1655,41.1397,41.0679,40.9519,40.7937,40.5958,40.3611,40.0926,39.7934,39.4669,39.1165,38.7455,38.3572,37.9546,37.5408,37.1186,36.6907,36.2594,35.8269,35.3952,34.9662,34.5413,34.1219,33.7093,33.3044,32.9082,32.5213,32.1445,31.7782,31.4227,31.0784,30.7456,30.4243,30.1148,29.817,29.531,29.2567,28.9941,28.7432,28.5037,28.2757,28.059,27.8535,27.659,27.4754,27.3026,27.1403,26.9886,26.8471,26.7158,26.5945,26.4832,26.3816,26.2897,26.2073,26.1343,26.0706,26.0161,25.9707,25.9343,25.9069,25.8882,25.8784,25.8772,25.8846,25.9006,25.9251,25.958,25.9992,26.0488,26.1067,26.1728,26.2472,26.3297,26.4203,26.519,26.6257,26.7405,26.8632,26.9939,27.1325,27.2789,27.4333,27.5954,27.7652,27.9428,28.128,28.3209,28.5213,28.7293,28.9446,29.1674,29.3975,29.6347,29.8792,30.1307,30.3892,30.6545,30.9266,31.2054,31.4908,31.7826,32.0808,32.3851,32.6957,33.0122,33.3347,33.663,33.9971,34.337,34.6826,35.0341,35.3914,35.7548,36.1246,36.501,36.8846,37.2761,37.6763,38.0865,38.508,38.943,39.3938,39.8637,40.3567,40.878,41.4346,42.035,42.6907,43.4164,44.2319,45.1631,46.2451,47.5255,49.0694,50.9668,53.3427,56.3702,60.2843,65.3876,72.0157,80.3864,90.1951,99.9234,106.534,107.015,101.128,91.6007,81.5612,72.7726,65.7099,60.2221,55.985,52.6884,50.086,47.995,46.2832,44.8554,43.6429,42.5957,41.6772,40.8602,40.1243,39.4542,38.8382,38.2674,37.735,37.2356,36.7652,36.3205,35.8991,35.4992,35.1193,34.7583,34.4154,34.09,33.7818,33.4905,33.2161,32.9584,32.7177,32.4941,32.2879,32.0994,31.9291,31.7774,31.6448,31.5321,31.4399,31.3689,31.32,31.2943,31.2927,31.3165,31.3669,31.4454,31.5537,31.6935,31.8668,32.0758,32.3229,32.6109,32.9429,33.3221,33.7523,34.2377,34.783,35.3933,36.0743,36.8326,37.675,38.6095,39.6448,40.7902,42.0562,43.4539,44.9952,46.6928,48.5593,50.6077,52.8499,55.2961,57.9535,60.8244,63.9037,67.1761,70.6129,74.168,77.7748,81.3441,84.7641,87.904,90.6225,92.7795,94.2532,94.9551,94.8443,93.9329,92.2843,90.0029,87.2188,84.0715,80.6951,77.2084,73.7088,70.271,66.9479,63.7743,60.7701,57.9441,55.2975,52.8263,50.5235,48.3804,46.3876,44.5354,42.8144,41.2156,39.7301,38.3497,37.0666,35.8732,34.7625,33.728,32.7634,31.8629,31.0211,30.233,29.4941,28.7999,28.1467,27.5307,26.9488,26.3978,25.8751,25.3781,24.9046,24.4525,24.02,23.6053,23.2068,22.8233,22.4535,22.0962,21.7504,21.4151,21.0897,20.7732,20.465,20.1647,19.8715,19.585,19.3049,19.0307,
 ,64,41.491,41.8147,42.0907,42.3169,42.4916,42.6137,42.6827,42.6988,42.6627,42.5759,42.4403,42.2584,42.0331,41.7676,41.4654,41.1302,40.7658,40.3759,39.9645,39.535,39.0911,38.636,38.1729,37.7046,37.2337,36.7626,36.2935,35.8281,35.3682,34.9152,34.4702,34.0344,33.6086,33.1935,32.7898,32.3978,32.018,31.6505,31.2957,30.9535,30.6241,30.3075,30.0037,29.7125,29.4339,29.1677,28.9139,28.6722,28.4426,28.2249,28.0187,27.8242,27.6409,27.4688,27.3077,27.1573,27.0177,26.8886,26.7698,26.6611,26.5626,26.4739,26.395,26.3258,26.2662,26.2159,26.175,26.1434,26.1208,26.1073,26.1028,26.1072,26.1204,26.1424,26.1731,26.2124,26.2603,26.3168,26.3818,26.4552,26.537,26.6272,26.7258,26.8326,26.9478,27.0712,27.2028,27.3426,27.4905,27.6465,27.8107,27.9828,28.163,28.3512,28.5473,28.7513,28.963,29.1826,29.4099,29.6448,29.8873,30.1374,30.3948,30.6596,30.9317,31.2109,31.4972,31.7905,32.0906,32.3975,32.7111,33.0313,33.3579,33.6908,34.0301,34.3757,34.7274,35.0853,35.4496,35.8201,36.1972,36.581,36.9719,37.3705,37.7773,38.1933,38.6196,39.0578,39.5097,39.978,40.4658,40.9773,41.5179,42.0945,42.7161,43.3945,44.1452,44.9887,45.9526,47.0741,48.4046,50.015,52.0048,54.5154,57.7474,61.9841,67.6104,75.0965,84.8488,96.7114,108.95,117.537,118.176,110.533,98.5211,86.3314,76.0496,68.0456,61.9814,57.3887,53.867,51.1166,48.9242,47.1395,45.6568,44.4009,43.3179,42.3688,41.5245,40.7639,40.0708,39.4332,38.8418,38.2895,37.771,37.2821,36.8194,36.3806,35.9637,35.5672,35.1901,34.8315,34.4909,34.1678,33.8621,33.5735,33.3022,33.0481,32.8115,32.5926,32.3917,32.2092,32.0456,31.9013,31.777,31.6732,31.5907,31.5304,31.4931,31.4798,31.4917,31.5299,31.5958,31.6908,31.8168,31.9754,32.1687,32.399,32.6687,32.9807,33.3379,33.7437,34.2019,34.7166,35.2923,35.9342,36.6476,37.4388,38.3143,39.2813,40.3476,41.5216,42.812,44.228,45.7789,47.4738,49.3212,51.3283,53.5001,55.8386,58.3407,60.997,63.7892,66.6884,69.6525,72.6243,75.5318,78.2883,80.7961,82.9529,84.6604,85.8343,86.4145,86.3732,85.7182,84.4918,82.7646,80.6263,78.1751,75.508,72.7136,69.8674,67.0298,64.246,61.548,58.9568,56.4844,54.1371,51.9166,49.8218,47.8501,45.9977,44.2601,42.6324,41.1096,39.6863,38.3568,37.1157,35.9572,34.8757,33.8658,32.9221,32.0394,31.213,30.4382,29.7107,29.0266,28.3819,27.7735,27.198,26.6525,26.1344,25.6414,25.171,24.7215,24.2908,23.8774,23.4799,23.0967,22.7267,22.3688,22.022,21.6854,21.3582,21.0397,20.7293,20.4263,20.1303,19.8408,19.5573,19.2797,
 ,63,43.041,43.3914,43.6894,43.9323,44.1182,44.2458,44.3145,44.3246,44.277,44.1733,44.0157,43.8073,43.5512,43.2513,42.9117,42.5364,42.13,41.6967,41.2407,40.7662,40.2771,39.777,39.2694,38.7574,38.2439,37.7313,37.222,36.7179,36.2206,35.7318,35.2526,34.7841,34.3271,33.8823,33.4503,33.0314,32.6261,32.2345,31.8567,31.4929,31.1429,30.8068,30.4845,30.1759,29.8807,29.5989,29.3303,29.0746,28.8316,28.6013,28.3833,28.1775,27.9835,27.8013,27.6307,27.4714,27.3232,27.1861,27.0597,26.9439,26.8386,26.7436,26.6588,26.584,26.5191,26.464,26.4185,26.3826,26.3562,26.3391,26.3313,26.3327,26.3432,26.3627,26.3912,26.4287,26.475,26.5301,26.594,26.6667,26.748,26.838,26.9365,27.0437,27.1594,27.2837,27.4164,27.5577,27.7073,27.8654,28.0319,28.2067,28.3899,28.5813,28.781,28.9889,29.205,29.4292,29.6615,29.9018,30.1501,30.4062,30.6703,30.942,31.2215,31.5085,31.803,32.105,32.4142,32.7307,33.0543,33.385,33.7225,34.067,34.4182,34.7761,35.1408,35.5121,35.8901,36.275,36.6668,37.0657,37.4722,37.8867,38.3099,38.7425,39.1858,39.6412,40.1107,40.5966,41.1023,41.6318,42.1905,42.7854,43.4253,44.1221,44.8915,45.7541,46.7378,47.8804,49.234,50.8709,52.8934,55.4468,58.7393,63.0673,68.8389,76.5642,86.7077,99.1677,112.159,121.352,122.038,113.853,101.092,88.2698,77.5594,69.289,63.0614,58.3656,54.7751,51.9758,49.7459,47.9306,46.4213,45.1414,44.0358,43.0651,42.1999,41.4187,40.7054,40.0479,39.4368,38.8652,38.3276,37.8198,37.3387,36.8817,36.447,36.0331,35.639,35.2638,34.9069,34.5681,34.2469,33.9434,33.6575,33.3892,33.1387,32.9063,32.6922,32.4968,32.3205,32.1638,32.0271,31.9111,31.8166,31.7441,31.6946,31.6691,31.6684,31.6938,31.7464,31.8278,31.9393,32.0827,32.2599,32.4728,32.7238,33.0153,33.3502,33.7313,34.1621,34.6461,35.1874,35.7904,36.4598,37.2007,38.0188,38.9199,39.9104,40.997,42.1863,43.4853,44.9006,46.4384,48.104,49.901,51.8309,53.8921,56.0783,58.3778,60.7717,63.2327,65.7235,68.1962,70.593,72.8464,74.8834,76.6291,78.0131,78.9763,79.477,79.496,79.0383,78.1326,76.8277,75.1859,73.2769,71.1708,68.9332,66.6214,64.2825,61.9536,59.6619,57.4268,55.2617,53.1752,51.1733,49.2595,47.4361,45.7043,44.0646,42.5161,41.0574,39.6863,38.3997,37.1941,36.0652,35.0089,34.0204,33.0951,32.2286,31.4162,30.6538,29.9372,29.2625,28.6263,28.0252,27.4561,26.9162,26.4029,25.9138,25.4468,24.9998,24.5712,24.1592,23.7625,23.3797,23.0096,22.6511,22.3033,21.9653,21.6363,21.3157,21.0028,20.6971,20.3981,20.1053,19.8184,19.537,
 ,62,44.6808,45.0611,45.3835,45.6451,45.8435,45.9772,46.0456,46.0489,45.9882,45.8654,45.6831,45.4448,45.1544,44.8161,44.4348,44.0152,43.5622,43.0809,42.576,42.0521,41.5137,40.9647,40.4089,39.8497,39.2902,38.7331,38.1808,37.6353,37.0984,36.5716,36.0561,35.5531,35.0633,34.5873,34.1257,33.6788,33.2469,32.8302,32.4286,32.0422,31.6709,31.3147,30.9733,30.6466,30.3344,30.0365,29.7526,29.4825,29.226,28.9827,28.7526,28.5352,28.3304,28.1379,27.9576,27.7891,27.6322,27.4869,27.3528,27.2298,27.1176,27.0162,26.9254,26.845,26.7748,26.7148,26.6647,26.6246,26.5943,26.5736,26.5625,26.5609,26.5687,26.5859,26.6123,26.648,26.6928,26.7467,26.8096,26.8816,26.9625,27.0524,27.1512,27.2589,27.3754,27.5007,27.6348,27.7778,27.9294,28.0898,28.2589,28.4367,28.6232,28.8182,29.022,29.2342,29.455,29.6844,29.9222,30.1684,30.423,30.6859,30.957,31.2364,31.5239,31.8194,32.1229,32.4343,32.7535,33.0804,33.4149,33.757,34.1065,34.4634,34.8276,35.199,35.5776,35.9633,36.3563,36.7566,37.1642,37.5795,38.0027,38.4343,38.8749,39.3252,39.7864,40.2598,40.7474,41.2514,41.775,42.3222,42.898,43.5093,44.1648,44.8759,45.6577,46.5304,47.5208,48.6654,50.0143,51.6364,53.6287,56.1277,59.3261,63.4934,68.9906,76.2482,85.6148,96.8852,108.383,116.377,116.966,109.843,98.5564,86.9784,77.1054,69.3444,63.4152,58.8925,55.4016,52.6586,50.4586,48.6566,47.1501,45.8658,44.7512,43.768,42.8881,42.0906,41.3598,40.684,40.0541,39.4634,38.9066,38.3796,37.8793,37.4034,36.95,36.5178,36.1056,35.7128,35.3388,34.9831,34.6456,34.3261,34.0247,33.7413,33.4761,33.2293,33.0012,32.7921,32.6023,32.4324,32.2827,32.1539,32.0466,31.9614,31.8992,31.8607,31.847,31.859,31.8979,31.965,32.0617,32.1894,32.35,32.5452,32.7772,33.048,33.3603,33.7166,34.12,34.5736,35.081,35.6458,36.2721,36.9644,37.7272,38.5654,39.484,40.4883,41.5833,42.7743,44.0656,45.4614,46.9643,48.5757,50.2945,52.1169,54.035,56.0362,58.1024,60.2084,62.3222,64.404,66.4073,68.2797,69.9658,71.4101,72.5618,73.3784,73.8306,73.9047,73.6043,72.9494,71.9741,70.7224,69.2439,67.5891,65.8059,63.9367,62.0166,60.0738,58.1301,56.2018,54.3014,52.439,50.6231,48.8614,47.1608,45.5272,43.9655,42.4792,41.0703,39.7394,38.4859,37.3077,36.2023,35.166,34.1951,33.2855,32.4328,31.6329,30.8816,30.1751,29.5095,28.8814,28.2874,27.7247,27.1903,26.6818,26.1967,25.733,25.2888,24.8622,24.4517,24.0559,23.6734,23.3031,22.944,22.5951,22.2556,21.9248,21.6019,21.2864,20.9778,20.6755,20.3793,20.0887,19.8035,
 ,61,46.4149,46.8287,47.1786,47.4611,47.6735,47.814,47.8819,47.8774,47.8019,47.6576,47.4475,47.1758,46.8468,46.4658,46.038,45.5691,45.0648,44.5306,43.9719,43.3941,42.8018,42.1996,41.5917,40.9816,40.3727,39.7679,39.1696,38.5801,38.0011,37.4341,36.8805,36.3411,35.8168,35.3082,34.8156,34.3395,33.88,33.4371,33.0108,32.6011,32.2078,31.8307,31.4697,31.1245,30.7948,30.4803,30.1808,29.8959,29.6254,29.369,29.1264,28.8972,28.6813,28.4783,28.2881,28.1102,27.9446,27.7909,27.649,27.5186,27.3996,27.2917,27.1948,27.1087,27.0332,26.9682,26.9136,26.8692,26.8349,26.8107,26.7963,26.7918,26.797,26.8118,26.8362,26.8702,26.9136,26.9663,27.0285,27.0999,27.1806,27.2705,27.3697,27.478,27.5955,27.7221,27.8579,28.0027,28.1567,28.3196,28.4917,28.6728,28.8629,29.062,29.2701,29.4872,29.7132,29.9481,30.1919,30.4445,30.706,30.9762,31.2551,31.5427,31.839,32.1437,32.457,32.7786,33.1086,33.4468,33.7931,34.1476,34.51,34.8804,35.2586,35.6445,36.0382,36.4396,36.8488,37.2657,37.6904,38.1233,38.5644,39.0143,39.4735,39.9426,40.4227,40.9152,41.4216,41.9443,42.4861,43.0507,43.643,44.2694,44.938,45.6596,46.4483,47.3227,48.3077,49.4369,50.7555,52.3252,54.2311,56.59,59.5617,63.3592,68.2486,74.5098,82.2896,91.2422,99.9618,105.801,106.213,100.991,92.4386,83.2708,75.0986,68.4196,63.1515,59.029,55.7814,53.1866,51.0765,49.3277,47.8506,46.5802,45.4689,44.4818,43.5928,42.7826,42.0366,41.3438,40.6957,40.086,39.5096,38.9627,38.4426,37.9468,37.4738,37.0221,36.5909,36.1793,35.787,35.4135,35.0585,34.7221,34.4041,34.1047,33.8239,33.5619,33.3189,33.0953,32.8913,32.7075,32.5441,32.4018,32.2811,32.1826,32.107,32.0551,32.0278,32.0259,32.0507,32.1031,32.1845,32.2962,32.4399,32.6171,32.8298,33.0798,33.3695,33.7012,34.0774,34.501,34.975,35.5027,36.0874,36.7329,37.443,38.2215,39.0726,40.0003,41.0084,42.1005,43.2797,44.5482,45.9072,47.3561,48.8926,50.5114,52.2041,53.9582,55.7567,57.5774,59.3927,61.17,62.8715,64.4563,65.8819,67.1068,68.0932,68.8104,69.2373,69.3645,69.1946,68.7421,68.0315,67.0943,65.966,64.6829,63.2787,61.7832,60.2209,58.611,56.9683,55.3049,53.6311,51.9573,50.2944,48.6539,47.0474,45.486,43.9793,42.535,41.1588,39.854,38.6218,37.4619,36.3724,35.3505,34.3928,33.4954,32.6541,31.8648,31.1235,30.4261,29.7689,29.1485,28.5615,28.0049,27.476,26.9723,26.4913,26.031,25.5895,25.165,24.756,24.361,23.9789,23.6084,23.2486,22.8985,22.5574,22.2245,21.8992,21.5809,21.2691,20.9635,20.6636,20.3691,20.0797,
 ,60,48.2481,48.6992,49.0798,49.3858,49.6139,49.762,49.8293,49.816,49.7238,49.5551,49.3138,49.0045,48.6325,48.2036,47.7242,47.2007,46.6396,46.0472,45.4296,44.7928,44.1419,43.4821,42.8178,42.153,41.4911,40.8353,40.1881,39.5518,38.9283,38.3189,37.725,37.1475,36.5871,36.0444,35.5196,35.0131,34.5248,34.0548,33.603,33.1692,32.7532,32.3547,31.9735,31.6091,31.2614,30.93,30.6145,30.3145,30.0297,29.7598,29.5045,29.2634,29.0361,28.8225,28.6221,28.4348,28.2602,28.0981,27.9483,27.8104,27.6844,27.5699,27.4668,27.375,27.2941,27.2242,27.165,27.1163,27.0782,27.0503,27.0328,27.0253,27.0279,27.0405,27.0629,27.0952,27.1372,27.189,27.2504,27.3214,27.402,27.4922,27.5919,27.7011,27.8198,27.9479,28.0855,28.2325,28.389,28.5548,28.7301,28.9148,29.109,29.3125,29.5254,29.7476,29.9793,30.2202,30.4706,30.7302,30.9991,31.2772,31.5646,31.8611,32.1667,32.4815,32.8052,33.1379,33.4795,33.83,34.1891,34.5569,34.9333,35.3182,35.7116,36.1133,36.5233,36.9415,37.3681,37.803,38.2462,38.6979,39.1584,39.628,40.1071,40.5963,41.0967,41.6093,42.1356,42.6777,43.2382,43.8205,44.4291,45.0696,45.7495,46.4785,47.2694,48.1387,49.1085,50.208,51.4758,52.9638,54.741,56.8989,59.556,62.8589,66.9696,72.0184,77.9844,84.4684,90.4304,94.2411,94.482,91.0366,85.1758,78.5455,72.2935,66.9162,62.4876,58.897,55.9855,53.6033,51.6276,49.9626,48.5363,47.2944,46.1965,45.2122,44.3187,43.4987,42.7392,42.0303,41.3642,40.7351,40.1385,39.5711,39.03,38.5133,38.0194,37.5471,37.0955,36.6641,36.2522,35.8597,35.4862,35.1318,34.7963,34.4797,34.1823,33.9042,33.6455,33.4066,33.1877,32.9892,32.8115,32.655,32.5202,32.4078,32.3184,32.2525,32.2111,32.195,32.2051,32.2425,32.3083,32.4037,32.5302,32.6893,32.8825,33.1118,33.3789,33.6862,34.0357,34.4299,34.8716,35.3633,35.9081,36.5089,37.1691,37.8916,38.6799,39.5368,40.4653,41.4679,42.5465,43.7022,44.935,46.2433,47.6238,49.0709,50.576,52.1273,53.7094,55.3029,56.8844,58.4265,59.8989,61.2689,62.5035,63.5709,64.4427,65.0962,65.5163,65.6964,65.6392,65.3558,64.8645,64.1888,63.3542,62.3863,61.3079,60.1378,58.8899,57.5739,56.1966,54.7638,53.2828,51.7636,50.2192,48.6659,47.1208,45.6011,44.1221,42.6961,41.3325,40.0371,38.813,37.6606,36.5788,35.565,34.6157,33.7269,32.8943,32.1137,31.3808,30.6916,30.0422,29.429,28.8487,28.2982,27.7748,27.2757,26.7988,26.3419,25.9032,25.4808,25.0732,24.6791,24.2973,23.9265,23.5659,23.2145,22.8716,22.5365,22.2085,21.8872,21.5721,21.2628,20.9589,20.6601,20.3662,
 ,59,50.1844,50.6774,51.0925,51.4248,51.6705,51.8271,51.8935,51.8703,51.7591,51.563,51.2866,50.9351,50.5149,50.0327,49.496,48.912,48.2882,47.6318,46.9498,46.2486,45.5342,44.8121,44.087,43.3633,42.6448,41.9346,41.2355,40.5497,39.8791,39.2252,38.589,37.9716,37.3736,36.7953,36.237,35.6989,35.1809,34.6829,34.2047,33.7461,33.3067,32.8862,32.4842,32.1003,31.7342,31.3854,31.0535,30.7381,30.4387,30.1551,29.8868,29.6334,29.3947,29.1702,28.9596,28.7626,28.5789,28.4083,28.2504,28.105,27.9719,27.8507,27.7415,27.6438,27.5576,27.4826,27.4188,27.3659,27.3238,27.2924,27.2716,27.2613,27.2614,27.2717,27.2923,27.323,27.3638,27.4146,27.4754,27.5462,27.6268,27.7173,27.8177,27.9279,28.048,28.1778,28.3175,28.467,28.6262,28.7953,28.9742,29.1628,29.3613,29.5696,29.7876,30.0156,30.2533,30.5008,30.7582,31.0253,31.3022,31.5889,31.8853,32.1914,32.5073,32.8328,33.1678,33.5125,33.8666,34.2302,34.6031,34.9853,35.3768,35.7773,36.187,36.6057,37.0333,37.4698,37.9151,38.3693,38.8325,39.3046,39.7859,40.2767,40.7772,41.2881,41.8101,42.3442,42.8918,43.4545,44.0346,44.6352,45.2602,45.9145,46.6047,47.3392,48.1291,48.9886,49.9361,50.9958,52.1992,53.5868,55.2106,57.1361,59.4421,62.2151,65.5325,69.4202,73.7713,78.2288,82.0978,84.4556,84.5717,82.3857,78.5453,73.9694,69.4011,65.2528,61.6688,58.6422,56.1029,53.965,52.1487,50.5865,49.2248,48.0214,46.9438,45.967,45.072,44.244,43.4718,42.7469,42.0624,41.4133,40.7957,40.2064,39.6432,39.1042,38.5881,38.0938,37.6206,37.1679,36.7353,36.3224,35.9292,35.5556,35.2014,34.8668,34.5519,34.2567,33.9814,33.7264,33.4917,33.2778,33.085,32.9137,32.7644,32.6375,32.5335,32.4533,32.3973,32.3665,32.3616,32.3836,32.4335,32.5124,32.6216,32.7624,32.9363,33.1448,33.3897,33.6728,33.9962,34.3618,34.7721,35.2293,35.736,36.2946,36.9078,37.5782,38.3083,39.1004,39.9568,40.879,41.8683,42.9248,44.048,45.2358,46.4845,47.7883,49.1392,50.5263,51.936,53.3512,54.7522,56.116,57.4176,58.6307,59.7289,60.6872,61.4838,62.1016,62.5297,62.764,62.8077,62.6704,62.3673,61.9164,61.3372,60.6471,59.8603,58.9854,58.0256,56.9794,55.8435,54.6154,53.2974,51.8988,50.4357,48.9304,47.4081,45.8939,44.4099,42.9741,41.5996,40.2946,39.0633,37.9068,36.8237,35.8111,34.865,33.9811,33.1545,32.3806,31.6549,30.9729,30.3306,29.7243,29.1504,28.6059,28.0878,27.5935,27.1207,26.6672,26.2312,25.8109,25.4048,25.0115,24.6298,24.2587,23.8971,23.5442,23.1993,22.8618,22.5309,22.2064,21.8876,21.5743,21.2661,20.9627,20.664,
 ,58,52.2277,52.7676,53.2214,53.5832,53.8486,54.0147,54.0801,54.0455,53.9128,53.6859,53.3699,52.9712,52.4971,51.9556,51.3552,50.7043,50.0115,49.285,48.5326,47.7614,46.9782,46.1887,45.3984,44.6118,43.8328,43.0649,42.3108,41.5728,40.8527,40.1519,39.4716,38.8126,38.1753,37.5601,36.9671,36.3963,35.8476,35.3208,34.8154,34.3313,33.8679,33.4248,33.0015,32.5977,32.2127,31.8461,31.4975,31.1663,30.8522,30.5546,30.2731,30.0073,29.7568,29.5212,29.3003,29.0935,28.9006,28.7213,28.5552,28.4022,28.2619,28.1341,28.0186,27.9151,27.8234,27.7434,27.6749,27.6178,27.5718,27.5369,27.5129,27.4998,27.4973,27.5055,27.5242,27.5534,27.5931,27.6431,27.7034,27.7739,27.8548,27.9458,28.0471,28.1585,28.2801,28.4119,28.5539,28.706,28.8684,29.0409,29.2236,29.4166,29.6198,29.8332,30.0569,30.2909,30.5351,30.7897,31.0546,31.3298,31.6154,31.9112,32.2174,32.5338,32.8606,33.1976,33.5448,33.9023,34.2699,34.6476,35.0353,35.433,35.8406,36.2581,36.6853,37.1223,37.5688,38.025,38.4906,38.9657,39.4503,39.9445,40.4483,40.9619,41.4857,42.0199,42.5653,43.1226,43.6929,44.2777,44.8788,45.4989,46.1411,46.8096,47.5101,48.2495,49.0369,49.8839,50.8054,51.8204,52.9526,54.2321,55.695,57.3838,59.3447,61.6196,64.2303,67.1478,70.2455,73.2491,75.7233,77.1623,77.1972,75.7975,73.2873,70.1639,66.8819,63.7446,60.9025,58.3995,56.2217,54.3301,52.6796,51.2273,49.9363,48.7761,47.7221,46.7551,45.8598,45.0243,44.2393,43.4977,42.7939,42.1236,41.4834,40.8709,40.2839,39.7211,39.1812,38.6634,38.167,37.6916,37.2367,36.8023,36.3881,35.994,35.62,35.2663,34.9327,34.6195,34.3267,34.0547,33.8035,33.5735,33.365,33.1782,33.0136,32.8716,32.7528,32.6576,32.5867,32.5408,32.5206,32.5269,32.5607,32.6229,32.7146,32.8372,32.9917,33.1797,33.4026,33.6622,33.96,34.298,34.6781,35.1023,35.5727,36.0916,36.661,37.283,37.9597,38.693,39.4844,40.335,41.2456,42.2159,43.2451,44.3308,45.4693,46.6553,47.8815,49.1381,50.4131,51.6918,52.9573,54.1901,55.3692,56.4727,57.4788,58.3672,59.1204,59.7251,60.1736,60.4641,60.6008,60.5938,60.457,60.2066,59.8582,59.4243,58.9116,58.3194,57.6388,56.8547,55.9495,54.909,53.7281,52.4148,50.9902,49.4862,47.9394,46.386,44.8577,43.3787,41.9661,40.6299,39.3748,38.2015,37.1076,36.0892,35.1413,34.2586,33.4354,32.6665,31.9466,31.271,30.6354,30.0356,29.468,28.9293,28.4165,27.927,27.4583,27.0082,26.575,26.1567,25.752,25.3595,24.9779,24.6062,24.2435,23.8889,23.5418,23.2015,22.8675,22.5393,22.2166,21.8989,21.586,21.2777,20.9738,
 ,57,54.381,54.9733,55.4703,55.8653,56.1528,56.3295,56.3938,56.3462,56.1894,55.9277,55.5672,55.1156,54.5814,53.9739,53.3029,52.5783,51.8097,51.0065,50.1773,49.3303,48.4726,47.6109,46.7507,45.8969,45.0538,44.2247,43.4126,42.6196,41.8476,41.098,40.3717,39.6693,38.9913,38.3379,37.7091,37.1046,36.5243,35.9678,35.4346,34.9243,34.4362,33.9701,33.5251,33.1008,32.6966,32.312,31.9463,31.5991,31.2698,30.958,30.6631,30.3847,30.1223,29.8756,29.644,29.4273,29.2251,29.037,28.8627,28.702,28.5544,28.4199,28.298,28.1886,28.0915,28.0065,27.9333,27.8719,27.822,27.7836,27.7565,27.7405,27.7356,27.7416,27.7586,27.7864,27.825,27.8742,27.9342,28.0047,28.0858,28.1776,28.2799,28.3927,28.5161,28.65,28.7945,28.9496,29.1153,29.2915,29.4785,29.676,29.8843,30.1033,30.333,30.5735,30.8248,31.0869,31.3599,31.6437,31.9385,32.2441,32.5607,32.8882,33.2267,33.576,33.9363,34.3075,34.6895,35.0823,35.4859,35.9003,36.3253,36.7609,37.2071,37.6637,38.1306,38.6079,39.0954,39.5931,40.1009,40.6189,41.147,41.6854,42.2343,42.7938,43.3645,43.947,44.5421,45.1508,45.7748,46.416,47.077,47.7611,48.4729,49.2178,50.003,50.8375,51.7325,52.7022,53.7634,54.9366,56.2448,57.7127,59.3626,61.2079,63.2401,65.4103,67.6057,69.6325,71.226,72.1091,72.0925,71.1606,69.4788,67.3166,64.9459,62.5749,60.3307,58.2728,56.4163,54.7518,53.2586,51.9128,50.6915,49.5742,48.5439,47.5863,46.69,45.8459,45.0468,44.2871,43.5623,42.869,42.2045,41.5668,40.9542,40.3657,39.8002,39.257,38.7358,38.236,37.7574,37.2999,36.8632,36.4475,36.0525,35.6784,35.3252,34.9929,34.6817,34.3918,34.1233,33.8764,33.6514,33.4485,33.2682,33.1106,32.9764,32.8658,32.7796,32.7182,32.6823,32.6727,32.6902,32.7356,32.8099,32.9141,33.0495,33.2172,33.4186,33.655,33.9281,34.2394,34.5906,34.9834,35.4197,35.9012,36.4299,37.0074,37.6354,38.3155,39.0488,39.8362,40.6781,41.5742,42.5235,43.5238,44.5719,45.6629,46.7905,47.9461,49.1194,50.2979,51.4666,52.609,53.7068,54.741,55.6927,56.5443,57.281,57.8918,58.3714,58.72,58.944,59.0553,59.0693,59.003,58.8715,58.685,58.4447,58.1407,57.7498,57.2388,56.5699,55.7107,54.6444,53.3774,51.9393,50.3774,48.7463,47.0986,45.4779,43.9164,42.4345,41.0434,39.7468,38.5436,37.4295,36.3986,35.4442,34.5593,33.7373,32.9717,32.2567,31.5869,30.9575,30.364,29.8026,29.2698,28.7624,28.2776,27.813,27.3665,26.9359,26.5198,26.1164,25.7244,25.3428,24.9704,24.6063,24.2498,23.9002,23.5569,23.2194,22.8872,22.5601,22.2377,21.9197,21.606,21.2965,
 ,56,56.6462,57.297,57.8426,58.2747,58.587,58.7755,58.8383,58.7762,58.592,58.2912,57.8809,57.3702,56.7689,56.0882,55.3393,54.5334,53.6818,52.7949,51.8825,50.9534,50.0158,49.0766,48.1419,47.2168,46.3058,45.4122,44.5391,43.6887,42.8625,42.062,41.2878,40.5407,39.8206,39.1278,38.462,37.8229,37.2102,36.6233,36.0615,35.5245,35.0114,34.5216,34.0545,33.6094,33.1856,32.7825,32.3996,32.036,31.6914,31.3652,31.0567,30.7654,30.491,30.2329,29.9907,29.7639,29.5523,29.3553,29.1727,29.0041,28.8493,28.7079,28.5797,28.4644,28.3618,28.2717,28.1939,28.1282,28.0744,28.0324,28.0022,27.9834,27.9761,27.9801,27.9954,28.0219,28.0594,28.108,28.1677,28.2383,28.3199,28.4125,28.5159,28.6304,28.7557,28.892,29.0393,29.1975,29.3668,29.5471,29.7385,29.9411,30.1548,30.3797,30.6158,30.8633,31.1221,31.3923,31.6739,31.9669,32.2715,32.5877,32.9154,33.2547,33.6056,33.9682,34.3423,34.7282,35.1256,35.5347,35.9553,36.3875,36.8312,37.2862,37.7527,38.2304,38.7194,39.2194,39.7305,40.2525,40.7854,41.3291,41.8836,42.4489,43.025,43.6122,44.2105,44.8205,45.4426,46.0777,46.7269,47.3915,48.0736,48.7755,49.5007,50.2532,51.0383,51.8624,52.7335,53.6614,54.657,55.7331,56.9025,58.177,59.5638,61.0598,62.6436,64.2651,65.8352,67.2227,68.2673,68.8147,68.7643,68.1081,66.9336,65.3902,63.6404,61.8225,60.0338,58.3317,56.7428,55.2737,53.9192,52.6689,51.5104,50.4317,49.4216,48.4706,47.5708,46.7157,45.9001,45.1198,44.3716,43.6529,42.9617,42.2965,41.6561,41.0397,40.4465,39.876,39.328,38.8021,38.2981,37.8158,37.3553,36.9164,36.4991,36.1035,35.7295,35.3771,35.0466,34.7379,34.4513,34.1867,33.9446,33.725,33.5282,33.3545,33.2044,33.0781,32.9761,32.8989,32.8472,32.8214,32.8224,32.8509,32.9078,32.9939,33.1102,33.2579,33.4382,33.6522,33.9013,34.1869,34.5105,34.8736,35.2777,35.7244,36.2154,36.7521,37.3359,37.9682,38.6499,39.3818,40.1644,40.9972,41.8796,42.8098,43.7851,44.8015,45.8537,46.9347,48.0357,49.1458,50.2523,51.3404,52.3938,53.3949,54.3261,55.1708,55.9152,56.5493,57.0691,57.4772,57.7829,58.0019,58.1538,58.2597,58.3382,58.4005,58.4453,58.4534,58.3852,58.1822,57.7761,57.1056,56.1349,54.868,53.3496,51.6526,49.8601,48.0486,46.2777,44.588,43.0026,41.5314,40.1753,38.9295,37.7864,36.737,35.772,34.8823,34.0597,33.2964,32.5857,31.9213,31.298,30.7108,30.1557,29.6288,29.1268,28.647,28.1866,27.7435,27.3158,26.9015,26.4994,26.108,25.7261,25.3527,24.9871,24.6284,24.2759,23.9292,23.5878,23.2513,22.9193,22.5917,22.2682,21.9486,21.6329,
 ,55,59.0238,59.7399,60.3397,60.8134,61.1535,61.3553,61.4164,61.3377,61.1228,60.7781,60.312,59.7352,59.0595,58.2977,57.4629,56.5681,55.6258,54.648,53.6455,52.6283,51.605,50.5832,49.5693,48.5689,47.5863,46.6252,45.6883,44.7779,43.8955,43.0422,42.2186,41.4252,40.6619,39.9286,39.2249,38.5504,37.9045,37.2865,36.6957,36.1313,35.5926,35.0788,34.5892,34.1229,33.6793,33.2575,32.857,32.4769,32.1168,31.7758,31.4536,31.1494,30.8627,30.5931,30.3401,30.1032,29.882,29.6761,29.485,29.3086,29.1464,28.9981,28.8635,28.7422,28.6341,28.5389,28.4564,28.3864,28.3288,28.2834,28.25,28.2285,28.2188,28.2208,28.2344,28.2596,28.2963,28.3444,28.4038,28.4747,28.5569,28.6504,28.7552,28.8714,28.9989,29.1378,29.288,29.4497,29.6229,29.8075,30.0037,30.2116,30.4311,30.6623,30.9053,31.1602,31.4269,31.7057,31.9965,32.2994,32.6144,32.9417,33.2813,33.6331,33.9974,34.374,34.763,35.1645,35.5784,36.0048,36.4437,36.8949,37.3585,37.8345,38.3227,38.8232,39.3358,39.8603,40.3968,40.9451,41.5051,42.0767,42.6598,43.2543,43.8601,44.4773,45.1059,45.7461,46.3981,47.0624,47.7397,48.4307,49.1369,49.8598,50.6016,51.3651,52.1537,52.9717,53.8241,54.7169,55.6565,56.6494,57.7013,58.8154,59.9898,61.2137,62.4622,63.6916,64.8355,65.8065,66.5067,66.8474,66.7734,66.2804,65.4169,64.2681,62.9329,61.5023,60.0474,58.6169,57.2394,55.9287,54.6889,53.5182,52.4116,51.3634,50.3674,49.4182,48.5106,47.6407,46.8051,46.0009,45.2261,44.479,43.7581,43.0626,42.3918,41.7449,41.1216,40.5217,39.9447,39.3907,38.8594,38.3508,37.8648,37.4013,36.9603,36.5418,36.1459,35.7724,35.4215,35.0932,34.7875,34.5046,34.2445,34.0076,33.7938,33.6035,33.437,33.2945,33.1765,33.0832,33.0153,32.9733,32.9577,32.9693,33.0087,33.0768,33.1743,33.3024,33.462,33.6542,33.8802,34.1412,34.4385,34.7734,35.1474,35.5618,36.018,36.5174,37.0612,37.6507,38.287,38.9706,39.7023,40.4819,41.3091,42.1829,43.1012,44.0613,45.059,46.089,47.144,48.2151,49.2911,50.3586,51.4023,52.4049,53.3485,54.2157,54.9914,55.6652,56.2334,56.7008,57.0807,57.3947,57.6702,57.9368,58.2211,58.5404,58.8949,59.2582,59.5712,59.7407,59.6519,59.1959,58.3051,56.9801,55.2917,53.357,51.3039,49.243,47.2542,45.3858,43.6607,42.0845,40.652,39.3525,38.1732,37.1007,36.1222,35.226,34.4018,33.6404,32.9338,32.2749,31.6578,31.0772,30.5285,30.0078,29.5115,29.0367,28.5806,28.1411,27.7161,27.3039,26.9028,26.5117,26.1294,25.7549,25.3874,25.0261,24.6704,24.3199,23.9741,23.6328,23.2955,22.9621,22.6325,22.3065,21.9841,
 ,54,61.5123,62.3011,62.9614,63.4816,63.853,64.0695,64.1286,64.0313,63.7819,63.3879,62.8596,62.2094,61.4513,60.6,59.6709,58.6788,57.6381,56.562,55.4628,54.351,53.2365,52.1271,51.0297,49.95,48.8925,47.8608,46.8577,45.8851,44.9445,44.0368,43.1624,42.3214,41.5137,40.739,39.9967,39.286,38.6062,37.9566,37.3362,36.7441,36.1794,35.6413,35.1288,34.6411,34.1773,33.7366,33.3182,32.9215,32.5455,32.1898,31.8536,31.5363,31.2373,30.9561,30.6921,30.4449,30.2141,29.9991,29.7996,29.6152,29.4456,29.2904,29.1493,29.0221,28.9084,28.8081,28.7209,28.6466,28.5851,28.5362,28.4997,28.4755,28.4635,28.4635,28.4756,28.4996,28.5354,28.5831,28.6425,28.7137,28.7966,28.8912,28.9975,29.1156,29.2455,29.3871,29.5406,29.706,29.8833,30.0726,30.2739,30.4874,30.7131,30.951,31.2013,31.464,31.7393,32.0271,32.3277,32.641,32.9672,33.3063,33.6584,34.0236,34.402,34.7936,35.1984,35.6166,36.0481,36.493,36.9512,37.4229,37.9079,38.4062,38.9178,39.4426,39.9806,40.5315,41.0954,41.6721,42.2614,42.8632,43.4774,44.1036,44.7419,45.392,46.0538,46.7273,47.4124,48.1093,48.8181,49.5393,50.2734,51.0212,51.784,52.5631,53.3605,54.1784,55.0193,55.8863,56.7819,57.7083,58.6663,59.6536,60.6636,61.6825,62.6867,63.6405,64.4957,65.1941,65.6745,65.8845,65.7924,65.3961,64.7237,63.8259,62.764,61.5984,60.3805,59.149,57.9306,56.7413,55.5899,54.4799,53.4115,52.3834,51.3934,50.439,49.5179,48.6281,47.7677,46.9354,46.1301,45.3507,44.5968,43.8678,43.1633,42.4832,41.8272,41.1952,40.587,40.0027,39.4422,38.9053,38.3921,37.9024,37.4363,36.9937,36.5746,36.1789,35.8065,35.4576,35.1321,34.83,34.5514,34.2964,34.0652,33.8577,33.6744,33.5153,33.3809,33.2713,33.1871,33.1286,33.0964,33.091,33.113,33.1632,33.2423,33.3511,33.4906,33.6616,33.8653,34.1027,34.3751,34.6834,35.0292,35.4135,35.8377,36.3031,36.811,37.3624,37.9587,38.6006,39.289,40.0244,40.807,41.6365,42.512,43.4321,44.3942,45.3946,46.4281,47.4874,48.5632,49.6431,50.712,51.7518,52.7425,53.6634,54.4959,55.2267,55.8507,56.3744,56.8166,57.2075,57.5865,57.9967,58.4792,59.0643,59.7599,60.5374,61.3167,61.9582,62.2769,62.0857,61.2625,59.8031,57.8247,55.5177,53.0796,50.6686,48.3872,46.2884,44.3895,42.6864,41.164,39.8028,38.5827,37.4845,36.4913,35.5883,34.7626,34.0033,33.3012,32.6483,32.038,31.4644,30.9226,30.4084,29.9181,29.4485,28.997,28.5611,28.1389,27.7286,27.3286,26.9376,26.5546,26.1786,25.8088,25.4446,25.0853,24.7305,24.3798,24.0331,23.6899,23.3502,23.0139,22.6809,22.3511,
 ,53,64.108,64.9775,65.705,66.2772,66.6833,66.9163,66.9731,66.855,66.5669,66.118,65.5204,64.7889,63.9398,62.9904,61.9584,60.8607,59.7135,58.5318,57.329,56.1168,54.9056,53.7039,52.5189,51.3563,50.2208,49.1159,48.0442,47.0076,46.0072,45.0436,44.1172,43.2277,42.3748,41.5578,40.7761,40.0287,39.3146,38.6329,37.9825,37.3623,36.7713,36.2085,35.6729,35.1635,34.6793,34.2194,33.7831,33.3694,32.9775,32.6068,32.2565,31.9259,31.6144,31.3215,31.0465,30.789,30.5484,30.3243,30.1163,29.9239,29.7468,29.5846,29.437,29.3037,29.1845,29.0791,28.9872,28.9086,28.8433,28.7909,28.7513,28.7244,28.7101,28.7083,28.7188,28.7417,28.7768,28.8241,28.8835,28.9551,29.0389,29.1348,29.2428,29.363,29.4954,29.64,29.797,29.9663,30.148,30.3422,30.549,30.7684,31.0006,31.2457,31.5037,31.7747,32.0589,32.3564,32.6673,32.9917,33.3296,33.6812,34.0467,34.4261,34.8195,35.2269,35.6486,36.0845,36.5347,36.9993,37.4783,37.9716,38.4795,39.0017,39.5384,40.0893,40.6546,41.2339,41.8274,42.4347,43.0557,43.6903,44.3381,44.999,45.6726,46.3588,47.0572,47.7675,48.4894,49.2228,49.9674,50.723,51.4897,52.2674,53.0564,53.857,54.6697,55.495,56.3334,57.1854,58.0508,58.9288,59.8165,60.7089,61.597,62.4665,63.2966,64.0593,64.7195,65.238,65.5756,65.7002,65.5931,65.2532,64.6977,63.9578,63.0732,62.0847,61.0291,59.9371,58.8316,57.7289,56.6397,55.5704,54.5248,53.5046,52.5106,51.5428,50.601,49.6849,48.7942,47.9286,47.0879,46.272,45.4809,44.7146,43.9731,43.2565,42.5647,41.8979,41.256,40.6391,40.0471,39.48,38.9377,38.4203,37.9275,37.4593,37.0158,36.5966,36.2018,35.8313,35.4851,35.1631,34.8653,34.5916,34.3423,34.1172,33.9166,33.7407,33.5895,33.4633,33.3626,33.2875,33.2386,33.2162,33.221,33.2535,33.3144,33.4043,33.5242,33.6748,33.857,34.0719,34.3205,34.6038,34.9231,35.2795,35.6744,36.1088,36.5843,37.102,37.6632,38.2692,38.9212,39.6203,40.3675,41.1635,42.0089,42.9035,43.8469,44.8374,45.872,46.9458,48.0513,49.1773,50.3085,51.4248,52.5021,53.5135,54.4332,55.2409,55.928,56.5013,56.9864,57.4259,57.8761,58.4006,59.062,59.9122,60.9767,62.233,63.5828,64.829,65.684,65.8365,65.0725,63.3802,60.9567,58.1116,55.1455,52.2774,49.6313,47.257,45.1577,43.3132,41.6936,40.2676,39.0057,37.8822,36.8753,35.9665,35.1406,34.3847,33.6882,33.0424,32.4396,31.8738,31.3396,30.8324,30.3485,29.8845,29.4377,29.0056,28.5862,28.1777,27.7786,27.3876,27.0036,26.6258,26.2534,25.8857,25.5222,25.1626,24.8065,24.4537,24.104,23.7574,23.4137,23.0729,22.7351,
 ,52,66.8041,67.7625,68.5647,69.1946,69.6394,69.8908,69.945,69.8035,69.4723,68.9624,68.2882,67.467,66.5181,65.4617,64.3179,63.1062,61.8448,60.5503,59.2375,57.9193,56.6064,55.3082,54.0318,52.7833,51.5672,50.3869,49.2448,48.1425,47.0809,46.0604,45.081,44.1422,43.2434,42.3837,41.562,40.7774,40.0286,39.3145,38.6337,37.9852,37.3676,36.7799,36.221,35.6896,35.1848,34.7057,34.2511,33.8203,33.4124,33.0266,32.6621,32.3181,31.9941,31.6893,31.4032,31.1352,30.8848,30.6515,30.4349,30.2344,30.0498,29.8806,29.7265,29.5871,29.4623,29.3518,29.2552,29.1723,29.1031,29.0472,29.0046,28.9751,28.9585,28.9549,28.9639,28.9857,29.0202,29.0672,29.1268,29.199,29.2837,29.381,29.4908,29.6133,29.7484,29.8963,30.0569,30.2304,30.4168,30.6162,30.8287,31.0545,31.2936,31.5462,31.8123,32.0921,32.3858,32.6935,33.0152,33.3512,33.7016,34.0666,34.4461,34.8405,35.2498,35.6741,36.1136,36.5683,37.0384,37.524,38.025,38.5416,39.0738,39.6216,40.1851,40.7641,41.3586,41.9685,42.5937,43.2341,43.8894,44.5595,45.2439,45.9426,46.6549,47.3807,48.1193,48.8704,49.6334,50.4078,51.1928,51.988,52.7926,53.6061,54.4277,55.2567,56.0925,56.9339,57.7799,58.6291,59.4791,60.3267,61.1672,61.9937,62.7962,63.5612,64.271,64.9034,65.4329,65.8322,66.0756,66.1427,66.0219,65.7129,65.2267,64.5838,63.8105,62.9353,61.9853,60.9845,59.9527,58.9049,57.8526,56.8039,55.7648,54.7391,53.7299,52.739,51.7681,50.8183,49.8905,48.9855,48.104,47.2465,46.4136,45.6058,44.8233,44.0666,43.3358,42.6311,41.9526,41.3005,40.6747,40.0753,39.5021,38.955,38.434,37.9389,37.4695,37.0257,36.6074,36.2144,35.8466,35.5039,35.1861,34.8932,34.6252,34.3821,34.1638,33.9705,33.8023,33.6594,33.5419,33.4502,33.3845,33.3453,33.3329,33.3479,33.3909,33.4624,33.5631,33.6939,33.8555,34.0488,34.2748,34.5346,34.8291,35.1597,35.5275,35.9338,36.3801,36.8677,37.3984,37.9736,38.5952,39.2649,39.9847,40.7566,41.5825,42.4646,43.4043,44.4027,45.4598,46.5736,47.7391,48.9468,50.1814,51.4199,52.6318,53.78,54.8259,55.7368,56.4948,57.1058,57.6033,58.0473,58.5177,59.1059,59.9046,60.9962,62.435,64.2171,66.2354,68.2291,69.7733,70.3706,69.6608,67.6205,64.5759,61.0171,57.3858,53.9703,50.9077,48.2319,45.9219,43.9339,42.219,40.7315,39.4318,38.2869,37.2697,36.3582,35.5346,34.7842,34.0953,33.4579,32.8641,32.3071,31.7813,31.2818,30.8048,30.3468,29.9049,29.4768,29.0602,28.6535,28.2551,27.8638,27.4786,27.0985,26.723,26.3513,25.9831,25.618,25.2558,24.8963,24.5394,24.185,23.8332,23.4839,23.1373,
 ,51,69.5899,70.6461,71.5306,72.2243,72.7121,72.9839,73.0352,72.8677,72.4888,71.9115,71.1529,70.2336,69.176,68.0036,66.7395,65.4056,64.0226,62.6087,61.1801,59.7507,58.332,56.9335,55.5629,54.2259,52.9271,51.6696,50.4557,49.2866,48.1629,47.0848,46.0517,45.0631,44.1179,43.215,42.3532,41.5311,40.7474,40.0005,39.2893,38.6121,37.9678,37.3551,36.7725,36.2191,35.6936,35.195,34.7222,34.2742,33.85,33.449,33.0701,32.7127,32.376,32.0593,31.762,31.4835,31.2232,30.9806,30.7553,30.5467,30.3545,30.1782,30.0176,29.8722,29.7417,29.626,29.5247,29.4376,29.3645,29.3052,29.2596,29.2274,29.2087,29.2032,29.2109,29.2317,29.2655,29.3124,29.3722,29.445,29.5308,29.6296,29.7415,29.8664,30.0045,30.1557,30.3202,30.4981,30.6894,30.8944,31.113,31.3454,31.5918,31.8523,32.127,32.4161,32.7197,33.0381,33.3714,33.7197,34.0832,34.4621,34.8566,35.2668,35.6929,36.1351,36.5935,37.0682,37.5594,38.0672,38.5917,39.1331,39.6913,40.2664,40.8585,41.4675,42.0934,42.7362,43.3956,44.0717,44.7641,45.4726,46.1969,46.9367,47.6914,48.4606,49.2437,50.0401,50.8488,51.6691,52.5001,53.3406,54.1894,55.0453,55.9069,56.7723,57.6399,58.5074,59.3724,60.2316,61.0814,61.9168,62.7317,63.5182,64.2661,64.963,65.5935,66.1402,66.5836,66.9046,67.0853,67.1123,66.9783,66.6833,66.2349,65.6473,64.9388,64.1301,63.2419,62.2934,61.3015,60.2802,59.2411,58.1932,57.1437,56.0983,55.0615,54.0369,53.0273,52.0353,51.0628,50.1115,49.1829,48.2781,47.3982,46.5439,45.7161,44.9153,44.1417,43.3959,42.6779,41.9878,41.3258,40.6917,40.0855,39.5069,38.956,38.4323,37.9359,37.4663,37.0233,36.6068,36.2165,35.8523,35.5138,35.2011,34.9139,34.6522,34.4159,34.205,34.0195,33.8596,33.7253,33.6168,33.5343,33.4783,33.4489,33.4466,33.4719,33.5254,33.6075,33.7191,33.8608,34.0335,34.2381,34.4756,34.747,35.0535,35.3963,35.777,36.197,36.6579,37.1618,37.7106,38.3067,38.9529,39.652,40.4076,41.2234,42.1036,43.0527,44.075,45.1741,46.3524,47.6086,48.9363,50.3209,51.7364,53.1434,54.4897,55.7157,56.766,57.6059,58.2357,58.6994,59.081,59.4937,60.0656,60.9266,62.1967,63.9675,66.2668,68.9928,71.8265,74.181,75.3122,74.6526,72.1633,68.3542,63.9576,59.584,55.5874,52.1029,49.1349,46.6288,44.5124,42.7158,41.1785,39.8505,38.6917,37.6703,36.761,35.9436,35.2019,34.523,33.8962,33.313,32.7661,32.2497,31.7589,31.2894,30.8378,30.4012,29.9771,29.5634,29.1584,28.7605,28.3687,27.9818,27.599,27.2198,26.8436,26.47,26.0987,25.7296,25.3626,24.9976,24.6347,24.2738,23.9152,23.5589,
 ,50,72.4507,73.6135,74.5881,75.352,75.8871,76.1814,76.2296,76.0335,75.6021,74.951,74.1003,73.0744,71.8994,70.6024,69.2097,67.7464,66.2351,64.696,63.1468,61.6021,60.0741,58.5726,57.1054,55.6782,54.2953,52.9597,51.6731,50.4366,49.2504,48.1141,47.0272,45.9885,44.9967,44.0506,43.1484,42.2887,41.4699,40.6903,39.9483,39.2425,38.5713,37.9334,37.3272,36.7516,36.2053,35.6871,35.1958,34.7305,34.2901,33.8737,33.4804,33.1095,32.76,32.4313,32.1227,31.8336,31.5634,31.3115,31.0774,30.8607,30.6609,30.4775,30.3102,30.1587,30.0227,29.9018,29.7957,29.7043,29.6274,29.5647,29.516,29.4813,29.4603,29.4531,29.4594,29.4793,29.5126,29.5594,29.6196,29.6932,29.7802,29.8807,29.9947,30.1222,30.2633,30.4182,30.5868,30.7693,30.9659,31.1766,31.4016,31.641,31.8951,32.1638,32.4476,32.7464,33.0605,33.3902,33.7355,34.0968,34.4741,34.8678,35.278,35.705,36.1489,36.6099,37.0883,37.5841,38.0977,38.6292,39.1787,39.7463,40.3322,40.9365,41.5592,42.2003,42.8599,43.5379,44.2342,44.9487,45.6812,46.4315,47.1991,47.9837,48.7848,49.6017,50.4338,51.2803,52.14,53.012,53.895,54.7874,55.6875,56.5935,57.5032,58.4141,59.3235,60.228,61.1241,62.0071,62.8722,63.7133,64.523,65.293,66.013,66.6714,67.2549,67.749,68.1386,68.4094,68.5485,68.5468,68.3994,68.1065,67.6739,67.1118,66.4341,65.6565,64.7955,63.8671,62.8861,61.8656,60.8172,59.7504,58.6735,57.5933,56.5157,55.4455,54.3867,53.343,52.3172,51.3118,50.329,49.3704,48.4376,47.5317,46.6537,45.8044,44.9841,44.1935,43.4326,42.7017,42.0007,41.3296,40.6881,40.0762,39.4935,38.9399,38.4148,37.9181,37.4494,37.0084,36.5948,36.2083,35.8485,35.5153,35.2084,34.9276,34.6729,34.4441,34.2411,34.0639,33.9127,33.7873,33.6882,33.6153,33.569,33.5497,33.5577,33.5935,33.6575,33.7505,33.8731,34.0261,34.2103,34.4266,34.6763,34.9603,35.2802,35.6373,36.0334,36.4704,36.9507,37.4767,38.0515,38.6788,39.3626,40.1081,40.921,41.8082,42.7774,43.8369,44.9955,46.261,47.6381,49.126,50.713,52.3711,54.0505,55.6773,57.1591,58.4025,59.3407,59.962,60.3238,60.5462,60.7894,61.2285,62.0357,63.3695,65.3591,68.0676,71.4102,75.0256,78.1716,79.8383,79.2216,76.2638,71.6861,66.4821,61.4255,56.9188,53.0806,49.8782,47.2218,45.0123,43.1607,41.5935,40.2521,39.0908,38.0739,37.1733,36.3672,35.6382,34.9725,34.3589,33.7882,33.2531,32.7474,32.2661,31.8049,31.3603,30.9294,30.5095,30.0987,29.6952,29.2977,28.9048,28.5158,28.1298,27.7463,27.3648,26.9851,26.6068,26.23,25.8546,25.4806,25.1081,24.7373,24.3683,24.0013,
 ,49,75.3665,76.6444,77.7167,78.5571,79.1441,79.4632,79.5079,79.2806,78.7922,78.0608,77.1106,75.9701,74.6697,73.2404,71.7122,70.1131,68.4681,66.7995,65.1258,63.4629,61.8234,60.2173,58.6523,57.134,55.6664,54.2523,52.8929,51.5889,50.3401,49.1459,48.0051,46.9164,45.8782,44.8888,43.9464,43.0491,42.1952,41.3829,40.6103,39.8758,39.1777,38.5145,37.8846,37.2868,36.7196,36.1817,35.6719,35.1892,34.7324,34.3006,33.8929,33.5082,33.1459,32.8052,32.4852,32.1855,31.9053,31.644,31.4011,31.1762,30.9687,30.7782,30.6043,30.4467,30.305,30.1789,30.0681,29.9724,29.8916,29.8255,29.7739,29.7366,29.7135,29.7045,29.7095,29.7285,29.7614,29.8081,29.8688,29.9432,30.0316,30.1339,30.2501,30.3804,30.5248,30.6835,30.8565,31.0439,31.2459,31.4627,31.6944,31.9411,32.2032,32.4807,32.7738,33.0829,33.408,33.7495,34.1075,34.4824,34.8743,35.2835,35.7103,36.1549,36.6175,37.0984,37.5979,38.1162,38.6535,39.21,39.786,40.3816,40.997,41.6323,42.2877,42.9632,43.6588,44.3747,45.1106,45.8666,46.6424,47.4378,48.2525,49.086,49.9377,50.8071,51.6933,52.5953,53.5119,54.4419,55.3836,56.3352,57.2946,58.2593,59.2264,60.1929,61.155,62.1086,63.0488,63.9702,64.8667,65.731,66.5553,67.3303,68.0459,68.691,69.2534,69.7208,70.0806,70.3216,70.4341,70.4113,70.2496,69.9499,69.5165,68.9578,68.2846,67.51,66.6477,65.7119,64.7159,63.6725,62.5931,61.4879,60.366,59.2353,58.1026,56.974,55.8544,54.7485,53.6598,52.5917,51.5468,50.5273,49.5351,48.5716,47.6381,46.7354,45.8642,45.0248,44.2176,43.4426,42.6999,41.9891,41.3103,40.6629,40.0467,39.4613,38.9063,38.3813,37.8857,37.4192,36.9813,36.5717,36.1899,35.8356,35.5085,35.2084,34.9348,34.6878,34.467,34.2725,34.1041,33.9619,33.846,33.7565,33.6935,33.6573,33.6482,33.6667,33.7132,33.7882,33.8923,34.0263,34.1911,34.3874,34.6165,34.8796,35.178,35.5134,35.8877,36.3031,36.7623,37.2684,37.8251,38.4369,39.1095,39.8494,40.6647,41.5651,42.5621,43.6691,44.9009,46.2729,47.7987,49.4865,51.3317,53.3081,55.3558,57.3724,59.2163,60.7314,61.7946,62.3694,62.5334,62.4625,62.3856,62.5378,63.1355,64.367,66.3853,69.2751,72.9639,77.066,80.7342,82.7652,82.1743,78.8886,73.7873,68.0525,62.565,57.7509,53.7101,50.382,47.6522,45.4035,43.5349,41.965,40.6298,39.4803,38.4784,37.5947,36.8061,36.0945,35.4457,34.848,34.2922,33.7707,33.2772,32.8065,32.3544,31.9174,31.4923,31.0769,30.669,30.2669,29.8694,29.4752,29.0835,28.6937,28.3051,27.9176,27.5308,27.1446,26.7591,26.3742,25.9901,25.6071,25.2252,24.8448,24.4661,
 ,48,78.3114,79.7122,80.8896,81.8125,82.4556,82.8015,82.8427,82.582,82.032,81.2147,80.1585,78.8964,77.4638,75.896,74.2268,72.4873,70.7051,68.904,67.104,65.3215,63.5697,61.8586,60.1958,58.5866,57.0348,55.5426,54.1109,52.74,51.4292,50.1775,48.9833,47.8451,46.7608,45.7285,44.746,43.8114,42.9226,42.0776,41.2744,40.5113,39.7863,39.0979,38.4444,37.8242,37.2361,36.6785,36.1502,35.65,35.1768,34.7295,34.3072,33.9088,33.5336,33.1807,32.8494,32.5389,32.2487,31.978,31.7263,31.4931,31.2779,31.0802,30.8997,30.7359,30.5885,30.4572,30.3417,30.2418,30.1571,30.0876,30.033,29.9931,29.9679,29.9572,29.961,29.9792,30.0117,30.0585,30.1196,30.1951,30.2849,30.3891,30.5077,30.641,30.7888,30.9515,31.129,31.3215,31.5293,31.7524,31.9911,32.2456,32.516,32.8026,33.1056,33.4254,33.762,34.1159,34.4873,34.8764,35.2836,35.7091,36.1533,36.6164,37.0988,37.6007,38.1225,38.6644,39.2268,39.8099,40.4139,41.0392,41.686,42.3544,43.0446,43.7568,44.4911,45.2475,46.0261,46.8267,47.6493,48.4936,49.3593,50.246,51.1532,52.0801,53.0258,53.9893,54.9693,55.9642,56.9722,57.9912,59.0187,60.0516,61.0866,62.1198,63.1468,64.1625,65.1611,66.1363,67.0808,67.9864,68.8444,69.645,70.3778,71.0317,71.5952,72.0569,72.4062,72.6331,72.7299,72.6911,72.5143,72.2002,71.7529,71.1795,70.4894,69.694,68.8058,67.8378,66.803,65.7139,64.5822,63.4189,62.2339,61.0359,59.8328,58.6317,57.4387,56.2588,55.0967,53.9563,52.8405,51.7522,50.6935,49.6661,48.6712,47.71,46.783,45.8908,45.0335,44.2111,43.4235,42.6706,41.9518,41.2669,40.6154,39.9967,39.4102,38.8555,38.3319,37.8389,37.3759,36.9424,36.538,36.162,35.8142,35.4942,35.2015,34.9359,34.6972,34.4852,34.2997,34.1406,34.008,33.9018,33.8222,33.7694,33.7436,33.7452,33.7745,33.832,33.9183,34.0341,34.1802,34.3575,34.5672,34.8104,35.0888,35.404,35.7581,36.1537,36.5938,37.082,37.6228,38.2217,38.8854,39.6224,40.443,41.3601,42.3893,43.5495,44.8631,46.355,48.0509,49.9727,52.1297,54.5041,57.0301,59.5725,61.9206,63.8187,65.0479,65.5263,65.3633,64.8249,64.2416,63.9256,64.1339,65.0669,66.8742,69.6305,73.2524,77.3408,81.0286,83.083,82.4921,79.177,74.0332,68.2622,62.7548,57.9373,53.906,50.5961,47.8899,45.668,43.8279,42.2868,40.9805,39.859,38.8841,38.0261,37.2617,36.5729,35.945,35.3666,34.8282,34.3222,33.8423,33.3835,32.9413,32.5124,32.0937,31.6828,31.2778,30.8769,30.479,30.083,29.688,29.2935,28.8992,28.5046,28.1098,27.7146,27.3192,26.9238,26.5285,26.1336,25.7395,25.3464,24.9548,
 ,47,81.2537,82.7836,84.0721,85.0828,85.7859,86.1608,86.1986,85.9024,85.2875,84.3796,83.2121,81.8233,80.2538,78.5434,76.7301,74.848,72.9271,70.993,69.0667,67.1654,65.3021,63.4872,61.7279,60.0293,58.3947,56.8257,55.3231,53.8864,52.5147,51.2064,49.9598,48.7728,47.643,46.5683,45.5463,44.5747,43.6513,42.7739,41.9403,41.1486,40.3969,39.6833,39.0061,38.3637,37.7546,37.1772,36.6304,36.1127,35.623,35.1602,34.7232,34.3111,33.923,33.5579,33.2151,32.8939,32.5935,32.3133,32.0528,31.8113,31.5883,31.3835,31.1963,31.0263,30.8732,30.7367,30.6165,30.5122,30.4237,30.3508,30.2932,30.2508,30.2235,30.2112,30.2138,30.2312,30.2634,30.3103,30.372,30.4485,30.5399,30.6461,30.7673,30.9036,31.0551,31.2219,31.4042,31.6021,31.8158,32.0456,32.2916,32.554,32.8332,33.1293,33.4427,33.7736,34.1223,34.4892,34.8744,35.2785,35.7017,36.1443,36.6068,37.0894,37.5926,38.1166,38.6619,39.2288,39.8177,40.4288,41.0627,41.7194,42.3995,43.1031,43.8304,44.5818,45.3574,46.1573,46.9816,47.8303,48.7034,49.6006,50.5217,51.4664,52.434,53.4239,54.4352,55.4667,56.5171,57.5847,58.6674,59.7628,60.8681,61.9799,63.0942,64.2066,65.3119,66.4042,67.4768,68.5222,69.5323,70.498,71.4093,72.2558,73.0263,73.7096,74.2941,74.7689,75.1236,75.3494,75.4393,75.3884,75.1951,74.8601,74.3874,73.7835,73.0574,72.2199,71.2831,70.2597,69.1629,68.0055,66.7999,65.5579,64.2904,63.0072,61.7173,60.4285,59.1478,57.8813,56.6341,55.4107,54.2145,53.0488,51.9157,50.8173,49.7549,48.7295,47.7417,46.7921,45.8806,45.0073,44.1719,43.3738,42.6128,41.8882,41.1993,40.5456,39.9262,39.3405,38.7877,38.2672,37.7782,37.3202,36.8924,36.4943,36.1253,35.785,35.4729,35.1886,34.9317,34.702,34.4993,34.3233,34.174,34.0513,33.9553,33.8861,33.8438,33.8288,33.8413,33.8818,33.9509,34.0492,34.1774,34.3365,34.5276,34.7521,35.0115,35.3077,35.643,36.0201,36.4424,36.9142,37.4404,38.0275,38.6834,39.4183,40.2448,41.1789,42.2404,43.4543,44.851,46.4669,48.3426,50.519,53.027,55.8677,58.9792,62.1952,65.2155,67.6383,69.0896,69.411,68.7632,67.5546,66.2636,65.297,64.944,65.3931,66.7575,69.0673,72.2011,75.7567,78.9355,80.6527,80.0376,77.016,72.3441,67.0612,61.9653,57.461,53.6585,50.515,47.9323,45.805,44.0397,42.5601,41.3056,40.2289,39.2934,38.4703,37.7373,37.0765,36.4738,35.9179,35.3996,34.9112,34.4466,34.0008,33.5695,33.1493,32.7373,32.3311,31.9288,31.5289,31.1302,30.7317,30.3327,29.9328,29.5316,29.129,28.725,28.3196,27.9131,27.5058,27.0979,26.6899,26.2821,25.875,25.4691,
 ,46,84.1555,85.8186,87.2224,88.3248,89.0908,89.4965,89.531,89.1983,88.5163,87.515,86.2332,84.7152,83.0069,81.153,79.1955,77.1717,75.1137,73.0487,70.9987,68.9812,67.0095,65.0936,63.2407,61.4553,59.7403,58.097,56.5255,55.0249,53.5939,52.2305,50.9327,49.6979,48.5235,47.4072,46.3463,45.3382,44.3806,43.4711,42.6074,41.7874,41.009,40.2704,39.5696,38.9049,38.2749,37.6778,37.1123,36.5771,36.0709,35.5926,35.1409,34.715,34.3138,33.9365,33.5822,33.2502,32.9396,32.65,32.3805,32.1307,31.9,31.6879,31.4939,31.3178,31.159,31.0173,30.8923,30.7837,30.6914,30.615,30.5545,30.5096,30.4802,30.4663,30.4677,30.4843,30.5163,30.5634,30.6258,30.7035,30.7965,30.9048,31.0287,31.1682,31.3235,31.4947,31.6819,31.8854,32.1053,32.342,32.5956,32.8664,33.1547,33.4607,33.7848,34.1274,34.4886,34.869,35.2689,35.6886,36.1285,36.5891,37.0707,37.5737,38.0987,38.646,39.216,39.8093,40.4261,41.0669,41.7322,42.4224,43.1378,43.8788,44.6457,45.4389,46.2586,47.1051,47.9784,48.8788,49.8063,50.7607,51.7418,52.7495,53.7831,54.842,55.9254,57.0321,58.1606,59.3093,60.4758,61.6577,62.8517,64.0541,65.2605,66.4659,67.6644,68.8492,70.0128,71.1466,72.2414,73.2869,74.2721,75.1853,76.0146,76.7476,77.3724,77.8775,78.2527,78.4889,78.5793,78.5196,78.308,77.9457,77.4366,76.7874,76.0073,75.1071,74.0993,72.9973,71.8148,70.5658,69.2636,67.9211,66.5505,65.1626,63.7675,62.3743,60.9906,59.6233,58.2781,56.96,55.673,54.4203,53.2044,52.0273,50.8905,49.7949,48.741,47.7293,46.7595,45.8315,44.9448,44.0988,43.293,42.5264,41.7983,41.1077,40.4539,39.8359,39.2529,38.7038,38.1881,37.7047,37.253,36.8322,36.4416,36.0807,35.7488,35.4455,35.1703,34.9229,34.7028,34.5099,34.344,34.205,34.0927,34.0073,33.9489,33.9176,33.9137,33.9377,33.99,34.0713,34.1823,34.3239,34.4973,34.7038,34.9452,35.2233,35.5406,35.9001,36.3056,36.7615,37.2735,37.849,38.4969,39.2287,40.0592,41.0072,42.0967,43.3583,44.8309,46.5624,48.6101,51.0377,53.9044,57.2417,61.0064,65.0109,68.8552,71.9432,73.6765,73.7794,72.4908,70.426,68.261,66.5093,65.4772,65.3164,66.078,67.7258,70.091,72.7852,75.1395,76.3152,75.6659,73.1278,69.2418,64.7864,60.4,56.4414,53.0374,50.1803,47.8049,45.8306,44.1816,42.7929,41.6115,40.5953,39.7109,38.9318,38.2369,37.6096,37.0364,36.5064,36.0108,35.5421,35.0945,34.6629,34.2434,33.8325,33.4275,33.0261,32.6264,32.2271,31.827,31.4254,31.0215,30.6151,30.2059,29.7941,29.3795,28.9626,28.5436,28.1228,27.7009,27.2781,26.8552,26.4326,26.0108,
 ,45,86.9734,88.7703,90.2908,91.4866,92.3174,92.755,92.787,92.4178,91.6685,90.5736,89.178,87.5318,85.6867,83.6924,81.5945,79.4334,77.2434,75.0527,72.8843,70.7557,68.6806,66.6686,64.7264,62.8583,61.0666,59.3522,57.7145,56.1526,54.6645,53.2479,51.9004,50.6191,49.4014,48.2443,47.1453,46.1014,45.1101,44.1689,43.2754,42.4273,41.6225,40.8589,40.1346,39.4478,38.7968,38.18,37.5959,37.0431,36.5204,36.0264,35.5601,35.1203,34.7061,34.3165,33.9506,33.6077,33.287,32.9878,32.7093,32.4512,32.2126,31.9933,31.7926,31.6102,31.4457,31.2987,31.169,31.0561,30.9599,30.8801,30.8167,30.7693,30.7379,30.7223,30.7226,30.7385,30.7702,30.8176,30.8808,30.9597,31.0544,31.165,31.2917,31.4346,31.5938,31.7695,31.9618,32.1711,32.3975,32.6414,32.9028,33.1823,33.4801,33.7964,34.1317,34.4864,34.8607,35.2552,35.6703,36.1063,36.5637,37.043,37.5447,38.0692,38.6171,39.1888,39.7848,40.4058,41.052,41.7242,42.4228,43.1483,43.9011,44.6819,45.4909,46.3286,47.1954,48.0917,49.0176,49.9736,50.9596,51.9757,53.0219,54.0979,55.2034,56.3379,57.5004,58.6899,59.905,61.144,62.4045,63.6837,64.9785,66.2846,67.5973,68.9111,70.2193,71.5144,72.7879,74.0302,75.2308,76.3779,77.4592,78.4615,79.3715,80.1756,80.8605,81.4136,81.8239,82.0818,82.1801,82.1141,81.8823,81.4859,80.9293,80.2198,79.367,78.3829,77.281,76.076,74.7829,73.4171,71.9936,70.5268,69.0303,67.5163,65.9961,64.4798,62.976,61.4922,60.0349,58.6094,57.2199,55.8698,54.5619,53.298,52.0794,50.9071,49.7815,48.7025,47.67,46.6834,45.742,44.8452,43.9919,43.181,42.4117,41.6827,40.9929,40.3414,39.7269,39.1484,38.605,38.0956,37.6193,37.1754,36.7628,36.3809,36.0291,35.7066,35.413,35.1477,34.9103,34.7006,34.5181,34.3628,34.2344,34.133,34.0586,34.0114,33.9915,33.9994,34.0354,34.1002,34.1945,34.3192,34.4755,34.6648,34.8888,35.1494,35.4494,35.7919,36.1807,36.6209,37.1186,37.6816,38.3197,39.0459,39.8762,40.8321,41.9407,43.2377,44.769,46.5932,48.7832,51.425,54.6086,58.4021,62.7938,67.5911,72.302,76.1148,78.1577,78.0059,75.9976,73.0027,69.9195,67.3621,65.6356,64.8375,64.9478,65.8644,67.3824,69.1476,70.6394,71.2647,70.5879,68.5552,65.5069,61.9643,58.3913,55.0814,52.1655,49.667,47.5545,45.7752,44.2737,42.9993,41.9089,40.9667,40.1437,39.4166,38.7664,38.1777,37.638,37.1372,36.6668,36.22,35.7909,35.3749,34.968,34.567,34.1692,33.7726,33.3753,32.9761,32.574,32.1683,31.7586,31.3445,30.9261,30.5035,30.077,29.6469,29.2136,28.7778,28.3401,27.901,27.4611,27.0212,26.582,
 ,44,89.6598,91.587,93.2219,94.5099,95.4051,95.8752,95.9057,95.5019,94.6876,93.5028,91.9979,90.2294,88.2544,86.1273,83.8975,81.6079,79.2945,76.9869,74.7082,72.4766,70.3052,68.2036,66.1781,64.2326,62.3689,60.5874,58.8873,57.2671,55.7245,54.2569,52.8616,51.5356,50.2758,49.0791,47.9428,46.8638,45.8394,44.867,43.944,43.0682,42.2371,41.4487,40.7009,39.992,39.3202,38.6836,38.081,37.5106,36.9713,36.4617,35.9806,35.5269,35.0996,34.6977,34.3202,33.9664,33.6355,33.3266,33.0392,32.7726,32.5263,32.2997,32.0922,31.9036,31.7333,31.5811,31.4465,31.3293,31.2292,31.1461,31.0796,31.0297,30.9963,30.9792,30.9783,30.9936,31.0251,31.0728,31.1367,31.2169,31.3135,31.4265,31.5561,31.7025,31.8657,32.0461,32.2438,32.4591,32.6922,32.9434,33.2131,33.5016,33.8091,34.1362,34.4831,34.8504,35.2383,35.6475,36.0784,36.5314,37.0071,37.5059,38.0286,38.5756,39.1474,39.7447,40.3681,41.0182,41.6955,42.4007,43.1345,43.8973,44.6898,45.5127,46.3664,47.2515,48.1685,49.118,50.1003,51.1158,52.1648,53.2475,54.364,55.5143,56.698,57.9149,59.1641,60.4449,61.7557,63.095,64.4605,65.8493,67.258,68.6824,70.1172,71.5565,72.993,74.4183,75.8231,77.1963,78.5261,79.7992,81.0014,82.1179,83.133,84.0314,84.7978,85.418,85.8792,86.1707,86.2844,86.2149,85.9606,85.5228,84.9067,84.1203,83.1748,82.0838,80.8624,79.5274,78.0961,76.5858,75.0136,73.396,71.7481,70.084,68.4164,66.7562,65.1133,63.4958,61.9107,60.3636,58.859,57.4004,55.9903,54.6307,53.3227,52.0668,50.8633,49.7118,48.6119,47.5627,46.5632,45.6124,44.7089,43.8516,43.039,42.2698,41.5426,40.8562,40.2092,39.6004,39.0286,38.4925,37.9912,37.5235,37.0886,36.6856,36.3135,35.9717,35.6595,35.3764,35.1217,34.8951,34.6961,34.5246,34.3803,34.2632,34.1731,34.1102,34.0746,34.0667,34.0869,34.1356,34.2138,34.3221,34.4619,34.6344,34.8414,35.0851,35.3681,35.6937,36.0659,36.49,36.9723,37.5212,38.147,38.8633,39.6876,40.6424,41.7575,43.0716,44.6356,46.5156,48.7955,51.5782,54.9778,59.0934,63.9447,69.3464,74.743,79.1457,81.4389,81.0598,78.4377,74.6693,70.837,67.6242,65.3203,63.9696,63.4934,63.7425,64.4983,65.4552,66.2253,66.4079,65.7207,64.1177,61.7937,59.0715,56.2642,53.5938,51.1796,49.0629,47.2379,45.6763,44.3417,43.1977,42.2112,41.3535,40.6006,39.9324,39.3324,38.7869,38.2846,37.816,37.3735,36.9505,36.5416,36.1423,35.7489,35.3583,34.968,34.576,34.1808,33.7812,33.3763,32.9655,32.5486,32.1255,31.6964,31.2614,30.8212,30.3761,29.9268,29.474,29.0185,28.561,28.1023,27.6433,27.1846,
 ,43,92.1656,94.2143,95.9565,97.3318,98.2887,98.7907,98.8215,98.3868,97.5137,96.2468,94.6427,92.7631,90.6707,88.4241,86.0758,83.6709,81.247,78.8345,76.4569,74.1325,71.8742,69.6914,67.59,65.5736,63.6436,61.8,60.0416,58.3667,56.7727,55.2568,53.8159,52.4468,51.1463,49.9113,48.7386,47.6253,46.5684,45.5653,44.6133,43.7099,42.8527,42.0397,41.2687,40.5377,39.845,39.1887,38.5674,37.9795,37.4236,36.8983,36.4024,35.9348,35.4944,35.0801,34.691,34.3262,33.985,33.6665,33.3701,33.0951,32.8409,32.6069,32.3927,32.1977,32.0217,31.8641,31.7247,31.6032,31.4993,31.4127,31.3433,31.2909,31.2554,31.2367,31.2347,31.2494,31.2808,31.3288,31.3936,31.4752,31.5736,31.6891,31.8217,31.9716,32.1391,32.3243,32.5275,32.749,32.989,33.248,33.5261,33.8238,34.1416,34.4797,34.8387,35.219,35.6211,36.0455,36.4928,36.9635,37.4583,37.9776,38.5221,39.0925,39.6895,40.3136,40.9657,41.6464,42.3563,43.0964,43.8671,44.6694,45.504,46.3714,47.2726,48.2081,49.1787,50.1849,51.2275,52.3068,53.4235,54.578,55.7704,57.001,58.2698,59.5765,60.9207,62.3016,63.7182,65.1688,66.6513,68.163,69.7003,71.2589,72.8335,74.4174,76.003,77.5811,79.1411,80.6709,82.1568,83.5837,84.9354,86.1944,87.3426,88.3619,89.2344,89.9433,90.4733,90.8119,90.9493,90.8793,90.5997,90.1122,89.4227,88.541,87.48,86.2556,84.886,83.3904,81.7894,80.1029,78.3509,76.5522,74.7243,72.883,71.0426,69.2154,67.4122,65.6418,63.9115,62.2274,60.5939,59.0144,57.4915,56.0267,54.6208,53.2741,51.9864,50.7569,49.5848,48.4688,47.4076,46.3996,45.4434,44.5372,43.6794,42.8683,42.1023,41.3798,40.6993,40.0593,39.4583,38.895,38.3681,37.8764,37.4188,36.9942,36.6018,36.2406,35.9098,35.6087,35.3367,35.0933,34.8781,34.6905,34.5305,34.3977,34.2922,34.2139,34.163,34.1396,34.1443,34.1774,34.2397,34.3321,34.4557,34.6119,34.8024,35.0294,35.2955,35.6041,35.9594,36.3665,36.8321,37.3647,37.9748,38.6763,39.487,40.4302,41.5363,42.8453,44.4096,46.298,48.5985,51.4197,54.8845,59.1042,64.1109,69.7248,75.3679,79.9826,82.353,81.8566,78.9579,74.8425,70.6592,67.1087,64.4633,62.7371,61.8221,61.5513,61.7157,62.0626,62.3089,62.1858,61.5093,60.2388,58.4778,56.416,54.2538,52.1486,50.1985,48.4495,46.9114,45.5731,44.4135,43.4085,42.5339,41.7681,41.0916,40.4879,39.9429,39.4446,38.9831,38.5497,38.1375,37.7403,37.353,36.9716,36.5925,36.2127,35.83,35.4426,35.0489,34.6481,34.2393,33.8223,33.3969,32.9632,32.5215,32.0724,31.6164,31.1542,30.6867,30.2148,29.7393,29.2612,28.7815,28.3011,27.8209,
 ,42,94.4436,96.5992,98.4366,99.8899,100.903,101.435,101.468,101.009,100.087,98.7517,97.0638,95.0907,92.8994,90.5519,88.1035,85.6012,83.0835,80.5815,78.1192,75.7145,73.3806,71.1266,68.958,66.8782,64.8883,62.9882,61.1763,59.4507,57.8086,56.247,54.7628,53.3526,52.013,50.7408,49.5329,48.386,47.2973,46.2639,45.2832,44.3525,43.4695,42.632,41.8377,41.0848,40.3712,39.6953,39.0554,38.4498,37.8773,37.3363,36.8255,36.3439,35.8903,35.4636,35.0628,34.6871,34.3355,34.0073,33.7019,33.4184,33.1562,32.9149,32.6938,32.4926,32.3108,32.1479,32.0036,31.8777,31.7699,31.6799,31.6075,31.5526,31.5151,31.4948,31.4917,31.5058,31.537,31.5855,31.6511,31.7341,31.8345,31.9525,32.0883,32.2419,32.4137,32.6039,32.8128,33.0407,33.2878,33.5547,33.8415,34.1489,34.4771,34.8267,35.1981,35.5919,36.0087,36.449,36.9133,37.4024,37.9169,38.4575,39.0249,39.6198,40.243,40.8953,41.5773,42.2901,43.0344,43.811,44.6208,45.4648,46.3437,47.2584,48.2099,49.1989,50.2264,51.2932,52.4001,53.5479,54.7373,55.9688,57.2432,58.5607,59.9216,61.3262,62.7741,64.265,65.798,67.3718,68.9844,70.6335,72.3156,74.0263,75.7601,77.5103,79.2685,81.0249,82.7677,84.4833,86.1564,87.7695,89.3037,90.7385,92.0526,93.2241,94.2317,95.0548,95.675,96.0767,96.2479,96.1809,95.8728,95.3258,94.5468,93.5476,92.3442,90.9557,89.4038,87.712,85.9044,84.005,82.037,80.0224,77.9814,75.932,73.8902,71.8698,69.8824,67.9377,66.0432,64.205,62.4275,60.7141,59.0667,57.4866,55.974,54.5288,53.1502,51.837,50.5877,49.4007,48.2741,47.206,46.1942,45.2369,44.332,43.4774,42.6712,41.9115,41.1964,40.5243,39.8935,39.3024,38.7495,38.2334,37.7529,37.3067,36.8937,36.513,36.1636,35.8446,35.5554,35.2953,35.0638,34.8604,34.6848,34.5366,34.4159,34.3225,34.2565,34.218,34.2075,34.2253,34.2722,34.349,34.4567,34.5968,34.771,34.9814,35.2306,35.522,35.8597,36.2489,36.6962,37.2099,37.8005,38.4816,39.2709,40.191,41.2717,42.5516,44.0817,45.9275,48.1727,50.9191,54.2796,58.3518,63.1537,68.4988,73.832,78.1659,80.3857,79.9239,77.1989,73.2903,69.2591,65.7645,63.0685,61.1871,60.0176,59.4053,59.1681,59.1056,59.0121,58.7048,58.0599,57.0412,55.6992,54.1413,52.4911,50.8551,49.3079,47.8917,46.6229,45.5009,44.5155,43.6516,42.8929,42.2233,41.6276,41.0926,40.6065,40.159,39.7413,39.3458,38.9661,38.5965,38.2325,37.87,37.5058,37.1373,36.7622,36.379,35.9863,35.5833,35.1695,34.7448,34.3092,33.863,33.4068,32.9413,32.4672,31.9856,31.4975,31.0039,30.506,30.0049,29.5017,28.9975,28.4935,
 ,41,96.453,98.6954,100.611,102.129,103.189,103.749,103.787,103.313,102.356,100.97,99.2197,97.1765,94.9102,92.4859,89.9605,87.3824,84.791,82.2178,79.6871,77.2169,74.8202,72.5061,70.2799,68.145,66.1024,64.1515,62.2912,60.5191,58.8324,57.2281,55.7029,54.2534,52.8763,51.5683,50.326,49.1463,48.0264,46.9632,45.954,44.9963,44.0876,43.2257,42.4083,41.6333,40.8989,40.2033,39.5447,38.9215,38.3322,37.7754,37.2499,36.7542,36.2873,35.8481,35.4356,35.0489,34.6869,34.3491,34.0345,33.7424,33.4724,33.2236,32.9957,32.7881,32.6004,32.4322,32.2831,32.1528,32.041,31.9475,31.8722,31.8148,31.7752,31.7533,31.7492,31.7626,31.7938,31.8426,31.9092,31.9936,32.0961,32.2166,32.3555,32.513,32.6893,32.8846,33.0993,33.3337,33.5882,33.8632,34.1591,34.4763,34.8153,35.1767,35.5611,35.9688,36.4008,36.8574,37.3395,37.8477,38.3828,38.9455,39.5366,40.1571,40.8076,41.4892,42.2027,42.9492,43.7294,44.5445,45.3955,46.2833,47.209,48.1737,49.1785,50.2244,51.3124,52.4437,53.6193,54.8402,56.1074,57.4218,58.7843,60.1957,61.6566,63.1674,64.7285,66.3397,68.0006,69.7104,71.4676,73.2699,75.1144,76.9969,78.9118,80.8523,82.8097,84.7735,86.7307,88.6662,90.5626,92.3999,94.1558,95.8062,97.3256,98.6873,99.865,100.834,101.57,102.055,102.272,102.213,101.872,101.254,100.366,99.2226,97.8441,96.2541,94.4793,92.5483,90.4904,88.3344,86.108,83.8369,81.5444,79.2513,76.9755,74.7322,72.5341,70.3911,68.3111,66.3002,64.3625,62.5008,60.7165,59.0103,57.3818,55.8301,54.3538,52.951,51.6195,50.3572,49.1616,48.0301,46.9602,45.9496,44.9956,44.0959,43.2482,42.4501,41.6997,40.9949,40.3336,39.7142,39.135,38.5943,38.0906,37.6226,37.1891,36.7888,36.4207,36.0839,35.7776,35.5009,35.2533,35.0342,34.8432,34.6799,34.5442,34.4359,34.355,34.3017,34.2763,34.2792,34.3109,34.3724,34.4645,34.5888,34.7468,34.9406,35.1728,35.4466,35.7661,36.1362,36.5634,37.0556,37.6229,38.2782,39.0383,39.9242,40.9637,42.1921,43.6553,45.4113,47.5322,50.1024,53.21,56.9199,61.2176,65.9082,70.4993,74.1814,76.0828,75.7705,73.5613,70.2926,66.8221,63.7173,61.2297,59.3983,58.1512,57.3657,56.8974,56.5939,56.3066,55.9088,55.3142,54.4911,53.4605,52.2814,51.0279,49.7697,48.5602,47.434,46.4087,45.4888,44.6707,43.9459,43.3035,42.732,42.2199,41.7567,41.3326,40.9388,40.5678,40.2126,39.8675,39.5274,39.188,38.8455,38.497,38.14,37.7724,37.3929,37.0004,36.5942,36.174,35.7399,35.2921,34.8313,34.3582,33.8737,33.379,32.8752,32.3637,31.8456,31.3224,30.7954,30.266,29.7353,29.2047,
 ,40,98.1645,100.469,102.441,104.006,105.103,105.686,105.734,105.255,104.281,102.867,101.081,98.9956,96.6831,94.2098,91.6341,89.005,86.3626,83.7386,81.1576,78.6376,76.1919,73.8296,71.5561,69.3747,67.2866,65.2914,63.3876,61.5732,59.8454,58.2012,56.6373,55.1504,53.7372,52.3943,51.1186,49.9068,48.7561,47.6635,46.6262,45.6416,44.7074,43.821,42.9805,42.1835,41.4283,40.7129,40.0355,39.3946,38.7885,38.2159,37.6754,37.1656,36.6855,36.2337,35.8094,35.4116,35.0392,34.6916,34.3679,34.0673,33.7892,33.533,33.2982,33.0842,32.8906,32.717,32.563,32.4283,32.3125,32.2156,32.1372,32.0773,32.0356,32.0122,32.0069,32.0197,32.0508,32.1,32.1675,32.2535,32.358,32.4812,32.6234,32.7847,32.9656,33.1661,33.3868,33.628,33.89,34.1733,34.4784,34.8058,35.156,35.5295,35.9271,36.3494,36.7969,37.2705,37.7709,38.2989,38.8553,39.441,40.0569,40.7038,41.383,42.0952,42.8416,43.6232,44.4412,45.2967,46.1908,47.1249,48.1,49.1175,50.1787,51.2847,52.4371,53.637,54.8857,56.1847,57.5353,58.9386,60.396,61.9086,63.4775,65.1036,66.7878,68.5304,70.3317,72.1913,74.1085,76.0815,78.1078,80.1837,82.304,84.462,86.6487,88.853,91.061,93.256,95.4183,97.5248,99.5496,101.464,103.236,104.835,106.226,107.379,108.265,108.857,109.137,109.091,108.714,108.01,106.988,105.668,104.074,102.237,100.189,97.9665,95.6054,93.1406,90.6051,88.0295,85.4409,82.8629,80.3157,77.8158,75.3768,73.009,70.7204,68.5164,66.4007,64.3753,62.441,60.5974,58.8433,57.1768,55.5957,54.0972,52.6786,51.3366,50.0683,48.8704,47.7399,46.6738,45.669,44.7227,43.8322,42.9949,42.2083,41.47,40.7779,40.1298,39.524,38.9584,38.4314,37.9416,37.4875,37.0677,36.681,36.3265,36.0031,35.71,35.4465,35.2119,35.0057,34.8275,34.677,34.5541,34.4586,34.3908,34.3507,34.3388,34.3557,34.4021,34.4789,34.5874,34.7293,34.9065,35.1215,35.3774,35.6779,36.0279,36.4333,36.9015,37.4421,38.0667,38.7906,39.6328,40.6175,41.7756,43.1455,44.7749,46.7199,49.0422,51.7989,55.0177,58.6518,62.5102,66.1917,69.1005,70.6358,70.5091,68.9303,66.4713,63.7528,61.2224,59.1091,57.4761,56.2893,55.4658,54.9011,54.4845,54.1104,53.6898,53.1615,52.4979,51.7052,50.8141,49.8682,48.9116,47.9813,47.1036,46.294,45.559,44.8983,44.3076,43.7799,43.3069,42.88,42.4908,42.1312,41.7937,41.4718,41.1594,40.851,40.5421,40.2287,39.9073,39.575,39.2297,38.8695,38.4931,38.0998,37.6889,37.2606,36.8151,36.3529,35.8749,35.3821,34.8758,34.3574,33.8283,33.2901,32.7444,32.1927,31.6366,31.0778,30.5176,29.9574,
 ,39,99.5643,101.904,103.908,105.501,106.622,107.224,107.286,106.815,105.844,104.428,102.635,100.538,98.2109,95.7191,93.1217,90.4681,87.7986,85.1451,82.5324,79.9791,77.4986,75.1001,72.7896,70.5705,68.4441,66.4104,64.4682,62.6155,60.8499,59.1683,57.5678,56.0452,54.5971,53.2205,51.912,50.6686,49.4874,48.3656,47.3003,46.2889,45.3291,44.4184,43.5546,42.7356,41.9594,41.2241,40.5279,39.8692,39.2463,38.6577,38.1022,37.5782,37.0847,36.6204,36.1842,35.7752,35.3924,35.035,34.702,34.3928,34.1067,33.8431,33.6013,33.3809,33.1813,33.0023,32.8433,32.7041,32.5844,32.4839,32.4025,32.34,32.2962,32.2711,32.2647,32.277,32.3079,32.3576,32.426,32.5135,32.6201,32.746,32.8915,33.0568,33.2423,33.4482,33.675,33.923,34.1927,34.4846,34.7991,35.137,35.4986,35.8847,36.2959,36.733,37.1967,37.6878,38.2071,38.7555,39.334,39.9435,40.5851,41.2597,41.9686,42.7127,43.4934,44.3119,45.1693,46.0672,47.0067,47.9894,49.0166,50.0898,51.2105,52.3803,53.6009,54.8736,56.2003,57.5827,59.0223,60.5208,62.08,63.7016,65.3871,67.138,68.9559,70.8418,72.7967,74.821,76.9148,79.0772,81.3065,83.5998,85.9526,88.3583,90.8084,93.2913,95.7922,98.2931,100.772,103.201,105.552,107.788,109.873,111.767,113.427,114.814,115.891,116.623,116.986,116.962,116.543,115.734,114.548,113.01,111.15,109.007,106.625,104.047,101.317,98.4803,95.5753,92.6382,89.7009,86.7901,83.9284,81.1337,78.4201,75.798,73.2749,70.8556,68.5429,66.3376,64.2393,62.2464,60.3566,58.5669,56.8738,55.2737,53.7627,52.3369,50.9923,49.7251,48.5315,47.4078,46.3506,45.3564,44.4221,43.5446,42.7211,41.9489,41.2255,40.5485,39.9158,39.3252,38.775,38.2634,37.7887,37.3495,36.9444,36.5723,36.232,35.9227,35.6434,35.3935,35.1723,34.9794,34.8144,34.6771,34.5673,34.4851,34.4307,34.4043,34.4065,34.438,34.4996,34.5926,34.7185,34.879,35.0766,35.3141,35.5951,35.9239,36.3061,36.7483,37.2592,37.8491,38.5313,39.3222,40.2422,41.3164,42.5754,44.0549,45.7946,47.8339,50.2011,52.8937,55.8462,58.8882,61.7168,63.9272,65.1386,65.1749,64.1634,62.463,60.4878,58.5656,56.8888,55.5327,54.4946,53.7273,53.162,52.7226,52.3359,51.9398,51.4902,50.9645,50.3611,49.6954,48.9922,48.2787,47.5798,46.9144,46.2948,45.7274,45.2134,44.7508,44.3349,43.9598,43.6189,43.3055,43.0126,42.734,42.4637,42.1963,41.9268,41.6509,41.3648,41.0655,40.7501,40.4166,40.0634,39.6894,39.294,38.8769,38.4384,37.9791,37.4998,37.0016,36.486,35.9545,35.4089,34.8509,34.2823,33.7052,33.1214,32.5326,31.9408,31.3476,30.7546,
 ,38,100.657,103.005,105.016,106.619,107.751,108.368,108.448,107.998,107.051,105.659,103.889,101.813,99.5018,97.0222,94.4318,91.78,89.107,86.4451,83.8194,81.2488,78.7472,76.3242,73.9865,71.7377,69.5799,67.5132,65.5371,63.6497,61.8491,60.1325,58.4971,56.94,55.4581,54.0483,52.7076,51.4329,50.2215,49.0704,47.9771,46.9389,45.9534,45.0182,44.131,43.2898,42.4925,41.7372,41.022,40.3453,39.7055,39.1009,38.5302,37.992,37.485,37.0081,36.56,36.1398,35.7464,35.3791,35.0369,34.7191,34.4249,34.1537,33.9049,33.678,33.4725,33.288,33.124,32.9803,32.8565,32.7525,32.6679,32.6028,32.5569,32.5302,32.5226,32.5342,32.565,32.6151,32.6845,32.7735,32.8822,33.0108,33.1597,33.329,33.5192,33.7306,33.9635,34.2186,34.4961,34.7967,35.121,35.4694,35.8428,36.2417,36.667,37.1193,37.5996,38.1087,38.6476,39.2172,39.8185,40.4527,41.1209,41.8242,42.5639,43.3413,44.1578,45.0147,45.9135,46.8557,47.8428,48.8765,49.9585,51.0905,52.2741,53.5114,54.8041,56.1543,57.5639,59.035,60.5696,62.1701,63.8385,65.5771,67.3882,69.274,71.2367,73.2784,75.401,77.6059,79.8942,82.2663,84.7218,87.2587,89.8737,92.5612,95.3131,98.118,100.961,103.822,106.676,109.494,112.239,114.871,117.342,119.604,121.604,123.289,124.611,125.526,126,126.008,125.542,124.606,123.216,121.405,119.214,116.694,113.898,110.883,107.706,104.419,101.071,97.7047,94.3566,91.0574,87.8317,84.6986,81.6725,78.7633,75.9776,73.3191,70.7889,68.3863,66.1094,63.955,61.9192,59.9975,58.1853,56.4775,54.8693,53.3554,51.9312,50.5919,49.3329,48.1499,47.0387,45.9954,45.0163,44.0979,43.237,42.4305,41.6756,40.9695,40.3098,39.6944,39.1209,38.5875,38.0924,37.6339,37.2106,36.8211,36.4642,36.1389,35.8441,35.5791,35.3432,35.1358,34.9564,34.805,34.6811,34.5848,34.5162,34.4755,34.4633,34.48,34.5266,34.6042,34.7141,34.858,35.038,35.2569,35.5178,35.8247,36.1825,36.5972,37.0761,37.6285,38.2652,38.9999,39.849,40.8318,41.971,43.2914,44.8181,46.5718,48.5594,50.7604,53.105,55.4542,57.5924,59.2579,60.2203,60.3765,59.8002,58.7063,57.3577,55.9808,54.726,53.667,52.8203,52.1652,51.661,51.2585,50.9085,50.5684,50.2068,49.8056,49.3605,48.878,48.3718,47.8585,47.3541,46.8716,46.4202,46.005,45.6277,45.2872,44.9802,44.7022,44.448,44.2118,43.9879,43.7706,43.5544,43.3344,43.106,42.865,42.6079,42.3316,42.0336,41.712,41.3654,40.9928,40.5938,40.1685,39.7175,39.2415,38.7419,38.2201,37.678,37.1174,36.5404,35.9493,35.3463,34.7335,34.1133,33.4878,32.859,32.2289,31.5994,
 ,37,101.467,103.798,105.796,107.391,108.524,109.152,109.255,108.839,107.934,106.59,104.871,102.844,100.58,98.1409,95.5844,92.9591,90.3047,87.654,85.0323,82.459,79.9488,77.512,75.1557,72.8846,70.7012,68.6064,66.6,64.681,62.8476,61.0976,59.4287,57.8379,56.3227,54.8801,53.5072,52.2013,50.9595,49.7792,48.6576,47.5924,46.5809,45.6209,44.7102,43.8465,43.0279,42.2523,41.518,40.8233,40.1663,39.5455,38.9596,38.407,37.8865,37.3968,36.9367,36.5053,36.1013,35.7241,35.3725,35.046,34.7437,34.4649,34.2091,33.9757,33.7641,33.574,33.405,33.2567,33.1288,33.0211,32.9335,32.8656,32.8175,32.7891,32.7804,32.7913,32.8219,32.8723,32.9427,33.0332,33.144,33.2754,33.4276,33.601,33.796,34.0129,34.2521,34.5143,34.7999,35.1094,35.4435,35.8029,36.1882,36.6003,37.0399,37.5079,38.0053,38.5329,39.0919,39.6832,40.3082,40.9679,41.6636,42.3967,43.1685,43.9805,44.8342,45.7312,46.6731,47.6617,48.6987,49.7861,50.9257,52.1194,53.3695,54.678,56.0472,57.4794,58.977,60.5425,62.1785,63.8878,65.6731,67.5373,69.4834,71.5147,73.6341,75.8448,78.1498,80.5521,83.0541,85.6578,88.3643,91.1735,94.0836,97.0906,100.188,103.364,106.605,109.89,113.191,116.475,119.7,122.817,125.769,128.492,130.922,132.989,134.629,135.783,136.405,136.463,135.942,134.847,133.203,131.05,128.444,125.451,122.141,118.589,114.864,111.032,107.152,103.274,99.4424,95.6897,92.0431,88.5223,85.1413,81.9089,78.83,75.9063,73.1368,70.5189,68.0482,65.7197,63.5274,61.4653,59.5268,57.7055,55.9951,54.3894,52.8823,51.4683,50.1419,48.8979,47.7314,46.638,45.6134,44.6536,43.7549,42.9138,42.1272,41.392,40.7055,40.0652,39.4686,38.9137,38.3984,37.9209,37.4796,37.073,36.6997,36.3586,36.0485,35.7687,35.5183,35.2966,35.1033,34.9378,34.8,34.6898,34.6073,34.5526,34.526,34.5283,34.56,34.6222,34.7161,34.8434,35.0059,35.2059,35.4464,35.7309,36.0636,36.4497,36.8955,37.4086,37.9978,38.674,39.4498,40.3392,41.3579,42.5216,43.844,45.3322,46.9806,48.7602,50.6079,52.4171,54.0404,55.3128,56.0972,56.3337,56.0645,55.4156,54.5497,53.6177,52.7302,51.9513,51.3057,50.7893,50.3813,50.0519,49.7694,49.5055,49.2381,48.9534,48.6464,48.3191,47.9787,47.6349,47.2977,46.9756,46.675,46.3996,46.1505,45.927,45.7264,45.5451,45.3784,45.2214,45.0688,44.9154,44.7562,44.5863,44.4013,44.1973,43.9708,43.7187,43.4387,43.129,42.7883,42.4159,42.0116,41.5758,41.1093,40.6135,40.0898,39.5404,38.9673,38.373,37.76,37.131,36.4886,35.8354,35.1741,34.5071,33.8368,33.1654,32.4951,
 ,36,102.034,104.329,106.297,107.871,108.997,109.635,109.766,109.395,108.549,107.274,105.629,103.677,101.484,99.1099,96.6105,94.0328,91.4163,88.7937,86.1906,83.6272,81.119,78.6771,76.3095,74.0219,71.8175,69.6981,67.6643,65.7156,63.8509,62.0685,60.3664,58.7423,57.1939,55.7183,54.3131,52.9756,51.7031,50.4931,49.3429,48.2502,47.2124,46.2273,45.2926,44.4061,43.5659,42.7698,42.0162,41.3031,40.6288,39.9917,39.3904,38.8233,38.2891,37.7866,37.3144,36.8716,36.4571,36.0698,35.709,35.3736,35.0631,34.7767,34.5138,34.2737,34.0561,33.8604,33.6863,33.5333,33.4012,33.2899,33.199,33.1284,33.078,33.0479,33.0379,33.048,33.0784,33.1292,33.2005,33.2924,33.4054,33.5395,33.6951,33.8726,34.0724,34.2948,34.5405,34.8099,35.1035,35.4221,35.7663,36.1367,36.5343,36.9598,37.4141,37.8982,38.413,38.9597,39.5394,40.1532,40.8024,41.4885,42.2127,42.9765,43.7816,44.6295,45.5219,46.4607,47.4477,48.4848,49.574,50.7176,51.9176,53.1764,54.4965,55.8802,57.3302,58.8493,60.4403,62.1062,63.8502,65.6755,67.5856,69.5844,71.6755,73.8632,76.1516,78.5452,81.0484,83.6658,86.4017,89.2602,92.2445,95.3569,98.5982,101.967,105.458,109.062,112.766,116.549,120.382,124.227,128.036,131.751,135.301,138.607,141.585,144.144,146.199,147.67,148.492,148.621,148.036,146.743,144.775,142.188,139.057,135.468,131.517,127.297,122.898,118.403,113.882,109.396,104.994,100.712,96.579,92.6148,88.8317,85.2364,81.8311,78.6147,75.5832,72.731,70.0511,67.5357,65.1767,62.9655,60.8938,58.9534,57.1364,55.4352,53.8425,52.3515,50.9557,49.6493,48.4266,47.2824,46.2117,45.2101,44.2734,43.3977,42.5794,41.8153,41.1021,40.4371,39.8178,39.2416,38.7064,38.2103,37.7513,37.3279,36.9385,36.5819,36.2569,35.9625,35.6979,35.4622,35.255,35.0758,34.9244,34.8005,34.7042,34.6355,34.5949,34.5828,34.5997,34.6467,34.7249,34.8355,34.9804,35.1615,35.3815,35.6434,35.9507,36.3079,36.72,37.1933,37.7348,38.3525,39.0558,39.8542,40.7579,41.7755,42.9126,44.1681,45.5299,46.9682,48.4306,49.8389,51.0944,52.0938,52.7552,53.0436,52.9829,52.6472,52.1362,51.5483,50.9621,50.429,49.9744,49.6036,49.3081,49.0714,48.8743,48.6985,48.529,48.3556,48.1737,47.9832,47.7875,47.5919,47.4024,47.2244,47.0616,46.9164,46.7893,46.6792,46.5836,46.4991,46.4214,46.3459,46.2675,46.1813,46.0822,45.9655,45.8269,45.6622,45.4681,45.2416,44.9802,44.6823,44.3468,43.9731,43.5613,43.1122,42.6269,42.1072,41.5552,40.9733,40.3642,39.7308,39.0764,38.4039,37.7165,37.0173,36.3094,35.5956,34.8787,34.1611,33.4453,
 ,35,102.415,104.661,106.587,108.133,109.248,109.896,110.06,109.743,108.968,107.778,106.225,104.367,102.265,99.9751,97.5509,95.0374,92.4738,89.8924,87.3193,84.7755,82.2772,79.8366,77.463,75.1628,72.9403,70.7985,68.7386,66.761,64.8654,63.0507,61.3153,59.6575,58.0752,56.5661,55.1279,53.758,52.4541,51.2137,50.0342,48.9133,47.8486,46.8379,45.8787,44.9691,44.1068,43.29,42.5166,41.7849,41.0931,40.4396,39.8227,39.241,38.693,38.1776,37.6933,37.239,36.8138,36.4164,36.0461,35.702,35.3832,35.0891,34.819,34.5723,34.3485,34.1471,33.9678,33.8101,33.6738,33.5586,33.4644,33.391,33.3383,33.3063,33.2949,33.3043,33.3344,33.3855,33.4576,33.551,33.666,33.8028,33.9619,34.1434,34.348,34.5761,34.8282,35.1049,35.4067,35.7345,36.0889,36.4706,36.8807,37.3199,37.7892,38.2896,38.8224,39.3886,39.9894,40.6263,41.3006,42.0138,42.7674,43.5631,44.4026,45.2877,46.2204,47.2026,48.2365,49.3242,50.468,51.6705,52.934,54.2612,55.6549,57.1179,58.6533,60.2644,61.9544,63.7268,65.5856,67.5345,69.578,71.7205,73.967,76.3226,78.7928,81.3838,84.1015,86.9527,89.9438,93.0816,96.3722,99.8212,103.433,107.208,111.147,115.244,119.486,123.854,128.319,132.84,137.362,141.815,146.115,150.161,153.843,157.043,159.644,161.536,162.63,162.862,162.202,160.658,158.275,155.13,151.325,146.98,142.218,137.165,131.934,126.628,121.334,116.121,111.045,106.147,101.453,96.9831,92.7459,88.7446,84.9776,81.4395,78.1223,75.0166,72.1119,69.3971,66.861,64.4927,62.2813,60.2167,58.2889,56.4889,54.808,53.238,51.7716,50.4017,49.122,47.9264,46.8093,45.7659,44.7912,43.881,43.0313,42.2384,41.4989,40.8097,40.1679,39.5709,39.0163,38.5019,38.0256,37.5858,37.1808,36.8091,36.4695,36.1608,35.8822,35.6328,35.412,35.2193,35.0544,34.917,34.807,34.7247,34.6701,34.6437,34.6461,34.678,34.7404,34.8345,34.9619,35.1242,35.3238,35.5631,35.8452,36.1736,36.5524,36.9865,37.4812,38.0425,38.6766,39.3898,40.1879,41.0746,42.0505,43.11,44.2387,45.4101,46.5828,47.701,48.6989,49.5116,50.0896,50.4119,50.492,50.374,50.1191,49.7911,49.4445,49.1185,48.836,48.6061,48.4275,48.2924,48.1898,48.1085,48.0386,47.973,47.9079,47.8421,47.7771,47.7155,47.6606,47.6151,47.5813,47.5599,47.5507,47.5522,47.5615,47.5751,47.5889,47.598,47.5976,47.5823,47.5473,47.4876,47.3985,47.2761,47.1167,46.9171,46.6751,46.389,46.0576,45.6809,45.2591,44.7933,44.2852,43.7371,43.1514,42.5314,41.8803,41.2018,40.4994,39.7769,39.0381,38.2866,37.5258,36.7592,35.9897,35.2204,34.4538,
 ,34,102.672,104.863,106.744,108.26,109.364,110.025,110.226,109.97,109.276,108.182,106.732,104.981,102.983,100.791,98.4539,96.0161,93.5156,90.9841,88.4485,85.9303,83.4466,81.011,78.6338,76.3227,74.0832,71.9192,69.833,67.8261,65.8987,64.0506,62.2807,60.588,58.9706,57.4267,55.9542,54.5508,53.2144,51.9425,50.7328,49.5829,48.4905,47.4534,46.4692,45.5358,44.6511,43.813,43.0196,42.269,41.5595,40.8892,40.2566,39.6601,39.0982,38.5697,38.0732,37.6075,37.1714,36.764,36.3842,36.0311,35.7041,35.4022,35.1248,34.8714,34.6413,34.4342,34.2495,34.087,33.9464,33.8274,33.7297,33.6534,33.5983,33.5643,33.5515,33.56,33.5898,33.641,33.7139,33.8087,33.9257,34.0652,34.2276,34.4133,34.6227,34.8564,35.1149,35.399,35.7091,36.0462,36.4109,36.8041,37.2268,37.6799,38.1645,38.6817,39.2327,39.8188,40.4414,41.102,41.802,42.5431,43.327,44.1555,45.0306,45.9543,46.9287,47.9561,49.0388,50.1793,51.3802,52.6442,53.9742,55.3732,56.8444,58.391,60.0165,61.7248,63.5196,65.4051,67.3858,69.4663,71.6518,73.9479,76.3604,78.8959,81.5615,84.3648,87.314,90.4182,93.6868,97.1296,100.757,104.577,108.601,112.834,117.28,121.94,126.805,131.86,137.077,142.412,147.805,153.175,158.418,163.409,168.004,172.045,175.372,177.833,179.3,179.681,178.932,177.065,174.14,170.268,165.591,160.271,154.479,148.376,142.111,135.811,129.581,123.501,117.631,112.014,106.676,101.63,96.8821,92.4288,88.2626,84.3727,80.7458,77.3673,74.2224,71.296,68.5734,66.0402,63.6832,61.4896,59.4476,57.546,55.7748,54.1245,52.5863,51.1522,49.815,48.5678,47.4044,46.3192,45.3068,44.3625,43.4818,42.6606,41.8953,41.1824,40.5187,39.9015,39.3279,38.7958,38.3028,37.847,37.4267,37.0403,36.6864,36.3639,36.0716,35.8087,35.5746,35.3686,35.1903,35.0396,34.9162,34.8202,34.7518,34.7113,34.6992,34.7161,34.763,34.8408,34.9508,35.0946,35.274,35.4911,35.7483,36.0486,36.3951,36.7915,37.2416,37.7497,38.3197,38.9554,39.6594,40.4325,41.2722,42.171,43.1152,44.0823,45.0408,45.9515,46.7704,47.4563,47.9786,48.3241,48.501,48.5355,48.4658,48.3332,48.1752,48.0208,47.8891,47.7901,47.7262,47.6948,47.6903,47.7062,47.7364,47.7762,47.8225,47.874,47.9309,47.9942,48.0653,48.1454,48.2351,48.3341,48.4411,48.5541,48.6699,48.7844,48.8933,48.9914,49.0736,49.1342,49.168,49.1697,49.1343,49.0575,48.9354,48.7647,48.5429,48.2684,47.9401,47.5582,47.1233,46.637,46.1013,45.5191,44.8937,44.229,43.5289,42.7978,42.04,41.2601,40.4624,39.6511,38.8303,38.0039,37.1754,36.3479,35.5246,
 ,33,102.877,105.014,106.851,108.339,109.438,110.116,110.36,110.17,109.563,108.57,107.231,105.593,103.706,101.618,99.3744,97.0179,94.585,92.1075,89.6122,87.1215,84.6537,82.2234,79.8422,77.5192,75.2613,73.0734,70.959,68.9206,66.9592,65.0754,63.2689,61.5389,59.8844,58.3037,56.7951,55.3566,53.986,52.6813,51.4401,50.2601,49.1391,48.0747,47.0647,46.1069,45.1991,44.3393,43.5254,42.7556,42.028,41.3407,40.6922,40.0807,39.5049,38.9632,38.4543,37.977,37.5301,37.1124,36.7231,36.3611,36.0257,35.716,35.4313,35.171,34.9346,34.7216,34.5316,34.3642,34.2191,34.096,33.9949,33.9155,33.8579,33.8218,33.8075,33.8149,33.8442,33.8956,33.9692,34.0653,34.1842,34.3264,34.492,34.6817,34.896,35.1353,35.4003,35.6917,36.0102,36.3566,36.7318,37.1366,37.5721,38.0393,38.5394,39.0736,39.6433,40.2498,40.8947,41.5794,42.3058,43.0756,43.8906,44.753,45.6649,46.6284,47.6461,48.7203,49.8538,51.0492,52.3096,53.638,55.0377,56.512,58.0645,59.6991,61.4198,63.2307,65.1364,67.1417,69.2518,71.4722,73.8089,76.2686,78.8585,81.5864,84.4611,87.4923,90.6906,94.0677,97.6366,101.411,105.405,109.635,114.115,118.859,123.878,129.18,134.764,140.623,146.731,153.047,159.507,166.018,172.454,178.66,184.447,189.604,193.908,197.145,199.13,199.728,198.874,196.581,192.939,188.105,182.281,175.695,168.578,161.146,153.59,146.067,138.701,131.585,124.781,118.329,112.251,106.554,101.233,96.2792,91.6753,87.403,83.4423,79.7724,76.3726,73.2231,70.305,67.6003,65.0925,62.766,60.6067,58.6016,56.7386,55.0068,53.3962,51.8977,50.503,49.2044,47.995,46.8684,45.8188,44.8409,43.9298,43.0811,42.2907,41.5547,40.8699,40.233,39.6412,39.092,38.5828,38.1117,37.6766,37.276,36.9083,36.5722,36.2665,35.9905,35.7432,35.5241,35.3327,35.1687,35.032,34.9225,34.8403,34.7858,34.7594,34.7615,34.793,34.8546,34.9476,35.0732,35.2328,35.4282,35.6614,35.9346,36.2503,36.611,37.0195,37.4786,37.9906,38.5574,39.1796,39.8562,40.5832,41.3531,42.1533,42.966,43.7677,44.5306,45.2255,45.8256,46.3115,46.675,46.9206,47.0647,47.1312,47.1472,47.1383,47.1259,47.1252,47.1455,47.1908,47.2616,47.3556,47.4695,47.5997,47.7431,47.8977,48.0621,48.2358,48.4189,48.6115,48.8135,49.0244,49.2429,49.467,49.6936,49.9191,50.139,50.3481,50.541,50.7117,50.8543,50.9629,51.0315,51.0548,51.0278,50.9462,50.8066,50.6061,50.3431,50.0167,49.6271,49.1754,48.6636,48.0946,47.4718,46.7994,46.0821,45.3247,44.5324,43.7106,42.8644,41.9991,41.1196,40.2306,39.3365,38.4413,37.5486,36.6618,
 ,32,103.098,105.188,106.991,108.46,109.56,110.263,110.555,110.436,109.919,109.03,107.803,106.28,104.504,102.521,100.371,98.0956,95.7297,93.3049,90.8481,88.3826,85.9277,83.4994,81.1107,78.772,76.4916,74.2757,72.1291,70.0551,68.0559,66.1328,64.2862,62.5159,60.8212,59.201,57.6538,56.1778,54.7712,53.4319,52.1576,50.9461,49.7951,48.7024,47.6656,46.6826,45.7511,44.869,44.0343,43.2448,42.4988,41.7943,41.1296,40.503,39.913,39.358,38.8367,38.3478,37.8899,37.462,37.0631,36.6921,36.3481,36.0305,35.7384,35.4713,35.2284,35.0095,34.814,34.6415,34.4918,34.3646,34.2599,34.1773,34.1169,34.0787,34.0627,34.069,34.0977,34.1491,34.2232,34.3206,34.4413,34.586,34.7549,34.9486,35.1676,35.4125,35.684,35.9828,36.3096,36.6654,37.0511,37.4676,37.916,38.3976,38.9134,39.4649,40.0536,40.6808,41.3483,42.0578,42.8112,43.6103,44.4575,45.3547,46.3044,47.3091,48.3714,49.4942,50.6803,51.933,53.2554,54.651,56.1235,57.6767,59.3148,61.0419,62.8627,64.7821,66.8051,68.9373,71.1846,73.5536,76.0511,78.6851,81.4639,84.3972,87.4954,90.7705,94.2358,97.9063,101.799,105.932,110.326,115.002,119.984,125.295,130.956,136.987,143.398,150.192,157.356,164.853,172.619,180.552,188.505,196.283,203.641,210.293,215.93,220.242,222.957,223.873,222.891,220.028,215.418,209.289,201.937,193.684,184.849,175.721,166.544,157.512,148.77,140.416,132.514,125.097,118.175,111.743,105.786,100.28,95.1997,90.515,86.1973,82.2181,78.5499,75.1672,72.0459,69.164,66.5011,64.0388,61.7602,59.6501,57.6945,55.8808,54.1978,52.635,51.1832,49.8337,48.5788,47.4116,46.3256,45.315,44.3744,43.499,42.6844,41.9263,41.2212,40.5656,39.9563,39.3907,38.8661,38.3803,37.9311,37.5167,37.1356,36.7863,36.4677,36.1786,35.9184,35.6864,35.4819,35.3048,35.1548,35.0319,34.9362,34.8677,34.827,34.8145,34.8307,34.8765,34.9527,35.0605,35.2009,35.3754,35.5855,35.833,36.1196,36.4471,36.8174,37.2322,37.6926,38.1993,38.7518,39.3478,39.9832,40.6507,41.34,42.037,42.7244,43.3826,43.9917,44.5343,44.9977,45.3767,45.6739,45.8996,46.0693,46.2008,46.312,46.4182,46.5315,46.6599,46.8082,46.9781,47.1694,47.3809,47.6108,47.8571,48.1184,48.3936,48.6819,48.9827,49.2953,49.6187,49.9514,50.2912,50.6352,50.9798,51.3204,51.6517,51.9681,52.2631,52.5301,52.7624,52.953,53.0954,53.1835,53.2115,53.1745,53.0687,52.8909,52.6393,52.3132,51.9129,51.44,50.8972,50.2879,49.6167,48.8885,48.1092,47.2846,46.4211,45.5249,44.6022,43.6593,42.7017,41.7349,40.7641,39.7936,38.8277,37.87,
 ,31,103.406,105.463,107.244,108.707,109.819,110.556,110.903,110.858,110.433,109.647,108.531,107.119,105.451,103.567,101.506,99.3057,97.0007,94.622,92.197,89.7497,87.3006,84.867,82.4636,80.1021,77.7923,75.5419,73.3567,71.2412,69.1987,67.231,65.3395,63.5245,61.7857,60.1225,58.5335,57.0173,55.5721,54.1959,52.8866,51.6419,50.4596,49.3373,48.2727,47.2636,46.3076,45.4026,44.5463,43.7368,42.972,42.25,41.5689,40.9271,40.3227,39.7544,39.2205,38.7198,38.251,37.8128,37.4041,37.0241,36.6716,36.346,36.0464,35.7723,35.5229,35.2979,35.0967,34.9191,34.7646,34.6332,34.5246,34.4387,34.3755,34.3349,34.3171,34.3221,34.3501,34.4012,34.4759,34.5743,34.6968,34.8438,35.0159,35.2135,35.4372,35.6876,35.9655,36.2717,36.6069,36.9721,37.3683,37.7966,38.2581,38.754,39.2858,39.8548,40.4627,41.1111,41.8016,42.5364,43.3173,44.1465,45.0264,45.9594,46.9481,47.9952,49.1037,50.2767,51.5175,52.8295,54.2164,55.6821,57.2308,58.8667,60.5945,62.4189,64.3453,66.379,68.5259,70.7924,73.1853,75.7119,78.3804,81.1997,84.1798,87.3319,90.6684,94.2039,97.9546,101.939,106.179,110.698,115.523,120.685,126.216,132.152,138.528,145.378,152.733,160.612,169.019,177.933,187.297,197.005,206.891,216.715,226.162,234.843,242.32,248.143,251.903,253.29,252.15,248.506,242.561,234.662,225.243,214.77,203.686,192.379,181.16,170.264,159.853,150.027,140.84,132.31,124.431,117.178,110.517,104.41,98.8144,93.6886,88.9925,84.688,80.7398,77.1152,73.7846,70.7211,67.9003,65.3002,62.9012,60.6855,58.6372,56.742,54.987,53.3607,51.8525,50.4531,49.1538,47.9471,46.8258,45.7836,44.8147,43.9137,43.0759,42.2969,41.5725,40.8991,40.2735,39.6924,39.1532,38.6533,38.1906,37.7632,37.3691,37.0071,36.6758,36.3741,36.1011,35.8562,35.6389,35.4487,35.2855,35.1491,35.0397,34.9574,34.9025,34.8754,34.8766,34.9067,34.9665,35.0569,35.1788,35.3333,35.5215,35.7447,36.0043,36.3014,36.6371,37.0124,37.4277,37.8827,38.3764,38.9061,39.4678,40.0551,40.6596,41.2704,41.8748,42.459,43.0094,43.5144,43.9655,44.3594,44.6978,44.9873,45.2381,45.4623,45.6724,45.8796,46.0934,46.3206,46.5657,46.8313,47.1183,47.4268,47.7561,48.1052,48.4732,48.8591,49.2621,49.681,50.1147,50.5614,51.0189,51.4842,51.9536,52.4225,52.8857,53.337,53.7696,54.1763,54.5493,54.8806,55.1626,55.3873,55.5477,55.6371,55.6498,55.5813,55.4279,55.1877,54.86,54.4454,53.946,53.3651,52.7074,51.9782,51.1839,50.3313,49.4279,48.4811,47.4984,46.4873,45.4548,44.4078,43.3524,42.2944,41.239,40.1907,39.1536,
 ,30,103.866,105.909,107.686,109.159,110.299,111.08,111.49,111.525,111.192,110.507,109.496,108.189,106.62,104.826,102.843,100.707,98.4516,96.1073,93.7022,91.2612,88.8063,86.3561,83.9269,81.5321,79.1829,76.8885,74.6559,72.4909,70.3975,68.3785,66.436,64.5708,62.7829,61.0722,59.4376,57.8777,56.3909,54.9752,53.6285,52.3487,51.1333,49.98,48.8864,47.8501,46.8688,45.9401,45.0618,44.2318,43.4478,42.708,42.0103,41.3529,40.7341,40.1523,39.6059,39.0934,38.6134,38.1649,37.7465,37.3573,36.9963,36.6626,36.3554,36.0741,35.8181,35.5869,35.3799,35.1969,35.0376,34.9017,34.7891,34.6997,34.6335,34.5904,34.5706,34.5741,34.6012,34.652,34.7269,34.8262,34.9503,35.0996,35.2747,35.4761,35.7044,35.9603,36.2445,36.558,36.9015,37.2761,37.6829,38.123,38.5976,39.1081,39.6559,40.2426,40.87,41.5397,42.2537,43.0141,43.8231,44.6831,45.5965,46.5662,47.5948,48.6856,49.8417,51.0665,52.3638,53.7375,55.1915,56.7302,58.3584,60.0808,61.9026,63.8293,65.8668,68.0211,70.2991,72.7077,75.2548,77.9488,80.7989,83.8153,87.0095,90.3945,93.9849,97.7977,101.853,106.172,110.782,115.714,121.002,126.687,132.813,139.431,146.596,154.362,162.784,171.911,181.774,192.379,203.691,215.614,227.968,240.469,252.712,264.174,274.231,282.214,287.496,289.592,288.252,283.512,275.689,265.318,253.06,239.593,225.541,211.421,197.625,184.427,171.997,160.426,149.746,139.945,130.989,122.825,115.395,108.638,102.491,96.8986,91.8055,87.1626,82.925,79.0522,75.5081,72.2604,69.2801,66.5417,64.0222,61.7015,59.5613,57.5856,55.7598,54.0712,52.508,51.06,49.7178,48.473,47.3178,46.2454,45.2496,44.3245,43.4649,42.6662,41.9239,41.234,40.5929,39.9975,39.4446,38.9317,38.4563,38.0163,37.6099,37.2356,36.8919,36.5777,36.2922,36.0345,35.8043,35.601,35.4245,35.2747,35.1516,35.0554,34.9863,34.9447,34.931,34.9457,34.9895,35.063,35.167,35.3023,35.4699,35.6706,35.9052,36.1746,36.4794,36.8199,37.1962,37.6074,38.0521,38.5279,39.0309,39.5558,40.0959,40.643,41.1876,41.7201,42.2311,42.7126,43.1592,43.5687,43.9421,44.2841,44.6015,44.9028,45.1969,45.4922,45.7961,46.1143,46.4511,46.8094,47.1907,47.5958,48.0248,48.4774,48.9532,49.4513,49.9709,50.5106,51.0687,51.6431,52.2308,52.8281,53.4307,54.033,54.6287,55.2107,55.7711,56.3012,56.7922,57.2347,57.6193,57.937,58.1792,58.338,58.4067,58.3797,58.2531,58.0243,57.6928,57.2595,56.7271,56.0999,55.3836,54.585,53.7118,52.7727,51.7764,50.732,49.6486,48.5348,47.3992,46.2495,45.0929,43.9359,42.7844,41.6434,40.5174,
 ,29,104.543,106.595,108.39,109.895,111.078,111.919,112.401,112.52,112.28,111.694,110.782,109.569,108.088,106.37,104.45,102.362,100.139,97.812,95.4098,92.9583,90.481,87.9983,85.5282,83.0858,80.6839,78.333,76.0417,73.8166,71.6628,69.5841,67.5829,65.6606,63.8177,62.0542,60.3692,58.7615,57.2296,55.7714,54.3848,53.0675,51.8171,50.6312,49.5072,48.4426,47.4349,46.4818,45.5809,44.7298,43.9263,43.1683,42.4538,41.7808,41.1474,40.552,39.9929,39.4685,38.9775,38.5185,38.0904,37.692,37.3223,36.9804,36.6656,36.377,36.1143,35.8766,35.6637,35.4752,35.3108,35.1703,35.0535,34.9604,34.8909,34.8451,34.823,34.8248,34.8508,34.9011,34.9761,35.0762,35.2017,35.3531,35.5311,35.7361,35.9688,36.23,36.5205,36.8412,37.193,37.577,37.9943,38.4462,38.9339,39.459,40.023,40.6276,41.2745,41.9659,42.7036,43.4901,44.3277,45.2189,46.1666,47.1737,48.2434,49.3789,50.584,51.8623,53.2181,54.6555,56.1792,57.794,59.5051,61.3179,63.2382,65.2723,67.4267,69.7083,72.1246,74.6838,77.3944,80.266,83.309,86.535,89.957,93.5897,97.4501,101.558,105.936,110.611,115.615,120.986,126.767,133.01,139.776,147.132,155.157,163.933,173.551,184.097,195.648,208.256,221.93,236.606,252.109,268.12,284.137,299.452,313.174,324.299,331.843,335.023,333.425,327.103,316.572,302.686,286.464,268.916,250.917,233.153,216.105,200.073,185.217,171.595,159.192,147.954,137.799,128.638,120.376,112.924,106.196,100.115,94.6101,89.6191,85.086,80.9615,77.2021,73.7696,70.6302,67.7543,65.1157,62.6915,60.4611,58.4066,56.5119,54.7628,53.1466,51.6519,50.2686,48.9874,47.8002,46.6995,45.6784,44.7308,43.8511,43.0342,42.2754,41.5705,40.9154,40.3068,39.7414,39.2164,38.7291,38.2774,37.8593,37.473,37.1173,36.7909,36.4928,36.2225,35.9792,35.7627,35.5728,35.4094,35.2725,35.1622,35.0789,35.0228,34.9943,34.9938,35.0218,35.079,35.1658,35.283,35.4311,35.6109,35.8228,36.0672,36.3446,36.6548,36.9976,37.372,37.7765,38.2087,38.6654,39.1423,39.634,40.1343,40.6365,41.1335,41.619,42.0876,42.5356,42.9618,43.3669,43.7543,44.1289,44.4968,44.8646,45.2388,45.6252,46.0287,46.4533,46.9019,47.3764,47.8782,48.4079,48.9657,49.5515,50.1648,50.8046,51.4695,52.1575,52.8661,53.5918,54.3303,55.0762,55.8233,56.5642,57.2906,57.993,58.6616,59.2856,59.8539,60.3554,60.7793,61.115,61.3533,61.4858,61.506,61.4089,61.1917,60.8537,60.3963,59.8231,59.1393,58.3522,57.4703,56.5031,55.4611,54.3552,53.1962,51.995,50.762,49.5071,48.2393,46.9669,45.6973,44.4371,43.1918,41.9663,
 ,28,105.498,107.586,109.426,110.986,112.235,113.152,113.718,113.929,113.784,113.293,112.471,111.342,109.932,108.273,106.396,104.335,102.122,99.7903,97.3683,94.8841,92.3629,89.8271,87.2966,84.7882,82.3165,79.8936,77.5292,75.2312,73.0054,70.8565,68.7874,66.7999,64.8948,63.0722,61.3314,59.6712,58.0901,56.5858,55.1563,53.799,52.5115,51.2912,50.1352,49.0411,48.0062,47.0279,46.1036,45.2309,44.4075,43.6311,42.8995,42.2107,41.5627,40.9536,40.3817,39.8455,39.3434,38.874,38.436,38.0283,37.6499,37.2998,36.9772,36.6813,36.4115,36.1673,35.9483,35.7541,35.5844,35.439,35.3178,35.2207,35.1477,35.0989,35.0743,35.0742,35.0989,35.1484,35.2233,35.3239,35.4506,35.604,35.7846,35.9931,36.2301,36.4966,36.7932,37.121,37.4809,37.8742,38.302,38.7656,39.2664,39.8061,40.3863,41.0088,41.6755,42.3887,43.1504,43.9633,44.8298,45.7528,46.7354,47.7808,48.8923,50.0738,51.3291,52.6626,54.0786,55.582,57.1779,58.8717,60.6692,62.5765,64.6,66.7468,69.0242,71.44,74.0026,76.721,79.6051,82.6653,85.9135,89.3624,93.0269,96.9233,101.071,105.492,110.213,115.265,120.686,126.52,132.822,139.657,147.101,155.246,164.196,174.072,185.009,197.148,210.631,225.584,242.094,260.166,279.673,300.289,321.415,342.117,361.123,376.902,387.88,392.75,390.805,382.134,367.602,348.614,326.778,303.61,280.341,257.856,236.717,217.22,199.474,183.465,169.102,156.258,144.789,134.55,125.402,117.219,109.886,103.301,97.3759,92.032,87.2013,82.8248,78.8511,75.2356,71.9393,68.9285,66.1735,63.6484,61.3306,59.1999,57.2389,55.4319,53.7651,52.2261,50.8039,49.4887,48.2716,47.1445,46.1003,45.1322,44.2343,43.4012,42.6277,41.9093,41.2418,40.6215,40.0448,39.5088,39.0107,38.548,38.1187,37.7211,37.3536,37.0151,36.7046,36.4214,36.165,35.9351,35.7315,35.5541,35.4032,35.2787,35.1809,35.1102,35.0668,35.0513,35.0639,35.1052,35.1755,35.2755,35.4054,35.5658,35.757,35.9792,36.2324,36.5164,36.8308,37.1745,37.5462,37.9436,38.3642,38.8044,39.2601,39.7268,40.1994,40.6732,41.1436,41.607,42.0613,42.5055,42.9407,43.3694,43.7951,44.2227,44.6572,45.1038,45.5673,46.0521,46.5617,47.0991,47.6666,48.2658,48.8979,49.5635,50.2627,50.9953,51.7605,52.5568,53.3822,54.2337,55.1075,55.9986,56.901,57.8073,58.7091,59.5966,60.459,61.2842,62.0597,62.7721,63.4082,63.9547,64.3988,64.7291,64.9354,65.0096,64.9458,64.7405,64.3929,63.9049,63.2811,62.5282,61.6552,60.6729,59.5931,58.4287,57.1928,55.8989,54.5597,53.1878,51.7946,50.3908,48.9859,47.5881,46.2047,44.842,43.5049,
 ,27,106.788,108.945,110.863,112.507,113.847,114.86,115.527,115.838,115.791,115.391,114.652,113.592,112.237,110.614,108.756,106.695,104.466,102.1,99.6296,97.0846,94.4924,91.8776,89.2622,86.6651,84.1027,81.5886,79.1339,76.7473,74.4358,72.2044,70.0565,67.9942,66.0186,64.1298,62.327,60.609,58.974,57.4198,55.944,54.544,53.2171,51.9603,50.7709,49.6459,48.5827,47.5782,46.63,45.7352,44.8915,44.0964,43.3475,42.6428,41.98,41.3572,40.7726,40.2245,39.7113,39.2314,38.7836,38.3667,37.9794,37.621,37.2904,36.987,36.7101,36.4593,36.2339,36.0337,35.8584,35.7079,35.582,35.4806,35.4038,35.3518,35.3245,35.3222,35.3452,35.3938,35.4683,35.5692,35.6969,35.852,36.0351,36.2468,36.488,36.7594,37.062,37.3967,37.7647,38.1671,38.6052,39.0805,39.5944,40.1487,40.7451,41.3855,42.0721,42.8071,43.5931,44.4325,45.3284,46.2837,47.3016,48.3859,49.5402,50.7686,52.0755,53.4655,54.9437,56.5152,58.1859,59.9617,61.8491,63.8549,65.9864,68.2515,70.6582,73.2155,75.9327,78.82,81.8881,85.1489,88.6154,92.302,96.2247,100.402,104.855,109.609,114.693,120.144,126.004,132.326,139.175,146.629,154.785,163.759,173.69,184.743,197.109,211.003,226.659,244.314,264.179,286.391,310.944,337.571,365.618,393.898,420.612,443.411,459.715,467.281,464.853,452.584,431.988,405.448,375.559,344.605,314.292,285.719,259.478,235.793,214.652,195.909,179.352,164.747,151.861,140.478,130.403,121.464,113.512,106.417,100.069,94.3731,89.2474,84.6225,80.4387,76.6446,73.1959,70.0545,67.1872,64.5653,62.1637,59.9606,57.9366,56.0748,54.3604,52.7799,51.3217,49.9751,48.7306,47.5797,46.5147,45.5285,44.6147,43.7674,42.9812,42.2514,41.5733,40.9429,40.3565,39.8108,39.3029,38.8302,38.3905,37.9819,37.6029,37.2524,36.9293,36.6331,36.3632,36.1195,35.9017,35.71,35.5445,35.4054,35.293,35.2074,35.1492,35.1186,35.116,35.1417,35.1963,35.2798,35.3928,35.5354,35.7078,35.9101,36.1421,36.4037,36.6941,37.0125,37.3576,37.7276,38.1202,38.5329,38.9624,39.4054,39.8584,40.318,40.7811,41.2455,41.7098,42.1738,42.6384,43.1059,43.5791,44.0619,44.5586,45.0733,45.6104,46.1737,46.7667,47.3924,48.0533,48.7514,49.4883,50.265,51.0821,51.9395,52.8367,53.7725,54.7445,55.7499,56.7843,57.8422,58.9169,60.0001,61.0821,62.1513,63.1952,64.1997,65.1496,66.0289,66.8215,67.5111,68.0821,68.5202,68.813,68.9502,68.9244,68.7314,68.3704,67.8437,67.1572,66.3196,65.3422,64.2385,63.0233,61.7125,60.3222,58.8687,57.3676,55.8334,54.2798,52.7191,51.162,49.6181,48.0952,46.6001,45.1382,
 ,26,108.472,110.738,112.77,114.533,115.994,117.128,117.914,118.338,118.394,118.085,117.419,116.414,115.092,113.48,111.612,109.519,107.238,104.803,102.249,99.609,96.9124,94.1868,91.4568,88.7435,86.0652,83.437,80.8712,78.3778,75.9642,73.6359,71.3967,69.2488,67.1933,65.2301,63.3584,61.5765,59.8827,58.2743,56.7486,55.3029,53.934,52.6388,51.4141,50.257,49.1642,48.1328,47.1599,46.2426,45.3782,44.5641,43.7979,43.0771,42.3995,41.7631,41.1658,40.6058,40.0815,39.5912,39.1336,38.7073,38.3113,37.9444,37.6058,37.2947,37.0105,36.7526,36.5207,36.3143,36.1331,35.9772,35.8462,35.7403,35.6594,35.6038,35.5734,35.5687,35.5898,35.637,35.7109,35.8118,35.9402,36.0968,36.2821,36.4969,36.742,37.0182,37.3265,37.668,38.0438,38.4552,38.9036,39.3904,39.9172,40.486,41.0985,41.7568,42.4633,43.2203,44.0305,44.8967,45.8221,46.81,47.8638,48.9876,50.1854,51.4617,52.8213,54.2693,55.8113,57.453,59.201,61.0618,63.0426,65.1512,67.3956,69.7847,72.3275,75.034,77.9148,80.9809,84.2447,87.7191,91.4184,95.3586,99.5571,104.034,108.813,113.921,119.391,125.263,131.584,138.417,145.835,153.933,162.825,172.658,183.608,195.893,209.773,225.557,243.601,264.297,288.047,315.214,346.024,380.409,417.778,456.726,494.774,528.323,553.071,565.038,561.907,543.957,513.947,476.045,434.505,392.753,353.081,316.743,284.236,255.578,230.528,208.721,189.762,173.267,158.889,146.319,135.295,125.591,117.019,109.418,102.653,96.6123,91.1996,86.3343,81.948,77.9825,74.3882,71.1224,68.1486,65.4351,62.9547,60.6834,58.6006,56.688,54.9295,53.311,51.8199,50.445,49.1761,48.0043,46.9212,45.9195,44.9924,44.1335,43.3371,42.5981,41.9115,41.273,40.6786,40.1247,39.6083,39.1265,38.677,38.258,37.8677,37.5051,37.1693,36.8596,36.5757,36.3175,36.085,35.8784,35.6977,35.5434,35.4158,35.3151,35.2417,35.196,35.1783,35.1888,35.228,35.296,35.393,35.5191,35.6746,35.8592,36.0728,36.3151,36.5855,36.8832,37.207,37.5555,37.927,38.3194,38.7304,39.1576,39.5985,40.0509,40.5127,40.9828,41.4603,41.9457,42.4399,42.9449,43.4634,43.9988,44.5547,45.1349,45.7433,46.3836,47.0593,47.7736,48.5291,49.3283,50.1732,51.0654,52.0057,52.9947,54.032,55.1168,56.2468,57.419,58.629,59.8709,61.1372,62.4185,63.7037,64.9799,66.2319,67.4432,68.5958,69.6702,70.6466,71.5051,72.2263,72.7924,73.1876,73.3991,73.4176,73.2377,72.8584,72.2829,71.5187,70.5769,69.472,68.2209,66.8422,65.3556,63.7811,62.1385,60.4463,58.7222,56.982,55.24,53.5083,51.7976,50.1166,48.4725,46.8708,
 ,25,110.61,113.03,115.22,117.142,118.762,120.049,120.978,121.532,121.7,121.48,120.879,119.911,118.598,116.967,115.052,112.889,110.514,107.968,105.288,102.51,99.6686,96.7939,93.9134,91.0509,88.2267,85.4573,82.7565,80.1348,77.6004,75.1589,72.8142,70.5684,68.4224,66.3758,64.4273,62.5752,60.817,59.1498,57.5704,56.0757,54.6622,53.3263,52.0647,50.8739,49.7506,48.6915,47.6932,46.7529,45.8676,45.0343,44.2506,43.5138,42.8215,42.1714,41.5615,40.9898,40.4544,39.9538,39.4863,39.0508,38.6458,38.2704,37.9236,37.6047,37.313,37.0479,36.809,36.5961,36.4088,36.247,36.1107,35.9998,35.9145,35.8549,35.8211,35.8135,35.8323,35.878,35.9509,36.0515,36.1803,36.338,36.5253,36.7429,36.9916,37.2724,37.5863,37.9343,38.3178,38.738,39.1963,39.6944,40.2341,40.8172,41.4456,42.1218,42.848,43.627,44.4615,45.3546,46.3097,47.3304,48.4205,49.5843,50.8262,52.1512,53.5645,55.0718,56.6793,58.3932,60.2208,62.1696,64.2474,66.463,68.8254,71.3443,74.0303,76.8942,79.948,83.2041,86.676,90.3782,94.3265,98.5381,103.032,107.83,112.958,118.444,124.324,130.641,137.448,144.814,152.821,161.579,171.224,181.93,193.916,207.457,222.897,240.655,261.242,285.257,313.374,346.304,384.683,428.872,478.602,532.442,587.166,637.338,675.708,695.015,690.813,663.636,618.721,563.553,505.15,448.552,396.633,350.592,310.575,276.173,246.747,221.604,200.09,181.626,165.719,151.952,139.982,129.524,120.346,112.254,105.089,98.7183,93.0324,87.9393,83.3619,79.2353,75.5044,72.1224,69.0494,66.2509,63.6975,61.3636,59.2268,57.2678,55.4695,53.8169,52.2967,50.8969,49.6071,48.4175,47.3197,46.3056,45.368,44.5004,43.6967,42.9511,42.2584,41.6141,41.0138,40.4535,39.93,39.4402,38.9818,38.5526,38.1512,37.7764,37.4273,37.1035,36.8049,36.5314,36.2832,36.0606,35.864,35.6937,35.5501,35.4337,35.3448,35.2838,35.2509,35.2465,35.2707,35.3237,35.4057,35.5167,35.6567,35.8257,36.0233,36.2492,36.503,36.7838,37.0908,37.4228,37.7786,38.1566,38.5552,38.9726,39.4074,39.8579,40.3232,40.8027,41.2962,41.8044,42.3286,42.8708,43.4336,44.0199,44.6334,45.2775,45.9561,46.6729,47.4315,48.2352,49.0872,49.9904,50.9473,51.9599,53.0299,54.1583,55.3452,56.5902,57.8914,59.2459,60.6493,62.0953,63.5759,65.0807,66.5972,68.1105,69.603,71.055,72.4451,73.7495,74.9441,76.0039,76.905,77.6246,78.1428,78.4432,78.514,78.3482,77.9446,77.3076,76.4467,75.3762,74.1147,72.6837,71.1066,69.4082,67.613,65.7452,63.8274,61.8803,59.9226,57.9706,56.0383,54.1373,52.2771,50.465,48.7068,
 ,24,113.263,115.89,118.291,120.423,122.246,123.725,124.829,125.535,125.827,125.698,125.153,124.204,122.871,121.185,119.181,116.899,114.381,111.671,108.812,105.846,102.81,99.7402,96.6666,93.6159,90.6104,87.6685,84.8047,82.0303,79.3536,76.7803,74.3141,71.9568,69.7086,67.5687,65.5352,63.6058,61.7773,60.0463,58.4093,56.8622,55.4013,54.0227,52.7224,51.4966,50.3416,49.2538,48.2297,47.266,46.3594,45.507,44.7057,43.9529,43.2459,42.5824,41.96,41.3767,40.8304,40.3196,39.8424,39.3975,38.9836,38.5995,38.2444,37.9175,37.618,37.3454,37.0993,36.8794,36.6856,36.5176,36.3755,36.2592,36.1691,36.1051,36.0675,36.0566,36.0729,36.1165,36.188,36.288,36.417,36.5756,36.7645,36.9846,37.2366,37.5217,37.8408,38.1952,38.586,39.0147,39.4828,39.9921,40.5443,41.1415,41.7857,42.4796,43.2254,44.0262,44.885,45.805,46.7898,47.8434,48.97,50.1741,51.4607,52.8351,54.303,55.8708,57.5452,59.3333,61.2429,63.2824,65.4608,67.7876,70.273,72.9281,75.7644,78.7945,82.0314,85.4893,89.1831,93.1289,97.344,101.847,106.659,111.803,117.305,123.197,129.515,136.305,143.625,151.546,160.162,169.593,179.996,191.572,204.583,219.367,236.355,256.097,279.284,306.773,339.6,378.967,426.153,482.3,547.935,622.094,701.025,776.832,837.349,869.06,863.157,820.712,751.994,670.665,588.191,511.64,444.169,386.415,337.725,296.936,262.8,234.162,210.033,189.593,172.174,157.24,144.359,133.182,123.431,114.877,107.337,100.66,94.7204,89.4169,84.6636,80.389,76.5332,73.0451,69.8817,67.0061,64.3868,61.9964,59.8114,57.8111,55.9777,54.2955,52.7502,51.3296,50.0225,48.819,47.7099,46.687,45.7425,44.8696,44.0616,43.3126,42.6169,41.9695,41.3655,40.8009,40.272,39.7755,39.3089,38.87,38.4574,38.0699,37.7069,37.3681,37.0535,36.7635,36.4983,36.2585,36.0446,35.8573,35.6969,35.564,35.459,35.3822,35.334,35.3146,35.3242,35.3628,35.4306,35.5275,35.6535,35.8085,35.9922,36.2042,36.4442,36.7115,37.0054,37.3251,37.6696,38.0379,38.4288,38.8414,39.2746,39.7276,40.2001,40.692,41.2037,41.7363,42.2912,42.8706,43.4771,44.1137,44.784,45.4914,46.2399,47.0332,47.8754,48.7702,49.7211,50.7317,51.8051,52.9442,54.1511,55.4278,56.7751,58.1931,59.6807,61.2353,62.8526,64.5264,66.2482,68.0066,69.7878,71.5746,73.3468,75.0813,76.7518,78.3299,79.7856,81.0879,82.2064,83.1123,83.7799,84.1882,84.3218,84.1717,83.7364,83.0215,82.0395,80.8092,79.3544,77.7025,75.8836,73.9284,71.8678,69.7311,67.5456,65.3362,63.1245,60.9293,58.7661,56.6478,54.5843,52.5833,50.6503,
 ,23,116.498,119.396,122.071,124.473,126.557,128.278,129.597,130.485,130.918,130.886,130.387,129.434,128.049,126.263,124.118,121.658,118.934,115.997,112.895,109.678,106.39,103.07,99.7522,96.4674,93.2395,90.0885,87.0297,84.0748,81.2318,78.5061,75.9008,73.4169,71.0539,68.81,66.6826,64.6684,62.7634,60.9636,59.2646,57.6618,56.1508,54.7271,53.3864,52.1242,50.9366,49.8194,48.769,47.7816,46.8536,45.9819,45.1632,44.3946,43.6732,42.9964,42.3618,41.767,41.2101,40.6891,40.2023,39.7481,39.3252,38.9325,38.5689,38.2336,37.9261,37.6456,37.3919,37.1647,36.9638,36.7892,36.6408,36.5188,36.4233,36.3544,36.3126,36.298,36.3112,36.3524,36.4222,36.5212,36.6499,36.8089,36.9992,37.2214,37.4766,37.7656,38.0897,38.45,38.8479,39.2848,39.7624,40.2825,40.847,41.458,42.1179,42.8291,43.5944,44.4168,45.2996,46.2464,47.2609,48.3475,49.5106,50.7552,52.0868,53.5111,55.0345,56.6638,58.4064,60.2703,62.2641,64.3972,66.6795,69.1217,71.7354,74.5328,77.5272,80.7324,84.1634,87.8358,91.7666,95.9735,100.475,105.293,110.449,115.966,121.874,128.204,134.994,142.291,150.154,158.658,167.903,178.017,189.174,201.6,215.596,231.562,250.02,271.654,297.357,328.282,365.901,412.049,468.911,538.859,623.923,724.566,837.356,951.691,1047.71,1100.25,1091.58,1023.94,917.731,797.788,682.218,580.049,493.806,422.653,364.48,316.968,278.025,245.912,219.237,196.906,178.063,162.041,148.318,136.483,126.209,117.237,109.359,102.406,96.2393,90.7476,85.8373,81.4309,77.4638,73.8815,70.6381,67.6945,65.0172,62.5774,60.3505,58.3148,56.4516,54.7445,53.1789,51.7419,50.4219,49.2085,48.0923,47.0645,46.1171,45.2428,44.4344,43.6857,42.9904,42.343,41.7383,41.1718,40.6393,40.1375,39.6636,39.2154,38.7913,38.3904,38.0124,37.6572,37.3251,37.0167,36.7328,36.4741,36.2415,36.0355,35.8571,35.7066,35.5847,35.4916,35.4277,35.3932,35.3882,35.4128,35.467,35.5508,35.664,35.8065,35.978,36.1783,36.407,36.6636,36.9475,37.2583,37.5951,37.9575,38.3447,38.7562,39.1915,39.6504,40.133,40.6399,41.1717,41.7299,42.3164,42.9333,43.5836,44.2703,44.997,45.7677,46.5862,47.4569,48.3839,49.3717,50.4245,51.5465,52.7415,54.0135,55.3655,56.8004,58.3201,59.9257,61.6168,63.3917,65.2466,67.1756,69.1698,71.2174,73.303,75.4073,77.5069,79.5746,81.579,83.4854,85.2565,86.8535,88.2377,89.3721,90.2236,90.7646,90.9747,90.8425,90.3658,89.552,88.4178,86.9875,85.2924,83.3678,81.2522,78.9845,76.603,74.1438,71.6401,69.1212,66.6123,64.1349,61.706,59.3396,57.0458,54.8323,52.704,
 ,22,120.386,123.634,126.66,129.408,131.823,133.849,135.438,136.547,137.147,137.218,136.757,135.775,134.295,132.355,130.004,127.294,124.287,121.043,117.621,114.078,110.465,106.829,103.208,99.6346,96.1367,92.7347,89.4446,86.2778,83.2416,80.3408,77.5771,74.9505,72.459,70.0999,67.8691,65.7623,63.7745,61.9006,60.1354,58.4734,56.9096,55.4387,54.0558,52.7561,51.5348,50.3877,49.3106,48.2992,47.3499,46.459,45.6231,44.8389,44.1033,43.4137,42.7671,42.1613,41.594,41.0631,40.5667,40.1033,39.6715,39.2699,38.8977,38.5539,38.2379,37.9492,37.6875,37.4524,37.244,37.0622,36.907,36.7786,36.6771,36.603,36.5563,36.5376,36.5472,36.5855,36.6532,36.7507,36.8787,37.0379,37.2291,37.4532,37.711,38.0036,38.3323,38.6982,39.1029,39.5477,40.0345,40.5651,41.1415,41.7661,42.4411,43.1694,43.9538,44.7976,45.7042,46.6774,47.7215,48.8409,50.0405,51.3258,52.7025,54.1771,55.7564,57.448,59.26,61.2012,63.2812,65.5104,67.8998,70.4617,73.2087,76.1549,79.3151,82.705,86.3415,90.2424,94.4266,98.914,103.726,108.884,114.413,120.338,126.688,133.496,140.799,148.645,157.091,166.212,176.11,186.919,198.821,212.062,226.977,244.016,263.786,287.103,315.061,349.12,391.225,443.94,510.566,595.135,702.011,834.465,991.158,1159.66,1309.46,1395.32,1382.28,1274.89,1112.87,939.632,781.861,649.337,542.225,456.946,389.201,335.138,291.643,256.312,227.322,203.295,183.189,166.211,151.754,139.346,128.62,119.288,111.119,103.928,97.5668,91.9135,86.8684,82.3489,78.2866,74.6237,71.3121,68.3105,65.5841,63.1028,60.8409,58.7761,56.889,55.1624,53.5815,52.1329,50.8047,49.586,48.4672,47.4391,46.4934,45.6222,44.818,44.0738,43.3831,42.7396,42.1377,41.5722,41.0385,40.5331,40.0527,39.5952,39.1592,38.7439,38.3493,37.9756,37.6238,37.2948,36.9898,36.7099,36.4563,36.2299,36.0317,35.8623,35.7222,35.612,35.5318,35.482,35.4624,35.4732,35.5144,35.5857,35.6871,35.8185,35.9794,36.1698,36.3892,36.6374,36.914,37.2186,37.5508,37.9104,38.2969,38.7104,39.1507,39.6182,40.1134,40.6372,41.1907,41.7758,42.3946,43.0495,43.7438,44.4807,45.2642,46.0983,46.9875,47.9365,48.9501,50.0333,51.1911,52.4287,53.751,55.1629,56.6688,58.2728,59.9781,61.7872,63.7011,65.7191,67.8385,70.054,72.3571,74.7355,77.1726,79.6469,82.1319,84.5954,86.9999,89.3029,91.4583,93.4169,95.1291,96.5472,97.6275,98.3338,98.6389,98.5276,97.9969,97.0568,95.7295,94.0474,92.0514,89.7878,87.306,84.6556,81.8845,79.0374,76.154,73.2692,70.4122,67.6069,64.8722,62.2225,59.6682,57.216,54.8701,
 ,21,125.009,128.698,132.172,135.362,138.199,140.613,142.54,143.926,144.726,144.914,144.481,143.438,141.812,139.65,137.009,133.959,130.571,126.922,123.083,119.121,115.098,111.067,107.071,103.147,99.3238,95.6231,92.0607,88.6469,85.3882,82.2874,79.3445,76.5577,73.9235,71.4372,69.0934,66.8861,64.8089,62.8558,61.02,59.2955,57.6762,56.1561,54.7295,53.391,52.1355,50.9579,49.8537,48.8184,47.8479,46.9381,46.0853,45.2859,44.5367,43.8346,43.1766,42.5601,41.9828,41.4422,40.9366,40.4641,40.0233,39.6128,39.2317,38.879,38.5542,38.2568,37.9865,37.7431,37.5265,37.3368,37.1742,37.0388,36.9308,36.8507,36.7987,36.7752,36.7807,36.8157,36.8807,36.9763,37.1032,37.2622,37.4539,37.6793,37.9394,38.2353,38.5682,38.9394,39.3504,39.8028,40.2984,40.8391,41.427,42.0647,42.7545,43.4995,44.3026,45.1673,46.0973,47.0967,48.17,49.3219,50.5578,51.8836,53.3055,54.8304,56.466,58.2204,60.1027,62.1225,64.2904,66.618,69.1177,71.8031,74.6886,77.7899,81.1238,84.7083,88.5626,92.7068,97.1623,101.952,107.099,112.628,118.565,124.937,131.775,139.109,146.978,155.426,164.506,174.293,184.881,196.403,209.043,223.057,238.798,256.757,277.607,302.274,332.028,368.609,414.412,472.715,547.979,646.101,774.339,940.05,1146.27,1381.17,1602.4,1735.18,1715.88,1553.16,1318.25,1080.79,876.092,712.145,584.678,486.265,409.953,350.194,302.83,264.811,233.912,208.5,187.369,169.619,154.569,141.701,130.612,120.989,112.585,105.203,98.6834,92.8991,87.7444,83.1331,78.9932,75.2648,71.8977,68.8493,66.0833,63.569,61.2797,59.1926,57.2877,55.5475,53.9567,52.5018,51.1705,49.9517,48.8355,47.8123,46.8735,46.0107,45.216,44.4817,43.8006,43.1658,42.5708,42.0099,41.4779,40.9706,40.4848,40.0181,39.5692,39.1378,38.7242,38.3293,37.9547,37.6019,37.2726,36.9686,36.6913,36.442,36.2219,36.0317,35.8722,35.7437,35.6464,35.5807,35.5464,35.5435,35.5719,35.6315,35.722,35.8432,35.9949,36.1768,36.3888,36.6306,36.9019,37.2027,37.5327,37.8919,38.2803,38.6982,39.146,39.6242,40.1339,40.6762,41.2529,41.8659,42.5177,43.2112,43.9498,44.7373,45.5778,46.4759,47.4366,48.4651,49.567,50.7481,52.0145,53.3723,54.8277,56.3869,58.0561,59.8408,61.746,63.7761,65.9338,68.2202,70.6344,73.1722,75.8261,78.5838,81.4281,84.3355,87.2759,90.212,93.099,95.8851,98.5124,100.919,103.04,104.814,106.183,107.098,107.523,107.437,106.836,105.733,104.159,102.157,99.781,97.0928,94.1561,91.0345,87.7882,84.4722,81.1346,77.8163,74.5509,71.3649,68.2783,65.3056,62.4566,59.737,57.1492,
 ,20,130.454,134.701,138.743,142.496,145.872,148.783,151.142,152.876,153.925,154.249,153.834,152.69,150.852,148.378,145.343,141.833,137.943,133.764,129.388,124.894,120.356,115.835,111.381,107.032,102.821,98.7674,94.8868,91.1877,87.6741,84.3464,81.2023,78.2373,75.4454,72.8198,70.353,68.0371,65.8642,63.8265,61.9163,60.1261,58.4487,56.8775,55.4059,54.0278,52.7373,51.529,50.3978,49.3387,48.3472,47.4189,46.5497,45.7358,44.9736,44.2597,43.5908,42.9643,42.3773,41.8275,41.3129,40.8314,40.3816,39.9621,39.5719,39.21,38.8759,38.5693,38.2897,38.0373,37.8118,37.6136,37.4428,37.2996,37.1845,37.0977,37.0396,37.0108,37.0117,37.0427,37.1046,37.1978,37.3232,37.4813,37.6731,37.8995,38.1615,38.4603,38.797,39.173,39.5899,40.0494,40.5533,41.1036,41.7027,42.353,43.0572,43.8183,44.6397,45.5248,46.4777,47.5028,48.6047,49.7887,51.0605,52.4264,53.8933,55.4685,57.1604,58.978,60.931,63.0303,65.2876,67.7156,70.3283,73.1408,76.1696,79.4323,82.948,86.7372,90.8218,95.2251,99.9715,105.087,110.598,116.532,122.918,129.785,137.164,145.086,153.588,162.707,172.494,183.012,194.346,206.619,220.003,234.75,251.216,269.908,291.54,317.11,348.014,386.202,434.406,496.47,577.795,685.867,830.601,1023.51,1273.03,1570.43,1863.97,2046.86,2020.65,1799.2,1491.38,1194.16,948.711,759.049,615.692,507.392,424.797,360.942,310.832,270.921,238.682,212.3,190.45,172.155,156.687,143.49,132.14,122.307,113.732,106.209,99.5736,93.6918,88.4553,83.775,79.5767,75.799,72.3902,69.3067,66.5115,63.9731,61.6644,59.5622,57.646,55.8983,54.3036,52.848,51.5192,50.306,49.1981,48.1858,47.26,46.4119,45.633,44.915,44.2497,43.6294,43.0467,42.4949,41.968,41.4613,40.971,40.4947,40.0316,39.5815,39.1456,38.7257,38.3241,37.9432,37.5855,37.2534,36.9489,36.6735,36.4288,36.2157,36.0348,35.8866,35.7713,35.689,35.6396,35.623,35.6389,35.687,35.7673,35.8792,36.0228,36.1977,36.4037,36.6407,36.9086,37.2074,37.5371,37.898,38.2904,38.7147,39.1717,39.6625,40.1882,40.7504,41.3512,41.993,42.6785,43.4111,44.1945,45.0329,45.9309,46.8936,47.9266,49.036,50.2281,51.5097,52.888,54.3706,55.9651,57.6795,59.5215,61.4991,63.6195,65.8891,68.3135,70.8963,73.6389,76.5393,79.5918,82.7852,86.1022,89.5179,92.9989,96.5021,99.9743,103.352,106.564,109.531,112.168,114.394,116.131,117.313,117.891,117.836,117.142,115.829,113.936,111.523,108.664,105.44,101.934,98.229,94.4002,90.5157,86.6333,82.8008,79.056,75.4275,71.9362,68.5958,65.4145,62.3959,59.5401,
 ,19,136.821,141.771,146.533,151.004,155.073,158.623,161.54,163.723,165.087,165.576,165.167,163.87,161.733,158.83,155.261,151.14,146.587,141.722,136.657,131.491,126.311,121.187,116.175,111.318,106.646,102.178,97.9289,93.9022,90.0992,86.5163,83.1478,79.9857,77.021,74.2438,71.6441,69.2119,66.937,64.8099,62.8213,60.9624,59.2249,57.601,56.0832,54.6647,53.3389,52.0998,50.9417,49.8592,48.8473,47.9012,47.0164,46.1887,45.4143,44.6893,44.0105,43.3745,42.7786,42.2201,41.6967,41.2065,40.7477,40.319,39.9194,39.5479,39.204,38.8874,38.5979,38.3356,38.1005,37.8929,37.713,37.5613,37.4382,37.344,37.2792,37.2443,37.2399,37.2664,37.3245,37.4149,37.5381,37.695,37.8864,38.1134,38.3768,38.6779,39.018,39.3984,39.8208,40.2869,40.7986,41.3581,41.9678,42.6302,43.3481,44.1248,44.9638,45.8688,46.844,47.894,49.024,50.2395,51.5466,52.9521,54.4633,56.0885,57.8365,59.7171,61.7412,63.9205,66.2681,68.7981,71.5261,74.4691,77.6456,81.0755,84.7809,88.785,93.1131,97.792,102.85,108.317,114.224,120.603,127.485,134.903,142.89,151.476,160.695,170.58,181.171,192.516,204.684,217.774,231.937,247.398,264.494,283.721,305.795,331.74,363.005,401.637,450.535,513.812,597.326,709.343,861.114,1066.37,1336.68,1665.81,1998,2208.61,2178.22,1923.78,1576.69,1248.74,983.217,781.302,630.545,517.697,432.224,366.484,315.095,274.288,241.403,214.54,192.324,173.745,158.051,144.673,133.175,123.22,114.543,106.934,100.226,94.2827,88.9938,84.2686,80.0322,76.2221,72.786,69.6798,66.866,64.3129,61.9931,59.8831,57.9626,56.2139,54.6213,53.1711,51.851,50.6495,49.5563,48.5616,47.6559,46.8299,46.0745,45.3806,44.739,44.1407,43.577,43.04,42.5227,42.0192,41.5256,41.0392,40.5594,40.087,39.6241,39.1738,38.7394,38.3247,37.9332,37.5679,37.2316,36.9263,36.6536,36.4147,36.2103,36.0408,35.9062,35.8065,35.7414,35.7108,35.7143,35.7514,35.8219,35.9254,36.0617,36.2306,36.4319,36.6655,36.9314,37.2298,37.5609,37.9252,38.3231,38.7555,39.2233,39.7278,40.2708,40.854,41.4798,42.1511,42.8709,43.643,44.4715,45.361,46.3169,47.3448,48.4511,49.6425,50.9265,52.3112,53.8049,55.4167,57.1562,59.0333,61.0582,63.2411,65.5923,68.1213,70.8369,73.7462,76.8541,80.1622,83.6676,87.3615,91.2278,95.2413,99.3656,103.552,107.738,111.847,115.788,119.461,122.756,125.563,127.776,129.306,130.083,130.067,129.25,127.659,125.35,122.406,118.926,115.019,110.796,106.364,101.818,97.2421,92.7048,88.2613,83.9537,79.8118,75.8559,72.0977,68.5427,65.191,62.0392,
 ,18,144.221,150.052,155.728,161.12,166.085,170.467,174.114,176.883,178.656,179.352,178.934,177.417,174.862,171.372,167.083,162.148,156.726,150.973,145.029,139.017,133.039,127.177,121.492,116.027,110.812,105.863,101.189,96.7892,92.6599,88.7922,85.1755,81.7973,78.6445,75.7037,72.9618,70.4056,68.0229,65.8019,63.7315,61.8014,60.0019,58.324,56.7593,55.3,53.9389,52.6691,51.4846,50.3793,49.3476,48.3846,47.4851,46.6448,45.8592,45.1242,44.4363,43.7918,43.1877,42.621,42.0894,41.5907,41.1231,40.6851,40.2756,39.894,39.5396,39.2123,38.912,38.6389,38.3932,38.1752,37.9853,37.8241,37.6921,37.5896,37.5173,37.4756,37.4652,37.4865,37.5403,37.6271,37.7477,37.9029,38.0935,38.3204,38.5848,38.8878,39.2307,39.6151,40.0425,40.5147,41.0337,41.6018,42.2214,42.8953,43.6264,44.418,45.2739,46.1979,47.1946,48.2689,49.4262,50.6723,52.0139,53.4581,55.0131,56.6874,58.4909,60.4341,62.5291,64.7885,67.2269,69.86,72.705,75.7812,79.1092,82.712,86.6144,90.8433,95.4279,100.4,105.791,111.638,117.977,124.844,132.277,140.313,148.987,158.332,168.377,179.15,190.677,202.988,216.124,230.149,245.172,261.371,279.036,298.616,320.789,346.543,377.303,415.088,462.752,524.328,605.504,714.219,861.116,1058.88,1317.55,1629.72,1941.63,2137.54,2108.31,1869.26,1540.7,1227.17,970.941,774.544,626.975,515.962,431.546,366.415,315.373,274.758,241.971,215.15,192.943,174.354,158.638,145.231,133.702,123.716,115.008,107.37,100.635,94.6668,89.3555,84.6104,80.3565,76.5314,73.0827,69.9663,67.1448,64.5865,62.264,60.1541,58.2363,56.4932,54.9093,53.4709,52.1658,50.9828,49.9115,48.942,48.0647,47.2697,46.5473,45.8872,45.2791,44.7123,44.1765,43.6619,43.1599,42.6633,42.1675,41.6696,41.1698,40.6697,40.1732,39.6849,39.21,38.7538,38.3212,37.9162,37.5423,37.2021,36.8974,36.6295,36.3989,36.2059,36.0505,35.9324,35.8511,35.8062,35.7971,35.8234,35.8846,35.9803,36.1101,36.2739,36.4715,36.7029,36.9681,37.2674,37.6012,37.9702,38.3749,38.8166,39.2963,39.8158,40.3769,40.9819,41.6335,42.3347,43.0891,43.9009,44.7748,45.7158,46.7298,47.8234,49.0035,50.2781,51.6556,53.1454,54.7575,56.5029,58.393,60.4403,62.6576,65.0584,67.6564,70.4651,73.4976,76.7656,80.279,84.0443,88.0635,92.3319,96.8367,101.554,106.445,111.458,116.518,121.534,126.394,130.966,135.108,138.67,141.508,143.496,144.536,144.571,143.59,141.631,138.772,135.131,130.844,126.06,120.928,115.585,110.152,104.731,99.4055,94.2362,89.2682,84.5314,80.0434,75.8122,71.8385,68.1173,64.6403,
 ,17,152.776,159.714,166.551,173.129,179.259,184.737,189.35,192.899,195.215,196.178,195.734,193.901,190.765,186.471,181.21,175.19,168.627,161.722,154.657,147.582,140.618,133.856,127.362,121.177,115.327,109.822,104.663,99.8423,95.3485,91.1657,87.2769,83.6638,80.3083,77.1925,74.2992,71.6124,69.1167,66.7979,64.6429,62.6394,60.7765,59.0437,57.4316,55.9314,54.5352,53.2354,52.025,50.8978,49.8476,48.8687,47.9559,47.1041,46.3086,45.565,44.8692,44.2173,43.606,43.032,42.4927,41.9857,41.5092,41.0617,40.6421,40.2497,39.8841,39.5451,39.233,38.9479,38.6904,38.4609,38.26,38.0883,37.9462,37.8346,37.7538,37.7045,37.6874,37.7028,37.7516,37.8343,37.9517,38.1046,38.2938,38.5202,38.7851,39.0895,39.4348,39.8225,40.2543,40.7321,41.2579,41.8339,42.4629,43.1476,43.8911,44.6968,45.5688,46.511,47.5284,48.6259,49.8094,51.0852,52.4601,53.9422,55.5397,57.2622,59.1202,61.1253,63.2903,65.6295,68.1586,70.8951,73.8583,77.0695,80.5522,84.3325,88.4386,92.9017,97.7557,103.037,108.785,115.042,121.85,129.254,137.301,146.032,155.489,165.708,176.718,188.539,201.183,214.655,228.959,244.109,260.149,277.186,295.426,315.231,337.193,362.211,391.605,427.253,471.784,528.831,603.373,702.07,833.336,1006.22,1225.83,1481.47,1727.15,1876.17,1852,1665.01,1400.41,1138.27,916.278,740.979,606.119,502.791,423.098,360.926,311.778,272.396,240.427,214.156,192.323,173.99,158.451,145.167,133.723,123.795,115.127,107.517,100.799,94.843,89.5393,84.7991,80.5484,76.7256,73.2791,70.1652,67.3469,64.7929,62.4764,60.3741,58.4662,56.7355,55.1668,53.7469,52.4638,51.3067,50.2652,49.3297,48.4904,47.737,47.0591,46.4452,45.8832,45.3606,44.8644,44.3823,43.9033,43.4184,42.9216,42.4102,41.885,41.3496,40.8098,40.273,39.7469,39.239,38.7557,38.3026,37.884,37.5029,37.1612,36.8602,36.6004,36.3816,36.2037,36.0659,35.9676,35.9079,35.8863,35.9019,35.9541,36.0425,36.1665,36.326,36.5208,36.7508,37.0164,37.3177,37.6553,38.0299,38.4426,38.8945,39.3872,39.9224,40.5024,41.1297,41.8074,42.5389,43.3282,44.1799,45.099,46.0916,47.1639,48.3232,49.5776,50.936,52.4082,54.005,55.7383,57.6208,59.6667,61.891,64.31,66.9408,69.8014,72.9102,76.2859,79.9463,83.9079,88.1842,92.7844,97.7109,102.956,108.501,114.309,120.322,126.458,132.607,138.63,144.359,149.604,154.161,157.831,160.432,161.827,161.93,160.726,158.269,154.675,150.108,144.762,138.842,132.546,126.055,119.521,113.068,106.792,100.76,95.019,89.5947,84.4997,79.7352,75.2946,71.166,67.3336,
 ,16,162.615,170.941,179.261,187.373,195.034,201.968,207.881,212.486,215.536,216.856,216.362,214.078,210.13,204.73,198.146,190.673,182.605,174.208,165.714,157.306,149.125,141.271,133.81,126.777,120.19,114.048,108.341,103.05,98.1523,93.6243,89.4401,85.5741,82.0022,78.7009,75.6485,72.8251,70.212,67.7922,65.5503,63.4721,61.5449,59.7569,58.0974,56.5568,55.126,53.7969,52.5618,51.4138,50.3463,49.3531,48.4285,47.5669,46.7631,46.0124,45.3102,44.6523,44.0349,43.4545,42.9082,42.3934,41.9082,41.4509,41.0206,40.6166,40.2388,39.887,39.5618,39.2636,38.9929,38.7506,38.5373,38.3538,38.2008,38.0788,37.9887,37.9309,37.9062,37.915,37.9581,38.0361,38.1497,38.2997,38.4869,38.7124,38.9772,39.2824,39.6296,40.0202,40.4558,40.9385,41.4704,42.0538,42.6914,43.3861,44.1412,44.9602,45.8473,46.8068,47.8437,48.9634,50.172,51.4761,52.8832,54.4016,56.0403,57.8097,59.7208,61.7863,64.0202,66.438,69.0571,71.8967,74.9781,78.3255,81.9651,85.9263,90.2419,94.9475,100.083,105.69,111.818,118.514,125.832,133.828,142.556,152.072,162.425,173.659,185.805,198.88,212.882,227.786,243.549,260.119,277.451,295.54,314.469,334.469,355.991,379.793,407.034,439.375,479.103,529.275,593.86,677.797,786.663,925.268,1093.77,1279.8,1448.79,1545.9,1527.05,1397.97,1208.38,1010.45,833.95,688.237,572.02,480.399,408.133,350.753,304.753,267.48,236.949,211.673,190.541,172.707,157.527,144.505,133.254,123.47,114.909,107.379,100.723,94.8144,89.5474,84.8361,80.6087,76.8053,73.3753,70.2762,67.472,64.9318,62.6295,60.5426,58.6517,56.9402,55.3935,53.9989,52.745,51.6216,50.6188,49.7272,48.9371,48.2382,47.619,47.0669,46.5677,46.1059,45.6653,45.2297,44.7844,44.3176,43.8214,43.2931,42.7346,42.1523,41.5556,40.9556,40.3637,39.7901,39.2438,38.7319,38.2595,37.83,37.4455,37.1069,36.8143,36.5672,36.3648,36.206,36.0898,36.015,35.9806,35.9856,36.0291,36.1105,36.2294,36.3852,36.578,36.8075,37.0742,37.3784,37.7207,38.102,38.5233,38.9863,39.4925,40.044,40.6434,41.2934,41.9974,42.7593,43.5834,44.4749,45.4393,46.4831,47.6134,48.8385,50.1673,51.6098,53.1774,54.8824,56.7387,58.7614,60.9673,63.3747,66.0036,68.8756,72.0138,75.4428,79.1879,83.275,87.7292,92.5738,97.8283,103.506,109.609,116.126,123.027,130.253,137.716,145.287,152.794,160.023,166.72,172.607,177.399,180.838,182.718,182.914,181.403,178.265,173.67,167.858,161.106,153.699,145.905,137.959,130.053,122.337,114.916,107.862,101.218,95.0027,89.2185,83.8561,78.8985,74.3232,70.1056,
 ,15,173.871,183.941,194.154,204.264,213.954,222.848,230.532,236.592,240.66,242.468,241.89,238.959,233.867,226.926,218.53,209.099,199.037,188.7,178.382,168.305,158.629,149.458,140.849,132.826,125.391,118.526,112.204,106.392,101.053,96.1508,91.6494,87.5143,83.7138,80.218,77,74.0353,71.3015,68.7785,66.4484,64.2948,62.303,60.46,58.7536,57.1732,55.7089,54.3517,53.0933,51.9261,50.843,49.8373,48.9027,48.0332,47.2232,46.4673,45.7606,45.0983,44.4762,43.8905,43.338,42.8159,42.3219,41.8547,41.4131,40.9966,40.6053,40.2395,39.8997,39.5867,39.3014,39.0447,38.8177,38.621,38.4556,38.3223,38.2217,38.1545,38.1213,38.1227,38.1594,38.232,38.3412,38.4877,38.6725,38.8964,39.1605,39.4662,39.8146,40.2074,40.6464,41.1334,41.6707,42.2607,42.9061,43.61,44.3758,45.2072,46.1084,47.084,48.1393,49.2799,50.5122,51.8432,53.2809,54.834,56.5122,58.3265,60.2889,62.413,64.714,67.2087,69.9161,72.8574,76.0564,79.5397,83.3369,87.4814,92.0105,96.9653,102.392,108.341,114.869,122.035,129.906,138.548,148.034,158.434,169.813,182.229,195.723,210.315,225.991,242.696,260.334,278.765,297.825,317.354,337.256,357.567,378.544,400.756,425.166,453.198,486.781,528.377,580.955,647.82,732.075,835.287,954.744,1079.19,1185.4,1242.22,1226.93,1142.34,1014.44,873.693,741.038,625.881,530.066,451.878,388.473,336.995,294.983,260.445,231.818,207.89,187.723,170.591,155.927,143.29,132.328,122.762,114.37,106.971,100.416,94.5877,89.3847,84.7252,80.5403,76.7723,73.3727,70.3004,67.5204,65.0031,62.7232,60.6591,58.7922,57.1065,55.5886,54.2262,53.0091,51.9278,50.9733,50.1368,49.4091,48.7799,48.2373,47.7671,47.3526,46.9744,46.6114,46.242,45.8457,45.406,44.9123,44.3615,43.7576,43.1116,42.4381,41.7541,41.076,40.4184,39.793,39.2086,38.6713,38.1847,37.7504,37.369,37.0396,36.7613,36.5325,36.3514,36.2164,36.126,36.0787,36.0731,36.1082,36.1831,36.2972,36.4501,36.6414,36.8712,37.1397,37.4475,37.7952,38.1837,38.6145,39.089,39.6093,40.1775,40.7965,41.4694,42.1998,42.992,43.8507,44.7816,45.7908,46.8854,48.0733,49.3636,50.7663,52.2928,53.9558,55.7696,57.75,59.9148,62.2839,64.8791,67.7248,70.8479,74.2773,78.045,82.1848,86.7323,91.7241,97.1964,103.183,109.712,116.803,124.459,132.661,141.358,150.46,159.821,169.234,178.425,187.057,194.743,201.078,205.678,208.237,208.564,206.623,202.534,196.557,189.047,180.405,171.033,161.296,151.5,141.882,132.617,123.82,115.559,107.866,100.745,94.1838,88.1563,82.6303,77.5698,72.9378,
 ,14,186.67,198.927,211.566,224.289,236.688,248.252,258.391,266.493,272,274.498,273.786,269.917,263.186,254.074,243.167,231.074,218.358,205.493,192.849,180.689,169.185,158.433,148.473,139.305,130.904,123.227,116.225,109.843,104.026,98.7231,93.8852,89.4672,85.4281,81.7309,78.3426,75.2334,72.3769,69.7498,67.3311,65.1021,63.0463,61.149,59.3968,57.7779,56.2814,54.8977,53.6178,52.4333,51.3366,50.3205,49.3782,48.5032,47.6892,46.9305,46.2213,45.5567,44.9317,44.3422,43.7845,43.2555,42.753,42.2753,41.8216,41.3916,40.9854,40.6038,40.2477,39.9181,39.6164,39.3437,39.1011,38.8898,38.7107,38.5647,38.4525,38.3749,38.3323,38.3255,38.3551,38.4216,38.5258,38.6683,38.85,39.0718,39.3348,39.6402,39.9893,40.3838,40.8254,41.3161,41.8581,42.4539,43.1063,43.8186,44.5941,45.4367,46.3509,47.3415,48.4138,49.5738,50.8282,52.1845,53.6509,55.2367,56.9524,58.8094,60.8208,63.001,65.3665,67.9356,70.7289,73.7697,77.0841,80.7017,84.6558,88.984,93.7286,98.9372,104.663,110.967,117.914,125.579,134.042,143.389,153.712,165.103,177.655,191.447,206.544,222.978,240.735,259.737,279.828,300.765,322.223,343.833,365.238,386.196,406.694,427.063,448.065,470.92,497.286,529.173,568.781,618.211,678.916,750.677,829.978,908.127,970.679,1000.8,987.172,931.123,845.669,747.657,650.57,562.132,485.339,420.365,366.07,320.888,283.261,251.81,225.382,203.041,184.032,167.756,153.733,141.579,130.986,121.705,113.534,106.308,99.8916,94.1729,89.0589,84.472,80.3473,76.63,73.2737,70.2393,67.4934,65.0076,62.7579,60.7236,58.8872,57.234,55.7512,54.4282,53.2555,52.225,51.329,50.5601,49.9101,49.3691,48.9252,48.5627,48.2619,47.9986,47.7446,47.4698,47.1448,46.7456,46.2567,45.6744,45.0068,44.2716,43.4923,42.6947,41.9026,41.1361,40.4107,39.7369,39.1213,38.5671,38.0753,37.6452,37.275,36.9625,36.7051,36.5004,36.3459,36.2395,36.179,36.163,36.19,36.2588,36.3687,36.519,36.7095,36.9401,37.2111,37.5231,37.8767,38.2731,38.7137,39.2002,39.7348,40.32,40.9587,41.6544,42.411,43.2332,44.1262,45.0959,46.1492,47.2938,48.5384,49.893,51.3687,52.9783,54.7361,56.6581,58.7628,61.0705,63.6044,66.3906,69.4583,72.84,76.5721,80.6948,85.2522,90.292,95.8651,102.025,108.824,116.312,124.532,133.513,143.258,153.735,164.86,176.479,188.35,200.128,211.365,221.522,230.01,236.256,239.783,240.298,237.742,232.303,224.382,214.519,203.307,191.317,179.045,166.887,155.132,143.976,133.53,123.851,114.946,106.798,99.3678,92.6069,86.4623,80.8799,75.8068,
 ,13,201.118,216.108,231.855,248.01,264.056,279.299,292.893,303.919,311.511,315.007,314.085,308.831,299.716,287.498,273.071,257.329,241.061,224.897,209.292,194.542,180.817,168.185,156.651,146.172,136.685,128.109,120.363,113.366,107.039,101.314,96.1239,91.4124,87.1279,83.225,79.6636,76.4087,73.4293,70.6982,68.1916,65.8883,63.7698,61.8197,60.0233,58.3677,56.841,55.4328,54.1333,52.9338,51.826,50.8021,49.8547,48.9768,48.1616,47.4027,46.6938,46.0292,45.4034,44.8117,44.2499,43.7147,43.2037,42.7152,42.2485,41.8035,41.3808,40.9815,40.6069,40.2587,39.9384,39.6477,39.3878,39.1602,38.9658,38.8058,38.6808,38.5916,38.5388,38.523,38.5447,38.6044,38.703,38.8408,39.0189,39.2381,39.4994,39.804,40.1533,40.5488,40.9924,41.486,42.032,42.6328,43.2914,44.011,44.7952,45.648,46.5739,47.578,48.6658,49.8436,51.1184,52.498,53.991,55.6074,57.358,59.2551,61.3126,63.546,65.9728,68.6128,71.4885,74.6252,78.0516,81.8004,85.9087,90.4186,95.3783,100.842,106.872,113.539,120.922,129.11,138.202,148.309,159.548,172.044,185.926,201.313,218.309,236.979,257.331,279.279,302.615,326.978,351.841,376.54,400.347,422.608,442.923,461.318,478.364,495.185,513.348,534.67,560.946,593.615,633.293,679.115,727.924,773.641,807.608,820.78,807.451,768.2,709.541,640.617,569.691,502.385,441.639,388.445,342.66,303.595,270.372,242.109,218.01,197.383,179.651,164.334,151.039,139.442,129.28,120.335,112.429,105.413,99.1654,93.5827,88.5797,84.0843,80.0358,76.3828,73.0817,70.0955,67.3926,64.9464,62.734,60.7361,58.9366,57.3218,55.8805,54.6033,53.4825,52.5118,51.6853,50.9977,50.4425,50.0117,49.6937,49.4722,49.3242,49.2192,49.1192,48.981,48.761,48.4222,47.9413,47.3135,46.5533,45.6902,44.7623,43.8086,42.8641,41.956,41.1039,40.3197,39.6098,38.9763,38.4184,37.9335,37.5181,37.1685,36.8807,36.6511,36.4764,36.3536,36.2801,36.2539,36.273,36.3361,36.4422,36.5905,36.7807,37.0127,37.2868,37.6033,37.9634,38.368,38.8188,39.3176,39.8667,40.4689,41.1272,41.8455,42.6281,43.4798,44.4063,45.4141,46.5105,47.7039,49.0039,50.4214,51.9687,53.6597,55.5107,57.5396,59.7673,62.2172,64.916,67.8943,71.1865,74.8319,78.8749,83.3654,88.3595,93.9196,100.114,107.018,114.708,123.266,132.767,143.277,154.838,167.456,181.071,195.538,210.587,225.797,240.578,254.176,265.725,274.347,279.292,280.085,276.628,269.228,258.522,245.349,230.599,215.091,199.498,184.325,169.908,156.449,144.042,132.709,122.421,113.118,104.727,97.1673,90.3575,84.2204,78.6838,
 ,12,217.27,235.657,255.374,276.043,297.03,317.399,335.933,351.231,361.915,366.897,365.643,358.299,345.648,328.916,309.494,288.713,267.677,247.208,227.847,209.901,193.502,178.662,165.316,153.359,142.667,133.111,124.566,116.916,110.055,103.89,98.3377,93.3267,88.7936,84.6837,80.9495,77.5497,74.4489,71.6156,69.023,66.6476,64.4685,62.4678,60.6294,58.9392,57.3846,55.9543,54.6379,53.4259,52.3097,51.2808,50.3314,49.4538,48.6406,47.8847,47.1792,46.5173,45.8932,45.3013,44.737,44.1964,43.677,43.1771,42.6961,42.2344,41.7931,41.3737,40.9783,40.609,40.2678,39.9568,39.6776,39.4317,39.2205,39.045,38.906,38.8042,38.7402,38.7145,38.7275,38.7799,38.8722,39.0049,39.1788,39.3948,39.6538,39.9571,40.3059,40.7019,41.1468,41.6427,42.1918,42.7968,43.4606,44.1866,44.9783,45.84,46.7763,47.7924,48.8942,50.088,51.3812,52.7819,54.2993,55.9435,57.7262,59.6603,61.7605,64.0433,66.5275,69.2342,72.1877,75.4155,78.949,82.8239,87.0815,91.7688,96.9398,102.657,108.991,116.025,123.853,132.581,142.334,153.248,165.478,179.191,194.566,211.784,231.011,252.381,275.957,301.682,329.323,358.402,388.146,417.49,445.156,469.861,490.608,507.003,519.452,529.161,537.906,547.681,560.301,577.041,598.276,623.139,649.2,672.405,687.578,689.72,675.796,645.996,603.609,553.595,500.894,449.322,401.27,357.911,319.57,286.074,257.001,231.833,210.051,191.17,174.762,160.457,147.942,136.952,127.265,118.695,111.088,104.311,98.257,92.8321,87.9588,83.5711,79.6128,76.0363,72.8009,69.8722,67.2206,64.821,62.6524,60.6969,58.9398,57.369,55.9748,54.7496,53.6879,52.7857,52.0398,51.4479,51.0068,50.7115,50.5527,50.5147,50.5717,50.6856,50.8049,50.8667,50.8037,50.557,50.0886,49.3921,48.4933,47.4428,46.3023,45.1321,43.9823,42.8896,41.8772,40.9576,40.1352,39.4094,38.7762,38.2303,37.7657,37.3763,37.0565,36.8012,36.6059,36.4666,36.3802,36.344,36.3557,36.4135,36.5164,36.6632,36.8537,37.0875,37.365,37.6867,38.0535,38.4667,38.9279,39.4391,40.0028,40.6219,41.2997,42.0403,42.8482,43.7287,44.6879,45.7326,46.8709,48.1116,49.4653,50.9437,52.5603,54.3306,56.2723,58.4055,60.7536,63.3432,66.2049,69.3738,72.8903,76.8009,81.1589,86.0253,91.4699,97.5723,104.422,112.12,120.776,130.51,141.444,153.698,167.376,182.546,199.207,217.252,236.411,256.193,275.836,294.288,310.266,322.398,329.468,330.681,325.876,315.561,300.786,282.885,263.213,242.949,222.999,203.981,186.264,170.026,155.31,142.072,130.221,119.639,110.201,101.783,94.2688,87.551,81.5343,
 ,11,235.097,257.663,282.418,309.012,336.708,364.282,389.984,411.652,427.034,434.293,432.503,421.929,403.924,380.523,353.94,326.159,298.719,272.656,248.568,226.72,207.148,189.751,174.357,160.763,148.761,138.155,128.767,120.437,113.025,106.413,100.495,95.184,90.4037,86.0893,82.1853,78.6441,75.4252,72.4932,69.8181,67.3735,65.137,63.0886,61.211,59.4891,57.9093,56.4596,55.1291,53.9076,52.786,51.7554,50.8074,49.9337,49.1262,48.377,47.6783,47.0227,46.4031,45.8135,45.2482,44.7031,44.1754,43.6633,43.1666,42.6862,42.2238,41.7817,41.3626,40.9693,40.6046,40.2707,39.9699,39.704,39.4742,39.2817,39.1274,39.0119,38.9357,38.8994,38.9031,38.9475,39.0329,39.1599,39.3291,39.5414,39.7976,40.099,40.4468,40.8426,41.2882,41.7855,42.337,42.9453,43.6133,44.3445,45.1427,46.012,46.9573,47.9838,49.0977,50.3056,51.6151,53.0345,54.5735,56.2427,58.0543,60.0218,62.1608,64.4887,67.0255,69.7937,72.8194,76.1322,79.766,83.76,88.1595,93.0166,98.3917,104.355,110.988,118.387,126.661,135.939,146.372,158.13,171.413,186.443,203.468,222.753,244.567,269.155,296.696,327.23,360.56,396.129,432.892,469.246,503.095,532.145,554.422,568.871,575.769,576.709,574.16,570.808,568.959,570.126,574.801,582.353,591.018,598.078,600.316,594.784,579.692,554.985,522.302,484.329,443.971,403.708,365.303,329.803,297.683,269.028,243.687,221.388,201.81,184.628,169.536,156.255,144.541,134.183,124.998,116.829,109.543,103.028,97.187,91.9373,87.2091,82.9425,79.0863,75.5967,72.4363,69.5731,66.9798,64.6333,62.5142,60.6063,58.8965,57.3744,56.0322,54.8645,53.8682,53.0425,52.3879,51.9063,51.5998,51.4685,51.5083,51.7067,52.0376,52.455,52.8895,53.2481,53.4247,53.3208,52.8719,52.0682,50.9568,49.6257,48.1769,46.7037,45.2774,43.9448,42.7315,41.6475,40.6925,39.8608,39.1436,38.531,38.0136,37.5823,37.2294,36.9479,36.7319,36.5765,36.4775,36.4318,36.4365,36.4897,36.5898,36.7358,36.9269,37.1631,37.4445,37.7717,38.1456,38.5676,39.0393,39.563,40.1412,40.7769,41.4739,42.2363,43.0689,43.9773,44.9681,46.0485,47.227,48.5132,49.9184,51.4552,53.1384,54.9846,57.0135,59.2472,61.7116,64.4366,67.4567,70.812,74.5492,78.7223,83.3943,88.6384,94.5401,101.198,108.727,117.258,126.943,137.948,150.46,164.673,180.781,198.954,219.299,241.805,266.256,292.129,318.477,343.857,366.354,383.787,394.124,395.996,389.113,374.362,353.522,328.77,302.194,275.484,249.828,225.941,204.175,184.624,167.226,151.829,138.244,126.269,115.71,106.387,98.1385,90.8235,84.3183,
 ,10,254.433,282.054,313.125,347.429,384.219,421.965,458.191,489.535,512.237,523.075,520.398,504.708,478.427,445.036,408.101,370.587,334.581,301.317,271.362,244.828,221.56,201.266,183.607,168.239,154.846,143.144,132.887,123.865,115.899,108.841,102.562,96.9565,91.9355,87.4232,83.3557,79.6792,76.3478,73.3223,70.5692,68.06,65.7698,63.6774,61.7641,60.0137,58.4119,56.9459,55.6044,54.3767,53.2531,52.2244,51.2814,50.4155,49.6178,48.8795,48.1918,47.5462,46.9347,46.35,45.7858,45.2373,44.7012,44.1761,43.662,43.1604,42.674,42.2059,41.7599,41.3395,40.9482,40.5889,40.2641,39.9759,39.7258,39.5149,39.344,39.2138,39.1246,39.0768,39.0706,39.1064,39.1844,39.3052,39.4693,39.6774,39.9303,40.2293,40.5755,40.9704,41.4159,41.914,42.4671,43.0777,43.749,44.4844,45.2876,46.1632,47.1159,48.1512,49.2753,50.4952,51.8185,53.2542,54.8119,56.5029,58.3398,60.3368,62.5101,64.8781,67.4619,70.2855,73.3765,76.7665,80.4924,84.5963,89.1276,94.1436,99.7113,105.909,112.83,120.582,129.294,139.119,150.236,162.857,177.234,193.657,212.464,234.036,258.785,287.135,319.467,356.03,396.791,441.224,488.042,534.965,578.68,615.223,640.903,653.516,653.239,642.618,625.635,606.441,588.369,573.479,562.504,555.014,549.648,544.423,537.125,525.785,509.154,486.98,459.997,429.617,397.508,365.219,333.968,304.573,277.493,252.91,230.816,211.087,193.536,177.953,164.123,151.843,140.927,131.206,122.533,114.778,107.83,101.591,95.9767,90.9153,86.3441,82.2095,78.465,75.0711,71.9933,69.2025,66.6736,64.3856,62.3207,60.4648,58.8062,57.3366,56.0502,54.9442,54.0186,53.276,52.7221,52.3645,52.2127,52.2756,52.5585,53.0574,53.7508,54.5878,55.4773,56.2823,56.8314,56.9547,56.5365,55.5604,54.1148,52.3566,50.4569,48.5592,46.7622,45.1215,43.6601,42.3802,41.2724,40.3221,39.5129,38.8291,38.2564,37.7822,37.3958,37.0882,36.8519,36.6809,36.5701,36.5156,36.5141,36.5633,36.6613,36.8068,36.9993,37.2382,37.524,37.8569,38.2382,38.6691,39.1514,39.6875,40.28,40.9322,41.6479,42.4314,43.2879,44.2233,45.2444,46.3588,47.5757,48.9053,50.3593,51.9516,53.6977,55.616,57.7274,60.0564,62.6314,65.4854,68.657,72.1914,76.1415,80.5695,85.5485,91.165,97.521,104.737,112.955,122.343,133.099,145.451,159.662,176.029,194.872,216.513,241.24,269.227,300.42,334.361,369.964,405.303,437.536,463.149,478.648,481.577,471.408,449.74,419.697,384.906,348.605,313.18,280.112,250.138,223.481,200.054,179.603,161.81,146.342,132.883,121.15,110.893,101.899,93.983,86.9911,
 ,9,274.914,308.503,347.318,391.493,440.476,492.541,544.309,590.567,624.922,641.535,637.339,613.342,574.051,525.56,473.646,422.674,375.349,332.977,295.893,263.873,236.415,212.931,192.837,175.605,160.775,147.959,136.833,127.126,118.619,111.127,104.501,98.6148,93.3652,88.6661,84.4452,80.6422,77.2061,74.0939,71.2691,68.7006,66.3617,64.2296,62.2845,60.5093,58.8889,57.4101,56.0609,54.8304,53.7084,52.6853,51.7516,50.8978,50.1143,49.3915,48.7194,48.0883,47.4888,46.9122,46.3514,45.8006,45.2563,44.717,44.1833,43.6577,43.1439,42.6463,42.1697,41.7187,41.2976,40.91,40.5588,40.2463,39.9741,39.7433,39.5547,39.4088,39.3059,39.246,39.2293,39.2559,39.3262,39.4403,39.5988,39.8022,40.0514,40.3474,40.6914,41.0849,41.5297,42.0279,42.5816,43.1937,43.8672,44.6055,45.4126,46.2929,47.2514,48.2937,49.4261,50.6557,51.9904,53.4394,55.0128,56.722,58.5802,60.6022,62.8049,65.2075,67.832,70.7038,73.852,77.3104,81.118,85.3204,89.9706,95.1311,100.875,107.29,114.479,122.565,131.696,142.048,153.834,167.312,182.792,200.647,221.323,245.349,273.335,305.96,343.928,387.864,438.125,494.458,555.513,618.266,677.647,726.901,759.18,770.092,759.745,732.744,696.092,656.607,619.276,586.858,560.208,538.839,521.421,506.198,491.337,475.251,456.855,435.706,411.992,386.372,359.744,333.028,307.012,282.279,259.201,237.967,218.63,201.146,185.412,171.295,158.648,147.322,137.178,128.084,119.921,112.585,105.981,100.026,94.6474,89.7831,85.3776,81.3831,77.758,74.4666,71.4777,68.7648,66.3053,64.08,62.0734,60.2727,58.6684,57.254,56.026,54.9845,54.1327,53.478,53.0316,52.8091,52.8299,53.1159,53.6882,54.5599,55.7242,57.1344,58.6787,60.1591,61.2967,61.7896,61.421,60.1608,58.1799,55.7653,53.206,50.7192,48.4335,46.4055,44.6455,43.1387,41.8598,40.7805,39.874,39.1166,38.4878,37.9707,37.5515,37.2188,36.9633,36.7777,36.6561,36.5937,36.5869,36.6328,36.7294,36.8753,37.0695,37.3117,37.6021,37.9412,38.33,38.77,39.2629,39.8113,40.418,41.0862,41.82,42.624,43.5035,44.4647,45.5146,46.6614,47.9145,49.2848,50.7848,52.4289,54.2339,56.2192,58.4076,60.8254,63.5034,66.4779,69.7914,73.4941,77.6452,82.3151,87.5875,93.5622,100.359,108.121,117.021,127.268,139.11,152.85,168.845,187.517,209.354,234.897,264.704,299.274,338.894,383.372,431.648,481.309,528.221,566.681,590.534,595.216,579.706,547.016,502.811,453.237,403.287,356.209,313.677,276.252,243.831,215.985,192.157,171.778,154.323,139.329,126.401,115.207,105.473,96.9684,89.5044,
 ,8,295.928,336.313,384.314,440.754,505.699,577.601,652.175,721.519,774.671,800.758,793.885,756.178,696.287,625.027,551.676,482.437,420.522,366.963,321.503,283.28,251.245,224.375,201.762,182.641,166.382,152.474,140.506,130.146,121.125,113.227,106.277,100.131,94.6707,89.8003,85.4395,81.5215,77.9908,74.8005,71.9113,69.2898,66.9078,64.7409,62.7685,60.9725,59.3373,57.8492,56.4958,55.266,54.1493,53.1357,52.2153,51.3781,50.6137,49.9114,49.26,48.6481,48.065,47.5004,46.9455,46.3937,45.8411,45.2863,44.7307,44.1778,43.6328,43.1016,42.5904,42.1052,41.651,41.2323,40.8522,40.5134,40.2174,39.9655,39.7582,39.5958,39.4784,39.4058,39.3782,39.3954,39.4574,39.5645,39.717,39.9154,40.1604,40.453,40.7943,41.1858,41.6293,42.1266,42.6802,43.2928,43.9674,44.7075,45.5172,46.4008,47.3634,48.4108,49.5493,50.7863,52.1298,53.5892,55.1748,56.8986,58.7739,60.8161,63.0427,65.4736,68.1319,71.0439,74.2403,77.7566,81.6341,85.9212,90.6747,95.9618,101.862,108.471,115.901,124.291,133.806,144.649,157.067,171.364,187.917,207.188,229.751,256.311,287.728,325.024,369.369,421.998,483.992,555.824,636.549,722.601,806.579,877.123,921.464,930.808,905.227,853.654,788.943,722.441,661.403,609.114,566.096,531.31,502.994,479.17,457.959,437.791,417.53,396.532,374.616,351.964,328.981,306.154,283.951,262.747,242.81,224.293,207.26,191.704,177.569,164.771,153.209,142.775,133.364,124.874,117.21,110.287,104.026,98.3578,93.2199,88.558,84.3237,80.475,76.9748,73.791,70.8957,68.2651,65.8787,63.7196,61.7739,60.0308,58.4826,57.1249,55.9565,54.9803,54.2035,53.6381,53.3024,53.2212,53.4269,53.9591,54.8624,56.1796,57.9356,60.1079,62.5774,65.0724,67.1433,68.2453,67.9583,66.2236,63.38,59.9612,56.452,53.1676,50.2578,47.7605,45.6551,43.8963,42.4336,41.2199,40.2146,39.3838,38.7004,38.1424,37.6923,37.3363,37.0633,36.8647,36.7336,36.6646,36.6535,36.6971,36.7931,36.9399,37.1365,37.3825,37.6779,38.0234,38.4199,38.869,39.3727,39.9332,40.5537,41.2376,41.989,42.8126,43.7141,44.6998,45.777,46.9542,48.2413,49.6496,51.192,52.884,54.7431,56.7898,59.0484,61.5471,64.3191,67.4034,70.8464,74.7031,79.0388,83.932,89.4766,95.786,102.998,111.278,120.833,131.911,144.822,159.944,177.746,198.8,223.801,253.576,289.07,331.281,381.102,438.97,504.245,574.257,643.261,702.082,739.703,747.35,722.982,672.484,606.393,535.188,466.389,404.1,349.838,303.593,264.621,231.923,204.494,181.428,161.952,145.424,131.322,119.221,108.778,99.7155,91.8078,
 ,7,316.546,364.283,422.643,493.611,578.568,676.98,784.17,888.761,972.15,1013.82,1002.14,941.765,849.611,744.75,641.633,548.504,468.57,401.904,347.078,302.196,265.412,235.128,210.034,189.09,171.475,156.547,143.802,132.843,123.357,115.093,107.853,101.475,95.8291,90.8078,86.324,82.3054,78.692,75.4338,72.4889,69.822,67.4032,65.2072,63.2122,61.3997,59.7536,58.2597,56.9058,55.6801,54.5723,53.5721,52.6692,51.8531,51.1126,50.4359,49.8105,49.2232,48.6613,48.1125,47.5664,47.0152,46.4542,45.8825,45.3022,44.7184,44.1381,43.569,43.0192,42.496,42.0055,41.5528,41.1416,40.7747,40.4537,40.1796,39.9527,39.7732,39.6409,39.5554,39.5165,39.5239,39.5775,39.6773,39.8235,40.0165,40.257,40.5457,40.8839,41.2728,41.7142,42.2101,42.7627,43.3748,44.0494,44.7902,45.6009,46.4863,47.4514,48.5019,49.6444,50.8864,52.2359,53.7025,55.2969,57.0312,58.9191,60.9764,63.2211,65.6737,68.358,71.3015,74.536,78.0985,82.0324,86.3885,91.227,96.6193,102.651,109.423,117.061,125.714,135.566,146.845,159.83,174.874,192.419,213.023,237.396,266.442,301.309,343.444,394.628,456.966,532.71,623.755,730.479,849.586,971.117,1076.53,1142.06,1149.93,1100.21,1010.83,905.619,803.026,712.797,637.931,577.684,529.731,491.34,459.916,433.227,409.488,387.39,366.074,345.086,324.282,303.736,283.639,264.219,245.686,228.203,211.875,196.75,182.831,170.087,158.459,147.879,138.266,129.541,121.624,114.44,107.918,101.995,96.6113,91.7141,87.2565,83.1963,79.4967,76.1249,73.0522,70.2539,67.7086,65.3982,63.3075,61.4246,59.7404,58.2491,56.9481,55.8388,54.9268,54.2231,53.745,53.518,53.5774,53.9707,54.7598,56.0209,57.8407,60.3006,63.4361,67.1578,71.1266,74.646,76.7408,76.5878,74.0692,69.8621,64.9538,60.1322,55.8201,52.1554,49.1215,46.6391,44.616,42.9671,41.6209,40.5204,39.6207,38.8867,38.2915,37.8139,37.4374,37.1494,36.9399,36.801,36.7269,36.7127,36.755,36.8513,36.9998,37.1994,37.4497,37.7506,38.1027,38.5072,38.9655,39.4797,40.0523,40.6864,41.3854,42.1538,42.9963,43.9187,44.9276,46.0305,47.2362,48.5549,49.9981,51.5795,53.3149,55.2228,57.3247,59.646,62.2167,65.0718,68.2534,71.811,75.8042,80.3039,85.3962,91.1847,97.7957,105.384,114.139,124.298,136.152,150.07,166.514,186.07,209.477,237.672,271.826,313.38,364.033,425.619,499.738,586.891,684.863,786.357,877.081,937.364,950.049,910.95,831.826,732.469,630.486,536.616,455.324,387.206,331.033,284.979,247.215,216.133,190.406,168.969,150.979,135.773,122.829,111.735,102.164,93.8551,
 ,6,335.525,390.644,459.834,546.757,655.031,786.524,937.638,1093.48,1223.75,1290.25,1270.1,1173.46,1033.03,881.304,739.395,617.092,516.459,435.543,371.006,319.489,278.124,244.634,217.263,194.675,175.856,160.032,146.612,135.137,125.253,116.679,109.194,102.621,96.8188,91.6712,87.0848,82.9825,79.3006,75.9863,72.9956,70.2916,67.8431,65.6238,63.6114,61.787,60.1339,58.638,57.2868,56.0687,54.9732,53.9899,53.1083,52.3176,51.6058,50.9599,50.3658,49.8085,49.2726,48.7439,48.2096,47.6605,47.0912,46.5009,45.893,45.2746,44.6548,44.0437,43.4513,42.8865,42.3567,41.8677,41.4236,41.0272,40.6801,40.3831,40.1362,39.9393,39.7918,39.6932,39.6429,39.6404,39.6854,39.7778,39.9176,40.105,40.3406,40.6251,40.9596,41.3454,41.7841,42.2777,42.8286,43.4392,44.1128,44.8529,45.6635,46.549,47.5147,48.5665,49.7107,50.955,52.3076,53.7783,55.3778,57.1183,59.0141,61.081,63.3374,65.8045,68.5067,71.472,74.7335,78.3292,82.3043,86.7117,91.6142,97.0869,103.22,110.121,117.923,126.788,136.915,148.553,162.013,177.692,196.092,217.865,243.854,275.167,313.256,360.035,418.005,490.363,580.989,694.048,832.636,995.488,1170.99,1330.65,1431.46,1437.84,1349.98,1203.72,1042.1,893.387,768.853,669.426,591.692,531.166,483.638,445.586,414.225,387.433,363.66,341.839,321.297,301.661,282.775,264.622,247.256,230.756,215.197,200.63,187.08,174.545,163,152.404,142.703,133.839,125.748,118.369,111.64,105.505,99.9098,94.8051,90.146,85.892,82.0067,78.4576,75.2161,72.2568,69.5576,67.0996,64.8668,62.8459,61.0267,59.4017,57.9669,56.7215,55.669,54.8178,54.1824,53.7852,53.6586,53.8486,54.4187,55.4552,57.072,59.4126,62.6395,66.892,72.1739,78.1295,83.7559,87.3829,87.4412,83.6963,77.4652,70.5029,64.0096,58.4829,53.9829,50.3868,47.5275,45.2498,43.427,41.9604,40.7754,39.8156,39.0385,38.412,37.9116,37.5187,37.2188,37.001,36.8565,36.779,36.7632,36.8055,36.9031,37.0541,37.2574,37.5123,37.8191,38.1782,38.5908,39.0584,39.5831,40.1676,40.8148,41.5287,42.3134,43.174,44.1163,45.147,46.274,47.5061,48.8537,50.3287,51.9452,53.7194,55.6703,57.8204,60.196,62.8284,65.7546,69.0186,72.6732,76.7817,81.4203,86.6813,92.6776,99.5468,107.459,116.626,127.313,139.852,154.669,172.307,193.467,219.061,250.279,288.671,336.253,395.586,469.78,562.217,675.595,809.558,956.241,1094.82,1191.22,1212.25,1149.32,1025.83,878.309,735.086,610.062,506.706,423.403,356.862,303.702,261.017,226.481,198.292,175.073,155.774,139.593,125.912,114.254,104.246,95.5952,
 ,5,351.421,413.175,492.462,594.952,727.291,895.335,1098.95,1321.35,1517.08,1619.43,1585.69,1436.57,1231.51,1021.71,834.996,681.141,559.443,464.778,391.278,333.851,288.524,252.323,223.062,199.129,179.336,162.796,148.839,136.959,126.762,117.945,110.27,103.545,97.6217,92.3764,87.7107,83.5438,79.8092,76.4519,73.4262,70.694,68.2233,65.9872,63.9628,62.1309,60.4748,58.9804,57.6351,56.4275,55.3472,54.3839,53.527,52.7653,52.0863,51.4758,50.9179,50.3956,49.8907,49.3861,48.8667,48.3212,47.7435,47.1331,46.4949,45.8383,45.1751,44.5182,43.8797,43.2704,42.699,42.172,41.6938,41.2672,40.8935,40.5734,40.3065,40.0921,39.9296,39.818,39.7564,39.7441,39.7806,39.8655,39.9987,40.1803,40.4107,40.6907,41.0211,41.4033,41.8387,42.3294,42.8776,43.4859,44.1574,44.8956,45.7045,46.5887,47.5532,48.604,49.7477,50.9917,52.3446,53.8159,55.4166,57.1592,59.0577,61.1285,63.3902,65.8642,68.5754,71.5524,74.8289,78.444,82.4439,86.883,91.8264,97.3517,103.552,110.542,118.459,127.475,137.801,149.704,163.521,179.682,198.746,221.44,248.728,281.897,322.684,373.453,437.428,518.976,623.858,759.162,932.109,1145.91,1389.9,1624.49,1777.44,1782.15,1639.13,1415.63,1183.71,982.357,821.692,698.13,604.191,532.571,477.296,433.797,398.67,369.428,344.279,321.971,301.66,282.808,265.1,248.372,232.554,217.625,203.588,190.447,178.201,166.834,156.322,146.629,137.712,129.525,122.017,115.138,108.839,103.071,97.7913,92.9573,88.5312,84.4781,80.7663,77.3677,74.2569,71.4117,68.8127,66.443,64.2886,62.3379,60.5824,59.0161,57.6363,56.444,55.4446,54.6486,54.0736,53.7462,53.7051,54.0055,54.7254,55.9741,57.9031,60.7158,64.6698,70.0425,76.9998,85.2609,93.5314,99.2073,99.5567,94.1514,85.3279,75.928,67.6028,60.8379,55.5369,51.4282,48.2388,45.7456,43.7795,42.216,40.9644,39.9582,39.1483,38.4986,37.9817,37.5772,37.2694,37.0462,36.8987,36.8197,36.804,36.8476,36.9475,37.1019,37.3095,37.5698,37.8828,38.2491,38.67,39.1469,39.6821,40.2783,40.9385,41.6666,42.4671,43.3449,44.3062,45.3575,46.5069,47.7634,49.1373,50.6411,52.2887,54.0967,56.0847,58.2755,60.6964,63.3794,66.363,69.6931,73.4248,77.6245,82.3726,87.7671,93.9279,101.003,109.175,118.673,129.789,142.889,158.448,177.081,199.594,227.056,260.893,303.025,356.039,423.409,509.693,620.511,761.762,936.777,1139.35,1342.23,1490.64,1524.2,1426.25,1240.78,1030.95,838.654,679.337,553.264,455.163,378.956,319.402,272.412,234.922,204.667,179.976,159.609,142.639,128.368,116.261,105.907,96.9858,
 ,4,362.78,429.505,516.582,631.536,784.074,984.659,1238.45,1529.59,1797.88,1941.35,1890.33,1680.77,1406.93,1139.85,911.809,730.57,591.547,486.071,405.77,343.984,295.796,257.671,227.085,202.22,181.757,164.726,150.405,138.249,127.841,118.861,111.056,104.229,98.2238,92.9124,88.193,83.9824,80.212,76.8257,73.7765,71.0257,68.5407,66.2942,64.2632,62.4284,60.7731,59.2833,57.9465,56.7518,55.689,54.7479,53.9181,53.1882,52.545,51.9733,51.4557,50.9724,50.5026,50.0258,49.5239,48.9835,48.3974,47.7656,47.0949,46.3972,45.6876,44.982,44.2951,43.6396,43.0255,42.4598,41.9471,41.4903,41.0904,40.7475,40.461,40.2298,40.0527,39.9284,39.8559,39.8341,39.8621,39.9396,40.0663,40.242,40.4671,40.7423,41.0683,41.4463,41.878,42.365,42.9098,43.5148,44.1831,44.9181,45.724,46.6051,47.5667,48.6146,49.7553,50.9965,52.3465,53.815,55.4131,57.1531,59.0494,61.1182,63.3784,65.8515,68.5626,71.5407,74.8198,78.4395,82.4468,86.897,91.8564,97.4043,103.637,110.67,118.647,127.744,138.183,150.241,164.273,180.734,200.219,223.513,251.664,286.094,328.757,382.367,450.733,539.21,655.241,808.735,1011.37,1272.24,1584.5,1899.81,2112.44,2115.19,1909.3,1603.19,1301.84,1052.36,860.763,717.6,611.031,531.031,470.045,422.601,384.788,353.819,327.717,305.089,284.975,266.724,249.915,234.283,219.67,205.984,193.172,181.2,170.04,159.664,150.042,141.141,132.923,125.346,118.371,111.954,106.056,100.636,95.6569,91.0838,86.8837,83.0269,79.4859,76.236,73.2552,70.5239,68.025,65.7437,63.6676,61.7869,60.0943,58.5852,57.2581,56.1154,55.1638,54.4157,53.8906,53.6182,53.6415,54.0222,54.8488,56.2475,58.3979,61.5517,66.0464,72.2874,80.6151,90.8856,101.619,109.313,109.959,102.905,91.626,80.0634,70.218,62.4845,56.587,52.1114,48.6932,46.0546,43.9941,42.3682,41.0745,40.0397,39.2102,38.547,38.0211,37.6107,37.2993,37.0743,36.9264,36.8482,36.8343,36.8805,36.9839,37.1426,37.3552,37.6213,37.941,38.3149,38.7442,39.2306,39.7762,40.3839,41.0568,41.7989,42.6145,43.509,44.4882,45.559,46.7293,48.0082,49.4062,50.9355,52.6104,54.4474,56.4664,58.6903,61.1468,63.8687,66.8953,70.2737,74.0606,78.3249,83.15,88.638,94.9141,102.133,110.489,120.225,131.648,145.154,161.255,180.622,204.141,233.003,268.823,313.814,371.033,444.723,540.717,666.759,832.122,1044.8,1302.49,1573.95,1781.75,1830.17,1691.19,1436.81,1162.72,923.641,733.844,588.707,478.74,395.053,330.684,280.522,240.892,209.159,183.425,162.309,144.79,130.109,117.692,107.099,97.993,
 ,3,368.424,437.632,528.671,650.12,813.516,1032.31,1315.58,1649.45,1965.27,2136.22,2072.2,1821.18,1503.22,1201.93,950.757,754.99,607.143,496.32,412.725,348.856,299.315,260.286,229.08,203.78,183.005,165.746,151.255,138.969,128.462,119.403,111.537,104.661,98.6156,93.2718,88.5258,84.2934,80.5052,77.1043,74.0437,71.2841,68.7928,66.5425,64.5102,62.6767,61.0256,59.5431,58.2171,57.037,55.9929,55.0752,54.2736,53.5765,52.9706,52.4396,51.9644,51.5227,51.0905,50.6439,50.1615,49.6273,49.033,48.3792,47.6746,46.9344,46.177,45.4217,44.6858,43.9841,43.3276,42.7239,42.1779,41.692,41.267,40.9025,40.5974,40.3502,40.1593,40.0232,39.9402,39.9093,39.9294,39.9997,40.1199,40.2897,40.5095,40.7796,41.1008,41.4743,41.9016,42.3844,42.9249,43.5257,44.1897,44.9205,45.7219,46.5984,47.5552,48.5981,49.7336,50.9692,52.3134,53.7757,55.3672,57.1001,58.989,61.0499,63.3016,65.7658,68.4676,71.4359,74.7047,78.314,82.3107,86.7505,91.7,97.2391,103.464,110.494,118.471,127.577,138.034,150.126,164.215,180.769,200.397,223.912,252.403,287.358,330.834,385.724,456.135,547.944,669.512,832.357,1050.86,1338.01,1690.36,2055.44,2306.15,2307.11,2060.32,1702.96,1360.69,1084.09,875.621,721.964,608.667,524.184,460.114,410.527,371.262,339.392,312.849,290.175,270.346,252.648,236.596,221.863,208.232,195.562,183.76,172.762,162.518,152.99,144.142,135.936,128.338,121.313,114.823,108.833,103.308,98.2146,93.5213,89.1976,85.2155,81.5491,78.1748,75.071,72.2184,69.5998,67.2001,65.0065,63.0081,61.1963,59.5652,58.1111,56.8338,55.7363,54.8264,54.1173,53.6298,53.3948,53.4571,53.881,54.759,56.2242,58.467,61.7582,66.4684,73.0578,81.9472,93.0679,104.883,113.494,114.285,106.486,94.1244,81.6447,71.1802,63.0665,56.9422,52.3311,48.8308,46.1415,44.0493,42.4034,41.0971,40.0543,39.2202,38.5546,38.0278,37.6176,37.3074,37.0843,36.9389,36.8638,36.8534,36.9038,37.0118,37.1757,37.3941,37.6666,37.9934,38.3751,38.8131,39.3089,39.865,40.4841,41.1695,41.9252,42.7556,43.6661,44.6625,45.7518,46.9417,48.2414,49.6613,51.2134,52.912,54.7734,56.8173,59.0667,61.5493,64.298,67.3524,70.7603,74.5794,78.8797,83.7466,89.2846,95.6223,102.919,111.375,121.24,132.834,146.569,162.979,182.766,206.867,236.544,273.519,320.171,379.821,457.128,558.618,693.208,872.161,1106.53,1397.31,1712.17,1959.41,2017.7,1850.34,1550.38,1236.17,969.472,762.512,607.029,490.798,403.241,336.418,284.656,243.955,211.487,185.236,163.748,145.957,131.074,118.503,107.792,98.5932,
 ,2,367.738,436.479,526.77,646.989,808.32,1023.62,1301.16,1626.56,1932.68,2097.42,2034.61,1790.12,1479.91,1185.73,940.287,748.523,603.209,493.922,411.256,347.959,298.776,259.98,228.928,203.731,183.028,165.818,151.361,139.1,128.61,119.563,111.705,104.835,98.7926,93.4509,88.7062,84.4744,80.6866,77.2861,74.226,71.4674,68.9778,66.7301,64.7018,62.8737,61.2298,59.7568,58.443,57.2783,56.2532,55.3586,54.5845,53.9197,53.3503,52.8593,52.426,52.0259,51.6317,51.2159,50.7536,50.2262,49.6242,48.9488,48.2108,47.4287,46.6246,45.8211,45.0382,44.2925,43.596,42.9569,42.3799,41.8673,41.4192,41.035,40.713,40.4513,40.2479,40.1009,40.0084,39.9691,39.9816,40.0452,40.1591,40.3232,40.5375,40.8024,41.1186,41.4873,41.9096,42.3875,42.9231,43.5187,44.1775,44.9027,45.6983,46.5687,47.519,48.5548,49.6827,50.9102,52.2455,53.6982,55.2791,57.0006,58.8767,60.9238,63.1602,65.6076,68.2906,71.2382,74.484,78.0675,82.0354,86.4431,91.3564,96.8546,103.034,110.01,117.928,126.965,137.343,149.344,163.326,179.752,199.229,222.56,250.823,285.49,328.594,382.984,452.7,543.5,663.532,823.935,1038.43,1318.98,1661.08,2012.93,2252.79,2252.91,2015.42,1669.96,1336.8,1065.72,860.181,707.886,595.082,510.642,446.415,396.626,357.213,325.311,298.888,276.499,257.117,240.01,224.664,210.722,197.934,186.127,175.182,165.014,155.557,146.764,138.591,131,123.957,117.428,111.381,105.784,100.606,95.8194,91.3959,87.3098,83.5367,80.0542,76.8417,73.8804,71.1533,68.6455,66.3435,64.2362,62.3141,60.5697,58.9982,57.5967,56.3656,55.3085,54.4336,53.7542,53.291,53.0746,53.1486,53.5759,54.4456,55.8851,58.0754,61.2702,65.81,72.1048,80.5008,90.8586,101.693,109.475,110.153,103.059,91.7055,80.0779,70.19,62.4331,56.5248,52.0458,48.6285,45.9931,43.9372,42.3167,41.0288,40,39.1769,38.5202,38.001,37.5975,37.2933,37.0759,36.9359,36.8661,36.8612,36.9171,37.0309,37.2009,37.4258,37.7053,38.0396,38.4294,38.8762,39.3816,39.9482,40.5787,41.2765,42.0455,42.8905,43.8165,44.8296,45.9366,47.1453,48.4645,49.9045,51.4771,53.1961,55.0777,57.141,59.4087,61.908,64.6714,67.7384,71.1567,74.9839,79.2905,84.1624,89.7047,96.0472,103.351,111.816,121.698,133.317,147.088,163.553,183.419,207.633,237.47,274.665,321.609,381.619,459.305,561.039,695.38,872.93,1103.78,1387.99,1693.41,1931.48,1986.47,1823.63,1531.73,1224.6,962.665,758.568,604.745,489.477,402.488,336.008,284.458,243.89,211.508,185.315,163.865,146.1,131.233,118.673,107.97,98.7754,
 ,1,360.834,426.24,511.232,622.815,769.808,961.272,1200.59,1471.17,1716.71,1845.85,1797.37,1602.93,1347.71,1098.06,884.231,713.156,580.748,479.391,401.636,341.442,294.268,256.806,226.661,202.095,181.839,164.952,150.732,138.647,128.289,119.343,111.562,104.751,98.7558,93.4505,88.7346,84.5257,80.7562,77.3708,74.3232,71.5753,69.0952,66.8564,64.8366,63.0175,61.3835,59.9216,58.6206,57.4712,56.4641,55.591,54.8421,54.2065,53.6702,53.2157,52.8209,52.4591,52.1001,51.7131,51.2698,50.7491,50.1402,49.4449,48.6763,47.856,47.0095,46.1625,45.3376,44.5528,43.8212,43.1511,42.5472,42.0113,41.5434,41.1422,40.8056,40.5314,40.3171,40.1605,40.0596,40.0127,40.0184,40.0756,40.1837,40.3422,40.5511,40.8107,41.1217,41.4851,41.9021,42.3746,42.9044,43.4941,44.1466,44.8652,45.6536,46.5163,47.4582,48.485,49.6031,50.8198,52.1433,53.583,55.1495,56.8551,58.7135,60.7408,62.9552,65.3778,68.0329,70.949,74.159,77.7017,81.6229,85.9769,90.828,96.2538,102.348,109.224,117.023,125.915,136.118,147.903,161.614,177.698,196.732,219.479,246.958,280.542,322.114,374.272,440.637,526.246,637.992,784.838,976.894,1221,1508.47,1793.29,1981.65,1981.95,1795.74,1516.17,1236.13,1000.04,815.668,675.829,570.34,490.239,428.635,380.488,342.167,311.069,285.319,263.562,244.822,228.391,213.76,200.561,188.534,177.49,167.295,157.851,149.083,140.934,133.359,126.316,119.771,113.693,108.05,102.814,97.9592,93.4592,89.2901,85.4295,81.856,78.5502,75.494,72.671,70.0663,67.6666,65.4603,63.4374,61.5898,59.911,58.3967,57.045,55.8564,54.8349,53.9882,53.3293,52.8776,52.6616,52.7216,53.1144,53.9198,55.2491,57.2559,60.1471,64.1847,69.6521,76.7213,85.1133,93.5223,99.3121,99.7096,94.273,85.3725,75.8956,67.5159,60.7198,55.4048,51.2931,48.1073,45.6215,43.6651,42.1126,40.8727,39.8788,39.0816,38.4448,37.9413,37.5506,37.2571,37.0491,36.9174,36.8552,36.8575,36.9203,37.0411,37.218,37.4501,37.7371,38.0793,38.4776,38.9334,39.4486,40.0256,40.6675,41.3777,42.1601,43.0194,43.9608,44.9904,46.1147,47.3415,48.6795,50.1384,51.7299,53.467,55.3654,57.4433,59.7227,62.2299,64.9965,68.0612,71.4706,75.2819,79.5646,84.4038,89.9039,96.1932,103.431,111.816,121.597,133.091,146.705,162.966,182.565,206.418,235.754,272.232,318.107,376.452,451.406,548.423,674.306,836.543,1040.58,1281.99,1530.53,1716.55,1756.62,1626.9,1390.49,1133.05,905.693,723.218,582.457,475.088,392.96,329.546,279.98,240.73,209.245,183.675,162.668,145.223,130.591,118.207,107.636,98.5416,
 ,0,348.521,408.321,484.594,582.357,707.221,863.564,1049.72,1248.91,1420.49,1508.02,1476.4,1342.88,1158.4,968.632,798.723,657.381,544.222,455.121,385.193,330.068,286.245,251.044,222.457,198.988,179.517,163.202,149.405,137.637,127.519,118.757,111.119,104.42,98.5115,93.2755,88.6148,84.4501,80.7164,77.36,74.3363,71.6083,69.1451,66.921,64.9143,63.1075,61.4853,60.0354,58.7474,57.6119,56.6209,55.7659,55.0381,54.4265,53.9173,53.4925,53.1291,52.7987,52.4687,52.1055,51.678,51.1628,50.5483,49.8368,49.043,48.1914,47.3104,46.4283,45.5696,44.7535,43.9939,43.2992,42.6739,42.1197,41.6361,41.2214,40.8731,40.5887,40.3655,40.2011,40.093,40.0396,40.0393,40.0908,40.1933,40.3465,40.5501,40.8044,41.11,41.4679,41.8792,42.3456,42.8691,43.4521,44.0973,44.808,45.588,46.4416,47.3735,48.3893,49.4954,50.6988,52.0076,53.431,54.9794,56.6648,58.5006,60.5025,62.6882,65.0783,67.6966,70.5707,73.7326,77.2201,81.0774,85.3569,90.1209,95.444,101.416,108.146,115.768,124.445,134.382,145.834,159.124,174.666,192.991,214.795,240.993,272.8,311.85,360.339,421.231,498.467,597.116,723.15,882.135,1075.28,1290.99,1493.38,1621.73,1622.56,1496.78,1298.85,1089.08,902.445,749.841,629.729,536.431,463.939,407.174,362.186,326.008,296.438,271.852,251.051,233.152,217.501,203.619,191.152,179.842,169.498,159.979,151.183,143.029,135.456,128.414,121.865,115.771,110.102,104.829,99.9277,95.3723,91.1405,87.211,83.5639,80.1807,77.0441,74.1384,71.449,68.9629,66.6684,64.5552,62.6146,60.8394,59.2239,57.7646,56.4597,55.31,54.3193,53.4946,52.8478,52.3962,52.1649,52.1888,52.5162,53.2129,54.3677,56.0974,58.549,61.8893,66.2622,71.6747,77.7684,83.528,87.2614,87.3774,83.6343,77.3661,70.3563,63.8254,58.2769,53.7694,50.1758,47.3256,45.0611,43.2539,41.8044,40.6374,39.6961,38.938,38.331,37.8506,37.4784,37.2,37.0046,36.8838,36.8314,36.8424,36.9135,37.0423,37.227,37.4669,37.7619,38.1124,38.5194,38.9845,39.5096,40.0973,40.7507,41.4732,42.269,43.1428,44.0997,45.1458,46.2876,47.5325,48.8891,50.3667,51.9762,53.73,55.6429,57.7319,60.0177,62.5251,65.2844,68.3325,71.7146,75.4862,79.7151,84.4844,89.8959,96.0746,103.175,111.389,120.957,132.182,145.451,161.263,180.266,203.316,231.544,266.46,310.081,365.073,434.87,523.634,635.793,774.75,940.254,1123.57,1299.7,1423.19,1445.77,1354.74,1186.39,994.121,815.268,664.953,544.565,449.988,375.969,317.789,271.676,234.755,204.874,180.434,160.236,143.381,129.186,117.13,106.809,97.907,
 ,-1,332.099,384.91,450.652,532.384,632.859,752.897,888.15,1024.55,1135.94,1191.17,1172.15,1087.22,963.524,829.004,702.164,591.654,499.535,424.478,363.884,315.009,275.426,243.148,216.612,194.606,176.195,160.66,147.445,136.117,126.335,117.832,110.395,103.854,98.071,92.9346,88.3534,84.2529,80.5712,77.257,74.2679,71.5684,69.1289,66.9247,64.9352,63.1433,61.5345,60.0971,58.8211,57.6979,56.7196,55.8784,55.1657,54.5709,54.0803,53.6756,53.3333,53.024,52.7135,52.3661,51.9492,51.4376,50.8192,50.0965,49.2858,48.413,47.5089,46.6032,45.7218,44.885,44.1066,43.3954,42.7558,42.1891,41.6947,41.2705,40.914,40.6222,40.3924,40.2218,40.1082,40.0494,40.0439,40.0904,40.1879,40.336,40.5345,40.7836,41.0837,41.4358,41.841,42.3009,42.8174,43.3929,44.0299,44.7318,45.5022,46.3451,47.2654,48.2684,49.3604,50.5481,51.8395,53.2435,54.7702,56.4312,58.2397,60.2106,62.3614,64.7119,67.2849,70.1071,73.2094,76.6279,80.4049,84.5905,89.2442,94.4365,100.253,106.795,114.188,122.585,132.175,143.191,155.928,170.757,188.151,208.717,233.239,262.739,298.545,342.384,396.475,463.581,546.928,649.733,773.877,916.999,1067.73,1201.24,1282.5,1283.75,1205.45,1075.87,929.967,792.085,673.168,575.309,496.498,433.459,382.938,342.157,308.889,281.403,258.375,238.8,221.915,207.146,194.06,182.331,171.716,162.031,153.138,144.934,137.337,130.286,123.729,117.626,111.943,106.649,101.718,97.1254,92.8488,88.8681,85.164,81.719,78.5167,75.5418,72.7805,70.2198,67.8484,65.6558,63.633,61.7722,60.0671,58.5127,57.1058,55.845,54.7308,53.7666,52.9586,52.3168,51.8562,51.5973,51.5689,51.8092,52.3685,53.3114,54.7174,56.6764,59.2729,62.5454,66.4048,70.5087,74.1515,76.3465,76.2614,73.7752,69.5724,64.655,59.824,55.5093,51.8502,48.8285,46.3634,44.3606,42.7341,41.4115,40.3354,39.4606,38.7521,38.1828,37.7318,37.3828,37.1232,36.9435,36.836,36.7951,36.8165,36.8971,37.0347,37.228,37.4763,37.7798,38.139,38.555,39.0295,39.5647,40.1632,40.8282,41.5634,42.3728,43.2613,44.2341,45.2972,46.457,47.7208,49.0967,50.5936,52.2216,53.9922,55.9188,58.0169,60.3055,62.8072,65.5502,68.569,71.9066,75.6158,79.7619,84.4249,89.7029,95.7157,102.611,110.57,119.82,130.642,143.396,158.539,176.659,198.523,225.132,257.801,298.247,348.672,411.768,490.46,587.051,701.408,828.682,957.968,1071.45,1144.23,1152.68,1091.2,978.404,843.929,711.913,595.113,497.346,417.715,353.562,301.958,260.295,226.437,198.704,175.795,156.708,140.67,127.087,115.494,105.527,96.899,
 ,-2,313.054,358.394,413.304,479.312,557.233,645.985,740.791,831.347,901.964,936.158,924.919,872.119,791.627,699.484,608.088,524.635,452.099,390.814,339.797,297.578,262.652,233.669,209.492,189.198,172.046,157.449,144.941,134.15,124.783,116.601,109.417,103.075,97.4497,92.4396,87.9601,83.9416,80.3263,77.0664,74.1216,71.4584,69.0488,66.8693,64.9004,63.1256,61.5314,60.1065,58.8412,57.7277,56.7582,55.9253,55.2207,54.6341,54.1517,53.7556,53.4218,53.1207,52.8175,52.476,52.0627,51.5522,50.9319,50.2045,49.3868,48.5056,47.592,46.6768,45.7862,44.9407,44.1543,43.4359,42.7898,42.2172,41.7175,41.2884,40.9273,40.6311,40.3971,40.2225,40.1047,40.0419,40.0322,40.0744,40.1675,40.311,40.5046,40.7485,41.043,41.3891,41.7879,42.2408,42.7498,43.3169,43.945,44.6371,45.3966,46.2276,47.1347,48.1232,49.199,50.3687,51.6401,53.0217,54.5233,56.1561,57.9328,59.8678,61.9778,64.2818,66.8016,69.5628,72.5947,75.9316,79.6135,83.6877,88.2099,93.2463,98.8757,105.193,112.313,120.375,129.549,140.045,152.122,166.104,182.397,201.509,224.086,250.938,283.086,321.79,368.572,425.159,493.287,574.195,667.574,769.784,871.637,957.372,1007.86,1009.3,961.911,879.749,781.933,684.016,594.942,518.163,453.873,400.768,357.075,321.042,291.139,266.097,244.901,226.748,211.012,197.207,184.96,173.981,164.051,154.999,146.697,139.044,131.961,125.389,119.276,113.584,108.278,103.329,98.7134,94.4074,90.3908,86.6452,83.1534,79.8995,76.869,74.0484,71.4253,68.9884,66.7274,64.6333,62.6979,60.9144,59.277,57.7814,56.4245,55.2051,54.1235,53.1823,52.3867,51.7448,51.2684,50.9739,50.8833,51.0249,51.4342,52.154,53.2318,54.7132,56.6258,58.9485,61.5623,64.1924,66.3848,67.589,67.3816,65.703,62.8955,59.5,56.0089,52.7429,49.8542,47.3812,45.3026,43.5725,42.1397,40.9565,39.9822,39.1828,38.5312,38.0055,37.5885,37.2666,37.0289,36.8673,36.7751,36.7474,36.7804,36.8714,37.0187,37.2212,37.4785,37.7908,38.159,38.5843,39.0685,39.614,40.2235,40.9003,41.6484,42.4718,43.3756,44.365,45.446,46.625,47.9092,49.3061,50.8243,52.4728,54.262,56.2037,58.3113,60.6014,63.0939,65.8138,68.7927,72.0701,75.6959,79.7317,84.2538,89.3554,95.1502,101.777,109.404,118.241,128.545,140.639,154.929,171.931,192.307,216.908,246.83,283.467,328.558,384.119,452.096,533.313,625.407,720.871,808.477,877.047,915.667,914.727,872.262,797.364,705.511,611.109,523.464,446.791,381.926,327.989,283.459,246.733,216.361,191.122,170.022,152.266,137.221,124.386,113.364,103.839,95.555,
 ,-3,292.793,330.891,375.729,427.835,486.969,551.398,617.042,676.935,721.931,743.324,736.557,703.461,651.138,588.598,523.704,461.822,405.844,356.838,314.76,279.004,248.754,223.171,201.487,183.037,167.263,153.707,141.992,131.812,122.918,115.108,108.216,102.106,96.6667,91.8057,87.4464,83.5254,79.9894,76.7941,73.9022,71.2822,68.908,66.7574,64.8119,63.0561,61.4771,60.0641,58.8081,57.7012,56.7363,55.9059,55.2019,54.6142,54.1293,53.7291,53.3902,53.0834,52.7745,52.428,52.011,51.4985,50.8785,50.1533,49.3395,48.4632,47.5551,46.6452,45.7595,44.9181,44.1351,43.4192,42.7748,42.2033,41.7039,41.2745,40.9126,40.6153,40.3796,40.2029,40.0827,40.0171,40.0043,40.0431,40.1323,40.2715,40.4605,40.6992,40.9881,41.3281,41.7201,42.1657,42.6665,43.2249,43.8431,44.5244,45.272,46.0898,46.9824,47.9547,49.0124,50.1621,51.411,52.7674,54.2408,55.8418,57.5826,59.477,61.5407,63.792,66.2516,68.9434,71.8952,75.1392,78.7128,82.6601,87.0326,91.8912,97.3082,103.37,110.18,117.862,126.566,136.477,147.816,160.857,175.936,193.466,213.95,238.004,266.363,299.884,339.515,386.194,440.642,502.935,571.819,643.765,712.145,767.388,799.192,800.662,771.891,719.897,654.992,586.65,521.367,462.549,411.364,367.672,330.717,299.534,273.162,250.736,231.521,214.908,200.407,187.624,176.245,166.026,156.774,148.337,140.599,133.465,126.863,120.735,115.033,109.72,104.763,100.135,95.8115,91.7726,87.9991,84.4741,81.1822,78.1091,75.2417,72.5681,70.0773,67.759,65.6044,63.6051,61.7541,60.0451,58.4731,57.0339,55.7249,54.5446,53.4932,52.5723,51.786,51.1404,50.6445,50.3104,50.1538,50.1942,50.4545,50.9599,51.7345,52.7941,54.134,55.7088,57.407,59.0292,60.2943,60.8978,60.6217,59.436,57.5137,55.1462,52.6272,50.1776,47.9283,45.937,44.2141,42.7448,41.5036,40.4621,39.5934,38.8739,38.2832,37.8049,37.4251,37.1329,36.9194,36.7777,36.7024,36.689,36.7347,36.8371,36.9948,37.207,37.4737,37.7952,38.1726,38.6074,39.1015,39.6574,40.2781,40.9672,41.7284,42.5665,43.4863,44.4934,45.5937,46.7939,48.1007,49.5217,51.0645,52.7375,54.5495,56.5102,58.6308,60.9244,63.4074,66.1008,69.0318,72.236,75.759,79.6587,84.0069,88.8918,94.4201,100.721,107.949,116.292,125.982,137.299,150.595,166.306,184.983,207.318,234.179,266.642,305.997,353.651,410.755,477.193,549.65,620.152,678.786,719.063,737.67,731.882,701.44,650.799,587.895,520.976,456.259,397.327,345.627,301.257,263.63,231.887,205.134,182.545,163.406,147.116,133.179,121.19,110.822,101.804,93.9201,
 ,-4,272.471,304.003,340.084,380.684,425.122,471.678,517.249,557.308,586.534,600.226,596.006,574.772,540.257,497.54,451.5,405.892,363.113,324.4,290.159,260.297,234.457,212.173,192.968,176.39,162.041,149.577,138.705,129.181,120.802,113.398,106.828,100.976,95.7438,91.0499,86.8262,83.0153,79.5693,76.4474,73.6155,71.0446,68.7103,66.592,64.6725,62.9371,61.3737,59.972,58.7235,57.6203,56.6556,55.822,55.1114,54.5138,54.0156,53.5995,53.2427,52.9172,52.5903,52.2285,51.8008,51.2838,50.6659,49.9495,49.1497,48.2911,47.4023,46.5118,45.6445,44.8196,44.0508,43.3468,42.712,42.1481,41.6545,41.2294,40.8705,40.575,40.3401,40.1634,40.0425,39.9754,39.9605,39.9965,40.0825,40.2179,40.4024,40.6361,40.9195,41.2532,41.6382,42.076,42.5683,43.1171,43.7249,44.3945,45.1292,45.9327,46.8094,47.7639,48.8019,49.9295,51.1538,52.4825,53.9248,55.4908,57.192,59.0414,61.0541,63.2471,65.6399,68.2551,71.1184,74.2597,77.7137,81.5209,85.7283,90.3913,95.5751,101.357,107.828,115.096,123.293,132.574,143.125,155.172,168.982,184.877,203.235,224.5,249.168,277.776,310.848,348.795,391.729,439.178,489.681,540.36,586.713,623.013,643.642,645.048,627.27,593.914,550.601,503.01,455.569,411.079,370.938,335.568,304.821,278.264,255.358,235.557,218.363,203.337,190.109,178.372,167.877,158.419,149.836,141.998,134.8,128.16,122.011,116.3,110.982,106.022,101.389,97.059,93.0089,89.2195,85.6738,82.3562,79.2528,76.3507,73.6382,71.1046,68.7401,66.5355,64.483,62.575,60.8053,59.1682,57.6592,56.2744,55.0112,53.8681,52.8448,51.9425,51.1636,50.5126,49.9958,49.6216,49.4002,49.3439,49.4658,49.7785,50.2903,51,51.888,52.9051,53.9607,54.9176,55.6038,55.8486,55.5359,54.6501,53.2813,51.589,49.7476,47.9033,46.1566,44.5642,43.15,41.9163,40.854,39.9486,39.1839,38.5445,38.0162,37.5867,37.2459,36.9851,36.7973,36.6768,36.6193,36.6214,36.6804,36.7948,36.9634,37.1857,37.4621,37.7931,38.1799,38.6244,39.1285,39.6951,40.3273,41.0288,41.8038,42.6572,43.594,44.6202,45.7418,46.9656,48.2985,49.7477,51.3204,53.0241,54.8659,56.8534,58.9944,61.298,63.7757,66.4432,69.3222,72.4429,75.8462,79.5856,83.7286,88.3585,93.5754,99.4984,106.269,114.053,123.053,133.509,145.714,160.026,176.882,196.819,220.488,248.66,282.205,321.969,368.426,420.834,475.85,526.84,566.466,590.936,599.709,592.728,570.516,535.467,491.764,444.104,396.475,351.582,310.882,274.899,243.575,216.545,193.316,173.375,156.235,141.467,128.699,117.615,107.951,99.489,92.0444,
 ,-5,252.924,278.772,307.574,339.038,372.386,406.167,438.153,465.441,484.893,493.893,491.147,477.119,453.84,424.229,391.303,357.612,324.99,294.571,266.917,242.197,220.332,201.11,184.262,169.504,156.564,145.198,135.185,126.338,118.495,111.518,105.291,99.7138,94.704,90.1906,86.114,82.4232,79.0754,76.034,73.268,70.7509,68.4603,66.3773,64.4856,62.7717,61.2242,59.8331,58.5903,57.4882,56.5198,55.6779,54.9543,54.3389,53.8187,53.3766,52.9912,52.6361,52.2812,51.8959,51.452,50.9283,50.3143,49.6119,48.8344,48.0038,47.146,46.2868,45.4492,44.6513,43.9062,43.2222,42.6042,42.0539,41.5711,41.1545,40.802,40.5111,40.2794,40.1046,39.9844,39.9171,39.9011,39.9352,40.0185,40.1505,40.3309,40.5597,40.8375,41.1648,41.5427,41.9725,42.4557,42.9945,43.5911,44.2483,44.9692,45.7573,46.6168,47.5523,48.569,49.6728,50.8704,52.1692,53.5778,55.1058,56.764,58.5648,60.5222,62.6521,64.9727,67.5049,70.2725,73.303,76.6281,80.2845,84.3147,88.7682,93.703,99.1867,105.299,112.133,119.798,128.425,138.166,149.199,161.733,176.008,192.297,210.899,232.129,256.29,283.617,314.202,347.848,383.901,421.034,457.086,489.078,513.572,527.421,528.722,517.49,495.648,466.337,432.969,398.477,364.973,333.737,305.389,280.092,257.737,238.072,220.788,205.565,192.106,180.147,169.455,159.838,151.133,143.206,135.949,129.272,123.103,117.383,112.064,107.106,102.477,98.148,94.0965,90.3019,86.7466,83.4148,80.2925,77.367,74.6268,72.0614,69.6611,67.417,65.3214,63.3667,61.5466,59.8551,58.2874,56.839,55.5065,54.2874,53.18,52.1835,51.2985,50.5263,49.8697,49.3326,48.9204,48.639,48.4952,48.4951,48.6426,48.9369,49.3684,49.913,50.5267,51.1411,51.6638,51.989,52.0183,51.6878,50.9885,49.9691,48.7196,47.3441,45.938,44.5742,43.3008,42.1441,41.1146,40.2128,39.4329,38.7666,38.2044,37.7373,37.3568,37.0553,36.8264,36.665,36.5665,36.5276,36.5456,36.6186,36.7453,36.9251,37.1579,37.4442,37.7848,38.1813,38.6354,39.1497,39.7271,40.371,41.0853,41.8746,42.744,43.6991,44.7459,45.8912,47.1419,48.5052,49.9883,51.5983,53.3416,55.224,57.2502,59.4242,61.7501,64.2329,66.8811,69.7088,72.7396,76.0084,79.5643,83.4713,87.809,92.6721,98.1713,104.434,111.608,119.865,129.405,140.466,153.328,168.326,185.852,206.36,230.353,258.336,290.687,327.362,367.308,407.714,443.941,471.294,487.407,492.171,486.108,469.978,445.287,414.407,380.097,344.897,310.743,278.876,249.93,224.107,201.331,181.381,163.964,148.774,135.519,123.931,113.773,104.841,96.9599,89.9804,
 ,-6,234.688,255.772,278.696,303.082,328.213,352.954,375.748,394.73,408.01,414.081,412.21,402.65,386.549,365.629,341.771,316.689,291.73,267.831,245.558,225.187,206.791,190.317,175.636,162.586,150.996,140.696,131.531,123.36,116.059,109.517,103.641,98.3491,93.5712,89.2471,85.3253,81.7617,78.5183,75.5627,72.8669,70.4073,68.1633,66.1176,64.2553,62.5637,61.032,59.651,58.4125,57.3091,56.334,55.4797,54.7381,54.099,53.55,53.0746,52.6529,52.2608,51.8713,51.4571,50.9935,50.4619,49.853,49.1681,48.4186,47.6232,46.8045,45.9852,45.1858,44.4229,43.7088,43.0516,42.456,41.9242,41.4566,41.052,40.7089,40.4252,40.1987,40.0275,39.9095,39.843,39.8269,39.8598,39.9409,40.0699,40.2464,40.4705,40.7427,41.0636,41.4341,41.8555,42.3294,42.8577,43.4426,44.0866,44.7929,45.5647,46.406,47.3212,48.3152,49.3936,50.5627,51.8296,53.2022,54.6897,56.3022,58.0511,59.9495,62.0123,64.2561,66.7001,69.3663,72.2794,75.4683,78.9658,82.8098,87.0441,91.7193,96.8938,102.636,109.023,116.148,124.116,133.046,143.079,154.369,167.089,181.427,197.573,215.706,235.97,258.424,282.983,309.33,336.812,364.345,390.37,412.933,429.936,439.562,440.745,433.49,418.864,398.676,375.003,349.772,324.506,300.257,277.65,256.978,238.31,221.571,206.612,193.249,181.293,170.56,160.886,152.126,144.155,136.865,130.169,123.992,118.273,112.961,108.013,103.394,99.0758,95.0321,91.2422,87.6876,84.3521,81.2216,78.2834,75.5261,72.9393,70.5135,68.24,66.1111,64.1195,62.2588,60.5229,58.9068,57.4058,56.0159,54.734,53.5575,52.4845,51.514,50.6457,49.8803,49.219,48.6639,48.2178,47.8836,47.6638,47.5601,47.5712,47.6915,47.908,48.1977,48.5244,48.8381,49.077,49.175,49.0736,48.736,48.1568,47.3633,46.4076,45.3531,44.2619,43.1856,42.1617,41.2146,40.3574,39.5952,38.9277,38.3516,37.8619,37.4532,37.12,36.8572,36.6601,36.5251,36.4488,36.4287,36.4629,36.5501,36.6894,36.8807,37.1241,37.4204,37.7707,38.1768,38.6407,39.1653,39.7535,40.4092,41.1367,41.9408,42.8271,43.8016,44.871,46.0427,47.3241,48.7231,50.2473,51.904,53.699,55.6367,57.7191,59.9458,62.3141,64.8207,67.4639,70.248,73.1868,76.3086,79.658,83.2971,87.3042,91.7715,96.8037,102.517,109.041,116.52,125.117,135.018,146.434,159.608,174.808,192.323,212.44,235.383,261.207,289.571,319.414,348.641,374.307,393.601,404.977,408.212,403.707,392.133,374.534,352.376,327.361,301.137,275.066,250.128,226.924,205.753,186.696,169.691,154.602,141.25,129.448,119.012,109.772,101.574,94.2832,87.7803,
 ,-7,218.054,235.229,253.493,272.468,291.553,309.894,326.413,339.899,349.186,353.377,352.04,345.321,333.892,318.798,301.235,282.351,263.117,244.271,226.312,209.542,194.104,180.032,167.292,155.805,145.471,136.182,127.831,120.318,113.548,107.439,101.915,96.911,92.3688,88.2384,84.476,81.0436,77.9085,75.0421,72.4196,70.02,67.8247,65.8179,63.986,62.3173,60.8016,59.43,58.1947,57.0885,56.1043,55.2349,54.4719,53.8054,53.2234,52.7104,52.2482,51.8153,51.3879,50.9424,50.4576,49.9176,49.3145,48.6491,47.9304,47.1741,46.3989,45.6245,44.8685,44.1459,43.4678,42.8419,42.273,41.7636,41.3143,40.9246,40.5933,40.3188,40.0994,39.9332,39.8185,39.754,39.7384,39.7707,39.8503,39.9766,40.1495,40.369,40.6357,40.9501,41.3131,41.7259,42.1902,42.7075,43.2801,43.9105,44.6014,45.3561,46.1783,47.0721,48.0422,49.0939,50.233,51.4662,52.801,54.2458,55.8101,57.5045,59.341,61.3333,63.4966,65.8485,68.4087,71.1997,74.2471,77.5801,81.2321,85.2411,89.6508,94.5109,99.8785,105.819,112.405,119.722,127.862,136.929,147.037,158.303,170.849,184.784,200.197,217.127,235.534,255.255,275.947,297.039,317.69,336.797,353.071,365.206,372.117,373.183,368.403,358.392,344.225,327.193,308.561,289.411,270.557,252.551,235.716,220.201,206.034,193.169,181.515,170.96,161.388,152.685,144.747,137.481,130.804,124.646,118.948,113.657,108.731,104.135,99.8366,95.8109,92.0356,88.4918,85.1628,82.0344,79.0938,76.3294,73.7312,71.2897,68.9965,66.8439,64.8247,62.9327,61.1619,59.507,57.9633,56.5267,55.1933,53.9603,52.8249,51.7855,50.8404,49.989,49.2311,48.5669,47.997,47.5222,47.1433,46.8601,46.6713,46.573,46.5573,46.6112,46.7143,46.8384,46.9474,46.9997,46.9531,46.7717,46.4334,45.9348,45.2915,44.5347,43.7039,42.8397,41.9781,41.1477,40.3687,39.6541,39.011,38.4419,37.9467,37.5235,37.1693,36.8809,36.6552,36.4891,36.3799,36.3256,36.3242,36.3747,36.4761,36.6281,36.8308,37.0848,37.3911,37.7511,38.1667,38.6405,39.1752,39.7743,40.442,41.1828,42.0021,42.906,43.9012,44.9952,46.1961,47.5124,48.9531,50.527,52.2418,54.1039,56.1166,58.2795,60.5869,63.0283,65.5887,68.2527,71.0097,73.8606,76.8245,79.9426,83.2777,86.9114,90.938,95.4604,100.587,106.432,113.114,120.764,129.521,139.537,150.977,164.009,178.795,195.462,214.054,234.44,256.183,278.377,299.568,317.936,331.803,340.14,342.659,339.553,331.304,318.638,302.517,284.045,264.317,244.295,224.727,206.129,188.813,172.929,158.509,145.51,133.844,123.401,114.061,105.707,98.2279,91.5207,85.4941,
 ,-8,203.133,217.147,231.753,246.615,261.251,275.031,287.208,296.984,303.623,306.571,305.568,300.699,292.375,281.247,268.089,253.68,238.712,223.751,209.213,195.38,182.419,170.412,159.376,149.288,140.099,131.746,124.16,117.272,111.015,105.325,100.147,95.427,91.1195,87.183,83.5811,80.2817,77.2566,74.4812,71.9338,69.5956,67.4502,65.4834,63.6826,62.0371,60.5373,59.1748,57.9422,56.8322,55.8378,54.9516,54.1656,53.47,52.8533,52.3013,51.7976,51.3231,50.8575,50.3808,49.8752,49.3273,48.7303,48.0846,47.3974,46.6809,45.9506,45.2227,44.5124,43.8325,43.193,42.6011,42.0615,41.5769,41.1482,40.7754,40.4578,40.1942,39.9831,39.8231,39.7128,39.6511,39.6368,39.6691,39.7474,39.8713,40.0408,40.256,40.5172,40.825,41.1804,41.5845,42.0387,42.5448,43.1048,43.7209,44.3959,45.1328,45.9351,46.8066,47.7518,48.7756,49.8834,51.0816,52.3769,53.7773,55.2915,56.9292,58.7015,60.6207,62.7009,64.9578,67.4089,70.0746,72.9772,76.1425,79.5994,83.3807,87.5234,92.0693,97.0653,102.564,108.625,115.312,122.695,130.851,139.856,149.789,160.721,172.705,185.769,199.894,214.988,230.865,247.205,263.539,279.232,293.506,305.503,314.391,319.501,320.457,317.254,310.262,300.137,287.698,273.787,259.164,244.443,230.081,216.379,203.513,191.565,180.547,170.43,161.158,152.663,144.87,137.709,131.111,125.017,119.372,114.128,109.244,104.685,100.421,96.4255,92.676,89.1536,85.8416,82.7254,79.7923,77.0308,74.4307,71.983,69.6793,67.5122,65.4745,63.5602,61.7633,60.0786,58.5015,57.0275,55.6528,54.3741,53.1884,52.0932,51.0865,50.1668,49.3327,48.5835,47.9186,47.3376,46.8399,46.4247,46.0903,45.8337,45.6496,45.5299,45.4624,45.4303,45.4119,45.3814,45.3102,45.1708,44.9404,44.6053,44.163,43.623,43.0042,42.3319,41.6328,40.9321,40.2511,39.606,39.0083,38.4654,37.9813,37.5575,37.194,36.8897,36.6432,36.4525,36.3159,36.2317,36.1987,36.2157,36.2821,36.3975,36.562,36.7761,37.0406,37.3567,37.7263,38.1514,38.6347,39.1795,39.7895,40.469,41.2233,42.0582,42.9803,43.9973,45.1175,46.3504,47.706,49.195,50.8278,52.6142,54.5618,56.6743,58.9494,61.3764,63.9349,66.5948,69.3209,72.0805,74.8552,77.6517,80.5086,83.495,86.7031,90.2368,94.2033,98.7073,103.85,109.73,116.447,124.1,132.793,142.626,153.693,166.065,179.765,194.732,210.76,227.426,244.025,259.57,272.924,283.057,289.279,291.316,289.234,283.338,274.126,262.243,248.43,233.436,217.943,202.516,187.577,173.414,160.196,148.002,136.845,126.697,117.499,109.18,101.663,94.8707,88.7289,83.1681,
 ,-9,189.92,201.398,213.147,224.884,236.232,246.729,255.855,263.075,267.911,270.015,269.222,265.587,259.368,250.983,240.944,229.783,217.999,206.016,194.172,182.712,171.803,161.542,151.979,143.123,134.96,127.458,120.578,114.274,108.501,103.212,98.3663,93.9224,89.8441,86.0984,82.6552,79.488,76.5729,73.8887,71.4167,69.1406,67.0457,65.1192,63.3499,61.7278,60.244,58.8906,57.6603,56.5462,55.5412,54.6381,53.8288,53.1042,52.4533,51.8633,51.3195,50.8054,50.3037,49.7978,49.2728,48.7179,48.1272,47.5006,46.8434,46.1653,45.4786,44.7964,44.1313,43.4942,42.8939,42.337,41.8278,41.3692,40.9624,40.6079,40.3051,40.0533,39.8516,39.6987,39.5936,39.5352,39.5228,39.5555,39.633,39.7549,39.9212,40.132,40.3878,40.6891,41.0368,41.432,41.876,42.3705,42.9175,43.5189,44.1775,44.896,45.6778,46.5263,47.4458,48.4407,49.5163,50.6783,51.933,53.2876,54.7502,56.3297,58.0361,59.8806,61.8757,64.0356,66.376,68.9145,71.6709,74.6674,77.929,81.4833,85.3614,89.5977,94.2303,99.3011,104.856,110.943,117.614,124.922,132.917,141.646,151.145,161.432,172.496,184.285,196.69,209.528,222.523,235.301,247.389,258.236,267.264,273.929,277.807,278.661,276.487,271.511,264.149,254.93,244.42,233.155,221.594,210.099,198.931,188.265,178.203,168.791,160.037,151.92,144.408,137.455,131.018,125.048,119.502,114.341,109.527,105.028,100.816,96.8652,93.155,89.6662,86.3822,83.2888,80.3733,77.6243,75.032,72.5874,70.2823,68.1094,66.0619,64.1338,62.3193,60.6134,59.0113,57.5088,56.1018,54.7869,53.561,52.4213,51.3653,50.3909,49.4965,48.6804,47.9414,47.2784,46.6901,46.1753,45.7319,45.3575,45.0482,44.7985,44.6005,44.4436,44.3144,44.1962,44.0703,43.917,43.7179,43.4581,43.1286,42.7276,42.2609,41.7404,41.1825,40.6051,40.026,39.4607,38.922,38.4197,37.9605,37.5489,37.1874,36.877,36.6179,36.4096,36.2515,36.1427,36.0823,36.0697,36.1044,36.1863,36.3154,36.4921,36.7173,36.992,37.3178,37.6967,38.131,38.6238,39.1784,39.7989,40.4902,41.2578,42.1083,43.049,44.0884,45.2363,46.5036,47.9025,49.4459,51.1473,53.0196,55.0736,57.3153,59.7424,62.34,65.0766,67.9025,70.7537,73.5643,76.2851,78.9047,81.4611,84.0389,86.7532,89.7292,93.0866,96.931,101.354,106.435,112.246,118.854,126.319,134.695,144.019,154.303,165.509,177.528,190.14,202.98,215.522,227.095,236.969,244.486,249.18,250.827,249.429,245.172,238.387,229.513,219.057,207.54,195.452,183.218,171.174,159.569,148.567,138.266,128.711,119.906,111.83,104.446,97.7067,91.5612,85.9572,80.8442,
 ,-10,178.337,187.791,197.311,206.666,215.568,223.675,230.62,236.042,239.624,241.137,240.478,237.681,232.915,226.457,218.651,209.868,200.467,190.768,181.038,171.484,162.258,153.461,145.154,137.369,130.112,123.374,117.134,111.368,106.044,101.131,96.5998,92.4194,88.5616,85.0005,81.712,78.6741,75.8671,73.273,70.8759,68.6614,66.6168,64.7306,62.9927,61.394,59.9263,58.5821,57.3543,56.2363,55.2212,54.3018,53.4704,52.7183,52.0353,51.4099,50.8292,50.279,49.7449,49.213,48.6711,48.1103,47.5256,46.9166,46.2872,45.6447,44.9986,44.3594,43.7373,43.1414,42.5792,42.0566,41.5778,41.1454,40.761,40.4251,40.1378,39.8986,39.7069,39.5617,39.4622,39.4077,39.3975,39.431,39.5079,39.628,39.7913,39.9979,40.2483,40.543,40.883,41.2692,41.7029,42.1856,42.7193,43.3058,43.9476,44.6473,45.4079,46.2329,47.126,48.0915,49.134,50.259,51.4721,52.7801,54.1901,55.7103,57.3498,59.1185,61.0276,63.0897,65.3185,67.7296,70.34,73.1687,76.2369,79.5677,83.1868,87.122,91.4037,96.0645,101.139,106.663,112.672,119.201,126.282,133.937,142.18,151.004,160.379,170.237,180.469,190.908,201.325,211.427,220.863,229.242,236.165,241.271,244.282,245.044,243.554,239.954,234.513,227.582,219.547,210.788,201.644,192.399,183.271,174.418,165.945,157.912,150.35,143.261,136.635,130.45,124.678,119.291,114.258,109.55,105.139,101.002,97.1166,93.4619,90.0208,86.7774,83.7183,80.8309,78.1046,75.5296,73.0972,70.7996,68.6295,66.5807,64.647,62.8231,61.104,59.485,57.962,56.531,55.1886,53.9314,52.7566,51.6615,50.6439,49.7015,48.8326,48.0353,47.3082,46.6496,46.0579,45.5312,45.0672,44.6627,44.3137,44.0148,43.7589,43.5372,43.3387,43.1509,42.9601,42.7525,42.5153,42.2385,41.9161,41.5467,41.1338,40.6852,40.2117,39.7255,39.2391,38.764,38.3102,37.8855,37.496,37.146,36.8383,36.5746,36.3559,36.1825,36.0543,35.9713,35.9333,35.94,35.9917,36.0884,36.2306,36.4192,36.6551,36.9397,37.2749,37.6628,38.106,38.6077,39.1718,39.8025,40.5052,41.2859,42.1516,43.1107,44.1729,45.3492,46.6525,48.0976,49.7006,51.4792,53.4514,55.6334,58.0366,60.6622,63.4937,66.4888,69.573,72.6419,75.5776,78.2817,80.7137,82.9146,85.0001,87.129,89.4648,92.1498,95.2954,98.984,103.277,108.22,113.85,120.194,127.269,135.074,143.582,152.725,162.378,172.335,182.303,191.889,200.632,208.048,213.704,217.278,218.598,217.643,214.523,209.456,202.742,194.731,185.792,176.28,166.513,156.758,147.22,138.049,129.345,121.166,113.537,106.46,99.9207,93.8939,88.3479,83.2482,78.5591,
 ,-11,168.268,176.109,183.889,191.422,198.486,204.831,210.195,214.327,217.013,218.102,217.525,215.308,211.562,206.476,200.288,193.259,185.651,177.705,169.632,161.602,153.748,146.167,138.924,132.059,125.592,119.529,113.864,108.584,103.672,99.1076,94.87,90.9374,87.2887,83.9037,80.7636,77.8505,75.1483,72.642,70.318,68.164,66.1689,64.3225,62.6158,61.0405,59.5889,58.2541,57.0293,55.9081,54.8838,53.9496,53.0981,52.321,51.6091,50.9521,50.3387,49.7569,49.1947,48.6404,48.0843,47.5189,46.94,46.347,45.7425,45.1319,44.5225,43.9225,43.3399,42.7823,42.2561,41.7663,41.3167,40.9099,40.5475,40.2304,39.9586,39.7322,39.5507,39.4135,39.32,39.2697,39.262,39.2966,39.3731,39.4915,39.6519,39.8544,40.0995,40.3877,40.7199,41.097,41.5202,41.9911,42.5112,43.0826,43.7073,44.3879,45.1271,45.9281,46.7945,47.73,48.739,49.8264,50.9974,52.2582,53.6151,55.0755,56.6475,58.34,60.163,62.1273,64.2451,66.5297,68.9957,71.6592,74.538,77.651,81.0192,84.6648,88.6114,92.8839,97.5076,102.508,107.908,113.731,119.991,126.698,133.848,141.422,149.378,157.646,166.123,174.665,183.085,191.157,198.619,205.189,210.591,214.578,216.962,217.643,216.614,213.971,209.889,204.607,198.392,191.515,184.229,176.751,169.261,161.894,154.751,147.895,141.366,135.182,129.348,123.855,118.692,113.841,109.281,104.995,100.962,97.1637,93.5841,90.2071,87.0189,84.0066,81.159,78.4659,75.918,73.5072,71.2258,69.0672,67.0252,65.094,63.2685,61.5438,59.9156,58.3797,56.9324,55.5701,54.2898,53.0883,51.963,50.9115,49.9315,49.0208,48.1776,47.4,46.6863,46.0347,45.4432,44.9096,44.4314,44.0054,43.6275,43.2927,42.995,42.7268,42.4797,42.2438,42.0093,41.766,41.5051,41.2196,40.9052,40.561,40.1891,39.7945,39.3847,38.9679,38.5533,38.1492,37.7632,37.4019,37.0703,36.7725,36.5112,36.2884,36.1056,35.9635,35.8626,35.8034,35.7861,35.811,35.8786,35.9894,36.1442,36.344,36.5902,36.8843,37.2284,37.6248,38.0765,38.5868,39.1598,39.8003,40.5137,41.3067,42.1872,43.1641,44.2485,45.4529,46.7926,48.2852,49.951,51.813,53.8962,56.2254,58.8217,61.6948,64.8324,68.1844,71.648,75.063,78.2321,80.9763,83.2071,84.9741,86.4514,87.8739,89.4673,91.4081,93.815,96.7597,100.282,104.403,109.13,114.464,120.392,126.888,133.903,141.355,149.119,157.018,164.818,172.228,178.924,184.574,188.884,191.63,192.682,192.013,189.687,185.848,180.702,174.492,167.483,159.933,152.082,144.138,136.27,128.606,121.242,114.237,107.629,101.433,95.6489,90.267,85.2703,80.6373,76.3443,
 ,-12,159.581,166.137,172.555,178.686,184.359,189.389,193.587,196.776,198.809,199.585,199.056,197.242,194.221,190.124,185.119,179.393,173.141,166.545,159.769,152.955,146.215,139.638,133.286,127.205,121.421,115.948,110.791,105.948,101.408,97.162,93.1951,89.4926,86.0395,82.8204,79.8208,77.0266,74.4248,72.0028,69.7494,67.6541,65.7072,63.8997,62.2236,60.6714,59.236,57.9109,56.6897,55.5663,54.5344,53.5872,52.718,51.9191,51.182,50.4977,49.8563,49.2477,48.6618,48.089,47.5214,46.9527,46.3794,45.8006,45.218,44.6355,44.0585,43.4934,42.9464,42.4237,41.9305,41.4712,41.0492,40.6667,40.3254,40.0264,39.7699,39.5561,39.3848,39.2557,39.1683,39.1223,39.1173,39.1531,39.2294,39.3463,39.5039,39.7024,39.9422,40.2239,40.5483,40.9163,41.3291,41.7879,42.2945,42.8505,43.458,44.1193,44.8369,45.6137,46.4531,47.3583,48.3336,49.3832,50.5119,51.7252,53.0288,54.4294,55.934,57.5507,59.288,61.1555,63.1636,65.3237,67.6482,70.1507,72.8456,75.7485,78.876,82.2456,85.8752,89.7833,93.9879,98.5059,103.352,108.538,114.069,119.944,126.149,132.658,139.426,146.386,153.445,160.481,167.346,173.863,179.835,185.061,189.342,192.508,194.429,195.036,194.325,192.357,189.253,185.175,180.313,174.862,169.009,162.923,156.748,150.598,144.563,138.704,133.066,127.674,122.54,117.669,113.056,108.693,104.57,100.673,96.9898,93.5078,90.2142,87.0973,84.1462,81.3509,78.7023,76.1919,73.8121,71.5561,69.4175,67.3904,65.4696,63.65,61.9273,60.297,58.7556,57.2991,55.9242,54.628,53.4073,52.2596,51.1824,50.1733,49.2301,48.3509,47.5337,46.7767,46.0779,45.4355,44.8474,44.3114,43.8247,43.3842,42.9863,42.6264,42.2992,41.9987,41.7179,41.4496,41.186,40.92,40.6451,40.3563,40.0507,39.7273,39.3875,39.0347,38.674,38.3112,37.9527,37.605,37.2739,36.9645,36.6812,36.4275,36.206,36.019,35.8678,35.7537,35.6775,35.64,35.6419,35.6837,35.7662,35.8902,36.0569,36.2674,36.5232,36.8264,37.1789,37.5834,38.043,38.5613,39.1426,39.792,40.5155,41.32,42.214,43.2076,44.3127,45.5439,46.9186,48.4576,50.186,52.1333,54.3332,56.8222,59.6358,62.7997,66.3142,70.1294,74.115,78.039,81.5872,84.4511,86.4629,87.6902,88.4087,88.9773,89.7141,90.839,92.475,94.6763,97.4565,100.808,104.713,109.146,114.074,119.453,125.221,131.292,137.552,143.85,150.001,155.789,160.979,165.34,168.664,170.793,171.63,171.149,169.385,166.436,162.442,157.575,152.025,145.983,139.628,133.123,126.604,120.18,113.935,107.929,102.202,96.7758,91.6611,86.8578,82.3591,78.1535,74.2264,
 ,-13,152.144,157.676,163.024,168.069,172.679,176.715,180.04,182.528,184.076,184.612,184.108,182.576,180.075,176.696,172.563,167.812,162.588,157.032,151.273,145.426,139.587,133.833,128.224,122.805,117.605,112.644,107.933,103.475,99.2694,95.3102,91.5896,88.0983,84.8257,81.7609,78.8928,76.2105,73.7036,71.3619,69.1759,67.1368,65.2363,63.4665,61.8202,60.2907,58.8714,57.5564,56.3396,55.2152,54.1772,53.2194,52.3353,51.5178,50.7595,50.0522,49.3875,48.7568,48.1515,47.564,46.9874,46.4166,45.8486,45.2823,44.7187,44.1606,43.6118,43.0772,42.5618,42.0702,41.6069,41.1754,40.7786,40.4188,40.0975,39.8156,39.5738,39.3722,39.2109,39.0897,39.0084,38.9667,38.9645,39.0015,39.0778,39.1932,39.3481,39.5426,39.7772,40.0525,40.3691,40.728,41.1303,41.5772,42.0701,42.6108,43.201,43.8429,44.5389,45.2915,46.1037,46.9788,47.9202,48.932,50.0185,51.1844,52.4351,53.7762,55.2141,56.7558,58.4086,60.1809,62.0815,64.1201,66.3072,68.6537,71.1715,73.8732,76.7717,79.8805,83.2128,86.7817,90.5995,94.6767,99.0213,103.638,108.524,113.672,119.064,124.67,130.445,136.328,142.238,148.074,153.717,159.03,163.867,168.077,171.518,174.07,175.641,176.182,175.691,174.207,171.816,168.63,164.785,160.422,155.683,150.697,145.58,140.425,135.311,130.295,125.421,120.717,116.2,111.882,107.763,103.844,100.118,96.5795,93.2199,90.0308,87.0034,84.1291,81.3999,78.8079,76.3459,74.0073,71.7858,69.6757,67.6718,65.769,63.9629,62.2493,60.6241,59.0838,57.625,56.2444,54.939,53.706,52.5429,51.4471,50.4164,49.4487,48.5418,47.6938,46.9028,46.167,45.4846,44.8535,44.2716,43.7368,43.2465,42.7976,42.3868,42.0102,41.6632,41.3408,41.0377,40.7479,40.4659,40.1862,39.904,39.6158,39.3192,39.0136,38.6998,38.3802,38.0582,37.738,37.4243,37.122,36.8355,36.569,36.326,36.1097,35.9224,35.7664,35.6431,35.554,35.5,35.4823,35.5016,35.559,35.6553,35.7917,35.9694,36.1899,36.4549,36.7665,37.1268,37.5389,38.0058,38.5315,39.1204,39.7779,40.5103,41.325,42.2312,43.2395,44.3632,45.6183,47.0245,48.6061,50.3928,52.421,54.7345,57.3838,60.423,63.9012,67.8423,72.2098,76.8538,81.4599,85.5546,88.6347,90.407,90.9703,90.7634,90.3299,90.1103,90.3696,91.2255,92.704,94.7856,97.4318,100.598,104.238,108.302,112.733,117.464,122.411,127.47,132.517,137.404,141.968,146.035,149.439,152.031,153.698,154.366,154.012,152.655,150.36,147.225,143.372,138.938,134.063,128.885,123.529,118.103,112.699,107.389,102.23,97.2587,92.5029,87.9774,83.689,79.6381,75.8201,72.2275,
 ,-14,145.828,150.543,155.048,159.247,163.038,166.315,168.978,170.935,172.113,172.462,171.963,170.629,168.5,165.647,162.159,158.139,153.698,148.944,143.981,138.902,133.788,128.707,123.712,118.847,114.143,109.621,105.297,101.177,97.2663,93.5632,90.0644,86.7645,83.6569,80.7339,77.9875,75.4092,72.991,70.7247,68.6024,66.6167,64.7604,63.0267,61.4092,59.9019,58.4986,57.194,55.9824,54.8582,53.8159,52.8497,51.9535,51.1209,50.3452,49.6191,48.9355,48.287,47.6664,47.0673,46.484,45.9122,45.3493,44.794,44.2468,43.7096,43.1853,42.6772,42.1892,41.725,41.2882,40.8817,40.5079,40.1689,39.866,39.6003,39.3722,39.1823,39.0305,38.9169,38.8415,38.804,38.8045,38.8428,38.919,39.033,39.1852,39.3759,39.6053,39.8742,40.1832,40.533,40.9249,41.3599,41.8392,42.3646,42.9376,43.5602,44.2346,44.9631,45.7484,46.5934,47.5012,48.4755,49.5201,50.6391,51.8374,53.1199,54.4922,55.9601,57.5303,59.2096,61.0057,62.9266,64.9809,67.1776,69.5263,72.0367,74.7189,77.5827,80.6379,83.8933,87.3565,91.0334,94.9268,99.0359,103.355,107.871,112.565,117.405,122.35,127.345,132.321,137.195,141.871,146.245,150.203,153.635,156.437,158.52,159.822,160.305,159.967,158.836,156.971,154.453,151.379,147.855,143.987,139.875,135.609,131.27,126.921,122.616,118.395,114.286,110.31,106.481,102.805,99.285,95.9208,92.7097,89.6474,86.7288,83.9481,81.2995,78.7771,76.3751,74.088,71.9106,69.8379,67.8652,65.9883,64.203,62.5055,60.8922,59.3598,57.905,56.5249,55.2168,53.9778,52.8057,51.6979,50.6523,49.6668,48.7394,47.8681,47.0511,46.2865,45.5727,44.9077,44.2896,43.7165,43.1861,42.696,42.2436,41.8257,41.439,41.0796,40.7435,40.4262,40.1233,39.8303,39.5432,39.2584,38.9732,38.686,38.396,38.1039,37.8112,37.5205,37.2346,36.9572,36.6918,36.442,36.2111,36.002,35.8175,35.6597,35.5306,35.4318,35.3648,35.3308,35.3309,35.3662,35.4378,35.5468,35.6947,35.8827,36.1125,36.3859,36.7052,37.0729,37.4918,37.9655,38.4978,39.0935,39.7581,40.4982,41.3217,42.238,43.2587,44.3977,45.6726,47.105,48.7219,50.5576,52.6551,55.0677,57.8604,61.1081,64.8876,69.2557,74.2036,79.5769,84.9815,89.7542,93.1338,94.6511,94.451,93.1994,91.6794,90.4699,89.8723,89.9839,90.7921,92.239,94.2548,96.7708,99.7221,103.046,106.679,110.551,114.582,118.682,122.745,126.653,130.282,133.501,136.186,138.231,139.55,140.087,139.822,138.766,136.962,134.477,131.399,127.828,123.868,119.622,115.188,110.652,106.089,101.561,97.1169,92.794,88.619,84.6096,80.7766,77.125,73.6556,70.366,
 ,-15,140.515,144.58,148.418,151.955,155.109,157.8,159.954,161.501,162.391,162.589,162.082,160.882,159.021,156.551,153.541,150.07,146.224,142.089,137.747,133.275,128.742,124.206,119.717,115.312,111.025,106.876,102.884,99.0582,95.4055,91.9285,88.627,85.4989,82.5402,79.7461,77.1108,74.6283,72.2922,70.096,68.0332,66.0977,64.2831,62.5838,60.9939,59.5079,58.1206,56.8267,55.6209,54.4982,53.4534,52.4809,51.5753,50.7307,49.9411,49.2002,48.5017,47.8392,47.2067,46.5989,46.0109,45.4391,44.881,44.3354,43.8025,43.2832,42.7797,42.2945,41.8303,41.3901,40.9766,40.5923,40.2392,39.9189,39.6329,39.3819,39.1667,38.9876,38.8448,38.7385,38.6687,38.6353,38.6383,38.6779,38.7539,38.8666,39.0162,39.203,39.4274,39.69,39.9914,40.3323,40.7139,41.137,41.603,42.1132,42.6692,43.2727,43.9257,44.6303,45.389,46.2042,47.0789,48.0162,49.0195,50.0925,51.2394,52.4644,53.7724,55.1685,56.6582,58.2474,59.9424,61.7499,63.6769,65.7307,67.9187,70.2485,72.7275,75.363,78.1615,81.1286,84.2685,87.5834,91.0728,94.7324,98.5536,102.522,106.616,110.808,115.058,119.319,123.532,127.63,131.537,135.168,138.44,141.268,143.575,145.297,146.387,146.818,146.588,145.716,144.244,142.232,139.75,136.877,133.694,130.278,126.703,123.031,119.319,115.613,111.948,108.353,104.849,101.451,98.1689,95.0078,91.9705,89.0574,86.2671,83.5973,81.0446,78.6051,76.2751,74.0502,71.9266,69.9002,67.9672,66.1238,64.3665,62.6921,61.0973,59.5791,58.1347,56.7613,55.4563,54.2173,53.042,51.9282,50.8738,49.8766,48.9349,48.0468,47.2104,46.4241,45.6861,44.9947,44.3482,43.7447,43.1823,42.659,42.1725,41.7204,41.3,40.9084,40.5423,40.1984,39.8732,39.5631,39.2646,38.9747,38.6906,38.4103,38.1325,37.8566,37.583,37.3128,37.0477,36.7901,36.5424,36.3075,36.0882,35.8871,35.7067,35.5493,35.4169,35.3112,35.234,35.1866,35.1704,35.1865,35.2362,35.3208,35.4415,35.5998,35.7973,36.0356,36.3169,36.6433,37.0176,37.4428,37.9224,38.4606,39.0622,39.7329,40.4795,41.31,42.2344,43.2644,44.415,45.7043,47.1555,48.7977,50.6685,52.8158,55.3008,58.2005,61.6077,65.6252,70.3436,75.7879,81.8145,87.9684,93.4051,97.0905,98.3596,97.409,95.1548,92.6267,90.5282,89.1795,88.6474,88.8785,89.7789,91.2517,93.2086,95.5714,98.2692,101.234,104.396,107.682,111.012,114.297,117.443,120.35,122.921,125.063,126.693,127.749,128.188,127.99,127.163,125.733,123.749,121.273,118.377,115.14,111.64,107.951,104.143,100.276,96.4026,92.5646,88.7961,85.1227,81.5633,78.1307,74.833,71.6746,68.6567,
 ,-16,136.1,139.645,142.956,145.971,148.628,150.862,152.618,153.845,154.506,154.578,154.052,152.939,151.266,149.073,146.416,143.356,139.961,136.3,132.441,128.447,124.376,120.28,116.201,112.177,108.237,104.403,100.693,97.1187,93.6895,90.4098,87.2821,84.3061,81.4805,78.8023,76.2677,73.8723,71.6113,69.4796,67.4719,65.583,63.8076,62.1406,60.5769,59.1116,57.7398,56.4567,55.2575,54.1374,53.0915,52.1149,51.2024,50.3488,49.5485,48.7961,48.0861,47.413,46.7717,46.1576,45.5666,44.9955,44.4421,43.9052,43.3845,42.8807,42.3951,41.9294,41.4857,41.0663,40.6732,40.3085,39.9737,39.6703,39.3994,39.162,38.9585,38.7894,38.655,38.5554,38.4909,38.4613,38.4668,38.5074,38.5834,38.6947,38.8417,39.0248,39.2442,39.5006,39.7945,40.1268,40.4982,40.9097,41.3624,41.8577,42.397,42.9817,43.6137,44.2949,45.0273,45.8134,46.6555,47.5566,48.5195,49.5475,50.6442,51.8132,53.0588,54.3852,55.7971,57.2995,58.8974,60.5964,62.4021,64.3202,66.3564,68.5165,70.8058,73.2293,75.7912,78.4946,81.341,84.3301,87.4589,90.7211,94.1065,97.6001,101.181,104.822,108.49,112.142,115.731,119.199,122.487,125.528,128.257,130.611,132.53,133.968,134.889,135.273,135.119,134.439,133.265,131.639,129.615,127.252,124.611,121.753,118.737,115.615,112.432,109.229,106.039,102.887,99.794,96.7753,93.8419,91.0014,88.2585,85.6156,83.0735,80.6316,78.2887,76.0426,73.891,71.831,69.8598,67.9747,66.1725,64.4505,62.806,61.2361,59.7384,58.3102,56.9493,55.6533,54.4198,53.247,52.1326,51.0748,50.0716,49.1213,48.2221,47.3722,46.5702,45.8142,45.1028,44.4343,43.807,43.2192,42.6693,42.1552,41.6749,41.2263,40.807,40.4146,40.0462,39.6991,39.3706,39.0576,38.7577,38.4682,38.1872,37.913,37.6446,37.3816,37.1242,36.8731,36.6296,36.3955,36.1727,35.9633,35.7696,35.5937,35.4377,35.3035,35.1931,35.1079,35.0496,35.0196,35.0192,35.0497,35.1124,35.2088,35.3401,35.5079,35.714,35.9601,36.2485,36.5814,36.9617,37.3925,37.8774,38.4207,39.0273,39.703,40.4546,41.2905,42.2205,43.2568,44.4145,45.7122,47.1736,48.829,50.7173,52.889,55.4093,58.3616,61.8492,65.9901,70.8964,76.6169,83.0202,89.6196,95.456,99.3095,100.377,98.8902,95.9404,92.7204,90.0079,88.127,87.1206,86.9072,87.3706,88.3973,89.888,91.7576,93.9313,96.3404,98.9185,101.598,104.308,106.975,109.522,111.87,113.942,115.667,116.983,117.841,118.207,118.064,117.416,116.279,114.688,112.686,110.327,107.669,104.771,101.69,98.481,95.1929,91.8685,88.5441,85.2496,82.0088,78.8404,75.758,72.7718,69.8883,67.1118,
 ,-17,132.488,135.619,138.513,141.117,143.381,145.256,146.698,147.67,148.145,148.106,147.552,146.49,144.945,142.95,140.549,137.793,134.737,131.437,127.949,124.327,120.622,116.876,113.13,109.415,105.761,102.188,98.7156,95.3555,92.1176,89.0084,86.0317,83.1892,80.4809,77.9057,75.4612,73.1443,70.9514,68.8784,66.9212,65.0752,63.3362,61.6994,60.1605,58.7149,57.3583,56.0861,54.894,53.7775,52.732,51.753,50.8358,49.9756,49.1676,48.4067,47.6882,47.0073,46.3597,45.7414,45.1487,44.579,44.0302,43.5011,42.9911,42.5006,42.0302,41.5813,41.1553,40.7539,40.3786,40.031,39.7124,39.424,39.1667,38.9415,38.7486,38.5887,38.462,38.3687,38.309,38.283,38.2907,38.3324,38.4081,38.5181,38.6626,38.8419,39.0565,39.3069,39.5935,39.9172,40.2787,40.6788,41.1187,41.5995,42.1223,42.6887,43.3002,43.9584,44.6653,45.4229,46.2334,47.0991,48.0228,49.0071,50.0551,51.17,52.3552,53.6145,54.9516,56.3706,57.8758,59.4715,61.1621,62.9521,64.8458,66.8472,68.9602,71.1879,73.5327,75.9956,78.5765,81.2732,84.0811,86.9929,89.9974,93.0799,96.2207,99.3952,102.573,105.72,108.793,111.747,114.534,117.101,119.398,121.374,122.987,124.198,124.983,125.325,125.223,124.688,123.74,122.412,120.745,118.783,116.574,114.165,111.605,108.934,106.193,103.414,100.628,97.8565,95.1201,92.4338,89.8091,87.2544,84.7756,82.3768,80.0602,77.8266,75.6763,73.6084,71.6218,69.7148,67.8856,66.1323,64.4526,62.8446,61.306,59.8347,58.4286,57.0857,55.8039,54.5814,53.4162,52.3064,51.2504,50.2463,49.2926,48.3874,47.5294,46.7169,45.9485,45.2225,44.5376,43.8922,43.2848,42.7138,42.1776,41.6744,41.2025,40.7599,40.3445,39.9543,39.587,39.2403,38.9118,38.5993,38.3007,38.0141,37.7378,37.4706,37.2116,36.9605,36.7175,36.483,36.2581,36.044,35.8422,35.6544,35.4825,35.328,35.193,35.0789,34.9875,34.9202,34.8785,34.8638,34.8775,34.9209,34.9953,35.1022,35.2431,35.4196,35.6334,35.8866,36.1814,36.5202,36.9058,37.3416,37.8311,38.3788,38.9894,39.6691,40.4245,41.264,42.1974,43.2369,44.3973,45.6972,47.1599,48.8153,50.7019,52.8694,55.3823,58.323,61.7935,65.9106,70.7847,76.4632,82.8126,89.3446,95.0979,98.8512,99.7987,98.1711,95.0582,91.6524,88.7303,86.615,85.3478,84.8463,84.9931,85.6739,86.789,88.2534,89.9939,91.9444,94.0428,96.2283,98.4394,100.614,102.687,104.598,106.284,107.69,108.767,109.476,109.791,109.697,109.194,108.292,107.015,105.394,103.468,101.279,98.8728,96.2925,93.5808,90.7768,87.9155,85.0273,82.1383,79.2701,76.4401,73.6626,70.9485,68.3061,65.7419,
 ,-18,129.594,132.398,134.961,137.24,139.194,140.784,141.975,142.741,143.06,142.924,142.331,141.293,139.829,137.97,135.751,133.215,130.408,127.378,124.172,120.837,117.415,113.946,110.464,106.999,103.577,100.22,96.9439,93.7628,90.6865,87.7225,84.8757,82.1487,79.543,77.0583,74.6935,72.4464,70.3145,68.2946,66.3832,64.5766,62.8709,61.2621,59.7464,58.3195,56.9775,55.7162,54.5316,53.4195,52.3757,51.396,50.476,49.6115,48.798,48.0312,47.3067,46.6205,45.9687,45.3478,44.7547,44.187,43.6426,43.1205,42.6199,42.1409,41.6838,41.2493,40.8385,40.4526,40.0927,39.7601,39.4557,39.1806,38.9356,38.7212,38.538,38.3864,38.2667,38.1791,38.1238,38.101,38.1108,38.1534,38.2289,38.3375,38.4795,38.6553,38.8651,39.1096,39.3892,39.7046,40.0564,40.4455,40.8729,41.3395,41.8465,42.395,42.9866,43.6226,44.3047,45.0348,45.8145,46.6462,47.5318,48.474,49.4751,50.5378,51.6652,52.8601,54.1257,55.4653,56.8823,58.3802,59.9622,61.6318,63.392,65.2459,67.1956,69.2431,71.3892,73.6338,75.9753,78.4102,80.9332,83.5362,86.2082,88.9349,91.6982,94.4759,97.2418,99.9655,102.613,105.146,107.524,109.708,111.656,113.33,114.696,115.725,116.398,116.702,116.637,116.209,115.435,114.339,112.951,111.307,109.443,107.399,105.21,102.912,100.539,98.1177,95.6744,93.2303,90.8032,88.4076,86.055,83.7542,81.5119,79.3329,77.2206,75.1768,73.2027,71.2987,69.4643,67.6991,66.0018,64.3714,62.8062,61.3049,59.8659,58.4874,57.1678,55.9056,54.6989,53.5462,52.4459,51.3965,50.3962,49.4438,48.5375,47.6761,46.8581,46.082,45.3464,44.6501,43.9915,43.3694,42.7823,42.2287,41.7073,41.2164,40.7545,40.3198,39.9106,39.525,39.1613,38.8175,38.4917,38.1821,37.887,37.6049,37.3345,37.0748,36.8252,36.5853,36.3553,36.1355,35.9267,35.7299,35.5462,35.377,35.2237,35.0878,34.9708,34.8741,34.7993,34.7477,34.7207,34.7196,34.7457,34.8006,34.8854,35.0018,35.1513,35.3355,35.5564,35.8159,36.1164,36.4604,36.8508,37.2908,37.7844,38.3356,38.9497,39.6323,40.3903,41.2319,42.1667,43.2066,44.3658,45.6621,47.1178,48.7609,50.6275,52.7635,55.2277,58.0938,61.4513,65.3986,70.0217,75.3402,81.2049,87.1551,92.3409,95.7236,96.6336,95.2623,92.5213,89.4367,86.709,84.655,83.338,82.701,82.6469,83.0759,83.8983,85.0363,86.4226,87.9966,89.7024,91.4859,93.294,95.0738,96.7728,98.3397,99.7255,100.886,101.782,102.382,102.665,102.617,102.236,101.528,100.509,99.2,97.6291,95.8275,93.828,91.6644,89.3692,86.9731,84.5042,81.9879,79.4463,76.8984,74.3607,71.8471,69.3689,66.9357,64.5555,
 ,-19,127.345,129.892,132.195,134.218,135.925,137.287,138.276,138.87,139.056,138.829,138.191,137.153,135.734,133.96,131.863,129.481,126.853,124.02,121.023,117.904,114.699,111.443,108.167,104.9,101.665,98.481,95.3659,92.3324,89.3909,86.5489,83.8121,81.184,78.6666,76.2605,73.9653,71.7798,69.702,67.7294,65.8592,64.0882,62.413,60.83,59.3359,57.9267,56.5986,55.3481,54.1713,53.0643,52.0232,51.0441,50.1231,49.2561,48.4392,47.6686,46.9403,46.2507,45.5964,44.9743,44.3818,43.8164,43.2765,42.7609,42.2687,41.7996,41.3539,40.9319,40.5343,40.1618,39.8154,39.4958,39.2039,38.9406,38.7063,38.5016,38.3271,38.183,38.0696,37.9872,37.936,37.9162,37.9278,37.9711,38.0463,38.1535,38.2931,38.4654,38.6707,38.9095,39.1823,39.4896,39.8322,40.2107,40.626,41.079,41.5706,42.102,42.6744,43.2891,43.9473,44.6508,45.4011,46.2,47.0492,47.9509,48.9071,49.92,50.992,52.1256,53.3232,54.5875,55.9211,57.3266,58.8067,60.3636,61.9995,63.7165,65.5156,67.3978,69.3629,71.4096,73.5356,75.7367,78.0071,80.3384,82.7202,85.139,87.5782,90.0182,92.4362,94.8062,97.0992,99.2843,101.329,103.2,104.865,106.294,107.46,108.341,108.921,109.192,109.151,108.803,108.163,107.247,106.08,104.689,103.103,101.353,99.4689,97.4798,95.4129,93.2929,91.1417,88.9783,86.8189,84.677,82.5638,80.4882,78.4569,76.4755,74.5477,72.6763,70.8632,69.1094,67.4153,65.7811,64.2062,62.6901,61.2318,59.8305,58.4848,57.1937,55.9557,54.7697,53.6342,52.5479,51.5095,50.5176,49.5709,48.6679,47.8075,46.9883,46.209,45.4683,44.765,44.0977,43.4653,42.8666,42.3,41.7645,41.2586,40.7811,40.3303,39.905,39.5036,39.1246,38.7664,38.4275,38.1062,37.8012,37.5112,37.2348,36.9711,36.7193,36.4789,36.2497,36.0316,35.825,35.6305,35.4488,35.2809,35.1278,34.9907,34.8709,34.7697,34.6883,34.628,34.5901,34.576,34.5869,34.6242,34.6892,34.7833,34.9081,35.0652,35.2564,35.4835,35.7486,36.0542,36.4027,36.7973,37.2411,37.738,38.2923,38.909,39.5938,40.3536,41.1961,42.1308,43.1688,44.3236,45.6119,47.0539,48.6751,50.5069,52.5893,54.9714,57.713,60.8829,64.5505,68.7644,73.5061,78.6113,83.6763,88.0294,90.9033,91.8228,90.9237,88.8624,86.4141,84.152,82.372,81.1658,80.5148,80.355,80.6112,81.2111,82.0895,83.1881,84.4542,85.8387,87.2949,88.777,90.2406,91.6418,92.9385,94.0909,95.0628,95.823,96.3457,96.6122,96.6109,96.3376,95.7951,94.9928,93.9454,92.672,91.1949,89.5379,87.726,85.7836,83.7344,81.6006,79.4026,77.1591,74.8867,72.6004,70.3136,68.0379,65.7838,63.5606,
 ,-20,125.674,128.021,130.121,131.943,133.455,134.634,135.456,135.907,135.976,135.663,134.971,133.913,132.508,130.78,128.758,126.475,123.968,121.273,118.426,115.463,112.418,109.323,106.205,103.09,100.001,96.9547,93.9686,91.0547,88.2233,85.4824,82.8374,80.2925,77.8501,75.5114,73.2764,71.1445,69.1142,67.1835,65.35,63.6109,61.9633,60.404,58.9297,57.5371,56.2225,54.9825,53.8136,52.7123,51.6747,50.6974,49.7767,48.9089,48.0904,47.3176,46.5872,45.8959,45.2406,44.6185,44.0273,43.4647,42.9292,42.4195,41.9348,41.4747,41.0389,40.6278,40.2415,39.8807,39.546,39.2379,38.957,38.7039,38.4792,38.2832,38.1164,37.979,37.8714,37.7937,37.7462,37.7289,37.7422,37.7861,37.8609,37.9668,38.1041,38.273,38.474,38.7073,38.9736,39.2733,39.607,39.9753,40.3791,40.819,41.296,41.811,42.3651,42.9593,43.5948,44.273,44.9951,45.7627,46.5773,47.4404,48.3538,49.3194,50.3389,51.4143,52.5476,53.7408,54.9959,56.3148,57.6994,59.1513,60.6719,62.2622,63.9229,65.6539,67.4542,69.3222,71.2546,73.2472,75.2938,77.3863,79.5149,81.6671,83.828,85.9802,88.1039,90.1768,92.1747,94.0717,95.841,97.4557,98.8896,100.119,101.121,101.881,102.384,102.623,102.597,102.311,101.773,100.999,100.006,98.8168,97.4544,95.9435,94.309,92.575,90.7642,88.8977,86.9946,85.0718,83.1437,81.223,79.3201,77.4435,75.6002,73.7957,72.0343,70.3192,68.6527,67.0364,65.4713,63.9579,62.4964,61.0866,59.728,58.42,57.162,55.9529,54.792,53.678,52.61,51.5868,50.6074,49.6704,48.7749,47.9195,47.1032,46.3248,45.5831,44.8769,44.2051,43.5665,42.96,42.3845,41.8387,41.3215,40.8318,40.3683,39.9297,39.5149,39.1226,38.7514,38.4001,38.0675,37.7522,37.4531,37.1691,36.8993,36.6429,36.3992,36.1679,35.9488,35.7418,35.5473,35.3656,35.1974,35.0434,34.9045,34.7817,34.676,34.5886,34.5206,34.4731,34.4474,34.4446,34.4662,34.5132,34.5872,34.6896,34.8219,34.9857,35.1829,35.4155,35.6855,35.9955,36.3481,36.7462,37.1932,37.693,38.2499,38.8687,39.5553,40.3161,41.1588,42.0923,43.1271,44.2758,45.5533,46.9777,48.5707,50.3587,52.3738,54.6538,57.242,60.1836,63.5167,67.2534,71.3429,75.6207,79.7585,83.2712,85.6463,86.5816,86.1638,84.8182,83.077,81.3716,79.9592,78.949,78.3581,78.1571,78.2984,78.73,79.4018,80.2665,81.2802,82.4015,83.5904,84.8083,86.0177,87.1819,88.2661,89.2375,90.0665,90.7271,91.1979,91.4625,91.5101,91.3355,90.9387,90.3246,89.5021,88.4838,87.2846,85.9211,84.4108,82.7715,81.0207,79.1754,77.2516,75.2646,73.2289,71.1579,69.0644,66.9603,64.8569,62.7644,
 ,-21,124.521,126.717,128.662,130.326,131.684,132.714,133.399,133.726,133.69,133.292,132.54,131.445,130.028,128.313,126.326,124.1,121.666,119.059,116.311,113.456,110.524,107.544,104.542,101.542,98.5627,95.6231,92.7376,89.9184,87.1754,84.5162,81.9466,79.4706,77.091,74.8092,72.6256,70.5398,68.5507,66.6567,64.8556,63.1451,61.5223,59.9845,58.5285,57.1512,55.8494,54.6197,53.4589,52.3635,51.3303,50.3557,49.4364,48.569,47.7503,46.977,46.246,45.5542,44.8991,44.278,43.6887,43.1292,42.5981,42.094,41.6162,41.1639,40.737,40.3353,39.959,39.6084,39.2839,38.9858,38.7146,38.4706,38.2544,38.0661,37.9062,37.7749,37.6724,37.5989,37.5547,37.5398,37.5545,37.599,37.6734,37.778,37.913,38.0787,38.2755,38.5038,38.7638,39.0563,39.3815,39.7403,40.1331,40.5606,41.0238,41.5233,42.06,42.6348,43.2488,43.903,44.5985,45.3365,46.1183,46.945,47.818,48.7389,49.7089,50.7296,51.8024,52.9288,54.1103,55.3482,56.6438,57.9982,59.412,60.8857,62.4194,64.0123,65.6631,67.3697,69.1286,70.9353,72.7839,74.6667,76.5744,78.4957,80.4174,82.3241,84.1985,86.0216,87.7729,89.4305,90.9723,92.376,93.6202,94.6854,95.5541,96.2124,96.6499,96.861,96.8441,96.6025,96.1439,95.4797,94.6247,93.5963,92.4138,91.0972,89.6672,88.1439,86.5467,84.8935,83.201,81.4839,79.7555,78.0271,76.3083,74.6074,72.9311,71.2848,69.6731,68.0994,66.5661,65.0755,63.6287,62.2267,60.87,59.5588,58.293,57.0723,55.8964,54.7645,53.6761,52.6303,51.6262,50.663,49.7397,48.8554,48.0089,47.1993,46.4256,45.6865,44.9813,44.3087,43.6677,43.0573,42.4764,41.9239,41.3989,40.9003,40.4271,39.9781,39.5524,39.1489,38.7665,38.4042,38.0608,37.7354,37.4271,37.1347,36.8576,36.595,36.3461,36.1107,35.8884,35.6789,35.4823,35.2989,35.1289,34.9728,34.8313,34.7051,34.595,34.5019,34.4267,34.3705,34.3344,34.3194,34.3267,34.3576,34.4133,34.4952,34.6048,34.7436,34.9134,35.1159,35.3532,35.6275,35.9413,36.2972,36.6984,37.1482,37.6504,38.2094,38.8301,39.5181,40.2797,41.1223,42.0544,43.0859,44.228,45.4942,46.8999,48.4632,50.2052,52.1496,54.3228,56.7519,59.4605,62.4599,65.7339,69.2139,72.7498,76.0905,78.905,80.8707,81.8059,81.7635,81.0035,79.8711,78.6729,77.6177,76.817,76.312,76.1013,76.1621,76.4622,76.9661,77.6382,78.4433,79.3473,80.317,81.3199,82.3245,83.3,84.2176,85.0498,85.772,86.3624,86.8026,87.0782,87.179,87.0988,86.8352,86.3895,85.7663,84.9725,84.0171,82.9105,81.6641,80.2896,78.7991,77.2049,75.5191,73.7537,71.9211,70.0334,68.1028,66.1414,64.1613,62.1741,
 ,-22,123.831,125.917,127.745,129.289,130.526,131.435,132.004,132.223,132.09,131.608,130.787,129.641,128.191,126.46,124.476,122.268,119.868,117.308,114.619,111.83,108.971,106.069,103.147,100.227,97.3286,94.4676,91.6581,88.9116,86.2373,83.6429,81.1336,78.7137,76.3857,74.1512,72.0108,69.9643,68.0106,66.1484,64.3757,62.6904,61.0898,59.5714,58.1322,56.7692,55.4794,54.2597,53.107,52.018,50.9895,50.0184,49.1016,48.2358,47.4181,46.6454,45.9149,45.2239,44.5698,43.9505,43.3636,42.8076,42.2808,41.7821,41.3105,40.8654,40.4463,40.0531,39.6856,39.344,39.0284,38.7391,38.4764,38.2406,38.0318,37.8504,37.6967,37.5708,37.4729,37.4032,37.362,37.3493,37.3653,37.4102,37.4842,37.5875,37.7204,37.8831,38.076,38.2994,38.5537,38.8393,39.1567,39.5064,39.8889,40.3049,40.7551,41.24,41.7604,42.3172,42.911,43.5427,44.2133,44.9235,45.6745,46.4671,47.3023,48.1812,49.1049,50.0743,51.0905,52.1546,53.2675,54.43,55.643,56.907,58.2223,59.5888,61.0062,62.4734,63.9887,65.5498,67.1532,68.7945,70.468,72.1666,73.8817,75.6032,77.3193,79.0164,80.6796,82.2925,83.8374,85.296,86.6494,87.8791,88.9673,89.8976,90.6557,91.23,91.6121,91.797,91.7836,91.5745,91.1758,90.597,89.8501,88.9495,87.9111,86.7518,85.4889,84.1393,82.7196,81.2454,79.7311,78.1898,76.6331,75.0714,73.5137,71.9674,70.4391,68.9341,67.4567,66.0105,64.5983,63.2221,61.8837,60.5842,59.3243,58.1046,56.9252,55.786,54.687,53.6277,52.6076,51.6262,50.6828,49.7767,48.907,48.0729,47.2735,46.5079,45.7752,45.0744,44.4045,43.7647,43.1538,42.571,42.0153,41.4858,40.9816,40.5016,40.045,39.611,39.1985,38.8068,38.4349,38.082,37.7473,37.4299,37.129,36.8441,36.5743,36.3191,36.0782,35.851,35.6373,35.4372,35.2504,35.0773,34.9181,34.7732,34.643,34.5282,34.4295,34.3477,34.2835,34.2378,34.2118,34.2063,34.2226,34.2618,34.3251,34.4139,34.5298,34.6743,34.8491,35.0561,35.2974,35.5753,35.8923,36.2511,36.6548,37.1069,37.6113,38.1722,38.7945,39.4838,40.2463,41.0892,42.0205,43.0493,44.1861,45.4427,46.8321,48.3691,50.0695,51.9499,54.0264,56.3123,58.8138,61.5224,64.4042,67.3847,70.3352,73.0696,75.3669,77.0268,77.9418,78.1436,77.7896,77.0998,76.2871,75.5144,74.8852,74.4526,74.2347,74.228,74.4166,74.778,75.2869,75.9164,76.6389,77.4272,78.2541,79.0932,79.9187,80.7062,81.4328,82.0775,82.6219,83.05,83.3487,83.5082,83.5213,83.384,83.0944,82.6533,82.0631,81.3275,80.4515,79.4411,78.3026,77.0432,75.6706,74.1931,72.6201,70.9616,69.2285,67.4327,65.5868,63.7036,61.7964,
 ,-23,123.554,125.564,127.309,128.763,129.904,130.716,131.186,131.308,131.083,130.516,129.619,128.408,126.905,125.135,123.126,120.906,118.507,115.96,113.293,110.536,107.717,104.86,101.987,99.1201,96.2757,93.4695,90.7143,88.0211,85.3987,82.8537,80.3916,78.0161,75.7297,73.534,71.4293,69.4157,67.4921,65.6573,63.9093,62.2462,60.6654,59.1644,57.7406,56.3909,55.1125,53.9024,52.7577,51.6753,50.6521,49.6852,48.7715,47.9082,47.0925,46.3214,45.5925,44.9031,44.251,43.634,43.0501,42.4977,41.9753,41.4818,41.0161,40.5775,40.1655,39.7797,39.4201,39.0864,38.7788,38.4973,38.2422,38.0135,37.8114,37.6362,37.488,37.3669,37.2732,37.207,37.1684,37.1576,37.1748,37.2201,37.2938,37.3959,37.5268,37.6868,37.876,38.095,38.3438,38.6231,38.9332,39.2745,39.6476,40.0529,40.491,40.9624,41.4678,42.0077,42.5829,43.1938,43.8412,44.5258,45.2482,46.0091,46.8091,47.6491,48.5297,49.4514,50.4151,51.4213,52.4705,53.5632,54.6998,55.8804,57.105,58.3732,59.6843,61.0371,62.4298,63.8599,65.3241,66.8182,68.3369,69.8737,71.4209,72.9695,74.509,76.0275,77.5119,78.948,80.3206,81.6139,82.8116,83.8981,84.8581,85.6775,86.3444,86.8487,87.1833,87.3441,87.33,87.1431,86.7888,86.2748,85.6116,84.8113,83.8875,82.8544,81.7269,80.5196,79.2469,77.9221,76.558,75.1661,73.7568,72.3394,70.922,69.5115,68.1141,66.7348,65.3777,64.0464,62.7438,61.4719,60.2327,59.0273,57.8568,56.7218,55.6227,54.5597,53.5327,52.5415,51.5859,50.6655,49.7796,48.9278,48.1093,47.3233,46.5692,45.846,45.153,44.4892,43.8538,43.2458,42.6645,42.1088,41.578,41.0711,40.5874,40.126,39.6862,39.2671,38.8682,38.4885,38.1275,37.7844,37.4587,37.1497,36.8568,36.5795,36.3173,36.0699,35.8368,35.6178,35.4127,35.2215,35.0441,34.8807,34.7316,34.5969,34.4772,34.3729,34.2846,34.2129,34.1586,34.1225,34.1055,34.1086,34.1327,34.1792,34.2491,34.344,34.4653,34.6145,34.7936,35.0044,35.249,35.5299,35.8494,36.2106,36.6164,37.0705,37.5766,38.1393,38.7632,39.4541,40.2179,41.0618,41.9934,43.0215,44.1557,45.4065,46.7852,48.3036,49.9735,51.8056,53.808,55.9834,58.3254,60.8126,63.4011,66.0171,68.5519,70.8662,72.8088,74.2519,75.1297,75.4619,75.3472,74.9302,74.3611,73.7676,73.242,72.842,72.5975,72.5184,72.601,72.8333,73.1982,73.6755,74.2436,74.8797,75.5615,76.2663,76.9726,77.6595,78.3077,78.8992,79.418,79.85,80.1832,80.408,80.5165,80.5028,80.3628,80.0937,79.6937,79.1622,78.4992,77.7055,76.7824,75.7322,74.5585,73.2658,71.8606,70.351,68.7469,67.0598,65.3031,63.4909,61.6383,
 ,-24,123.64,125.604,127.293,128.682,129.751,130.483,130.868,130.902,130.588,129.934,128.953,127.665,126.093,124.264,122.205,119.947,117.52,114.956,112.283,109.529,106.721,103.882,101.033,98.1941,95.3815,92.6094,89.8903,87.2338,84.648,82.1395,79.7128,77.3715,75.1179,72.9531,70.8778,68.8914,66.9931,65.1816,63.455,61.8113,60.2481,58.7629,57.353,56.0157,54.7481,53.5474,52.4106,51.3349,50.3174,49.3552,48.4454,47.5854,46.7724,46.0039,45.2773,44.5903,43.9408,43.3267,42.7462,42.1977,41.6797,41.1912,40.731,40.2985,39.8929,39.514,39.1614,38.8348,38.5343,38.2598,38.0114,37.7891,37.5931,37.4234,37.2801,37.1635,37.0735,37.0104,36.9743,36.9653,36.9835,37.0292,37.1025,37.2036,37.3327,37.4901,37.676,37.8909,38.1348,38.4083,38.7117,39.0454,39.4098,39.8053,40.2325,40.6916,41.1833,41.7079,42.266,42.8579,43.4842,44.1452,44.8415,45.5733,46.3411,47.1453,47.9861,48.864,49.7792,50.7319,51.7224,52.7507,53.8168,54.9208,56.0621,57.2402,58.4544,59.7032,60.9848,62.297,63.6366,64.9998,66.3817,67.7766,69.1777,70.5768,71.9648,73.3313,74.6649,75.9529,77.1822,78.339,79.409,80.3783,81.2337,81.9627,82.5547,83.0008,83.2949,83.4331,83.4146,83.2414,82.9181,82.4518,81.8515,81.1281,80.2934,79.36,78.3409,77.2489,76.0965,74.8957,73.6573,72.3918,71.1083,69.8151,68.5196,67.2281,65.9461,64.6783,63.4289,62.201,60.9974,59.8204,58.6717,57.5528,56.4647,55.4082,54.3838,53.3918,52.4322,51.5052,50.6105,49.7477,48.9165,48.1164,47.3468,46.6071,45.8965,45.2143,44.5597,43.9318,43.33,42.7532,42.2007,41.6717,41.1653,40.6808,40.2175,39.7745,39.3514,38.9473,38.5619,38.1944,37.8443,37.5112,37.1947,36.8942,36.6094,36.34,36.0855,35.8457,35.6205,35.4095,35.2128,35.0302,34.8618,34.7077,34.5681,34.4431,34.3331,34.2385,34.1598,34.0975,34.0523,34.0248,34.016,34.0266,34.0578,34.1106,34.1864,34.2864,34.4122,34.5654,34.748,34.9618,35.209,35.4921,35.8137,36.1766,36.5841,37.0398,37.5475,38.1118,38.7375,39.4302,40.1962,41.0422,41.976,43.0061,44.1416,45.3924,46.7685,48.28,49.9357,51.7425,53.7028,55.8125,58.0567,60.4059,62.8109,65.1994,67.4765,69.5309,71.2507,72.5465,73.3743,73.748,73.7356,73.4408,72.9781,72.4527,71.9486,71.5252,71.2193,71.0492,71.0199,71.1265,71.3579,71.6989,72.132,72.6384,73.1989,73.7944,74.4061,75.0164,75.6085,76.1668,76.6775,77.1278,77.5067,77.8044,78.0124,78.1236,78.1313,78.0297,77.8134,77.4774,77.017,76.4279,75.7067,74.8507,73.8591,72.7328,71.4752,70.0925,68.5937,66.9907,65.2976,63.5305,61.7065,
 ,-25,124.041,125.984,127.641,128.987,130.001,130.668,130.979,130.932,130.531,129.786,128.715,127.339,125.683,123.776,121.647,119.328,116.851,114.246,111.542,108.766,105.945,103.101,100.254,97.4231,94.6235,91.8686,89.1695,86.5355,83.9738,81.4902,79.089,76.7732,74.5446,72.4042,70.3522,68.3882,66.5111,64.7193,63.0112,61.3845,59.8369,58.3659,56.9689,55.6431,54.3858,53.1941,52.0652,50.9964,49.9848,49.0277,48.1225,47.2664,46.4569,45.6915,44.968,44.2841,43.6377,43.027,42.4502,41.9057,41.3923,40.9086,40.4538,40.0269,39.6274,39.2547,38.9084,38.5884,38.2943,38.0261,37.7837,37.5672,37.3766,37.2118,37.0731,36.9604,36.8739,36.8136,36.7797,36.7724,36.7916,36.8377,36.9107,37.0108,37.1384,37.2936,37.4766,37.6877,37.9273,38.1956,38.493,38.8199,39.1765,39.5633,39.9806,40.4287,40.9081,41.4191,41.9618,42.5367,43.144,43.7839,44.4566,45.1622,45.9008,46.6725,47.4772,48.315,49.1859,50.0897,51.0262,51.9955,52.997,54.0305,55.0956,56.1914,57.317,58.4713,59.6525,60.8585,62.0865,63.3331,64.5942,65.8647,67.1385,68.4088,69.6673,70.9052,72.1122,73.2773,74.3888,75.4341,76.4007,77.2759,78.0473,78.7037,79.2352,79.6336,79.893,80.01,79.9838,79.8165,79.5124,79.0783,78.5227,77.8555,77.0876,76.2307,75.2962,74.2958,73.2405,72.141,71.0069,69.8473,68.6705,67.4838,66.2937,65.1059,63.9254,62.7566,61.6031,60.468,59.3539,58.263,57.1971,56.1575,55.1453,54.1615,53.2065,52.2807,51.3845,50.5178,49.6805,48.8724,48.0933,47.3426,46.6199,45.9246,45.256,44.6134,43.9961,43.4034,42.8342,42.288,41.7639,41.261,40.7787,40.3163,39.873,39.4483,39.0416,38.6524,38.2803,37.9249,37.5857,37.2625,36.9551,36.6631,36.3864,36.1247,35.8778,35.6457,35.4282,35.2251,35.0365,34.8624,34.7026,34.5574,34.4268,34.311,34.2103,34.1249,34.0552,34.0017,33.9648,33.9453,33.9439,33.9614,33.9988,34.0572,34.1378,34.2422,34.3717,34.5281,34.7133,34.9293,35.1784,35.4631,35.786,36.1502,36.5589,37.0158,37.5249,38.0908,38.7185,39.4136,40.1825,41.0321,41.9704,43.0057,44.1475,45.4053,46.7889,48.3078,49.9696,51.7793,53.7367,55.8335,58.0504,60.3527,62.6875,64.9817,67.1447,69.0765,70.6812,71.8851,72.653,72.9971,72.9734,72.6691,72.1843,71.6154,71.0439,70.5312,70.1185,69.8293,69.6733,69.6499,69.7513,69.9655,70.2774,70.6708,71.1288,71.6345,72.1716,72.7247,73.2791,73.8214,74.339,74.8206,75.2557,75.6348,75.9487,76.1888,76.3464,76.4128,76.3792,76.2362,75.9745,75.5848,75.0582,74.3873,73.5664,72.5925,71.4659,70.1909,68.7757,67.2328,65.5777,63.829,62.007,
 ,-26,124.707,126.651,128.297,129.618,130.593,131.207,131.452,131.328,130.841,130.003,128.835,127.361,125.608,123.607,121.391,118.993,116.445,113.779,111.023,108.206,105.352,102.484,99.6217,96.782,93.9798,91.2276,88.5356,85.9122,83.3639,80.8958,78.5116,76.2137,74.0036,71.8819,69.8485,67.9026,66.0429,64.268,62.5758,60.964,59.4304,57.9723,56.5871,55.2721,54.0246,52.8417,51.7208,50.659,49.6536,48.7021,47.8018,46.9501,46.1447,45.3832,44.6633,43.983,43.3403,42.7334,42.1606,41.6204,41.1115,40.6327,40.183,39.7615,39.3676,39.0008,38.6604,38.3462,38.058,37.7955,37.5587,37.3474,37.1617,37.0015,36.8669,36.7578,36.6745,36.6168,36.585,36.5792,36.5994,36.6459,36.7187,36.8181,36.9443,37.0975,37.278,37.4859,37.7217,37.9855,38.2776,38.5985,38.9484,39.3275,39.7363,40.1748,40.6435,41.1425,41.6719,42.2319,42.8226,43.4439,44.0958,44.7782,45.4908,46.2335,47.0058,47.8076,48.6384,49.4978,50.3854,51.3007,52.2432,53.2123,54.2076,55.2281,56.2731,57.3414,58.4316,59.5417,60.6697,61.8125,62.9668,64.1281,65.2915,66.451,67.5996,68.7293,69.8314,70.8959,71.9122,72.8689,73.7542,74.556,75.2625,75.8628,76.3471,76.7072,76.9373,77.0341,76.997,76.8281,76.532,76.1157,75.5876,74.9576,74.2362,73.4345,72.5632,71.6331,70.6541,69.6357,68.5867,67.5149,66.4278,65.3316,64.2321,63.1344,62.0429,60.9614,59.8933,58.8414,57.8081,56.7953,55.8049,54.838,53.8959,52.9793,52.0888,51.225,50.3881,49.5782,48.7953,48.0392,47.3096,46.6063,45.9287,45.2762,44.6483,44.0442,43.4633,42.9048,42.3678,41.8515,41.3553,40.8782,40.4197,39.979,39.5555,39.1487,38.7582,38.3836,38.0245,37.6808,37.3523,37.0387,36.7402,36.4564,36.1875,35.9333,35.6939,35.4692,35.2592,35.0639,34.8832,34.7172,34.5659,34.4293,34.3075,34.2006,34.1088,34.0322,33.9711,33.9258,33.8969,33.8848,33.8901,33.9138,33.9567,34.02,34.1048,34.2126,34.345,34.5037,34.6907,34.9082,35.1584,35.4439,35.7675,36.1324,36.5418,36.9996,37.5099,38.0774,38.7072,39.4052,40.178,41.0328,41.9778,43.0221,44.1754,45.448,46.8504,48.3926,50.0832,51.9275,53.9252,56.0676,58.3338,60.6863,63.0679,65.4004,67.5876,69.5242,71.1105,72.2708,72.9697,73.2202,73.081,72.6426,72.0096,71.2833,70.5498,69.8747,69.3026,68.8591,68.5555,68.3922,68.3623,68.4544,68.6545,68.9473,69.3172,69.7487,70.2273,70.7392,71.2713,71.8118,72.3496,72.8744,73.3762,73.8457,74.2732,74.6488,74.9619,75.2011,75.354,75.4069,75.3457,75.1557,74.8226,74.3332,73.6766,72.8454,71.8365,70.6522,69.3001,67.7935,66.1505,64.3927,62.5445,
 ,-27,125.587,127.551,129.203,130.515,131.464,132.035,132.222,132.024,131.45,130.517,129.246,127.665,125.804,123.697,121.38,118.887,116.252,113.508,110.684,107.809,104.907,102,99.1076,96.2457,93.4285,90.6674,87.972,85.3495,82.806,80.3457,77.9716,75.6855,73.4886,71.3808,69.3619,67.4306,65.5856,63.8249,62.1465,60.548,59.0269,57.5807,56.2066,54.9018,53.6637,52.4895,51.3765,50.3219,49.3231,48.3775,47.4825,46.6359,45.8351,45.0779,44.3622,43.686,43.0474,42.4447,41.8761,41.3404,40.8361,40.3621,39.9175,39.5012,39.1127,38.7512,38.4164,38.1077,37.8248,37.5676,37.3359,37.1294,36.9482,36.7922,36.6613,36.5557,36.4752,36.42,36.3902,36.3859,36.4071,36.454,36.5268,36.6257,36.7508,36.9024,37.0807,37.2859,37.5184,37.7784,38.0662,38.3819,38.7261,39.0988,39.5003,39.9308,40.3905,40.8794,41.3976,41.9451,42.5217,43.1272,43.7613,44.4237,45.1139,45.8313,46.5753,47.3452,48.1403,48.96,49.8034,50.6698,51.5586,52.4691,53.4006,54.3524,55.3237,56.3137,57.3211,58.3447,59.3827,60.4328,61.4925,62.5582,63.6258,64.6905,65.7463,66.7865,67.8032,68.7876,69.7298,70.6191,71.4439,72.1923,72.8525,73.4127,73.8628,74.1939,74.4,74.4773,74.4255,74.2472,73.9477,73.5346,73.0172,72.4058,71.7115,70.9449,70.1168,69.2372,68.3154,67.3599,66.3786,65.3783,64.3654,63.3454,62.3233,61.3034,60.2895,59.2851,58.2928,57.3153,56.3547,55.4129,54.4912,53.5911,52.7135,51.8592,51.0289,50.223,49.4418,48.6855,47.9541,47.2475,46.5654,45.9074,45.2733,44.6623,44.074,43.5076,42.9623,42.4373,41.932,41.4453,40.9766,40.525,40.0899,39.6706,39.2666,38.8774,38.5027,38.1422,37.7958,37.4634,37.145,36.8406,36.5504,36.2744,36.0129,35.7659,35.5335,35.3159,35.1131,34.9253,34.7523,34.5943,34.4513,34.3232,34.2101,34.112,34.0289,33.9609,33.9082,33.871,33.8496,33.8444,33.8562,33.8855,33.9333,34.0006,34.0888,34.1993,34.3337,34.4938,34.6818,34.8997,35.1502,35.4358,35.7594,36.1243,36.534,36.9923,37.5035,38.0724,38.7045,39.4059,40.1834,41.0448,41.999,43.0557,44.2257,45.5208,46.9533,48.5353,50.278,52.1898,54.2736,56.5237,58.9208,61.4269,63.9803,66.4924,68.85,70.9251,72.5935,73.7592,74.3776,74.4662,74.1007,73.3955,72.4794,71.4728,70.4748,69.5577,68.7678,68.1304,67.6544,67.338,67.1723,67.1443,67.2388,67.4403,67.7334,68.1034,68.5365,69.0202,69.5428,70.0938,70.6633,71.242,71.8207,72.39,72.94,73.4596,73.9366,74.3567,74.7039,74.9605,75.1068,75.1225,74.9868,74.6804,74.1864,73.4921,72.5906,71.4818,70.1731,68.6791,67.0213,65.2255,63.321,
 ,-28,126.628,128.628,130.301,131.615,132.549,133.086,133.219,132.951,132.292,131.26,129.881,128.185,126.208,123.985,121.555,118.955,116.221,113.387,110.483,107.537,104.575,101.618,98.6841,95.7898,92.9479,90.1692,87.462,84.8333,82.2878,79.8291,77.4597,75.1808,72.9927,70.8953,68.8877,66.9683,65.1355,63.3872,61.7209,60.1344,58.6248,57.1896,55.826,54.5311,53.3022,52.1366,51.0315,49.9843,48.9923,48.053,47.1639,46.3226,45.527,44.7746,44.0636,43.392,42.7579,42.1596,41.5956,41.0645,40.565,40.0958,39.6561,39.245,38.8616,38.5053,38.1756,37.872,37.5943,37.342,37.1149,36.9129,36.7359,36.5838,36.4564,36.3539,36.2762,36.2234,36.1954,36.1925,36.2148,36.2623,36.3352,36.4337,36.5581,36.7084,36.885,37.0881,37.3179,37.5748,37.859,38.1707,38.5103,38.8779,39.2736,39.6977,40.1502,40.6311,41.1404,41.6778,42.2431,42.8358,43.4555,44.1015,44.773,45.4691,46.1889,46.9314,47.6955,48.4801,49.2842,50.1069,50.9472,51.8044,52.6778,53.5667,54.4705,55.3888,56.3207,57.2656,58.2223,59.1894,60.165,61.1468,62.1317,63.1158,64.0945,65.0619,66.0114,66.9349,67.8231,68.6658,69.4511,70.1665,70.7993,71.3364,71.766,72.0781,72.2653,72.3236,72.2528,72.0562,71.7405,71.3149,70.7903,70.1784,69.4912,68.74,67.9356,67.0877,66.2052,65.2957,64.3661,63.4223,62.4698,61.5132,60.5565,59.6033,58.6569,57.72,56.795,55.884,54.9889,54.1113,53.2524,52.4135,51.5953,50.7989,50.0246,49.2729,48.5442,47.8386,47.1562,46.4968,45.8602,45.2461,44.6541,44.0836,43.5339,43.0044,42.4942,42.0025,41.5284,41.0711,40.6298,40.2035,39.7916,39.3935,39.0086,38.6366,38.2772,37.9303,37.5958,37.274,36.965,36.6691,36.3866,36.1177,35.8629,35.6225,35.3967,35.1858,34.9899,34.8093,34.6438,34.4937,34.3589,34.2393,34.1349,34.0455,33.9712,33.9119,33.8675,33.8383,33.8243,33.8259,33.8436,33.8781,33.9302,34.001,34.0918,34.204,34.3395,34.5001,34.688,34.9055,35.1553,35.4401,35.7629,36.1272,36.5365,36.9948,37.5066,38.0769,38.7113,39.4163,40.1993,41.0685,42.0336,43.1057,44.297,45.6215,47.0943,48.7313,50.5484,52.5599,54.7754,57.1964,59.81,62.5813,65.4445,68.2963,70.994,73.3657,75.2363,76.4656,76.987,76.8278,76.1006,74.9706,73.6144,72.1887,70.8131,69.5677,68.4984,67.6253,66.9512,66.4677,66.1605,66.0126,66.0062,66.1238,66.3493,66.6678,67.0661,67.5324,68.0561,68.628,69.2392,69.8814,70.5464,71.2249,71.9069,72.5805,73.2316,73.8435,74.3966,74.8684,75.2338,75.4658,75.5366,75.4195,75.0907,74.5311,73.7292,72.6825,71.3979,69.8925,68.1916,66.327,64.3347,
 ,-29,127.773,129.822,131.526,132.855,133.781,134.291,134.376,134.04,133.295,132.163,130.673,128.858,126.758,124.412,121.862,119.146,116.304,113.371,110.377,107.353,104.322,101.306,98.3241,95.3901,92.5169,89.7141,86.9895,84.349,81.7968,79.3355,76.9669,74.6916,72.5095,70.4197,68.421,66.5115,64.6892,62.9518,61.2966,59.721,58.2223,56.7975,55.444,54.1587,52.939,51.7821,50.6851,49.6454,48.6605,47.7279,46.845,46.0096,45.2195,44.4725,43.7666,43.0999,42.4707,41.8772,41.318,40.7917,40.297,39.8328,39.398,38.9918,38.6135,38.2622,37.9374,37.6388,37.3658,37.1181,36.8954,36.6976,36.5245,36.376,36.252,36.1525,36.0774,36.0268,36.0008,35.9994,36.0227,36.0708,36.1441,36.2425,36.3663,36.5158,36.6912,36.8927,37.1206,37.3751,37.6567,37.9654,38.3015,38.6653,39.0568,39.4763,39.9236,40.3987,40.9015,41.4317,41.9887,42.572,43.1809,43.8143,44.4712,45.1505,45.8508,46.5705,47.3084,48.063,48.8328,49.6167,50.4136,51.2225,52.0428,52.874,53.7159,54.5681,55.4307,56.3035,57.1861,58.0783,58.979,59.8869,60.8003,61.7165,62.632,63.5424,64.4418,65.3232,66.1777,66.9951,67.763,68.4676,69.0941,69.6272,70.0522,70.3566,70.531,70.5704,70.4748,70.2489,69.9018,69.4453,68.8931,68.2595,67.5582,66.8017,66.0014,65.1668,64.3062,63.4266,62.5339,61.6331,60.7283,59.8233,58.9212,58.0249,57.1368,56.259,55.3935,54.5419,53.7057,52.8862,52.0846,51.3018,50.5387,49.7959,49.0739,48.3732,47.694,47.0365,46.4008,45.7866,45.1939,44.6223,44.0713,43.5404,43.0288,42.5357,42.0604,41.6018,41.159,40.7311,40.3171,39.9161,39.5273,39.1501,38.784,38.4287,38.084,37.75,37.4267,37.1146,36.8141,36.5257,36.2499,35.9872,35.7384,35.5038,35.2839,35.0791,34.8897,34.7159,34.5579,34.4156,34.289,34.178,34.0824,34.0021,33.9368,33.8864,33.8506,33.8294,33.8229,33.8312,33.8547,33.894,33.9499,34.0235,34.116,34.2291,34.3646,34.5246,34.7113,34.9273,35.1754,35.4583,35.7795,36.1423,36.5505,37.0083,37.5203,38.0916,38.7283,39.4371,40.2258,41.1036,42.0809,43.1704,44.3863,45.7454,47.2666,48.9711,50.8816,53.0212,55.4107,58.0639,60.9806,64.1351,67.4622,70.8416,74.0879,76.9585,79.1892,80.5583,80.9578,80.4328,79.1644,77.408,75.4214,73.4161,71.5386,69.8748,68.4642,67.3157,66.4194,65.7562,65.303,65.0361,64.9329,64.9731,65.1386,65.4141,65.7863,66.2439,66.7774,67.3785,68.0397,68.7539,69.5136,70.3103,71.1339,71.9719,72.8088,73.6252,74.3981,75.0999,75.6994,76.1625,76.4532,76.5362,76.379,75.9554,75.248,74.2511,72.9718,71.43,69.6565,67.6908,65.577,
 ,-30,128.963,131.069,132.814,134.164,135.091,135.579,135.62,135.218,134.389,133.157,131.554,129.618,127.391,124.918,122.243,119.407,116.452,113.415,110.327,107.219,104.115,101.036,98.001,95.0233,92.1146,89.284,86.5386,83.8831,81.3211,78.8545,76.4842,74.2103,72.0321,69.9482,67.9569,66.0561,64.2432,62.5157,60.8708,59.3057,57.8173,56.4028,55.0592,53.7835,52.573,51.4248,50.3362,49.3044,48.327,47.4013,46.5251,45.6961,44.9119,44.1707,43.4702,42.8089,42.1849,41.5965,41.0424,40.5211,40.0314,39.5721,39.1423,38.7411,38.3676,38.0212,37.7013,37.4073,37.1388,36.8955,36.6771,36.4833,36.3139,36.1689,36.0481,35.9514,35.8788,35.8304,35.8062,35.8063,35.8308,35.8798,35.9535,36.0521,36.1758,36.3248,36.4994,36.6999,36.9266,37.1796,37.4594,37.7662,38.1002,38.4616,38.8506,39.2673,39.7116,40.1834,40.6825,41.2083,41.7605,42.338,42.94,43.5652,44.2122,44.8794,45.5651,46.2673,46.9843,47.714,48.4548,49.205,49.9633,50.7288,51.5007,52.2788,53.0631,53.8541,54.6522,55.4581,56.2726,57.0963,57.9294,58.772,59.6237,60.4831,61.3484,62.2163,63.0823,63.9405,64.7824,65.5976,66.3727,67.0921,67.7376,68.29,68.7301,69.0409,69.2097,69.2299,69.1016,68.832,68.4338,67.9235,67.3192,66.6391,65.8998,65.1156,64.2986,63.4585,62.6029,61.7378,60.868,59.9973,59.1288,58.2648,57.4077,56.5593,55.7213,54.895,54.082,53.2833,52.5002,51.7335,50.9842,50.2531,49.5408,48.8479,48.1748,47.522,46.8897,46.278,45.687,45.1165,44.5663,44.0361,43.5254,43.0334,42.5596,42.1029,41.6625,41.2372,40.826,40.4277,40.0413,39.6657,39.3001,38.9437,38.5961,38.257,37.9263,37.6042,37.2911,36.9876,36.6943,36.4121,36.1418,35.8842,35.6402,35.4104,35.1956,34.9963,34.8129,34.6456,34.4948,34.3602,34.242,34.1399,34.0536,33.9828,33.9271,33.886,33.8593,33.8466,33.8479,33.863,33.8922,33.936,33.9952,34.0709,34.1643,34.2772,34.4116,34.5697,34.754,34.9672,35.2122,35.4922,35.8106,36.1711,36.5774,37.034,37.5457,38.1178,38.7565,39.4688,40.2633,41.1497,42.1397,43.2473,44.4894,45.8858,47.4602,49.2401,51.2573,53.5466,56.1442,59.0828,62.3834,66.0399,69.997,74.1209,78.173,81.8061,84.611,86.225,86.4651,85.4079,83.3557,80.715,77.8693,75.1045,72.5954,70.4257,68.6183,67.1612,66.025,65.1744,64.5738,64.1904,63.9954,63.9644,64.077,64.3167,64.6699,65.1258,65.6758,66.3127,67.0305,67.8233,68.6847,69.6073,70.5812,71.5937,72.628,73.6624,74.6702,75.6186,76.47,77.182,77.7093,78.0065,78.0311,77.7476,77.1317,76.1739,74.8812,73.2775,71.4009,69.3003,67.0302,
 ,-31,130.133,132.303,134.095,135.472,136.404,136.874,136.875,136.411,135.5,134.169,132.454,130.397,128.044,125.444,122.643,119.687,116.619,113.476,110.294,107.1,103.922,100.779,97.6895,94.6665,91.721,88.8614,86.0938,83.422,80.8489,78.3757,76.0026,73.7291,71.5539,69.4751,67.4906,65.5978,63.7938,62.076,60.4411,58.8862,57.408,56.0037,54.6701,53.4042,52.2031,51.0639,49.9839,48.9604,47.9908,47.0726,46.2035,45.3811,44.6034,43.8683,43.1738,42.5182,41.8997,41.3167,40.7679,40.2518,39.7673,39.3131,38.8883,38.492,38.1234,37.7818,37.4666,37.1771,36.9131,36.674,36.4596,36.2697,36.1039,35.9622,35.8444,35.7504,35.6804,35.6341,35.6118,35.6135,35.6392,35.6892,35.7636,35.8626,35.9865,36.1355,36.3099,36.51,36.7361,36.9885,37.2676,37.5736,37.9068,38.2674,38.6556,39.0715,39.5151,39.9861,40.4844,41.0093,41.5602,42.136,42.7356,43.3574,43.9996,44.6602,45.3369,46.0274,46.7292,47.4398,48.157,48.8787,49.6035,50.33,51.0577,51.7865,52.517,53.2501,53.9873,54.7303,55.4808,56.2409,57.0122,57.7963,58.5943,59.4068,60.2334,61.0728,61.9221,62.7765,63.6284,64.4674,65.2788,66.0441,66.7405,67.3425,67.8238,68.1602,68.3331,68.3331,68.1608,67.8271,67.3511,66.7567,66.0692,65.3123,64.5068,63.6696,62.8136,61.9483,61.0805,60.215,59.3549,58.5026,57.6597,56.8273,56.0064,55.198,54.4027,53.6213,52.8545,52.1031,51.3677,50.6489,49.9475,49.2639,48.5987,47.9524,47.3253,46.7177,46.13,45.5621,45.0141,44.4858,43.9771,43.4876,43.0166,42.5635,42.1275,41.7075,41.3025,40.9111,40.532,40.164,39.8057,39.456,39.1137,38.7782,38.4488,38.1253,37.8077,37.4965,37.1922,36.8958,36.6081,36.3305,36.0641,35.81,35.5694,35.3433,35.1325,34.9378,34.7598,34.5988,34.4549,34.3283,34.2188,34.1261,34.0497,33.9891,33.9438,33.913,33.8961,33.8927,33.9022,33.9245,33.9595,34.0077,34.0698,34.1468,34.2401,34.3517,34.4836,34.6383,34.8186,35.0274,35.268,35.5437,35.8581,36.2151,36.6187,37.0734,37.5841,38.1565,38.7967,39.5123,40.3121,41.2065,42.2085,43.3337,44.6012,46.0345,47.6623,49.5196,51.6484,54.0979,56.9238,60.1845,63.9322,68.1943,72.942,78.0413,83.1967,87.9199,91.5801,93.5804,93.6082,91.7941,88.6453,84.8096,80.8504,77.1439,73.8845,71.1378,68.8944,67.1097,65.7268,64.6889,63.9448,63.4509,63.1709,63.0757,63.1422,63.3523,63.6922,64.1517,64.7229,65.4002,66.1788,67.0546,68.0228,69.077,70.2083,71.4038,72.6459,73.9109,75.1682,76.3801,77.5016,78.4816,79.2642,79.7922,80.0111,79.8742,79.3487,78.4204,77.0963,75.4051,73.3945,71.1251,68.6642,
 ,-32,131.22,133.455,135.296,136.703,137.644,138.1,138.064,137.542,136.552,135.126,133.303,131.129,128.654,125.93,123.007,119.935,116.757,113.513,110.238,106.963,103.712,100.507,97.365,94.2982,91.3172,88.4295,85.6402,82.9528,80.369,77.8895,75.5139,73.2409,71.0688,68.9951,67.0173,65.1326,63.3377,61.6295,60.0048,58.4602,56.9927,55.5987,54.2754,53.0196,51.8282,50.6984,49.6274,48.6126,47.6512,46.7409,45.8793,45.0642,44.2933,43.5648,42.8766,42.2271,41.6144,41.0372,40.4939,39.9833,39.504,39.055,38.6354,38.244,37.8803,37.5434,37.2328,36.9478,36.6881,36.4532,36.2427,36.0564,35.8942,35.7557,35.6409,35.5497,35.482,35.438,35.4176,35.4209,35.448,35.4991,35.5745,35.6742,35.7986,35.9481,36.1227,36.323,36.5493,36.8019,37.0813,37.3877,37.7214,38.0829,38.4721,38.8894,39.3348,39.8079,40.3086,40.8362,41.3899,41.9686,42.5707,43.1945,43.8378,44.4979,45.1721,45.8573,46.5504,47.2483,47.9479,48.6468,49.3428,50.0347,50.7219,51.4046,52.0838,52.7614,53.4397,54.1218,54.8109,55.5103,56.2237,56.9543,57.7051,58.4789,59.2773,60.1014,60.9505,61.8215,62.7087,63.6016,64.4845,65.3352,66.1246,66.8178,67.3771,67.7663,67.9573,67.9353,67.7018,67.2745,66.6829,65.9628,65.1505,64.2784,63.3727,62.4532,61.5335,60.6224,59.7251,58.8445,57.9816,57.1368,56.3099,55.5005,54.7082,53.9326,53.1736,52.4311,51.7052,50.9959,50.3036,49.6284,48.9709,48.3312,47.7099,47.1071,46.5233,45.9586,45.4133,44.8875,44.3811,43.8941,43.4261,42.9768,42.5455,42.1315,41.7338,41.3512,40.9825,40.626,40.2802,39.9436,39.6145,39.2914,38.973,38.6584,38.347,38.0385,37.733,37.4313,37.1341,36.8428,36.5588,36.2837,36.0191,35.7665,35.5276,35.3035,35.0955,34.9045,34.7311,34.5759,34.439,34.3205,34.2202,34.1376,34.0721,34.0229,33.9891,33.9699,33.9641,33.971,33.9897,34.0198,34.061,34.1135,34.178,34.2556,34.3477,34.4564,34.5841,34.7336,34.9081,35.1107,35.345,35.6148,35.9238,36.2761,36.6759,37.1279,37.6371,38.2091,38.8504,39.5686,40.3729,41.2744,42.2867,43.4271,44.7169,46.1831,47.8594,49.7884,52.023,54.6283,57.6822,61.274,65.4965,70.4263,76.0827,82.3555,88.9036,95.069,99.9091,102.466,102.217,99.3788,94.7838,89.4351,84.131,79.3396,75.2537,71.8962,69.2076,67.0986,65.4781,64.2641,63.3879,62.794,62.4383,62.287,62.3139,62.4999,62.831,63.2974,63.8926,64.6122,65.4536,66.4142,67.4912,68.6799,69.9724,71.3564,72.8138,74.319,75.8381,77.328,78.7363,80.0022,81.0584,81.8339,82.2605,82.2781,81.8434,80.9362,79.5638,77.761,75.5868,73.1162,70.4321,
 ,-33,132.157,134.454,136.344,137.781,138.733,139.177,139.108,138.532,137.469,135.955,134.031,131.747,129.158,126.319,123.283,120.102,116.822,113.484,110.124,106.773,103.457,100.195,97.0046,93.8982,90.8853,87.9725,85.1643,82.4634,79.8709,77.3867,75.0099,72.7387,70.5706,68.5029,66.5327,64.6567,62.8715,61.1736,59.5595,58.0259,56.5693,55.1862,53.8737,52.6284,51.4472,50.3273,49.2659,48.2602,47.3076,46.4057,45.5521,44.7446,43.981,43.2595,42.578,41.9349,41.3285,40.7573,40.2198,39.7148,39.241,38.7974,38.3829,37.9966,37.6378,37.3057,36.9996,36.7191,36.4636,36.2327,36.0261,35.8435,35.6846,35.5493,35.4374,35.3489,35.2837,35.2419,35.2234,35.2285,35.2571,35.3096,35.3861,35.4868,35.6122,35.7624,35.9379,36.139,36.3663,36.62,36.9006,37.2086,37.5443,37.9082,38.3006,38.7215,39.1712,39.6495,40.1561,40.6904,41.2515,41.8381,42.4485,43.0805,43.7315,44.3983,45.0774,45.7649,46.4569,47.1492,47.838,48.5201,49.1927,49.8542,50.5041,51.1428,51.7721,52.3948,53.0146,53.6361,54.2641,54.9039,55.5611,56.241,56.9492,57.6907,58.47,59.2911,60.1563,61.0658,62.0161,62.9986,63.9967,64.9844,65.9242,66.7675,67.4585,67.9415,68.1715,68.1244,67.8033,67.2374,66.4745,65.57,64.5769,63.5399,62.4921,61.4561,60.4452,59.4664,58.5222,57.6122,56.7348,55.8877,55.0683,54.2744,53.504,52.7553,52.0271,51.3183,50.6284,49.9568,49.3034,48.6681,48.0509,47.4519,46.8714,46.3096,45.7667,45.2428,44.7383,44.2531,43.7872,43.3407,42.913,42.5039,42.1126,41.7384,41.38,41.0361,40.7051,40.3852,40.0746,39.771,39.4725,39.1773,38.8837,38.5905,38.2969,38.0026,37.708,37.414,37.1217,36.8331,36.5501,36.2748,36.0093,35.7559,35.5164,35.2924,35.0856,34.897,34.7275,34.5776,34.4477,34.3377,34.2473,34.1758,34.1225,34.0863,34.0659,34.0599,34.0671,34.0859,34.1152,34.1541,34.2021,34.2591,34.3256,34.4027,34.4921,34.5962,34.7177,34.8598,35.026,35.2201,35.4461,35.7079,36.0098,36.356,36.751,37.1994,37.7063,38.2775,38.9193,39.6395,40.4473,41.3542,42.3744,43.5262,44.8329,46.3242,48.0386,50.0254,52.3479,55.0863,58.3413,62.2346,66.9046,72.4876,79.071,86.5973,94.7076,102.57,108.858,112.123,111.539,107.449,101.139,94.0715,87.3119,81.4007,76.4975,72.5586,69.4595,67.0597,65.2308,63.8651,62.8766,62.1983,61.7792,61.5808,61.5749,61.7415,62.0666,62.5414,63.1608,63.9222,64.825,65.8689,67.0531,68.375,69.8283,71.4017,73.0768,74.8268,76.6145,78.3917,80.0985,81.664,83.0081,84.0456,84.6918,84.8713,84.5284,83.6356,82.2002,80.2646,77.9011,75.202,72.2679,
 ,-34,132.879,135.234,137.167,138.632,139.593,140.028,139.93,139.305,138.178,136.584,134.57,132.188,129.498,126.556,123.42,120.142,116.772,113.352,109.918,106.502,103.128,99.818,96.5872,93.4478,90.4087,87.4759,84.6533,81.9427,79.3449,76.859,74.4834,72.216,70.0539,67.9939,66.0327,64.1666,62.3921,60.7055,59.103,57.5811,56.1362,54.7649,53.4638,52.2295,51.0593,49.9499,48.8985,47.9025,46.9592,46.0662,45.2211,44.4217,43.6659,42.9518,42.2775,41.6412,41.0414,40.4764,39.945,39.4459,38.9778,38.5396,38.1304,37.7493,37.3954,37.0681,36.7666,36.4905,36.2392,36.0124,35.8096,35.6306,35.4751,35.3429,35.2339,35.1481,35.0854,35.0458,35.0293,35.0362,35.0665,35.1205,35.1984,35.3004,35.427,35.5785,35.7553,35.958,36.1868,36.4425,36.7255,37.0363,37.3755,37.7436,38.141,38.568,39.0249,39.5116,40.0279,40.5733,41.1468,41.747,42.3721,43.0195,43.686,44.3679,45.0607,45.7595,46.4592,47.1545,47.8404,48.5125,49.1673,49.8026,50.4178,51.0138,51.5931,52.1599,52.7194,53.2781,53.843,54.4217,55.022,55.6519,56.3195,57.033,57.8004,58.6294,59.5266,60.497,61.5416,62.6553,63.8232,65.0157,66.1854,67.2643,68.1683,68.8087,69.1106,69.0332,68.5823,67.8082,66.7904,65.6166,64.366,63.0996,61.8583,60.6661,59.534,58.4649,57.4564,56.5038,55.6013,54.7432,53.9241,53.1394,52.3851,51.6581,50.9559,50.2766,49.6186,48.9809,48.3629,47.764,47.1841,46.623,46.0807,45.5575,45.0534,44.5686,44.1034,43.6577,43.2316,42.825,42.4376,42.0691,41.7186,41.3852,41.0677,40.7644,40.4735,40.1927,39.9196,39.6516,39.3861,39.1207,38.8532,38.5821,38.3062,38.0253,37.74,37.4513,37.1613,36.8721,36.5866,36.3077,36.0381,35.7806,35.5376,35.3114,35.1038,34.9162,34.7495,34.6046,34.4817,34.3807,34.3012,34.2423,34.203,34.1819,34.1773,34.1871,34.2096,34.2427,34.2847,34.334,34.3896,34.4513,34.5194,34.595,34.6801,34.7772,34.8898,35.0216,35.1766,35.3593,35.5742,35.8257,36.1184,36.4569,36.8457,37.2897,37.7938,38.3637,39.0058,39.7275,40.5378,41.4483,42.4733,43.6317,44.9477,46.4532,48.19,50.2127,52.5928,55.4231,58.8233,62.9435,67.9635,74.0779,81.4467,90.0819,99.6376,109.141,116.883,120.881,119.958,114.602,106.605,97.9173,89.8442,82.964,77.3798,72.9718,69.5505,66.9274,64.9409,63.4615,62.3888,61.6468,61.1788,60.9435,60.9113,61.0618,61.382,61.8645,62.5056,63.3052,64.2646,65.3862,66.6717,68.1205,69.7285,71.4856,73.3738,75.3653,77.4202,79.4852,81.4933,83.3635,85.0026,86.3098,87.1827,87.5289,87.2781,86.3948,84.8857,82.8019,80.231,77.285,74.0842,
 ,-35,133.327,135.729,137.698,139.185,140.154,140.581,140.456,139.791,138.609,136.947,134.857,132.393,129.618,126.59,123.371,120.014,116.571,113.083,109.59,106.121,102.703,99.3552,96.0938,92.9302,89.8727,86.9268,84.0957,81.3809,78.7822,76.2986,73.9278,71.6672,69.5136,67.4636,65.5134,63.6591,61.8969,60.2229,58.6332,57.1241,55.6919,54.3331,53.0443,51.8221,50.6634,49.5652,48.5246,47.5389,46.6055,45.7219,44.8858,44.0951,43.3475,42.6413,41.9745,41.3454,40.7524,40.1942,39.6691,39.1761,38.7138,38.2813,37.8776,37.5017,37.1529,36.8304,36.5335,36.2619,36.0148,35.792,35.593,35.4175,35.2653,35.1363,35.0303,34.9471,34.8869,34.8496,34.8353,34.8441,34.8762,34.9318,35.0113,35.115,35.2431,35.3963,35.575,35.7796,36.0109,36.2694,36.5557,36.8707,37.2148,37.5888,37.9934,38.429,38.8959,39.3945,39.9247,40.486,41.0775,41.6979,42.3451,43.0161,43.7073,44.4142,45.1312,45.8523,46.5706,47.2793,47.9716,48.6418,49.285,49.8984,50.481,51.0342,51.5618,52.0693,52.5641,53.0552,53.552,54.065,54.6047,55.1822,55.8087,56.496,57.2561,58.1017,59.0454,60.0989,61.271,62.5639,63.968,65.454,66.9637,68.4034,69.6455,70.5449,70.9724,70.8558,70.2062,69.1132,67.713,66.1477,64.5348,62.9562,61.4595,60.0664,58.7814,57.5995,56.5107,55.5036,54.5671,53.6909,52.8662,52.0855,51.343,50.6336,49.9535,49.2999,48.6705,48.0635,47.4778,46.9125,46.3671,45.8414,45.3352,44.8485,44.3815,43.9342,43.507,43.1,42.7131,42.3464,41.9996,41.6723,41.3639,41.0732,40.7988,40.5389,40.2911,40.0528,39.8209,39.592,39.3628,39.1299,38.8907,38.6427,38.3847,38.1163,37.8381,37.552,37.2603,36.9665,36.6741,36.387,36.1089,35.8433,35.5934,35.362,35.1511,34.9627,34.7978,34.6573,34.5416,34.4503,34.3831,34.3388,34.316,34.3129,34.3271,34.3562,34.3975,34.4481,34.5055,34.5674,34.6322,34.6992,34.7684,34.8411,34.9195,35.0068,35.107,35.2247,35.3647,35.5324,35.7327,35.971,36.252,36.5809,36.9622,37.4009,37.9019,38.4705,39.1129,39.8359,40.6483,41.5608,42.5875,43.747,45.0636,46.5699,48.3094,50.3395,52.7365,55.601,59.0644,63.2945,68.498,74.9081,82.736,92.048,102.522,113.105,121.835,126.336,125.172,118.936,109.8,100.05,91.1455,83.6711,77.6814,73.0015,69.3974,66.6495,64.5754,63.0319,61.91,61.1286,60.6281,60.3661,60.3131,60.4495,60.7638,61.2504,61.9079,62.7384,63.7459,64.9352,66.3105,67.874,69.6236,71.5508,73.6384,75.8578,78.1669,80.5081,82.8074,84.9743,86.903,88.4765,89.5746,90.0866,89.9265,89.0494,87.4617,85.2238,82.4399,79.2424,75.773,
 ,-36,133.447,135.881,137.876,139.379,140.351,140.769,140.624,139.925,138.699,136.986,134.837,132.31,129.47,126.378,123.096,119.681,116.184,112.648,109.113,105.608,102.16,98.7881,95.5081,92.331,89.2646,86.3141,83.482,80.7692,78.1754,75.6989,73.3372,71.0872,68.9455,66.9083,64.9715,63.1312,61.3832,59.7236,58.1482,56.6533,55.2351,53.8899,52.6143,51.405,50.2587,49.1725,48.1434,47.1687,46.2458,45.3723,44.5458,43.7642,43.0254,42.3275,41.6686,41.0471,40.4614,39.9101,39.3917,38.905,38.4488,38.0222,37.624,37.2535,36.9098,36.5922,36.3001,36.0328,35.79,35.5712,35.376,35.2041,35.0553,34.9294,34.8263,34.7459,34.6882,34.6532,34.6411,34.652,34.686,34.7435,34.8248,34.9303,35.0604,35.2157,35.3966,35.6039,35.8382,36.1004,36.3911,36.7114,37.0619,37.4436,37.8574,38.3041,38.7843,39.2986,39.847,40.4295,41.0453,41.6931,42.3708,43.0752,43.802,44.5458,45.2999,46.0564,46.8068,47.5418,48.2524,48.9305,49.5696,50.1655,50.717,51.226,51.6975,52.1395,52.562,52.9769,53.3971,53.8362,54.3083,54.8276,55.409,56.0683,56.8225,57.6902,58.6918,59.8486,61.1811,62.705,64.4235,66.3146,68.314,70.2969,72.0702,73.3927,74.0354,73.8647,72.9017,71.3123,69.3361,67.2041,65.0895,63.0966,61.2738,59.6324,58.1634,56.8482,55.6655,54.5947,53.6175,52.718,51.8835,51.1033,50.3691,49.6742,49.0134,48.3827,47.7789,47.1999,46.644,46.1098,45.5967,45.1042,44.6321,44.1802,43.7487,43.3378,42.9477,42.5786,42.2307,41.904,41.5985,41.3138,41.0492,40.8036,40.5754,40.3625,40.1622,39.9711,39.7852,39.6004,39.4121,39.2158,39.0077,38.7847,38.5449,38.2877,38.0141,37.7265,37.4285,37.1244,36.8192,36.5181,36.2259,35.9472,35.686,35.4455,35.2286,35.0372,34.8727,34.7362,34.6278,34.5474,34.4942,34.4671,34.464,34.4827,34.5201,34.5731,34.6377,34.7103,34.7871,34.8647,34.9408,35.0138,35.0837,35.1517,35.2205,35.294,35.3773,35.4759,35.596,35.7438,35.9254,36.1467,36.4132,36.7301,37.1026,37.5353,38.0331,38.6009,39.2443,39.9695,40.7841,41.698,42.724,43.8794,45.1876,46.6803,48.4003,50.4052,52.772,55.6024,59.0298,63.225,68.3987,74.7891,82.6141,91.947,102.47,113.124,121.921,126.449,125.242,118.904,109.647,99.7912,90.8081,83.2827,77.2624,72.5654,68.952,66.1983,64.1186,62.5677,61.4357,60.641,60.1248,59.8455,59.7755,59.8974,60.2021,60.6862,61.3513,62.2018,63.2444,64.4866,65.9351,67.5944,69.4647,71.5393,73.8017,76.2232,78.7596,81.3499,83.914,86.3526,88.5485,90.3697,91.6787,92.3467,92.272,91.4,89.737,87.3519,84.3658,80.9317,77.2118,
 ,-37,133.195,135.646,137.652,139.16,140.131,140.54,140.378,139.656,138.4,136.652,134.464,131.896,129.015,125.883,122.563,119.114,115.585,112.023,108.465,104.943,101.482,98.1015,94.8166,91.6383,88.574,85.6284,82.8038,80.1006,77.5182,75.0546,72.7069,70.4719,68.3458,66.3247,64.4044,62.5805,60.849,59.2057,57.6464,56.1673,54.7644,53.4342,52.173,50.9776,49.8447,48.7712,47.7544,46.7914,45.8798,45.0169,44.2006,43.4287,42.6991,42.01,41.3595,40.746,40.1679,39.6238,39.1123,38.6322,38.1824,37.7618,37.3694,37.0043,36.6659,36.3533,36.0659,35.8032,35.5647,35.35,35.1586,34.9903,34.8449,34.7222,34.622,34.5444,34.4892,34.4567,34.4468,34.4598,34.4959,34.5555,34.6388,34.7464,34.8787,35.0363,35.22,35.4305,35.6685,35.9351,36.2312,36.5579,36.9162,37.3074,37.7327,38.193,38.6896,39.2234,39.7948,40.4042,41.0512,41.7347,42.4526,43.2015,43.9769,44.7721,45.5791,46.388,47.1874,47.9652,48.709,49.4075,50.0516,50.6352,51.1563,51.6176,52.0259,52.3922,52.7303,53.056,53.3865,53.7393,54.1323,54.5836,55.112,55.7376,56.4829,57.3735,58.4391,59.7138,61.2353,63.0405,65.1572,67.5853,70.2677,73.0497,75.6465,77.6567,78.6645,78.4144,76.9478,74.5801,71.7393,68.8007,66.0092,63.4849,61.2621,59.3278,57.6483,56.1844,54.8987,53.7586,52.7369,51.8116,50.965,50.1833,49.4554,48.7729,48.1292,47.5192,46.9391,46.386,45.8576,45.3526,44.8698,44.4087,43.9689,43.5503,43.153,42.7773,42.4236,42.0921,41.7831,41.497,41.2338,40.9933,40.7749,40.5776,40.3997,40.2387,40.0914,39.9537,39.8207,39.6867,39.5458,39.3918,39.2193,39.0239,38.8029,38.5555,38.2829,37.9886,37.6775,37.3557,37.0301,36.7073,36.3939,36.0957,35.8175,35.5635,35.3368,35.1399,34.9743,34.8411,34.7406,34.6724,34.6357,34.6288,34.6497,34.6951,34.7615,34.8444,34.9388,35.0395,35.1412,35.2391,35.3295,35.4099,35.4798,35.5407,35.5958,35.6503,35.7104,35.7835,35.8772,35.999,36.1564,36.356,36.6043,36.9068,37.2688,37.6951,38.1902,38.7585,39.4047,40.134,40.9527,41.8688,42.8932,44.0408,45.3326,46.7977,48.4761,50.4226,52.7101,55.4355,58.7242,62.7348,67.6581,73.7029,81.0463,89.7174,99.3787,109.039,116.929,120.973,119.934,114.321,106.021,97.0618,88.7865,81.7731,76.1096,71.6585,68.2147,65.5777,63.5769,62.0769,60.974,60.1915,59.6745,59.3851,59.2992,59.4032,59.691,60.1627,60.8227,61.6784,62.7391,64.0144,65.5136,67.2434,69.2057,71.3955,73.797,76.3814,79.1034,81.8986,84.6825,87.3486,89.7696,91.8014,93.2914,94.0944,94.0947,93.229,91.5029,88.9931,85.8358,82.2024,78.2728,
 ,-38,132.541,134.989,136.991,138.494,139.457,139.856,139.682,138.946,137.675,135.91,133.705,131.122,128.225,125.079,121.748,118.29,114.755,111.19,107.632,104.113,100.657,97.2841,94.0093,90.8432,87.7928,84.8626,82.0547,79.3694,76.8055,74.361,72.0329,69.8178,67.7116,65.7103,63.8096,62.0051,60.2926,58.6678,57.1266,55.6649,54.2789,52.965,51.7195,50.5391,49.4206,48.3609,47.3572,46.4067,45.5069,44.6554,43.8499,43.0882,42.3684,41.6885,41.0468,40.4417,39.8716,39.3351,38.8308,38.3576,37.9143,37.4999,37.1134,36.7541,36.421,36.1135,35.831,35.5729,35.3387,35.128,34.9405,34.7759,34.6339,34.5144,34.4172,34.3424,34.2898,34.2598,34.2522,34.2675,34.3058,34.3675,34.453,34.5629,34.6977,34.8581,35.0449,35.259,35.5014,35.7731,36.0754,36.4096,36.7771,37.1794,37.6181,38.0948,38.6111,39.1683,39.7677,40.4101,41.0958,41.8241,42.5933,43.4001,44.2394,45.1038,45.9833,46.8657,47.7361,48.5781,49.3748,50.1102,50.771,51.3482,51.8389,52.2463,52.5802,52.8555,53.0913,53.3089,53.5308,53.7795,54.0771,54.446,54.9088,55.4902,56.2182,57.126,58.254,59.6519,61.3794,63.5044,66.0946,69.1956,72.7852,76.6976,80.5352,83.6412,85.2572,84.8864,82.6104,79.037,74.9307,70.8841,67.2195,64.048,61.3616,59.1016,57.1959,55.5765,54.1854,52.9755,51.9096,50.9586,50.0999,49.3162,48.594,47.9229,47.2951,46.7045,46.1464,45.6174,45.115,44.6374,44.1833,43.752,43.3431,42.9564,42.5923,42.2509,41.9329,41.6387,41.369,41.1242,40.9047,40.7105,40.5414,40.3963,40.2737,40.1708,40.0839,40.008,39.9369,39.8631,39.7786,39.6749,39.5443,39.3805,39.1795,38.9398,38.6635,38.3553,38.0222,37.6728,37.3163,36.962,36.6181,36.2922,35.9901,35.7169,35.4763,35.2708,35.1023,34.9718,34.8797,34.8255,34.8081,34.8258,34.8759,34.9547,35.0574,35.1785,35.3112,35.4485,35.5828,35.7072,35.8162,35.906,35.9754,36.0258,36.0618,36.0899,36.1186,36.1573,36.2158,36.3037,36.4298,36.602,36.8276,37.1128,37.4628,37.8824,38.3759,38.9469,39.5993,40.3367,41.1634,42.0851,43.1096,44.2484,45.5184,46.9443,48.5613,50.4182,52.581,55.1361,58.1935,61.8881,66.3751,71.8107,78.3048,85.8193,94.0014,101.993,108.397,111.668,110.917,106.513,99.8332,92.4317,85.4192,79.3416,74.3424,70.3559,67.2363,64.8252,62.9804,61.5847,60.5467,59.7986,59.2922,58.9961,58.8915,58.9696,59.2293,59.6745,60.313,61.1551,62.2124,63.4968,65.0193,66.7881,68.8066,71.0706,73.5652,76.2612,79.1125,82.0525,84.9932,87.8232,90.4082,92.5948,94.2192,95.1243,95.1835,94.3269,92.5592,89.9635,86.6868,82.9143,78.8389,
 ,-39,131.467,133.892,135.874,137.359,138.308,138.696,138.515,137.775,136.503,134.741,132.542,129.968,127.083,123.952,120.637,117.197,113.682,110.138,106.603,103.107,99.6757,96.3282,93.0792,89.9393,86.9154,84.0117,81.2304,78.5715,76.0338,73.6152,71.3126,69.1224,67.0406,65.0631,63.1855,61.4035,59.7126,58.1088,56.5877,55.1454,53.7779,52.4818,51.2533,50.0891,48.986,47.941,46.9513,46.0142,45.1271,44.2875,43.4934,42.7426,42.033,41.3629,40.7304,40.1341,39.5723,39.0437,38.5469,38.0808,37.6443,37.2364,36.856,36.5025,36.1749,35.8726,35.595,35.3416,35.1119,34.9054,34.7218,34.5608,34.4222,34.3059,34.2118,34.1398,34.09,34.0624,34.0573,34.0749,34.1154,34.1794,34.2673,34.3796,34.5171,34.6805,34.8708,35.0889,35.3361,35.6136,35.9229,36.2657,36.6436,37.0586,37.5127,38.0082,38.5473,39.132,39.7645,40.4464,41.1789,41.9622,42.7953,43.6752,44.5968,45.5518,46.5285,47.5114,48.4813,49.4162,50.2923,51.0867,51.7799,52.3584,52.8173,53.1611,53.4033,53.5652,53.6731,53.7559,53.8431,53.9633,54.1435,54.4102,54.79,55.3115,56.0078,56.9194,58.0979,59.6096,61.5402,63.9964,67.1025,70.9783,75.681,81.0814,86.6737,91.4335,94.0146,93.4622,89.9346,84.5843,78.7351,73.2699,68.5621,64.6629,61.4813,58.8876,56.7581,54.9892,53.4992,52.2252,51.1196,50.1462,49.2778,48.4935,47.7775,47.1179,46.5056,45.9335,45.3964,44.8905,44.4127,43.9611,43.5343,43.1314,42.7521,42.3963,42.0642,41.7565,41.4738,41.2169,40.9867,40.7841,40.61,40.4647,40.3484,40.2605,40.1994,40.1624,40.1453,40.1422,40.145,40.1442,40.1288,40.0869,40.0074,39.881,39.7017,39.4673,39.1807,38.8485,38.481,38.0904,37.6893,37.2902,36.9041,36.5401,36.2057,35.9065,35.6467,35.4291,35.2556,35.1273,35.0443,35.0063,35.012,35.0594,35.1455,35.2658,35.4147,35.5848,35.7675,35.9528,36.1306,36.2906,36.4246,36.5266,36.5944,36.63,36.639,36.6306,36.6163,36.6087,36.6206,36.664,36.7498,36.8875,37.085,37.3492,37.6855,38.0988,38.5926,39.1702,39.8339,40.5857,41.4276,42.3619,43.3923,44.5254,45.7724,47.1518,48.6917,50.4334,52.4328,54.7636,57.5167,60.7991,64.7243,69.3925,74.8465,80.994,87.4968,93.6707,98.5137,100.994,100.543,97.3982,92.4594,86.8021,81.2669,76.3304,72.172,68.7924,66.1079,64.0073,62.381,61.134,60.1901,59.4928,59.0033,58.6981,58.566,58.6053,58.8204,59.2203,59.8166,60.6224,61.6514,62.917,64.4313,66.2031,68.2364,70.5274,73.061,75.808,78.7212,81.7332,84.7538,87.6689,90.3407,92.6109,94.3098,95.274,95.3714,94.5281,92.7486,90.1187,86.7913,82.9584,78.8196,
 ,-40,129.972,132.354,134.299,135.755,136.683,137.058,136.874,136.14,134.882,133.143,130.973,128.432,125.586,122.496,119.226,115.83,112.362,108.864,105.374,101.922,98.5349,95.2303,92.023,88.9235,85.9387,83.0729,80.3281,77.7045,75.2008,72.815,70.5439,68.3841,66.3314,64.3818,62.531,60.7745,59.1082,57.5277,56.029,54.608,53.2609,51.984,50.7739,49.6271,48.5406,47.5114,46.5366,45.6136,44.7399,43.9131,43.131,42.3915,41.6927,41.0328,40.4101,39.8229,39.2698,38.7494,38.2605,37.8018,37.3723,36.971,36.5969,36.2493,35.9274,35.6305,35.358,35.1093,34.884,34.6818,34.5022,34.3449,34.2098,34.0968,34.0058,33.9366,33.8895,33.8645,33.8619,33.8818,33.9247,33.9911,34.0814,34.1964,34.3367,34.5034,34.6973,34.9199,35.1722,35.456,35.773,36.1251,36.5144,36.9435,37.4149,37.9315,38.4964,39.1126,39.7833,40.5113,41.2992,42.1485,43.0594,44.0301,45.0556,46.1273,47.2318,48.3501,49.4572,50.5232,51.515,52.3991,53.1464,53.7363,54.1608,54.4258,54.551,54.5669,54.5106,54.4218,54.339,54.2983,54.3324,54.4716,54.7456,55.1861,55.83,56.7238,57.9286,59.5266,61.6291,64.3846,67.9828,72.6408,78.5411,85.6607,93.439,100.408,104.348,103.547,98.2893,90.6136,82.6451,75.5813,69.7763,65.1551,61.5053,58.6086,56.2823,54.3857,52.8135,51.488,50.3519,49.3627,48.489,47.7071,46.9993,46.3521,45.7556,45.2019,44.6853,44.2015,43.7474,43.3208,42.9201,42.5445,42.1936,41.8676,41.5668,41.2919,41.044,40.8244,40.6342,40.475,40.3481,40.2546,40.1953,40.1702,40.1782,40.2168,40.2815,40.3652,40.4581,40.5478,40.619,40.6552,40.6401,40.5599,40.4051,40.1725,39.8661,39.4959,39.0767,38.6262,38.1621,37.701,37.2573,36.8425,36.4652,36.1319,35.847,35.6132,35.4325,35.3056,35.2328,35.2136,35.2468,35.3303,35.4607,35.6331,35.8406,36.0742,36.3225,36.572,36.8084,37.0169,37.1849,37.3034,37.3686,37.3826,37.3537,37.2946,37.2214,37.1513,37.1012,37.0865,37.1205,37.2144,37.3773,37.6164,37.9374,38.3449,38.8423,39.4317,40.1144,40.8904,41.7587,42.7175,43.7652,44.9017,46.1307,47.4622,48.9156,50.5226,52.329,54.395,56.7937,59.6058,62.9086,66.7562,71.1437,75.9541,80.8948,85.4588,88.9754,90.8014,90.5979,88.5076,85.08,81.0103,76.892,73.1075,69.8391,67.13,64.9442,63.2105,61.8487,60.7841,59.9555,59.3181,58.8439,58.5197,58.3442,58.3243,58.4722,58.8028,59.3318,60.075,61.0478,62.2642,63.7362,65.4726,67.4765,69.7436,72.2583,74.9905,77.8929,80.8973,83.9134,86.827,89.5001,91.7745,93.4809,94.456,94.5679,93.7431,91.9856,89.3808,86.0808,82.2766,78.1671,
 ,-41,128.068,130.388,132.28,133.695,134.596,134.958,134.775,134.056,132.827,131.127,129.007,126.525,123.742,120.72,117.519,114.195,110.797,107.368,103.946,100.56,97.2353,93.9907,90.8405,87.7954,84.8622,82.0455,79.3472,76.7677,74.3059,71.9597,69.7263,67.6021,65.5833,63.6658,61.8454,60.1178,58.4789,56.9243,55.4502,54.0525,52.7275,51.4715,50.2811,49.1531,48.0843,47.0718,46.1129,45.2048,44.3453,43.5319,42.7624,42.0349,41.3475,40.6983,40.0856,39.508,38.9639,38.4521,37.9713,37.5203,37.0981,36.7036,36.3361,35.9946,35.6785,35.387,35.1197,34.8759,34.6552,34.4572,34.2816,34.1282,33.9966,33.8869,33.799,33.7328,33.6884,33.666,33.6659,33.6882,33.7336,33.8024,33.8952,34.0129,34.1562,34.3262,34.524,34.7511,35.009,35.2995,35.6246,35.9866,36.3883,36.8326,37.3227,37.8625,38.4559,39.1072,39.821,40.6018,41.4538,42.3808,43.3848,44.4658,45.6205,46.8405,48.111,49.4091,50.703,51.9524,53.1102,54.1274,54.9598,55.5752,55.9604,56.1237,56.0944,55.9173,55.6458,55.3347,55.0352,54.7922,54.6442,54.6248,54.7654,55.0989,55.6641,56.5106,57.7058,59.3433,61.5545,64.5226,68.4954,73.7846,80.7097,89.3978,99.31,108.577,113.999,112.927,105.805,95.7475,85.749,77.2533,70.5218,65.3202,61.309,58.1861,55.7177,53.7319,52.1046,50.7466,49.5933,48.5977,47.7252,46.9502,46.2534,45.6205,45.0406,44.5056,44.0093,43.5473,43.1161,42.7135,42.338,41.9886,41.6652,41.368,41.0975,40.8549,40.6415,40.459,40.3092,40.1945,40.1168,40.0782,40.0805,40.1247,40.2107,40.3364,40.4975,40.6862,40.8905,41.0942,41.2766,41.4144,41.4832,41.462,41.3362,41.1006,40.7608,40.3323,39.8372,39.301,38.749,38.2035,37.683,37.2014,36.7688,36.3919,36.075,35.8205,35.63,35.504,35.4425,35.4453,35.5112,35.6383,35.8232,36.0606,36.3428,36.6587,36.9936,37.3295,37.6459,37.9214,38.137,38.2783,38.3392,38.3223,38.2395,38.1095,37.9552,37.8004,37.6679,37.5772,37.5449,37.5839,37.7042,37.9133,38.2173,38.6203,39.1254,39.7341,40.4464,41.2603,42.1714,43.1732,44.2571,45.4146,46.6389,47.929,49.2935,50.7536,52.3452,54.1179,56.131,58.4463,61.1162,64.1655,67.5656,71.2017,74.8421,78.1315,80.6401,81.9808,81.9581,80.6553,78.3979,75.6186,72.7163,69.9772,67.561,65.5266,63.8657,62.5327,61.4674,60.6094,59.909,59.3321,58.8624,58.4993,58.2543,58.1462,58.1967,58.4278,58.8599,59.5112,60.3978,61.5332,62.9284,64.5905,66.521,68.7138,71.152,73.8048,76.6242,79.5427,82.4712,85.2976,87.8878,90.0883,91.736,92.6744,92.7781,91.9769,90.2753,87.7544,84.5592,80.8721,76.8837,
 ,-42,125.782,128.022,129.848,131.213,132.08,132.427,132.248,131.553,130.364,128.721,126.67,124.267,121.571,118.64,115.534,112.304,108.999,105.662,102.328,99.0263,95.7818,92.6132,89.5349,86.5574,83.6879,80.931,78.2888,75.762,73.3496,71.0498,68.8599,66.7767,64.7964,62.9151,61.1288,59.4333,57.8246,56.2985,54.8512,53.4788,52.1776,50.9441,49.7749,48.6669,47.6169,46.6222,45.6801,44.7879,43.9432,43.1439,42.3877,41.6728,40.9972,40.3591,39.757,39.1894,38.6547,38.1518,37.6794,37.2363,36.8216,36.4342,36.0733,35.7382,35.428,35.1422,34.8801,34.6412,34.4252,34.2316,34.0601,33.9105,33.7825,33.6762,33.5913,33.5281,33.4865,33.4667,33.4691,33.494,33.5417,33.613,33.7084,33.8288,33.9751,34.1485,34.3503,34.5821,34.8456,35.1429,35.4765,35.8489,36.2635,36.7237,37.2338,37.7983,38.4225,39.1122,39.8735,40.7132,41.638,42.6543,43.7675,44.9807,46.2932,47.6985,49.1816,50.7163,52.2627,53.7664,55.1609,56.3734,57.3359,57.9972,58.3352,58.3622,58.123,57.6852,57.1271,56.5255,55.9482,55.4507,55.077,54.8624,54.838,55.0351,55.4911,56.2551,57.3954,59.0099,61.2388,64.2822,68.4185,74.0116,81.4629,91,102.124,112.753,119.078,117.836,109.573,98.1072,86.9582,77.6848,70.4689,64.9739,60.7859,57.5563,55.0239,53.0009,51.3537,49.9873,48.8335,47.8431,46.9798,46.217,45.5349,44.9186,44.3568,43.8412,43.3654,42.9249,42.5161,42.1368,41.7856,41.4615,41.1646,40.8952,40.6542,40.4431,40.2636,40.1181,40.0091,39.9397,39.9131,39.9326,40.0014,40.1219,40.2957,40.5221,40.7975,41.1137,41.457,41.8066,42.1345,42.4072,42.5886,42.6459,42.5559,42.3102,41.9173,41.4011,40.7956,40.1384,39.4651,38.8062,38.1848,37.6174,37.1148,36.6835,36.327,36.0469,35.8439,35.7182,35.6695,35.6978,35.8023,35.9816,36.233,36.5514,36.9283,37.3508,37.8005,38.2532,38.68,39.0495,39.3323,39.506,39.5602,39.4985,39.3388,39.1089,38.8423,38.5727,38.3306,38.1414,38.0246,37.995,38.0633,38.2371,38.5222,38.9225,39.4408,40.0783,40.8341,41.7043,42.6813,43.7528,44.9021,46.1091,47.3532,48.6187,49.9,51.2069,52.5672,54.0243,55.6314,57.4419,59.4965,61.8076,64.3425,67.0047,69.6227,71.9569,73.7375,74.7348,74.8366,74.0919,72.6924,70.9036,68.9865,67.1442,65.5027,64.1166,62.986,62.0755,61.3317,60.6993,60.1334,59.6083,59.1204,58.6852,58.3318,58.0947,58.0083,58.1031,58.4042,58.9316,59.701,60.724,62.0092,63.5605,65.3767,67.4492,69.7587,72.2735,74.9452,77.7078,80.4748,83.1388,85.5722,87.6309,89.163,90.0244,90.1005,89.328,87.7113,85.325,82.3015,78.8083,75.0213,
 ,-43,123.15,125.297,127.045,128.35,129.179,129.511,129.34,128.674,127.537,125.963,123.997,121.692,119.102,116.283,113.291,110.177,106.986,103.759,100.531,97.3311,94.1829,91.1051,88.1122,85.2146,82.4198,79.7326,77.1555,74.6893,72.3336,70.0866,67.946,65.9088,63.9714,62.1303,60.3816,58.7214,57.1456,55.6505,54.2322,52.887,51.6114,50.402,49.2554,48.1686,47.1386,46.1627,45.2383,44.3627,43.5337,42.7491,42.0069,41.305,40.6418,40.0154,39.4242,38.8669,38.342,37.8484,37.3846,36.9497,36.5427,36.1627,35.8087,35.48,35.1759,34.8958,34.6391,34.4053,34.194,34.0048,33.8375,33.6918,33.5674,33.4645,33.3828,33.3226,33.2838,33.2667,33.2716,33.2989,33.349,33.4227,33.5207,33.6438,33.7931,33.9699,34.1757,34.4121,34.6812,34.9855,35.3275,35.7105,36.1381,36.6148,37.1455,37.7358,38.3924,39.1228,39.9353,40.8392,41.8446,42.9616,44.2,45.5679,47.0696,48.7028,50.4546,52.2968,54.181,56.0354,57.7659,59.2638,60.4226,61.1599,61.4384,61.2767,60.7456,59.9501,59.0065,58.0235,57.0905,56.2749,55.6248,55.1743,54.9508,54.9805,55.2953,55.9392,56.9755,58.4969,60.6381,63.5921,67.627,73.0907,80.3601,89.6315,100.389,110.606,116.648,115.441,107.497,96.4212,85.5841,76.5176,69.43,64.0147,59.8781,56.6842,54.1786,52.1776,50.5498,49.2017,48.0657,47.093,46.2477,45.5033,44.84,44.2429,43.701,43.2057,42.7508,42.3316,41.9449,41.5883,41.2606,40.9609,40.6895,40.4469,40.2345,40.054,39.9078,39.7989,39.7307,39.7073,39.7333,39.8137,39.9535,40.1575,40.4297,40.7719,41.1824,41.6539,42.1713,42.709,43.2296,43.685,44.0211,44.1864,44.1429,43.8766,43.4012,42.7547,41.9897,41.1627,40.3243,39.5149,38.7633,38.0877,37.4987,37.0013,36.5973,36.2866,36.0686,35.9426,35.9083,35.9657,36.1152,36.3564,36.6879,37.1058,37.6019,38.162,38.7635,39.3748,39.9549,40.4575,40.8371,41.0577,41.1018,40.9746,40.7037,40.3323,39.9099,39.4848,39.098,38.7815,38.5582,38.4441,38.4496,38.582,38.8463,39.2462,39.7844,40.4623,41.2788,42.229,43.3025,44.4811,45.7379,47.0379,48.3416,49.6123,50.8255,51.9774,53.0901,54.2081,55.3887,56.6893,58.1523,59.7921,61.5836,63.4546,65.2841,66.9137,68.175,68.9309,69.1166,68.762,67.9819,66.9402,65.8061,64.7192,63.7711,63.0017,62.4049,61.9398,61.5455,61.1582,60.729,60.2368,59.6927,59.1347,58.6166,58.1953,57.9215,57.8358,57.9678,58.3378,58.9593,59.8406,60.9856,62.3943,64.0614,65.9746,68.1122,70.441,72.913,75.4638,78.0112,80.4542,82.6745,84.5404,85.915,86.67,86.705,85.9652,84.455,82.2404,79.438,76.1961,72.6716,
 ,-44,120.218,122.26,123.921,125.161,125.948,126.264,126.103,125.473,124.395,122.901,121.033,118.839,116.371,113.681,110.821,107.839,104.778,101.678,98.572,95.4885,92.4504,89.4764,86.5807,83.7739,81.0638,78.4554,75.9515,73.5534,71.2608,69.0725,66.9865,64.9999,63.1098,61.3127,59.6049,57.9829,56.4428,54.981,53.5938,52.2778,51.0294,49.8455,48.7229,47.6585,46.6496,45.6935,44.7876,43.9295,43.1169,42.3478,41.62,40.9318,40.2814,39.6671,39.0874,38.5408,38.026,37.5418,37.087,36.6606,36.2616,35.889,35.542,35.22,34.9221,34.6479,34.3967,34.1681,33.9616,33.777,33.6138,33.4721,33.3514,33.2519,33.1734,33.1161,33.0801,33.0657,33.0731,33.1028,33.1554,33.2314,33.3319,33.4576,33.6098,33.7899,33.9994,34.2404,34.515,34.8259,35.1762,35.5696,36.0103,36.5033,37.0546,37.6711,38.3609,39.1333,39.9994,40.9716,42.0637,43.2911,44.6696,46.2144,47.9377,49.8451,51.93,54.1656,56.4965,58.8304,61.0353,62.9487,64.4024,65.2608,65.4604,65.031,64.0874,62.7957,61.3317,59.8491,58.4645,57.2566,56.2739,55.545,55.0884,54.9209,55.0643,55.5527,56.4381,57.7996,59.7526,62.4607,66.1445,71.0754,77.515,85.5236,94.5395,102.839,107.616,106.612,100.203,91.054,81.8136,73.8427,67.4486,62.4628,58.5946,55.5729,53.1819,51.2604,49.6907,48.387,47.2869,46.3445,45.526,44.8061,44.1658,43.5909,43.0706,42.5966,42.1631,41.7654,41.4003,41.0659,40.7609,40.4847,40.2378,40.0211,39.8361,39.6852,39.5713,39.4982,39.4703,39.4931,39.5726,39.716,39.9308,40.225,40.606,41.0798,41.6484,42.3075,43.0423,43.8226,44.5999,45.3059,45.8586,46.176,46.1956,45.8933,45.2916,44.4522,43.4587,42.396,41.3357,40.3305,39.4143,38.6056,37.9127,37.3373,36.878,36.532,36.2965,36.1699,36.1515,36.2419,36.4427,36.7557,37.182,37.7204,38.3646,39.1002,39.9014,40.7273,41.5211,42.2138,42.7342,43.0237,43.0526,42.8288,42.3966,41.8238,41.1856,40.5508,39.9745,39.4958,39.1403,38.9237,38.8548,38.9393,39.1809,39.583,40.1485,40.8799,41.7773,42.8364,44.0453,45.3803,46.8032,48.2596,49.6833,51.0067,52.1776,53.1748,54.0178,54.7621,55.4839,56.2588,57.1441,58.1661,59.3135,60.5368,61.7528,62.8568,63.742,64.3248,64.5674,64.489,64.1613,63.6888,63.1829,62.7394,62.4211,62.2496,62.2033,62.2218,62.219,62.1053,61.8142,61.3241,60.6655,59.9102,59.1491,58.4706,57.9468,57.6294,57.5511,57.7301,58.1752,58.8887,59.8687,61.1093,62.6,64.3245,66.2583,68.3666,70.6019,72.9025,75.191,77.3746,79.346,80.9878,82.18,82.8123,82.799,82.0945,80.7035,78.6822,76.13,73.1741,69.9506,
 ,-45,117.036,118.966,120.534,121.703,122.446,122.746,122.597,122.006,120.993,119.587,117.826,115.755,113.42,110.871,108.155,105.318,102.401,99.4412,96.47,93.515,90.5987,87.7392,84.9508,82.2443,79.6274,77.1056,74.6822,72.3586,70.1351,68.0109,65.9842,64.0526,62.2136,60.4639,58.8002,57.2191,55.7171,54.2908,52.9368,51.6517,50.4322,49.2752,48.1778,47.137,46.1503,45.2149,44.3284,43.4885,42.693,41.9399,41.2273,40.5532,39.9161,39.3143,38.7464,38.2109,37.7065,37.2322,36.7866,36.3689,35.978,35.6132,35.2734,34.9582,34.6667,34.3985,34.1529,33.9295,33.728,33.5479,33.3891,33.2513,33.1344,33.0383,32.963,32.9087,32.8755,32.8637,32.8736,32.9057,32.9605,33.0389,33.1417,33.2699,33.4248,33.608,33.8211,34.0663,34.346,34.6632,35.0214,35.4246,35.8777,36.3866,36.9579,37.6001,38.3227,39.1373,40.0577,41.0999,42.2826,43.6273,45.1576,46.8985,48.8738,51.1023,53.5894,56.3171,59.2276,62.2072,65.0752,67.5892,69.4825,70.5294,70.6206,69.8052,68.2741,66.2937,64.131,62.0017,60.0532,58.3718,56.9994,55.9516,55.2317,54.8416,54.7888,55.0926,55.7892,56.9372,58.6237,60.9694,64.1281,68.2689,73.513,79.7804,86.5182,92.4379,95.7028,94.9448,90.3892,83.6702,76.5625,70.1395,64.7739,60.4495,57.006,54.2611,52.0551,50.2611,48.7824,47.5462,46.4981,45.5975,44.8138,44.1241,43.5108,42.9607,42.4637,42.0122,41.6004,41.2242,40.8806,40.5677,40.2846,40.031,39.8075,39.6154,39.4566,39.3339,39.2511,39.2126,39.224,39.2922,39.4252,39.6325,39.9249,40.3144,40.8134,41.4338,42.1841,43.0661,44.0685,45.1591,46.2769,47.3269,48.1854,48.721,48.829,48.4677,47.6747,46.5528,45.2355,43.8505,42.498,41.244,40.1255,39.158,38.3442,37.68,37.1587,36.7734,36.5187,36.3913,36.3901,36.5167,36.7746,37.1688,37.7046,38.3854,39.2094,40.1654,41.2255,42.3395,43.4298,44.3944,45.121,45.5129,45.519,45.152,44.4847,43.626,42.6906,41.7768,40.9563,40.2752,39.7593,39.4212,39.2662,39.2964,39.5136,39.9204,40.5207,41.3192,42.3193,43.5199,44.9105,46.4642,48.1308,49.8318,51.4633,52.9111,54.0794,54.9216,55.4589,55.7737,55.9807,56.1925,56.4941,56.9299,57.5034,58.1822,58.9077,59.6078,60.2116,60.6657,60.9471,61.0699,61.0824,61.0557,61.0685,61.1894,61.4623,61.8924,62.4373,63.0043,63.4615,63.6681,63.5193,62.986,62.1278,61.0697,59.9599,58.9317,58.0839,57.4785,57.1481,57.1048,57.3491,57.8746,58.671,59.7254,61.0216,62.5384,64.2485,66.1156,68.0932,70.1225,72.1322,74.038,75.7448,77.15,78.1512,78.6557,78.5925,77.9248,76.6571,74.836,72.5442,69.8877,66.9815,
 ,-46,113.656,115.468,116.94,118.037,118.735,119.019,118.883,118.334,117.389,116.076,114.428,112.485,110.292,107.892,105.33,102.648,99.8839,97.0734,94.2465,91.4294,88.6438,85.9075,83.2346,80.6359,78.1194,75.6909,73.3539,71.1105,68.9612,66.9056,64.9424,63.0698,61.2852,59.586,57.9692,56.4316,54.97,53.5813,52.2622,51.0096,49.8204,48.6918,47.6208,46.6047,45.641,44.7272,43.8609,43.04,42.2623,41.5258,40.8288,40.1695,39.5461,38.9573,38.4015,37.8774,37.3838,36.9196,36.4835,36.0747,35.6922,35.3352,35.0029,34.6947,34.4097,34.1476,33.9077,33.6897,33.4931,33.3177,33.1632,33.0295,32.9163,32.8237,32.7517,32.7003,32.6699,32.6606,32.6729,32.7073,32.7644,32.845,32.9499,33.0805,33.2379,33.4238,33.6401,33.8891,34.1734,34.4963,34.8616,35.2738,35.7383,36.2618,36.8519,37.5182,38.2722,39.1274,40.1007,41.2122,42.4859,43.9503,45.6387,47.5886,49.8398,52.4299,55.386,58.7086,62.3486,66.1759,69.9506,73.3183,75.857,77.1904,77.1293,75.7565,73.3932,70.4692,67.3862,64.4401,61.8081,59.5738,57.7608,56.3614,55.3562,54.7264,54.461,54.5613,55.0443,55.9452,57.3195,59.2421,61.8006,65.0719,69.0676,73.6298,78.2875,82.1726,84.2058,83.6463,80.614,76.0036,70.8829,66.0101,61.7431,58.1641,55.2199,52.811,50.8347,49.2013,47.8377,46.6866,45.7033,44.8538,44.1119,43.4572,42.8743,42.3514,41.8793,41.451,41.0613,40.7066,40.3841,40.0922,39.8301,39.5981,39.3967,39.2278,39.0937,38.9977,38.9441,38.9385,38.9874,39.0994,39.2845,39.5549,39.9253,40.4126,41.0355,41.8142,42.767,43.9062,45.2295,46.7078,48.2693,49.786,51.074,51.923,52.157,51.7032,50.6256,49.0967,47.3301,45.5163,43.7906,42.2315,40.8736,39.724,38.7753,38.0142,37.4263,36.9995,36.7246,36.5963,36.6134,36.7785,37.0978,37.5807,38.2384,39.082,40.1181,41.3426,42.7304,44.2237,45.7199,47.07,48.0975,48.6416,48.6139,48.0351,47.0275,45.7674,44.4298,43.1525,42.0258,41.0995,40.3949,39.9178,39.6661,39.6367,39.828,40.2417,40.8832,41.761,42.8846,44.26,45.8829,47.7278,49.7348,51.797,53.7582,55.4335,56.6566,57.3402,57.5137,57.3106,56.9146,56.4989,56.1882,56.0479,56.092,56.2969,56.6161,56.9941,57.3788,57.7326,58.0407,58.3148,58.5916,58.9263,59.3816,60.0148,60.8617,61.9185,63.1222,64.3366,65.3583,65.9592,65.9634,65.3242,64.1474,62.6448,61.0523,59.565,58.3124,57.3632,56.7431,56.4524,56.4783,56.8023,57.4044,58.263,59.3555,60.656,62.134,63.7523,65.4656,67.2187,68.9462,70.5732,72.0163,73.1882,74.0027,74.3834,74.2731,73.6423,72.4951,70.8696,68.8328,66.4713,63.8802,
 ,-47,110.13,111.824,113.197,114.222,114.875,115.142,115.02,114.514,113.639,112.421,110.888,109.078,107.03,104.784,102.381,99.859,97.2545,94.5998,91.9238,89.2511,86.6028,83.996,81.4447,78.9598,76.5494,74.2194,71.9739,69.8152,67.7444,65.7613,63.8653,62.0548,60.3277,58.6817,57.1141,55.6222,54.2031,52.8537,51.5712,50.3526,49.1951,48.096,47.0525,46.0622,45.1225,44.231,43.3857,42.5844,41.8251,41.1058,40.425,39.7807,39.1716,38.5961,38.0528,37.5405,37.058,36.604,36.1777,35.7781,35.4042,35.0553,34.7306,34.4294,34.1511,33.8952,33.6611,33.4486,33.2571,33.0864,32.9363,32.8066,32.6972,32.6081,32.5392,32.4909,32.4632,32.4565,32.4711,32.5077,32.5669,32.6494,32.7564,32.889,33.0486,33.2368,33.4559,33.7081,33.9964,34.3241,34.6955,35.1155,35.59,36.1263,36.7331,37.4211,38.2034,39.0959,40.1184,41.295,42.6555,44.2362,46.0813,48.2429,50.7806,53.7579,57.2331,61.2404,65.7562,70.648,75.6148,80.1531,83.6088,85.3613,85.086,82.9243,79.4138,75.2392,70.991,67.0577,63.6351,60.7858,58.4988,56.7308,55.4318,54.5571,54.074,53.9641,54.2241,54.8658,55.9149,57.4065,59.375,61.8327,64.7296,67.8931,70.9661,73.4018,74.5984,74.1714,72.1808,69.0932,65.5149,61.9404,58.6606,55.7932,53.3502,51.2925,49.564,48.1079,46.8735,45.8187,44.9091,44.1174,43.4221,42.8062,42.2564,41.7625,41.3164,40.912,40.5448,40.2113,39.9094,39.6378,39.396,39.1843,39.0038,38.8566,38.7454,38.6741,38.6476,38.6723,38.7561,38.9088,39.1429,39.4736,39.9193,40.5028,41.2505,42.1927,43.3611,44.7838,46.4753,48.4181,50.5361,52.6653,54.5404,55.8308,56.2429,55.6507,54.1632,52.0682,49.7026,47.3424,45.1627,43.2476,41.621,40.2736,39.1823,38.3209,37.6655,37.1971,36.9022,36.7734,36.8091,37.0134,37.3958,37.9711,38.7587,39.7802,41.0553,42.5935,44.3801,46.3553,48.3903,50.2739,51.732,52.4988,52.4218,51.5354,50.0457,48.2372,46.3727,44.6394,43.1443,41.9335,41.0172,40.3878,40.0324,39.94,40.1043,40.5259,41.2124,42.178,43.441,45.0193,46.9216,49.1321,51.5877,54.1518,56.6,58.6416,59.9977,60.5139,60.2368,59.3898,58.2696,57.1387,56.1717,55.4523,54.9962,54.7776,54.7501,54.8627,55.0703,55.3424,55.6681,56.0584,56.5458,57.1801,58.021,59.1273,60.5399,62.2577,64.2037,66.1917,67.9183,69.0179,69.1949,68.3686,66.7204,64.6002,62.373,60.3138,58.5817,57.2432,56.3075,55.7551,55.555,55.6737,56.0791,56.7408,57.6292,58.714,59.9618,61.3349,62.7892,64.2735,65.7288,67.0888,68.282,69.2348,69.8757,70.1429,69.9906,69.3957,68.3618,66.9192,65.1214,63.0381,60.7465,
 ,-48,106.508,108.083,109.36,110.312,110.92,111.172,111.064,110.601,109.797,108.673,107.256,105.579,103.676,101.586,99.343,96.9839,94.5415,92.046,89.5244,87.0001,84.4932,82.0203,79.5949,77.2279,74.9276,72.7002,70.5499,68.4794,66.4904,64.583,62.757,61.0113,59.3441,57.7536,56.2375,54.7932,53.4181,52.1097,50.8652,49.682,48.5574,47.4889,46.4739,45.5101,44.5952,43.727,42.9033,42.1222,41.3818,40.6803,40.016,39.3874,38.7928,38.231,37.7006,37.2003,36.7291,36.2858,35.8695,35.4792,35.1141,34.7734,34.4564,34.1625,33.891,33.6414,33.4133,33.2062,33.0199,32.854,32.7083,32.5827,32.4771,32.3915,32.3258,32.2804,32.2554,32.2512,32.2681,32.3067,32.3678,32.4522,32.5609,32.6952,32.8566,33.0468,33.268,33.5228,33.8141,34.1457,34.5219,34.9481,35.4307,35.9775,36.5981,37.3044,38.1107,39.0351,40.1003,41.3342,42.7723,44.4587,46.4487,48.8103,51.6254,54.9884,58.9981,63.7374,69.2306,75.3667,81.795,87.8346,92.5105,94.8341,94.2687,91.0498,86.0519,80.326,74.7018,69.658,65.3848,61.8988,59.136,57.0066,55.4234,54.3132,53.6203,53.3062,53.3487,53.7385,54.4766,55.5675,57.0097,58.7784,60.8005,62.9238,64.8962,66.3842,67.0555,66.7098,65.3758,63.295,60.8051,58.2142,55.735,53.4812,51.4937,49.7696,48.285,47.0084,45.9078,44.9543,44.123,43.393,42.7475,42.1728,41.6579,41.1942,40.7749,40.3948,40.0499,39.7375,39.4557,39.2035,38.9808,38.7883,38.6272,38.5,38.4097,38.3607,38.3587,38.4106,38.5255,38.7149,38.9931,39.3782,39.893,40.5659,41.4317,42.5323,43.9154,45.6302,47.7158,50.1781,52.9487,55.8316,58.4622,60.3405,60.9928,60.2081,58.1668,55.3343,52.2228,49.2151,46.5221,44.2217,42.315,40.768,39.5366,38.5789,37.8596,37.3525,37.0394,36.9107,36.9644,37.2063,37.6497,38.3158,39.2333,40.4373,41.9651,43.8475,46.0902,48.6424,51.3541,53.9388,55.9849,57.0638,56.918,55.6043,53.4638,50.9446,48.4282,46.1568,44.2452,42.725,41.5852,40.799,40.3387,40.1829,40.3199,40.7489,41.4801,42.5346,43.9423,45.7381,47.9514,50.5864,53.5886,56.7978,59.9078,62.4807,64.0653,64.4003,63.5619,61.9194,59.9392,58.0039,56.3415,55.0442,54.1164,53.5178,53.1916,53.0821,53.1436,53.347,53.6825,54.1615,54.8163,55.6981,56.8721,58.4086,60.3664,62.7613,65.5161,68.3972,70.9765,72.6939,73.0692,71.9662,69.6825,66.7725,63.7759,61.0592,58.8021,57.0551,55.7993,54.9879,54.5673,54.4872,54.7028,55.1746,55.8666,56.7442,57.772,58.9118,60.1215,61.3537,62.5556,63.6696,64.6346,65.3891,65.8747,66.0418,65.8539,65.2932,64.3624,63.0857,61.5049,59.6754,57.6593,
 ,-49,102.833,104.293,105.475,106.358,106.923,107.16,107.066,106.645,105.91,104.878,103.575,102.028,100.27,98.3326,96.2494,94.0525,91.7723,89.4366,87.0705,84.6962,82.3325,79.9956,77.6986,75.4521,73.2645,71.1422,69.0897,67.1101,65.2052,63.376,61.6223,59.9434,58.3381,56.8049,55.3419,53.9467,52.6173,51.3511,50.1459,48.9992,47.9085,46.8715,45.8858,44.9494,44.0601,43.2156,42.4142,41.6539,40.9329,40.2496,39.6024,38.9897,38.4101,37.8623,37.345,36.8571,36.3974,35.965,35.5588,35.1781,34.822,34.4897,34.1806,33.894,33.6294,33.3863,33.1642,32.9627,32.7816,32.6205,32.4793,32.3578,32.256,32.1739,32.1115,32.0689,32.0466,32.0447,32.0637,32.1043,32.1672,32.2532,32.3634,32.499,32.6618,32.8534,33.0761,33.3326,33.626,33.9602,34.3398,34.7704,35.2587,35.8132,36.4441,37.164,37.9887,38.9379,40.0367,41.3165,42.8175,44.591,46.7025,49.2351,52.2927,56.0016,60.5054,65.9456,72.4125,79.8446,87.8668,95.6166,101.732,104.74,103.815,99.3297,92.6138,85.1767,78.107,71.9493,66.8567,62.7775,59.5823,57.1298,55.2942,53.9742,53.0922,52.5922,52.4352,52.5951,53.0542,53.7963,54.7986,56.0196,57.3848,58.7727,60.0119,60.8994,61.2486,60.9514,60.0209,58.5839,56.829,54.9444,53.0766,51.3192,49.7194,48.2921,47.0329,45.9273,44.9575,44.105,43.3528,42.6859,42.0915,41.5591,41.08,40.6471,40.2549,39.899,39.5763,39.2844,39.022,38.7884,38.5838,38.4089,38.2656,38.1564,38.0849,38.0556,38.0747,38.1501,38.2917,38.5121,38.8275,39.2587,39.8321,40.5815,41.5497,42.7901,44.3673,46.3537,48.8187,51.8015,55.2564,58.968,62.4672,65.0463,65.9902,64.9683,62.2609,58.5732,54.6354,50.9438,47.7329,45.0594,42.8907,41.1624,39.8069,38.7654,37.9917,37.452,37.1242,36.9963,37.0664,37.3417,37.8396,38.5874,39.6241,40.9993,42.7712,44.9975,47.7145,50.8945,54.3789,57.8027,60.5816,62.0605,61.8268,59.9704,57.0284,53.6706,50.4211,47.5721,45.232,43.4047,42.0493,41.1149,40.5563,40.341,40.4515,40.8851,41.655,42.7895,44.3318,46.3361,48.8587,51.9345,55.5318,59.48,63.3892,66.6389,68.5421,68.683,67.1822,64.6175,61.6821,58.8985,56.5416,54.6964,53.3419,52.4127,51.8347,51.5415,51.4828,51.6275,51.9655,52.5087,53.291,54.368,55.8142,57.7173,60.1614,63.1918,66.7472,70.5599,74.0702,76.4817,77.0718,75.6275,72.6012,68.8092,64.9949,61.6122,58.8459,56.7158,55.1666,54.1205,53.5005,53.2396,53.2811,53.5775,54.0873,54.7726,55.5964,56.5211,57.5066,58.5092,59.4824,60.3759,61.1384,61.7186,62.0694,62.1507,61.934,61.4052,60.5666,59.4366,58.0483,56.4449,54.6759,
 ,-50,99.1468,100.495,101.587,102.402,102.926,103.149,103.069,102.689,102.02,101.077,99.8838,98.4638,96.8453,95.0576,93.1305,91.0928,88.9724,86.7947,84.583,82.358,80.1375,77.9369,75.769,73.644,71.5704,69.5546,67.6014,65.7142,63.8952,62.1455,60.4656,58.8552,57.3133,55.8388,54.4301,53.0854,51.8027,50.5799,49.4149,48.3055,47.2496,46.2449,45.2894,44.381,43.5178,42.6977,41.9191,41.1801,40.479,39.8143,39.1844,38.588,38.0237,37.4902,36.9863,36.511,36.0631,35.6418,35.246,34.875,34.528,34.2043,33.9032,33.6241,33.3665,33.1299,32.9139,32.7181,32.5422,32.3861,32.2494,32.1321,32.034,31.9554,31.8961,31.8565,31.8367,31.8371,31.8582,31.9005,31.9649,32.0523,32.1636,32.3003,32.4639,32.6564,32.8799,33.1372,33.4317,33.7671,34.1484,34.5812,35.0727,35.6316,36.2684,36.9967,37.833,38.7983,39.9193,41.2301,42.7744,44.6089,46.807,49.4637,52.701,56.6719,61.5596,67.5604,74.8328,83.3774,92.8216,102.153,109.634,113.292,111.996,106.277,97.9506,88.9756,80.6599,73.5776,67.8253,63.279,59.7476,57.0439,55.0099,53.5212,52.483,51.8251,51.4962,51.4578,51.6794,52.1324,52.7832,53.5858,54.4734,55.3535,56.1104,56.6186,56.7696,56.5019,55.8207,54.7939,53.5284,52.1388,50.7231,49.3521,48.0689,46.8943,45.834,44.8844,44.037,43.2811,42.6058,42.001,41.4576,40.9675,40.5241,40.1219,39.7566,39.4247,39.1237,38.8517,38.6079,38.3918,38.2039,38.0454,37.9181,37.8248,37.7695,37.757,37.7938,37.8883,38.051,38.2957,38.6399,39.1061,39.7237,40.5307,41.5762,42.9233,44.6504,46.8511,49.6235,53.042,57.0914,61.5527,65.8694,69.1297,70.3624,69.1049,65.7473,61.251,56.5624,52.2748,48.6298,45.654,43.2794,41.4119,39.963,38.8598,38.0466,37.4839,37.1462,37.0201,37.1036,37.4055,37.9462,38.759,39.8915,41.407,43.3837,45.9072,49.0487,52.8139,57.0506,61.3278,64.8811,66.7936,66.4647,64.0237,60.2432,56.043,52.0887,48.7073,45.9864,43.894,42.3564,41.2981,40.6574,40.3915,40.4772,40.9105,41.7067,42.9007,44.5474,46.7201,49.5017,52.9617,57.1011,61.7545,66.4626,70.4188,72.6713,72.6219,70.4437,66.958,63.1052,59.5423,56.5743,54.2646,52.5591,51.3645,50.5872,50.1497,49.9954,50.0904,50.4237,51.0071,51.876,53.0901,54.7325,56.9062,59.7195,63.2484,67.456,72.0585,76.3885,79.4283,80.2122,78.4466,74.7421,70.1726,65.6649,61.7375,58.566,56.1356,54.3564,53.1234,52.3405,51.9272,51.8182,51.9598,52.3069,52.8193,53.4597,54.1911,54.976,55.7747,56.5459,57.2466,57.8334,58.2641,58.5003,58.5101,58.271,57.7717,57.014,56.0121,54.7916,53.3862,51.835,
 ,-51,95.4824,96.7245,97.7306,98.4828,98.9681,99.1781,99.1107,98.7693,98.1629,97.3059,96.2168,94.9178,93.4334,91.7897,90.0132,88.1299,86.1648,84.1415,82.0812,80.0031,77.924,75.8585,73.8188,71.815,69.8553,67.9463,66.0929,64.2988,62.5664,60.8972,59.292,57.7509,56.2734,54.8585,53.5051,52.2117,50.9766,49.7979,48.674,47.6027,46.5822,45.6105,44.6857,43.8059,42.9693,42.1741,41.4187,40.7013,40.0205,39.3748,38.7626,38.1828,37.6341,37.1151,36.6249,36.1624,35.7265,35.3164,34.9312,34.5701,34.2324,33.9173,33.6243,33.3528,33.1023,32.8724,32.6625,32.4725,32.3019,32.1507,32.0185,31.9054,31.8112,31.736,31.6799,31.643,31.6257,31.6283,31.6513,31.6953,31.7611,31.8495,31.9616,32.0989,32.2629,32.4556,32.6791,32.9364,33.2306,33.5659,33.947,34.3798,34.8716,35.4312,36.0695,36.8003,37.6405,38.6119,39.7421,41.0663,42.6304,44.4938,46.7342,49.4533,52.7831,56.892,61.9862,68.2958,76.0226,85.2101,95.4956,105.779,114.086,118.117,116.554,110.047,100.735,90.8499,81.8172,74.213,68.0918,63.283,59.5586,56.7047,54.5448,52.9408,51.7881,51.0077,50.5403,50.34,50.3687,50.5914,50.9706,51.4616,52.0079,52.5403,52.9796,53.2459,53.2732,53.0245,52.5006,51.7386,50.8002,49.7555,48.6693,47.5928,46.5612,45.5955,44.7057,43.8938,43.1573,42.4909,41.8884,41.3431,40.8488,40.4,39.9916,39.6197,39.2807,38.9722,38.6921,38.4392,38.2129,38.0132,37.8407,37.6969,37.5838,37.5043,37.4625,37.4636,37.5143,37.6231,37.8011,38.0625,38.4254,38.9136,39.5579,40.3987,41.4886,42.896,44.7078,47.0299,49.9784,53.6507,58.0546,62.9747,67.805,71.5033,72.9252,71.5161,67.7421,62.7387,57.5922,52.9513,49.056,45.9101,43.4219,41.4793,39.9809,38.8456,38.0125,37.4389,37.0975,36.9742,37.067,37.386,37.9538,38.8075,40.0005,41.6058,43.7156,46.4366,49.8677,54.0445,58.8284,63.7479,67.9013,70.1568,69.7514,66.8486,62.421,57.5908,53.1266,49.3713,46.3894,44.1181,42.4584,41.3166,40.6191,40.3157,40.3795,40.8054,41.6097,42.8317,44.5339,46.8021,49.7386,53.4383,57.9301,63.0605,68.3288,72.7946,75.3003,75.0998,72.4088,68.2435,63.7325,59.6244,56.2365,53.6107,51.6665,50.2901,49.3746,48.8347,48.6098,48.6642,48.9855,49.5851,50.4983,51.7854,53.5329,55.8503,58.8574,62.6461,67.1943,72.2138,76.9841,80.3678,81.2626,79.3279,75.2643,70.2889,65.424,61.2173,57.8345,55.2406,53.3271,51.9747,51.0777,50.549,50.3188,50.3306,50.5377,50.8995,51.3791,51.9411,52.5505,53.1717,53.7684,54.3036,54.7408,55.0454,55.1861,55.1375,54.8816,54.4094,53.7222,52.8308,51.7549,50.5207,49.1591,
 ,-52,91.8689,93.0113,93.9368,94.6298,95.0787,95.2766,95.2216,94.9164,94.3692,93.5923,92.6019,91.4174,90.0603,88.5537,86.921,85.1856,83.3702,81.496,79.5824,77.6474,75.7065,73.7734,71.8599,69.9757,68.1289,66.3259,64.5719,62.8706,61.2248,59.6364,58.1062,56.6348,55.2221,53.8674,52.5698,51.3282,50.1412,49.0073,47.9249,46.8923,45.9077,44.9694,44.0758,43.225,42.4154,41.6455,40.9136,40.2183,39.5581,38.9316,38.3375,37.7745,37.2415,36.7374,36.2611,35.8115,35.3878,34.9891,34.6146,34.2636,33.9352,33.629,33.3442,33.0804,32.8371,32.6138,32.4102,32.226,32.0608,31.9145,31.7869,31.678,31.5876,31.5158,31.4628,31.4287,31.4138,31.4185,31.4433,31.4887,31.5556,31.6448,31.7575,31.8949,32.0588,32.251,32.4738,32.73,33.0228,33.3564,33.7354,34.1659,34.655,35.2116,35.8465,36.5735,37.4096,38.3765,39.5017,40.8205,42.3787,44.2356,46.469,49.1801,52.501,56.5996,61.6817,67.9761,75.6826,84.841,95.0826,105.301,113.523,117.469,115.857,109.354,100.082,90.2444,81.2477,73.662,67.5431,62.7232,58.9763,56.0897,53.8865,52.2279,51.0072,50.1432,49.5735,49.2488,49.128,49.1738,49.3487,49.6119,49.9168,50.2114,50.4402,50.5503,50.4997,50.2643,49.8428,49.2555,48.5387,47.7356,46.8889,46.0347,45.2004,44.4045,43.6575,42.9644,42.3261,41.7408,41.2053,40.7158,40.2682,39.8588,39.4841,39.1413,38.8277,38.5416,38.2815,38.0467,37.8369,37.6523,37.4939,37.3631,37.2622,37.1943,37.1634,37.1748,37.2353,37.3535,37.5404,37.8103,38.1814,38.6774,39.3292,40.1772,41.2739,42.6879,44.5061,46.8343,49.7887,53.4669,57.8763,62.8017,67.6368,71.3395,72.7656,71.3604,67.59,62.5896,57.4455,52.8069,48.9136,45.7698,43.2837,41.3432,39.847,38.7138,37.883,37.312,36.9736,36.8538,36.9512,37.2763,37.8523,38.7176,39.9276,41.5577,43.7046,46.4814,49.9956,54.2927,59.2398,64.3543,68.6925,71.0535,70.6211,67.5698,62.9374,57.9105,53.2885,49.4176,46.3539,44.0247,42.3228,41.1491,40.4263,40.102,40.1477,40.5577,41.3485,42.5597,44.2551,46.523,49.4694,53.1947,57.7341,62.937,68.2948,72.8378,75.3624,75.0884,72.2414,67.882,63.1809,58.9068,55.379,52.6356,50.5915,49.1298,48.1425,47.5441,47.2742,47.2971,47.6,48.1927,49.1081,50.4029,52.1585,54.478,57.4731,61.2265,65.7072,70.626,75.2793,78.572,79.4511,77.5928,73.664,68.8287,64.0744,59.9377,56.5878,53.9964,52.0611,50.667,49.7111,49.108,48.7889,48.6982,48.7899,49.0245,49.3667,49.7834,50.2423,50.7118,51.16,51.5553,51.8672,52.0671,52.1295,52.034,51.7662,51.319,50.6929,49.8962,48.9441,47.857,46.6589,
 ,-53,88.3296,89.379,90.2294,90.8672,91.2824,91.4692,91.4257,91.1544,90.6623,89.9602,89.0621,87.9849,86.7474,85.3701,83.8736,82.2788,80.6061,78.8746,77.1022,75.3051,73.498,71.6937,69.9032,68.136,66.4,64.7014,63.0455,61.4362,59.8763,58.3681,56.9128,55.511,54.1631,52.8687,51.6271,50.4376,49.2991,48.2102,47.1696,46.1759,45.2276,44.3231,43.4609,42.6394,41.8572,41.1128,40.4048,39.7317,39.0923,38.4853,37.9094,37.3635,36.8465,36.3574,35.8951,35.4587,35.0473,34.6602,34.2965,33.9556,33.6367,33.3394,33.063,32.8069,32.5709,32.3544,32.1571,31.9787,31.8189,31.6776,31.5546,31.4498,31.3633,31.295,31.245,31.2136,31.2011,31.2077,31.2341,31.2808,31.3486,31.4383,31.5511,31.6884,31.8516,32.0427,32.2639,32.518,32.8083,33.1386,33.5137,33.9395,34.4229,34.9726,35.5993,36.3163,37.1402,38.092,39.1982,40.4928,42.0194,43.8346,46.0114,48.6444,51.8551,55.7956,60.6472,66.6035,73.8174,82.28,91.6046,100.764,108.027,111.471,110.045,104.321,96.0824,87.2172,78.9857,71.9445,66.1911,61.6072,58.0064,55.2035,53.0396,51.387,50.1454,49.2369,48.6007,48.1877,47.957,47.8719,47.8972,47.9967,48.1324,48.2645,48.353,48.3615,48.2617,48.0369,47.6845,47.2158,46.652,46.0202,45.3485,44.6621,43.9815,43.3219,42.6932,42.1011,41.5483,41.0351,40.5603,40.122,39.7179,39.3456,39.0028,38.6876,38.3982,38.1334,37.8923,37.6744,37.4799,37.3091,37.1632,37.0438,36.9532,36.8945,36.8718,36.8903,36.9566,37.0792,37.2688,37.5391,37.9077,38.3974,39.0375,39.8659,40.9321,42.2988,44.045,46.264,49.0541,52.4897,56.5554,61.0319,65.3625,68.6353,69.8801,68.6345,65.288,60.8014,56.1209,51.8404,48.2021,45.2328,42.8645,41.0034,39.5609,38.4642,37.6579,37.1028,36.7739,36.6583,36.7551,37.0745,37.6391,38.4854,39.666,41.2518,43.3324,46.01,49.3777,53.4645,58.1284,62.9057,66.9236,69.0968,68.6983,65.8835,61.5811,56.8696,52.4962,48.8011,45.8539,43.5983,41.9404,40.79,40.0754,39.7476,39.7795,40.1653,40.92,42.0801,43.7038,45.8705,48.673,52.1941,56.4489,61.2768,66.1944,70.3209,72.5928,72.3323,69.7356,65.7292,61.3569,57.3285,53.9594,51.3057,49.3035,47.8533,46.8595,46.2449,45.9545,45.955,46.2341,46.7995,47.6793,48.9221,50.5967,52.7879,55.5817,59.0296,63.0737,67.4301,71.4772,74.3017,75.0567,73.4876,70.1247,65.9133,61.6903,57.9438,54.8537,52.4213,50.5717,49.2109,48.25,47.613,47.2371,47.071,47.0717,47.2024,47.4302,47.7247,48.057,48.3989,48.7227,49.0015,49.2098,49.3239,49.323,49.1906,48.9152,48.4908,47.9176,47.202,46.3554,45.3938,44.3359,
 ,-54,84.883,85.8462,86.627,87.2139,87.5981,87.7746,87.7417,87.5018,87.0608,86.4279,85.6154,84.638,83.5123,82.2559,80.8874,79.4252,77.8875,76.2915,74.6536,72.9886,71.3101,69.6299,67.9585,66.3049,64.6767,63.0803,61.5205,60.0015,58.5264,57.0974,55.7161,54.3835,53.1,51.8655,50.6799,49.5424,48.4523,47.4084,46.4099,45.4552,44.5433,43.6727,42.8422,42.0502,41.2956,40.5769,39.8929,39.2423,38.6239,38.0365,37.479,36.9503,36.4495,35.9754,35.5273,35.1042,34.7053,34.3298,33.9771,33.6464,33.3372,33.0488,32.7808,32.5326,32.3039,32.0942,31.9033,31.7307,31.5764,31.4401,31.3217,31.2211,31.1384,31.0735,31.0265,30.9978,30.9875,30.9961,31.0239,31.0717,31.1401,31.2301,31.3428,31.4794,31.6414,31.8308,32.0497,32.3008,32.5872,32.9128,33.2822,33.701,34.1758,34.7151,35.3289,36.03,36.8341,37.7608,38.8349,40.0877,41.5593,43.3007,45.3769,47.8703,50.8842,54.5432,58.9884,64.3574,70.7335,78.0437,85.8972,93.4189,99.2579,101.998,100.898,96.3768,89.732,82.4002,75.4114,69.2844,64.1681,60.0143,56.6976,54.0774,52.0251,50.4329,49.2133,48.2965,47.6267,47.1581,46.8522,46.6748,46.5938,46.5782,46.5967,46.6183,46.6134,46.5559,46.4255,46.2102,45.9067,45.5208,45.0653,44.557,44.0145,43.4553,42.8945,42.344,41.8124,41.3054,40.8262,40.3762,39.9556,39.5638,39.1997,38.8618,38.5488,38.2595,37.9928,37.748,37.5246,37.3224,37.1419,36.9835,36.8487,36.739,36.6567,36.6051,36.588,36.6104,36.6787,36.8009,36.9872,37.2503,37.6067,38.077,38.6878,39.473,40.4755,41.7488,43.3576,45.3743,47.8684,50.879,54.3601,58.096,61.6172,64.2163,65.1795,64.1772,61.4889,57.8185,53.8956,50.2172,47.0183,44.3561,42.1984,40.4808,39.1359,38.1053,37.343,36.8157,36.5019,36.3909,36.4819,36.7846,37.3193,38.1184,39.2276,40.7071,42.6302,45.0756,48.1053,51.7155,55.7508,59.7954,63.1313,64.9124,64.5899,62.282,58.6963,54.6855,50.8793,47.5973,44.9336,42.8657,41.3279,40.2503,39.5745,39.2594,39.2816,39.6359,40.3348,41.4083,42.904,44.884,47.4161,50.5499,54.2672,58.396,62.5096,65.8964,67.7449,67.5552,65.4717,62.1855,58.5084,55.0325,52.0547,49.6585,47.8164,46.4599,45.5158,44.9219,44.6326,44.6193,44.8709,45.3928,46.2068,47.3507,48.876,50.8423,53.3022,56.2687,59.6572,63.2048,66.4124,68.6053,69.1912,67.9978,65.3899,62.0393,58.5797,55.4196,52.7419,50.5817,48.9006,47.6339,46.7137,46.0782,45.6746,45.4581,45.3907,45.4392,45.5741,45.7681,45.9956,46.2317,46.4528,46.6359,46.7595,46.8041,46.7528,46.592,46.3123,45.9089,45.3817,44.7354,43.9787,43.1241,42.1862,
 ,-55,81.5429,82.4266,83.1435,83.6835,84.0393,84.2063,84.1833,83.9722,83.5781,83.009,82.2756,81.3906,80.3684,79.2246,77.9755,76.6375,75.2266,73.7585,72.248,70.7086,69.1526,67.5912,66.0343,64.4904,62.9666,61.4691,60.003,58.5722,57.1801,55.8289,54.5205,53.256,52.0361,50.8611,49.7308,48.645,47.6031,46.6042,45.6475,44.7319,43.8564,43.0197,42.2209,41.4585,40.7315,40.0386,39.3787,38.7507,38.1534,37.5858,37.0468,36.5355,36.0508,35.592,35.1581,34.7484,34.362,33.9983,33.6566,33.3363,33.0367,32.7574,32.4979,32.2576,32.0362,31.8335,31.6489,31.4823,31.3334,31.2022,31.0884,30.992,30.913,30.8515,30.8075,30.7814,30.7733,30.7836,30.8128,30.8615,30.9305,31.0204,31.1326,31.2681,31.4285,31.6155,31.8314,32.0785,32.3601,32.6796,33.0415,33.4511,33.9148,34.4403,35.0371,35.717,36.4944,37.3872,38.4178,39.6141,41.0111,42.6528,44.5936,46.901,49.6558,52.9505,56.8812,61.5266,66.9038,72.892,79.1286,84.9259,89.3236,91.3803,90.6243,87.3273,82.3432,76.6668,71.0763,66.0212,61.6815,58.0727,55.1305,52.763,50.8769,49.3883,48.2264,47.3323,46.6574,46.1613,45.8094,45.571,45.418,45.3237,45.2626,45.2102,45.1438,45.0441,44.8959,44.6898,44.4225,44.0967,43.7197,43.3023,42.8565,42.3946,41.9275,41.4645,41.0125,40.5766,40.1603,39.7653,39.3928,39.0427,38.7147,38.4084,38.1229,37.8576,37.6121,37.3858,37.1788,36.991,36.8231,36.6759,36.5506,36.4489,36.3733,36.3265,36.3125,36.3359,36.4027,36.5203,36.6979,36.9472,37.2827,37.7226,38.2898,39.0129,39.9267,41.0733,42.5004,44.2573,46.3831,48.8835,51.6899,54.6058,57.2664,59.1724,59.8516,59.0939,57.0791,54.2715,51.1822,48.1942,45.519,43.2352,41.3443,39.8124,38.596,37.6532,36.9496,36.4591,36.1647,36.0581,36.139,36.4157,36.9055,37.6347,38.6399,39.9673,41.6694,43.7965,46.3755,49.3712,52.6249,55.7919,58.3374,59.6744,59.4385,57.7092,54.9627,51.8024,48.712,45.9715,43.6927,41.8876,40.5237,39.5557,38.9423,38.6526,38.6688,38.9864,39.6148,40.5762,41.9048,43.642,45.8272,48.4755,51.5385,54.8462,58.0503,60.6294,62.0299,61.9248,60.4086,57.9388,55.0826,52.2913,49.8246,47.7845,46.1791,44.9733,44.1199,43.5746,43.3032,43.2833,43.5057,43.9734,44.7017,45.7163,47.0511,48.7404,50.8056,53.2284,55.9109,58.6291,61.0132,62.6073,63.0346,62.1893,60.2995,57.8002,55.1318,52.6103,50.4044,48.5722,47.1078,45.975,45.1282,44.522,44.1145,43.8691,43.7537,43.7395,43.8009,43.9138,44.0559,44.2058,44.3431,44.4483,44.5036,44.4927,44.4017,44.2195,43.9385,43.5545,43.0673,42.4804,41.8004,41.0369,40.2016,
 ,-56,78.3195,79.1302,79.7885,80.2857,80.6154,80.7738,80.7598,80.575,80.2238,79.7133,79.0524,78.2524,77.3258,76.2862,75.148,73.9255,72.6333,71.2852,69.8945,68.4737,67.0341,65.5859,64.1383,62.6994,61.276,59.8741,58.4986,57.1535,55.8421,54.5668,53.3297,52.1321,50.9747,49.8582,48.7827,47.748,46.7537,45.7993,44.8842,44.0074,43.1681,42.3654,41.5981,40.8653,40.1659,39.4988,38.8631,38.2576,37.6815,37.1337,36.6133,36.1193,35.651,35.2075,34.7879,34.3916,34.0179,33.666,33.3354,33.0254,32.7356,32.4654,32.2144,31.9821,31.7681,31.5722,31.3941,31.2335,31.0901,30.9639,30.8547,30.7625,30.6873,30.6291,30.5881,30.5645,30.5585,30.5705,30.601,30.6505,30.7197,30.8094,30.9207,31.0548,31.2131,31.3973,31.6094,31.8518,32.1274,32.4396,32.7926,33.1911,33.6412,34.15,34.7262,35.3804,36.1254,36.9772,37.9553,39.0835,40.3914,41.9149,43.6974,45.7903,48.2519,51.144,54.522,58.4164,62.7978,67.5263,72.2941,76.5968,79.7942,81.2995,80.83,78.5505,74.9871,70.7879,66.5049,62.5,58.9553,55.927,53.3992,51.3224,49.6362,48.2812,47.2034,46.3562,45.6994,45.1988,44.8246,44.5503,44.3517,44.2063,44.0931,43.9925,43.8869,43.7613,43.6041,43.4076,43.1686,42.8879,42.5696,42.2204,41.8483,41.4618,41.0687,40.6759,40.2892,39.9128,39.5499,39.2026,38.8722,38.5592,38.2638,37.9861,37.7258,37.4826,37.2565,37.0473,36.8552,36.6806,36.524,36.3865,36.2693,36.1741,36.1032,36.0594,36.0463,36.068,36.1302,36.2394,36.4039,36.6339,36.9418,37.343,37.8563,38.5043,39.3138,40.315,41.5398,43.0164,44.759,46.7501,48.9135,51.0846,52.9983,54.3248,54.7717,54.2138,52.7598,50.6965,48.3598,46.0258,43.8699,41.9769,40.3709,39.0432,37.971,37.1286,36.4925,36.0445,35.7722,35.6696,35.7369,35.9808,36.4148,37.0592,37.9403,39.0899,40.5402,42.3157,44.415,46.7835,49.2752,51.6246,53.4623,54.4118,54.2504,53.0273,51.039,48.6807,46.2979,44.1177,42.2537,40.7426,39.5791,38.7414,38.2046,37.9488,37.9616,38.2398,38.7895,39.6252,40.7677,42.2395,44.0549,46.2029,48.6188,51.1501,53.5323,55.4095,56.4304,56.3962,55.3637,53.6147,51.5177,49.393,47.4504,45.7945,44.4572,43.431,42.6919,42.2127,41.9706,41.9498,42.1429,42.5512,43.1838,44.0559,45.1855,46.5868,48.2578,50.1625,52.2052,54.209,55.9159,57.0344,57.3372,56.7624,55.4454,53.6533,51.6752,49.7402,47.9901,46.4909,45.2577,44.2772,43.523,42.9643,42.5706,42.3135,42.1668,42.1068,42.1113,42.1602,42.2339,42.3144,42.3842,42.427,42.4277,42.373,42.2513,42.0536,41.7736,41.4077,40.9555,40.4196,39.8051,39.1195,38.3718,
 ,-57,75.2194,75.9633,76.5682,77.0264,77.3324,77.483,77.4771,77.3163,77.0043,76.547,75.9526,75.2304,74.3916,73.448,72.4122,71.2969,70.115,68.8789,67.6006,66.2914,64.9614,63.6204,62.2767,60.938,59.6107,58.3005,57.0122,55.7498,54.5166,53.3151,52.1473,51.0149,49.9188,48.8596,47.8378,46.8534,45.9061,44.9958,44.1217,43.2834,42.4801,41.7109,40.975,40.2716,39.5997,38.9584,38.3467,37.7639,37.2089,36.6809,36.179,35.7025,35.2505,34.8223,34.4171,34.0343,33.6732,33.3332,33.0137,32.7141,32.4341,32.173,31.9305,31.7062,31.4997,31.3108,31.1391,30.9844,30.8466,30.7254,30.6209,30.5329,30.4614,30.4066,30.3685,30.3474,30.3434,30.357,30.3886,30.4387,30.508,30.5973,30.7075,30.8398,30.9956,31.1764,31.3842,31.6211,31.89,32.1938,32.5364,32.9224,33.357,33.8467,34.3993,35.0242,35.7325,36.538,37.4571,38.5095,39.7192,41.114,42.7267,44.5938,46.7539,49.2431,52.0858,55.2798,58.7715,62.4263,66.0015,69.1445,71.4447,72.5476,72.2886,70.7638,68.2878,65.2681,62.0798,58.9972,56.1828,53.7104,51.5947,49.8178,48.3461,47.141,46.1644,45.3812,44.76,44.2728,43.8951,43.6043,43.3804,43.2045,43.0593,42.9292,42.8001,42.6602,42.5003,42.3141,42.0983,41.8528,41.5797,41.283,40.9681,40.6407,40.3065,39.9707,39.6377,39.3111,38.9937,38.6874,38.3938,38.1136,37.8474,37.5954,37.3579,37.1349,36.9264,36.7328,36.5543,36.3914,36.2449,36.1158,36.0053,35.9151,35.8474,35.8048,35.7904,35.8083,35.8633,35.9611,36.109,36.3155,36.591,36.948,37.4011,37.9674,38.666,39.5168,40.5384,41.7431,43.1286,44.6657,46.2822,47.8502,49.1861,50.0801,50.357,49.9449,48.9073,47.4165,45.6851,43.9036,42.2075,40.6757,39.3433,38.2178,37.2923,36.5537,35.9886,35.5854,35.3361,35.2367,35.2879,35.495,35.8675,36.4197,37.1689,38.1339,39.3306,40.7641,42.4157,44.2249,46.0695,47.7567,49.0433,49.6985,49.5916,48.7522,47.3573,45.6552,43.8803,42.2051,40.732,39.5086,38.548,37.8458,37.3909,37.1727,37.1838,37.4223,37.8914,38.5988,39.5546,40.7661,42.2305,43.9212,45.7713,47.6553,49.3829,50.7215,51.4563,51.4706,50.7971,49.603,48.1184,46.5596,45.0856,43.7903,42.7165,41.8743,41.257,40.8516,40.6448,40.6267,40.792,41.1405,41.6764,42.4066,43.3372,44.4683,45.7846,47.2437,48.7627,50.2094,51.4106,52.1849,52.398,52.0143,51.1124,49.8525,48.4187,46.9697,45.6164,44.4209,43.4087,42.5811,41.9259,41.4247,41.0566,40.8003,40.6356,40.5433,40.5053,40.5044,40.5244,40.5498,40.5659,40.5592,40.517,40.4282,40.2833,40.0749,39.7976,39.4486,39.0273,38.5355,37.9773,37.3583,36.6857,
 ,-58,72.2466,72.9297,73.4859,73.9087,74.1931,74.3366,74.3381,74.199,73.9226,73.5139,72.9799,72.3289,71.5705,70.715,69.7734,68.7571,67.6775,66.5455,65.372,64.1671,62.9403,61.7002,60.4549,59.2111,57.9753,56.7527,55.548,54.3651,53.2072,52.077,50.9766,49.9075,48.871,47.8678,46.8985,45.9634,45.0623,44.1952,43.3617,42.5613,41.7935,41.0575,40.3528,39.6785,39.0339,38.4181,37.8305,37.2701,36.7361,36.2279,35.7445,35.2854,34.8497,34.4368,34.046,33.6767,33.3282,33.0001,32.6917,32.4026,32.1324,31.8805,31.6465,31.4303,31.2313,31.0493,30.884,30.7353,30.603,30.4869,30.387,30.3032,30.2355,30.1839,30.1487,30.13,30.1281,30.1432,30.1758,30.2264,30.2956,30.3843,30.4932,30.6235,30.7764,30.9535,31.1564,31.3873,31.6485,31.9431,32.2744,32.6464,33.064,33.5329,34.0598,34.6528,35.3215,36.0772,36.9335,37.9061,39.0133,40.2762,41.7178,43.3622,45.2323,47.3451,49.7044,52.2896,55.0405,57.8408,60.5089,62.8054,64.4717,65.2953,65.1805,64.1832,62.4897,60.3528,58.0213,55.6941,53.5049,51.5281,49.7941,48.3049,47.0462,45.9958,45.1288,44.4202,43.8466,43.386,43.0187,42.7264,42.4924,42.3014,42.1392,41.9931,41.8518,41.706,41.548,41.3726,41.1769,40.96,40.7227,40.4675,40.1979,39.9177,39.631,39.3417,39.0531,38.7683,38.4895,38.2187,37.9571,37.7058,37.4655,37.2367,37.0197,36.8148,36.6224,36.4428,36.2765,36.124,35.9863,35.8642,35.7591,35.6726,35.6067,35.5636,35.5464,35.5585,35.6041,35.6883,35.817,35.9973,36.2376,36.5474,36.9379,37.4211,38.0096,38.7154,39.5471,40.5065,41.5822,42.7422,43.9252,45.0363,45.9521,46.5416,46.7009,46.3887,45.6424,44.5647,43.2886,41.9417,40.6243,39.4028,38.3144,37.3752,36.5884,35.9502,35.4546,35.0955,34.8685,34.7716,34.8055,34.974,35.2836,35.7432,36.3626,37.1509,38.1122,39.2398,40.5072,41.8577,43.196,44.3872,45.2757,45.7224,45.6515,45.0808,44.1149,42.9067,41.6111,40.3531,39.2172,38.2517,37.479,36.9056,36.5303,36.3494,36.3597,36.5601,36.9517,37.5373,38.3187,39.2937,40.4493,41.7534,43.1454,44.528,45.7693,46.7204,47.2516,47.2944,46.8677,46.0694,45.0407,43.9242,42.8345,41.849,41.0112,40.3403,39.8405,39.5084,39.3384,39.325,39.4648,39.7567,40.2013,40.7998,41.5504,42.4451,43.4629,44.5629,45.6782,46.7139,47.5557,48.0917,48.2422,47.9868,47.3709,46.4905,45.4611,44.39,43.3594,42.4221,41.606,40.92,40.3616,39.9207,39.5843,39.3373,39.1645,39.0509,38.9818,38.9432,38.9216,38.9039,38.878,38.8324,38.7568,38.642,38.48,38.2647,37.9918,37.6586,37.2647,36.8113,36.3014,35.7397,35.1317,
 ,-59,69.4029,70.0307,70.5427,70.9332,71.1982,71.3351,71.3433,71.2239,70.9796,70.6151,70.136,69.5499,68.8648,68.09,67.235,66.3098,65.3245,64.289,63.2129,62.1053,60.975,59.8297,58.677,57.5231,56.374,55.2347,54.1098,53.003,51.9175,50.8559,49.8203,48.8126,47.8339,46.8851,45.967,45.0799,44.224,43.3993,42.6056,41.8425,41.1096,40.4064,39.7324,39.0869,38.4694,37.8789,37.315,36.7769,36.2639,35.7753,35.3104,34.8685,34.4491,34.0515,33.675,33.3191,32.9833,32.667,32.3698,32.0912,31.8307,31.588,31.3626,31.1544,30.9628,30.7878,30.6291,30.4864,30.3596,30.2485,30.1532,30.0736,30.0096,29.9614,29.9291,29.9127,29.9127,29.9293,29.9628,30.0138,30.0829,30.1707,30.2782,30.4062,30.556,30.7289,30.9266,31.1509,31.4041,31.6887,32.0078,32.3651,32.7646,33.2113,33.7111,34.2707,34.8981,35.6025,36.3945,37.2864,38.2917,39.4252,40.7022,42.1372,43.7414,45.5193,47.4626,49.5431,51.7037,53.851,55.8531,57.5501,58.7793,59.4126,59.3934,58.7546,57.6075,56.1087,54.4218,52.6871,51.0086,49.4527,48.0549,46.8278,45.7697,44.87,44.114,43.485,42.9662,42.5411,42.1944,41.9114,41.6788,41.4841,41.3158,41.1635,41.0183,40.8725,40.72,40.5562,40.3784,40.1855,39.9775,39.756,39.5229,39.281,39.0332,38.7822,38.5308,38.2812,38.0354,37.795,37.5614,37.3355,37.1182,36.9099,36.7113,36.5227,36.3447,36.1776,36.0221,35.8789,35.7486,35.6325,35.5316,35.4475,35.382,35.3372,35.3157,35.3205,35.3553,35.4242,35.5321,35.6847,35.8885,36.1507,36.4792,36.8819,37.3666,37.9392,38.6019,39.3505,40.17,41.0306,41.8834,42.6605,43.2801,43.6605,43.7397,43.494,42.9458,42.1568,41.2104,40.1913,39.1714,38.2035,37.3219,36.5456,35.8831,35.3368,34.9058,34.5879,34.3816,34.2861,34.3023,34.4329,34.6816,35.0532,35.5522,36.1807,36.9356,37.8044,38.7593,39.7524,40.7123,41.547,42.1579,42.4608,42.412,42.0219,41.3531,40.4997,39.5627,38.6303,37.7684,37.0202,36.4107,35.952,35.649,35.5024,35.5119,35.6772,35.9979,36.4733,37.1007,37.8719,38.7697,39.7629,40.8006,41.8106,42.7031,43.3831,43.7718,43.8288,43.5647,43.0372,42.3332,41.5451,40.7536,40.0188,39.3796,38.8578,38.4634,38.199,38.0638,38.0557,38.1728,38.4134,38.7761,39.2583,39.854,40.5515,41.3289,42.1507,42.9653,43.706,44.2978,44.6711,44.7781,44.6066,44.1833,43.5659,42.8273,42.0388,41.2595,40.5316,39.8806,39.3188,38.8486,38.4661,38.1635,37.9308,37.7568,37.6301,37.5392,37.4726,37.4192,37.3684,37.31,37.2346,37.1336,36.9992,36.8251,36.6061,36.3385,36.0203,35.6508,35.2309,34.7631,34.2507,33.6984,
 ,-60,66.688,67.2656,67.7375,68.0989,68.3461,68.4772,68.4914,68.3897,68.1747,67.85,67.4209,66.8936,66.2754,65.5742,64.7984,63.9568,63.0584,62.112,61.1262,60.1092,59.0688,58.0123,56.9463,55.8771,54.81,53.7497,52.7007,51.6664,50.6501,49.6542,48.6811,47.7324,46.8096,45.9135,45.0451,44.2049,43.393,42.6096,41.8548,41.1282,40.4296,39.7587,39.1149,38.4979,37.9069,37.3416,36.8011,36.2851,35.7928,35.3237,34.8771,34.4524,34.0491,33.6666,33.3044,32.962,32.6388,32.3343,32.0482,31.78,31.5293,31.2958,31.079,30.8788,30.6947,30.5267,30.3744,30.2377,30.1164,30.0104,29.9198,29.8443,29.7841,29.7391,29.7096,29.6956,29.6975,29.7155,29.7499,29.8012,29.87,29.9569,30.0627,30.1883,30.3348,30.5033,30.6955,30.9129,31.1575,31.4318,31.7382,32.08,32.4608,32.8848,33.3568,33.8824,34.468,35.121,35.8495,36.6625,37.5696,38.5806,39.7049,40.9498,42.3188,43.8087,45.4055,47.08,48.7828,50.4417,51.963,53.24,54.1694,54.6728,54.7163,54.3193,53.5494,52.5048,51.2925,50.0106,48.7371,47.5273,46.4153,45.4185,44.5421,43.7834,43.1347,42.5858,42.1252,41.741,41.4216,41.1557,40.9327,40.7425,40.576,40.4249,40.2818,40.1405,39.9959,39.8443,39.6831,39.5111,39.3279,39.1342,38.9314,38.7211,38.5055,38.2866,38.0663,37.8466,37.6291,37.4151,37.2058,37.0022,36.8051,36.6151,36.4329,36.2589,36.0936,35.9377,35.7917,35.6564,35.5326,35.4212,35.3234,35.2406,35.1744,35.1267,35.0998,35.0963,35.1191,35.1718,35.2581,35.3827,35.5502,35.7659,36.0351,36.3628,36.753,37.2076,37.7252,38.2985,38.9124,39.5413,40.148,40.6847,41.0973,41.3346,41.3591,41.157,40.742,40.1522,39.4401,38.6622,37.8694,37.1021,36.3893,35.7499,35.1946,34.729,34.3554,34.0745,33.8863,33.7913,33.7903,33.8849,34.0771,34.3687,34.7604,35.2501,35.8312,36.489,37.1984,37.9209,38.6045,39.1874,39.6064,39.8106,39.7739,39.503,39.0357,38.4307,37.7539,37.0667,36.4185,35.8455,35.3712,35.0097,34.7686,34.6516,34.66,34.7938,35.0519,35.4318,35.9279,36.5299,37.2202,37.9708,38.7417,39.4803,40.1257,40.6171,40.906,40.9677,40.8082,40.4622,39.9835,39.4321,38.8639,38.3239,37.8445,37.4464,37.1417,36.936,36.8316,36.8286,36.9258,37.1216,37.4134,37.7966,38.2637,38.8019,39.391,40.0022,40.5966,41.1278,41.5463,41.8084,41.8844,41.7671,41.4722,41.0351,40.5018,39.9199,39.3311,38.7675,38.2508,37.7935,37.4003,37.0711,36.8016,36.5855,36.4148,36.2811,36.1754,36.0885,36.0114,35.9355,35.8525,35.7545,35.6343,35.4858,35.3035,35.0833,34.822,34.5179,34.1703,33.78,33.3487,32.8792,32.3751,
 ,-61,64.1005,64.6325,65.0682,65.4032,65.6344,65.76,65.7797,65.6941,65.5053,65.2167,64.8328,64.3589,63.8015,63.1674,62.464,61.6991,60.8805,60.0161,59.1137,58.1806,57.2238,56.2501,55.2656,54.2758,53.2859,52.3003,51.3231,50.3578,49.4074,48.4744,47.5611,46.6692,45.8001,44.955,44.1346,43.3397,42.5706,41.8276,41.1106,40.4197,39.7547,39.1154,38.5013,37.9121,37.3474,36.8067,36.2895,35.7952,35.3234,34.8736,34.4451,34.0375,33.6502,33.2828,32.9348,32.6056,32.295,32.0023,31.7272,31.4694,31.2284,31.0041,30.7959,30.6036,30.4271,30.266,30.1202,29.9894,29.8737,29.7728,29.6867,29.6154,29.5589,29.5173,29.4906,29.479,29.4827,29.502,29.5373,29.5889,29.6573,29.7432,29.8473,29.9703,30.1133,30.2773,30.4637,30.674,30.9099,31.1735,31.467,31.7931,32.1549,32.5559,33.0001,33.492,34.0365,34.6394,35.3066,36.0445,36.8595,37.7578,38.744,39.8209,40.987,42.2353,43.55,44.9039,46.2567,47.554,48.7295,49.7117,50.4344,50.8485,50.933,50.6997,50.1904,49.4676,48.6019,47.6612,46.7033,45.7721,44.8975,44.0977,43.3814,42.7504,42.2021,41.7306,41.3286,40.988,40.7001,40.4564,40.2487,40.0691,39.9102,39.7654,39.6287,39.4951,39.3605,39.2215,39.076,38.9227,38.7609,38.591,38.4137,38.2301,38.0416,37.8497,37.6559,37.4618,37.2685,37.0774,36.8893,36.7053,36.5261,36.3523,36.1845,36.0234,35.8695,35.7234,35.5858,35.4572,35.3387,35.231,35.1353,35.0528,34.985,34.9336,34.9004,34.8877,34.8979,34.9339,34.9986,35.0955,35.228,35.3997,35.6139,35.8735,36.1798,36.5326,36.9283,37.3589,37.8106,38.2628,38.6876,39.0517,39.3192,39.4577,39.4441,39.2702,38.9447,38.4917,37.945,37.3424,36.7197,36.1073,35.529,35.0013,34.5355,34.1386,33.8143,33.5652,33.3924,33.2969,33.2796,33.3413,33.4827,33.7036,34.0026,34.3754,34.8139,35.3038,35.824,36.3445,36.8283,37.2334,37.5195,37.6548,37.6238,37.4306,37.0988,36.6655,36.1742,35.6672,35.1812,34.7448,34.3785,34.096,33.906,33.8131,33.8196,33.9257,34.1302,34.4294,34.8168,35.282,35.8087,36.3737,36.9461,37.4882,37.9587,38.3181,38.5356,38.5962,38.503,38.2773,37.9528,37.569,37.1641,36.7714,36.4163,36.1172,35.8858,35.729,35.6504,35.6513,35.7313,35.8889,36.1209,36.4223,36.785,37.1971,37.6413,38.0948,38.529,38.9114,39.2092,39.3941,39.4476,39.3648,39.1555,38.8414,38.4522,38.0195,37.5725,37.1351,36.7248,36.3527,36.0247,35.7421,35.5032,35.3042,35.1396,35.0031,34.8878,34.7866,34.6923,34.5978,34.4963,34.3815,34.2475,34.0891,33.9019,33.6823,33.428,33.1372,32.8094,32.4453,32.046,31.6139,31.1517,
 ,-62,61.6376,62.1284,62.5312,62.8423,63.059,63.1798,63.2043,63.1331,62.968,62.7121,62.369,61.9436,61.4413,60.8683,60.2309,59.5361,58.7907,58.0019,57.1763,56.3208,55.4417,54.5451,53.6365,52.7211,51.8037,50.8884,49.9791,49.0791,48.1914,47.3183,46.4622,45.6247,44.8072,44.011,43.2371,42.486,41.7583,41.0544,40.3743,39.7182,39.0859,38.4774,37.8924,37.3306,36.7916,36.2751,35.7807,35.3079,34.8563,34.4255,34.0149,33.6241,33.2527,32.9003,32.5663,32.2504,31.9521,31.6712,31.4071,31.1597,30.9284,30.7131,30.5135,30.3292,30.1601,30.006,29.8666,29.7419,29.6316,29.5358,29.4543,29.3872,29.3344,29.296,29.2721,29.2629,29.2684,29.2891,29.3252,29.377,29.4451,29.5299,29.6322,29.7526,29.892,30.0514,30.232,30.4351,30.6622,30.915,31.1955,31.506,31.849,32.2273,32.6442,33.1032,33.6082,34.1632,34.7726,35.4406,36.1712,36.9677,37.8318,38.7631,39.7576,40.8065,41.8943,42.9978,44.0848,45.1147,46.0408,46.8148,47.3933,47.745,47.8565,47.7351,47.4073,46.9133,46.3004,45.6157,44.9014,44.1914,43.5109,42.8768,42.2987,41.7811,41.3242,40.9255,40.5806,40.284,40.0297,39.8115,39.6229,39.4578,39.3106,39.1758,39.0488,38.9253,38.802,38.6761,38.5457,38.4094,38.2667,38.1175,37.9621,37.8013,37.6359,37.4672,37.2962,37.1241,36.9519,36.7806,36.6111,36.4443,36.2808,36.1213,35.9664,35.8166,35.6727,35.5352,35.4046,35.2818,35.1675,35.0626,34.9681,34.8851,34.8149,34.759,34.7189,34.6965,34.6939,34.7131,34.7566,34.8269,34.9262,35.0571,35.2214,35.4203,35.6538,35.9201,36.215,36.5308,36.8557,37.1735,37.4638,37.7033,37.8681,37.9371,37.8961,37.7401,37.4749,37.116,36.6857,36.2096,35.713,35.2187,34.7452,34.3069,33.914,33.5737,33.2907,33.068,32.9077,32.8109,32.7784,32.8107,32.9074,33.0675,33.2882,33.5645,33.888,34.2463,34.622,34.9926,35.3315,35.6105,35.8031,35.8893,35.8595,35.7166,35.4755,35.1602,34.7996,34.4232,34.0578,33.7253,33.4429,33.2227,33.073,32.9988,33.0026,33.0849,33.2441,33.4765,33.7758,34.1321,34.5317,34.9558,35.3811,35.7807,36.1262,36.3917,36.5573,36.6132,36.5613,36.4148,36.1951,35.9285,35.6413,35.3575,35.097,34.8747,34.7012,34.5835,34.5256,34.5292,34.5944,34.7199,34.9025,35.1373,35.4167,35.7303,36.064,36.4,36.7175,36.9936,37.2062,37.3367,37.3731,37.3122,37.1598,36.9297,36.6413,36.3156,35.9731,35.6313,35.3038,35,34.7255,34.4826,34.2709,34.0882,33.9309,33.7944,33.6735,33.5626,33.456,33.3481,33.2332,33.1063,32.9625,32.7976,32.608,32.3907,32.1436,31.8655,31.5558,31.215,30.8439,30.4445,30.0189,
 ,-63,59.2957,59.7492,60.1223,60.4118,60.6154,60.7318,60.7606,60.7024,60.5588,60.3323,60.0261,59.6446,59.1923,58.6748,58.0976,57.4667,56.7884,56.0689,55.3141,54.5303,53.7231,52.898,52.0601,51.2143,50.3647,49.5156,48.6703,47.8321,47.0037,46.1876,45.3859,44.6003,43.8323,43.0831,42.3537,41.6449,40.9573,40.2912,39.6469,39.0245,38.4241,37.8457,37.289,36.7539,36.2402,35.7475,35.2754,34.8238,34.3921,33.9799,33.587,33.2129,32.8572,32.5194,32.1994,31.8966,31.6107,31.3413,31.0882,30.851,30.6294,30.4231,30.232,30.0557,29.894,29.7468,29.6138,29.4951,29.3904,29.2996,29.2227,29.1597,29.1107,29.0755,29.0545,29.0476,29.055,29.077,29.1139,29.1659,29.2336,29.3174,29.4179,29.5356,29.6715,29.8263,30.0011,30.197,30.4153,30.6575,30.9252,31.2203,31.5449,31.9013,32.2919,32.7195,33.1869,33.697,34.2528,34.8568,35.5114,36.2176,36.9754,37.7825,38.6336,39.5197,40.4267,41.3354,42.2207,43.0524,43.7974,44.4227,44.8993,45.2067,45.3362,45.2924,45.0924,44.7626,44.3349,43.8423,43.3153,42.78,42.2567,41.7602,41.3,40.8814,40.5064,40.1746,39.8837,39.6303,39.4103,39.2191,39.0519,38.9042,38.7714,38.6493,38.5341,38.4224,38.3115,38.199,38.0832,37.9629,37.8374,37.7066,37.5704,37.4294,37.2842,37.1356,36.9843,36.8314,36.6775,36.5236,36.3704,36.2187,36.069,35.9221,35.7785,35.6388,35.5035,35.3734,35.2489,35.1308,35.0199,34.9169,34.8227,34.7385,34.6652,34.6042,34.5568,34.5245,34.5089,34.5118,34.5348,34.5798,34.6484,34.742,34.8615,35.0071,35.178,35.3718,35.5841,35.808,36.034,36.2495,36.4397,36.5882,36.6789,36.698,36.6366,36.4915,36.2668,35.9728,35.6244,35.2394,34.8358,34.4303,34.0375,33.6692,33.3345,33.0399,32.7904,32.5892,32.4384,32.3395,32.2932,32.2996,32.3579,32.4664,32.622,32.8195,33.0514,33.3071,33.5729,33.8318,34.0651,34.2533,34.379,34.4292,34.3979,34.287,34.1064,33.8718,33.6028,33.3199,33.0427,32.7878,32.569,32.3965,32.2777,32.2172,32.2176,32.2792,32.4007,32.5786,32.8071,33.0778,33.3791,33.6965,34.0126,34.3081,34.5633,34.7607,34.8874,34.9367,34.9098,34.8149,34.6661,34.4808,34.2774,34.0731,33.8829,33.7189,33.5901,33.5026,33.4603,33.4653,33.5178,33.6166,33.7588,33.94,34.1537,34.3909,34.6405,34.889,35.121,35.3203,35.4719,35.5633,35.5863,35.5388,35.4243,35.2518,35.0338,34.7847,34.5187,34.2486,33.9847,33.7347,33.5034,33.2935,33.1052,32.9375,32.7879,32.6532,32.5294,32.4122,32.2972,32.1798,32.0556,31.9203,31.77,31.6013,31.4112,31.1972,30.9578,30.6917,30.3985,30.0784,29.7324,29.3618,28.9684,
 ,-64,57.0709,57.4906,57.8368,58.1068,58.2986,58.4109,58.4436,58.3971,58.2727,58.0727,57.8,57.4581,57.0512,56.5841,56.0616,55.4892,54.8722,54.2161,53.5265,52.8088,52.068,51.3092,50.5371,49.7561,48.9701,48.1829,47.3978,46.6178,45.8456,45.0834,44.3335,43.5973,42.8766,42.1724,41.4858,40.8177,40.1685,39.539,38.9293,38.3396,37.7702,37.221,36.692,36.183,35.6938,35.2244,34.7743,34.3433,33.9311,33.5374,33.1618,32.8041,32.4638,32.1407,31.8344,31.5445,31.2708,31.0129,30.7706,30.5436,30.3316,30.1343,29.9516,29.7832,29.6289,29.4886,29.3621,29.2493,29.15,29.0643,28.9921,28.9333,28.8879,28.8561,28.8378,28.8332,28.8425,28.8659,28.9036,28.9559,29.0232,29.106,29.2046,29.3198,29.4522,29.6025,29.7716,29.9604,30.1702,30.402,30.6573,30.9376,31.2445,31.5798,31.9455,32.3434,32.7758,33.2445,33.7513,34.2977,34.8846,35.5119,36.1783,36.8804,37.6128,38.3668,39.1304,39.8879,40.6197,41.3036,41.916,42.4338,42.8374,43.113,43.2547,43.2656,43.1568,42.9461,42.6552,42.3073,41.9247,41.5271,41.1306,40.7477,40.3869,40.0539,39.7515,39.4803,39.2397,39.0276,38.8414,38.6778,38.5334,38.4047,38.2881,38.1804,38.0786,37.98,37.8821,37.7832,37.6816,37.5764,37.4669,37.3527,37.2337,37.1103,36.9829,36.8518,36.7179,36.5817,36.4439,36.3053,36.1665,36.028,35.8906,35.7547,35.621,35.4901,35.3623,35.2385,35.1191,35.0049,34.8964,34.7945,34.7,34.6138,34.5369,34.4704,34.4153,34.373,34.3447,34.3317,34.3353,34.3567,34.397,34.4569,34.5367,34.6361,34.7536,34.8867,35.0314,35.1819,35.3305,35.4676,35.5824,35.6634,35.6996,35.6819,35.6045,35.4656,35.268,35.0187,34.728,34.4084,34.0728,33.7337,33.4023,33.0881,32.7989,32.5405,32.3175,32.133,31.9893,31.8876,31.8288,31.8125,31.838,31.9033,32.0053,32.1392,32.2984,32.4743,32.6562,32.8316,32.9869,33.1088,33.1854,33.2083,33.1736,33.0827,32.9421,32.7624,32.5571,32.3406,32.127,31.9291,31.7574,31.6205,31.5245,31.4735,31.4697,31.5136,31.6039,31.7376,31.9097,32.1131,32.3387,32.5752,32.8097,33.0282,33.217,33.3642,33.4609,33.5027,33.4901,33.4285,33.3272,33.1978,33.0534,32.9062,32.7676,32.6469,32.5514,32.4865,32.4557,32.4608,32.5022,32.5788,32.6883,32.8268,32.9887,33.1669,33.3526,33.5354,33.7042,33.8475,33.9546,34.017,34.0293,33.9896,33.9004,33.7672,33.5986,33.4042,33.194,32.9773,32.7619,32.5537,32.3569,32.1738,32.0053,31.8508,31.7088,31.5768,31.4521,31.3312,31.2107,31.087,30.9564,30.8156,30.6614,30.4909,30.3019,30.0922,29.8604,29.6057,29.3276,29.0264,28.7026,28.3574,27.9924,
 ,-65,54.9585,55.3476,55.6695,55.9219,56.1029,56.2116,56.2477,56.2117,56.1046,55.9286,55.686,55.38,55.0143,54.5929,54.1203,53.601,53.04,52.4422,51.8124,51.1554,50.476,49.7787,49.0676,48.3469,47.6202,46.891,46.1624,45.4372,44.718,44.0069,43.306,42.6169,41.9411,41.2799,40.6343,40.0051,39.3931,38.7987,38.2224,37.6644,37.1249,36.6041,36.1019,35.6183,35.1532,34.7064,34.2777,33.867,33.474,33.0983,32.7398,32.3982,32.0731,31.7643,31.4715,31.1945,30.9328,30.6863,30.4547,30.2378,30.0353,29.8469,29.6726,29.512,29.3651,29.2316,29.1115,29.0046,28.9109,28.8302,28.7625,28.7079,28.6663,28.6377,28.6222,28.6201,28.6313,28.656,28.6946,28.7472,28.8142,28.896,28.9929,29.1056,29.2346,29.3805,29.5441,29.7261,29.9276,30.1495,30.3929,30.659,30.9491,31.2646,31.6069,31.9774,32.3775,32.8083,33.271,33.7661,34.2936,34.8526,35.441,36.0552,36.6899,37.3373,37.9872,38.6269,39.2416,39.8146,40.3288,40.768,41.1186,41.3711,41.5215,41.5717,41.5292,41.4059,41.2171,40.9791,40.7083,40.4194,40.1252,39.8357,39.5587,39.2992,39.0604,38.8437,38.6493,38.4761,38.3225,38.1864,38.0652,37.9564,37.8572,37.7651,37.6777,37.5928,37.5085,37.4232,37.3357,37.2449,37.1503,37.0514,36.9481,36.8405,36.7288,36.6135,36.4949,36.3736,36.2501,36.1249,35.9987,35.872,35.7454,35.6192,35.4942,35.3708,35.2496,35.1311,35.0158,34.9045,34.7977,34.6963,34.6008,34.5121,34.4311,34.3587,34.2959,34.2435,34.2028,34.1746,34.1598,34.1594,34.1738,34.2035,34.2483,34.3075,34.3796,34.4622,34.5517,34.6432,34.7307,34.8071,34.8644,34.8944,34.8896,34.844,34.7535,34.6173,34.4375,34.2188,33.9687,33.6958,33.4097,33.1198,32.8345,32.5616,32.3074,32.077,31.8744,31.7026,31.5636,31.4586,31.3883,31.3525,31.3502,31.3795,31.4375,31.5201,31.6217,31.7355,31.8531,31.9652,32.0622,32.1346,32.1744,32.176,32.1367,32.0575,31.943,31.8003,31.6389,31.469,31.3008,31.1439,31.0065,30.8954,30.8155,30.7704,30.7619,30.7905,30.855,30.9529,31.0801,31.2308,31.3979,31.5727,31.7456,31.9065,32.0457,32.1549,32.2279,32.2617,32.2566,32.2159,32.1459,32.0547,31.9512,31.8446,31.743,31.6538,31.5827,31.5342,31.5111,31.5152,31.5469,31.6052,31.6881,31.7924,31.9137,32.0462,32.183,32.3164,32.438,32.5396,32.6138,32.6544,32.6577,32.6223,32.5496,32.4434,32.3093,32.154,31.9844,31.8073,31.6285,31.4525,31.2828,31.1215,30.9693,30.8262,30.6912,30.5626,30.4381,30.3154,30.1916,30.0638,29.9293,29.7852,29.6291,29.4585,29.2716,29.0668,28.8427,28.5988,28.3346,28.0503,27.7465,27.424,27.084,
 ,-66,52.9537,53.3151,53.6151,53.8514,54.0228,54.1281,54.1673,54.1406,54.0493,53.8948,53.6795,53.4059,53.0774,52.6976,52.2702,51.7995,51.2897,50.7451,50.1701,49.5691,48.9463,48.3057,47.6513,46.9866,46.3153,45.6402,44.9645,44.2908,43.6215,42.9586,42.3041,41.6597,41.0267,40.4065,39.8,39.2082,38.6317,38.0711,37.5269,36.9995,36.489,35.9957,35.5195,35.0605,34.6188,34.1941,33.7863,33.3954,33.021,32.6631,32.3213,31.9955,31.6854,31.3907,31.1113,30.8468,30.597,30.3617,30.1407,29.9337,29.7406,29.5611,29.3951,29.2423,29.1027,28.976,28.8623,28.7613,28.673,28.5973,28.5343,28.4838,28.4459,28.4207,28.4081,28.4083,28.4214,28.4476,28.4871,28.54,28.6068,28.6877,28.7831,28.8934,29.0192,29.1609,29.3192,29.4948,29.6884,29.9008,30.1329,30.3857,30.6601,30.9571,31.2778,31.623,31.9937,32.3906,32.8139,33.2637,33.7395,34.2398,34.7622,35.3032,35.8578,36.4192,36.979,37.527,38.0518,38.541,38.9819,39.3631,39.6748,39.9105,40.0672,40.1463,40.1527,40.0948,39.9831,39.8295,39.6457,39.4431,39.2316,39.0192,38.8124,38.6159,38.4327,38.2647,38.1123,37.9754,37.853,37.7436,37.6456,37.557,37.4758,37.3999,37.3276,37.257,37.1866,37.115,37.0413,36.9644,36.8839,36.7993,36.7104,36.6172,36.5199,36.4186,36.3138,36.2058,36.095,35.9818,35.8669,35.7506,35.6334,35.5158,35.3983,35.2815,35.1657,35.0516,34.9397,34.8305,34.7247,34.623,34.5259,34.4343,34.3488,34.2703,34.1995,34.1373,34.0844,34.0417,34.0097,33.9891,33.9801,33.9827,33.9967,34.0212,34.0547,34.0949,34.1389,34.1828,34.2218,34.2505,34.2631,34.2538,34.2173,34.1496,34.0481,33.9122,33.7435,33.5456,33.3236,33.084,32.8336,32.5796,32.3286,32.0866,31.8589,31.6496,31.4624,31.2997,31.1634,31.0547,30.974,30.9212,30.8954,30.8947,30.9167,30.9579,31.0137,31.0788,31.1466,31.2104,31.263,31.2978,31.3093,31.2935,31.2489,31.1759,31.0779,30.9598,30.8282,30.6905,30.5541,30.4263,30.3132,30.2201,30.1511,30.109,30.0954,30.1106,30.1537,30.2225,30.3139,30.4231,30.5447,30.672,30.7979,30.9151,31.0165,31.0963,31.1502,31.176,31.1736,31.1455,31.0958,31.0301,30.9548,30.8763,30.8009,30.734,30.6802,30.643,30.6248,30.627,30.6499,30.6929,30.7543,30.8314,30.9206,31.0175,31.1168,31.2125,31.2985,31.3688,31.418,31.4418,31.4374,31.4038,31.3419,31.254,31.144,31.0165,30.8764,30.7286,30.5772,30.426,30.2774,30.1333,29.9946,29.8611,29.7324,29.6072,29.484,29.3606,29.2351,29.1052,28.9685,28.8229,28.6663,28.4968,28.3129,28.1133,27.8969,27.6632,27.4118,27.143,26.8571,26.5548,26.2372,
 ,-67,51.0516,51.3879,51.668,51.8899,52.0524,52.1547,52.1966,52.1785,52.1012,51.9662,51.7754,51.5312,51.2365,50.8943,50.5082,50.0816,49.6185,49.1226,48.5979,48.0484,47.4777,46.8896,46.2875,45.6749,45.055,44.4305,43.8044,43.1789,42.5565,41.9391,41.3285,40.7263,40.134,39.5527,38.9836,38.4274,37.8849,37.3568,36.8436,36.3455,35.863,35.3962,34.9452,34.5102,34.0911,33.6879,33.3005,32.9289,32.5728,32.2321,31.9067,31.5964,31.3009,31.0201,30.7538,30.5017,30.2636,30.0394,29.8288,29.6317,29.4479,29.2771,29.1193,28.9742,28.8419,28.722,28.6145,28.5194,28.4366,28.366,28.3075,28.2612,28.227,28.2051,28.1954,28.1981,28.2132,28.2408,28.2813,28.3347,28.4013,28.4815,28.5754,28.6836,28.8063,28.9441,29.0975,29.2669,29.4531,29.6567,29.8783,30.1187,30.3785,30.6585,30.9594,31.2817,31.626,31.9924,32.3809,32.7912,33.2223,33.6725,34.1394,34.6197,35.1088,35.601,36.0893,36.5656,37.0212,37.4465,37.8323,38.1702,38.4533,38.6768,38.8385,38.9394,38.9827,38.9744,38.9219,38.8336,38.7185,38.5849,38.4405,38.2918,38.1442,38.0017,37.8672,37.7424,37.6282,37.5249,37.4319,37.3484,37.2731,37.2047,37.1416,37.0824,37.0255,36.9695,36.9132,36.8554,36.7952,36.7319,36.6648,36.5937,36.5183,36.4384,36.3542,36.2658,36.1735,36.0774,35.978,35.8756,35.7707,35.6636,35.5547,35.4446,35.3337,35.2224,35.1112,35.0007,34.8913,34.7835,34.6781,34.5754,34.4762,34.3812,34.2909,34.206,34.1273,34.0553,33.9908,33.9342,33.8861,33.8468,33.8165,33.795,33.7818,33.7761,33.7765,33.7812,33.7875,33.7924,33.7923,33.7829,33.7601,33.7198,33.6582,33.5726,33.4612,33.3238,33.1616,32.9772,32.7745,32.5581,32.3332,32.1052,31.8792,31.66,31.4517,31.258,31.0818,30.9252,30.79,30.6771,30.587,30.5194,30.4735,30.4479,30.4403,30.448,30.4672,30.4937,30.5226,30.5487,30.567,30.5726,30.5617,30.5315,30.4809,30.4105,30.3223,30.22,30.1082,29.9923,29.8778,29.7699,29.6735,29.5926,29.5303,29.489,29.47,29.4733,29.4985,29.5436,29.6062,29.6826,29.7685,29.8589,29.9485,30.0318,30.1039,30.1605,30.1985,30.2163,30.2138,30.1926,30.1556,30.1065,30.05,29.9907,29.9332,29.8817,29.8397,29.8098,29.7942,29.7937,29.8088,29.8389,29.8826,29.9378,30.0017,30.0708,30.1409,30.2076,30.2663,30.3126,30.3426,30.3531,30.3421,30.3087,30.2535,30.178,30.0847,29.977,29.8582,29.7318,29.6011,29.4686,29.3364,29.206,29.078,28.9526,28.8295,28.7077,28.5861,28.4631,28.337,28.2062,28.0687,27.9228,27.7669,27.5995,27.4192,27.225,27.0162,26.7921,26.5526,26.2978,26.028,25.7439,25.4463,
 ,-68,49.2472,49.5608,49.8228,50.0317,50.1862,50.2857,50.33,50.3195,50.2549,50.1374,49.9689,49.7513,49.4871,49.1791,48.8304,48.4441,48.0236,47.5723,47.0937,46.5914,46.0687,45.529,44.9754,44.4112,43.839,43.2617,42.6818,42.1016,41.5232,40.9486,40.3794,39.8172,39.2634,38.7191,38.1855,37.6634,37.1535,36.6565,36.1729,35.7031,35.2475,34.8063,34.3796,33.9678,33.5706,33.1883,32.8207,32.4678,32.1295,31.8058,31.4963,31.2012,30.9201,30.6528,30.3994,30.1594,29.9329,29.7196,29.5193,29.3319,29.1572,28.9951,28.8454,28.708,28.5828,28.4697,28.3685,28.2793,28.2018,28.1362,28.0823,28.0402,28.0098,27.9912,27.9844,27.9896,28.0067,28.036,28.0775,28.1314,28.1981,28.2776,28.3703,28.4764,28.5964,28.7306,28.8793,29.0432,29.2225,29.4179,29.6298,29.8587,30.1052,30.3697,30.6527,30.9544,31.275,31.6145,31.9726,32.3486,32.7413,33.1491,33.5695,33.9996,34.4353,34.8717,35.3032,35.7234,36.1253,36.5018,36.846,37.1515,37.4134,37.6282,37.7942,37.912,37.9838,38.0138,38.0074,37.9707,37.9103,37.8324,37.743,37.6474,37.5498,37.4537,37.3617,37.2755,37.196,37.1236,37.0583,36.9994,36.9463,36.8979,36.853,36.8105,36.7692,36.728,36.6858,36.6418,36.595,36.5449,36.4909,36.4326,36.3699,36.3025,36.2305,36.1539,36.073,35.9878,35.8987,35.806,35.7101,35.6112,35.5097,35.4061,35.3008,35.1943,35.0868,34.9791,34.8714,34.7644,34.6586,34.5545,34.4527,34.3538,34.2583,34.1669,34.0802,33.9986,33.9227,33.853,33.7898,33.7333,33.6835,33.6402,33.6029,33.571,33.543,33.5174,33.4922,33.4648,33.4326,33.3923,33.3409,33.2754,33.1933,33.0925,32.972,32.8317,32.6726,32.4966,32.3065,32.106,31.8989,31.6892,31.4811,31.2781,31.0838,30.9011,30.7324,30.5795,30.4439,30.3265,30.2275,30.1469,30.0839,30.0373,30.0053,29.9856,29.9753,29.971,29.969,29.9654,29.9566,29.939,29.9099,29.8674,29.8106,29.7399,29.657,29.5643,29.4652,29.3636,29.2635,29.1689,29.0834,29.01,28.9514,28.9092,28.8844,28.8773,28.8872,28.9128,28.9521,29.0022,29.0598,29.1211,29.1822,29.239,29.2879,29.3257,29.3503,29.3603,29.3558,29.3376,29.3078,29.2691,29.2247,29.1781,29.1325,29.0912,29.0567,29.0312,29.0162,29.0125,29.0204,29.0395,29.0687,29.1062,29.1499,29.1969,29.2442,29.2883,29.3258,29.3535,29.3684,29.3681,29.3512,29.317,29.2657,29.1983,29.1166,29.0228,28.9193,28.8087,28.6932,28.5749,28.4553,28.3356,28.2163,28.0976,27.9793,27.8607,27.741,27.6189,27.4932,27.3624,27.2251,27.08,26.9256,26.7608,26.5845,26.3959,26.1944,25.9794,25.7509,25.509,25.2538,24.9861,24.7064,
 ,-69,47.5354,47.8285,48.0742,48.2712,48.4184,48.5154,48.5619,48.5582,48.505,48.4034,48.2549,48.0614,47.8249,47.548,47.2333,46.8836,46.502,46.0914,45.6551,45.1962,44.7177,44.2226,43.7139,43.1944,42.6667,42.1333,41.5966,41.0587,40.5216,39.9872,39.457,38.9326,38.4152,37.9061,37.4062,36.9165,36.4376,35.9703,35.5152,35.0725,34.6428,34.2263,33.8231,33.4336,33.0577,32.6956,32.3472,32.0126,31.6917,31.3843,31.0905,30.8102,30.5431,30.2892,30.0483,29.8203,29.6051,29.4025,29.2123,29.0345,28.8689,28.7153,28.5736,28.4438,28.3257,28.2192,28.1243,28.0408,27.9688,27.9082,27.8589,27.8209,27.7943,27.7791,27.7753,27.783,27.8022,27.8331,27.8758,27.9304,27.9972,28.0763,28.1679,28.2723,28.3898,28.5207,28.6653,28.8239,28.997,29.1849,29.3879,29.6064,29.8408,30.0914,30.3583,30.6416,30.9414,31.2573,31.5888,31.9353,32.2953,32.6673,33.049,33.4376,33.8298,34.2214,34.6079,34.9839,35.3442,35.6833,35.9959,36.2772,36.5235,36.7323,36.9022,37.0336,37.128,37.1884,37.2186,37.2231,37.2068,37.1744,37.1306,37.0795,37.0246,36.9687,36.914,36.8622,36.8142,36.7704,36.731,36.6958,36.6641,36.6352,36.6084,36.5826,36.5571,36.5307,36.5027,36.4724,36.4389,36.4017,36.3604,36.3145,36.2639,36.2083,36.1478,36.0823,36.0119,35.9367,35.8571,35.7732,35.6852,35.5936,35.4987,35.4008,35.3003,35.1976,35.0932,34.9875,34.8809,34.774,34.6672,34.5611,34.4562,34.353,34.2521,34.1539,34.0591,33.968,33.8812,33.7989,33.7214,33.6488,33.5812,33.5182,33.4596,33.4044,33.3517,33.3001,33.2481,33.1937,33.1346,33.0687,32.9937,32.9073,32.8078,32.6938,32.5646,32.4203,32.2617,32.0902,31.908,31.7178,31.5225,31.3254,31.1295,30.9378,30.753,30.5776,30.4134,30.2622,30.125,30.0027,29.8955,29.8033,29.7255,29.6612,29.6088,29.5665,29.532,29.5027,29.4759,29.4485,29.4179,29.3814,29.3371,29.2837,29.2205,29.1479,29.0669,28.9794,28.8879,28.7951,28.7041,28.6177,28.5388,28.4696,28.4121,28.3677,28.3371,28.3205,28.3174,28.3267,28.3468,28.3756,28.4105,28.4486,28.4869,28.5225,28.5526,28.575,28.5879,28.5905,28.5826,28.5649,28.5387,28.5059,28.4689,28.4301,28.3919,28.3568,28.3267,28.3032,28.2875,28.2803,28.2816,28.2912,28.3082,28.3312,28.3585,28.3879,28.4171,28.4434,28.4642,28.4771,28.4799,28.4708,28.4486,28.4128,28.3635,28.3013,28.2274,28.1433,28.0508,27.9516,27.8475,27.7398,27.6298,27.5184,27.406,27.2929,27.1787,27.0631,26.9454,26.8246,26.6997,26.5697,26.4334,26.2896,26.1374,25.9757,25.8037,25.6207,25.4261,25.2198,25.0015,24.7713,24.5295,24.2765,24.013,
 ,-70,45.9116,46.186,46.4169,46.6031,46.7437,46.8383,46.8868,46.8892,46.8463,46.7591,46.6288,46.457,46.2456,45.9969,45.7131,45.3968,45.0507,44.6774,44.2798,43.8607,43.4228,42.9689,42.5017,42.0236,41.5372,41.0446,40.5482,40.0499,39.5515,39.0548,38.5614,38.0725,37.5896,37.1138,36.6459,36.187,35.7378,35.2989,34.8709,34.4543,34.0494,33.6566,33.2761,32.9081,32.5528,32.2102,31.8805,31.5636,31.2595,30.9681,30.6895,30.4236,30.1702,29.9293,29.7008,29.4845,29.2804,29.0883,28.9081,28.7397,28.583,28.4378,28.3041,28.1817,28.0707,27.9708,27.8821,27.8044,27.7377,27.6821,27.6374,27.6036,27.5808,27.569,27.5682,27.5785,27.5999,27.6325,27.6765,27.7319,27.799,27.8778,27.9686,28.0715,28.1868,28.3148,28.4556,28.6096,28.777,28.9581,29.1531,29.3623,29.5859,29.824,30.0766,30.3437,30.6252,30.9206,31.2292,31.5504,31.8827,32.2246,32.5742,32.9289,33.2857,33.6413,33.9919,34.3334,34.6614,34.9717,35.2603,35.5236,35.7587,35.9637,36.1375,36.2802,36.393,36.4779,36.5378,36.5759,36.5958,36.6012,36.5957,36.5823,36.5641,36.5432,36.5216,36.5007,36.4814,36.4641,36.4492,36.4364,36.4254,36.4157,36.4067,36.3976,36.3877,36.3762,36.3625,36.3458,36.3255,36.3011,36.2722,36.2384,36.1995,36.1552,36.1055,36.0504,35.9899,35.924,35.8531,35.7771,35.6965,35.6114,35.5222,35.4292,35.3328,35.2333,35.1311,35.0267,34.9206,34.8131,34.7048,34.5961,34.4876,34.3798,34.2731,34.168,34.065,33.9645,33.8669,33.7725,33.6814,33.5939,33.5097,33.4288,33.3508,33.275,33.2005,33.1263,33.0512,32.9735,32.8917,32.8041,32.7089,32.6047,32.49,32.3642,32.2266,32.0774,31.9172,31.7473,31.5693,31.3853,31.1975,31.0083,30.8204,30.6359,30.4571,30.2859,30.1241,29.9728,29.833,29.7055,29.5905,29.4878,29.3971,29.3175,29.2479,29.1867,29.1322,29.0824,29.0351,28.9882,28.9396,28.8874,28.8302,28.7669,28.6972,28.6213,28.54,28.4546,28.367,28.279,28.1931,28.1113,28.0357,27.9682,27.9101,27.8625,27.826,27.8007,27.7863,27.7818,27.786,27.7972,27.8136,27.8329,27.8527,27.871,27.8857,27.8951,27.8978,27.8932,27.8812,27.8621,27.8368,27.8069,27.7738,27.7393,27.7054,27.6736,27.6455,27.6223,27.6049,27.5937,27.589,27.5903,27.597,27.608,27.6219,27.6371,27.6517,27.6637,27.6711,27.6721,27.6649,27.6484,27.6215,27.5837,27.535,27.4759,27.4072,27.3298,27.245,27.154,27.0581,26.9584,26.8558,26.7508,26.6439,26.5352,26.4246,26.3116,26.1959,26.0767,25.9531,25.8243,25.6895,25.5476,25.3979,25.2396,25.072,24.8945,24.7068,24.5085,24.2997,24.0803,23.8506,23.6111,23.3621,
 ,-71,44.3709,44.6283,44.8457,45.0221,45.1568,45.2493,45.2994,45.3074,45.2738,45.1995,45.0856,44.9335,44.745,44.5219,44.2662,43.9803,43.6666,43.3274,42.9653,42.5827,42.1823,41.7663,41.3373,40.8976,40.4495,39.9949,39.5361,39.0747,38.6125,38.1513,37.6923,37.2371,36.7867,36.3423,35.9049,35.4753,35.0542,34.6423,34.2403,33.8486,33.4675,33.0975,32.7388,32.3916,32.0561,31.7325,31.4207,31.121,30.8332,30.5574,30.2936,30.0418,29.8018,29.5736,29.3571,29.1523,28.9591,28.7773,28.6069,28.4477,28.2997,28.1628,28.037,27.922,27.8179,27.7246,27.642,27.57,27.5087,27.458,27.4179,27.3884,27.3694,27.361,27.3633,27.3762,27.3999,27.4344,27.4797,27.5361,27.6036,27.6824,27.7725,27.8743,27.9877,28.1132,28.2507,28.4005,28.5629,28.738,28.9259,29.1268,29.3407,29.5678,29.8079,30.0608,30.3264,30.604,30.8931,31.1928,31.5018,31.8187,32.1417,32.4685,32.7968,33.1236,33.4458,33.7601,34.0631,34.3515,34.6221,34.8721,35.0994,35.3023,35.4801,35.6327,35.761,35.8663,35.9508,36.0168,36.067,36.1043,36.1312,36.1504,36.1641,36.1741,36.1821,36.1891,36.1961,36.2035,36.2116,36.2202,36.2293,36.2384,36.2469,36.2544,36.2602,36.2637,36.2642,36.2612,36.254,36.2424,36.2257,36.2037,36.1762,36.1428,36.1035,36.0583,36.0071,35.95,35.887,35.8184,35.7444,35.6652,35.581,35.4922,35.3991,35.3021,35.2015,35.0978,34.9914,34.8828,34.7724,34.6606,34.548,34.4351,34.3222,34.21,34.0987,33.9888,33.8806,33.7744,33.6703,33.5686,33.4691,33.3716,33.2759,33.1814,33.0875,32.9933,32.8978,32.7999,32.6983,32.5918,32.4791,32.3591,32.231,32.0941,31.9482,31.7933,31.6302,31.4596,31.283,31.1018,30.918,30.7334,30.55,30.3696,30.1939,30.0247,29.8631,29.7103,29.5672,29.4342,29.3116,29.1994,29.0972,29.0043,28.9198,28.8426,28.7712,28.7042,28.6399,28.5767,28.5129,28.4473,28.3788,28.3065,28.2303,28.1503,28.067,27.9814,27.8949,27.809,27.7252,27.6453,27.5707,27.5028,27.4428,27.3913,27.3489,27.3156,27.2911,27.2747,27.2655,27.2621,27.2632,27.2669,27.2715,27.2755,27.2772,27.2753,27.2689,27.2575,27.2408,27.2191,27.1931,27.1637,27.1321,27.0995,27.0674,27.0368,27.009,26.9848,26.965,26.9498,26.9393,26.9332,26.9311,26.9319,26.9348,26.9382,26.9409,26.9413,26.9378,26.929,26.9137,26.8908,26.8595,26.8194,26.7706,26.7131,26.6475,26.5746,26.4951,26.41,26.3202,26.2263,26.1292,26.0291,25.9266,25.8215,25.7139,25.6034,25.4896,25.372,25.25,25.1228,24.9898,24.8501,24.7032,24.5484,24.3852,24.2132,24.0319,23.8413,23.6413,23.4319,23.2133,22.9859,22.7501,
 ,-72,42.9087,43.1507,43.3559,43.5234,43.6526,43.7431,43.7948,43.8077,43.7825,43.7199,43.6209,43.4867,43.3188,43.119,42.889,42.6308,42.3467,42.0387,41.709,41.36,40.9939,40.613,40.2194,39.8152,39.4026,38.9833,38.5594,38.1325,37.7043,37.2762,36.8497,36.426,36.0064,35.5917,35.1831,34.7812,34.3869,34.0009,33.6236,33.2557,32.8974,32.5493,32.2115,31.8843,31.5679,31.2625,30.9682,30.685,30.4131,30.1524,29.903,29.6648,29.4379,29.2221,29.0174,28.8238,28.6412,28.4695,28.3087,28.1586,28.0193,27.8905,27.7724,27.6647,27.5675,27.4806,27.4041,27.3379,27.2819,27.2361,27.2006,27.1753,27.1602,27.1553,27.1607,27.1763,27.2023,27.2388,27.2857,27.3431,27.4113,27.4902,27.58,27.6808,27.7928,27.916,28.0507,28.197,28.3549,28.5247,28.7064,28.9,29.1055,29.3229,29.5521,29.7928,30.0447,30.3072,30.5797,30.8612,31.1508,31.4469,31.748,32.0523,32.3575,32.6614,32.9612,33.2544,33.5382,33.8099,34.0672,34.3077,34.5298,34.7322,34.9143,35.0759,35.2176,35.3404,35.4457,35.5355,35.6115,35.6761,35.7312,35.7788,35.8206,35.8582,35.8928,35.9255,35.9568,35.9874,36.0173,36.0466,36.0751,36.1025,36.1285,36.1524,36.1739,36.1923,36.2072,36.2179,36.2239,36.2249,36.2205,36.2102,36.1938,36.1711,36.1419,36.1061,36.0638,36.0149,35.9595,35.8977,35.8297,35.7557,35.6759,35.5907,35.5003,35.4051,35.3055,35.2018,35.0946,34.9841,34.871,34.7556,34.6384,34.5199,34.4006,34.2808,34.1611,34.0416,33.9229,33.8052,33.6886,33.5732,33.4591,33.3462,33.2341,33.1225,33.0109,32.8987,32.785,32.669,32.5499,32.4266,32.2982,32.1641,32.0235,31.8761,31.7218,31.5606,31.3932,31.2202,31.0428,30.8621,30.6796,30.4967,30.3151,30.1362,29.9615,29.7922,29.6294,29.474,29.3267,29.188,29.0581,28.9369,28.8242,28.7195,28.6221,28.531,28.4452,28.3635,28.2847,28.2075,28.1308,28.0534,27.9747,27.8941,27.8113,27.7265,27.6401,27.5528,27.4655,27.3794,27.2957,27.2156,27.1403,27.0707,27.0077,26.9518,26.9035,26.8627,26.8292,26.8025,26.7817,26.766,26.754,26.7446,26.7365,26.7283,26.7189,26.7072,26.6926,26.6746,26.653,26.628,26.6,26.5696,26.5377,26.5052,26.4731,26.4423,26.4135,26.3874,26.3646,26.3452,26.3293,26.3167,26.3068,26.299,26.2926,26.2863,26.2791,26.2698,26.2573,26.2404,26.2181,26.1896,26.1543,26.1118,26.0621,26.0052,25.9415,25.8714,25.7955,25.7145,25.629,25.5394,25.4464,25.3501,25.2509,25.1488,25.0437,24.9354,24.8235,24.7077,24.5873,24.4619,24.3309,24.1937,24.0497,23.8986,23.7398,23.573,23.3979,23.2145,23.0226,22.8224,22.614,22.3977,22.1739,
 ,-73,41.5206,41.7486,41.9427,42.1021,42.2264,42.315,42.368,42.3855,42.3679,42.3158,42.2302,42.1123,41.9632,41.7845,41.5779,41.345,41.0879,40.8084,40.5085,40.1903,39.8559,39.5072,39.1463,38.7749,38.3952,38.0088,37.6174,37.2227,36.8262,36.4292,36.0332,35.6392,35.2484,34.8619,34.4805,34.105,33.7361,33.3746,33.021,32.6758,32.3393,32.0121,31.6943,31.3864,31.0884,30.8006,30.5231,30.256,29.9994,29.7534,29.5179,29.293,29.0788,28.875,28.6819,28.4992,28.327,28.1652,28.0138,27.8727,27.7418,27.6211,27.5105,27.41,27.3196,27.2391,27.1686,27.1081,27.0574,27.0165,26.9856,26.9645,26.9533,26.9519,26.9604,26.9789,27.0074,27.0459,27.0944,27.1532,27.2221,27.3014,27.3911,27.4913,27.6021,27.7236,27.8559,27.9991,28.1533,28.3185,28.4948,28.6821,28.8804,29.0895,29.3094,29.5396,29.7798,30.0295,30.288,30.5544,30.8278,31.1069,31.3903,31.6763,31.9631,32.2488,32.5312,32.808,33.0772,33.3366,33.5842,33.8182,34.0374,34.2406,34.4273,34.5974,34.7512,34.8893,35.0129,35.1233,35.2219,35.3104,35.3903,35.463,35.5301,35.5926,35.6517,35.708,35.7622,35.8146,35.8654,35.9146,35.9621,36.0076,36.0508,36.0912,36.1284,36.1619,36.1912,36.2157,36.235,36.2488,36.2565,36.2578,36.2525,36.2402,36.2209,36.1944,36.1606,36.1196,36.0712,36.0158,35.9533,35.884,35.808,35.7258,35.6375,35.5435,35.4442,35.3399,35.2311,35.1183,35.0019,34.8822,34.7599,34.6354,34.5091,34.3815,34.253,34.124,33.9947,33.8655,33.7366,33.608,33.48,33.3523,33.2248,33.0973,32.9694,32.8405,32.7102,32.5778,32.4427,32.304,32.1614,32.0141,31.8618,31.7042,31.5413,31.3733,31.2006,31.0238,30.8438,30.6616,30.4782,30.295,30.1131,29.9337,29.758,29.587,29.4217,29.2627,29.1107,28.966,28.8288,28.6992,28.5768,28.4615,28.3525,28.2492,28.1508,28.0563,27.9649,27.8755,27.7873,27.6995,27.6115,27.5229,27.4336,27.3436,27.2532,27.1629,27.0735,26.9858,26.9006,26.8188,26.7414,26.6691,26.6024,26.5418,26.4876,26.4398,26.3981,26.3621,26.3313,26.3048,26.2818,26.2613,26.2421,26.2235,26.2044,26.1841,26.1619,26.1376,26.111,26.0821,26.0512,26.0188,25.9854,25.9517,25.9184,25.8862,25.8555,25.8269,25.8007,25.7772,25.7561,25.7375,25.7208,25.7056,25.6911,25.6766,25.6611,25.6438,25.6236,25.5998,25.5715,25.5381,25.4991,25.4541,25.4031,25.3461,25.2832,25.2148,25.1413,25.063,24.9805,24.894,24.804,24.7107,24.6141,24.5144,24.4114,24.305,24.1949,24.0808,23.9621,23.8386,23.7098,23.5751,23.4342,23.2867,23.1322,22.9705,22.8013,22.6246,22.4403,22.2486,22.0495,21.8434,21.6305,
 ,-74,40.2025,40.4177,40.6017,40.7538,40.8734,40.9604,41.0146,41.0361,41.0253,40.9828,40.9095,40.8062,40.6742,40.5148,40.3295,40.1197,39.8872,39.6338,39.3613,39.0714,38.7661,38.4471,38.1163,37.7754,37.4262,37.0703,36.7092,36.3445,35.9776,35.6098,35.2423,34.8762,34.5127,34.1527,33.797,33.4464,33.1018,32.7636,32.4324,32.1089,31.7933,31.4861,31.1876,30.8981,30.6178,30.3469,30.0857,29.8341,29.5923,29.3605,29.1385,28.9266,28.7246,28.5326,28.3507,28.1787,28.0166,27.8645,27.7223,27.5899,27.4674,27.3546,27.2515,27.1581,27.0743,27.0002,26.9357,26.8807,26.8353,26.7994,26.773,26.7561,26.7488,26.751,26.7628,26.7842,26.8151,26.8558,26.9062,26.9663,27.0363,27.1162,27.206,27.3059,27.4159,27.5361,27.6665,27.8072,27.9582,28.1196,28.2912,28.4732,28.6653,28.8675,29.0794,29.3007,29.5312,29.7702,30.017,30.271,30.5311,30.7964,31.0654,31.3369,31.6092,31.8807,32.1496,32.4141,32.6725,32.9229,33.1639,33.394,33.612,33.8172,34.009,34.1873,34.3523,34.5044,34.6444,34.7732,34.8919,35.0017,35.1038,35.1994,35.2894,35.3749,35.4566,35.535,35.6108,35.6841,35.755,35.8236,35.8898,35.9532,36.0136,36.0705,36.1235,36.1722,36.2161,36.2546,36.2874,36.314,36.334,36.347,36.3527,36.3509,36.3414,36.3239,36.2984,36.2649,36.2233,36.1738,36.1164,36.0512,35.9786,35.8988,35.812,35.7186,35.6189,35.5134,35.4025,35.2866,35.1662,35.0418,34.9138,34.7827,34.649,34.5131,34.3755,34.2365,34.0966,33.9559,33.8147,33.6732,33.5316,33.3897,33.2475,33.1049,32.9616,32.8172,32.6714,32.5237,32.3737,32.2208,32.0647,31.9049,31.7413,31.5737,31.402,31.2266,31.0477,30.866,30.682,30.4966,30.3108,30.1254,29.9414,29.7599,29.5818,29.4079,29.2389,29.0755,28.9182,28.7672,28.6228,28.485,28.3537,28.2285,28.109,27.9947,27.885,27.7792,27.6765,27.5762,27.4778,27.3805,27.2839,27.1877,27.0918,26.9963,26.9013,26.8073,26.7147,26.6242,26.5363,26.4519,26.3714,26.2956,26.2247,26.1592,26.0991,26.0446,25.9953,25.9511,25.9113,25.8755,25.8428,25.8125,25.7838,25.756,25.7283,25.7001,25.6711,25.6408,25.609,25.576,25.5417,25.5065,25.4707,25.4349,25.3996,25.3651,25.3319,25.3003,25.2706,25.2428,25.217,25.1928,25.1701,25.1483,25.1269,25.1053,25.0827,25.0584,25.0317,25.002,24.9684,24.9306,24.8881,24.8407,24.7881,24.7304,24.6677,24.6002,24.528,24.4515,24.371,24.2868,24.199,24.1078,24.0133,23.9155,23.8143,23.7096,23.6012,23.4887,23.3719,23.2504,23.1237,22.9917,22.8538,22.7099,22.5596,22.4027,22.2391,22.0687,21.8915,21.7076,21.5171,21.3203,21.1174,
 ,-75,38.9504,39.1539,39.3286,39.474,39.5895,39.6749,39.7301,39.7552,39.7507,39.7169,39.6547,39.5648,39.4483,39.3064,39.1404,38.9518,38.7419,38.5124,38.2649,38.001,37.7225,37.4309,37.128,36.8153,36.4943,36.1667,35.8338,35.4971,35.1578,34.8173,34.4765,34.1368,33.7989,33.4638,33.1325,32.8056,32.4838,32.1677,31.858,31.5551,31.2594,30.9714,30.6913,30.4195,30.1562,29.9016,29.656,29.4194,29.1919,28.9738,28.765,28.5655,28.3755,28.195,28.0239,27.8624,27.7102,27.5676,27.4344,27.3106,27.1961,27.0911,26.9954,26.909,26.8318,26.7639,26.7053,26.6559,26.6157,26.5847,26.5629,26.5503,26.5469,26.5527,26.5678,26.5921,26.6257,26.6687,26.721,26.7827,26.8539,26.9346,27.0249,27.1247,27.2343,27.3535,27.4825,27.6212,27.7697,27.9279,28.0958,28.2733,28.4603,28.6566,28.8619,29.0759,29.2983,29.5284,29.7658,30.0096,30.2591,30.5132,30.7709,31.0309,31.292,31.5526,31.8114,32.0668,32.3174,32.5618,32.7986,33.0268,33.2453,33.4536,33.651,33.8376,34.0132,34.1783,34.3333,34.479,34.616,34.7454,34.8679,34.9844,35.0958,35.2026,35.3056,35.4051,35.5015,35.5949,35.6855,35.7732,35.8578,35.9391,36.0167,36.0903,36.1593,36.2235,36.2822,36.3351,36.3815,36.4212,36.4536,36.4784,36.4953,36.504,36.5041,36.4956,36.4783,36.4521,36.417,36.3731,36.3203,36.259,36.1892,36.1112,36.0253,35.9319,35.8313,35.7239,35.6101,35.4905,35.3655,35.2356,35.1012,34.963,34.8213,34.6767,34.5295,34.3803,34.2293,34.077,33.9235,33.7691,33.614,33.4583,33.3018,33.1446,32.9865,32.8273,32.6668,32.5046,32.3404,32.174,32.005,31.8332,31.6584,31.4807,31.3001,31.1167,30.9309,30.7432,30.5541,30.3643,30.1745,29.9855,29.7981,29.6132,29.4313,29.2534,29.0799,28.9113,28.7482,28.5908,28.4391,28.2934,28.1534,28.019,27.8898,27.7654,27.6455,27.5293,27.4164,27.3063,27.1984,27.0923,26.9876,26.8841,26.7817,26.6804,26.5804,26.4819,26.3854,26.2913,26.2,26.112,26.0279,25.9479,25.8725,25.8018,25.736,25.6751,25.6188,25.567,25.5192,25.4749,25.4336,25.3947,25.3575,25.3215,25.2861,25.2509,25.2153,25.1792,25.1425,25.105,25.067,25.0285,24.9898,24.9513,24.9133,24.876,24.8399,24.805,24.7716,24.7397,24.7092,24.6799,24.6517,24.6241,24.5966,24.5688,24.54,24.5098,24.4774,24.4424,24.4042,24.3625,24.3167,24.2668,24.2125,24.1538,24.0908,24.0234,23.952,23.8766,23.7974,23.7146,23.6284,23.5388,23.4459,23.3497,23.2501,23.1469,23.04,22.9292,22.8141,22.6945,22.5701,22.4407,22.3058,22.1654,22.0191,21.8669,21.7085,21.544,21.3734,21.1968,21.0142,20.8259,20.6323,
 ,-76,37.7603,37.9532,38.1195,38.2587,38.3704,38.4544,38.5105,38.539,38.54,38.5141,38.4619,38.3842,38.2818,38.156,38.0077,37.8383,37.6491,37.4415,37.217,36.977,36.7231,36.4568,36.1796,35.8929,35.5982,35.2969,34.9902,34.6796,34.3662,34.0511,33.7355,33.4203,33.1066,32.7951,32.4867,32.1821,31.882,31.587,31.2976,31.0144,30.7377,30.468,30.2055,29.9507,29.7037,29.4648,29.2342,29.012,28.7984,28.5935,28.3974,28.2101,28.0317,27.8623,27.7018,27.5504,27.4079,27.2745,27.1501,27.0347,26.9283,26.8308,26.7423,26.6628,26.5922,26.5305,26.4777,26.4338,26.3988,26.3726,26.3554,26.3471,26.3476,26.3571,26.3755,26.4029,26.4392,26.4846,26.539,26.6025,26.6751,26.7568,26.8478,26.9479,27.0574,27.176,27.304,27.4413,27.5878,27.7436,27.9084,28.0824,28.2652,28.4567,28.6567,28.8647,29.0805,29.3036,29.5333,29.7691,30.0101,30.2556,30.5044,30.7557,31.0082,31.2608,31.5123,31.7613,32.0067,32.2474,32.4822,32.7102,32.9306,33.1429,33.3465,33.5414,33.7275,33.905,34.0742,34.2356,34.3898,34.5374,34.679,34.8152,34.9466,35.0738,35.1971,35.3168,35.4332,35.5464,35.6564,35.7629,35.866,35.9652,36.0602,36.1507,36.2361,36.316,36.39,36.4574,36.5179,36.571,36.6162,36.6531,36.6813,36.7005,36.7105,36.7109,36.7017,36.6827,36.6539,36.6152,36.5668,36.5088,36.4414,36.3648,36.2792,36.1852,36.0829,35.973,35.8557,35.7316,35.6013,35.4651,35.3238,35.1776,35.0273,34.8733,34.7161,34.5561,34.3938,34.2295,34.0635,33.8961,33.7276,33.558,33.3875,33.216,33.0435,32.8699,32.6951,32.5188,32.341,32.1613,31.9798,31.7961,31.6103,31.4224,31.2324,31.0406,30.8472,30.6527,30.4575,30.2621,30.0673,29.8735,29.6815,29.4919,29.3053,29.1224,28.9436,28.7693,28.5999,28.4357,28.2767,28.1231,27.9748,27.8315,27.6932,27.5595,27.43,27.3043,27.182,27.0627,26.946,26.8315,26.719,26.6084,26.4995,26.3923,26.2869,26.1837,26.0827,25.9843,25.8889,25.7969,25.7085,25.624,25.5438,25.4679,25.3964,25.3293,25.2664,25.2076,25.1524,25.1005,25.0515,25.0048,24.9601,24.9167,24.8743,24.8324,24.7908,24.7492,24.7074,24.6655,24.6234,24.5813,24.5394,24.4977,24.4566,24.4163,24.3769,24.3385,24.3014,24.2654,24.2304,24.1964,24.1632,24.1303,24.0974,24.0641,24.0299,23.9944,23.957,23.9174,23.875,23.8296,23.7809,23.7285,23.6724,23.6125,23.5487,23.4812,23.4099,23.335,23.2566,23.1748,23.0897,23.0013,22.9096,22.8147,22.7164,22.6146,22.5091,22.3998,22.2865,22.1688,22.0467,21.9198,21.7879,21.6508,21.5084,21.3606,21.2072,21.0483,20.8838,20.7138,20.5386,20.3582,20.1729,
 ,-77,36.6288,36.8119,36.9706,37.1042,37.2123,37.2949,37.3519,37.3833,37.3895,37.3707,37.3277,37.261,37.1716,37.0603,36.9281,36.7763,36.6061,36.4185,36.2151,35.9972,35.766,35.523,35.2696,35.007,34.7366,34.4597,34.1775,33.8911,33.6018,33.3106,33.0185,32.7265,32.4354,32.1462,31.8594,31.576,31.2964,31.0213,30.7513,30.4868,30.2282,29.9759,29.7303,29.4918,29.2604,29.0366,28.8204,28.6121,28.4119,28.2197,28.0358,27.8603,27.6932,27.5346,27.3844,27.2428,27.1098,26.9854,26.8696,26.7624,26.6638,26.5738,26.4924,26.4196,26.3554,26.2998,26.2528,26.2144,26.1845,26.1633,26.1506,26.1466,26.1511,26.1643,26.1861,26.2166,26.2558,26.3037,26.3603,26.4257,26.4999,26.5829,26.6748,26.7756,26.8852,27.0037,27.1312,27.2674,27.4126,27.5665,27.7291,27.9002,28.0798,28.2676,28.4633,28.6667,28.8774,29.0949,29.3186,29.5482,29.7827,30.0215,30.2638,30.5086,30.7549,31.0019,31.2483,31.4933,31.7357,31.9747,32.2092,32.4386,32.6621,32.8793,33.0898,33.2933,33.4899,33.6795,33.8624,34.039,34.2095,34.3744,34.5341,34.6892,34.8399,34.9866,35.1296,35.2691,35.4052,35.5379,35.6671,35.7926,35.9142,36.0315,36.1443,36.252,36.3542,36.4504,36.54,36.6226,36.6976,36.7645,36.8229,36.8722,36.912,36.9421,36.962,36.9714,36.9703,36.9585,36.9357,36.9022,36.8578,36.8028,36.7373,36.6615,36.5757,36.4804,36.3759,36.2626,36.141,36.0117,35.8752,35.7321,35.5829,35.4282,35.2685,35.1044,34.9364,34.7651,34.5909,34.4142,34.2353,34.0547,33.8725,33.689,33.5043,33.3186,33.1318,32.944,32.7551,32.565,32.3737,32.1811,31.987,31.7915,31.5946,31.3962,31.1965,30.9958,30.7942,30.5921,30.3899,30.1881,29.9871,29.7876,29.5899,29.3948,29.2026,29.0139,28.8291,28.6485,28.4724,28.3011,28.1347,27.9733,27.8167,27.665,27.5179,27.3752,27.2367,27.102,26.9709,26.8429,26.7178,26.5954,26.4755,26.3578,26.2423,26.1291,26.0182,25.9097,25.8038,25.7008,25.6009,25.5043,25.4113,25.3222,25.2369,25.1557,25.0786,25.0056,24.9364,24.8709,24.8089,24.7501,24.694,24.6403,24.5885,24.5384,24.4895,24.4415,24.3941,24.3472,24.3006,24.2542,24.208,24.1621,24.1165,24.0715,24.027,23.9833,23.9405,23.8986,23.8577,23.8177,23.7785,23.7401,23.7022,23.6645,23.6267,23.5885,23.5495,23.5092,23.4674,23.4236,23.3775,23.3288,23.2771,23.2224,23.1644,23.1031,23.0384,22.9703,22.8989,22.8241,22.7461,22.6649,22.5805,22.493,22.4023,22.3083,22.2111,22.1105,22.0064,21.8986,21.7869,21.6712,21.5512,21.4268,21.2977,21.1639,21.0253,20.8816,20.7329,20.5791,20.4204,20.2567,20.0881,19.915,19.7374,
 ,-78,35.5525,35.7267,35.8783,36.0067,36.1117,36.193,36.2507,36.2848,36.2955,36.2833,36.2486,36.192,36.1143,36.0163,35.899,35.7633,35.6103,35.4412,35.2572,35.0595,34.8493,34.6278,34.3963,34.156,33.9082,33.6539,33.3944,33.1307,32.864,32.5951,32.325,32.0547,31.785,31.5166,31.2503,30.9868,30.7267,30.4705,30.2188,29.9721,29.7307,29.4952,29.2657,29.0426,28.8263,28.6169,28.4146,28.2197,28.0323,27.8525,27.6805,27.5163,27.3601,27.2119,27.0718,26.9398,26.816,26.7004,26.593,26.4938,26.4028,26.3202,26.2458,26.1796,26.1217,26.0722,26.0309,25.9978,25.9731,25.9567,25.9486,25.9488,25.9574,25.9743,25.9996,26.0333,26.0754,26.1259,26.1849,26.2524,26.3284,26.413,26.506,26.6076,26.7178,26.8366,26.9639,27.0997,27.244,27.3966,27.5576,27.7268,27.904,28.089,28.2815,28.4814,28.6881,28.9014,29.1208,29.3457,29.5755,29.8095,30.0471,30.2874,30.5296,30.7729,31.0164,31.2592,31.5005,31.7395,31.9754,32.2075,32.4353,32.6583,32.8762,33.0888,33.2959,33.4977,33.6941,33.8853,34.0717,34.2534,34.4308,34.6042,34.7737,34.9396,35.102,35.2611,35.4167,35.5689,35.7174,35.8621,36.0025,36.1385,36.2694,36.3949,36.5144,36.6274,36.7334,36.8317,36.9217,37.003,37.075,37.1372,37.1891,37.2303,37.2604,37.2791,37.2862,37.2814,37.2648,37.2361,37.1955,37.1431,37.079,37.0036,36.917,36.8197,36.7121,36.5948,36.4681,36.3328,36.1893,36.0383,35.8803,35.7161,35.5462,35.3713,35.1918,35.0084,34.8216,34.6319,34.4397,34.2453,34.0491,33.8514,33.6524,33.4523,33.2512,33.0491,32.8461,32.6423,32.4375,32.2318,32.0252,31.8177,31.6094,31.4003,31.1905,30.9803,30.7699,30.5595,30.3496,30.1405,29.9326,29.7264,29.5223,29.3207,29.1221,28.9269,28.7354,28.548,28.3649,28.1863,28.0123,27.8429,27.6782,27.5182,27.3625,27.2113,27.0641,26.9208,26.7811,26.6449,26.5118,26.3817,26.2543,26.1297,26.0078,25.8884,25.7717,25.6578,25.5467,25.4387,25.3339,25.2325,25.1347,25.0405,24.9502,24.8637,24.781,24.7022,24.627,24.5553,24.4869,24.4216,24.3589,24.2987,24.2405,24.1841,24.1292,24.0754,24.0226,23.9706,23.9192,23.8683,23.8179,23.7681,23.7189,23.6702,23.6223,23.5751,23.5287,23.4832,23.4385,23.3946,23.3514,23.3088,23.2666,23.2245,23.1822,23.1396,23.0962,23.0517,23.0059,22.9583,22.9087,22.8569,22.8025,22.7455,22.6856,22.6228,22.557,22.4882,22.4164,22.3415,22.2635,22.1826,22.0987,22.0117,21.9218,21.8287,21.7324,21.6329,21.53,21.4236,21.3135,21.1996,21.0818,20.9597,20.8334,20.7028,20.5676,20.4279,20.2836,20.1347,19.9812,19.8233,19.661,19.4946,19.3241,
 ,-79,34.528,34.6941,34.8393,34.963,35.065,35.1452,35.2035,35.24,35.2549,35.2486,35.2215,35.1741,35.1071,35.0213,34.9174,34.7965,34.6594,34.5072,34.341,34.1619,33.971,33.7694,33.5582,33.3386,33.1116,32.8785,32.6401,32.3975,32.1518,31.9037,31.6543,31.4044,31.1547,30.906,30.659,30.4143,30.1726,29.9343,29.7001,29.4703,29.2453,29.0257,28.8116,28.6034,28.4014,28.2058,28.0169,27.8349,27.6598,27.492,27.3314,27.1782,27.0326,26.8945,26.7641,26.6414,26.5266,26.4195,26.3203,26.2289,26.1455,26.07,26.0024,25.9428,25.8911,25.8475,25.8118,25.7842,25.7645,25.7529,25.7494,25.7539,25.7665,25.7872,25.8161,25.853,25.8981,25.9514,26.013,26.0827,26.1607,26.2469,26.3414,26.4442,26.5553,26.6746,26.8022,26.938,27.0819,27.234,27.394,27.5618,27.7374,27.9205,28.1108,28.3082,28.5123,28.7226,28.9389,29.1606,29.3871,29.618,29.8526,30.0901,30.33,30.5714,30.8137,31.0561,31.2979,31.5384,31.777,32.013,32.2461,32.4758,32.7018,32.9239,33.142,33.3559,33.5658,33.7717,33.9738,34.1721,34.367,34.5584,34.7465,34.9315,35.1133,35.2919,35.4672,35.6391,35.8073,35.9715,36.1313,36.2863,36.4361,36.58,36.7176,36.8482,36.9711,37.0859,37.1917,37.2881,37.3744,37.4501,37.5145,37.5673,37.608,37.6362,37.6517,37.6541,37.6434,37.6196,37.5825,37.5324,37.4693,37.3936,37.3056,37.2057,37.0943,36.972,36.8394,36.697,36.5455,36.3856,36.218,36.0433,35.8622,35.6755,35.4836,35.2873,35.0872,34.8837,34.6773,34.4686,34.258,34.0456,33.8319,33.6171,33.4013,33.1848,32.9675,32.7497,32.5313,32.3124,32.0931,31.8734,31.6534,31.4331,31.2128,30.9927,30.7728,30.5536,30.3352,30.118,29.9024,29.6888,29.4774,29.2687,29.063,28.8607,28.662,28.4673,28.2767,28.0904,27.9086,27.7312,27.5584,27.39,27.226,27.0663,26.9107,26.759,26.6111,26.4668,26.3259,26.1883,26.0537,25.9222,25.7937,25.6681,25.5455,25.4259,25.3095,25.1962,25.0863,24.9799,24.877,24.7777,24.6821,24.5903,24.5022,24.4176,24.3367,24.2591,24.1846,24.1132,24.0444,23.9781,23.9139,23.8517,23.7911,23.7319,23.6738,23.6169,23.5608,23.5055,23.451,23.3972,23.3442,23.2919,23.2403,23.1896,23.1396,23.0905,23.0421,22.9945,22.9474,22.9008,22.8545,22.8083,22.762,22.7152,22.6679,22.6195,22.57,22.519,22.4662,22.4115,22.3546,22.2953,22.2336,22.1693,22.1023,22.0326,21.9601,21.8848,21.8068,21.7259,21.6422,21.5557,21.4663,21.3739,21.2785,21.18,21.0782,20.9731,20.8646,20.7524,20.6365,20.5168,20.3932,20.2655,20.1337,19.9977,19.8575,19.7131,19.5647,19.4121,19.2556,19.0953,18.9313,
 ,-80,33.5525,33.7112,33.8503,33.9697,34.069,34.1481,34.207,34.2457,34.2644,34.2635,34.2432,34.2042,34.147,34.0723,33.9809,33.8734,33.751,33.6143,33.4645,33.3026,33.1294,32.9461,32.7537,32.5533,32.3457,32.1321,31.9134,31.6905,31.4644,31.2359,31.0058,30.775,30.5441,30.3139,30.0851,29.8583,29.6339,29.4126,29.1949,28.9812,28.7719,28.5673,28.3679,28.174,27.9857,27.8034,27.6273,27.4576,27.2945,27.1381,26.9886,26.846,26.7106,26.5823,26.4614,26.3477,26.2415,26.1428,26.0516,25.9679,25.8918,25.8233,25.7624,25.7092,25.6637,25.6259,25.5958,25.5735,25.5589,25.5521,25.5531,25.5619,25.5786,25.6031,25.6355,25.6758,25.7241,25.7803,25.8444,25.9166,25.9967,26.0849,26.1811,26.2853,26.3976,26.5178,26.6461,26.7823,26.9264,27.0783,27.238,27.4052,27.5799,27.7619,27.9509,28.1468,28.3491,28.5577,28.7721,28.9919,29.2166,29.4457,29.6787,29.915,30.1541,30.3952,30.6378,30.8813,31.125,31.3683,31.6108,31.852,32.0914,32.3286,32.5634,32.7955,33.0249,33.2514,33.4749,33.6956,33.9134,34.1284,34.3407,34.5502,34.757,34.9611,35.1625,35.3609,35.5563,35.7483,35.9367,36.121,36.3009,36.4757,36.6451,36.8083,36.9648,37.1139,37.2548,37.3868,37.5094,37.6217,37.7231,37.8129,37.8906,37.9555,38.0073,38.0454,38.0695,38.0793,38.0747,38.0555,38.0217,37.9735,37.911,37.8345,37.7444,37.6411,37.525,37.3969,37.2572,37.1068,36.9463,36.7764,36.598,36.4117,36.2183,36.0186,35.8133,35.6031,35.3886,35.1705,34.9493,34.7255,34.4996,34.272,34.043,33.813,33.5822,33.3508,33.1189,32.8868,32.6545,32.4221,32.1897,31.9574,31.7253,31.4936,31.2623,31.0316,30.8018,30.573,30.3455,30.1196,29.8956,29.6737,29.4544,29.2379,29.0245,28.8144,28.608,28.4055,28.2071,28.0129,27.8229,27.6374,27.4563,27.2797,27.1073,26.9393,26.7754,26.6155,26.4595,26.3073,26.1587,26.0136,25.8719,25.7335,25.5984,25.4665,25.3378,25.2125,25.0904,24.9718,24.8565,24.7449,24.6367,24.5323,24.4314,24.3343,24.2407,24.1507,24.0641,23.9808,23.9006,23.8233,23.7488,23.6768,23.6069,23.5392,23.4732,23.4088,23.3458,23.284,23.2234,23.1638,23.1052,23.0474,22.9905,22.9345,22.8794,22.825,22.7715,22.7188,22.6668,22.6155,22.5647,22.5143,22.4642,22.4142,22.3641,22.3136,22.2625,22.2107,22.1577,22.1035,22.0478,21.9904,21.931,21.8696,21.8061,21.7402,21.672,21.6013,21.5281,21.4523,21.374,21.293,21.2094,21.1232,21.0341,20.9423,20.8476,20.75,20.6493,20.5454,20.4383,20.3279,20.2139,20.0964,19.9753,19.8504,19.7218,19.5893,19.453,19.3129,19.169,19.0214,18.8703,18.7157,18.5578,
 ,-81,32.6231,32.7749,32.9086,33.024,33.1208,33.1989,33.2582,33.2989,33.3211,33.325,33.3111,33.2798,33.2315,33.167,33.0869,32.9919,32.8828,32.7604,32.6257,32.4795,32.3228,32.1565,31.9815,31.7988,31.6092,31.4138,31.2134,31.0089,30.8011,30.5908,30.3788,30.1659,29.9528,29.74,29.5283,29.3182,29.1103,28.9051,28.7031,28.5046,28.3101,28.12,27.9346,27.7542,27.5791,27.4096,27.2458,27.0879,26.9362,26.7909,26.652,26.5198,26.3942,26.2755,26.1636,26.0588,25.961,25.8704,25.787,25.7107,25.6418,25.5802,25.5259,25.479,25.4395,25.4075,25.3829,25.3658,25.3562,25.3542,25.3597,25.3728,25.3936,25.422,25.458,25.5018,25.5532,25.6124,25.6793,25.754,25.8365,25.9268,26.025,26.1309,26.2446,26.3662,26.4955,26.6325,26.7772,26.9296,27.0894,27.2567,27.4312,27.6128,27.8013,27.9965,28.1982,28.406,28.6196,28.8386,29.0627,29.2913,29.5241,29.7606,30.0002,30.2423,30.4866,30.7324,30.9793,31.2268,31.4743,31.7216,31.9682,32.2137,32.458,32.7009,32.9421,33.1815,33.4191,33.6548,33.8886,34.1205,34.3504,34.5783,34.8041,35.0278,35.2491,35.4678,35.6838,35.8966,36.1058,36.3111,36.5118,36.7075,36.8974,37.081,37.2574,37.426,37.5859,37.7364,37.8766,38.0059,38.1233,38.2283,38.32,38.3978,38.4612,38.5097,38.5428,38.5602,38.5617,38.5472,38.5165,38.4699,38.4075,38.3296,38.2367,38.1291,38.0074,37.8724,37.7246,37.565,37.3942,37.2131,37.0225,36.8234,36.6165,36.4026,36.1827,35.9574,35.7275,35.4936,35.2565,35.0167,34.7748,34.5311,34.2862,34.0403,33.7938,33.547,33.3001,33.0532,32.8065,32.5602,32.3143,32.069,31.8244,31.5806,31.3378,31.0961,30.8557,30.6168,30.3796,30.1443,29.9112,29.6805,29.4526,29.2276,29.0059,28.7876,28.5729,28.3622,28.1555,27.953,27.7548,27.5609,27.3714,27.1863,27.0056,26.8292,26.6571,26.489,26.325,26.165,26.0087,25.8562,25.7073,25.5621,25.4203,25.282,25.1472,25.0159,24.8882,24.7639,24.6432,24.5262,24.4128,24.303,24.1969,24.0944,23.9954,23.9,23.8079,23.7191,23.6334,23.5507,23.4706,23.3931,23.3179,23.2449,23.1738,23.1044,23.0366,22.9703,22.9052,22.8414,22.7786,22.717,22.6563,22.5966,22.5378,22.4799,22.4229,22.3666,22.3111,22.2562,22.2018,22.1479,22.0942,22.0406,21.9869,21.9329,21.8784,21.8233,21.7672,21.71,21.6516,21.5916,21.5299,21.4665,21.4011,21.3337,21.2642,21.1925,21.1184,21.0421,20.9634,20.8822,20.7986,20.7125,20.6237,20.5324,20.4383,20.3415,20.2417,20.1391,20.0333,19.9245,19.8124,19.697,19.5782,19.456,19.3303,19.2012,19.0685,18.9324,18.7928,18.6499,18.5037,18.3544,18.2021,
 ,-82,31.7372,31.8826,32.0114,32.1231,32.2175,32.2947,32.3544,32.3969,32.4222,32.4306,32.4225,32.3981,32.3581,32.3029,32.2331,32.1495,32.0527,31.9435,31.8227,31.6911,31.5495,31.3989,31.24,31.0737,30.9009,30.7223,30.539,30.3516,30.1609,29.9677,29.7727,29.5766,29.38,29.1837,28.9881,28.7939,28.6015,28.4116,28.2244,28.0404,27.86,27.6837,27.5116,27.3442,27.1816,27.0242,26.8722,26.7258,26.5852,26.4504,26.3218,26.1995,26.0834,25.9739,25.8709,25.7746,25.6851,25.6023,25.5265,25.4575,25.3956,25.3407,25.2928,25.2521,25.2186,25.1922,25.173,25.1612,25.1565,25.1593,25.1693,25.1868,25.2116,25.2439,25.2836,25.3308,25.3856,25.4479,25.5177,25.5951,25.6802,25.7728,25.8731,25.981,26.0965,26.2196,26.3503,26.4886,26.6343,26.7876,26.9481,27.116,27.2909,27.4729,27.6617,27.8571,28.0589,28.2668,28.4806,28.6999,28.9244,29.1538,29.3875,29.6253,29.8666,30.1111,30.3582,30.6076,30.8589,31.1115,31.3652,31.6195,31.8742,32.1289,32.3835,32.6377,32.8913,33.1442,33.3963,33.6475,33.8978,34.1469,34.3949,34.6417,34.887,35.1307,35.3726,35.6123,35.8496,36.084,36.3151,36.5422,36.7649,36.9825,37.1942,37.3993,37.5969,37.7863,37.9665,38.1367,38.2959,38.4433,38.5779,38.699,38.8058,38.8974,38.9732,39.0327,39.0753,39.1006,39.1084,39.0985,39.0708,39.0254,38.9626,38.8827,38.7861,38.6733,38.545,38.4019,38.2448,38.0746,37.8921,37.6984,37.4943,37.2808,37.0589,36.8295,36.5935,36.3517,36.1051,35.8544,35.6002,35.3433,35.0843,34.8236,34.5618,34.2993,34.0365,33.7736,33.5109,33.2487,32.9871,32.7263,32.4664,32.2076,31.95,31.6937,31.4388,31.1855,30.9339,30.6843,30.4367,30.1914,29.9486,29.7085,29.4714,29.2373,29.0067,28.7796,28.5562,28.3368,28.1215,27.9103,27.7035,27.501,27.303,27.1093,26.9201,26.7353,26.5548,26.3786,26.2066,26.0387,25.8748,25.7149,25.5589,25.4066,25.2582,25.1134,24.9724,24.8351,24.7014,24.5715,24.4452,24.3227,24.2039,24.0888,23.9773,23.8695,23.7653,23.6645,23.5671,23.4729,23.3819,23.2938,23.2085,23.1258,23.0455,22.9674,22.8914,22.8172,22.7448,22.674,22.6047,22.5367,22.4699,22.4044,22.34,22.2766,22.2142,22.1528,22.0923,22.0325,21.9736,21.9152,21.8574,21.8,21.7429,21.686,21.6289,21.5717,21.514,21.4558,21.3968,21.3369,21.2758,21.2134,21.1496,21.0842,21.0171,20.9482,20.8773,20.8045,20.7296,20.6526,20.5734,20.492,20.4082,20.3221,20.2336,20.1427,20.0492,19.953,19.8542,19.7527,19.6482,19.5409,19.4305,19.3171,19.2006,19.0809,18.9581,18.832,18.7028,18.5703,18.4348,18.2962,18.1546,18.0102,17.863,
 ,-83,30.8921,31.0318,31.1559,31.2642,31.3565,31.4328,31.4929,31.537,31.5652,31.5777,31.5748,31.5568,31.5243,31.4776,31.4174,31.3443,31.2588,31.1617,31.0537,30.9355,30.808,30.6718,30.5278,30.3768,30.2195,30.0567,29.8892,29.7177,29.543,29.3658,29.1867,29.0063,28.8254,28.6445,28.4642,28.2849,28.1072,27.9316,27.7585,27.5883,27.4214,27.2581,27.0988,26.9437,26.7932,26.6474,26.5067,26.3712,26.2411,26.1167,25.9979,25.8851,25.7783,25.6777,25.5833,25.4952,25.4136,25.3386,25.2701,25.2083,25.1532,25.1048,25.0633,25.0286,25.0009,24.9801,24.9663,24.9596,24.9599,24.9674,24.9819,25.0037,25.0326,25.0688,25.1123,25.1631,25.2212,25.2867,25.3596,25.4398,25.5276,25.6227,25.7253,25.8354,25.953,26.078,26.2105,26.3503,26.4976,26.6521,26.8139,26.9829,27.1589,27.3419,27.5316,27.7279,27.9306,28.1396,28.3545,28.575,28.801,29.032,29.2678,29.5079,29.7521,29.9999,30.2511,30.5051,30.7618,31.0206,31.2814,31.5437,31.8074,32.0721,32.3377,32.6039,32.8706,33.1376,33.4049,33.6722,33.9394,34.2065,34.4732,34.7394,35.0049,35.2695,35.5327,35.7944,36.0539,36.311,36.5649,36.8152,37.0611,37.3019,37.5368,37.7648,37.9852,38.1968,38.3989,38.5902,38.7699,38.9368,39.09,39.2286,39.3515,39.4579,39.5471,39.6183,39.671,39.7047,39.719,39.7137,39.6888,39.6444,39.5806,39.4979,39.3967,39.2777,39.1415,38.9891,38.8212,38.6389,38.4433,38.2352,38.016,37.7865,37.5479,37.3013,37.0477,36.788,36.5232,36.2541,35.9816,35.7063,35.429,35.1503,34.8706,34.5905,34.3104,34.0307,33.7515,33.4733,33.1961,32.9202,32.6457,32.3728,32.1016,31.8322,31.5647,31.2992,31.0359,30.7749,30.5164,30.2605,30.0074,29.7573,29.5103,29.2666,29.0265,28.7901,28.5575,28.3289,28.1045,27.8844,27.6686,27.4572,27.2504,27.048,26.8502,26.6568,26.468,26.2835,26.1034,25.9276,25.756,25.5886,25.4254,25.2661,25.1109,24.9596,24.8122,24.6687,24.5291,24.3934,24.2615,24.1334,24.0091,23.8886,23.7718,23.6587,23.5492,23.4431,23.3405,23.2412,23.145,23.0517,22.9613,22.8736,22.7883,22.7054,22.6247,22.5459,22.4691,22.3939,22.3204,22.2483,22.1776,22.1083,22.0402,21.9732,21.9073,21.8424,21.7784,21.7153,21.653,21.5913,21.5302,21.4696,21.4092,21.349,21.2889,21.2285,21.1679,21.1068,21.0451,20.9825,20.919,20.8543,20.7884,20.7211,20.6523,20.5819,20.5098,20.4359,20.3601,20.2824,20.2027,20.1209,20.037,19.9509,19.8625,19.7719,19.6789,19.5834,19.4854,19.3849,19.2817,19.1758,19.0671,18.9556,18.8412,18.7239,18.6037,18.4805,18.3544,18.2255,18.0937,17.9591,17.8218,17.6819,17.5396,
 ,-84,30.0857,30.22,30.3399,30.445,30.5354,30.6108,30.6712,30.7168,30.7475,30.7638,30.7657,30.7536,30.7279,30.6891,30.6377,30.5741,30.4991,30.4131,30.3169,30.2112,30.0966,29.9738,29.8437,29.7068,29.5639,29.4158,29.263,29.1065,28.9467,28.7844,28.6202,28.4546,28.2884,28.122,27.956,27.7908,27.627,27.4651,27.3053,27.1481,26.994,26.8431,26.6959,26.5527,26.4136,26.279,26.1491,26.0241,25.9042,25.7895,25.6803,25.5767,25.4788,25.3868,25.3007,25.2207,25.1468,25.0792,25.0179,24.963,24.9146,24.8726,24.8373,24.8086,24.7866,24.7713,24.7628,24.7612,24.7664,24.7785,24.7975,24.8236,24.8567,24.8969,24.9441,24.9985,25.0601,25.1289,25.2049,25.2882,25.3787,25.4766,25.5818,25.6943,25.8141,25.9413,26.0759,26.2177,26.3668,26.5231,26.6866,26.8572,27.0348,27.2193,27.4106,27.6086,27.813,28.0237,28.2405,28.4631,28.6914,28.925,29.1638,29.4073,29.6553,29.9076,30.1637,30.4234,30.6864,30.9525,31.2212,31.4925,31.766,32.0415,32.3189,32.5979,32.8784,33.1603,33.4433,33.7274,34.0124,34.2981,34.5843,34.8708,35.1574,35.4437,35.7293,36.0139,36.2969,36.5779,36.8561,37.1309,37.4015,37.6671,37.9267,38.1794,38.4242,38.6599,38.8855,39.0998,39.3016,39.4898,39.6632,39.8207,39.9612,40.0837,40.1874,40.2713,40.3348,40.3773,40.3984,40.3979,40.3757,40.3318,40.2665,40.1802,40.0734,39.947,39.8016,39.6383,39.458,39.2619,39.0512,38.8271,38.5907,38.3434,38.0864,37.8207,37.5476,37.2682,36.9835,36.6945,36.402,36.1069,35.81,35.5119,35.2132,34.9145,34.6161,34.3186,34.0221,33.727,33.4335,33.1418,32.8521,32.5644,32.279,31.9958,31.7151,31.4369,31.1613,30.8884,30.6183,30.3512,30.0871,29.8264,29.569,29.3151,29.065,28.8187,28.5764,28.3382,28.1043,27.8748,27.6497,27.4292,27.2132,27.0019,26.7952,26.5931,26.3957,26.2029,26.0146,25.8308,25.6515,25.4765,25.3059,25.1395,24.9774,24.8195,24.6656,24.5159,24.3703,24.2286,24.091,23.9573,23.8275,23.7016,23.5794,23.461,23.3463,23.2351,23.1273,23.0228,22.9216,22.8233,22.728,22.6354,22.5454,22.4578,22.3725,22.2893,22.2081,22.1287,22.0511,21.9751,21.9006,21.8275,21.7557,21.6852,21.6158,21.5476,21.4802,21.4138,21.3483,21.2834,21.2191,21.1553,21.0918,21.0286,20.9655,20.9022,20.8388,20.775,20.7106,20.6456,20.5798,20.513,20.4451,20.376,20.3056,20.2337,20.1603,20.0853,20.0086,19.9302,19.8499,19.7677,19.6836,19.5974,19.5092,19.4188,19.3262,19.2313,19.1342,19.0346,18.9325,18.8279,18.7208,18.6111,18.4987,18.3837,18.2659,18.1455,18.0224,17.8967,17.7684,17.6376,17.5043,17.3686,17.2307,
 ,-85,29.3157,29.445,29.561,29.6632,29.7517,29.8263,29.887,29.9339,29.9671,29.9867,29.993,29.9863,29.9669,29.9354,29.892,29.8373,29.7718,29.6961,29.6108,29.5166,29.4139,29.3036,29.1862,29.0625,28.933,28.7985,28.6596,28.5169,28.3711,28.2227,28.0725,27.9208,27.7684,27.6156,27.4631,27.3113,27.1606,27.0115,26.8644,26.7196,26.5776,26.4386,26.3029,26.1709,26.0428,25.9189,25.7993,25.6844,25.5742,25.469,25.369,25.2743,25.185,25.1012,25.0232,24.9509,24.8846,24.8242,24.7699,24.7217,24.6798,24.6442,24.6149,24.592,24.5756,24.5658,24.5625,24.5658,24.5759,24.5927,24.6162,24.6466,24.6838,24.728,24.779,24.8371,24.9022,24.9744,25.0537,25.14,25.2336,25.3343,25.4423,25.5574,25.6798,25.8095,25.9464,26.0905,26.2418,26.4003,26.5659,26.7386,26.9183,27.105,27.2984,27.4986,27.7054,27.9185,28.138,28.3635,28.595,28.8321,29.0746,29.3224,29.5752,29.8328,30.0948,30.3611,30.6314,30.9055,31.1832,31.4642,31.7484,32.0356,32.3256,32.6182,32.9134,33.2108,33.5105,33.8122,34.1157,34.4209,34.7275,35.0353,35.344,35.6531,35.9623,36.2712,36.5791,36.8854,37.1894,37.4904,37.7874,38.0796,38.3659,38.6452,38.9164,39.1782,39.4294,39.6686,39.8946,40.106,40.3015,40.4797,40.6395,40.7796,40.899,40.9968,41.072,41.124,41.1524,41.1568,41.137,41.0933,41.0258,40.935,40.8215,40.6863,40.5301,40.3542,40.1597,39.9478,39.72,39.4777,39.2221,38.9548,38.677,38.3902,38.0956,37.7945,37.488,37.1771,36.863,36.5465,36.2285,35.9096,35.5905,35.2719,34.9541,34.6377,34.3229,34.01,33.6994,33.3911,33.0854,32.7823,32.482,32.1845,31.8899,31.5983,31.3098,31.0243,30.7421,30.4632,30.1876,29.9156,29.6472,29.3826,29.1219,28.8652,28.6127,28.3644,28.1206,27.8812,27.6465,27.4164,27.191,26.9704,26.7547,26.5437,26.3375,26.1361,25.9395,25.7476,25.5603,25.3777,25.1996,25.0261,24.857,24.6922,24.5319,24.3758,24.224,24.0764,23.9329,23.7935,23.6582,23.5268,23.3993,23.2756,23.1557,23.0393,22.9265,22.817,22.7108,22.6077,22.5076,22.4103,22.3156,22.2235,22.1338,22.0463,21.9609,21.8774,21.7958,21.7159,21.6377,21.5609,21.4856,21.4116,21.3388,21.2672,21.1967,21.127,21.0583,20.9903,20.9229,20.8561,20.7897,20.7236,20.6576,20.5916,20.5255,20.4591,20.3924,20.325,20.257,20.1881,20.1183,20.0475,19.9755,19.9022,19.8276,19.7515,19.6739,19.5948,19.5139,19.4313,19.3469,19.2607,19.1725,19.0823,18.9901,18.8958,18.7993,18.7006,18.5996,18.4964,18.3907,18.2827,18.1722,18.0592,17.9439,17.826,17.7057,17.583,17.458,17.3306,17.201,17.0693,16.9355,
 ,-86,28.58,28.7048,28.8171,28.9166,29.0034,29.0772,29.1382,29.1863,29.2216,29.2443,29.2547,29.2529,29.2394,29.2144,29.1784,29.1318,29.0752,29.0091,28.9339,28.8502,28.7587,28.6598,28.5544,28.4428,28.3258,28.204,28.0779,27.9482,27.8154,27.6801,27.5429,27.4043,27.2648,27.1249,26.9851,26.8459,26.7076,26.5707,26.4355,26.3025,26.172,26.0442,25.9196,25.7983,25.6807,25.5669,25.4573,25.352,25.2512,25.1551,25.0639,24.9777,24.8967,24.821,24.7507,24.686,24.6269,24.5736,24.5261,24.4845,24.4489,24.4194,24.396,24.3789,24.368,24.3635,24.3653,24.3737,24.3885,24.4099,24.4379,24.4726,24.514,24.5621,24.6171,24.6789,24.7476,24.8232,24.9058,24.9955,25.0921,25.1959,25.3068,25.4248,25.55,25.6823,25.8219,25.9686,26.1225,26.2835,26.4516,26.6269,26.8092,26.9984,27.1946,27.3976,27.6073,27.8236,28.0464,28.2756,28.5109,28.7522,28.9995,29.2523,29.5107,29.7744,30.0432,30.317,30.5954,30.8785,31.1659,31.4576,31.7534,32.053,32.3565,32.6636,32.9742,33.2881,33.6053,33.9255,34.2485,34.5742,34.9023,35.2325,35.5644,35.8977,36.2319,36.5665,36.9008,37.2341,37.5657,37.8948,38.2202,38.5411,38.8562,39.1644,39.4643,39.7546,40.0337,40.3003,40.5529,40.7898,41.0095,41.2106,41.3916,41.5511,41.6879,41.8008,41.8888,41.9512,41.9873,41.9968,41.9794,41.9354,41.8649,41.7686,41.6471,41.5014,41.3327,41.1422,40.9313,40.7014,40.4541,40.1911,39.9139,39.624,39.3232,39.0128,38.6943,38.3692,38.0387,37.704,37.3663,37.0265,36.6856,36.3443,36.0033,35.6634,35.325,34.9885,34.6543,34.3227,33.994,33.6683,33.3458,33.0266,32.7107,32.3982,32.0891,31.7834,31.4813,31.1827,30.8878,30.5964,30.3088,30.0249,29.745,29.469,29.1972,28.9295,28.6662,28.4074,28.1531,27.9035,27.6586,27.4186,27.1835,26.9533,26.7282,26.508,26.2928,26.0827,25.8775,25.6773,25.482,25.2915,25.1059,24.925,24.7487,24.5772,24.4101,24.2476,24.0896,23.9359,23.7865,23.6414,23.5004,23.3636,23.2307,23.1018,22.9766,22.8552,22.7374,22.623,22.5119,22.404,22.2992,22.1973,22.0982,22.0017,21.9076,21.8159,21.7264,21.639,21.5535,21.4699,21.3879,21.3076,21.2288,21.1514,21.0753,21.0005,20.9267,20.854,20.7822,20.7111,20.6409,20.5711,20.5019,20.433,20.3643,20.2957,20.2271,20.1583,20.0891,20.0196,19.9495,19.8787,19.8071,19.7346,19.661,19.5864,19.5106,19.4335,19.355,19.275,19.1936,19.1106,19.0259,18.9395,18.8514,18.7614,18.6695,18.5757,18.4799,18.382,18.2821,18.18,18.0757,17.9693,17.8605,17.7496,17.6364,17.521,17.4033,17.2834,17.1614,17.0373,16.9112,16.7831,16.6531,
 ,-87,27.8766,27.9972,28.1062,28.2032,28.2884,28.3615,28.4227,28.4718,28.5091,28.5347,28.5488,28.5515,28.5433,28.5245,28.4953,28.4563,28.4078,28.3504,28.2845,28.2106,28.1294,28.0412,27.9468,27.8466,27.7412,27.6312,27.5171,27.3995,27.2789,27.1559,27.0309,26.9045,26.7772,26.6494,26.5216,26.3942,26.2676,26.1423,26.0185,25.8966,25.777,25.6599,25.5458,25.4347,25.3271,25.2231,25.1229,25.0269,24.9351,24.8477,24.765,24.6871,24.6141,24.5461,24.4833,24.4259,24.3738,24.3273,24.2864,24.2512,24.2218,24.1983,24.1808,24.1692,24.1638,24.1645,24.1714,24.1846,24.2042,24.2302,24.2626,24.3016,24.3471,24.3993,24.4582,24.5237,24.5961,24.6753,24.7614,24.8544,24.9543,25.0613,25.1753,25.2963,25.4245,25.5598,25.7022,25.8518,26.0086,26.1725,26.3436,26.5217,26.707,26.8994,27.0988,27.3051,27.5184,27.7384,27.9652,28.1986,28.4385,28.6848,28.9374,29.1962,29.4609,29.7316,30.008,30.29,30.5774,30.8703,31.1683,31.4715,31.7796,32.0926,32.4104,32.7328,33.0598,33.3911,33.7268,34.0665,34.4101,34.7574,35.1082,35.462,35.8186,36.1776,36.5383,36.9002,37.2627,37.6251,37.9863,38.3455,38.7017,39.0537,39.4001,39.7397,40.071,40.3924,40.7023,40.999,41.2808,41.5459,41.7925,42.019,42.2236,42.4046,42.5607,42.6903,42.7925,42.8662,42.9107,42.9255,42.9104,42.8655,42.7912,42.6881,42.5571,42.3992,42.2158,42.0084,41.7786,41.528,41.2586,40.972,40.6703,40.3551,40.0283,39.6916,39.3467,38.995,38.638,38.2772,37.9136,37.5484,37.1827,36.8172,36.4527,36.0899,35.7294,35.3716,35.0168,34.6655,34.3177,33.9737,33.6335,33.2973,32.9651,32.6369,32.3126,31.9923,31.676,31.3637,31.0553,30.751,30.4506,30.1544,29.8622,29.5743,29.2908,29.0116,28.737,28.467,28.2018,27.9414,27.686,27.4356,27.1903,26.9502,26.7153,26.4856,26.2612,26.0421,25.8281,25.6194,25.4158,25.2173,25.0239,24.8355,24.6521,24.4735,24.2997,24.1307,23.9662,23.8064,23.6511,23.5002,23.3536,23.2112,23.073,22.9387,22.8085,22.682,22.5592,22.4399,22.3241,22.2116,22.1022,21.9958,21.8922,21.7914,21.6932,21.5974,21.5039,21.4126,21.3233,21.236,21.1505,21.0667,20.9845,20.9037,20.8244,20.7464,20.6695,20.5938,20.519,20.4451,20.3719,20.2994,20.2275,20.1559,20.0846,20.0135,19.9425,19.8714,19.8,19.7284,19.6563,19.5836,19.5103,19.4362,19.3612,19.2853,19.2082,19.1301,19.0507,18.9701,18.888,18.8046,18.7196,18.633,18.5449,18.4551,18.3635,18.2701,18.1749,18.0779,17.9789,17.8779,17.7749,17.67,17.5629,17.4538,17.3427,17.2295,17.1143,16.9971,16.8779,16.7568,16.6339,16.5092,16.3828,
 ,-88,27.2039,27.3206,27.4264,27.5212,27.6048,27.6773,27.7386,27.7888,27.8279,27.8561,27.8735,27.8804,27.8771,27.8639,27.841,27.8089,27.768,27.7187,27.6614,27.5966,27.5249,27.4466,27.3624,27.2728,27.1782,27.0792,26.9763,26.87,26.7608,26.6492,26.5358,26.4209,26.305,26.1886,26.0721,25.9559,25.8404,25.7259,25.6128,25.5015,25.3923,25.2854,25.1812,25.08,24.9819,24.8872,24.7961,24.7089,24.6257,24.5468,24.4722,24.4022,24.3369,24.2764,24.2209,24.1705,24.1253,24.0854,24.051,24.022,23.9986,23.981,23.9691,23.963,23.9629,23.9687,23.9807,23.9987,24.023,24.0535,24.0904,24.1336,24.1833,24.2395,24.3023,24.3717,24.4478,24.5306,24.6202,24.7167,24.82,24.9303,25.0476,25.1719,25.3033,25.4417,25.5873,25.7401,25.9,26.0671,26.2414,26.4229,26.6117,26.8076,27.0106,27.2208,27.4381,27.6624,27.8938,28.132,28.3772,28.6291,28.8878,29.1531,29.425,29.7033,29.988,30.2791,30.5763,30.8797,31.1892,31.5047,31.8261,32.1533,32.4863,32.825,33.1693,33.519,33.8741,34.2345,34.5999,34.9701,35.3448,35.7237,36.1065,36.4927,36.8817,37.273,37.6657,38.0591,38.4523,38.8442,39.2337,39.6194,40,40.374,40.7396,41.0953,41.4391,41.7691,42.0834,42.3799,42.6565,42.9112,43.1421,43.3472,43.5248,43.6733,43.7911,43.8773,43.931,43.9514,43.9385,43.8923,43.8132,43.7019,43.5595,43.3873,43.1868,42.9597,42.7081,42.4337,42.1389,41.8256,41.4961,41.1523,40.7964,40.4303,40.0558,39.6746,39.2884,38.8987,38.5068,38.114,37.7212,37.3295,36.9397,36.5524,36.1682,35.7876,35.411,35.0387,34.6708,34.3075,33.9488,33.5949,33.2456,32.9009,32.5608,32.2252,31.8941,31.5674,31.2451,30.927,30.6134,30.3041,29.9992,29.6987,29.4028,29.1115,28.825,28.5433,28.2666,27.9949,27.7284,27.4672,27.2113,26.9608,26.7158,26.4763,26.2423,26.0138,25.7908,25.5733,25.3613,25.1546,24.9533,24.7572,24.5664,24.3807,24.2,24.0243,23.8534,23.6873,23.526,23.3692,23.2169,23.069,22.9254,22.7859,22.6505,22.519,22.3912,22.2672,22.1467,22.0295,21.9156,21.8048,21.697,21.592,21.4897,21.3899,21.2925,21.1974,21.1044,21.0135,20.9245,20.8373,20.7518,20.6678,20.5853,20.5042,20.4244,20.3456,20.268,20.1913,20.1154,20.0402,19.9656,19.8915,19.8178,19.7443,19.6709,19.5976,19.5241,19.4505,19.3765,19.302,19.227,19.1514,19.075,18.9978,18.9197,18.8405,18.7603,18.6789,18.5963,18.5123,18.4271,18.3404,18.2522,18.1625,18.0712,17.9782,17.8836,17.7873,17.6892,17.5893,17.4875,17.3839,17.2785,17.1711,17.0619,16.9508,16.8379,16.7232,16.6066,16.4884,16.3684,16.2469,16.1238,
 ,-89,26.5601,26.6732,26.7761,26.8687,26.951,27.0228,27.0842,27.1353,27.176,27.2066,27.2272,27.2379,27.2391,27.231,27.214,27.1883,27.1543,27.1125,27.0632,27.0068,26.9439,26.8749,26.8002,26.7204,26.6358,26.5471,26.4546,26.3589,26.2604,26.1596,26.0569,25.9528,25.8477,25.742,25.6361,25.5305,25.4254,25.3213,25.2184,25.1171,25.0177,24.9206,24.8258,24.7339,24.6449,24.5591,24.4767,24.398,24.3231,24.2522,24.1855,24.1231,24.0652,24.012,23.9635,23.9199,23.8813,23.8479,23.8196,23.7967,23.7793,23.7673,23.7609,23.7602,23.7653,23.7763,23.7931,23.8159,23.8448,23.8799,23.9211,23.9686,24.0225,24.0828,24.1495,24.2228,24.3026,24.3891,24.4824,24.5824,24.6892,24.803,24.9237,25.0514,25.1861,25.3279,25.4769,25.6331,25.7965,25.9671,26.145,26.3302,26.5227,26.7226,26.9297,27.1442,27.3661,27.5952,27.8316,28.0753,28.3263,28.5845,28.8498,29.1224,29.402,29.6888,29.9826,30.2834,30.5912,30.906,31.2277,31.5563,31.8918,32.2341,32.5832,32.9391,33.3017,33.6709,34.0467,34.4289,34.8173,35.2117,35.6119,36.0175,36.4281,36.8434,37.2627,37.6853,38.1106,38.5375,38.9652,39.3925,39.8182,40.2407,40.6587,41.0704,41.474,41.8675,42.2489,42.6159,42.9664,43.2979,43.6081,43.8946,44.1551,44.3873,44.5891,44.7587,44.8942,44.9944,45.0581,45.0847,45.0739,45.0256,44.9405,44.8194,44.6635,44.4743,44.2538,44.004,43.727,43.4254,43.1014,42.7577,42.3965,42.0205,41.6317,41.2325,40.825,40.4111,39.9925,39.571,39.1481,38.7249,38.3028,37.8826,37.4654,37.0517,36.6422,36.2374,35.8375,35.443,35.0539,34.6702,34.2922,33.9196,33.5524,33.1906,32.834,32.4825,32.1359,31.7942,31.4572,31.125,30.7973,30.4744,30.156,29.8424,29.5335,29.2295,28.9304,28.6364,28.3476,28.064,27.7859,27.5133,27.2463,26.985,26.7294,26.4797,26.2357,25.9976,25.7653,25.5387,25.3179,25.1028,24.8934,24.6895,24.4911,24.2981,24.1104,23.9279,23.7505,23.5781,23.4106,23.2479,23.0899,22.9364,22.7874,22.6426,22.5021,22.3656,22.233,22.1042,21.979,21.8573,21.739,21.6239,21.5119,21.4027,21.2964,21.1927,21.0915,20.9927,20.8962,20.8017,20.7093,20.6188,20.53,20.4429,20.3573,20.2732,20.1904,20.1089,20.0284,19.949,19.8704,19.7926,19.7155,19.639,19.5629,19.4871,19.4115,19.3361,19.2606,19.185,19.1092,19.0331,18.9565,18.8794,18.8017,18.7232,18.644,18.5639,18.4828,18.4007,18.3175,18.2331,18.1475,18.0606,17.9724,17.8828,17.7918,17.6992,17.6051,17.5094,17.4122,17.3132,17.2126,17.1104,17.0064,16.9007,16.7933,16.6841,16.5734,16.4609,16.3469,16.2312,16.1141,15.9955,15.8755,
 ,-90,25.9436,26.0533,26.1535,26.2441,26.3251,26.3963,26.4578,26.5097,26.552,26.5847,26.6082,26.6225,26.6278,26.6245,26.6128,26.593,26.5655,26.5306,26.4886,26.4401,26.3854,26.3249,26.2591,26.1884,26.1132,26.0341,25.9513,25.8655,25.777,25.6863,25.5937,25.4997,25.4047,25.3091,25.2133,25.1176,25.0224,24.928,24.8348,24.743,24.653,24.565,24.4794,24.3963,24.3159,24.2386,24.1646,24.094,24.027,23.9639,23.9047,23.8497,23.7989,23.7527,23.711,23.674,23.6418,23.6146,23.5924,23.5754,23.5637,23.5573,23.5563,23.5609,23.5711,23.587,23.6087,23.6363,23.6697,23.7093,23.7549,23.8066,23.8646,23.929,23.9997,24.0768,24.1605,24.2508,24.3477,24.4514,24.5618,24.6792,24.8034,24.9347,25.073,25.2184,25.3709,25.5308,25.6978,25.8723,26.054,26.2433,26.4399,26.6441,26.8557,27.075,27.3018,27.5362,27.7782,28.0279,28.2852,28.5502,28.8229,29.1033,29.3914,29.6872,29.9908,30.3021,30.6212,30.9481,31.2828,31.6254,31.9758,32.3341,32.7003,33.0744,33.4564,33.8462,34.2438,34.649,35.0618,35.4819,35.9091,36.3432,36.7836,37.2299,37.6816,38.138,38.5982,39.0614,39.5265,39.9923,40.4574,40.9203,41.3793,41.8326,42.2781,42.7135,43.1367,43.5451,43.9361,44.307,44.655,44.9773,45.2713,45.5343,45.7636,45.9571,46.1126,46.2286,46.3036,46.3369,46.3279,46.2769,46.1844,46.0514,45.8795,45.6704,45.4264,45.15,44.8438,44.5106,44.1532,43.7745,43.3774,42.9647,42.5389,42.1026,41.6581,41.2077,40.7532,40.2966,39.8394,39.3831,38.9289,38.4779,38.031,37.5889,37.1523,36.7215,36.297,35.8789,35.4674,35.0624,34.6639,34.2719,33.8861,33.5065,33.1327,32.7645,32.4019,32.0446,31.6924,31.3452,31.003,30.6657,30.3333,30.0058,29.6832,29.3658,29.0535,28.7464,28.4449,28.1488,27.8584,27.5739,27.2952,27.0226,26.756,26.4955,26.2412,25.993,25.751,25.5151,25.2853,25.0616,24.8438,24.6318,24.4257,24.2252,24.0303,23.8409,23.6569,23.4781,23.3044,23.1357,22.9719,22.8129,22.6584,22.5084,22.3627,22.2212,22.0838,21.9503,21.8205,21.6944,21.5717,21.4523,21.3362,21.223,21.1127,21.0052,20.9003,20.7979,20.6978,20.6,20.5042,20.4104,20.3185,20.2283,20.1398,20.0527,19.9671,19.8827,19.7996,19.7175,19.6364,19.5561,19.4766,19.3977,19.3193,19.2413,19.1637,19.0862,19.0088,18.9314,18.8538,18.7761,18.698,18.6194,18.5404,18.4608,18.3805,18.2994,18.2175,18.1347,18.0509,17.9661,17.8802,17.7931,17.7049,17.6153,17.5245,17.4323,17.3387,17.2436,17.1471,17.0491,16.9496,16.8485,16.7459,16.6418,16.536,16.4288,16.32,16.2097,16.098,15.9848,15.8702,15.7544,15.6373,
 ,-91,25.3529,25.4595,25.5572,25.6459,25.7257,25.7963,25.8579,25.9105,25.9542,25.9889,26.015,26.0326,26.0417,26.0428,26.0361,26.0217,26.0002,25.9717,25.9366,25.8953,25.8482,25.7957,25.7381,25.6759,25.6095,25.5393,25.4657,25.3891,25.3099,25.2286,25.1455,25.0611,24.9756,24.8895,24.8031,24.7169,24.631,24.5459,24.4618,24.379,24.2979,24.2187,24.1416,24.0669,23.9949,23.9257,23.8596,23.7968,23.7374,23.6817,23.6298,23.5818,23.538,23.4985,23.4633,23.4327,23.4067,23.3856,23.3693,23.358,23.3519,23.3509,23.3552,23.365,23.3802,23.401,23.4274,23.4596,23.4977,23.5416,23.5915,23.6475,23.7097,23.7781,23.8528,23.9338,24.0214,24.1155,24.2162,24.3236,24.4377,24.5588,24.6867,24.8217,24.9637,25.1128,25.2692,25.4329,25.6039,25.7824,25.9683,26.1618,26.363,26.5718,26.7883,27.0127,27.2449,27.485,27.7331,27.9892,28.2535,28.5258,28.8064,29.0952,29.3923,29.6978,30.0118,30.3343,30.6654,31.0052,31.3537,31.7111,32.0773,32.4526,32.8368,33.2301,33.6326,34.0441,34.4648,34.8945,35.3331,35.7805,36.2365,36.7007,37.1729,37.6525,38.139,38.6317,39.1297,39.6322,40.1379,40.6456,41.1539,41.661,42.1652,42.6644,43.1563,43.6385,44.1084,44.5631,44.9996,45.4149,45.8058,46.1689,46.501,46.799,47.0598,47.2807,47.4591,47.593,47.6808,47.7214,47.7143,47.6596,47.558,47.4108,47.2197,46.9871,46.7156,46.408,46.0677,45.698,45.3021,44.8834,44.4453,43.9908,43.5231,43.045,42.5592,42.0679,41.5736,41.0781,40.5833,40.0906,39.6014,39.1168,38.6378,38.1652,37.6994,37.241,36.7902,36.3472,35.912,35.4846,35.0648,34.6525,34.2474,33.8491,33.4575,33.0721,32.6928,32.3192,31.9512,31.5885,31.2311,30.8787,30.5315,30.1894,29.8525,29.5208,29.1945,28.8738,28.5587,28.2494,27.9461,27.649,27.358,27.0735,26.7953,26.5236,26.2585,25.9999,25.7478,25.5023,25.2631,25.0304,24.804,24.5838,24.3697,24.1616,23.9594,23.763,23.5722,23.3869,23.207,23.0322,22.8626,22.6979,22.538,22.3827,22.2319,22.0855,21.9432,21.805,21.6707,21.5401,21.4132,21.2896,21.1694,21.0522,20.9381,20.8269,20.7183,20.6124,20.5088,20.4076,20.3086,20.2117,20.1167,20.0235,19.932,19.8421,19.7537,19.6667,19.5809,19.4963,19.4127,19.33,19.2481,19.167,19.0864,19.0063,18.9266,18.8472,18.7679,18.6888,18.6096,18.5302,18.4506,18.3708,18.2905,18.2097,18.1284,18.0464,17.9637,17.8802,17.7959,17.7106,17.6244,17.5371,17.4488,17.3593,17.2687,17.1768,17.0836,16.9891,16.8934,16.7962,16.6977,16.5978,16.4965,16.3937,16.2896,16.1841,16.0771,15.9689,15.8593,15.7484,15.6363,15.523,15.4085,
 ,-92,24.7866,24.8903,24.9856,25.0727,25.1512,25.2214,25.283,25.3363,25.3812,25.4178,25.4463,25.4668,25.4796,25.4847,25.4825,25.4733,25.4572,25.4347,25.406,25.3714,25.3314,25.2862,25.2363,25.1821,25.1238,25.0619,24.9968,24.9289,24.8585,24.7861,24.7119,24.6364,24.5599,24.4827,24.4053,24.3279,24.2508,24.1744,24.099,24.0248,23.9521,23.8812,23.8123,23.7457,23.6816,23.6202,23.5617,23.5063,23.4542,23.4056,23.3607,23.3195,23.2824,23.2493,23.2204,23.196,23.1761,23.1608,23.1502,23.1445,23.1438,23.1481,23.1576,23.1724,23.1925,23.2181,23.2493,23.286,23.3285,23.3769,23.4311,23.4913,23.5576,23.63,23.7087,23.7938,23.8852,23.9831,24.0877,24.1989,24.3168,24.4417,24.5734,24.7122,24.8581,25.0112,25.1715,25.3393,25.5145,25.6972,25.8876,26.0857,26.2916,26.5053,26.7271,26.9569,27.1949,27.4412,27.6958,27.9588,28.2304,28.5106,28.7996,29.0974,29.4041,29.72,30.045,30.3794,30.7232,31.0766,31.4397,31.8126,32.1956,32.5886,32.9919,33.4055,33.8296,34.2641,34.7091,35.1647,35.6307,36.1071,36.5937,37.0902,37.5963,38.1116,38.6355,39.1673,39.7062,40.2512,40.8012,41.3547,41.9102,42.466,43.02,43.57,44.1136,44.6479,45.1701,45.6769,46.165,46.6307,47.0703,47.4799,47.8558,48.1941,48.4912,48.7436,48.9484,49.103,49.2053,49.2541,49.2488,49.1893,49.0766,48.9122,48.6983,48.4377,48.1337,47.7897,47.4096,46.9974,46.557,46.0923,45.6071,45.1052,44.5901,44.0648,43.5324,42.9956,42.4569,41.9184,41.382,40.8493,40.3219,39.8009,39.2871,38.7815,38.2845,37.7966,37.3179,36.8485,36.3885,35.9376,35.4955,35.0621,34.6368,34.2193,33.8092,33.4061,33.0095,32.6191,32.2346,31.8558,31.4824,31.1143,30.7516,30.3941,30.042,29.6953,29.3542,29.0188,28.6894,28.3662,28.0492,27.7387,27.4348,27.1376,26.8473,26.5639,26.2874,26.0179,25.7554,25.4998,25.251,25.009,24.7737,24.545,24.3228,24.1069,23.8972,23.6936,23.4959,23.304,23.1177,22.9369,22.7614,22.591,22.4256,22.265,22.1091,21.9577,21.8107,21.6679,21.529,21.3941,21.2629,21.1352,21.0109,20.8899,20.772,20.6571,20.545,20.4356,20.3287,20.2242,20.122,20.0219,19.9239,19.8278,19.7335,19.6408,19.5497,19.4601,19.3718,19.2847,19.1987,19.1136,19.0295,18.9462,18.8635,18.7814,18.6998,18.6185,18.5375,18.4566,18.3758,18.2949,18.214,18.1328,18.0513,17.9694,17.8871,17.8042,17.7207,17.6366,17.5517,17.466,17.3795,17.292,17.2036,17.1141,17.0236,16.932,16.8393,16.7454,16.6503,16.5539,16.4563,16.3575,16.2574,16.156,16.0533,15.9494,15.8442,15.7378,15.6303,15.5215,15.4117,15.3007,15.1888,
 ,-93,24.2434,24.3444,24.4376,24.523,24.6005,24.6701,24.7318,24.7856,24.8317,24.87,24.9007,24.924,24.94,24.9489,24.951,24.9464,24.9355,24.9184,24.8956,24.8673,24.8339,24.7956,24.7529,24.706,24.6554,24.6013,24.5442,24.4843,24.4222,24.358,24.2922,24.2251,24.157,24.0883,24.0193,23.9503,23.8816,23.8134,23.7462,23.6801,23.6154,23.5525,23.4914,23.4324,23.3759,23.3218,23.2706,23.2224,23.1773,23.1355,23.0973,23.0627,23.0319,23.0051,22.9823,22.9639,22.9498,22.9402,22.9352,22.9349,22.9394,22.9489,22.9635,22.9832,23.0081,23.0384,23.0742,23.1155,23.1624,23.2151,23.2735,23.3379,23.4083,23.4848,23.5675,23.6565,23.7519,23.8537,23.9622,24.0772,24.1991,24.3278,24.4635,24.6062,24.7561,24.9132,25.0777,25.2497,25.4293,25.6165,25.8115,26.0145,26.2254,26.4445,26.6718,26.9074,27.1516,27.4043,27.6658,27.9362,28.2156,28.5041,28.802,29.1093,29.4262,29.753,30.0897,30.4365,30.7937,31.1615,31.5399,31.9293,32.3298,32.7416,33.1649,33.5999,34.0467,34.5055,34.9763,35.4592,35.9543,36.4615,36.9806,37.5116,38.054,38.6076,39.1717,39.7457,40.3289,40.92,41.5181,42.1217,42.7291,43.3385,43.9476,44.5541,45.1552,45.748,46.329,46.8947,47.4412,47.9643,48.4597,48.9228,49.3491,49.7341,50.0732,50.3624,50.5979,50.7765,50.8957,50.9538,50.95,50.8844,50.7581,50.5729,50.3317,50.0379,49.6953,49.3084,48.8817,48.4199,47.9278,47.4101,46.871,46.315,45.7458,45.1672,44.5825,43.9947,43.4065,42.8203,42.238,41.6615,41.0923,40.5315,39.9802,39.4391,38.9086,38.3892,37.8809,37.3837,36.8975,36.422,35.9568,35.5014,35.0554,34.6181,34.189,33.7675,33.3531,32.9453,32.5438,32.1481,31.7581,31.3736,30.9945,30.6208,30.2525,29.8899,29.5331,29.1822,28.8376,28.4994,28.1679,27.8432,27.5256,27.2151,26.912,26.6162,26.3278,26.0469,25.7734,25.5073,25.2485,24.997,24.7525,24.5151,24.2845,24.0606,23.8433,23.6323,23.4277,23.229,23.0363,22.8493,22.6678,22.4917,22.3208,22.155,21.9939,21.8376,21.6858,21.5383,21.3951,21.2558,21.1203,20.9886,20.8604,20.7356,20.614,20.4954,20.3798,20.267,20.1568,20.0491,19.9438,19.8407,19.7398,19.6408,19.5437,19.4484,19.3547,19.2625,19.1717,19.0822,18.9938,18.9066,18.8203,18.7348,18.6502,18.5661,18.4826,18.3995,18.3168,18.2343,18.1519,18.0696,17.9873,17.9048,17.8222,17.7393,17.656,17.5722,17.488,17.4032,17.3178,17.2317,17.1448,17.0571,16.9686,16.8792,16.7888,16.6975,16.6051,16.5117,16.4172,16.3216,16.2249,16.127,16.028,15.9279,15.8266,15.7242,15.6207,15.5161,15.4104,15.3036,15.1959,15.0872,14.9776,
 ,-94,23.7222,23.8206,23.9117,23.9956,24.0721,24.1412,24.2029,24.2573,24.3044,24.3443,24.3771,24.4029,24.4219,24.4343,24.4403,24.4401,24.4338,24.4219,24.4046,24.3822,24.3548,24.323,24.2869,24.2469,24.2034,24.1566,24.1069,24.0547,24.0002,23.9438,23.8859,23.8267,23.7666,23.7058,23.6447,23.5836,23.5228,23.4625,23.4031,23.3447,23.2876,23.2321,23.1785,23.1268,23.0775,23.0305,22.9863,22.9448,22.9064,22.8712,22.8394,22.8111,22.7865,22.7657,22.7489,22.7362,22.7277,22.7236,22.724,22.729,22.7387,22.7532,22.7727,22.7972,22.8269,22.8618,22.9021,22.9478,22.9991,23.0561,23.1188,23.1873,23.2618,23.3424,23.4291,23.5221,23.6214,23.7272,23.8395,23.9585,24.0843,24.217,24.3567,24.5035,24.6575,24.8188,24.9876,25.164,25.3482,25.5401,25.74,25.948,26.1642,26.3888,26.6219,26.8637,27.1144,27.374,27.6428,27.9209,28.2085,28.5058,28.813,29.1303,29.458,29.7961,30.1451,30.5051,30.8763,31.2591,31.6536,32.0602,32.4792,32.9107,33.355,33.8125,34.2833,34.7676,35.2657,35.7776,36.3035,36.8433,37.3972,37.9649,38.5462,39.1408,39.7482,40.3678,40.9988,41.6402,42.2908,42.9492,43.6136,44.2821,44.9523,45.6216,46.2871,46.9454,47.5928,48.2252,48.8382,49.4271,49.9866,50.5115,50.9964,51.4358,51.8241,52.1564,52.428,52.6348,52.7737,52.8424,52.8401,52.7668,52.6237,52.4134,52.1393,51.8055,51.4171,50.9793,50.4978,49.9781,49.4259,48.8467,48.2457,47.6276,46.9971,46.3581,45.7145,45.0695,44.4262,43.7869,43.154,42.5293,41.9144,41.3104,40.7184,40.1389,39.5726,39.0196,38.4799,37.9535,37.4399,36.9388,36.4496,35.9716,35.5042,35.0465,34.5979,34.1576,33.725,33.2993,32.8801,32.467,32.0597,31.6579,31.2615,30.8706,30.4853,30.1057,29.7321,29.3647,29.0038,28.6497,28.3026,27.9629,27.6306,27.306,26.9893,26.6804,26.3796,26.0867,25.8017,25.5247,25.2555,24.994,24.7401,24.4936,24.2544,24.0223,23.7972,23.5788,23.367,23.1615,22.9623,22.769,22.5815,22.3997,22.2233,22.0521,21.8859,21.7247,21.5681,21.416,21.2683,21.1248,20.9852,20.8494,20.7173,20.5887,20.4634,20.3414,20.2223,20.1062,19.9927,19.8819,19.7736,19.6676,19.5637,19.462,19.3622,19.2642,19.168,19.0733,18.9801,18.8883,18.7977,18.7083,18.6199,18.5324,18.4458,18.3598,18.2745,18.1897,18.1053,18.0212,17.9374,17.8537,17.7701,17.6864,17.6027,17.5187,17.4345,17.3499,17.265,17.1795,17.0936,17.007,16.9199,16.832,16.7433,16.6539,16.5637,16.4725,16.3805,16.2876,16.1936,16.0987,16.0028,15.9059,15.808,15.709,15.609,15.508,15.406,15.303,15.1991,15.0942,14.9884,14.8818,14.7744,
 ,-95,23.2216,23.3176,23.4069,23.4893,23.5649,23.6335,23.6952,23.7501,23.7982,23.8395,23.8742,23.9023,23.9242,23.9398,23.9494,23.9532,23.9514,23.9442,23.932,23.9149,23.8933,23.8674,23.8376,23.804,23.7671,23.7272,23.6845,23.6393,23.5921,23.543,23.4925,23.4407,23.3881,23.3348,23.2812,23.2276,23.1742,23.1214,23.0693,23.0182,22.9684,22.9201,22.8735,22.8288,22.7863,22.7461,22.7085,22.6736,22.6416,22.6127,22.5871,22.5648,22.5461,22.5312,22.52,22.5129,22.5099,22.5111,22.5168,22.5269,22.5416,22.561,22.5853,22.6145,22.6488,22.6883,22.733,22.7831,22.8387,22.8999,22.9667,23.0394,23.118,23.2026,23.2933,23.3903,23.4936,23.6033,23.7196,23.8426,23.9724,24.1092,24.2529,24.4039,24.5621,24.7278,24.9011,25.082,25.2709,25.4677,25.6727,25.8859,26.1077,26.3381,26.5773,26.8255,27.0829,27.3497,27.6261,27.9123,28.2085,28.515,28.832,29.1598,29.4987,29.8488,30.2106,30.5843,30.9702,31.3687,31.7801,32.2048,32.643,33.0952,33.5616,34.0427,34.5387,35.0499,35.5767,36.1192,36.6777,37.2523,37.843,38.4499,39.0728,39.7115,40.3655,41.0343,41.7172,42.4132,43.1212,43.8396,44.5668,45.3005,46.0385,46.7779,47.5155,48.2476,48.97,49.6783,50.3674,51.0317,51.6654,52.2622,52.8155,53.3187,53.7652,54.1485,54.4629,54.7032,54.8654,54.9466,54.9456,54.8624,54.6988,54.4577,54.1437,53.7619,53.3186,52.8203,52.2739,51.6861,51.0638,50.4134,49.7408,49.0517,48.3511,47.6437,46.9337,46.2246,45.5196,44.8215,44.1327,43.455,42.79,42.139,41.5029,40.8823,40.2775,39.6888,39.116,38.5587,38.0166,37.4889,36.9749,36.4737,35.9844,35.506,35.0376,34.5782,34.1269,33.6829,33.2456,32.8144,32.3889,31.969,31.5544,31.1453,30.7417,30.344,29.9523,29.5671,29.1888,28.8176,28.4538,28.0979,27.7501,27.4105,27.0793,26.7566,26.4425,26.1371,25.8401,25.5517,25.2716,24.9998,24.7361,24.4803,24.2322,23.9917,23.7586,23.5325,23.3134,23.1011,22.8952,22.6956,22.5021,22.3145,22.1325,21.956,21.7847,21.6185,21.4572,21.3006,21.1484,21.0006,20.8569,20.7172,20.5813,20.4489,20.3201,20.1945,20.0721,19.9527,19.8361,19.7222,19.6109,19.502,19.3954,19.2909,19.1885,19.088,18.9892,18.8922,18.7967,18.7026,18.6098,18.5183,18.4279,18.3384,18.2499,18.1621,18.0751,17.9886,17.9026,17.817,17.7318,17.6468,17.5619,17.477,17.3922,17.3072,17.2221,17.1367,17.0511,16.965,16.8786,16.7916,16.7041,16.616,16.5272,16.4378,16.3477,16.2567,16.165,16.0725,15.9791,15.8848,15.7897,15.6936,15.5967,15.4988,15.4,15.3003,15.1997,15.0983,14.996,14.8928,14.7889,14.6842,14.5788,
 ,-96,22.7407,22.8345,22.922,23.003,23.0777,23.1459,23.2076,23.2629,23.3118,23.3545,23.3909,23.4213,23.4457,23.4643,23.4772,23.4848,23.4871,23.4843,23.4768,23.4648,23.4485,23.4282,23.4041,23.3766,23.3459,23.3124,23.2762,23.2377,23.1973,23.1551,23.1115,23.0667,23.0211,22.9749,22.9284,22.8819,22.8355,22.7897,22.7446,22.7004,22.6575,22.616,22.5761,22.5381,22.5021,22.4684,22.4371,22.4085,22.3827,22.3598,22.3401,22.3237,22.3107,22.3013,22.2957,22.2939,22.2962,22.3026,22.3133,22.3284,22.348,22.3722,22.4012,22.435,22.4738,22.5177,22.5668,22.6212,22.681,22.7464,22.8174,22.8942,22.9768,23.0655,23.1602,23.2611,23.3684,23.4821,23.6024,23.7295,23.8633,24.0042,24.1521,24.3073,24.4699,24.64,24.8179,25.0035,25.1972,25.3991,25.6093,25.8281,26.0556,26.292,26.5375,26.7924,27.0569,27.3311,27.6155,27.9101,28.2153,28.5314,28.8586,29.1973,29.5478,29.9104,30.2855,30.6735,31.0748,31.4897,31.9187,32.3621,32.8205,33.2943,33.7838,34.2897,34.8121,35.3517,35.9087,36.4836,37.0766,37.688,38.318,38.9667,39.6341,40.32,41.0242,41.7462,42.4853,43.2408,44.0113,44.7956,45.5918,46.3978,47.2111,48.0287,48.8472,49.6624,50.47,51.2648,52.0411,52.7927,53.5125,54.1932,54.827,55.4058,55.9214,56.3657,56.7315,57.0121,57.2022,57.2983,57.2984,57.2028,57.0135,56.7347,56.3718,55.9318,55.4223,54.8517,54.2282,53.5602,52.8557,52.1224,51.3671,50.5963,49.8158,49.0307,48.2456,47.4645,46.6908,45.9273,45.1766,44.4406,43.7209,43.0187,42.3349,41.67,41.0242,40.3976,39.7898,39.2003,38.6284,38.0733,37.5339,37.0091,36.4977,35.9984,35.51,35.0312,34.561,34.0983,33.6423,33.1924,32.7481,32.309,31.8751,31.4466,31.0235,30.6062,30.1951,29.7907,29.3935,29.0038,28.6222,28.2489,27.8843,27.5286,27.182,26.8447,26.5167,26.1979,25.8884,25.588,25.2966,25.014,24.7402,24.4747,24.2176,23.9684,23.7271,23.4933,23.2668,23.0474,22.8348,22.6288,22.4292,22.2357,22.0482,21.8663,21.6899,21.5188,21.3527,21.1916,21.035,20.883,20.7352,20.5916,20.4518,20.3159,20.1835,20.0545,19.9288,19.8061,19.6864,19.5696,19.4553,19.3436,19.2343,19.1272,19.0222,18.9192,18.818,18.7186,18.6209,18.5246,18.4298,18.3362,18.2438,18.1524,18.0621,17.9726,17.8838,17.7957,17.7082,17.6212,17.5346,17.4483,17.3621,17.2762,17.1903,17.1044,17.0184,16.9322,16.8459,16.7592,16.6722,16.5849,16.497,16.4087,16.3198,16.2304,16.1403,16.0496,15.9581,15.866,15.7731,15.6794,15.585,15.4897,15.3937,15.2968,15.1991,15.1007,15.0014,14.9014,14.8006,14.6991,14.5969,14.494,14.3905,
 ,-97,22.2784,22.3701,22.4559,22.5357,22.6095,22.6773,22.739,22.7947,22.8444,22.8883,22.9263,22.9587,22.9855,23.0069,23.0229,23.0339,23.04,23.0414,23.0384,23.031,23.0197,23.0045,22.9859,22.964,22.9391,22.9115,22.8815,22.8493,22.8152,22.7794,22.7424,22.7042,22.6652,22.6257,22.5859,22.546,22.5064,22.4672,22.4287,22.3911,22.3547,22.3196,22.2862,22.2545,22.2247,22.1972,22.172,22.1494,22.1294,22.1124,22.0984,22.0875,22.0801,22.0761,22.0758,22.0792,22.0866,22.098,22.1136,22.1335,22.1579,22.1867,22.2203,22.2586,22.3018,22.3501,22.4035,22.4621,22.5261,22.5956,22.6707,22.7515,22.8382,22.9308,23.0296,23.1345,23.2457,23.3635,23.4878,23.6189,23.7569,23.9019,24.0541,24.2136,24.3806,24.5553,24.7378,24.9283,25.1269,25.334,25.5496,25.774,26.0075,26.2501,26.5022,26.764,27.0358,27.3178,27.6103,27.9137,28.2282,28.5542,28.892,29.2421,29.6047,29.9802,30.3692,30.7721,31.1893,31.6212,32.0685,32.5315,33.011,33.5073,34.021,34.5527,35.103,35.6723,36.2612,36.8701,37.4996,38.1501,38.8218,39.515,40.2299,40.9666,41.7247,42.5041,43.3042,44.1243,44.9633,45.8198,46.6921,47.5781,48.4751,49.3801,50.2894,51.1987,52.103,52.9967,53.8735,54.726,55.5463,56.3257,57.0548,57.7237,58.3223,58.8404,59.2685,59.5982,59.8224,59.9363,59.9374,59.8258,59.6046,59.2788,58.8559,58.3446,57.7549,57.0971,56.3816,55.6185,54.8175,53.9873,53.1363,52.2715,51.3996,50.5262,49.6564,48.7943,47.9437,47.1076,46.2885,45.4884,44.7088,43.951,43.2156,42.5031,41.8136,41.1468,40.5022,39.8791,39.2765,38.6933,38.1281,37.5794,37.0458,36.5256,36.0172,35.5191,35.0299,34.5483,34.0733,33.604,33.14,32.6808,32.2264,31.7769,31.3327,30.8943,30.4622,30.0369,29.6191,29.2094,28.8083,28.4162,28.0336,27.6607,27.2977,26.9447,26.6018,26.269,25.9463,25.6333,25.3301,25.0364,24.752,24.4767,24.2101,23.9521,23.7024,23.4606,23.2266,23,22.7806,22.5682,22.3624,22.1631,21.9699,21.7827,21.6011,21.4251,21.2543,21.0886,20.9278,20.7715,20.6197,20.4722,20.3287,20.1891,20.0532,19.9209,19.7919,19.6661,19.5434,19.4236,19.3065,19.192,19.08,18.9704,18.8629,18.7575,18.654,18.5523,18.4524,18.354,18.2571,18.1615,18.0672,17.974,17.8819,17.7907,17.7003,17.6107,17.5217,17.4333,17.3453,17.2578,17.1705,17.0834,16.9965,16.9097,16.8228,16.7359,16.6489,16.5617,16.4742,16.3864,16.2982,16.2097,16.1207,16.0312,15.9412,15.8506,15.7594,15.6676,15.5752,15.482,15.3882,15.2937,15.1985,15.1026,15.006,14.9086,14.8106,14.7119,14.6126,14.5126,14.412,14.3108,14.209,
 ,-98,21.8337,21.9235,22.0078,22.0864,22.1594,22.2267,22.2884,22.3444,22.3949,22.4399,22.4794,22.5137,22.5427,22.5666,22.5856,22.5998,22.6094,22.6147,22.6157,22.6127,22.606,22.5957,22.5821,22.5655,22.5461,22.5241,22.4998,22.4734,22.4453,22.4156,22.3847,22.3527,22.32,22.2868,22.2533,22.2197,22.1864,22.1535,22.1213,22.09,22.0597,22.0308,22.0035,21.9778,21.954,21.9324,21.913,21.8961,21.8818,21.8703,21.8618,21.8563,21.8542,21.8554,21.8602,21.8687,21.881,21.8973,21.9176,21.9422,21.9712,22.0046,22.0426,22.0853,22.1329,22.1854,22.243,22.3058,22.3739,22.4474,22.5266,22.6114,22.7021,22.7987,22.9014,23.0103,23.1255,23.2473,23.3757,23.5109,23.653,23.8022,23.9587,24.1226,24.2941,24.4734,24.6606,24.856,25.0598,25.2722,25.4934,25.7236,25.9632,26.2122,26.471,26.74,27.0193,27.3093,27.6103,27.9227,28.2469,28.5831,28.9319,29.2936,29.6687,30.0577,30.461,30.8793,31.3129,31.7626,32.2288,32.7123,33.2136,33.7333,34.2723,34.8311,35.4103,36.0108,36.6332,37.2781,37.9461,38.6379,39.3539,40.0946,40.8603,41.6512,42.4674,43.3088,44.1749,45.0653,45.979,46.9148,47.871,48.8455,49.8357,50.8385,51.8499,52.8656,53.8801,54.8872,55.8798,56.8498,57.7879,58.684,59.5266,60.3039,61.003,61.6112,62.116,62.5062,62.7725,62.9083,62.9102,62.7783,62.5166,62.132,61.6343,61.0352,60.3474,59.584,58.758,57.8818,56.9668,56.0235,55.0611,54.0881,53.1115,52.1377,51.172,50.219,49.2825,48.3656,47.4709,46.6003,45.7554,44.9371,44.146,43.3825,42.6463,41.937,41.2538,40.5959,39.9617,39.3499,38.7588,38.1864,37.6309,37.0902,36.5622,36.0451,35.5371,35.0365,34.5421,34.0529,33.5682,33.0876,32.6113,32.1393,31.6722,31.2107,30.7554,30.3073,29.867,29.4354,29.0131,28.6006,28.1985,27.8069,27.4263,27.0566,26.698,26.3504,26.0136,25.6876,25.372,25.0667,24.7714,24.4858,24.2096,23.9425,23.6841,23.4343,23.1925,22.9587,22.7324,22.5134,22.3014,22.0962,21.8974,21.7048,21.5181,21.3371,21.1617,20.9915,20.8263,20.6659,20.5101,20.3587,20.2115,20.0684,19.9291,19.7934,19.6612,19.5324,19.4067,19.284,19.1641,19.0469,18.9323,18.8201,18.7102,18.6025,18.4967,18.3928,18.2908,18.1903,18.0914,17.994,17.8978,17.8029,17.709,17.6162,17.5242,17.4331,17.3427,17.2529,17.1637,17.0749,16.9865,16.8984,16.8105,16.7227,16.6351,16.5474,16.4597,16.3719,16.284,16.1958,16.1073,16.0185,15.9294,15.8398,15.7499,15.6594,15.5684,15.4769,15.3849,15.2923,15.1991,15.1053,15.0108,14.9158,14.8201,14.7239,14.627,14.5295,14.4315,14.3329,14.2338,14.1342,14.0341,
 ,-99,21.4059,21.4938,21.5766,21.6541,21.7263,21.7932,21.8549,21.9113,21.9624,22.0084,22.0493,22.0853,22.1163,22.1426,22.1643,22.1815,22.1945,22.2033,22.2081,22.2092,22.2068,22.2011,22.1922,22.1805,22.1662,22.1494,22.1305,22.1097,22.0871,22.0632,22.038,22.0119,21.9851,21.9578,21.9303,21.9027,21.8753,21.8484,21.8222,21.7967,21.7724,21.7494,21.7278,21.7079,21.6898,21.6738,21.66,21.6485,21.6397,21.6335,21.6302,21.63,21.6329,21.6391,21.6489,21.6622,21.6793,21.7003,21.7253,21.7544,21.7878,21.8256,21.868,21.915,21.9668,22.0235,22.0852,22.1521,22.2242,22.3018,22.3849,22.4737,22.5684,22.6689,22.7755,22.8884,23.0077,23.1334,23.2659,23.4052,23.5514,23.7049,23.8657,24.0341,24.2101,24.3941,24.5862,24.7867,24.9957,25.2135,25.4404,25.6765,25.9223,26.1779,26.4437,26.7199,27.007,27.3052,27.615,27.9367,28.2707,28.6175,28.9776,29.3513,29.7393,30.1421,30.5603,30.9944,31.4451,31.913,32.3989,32.9035,33.4275,33.9716,34.5368,35.1238,35.7335,36.3666,37.0241,37.7068,38.4154,39.1509,39.9138,40.705,41.5248,42.3739,43.2525,44.1607,45.0983,46.0652,47.0605,48.0831,49.1317,50.2043,51.2983,52.4105,53.537,54.6731,55.8132,56.9505,58.0772,59.1842,60.261,61.2956,62.2746,63.1831,64.0054,64.7248,65.3252,65.7914,66.1107,66.2739,66.2762,66.118,65.8044,65.3452,64.7535,64.045,63.2362,62.344,61.3847,60.3733,59.3234,58.2473,57.1556,56.0576,54.9611,53.873,52.7989,51.7437,50.7112,49.7046,48.7263,47.7783,46.8619,45.978,45.1269,44.3086,43.5228,42.7688,42.0455,41.3515,40.6852,40.0447,39.4278,38.8323,38.2555,37.6951,37.1484,36.613,36.0866,35.5672,35.0533,34.5436,34.0372,33.534,33.0338,32.5373,32.0451,31.5581,31.0773,30.6039,30.1389,29.6831,29.2375,28.8027,28.3793,27.9677,27.5681,27.1805,26.8051,26.4417,26.0903,25.7504,25.422,25.1046,24.798,24.5017,24.2156,23.9391,23.672,23.4138,23.1643,22.9231,22.6898,22.4642,22.2459,22.0347,21.8302,21.6322,21.4404,21.2546,21.0744,20.8997,20.7302,20.5657,20.406,20.2508,20.1,19.9533,19.8106,19.6717,19.5364,19.4045,19.2759,19.1503,19.0278,18.908,18.7908,18.6762,18.5639,18.4538,18.3459,18.2399,18.1357,18.0333,17.9325,17.8332,17.7352,17.6385,17.543,17.4486,17.3552,17.2626,17.1708,17.0797,16.9893,16.8993,16.8098,16.7207,16.6318,16.5432,16.4547,16.3664,16.278,16.1897,16.1012,16.0126,15.9238,15.8348,15.7455,15.6559,15.5659,15.4756,15.3848,15.2936,15.2019,15.1098,15.0171,14.9239,14.8302,14.736,14.6413,14.546,14.4502,14.3539,14.2571,14.1598,14.0621,13.9639,13.8654,
 ,-100,20.9939,21.0802,21.1616,21.238,21.3095,21.376,21.4376,21.4943,21.5461,21.593,21.6352,21.6727,21.7057,21.7342,21.7584,21.7784,21.7944,21.8065,21.8149,21.8198,21.8214,21.8199,21.8155,21.8084,21.7988,21.787,21.7731,21.7575,21.7402,21.7216,21.7019,21.6813,21.6601,21.6384,21.6165,21.5946,21.5729,21.5516,21.531,21.5112,21.4925,21.475,21.4589,21.4445,21.4319,21.4212,21.4127,21.4065,21.4028,21.4018,21.4036,21.4083,21.4161,21.4272,21.4417,21.4597,21.4814,21.5069,21.5364,21.57,21.6077,21.6498,21.6964,21.7476,21.8035,21.8643,21.9301,22.001,22.0771,22.1586,22.2457,22.3384,22.4369,22.5414,22.652,22.7688,22.892,23.0218,23.1583,23.3017,23.4522,23.6099,23.7751,23.9479,24.1286,24.3173,24.5144,24.7199,24.9343,25.1576,25.3903,25.6325,25.8846,26.1469,26.4198,26.7035,26.9985,27.3052,27.6239,27.9551,28.2992,28.6569,29.0285,29.4146,29.8159,30.2329,30.6663,31.1167,31.585,32.0718,32.578,33.1044,33.6518,34.2213,34.8137,35.4301,36.0714,36.7386,37.4329,38.1552,38.9066,39.6882,40.5008,41.3455,42.2232,43.1344,44.0799,45.0601,46.0752,47.125,48.2094,49.3273,50.4777,51.6588,52.8683,54.103,55.3591,56.6317,57.9151,59.2021,60.4843,61.7517,62.9923,64.1923,65.3358,66.4048,67.3793,68.2379,68.9591,69.5222,69.9094,70.1077,70.1103,69.9174,69.5365,68.9812,68.2698,67.4234,66.4642,65.4139,64.2927,63.1191,61.9092,60.6771,59.4348,58.1924,56.9585,55.7403,54.5437,53.3736,52.2339,51.1276,50.0571,49.0241,48.0297,47.0745,46.1587,45.282,44.4436,43.6427,42.8776,42.1468,41.4481,40.7791,40.1372,39.5195,38.9229,38.3441,37.78,37.2275,36.6837,36.1461,35.6126,35.0818,34.5527,34.0251,33.4991,32.9755,32.4554,31.94,31.4308,30.9291,30.4364,29.9539,29.4826,29.0234,28.5767,28.1432,27.7231,27.3164,26.923,26.543,26.1759,25.8216,25.4797,25.1497,24.8313,24.5242,24.2278,23.9417,23.6656,23.399,23.1415,22.8928,22.6525,22.4202,22.1956,21.9784,21.7682,21.5648,21.3679,21.1771,20.9923,20.8131,20.6393,20.4707,20.3071,20.1481,19.9937,19.8436,19.6976,19.5554,19.417,19.2822,19.1507,19.0224,18.8972,18.7748,18.6552,18.5382,18.4236,18.3113,18.2012,18.0931,17.987,17.8826,17.7799,17.6788,17.5791,17.4808,17.3837,17.2877,17.1928,17.0988,17.0057,16.9134,16.8217,16.7306,16.64,16.5499,16.4601,16.3707,16.2814,16.1924,16.1034,16.0145,15.9255,15.8365,15.7474,15.6582,15.5687,15.479,15.3891,15.2988,15.2082,15.1172,15.0259,14.9342,14.842,14.7494,14.6564,14.5629,14.469,14.3746,14.2798,14.1846,14.089,13.9929,13.8965,13.7997,13.7026,
 ,-101,20.5971,20.6818,20.7618,20.8373,20.9081,20.9742,21.0357,21.0927,21.145,21.1928,21.2362,21.2752,21.3099,21.3405,21.367,21.3896,21.4084,21.4236,21.4354,21.4439,21.4492,21.4517,21.4514,21.4486,21.4435,21.4363,21.4272,21.4164,21.4041,21.3906,21.376,21.3606,21.3446,21.3282,21.3116,21.295,21.2787,21.2628,21.2475,21.2331,21.2197,21.2075,21.1967,21.1875,21.18,21.1745,21.1711,21.1699,21.1712,21.1751,21.1817,21.1912,21.2037,21.2195,21.2385,21.2611,21.2873,21.3172,21.351,21.3888,21.4308,21.4771,21.5278,21.5831,21.643,21.7078,21.7775,21.8524,21.9324,22.0178,22.1088,22.2054,22.3078,22.4161,22.5306,22.6513,22.7785,22.9123,23.0528,23.2004,23.355,23.5171,23.6866,23.864,24.0493,24.2429,24.4449,24.6556,24.8753,25.1042,25.3428,25.5912,25.8498,26.1189,26.399,26.6904,26.9934,27.3087,27.6365,27.9774,28.332,28.7006,29.0841,29.4829,29.8977,30.3293,30.7783,31.2455,31.7318,32.238,32.7651,33.314,33.8857,34.4814,35.102,35.7488,36.423,37.1258,37.8585,38.6224,39.4187,40.2488,41.1141,42.0156,42.9546,43.9323,44.9495,46.0072,47.1058,48.2459,49.4272,50.6496,51.9121,53.2133,54.5512,55.923,57.325,58.7524,60.1994,61.6587,63.1214,64.5766,66.0113,67.4098,68.7533,70.0199,71.1846,72.2197,73.096,73.7849,74.2611,74.5055,74.5079,74.2688,73.7988,73.1179,72.2518,71.2299,70.0818,68.8358,67.5172,66.1483,64.7481,63.3324,61.9145,60.5054,59.1141,57.7479,56.4129,55.1138,53.8543,52.6374,51.4651,50.3389,49.2594,48.2271,47.2417,46.3026,45.4087,44.5587,43.7506,42.9824,42.2514,41.5548,40.8892,40.2511,39.6366,39.0417,38.4624,37.8948,37.3351,36.7801,36.2274,35.675,35.1219,34.5678,34.0134,33.4596,32.9081,32.3606,31.8192,31.2857,30.762,30.2495,29.7496,29.2633,28.7912,28.3339,27.8915,27.4641,27.0516,26.6538,26.2703,25.9008,25.5448,25.2017,24.8712,24.5528,24.2458,23.9499,23.6646,23.3894,23.1239,22.8676,22.6201,22.3811,22.1501,21.9269,21.711,21.5022,21.3001,21.1045,20.915,20.7313,20.5533,20.3807,20.2131,20.0505,19.8925,19.739,19.5897,19.4444,19.303,19.1652,19.0309,18.9,18.7721,18.6473,18.5252,18.4059,18.289,18.1746,18.0624,17.9523,17.8442,17.7379,17.6334,17.5305,17.4292,17.3293,17.2306,17.1332,17.0368,16.9415,16.8471,16.7535,16.6607,16.5685,16.4769,16.3858,16.2951,16.2048,16.1148,16.0251,15.9355,15.846,15.7566,15.6672,15.5778,15.4883,15.3987,15.3089,15.2189,15.1287,15.0383,14.9475,14.8565,14.7651,14.6734,14.5814,14.4889,14.3962,14.303,14.2095,14.1156,14.0214,13.9268,13.8319,13.7367,13.6412,13.5455,
 ,-102,20.2147,20.2978,20.3767,20.4511,20.5213,20.5871,20.6485,20.7057,20.7585,20.8071,20.8516,20.8919,20.9283,20.9608,20.9895,21.0145,21.036,21.0541,21.0689,21.0807,21.0896,21.0958,21.0994,21.1006,21.0997,21.0968,21.0922,21.0859,21.0783,21.0695,21.0598,21.0493,21.0382,21.0268,21.0153,21.0038,20.9925,20.9817,20.9715,20.9622,20.9538,20.9467,20.9409,20.9366,20.9341,20.9335,20.9349,20.9386,20.9446,20.9532,20.9645,20.9786,20.9957,21.0159,21.0394,21.0663,21.0968,21.131,21.169,21.211,21.2571,21.3074,21.3621,21.4214,21.4853,21.5539,21.6275,21.7062,21.7901,21.8794,21.9741,22.0745,22.1807,22.2929,22.4113,22.5359,22.667,22.8048,22.9494,23.101,23.2599,23.4262,23.6002,23.7821,23.9721,24.1705,24.3775,24.5934,24.8186,25.0532,25.2977,25.5523,25.8175,26.0936,26.381,26.6801,26.9914,27.3153,27.6524,28.0032,28.3683,28.7483,29.1438,29.5556,29.9842,30.4306,30.8956,31.38,31.8848,32.4109,32.9595,33.5315,34.1282,34.7508,35.4006,36.079,36.7874,37.5272,38.2999,39.1072,39.9506,40.8318,41.7524,42.7141,43.7183,44.7668,45.8608,47.0017,48.1905,49.4282,50.7153,52.0519,53.4376,54.8716,56.3524,57.8775,59.4437,61.0465,62.6803,64.3379,66.0102,67.6859,69.3511,70.9882,72.5759,74.0879,75.4928,76.7547,77.8337,78.6894,79.2848,79.5912,79.593,79.2908,78.7008,77.8524,76.7834,75.5351,74.1477,72.6579,71.0975,69.4929,67.866,66.2342,64.6119,63.0103,61.4387,59.9043,58.4129,56.9691,55.5762,54.2366,52.9522,51.7237,50.5517,49.436,48.3758,47.3703,46.4179,45.5168,44.6646,43.8588,43.0962,42.3734,41.6863,41.0305,40.4012,39.7935,39.2022,38.6223,38.049,37.4783,36.9069,36.3324,35.7537,35.1708,34.5845,33.9965,33.4091,32.825,32.2467,31.677,31.118,30.5717,30.0398,29.5234,29.0232,28.5398,28.0733,27.6237,27.1907,26.774,26.3732,25.9877,25.6169,25.2603,24.9173,24.5872,24.2694,23.9635,23.6688,23.3848,23.1111,22.8471,22.5924,22.3466,22.1092,21.8799,21.6584,21.4441,21.2369,21.0364,20.8422,20.6542,20.4719,20.2953,20.1239,19.9576,19.7961,19.6392,19.4866,19.3383,19.1939,19.0533,18.9162,18.7826,18.6523,18.525,18.4006,18.2789,18.1599,18.0433,17.9291,17.817,17.707,17.599,17.4927,17.3882,17.2852,17.1837,17.0835,16.9847,16.8869,16.7903,16.6946,16.5999,16.5059,16.4127,16.3201,16.228,16.1365,16.0454,15.9547,15.8642,15.7741,15.684,15.5942,15.5044,15.4146,15.3249,15.2351,15.1452,15.0552,14.965,14.8747,14.7841,14.6933,14.6023,14.511,14.4195,14.3276,14.2355,14.1431,14.0503,13.9573,13.864,13.7704,13.6766,13.5825,13.4882,13.3937,
 ,-103,19.846,19.9277,20.0053,20.0789,20.1484,20.2138,20.2752,20.3325,20.3859,20.4352,20.4807,20.5223,20.5602,20.5944,20.6251,20.6524,20.6764,20.6972,20.7149,20.7298,20.742,20.7516,20.7589,20.7639,20.7669,20.7681,20.7676,20.7657,20.7625,20.7582,20.753,20.7471,20.7407,20.734,20.7272,20.7205,20.7141,20.7081,20.7027,20.6982,20.6946,20.6923,20.6913,20.6918,20.694,20.698,20.7041,20.7124,20.723,20.7361,20.7518,20.7703,20.7917,20.8163,20.844,20.8752,20.9098,20.9482,20.9902,21.0363,21.0863,21.1406,21.1993,21.2624,21.3301,21.4026,21.48,21.5624,21.6501,21.7431,21.8416,21.9458,22.0558,22.1718,22.2939,22.4224,22.5574,22.6991,22.8478,23.0035,23.1666,23.3372,23.5156,23.702,23.8967,24.1,24.312,24.5332,24.7638,25.0042,25.2547,25.5157,25.7875,26.0706,26.3653,26.6723,26.9919,27.3247,27.6712,28.0321,28.4079,28.7993,29.2071,29.632,30.0747,30.5363,31.0175,31.5195,32.0431,32.5896,33.1601,33.7559,34.3783,35.0286,35.7085,36.4195,37.1632,37.9413,38.7557,39.6083,40.5009,41.4357,42.4146,43.4397,44.5131,45.6368,46.8128,48.043,49.329,50.6724,52.0744,53.5358,55.0569,56.6376,58.277,59.9734,61.7242,63.5255,65.3724,67.258,69.1736,71.1081,73.0471,74.972,76.8591,78.6775,80.3889,81.9462,83.2949,84.3767,85.136,85.5283,85.5291,85.1387,84.3829,83.3069,81.9672,80.4231,78.7298,76.9347,75.077,73.1876,71.2906,69.4047,67.5443,65.7208,63.943,62.2177,60.5501,58.9441,57.4025,55.9272,54.5193,53.1791,51.9064,50.7005,49.5603,48.4843,47.4704,46.5163,45.6194,44.7764,43.9836,43.2368,42.5313,41.8617,41.2221,40.6062,40.0075,39.4196,38.8363,38.2522,37.6631,37.0662,36.4601,35.845,35.2224,34.5949,33.966,33.3392,32.7182,32.1065,31.5072,30.9225,30.3545,29.8044,29.2732,28.7611,28.2684,27.7948,27.34,26.9033,26.4842,26.0819,25.6958,25.3251,24.9691,24.627,24.2981,23.9819,23.6777,23.3848,23.1028,22.831,22.569,22.3164,22.0726,21.8372,21.6099,21.3903,21.1779,20.9725,20.7737,20.5813,20.3949,20.2142,20.0391,19.8691,19.7042,19.5439,19.3882,19.2368,19.0895,18.9461,18.8064,18.6702,18.5374,18.4077,18.281,18.1571,18.036,17.9174,17.8011,17.6872,17.5753,17.4655,17.3576,17.2514,17.1468,17.0438,16.9422,16.8419,16.7429,16.645,16.5481,16.4522,16.3571,16.2628,16.1693,16.0763,15.984,15.8921,15.8006,15.7095,15.6188,15.5282,15.4379,15.3477,15.2576,15.1676,15.0776,14.9876,14.8976,14.8074,14.7172,14.6268,14.5362,14.4455,14.3546,14.2635,14.1721,14.0806,13.9888,13.8968,13.8046,13.7121,13.6195,13.5266,13.4336,13.3404,13.247,
 ,-104,19.4902,19.5706,19.6471,19.7198,19.7888,19.8539,19.9151,19.9726,20.0264,20.0764,20.1228,20.1656,20.2049,20.2408,20.2734,20.3027,20.329,20.3523,20.3728,20.3906,20.4058,20.4187,20.4294,20.438,20.4447,20.4497,20.4531,20.4552,20.4561,20.456,20.4551,20.4536,20.4517,20.4494,20.4472,20.445,20.4431,20.4416,20.4408,20.4409,20.4419,20.4441,20.4477,20.4527,20.4594,20.4679,20.4785,20.4911,20.5061,20.5235,20.5435,20.5663,20.5919,20.6206,20.6525,20.6877,20.7264,20.7687,20.8147,20.8646,20.9186,20.9767,21.0391,21.106,21.1775,21.2537,21.3348,21.4209,21.5123,21.609,21.7112,21.819,21.9328,22.0525,22.1784,22.3107,22.4496,22.5953,22.7479,22.9077,23.075,23.2499,23.4327,23.6237,23.8231,24.0312,24.2483,24.4748,24.7109,24.957,25.2136,25.4809,25.7594,26.0495,26.3518,26.6666,26.9947,27.3364,27.6924,28.0634,28.4501,28.8531,29.2733,29.7115,30.1686,30.6455,31.1433,31.6631,32.2059,32.7732,33.3661,33.9861,34.6348,35.3136,36.0244,36.7689,37.5491,38.3669,39.2245,40.1242,41.0682,42.059,43.099,44.191,45.3375,46.541,47.8044,49.1301,50.5206,51.9782,53.5048,55.1023,56.7719,58.5143,60.3297,62.2172,64.1753,66.2011,68.2906,70.438,72.6357,74.8734,77.1375,79.4095,81.6642,83.8674,85.9728,87.92,89.6339,91.0294,92.0205,92.5359,92.5349,92.0181,91.0272,89.6348,87.9279,85.9927,83.9051,81.7262,79.5027,77.2691,75.0509,72.8665,70.7298,68.651,66.6379,64.6962,62.8302,61.0429,59.336,57.7107,56.167,54.7047,53.3227,52.0197,50.7939,49.6432,48.5649,47.5564,46.6144,45.7351,44.9142,44.1469,43.4274,42.7494,42.1056,41.4882,40.8887,40.2988,39.7105,39.1167,38.5117,37.892,37.256,36.6043,35.9395,35.2657,34.5875,33.9103,33.2392,32.5786,31.9325,31.3039,30.6949,30.1072,29.5414,28.998,28.4768,27.9773,27.4991,27.0412,26.6028,26.183,25.7809,25.3956,25.0262,24.6718,24.3317,24.005,23.691,23.3891,23.0987,22.8191,22.5498,22.2902,22.04,21.7985,21.5654,21.3404,21.1229,20.9126,20.7093,20.5125,20.3219,20.1373,19.9584,19.7849,19.6165,19.453,19.2942,19.1399,18.9897,18.8435,18.7012,18.5625,18.4272,18.2952,18.1663,18.0403,17.917,17.7964,17.6783,17.5625,17.4489,17.3373,17.2277,17.1199,17.0138,16.9094,16.8064,16.7048,16.6044,16.5053,16.4072,16.3102,16.2141,16.1188,16.0243,15.9305,15.8372,15.7446,15.6524,15.5607,15.4693,15.3783,15.2875,15.1969,15.1065,15.0162,14.926,14.8359,14.7458,14.6556,14.5654,14.4752,14.3848,14.2944,14.2038,14.1131,14.0222,13.9312,13.84,13.7487,13.6572,13.5655,13.4737,13.3818,13.2897,13.1976,13.1053,
 ,-105,19.1469,19.2259,19.3014,19.3734,19.4417,19.5065,19.5677,19.6253,19.6794,19.7301,19.7773,19.8212,19.8618,19.8992,19.9336,19.9649,19.9933,20.019,20.042,20.0625,20.0806,20.0966,20.1104,20.1223,20.1325,20.1411,20.1482,20.1541,20.1589,20.1628,20.166,20.1686,20.1708,20.1728,20.1747,20.1768,20.1793,20.1822,20.1857,20.1901,20.1955,20.2021,20.2099,20.2193,20.2303,20.2431,20.2578,20.2747,20.2939,20.3154,20.3395,20.3664,20.3961,20.4288,20.4646,20.5037,20.5463,20.5924,20.6423,20.696,20.7537,20.8155,20.8816,20.9522,21.0273,21.1072,21.1919,21.2816,21.3766,21.4769,21.5827,21.6942,21.8116,21.935,22.0647,22.2008,22.3435,22.493,22.6497,22.8135,22.9849,23.1641,23.3513,23.5468,23.7509,23.9639,24.1861,24.4178,24.6595,24.9114,25.174,25.4477,25.7329,26.0301,26.3399,26.6627,26.9992,27.3499,27.7156,28.0968,28.4944,28.9091,29.3419,29.7935,30.2651,30.7575,31.2721,31.8099,32.3723,32.9606,33.5764,34.2212,34.8966,35.6046,36.3471,37.126,37.9437,38.8024,39.7047,40.6532,41.6506,42.6998,43.8039,44.9661,46.1895,47.4777,48.8339,50.2615,51.764,53.3446,55.0063,56.752,58.5841,60.5045,62.5147,64.6151,66.8055,69.0846,71.4498,73.8972,76.4209,79.0129,81.6617,84.3512,87.0571,89.744,92.359,94.8264,97.0437,98.8848,100.214,100.911,100.908,100.204,98.8702,97.028,94.8144,92.3569,89.7588,87.0966,84.4236,81.7755,79.1765,76.643,74.1863,71.8146,69.5336,67.3473,65.2585,63.2687,61.3785,59.5876,57.8952,56.2997,54.7994,53.3919,52.0747,50.845,49.6997,48.6354,47.6483,46.7343,45.8885,45.1052,44.3779,43.6989,43.0594,42.4494,41.8584,41.2753,40.6893,40.091,39.4728,38.83,38.1608,37.4667,36.7518,36.0221,35.2847,34.547,33.816,33.0977,32.3971,31.7178,31.0622,30.4321,29.828,29.2501,28.6979,28.1707,27.6674,27.1871,26.7285,26.2905,25.8718,25.4714,25.0883,24.7213,24.3696,24.0322,23.7084,23.3974,23.0985,22.811,22.5343,22.2678,22.011,21.7635,21.5247,21.2942,21.0716,20.8566,20.6486,20.4475,20.2529,20.0644,19.8817,19.7047,19.5329,19.3663,19.2044,19.0471,18.8941,18.7453,18.6004,18.4592,18.3216,18.1873,18.0562,17.9281,17.8028,17.6803,17.5603,17.4427,17.3273,17.2141,17.1029,16.9936,16.8861,16.7802,16.6758,16.5729,16.4713,16.371,16.2718,16.1736,16.0765,15.9802,15.8848,15.7901,15.6961,15.6027,15.5099,15.4175,15.3255,15.234,15.1427,15.0518,14.961,14.8705,14.78,14.6897,14.5995,14.5094,14.4192,14.3291,14.2389,14.1487,14.0584,13.968,13.8776,13.7871,13.6965,13.6057,13.5149,13.424,13.333,13.2419,13.1507,13.0595,12.9682,
 ,-106,18.8153,18.8932,18.9677,19.0388,19.1066,19.1711,19.2322,19.2899,19.3444,19.3956,19.4437,19.4885,19.5304,19.5692,19.6052,19.6383,19.6687,19.6966,19.722,19.745,19.7659,19.7847,19.8015,19.8165,19.83,19.8419,19.8525,19.862,19.8705,19.8781,19.8851,19.8916,19.8977,19.9037,19.9097,19.9159,19.9224,19.9294,19.9371,19.9456,19.9551,19.9658,19.9778,19.9913,20.0064,20.0233,20.0421,20.063,20.0861,20.1117,20.1398,20.1705,20.2041,20.2406,20.2803,20.3232,20.3695,20.4193,20.4729,20.5302,20.5916,20.657,20.7267,20.8008,20.8795,20.9629,21.0512,21.1445,21.243,21.3468,21.4562,21.5713,21.6923,21.8193,21.9526,22.0925,22.2389,22.3923,22.5529,22.7208,22.8963,23.0797,23.2713,23.4713,23.6801,23.8979,24.1252,24.3622,24.6093,24.867,25.1357,25.4157,25.7077,26.0121,26.3294,26.6602,27.0052,27.3649,27.7402,28.1317,28.5403,28.9668,29.4122,29.8774,30.3635,30.8717,31.4031,31.9592,32.5414,33.1511,33.79,34.4599,35.1626,35.9003,36.6751,37.4893,38.3454,39.2462,40.1945,41.1934,42.2461,43.3561,44.527,45.7626,47.067,48.4444,49.8989,51.4351,53.0574,54.7702,56.5778,58.4844,60.494,62.61,64.8353,67.1724,69.6227,72.1869,74.8646,77.6544,80.5536,83.5576,86.6596,89.8484,93.1054,96.3985,99.673,102.839,105.76,108.248,110.084,111.062,111.054,110.063,108.216,105.72,102.799,99.639,96.3798,93.1114,89.889,86.7446,83.6969,80.7569,77.9315,75.2249,72.6399,70.1779,67.8395,65.6243,63.531,61.5578,59.7025,57.9623,56.3339,54.8142,53.3997,52.0868,50.8718,49.7507,48.7193,47.773,46.9064,46.1133,45.3861,44.7159,44.092,43.5022,42.9325,42.3684,41.7954,41.2004,40.573,39.9068,39.2,38.4553,37.6791,36.8807,36.0705,35.2591,34.4558,33.6688,32.904,32.1659,31.4572,30.7794,30.1328,29.517,28.9312,28.3742,27.8444,27.3404,26.8607,26.4037,25.9679,25.5521,25.1548,24.775,24.4115,24.0634,23.7296,23.4094,23.1019,22.8064,22.5223,22.2489,21.9856,21.732,21.4874,21.2516,21.0239,20.804,20.5916,20.3862,20.1874,19.9951,19.8088,19.6283,19.4532,19.2834,19.1185,18.9583,18.8026,18.6512,18.5038,18.3602,18.2202,18.0837,17.9505,17.8204,17.6932,17.5688,17.447,17.3276,17.2106,17.0958,16.983,16.8722,16.7632,16.656,16.5503,16.4461,16.3433,16.2418,16.1415,16.0423,15.9442,15.847,15.7507,15.6551,15.5603,15.4662,15.3727,15.2797,15.1872,15.0951,15.0034,14.912,14.8209,14.7301,14.6394,14.549,14.4587,14.3685,14.2783,14.1882,14.0982,14.0082,13.9182,13.8281,13.7381,13.648,13.5579,13.4677,13.3775,13.2873,13.197,13.1067,13.0163,12.926,12.8356,
 ,-107,18.495,18.5717,18.6453,18.7157,18.783,18.8471,18.9081,18.9659,19.0207,19.0725,19.1212,19.1671,19.21,19.2502,19.2877,19.3225,19.3548,19.3847,19.4123,19.4378,19.4611,19.4826,19.5022,19.5202,19.5367,19.5518,19.5657,19.5785,19.5905,19.6016,19.6122,19.6224,19.6322,19.642,19.6518,19.6618,19.6722,19.6831,19.6947,19.7072,19.7206,19.7352,19.7512,19.7686,19.7876,19.8083,19.831,19.8558,19.8828,19.9122,19.944,19.9785,20.0158,20.0561,20.0994,20.1459,20.1959,20.2493,20.3064,20.3673,20.4322,20.5011,20.5743,20.6519,20.734,20.8209,20.9126,21.0093,21.1113,21.2186,21.3314,21.45,21.5746,21.7052,21.8421,21.9856,22.1358,22.293,22.4575,22.6294,22.809,22.9966,23.1925,23.397,23.6104,23.8331,24.0653,24.3076,24.5602,24.8237,25.0984,25.3848,25.6835,25.995,26.3198,26.6586,27.0121,27.3809,27.7658,28.1676,28.5872,29.0255,29.4835,29.9624,30.4631,30.9871,31.5356,32.1101,32.7122,33.3434,34.0058,34.7011,35.4315,36.1993,37.0069,37.8571,38.7525,39.6964,40.6919,41.7427,42.8526,44.0255,45.2658,46.5781,47.9672,49.4384,50.9968,52.6482,54.3981,56.2525,58.2173,60.2983,62.5012,64.8314,67.294,69.8936,72.6339,75.5182,78.5491,81.7286,85.058,88.5382,92.1696,95.9503,99.8733,103.919,108.041,112.145,116.055,119.499,122.115,123.536,123.524,122.079,119.442,115.983,112.064,107.963,103.853,99.8323,95.9455,92.2127,88.6406,85.2307,81.9824,78.8946,75.9658,73.1939,70.5765,68.1108,65.7933,63.62,61.5869,59.6894,57.923,56.2832,54.7653,53.3649,52.0776,50.899,49.8244,48.849,47.967,47.1717,46.455,45.8065,45.2135,44.6607,44.1303,43.6027,43.0579,42.4775,41.847,41.1573,40.4065,39.5995,38.7465,37.8616,36.9603,36.0575,35.1661,34.2964,33.4559,32.6496,31.8802,31.1487,30.4549,29.7978,29.1758,28.5869,28.0291,27.5003,26.9986,26.522,26.0686,25.6369,25.2253,24.8325,24.4571,24.098,23.7542,23.4247,23.1085,22.8051,22.5135,22.2331,21.9634,21.7036,21.4534,21.2122,20.9794,20.7548,20.5378,20.3282,20.1254,19.9293,19.7394,19.5554,19.3771,19.2042,19.0363,18.8734,18.715,18.561,18.4111,18.2652,18.123,17.9844,17.8491,17.717,17.5879,17.4617,17.3381,17.2171,17.0984,16.9821,16.8678,16.7556,16.6452,16.5366,16.4296,16.3242,16.2203,16.1176,16.0163,15.9161,15.817,15.7188,15.6216,15.5253,15.4297,15.3349,15.2406,15.147,15.054,14.9614,14.8692,14.7774,14.686,14.5949,14.504,14.4134,14.3229,14.2326,14.1425,14.0525,13.9626,13.8727,13.7829,13.6932,13.6034,13.5137,13.4241,13.3344,13.2448,13.1551,13.0655,12.9759,12.8864,12.7968,12.7073,
 ,-108,18.1854,18.261,18.3337,18.4034,18.4702,18.534,18.5949,18.6528,18.7079,18.7601,18.8096,18.8562,18.9003,18.9417,18.9805,19.0169,19.051,19.0829,19.1125,19.1402,19.1659,19.1899,19.2122,19.2329,19.2523,19.2704,19.2873,19.3033,19.3185,19.333,19.347,19.3606,19.374,19.3873,19.4008,19.4144,19.4285,19.4431,19.4584,19.4746,19.4918,19.5101,19.5298,19.5509,19.5737,19.5982,19.6246,19.6531,19.6837,19.7167,19.7522,19.7903,19.8312,19.875,19.9219,19.9719,20.0254,20.0823,20.1428,20.2071,20.2754,20.3477,20.4243,20.5053,20.5908,20.681,20.776,20.8761,20.9814,21.0921,21.2084,21.3304,21.4584,21.5926,21.7331,21.8802,22.0341,22.195,22.3633,22.5391,22.7227,22.9145,23.1147,23.3237,23.5417,23.7691,24.0064,24.2538,24.5119,24.7811,25.0618,25.3546,25.66,25.9785,26.3109,26.6576,27.0196,27.3974,27.7919,28.204,28.6346,29.0847,29.5554,30.0479,30.5633,31.1031,31.6687,32.2616,32.8837,33.5367,34.2226,34.9435,35.7019,36.5002,37.3411,38.2277,39.1632,40.151,41.1949,42.2989,43.4675,44.7053,46.0174,47.4094,48.8869,50.4563,52.124,53.8971,55.7827,57.7883,59.9219,62.1911,64.604,67.1684,69.8918,72.7817,75.8449,79.0879,82.5168,86.1378,89.9577,93.9844,98.228,102.701,107.416,112.379,117.571,122.914,128.208,133.067,136.902,139.042,139.023,136.845,132.976,128.089,122.778,117.432,112.25,107.311,102.634,98.2133,94.0347,90.0856,86.3554,82.8355,79.5191,76.3998,73.4716,70.7284,68.1638,65.7714,63.5447,61.4771,59.5622,57.7939,56.1665,54.6743,53.3123,52.0757,50.9595,49.9588,49.0679,48.2801,47.5867,46.9763,46.4343,45.9416,45.4752,45.0088,44.5143,43.9653,43.3405,42.6273,41.8233,40.9371,39.9851,38.989,37.9717,36.9542,35.9542,34.9847,34.0546,33.1691,32.3304,31.5389,30.7931,30.0911,29.4302,28.8076,28.2204,27.6658,27.1414,26.6446,26.1733,25.7255,25.2993,24.8933,24.5059,24.1358,23.7818,23.443,23.1182,22.8067,22.5077,22.2204,21.9441,21.6783,21.4224,21.1758,20.938,20.7087,20.4872,20.2734,20.0666,19.8667,19.6733,19.486,19.3044,19.1285,18.9578,18.792,18.631,18.4745,18.3223,18.1741,18.0297,17.889,17.7518,17.6177,17.4868,17.3588,17.2335,17.1109,16.9907,16.8728,16.7571,16.6435,16.5318,16.4219,16.3137,16.2071,16.102,15.9983,15.8959,15.7947,15.6946,15.5956,15.4975,15.4004,15.304,15.2085,15.1136,15.0194,14.9257,14.8326,14.74,14.6478,14.556,14.4646,14.3735,14.2827,14.1921,14.1017,14.0115,13.9215,13.8317,13.742,13.6524,13.5629,13.4734,13.3841,13.2948,13.2056,13.1165,13.0274,12.9384,12.8495,12.7606,12.6719,12.5832,
 ,-109,17.8861,17.9606,18.0325,18.1015,18.1678,18.2313,18.292,18.3501,18.4054,18.458,18.5081,18.5556,18.6006,18.6431,18.6833,18.7212,18.7569,18.7905,18.8222,18.8519,18.8799,18.9062,18.9309,18.9543,18.9763,18.9972,19.0171,19.0361,19.0543,19.072,19.0892,19.106,19.1228,19.1395,19.1563,19.1734,19.191,19.2091,19.2279,19.2477,19.2684,19.2903,19.3136,19.3383,19.3646,19.3926,19.4226,19.4546,19.4887,19.5252,19.5642,19.6058,19.6501,19.6973,19.7476,19.801,19.8578,19.9181,19.982,20.0496,20.1212,20.1968,20.2766,20.3608,20.4496,20.5431,20.6414,20.7448,20.8534,20.9674,21.087,21.2124,21.3438,21.4814,21.6253,21.776,21.9335,22.0981,22.2702,22.4498,22.6375,22.8334,23.0378,23.2511,23.4737,23.7059,23.9481,24.2007,24.4642,24.7391,25.0258,25.3248,25.6368,25.9624,26.3022,26.6569,27.0272,27.414,27.8181,28.2404,28.682,29.1439,29.6272,30.1332,30.6633,31.2188,31.8015,32.4129,33.055,33.7297,34.4392,35.1859,35.9724,36.8014,37.676,38.5995,39.5754,40.6078,41.7009,42.8593,44.088,45.3925,46.7787,48.253,49.8223,51.4941,53.2763,55.1775,57.2065,59.3731,61.6871,64.1589,66.7992,69.6187,72.6282,75.8386,79.2603,82.904,86.7801,90.9,95.2763,99.9255,104.869,110.139,115.774,121.821,128.319,135.244,142.414,149.326,155.043,158.348,158.319,154.957,149.186,142.231,135.034,128.098,121.607,115.584,109.99,104.778,99.9057,95.3428,91.066,87.0583,83.3064,79.7988,76.5252,73.4753,70.6394,68.0078,65.5709,63.3197,61.2456,59.3405,57.5971,56.0088,54.5698,53.2747,52.1188,51.0973,50.2052,49.4361,48.7817,48.2301,47.7647,47.3626,46.9944,46.624,46.2118,45.7189,45.1135,44.3766,43.5059,42.5157,41.4328,40.2908,39.1236,37.9612,36.8267,35.7365,34.7004,33.7233,32.8062,31.9478,31.1453,30.395,29.6928,29.0347,28.4169,27.8358,27.2881,26.7708,26.2813,25.8171,25.3763,24.957,24.5575,24.1764,23.8123,23.4641,23.1307,22.8111,22.5046,22.2104,21.9276,21.6558,21.3941,21.1422,20.8995,20.6654,20.4396,20.2215,20.0109,19.8073,19.6103,19.4197,19.235,19.0561,18.8826,18.7141,18.5506,18.3917,18.2371,18.0867,17.9403,17.7975,17.6583,17.5224,17.3897,17.26,17.1331,17.0089,16.8872,16.7678,16.6508,16.5358,16.4228,16.3116,16.2022,16.0945,15.9883,15.8835,15.7801,15.6779,15.5769,15.477,15.3781,15.2802,15.1831,15.0868,14.9913,14.8965,14.8023,14.7087,14.6156,14.523,14.4309,14.3391,14.2477,14.1567,14.066,13.9755,13.8853,13.7953,13.7055,13.6158,13.5264,13.4371,13.3479,13.2589,13.17,13.0812,12.9925,12.904,12.8155,12.7272,12.639,12.5509,12.463,
 ,-110,17.5965,17.6701,17.741,17.8094,17.8752,17.9384,17.9991,18.0572,18.1127,18.1658,18.2164,18.2646,18.3105,18.3541,18.3955,18.4348,18.4721,18.5074,18.5408,18.5725,18.6026,18.631,18.6581,18.6839,18.7085,18.732,18.7546,18.7764,18.7976,18.8182,18.8384,18.8584,18.8782,18.8981,18.9182,18.9386,18.9595,18.9809,19.0031,19.0262,19.0503,19.0756,19.1023,19.1304,19.1601,19.1915,19.2248,19.2602,19.2977,19.3376,19.3799,19.4248,19.4724,19.5229,19.5765,19.6332,19.6932,19.7567,19.8238,19.8946,19.9694,20.0482,20.1312,20.2186,20.3105,20.4072,20.5087,20.6152,20.7271,20.8443,20.9671,21.0958,21.2305,21.3714,21.5188,21.673,21.834,22.0023,22.178,22.3615,22.5531,22.753,22.9616,23.1792,23.4063,23.6432,23.8902,24.148,24.4168,24.6973,24.9899,25.2951,25.6137,25.9463,26.2934,26.6559,27.0346,27.4303,27.8439,28.2763,28.7288,29.2023,29.6981,30.2176,30.7622,31.3335,31.9331,32.5629,33.2249,33.9213,34.6545,35.4269,36.2415,37.1013,38.0097,38.9703,39.9872,41.0647,42.2076,43.4211,44.7111,46.0837,47.5459,49.105,50.7691,52.5472,54.4488,56.4841,58.6642,61.0011,63.5074,66.1963,69.0817,72.1782,75.5004,79.0635,82.8826,86.9731,91.3508,96.0327,101.038,106.392,112.129,118.298,124.973,132.253,140.259,149.077,158.618,168.315,176.774,181.866,181.823,176.646,168.108,158.349,148.767,139.929,131.927,124.671,118.042,111.936,106.28,101.023,96.1294,91.5725,87.3325,83.392,79.7354,76.3478,73.2149,70.3229,67.6588,65.2102,62.9658,60.9153,59.0497,57.3609,55.8423,54.4885,53.2948,52.2573,51.3722,50.6345,50.0373,49.5693,49.2129,48.9415,48.7176,48.4924,48.209,47.8089,47.2432,46.4826,45.5247,44.3939,43.1341,41.7977,40.4351,39.0882,37.7873,36.5516,35.3911,34.309,33.304,32.3722,31.5084,30.7067,29.9612,29.2664,28.6172,28.009,27.4377,26.8997,26.3918,25.9113,25.4558,25.0232,24.6116,24.2194,23.8452,23.4876,23.1456,22.818,22.5041,22.2029,21.9137,21.6358,21.3685,21.1113,20.8636,20.6249,20.3947,20.1725,19.958,19.7507,19.5503,19.3564,19.1687,18.9869,18.8106,18.6396,18.4735,18.3122,18.1554,18.0029,17.8544,17.7097,17.5686,17.4309,17.2965,17.1651,17.0367,16.9109,16.7878,16.667,16.5486,16.4323,16.318,16.2057,16.0951,15.9863,15.879,15.7732,15.6688,15.5657,15.4638,15.363,15.2633,15.1646,15.0668,14.9699,14.8737,14.7783,14.6835,14.5894,14.4958,14.4028,14.3103,14.2182,14.1266,14.0353,13.9444,13.8538,13.7635,13.6734,13.5837,13.4941,13.4048,13.3156,13.2267,13.1379,13.0494,12.9609,12.8727,12.7846,12.6966,12.6088,12.5212,12.4338,12.3465,
 ,-111,17.3162,17.3888,17.459,17.5268,17.5921,17.6551,17.7156,17.7737,17.8294,17.8829,17.934,17.9829,18.0296,18.0743,18.1168,18.1574,18.1961,18.2329,18.2681,18.3016,18.3336,18.3641,18.3934,18.4215,18.4484,18.4745,18.4996,18.5241,18.5479,18.5714,18.5944,18.6173,18.6402,18.6631,18.6862,18.7097,18.7337,18.7583,18.7837,18.81,18.8374,18.8659,18.8958,18.9271,18.96,18.9947,19.0313,19.0699,19.1106,19.1537,19.1992,19.2472,19.2981,19.3517,19.4084,19.4683,19.5314,19.598,19.6682,19.7421,19.8199,19.9018,19.9879,20.0784,20.1734,20.2731,20.3777,20.4874,20.6023,20.7227,20.8487,20.9806,21.1185,21.2627,21.4135,21.571,21.7355,21.9073,22.0867,22.2739,22.4693,22.6732,22.8859,23.1078,23.3393,23.5808,23.8327,24.0954,24.3695,24.6555,24.9539,25.2653,25.5904,25.9298,26.2842,26.6544,27.0413,27.4458,27.8687,28.3112,28.7744,29.2594,29.7677,30.3005,30.8595,31.4463,32.0627,32.7108,33.3926,34.1105,34.8671,35.6652,36.5079,37.3984,38.3406,39.3383,40.3962,41.519,42.7121,43.9815,45.3335,46.7754,48.3149,49.9608,51.7224,53.6102,55.6354,57.8105,60.1489,62.6652,65.3752,68.2956,71.4444,74.8404,78.5033,82.4535,86.7119,91.2998,96.2393,101.554,107.27,113.419,120.048,127.22,135.038,143.652,153.274,164.136,176.317,189.289,201.184,208.631,208.567,200.995,188.988,175.93,163.692,152.803,143.181,134.592,126.825,119.725,113.19,107.15,101.561,96.3862,91.5999,87.1778,83.0979,79.3394,75.8825,72.7084,69.7995,67.1396,64.714,62.5096,60.5152,58.7215,57.1208,55.7075,54.4778,53.4288,52.5589,51.866,51.346,50.9903,50.7821,50.6921,50.6739,50.662,50.5742,50.3215,49.8262,49.0417,47.9657,46.6402,45.1373,43.5394,41.9211,40.3403,38.8348,37.4256,36.1208,34.9201,33.8181,32.8071,31.8783,31.0229,30.2328,29.5005,28.8195,28.184,27.5891,27.0304,26.5042,26.0075,25.5374,25.0915,24.6679,24.2647,23.8803,23.5134,23.1627,22.8272,22.5058,22.1977,21.9021,21.6181,21.3453,21.0828,20.8302,20.5868,20.3523,20.1261,19.9078,19.6969,19.4931,19.2961,19.1053,18.9207,18.7417,18.5681,18.3996,18.2361,18.0771,17.9225,17.772,17.6254,17.4825,17.3431,17.207,17.0741,16.9441,16.8169,16.6923,16.5702,16.4505,16.3329,16.2175,16.1039,15.9923,15.8823,15.774,15.6672,15.5619,15.4578,15.3551,15.2535,15.153,15.0535,14.955,14.8573,14.7605,14.6645,14.5692,14.4745,14.3805,14.2871,14.1942,14.1018,14.0098,13.9183,13.8272,13.7364,13.646,13.5559,13.4661,13.3766,13.2874,13.1984,13.1096,13.0211,12.9328,12.8447,12.7568,12.6691,12.5816,12.4943,12.4072,12.3204,12.2337,
 ,-112,17.0447,17.1165,17.186,17.2531,17.318,17.3807,17.4411,17.4992,17.5551,17.6089,17.6605,17.7101,17.7576,17.8031,17.8467,17.8885,17.9285,17.9668,18.0036,18.0388,18.0726,18.1051,18.1364,18.1666,18.1959,18.2242,18.2518,18.2788,18.3052,18.3312,18.357,18.3827,18.4083,18.4341,18.4602,18.4866,18.5135,18.5412,18.5696,18.5989,18.6293,18.6609,18.6938,18.7283,18.7643,18.802,18.8417,18.8834,18.9272,18.9733,19.0219,19.073,19.1269,19.1836,19.2433,19.3062,19.3723,19.4419,19.5151,19.592,19.6728,19.7576,19.8467,19.9401,20.0381,20.1408,20.2484,20.3611,20.479,20.6025,20.7316,20.8666,21.0076,21.1551,21.3091,21.4699,21.6378,21.8131,21.996,22.1869,22.3861,22.5939,22.8106,23.0367,23.2725,23.5185,23.7751,24.0428,24.322,24.6135,24.9176,25.235,25.5665,25.9126,26.2742,26.652,27.047,27.4601,27.8922,28.3446,28.8183,29.3147,29.8351,30.3811,30.9542,31.5564,32.1894,32.8554,33.5568,34.296,35.0759,35.8994,36.7698,37.6909,38.6666,39.7014,40.8002,41.9683,43.2117,44.5371,45.9516,47.4635,49.0815,50.8155,52.6766,54.6768,56.8295,59.1493,61.6524,64.3567,67.2813,70.4473,73.8774,77.5958,81.6284,86.0019,90.7446,95.8854,101.454,107.481,114.001,121.051,128.682,136.968,146.022,156.023,167.238,180.007,194.569,210.486,225.542,235.212,235.121,225.273,210.063,194.03,179.39,166.581,155.361,145.39,136.395,128.195,120.672,113.749,107.374,101.505,96.1084,91.1514,86.6049,82.4406,78.6317,75.1533,71.9821,69.0971,66.4795,64.1129,61.9835,60.0802,58.3945,56.9206,55.6556,54.5987,53.7514,53.1158,52.6932,52.4805,52.465,52.6175,52.8836,53.177,53.3793,53.3537,52.9749,52.1661,50.9256,49.3259,47.4868,45.5371,43.5866,41.7124,39.9593,38.3471,36.8786,35.547,34.3406,33.2459,32.2497,31.3394,30.5043,29.7345,29.0219,28.3594,27.7411,27.162,26.6179,26.1051,25.6205,25.1615,24.726,24.3118,23.9174,23.5412,23.1819,22.8384,22.5096,22.1946,21.8926,21.6027,21.3242,21.0565,20.799,20.5511,20.3123,20.0821,19.8601,19.6457,19.4386,19.2384,19.0447,18.8573,18.6757,18.4996,18.3288,18.163,18.0019,17.8453,17.6929,17.5445,17.3999,17.2588,17.1212,16.9867,16.8552,16.7266,16.6007,16.4773,16.3563,16.2375,16.1209,16.0063,15.8935,15.7825,15.6732,15.5655,15.4592,15.3542,15.2506,15.1482,15.0469,14.9467,14.8474,14.7491,14.6517,14.555,14.4592,14.364,14.2695,14.1756,14.0823,13.9896,13.8973,13.8055,13.7142,13.6233,13.5327,13.4425,13.3527,13.2632,13.174,13.0851,12.9965,12.9081,12.8201,12.7322,12.6447,12.5573,12.4703,12.3834,12.2968,12.2105,12.1244,
 ,-113,16.7818,16.8527,16.9215,16.9881,17.0526,17.1149,17.1751,17.2333,17.2894,17.3434,17.3955,17.4456,17.4939,17.5402,17.5849,17.6278,17.669,17.7087,17.747,17.7838,17.8193,17.8537,17.8869,17.9191,17.9504,17.981,18.0109,18.0402,18.069,18.0976,18.1259,18.1542,18.1825,18.211,18.2398,18.269,18.2987,18.3292,18.3605,18.3927,18.426,18.4605,18.4964,18.5338,18.5727,18.6134,18.656,18.7007,18.7474,18.7965,18.848,18.9021,18.9588,19.0184,19.0811,19.1468,19.2158,19.2883,19.3644,19.4441,19.5278,19.6155,19.7075,19.8038,19.9046,20.0102,20.1207,20.2363,20.3572,20.4836,20.6157,20.7537,20.8979,21.0484,21.2056,21.3697,21.5409,21.7196,21.906,22.1004,22.3033,22.5149,22.7355,22.9657,23.2058,23.4562,23.7174,23.9899,24.2742,24.5709,24.8807,25.204,25.5417,25.8944,26.263,26.6483,27.0512,27.4727,27.9139,28.3759,28.86,29.3675,29.8999,30.4587,31.0458,31.663,32.3123,32.996,33.7166,34.4767,35.2794,36.1279,37.0258,37.977,38.9859,40.0573,41.1967,42.4098,43.7033,45.0846,46.5616,48.1436,49.8406,51.6638,53.6257,55.7404,58.0234,60.4919,63.1653,66.0649,69.2141,72.639,76.3679,80.4314,84.8629,89.6976,94.9728,100.727,107,113.832,121.264,129.34,138.112,147.648,158.049,169.474,182.172,196.465,212.583,230.065,246.552,257.132,257.006,246.183,229.488,211.847,195.622,181.273,168.566,157.175,146.847,137.416,128.774,120.848,113.583,106.933,100.853,95.3033,90.2441,85.6377,81.4485,77.6437,74.1931,71.0698,68.2499,65.7131,63.4426,61.4252,59.6511,58.1147,56.8139,55.7508,54.9308,54.3623,54.0546,54.0139,54.2369,54.7,55.3443,56.0603,56.6803,56.9945,56.7991,55.9654,54.4927,52.5068,50.2054,47.7894,45.4157,43.1827,41.1384,39.2958,37.6474,36.1759,34.8605,33.6803,32.6163,31.6517,30.7722,29.9658,29.2224,28.5338,27.8928,27.2939,26.7322,26.2037,25.7049,25.233,24.7856,24.3606,23.9562,23.5708,23.203,22.8515,22.5154,22.1935,21.8851,21.5892,21.3052,21.0323,20.77,20.5176,20.2746,20.0404,19.8147,19.5968,19.3865,19.1833,18.9867,18.7966,18.6124,18.434,18.2609,18.093,17.9299,17.7713,17.6171,17.4669,17.3206,17.178,17.0388,16.9028,16.77,16.64,16.5128,16.3881,16.2659,16.146,16.0283,15.9125,15.7988,15.6868,15.5765,15.4677,15.3605,15.2547,15.1503,15.047,14.945,14.844,14.7441,14.6451,14.547,14.4498,14.3534,14.2577,14.1627,14.0684,13.9746,13.8815,13.7889,13.6969,13.6053,13.5141,13.4234,13.3332,13.2433,13.1537,13.0645,12.9757,12.8872,12.799,12.7111,12.6235,12.5362,12.4492,12.3625,12.2761,12.1899,12.104,12.0185,
 ,-114,16.527,16.5971,16.6652,16.7312,16.7953,16.8574,16.9175,16.9756,17.0318,17.0862,17.1386,17.1893,17.2382,17.2854,17.3309,17.3748,17.4173,17.4583,17.4979,17.5362,17.5734,17.6094,17.6444,17.6786,17.7119,17.7445,17.7765,17.808,17.8392,17.8701,17.9008,17.9316,17.9624,17.9934,18.0248,18.0567,18.0891,18.1223,18.1563,18.1912,18.2273,18.2646,18.3033,18.3434,18.3852,18.4287,18.4741,18.5216,18.5711,18.623,18.6773,18.7342,18.7938,18.8562,18.9216,18.9901,19.0619,19.1371,19.216,19.2985,19.3849,19.4754,19.5701,19.6692,19.7729,19.8812,19.9946,20.113,20.2367,20.366,20.501,20.642,20.7891,20.9427,21.1029,21.2702,21.4446,21.6266,21.8164,22.0143,22.2207,22.436,22.6605,22.8947,23.1389,23.3936,23.6593,23.9365,24.2258,24.5277,24.8429,25.172,25.5157,25.8749,26.2504,26.6429,27.0535,27.4833,27.9333,28.4047,28.8989,29.4173,29.9613,30.5327,31.1334,31.7652,32.4304,33.1314,33.8708,34.6514,35.4765,36.3494,37.2742,38.2549,39.2964,40.4039,41.5832,42.8407,44.1838,45.6204,47.1595,48.8113,50.5871,52.4996,54.563,56.7933,59.2084,61.8286,64.6766,67.7776,71.1601,74.8557,78.8993,83.3298,88.1893,93.5236,99.3816,105.815,112.876,120.618,129.093,138.352,148.444,159.421,171.345,184.31,198.444,213.897,230.664,248.071,263.816,273.606,273.435,263.317,247.289,229.664,212.75,197.222,183.077,170.16,158.329,147.485,137.553,128.476,120.197,112.664,105.822,99.6176,93.9977,88.9124,84.3149,80.1625,76.4164,73.0425,70.011,67.2969,64.8796,62.7434,60.8772,59.275,57.9362,56.8655,56.0736,55.5765,55.3942,55.547,56.0475,56.886,58.0073,59.2805,60.4763,61.2781,61.3568,60.4972,58.7003,56.1812,53.2625,50.2492,47.3573,44.7041,42.3324,40.2402,38.4031,36.7888,35.3647,34.1007,32.9712,31.9546,31.033,30.1919,29.4194,28.7058,28.0433,27.4254,26.8467,26.3029,25.7903,25.3058,24.8468,24.4111,23.9967,23.6021,23.2258,22.8664,22.5229,22.1942,21.8794,21.5776,21.2881,21.0101,20.743,20.4861,20.2389,20.0009,19.7715,19.5503,19.3367,19.1305,18.9312,18.7384,18.5518,18.3711,18.1958,18.0258,17.8607,17.7003,17.5443,17.3925,17.2446,17.1004,16.9598,16.8224,16.6882,16.557,16.4285,16.3027,16.1793,16.0583,15.9394,15.8227,15.7079,15.5949,15.4837,15.374,15.2659,15.1593,15.054,14.95,14.8471,14.7454,14.6448,14.5451,14.4464,14.3486,14.2516,14.1554,14.0599,13.9651,13.871,13.7775,13.6845,13.5922,13.5003,13.4089,13.3181,13.2276,13.1376,13.048,12.9588,12.87,12.7816,12.6935,12.6058,12.5184,12.4313,12.3446,12.2582,12.1721,12.0863,12.0009,11.9158,
 ,-115,16.28,16.3493,16.4167,16.4822,16.5459,16.6077,16.6676,16.7258,16.7821,16.8367,16.8895,16.9407,16.9902,17.0381,17.0845,17.1294,17.1729,17.2151,17.256,17.2958,17.3344,17.3721,17.4088,17.4447,17.4799,17.5145,17.5485,17.5821,17.6154,17.6485,17.6816,17.7146,17.7478,17.7813,17.8151,17.8495,17.8844,17.9202,17.9567,17.9943,18.033,18.073,18.1143,18.1571,18.2015,18.2477,18.2958,18.346,18.3982,18.4528,18.5098,18.5693,18.6316,18.6967,18.7647,18.8359,18.9104,18.9883,19.0698,19.155,19.2441,19.3372,19.4346,19.5364,19.6427,19.7538,19.8698,19.991,20.1175,20.2495,20.3873,20.5312,20.6812,20.8377,21.001,21.1712,21.3488,21.534,21.7271,21.9284,22.1383,22.3572,22.5854,22.8234,23.0716,23.3305,23.6006,23.8824,24.1765,24.4835,24.804,25.1387,25.4883,25.8538,26.2359,26.6355,27.0536,27.4914,27.95,28.4305,28.9345,29.4634,30.0188,30.6024,31.2162,31.8623,32.543,33.2607,34.0184,34.8189,35.6657,36.5625,37.5134,38.5229,39.5962,40.7389,41.9572,43.2582,44.6498,46.1407,47.741,49.4618,51.3157,53.3168,55.4812,57.8271,60.3751,63.1485,66.1737,69.4806,73.1029,77.0789,81.4515,86.2687,91.5838,97.4555,103.948,111.129,119.07,127.843,137.517,148.154,159.805,172.501,186.253,201.048,216.832,233.47,250.59,267.219,281.263,289.519,289.283,280.576,266.146,249.219,231.905,215.173,199.386,184.663,171.04,158.517,147.069,136.654,127.216,118.686,110.995,104.07,97.8408,92.2405,87.2082,82.6887,78.6328,74.9978,71.7469,68.8494,66.2804,64.0211,62.0585,60.3862,59.0045,57.9212,57.1523,56.7225,56.6645,57.0165,57.8136,59.0704,60.7476,62.7024,64.6363,66.09,66.5491,65.6622,63.434,60.2192,56.5248,52.7947,49.3101,46.1976,43.4827,41.1379,39.1155,37.3645,35.8382,34.4967,33.3072,32.2431,31.2832,30.4104,29.6112,28.8746,28.192,27.5561,26.9613,26.4027,25.8767,25.3797,24.9093,24.463,24.0388,23.635,23.2502,22.8829,22.532,22.1965,21.8753,21.5677,21.2726,20.9895,20.7177,20.4564,20.2051,19.9633,19.7303,19.5058,19.2892,19.0801,18.8781,18.6827,18.4938,18.3108,18.1334,17.9614,17.7945,17.6323,17.4746,17.3212,17.1718,17.0261,16.8841,16.7454,16.6099,16.4774,16.3478,16.2208,16.0963,15.9742,15.8544,15.7366,15.6208,15.5069,15.3947,15.2842,15.1752,15.0678,14.9616,14.8568,14.7533,14.6508,14.5495,14.4492,14.3498,14.2514,14.1538,14.057,13.9611,13.8658,13.7712,13.6773,13.584,13.4913,13.3992,13.3075,13.2164,13.1258,13.0357,12.946,12.8568,12.7679,12.6795,12.5915,12.5039,12.4166,12.3298,12.2433,12.1571,12.0714,11.9859,11.9009,11.8162,
 ,-116,16.0403,16.1089,16.1757,16.2407,16.304,16.3655,16.4253,16.4834,16.5398,16.5946,16.6478,16.6994,16.7495,16.7981,16.8453,16.8911,16.9356,16.9789,17.0211,17.0622,17.1022,17.1414,17.1797,17.2173,17.2542,17.2906,17.3266,17.3622,17.3975,17.4327,17.4679,17.5031,17.5386,17.5743,17.6105,17.6472,17.6846,17.7227,17.7618,17.8018,17.843,17.8855,17.9293,17.9747,18.0216,18.0704,18.1211,18.1737,18.2286,18.2857,18.3453,18.4074,18.4722,18.5398,18.6105,18.6842,18.7613,18.8417,18.9258,19.0135,19.1052,19.2009,19.3008,19.4052,19.5141,19.6278,19.7464,19.8702,19.9994,20.1341,20.2747,20.4212,20.5741,20.7334,20.8996,21.0728,21.2534,21.4417,21.6379,21.8425,22.0558,22.2782,22.51,22.7518,23.0039,23.2669,23.5412,23.8275,24.1262,24.438,24.7637,25.1038,25.4592,25.8307,26.2192,26.6257,27.0511,27.4966,27.9634,28.4529,28.9663,29.5054,30.0717,30.6671,31.2937,31.9535,32.6491,33.383,34.1583,34.978,35.8458,36.7656,37.7418,38.7792,39.8832,41.0599,42.3161,43.6593,45.098,46.642,48.3019,50.0901,52.0204,54.1086,56.3727,58.8331,61.5132,64.4396,67.6428,71.1576,75.0239,79.2874,83.9998,89.2203,95.0154,101.46,108.637,116.637,125.556,135.494,146.548,158.803,172.323,187.133,203.194,220.378,238.43,256.897,275.018,291.534,304.536,311.72,311.386,303.569,290.03,273.114,254.745,236.174,218.144,201.077,185.204,170.628,157.37,145.392,134.622,124.971,116.339,108.627,101.74,95.5913,90.1005,85.1974,80.8204,76.9163,73.4402,70.3547,67.6301,65.2436,63.1802,61.4322,60.0005,58.8953,58.1375,57.76,57.8089,58.3413,59.419,61.0889,63.3409,66.0344,68.8071,71.0333,71.958,71.0434,68.299,64.2713,59.7058,55.2072,51.1157,47.553,44.514,41.9382,39.7507,37.8802,36.266,34.8583,33.6177,32.5131,31.5202,30.6198,29.7969,29.0396,28.3385,27.6858,27.0757,26.5031,25.964,25.455,24.9732,24.5164,24.0824,23.6695,23.2761,22.9009,22.5427,22.2004,21.8728,21.5593,21.2588,20.9706,20.6941,20.4285,20.1731,19.9275,19.6911,19.4633,19.2437,19.0318,18.8271,18.6294,18.4381,18.253,18.0736,17.8997,17.7309,17.5671,17.4078,17.2528,17.102,16.955,16.8116,16.6717,16.535,16.4013,16.2705,16.1424,16.0169,15.8938,15.7729,15.6542,15.5375,15.4226,15.3096,15.1982,15.0884,14.9801,14.8732,14.7676,14.6633,14.5601,14.4581,14.3571,14.2571,14.158,14.0599,13.9626,13.866,13.7703,13.6753,13.5809,13.4872,13.3942,13.3017,13.2098,13.1185,13.0277,12.9374,12.8476,12.7582,12.6693,12.5809,12.4929,12.4054,12.3183,12.2315,12.1452,12.0593,11.9738,11.8887,11.8039,11.7196,
 ,-117,15.8078,15.8756,15.9418,16.0063,16.0692,16.1305,16.1902,16.2482,16.3047,16.3597,16.4132,16.4652,16.5158,16.5651,16.613,16.6597,16.7051,16.7495,16.7928,16.8351,16.8765,16.9171,16.9569,16.996,17.0346,17.0727,17.1105,17.1479,17.1852,17.2224,17.2596,17.2969,17.3345,17.3724,17.4108,17.4497,17.4894,17.5298,17.5712,17.6136,17.6571,17.702,17.7482,17.796,17.8454,17.8966,17.9497,18.0048,18.0621,18.1217,18.1837,18.2482,18.3155,18.3856,18.4587,18.5349,18.6144,18.6973,18.7838,18.874,18.9681,19.0663,19.1687,19.2755,19.3869,19.5031,19.6243,19.7506,19.8824,20.0197,20.1629,20.3121,20.4676,20.6297,20.7987,20.9748,21.1583,21.3496,21.5489,21.7566,21.9732,22.1989,22.4343,22.6797,22.9356,23.2025,23.4809,23.7714,24.0746,24.3912,24.7218,25.0671,25.4281,25.8054,26.2001,26.6131,27.0456,27.4985,27.9733,28.4712,28.9938,29.5426,30.1195,30.7262,31.3649,32.038,32.7479,33.4973,34.2894,35.1276,36.0155,36.9574,37.9578,39.0219,40.1554,41.3648,42.6573,44.0411,45.5252,47.1202,48.8376,50.691,52.6954,54.8683,57.2295,59.8019,62.6116,65.6889,69.0685,72.7907,76.9019,81.456,86.5151,92.1507,98.4453,105.493,113.4,122.287,132.284,143.529,156.165,170.322,186.102,203.549,222.608,243.064,264.476,286.086,306.743,324.852,338.463,345.645,345.161,337.07,322.707,304.063,283.102,261.4,240.066,219.809,201.03,183.906,168.47,154.663,142.374,131.467,121.801,113.239,105.652,98.9263,92.9585,87.6599,82.9542,78.7764,75.0719,71.7962,68.9134,66.3969,64.2281,62.398,60.907,59.7664,59.0008,58.6494,58.7689,59.4332,60.7285,62.7339,65.4733,68.8218,72.3702,75.3377,76.7214,75.7813,72.5321,67.7284,62.3602,57.1812,52.5737,48.6415,45.3444,42.5892,40.2756,38.315,36.6347,35.1771,33.8975,32.7614,31.7422,30.8192,29.9762,29.2008,28.483,27.815,27.1905,26.6044,26.0526,25.5317,25.0387,24.5714,24.1276,23.7055,23.3036,22.9205,22.5549,22.2056,21.8718,21.5523,21.2464,20.9532,20.672,20.4021,20.1428,19.8935,19.6536,19.4227,19.2001,18.9855,18.7783,18.5782,18.3847,18.1975,18.0163,17.8405,17.6701,17.5046,17.3438,17.1874,17.0352,16.8869,16.7423,16.6011,16.4633,16.3285,16.1967,16.0676,15.941,15.8169,15.6951,15.5754,15.4578,15.3421,15.2281,15.1159,15.0053,14.8962,14.7885,14.6821,14.5771,14.4732,14.3705,14.2688,14.1681,14.0685,13.9697,13.8718,13.7748,13.6785,13.583,13.4882,13.3941,13.3007,13.2079,13.1157,13.024,12.933,12.8425,12.7525,12.6631,12.5741,12.4856,12.3977,12.3101,12.2231,12.1364,12.0503,11.9645,11.8792,11.7944,11.7099,11.6259,
 ,-118,15.5821,15.6492,15.7148,15.7789,15.8414,15.9024,15.9619,16.0199,16.0765,16.1316,16.1854,16.2378,16.2889,16.3387,16.3873,16.4348,16.4811,16.5265,16.5708,16.6143,16.6569,16.6988,16.74,16.7807,16.8208,16.8606,16.9,16.9392,16.9783,17.0173,17.0564,17.0957,17.1353,17.1753,17.2157,17.2568,17.2986,17.3412,17.3848,17.4294,17.4752,17.5223,17.5708,17.6209,17.6726,17.7261,17.7816,17.839,17.8986,17.9605,18.0249,18.0918,18.1614,18.2338,18.3093,18.3878,18.4697,18.5549,18.6438,18.7363,18.8328,18.9334,19.0381,19.1473,19.2612,19.3798,19.5034,19.6321,19.7663,19.9062,20.0518,20.2036,20.3618,20.5265,20.6982,20.877,21.0634,21.2575,21.4598,21.6706,21.8903,22.1193,22.358,22.6069,22.8664,23.137,23.4194,23.714,24.0216,24.3427,24.678,25.0284,25.3946,25.7776,26.1782,26.5975,27.0367,27.4967,27.9791,28.4852,29.0165,29.5746,30.1615,30.779,31.4294,32.115,32.8385,33.6027,34.4109,35.2666,36.1736,37.1364,38.1599,39.2493,40.4109,41.6513,42.9784,44.4007,45.928,47.5715,49.3438,51.2594,53.3347,55.5888,58.0434,60.7237,63.6589,66.8828,70.4346,74.3604,78.7136,83.557,88.9638,95.0199,101.826,109.498,118.173,128.006,139.173,151.869,166.301,182.675,201.173,221.911,244.876,269.833,296.207,322.958,348.486,370.664,387.085,395.574,394.857,385.034,367.547,344.659,318.785,291.999,265.817,241.199,218.654,198.369,180.328,164.399,150.391,138.097,127.311,117.844,109.523,102.199,95.743,90.0433,85.0066,80.5546,76.6222,73.1565,70.1153,67.4668,65.189,63.2701,61.7089,60.5167,59.7187,59.3574,59.4949,60.2146,61.6171,63.8019,66.8165,70.5503,74.5718,78.0041,79.6802,78.7211,75.1454,69.8497,63.9857,58.3981,53.4886,49.3452,45.9031,43.0479,40.6644,38.6533,36.935,35.4477,34.1438,32.9868,31.9489,31.0087,30.1497,29.359,28.6265,27.9444,27.3063,26.7073,26.143,25.6103,25.1062,24.6283,24.1746,23.7432,23.3327,22.9415,22.5684,22.2123,21.872,21.5467,21.2353,20.9371,20.6513,20.3771,20.1139,19.861,19.6178,19.3838,19.1584,18.9411,18.7315,18.5291,18.3336,18.1444,17.9613,17.7839,17.6118,17.4449,17.2826,17.1249,16.9714,16.8218,16.6761,16.5338,16.3949,16.2591,16.1262,15.9961,15.8686,15.7435,15.6208,15.5003,15.3817,15.2652,15.1504,15.0373,14.9259,14.816,14.7075,14.6004,14.4946,14.39,14.2866,14.1842,14.0829,13.9826,13.8832,13.7848,13.6872,13.5904,13.4943,13.3991,13.3045,13.2107,13.1175,13.025,12.9331,12.8417,12.751,12.6608,12.5712,12.4821,12.3936,12.3056,12.218,12.131,12.0444,11.9584,11.8728,11.7876,11.703,11.6188,11.5351,
 ,-119,15.3629,15.4294,15.4944,15.558,15.6201,15.6808,15.7402,15.7982,15.8548,15.9101,15.9641,16.0168,16.0684,16.1187,16.168,16.2162,16.2634,16.3096,16.355,16.3995,16.4433,16.4864,16.529,16.571,16.6126,16.6539,16.6949,16.7357,16.7765,16.8173,16.8582,16.8994,16.9409,16.9828,17.0252,17.0683,17.1121,17.1568,17.2025,17.2492,17.2971,17.3464,17.3971,17.4493,17.5032,17.559,17.6166,17.6763,17.7381,17.8022,17.8688,17.938,18.0098,18.0845,18.1622,18.243,18.3271,18.4146,18.5056,18.6005,18.6992,18.802,18.9091,19.0206,19.1367,19.2576,19.3835,19.5146,19.6512,19.7934,19.9415,20.0958,20.2564,20.4237,20.598,20.7794,20.9685,21.1654,21.3705,21.5843,21.807,22.0391,22.281,22.5332,22.7962,23.0705,23.3566,23.6552,23.9669,24.2923,24.6322,24.9874,25.3587,25.747,26.1533,26.5786,27.0241,27.4909,27.9805,28.4943,29.0339,29.6009,30.1972,30.825,31.4863,32.1838,32.9202,33.6984,34.5217,35.3938,36.3189,37.3014,38.3465,39.4598,40.6476,41.9173,43.2768,44.7352,46.3032,47.9923,49.8162,51.7903,53.9324,56.2631,58.806,61.5886,64.6431,68.007,71.724,75.846,80.4338,85.5594,91.3084,97.782,105.101,113.408,122.873,133.696,146.11,160.383,176.816,195.732,217.448,242.232,270.215,301.256,334.753,369.418,403.091,432.753,454.898,466.346,465.254,451.804,428.133,397.553,363.54,328.986,295.895,265.421,238.07,213.922,192.813,174.461,158.547,144.749,132.774,122.362,113.287,105.357,98.41,92.3112,86.9477,82.2263,78.0705,74.4184,71.221,68.4407,66.0514,64.0375,62.3953,61.1337,60.2762,59.8637,59.9571,60.6386,62.0081,64.1642,67.1536,70.8654,74.8678,78.2841,79.9478,78.9803,75.3997,70.1019,64.237,58.6488,53.7385,49.5937,46.1496,43.2916,40.9043,38.8883,37.164,35.6694,34.357,33.1905,32.142,31.1903,30.3191,29.5158,28.7704,28.0753,27.4243,26.8125,26.236,25.6914,25.1759,24.6873,24.2235,23.7827,23.3633,22.964,22.5833,22.2202,21.8735,21.5422,21.2254,20.9222,20.6318,20.3534,20.0863,19.8299,19.5834,19.3464,19.1183,18.8985,18.6866,18.4821,18.2845,18.0935,17.9087,17.7297,17.5561,17.3877,17.2242,17.0652,16.9105,16.7598,16.6129,16.4696,16.3296,16.1928,16.059,15.928,15.7996,15.6737,15.5501,15.4286,15.3093,15.1919,15.0763,14.9624,14.8502,14.7395,14.6303,14.5224,14.4159,14.3105,14.2064,14.1034,14.0014,13.9004,13.8004,13.7013,13.6031,13.5058,13.4092,13.3135,13.2185,13.1242,13.0306,12.9377,12.8454,12.7538,12.6628,12.5724,12.4826,12.3933,12.3047,12.2165,12.129,12.0419,11.9554,11.8694,11.7839,11.6989,11.6144,11.5304,11.4469,
 ,-120,15.1499,15.2158,15.2802,15.3433,15.4051,15.4656,15.5248,15.5827,15.6393,15.6948,15.749,15.8021,15.854,15.9049,15.9547,16.0036,16.0516,16.0986,16.1449,16.1905,16.2354,16.2797,16.3235,16.3668,16.4098,16.4525,16.495,16.5374,16.5797,16.6222,16.6648,16.7077,16.751,16.7947,16.839,16.884,16.9297,16.9764,17.024,17.0728,17.1228,17.1741,17.2268,17.2811,17.3371,17.3949,17.4547,17.5164,17.5804,17.6467,17.7154,17.7867,17.8606,17.9375,18.0173,18.1002,18.1864,18.2761,18.3693,18.4663,18.5672,18.6722,18.7814,18.8951,19.0134,19.1365,19.2647,19.3981,19.5369,19.6814,19.8318,19.9884,20.1515,20.3212,20.4979,20.6819,20.8736,21.0731,21.281,21.4975,21.7231,21.9582,22.2032,22.4586,22.7249,23.0027,23.2924,23.5947,23.9103,24.2399,24.5841,24.9438,25.3199,25.7133,26.1249,26.5559,27.0074,27.4807,27.9772,28.4982,29.0455,29.6209,30.2261,30.8635,31.5352,32.2438,32.9922,33.7834,34.6208,35.5084,36.4502,37.4511,38.5163,39.6517,40.864,42.1606,43.5501,45.0421,46.6475,48.3789,50.2504,52.2787,54.4827,56.8843,59.5091,62.3869,65.5526,69.0472,72.9192,77.226,82.036,87.4308,93.5083,100.386,108.207,117.142,127.4,139.231,152.938,168.882,187.487,209.238,234.665,264.295,298.552,337.585,380.964,427.278,473.702,515.793,547.948,564.781,563.07,543.162,508.812,465.586,418.952,373.065,330.47,292.365,259.047,230.301,205.674,184.634,166.658,151.274,138.07,126.698,116.867,108.337,100.911,94.4247,88.7462,83.7662,79.3963,75.5652,72.2166,69.3072,66.8056,64.6924,62.9596,61.612,60.6687,60.1645,60.1522,60.7028,61.8998,63.8198,66.4848,69.7682,73.2605,76.181,77.5281,76.5628,73.2992,68.4887,63.1177,57.9368,53.3268,49.3907,46.0878,43.3242,40.9995,39.0244,37.326,35.8466,34.5415,33.3765,32.3251,31.3673,30.4876,29.6739,28.917,28.2096,27.546,26.9215,26.3324,25.7757,25.2486,24.7489,24.2747,23.8241,23.3957,22.9879,22.5995,22.2293,21.876,21.5388,21.2165,20.9083,20.6134,20.3308,20.06,19.8001,19.5505,19.3106,19.0798,18.8577,18.6435,18.437,18.2375,18.0448,17.8583,17.6778,17.5029,17.3332,17.1684,17.0082,16.8524,16.7007,16.5528,16.4085,16.2676,16.1299,15.9952,15.8633,15.734,15.6072,15.4828,15.3606,15.2404,15.1222,15.0058,14.8912,14.7782,14.6667,14.5567,14.4481,14.3408,14.2347,14.1299,14.0261,13.9234,13.8218,13.7212,13.6214,13.5226,13.4247,13.3276,13.2313,13.1358,13.041,12.947,12.8537,12.761,12.6691,12.5778,12.4871,12.397,12.3076,12.2188,12.1305,12.0428,11.9557,11.8692,11.7832,11.6977,11.6128,11.5285,11.4446,11.3613,
 ,-121,14.943,15.0082,15.0721,15.1348,15.1962,15.2564,15.3154,15.3733,15.4299,15.4855,15.5399,15.5932,15.6456,15.6969,15.7473,15.7968,15.8455,15.8933,15.9405,15.987,16.0329,16.0783,16.1232,16.1678,16.2121,16.2561,16.3,16.3439,16.3878,16.4318,16.476,16.5206,16.5655,16.611,16.657,16.7038,16.7514,16.7999,16.8494,16.9,16.9519,17.0052,17.0599,17.1162,17.1741,17.2339,17.2957,17.3595,17.4254,17.4937,17.5644,17.6378,17.7138,17.7926,17.8745,17.9595,18.0477,18.1395,18.2347,18.3338,18.4368,18.5438,18.6551,18.7709,18.8913,19.0165,19.1468,19.2823,19.4233,19.57,19.7227,19.8815,20.0469,20.2189,20.398,20.5844,20.7785,20.9806,21.1911,21.4103,21.6386,21.8765,22.1245,22.3829,22.6524,22.9334,23.2265,23.5324,23.8517,24.1852,24.5335,24.8975,25.2781,25.6763,26.093,26.5293,26.9865,27.4658,27.9686,28.4965,29.0511,29.6342,30.2478,30.894,31.5753,32.2943,33.0538,33.857,34.7075,35.6092,36.5665,37.5842,38.6679,39.8235,41.0581,42.3794,43.7962,45.3187,46.9582,48.7278,50.6426,52.72,54.9799,57.4458,60.1448,63.1089,66.3757,69.9894,74.0028,78.4791,83.4935,89.1374,95.5209,102.778,111.074,120.611,131.637,144.46,159.462,177.112,197.988,222.788,252.333,287.543,329.347,378.474,435.044,497.864,563.491,625.422,674.349,700.508,697.748,666.761,614.692,551.498,486.065,424.294,369.138,321.477,281.038,247.033,218.524,194.608,174.487,157.487,143.055,130.74,120.178,111.075,103.194,96.3435,90.3702,85.1491,80.5795,76.5811,73.0899,70.0566,67.4449,65.2302,63.3999,61.9532,60.9021,60.2725,60.1042,60.4493,61.3654,62.8955,65.0262,67.6149,70.2977,72.4489,73.3152,72.3599,69.5911,65.5512,60.98,56.4778,52.3824,48.8139,45.7659,43.1771,40.9716,39.0775,37.4332,35.989,34.7054,33.5518,32.5044,31.545,30.6595,29.8371,29.0694,28.3499,27.6734,27.0358,26.4337,25.8642,25.3248,24.8135,24.3284,23.8676,23.4298,23.0133,22.617,22.2395,21.8796,21.5363,21.2085,20.8954,20.5959,20.3093,20.0347,19.7714,19.5188,19.2762,19.0429,18.8184,18.6021,18.3937,18.1925,17.9981,17.8102,17.6283,17.4521,17.2811,17.1152,16.954,16.7972,16.6445,16.4957,16.3505,16.2087,16.0702,15.9346,15.8019,15.6719,15.5443,15.4191,15.2961,15.1751,15.0561,14.939,14.8235,14.7097,14.5975,14.4868,14.3774,14.2693,14.1625,14.0569,13.9525,13.8491,13.7467,13.6454,13.545,13.4456,13.3471,13.2494,13.1525,13.0564,12.9612,12.8667,12.7729,12.6799,12.5875,12.4959,12.4049,12.3145,12.2249,12.1358,12.0474,11.9596,11.8724,11.7858,11.6998,11.6143,11.5295,11.4452,11.3615,11.2783,
 ,-122,14.7417,14.8063,14.8697,14.932,14.9931,15.053,15.1119,15.1696,15.2263,15.2819,15.3365,15.3901,15.4428,15.4945,15.5454,15.5955,15.6448,15.6935,15.7414,15.7888,15.8357,15.8821,15.9281,15.9738,16.0193,16.0646,16.1098,16.1551,16.2004,16.2459,16.2916,16.3377,16.3843,16.4313,16.4791,16.5276,16.5769,16.6271,16.6784,16.7308,16.7845,16.8396,16.8962,16.9543,17.0142,17.0759,17.1395,17.2052,17.2731,17.3433,17.416,17.4912,17.5691,17.6499,17.7337,17.8207,17.9109,18.0045,18.1018,18.2028,18.3077,18.4168,18.5301,18.6478,18.7702,18.8975,19.0298,19.1674,19.3104,19.4592,19.614,19.775,19.9425,20.1168,20.2981,20.4868,20.6833,20.8878,21.1007,21.3224,21.5533,21.7939,22.0447,22.306,22.5784,22.8625,23.1588,23.4681,23.7909,24.128,24.4802,24.8483,25.2331,25.6357,26.0571,26.4984,26.9609,27.4458,27.9545,28.4887,29.05,29.6403,30.2616,30.9161,31.6062,32.3346,33.1043,33.9185,34.7809,35.6955,36.6668,37.6997,38.8,39.9739,41.2285,42.5718,44.0131,45.5627,47.2324,49.036,50.9891,53.1098,55.4191,57.9416,60.7059,63.7459,67.1015,70.8201,74.9584,79.5844,84.7803,90.646,97.3036,104.903,113.631,123.719,135.458,149.215,165.453,184.765,207.9,235.812,269.693,310.994,361.392,422.604,495.896,581.028,674.448,767.078,843.493,885.53,880.971,831.243,750.441,656.739,564.457,481.483,410.578,351.588,303.105,263.397,230.825,203.987,181.739,163.173,147.571,134.372,123.131,113.501,105.207,98.0274,91.7888,86.3508,81.6015,77.4515,73.8298,70.6814,67.9644,65.6495,63.7185,62.1644,60.9913,60.2137,59.8564,59.9507,60.5259,61.5917,63.1048,64.9189,66.7338,68.0894,68.4721,67.531,65.2688,62.0355,58.3319,54.5969,51.1077,47.9887,45.2632,42.9021,40.856,39.0728,37.5048,36.1119,34.8611,33.7267,32.6884,31.7304,30.8408,30.0102,29.2316,28.4994,27.8093,27.1575,26.5413,25.958,25.4055,24.8818,24.385,23.9135,23.4658,23.0403,22.6357,22.2507,21.884,21.5346,21.2013,20.8832,20.5792,20.2886,20.0104,19.7438,19.4883,19.243,19.0073,18.7806,18.5624,18.3521,18.1493,17.9535,17.7642,17.581,17.4036,17.2316,17.0647,16.9025,16.7448,16.5912,16.4416,16.2956,16.1531,16.0137,15.8774,15.744,15.6131,15.4848,15.3589,15.2351,15.1134,14.9936,14.8757,14.7595,14.645,14.532,14.4205,14.3103,14.2015,14.0939,13.9876,13.8824,13.7783,13.6752,13.5732,13.4721,13.372,13.2728,13.1745,13.077,12.9804,12.8846,12.7896,12.6953,12.6018,12.509,12.417,12.3257,12.235,12.1451,12.0558,11.9671,11.8791,11.7918,11.7051,11.619,11.5335,11.4487,11.3644,11.2808,11.1977,
 ,-123,14.546,14.61,14.6729,14.7347,14.7955,14.8552,14.9139,14.9715,15.0282,15.0839,15.1386,15.1924,15.2454,15.2976,15.3489,15.3995,15.4495,15.4988,15.5475,15.5957,15.6435,15.6908,15.7379,15.7847,15.8313,15.8778,15.9242,15.9708,16.0174,16.0643,16.1115,16.159,16.2071,16.2557,16.305,16.3551,16.406,16.4579,16.5109,16.565,16.6205,16.6773,16.7356,16.7955,16.8571,16.9206,16.9861,17.0536,17.1233,17.1953,17.2698,17.3469,17.4267,17.5093,17.5949,17.6837,17.7758,17.8713,17.9704,18.0733,18.1801,18.291,18.4062,18.5259,18.6502,18.7793,18.9136,19.0531,19.1981,19.3489,19.5057,19.6687,19.8383,20.0146,20.1981,20.389,20.5877,20.7944,21.0097,21.2338,21.4672,21.7103,21.9636,22.2276,22.5029,22.7899,23.0892,23.4016,23.7277,24.0682,24.424,24.7958,25.1846,25.5914,26.0171,26.4631,26.9304,27.4204,27.9347,28.4746,29.0421,29.639,30.2672,30.9292,31.6273,32.3643,33.1432,33.9673,34.8404,35.7665,36.7502,37.7966,38.9116,40.1015,41.3737,42.7363,44.1989,45.772,47.4679,49.3007,51.2865,53.4442,55.7956,58.3661,61.1857,64.2899,67.7204,71.5274,75.7708,80.523,85.872,91.9254,98.8158,106.708,115.807,126.373,138.735,153.316,170.664,191.489,216.725,247.599,285.722,333.19,392.65,467.246,560.172,673.348,804.455,942.076,1061.64,1129.78,1122.2,1041.86,916.51,778.773,650.634,541.373,452.196,380.781,323.883,278.441,241.913,212.306,188.089,168.098,151.45,137.469,125.636,115.551,106.9,99.4386,92.9729,87.3493,82.4455,78.164,74.4276,71.1757,68.3617,65.9513,63.921,62.2573,60.9559,60.0206,59.4613,59.29,59.5122,60.1125,61.0306,62.1319,63.1842,63.8695,63.8581,62.934,61.0956,58.553,55.6229,52.6048,49.7099,47.052,44.6707,42.5611,40.6965,39.0426,37.5655,36.2346,35.0245,33.9143,32.8879,31.9327,31.039,30.1995,29.4086,28.6621,27.9564,27.2889,26.6569,26.0584,25.4914,24.9542,24.4449,23.9619,23.5037,23.0687,22.6555,22.2627,21.8892,21.5335,21.1947,20.8716,20.5632,20.2686,19.9868,19.7171,19.4587,19.2109,18.973,18.7443,18.5242,18.3123,18.108,17.9108,17.7203,17.536,17.3576,17.1846,17.0168,16.8538,16.6953,16.5409,16.3905,16.2438,16.1006,15.9606,15.8236,15.6894,15.5579,15.4289,15.3022,15.1777,15.0553,14.9348,14.8161,14.6992,14.5839,14.4701,14.3578,14.2469,14.1373,14.029,13.9218,13.8159,13.711,13.6072,13.5044,13.4026,13.3018,13.2019,13.103,13.0049,12.9076,12.8112,12.7156,12.6208,12.5268,12.4336,12.3411,12.2494,12.1584,12.0681,11.9785,11.8896,11.8014,11.7139,11.627,11.5408,11.4553,11.3704,11.2861,11.2025,11.1195,
 ,-124,14.3555,14.4189,14.4814,14.5428,14.6032,14.6627,14.7212,14.7787,14.8353,14.8911,14.946,15,15.0533,15.1058,15.1575,15.2087,15.2592,15.3091,15.3586,15.4075,15.4561,15.5044,15.5524,15.6002,15.6478,15.6954,15.7431,15.7908,15.8387,15.8869,15.9354,15.9844,16.0338,16.0839,16.1347,16.1863,16.2388,16.2922,16.3468,16.4025,16.4596,16.518,16.578,16.6396,16.7029,16.7681,16.8352,16.9045,16.9759,17.0497,17.1259,17.2047,17.2862,17.3706,17.458,17.5486,17.6424,17.7397,17.8406,17.9452,18.0538,18.1665,18.2835,18.4049,18.531,18.662,18.7981,18.9394,19.0863,19.239,19.3977,19.5626,19.7341,19.9125,20.098,20.2909,20.4917,20.7006,20.918,21.1444,21.3801,21.6256,21.8813,22.1478,22.4257,22.7154,23.0175,23.3329,23.662,24.0057,24.3647,24.74,25.1325,25.543,25.9728,26.423,26.8947,27.3895,27.9087,28.4539,29.0269,29.6297,30.2643,30.9329,31.6381,32.3828,33.1698,34.0027,34.8851,35.8213,36.8159,37.874,39.0017,40.2054,41.4925,42.8715,44.352,45.9448,47.6625,49.5194,51.5321,53.72,56.1055,58.7147,61.5787,64.7339,68.2239,72.1007,76.4268,81.2782,86.7474,92.9481,100.021,108.143,117.536,128.482,141.343,156.592,174.846,196.927,223.933,257.354,299.216,352.28,420.272,508.048,621.418,765.832,942.34,1138.89,1319.46,1426.52,1414.3,1288.64,1101.2,906.743,736.097,597.96,489.972,406.432,341.67,291.052,251.055,219.075,193.202,172.033,154.53,139.918,127.61,117.162,108.228,100.543,93.8976,88.1258,83.0974,78.7084,74.8763,71.5359,68.6363,66.1388,64.0148,62.245,60.8175,59.7265,58.9694,58.543,58.4359,58.6177,59.0241,59.5409,59.9973,60.1808,59.8857,58.9813,57.4636,55.4532,53.1423,50.7258,48.3549,46.1233,44.0742,42.2166,40.5395,39.0228,37.6437,36.3806,35.2147,34.1307,33.1165,32.1629,31.2631,30.4121,29.6062,28.8424,28.1185,27.4324,26.7824,26.1667,25.5836,25.0314,24.5084,24.013,23.5435,23.0985,22.6763,22.2756,21.8949,21.5329,21.1885,20.8604,20.5476,20.2491,19.9639,19.6912,19.4301,19.1799,18.9398,18.7092,18.4876,18.2742,18.0685,17.8701,17.6785,17.4933,17.3139,17.1402,16.9716,16.8078,16.6486,16.4936,16.3426,16.1952,16.0514,15.9107,15.7731,15.6383,15.5062,15.3765,15.2491,15.124,15.0008,14.8796,14.7602,14.6426,14.5265,14.412,14.2989,14.1872,14.0768,13.9676,13.8597,13.7529,13.6473,13.5427,13.4391,13.3366,13.235,13.1344,13.0347,12.9359,12.838,12.741,12.6448,12.5494,12.4548,12.3611,12.2681,12.176,12.0845,11.9939,11.9039,11.8148,11.7263,11.6385,11.5515,11.4651,11.3795,11.2945,11.2102,11.1266,11.0436,
 ,-125,14.1701,14.233,14.295,14.356,14.4161,14.4753,14.5336,14.591,14.6476,14.7034,14.7584,14.8126,14.8661,14.9189,14.9711,15.0227,15.0737,15.1243,15.1743,15.224,15.2734,15.3225,15.3714,15.4201,15.4688,15.5174,15.5661,15.615,15.6641,15.7135,15.7633,15.8135,15.8643,15.9158,15.968,16.021,16.0749,16.1299,16.1859,16.2432,16.3018,16.3618,16.4233,16.4865,16.5514,16.6182,16.687,16.7578,16.8309,16.9063,16.9841,17.0646,17.1478,17.2339,17.3229,17.4151,17.5106,17.6096,17.7121,17.8184,17.9287,18.0431,18.1618,18.2849,18.4127,18.5454,18.6832,18.8263,18.975,19.1294,19.2899,19.4567,19.63,19.8102,19.9976,20.1925,20.3952,20.6061,20.8256,21.054,21.2919,21.5396,21.7976,22.0665,22.3467,22.6389,22.9437,23.2617,23.5936,23.9402,24.3023,24.6807,25.0765,25.4905,25.9239,26.3779,26.8537,27.3526,27.8763,28.4262,29.0042,29.6122,30.2524,30.9269,31.6384,32.3897,33.1838,34.0242,34.9146,35.8594,36.8632,37.9312,39.0694,40.2845,41.5839,42.9762,44.4711,46.0796,47.8144,49.6902,51.7237,53.9346,56.3457,58.9837,61.8802,65.0726,68.6053,72.5317,76.9161,81.8368,87.3894,93.6919,100.891,109.171,118.765,129.972,143.179,158.892,177.782,200.752,229.03,264.308,308.949,366.273,440.954,539.455,670.255,842.906,1063.43,1321.74,1571.1,1724.28,1706.41,1527.4,1270.91,1017.96,806.685,642.757,518.88,425.545,354.652,300.111,257.543,223.837,196.777,174.775,156.673,141.621,128.984,118.285,109.156,101.315,94.5427,88.6654,83.5465,79.0773,75.1714,71.7601,68.7891,66.216,64.0081,62.1409,60.5965,59.3611,58.4229,57.7683,57.3756,57.2084,57.2061,57.2774,57.2998,57.1333,56.6497,55.7691,54.4858,52.8672,51.0269,49.0875,47.1523,45.2918,43.5448,41.9252,40.4308,39.0508,37.7708,36.5764,35.4545,34.3951,33.3902,32.4344,31.5241,30.6569,29.8311,29.0455,28.2992,27.591,26.9198,26.2842,25.6827,25.1138,24.5757,24.0668,23.5853,23.1296,22.6979,22.2889,21.9009,21.5325,21.1824,20.8494,20.5323,20.23,19.9415,19.6659,19.4023,19.1498,18.9078,18.6755,18.4523,18.2376,18.0308,17.8314,17.6388,17.4528,17.2727,17.0982,16.929,16.7646,16.6048,16.4493,16.2977,16.1499,16.0055,15.8643,15.7261,15.5907,15.458,15.3277,15.1997,15.0739,14.9501,14.8282,14.7081,14.5897,14.4728,14.3575,14.2436,14.1311,14.0199,13.91,13.8012,13.6936,13.5871,13.4817,13.3773,13.2739,13.1716,13.0702,12.9697,12.8702,12.7716,12.6738,12.577,12.481,12.3858,12.2915,12.198,12.1054,12.0135,11.9224,11.8321,11.7425,11.6538,11.5657,11.4785,11.3919,11.3061,11.221,11.1366,11.0529,10.9699,
 ,-126,13.9896,14.0519,14.1134,14.174,14.2338,14.2928,14.3509,14.4082,14.4648,14.5205,14.5756,14.63,14.6837,14.7369,14.7894,14.8414,14.8929,14.944,14.9947,15.0451,15.0951,15.145,15.1947,15.2443,15.2939,15.3436,15.3933,15.4432,15.4934,15.544,15.595,15.6464,15.6985,15.7512,15.8047,15.8591,15.9144,15.9707,16.0282,16.0869,16.1469,16.2084,16.2714,16.3361,16.4025,16.4708,16.5411,16.6135,16.6881,16.7651,16.8445,16.9265,17.0113,17.0989,17.1895,17.2833,17.3804,17.4809,17.585,17.693,17.8048,17.9208,18.041,18.1658,18.2952,18.4296,18.569,18.7137,18.864,19.0201,19.1823,19.3507,19.5258,19.7078,19.8969,20.0936,20.2981,20.5109,20.7322,20.9626,21.2025,21.4522,21.7123,21.9834,22.2658,22.5603,22.8674,23.1879,23.5224,23.8716,24.2364,24.6178,25.0165,25.4336,25.8703,26.3277,26.807,27.3097,27.8373,28.3914,28.9737,29.5863,30.2312,30.9108,31.6276,32.3845,33.1846,34.0313,34.9285,35.8803,36.8915,37.9675,39.1141,40.3381,41.6471,43.0495,44.5552,46.1753,47.9225,49.8116,51.8595,54.0859,56.5139,59.1704,62.0872,65.302,68.8599,72.8146,77.2314,82.1896,87.7861,94.1411,101.404,109.763,119.456,130.792,144.167,160.107,179.309,202.719,231.63,267.847,313.913,373.461,451.705,556.067,696.702,885.928,1133.57,1432.04,1728.49,1914.36,1892.38,1675.75,1372.5,1081.91,845.853,666.896,534.103,435.436,361.285,304.701,260.817,226.239,198.587,176.172,157.775,142.507,129.708,118.884,109.656,101.735,94.8947,88.9584,83.7861,79.2665,75.311,71.8486,68.8226,66.188,63.9089,61.9571,60.3097,58.9476,57.8526,57.0048,56.3777,55.9343,55.6217,55.3691,55.0896,54.6906,54.0907,53.2393,52.1299,50.799,49.3122,47.7446,46.1632,44.6176,43.1376,41.736,40.414,39.1654,37.9812,36.8521,35.7703,34.7301,33.7281,32.763,31.8346,30.9437,30.0909,29.2772,28.5028,27.7676,27.0711,26.4122,25.7897,25.2018,24.647,24.1233,23.6288,23.1617,22.7201,22.3024,21.9069,21.532,21.1763,20.8384,20.5171,20.2111,19.9194,19.6411,19.3751,19.1206,18.8768,18.643,18.4185,18.2026,17.9948,17.7945,17.6013,17.4145,17.2338,17.0588,16.8891,16.7243,16.5641,16.4081,16.2561,16.1078,15.963,15.8213,15.6827,15.5468,15.4135,15.2827,15.1541,15.0277,14.9032,14.7806,14.6598,14.5406,14.423,14.3069,14.1922,14.0789,13.9668,13.856,13.7463,13.6378,13.5305,13.4242,13.3189,13.2147,13.1115,13.0093,12.908,12.8077,12.7083,12.6098,12.5122,12.4156,12.3198,12.2248,12.1308,12.0375,11.9451,11.8536,11.7628,11.6729,11.5838,11.4954,11.4078,11.321,11.235,11.1497,11.0652,10.9814,10.8983,
 ,-127,13.8137,13.8755,13.9366,13.9968,14.0563,14.115,14.1729,14.2301,14.2866,14.3424,14.3975,14.4521,14.506,14.5594,14.6122,14.6646,14.7166,14.7682,14.8194,14.8704,14.9212,14.9717,15.0222,15.0727,15.1231,15.1737,15.2244,15.2753,15.3266,15.3782,15.4303,15.4829,15.5361,15.5901,15.6448,15.7004,15.757,15.8147,15.8735,15.9335,15.9949,16.0578,16.1222,16.1883,16.2561,16.3259,16.3976,16.4714,16.5475,16.6259,16.7068,16.7903,16.8765,16.9656,17.0577,17.153,17.2516,17.3536,17.4592,17.5686,17.682,17.7995,17.9212,18.0475,18.1785,18.3143,18.4553,18.6015,18.7534,18.911,19.0748,19.2448,19.4215,19.605,19.7958,19.9942,20.2004,20.4149,20.638,20.8702,21.1118,21.3634,21.6255,21.8985,22.1829,22.4795,22.7888,23.1115,23.4482,23.7998,24.1671,24.551,24.9523,25.3722,25.8118,26.2721,26.7546,27.2605,27.7915,28.3491,28.9351,29.5516,30.2005,30.8843,31.6056,32.3671,33.172,34.0238,34.9262,35.8835,36.9005,37.9824,39.1353,40.3657,41.6814,43.0908,44.6037,46.2311,47.9859,49.8827,51.9385,54.1728,56.6088,59.2732,62.1978,65.4202,68.9851,72.9465,77.369,82.3318,87.9317,94.288,101.55,109.905,119.59,130.912,144.268,160.179,179.342,202.696,231.531,267.64,313.553,372.876,450.779,554.604,694.36,882.115,1127.33,1422.12,1714.15,1896.88,1875.29,1662.28,1363.42,1076.26,842.388,664.743,532.732,434.545,360.7,304.319,260.574,226.094,198.512,176.146,157.784,142.541,129.758,118.942,109.717,101.794,94.9475,89.0007,83.8137,79.2749,75.2953,71.8029,68.74,66.0599,63.7248,61.7036,59.9704,58.5026,57.2782,56.2742,55.4629,54.8097,54.2703,53.7904,53.3085,52.762,52.098,51.283,50.3098,49.1971,47.9817,46.7077,45.4163,44.1388,42.8947,41.6922,40.5312,39.407,38.3128,37.2427,36.193,35.1627,34.153,33.1672,32.2094,31.2838,30.3942,29.5434,28.7334,27.9649,27.2379,26.5517,25.9048,25.2956,24.7221,24.1822,23.6736,23.1944,22.7425,22.3159,21.9127,21.5312,21.1698,20.8271,20.5016,20.1922,19.8975,19.6166,19.3484,19.0921,18.8467,18.6116,18.386,18.1692,17.9606,17.7596,17.5658,17.3786,17.1975,17.0221,16.852,16.6869,16.5264,16.3701,16.2178,16.0692,15.924,15.782,15.6429,15.5066,15.3728,15.2415,15.1124,14.9853,14.8602,14.737,14.6154,14.4955,14.3771,14.2602,14.1446,14.0304,13.9175,13.8057,13.6952,13.5858,13.4775,13.3702,13.2641,13.1589,13.0548,12.9517,12.8495,12.7484,12.6481,12.5489,12.4505,12.3531,12.2566,12.161,12.0663,11.9724,11.8795,11.7874,11.6961,11.6058,11.5162,11.4275,11.3396,11.2525,11.1662,11.0807,10.996,10.9121,10.8289,
 ,-128,13.6423,13.7036,13.7642,13.8241,13.8832,13.9417,13.9994,14.0565,14.1129,14.1687,14.2239,14.2786,14.3327,14.3863,14.4394,14.4922,14.5446,14.5966,14.6484,14.6999,14.7513,14.8026,14.8538,14.905,14.9562,15.0076,15.0593,15.1111,15.1633,15.216,15.2691,15.3228,15.3772,15.4322,15.4881,15.5449,15.6027,15.6616,15.7217,15.783,15.8457,15.9098,15.9756,16.043,16.1122,16.1833,16.2564,16.3316,16.409,16.4888,16.5711,16.6559,16.7436,16.8341,16.9276,17.0242,17.1242,17.2276,17.3347,17.4455,17.5602,17.6791,17.8023,17.93,18.0624,18.1996,18.342,18.4897,18.643,18.8021,18.9673,19.1388,19.3169,19.502,19.6943,19.8942,20.1019,20.318,20.5427,20.7765,21.0199,21.2732,21.5369,21.8117,22.098,22.3964,22.7076,23.0322,23.371,23.7247,24.0941,24.4802,24.8839,25.3062,25.7482,26.2111,26.6962,27.2048,27.7386,28.2992,28.8883,29.5079,30.1601,30.8473,31.572,32.3371,33.1457,34.0013,34.9075,35.8688,36.8897,37.9757,39.1325,40.367,41.6865,43.0996,44.616,46.2466,48.0041,49.9031,51.9602,54.1949,56.6299,59.2918,62.2117,65.4267,68.9809,72.927,77.3288,82.2637,87.8262,94.1332,101.33,109.598,119.169,130.337,143.485,159.115,177.887,200.695,228.747,263.712,307.91,364.593,438.317,535.341,663.792,832.654,1047.21,1296.94,1536.5,1682.94,1665.85,1494.59,1247.95,1003.08,797.278,636.765,514.995,422.988,352.959,299,256.835,223.414,196.559,174.703,156.705,141.725,129.135,118.461,109.341,101.494,94.7027,88.794,83.6311,79.1048,75.127,71.6266,68.5458,65.8373,63.4623,61.3885,59.5882,58.0366,56.7104,55.5854,54.635,53.8281,53.1286,52.4949,51.8829,51.2497,50.5595,49.7892,48.9317,47.9952,46.999,45.9671,44.9221,43.8804,42.8508,41.8344,40.8266,39.8206,38.8097,37.7898,36.7605,35.7257,34.6923,33.6691,32.6655,31.6901,30.75,29.8506,28.9952,28.1856,27.4219,26.7034,26.0285,25.395,24.8008,24.2431,23.7194,23.2274,22.7646,22.3287,21.9177,21.5296,21.1627,20.8152,20.4858,20.173,19.8755,19.5922,19.3221,19.0642,18.8175,18.5813,18.3548,18.1373,17.9281,17.7267,17.5325,17.3449,17.1636,16.988,16.8178,16.6525,16.4918,16.3354,16.1829,16.034,15.8886,15.7463,15.6069,15.4702,15.3361,15.2043,15.0746,14.947,14.8213,14.6974,14.5751,14.4544,14.3352,14.2174,14.101,13.9859,13.872,13.7593,13.6478,13.5374,13.4281,13.3199,13.2127,13.1066,13.0015,12.8974,12.7943,12.6922,12.5911,12.491,12.3918,12.2935,12.1963,12.0999,12.0045,11.91,11.8164,11.7237,11.632,11.5411,11.4511,11.3619,11.2736,11.1862,11.0996,11.0139,10.9289,10.8448,10.7615,
 ,-129,13.4752,13.5361,13.5963,13.6557,13.7146,13.7727,13.8303,13.8872,13.9436,13.9993,14.0546,14.1093,14.1636,14.2174,14.2708,14.3239,14.3766,14.4291,14.4814,14.5334,14.5854,14.6373,14.6891,14.7411,14.7931,14.8453,14.8977,14.9505,15.0036,15.0572,15.1113,15.166,15.2214,15.2775,15.3345,15.3925,15.4514,15.5114,15.5727,15.6352,15.6991,15.7645,15.8314,15.9001,15.9706,16.0429,16.1173,16.1938,16.2725,16.3536,16.4372,16.5234,16.6123,16.7041,16.7989,16.8969,16.9982,17.1029,17.2112,17.3234,17.4395,17.5597,17.6842,17.8132,17.9468,18.0854,18.2291,18.3782,18.5328,18.6932,18.8598,19.0326,19.2121,19.3986,19.5923,19.7935,20.0027,20.2202,20.4464,20.6817,20.9265,21.1813,21.4466,21.7229,22.0108,22.3109,22.6238,22.9501,23.2906,23.6461,24.0174,24.4054,24.811,25.2353,25.6794,26.1444,26.6317,27.1426,27.6786,28.2415,28.833,29.455,30.1097,30.7994,31.5267,32.2944,33.1055,33.9635,34.8723,35.8359,36.8591,37.9471,39.1057,40.3416,41.6622,43.0759,44.5921,46.2218,47.9772,49.8728,51.9249,54.1525,56.5779,59.2269,62.13,65.3231,68.8491,72.759,77.1145,81.99,87.4764,93.6854,100.755,108.859,118.214,129.097,141.865,156.978,175.043,196.863,223.511,256.437,297.611,349.701,416.28,501.961,612.164,751.788,921.302,1108.64,1279.5,1380.22,1368.67,1250.28,1072.72,887.125,722.997,589.252,484.145,402.51,339.034,289.307,249.939,218.411,192.866,171.934,154.599,140.103,127.87,117.463,108.543,100.847,94.1697,88.3458,83.2448,78.7617,74.8114,71.3246,68.2448,65.5253,63.1273,61.0179,59.1691,57.5554,56.1532,54.9389,53.8878,52.9729,52.1649,51.4321,50.7426,50.0662,49.3783,48.6627,47.9126,47.1303,46.3246,45.5062,44.6843,43.8628,43.0393,42.2057,41.3501,40.4601,39.5264,38.5453,37.5199,36.4598,35.3793,34.2948,33.2225,32.1765,31.168,30.2049,29.292,28.4316,27.6237,26.8673,26.1601,25.4994,24.8822,24.3052,23.7654,23.2598,22.7857,22.3404,21.9215,21.5268,21.1544,20.8025,20.4692,20.1533,19.8533,19.568,19.2962,19.0368,18.7891,18.552,18.3249,18.1069,17.8974,17.6957,17.5014,17.3137,17.1324,16.9568,16.7865,16.6212,16.4605,16.3041,16.1515,16.0026,15.857,15.7145,15.5749,15.4379,15.3034,15.1712,15.0411,14.9129,14.7866,14.662,14.539,14.4175,14.2975,14.1788,14.0615,13.9454,13.8305,13.7168,13.6043,13.4928,13.3825,13.2732,13.165,13.0578,12.9516,12.8465,12.7424,12.6393,12.5372,12.4361,12.336,12.2369,12.1388,12.0416,11.9454,11.8502,11.7559,11.6626,11.5702,11.4788,11.3883,11.2987,11.2099,11.1221,11.0352,10.9491,10.8639,10.7796,10.6961,
 ,-130,13.3123,13.3727,13.4324,13.4916,13.5501,13.608,13.6653,13.7221,13.7784,13.8341,13.8894,13.9442,13.9986,14.0526,14.1062,14.1596,14.2127,14.2656,14.3182,14.3708,14.4233,14.4758,14.5282,14.5808,14.6336,14.6865,14.7397,14.7933,14.8473,14.9018,14.9568,15.0124,15.0688,15.1259,15.1839,15.2429,15.3029,15.364,15.4263,15.49,15.555,15.6216,15.6897,15.7596,15.8312,15.9047,15.9803,16.058,16.1379,16.2202,16.305,16.3925,16.4826,16.5756,16.6717,16.7709,16.8734,16.9794,17.0889,17.2023,17.3196,17.441,17.5667,17.697,17.8319,17.9717,18.1166,18.2669,18.4227,18.5844,18.7522,18.9263,19.107,19.2947,19.4896,19.6922,19.9026,20.1214,20.3489,20.5855,20.8316,21.0877,21.3544,21.6321,21.9214,22.2229,22.5372,22.865,23.207,23.5641,23.9369,24.3265,24.7337,25.1596,25.6053,26.072,26.5609,27.0736,27.6114,28.176,28.7692,29.3929,30.0493,30.7407,31.4696,32.2387,33.0512,33.9105,34.8203,35.7847,36.8084,37.8965,39.0548,40.2898,41.6086,43.0197,44.5322,46.1568,47.9056,49.7925,51.8334,54.0468,56.4541,59.0805,61.9551,65.1126,68.5939,72.4479,76.7331,81.52,86.8944,92.961,99.8487,107.718,116.768,127.251,139.487,153.888,170.983,191.462,216.226,246.458,283.705,329.965,387.741,459.96,549.516,657.98,782.805,912.908,1025.19,1088.84,1081.67,1006.43,888.566,758.186,636.015,531.154,445.092,375.867,320.521,276.191,240.472,211.456,187.672,167.997,151.575,137.749,126.017,115.986,107.352,99.8754,93.365,87.669,82.665,78.2541,74.3556,70.9034,67.8431,65.1296,62.7248,60.5966,58.7172,57.0615,55.6066,54.3302,53.2101,52.2235,51.3466,50.5554,49.8267,49.1393,48.4763,47.8263,47.184,46.5487,45.923,45.3093,44.7063,44.107,43.4975,42.8574,42.1634,41.3938,40.5331,39.5767,38.5318,37.4163,36.2551,35.0752,33.9024,32.7578,31.6574,30.6117,29.6265,28.7039,27.8434,27.0428,26.2989,25.6077,24.9652,24.3674,23.8105,23.2908,22.8051,22.3502,21.9235,21.5224,21.1447,20.7884,20.4517,20.133,19.8307,19.5436,19.2704,19.01,18.7615,18.5238,18.2963,18.0781,17.8685,17.6668,17.4726,17.2851,17.1038,16.9284,16.7584,16.5933,16.4327,16.2764,16.1239,15.975,15.8294,15.6869,15.5471,15.4099,15.275,15.1424,15.0118,14.8832,14.7562,14.6309,14.5072,14.385,14.2641,14.1445,14.0262,13.9091,13.7932,13.6784,13.5647,13.4521,13.3406,13.2302,13.1208,13.0125,12.9052,12.799,12.6938,12.5896,12.4865,12.3843,12.2832,12.1832,12.0841,11.9861,11.8891,11.793,11.698,11.604,11.5109,11.4189,11.3278,11.2376,11.1484,11.0602,10.9728,10.8864,10.8009,10.7163,10.6326,
 ,-131,13.1534,13.2133,13.2726,13.3314,13.3896,13.4472,13.5044,13.561,13.6172,13.6729,13.7281,13.783,13.8375,13.8917,13.9456,13.9992,14.0526,14.1058,14.1589,14.2119,14.2649,14.3179,14.3709,14.4241,14.4775,14.5311,14.5851,14.6394,14.6942,14.7495,14.8054,14.8619,14.9191,14.9772,15.0362,15.0961,15.1571,15.2193,15.2826,15.3473,15.4134,15.4811,15.5503,15.6212,15.694,15.7686,15.8453,15.9242,16.0052,16.0887,16.1746,16.2632,16.3545,16.4486,16.5458,16.6462,16.7498,16.8569,16.9677,17.0822,17.2006,17.3232,17.45,17.5814,17.7174,17.8584,18.0044,18.1558,18.3128,18.4756,18.6444,18.8197,19.0015,19.1903,19.3864,19.59,19.8016,20.0215,20.2501,20.4879,20.7352,20.9925,21.2603,21.5392,21.8297,22.1324,22.4479,22.7769,23.1201,23.4784,23.8525,24.2433,24.6517,25.0789,25.5258,25.9937,26.4839,26.9977,27.5367,28.1025,28.6967,29.3215,29.9788,30.6709,31.4005,32.1701,32.9829,33.8422,34.7516,35.7153,36.7378,37.8241,38.9799,40.2115,41.526,42.9315,44.4369,46.0525,47.7902,49.6632,51.6871,53.8794,56.2609,58.8553,61.6907,64.7998,68.2214,72.0015,76.1948,80.8671,86.0977,91.983,98.6406,106.215,114.886,124.875,136.463,150,165.933,184.827,207.398,234.554,267.421,307.367,355.949,414.73,484.798,565.769,654.117,741.204,812.652,851.764,847.42,800.957,725.258,637.036,549.642,470.613,402.735,346.015,299.225,260.779,229.149,203.013,181.287,163.104,147.778,134.768,123.649,114.085,105.809,98.6077,92.3112,86.7812,81.9056,77.5931,73.7687,70.3705,67.3471,64.6556,62.2596,60.1282,58.2346,56.555,55.0676,53.7521,52.589,51.5591,50.6436,49.8243,49.0848,48.4107,47.7912,47.219,46.691,46.2064,45.7649,45.3638,44.9943,44.6393,44.2714,43.8544,43.3474,42.7127,41.9242,40.9743,39.8763,38.6611,37.3701,36.0466,34.7294,33.4491,32.2267,31.075,29.9997,29.0019,28.0794,27.2281,26.4427,25.7179,25.0482,24.4283,23.8535,23.3193,22.8218,22.3574,21.923,21.5157,21.133,20.7727,20.4329,20.1117,19.8075,19.5189,19.2446,18.9835,18.7345,18.4966,18.269,18.0509,17.8415,17.6401,17.4461,17.259,17.0782,16.9032,16.7335,16.5688,16.4086,16.2525,16.1003,15.9515,15.806,15.6635,15.5236,15.3863,15.2512,15.1182,14.9872,14.858,14.7305,14.6045,14.48,14.3569,14.2351,14.1146,13.9953,13.8771,13.76,13.6441,13.5292,13.4154,13.3027,13.1911,13.0804,12.9709,12.8624,12.7549,12.6485,12.5431,12.4388,12.3356,12.2334,12.1323,12.0323,11.9333,11.8353,11.7385,11.6426,11.5478,11.454,11.3613,11.2696,11.1788,11.0891,11.0003,10.9126,10.8257,10.7399,10.6549,10.5709,
 ,-132,12.9983,13.0577,13.1166,13.175,13.2329,13.2903,13.3473,13.4038,13.4598,13.5154,13.5707,13.6256,13.6802,13.7345,13.7886,13.8424,13.8961,13.9496,14.0031,14.0565,14.1099,14.1634,14.217,14.2708,14.3248,14.3791,14.4337,14.4887,14.5442,14.6003,14.657,14.7143,14.7724,14.8314,14.8912,14.9521,15.014,15.0771,15.1414,15.2071,15.2742,15.3429,15.4131,15.4851,15.5588,15.6346,15.7123,15.7922,15.8743,15.9588,16.0458,16.1354,16.2278,16.323,16.4213,16.5227,16.6274,16.7356,16.8474,16.9629,17.0824,17.206,17.3339,17.4663,17.6034,17.7453,17.8924,18.0448,18.2028,18.3666,18.5365,18.7127,18.8956,19.0854,19.2825,19.4871,19.6997,19.9206,20.1502,20.3889,20.6372,20.8954,21.1643,21.4441,21.7356,22.0392,22.3557,22.6857,23.0298,23.389,23.764,24.1557,24.5651,24.9931,25.4409,25.9096,26.4005,26.915,27.4546,28.0209,28.6156,29.2406,29.8981,30.5902,31.3194,32.0885,32.9005,33.7585,34.6662,35.6277,36.6473,37.73,38.8813,40.1072,41.4148,42.8117,44.3068,45.9098,47.6321,49.4866,51.4879,53.6529,56.0012,58.5553,61.3417,64.391,67.7394,71.4297,75.5123,80.0475,85.1076,90.7794,97.168,104.401,112.636,122.062,132.917,145.492,160.145,177.321,197.56,221.514,249.947,283.705,323.63,370.358,423.927,483.137,544.691,602.497,647.959,672.145,669.48,640.618,592.074,532.961,471.483,413.173,360.867,315.474,276.806,244.165,216.701,193.577,174.05,157.489,143.373,131.276,120.852,111.822,103.959,97.0801,91.0357,85.7035,80.9831,76.792,73.0615,69.7347,66.7639,64.109,61.736,59.6156,57.7226,56.0349,54.5323,53.1968,52.0114,50.9603,50.0291,49.2046,48.4757,47.8338,47.2732,46.7915,46.3888,46.0667,45.8253,45.6602,45.558,45.4921,45.4195,45.2816,45.0108,44.5422,43.8303,42.8618,41.6601,40.2786,38.7855,37.2496,35.7282,34.2634,32.8814,31.5956,30.4101,29.3229,28.3286,27.4199,26.5888,25.8276,25.1289,24.486,23.8928,23.344,22.8348,22.3611,21.9193,21.5062,21.1189,20.7551,20.4125,20.0892,19.7834,19.4938,19.2188,18.9574,18.7082,18.4704,18.2431,18.0253,17.8164,17.6156,17.4222,17.2357,17.0555,16.8812,16.7121,16.5479,16.3882,16.2326,16.0808,15.9324,15.7871,15.6446,15.5048,15.3674,15.2321,15.0989,14.9675,14.8378,14.7096,14.583,14.4577,14.3337,14.2109,14.0894,13.9689,13.8496,13.7313,13.6141,13.498,13.3829,13.2688,13.1558,13.0438,12.9329,12.8231,12.7143,12.6066,12.5,12.3944,12.29,12.1866,12.0844,11.9833,11.8832,11.7843,11.6864,11.5897,11.494,11.3995,11.306,11.2136,11.1222,11.0318,10.9425,10.8543,10.767,10.6807,10.5954,10.5111,
 ,-133,12.8469,12.9059,12.9644,13.0224,13.08,13.1372,13.1939,13.2502,13.3061,13.3617,13.417,13.4719,13.5266,13.581,13.6352,13.6893,13.7432,13.797,13.8508,13.9046,13.9584,14.0124,14.0665,14.1207,14.1753,14.2302,14.2854,14.3411,14.3973,14.4541,14.5115,14.5696,14.6285,14.6883,14.7489,14.8107,14.8734,14.9374,15.0027,15.0693,15.1373,15.2069,15.2781,15.351,15.4257,15.5024,15.5811,15.662,15.7451,15.8306,15.9186,16.0092,16.1025,16.1988,16.298,16.4004,16.5061,16.6153,16.728,16.8445,16.965,17.0895,17.2184,17.3517,17.4897,17.6326,17.7806,17.934,18.0929,18.2576,18.4283,18.6055,18.7892,18.9799,19.1778,19.3833,19.5967,19.8185,20.0489,20.2884,20.5375,20.7966,21.0662,21.3468,21.639,21.9434,22.2606,22.5913,22.9361,23.296,23.6716,24.0639,24.4738,24.9022,25.3504,25.8195,26.3107,26.8254,27.365,27.9312,28.5257,29.1503,29.8071,30.4984,31.2264,31.994,32.804,33.6596,34.5644,35.5221,36.5373,37.6146,38.7593,39.9775,41.2756,42.6613,44.1429,45.7299,47.433,49.2644,51.2381,53.3701,55.6787,58.185,60.9137,63.8932,67.1569,70.7439,74.7001,79.08,83.9481,89.3815,95.472,102.33,110.089,118.909,128.983,140.544,153.871,169.295,187.205,208.04,232.274,260.372,292.695,329.331,369.834,412.85,455.743,494.44,523.86,539.161,537.473,519.128,487.504,447.613,404.411,361.705,321.866,286.047,254.571,227.279,203.782,183.609,166.288,151.388,138.532,127.399,117.719,109.266,101.855,95.3321,89.5689,84.4596,79.9163,75.8655,72.2457,69.0053,66.101,63.4957,61.1582,59.0614,57.182,55.4996,53.9964,52.6562,51.4648,50.4098,49.4803,48.6676,47.9652,47.3699,46.8813,46.5022,46.2383,46.096,46.0799,46.1885,46.4074,46.7027,47.0133,47.2497,47.301,47.0559,46.4332,45.409,44.0252,42.3749,40.5728,38.7268,36.9205,35.209,33.6218,32.1699,30.8523,29.6612,28.5856,27.6135,26.733,25.9333,25.2046,24.5381,23.9265,23.3633,22.8428,22.3603,21.9117,21.4932,21.1019,20.735,20.3901,20.0652,19.7584,19.4682,19.193,18.9315,18.6826,18.4453,18.2186,18.0015,17.7934,17.5934,17.4009,17.2154,17.0361,16.8626,16.6944,16.531,16.372,16.2171,16.0658,15.9178,15.7729,15.6307,15.491,15.3535,15.2182,15.0847,14.9529,14.8227,14.6939,14.5665,14.4404,14.3155,14.1917,14.069,13.9474,13.8268,13.7072,13.5886,13.4711,13.3546,13.2391,13.1246,13.0111,12.8988,12.7874,12.6772,12.5681,12.4601,12.3532,12.2474,12.1428,12.0393,11.937,11.8359,11.7358,11.637,11.5393,11.4427,11.3472,11.2529,11.1597,11.0677,10.9767,10.8868,10.7979,10.7102,10.6234,10.5377,10.453,
 ,-134,12.699,12.7576,12.8157,12.8734,12.9307,12.9876,13.0441,13.1002,13.156,13.2115,13.2667,13.3217,13.3764,13.4309,13.4853,13.5395,13.5936,13.6477,13.7018,13.756,13.8102,13.8645,13.9191,13.9738,14.0289,14.0843,14.1401,14.1964,14.2533,14.3107,14.3688,14.4276,14.4873,14.5478,14.6092,14.6717,14.7353,14.8001,14.8662,14.9337,15.0026,15.073,15.1451,15.2189,15.2945,15.3721,15.4517,15.5335,15.6175,15.704,15.7929,15.8844,15.9787,16.0758,16.1759,16.2793,16.3859,16.4959,16.6095,16.7269,16.8483,16.9737,17.1034,17.2376,17.3764,17.5202,17.669,17.8232,17.9828,18.1483,18.3199,18.4978,18.6823,18.8737,19.0724,19.2786,19.4927,19.7151,19.9462,20.1864,20.4361,20.6958,20.966,21.2472,21.54,21.8449,22.1625,22.4937,22.8389,23.1991,23.575,23.9676,24.3776,24.8063,25.2545,25.7235,26.2145,26.7288,27.268,27.8335,28.4271,29.0506,29.7061,30.3956,31.1216,31.8867,32.6937,33.5457,34.4462,35.3989,36.4081,37.4783,38.6146,39.8229,41.1094,42.4813,43.9465,45.5142,47.1945,48.9989,50.9406,53.0344,55.2975,57.7495,60.4131,63.3144,66.4838,69.9566,73.7741,77.9847,82.6451,87.8223,93.5954,100.058,107.32,115.512,124.788,135.328,147.341,161.062,176.754,194.692,215.14,238.305,264.257,292.813,323.369,354.715,384.897,411.254,430.761,440.723,439.608,427.592,406.491,379.128,348.503,317.159,286.903,258.818,233.415,210.818,190.922,173.504,158.294,145.018,133.416,123.258,114.34,106.487,99.5509,93.405,87.9429,83.0748,78.725,74.8294,71.3339,68.1925,65.3663,62.8218,60.5305,58.468,56.6131,54.9475,53.4553,52.1228,50.9383,49.8923,48.9774,48.1887,47.5245,46.9864,46.5799,46.3144,46.2028,46.2604,46.501,46.9323,47.5462,48.3064,49.1337,49.8956,50.4126,50.4915,49.9843,48.8463,47.1549,45.0771,42.8076,40.5153,38.3186,36.2842,34.4396,32.7874,31.3158,30.0073,28.8424,27.8023,26.8701,26.0308,25.2718,24.5821,23.9526,23.3756,22.8446,22.354,21.8992,21.4761,21.0814,20.7121,20.3655,20.0396,19.7323,19.4419,19.1669,18.9059,18.6577,18.4213,18.1955,17.9795,17.7725,17.5738,17.3825,17.1982,17.0201,16.8477,16.6806,16.5183,16.3603,16.2062,16.0556,15.9082,15.7638,15.6219,15.4825,15.3451,15.2096,15.0759,14.9438,14.8131,14.6837,14.5556,14.4285,14.3026,14.1777,14.0538,13.9309,13.8089,13.6879,13.5679,13.4488,13.3307,13.2136,13.0975,12.9825,12.8685,12.7556,12.6438,12.5331,12.4236,12.3152,12.208,12.102,11.9972,11.8936,11.7912,11.69,11.59,11.4912,11.3937,11.2973,11.2021,11.1081,11.0152,10.9235,10.8329,10.7435,10.6552,10.5679,10.4818,10.3967,
 ,-135,12.5546,12.6127,12.6705,12.7278,12.7848,12.8414,12.8977,12.9537,13.0093,13.0647,13.1199,13.1748,13.2296,13.2842,13.3387,13.393,13.4474,13.5017,13.5561,13.6105,13.6651,13.7198,13.7747,13.8299,13.8855,13.9414,13.9978,14.0546,14.112,14.1701,14.2288,14.2883,14.3486,14.4098,14.472,14.5352,14.5996,14.6652,14.732,14.8002,14.8699,14.9412,15.0141,15.0887,15.1652,15.2436,15.3241,15.4067,15.4916,15.5788,15.6686,15.7609,15.856,15.954,16.055,16.1591,16.2666,16.3774,16.4919,16.6101,16.7322,16.8584,16.9889,17.1238,17.2635,17.4079,17.5575,17.7123,17.8727,18.0389,18.2112,18.3897,18.5748,18.7669,18.9661,19.1729,19.3876,19.6106,19.8422,20.0829,20.333,20.5932,20.8638,21.1453,21.4384,21.7436,22.0615,22.3928,22.7382,23.0985,23.4744,23.8669,24.2768,24.7051,25.1529,25.6214,26.1117,26.6253,27.1634,27.7277,28.3198,28.9416,29.5949,30.282,31.0051,31.7667,32.5697,33.417,34.312,35.2584,36.2601,37.3216,38.4478,39.6442,40.9169,42.2726,43.719,45.2645,46.9188,48.6926,50.5982,52.6495,54.8622,57.2544,59.8467,62.6631,65.7306,69.0809,72.7506,76.782,81.2244,86.1349,91.5802,97.6376,104.397,111.962,120.45,129.997,140.752,152.874,166.53,181.874,199.028,218.038,238.821,261.083,284.23,307.283,328.845,347.183,360.466,367.146,366.371,358.24,343.77,324.602,302.574,279.372,256.314,234.302,213.866,195.25,178.508,163.572,150.311,138.566,128.171,118.965,110.803,103.552,97.0979,91.3394,86.1898,81.5745,77.4295,73.7,70.3391,67.3065,64.5677,62.0931,59.8572,57.838,56.0166,54.377,52.9053,51.5901,50.4221,49.3946,48.5032,47.7471,47.1286,46.6545,46.3367,46.1924,46.2444,46.5204,47.0503,47.8599,48.9588,50.3204,51.8529,53.37,54.5849,55.1587,54.8155,53.4693,51.268,48.5182,45.5523,42.6314,39.9134,37.4694,35.3132,33.4279,31.7836,30.3475,29.0881,27.9779,26.9935,26.1151,25.3267,24.6149,23.9687,23.3792,22.8387,22.3411,21.8811,21.4543,21.057,20.6859,20.3384,20.0121,19.7049,19.4149,19.1406,18.8806,18.6336,18.3984,18.174,17.9595,17.7541,17.5569,17.3672,17.1844,17.0078,16.8369,16.6712,16.5101,16.3532,16.2002,16.0506,15.904,15.7602,15.6188,15.4797,15.3424,15.207,15.0731,14.9406,14.8094,14.6794,14.5504,14.4224,14.2954,14.1693,14.0441,13.9197,13.7963,13.6737,13.552,13.4312,13.3114,13.1926,13.0748,12.9579,12.8422,12.7276,12.6141,12.5017,12.3905,12.2806,12.1718,12.0643,11.958,11.853,11.7493,11.6468,11.5456,11.4457,11.347,11.2496,11.1534,11.0585,10.9648,10.8723,10.781,10.6909,10.602,10.5142,10.4275,10.342,
 ,-136,12.4135,12.4712,12.5285,12.5855,12.6422,12.6985,12.7546,12.8104,12.8659,12.9212,12.9763,13.0313,13.086,13.1407,13.1952,13.2498,13.3043,13.3588,13.4134,13.4681,13.523,13.578,13.6334,13.689,13.745,13.8013,13.8582,13.9156,13.9735,14.0321,14.0914,14.1515,14.2125,14.2743,14.3371,14.4011,14.4661,14.5324,14.6,14.6689,14.7394,14.8113,14.885,14.9604,15.0376,15.1168,15.1981,15.2815,15.3671,15.4552,15.5457,15.6388,15.7347,15.8334,15.9352,16.0401,16.1482,16.2598,16.375,16.4939,16.6167,16.7437,16.8748,17.0104,17.1507,17.2958,17.446,17.6015,17.7625,17.9293,18.102,18.2811,18.4668,18.6593,18.859,19.0663,19.2814,19.5048,19.7367,19.9777,20.2282,20.4886,20.7594,21.0411,21.3343,21.6396,21.9575,22.2887,22.634,22.9941,23.3697,23.7617,24.1711,24.5988,25.0459,25.5134,26.0026,26.5148,27.0514,27.6139,28.204,28.8233,29.4738,30.1576,30.877,31.6343,32.4323,33.2739,34.1622,35.1009,36.0938,37.1452,38.2596,39.4424,40.6993,42.0368,43.4619,44.9827,46.6081,48.3482,50.2143,52.2192,54.3774,56.7054,59.2217,61.9478,64.9079,68.13,71.646,75.4925,79.7114,84.3511,89.4664,95.1204,101.384,108.338,116.07,124.678,134.263,144.928,156.766,169.851,184.212,199.808,216.483,233.924,251.612,268.79,284.474,297.528,306.816,311.42,310.848,305.158,294.947,281.198,265.066,247.67,229.954,212.628,196.167,180.847,166.795,154.035,142.524,132.184,122.916,114.616,107.183,100.522,94.5449,89.1741,84.3405,79.9833,76.0496,72.4932,69.2741,66.3575,63.7134,61.3159,59.1425,57.1737,55.3932,53.7868,52.343,51.0522,49.9077,48.9052,48.0433,47.3246,46.7556,46.3484,46.1214,46.1007,46.3214,46.828,47.6731,48.9123,50.5904,52.7125,55.1934,57.7909,60.0595,61.4066,61.3108,59.6038,56.5745,52.7909,48.8175,45.0425,41.6581,38.7184,36.2028,34.0599,32.2316,30.6635,29.3093,28.1303,27.0958,26.1807,25.3652,24.6334,23.9726,23.3721,22.8238,22.3205,21.8565,21.427,21.0281,20.6562,20.3086,19.9825,19.676,19.3871,19.1141,18.8556,18.6102,18.3768,18.1543,17.9417,17.7382,17.5429,17.3551,17.1742,16.9995,16.8304,16.6663,16.5068,16.3514,16.1996,16.0511,15.9055,15.7625,15.6218,15.483,15.3461,15.2107,15.0766,14.9438,14.8121,14.6813,14.5515,14.4225,14.2943,14.1668,14.0402,13.9143,13.7892,13.6648,13.5414,13.4187,13.297,13.1763,13.0565,12.9378,12.8201,12.7035,12.5882,12.474,12.361,12.2493,12.1388,12.0296,11.9218,11.8153,11.7101,11.6062,11.5037,11.4025,11.3026,11.2041,11.1069,11.011,10.9164,10.8231,10.731,10.6402,10.5506,10.4621,10.3749,10.2889,
 ,-137,12.2755,12.3328,12.3898,12.4464,12.5028,12.5589,12.6147,12.6703,12.7257,12.7809,12.8359,12.8908,12.9456,13.0003,13.0549,13.1095,13.1642,13.2189,13.2737,13.3287,13.3838,13.4392,13.4948,13.5508,13.6072,13.664,13.7213,13.7791,13.8376,13.8967,13.9565,14.0172,14.0787,14.1412,14.2046,14.2691,14.3348,14.4018,14.47,14.5396,14.6107,14.6834,14.7578,14.8339,14.9118,14.9917,15.0737,15.1578,15.2441,15.3329,15.4241,15.5179,15.6145,15.7139,15.8164,15.9219,16.0308,16.143,16.2589,16.3784,16.5019,16.6294,16.7612,16.8974,17.0382,17.1839,17.3346,17.4906,17.6521,17.8193,17.9925,18.1721,18.3581,18.551,18.7511,18.9586,19.174,19.3976,19.6298,19.871,20.1216,20.382,20.6529,20.9346,21.2277,21.5328,21.8504,22.1814,22.5263,22.8858,23.2608,23.6522,24.0607,24.4874,24.9333,25.3995,25.8871,26.3976,26.9321,27.4923,28.0796,28.6959,29.3429,30.0227,30.7375,31.4896,32.2817,33.1166,33.9972,34.9271,35.9099,36.9497,38.0508,39.2184,40.4578,41.775,43.1767,44.6705,46.2646,47.9684,49.7921,51.7477,53.8481,56.1083,58.545,61.1772,64.0263,67.1167,70.4759,74.1352,78.13,82.5001,87.2903,92.5508,98.3369,104.709,111.731,119.471,127.993,137.358,147.61,158.769,170.811,183.649,197.106,210.891,224.573,237.581,249.219,258.731,265.394,268.645,268.188,264.065,256.64,246.525,234.465,221.212,207.441,193.694,180.369,167.73,155.93,145.039,135.067,125.987,117.749,110.292,103.548,97.4499,91.9352,86.9444,82.4238,78.3248,74.6044,71.2245,68.1513,65.3555,62.8113,60.4962,58.3906,56.478,54.7438,53.1762,51.7655,50.5044,49.388,48.4145,47.5852,46.9055,46.3862,46.0442,45.9046,46.0031,46.3882,47.1242,48.2931,49.9922,52.3225,55.3534,59.0468,63.1261,66.937,69.4702,69.7514,67.4536,63.1371,57.8404,52.4906,47.6274,43.4475,39.9491,37.0479,34.64,32.6288,30.9338,29.4904,28.2485,27.169,26.2217,25.3831,24.6346,23.9617,23.3528,22.7985,22.2912,21.8247,21.3939,20.9944,20.6227,20.2757,19.9508,19.6457,19.3585,19.0874,18.8309,18.5877,18.3566,18.1364,17.9262,17.7251,17.5322,17.3467,17.1681,16.9956,16.8285,16.6665,16.5088,16.3551,16.2049,16.0578,15.9134,15.7713,15.6314,15.4932,15.3565,15.2212,15.087,14.9539,14.8216,14.6901,14.5593,14.4291,14.2996,14.1707,14.0425,13.9148,13.7879,13.6617,13.5362,13.4115,13.2877,13.1648,13.0429,12.922,12.8023,12.6836,12.5662,12.45,12.335,12.2214,12.1091,11.9981,11.8885,11.7803,11.6736,11.5682,11.4643,11.3617,11.2606,11.1609,11.0625,10.9656,10.87,10.7757,10.6828,10.5912,10.5008,10.4118,10.324,10.2374,
 ,-138,12.1406,12.1975,12.2541,12.3104,12.3665,12.4223,12.4779,12.5333,12.5885,12.6436,12.6985,12.7534,12.8081,12.8628,12.9175,12.9723,13.027,13.0819,13.1369,13.1921,13.2475,13.3031,13.3591,13.4154,13.4721,13.5293,13.587,13.6453,13.7042,13.7637,13.8241,13.8852,13.9473,14.0103,14.0743,14.1394,14.2057,14.2732,14.342,14.4123,14.484,14.5573,14.6323,14.7091,14.7877,14.8682,14.9508,15.0355,15.1225,15.2119,15.3038,15.3983,15.4955,15.5955,15.6986,15.8047,15.9142,16.027,16.1434,16.2635,16.3875,16.5156,16.6479,16.7846,16.9259,17.072,17.2232,17.3796,17.5415,17.7091,17.8826,18.0625,18.2488,18.442,18.6422,18.85,19.0655,19.2892,19.5214,19.7626,20.0131,20.2735,20.5442,20.8256,21.1184,21.4232,21.7404,22.0708,22.415,22.7738,23.1479,23.5382,23.9455,24.3709,24.8152,25.2796,25.7653,26.2735,26.8055,27.3628,27.9469,28.5594,29.2023,29.8774,30.5869,31.3331,32.1184,32.9455,33.8175,34.7374,35.7089,36.7359,37.8224,38.9732,40.1935,41.4887,42.8653,44.3301,45.8908,47.556,49.3352,51.2389,53.2791,55.4691,57.8237,60.3597,63.0959,66.0531,69.2551,72.7282,76.5016,80.6081,85.0836,89.9671,95.3009,101.129,107.497,114.449,122.024,130.252,139.145,148.69,158.836,169.477,180.441,191.47,202.219,212.255,221.08,228.179,233.078,235.418,235.021,231.915,226.338,218.688,209.46,199.172,188.307,177.278,166.405,155.92,145.978,136.665,128.023,120.055,112.743,106.055,99.9489,94.3811,89.3065,84.6815,80.4654,76.6202,73.1114,69.9082,66.9827,64.3102,61.8689,59.6397,57.606,55.7533,54.0695,52.5447,51.1709,49.9427,48.8572,47.9145,47.1182,46.4766,46.0036,45.7207,45.6592,45.8637,46.3962,47.3415,48.8136,50.9594,53.9535,57.9648,63.0577,68.9785,74.8484,79.0542,79.873,76.7029,70.5745,63.2796,56.2406,50.1356,45.1053,41.0422,37.7692,35.1154,32.9402,31.1344,29.6154,28.3212,27.2054,26.2328,25.3764,24.6156,23.9342,23.3197,22.7618,22.2525,21.7851,21.3543,20.9556,20.5851,20.2397,19.9168,19.6139,19.329,19.0605,18.8067,18.5663,18.338,18.1206,17.9133,17.715,17.525,17.3423,17.1663,16.9964,16.8319,16.6721,16.5167,16.365,16.2166,16.0711,15.9281,15.7872,15.6481,15.5106,15.3744,15.2392,15.1049,14.9714,14.8385,14.7062,14.5744,14.443,14.312,14.1815,14.0514,13.9219,13.7929,13.6645,13.5368,13.4099,13.2837,13.1585,13.0342,12.911,12.7889,12.668,12.5482,12.4298,12.3127,12.197,12.0826,11.9697,11.8583,11.7483,11.6398,11.5328,11.4273,11.3233,11.2208,11.1198,11.0202,10.9221,10.8255,10.7302,10.6364,10.5439,10.4528,10.363,10.2746,10.1874,
 ,-139,12.0087,12.0651,12.1214,12.1773,12.2331,12.2887,12.344,12.3993,12.4543,12.5093,12.5641,12.6189,12.6736,12.7283,12.783,12.8378,12.8927,12.9477,13.0028,13.0582,13.1138,13.1697,13.2259,13.2825,13.3396,13.3971,13.4552,13.5138,13.5731,13.6332,13.694,13.7556,13.8181,13.8816,13.9461,14.0117,14.0786,14.1466,14.216,14.2868,14.3591,14.433,14.5086,14.5859,14.6651,14.7462,14.8294,14.9147,15.0023,15.0923,15.1847,15.2798,15.3775,15.4781,15.5817,15.6884,15.7984,15.9117,16.0286,16.1492,16.2737,16.4022,16.5349,16.672,16.8137,16.9602,17.1117,17.2685,17.4306,17.5985,17.7723,17.9523,18.1388,18.3321,18.5325,18.7403,18.9558,19.1794,19.4116,19.6526,19.9029,20.163,20.4333,20.7144,21.0067,21.3108,21.6273,21.9569,22.3002,22.6579,23.0309,23.4198,23.8257,24.2493,24.6917,25.154,25.6373,26.1427,26.6717,27.2256,27.8059,28.4142,29.0523,29.7221,30.4256,31.1649,31.9426,32.7612,33.6234,34.5325,35.4916,36.5045,37.5752,38.708,39.9077,41.1795,42.5294,43.9636,45.4892,47.114,48.8467,50.6968,52.6751,54.7932,57.0644,59.5032,62.1259,64.9505,67.997,71.2872,74.8453,78.6978,82.8728,87.4006,92.3126,97.6406,103.415,109.664,116.407,123.656,131.402,139.615,148.232,157.145,166.194,175.163,183.77,191.685,198.543,203.978,207.668,209.377,208.993,206.545,202.199,196.229,188.977,180.811,172.084,163.108,154.137,145.369,136.943,128.949,121.44,114.439,107.947,101.951,96.4289,91.3518,86.6899,82.412,78.4878,74.8883,71.5865,68.5576,65.779,63.2303,60.8934,58.7522,56.7926,55.0026,53.3719,51.8924,50.5578,49.3644,48.3109,47.3989,46.6341,46.0268,45.5937,45.3597,45.3612,45.6498,46.2985,47.4101,49.1271,51.6433,55.2088,60.1059,66.5411,74.3526,82.4858,88.6329,90.0885,85.8729,77.6615,68.2046,59.4599,52.182,46.3944,41.8529,38.2775,35.4307,33.1305,31.2427,29.6691,28.3385,27.1981,26.2089,25.3416,24.5738,23.8882,23.2714,22.7127,22.2036,21.7372,21.308,20.9113,20.5432,20.2005,19.8804,19.5806,19.2989,19.0336,18.7831,18.5461,18.3212,18.1072,17.9033,17.7084,17.5216,17.3422,17.1694,17.0025,16.8408,16.6838,16.5309,16.3816,16.2353,16.0917,15.9503,15.8108,15.6728,15.5361,15.4004,15.2654,15.1311,14.9972,14.8636,14.7304,14.5973,14.4645,14.3319,14.1996,14.0675,13.9358,13.8046,13.6738,13.5436,13.4141,13.2854,13.1576,13.0307,12.9049,12.7802,12.6567,12.5345,12.4136,12.2942,12.1761,12.0596,11.9445,11.8311,11.7191,11.6088,11.5,11.3929,11.2873,11.1833,11.0809,10.98,10.8807,10.7829,10.6866,10.5917,10.4984,10.4064,10.3159,10.2267,10.1388,
 ,-140,11.8796,11.9356,11.9915,12.0472,12.1026,12.1579,12.213,12.268,12.3229,12.3777,12.4325,12.4872,12.5418,12.5965,12.6513,12.7061,12.7611,12.8162,12.8715,12.927,12.9828,13.0389,13.0953,13.1522,13.2096,13.2674,13.3258,13.3848,13.4445,13.5049,13.5661,13.6281,13.6911,13.755,13.82,13.8861,13.9534,14.022,14.0919,14.1632,14.236,14.3104,14.3865,14.4643,14.5441,14.6257,14.7094,14.7953,14.8834,14.9739,15.0668,15.1624,15.2606,15.3617,15.4658,15.5729,15.6834,15.7971,15.9145,16.0355,16.1603,16.2892,16.4222,16.5597,16.7017,16.8485,17.0002,17.1572,17.3195,17.4876,17.6615,17.8416,18.0281,18.2214,18.4218,18.6295,18.8449,19.0683,19.3002,19.5409,19.7909,20.0505,20.3203,20.6007,20.8923,21.1956,21.5112,21.8398,22.1819,22.5383,22.9098,23.2971,23.7011,24.1227,24.5629,25.0226,25.5031,26.0054,26.5309,27.0809,27.6569,28.2604,28.8931,29.5569,30.2537,30.9855,31.7548,32.564,33.4157,34.3129,35.2587,36.2566,37.3102,38.4238,39.6017,40.8489,42.1707,43.5729,45.062,46.6451,48.33,50.1253,52.0405,54.086,56.2733,58.615,61.1252,63.819,66.7133,69.8262,73.1773,76.7877,80.6795,84.8757,89.3993,94.2728,99.516,105.145,111.168,117.585,124.376,131.505,138.905,146.476,154.076,161.521,168.582,174.995,180.48,184.764,187.613,188.867,188.457,186.416,182.874,178.037,172.156,165.502,158.339,150.906,143.403,135.991,128.791,121.888,115.337,109.168,103.394,98.0135,93.0176,88.3897,84.1101,80.1575,76.5099,73.1454,70.0435,67.1844,64.5502,62.1242,59.8916,57.839,55.9547,54.2286,52.6525,51.2197,49.9256,48.7675,47.7456,46.863,46.1264,45.5479,45.1458,44.9473,44.9916,45.3347,46.0564,47.27,49.1361,51.8789,55.7995,61.263,68.5914,77.7242,87.5223,95.1595,97.1153,92.0869,82.3008,71.2828,61.3697,53.3285,47.0699,42.2423,38.4924,35.5379,33.1705,31.2402,29.6398,28.2924,27.1418,26.1467,25.2764,24.5077,23.8225,23.2071,22.6505,22.144,21.6807,21.2547,20.8615,20.497,20.158,19.8418,19.5458,19.2681,19.0068,18.7604,18.5273,18.3064,18.0965,17.8965,17.7055,17.5226,17.3469,17.1777,17.0143,16.856,16.7022,16.5522,16.4056,16.2618,16.1204,15.9809,15.843,15.7062,15.5704,15.4353,15.3006,15.1662,15.0319,14.8976,14.7633,14.629,14.4946,14.3601,14.2257,14.0914,13.9573,13.8234,13.69,13.557,13.4247,13.2931,13.1624,13.0326,12.9039,12.7763,12.6501,12.5251,12.4016,12.2795,12.1589,12.04,11.9226,11.8069,11.6929,11.5805,11.4699,11.3609,11.2536,11.148,11.0441,10.9418,10.8411,10.7421,10.6447,10.5488,10.4544,10.3616,10.2702,10.1803,10.0917,
 ,-141,11.7532,11.8089,11.8644,11.9197,11.9749,12.0299,12.0848,12.1396,12.1943,12.2489,12.3035,12.3581,12.4128,12.4674,12.5222,12.5771,12.6321,12.6872,12.7426,12.7983,12.8543,12.9105,12.9672,13.0243,13.0819,13.14,13.1987,13.258,13.318,13.3788,13.4404,13.5028,13.5661,13.6305,13.6959,13.7624,13.8301,13.8992,13.9695,14.0413,14.1146,14.1895,14.266,14.3443,14.4245,14.5066,14.5908,14.6771,14.7657,14.8566,14.95,15.046,15.1447,15.2462,15.3507,15.4583,15.569,15.6832,15.8009,15.9222,16.0474,16.1765,16.3099,16.4475,16.5898,16.7367,16.8886,17.0457,17.2082,17.3762,17.5502,17.7303,17.9168,18.11,18.3101,18.5176,18.7327,18.9559,19.1874,19.4276,19.677,19.936,20.2051,20.4847,20.7754,21.0777,21.3922,21.7195,22.0602,22.4151,22.7848,23.1702,23.572,23.9913,24.4288,24.8856,25.3629,25.8617,26.3832,26.9289,27.5,28.0982,28.725,29.3821,30.0716,30.7953,31.5555,32.3545,33.1949,34.0793,35.0109,35.9928,37.0285,38.1218,39.2769,40.4983,41.7909,43.1601,44.6117,46.1521,47.7883,49.5281,51.3797,53.3523,55.456,57.7017,60.1012,62.6675,65.4144,68.3569,71.5109,74.893,78.5204,82.4104,86.58,91.0445,95.8169,100.906,106.313,112.03,118.037,124.296,130.744,137.292,143.817,150.163,156.134,161.512,166.061,169.56,171.823,172.733,172.252,170.426,167.375,163.271,158.317,152.723,146.691,140.407,134.027,127.679,121.465,115.457,109.708,104.249,99.0975,94.2606,89.7357,85.5149,81.5862,77.9354,74.5471,71.4053,68.4943,65.7989,63.305,60.9992,58.8695,56.9049,55.096,53.4344,51.9134,50.5278,49.2741,48.1511,47.1596,46.3037,45.5911,45.0346,44.653,44.4744,44.5385,44.902,45.6456,46.8836,48.7784,51.5569,55.5255,61.0572,68.4869,77.7666,87.7523,95.5636,97.5876,92.4841,82.5437,71.3776,61.3602,53.2566,46.9642,42.1199,38.3634,35.4079,33.0426,31.1162,29.5207,28.1786,27.0335,26.0441,25.1794,24.4162,23.7364,23.1264,22.575,22.0737,21.6154,21.1944,20.8061,20.4465,20.1124,19.801,19.5098,19.2369,18.9803,18.7386,18.5102,18.294,18.0887,17.8933,17.7068,17.5283,17.3569,17.1919,17.0325,16.8781,16.7278,16.5813,16.4378,16.2968,16.1579,16.0206,15.8845,15.7493,15.6146,15.4801,15.3457,15.2112,15.0764,14.9413,14.8059,14.67,14.5338,14.3973,14.2605,14.1237,13.9868,13.8501,13.7136,13.5775,13.442,13.3072,13.1732,13.0402,12.9083,12.7776,12.6482,12.5202,12.3937,12.2688,12.1455,12.0239,11.904,11.7859,11.6696,11.555,11.4423,11.3314,11.2223,11.1149,11.0094,10.9056,10.8035,10.7032,10.6045,10.5075,10.4121,10.3183,10.226,10.1353,10.046,
 ,-142,11.6295,11.6848,11.7399,11.7949,11.8498,11.9045,11.9592,12.0137,12.0683,12.1228,12.1773,12.2318,12.2863,12.3409,12.3957,12.4505,12.5056,12.5608,12.6163,12.6721,12.7282,12.7846,12.8415,12.8988,12.9566,13.0149,13.0739,13.1335,13.1938,13.2549,13.3167,13.3795,13.4432,13.5079,13.5737,13.6406,13.7087,13.7781,13.8489,13.9211,13.9948,14.0701,14.1471,14.2258,14.3064,14.3889,14.4735,14.5602,14.6492,14.7405,14.8343,14.9307,15.0298,15.1316,15.2364,15.3443,15.4554,15.5699,15.6878,15.8094,15.9348,16.0642,16.1977,16.3355,16.4779,16.625,16.7769,16.934,17.0965,17.2645,17.4384,17.6184,17.8047,17.9976,18.1975,18.4047,18.6194,18.8421,19.073,19.3127,19.5614,19.8196,20.0878,20.3664,20.656,20.9571,21.2702,21.596,21.9351,22.2881,22.6558,23.039,23.4384,23.8549,24.2895,24.7431,25.2168,25.7116,26.2288,26.7697,27.3355,27.9278,28.5482,29.1982,29.8797,30.5946,31.345,32.1332,32.9614,33.8324,34.749,35.7141,36.731,37.8032,38.9346,40.1293,41.3919,42.7272,44.1405,45.6375,47.2246,48.9085,50.6966,52.5968,54.6179,56.7692,59.0608,61.5035,64.1088,66.8889,69.8565,73.0249,76.4074,80.0171,83.8663,87.9659,92.3243,96.946,101.83,106.967,112.337,117.908,123.625,129.415,135.172,140.761,146.012,150.724,154.681,157.674,159.535,160.167,159.559,157.782,154.97,151.289,146.921,142.041,136.809,131.367,125.838,120.32,114.892,109.616,104.534,99.6769,95.0631,90.7018,86.5953,82.7407,79.1315,75.7587,72.6115,69.6788,66.9487,64.4098,62.051,59.8619,57.8327,55.9548,54.2203,52.6227,51.1565,49.8178,48.6041,47.5149,46.5519,45.7197,45.0262,44.4842,44.1123,43.9375,43.9979,44.3473,45.061,46.2446,48.0454,50.6648,54.3651,59.4487,66.1498,74.3307,82.9149,89.4677,91.0862,86.7146,78.1611,68.362,59.3664,51.9336,46.0606,41.4772,37.8858,35.038,32.7454,30.8698,29.3112,27.9968,26.8732,25.901,25.0506,24.2993,23.6301,23.0293,22.4863,21.9926,21.5415,21.1272,20.7453,20.3919,20.0638,19.7582,19.4727,19.2054,18.9544,18.7181,18.4952,18.2843,18.0843,17.8942,17.7128,17.5393,17.3729,17.2126,17.0578,16.9077,16.7616,16.6189,16.479,16.3413,16.2053,16.0705,15.9365,15.803,15.6695,15.5358,15.4018,15.2672,15.1319,14.9958,14.859,14.7214,14.5831,14.4442,14.3048,14.165,14.0251,13.885,13.7451,13.6056,13.4665,13.328,13.1904,13.0538,12.9183,12.7841,12.6513,12.52,12.3902,12.2622,12.1359,12.0114,11.8888,11.768,11.6492,11.5323,11.4174,11.3043,11.1932,11.0841,10.9768,10.8713,10.7678,10.666,10.5661,10.4678,10.3713,10.2765,10.1833,10.0917,10.0016,
 ,-143,11.5084,11.5633,11.6181,11.6727,11.7272,11.7817,11.8361,11.8905,11.9448,11.9991,12.0535,12.1079,12.1623,12.2169,12.2716,12.3265,12.3815,12.4368,12.4924,12.5482,12.6044,12.661,12.718,12.7755,12.8335,12.892,12.9512,13.0111,13.0716,13.133,13.1951,13.2582,13.3222,13.3873,13.4534,13.5206,13.5891,13.6588,13.73,13.8025,13.8766,13.9522,14.0296,14.1087,14.1896,14.2725,14.3575,14.4446,14.5339,14.6256,14.7197,14.8164,14.9157,15.0179,15.123,15.2311,15.3425,15.4572,15.5753,15.6971,15.8226,15.9521,16.0858,16.2237,16.3661,16.5132,16.6651,16.8222,16.9845,17.1524,17.3261,17.5058,17.6919,17.8845,18.084,18.2907,18.5049,18.7269,18.9572,19.1961,19.4439,19.7012,19.9684,20.2458,20.5341,20.8338,21.1453,21.4694,21.8066,22.1576,22.523,22.9037,23.3004,23.7139,24.1452,24.5952,25.065,25.5555,26.0679,26.6035,27.1636,27.7496,28.363,29.0053,29.6783,30.3839,31.1239,31.9006,32.7161,33.573,34.4737,35.4213,36.4186,37.469,38.576,39.7434,40.9753,42.276,43.6505,45.1039,46.6416,48.2697,49.9947,51.8235,53.7635,55.8228,58.0098,60.3335,62.8035,65.4296,68.2223,71.1918,74.3486,77.7028,81.2636,85.0392,89.0355,93.2556,97.6982,102.357,107.216,112.251,117.423,122.673,127.918,133.039,137.88,142.243,145.899,148.62,150.221,150.607,149.797,147.905,145.106,141.589,137.533,133.094,128.403,123.567,118.674,113.797,108.995,104.313,99.7855,95.4373,91.2851,87.3385,83.6018,80.075,76.7551,73.6365,70.7124,67.9746,65.4148,63.0244,60.7947,58.7179,56.7862,54.9926,53.3311,51.7963,50.3841,49.0913,47.9165,46.8597,45.923,45.111,44.4316,43.8969,43.5243,43.3386,43.374,43.6783,44.3167,45.3787,46.9843,49.29,52.4849,56.7595,62.2036,68.5771,74.9616,79.6102,80.6212,77.327,70.8742,63.2289,55.9157,49.6328,44.502,40.3908,37.1024,34.453,32.2936,30.5102,29.0172,27.7508,26.6634,25.7193,24.8912,24.1582,23.5042,22.9164,22.3847,21.9012,21.4592,21.0534,20.6794,20.3334,20.0124,19.7136,19.4348,19.1739,18.9293,18.6993,18.4825,18.2777,18.0838,17.8995,17.7239,17.5562,17.3953,17.2404,17.0909,16.9458,16.8044,16.6662,16.5303,16.3964,16.2637,16.1318,16.0002,15.8685,15.7365,15.6037,15.4701,15.3353,15.1994,15.0623,14.9239,14.7843,14.6436,14.5019,14.3595,14.2164,14.0728,13.9291,13.7853,13.6417,13.4986,13.3561,13.2144,13.0738,12.9343,12.7962,12.6596,12.5246,12.3913,12.2598,12.1302,12.0026,11.877,11.7534,11.6319,11.5124,11.395,11.2797,11.1665,11.0553,10.9462,10.839,10.7339,10.6306,10.5292,10.4297,10.332,10.2361,10.1419,10.0494,9.95848,
 ,-144,11.3897,11.4442,11.4986,11.553,11.6072,11.6614,11.7155,11.7697,11.8238,11.878,11.9322,11.9864,12.0408,12.0953,12.1499,12.2048,12.2598,12.3151,12.3707,12.4266,12.4829,12.5396,12.5967,12.6544,12.7125,12.7713,12.8306,12.8907,12.9515,13.0131,13.0755,13.1388,13.2031,13.2684,13.3348,13.4024,13.4711,13.5412,13.6126,13.6855,13.7599,13.8359,13.9135,13.993,14.0742,14.1574,14.2427,14.3301,14.4197,14.5116,14.606,14.703,14.8026,14.905,15.0103,15.1186,15.2302,15.345,15.4633,15.5852,15.7108,15.8404,15.974,16.1119,16.2543,16.4013,16.5532,16.7101,16.8722,17.0399,17.2133,17.3927,17.5783,17.7705,17.9695,18.1756,18.3891,18.6105,18.8399,19.0779,19.3247,19.5809,19.8468,20.1229,20.4098,20.7078,21.0176,21.3397,21.6748,22.0235,22.3864,22.7643,23.158,23.5683,23.996,24.4421,24.9075,25.3933,25.9007,26.4306,26.9846,27.5638,28.1697,28.8039,29.4679,30.1635,30.8927,31.6573,32.4595,33.3016,34.186,35.1153,36.0925,37.1205,38.2024,39.3419,40.5426,41.8085,43.1439,44.5534,46.0419,47.6147,49.2774,51.036,52.8968,54.8667,56.9529,59.1627,61.504,63.9849,66.6138,69.3989,72.3485,75.4706,78.7727,82.2611,85.9413,89.8165,93.8879,98.1532,102.605,107.231,112.008,116.898,121.841,126.739,131.445,135.748,139.378,142.043,143.503,143.647,142.531,140.346,137.341,133.756,129.786,125.573,121.22,116.804,112.381,107.998,103.692,99.4939,95.4263,91.508,87.7517,84.166,80.7552,77.5209,74.4619,71.5751,68.8561,66.2993,63.8989,61.6484,59.5416,57.5721,55.7342,54.0223,52.4316,50.9581,49.5984,48.3504,47.2131,46.1868,45.274,44.479,43.8092,43.2754,42.8932,42.684,42.6772,42.9124,43.4421,44.3357,45.6813,47.5851,50.1605,53.4926,57.5575,62.0767,66.3517,69.272,69.7468,67.4092,62.8912,57.3485,51.7907,46.786,42.5261,38.9939,36.0896,33.6981,31.715,30.0548,28.6499,27.4482,26.4093,25.5025,24.7038,23.9945,23.36,22.7887,22.2712,21.8001,21.3692,20.9734,20.6087,20.2714,19.9585,19.6676,19.3963,19.1429,18.9054,18.6825,18.4726,18.2747,18.0875,17.9099,17.7409,17.5796,17.425,17.2763,17.1326,16.9932,16.8572,16.724,16.5929,16.4631,16.3342,16.2056,16.0768,15.9474,15.8169,15.6852,15.552,15.4171,15.2804,15.1419,15.0017,14.8598,14.7163,14.5715,14.4255,14.2786,14.131,13.983,13.8348,13.6867,13.539,13.3919,13.2457,13.1005,12.9566,12.8142,12.6733,12.5343,12.397,12.2618,12.1286,11.9975,11.8686,11.7419,11.6175,11.4953,11.3753,11.2576,11.1421,11.0288,10.9176,10.8086,10.7017,10.5969,10.494,10.3932,10.2942,10.1971,10.1019,10.0084,9.91658,
 ,-145,11.2734,11.3276,11.3816,11.4356,11.4895,11.5434,11.5973,11.6512,11.7052,11.7591,11.8132,11.8673,11.9216,11.976,12.0306,12.0854,12.1404,12.1957,12.2513,12.3073,12.3636,12.4204,12.4776,12.5354,12.5937,12.6526,12.7121,12.7723,12.8333,12.8951,12.9577,13.0213,13.0858,13.1514,13.218,13.2858,13.3549,13.4252,13.4969,13.57,13.6447,13.7209,13.7989,13.8786,13.9601,14.0436,14.1291,14.2167,14.3065,14.3987,14.4933,14.5905,14.6903,14.7928,14.8983,15.0068,15.1184,15.2333,15.3517,15.4736,15.5993,15.7289,15.8625,16.0003,16.1426,16.2894,16.4411,16.5977,16.7596,16.927,17.1,17.2789,17.4641,17.6557,17.854,18.0594,18.2722,18.4926,18.7211,18.958,19.2038,19.4587,19.7232,19.9978,20.283,20.5792,20.8871,21.2071,21.5398,21.886,22.2461,22.621,23.0115,23.4182,23.842,24.2839,24.7447,25.2255,25.7273,26.2513,26.7986,27.3707,27.9687,28.5943,29.2488,29.9341,30.6518,31.4038,32.1921,33.0189,33.8864,34.7971,35.7536,36.7586,37.8151,38.9263,40.0955,41.3263,42.6225,43.9883,45.4279,46.946,48.5475,50.2374,52.0213,53.9049,55.8941,57.9952,60.2146,62.5589,65.035,67.6494,70.4091,73.3205,76.39,79.6237,83.0272,86.6056,90.3633,94.3044,98.4317,102.746,107.245,111.915,116.725,121.604,126.416,130.928,134.8,137.626,139.055,138.935,137.38,134.704,131.279,127.421,123.35,119.195,115.03,110.896,106.818,102.816,98.9054,95.1017,91.4172,87.8629,84.4469,81.1753,78.0518,75.078,72.2539,69.5778,67.0468,64.6575,62.4057,60.2867,58.2959,56.4287,54.6804,53.0471,51.5249,50.1107,48.8019,47.5971,46.4957,45.4982,44.607,43.8261,43.162,42.624,42.2253,41.9837,41.9227,42.0732,42.4747,43.1763,44.2361,45.7163,47.6695,50.1092,52.9537,55.9501,58.6157,60.293,60.3957,58.7341,55.6348,51.7335,47.6499,43.799,40.3776,37.4333,34.9367,32.8284,31.0443,29.526,28.2242,27.0989,26.1178,25.2555,24.4919,23.8109,23.1996,22.6477,22.1468,21.6901,21.272,20.8878,20.5337,20.2062,19.9026,19.6205,19.3578,19.1125,18.8831,18.668,18.466,18.2757,18.096,17.9259,17.7643,17.6102,17.4627,17.3209,17.184,17.051,16.9211,16.7937,16.6679,16.5431,16.4185,16.2937,16.168,16.0411,15.9125,15.7819,15.6491,15.514,15.3764,15.2364,15.094,14.9493,14.8027,14.6542,14.5041,14.3528,14.2005,14.0476,13.8944,13.7412,13.5883,13.436,13.2847,13.1344,12.9856,12.8383,12.6928,12.5492,12.4076,12.2682,12.1311,11.9963,11.8638,11.7338,11.6061,11.481,11.3582,11.2379,11.1199,11.0043,10.891,10.7801,10.6713,10.5648,10.4604,10.3581,10.2578,10.1595,10.0631,9.96856,9.87585,
 ,-146,11.1595,11.2132,11.2669,11.3206,11.3742,11.4278,11.4814,11.5351,11.5888,11.6426,11.6965,11.7505,11.8046,11.8589,11.9134,11.9682,12.0232,12.0784,12.1341,12.1901,12.2464,12.3033,12.3606,12.4184,12.4768,12.5358,12.5955,12.6559,12.717,12.779,12.8418,12.9055,12.9702,13.036,13.1029,13.1709,13.2401,13.3107,13.3826,13.456,13.5309,13.6074,13.6855,13.7654,13.8472,13.9309,14.0166,14.1044,14.1944,14.2868,14.3815,14.4788,14.5788,14.6815,14.787,14.8956,15.0073,15.1222,15.2406,15.3625,15.4881,15.6176,15.7511,15.8887,16.0308,16.1774,16.3288,16.4852,16.6467,16.8136,16.9861,17.1645,17.3491,17.54,17.7376,17.9422,18.1541,18.3735,18.6009,18.8367,19.0811,19.3346,19.5976,19.8705,20.1539,20.4481,20.7538,21.0715,21.4017,21.7451,22.1022,22.4739,22.8608,23.2637,23.6834,24.1207,24.5766,25.052,25.548,26.0656,26.6061,27.1705,27.7603,28.3768,29.0215,29.6959,30.4018,31.1407,31.9147,32.7258,33.5759,34.4675,35.4029,36.3845,37.4152,38.4978,39.6353,40.831,42.0882,43.4105,44.8019,46.2661,47.8076,49.4307,51.14,52.9403,54.8367,56.8343,58.9384,61.1544,63.488,65.9445,68.5299,71.2496,74.1098,77.1164,80.2762,83.5964,87.086,90.7557,94.6189,98.6923,102.994,107.541,112.336,117.344,122.449,127.399,131.758,134.952,136.453,136.032,133.892,130.532,126.5,122.212,117.908,113.699,109.62,105.674,101.853,98.1486,94.5581,91.0806,87.7182,84.4741,81.3519,78.3547,75.4848,72.7434,70.1306,67.6458,65.2871,63.0523,60.9386,58.9427,57.0613,55.2909,53.6282,52.0701,50.6137,49.2566,47.997,46.8337,45.7665,44.7961,43.9246,43.1554,42.4941,41.9483,41.5286,41.2489,41.1273,41.1862,41.4532,41.9598,42.7399,43.8229,45.2223,46.9134,48.8015,50.6876,52.2573,53.1334,53.0054,51.7761,49.6123,46.8565,43.8752,40.9499,38.2464,35.8352,33.7262,31.8982,30.3174,28.9479,27.7565,26.7142,25.7967,24.984,24.2596,23.6103,23.0251,22.495,22.0128,21.5724,21.1686,20.7973,20.455,20.1384,19.8452,19.5728,19.3195,19.0833,18.8628,18.6564,18.463,18.2812,18.11,17.9482,17.7949,17.6489,17.5095,17.3755,17.2461,17.1204,16.9976,16.8767,16.757,16.6377,16.5181,16.3976,16.2756,16.1515,16.025,15.8957,15.7634,15.6279,15.4892,15.3473,15.2024,15.0546,14.9041,14.7513,14.5965,14.4401,14.2824,14.1239,13.9649,13.8059,13.6471,13.489,13.3318,13.1759,13.0215,12.8689,12.7182,12.5696,12.4232,12.2793,12.1378,11.9989,11.8626,11.7289,11.5978,11.4694,11.3437,11.2205,11.0999,10.9819,10.8664,10.7533,10.6426,10.5343,10.4282,10.3244,10.2227,10.1231,10.0255,9.92994,9.83625,
 ,-147,11.0477,11.1011,11.1544,11.2077,11.2611,11.3144,11.3678,11.4212,11.4747,11.5283,11.582,11.6358,11.6898,11.744,11.7984,11.8531,11.908,11.9633,12.0189,12.0749,12.1313,12.1881,12.2455,12.3034,12.3619,12.421,12.4808,12.5413,12.6025,12.6646,12.7276,12.7915,12.8564,12.9223,12.9893,13.0576,13.127,13.1977,13.2699,13.3434,13.4185,13.4951,13.5735,13.6536,13.7355,13.8193,13.9052,13.9932,14.0833,14.1758,14.2707,14.368,14.468,14.5708,14.6764,14.785,14.8966,15.0116,15.1299,15.2517,15.3772,15.5065,15.6398,15.7773,15.9191,16.0654,16.2164,16.3723,16.5334,16.6998,16.8718,17.0495,17.2334,17.4235,17.6203,17.8239,18.0348,18.2531,18.4793,18.7137,18.9567,19.2086,19.47,19.7411,20.0224,20.3145,20.6179,20.933,21.2605,21.6009,21.9549,22.3231,22.7062,23.105,23.5202,23.9528,24.4035,24.8732,25.3631,25.874,26.4072,26.9637,27.5449,28.152,28.7864,29.4496,30.1431,30.8686,31.6279,32.4228,33.2552,34.1273,35.0412,35.9993,37.0039,38.0578,39.1636,40.3241,41.5425,42.8219,44.1656,45.5771,47.06,48.6181,50.2553,51.9756,53.7832,55.6824,57.6776,59.7731,61.9737,64.2841,66.7091,69.2539,71.9243,74.7269,77.6694,80.7619,84.0171,87.4525,91.0917,94.9662,99.1156,103.586,108.418,113.62,119.11,124.623,129.625,133.333,134.978,134.23,131.404,127.246,122.516,117.73,113.143,108.834,104.794,100.984,97.3653,93.9048,90.5803,87.3779,84.2902,81.3136,78.4472,75.6911,73.0459,70.5122,68.09,65.7789,63.5778,61.4855,59.5,57.6191,55.8405,54.1617,52.5803,51.0939,49.7005,48.3982,47.1858,46.0625,45.028,44.0832,43.2298,42.4706,41.8101,41.2543,40.8113,40.4915,40.3078,40.2754,40.4119,40.7355,41.2623,42.0011,42.9438,44.0518,45.2398,46.3634,47.224,47.6056,47.3415,46.3808,44.8101,42.8155,40.6113,38.381,36.2504,34.2887,32.5228,30.9532,29.5664,28.3431,27.2627,26.3056,25.4543,24.6938,24.0113,23.3961,22.839,22.3327,21.8708,21.448,21.0599,20.7027,20.3732,20.0686,19.7866,19.5249,19.2818,19.0557,18.8449,18.6482,18.4642,18.2919,18.13,17.9776,17.8334,17.6966,17.5661,17.441,17.3202,17.2028,17.0879,16.9745,16.8618,16.7489,16.635,16.5195,16.4016,16.2808,16.1566,16.0288,15.897,15.7611,15.621,15.4769,15.3289,15.1773,15.0224,14.8646,14.7043,14.5419,14.378,14.2131,14.0475,13.8817,13.7163,13.5515,13.3878,13.2255,13.0649,12.9063,12.7498,12.5957,12.4441,12.2951,12.1489,12.0055,11.865,11.7273,11.5926,11.4607,11.3317,11.2055,11.0822,10.9615,10.8436,10.7283,10.6156,10.5053,10.3975,10.2921,10.1889,10.0879,9.98915,9.89242,9.7977,
 ,-148,10.9381,10.9911,11.0441,11.0971,11.1501,11.2032,11.2563,11.3094,11.3627,11.4161,11.4696,11.5233,11.5771,11.6312,11.6855,11.7401,11.795,11.8502,11.9057,11.9617,12.0181,12.075,12.1324,12.1903,12.2488,12.308,12.3679,12.4284,12.4898,12.552,12.6151,12.6791,12.7441,12.8102,12.8774,12.9457,13.0153,13.0862,13.1585,13.2322,13.3074,13.3842,13.4627,13.5429,13.6249,13.7089,13.7949,13.8829,13.9732,14.0657,14.1606,14.2581,14.3581,14.4608,14.5664,14.6749,14.7865,14.9014,15.0195,15.1412,15.2665,15.3956,15.5287,15.6658,15.8073,15.9532,16.1038,16.2592,16.4198,16.5856,16.7569,16.9339,17.1169,17.3062,17.502,17.7046,17.9144,18.1315,18.3563,18.5893,18.8307,19.0809,19.3404,19.6095,19.8888,20.1785,20.4794,20.7918,21.1163,21.4536,21.8041,22.1686,22.5478,22.9422,23.3528,23.7803,24.2255,24.6893,25.1727,25.6767,26.2022,26.7505,27.3227,27.9201,28.5438,29.1955,29.8763,30.5881,31.3323,32.1107,32.9251,33.7774,34.6696,35.6038,36.5823,37.6074,38.6815,39.8072,40.9871,42.2241,43.521,44.8808,46.3067,47.8018,49.3694,51.0128,52.7357,54.5414,56.4336,58.416,60.4924,62.6669,64.9439,67.3281,69.8253,72.4425,75.1886,78.0757,81.12,84.3444,87.7806,91.4719,95.476,99.8633,104.709,110.061,115.876,121.893,127.494,131.699,133.498,132.449,128.989,124.109,118.765,113.561,108.748,104.369,100.374,96.6905,93.2506,90.0023,86.9088,83.9454,81.097,78.3545,75.7131,73.1705,70.7258,68.3785,66.1285,63.9755,61.9189,59.9579,58.0913,56.3177,54.6356,53.0432,51.5388,50.1208,48.7875,47.5379,46.3707,45.2857,44.2826,43.3621,42.5256,41.7753,41.1147,40.5482,40.0817,39.7224,39.4789,39.3608,39.378,39.5391,39.8491,40.3048,40.8889,41.5621,42.2559,42.8697,43.279,43.3585,43.016,42.2238,41.0282,39.5325,37.8631,36.1376,34.446,32.8466,31.3701,30.0275,28.8171,27.7308,26.757,25.8835,25.0985,24.391,23.7515,23.1716,22.644,22.1626,21.7222,21.3182,20.9469,20.6048,20.2891,19.9974,19.7274,19.4773,19.2454,19.0301,18.83,18.6438,18.4703,18.3083,18.1568,18.0147,17.8808,17.7542,17.6339,17.5187,17.4076,17.2997,17.1938,17.0891,16.9844,16.8788,16.7715,16.6617,16.5486,16.4315,16.3101,16.1838,16.0525,15.916,15.7743,15.6275,15.4759,15.3198,15.1596,14.9959,14.8291,14.6598,14.4887,14.3163,14.1431,13.9697,13.7966,13.6243,13.4532,13.2837,13.1161,12.9508,12.7879,12.6277,12.4703,12.3158,12.1644,12.0162,11.8711,11.7291,11.5904,11.4548,11.3223,11.1929,11.0666,10.9432,10.8227,10.705,10.5901,10.4778,10.3682,10.261,10.1563,10.054,9.95386,9.85595,9.76016,
 ,-149,10.8306,10.8832,10.9359,10.9885,11.0412,11.094,11.1468,11.1997,11.2528,11.3059,11.3593,11.4128,11.4665,11.5204,11.5746,11.6291,11.6839,11.739,11.7945,11.8504,11.9068,11.9637,12.0211,12.079,12.1376,12.1968,12.2567,12.3174,12.3788,12.4411,12.5043,12.5684,12.6335,12.6996,12.7669,12.8354,12.9051,12.9761,13.0485,13.1223,13.1976,13.2745,13.3531,13.4334,13.5155,13.5995,13.6856,13.7737,13.864,13.9565,14.0514,14.1489,14.2488,14.3515,14.457,14.5655,14.6769,14.7916,14.9096,15.0311,15.1561,15.2849,15.4176,15.5544,15.6955,15.8409,15.991,16.1459,16.3058,16.4709,16.6415,16.8177,16.9998,17.1881,17.3829,17.5844,17.7928,18.0086,18.232,18.4634,18.7031,18.9515,19.209,19.476,19.7529,20.0402,20.3383,20.6479,20.9693,21.3032,21.6501,22.0107,22.3856,22.7756,23.1812,23.6034,24.0428,24.5005,24.9772,25.4738,25.9915,26.5313,27.0942,27.6815,28.2943,28.934,29.602,30.2996,31.0285,31.7901,32.5862,33.4185,34.2888,35.1991,36.1514,37.1477,38.1903,39.2814,40.4233,41.6185,42.8696,44.1789,45.5493,46.9834,48.484,50.0538,51.6957,53.4126,55.2074,57.0833,59.0435,61.0914,63.2309,65.4667,67.8044,70.2511,72.8166,75.5142,78.3625,81.3875,84.6261,88.1288,91.9633,96.2151,100.979,106.328,112.244,118.473,124.358,128.809,130.674,129.443,125.627,120.361,114.715,109.331,104.457,100.11,96.2155,92.6801,89.4204,86.3722,83.4895,80.7409,78.106,75.572,73.1313,70.7797,68.5149,66.3358,64.2421,62.2334,60.3093,58.4695,56.7133,55.0399,53.4482,51.9373,50.5058,49.1527,47.8769,46.6775,45.5538,44.5055,43.5326,42.6354,41.8151,41.0733,40.4125,39.8357,39.347,38.951,38.6529,38.458,38.3708,38.3937,38.5252,38.7564,39.0677,39.4247,39.7754,40.051,40.1731,40.0671,39.6803,38.997,38.0427,36.8764,35.5737,34.21,32.8479,31.5329,30.2933,29.1435,28.0883,27.1259,26.2512,25.4572,24.7362,24.0809,23.4843,22.94,22.4425,21.9869,21.5687,21.1844,20.8305,20.5043,20.2033,19.9253,19.6683,19.4306,19.2107,19.0071,18.8185,18.6438,18.4817,18.3312,18.1911,18.0604,17.938,17.8229,17.7139,17.61,17.51,17.4128,17.3173,17.2224,17.1269,17.0298,16.9302,16.8269,16.7193,16.6066,16.4883,16.3638,16.233,16.0956,15.9519,15.8018,15.6458,15.4844,15.318,15.1473,14.9729,14.7956,14.616,14.4349,14.2529,14.0707,13.889,13.7081,13.5286,13.351,13.1757,13.0028,12.8328,12.6658,12.502,12.3415,12.1845,12.0309,11.8808,11.7342,11.5912,11.4516,11.3154,11.1826,11.053,10.9267,10.8035,10.6833,10.5661,10.4517,10.3402,10.2312,10.1249,10.0211,9.91961,9.82047,9.72356,
 ,-150,10.7251,10.7773,10.8296,10.882,10.9344,10.9868,11.0394,11.0921,11.1449,11.1978,11.2509,11.3042,11.3578,11.4116,11.4656,11.52,11.5747,11.6297,11.6852,11.741,11.7974,11.8542,11.9116,11.9695,12.0281,12.0873,12.1473,12.208,12.2694,12.3318,12.395,12.4592,12.5243,12.5906,12.6579,12.7265,12.7962,12.8673,12.9398,13.0136,13.089,13.166,13.2446,13.325,13.4071,13.4912,13.5772,13.6654,13.7556,13.8482,13.943,14.0404,14.1403,14.2429,14.3483,14.4565,14.5678,14.6823,14.8,14.9212,15.0459,15.1744,15.3067,15.4431,15.5837,15.7286,15.8781,16.0323,16.1915,16.3558,16.5256,16.7009,16.882,17.0693,17.2629,17.4631,17.6702,17.8845,18.1064,18.336,18.5739,18.8204,19.0757,19.3404,19.6149,19.8996,20.1949,20.5014,20.8195,21.1499,21.493,21.8495,22.22,22.6051,23.0057,23.4223,23.8558,24.307,24.7767,25.2658,25.7754,26.3063,26.8597,27.4367,28.0383,28.6658,29.3206,30.0039,30.7171,31.4617,32.2393,33.0515,33.8998,34.7861,35.7122,36.6799,37.6912,38.748,39.8525,41.0067,42.2128,43.473,44.7895,46.1646,47.6006,49.0997,50.6643,52.2968,53.9995,55.775,57.626,59.5555,61.567,63.6647,65.8539,68.142,70.5388,73.0579,75.7186,78.548,81.5839,84.8781,88.4998,92.5351,97.0788,102.204,107.891,113.89,119.559,123.836,125.605,124.377,120.647,115.514,110.021,104.8,100.094,95.9231,92.2132,88.8695,85.8072,82.9596,80.2781,77.7289,75.2892,72.9443,70.6849,68.5059,66.404,64.3777,62.4264,60.5498,58.7477,57.0199,55.3663,53.7863,52.2795,50.8452,49.4828,48.1914,46.9703,45.8191,44.7371,43.7242,42.7803,41.9058,41.1013,40.368,39.7075,39.1218,38.6134,38.1849,37.8389,37.5777,37.4023,37.3115,37.3001,37.3576,37.4655,37.5956,37.7096,37.7607,37.6987,37.4779,37.0672,36.4571,35.6622,34.7171,33.6682,32.5638,31.4473,30.3525,29.3033,28.314,27.3919,26.5391,25.7542,25.0337,24.3733,23.7681,23.2134,22.7044,22.237,21.8073,21.4119,21.0477,20.712,20.4023,20.1166,19.853,19.6097,19.3852,19.1781,18.9871,18.811,18.6488,18.4991,18.3611,18.2336,18.1157,18.0061,17.9037,17.8076,17.7164,17.629,17.5441,17.4605,17.3769,17.2921,17.2049,17.114,17.0185,16.9173,16.8096,16.6948,16.5723,16.442,16.3036,16.1572,16.0032,15.842,15.6741,15.5003,15.3212,15.1379,14.9511,14.7617,14.5705,14.3784,14.1861,13.9943,13.8037,13.6148,13.4281,13.2439,13.0627,12.8848,12.7103,12.5395,12.3724,12.2091,12.0497,11.8943,11.7427,11.595,11.4511,11.3109,11.1744,11.0415,10.9121,10.786,10.6632,10.5436,10.427,10.3134,10.2026,10.0946,9.98918,9.88632,9.78591,9.68784,
