 , ,X[mm]
 , ,-150,-149,-148,-147,-146,-145,-144,-143,-142,-141,-140,-139,-138,-137,-136,-135,-134,-133,-132,-131,-130,-129,-128,-127,-126,-125,-124,-123,-122,-121,-120,-119,-118,-117,-116,-115,-114,-113,-112,-111,-110,-109,-108,-107,-106,-105,-104,-103,-102,-101,-100,-99,-98,-97,-96,-95,-94,-93,-92,-91,-90,-89,-88,-87,-86,-85,-84,-83,-82,-81,-80,-79,-78,-77,-76,-75,-74,-73,-72,-71,-70,-69,-68,-67,-66,-65,-64,-63,-62,-61,-60,-59,-58,-57,-56,-55,-54,-53,-52,-51,-50,-49,-48,-47,-46,-45,-44,-43,-42,-41,-40,-39,-38,-37,-36,-35,-34,-33,-32,-31,-30,-29,-28,-27,-26,-25,-24,-23,-22,-21,-20,-19,-18,-17,-16,-15,-14,-13,-12,-11,-10,-9,-8,-7,-6,-5,-4,-3,-2,-1,0,1,2,3,4,5,6,7,8,9,10,11,12,13,14,15,16,17,18,19,20,21,22,23,24,25,26,27,28,29,30,31,32,33,34,35,36,37,38,39,40,41,42,43,44,45,46,47,48,49,50,51,52,53,54,55,56,57,58,59,60,61,62,63,64,65,66,67,68,69,70,71,72,73,74,75,76,77,78,79,80,81,82,83,84,85,86,87,88,89,90,91,92,93,94,95,96,97,98,99,100,101,102,103,104,105,106,107,108,109,110,111,112,113,114,115,116,117,118,119,120,121,122,123,124,125,126,127,128,129,130,131,132,133,134,135,136,137,138,139,140,141,142,143,144,145,146,147,148,149,150,
Y[mm],150,15.0204,15.0841,15.1477,15.2112,15.2746,15.3379,15.401,15.4641,15.5272,15.5901,15.653,15.7158,15.7786,15.8414,15.9042,15.967,16.0297,16.0926,16.1554,16.2184,16.2814,16.3445,16.4077,16.4711,16.5347,16.5984,16.6624,16.7266,16.791,16.8557,16.9208,16.9861,17.0519,17.118,17.1846,17.2517,17.3192,17.3873,17.4559,17.5252,17.5951,17.6657,17.737,17.8091,17.882,17.9557,18.0304,18.106,18.1827,18.2604,18.3393,18.4193,18.5006,18.5832,18.6672,18.7526,18.8396,18.9281,19.0184,19.1104,19.2042,19.3001,19.398,19.498,19.6003,19.705,19.8122,19.922,20.0346,20.1501,20.2687,20.3905,20.5157,20.6445,20.7771,20.9137,21.0545,21.1997,21.3497,21.5045,21.6647,21.8304,22.002,22.1799,22.3643,22.5558,22.7547,22.9616,23.1768,23.4011,23.6348,23.8787,24.1335,24.3997,24.6784,24.9701,25.276,25.5969,25.9339,26.2881,26.6607,27.0531,27.4667,27.9029,28.3634,28.8499,29.3644,29.9087,30.485,31.0955,31.7425,32.4285,33.156,33.9276,34.7458,35.6132,36.5323,37.5054,38.5344,39.6209,40.7657,41.9689,43.2295,44.5449,45.9111,47.3217,48.7679,50.2381,51.7176,53.1884,54.6291,56.0153,57.3198,58.5139,59.5685,60.4552,61.1486,61.6276,61.8772,61.8898,61.6652,61.2114,60.5435,59.6826,58.6544,57.4869,56.2095,54.8508,53.438,51.9951,50.5438,49.1018,47.684,46.3017,44.9638,43.6764,42.4438,41.2684,40.1512,39.0922,38.0904,37.1443,36.2519,35.4111,34.6192,33.8738,33.1722,32.5119,31.8903,31.3051,30.7539,30.2344,29.7447,29.2826,28.8464,28.4343,28.0447,27.676,27.327,26.9962,26.6825,26.3847,26.1018,25.8328,25.5767,25.3329,25.1005,24.8787,24.6669,24.4645,24.2708,24.0855,23.9079,23.7375,23.574,23.417,23.2659,23.1206,22.9807,22.8457,22.7155,22.5898,22.4683,22.3507,22.2369,22.1265,22.0194,21.9154,21.8143,21.716,21.6201,21.5267,21.4354,21.3463,21.259,21.1736,21.0898,21.0076,20.9267,20.8472,20.7688,20.6915,20.6152,20.5397,20.465,20.391,20.3176,20.2446,20.1721,20.0999,20.028,19.9563,19.8847,19.8132,19.7417,19.6701,19.5984,19.5265,19.4545,19.3822,19.3096,19.2367,19.1634,19.0897,19.0156,18.9411,18.8662,18.7907,18.7148,18.6384,18.5615,18.484,18.4061,18.3277,18.2488,18.1694,18.0895,18.0091,17.9282,17.8469,17.7652,17.6831,17.6005,17.5176,17.4343,17.3506,17.2667,17.1824,17.0979,17.0131,16.9281,16.8429,16.7575,16.6719,16.5863,16.5005,16.4145,16.3286,16.2426,16.1565,16.0705,15.9844,15.8984,15.8124,15.7265,15.6407,15.555,15.4694,15.3839,15.2986,15.2134,15.1284,15.0436,14.959,14.8746,14.7905,14.7065,14.6228,14.5393,14.4561,14.3731,
 ,149,15.1642,15.2287,15.2931,15.3573,15.4215,15.4855,15.5494,15.6132,15.6769,15.7405,15.8041,15.8676,15.9311,15.9945,16.0579,16.1213,16.1847,16.2482,16.3116,16.3752,16.4388,16.5025,16.5663,16.6303,16.6944,16.7587,16.8232,16.888,16.953,17.0183,17.0839,17.1498,17.2162,17.2829,17.35,17.4177,17.4858,17.5544,17.6237,17.6935,17.7641,17.8353,17.9072,17.9799,18.0535,18.1279,18.2033,18.2797,18.3571,18.4355,18.5151,18.596,18.6781,18.7616,18.8464,18.9327,19.0207,19.1102,19.2015,19.2946,19.3896,19.4865,19.5856,19.6869,19.7906,19.8966,20.0053,20.1166,20.2308,20.348,20.4683,20.5919,20.7191,20.85,20.9847,21.1236,21.2668,21.4146,21.5672,21.725,21.8882,22.0572,22.2323,22.4139,22.6023,22.798,23.0015,23.2133,23.4338,23.6637,23.9036,24.1541,24.416,24.6901,24.9771,25.2781,25.5939,25.9257,26.2747,26.6419,27.0289,27.4371,27.868,28.3234,28.8051,29.3151,29.8556,30.4287,31.0371,31.6834,32.3702,33.1007,33.8779,34.705,35.5855,36.5226,37.5197,38.5802,39.7071,40.9029,42.1698,43.5089,44.9204,46.4027,47.9523,49.5634,51.227,52.9307,54.6579,56.3878,58.0948,59.7489,61.3162,62.76,64.0421,65.125,65.9747,66.5625,66.8679,66.8803,66.5998,66.0371,65.2131,64.1562,62.9008,61.4843,59.9447,58.3189,56.6407,54.9399,53.242,51.5677,49.9335,48.3519,46.8315,45.3784,43.996,42.6857,41.4473,40.2798,39.1811,38.1485,37.1789,36.2691,35.4158,34.6156,33.865,33.161,32.5003,31.88,31.2974,30.7498,30.2347,29.7499,29.2931,28.8625,28.4562,28.0724,27.7097,27.3665,27.0414,26.7334,26.4411,26.1635,25.8997,25.6488,25.4098,25.1821,24.9649,24.7574,24.5592,24.3696,24.1881,24.0142,23.8475,23.6874,23.5336,23.3857,23.2434,23.1063,22.9742,22.8466,22.7234,22.6043,22.4891,22.3774,22.2691,22.1641,22.062,21.9627,21.866,21.7718,21.6798,21.59,21.5022,21.4162,21.3319,21.2492,21.1679,21.088,21.0092,20.9315,20.8548,20.779,20.704,20.6296,20.5558,20.4825,20.4096,20.337,20.2647,20.1926,20.1205,20.0485,19.9765,19.9043,19.832,19.7595,19.6868,19.6138,19.5404,19.4667,19.3926,19.318,19.243,19.1675,19.0915,19.015,18.9379,18.8603,18.7822,18.7035,18.6243,18.5445,18.4642,18.3833,18.3019,18.22,18.1376,18.0547,17.9714,17.8876,17.8034,17.7187,17.6337,17.5483,17.4626,17.3766,17.2903,17.2037,17.1169,17.0298,16.9426,16.8552,16.7677,16.68,16.5923,16.5045,16.4166,16.3287,16.2409,16.153,16.0651,15.9774,15.8897,15.8021,15.7146,15.6273,15.54,15.453,15.3661,15.2794,15.1929,15.1066,15.0206,14.9347,14.8492,14.7638,14.6787,14.594,14.5094,
 ,148,15.3104,15.3757,15.4408,15.5058,15.5707,15.6355,15.7001,15.7646,15.829,15.8934,15.9576,16.0218,16.0859,16.15,16.2141,16.2781,16.3421,16.4062,16.4703,16.5344,16.5986,16.6629,16.7273,16.7919,16.8566,16.9214,16.9865,17.0518,17.1174,17.1832,17.2494,17.3159,17.3828,17.45,17.5178,17.586,17.6547,17.7239,17.7937,17.8642,17.9353,18.0071,18.0797,18.1531,18.2273,18.3024,18.3784,18.4555,18.5336,18.6128,18.6932,18.7748,18.8577,18.942,19.0277,19.115,19.2038,19.2943,19.3866,19.4807,19.5768,19.6749,19.7752,19.8777,19.9827,20.0901,20.2001,20.313,20.4287,20.5475,20.6696,20.7951,20.9241,21.057,21.1939,21.335,21.4806,21.6309,21.7862,21.9468,22.1131,22.2853,22.4638,22.649,22.8414,23.0413,23.2493,23.4659,23.6916,23.9271,24.1731,24.4301,24.6991,24.9809,25.2764,25.5865,25.9123,26.255,26.6158,26.9962,27.3976,27.8217,28.2701,28.7449,29.2481,29.7819,30.3488,30.9515,31.5928,32.2759,33.004,33.7807,34.6098,35.4953,36.4415,37.4526,38.5332,39.6878,40.9207,42.236,43.6373,45.1275,46.7081,48.3793,50.1388,51.9818,53.8997,55.8795,57.9032,59.9469,61.9803,63.9668,65.8637,67.6237,69.1968,70.5327,71.5851,72.3147,72.693,72.7051,72.3512,71.6464,70.6194,69.3096,67.7635,66.0313,64.163,62.2059,60.2024,58.1889,56.1958,54.2467,52.3596,50.5473,48.8183,47.1775,45.6269,44.1667,42.7949,41.5089,40.3051,39.1793,38.1271,37.1442,36.226,35.3681,34.5664,33.8169,33.1157,32.4593,31.8444,31.268,30.7271,30.2191,29.7416,29.2923,28.8691,28.4702,28.0937,27.738,27.4017,27.0834,26.7818,26.4958,26.2243,25.9663,25.721,25.4873,25.2647,25.0524,24.8497,24.656,24.4707,24.2933,24.1233,23.9603,23.8039,23.6535,23.5089,23.3698,23.2357,23.1064,22.9816,22.8611,22.7445,22.6316,22.5222,22.4161,22.3131,22.213,22.1156,22.0206,21.9281,21.8377,21.7494,21.6629,21.5782,21.4951,21.4134,21.3331,21.254,21.176,21.099,21.0229,20.9476,20.8729,20.7988,20.7252,20.652,20.5791,20.5064,20.4338,20.3614,20.2889,20.2163,20.1437,20.0708,19.9977,19.9244,19.8506,19.7765,19.702,19.627,19.5516,19.4756,19.3991,19.3221,19.2444,19.1662,19.0874,19.008,18.928,18.8474,18.7662,18.6844,18.6021,18.5192,18.4357,18.3517,18.2672,18.1821,18.0966,18.0106,17.9243,17.8374,17.7503,17.6627,17.5748,17.4866,17.3982,17.3095,17.2205,17.1314,17.0421,16.9526,16.8631,16.7734,16.6837,16.594,16.5042,16.4144,16.3246,16.2349,16.1453,16.0558,15.9663,15.877,15.7878,15.6988,15.61,15.5213,15.4328,15.3446,15.2566,15.1688,15.0813,14.994,14.9071,14.8204,14.7339,14.6478,
 ,147,15.459,15.5251,15.591,15.6568,15.7224,15.7879,15.8533,15.9185,15.9837,16.0487,16.1136,16.1785,16.2433,16.308,16.3727,16.4374,16.502,16.5667,16.6314,16.6961,16.7609,16.8258,16.8908,16.9559,17.0212,17.0866,17.1522,17.2181,17.2842,17.3506,17.4173,17.4844,17.5518,17.6196,17.6879,17.7566,17.8259,17.8957,17.9661,18.0371,18.1088,18.1813,18.2544,18.3284,18.4033,18.479,18.5557,18.6335,18.7123,18.7922,18.8733,18.9557,19.0395,19.1246,19.2111,19.2993,19.389,19.4805,19.5738,19.6689,19.766,19.8653,19.9667,20.0705,20.1767,20.2854,20.3968,20.5111,20.6284,20.7488,20.8726,20.9998,21.1308,21.2656,21.4046,21.5479,21.6958,21.8486,22.0065,22.1699,22.3392,22.5145,22.6964,22.8852,23.0814,23.2855,23.4979,23.7192,23.9501,24.1911,24.443,24.7066,24.9826,25.272,25.5757,25.8949,26.2306,26.5841,26.9569,27.3503,27.7661,28.206,28.672,29.1663,29.6911,30.249,30.8428,31.4755,32.1505,32.8713,33.6418,34.4663,35.3494,36.2959,37.311,38.4003,39.5696,40.8249,42.1721,43.6173,45.166,46.8232,48.5929,50.4773,52.4764,54.5871,56.8021,59.1087,61.4878,63.9127,66.348,68.7489,71.0622,73.2265,75.1755,76.8415,78.1604,79.0773,79.5522,79.5638,79.1123,78.2193,76.9252,75.2852,73.3634,71.2276,68.944,66.5735,64.1696,61.7765,59.4294,57.155,54.9723,52.8937,50.9265,49.0737,47.3354,45.7092,44.1911,42.7764,41.4591,40.2336,39.0936,38.0334,37.047,36.129,35.2741,34.4776,33.7347,33.0413,32.3936,31.7878,31.2208,30.6894,30.1909,29.7228,29.2828,28.8686,28.4784,28.1104,27.7629,27.4344,27.1236,26.8293,26.5502,26.2853,26.0336,25.7942,25.5663,25.3492,25.1421,24.9443,24.7554,24.5746,24.4016,24.2357,24.0767,23.924,23.7772,23.6361,23.5002,23.3692,23.2429,23.121,23.0031,22.8891,22.7787,22.6717,22.5678,22.467,22.3688,22.2733,22.1802,22.0893,22.0005,21.9137,21.8286,21.7452,21.6632,21.5826,21.5033,21.4251,21.3479,21.2715,21.196,21.1211,21.0467,20.9729,20.8994,20.8262,20.7532,20.6803,20.6074,20.5345,20.4615,20.3884,20.315,20.2413,20.1673,20.0929,20.0181,19.9428,19.8669,19.7906,19.7136,19.6361,19.558,19.4792,19.3998,19.3198,19.2391,19.1578,19.0758,18.9931,18.9098,18.8259,18.7414,18.6563,18.5706,18.4844,18.3976,18.3103,18.2225,18.1343,18.0456,17.9565,17.8671,17.7773,17.6871,17.5967,17.5061,17.4151,17.324,17.2327,17.1413,17.0498,16.9581,16.8664,16.7747,16.6829,16.5912,16.4995,16.4078,16.3163,16.2248,16.1335,16.0423,15.9512,15.8603,15.7696,15.6791,15.5889,15.4988,15.409,15.3195,15.2302,15.1412,15.0526,14.9642,14.8761,14.7883,
 ,146,15.61,15.6769,15.7437,15.8102,15.8766,15.9429,16.009,16.075,16.1408,16.2066,16.2722,16.3377,16.4032,16.4686,16.5339,16.5992,16.6645,16.7298,16.7951,16.8604,16.9258,16.9913,17.0568,17.1225,17.1883,17.2543,17.3205,17.3869,17.4535,17.5205,17.5877,17.6553,17.7233,17.7917,17.8605,17.9298,17.9996,18.0699,18.1409,18.2125,18.2847,18.3578,18.4315,18.5061,18.5816,18.658,18.7354,18.8137,18.8932,18.9739,19.0557,19.1389,19.2234,19.3093,19.3967,19.4857,19.5763,19.6687,19.7629,19.8591,19.9573,20.0576,20.1602,20.2651,20.3725,20.4826,20.5954,20.7111,20.8299,20.9519,21.0773,21.2063,21.339,21.4758,21.6168,21.7623,21.9125,22.0677,22.2282,22.3943,22.5664,22.7449,22.9301,23.1224,23.3224,23.5305,23.7472,23.9732,24.2091,24.4556,24.7134,24.9833,25.2662,25.5631,25.875,26.203,26.5485,26.9127,27.2972,27.7036,28.1336,28.5894,29.0729,29.5866,30.1331,30.7152,31.3361,31.9992,32.7082,33.4675,34.2814,35.155,36.0937,37.1034,38.1905,39.3619,40.6249,41.9872,43.457,45.0425,46.7519,48.593,50.5729,52.697,54.9686,57.3875,59.9491,62.6421,65.4477,68.3367,71.2683,74.189,77.0319,79.7176,82.1577,84.2596,85.9337,87.1022,87.7071,87.7177,87.1343,85.9884,84.3382,82.2619,79.8492,77.1927,74.3806,71.4919,68.5932,65.7379,62.9663,60.3073,57.7797,55.3945,53.1564,51.0654,49.1182,47.3094,45.6319,44.0778,42.6391,41.3074,40.0747,38.9333,37.8758,36.8954,35.9857,35.1408,34.3553,33.6243,32.9432,32.3078,31.7144,31.1595,30.6401,30.1532,29.6964,29.2671,28.8633,28.483,28.1245,27.786,27.4662,27.1636,26.8771,26.6054,26.3475,26.1025,25.8695,25.6477,25.4363,25.2347,25.0421,24.8581,24.6821,24.5136,24.352,24.197,24.0482,23.9052,23.7676,23.6351,23.5073,23.3841,23.2651,23.15,23.0387,22.9308,22.8262,22.7247,22.626,22.5299,22.4363,22.3451,22.2559,22.1687,22.0834,21.9997,21.9175,21.8368,21.7573,21.6789,21.6015,21.525,21.4493,21.3742,21.2997,21.2257,21.152,21.0786,21.0053,20.9321,20.8589,20.7857,20.7123,20.6387,20.5648,20.4905,20.4159,20.3408,20.2653,20.1892,20.1125,20.0352,19.9573,19.8788,19.7996,19.7196,19.639,19.5577,19.4757,19.393,19.3095,19.2254,19.1405,19.055,18.9689,18.8821,18.7946,18.7066,18.618,18.5289,18.4392,18.349,18.2584,18.1674,18.0759,17.9841,17.8919,17.7995,17.7068,17.6138,17.5206,17.4273,17.3338,17.2402,17.1465,17.0527,16.9589,16.8651,16.7713,16.6776,16.5839,16.4904,16.3969,16.3036,16.2104,16.1174,16.0246,15.932,15.8396,15.7475,15.6556,15.564,15.4726,15.3816,15.2908,15.2003,15.1102,15.0204,14.9309,
 ,145,15.7636,15.8314,15.8989,15.9663,16.0335,16.1005,16.1673,16.2341,16.3006,16.3671,16.4334,16.4996,16.5658,16.6318,16.6978,16.7637,16.8296,16.8955,16.9614,17.0273,17.0933,17.1593,17.2255,17.2917,17.3581,17.4246,17.4913,17.5583,17.6255,17.6929,17.7607,17.8288,17.8973,17.9662,18.0355,18.1054,18.1757,18.2466,18.3181,18.3902,18.4631,18.5367,18.611,18.6862,18.7623,18.8393,18.9173,18.9963,19.0765,19.1578,19.2404,19.3242,19.4095,19.4962,19.5844,19.6742,19.7657,19.859,19.9542,20.0513,20.1505,20.2519,20.3556,20.4617,20.5704,20.6817,20.7958,20.9129,21.0331,21.1567,21.2837,21.4143,21.5489,21.6876,21.8306,21.9781,22.1306,22.2881,22.4512,22.62,22.7949,22.9763,23.1647,23.3605,23.5642,23.7762,23.9972,24.2277,24.4685,24.7203,24.9838,25.2599,25.5495,25.8537,26.1736,26.5104,26.8655,27.2402,27.6363,28.0554,28.4996,28.9709,29.4718,30.0049,30.5729,31.1792,31.8271,32.5207,33.2641,34.0622,34.9202,35.8438,36.8396,37.9144,39.076,40.3328,41.694,43.1695,44.7697,46.5057,48.3891,50.4313,52.6434,55.0354,57.6153,60.3877,63.3523,66.5016,69.8184,73.2728,76.8196,80.3952,83.9165,87.281,90.3699,93.0551,95.2098,96.7211,97.504,97.513,96.7488,95.2577,93.1252,90.4648,87.4036,84.0693,80.5803,77.0387,73.5271,70.1086,66.8281,63.7151,60.7866,58.0498,55.5052,53.1478,50.9699,48.9613,47.1111,45.4076,43.8395,42.3958,41.0659,39.8399,38.7088,37.6641,36.6983,35.8042,34.9754,34.2063,33.4916,32.8265,32.2067,31.6284,31.0881,30.5827,30.1091,29.6649,29.2478,28.8555,28.4861,28.1378,27.8092,27.4986,27.2047,26.9264,26.6626,26.4121,26.1742,25.9478,25.7323,25.5269,25.331,25.1438,24.965,24.7938,24.6299,24.4727,24.322,24.1772,24.0379,23.904,23.7749,23.6505,23.5304,23.4144,23.3023,23.1936,23.0884,22.9862,22.887,22.7905,22.6966,22.605,22.5156,22.4282,22.3427,22.2588,22.1765,22.0957,22.0161,21.9376,21.8602,21.7836,21.7078,21.6327,21.5581,21.4839,21.4101,21.3365,21.263,21.1896,21.1161,21.0425,20.9688,20.8947,20.8204,20.7456,20.6704,20.5947,20.5184,20.4415,20.364,20.2858,20.207,20.1274,20.047,19.9659,19.8841,19.8015,19.7181,19.6339,19.5489,19.4632,19.3768,19.2896,19.2017,19.1132,19.0239,18.934,18.8435,18.7525,18.6608,18.5687,18.476,18.3829,18.2894,18.1955,18.1012,18.0066,17.9118,17.8166,17.7213,17.6258,17.5302,17.4344,17.3386,17.2427,17.1467,17.0508,16.9549,16.8591,16.7633,16.6677,16.5722,16.4768,16.3816,16.2866,16.1918,16.0972,16.0029,15.9088,15.815,15.7215,15.6283,15.5354,15.4428,15.3505,15.2586,15.167,15.0758,
 ,144,15.9199,15.9884,16.0568,16.125,16.1929,16.2607,16.3283,16.3958,16.4631,16.5303,16.5973,16.6642,16.731,16.7977,16.8643,16.9309,16.9974,17.0639,17.1304,17.1969,17.2635,17.3301,17.3968,17.4636,17.5305,17.5975,17.6648,17.7323,17.8,17.868,17.9363,18.0049,18.0739,18.1433,18.2132,18.2835,18.3544,18.4258,18.4978,18.5705,18.6439,18.718,18.7929,18.8687,18.9454,19.023,19.1016,19.1813,19.2621,19.3441,19.4273,19.5119,19.5979,19.6853,19.7743,19.865,19.9573,20.0515,20.1476,20.2457,20.3459,20.4483,20.5531,20.6603,20.7701,20.8827,20.9981,21.1165,21.2382,21.3632,21.4918,21.6241,21.7604,21.9009,22.0459,22.1955,22.3501,22.5099,22.6754,22.8468,23.0244,23.2088,23.4004,23.5995,23.8067,24.0225,24.2476,24.4826,24.7281,24.985,25.2541,25.5362,25.8324,26.1438,26.4715,26.8168,27.1811,27.5662,27.9735,28.4051,28.8631,29.3498,29.8678,30.4199,31.0093,31.6394,32.3143,33.0382,33.816,34.6531,35.5554,36.5297,37.5833,38.7246,39.9627,41.3077,42.771,44.3648,46.1026,47.9989,50.069,52.3293,54.7962,57.4855,60.412,63.5875,67.0186,70.7044,74.6327,78.776,83.0863,87.4904,91.8865,96.1422,100.098,103.575,106.39,108.377,109.409,109.415,108.398,106.427,103.631,100.178,96.2504,92.0262,87.6648,83.2974,79.0255,74.9212,71.032,67.3851,63.9926,60.855,57.9657,55.3128,52.8818,50.6566,48.6208,46.7584,45.0539,43.4928,42.0618,40.7485,39.5419,38.4316,37.4087,36.4648,35.5925,34.7852,34.0369,33.3422,32.6962,32.0948,31.5339,31.0101,30.5203,30.0615,29.6312,29.2271,28.8472,28.4894,28.1521,27.8338,27.5329,27.2482,26.9786,26.7229,26.4802,26.2495,26.03,25.821,25.6218,25.4316,25.25,25.0764,24.9103,24.7511,24.5985,24.452,24.3113,24.176,24.0457,23.9202,23.7992,23.6824,23.5694,23.4602,23.3544,23.2517,23.1521,23.0553,22.9611,22.8693,22.7797,22.6922,22.6065,22.5226,22.4403,22.3595,22.2799,22.2014,22.124,22.0475,21.9717,21.8965,21.8219,21.7477,21.6738,21.6001,21.5265,21.4529,21.3792,21.3054,21.2313,21.1569,21.0821,21.0068,20.931,20.8547,20.7777,20.7001,20.6217,20.5426,20.4628,20.3821,20.3007,20.2184,20.1352,20.0513,19.9664,19.8808,19.7943,19.707,19.6189,19.5299,19.4403,19.3498,19.2587,19.1669,19.0744,18.9813,18.8876,18.7933,18.6986,18.6033,18.5076,18.4115,18.3151,18.2183,18.1212,18.0238,17.9263,17.8285,17.7306,17.6326,17.5345,17.4364,17.3383,17.2401,17.142,17.044,16.9461,16.8483,16.7506,16.6531,16.5558,16.4588,16.3619,16.2653,16.1689,16.0729,15.9771,15.8816,15.7865,15.6917,15.5972,15.503,15.4093,15.3159,15.2229,
 ,143,16.0788,16.1482,16.2174,16.2864,16.3551,16.4237,16.4921,16.5603,16.6283,16.6962,16.764,16.8316,16.899,16.9664,17.0337,17.1009,17.168,17.2351,17.3022,17.3693,17.4364,17.5036,17.5708,17.6382,17.7056,17.7732,17.841,17.909,17.9772,18.0457,18.1145,18.1837,18.2532,18.3231,18.3934,18.4643,18.5356,18.6076,18.6801,18.7533,18.8273,18.9019,18.9774,19.0537,19.1309,19.2091,19.2883,19.3686,19.45,19.5327,19.6166,19.7019,19.7886,19.8767,19.9665,20.0579,20.1511,20.2461,20.3431,20.4421,20.5433,20.6467,20.7525,20.8609,20.9718,21.0856,21.2023,21.322,21.4451,21.5715,21.7016,21.8356,21.9736,22.1159,22.2627,22.4143,22.571,22.733,22.9008,23.0747,23.2551,23.4423,23.6368,23.8392,24.0498,24.2694,24.4984,24.7377,24.9878,25.2497,25.5241,25.8121,26.1146,26.4329,26.7681,27.1216,27.4951,27.8901,28.3084,28.7521,29.2236,29.7252,30.2599,30.8306,31.4409,32.0945,32.7959,33.5498,34.3616,35.2375,36.184,37.209,38.3209,39.5293,40.8452,42.2805,43.8488,45.5654,47.4468,49.5118,51.7806,54.2751,57.0186,60.035,63.3479,66.9792,70.9464,75.2598,79.917,84.8976,90.1554,95.61,101.14,106.576,111.703,116.27,120.008,122.669,124.054,124.057,122.678,120.028,116.305,111.76,106.662,101.26,95.7679,90.3541,85.1389,80.2013,75.587,71.316,67.3901,63.7993,60.5258,57.5479,54.842,52.3841,50.151,48.1211,46.2741,44.5914,43.0564,41.6539,40.3704,39.1939,38.1135,37.1198,36.2041,35.3588,34.5772,33.8533,33.1816,32.5575,31.9765,31.4348,30.929,30.456,30.013,29.5975,29.2073,28.8403,28.4948,28.1689,27.8613,27.5706,27.2954,27.0346,26.7873,26.5525,26.3292,26.1168,25.9145,25.7215,25.5374,25.3614,25.1932,25.0321,24.8778,24.7298,24.5877,24.4511,24.3198,24.1934,24.0715,23.9539,23.8403,23.7305,23.6243,23.5213,23.4214,23.3243,23.2299,23.138,23.0484,22.9608,22.8752,22.7914,22.7091,22.6283,22.5488,22.4705,22.3932,22.3168,22.2411,22.1661,22.0915,22.0173,21.9435,21.8697,21.7961,21.7224,21.6485,21.5745,21.5001,21.4254,21.3502,21.2745,21.1982,21.1212,21.0436,20.9651,20.886,20.806,20.7251,20.6434,20.5608,20.4772,20.3928,20.3074,20.2211,20.1339,20.0458,19.9568,19.867,19.7762,19.6847,19.5923,19.4992,19.4054,19.3108,19.2156,19.1198,19.0233,18.9263,18.8288,18.7309,18.6325,18.5337,18.4346,18.3352,18.2355,18.1356,18.0355,17.9353,17.8349,17.7345,17.634,17.5336,17.4332,17.3328,17.2325,17.1323,17.0323,16.9324,16.8327,16.7332,16.634,16.535,16.4363,16.3379,16.2397,16.1419,16.0444,15.9473,15.8505,15.7541,15.6581,15.5624,15.4671,15.3723,
 ,142,16.2405,16.3107,16.3807,16.4506,16.5201,16.5895,16.6587,16.7276,16.7964,16.865,16.9335,17.0017,17.0699,17.1379,17.2059,17.2737,17.3414,17.4092,17.4769,17.5445,17.6122,17.6799,17.7477,17.8156,17.8836,17.9517,18.02,18.0885,18.1572,18.2262,18.2955,18.3651,18.4351,18.5055,18.5764,18.6477,18.7196,18.792,18.8651,18.9388,19.0132,19.0884,19.1644,19.2412,19.319,19.3977,19.4775,19.5584,19.6404,19.7237,19.8083,19.8942,19.9816,20.0705,20.161,20.2532,20.3472,20.443,20.5408,20.6407,20.7428,20.8472,20.9541,21.0634,21.1755,21.2904,21.4083,21.5294,21.6538,21.7817,21.9132,22.0487,22.1884,22.3324,22.481,22.6345,22.7932,22.9575,23.1275,23.3038,23.4867,23.6767,23.8741,24.0795,24.2935,24.5166,24.7495,24.9929,25.2474,25.5141,25.7937,26.0873,26.3959,26.7208,27.0632,27.4247,27.8068,28.2114,28.6403,29.0958,29.5802,30.0963,30.6471,31.2358,31.8664,32.543,33.2702,34.0534,34.8986,35.8125,36.8028,37.878,39.0479,40.3236,41.7176,43.2441,44.9193,46.7615,48.7913,51.032,53.5094,56.2526,59.2931,62.665,66.4039,70.5456,75.1235,80.1648,85.6848,91.6781,98.1088,104.896,111.9,118.91,125.637,131.726,136.779,140.412,142.312,142.308,140.402,136.771,131.727,125.659,118.962,111.99,105.03,98.2894,91.9071,85.9622,80.49,75.4952,70.9622,66.864,63.167,59.8357,56.8345,54.1296,51.6893,49.4851,47.4909,45.6837,44.0428,42.55,41.1894,39.9465,38.809,37.7659,36.8073,35.9248,35.1106,34.3581,33.6614,33.0151,32.4146,31.8556,31.3344,30.8477,30.3925,29.9661,29.5661,29.1903,28.8368,28.5039,28.1898,27.8931,27.6127,27.3472,27.0955,26.8568,26.63,26.4143,26.209,26.0134,25.8269,25.6488,25.4786,25.3158,25.1599,25.0105,24.8671,24.7295,24.5972,24.4699,24.3473,24.2291,24.1151,24.0048,23.8982,23.795,23.6949,23.5977,23.5033,23.4114,23.3218,23.2343,23.1488,23.0651,22.9831,22.9025,22.8232,22.7451,22.668,22.5918,22.5163,22.4415,22.3671,22.2931,22.2193,22.1456,22.072,21.9982,21.9243,21.8501,21.7756,21.7005,21.625,21.5489,21.4721,21.3945,21.3162,21.2371,21.157,21.0761,20.9942,20.9114,20.8276,20.7428,20.657,20.5702,20.4824,20.3936,20.3038,20.2131,20.1214,20.0288,19.9353,19.8409,19.7457,19.6498,19.553,19.4556,19.3575,19.2588,19.1595,19.0596,18.9593,18.8585,18.7573,18.6558,18.5539,18.4518,18.3494,18.2469,18.1442,18.0414,17.9386,17.8357,17.7329,17.63,17.5273,17.4246,17.3221,17.2197,17.1176,17.0156,16.9139,16.8124,16.7112,16.6103,16.5097,16.4095,16.3096,16.21,16.1108,16.012,15.9136,15.8156,15.718,15.6208,15.524,
 ,141,16.405,16.4761,16.547,16.6176,16.688,16.7582,16.8281,16.8979,16.9674,17.0367,17.1059,17.1749,17.2437,17.3124,17.381,17.4494,17.5178,17.5861,17.6544,17.7227,17.7909,17.8592,17.9275,17.9959,18.0644,18.1331,18.2019,18.2709,18.3401,18.4095,18.4793,18.5494,18.6199,18.6908,18.7621,18.8339,18.9062,18.9791,19.0527,19.1269,19.2018,19.2774,19.3539,19.4313,19.5096,19.5889,19.6692,19.7507,19.8333,19.9172,20.0024,20.0889,20.177,20.2666,20.3578,20.4507,20.5455,20.6421,20.7408,20.8416,20.9445,21.0499,21.1577,21.2681,21.3813,21.4973,21.6164,21.7387,21.8643,21.9936,22.1266,22.2636,22.4048,22.5504,22.7008,22.8562,23.0168,23.1831,23.3554,23.534,23.7194,23.9119,24.1122,24.3206,24.5377,24.7643,25.0008,25.2481,25.5069,25.778,26.0626,26.3615,26.6759,27.0072,27.3565,27.7256,28.116,28.5297,28.9687,29.4353,29.9322,30.4621,31.0283,31.6344,32.2845,32.9831,33.7353,34.5469,35.4245,36.3755,37.4084,38.5328,39.7598,41.1018,42.5734,44.1909,45.9734,47.9426,50.1234,52.5444,55.238,58.2414,61.5964,65.3495,69.5517,74.2573,79.5218,85.3978,91.9284,99.1368,107.011,115.484,124.406,133.525,142.459,150.703,157.662,162.729,165.399,165.384,162.689,157.609,150.653,142.428,133.528,124.454,115.583,107.166,99.3489,92.1962,85.7194,79.8949,74.6795,70.0206,65.8632,62.1529,58.8393,55.8757,53.2208,50.8375,48.6936,46.7605,45.0133,43.4305,41.9933,40.685,39.4913,38.3998,37.3995,36.4807,35.6349,34.8549,34.134,33.4665,32.8472,32.2717,31.7358,31.2361,30.7692,30.3324,29.9231,29.539,29.1779,28.8382,28.518,28.2158,27.9304,27.6604,27.4047,27.1623,26.9321,26.7135,26.5055,26.3074,26.1187,25.9386,25.7666,25.6021,25.4448,25.2942,25.1497,25.0111,24.878,24.75,24.6268,24.5081,24.3937,24.2832,24.1763,24.073,23.9728,23.8757,23.7813,23.6895,23.6001,23.5128,23.4276,23.3442,23.2624,23.1821,23.1032,23.0254,22.9486,22.8728,22.7976,22.723,22.6489,22.5751,22.5015,22.428,22.3545,22.2808,22.2069,22.1326,22.0579,21.9827,21.9068,21.8303,21.753,21.675,21.596,21.5161,21.4353,21.3534,21.2705,21.1866,21.1016,21.0155,20.9283,20.84,20.7506,20.6602,20.5686,20.4761,20.3825,20.2879,20.1924,20.0959,19.9985,19.9003,19.8013,19.7016,19.6011,19.5,19.3982,19.2959,19.1931,19.0898,18.986,18.882,18.7776,18.6729,18.568,18.4629,18.3576,18.2523,18.1469,18.0415,17.9362,17.8309,17.7256,17.6205,17.5156,17.4108,17.3062,17.2019,17.0978,16.9941,16.8906,16.7874,16.6846,16.5822,16.4801,16.3784,16.2771,16.1762,16.0757,15.9756,15.876,15.7768,15.6781,
 ,140,16.5724,16.6444,16.7162,16.7877,16.8589,16.9299,17.0006,17.0711,17.1414,17.2115,17.2813,17.351,17.4205,17.4899,17.5591,17.6282,17.6972,17.7661,17.835,17.9038,17.9726,18.0414,18.1103,18.1792,18.2482,18.3174,18.3867,18.4561,18.5258,18.5958,18.666,18.7366,18.8075,18.8788,18.9506,19.0229,19.0957,19.169,19.243,19.3177,19.3931,19.4692,19.5462,19.6241,19.7029,19.7827,19.8635,19.9455,20.0287,20.1132,20.1989,20.2861,20.3748,20.4651,20.557,20.6506,20.7461,20.8435,20.943,21.0446,21.1485,21.2547,21.3635,21.4749,21.5891,21.7062,21.8264,21.9499,22.0768,22.2073,22.3417,22.4801,22.6228,22.7701,22.9222,23.0793,23.2418,23.4101,23.5845,23.7653,23.953,24.1481,24.351,24.5622,24.7824,25.0121,25.2521,25.5031,25.7659,26.0415,26.3307,26.6346,26.9546,27.2918,27.6477,28.0239,28.4221,28.8445,29.2931,29.7703,30.2788,30.8219,31.4028,32.0254,32.694,33.4136,34.1895,35.0282,35.9368,36.9234,37.9973,39.1692,40.4515,41.8581,43.4055,45.1126,47.0011,49.0966,51.4286,54.0317,56.9456,60.2168,63.899,68.0538,72.7511,78.0692,84.0931,90.9113,98.609,107.256,116.889,127.478,138.89,150.839,162.837,174.171,183.94,191.171,195.018,194.986,191.083,183.816,174.038,162.724,150.768,138.877,127.531,117.011,107.447,98.8646,91.2282,84.4675,78.4974,73.2297,68.58,64.4705,60.8316,57.6019,54.7282,52.1643,49.8703,47.8119,45.9598,44.2886,42.7764,41.4044,40.1564,39.0182,37.9777,37.0241,36.1482,35.3419,34.598,33.9103,33.2733,32.6821,32.1323,31.6203,31.1424,30.6958,30.2778,29.8858,29.5177,29.1717,28.8458,28.5385,28.2484,27.9742,27.7147,27.4688,27.2356,27.0142,26.8037,26.6034,26.4126,26.2307,26.0571,25.8912,25.7326,25.5809,25.4355,25.2961,25.1623,25.0337,24.9101,24.791,24.6763,24.5656,24.4587,24.3554,24.2553,24.1582,24.0641,23.9725,23.8834,23.7965,23.7116,23.6286,23.5473,23.4674,23.389,23.3116,23.2353,23.1599,23.0852,23.011,22.9373,22.8638,22.7905,22.7173,22.644,22.5704,22.4966,22.4223,22.3475,22.2721,22.196,22.1192,22.0415,21.9629,21.8833,21.8027,21.721,21.6382,21.5543,21.4693,21.383,21.2956,21.2069,21.1171,21.0261,20.9339,20.8406,20.7461,20.6505,20.5538,20.4562,20.3575,20.2579,20.1573,20.0559,19.9537,19.8508,19.7471,19.6428,19.5379,19.4324,19.3265,19.2201,19.1134,19.0063,18.8989,18.7914,18.6836,18.5757,18.4677,18.3597,18.2517,18.1437,18.0357,17.9279,17.8203,17.7128,17.6055,17.4985,17.3917,17.2852,17.179,17.0732,16.9677,16.8626,16.7579,16.6535,16.5496,16.4461,16.3431,16.2405,16.1383,16.0366,15.9354,15.8347,
 ,139,16.7429,16.8158,16.8884,16.9608,17.0328,17.1046,17.1762,17.2475,17.3185,17.3893,17.4599,17.5303,17.6005,17.6705,17.7404,17.8101,17.8797,17.9492,18.0186,18.088,18.1574,18.2267,18.2961,18.3656,18.4351,18.5047,18.5745,18.6444,18.7146,18.785,18.8557,18.9267,18.998,19.0698,19.142,19.2147,19.288,19.3618,19.4362,19.5113,19.5871,19.6638,19.7412,19.8195,19.8988,19.9791,20.0605,20.143,20.2267,20.3117,20.3981,20.4859,20.5752,20.666,20.7586,20.8529,20.9491,21.0473,21.1475,21.2499,21.3546,21.4618,21.5714,21.6838,21.799,21.9171,22.0384,22.163,22.2911,22.4229,22.5586,22.6984,22.8426,22.9914,23.145,23.3039,23.4682,23.6384,23.8147,23.9977,24.1876,24.385,24.5905,24.8044,25.0274,25.2602,25.5035,25.758,26.0246,26.3042,26.5978,26.9065,27.2316,27.5744,27.9364,28.3193,28.725,29.1554,29.6129,30.1,30.6196,31.1749,31.7695,32.4075,33.0935,33.8327,34.631,35.4952,36.433,37.4533,38.5661,39.7832,41.1181,42.5866,44.2069,46.0003,47.9917,50.2106,52.6913,55.4745,58.6083,62.1494,66.165,70.7342,75.9496,81.9188,88.7649,96.6244,105.643,115.964,127.703,140.914,155.526,171.257,187.515,203.319,217.299,227.864,233.557,233.496,227.695,217.06,203.059,187.28,171.081,155.43,140.906,127.783,116.128,105.885,96.9366,89.1412,82.3541,76.4392,71.2744,66.7529,62.7825,59.2847,56.1925,53.4496,51.0081,48.8275,46.8735,45.1169,43.5328,42.0999,40.8001,39.6176,38.539,37.5527,36.6484,35.8174,35.0519,34.3454,33.6918,33.0859,32.5233,31.9997,31.5117,31.056,30.6298,30.2306,29.856,29.5041,29.1729,28.8609,28.5665,28.2885,28.0255,27.7765,27.5404,27.3165,27.1037,26.9013,26.7087,26.5252,26.3502,26.1831,26.0234,25.8707,25.7245,25.5844,25.45,25.3211,25.1971,25.0778,24.963,24.8523,24.7455,24.6423,24.5424,24.4456,24.3518,24.2606,24.1719,24.0855,24.0011,23.9187,23.8379,23.7587,23.6808,23.6041,23.5283,23.4535,23.3793,23.3057,23.2324,23.1595,23.0866,23.0137,22.9407,22.8674,22.7937,22.7195,22.6447,22.5692,22.493,22.4158,22.3378,22.2587,22.1785,22.0972,22.0147,21.931,21.8461,21.7598,21.6723,21.5835,21.4933,21.4019,21.3092,21.2152,21.1199,21.0235,20.9258,20.827,20.7271,20.6261,20.524,20.421,20.3171,20.2124,20.1068,20.0005,19.8935,19.7858,19.6776,19.5689,19.4598,19.3502,19.2403,19.1302,19.0198,18.9092,18.7985,18.6878,18.577,18.4662,18.3555,18.2448,18.1343,18.024,17.9139,17.804,17.6944,17.5851,17.4761,17.3674,17.2591,17.1512,17.0437,16.9366,16.83,16.7238,16.618,16.5127,16.408,16.3037,16.1999,16.0966,15.9938,
 ,138,16.9164,16.9903,17.0638,17.137,17.2099,17.2826,17.3549,17.427,17.4988,17.5703,17.6416,17.7127,17.7836,17.8543,17.9248,17.9951,18.0654,18.1355,18.2055,18.2754,18.3453,18.4152,18.4851,18.555,18.6251,18.6952,18.7654,18.8358,18.9064,18.9772,19.0484,19.1198,19.1916,19.2638,19.3364,19.4095,19.4832,19.5574,19.6323,19.7078,19.784,19.8611,19.939,20.0178,20.0975,20.1783,20.2601,20.3431,20.4274,20.5129,20.5998,20.6882,20.778,20.8695,20.9627,21.0577,21.1546,21.2534,21.3544,21.4576,21.5631,21.671,21.7816,21.8948,22.011,22.1301,22.2525,22.3782,22.5074,22.6404,22.7774,22.9185,23.0641,23.2143,23.3695,23.5299,23.696,23.8679,24.0461,24.2311,24.4231,24.6228,24.8306,25.0471,25.2728,25.5085,25.7548,26.0126,26.2827,26.5661,26.8638,27.177,27.5068,27.8548,28.2225,28.6117,29.0241,29.462,29.9277,30.4239,30.9537,31.5203,32.1276,32.7798,33.4818,34.2392,35.0581,35.9459,36.9109,37.9623,39.1113,40.3705,41.7548,43.2812,44.9701,46.8451,48.9343,51.2709,53.8943,56.8519,60.2,64.0065,68.3534,73.339,79.0821,85.7248,93.4367,102.416,112.89,125.105,139.307,155.697,174.347,195.068,217.217,239.497,259.848,275.643,284.297,284.186,275.338,259.422,239.036,216.8,194.744,174.141,155.613,139.338,125.24,113.118,102.725,93.817,86.1693,79.5847,73.8951,68.9593,64.6596,60.8978,57.5927,54.6767,52.0936,49.7964,47.7456,45.9083,44.2566,42.7666,41.4184,40.1946,39.0807,38.064,37.1334,36.2797,35.4944,34.7705,34.1016,33.4824,32.9079,32.3738,31.8765,31.4125,30.9789,30.573,30.1925,29.8352,29.4992,29.1829,28.8846,28.6031,28.337,28.0851,27.8466,27.6203,27.4055,27.2013,27.0071,26.8222,26.6459,26.4777,26.3171,26.1636,26.0168,25.8762,25.7415,25.6122,25.4881,25.3688,25.254,25.1434,25.0368,24.9338,24.8343,24.738,24.6446,24.554,24.4658,24.38,24.2964,24.2146,24.1346,24.056,23.9789,23.9029,23.8279,23.7538,23.6803,23.6073,23.5347,23.4623,23.39,23.3176,23.245,23.172,23.0986,23.0246,22.9499,22.8744,22.7981,22.7207,22.6423,22.5627,22.482,22.4,22.3167,22.2321,22.1461,22.0587,21.9698,21.8796,21.7879,21.6948,21.6003,21.5044,21.4072,21.3086,21.2088,21.1077,21.0054,20.9019,20.7974,20.6918,20.5852,20.4778,20.3694,20.2603,20.1505,20.04,19.9289,19.8173,19.7052,19.5927,19.4799,19.3667,19.2534,19.1399,19.0263,18.9126,18.7989,18.6853,18.5717,18.4582,18.3449,18.2318,18.119,18.0064,17.8941,17.7822,17.6705,17.5593,17.4485,17.3381,17.2281,17.1186,17.0095,16.9009,16.7929,16.6853,16.5783,16.4717,16.3657,16.2603,16.1554,
 ,137,17.0932,17.168,17.2424,17.3165,17.3903,17.4637,17.5369,17.6098,17.6823,17.7546,17.8267,17.8985,17.97,18.0414,18.1125,18.1835,18.2543,18.325,18.3956,18.4661,18.5365,18.6069,18.6773,18.7478,18.8182,18.8888,18.9595,19.0303,19.1014,19.1727,19.2442,19.316,19.3882,19.4608,19.5339,19.6074,19.6814,19.756,19.8313,19.9072,19.9839,20.0613,20.1396,20.2189,20.299,20.3802,20.4626,20.546,20.6308,20.7168,20.8042,20.8931,20.9835,21.0755,21.1693,21.2649,21.3625,21.462,21.5637,21.6676,21.7738,21.8826,21.994,22.1081,22.2252,22.3453,22.4686,22.5954,22.7257,22.8598,22.998,23.1404,23.2872,23.4389,23.5955,23.7575,23.9251,24.0987,24.2787,24.4656,24.6596,24.8614,25.0714,25.2903,25.5185,25.7569,26.0061,26.2669,26.5402,26.8271,27.1286,27.4458,27.7801,28.1329,28.5058,28.9005,29.3192,29.7638,30.2371,30.7416,31.2805,31.8574,32.4761,33.1412,33.8578,34.6316,35.4693,36.3785,37.368,38.4478,39.6297,40.9273,42.3565,43.9361,45.688,47.6382,49.8178,52.2638,55.0206,58.1419,61.6928,65.7525,70.4182,75.809,82.0718,89.3878,97.9799,108.121,120.139,134.422,151.402,171.515,195.109,222.246,252.388,283.955,313.943,338.005,351.484,351.287,337.471,313.212,283.188,251.709,221.725,194.767,171.345,151.383,134.531,120.357,108.43,98.3679,89.8448,82.5903,76.3835,71.0445,66.4274,62.4138,58.9071,55.8285,53.1131,50.7074,48.5673,46.6557,44.9419,43.3997,42.0073,40.7461,39.6002,38.5559,37.6016,36.7273,35.9241,35.1846,34.502,33.8707,33.2856,32.7421,32.2364,31.7649,31.3246,30.9128,30.5269,30.1649,29.8246,29.5044,29.2027,28.918,28.6491,28.3947,28.1539,27.9256,27.709,27.5033,27.3077,27.1216,26.9443,26.7752,26.6139,26.4598,26.3125,26.1716,26.0366,25.9072,25.7831,25.6639,25.5493,25.439,25.3327,25.2302,25.1312,25.0354,24.9427,24.8527,24.7654,24.6804,24.5975,24.5166,24.4374,24.3598,24.2835,24.2084,24.1343,24.0611,23.9884,23.9163,23.8445,23.7728,23.7012,23.6294,23.5573,23.4848,23.4118,23.338,23.2635,23.1881,23.1117,23.0342,22.9555,22.8756,22.7943,22.7116,22.6275,22.542,22.4549,22.3663,22.2761,22.1844,22.0911,21.9963,21.8999,21.8021,21.7027,21.602,21.4998,21.3963,21.2915,21.1855,21.0783,20.9699,20.8606,20.7503,20.639,20.5269,20.4141,20.3006,20.1864,20.0718,19.9566,19.841,19.7251,19.6089,19.4924,19.3759,19.2592,19.1424,19.0257,18.909,18.7925,18.6761,18.5599,18.4439,18.3282,18.2128,18.0977,17.983,17.8687,17.7548,17.6413,17.5283,17.4157,17.3037,17.1922,17.0812,16.9707,16.8608,16.7514,16.6426,16.5343,16.4266,16.3195,
 ,136,17.2733,17.349,17.4243,17.4993,17.574,17.6483,17.7223,17.7959,17.8693,17.9423,18.0151,18.0876,18.1598,18.2319,18.3037,18.3753,18.4467,18.5179,18.5891,18.6601,18.7311,18.802,18.8729,18.9438,19.0147,19.0857,19.1569,19.2281,19.2996,19.3713,19.4432,19.5155,19.588,19.661,19.7344,19.8083,19.8827,19.9577,20.0333,20.1096,20.1867,20.2645,20.3432,20.4228,20.5034,20.5851,20.6678,20.7517,20.8369,20.9234,21.0113,21.1007,21.1916,21.2842,21.3786,21.4748,21.5729,21.6731,21.7754,21.88,21.987,22.0965,22.2087,22.3237,22.4416,22.5626,22.6869,22.8146,22.946,23.0812,23.2205,23.364,23.5122,23.6651,23.8231,23.9865,24.1557,24.3309,24.5126,24.7012,24.8971,25.1008,25.3129,25.5339,25.7645,26.0053,26.2571,26.5208,26.7971,27.0872,27.3921,27.713,28.0513,28.4084,28.7859,29.1858,29.6099,30.0607,30.5406,31.0525,31.5997,32.1856,32.8145,33.491,34.2204,35.0088,35.863,36.7911,37.8023,38.9072,40.1182,41.4497,42.9189,44.5456,46.3535,48.3709,50.6315,53.1757,56.0529,59.3227,63.0585,67.3506,72.3113,78.0805,84.8341,92.7939,102.241,113.53,127.111,143.541,163.498,187.758,217.111,252.13,292.696,337.176,381.434,418.429,439.744,439.404,417.52,380.226,335.96,291.667,251.37,216.62,187.503,163.435,143.633,127.327,113.847,102.642,93.2679,85.3721,78.6764,72.9604,68.0495,63.8046,60.114,56.8879,54.0531,51.5501,49.3299,47.3522,45.5832,43.9948,42.5634,41.2691,40.0949,39.0264,38.0512,37.1588,36.3399,35.5867,34.8921,34.2502,33.6557,33.104,32.5909,32.1129,31.6668,31.2498,30.8592,30.4929,30.1489,29.8253,29.5206,29.2332,28.9618,28.7053,28.4625,28.2326,28.0144,27.8074,27.6106,27.4235,27.2453,27.0756,26.9137,26.7592,26.6117,26.4706,26.3355,26.2062,26.0823,25.9633,25.849,25.7392,25.6334,25.5315,25.4332,25.3382,25.2462,25.1572,25.0707,24.9866,24.9048,24.8249,24.7468,24.6702,24.595,24.5209,24.4479,24.3757,24.3041,24.2329,24.1621,24.0913,24.0205,23.9494,23.878,23.8061,23.7336,23.6602,23.586,23.5108,23.4344,23.3568,23.2779,23.1976,23.1158,23.0325,22.9476,22.8611,22.773,22.6831,22.5915,22.4983,22.4033,22.3067,22.2084,22.1085,22.0069,21.9039,21.7993,21.6932,21.5858,21.477,21.367,21.2558,21.1435,21.0302,20.9158,20.8006,20.6847,20.5679,20.4506,20.3326,20.2142,20.0954,19.9762,19.8567,19.7371,19.6172,19.4973,19.3774,19.2575,19.1377,19.018,18.8985,18.7793,18.6603,18.5416,18.4232,18.3053,18.1877,18.0705,17.9539,17.8377,17.722,17.6068,17.4922,17.378,17.2645,17.1516,17.0392,16.9274,16.8163,16.7057,16.5957,16.4864,
 ,135,17.4567,17.5334,17.6097,17.6856,17.7611,17.8363,17.9111,17.9856,18.0597,18.1335,18.207,18.2802,18.3532,18.4258,18.4983,18.5705,18.6425,18.7143,18.7861,18.8576,18.9291,19.0005,19.0719,19.1432,19.2146,19.2861,19.3576,19.4293,19.5012,19.5732,19.6456,19.7182,19.7911,19.8644,19.9382,20.0124,20.0872,20.1625,20.2385,20.3152,20.3926,20.4708,20.5498,20.6298,20.7108,20.7928,20.8759,20.9603,21.0459,21.1328,21.2211,21.311,21.4024,21.4956,21.5904,21.6872,21.7859,21.8867,21.9896,22.0949,22.2026,22.3128,22.4257,22.5415,22.6602,22.7821,22.9073,23.0359,23.1683,23.3045,23.4449,23.5896,23.7389,23.893,24.0523,24.2171,24.3877,24.5644,24.7476,24.9378,25.1355,25.341,25.555,25.7781,26.0108,26.2538,26.508,26.7742,27.0533,27.3463,27.6542,27.9784,28.3203,28.6812,29.0628,29.4672,29.8962,30.3523,30.8381,31.3564,31.9106,32.5044,33.1421,33.8284,34.5688,35.3696,36.238,37.1823,38.212,39.3382,40.574,41.9346,43.4378,45.1047,46.9606,49.0354,51.3652,53.994,56.9749,60.3732,64.2696,68.7648,73.9847,80.0887,87.2804,95.821,106.049,118.404,133.463,151.974,174.9,203.448,239.025,283.028,336.239,397.521,461.733,518.015,551.554,550.987,516.531,459.843,395.722,334.805,282.024,238.404,203.133,174.817,152.067,133.691,118.74,106.472,96.318,87.8425,80.7095,74.6594,69.4901,65.043,61.1926,57.8387,54.9011,52.3145,50.0259,47.9915,46.1755,44.5478,43.0832,41.7608,40.5626,39.4736,38.4808,37.573,36.7408,35.9759,35.2712,34.6203,34.0179,33.4591,32.9398,32.4562,32.0052,31.5837,31.1892,30.8193,30.4721,30.1456,29.8383,29.5486,29.2752,29.0168,28.7724,28.541,28.3217,28.1135,27.9159,27.728,27.5492,27.379,27.2168,27.0621,26.9144,26.7733,26.6384,26.5093,26.3857,26.2671,26.1534,26.0441,25.9391,25.838,25.7405,25.6464,25.5554,25.4674,25.382,25.2991,25.2184,25.1397,25.0628,24.9875,24.9136,24.8408,24.769,24.698,24.6276,24.5576,24.4878,24.4181,24.3483,24.2782,24.2076,24.1364,24.0645,23.9917,23.9178,23.8429,23.7666,23.689,23.61,23.5294,23.4471,23.3632,23.2775,23.1901,23.1008,23.0097,22.9167,22.8219,22.7252,22.6267,22.5263,22.4242,22.3203,22.2148,22.1077,21.9989,21.8887,21.7771,21.6641,21.5498,21.4344,21.3178,21.2002,21.0817,20.9624,20.8423,20.7216,20.6002,20.4783,20.3561,20.2335,20.1106,19.9875,19.8642,19.7409,19.6177,19.4944,19.3713,19.2484,19.1257,19.0032,18.8811,18.7593,18.6379,18.5169,18.3964,18.2763,18.1567,18.0377,17.9192,17.8013,17.684,17.5672,17.4511,17.3356,17.2207,17.1064,16.9928,16.8799,16.7676,16.6559,
 ,134,17.6437,17.7213,17.7985,17.8754,17.9518,18.0279,18.1035,18.1788,18.2537,18.3283,18.4025,18.4765,18.5501,18.6234,18.6965,18.7693,18.8419,18.9143,18.9866,19.0587,19.1307,19.2026,19.2744,19.3462,19.418,19.4899,19.5618,19.6339,19.7061,19.7786,19.8513,19.9242,19.9975,20.0712,20.1453,20.2198,20.2949,20.3706,20.4469,20.5238,20.6016,20.6801,20.7595,20.8398,20.9212,21.0035,21.087,21.1718,21.2577,21.3451,21.4339,21.5242,21.616,21.7096,21.805,21.9023,22.0015,22.1029,22.2065,22.3123,22.4207,22.5316,22.6452,22.7617,22.8812,23.0039,23.1299,23.2594,23.3927,23.5299,23.6713,23.8171,23.9674,24.1227,24.2833,24.4493,24.6211,24.7992,24.9839,25.1757,25.3749,25.5821,25.7978,26.0227,26.2573,26.5025,26.7588,27.0273,27.3087,27.6042,27.9149,28.242,28.5869,28.9512,29.3364,29.7446,30.1779,30.6385,31.1292,31.6529,32.213,32.8134,33.4584,34.1528,34.9023,35.7133,36.5933,37.5507,38.5955,39.7391,40.995,42.379,43.9096,45.609,47.5036,49.6247,52.0106,54.7076,57.7723,61.2747,65.3016,69.962,75.3938,81.7728,89.3261,98.3498,109.233,122.494,138.825,159.16,184.754,217.272,258.838,311.916,378.686,459.279,548.198,630.071,680.661,679.799,627.868,545.527,456.896,376.915,310.756,258.166,216.957,184.694,159.284,139.086,122.861,109.687,98.8765,89.9172,82.4221,76.0971,70.7163,66.1043,62.124,58.6668,55.6461,52.992,50.6482,48.5684,46.7146,45.0552,43.564,42.219,41.0016,39.8961,38.889,37.969,37.126,36.3517,35.6387,34.9806,34.3717,33.8072,33.2828,32.7947,32.3396,31.9145,31.5167,31.1439,30.794,30.4652,30.1558,29.8642,29.5891,29.3293,29.0836,28.8511,28.6308,28.4218,28.2235,28.0351,27.8559,27.6854,27.5231,27.3684,27.2208,27.0799,26.9453,26.8166,26.6935,26.5756,26.4625,26.3541,26.2499,26.1497,26.0533,25.9603,25.8705,25.7837,25.6996,25.618,25.5387,25.4614,25.3859,25.3121,25.2396,25.1683,25.0979,25.0283,24.9593,24.8907,24.8222,24.7537,24.6851,24.616,24.5464,24.4762,24.405,24.3329,24.2595,24.1849,24.1089,24.0314,23.9523,23.8714,23.7888,23.7043,23.6178,23.5294,23.439,23.3466,23.2521,23.1557,23.0571,22.9566,22.8542,22.7497,22.6434,22.5353,22.4254,22.3139,22.2007,22.086,21.9698,21.8523,21.7335,21.6136,21.4926,21.3706,21.2477,21.1241,20.9997,20.8747,20.7492,20.6233,20.4971,20.3706,20.2439,20.1171,19.9902,19.8634,19.7367,19.6102,19.4838,19.3577,19.2319,19.1065,18.9815,18.8569,18.7327,18.6091,18.486,18.3635,18.2415,18.1201,17.9994,17.8792,17.7597,17.6409,17.5228,17.4053,17.2885,17.1724,17.0569,16.9422,16.8282,
 ,133,17.8342,17.9129,17.9911,18.0688,18.1462,18.2231,18.2996,18.3757,18.4514,18.5268,18.6018,18.6764,18.7507,18.8247,18.8984,18.9718,19.045,19.118,19.1908,19.2634,19.3359,19.4083,19.4805,19.5528,19.625,19.6973,19.7696,19.8421,19.9147,19.9875,20.0605,20.1337,20.2073,20.2813,20.3557,20.4306,20.5059,20.5819,20.6585,20.7358,20.8138,20.8926,20.9723,21.053,21.1346,21.2173,21.3012,21.3862,21.4726,21.5603,21.6495,21.7402,21.8325,21.9265,22.0224,22.1201,22.2199,22.3218,22.4259,22.5323,22.6413,22.7528,22.8671,22.9843,23.1045,23.2279,23.3548,23.4851,23.6193,23.7574,23.8997,24.0464,24.1978,24.3542,24.5159,24.683,24.8561,25.0355,25.2215,25.4146,25.6153,25.824,26.0413,26.2678,26.5042,26.7511,27.0094,27.2798,27.5634,27.8611,28.1742,28.5038,28.8513,29.2184,29.6066,30.018,30.4547,30.919,31.4137,31.9418,32.5067,33.1122,33.7629,34.4636,35.2202,36.0391,36.9279,37.8954,38.9515,40.1082,41.3791,42.7806,44.3317,46.0551,47.9781,50.1334,52.5604,55.3073,58.4334,62.0118,66.1339,70.9148,76.501,83.0805,90.8981,100.275,111.64,125.568,142.844,164.547,192.17,227.766,274.104,334.677,413.184,511.484,624.57,733.082,802.283,801.209,730.397,621.467,508.895,411.396,333.594,273.534,227.549,192.193,164.739,143.161,125.982,112.134,100.839,91.5233,83.7624,77.236,71.7004,66.9681,62.893,59.3603,56.2789,53.5756,51.1915,49.0784,47.1969,45.5143,44.0036,42.642,41.4104,40.2927,39.2751,38.3458,37.4949,36.7135,35.9943,35.3307,34.7169,34.1481,33.6198,33.1282,32.67,32.242,31.8417,31.4667,31.1148,30.7842,30.4731,30.1801,29.9037,29.6428,29.3962,29.1628,28.9418,28.7324,28.5336,28.3449,28.1656,27.9951,27.8328,27.6782,27.5309,27.3904,27.2563,27.1283,27.0058,26.8887,26.7765,26.6691,26.566,26.4669,26.3717,26.28,26.1916,26.1062,26.0237,25.9436,25.8659,25.7902,25.7164,25.6442,25.5733,25.5037,25.435,25.3671,25.2997,25.2326,25.1656,25.0986,25.0313,24.9635,24.8951,24.8259,24.7557,24.6843,24.6117,24.5376,24.4619,24.3846,24.3054,24.2244,24.1414,24.0563,23.9691,23.8798,23.7882,23.6945,23.5985,23.5003,23.3998,23.2972,23.1925,23.0856,22.9767,22.8659,22.7531,22.6385,22.5222,22.4042,22.2847,22.1638,22.0415,21.9179,21.7932,21.6675,21.5409,21.4134,21.2853,21.1565,21.0272,20.8974,20.7673,20.637,20.5065,20.376,20.2454,20.1149,19.9845,19.8543,19.7244,19.5947,19.4655,19.3366,19.2082,19.0803,18.9529,18.826,18.6998,18.5741,18.4491,18.3247,18.201,18.078,17.9557,17.8341,17.7132,17.593,17.4736,17.3549,17.2369,17.1197,17.0032,
 ,132,18.0285,18.1082,18.1874,18.2661,18.3443,18.4222,18.4995,18.5765,18.653,18.7291,18.8048,18.8802,18.9552,19.0298,19.1042,19.1782,19.252,19.3255,19.3988,19.4719,19.5449,19.6177,19.6904,19.7631,19.8357,19.9084,19.9811,20.0539,20.1268,20.1999,20.2732,20.3468,20.4207,20.495,20.5696,20.6448,20.7204,20.7967,20.8735,20.9511,21.0293,21.1084,21.1884,21.2693,21.3513,21.4343,21.5184,21.6038,21.6905,21.7785,21.8681,21.9591,22.0518,22.1463,22.2426,22.3407,22.441,22.5434,22.648,22.755,22.8645,22.9766,23.0915,23.2094,23.3303,23.4544,23.5819,23.7131,23.848,23.987,24.1302,24.2778,24.4302,24.5876,24.7502,24.9185,25.0927,25.2732,25.4604,25.6548,25.8567,26.0668,26.2855,26.5135,26.7514,26.9999,27.2599,27.532,27.8174,28.117,28.432,28.7637,29.1134,29.4827,29.8734,30.2873,30.7266,31.1938,31.6916,32.2229,32.7914,33.4007,34.0555,34.7608,35.5222,36.3466,37.2414,38.2156,39.2793,40.4445,41.7252,43.1379,44.7019,46.4404,48.3811,50.5574,53.0095,55.7866,58.9495,62.5732,66.7515,71.603,77.2789,83.9739,91.9422,101.519,113.152,127.45,145.244,167.692,196.41,233.663,282.572,347.223,432.225,540.592,667.91,792.723,873.774,872.91,790.583,665.515,538.704,431.02,346.575,282.312,233.66,196.582,167.991,145.64,127.926,113.697,102.125,92.6059,84.6917,78.0484,72.4224,67.6193,63.4882,59.9107,56.793,54.0602,51.6518,49.5185,47.6201,45.9233,44.4005,43.0285,41.788,40.6626,39.6383,38.7031,37.847,37.0611,36.3378,35.6705,35.0534,34.4817,33.9507,33.4567,32.9963,32.5664,32.1643,31.7877,31.4344,31.1025,30.7903,30.4963,30.2191,29.9574,29.7102,29.4763,29.2549,29.0452,28.8463,28.6576,28.4783,28.3079,28.1459,27.9917,27.8449,27.705,27.5716,27.4444,27.3228,27.2067,27.0956,26.9893,26.8875,26.7898,26.696,26.6058,26.519,26.4353,26.3544,26.2761,26.2002,26.1264,26.0544,25.9841,25.9152,25.8475,25.7807,25.7146,25.6491,25.5838,25.5185,25.4532,25.3874,25.3212,25.2541,25.1862,25.1171,25.0467,24.9749,24.9014,24.8262,24.7492,24.6701,24.589,24.5056,24.42,24.3321,24.2418,24.1491,24.0539,23.9563,23.8563,23.7539,23.6491,23.5419,23.4325,23.3209,23.2071,23.0913,22.9735,22.8538,22.7324,22.6093,22.4847,22.3586,22.2312,22.1026,21.973,21.8423,21.7109,21.5786,21.4458,21.3124,21.1786,21.0445,20.9101,20.7756,20.6411,20.5066,20.3722,20.2379,20.104,19.9703,19.837,19.704,19.5716,19.4397,19.3083,19.1774,19.0473,18.9177,18.7888,18.6607,18.5332,18.4064,18.2804,18.1552,18.0307,17.907,17.7841,17.6619,17.5405,17.4199,17.3002,17.1811,
 ,131,18.2266,18.3073,18.3875,18.4672,18.5464,18.6251,18.7034,18.7812,18.8585,18.9354,19.0119,19.0879,19.1636,19.2389,19.3139,19.3885,19.4628,19.5369,19.6107,19.6843,19.7578,19.831,19.9042,19.9773,20.0503,20.1233,20.1963,20.2694,20.3427,20.4161,20.4897,20.5635,20.6377,20.7122,20.7871,20.8625,20.9384,21.0149,21.092,21.1697,21.2483,21.3276,21.4078,21.489,21.5712,21.6544,21.7389,21.8245,21.9115,21.9999,22.0897,22.1811,22.2742,22.369,22.4656,22.5642,22.6649,22.7677,22.8728,22.9803,23.0903,23.203,23.3185,23.4369,23.5585,23.6833,23.8115,23.9434,24.0791,24.2188,24.3628,24.5113,24.6645,24.8228,24.9864,25.1556,25.3308,25.5124,25.7007,25.8962,26.0993,26.3106,26.5306,26.7598,26.999,27.2489,27.5102,27.7839,28.0707,28.3719,28.6885,29.0218,29.3732,29.7442,30.1367,30.5525,30.9938,31.463,31.9628,32.4963,33.067,33.6788,34.3361,35.0439,35.8082,36.6355,37.5335,38.511,39.5784,40.7475,42.0325,43.4499,45.0192,46.7635,48.7108,50.8944,53.3549,56.1419,59.316,62.9527,67.1462,72.0156,77.7125,84.4323,92.4295,102.04,113.711,128.049,145.883,168.361,197.084,234.28,283.004,347.214,431.306,537.998,662.694,784.441,863.606,863.613,784.378,662.557,537.909,431.331,347.353,283.237,234.589,197.459,168.797,146.376,128.596,114.312,102.693,93.1351,85.1887,78.5188,72.8708,68.0495,63.9032,60.3131,57.1848,54.4429,52.0268,49.8869,47.9828,46.281,44.7538,43.378,42.134,41.0055,39.9783,39.0406,38.1822,37.3942,36.6689,35.9998,35.3812,34.8078,34.2755,33.7802,33.3186,32.8876,32.4845,32.107,31.7529,31.4203,31.1074,30.8129,30.5352,30.2732,30.0257,29.7917,29.5702,29.3605,29.1617,28.9731,28.7941,28.6242,28.4627,28.3091,28.163,28.0239,27.8913,27.7651,27.6446,27.5297,27.4199,27.315,27.2146,27.1185,27.0264,26.9379,26.8529,26.7711,26.6921,26.6159,26.542,26.4703,26.4004,26.3323,26.2655,26.2,26.1353,26.0714,26.0079,25.9447,25.8815,25.818,25.7541,25.6895,25.6241,25.5576,25.4898,25.4206,25.3497,25.2771,25.2025,25.1259,25.047,24.9658,24.8822,24.7961,24.7075,24.6162,24.5223,24.4257,24.3265,24.2246,24.12,24.0129,23.9032,23.791,23.6765,23.5596,23.4405,23.3193,23.196,23.0709,22.944,22.8154,22.6854,22.5539,22.4212,22.2873,22.1524,22.0167,21.8801,21.743,21.6053,21.4672,21.3288,21.1902,21.0515,20.9127,20.7741,20.6356,20.4973,20.3593,20.2217,20.0845,19.9478,19.8116,19.6759,19.5409,19.4066,19.2729,19.1399,19.0077,18.8762,18.7455,18.6156,18.4865,18.3582,18.2308,18.1041,17.9783,17.8534,17.7293,17.606,17.4836,17.362,
 ,130,18.4288,18.5105,18.5917,18.6724,18.7525,18.8322,18.9113,18.9899,19.0681,19.1457,19.223,19.2998,19.3761,19.4521,19.5277,19.6029,19.6778,19.7524,19.8267,19.9008,19.9747,20.0484,20.1219,20.1954,20.2687,20.3421,20.4155,20.4889,20.5624,20.6361,20.7099,20.784,20.8584,20.9332,21.0083,21.0839,21.16,21.2367,21.314,21.3919,21.4707,21.5502,21.6307,21.712,21.7944,21.8779,21.9626,22.0485,22.1357,22.2243,22.3145,22.4062,22.4996,22.5947,22.6917,22.7907,22.8917,22.9949,23.1005,23.2084,23.3189,23.4321,23.5481,23.6671,23.7892,23.9146,24.0435,24.176,24.3124,24.4528,24.5976,24.7468,24.9009,25.06,25.2244,25.3946,25.5707,25.7532,25.9425,26.1389,26.3431,26.5554,26.7764,27.0068,27.2471,27.4981,27.7606,28.0354,28.3234,28.6258,28.9436,29.2781,29.6307,30.003,30.3967,30.8137,31.2561,31.7265,32.2274,32.762,33.3338,33.9465,34.6046,35.3132,36.0781,36.9059,37.8041,38.7816,39.8487,41.0171,42.301,43.7166,45.2833,47.0242,48.9668,51.1442,53.5964,56.3724,59.532,63.1493,67.317,72.1515,77.8006,84.4544,92.359,101.837,113.317,127.371,144.776,166.59,194.261,229.758,275.68,335.229,411.63,506.167,613.651,716.05,781.969,783.18,718.816,616.497,508.364,413.157,336.293,276.475,230.413,194.856,167.171,145.37,127.994,113.977,102.541,93.1086,85.2512,78.6454,73.0442,68.2575,64.1373,60.5668,57.4536,54.7234,52.3163,50.1835,48.2849,46.5874,45.0635,43.6903,42.4483,41.3213,40.2953,39.3585,38.5006,37.713,36.9879,36.3189,35.7002,35.1268,34.5943,34.0988,33.637,33.2058,32.8025,32.4247,32.0704,31.7376,31.4246,31.13,30.8523,30.5903,30.3428,30.1089,29.8877,29.6782,29.4798,29.2917,29.1133,28.9439,28.7831,28.6304,28.4851,28.347,28.2156,28.0905,27.9714,27.8579,27.7496,27.6463,27.5476,27.4533,27.363,27.2766,27.1936,27.1139,27.0371,26.9631,26.8916,26.8222,26.7548,26.689,26.6247,26.5616,26.4994,26.4379,26.3768,26.3159,26.2549,26.1936,26.1318,26.0692,26.0056,25.9408,25.8746,25.8067,25.737,25.6654,25.5915,25.5154,25.4369,25.3557,25.2719,25.1854,25.0961,25.0038,24.9087,24.8107,24.7097,24.6058,24.499,24.3894,24.277,24.1619,24.0442,23.924,23.8014,23.6765,23.5495,23.4204,23.2894,23.1567,23.0223,22.8865,22.7493,22.6109,22.4715,22.3312,22.1901,22.0484,21.9061,21.7635,21.6205,21.4774,21.3342,21.1911,21.0481,20.9052,20.7627,20.6205,20.4787,20.3375,20.1968,20.0566,19.9172,19.7784,19.6403,19.503,19.3665,19.2308,19.0959,18.9618,18.8286,18.6963,18.5649,18.4344,18.3048,18.176,18.0482,17.9212,17.7952,17.67,17.5458,
 ,129,18.635,18.7178,18.8,18.8817,18.9628,19.0434,19.1234,19.2029,19.2819,19.3603,19.4383,19.5158,19.5928,19.6694,19.7456,19.8214,19.8969,19.972,20.0468,20.1214,20.1957,20.2698,20.3437,20.4176,20.4913,20.5649,20.6386,20.7123,20.7861,20.86,20.9341,21.0084,21.083,21.158,21.2333,21.309,21.3853,21.4622,21.5396,21.6178,21.6967,21.7764,21.857,21.9385,22.0211,22.1048,22.1896,22.2758,22.3632,22.4521,22.5424,22.6344,22.7281,22.8235,22.9208,23.0201,23.1215,23.2251,23.331,23.4394,23.5503,23.6639,23.7804,23.8999,24.0226,24.1485,24.278,24.4111,24.5481,24.6892,24.8346,24.9846,25.1393,25.2992,25.4644,25.6353,25.8123,25.9956,26.1857,26.3831,26.5881,26.8013,27.0232,27.2545,27.4957,27.7476,28.011,28.2867,28.5756,28.8789,29.1975,29.5328,29.8861,30.2591,30.6534,31.0709,31.5138,31.9845,32.4856,33.0202,33.5917,34.2039,34.8613,35.5688,36.3322,37.1579,38.0535,39.0277,40.0906,41.2538,42.5311,43.9385,45.4951,47.2234,49.1503,51.3082,53.7358,56.4807,59.6008,63.1677,67.27,72.0191,77.5555,84.0583,91.7577,100.953,112.034,125.518,142.091,162.662,188.438,220.986,262.25,314.397,379.184,456.363,540.627,618.14,667.305,669.317,622.83,545.585,460.258,381.878,316.208,263.513,221.937,189.226,163.375,142.779,126.213,112.753,101.706,92.5515,84.8964,78.4399,72.9508,68.2494,64.1946,60.6751,57.602,54.9035,52.5217,50.4093,48.5272,46.8432,45.3303,43.9661,42.7316,41.6106,40.5897,39.657,38.8026,38.0178,37.2951,36.628,36.0109,35.4388,34.9074,34.4128,33.9517,33.5211,33.1183,32.741,32.3871,32.0547,31.7421,31.4478,31.1704,30.9088,30.6617,30.4283,30.2076,29.9986,29.8008,29.6134,29.4358,29.2673,29.1074,28.9557,28.8116,28.6747,28.5446,28.4209,28.3033,28.1914,28.0849,27.9834,27.8866,27.7943,27.7062,27.6219,27.5413,27.4639,27.3897,27.3182,27.2492,27.1825,27.1178,27.0548,26.9932,26.9329,26.8734,26.8146,26.7562,26.6979,26.6395,26.5807,26.5213,26.4609,26.3994,26.3366,26.2721,26.2058,26.1375,26.067,25.9941,25.9187,25.8406,25.7596,25.6757,25.5887,25.4987,25.4055,25.3092,25.2096,25.1067,25.0007,24.8916,24.7794,24.6641,24.5459,24.4249,24.3011,24.1748,24.046,23.9148,23.7815,23.6461,23.5089,23.3699,23.2294,23.0875,22.9444,22.8002,22.655,22.509,22.3624,22.2153,22.0678,21.92,21.7721,21.6242,21.4764,21.3287,21.1814,21.0343,20.8877,20.7416,20.5961,20.4512,20.307,20.1635,20.0207,19.8788,19.7377,19.5975,19.4582,19.3197,19.1822,19.0456,18.91,18.7754,18.6416,18.5089,18.3771,18.2463,18.1164,17.9875,17.8596,17.7326,
 ,128,18.8454,18.9293,19.0126,19.0953,19.1774,19.2589,19.3399,19.4202,19.5,19.5792,19.658,19.7362,19.8139,19.8912,19.968,20.0443,20.1203,20.196,20.2713,20.3463,20.421,20.4955,20.5698,20.6439,20.718,20.7919,20.8659,20.9398,21.0138,21.088,21.1623,21.2368,21.3115,21.3866,21.4621,21.538,21.6145,21.6914,21.769,21.8473,21.9263,22.0061,22.0869,22.1686,22.2513,22.3351,22.4201,22.5064,22.594,22.6831,22.7737,22.8659,22.9597,23.0554,23.153,23.2526,23.3543,23.4582,23.5645,23.6732,23.7845,23.8986,24.0155,24.1354,24.2586,24.385,24.515,24.6487,24.7863,24.9279,25.074,25.2246,25.38,25.5405,25.7064,25.878,26.0557,26.2397,26.4306,26.6287,26.8344,27.0484,27.271,27.503,27.745,27.9976,28.2616,28.5379,28.8275,29.1312,29.4503,29.786,30.1396,30.5127,30.9071,31.3245,31.7671,32.2372,32.7376,33.2711,33.8411,34.4515,35.1066,35.8112,36.5709,37.3922,38.2824,39.2501,40.3049,41.4584,42.7239,44.1171,45.6562,47.3632,49.264,51.3895,53.7772,56.4723,59.5297,63.0172,67.0181,71.6363,77.0018,83.2788,90.6761,99.4608,109.977,122.668,138.108,157.036,180.383,209.29,245.043,288.856,341.3,401.153,463.647,518.963,553.382,555.406,523.792,468.958,405.51,344.43,291.015,246.561,210.423,181.302,157.845,138.872,123.423,110.747,100.26,91.5132,84.1583,77.9265,72.608,68.0375,64.0846,60.6451,57.6353,54.9875,52.6465,50.5672,48.7121,47.0503,45.5557,44.2066,42.9847,41.8743,40.8622,39.9369,39.0887,38.3091,37.5908,36.9275,36.3135,35.7441,35.215,34.7224,34.263,33.8338,33.4323,33.0561,32.7032,32.3717,32.0599,31.7664,31.4898,31.2288,30.9826,30.7499,30.5299,30.3219,30.125,29.9385,29.7618,29.5944,29.4357,29.2852,29.1424,29.007,28.8784,28.7564,28.6405,28.5304,28.4258,28.3264,28.2318,28.1418,28.0561,27.9743,27.8962,27.8216,27.7501,27.6814,27.6153,27.5516,27.4899,27.4299,27.3714,27.3142,27.2578,27.202,27.1467,27.0913,27.0358,26.9798,26.9231,26.8653,26.8062,26.7456,26.6831,26.6187,26.5521,26.4829,26.4112,26.3366,26.259,26.1783,26.0944,26.0071,25.9164,25.8222,25.7246,25.6234,25.5187,25.4104,25.2988,25.1837,25.0654,24.9439,24.8193,24.6917,24.5613,24.4283,24.2927,24.1549,24.0148,23.8728,23.7289,23.5834,23.4364,23.2881,23.1387,22.9884,22.8372,22.6854,22.5331,22.3804,22.2276,22.0746,21.9217,21.7689,21.6164,21.4642,21.3125,21.1612,21.0106,20.8606,20.7113,20.5627,20.415,20.2682,20.1222,19.9772,19.8331,19.69,19.5479,19.4068,19.2667,19.1276,18.9896,18.8526,18.7166,18.5817,18.4478,18.315,18.1831,18.0523,17.9225,
 ,127,19.0603,19.1453,19.2297,19.3134,19.3965,19.479,19.5608,19.642,19.7226,19.8027,19.8821,19.9611,20.0395,20.1174,20.1948,20.2717,20.3483,20.4244,20.5002,20.5756,20.6507,20.7256,20.8002,20.8747,20.949,21.0232,21.0974,21.1716,21.2458,21.3201,21.3946,21.4692,21.5441,21.6194,21.695,21.771,21.8475,21.9246,22.0023,22.0806,22.1597,22.2397,22.3205,22.4023,22.4851,22.569,22.6542,22.7406,22.8283,22.9175,23.0083,23.1006,23.1947,23.2906,23.3884,23.4882,23.5902,23.6944,23.801,23.91,24.0217,24.1361,24.2534,24.3738,24.4973,24.6242,24.7547,24.8888,25.0269,25.1691,25.3157,25.4669,25.6228,25.784,25.9505,26.1227,26.301,26.4856,26.6771,26.8758,27.0822,27.2967,27.52,27.7525,27.995,28.248,28.5125,28.7892,29.079,29.3829,29.7021,30.0378,30.3913,30.7641,31.1579,31.5745,32.0161,32.4849,32.9836,33.5149,34.0824,34.6896,35.3408,36.0407,36.7949,37.6094,38.4916,39.4495,40.4928,41.6325,42.8813,44.2543,45.7692,47.4467,49.3116,51.3932,53.7268,56.3549,59.3289,62.7115,66.5795,71.0276,76.1735,82.1637,89.1821,97.46,107.289,119.037,133.164,150.238,170.94,196.039,226.299,262.262,303.79,349.316,394.917,433.802,457.405,458.914,437.513,399.217,353.069,306.656,264.349,227.832,197.218,171.914,151.101,133.978,119.839,108.104,98.3019,90.0602,83.0838,77.1388,72.0402,67.6402,63.8209,60.4871,57.5616,54.9816,52.6956,50.6611,48.8427,47.2112,45.7418,44.4137,43.2093,42.1136,41.1139,40.199,39.3597,38.5876,37.8758,37.2179,36.6087,36.0433,35.5176,35.028,34.5711,34.1442,33.7447,33.3702,33.0189,32.6888,32.3783,32.086,31.8105,31.5507,31.3055,31.0739,30.855,30.6481,30.4523,30.267,30.0915,29.9254,29.7681,29.6191,29.4779,29.3441,29.2172,29.0971,28.9832,28.8752,28.7728,28.6757,28.5835,28.496,28.4129,28.3339,28.2587,28.187,28.1186,28.0531,27.9902,27.9298,27.8714,27.8149,27.7598,27.706,27.6531,27.6008,27.5488,27.4968,27.4445,27.3917,27.338,27.2831,27.2268,27.1687,27.1086,27.0463,26.9815,26.914,26.8436,26.7701,26.6932,26.6129,26.5291,26.4415,26.3502,26.255,26.156,26.0531,25.9464,25.8358,25.7215,25.6035,25.4818,25.3567,25.2283,25.0966,24.9619,24.8243,24.684,24.5412,24.3961,24.2489,24.0997,23.9488,23.7964,23.6426,23.4877,23.3318,23.1751,23.0177,22.8599,22.7018,22.5435,22.3852,22.227,22.069,21.9113,21.754,21.5973,21.4411,21.2857,21.131,20.9771,20.8241,20.6719,20.5208,20.3706,20.2215,20.0734,19.9264,19.7804,19.6356,19.4919,19.3492,19.2077,19.0674,18.9281,18.7899,18.6528,18.5169,18.382,18.2482,18.1155,
 ,126,19.2797,19.3658,19.4513,19.5361,19.6202,19.7036,19.7863,19.8685,19.9499,20.0307,20.111,20.1906,20.2697,20.3482,20.4262,20.5037,20.5808,20.6574,20.7336,20.8095,20.885,20.9602,21.0351,21.1099,21.1845,21.259,21.3333,21.4077,21.4821,21.5565,21.6311,21.7059,21.7809,21.8562,21.9319,22.008,22.0846,22.1617,22.2394,22.3179,22.397,22.477,22.5579,22.6397,22.7226,22.8066,22.8918,22.9783,23.0662,23.1555,23.2463,23.3388,23.433,23.5291,23.6271,23.7271,23.8293,23.9338,24.0406,24.1499,24.2619,24.3766,24.4942,24.615,24.7389,24.8662,24.997,25.1316,25.2702,25.4129,25.5599,25.7116,25.8681,26.0297,26.1967,26.3694,26.5482,26.7334,26.9254,27.1246,27.3315,27.5465,27.7701,28.003,28.2458,28.4992,28.7638,29.0406,29.3304,29.6343,29.9532,30.2884,30.6413,31.0133,31.406,31.8213,32.2612,32.7279,33.224,33.7523,34.316,34.9188,35.5646,36.2583,37.0049,37.8106,38.6821,39.6275,40.6559,41.7777,43.0053,44.3529,45.8372,47.4779,49.2981,51.3255,53.5927,56.139,59.0115,62.2677,65.9766,70.2232,75.1113,80.7687,87.3532,95.0597,104.128,114.854,127.593,142.769,160.858,182.358,207.694,237.037,269.974,305.028,339.123,367.408,384.153,385.047,369.684,341.93,307.678,272.17,238.766,209.057,183.471,161.817,143.644,128.432,115.688,104.979,95.939,88.2701,81.7285,76.1173,71.2774,67.0801,63.4208,60.2143,57.3911,54.8939,52.6753,50.696,48.9232,47.3294,45.8914,44.5895,43.4072,42.3301,41.3461,40.4447,39.6167,38.8543,38.1507,37.5,36.8969,36.3368,35.8156,35.33,34.8766,34.4527,34.0558,33.6838,33.3345,33.0063,32.6976,32.4069,32.1329,31.8746,31.6308,31.4005,31.183,30.9774,30.7829,30.5991,30.4251,30.2605,30.1048,29.9574,29.818,29.6861,29.5613,29.4432,29.3315,29.2258,29.1259,29.0313,28.9418,28.8572,28.777,28.7011,28.629,28.5606,28.4956,28.4336,28.3743,28.3175,28.2629,28.2101,28.1589,28.1089,28.0598,28.0114,27.9632,27.915,27.8664,27.8171,27.7668,27.7152,27.662,27.6069,27.5495,27.4896,27.427,27.3614,27.2925,27.2202,27.1443,27.0645,26.9808,26.8931,26.8012,26.705,26.6046,26.5,26.3911,26.278,26.1608,26.0396,25.9144,25.7854,25.6528,25.5168,25.3774,25.2349,25.0895,24.9414,24.7908,24.638,24.4832,24.3265,24.1682,24.0085,23.8477,23.6858,23.5232,23.3599,23.1962,23.0323,22.8682,22.7042,22.5403,22.3767,22.2136,22.051,21.889,21.7277,21.5672,21.4075,21.2488,21.0911,20.9344,20.7787,20.6242,20.4707,20.3185,20.1674,20.0175,19.8688,19.7212,19.5749,19.4298,19.2859,19.1432,19.0017,18.8614,18.7223,18.5843,18.4474,18.3117,
 ,125,19.5038,19.5911,19.6777,19.7635,19.8486,19.933,20.0167,20.0997,20.182,20.2636,20.3446,20.425,20.5047,20.5839,20.6625,20.7405,20.8181,20.8952,20.9718,21.0481,21.1239,21.1995,21.2747,21.3497,21.4246,21.4992,21.5738,21.6483,21.7228,21.7974,21.8721,21.947,22.022,22.0974,22.1731,22.2492,22.3258,22.4029,22.4807,22.5591,22.6383,22.7183,22.7992,22.881,22.9639,23.0479,23.1332,23.2197,23.3076,23.397,23.4879,23.5805,23.6748,23.771,23.8691,23.9693,24.0717,24.1763,24.2834,24.3929,24.5051,24.6201,24.7381,24.8591,24.9833,25.111,25.2422,25.3772,25.5161,25.6592,25.8067,25.9587,26.1157,26.2777,26.4452,26.6184,26.7976,26.9832,27.1756,27.3752,27.5824,27.7977,28.0216,28.2547,28.4977,28.7511,29.0157,29.2924,29.5819,29.8854,30.2037,30.5382,30.89,31.2607,31.6519,32.0652,32.5027,32.9666,33.4593,33.9836,34.5425,35.1397,35.7789,36.4646,37.202,37.9967,38.8554,39.7856,40.7959,41.8964,43.0986,44.416,45.8642,47.4615,49.2296,51.1936,53.3838,55.8359,58.5926,61.705,65.2348,69.2562,73.8592,79.1529,85.2696,92.3696,100.646,110.33,121.691,135.037,150.702,169.008,190.201,214.319,240.974,269.015,296.1,318.466,331.543,331.923,319.495,297.509,270.522,242.393,215.576,191.299,169.985,151.6,135.894,122.536,111.184,101.525,93.2824,86.2233,80.152,74.9064,70.3531,66.3823,62.9034,59.8418,57.1356,54.7337,52.5931,50.678,48.9584,47.4088,46.0078,44.737,43.5809,42.526,41.5607,40.6752,39.8609,39.1102,38.4167,37.7746,37.1789,36.6253,36.1097,35.6289,35.1798,34.7597,34.3661,33.997,33.6504,33.3246,33.018,32.7293,32.4572,32.2006,31.9585,31.7299,31.514,31.31,31.1172,30.9349,30.7627,30.5999,30.446,30.3005,30.1631,30.0332,29.9106,29.7949,29.6856,29.5825,29.4852,29.3935,29.3071,29.2255,29.1486,29.076,29.0075,28.9427,28.8814,28.8233,28.768,28.7152,28.6647,28.6162,28.5692,28.5235,28.4787,28.4345,28.3906,28.3465,28.3021,28.2568,28.2104,28.1625,28.1128,28.061,28.0067,27.9497,27.8896,27.8261,27.7591,27.6883,27.6134,27.5344,27.4509,27.363,27.2706,27.1734,27.0717,26.9652,26.854,26.7383,26.618,26.4933,26.3643,26.2311,26.094,25.9532,25.8087,25.6609,25.51,25.3562,25.1997,25.0409,24.8799,24.717,24.5524,24.3864,24.2191,24.0509,23.8819,23.7123,23.5423,23.3721,23.2019,23.0318,22.862,22.6925,22.5236,22.3553,22.1878,22.0211,21.8553,21.6904,21.5267,21.364,21.2024,21.0421,20.883,20.7251,20.5685,20.4131,20.2591,20.1063,19.9549,19.8048,19.656,19.5085,19.3622,19.2173,19.0736,18.9311,18.7899,18.65,18.5112,
 ,124,19.7327,19.8212,19.9089,19.9958,20.082,20.1674,20.252,20.3359,20.4191,20.5015,20.5833,20.6643,20.7448,20.8245,20.9037,20.9823,21.0603,21.1379,21.2149,21.2915,21.3677,21.4436,21.5191,21.5944,21.6694,21.7442,21.8189,21.8936,21.9682,22.0429,22.1176,22.1925,22.2676,22.3429,22.4187,22.4948,22.5713,22.6484,22.7262,22.8045,22.8836,22.9636,23.0444,23.1262,23.2091,23.2931,23.3783,23.4649,23.5528,23.6422,23.7331,23.8257,23.9202,24.0164,24.1146,24.2149,24.3174,24.4222,24.5294,24.6391,24.7515,24.8668,24.9849,25.1062,25.2308,25.3587,25.4902,25.6255,25.7648,25.9082,26.0561,26.2085,26.3658,26.5282,26.6961,26.8696,27.0491,27.2351,27.4278,27.6276,27.8351,28.0505,28.2746,28.5078,28.7507,29.004,29.2684,29.5446,29.8337,30.1364,30.4538,30.7872,31.1377,31.5067,31.8957,32.3066,32.7412,33.2015,33.6901,34.2094,34.7626,35.353,35.9843,36.6607,37.3872,38.1692,39.0129,39.9254,40.915,41.991,43.1643,44.4473,45.8546,47.403,49.1124,51.0058,53.1106,55.4587,58.0881,61.0441,64.3803,68.1607,72.4618,77.3748,83.0084,89.492,96.9776,105.643,115.689,127.342,140.836,156.396,174.195,194.277,216.423,239.886,262.942,282.389,293.839,293.839,282.478,263.258,240.45,217.155,195.084,175.021,157.219,141.655,128.166,116.53,106.51,97.8798,90.4356,83.9979,78.4131,73.5508,69.3015,65.5734,62.2896,59.3858,56.8082,54.5114,52.4573,50.6139,48.9539,47.4541,46.0949,44.8593,43.7329,42.7032,41.7595,40.8924,40.0938,39.3566,38.6747,38.0426,37.4556,36.9095,36.4005,35.9255,35.4814,35.0657,34.676,34.3103,33.9669,33.6439,33.3399,33.0535,32.7836,32.5291,32.289,32.0623,31.8482,31.6461,31.4551,31.2748,31.1044,30.9436,30.7918,30.6484,30.5132,30.3857,30.2655,30.1523,30.0458,29.9455,29.8512,29.7626,29.6794,29.6012,29.5279,29.459,29.3943,29.3336,29.2764,29.2225,29.1716,29.1233,29.0774,29.0335,28.9912,28.9503,28.9103,28.8709,28.8317,28.7924,28.7525,28.7118,28.6697,28.6261,28.5803,28.5323,28.4815,28.4276,28.3704,28.3095,28.2446,28.1755,28.102,28.0238,27.9408,27.8529,27.7599,27.6617,27.5585,27.45,27.3365,27.2178,27.0942,26.9658,26.8326,26.695,26.553,26.4069,26.257,26.1034,25.9465,25.7865,25.6237,25.4583,25.2907,25.121,24.9497,24.7768,24.6027,24.4276,24.2518,24.0754,23.8987,23.7219,23.5451,23.3685,23.1923,23.0167,22.8416,22.6674,22.494,22.3215,22.1501,21.9798,21.8107,21.6429,21.4763,21.311,21.1471,20.9846,20.8234,20.6637,20.5054,20.3485,20.193,20.0389,19.8862,19.735,19.5851,19.4366,19.2894,19.1436,18.9991,18.8559,18.714,
 ,123,19.9666,20.0564,20.1452,20.2333,20.3205,20.4069,20.4925,20.5773,20.6613,20.7446,20.8271,20.9088,20.9899,21.0703,21.15,21.2292,21.3077,21.3856,21.4631,21.54,21.6166,21.6927,21.7684,21.8439,21.9191,21.9941,22.0689,22.1436,22.2183,22.293,22.3678,22.4426,22.5177,22.593,22.6687,22.7447,22.8212,22.8983,22.9759,23.0542,23.1332,23.2131,23.2938,23.3756,23.4583,23.5423,23.6274,23.7139,23.8018,23.8911,23.9821,24.0747,24.1691,24.2654,24.3636,24.464,24.5666,24.6714,24.7788,24.8886,25.0012,25.1166,25.235,25.3565,25.4812,25.6094,25.7412,25.8768,26.0163,26.16,26.3082,26.4609,26.6185,26.7812,26.9494,27.1232,27.303,27.4892,27.682,27.882,28.0896,28.3051,28.5292,28.7623,29.005,29.258,29.5219,29.7976,30.0859,30.3877,30.704,31.0358,31.3845,31.7514,32.138,32.5458,32.9769,33.4331,33.9168,34.4305,34.977,35.5596,36.1818,36.8477,37.5619,38.3294,39.1563,40.0491,41.0156,42.0644,43.2056,44.4507,45.8131,47.3082,48.9538,50.7708,52.7835,55.0204,57.5147,60.3058,63.4396,66.9703,70.9618,75.4891,80.6398,86.5162,93.2362,100.934,109.761,119.88,131.462,144.677,159.672,176.539,195.227,215.326,235.574,253.134,263.617,263.382,252.635,235.187,215.255,195.466,177.001,160.273,145.363,132.206,120.669,110.594,101.812,94.1605,87.4899,81.6649,76.5672,72.0938,68.1566,64.6802,61.6006,58.8633,56.4221,54.2378,52.2768,50.5109,48.9156,47.4701,46.1567,44.9598,43.8662,42.8645,41.9446,41.0979,40.3168,39.5948,38.9259,38.3051,37.7279,37.1903,36.6888,36.2202,35.7818,35.3711,34.9859,34.6242,34.2843,33.9646,33.6635,33.3799,33.1125,32.8603,32.6224,32.3979,32.1859,31.9859,31.797,31.6188,31.4506,31.2919,31.1423,31.0013,30.8686,30.7436,30.6261,30.5157,30.4121,30.3149,30.2239,30.1387,30.0591,29.9847,29.9152,29.8504,29.79,29.7336,29.6809,29.6317,29.5856,29.5423,29.5015,29.4627,29.4257,29.39,29.3553,29.3212,29.2873,29.2532,29.2185,29.1829,29.1457,29.1068,29.0656,29.0218,28.975,28.9248,28.8708,28.8128,28.7504,28.6834,28.6114,28.5343,28.4519,28.364,28.2705,28.1714,28.0666,27.9561,27.8399,27.7182,27.591,27.4585,27.3208,27.1783,27.031,26.8793,26.7234,26.5636,26.4001,26.2334,26.0637,25.8912,25.7164,25.5394,25.3607,25.1805,24.999,24.8166,24.6334,24.4498,24.2659,24.0819,23.8981,23.7147,23.5317,23.3494,23.1679,22.9873,22.8077,22.6292,22.4519,22.2759,22.1012,21.9279,21.7561,21.5857,21.4168,21.2494,21.0835,20.9192,20.7564,20.5952,20.4355,20.2774,20.1207,19.9656,19.8119,19.6597,19.509,19.3597,19.2118,19.0653,18.9202,
 ,122,20.2058,20.2968,20.3868,20.476,20.5643,20.6517,20.7383,20.824,20.9089,20.993,21.0762,21.1587,21.2404,21.3214,21.4017,21.4813,21.5603,21.6387,21.7165,21.7938,21.8706,21.9469,22.0229,22.0985,22.1739,22.249,22.3239,22.3986,22.4733,22.548,22.6227,22.6976,22.7726,22.8478,22.9234,22.9993,23.0757,23.1526,23.2301,23.3082,23.3871,23.4668,23.5474,23.629,23.7117,23.7955,23.8805,23.9669,24.0547,24.1439,24.2348,24.3274,24.4217,24.518,24.6163,24.7166,24.8192,24.9242,25.0316,25.1415,25.2542,25.3698,25.4883,25.6099,25.7348,25.8632,25.9952,26.131,26.2708,26.4147,26.5631,26.7161,26.8739,27.0369,27.2052,27.3792,27.5592,27.7455,27.9385,28.1386,28.3462,28.5616,28.7856,29.0184,29.2608,29.5133,29.7767,30.0516,30.3389,30.6394,30.9543,31.2844,31.631,31.9954,32.379,32.7834,33.2104,33.6619,34.14,34.6474,35.1865,35.7604,36.3726,37.0268,37.7273,38.4791,39.2875,40.1588,41.1001,42.1195,43.2261,44.4305,45.7448,47.1829,48.7609,50.4973,52.4135,54.5345,56.8889,59.5104,62.4379,65.7165,69.3986,73.5447,78.2244,83.5169,89.5123,96.3109,104.023,112.768,122.672,133.865,146.475,160.609,176.294,193.284,210.582,225.732,234.799,234.49,225.029,209.913,192.914,176.268,160.862,146.928,134.456,123.361,113.533,104.853,97.2007,90.46,84.522,79.2867,74.6644,70.5756,66.9505,63.7285,60.8571,58.291,55.9911,53.924,52.0607,50.3765,48.8498,47.4621,46.1975,45.0422,43.9839,43.0123,42.1183,41.2938,40.5318,39.8263,39.1716,38.5632,37.9967,37.4685,36.9752,36.5138,36.0817,35.6766,35.2964,34.9392,34.6032,34.287,33.9892,33.7086,33.444,33.1945,32.9591,32.737,32.5274,32.3296,32.1431,31.9671,31.8013,31.645,31.4979,31.3595,31.2294,31.1072,30.9926,30.8853,30.7849,30.691,30.6035,30.5221,30.4463,30.376,30.3108,30.2504,30.1946,30.143,30.0954,30.0513,30.0105,29.9727,29.9374,29.9043,29.873,29.8432,29.8144,29.7863,29.7583,29.7301,29.7012,29.6711,29.6395,29.6059,29.5698,29.5308,29.4885,29.4425,29.3923,29.3376,29.2781,29.2134,29.1434,29.0676,28.9859,28.8982,28.8043,28.7041,28.5977,28.485,28.366,28.2409,28.1099,27.973,27.8304,27.6825,27.5295,27.3716,27.2091,27.0425,26.872,26.6979,26.5206,26.3405,26.1579,25.973,25.7863,25.5981,25.4087,25.2183,25.0272,24.8358,24.6442,24.4527,24.2614,24.0706,23.8805,23.6911,23.5027,23.3154,23.1293,22.9444,22.7609,22.5789,22.3983,22.2193,22.0419,21.8662,21.6921,21.5196,21.3489,21.1798,21.0124,20.8467,20.6826,20.5202,20.3594,20.2003,20.0428,19.8868,19.7324,19.5795,19.4281,19.2782,19.1297,
 ,121,20.4504,20.5426,20.6338,20.7242,20.8136,20.902,20.9896,21.0762,21.162,21.2469,21.3309,21.4141,21.4964,21.578,21.6589,21.739,21.8184,21.8972,21.9753,22.0529,22.13,22.2065,22.2827,22.3584,22.4339,22.509,22.5839,22.6587,22.7334,22.808,22.8827,22.9574,23.0323,23.1074,23.1828,23.2586,23.3348,23.4115,23.4888,23.5667,23.6454,23.7249,23.8054,23.8868,23.9693,24.0529,24.1378,24.224,24.3116,24.4007,24.4915,24.584,24.6782,24.7744,24.8726,24.973,25.0755,25.1805,25.2879,25.3979,25.5106,25.6262,25.7448,25.8666,25.9917,26.1202,26.2523,26.3883,26.5283,26.6724,26.8209,26.9741,27.1321,27.2952,27.4637,27.6378,27.818,28.0043,28.1974,28.3974,28.6049,28.8202,29.0439,29.2764,29.5183,29.7702,30.0327,30.3067,30.5928,30.8919,31.2051,31.5331,31.8773,32.2389,32.6192,33.0197,33.4422,33.8885,34.3606,34.8609,35.3918,35.9563,36.5576,37.1991,37.885,38.6197,39.4084,40.2567,41.1712,42.1593,43.2293,44.3908,45.6547,47.0335,48.5412,50.1942,52.0113,54.0138,56.2263,58.6772,61.3988,64.4281,67.8072,71.5843,75.8132,80.5547,85.8755,91.8492,98.555,106.078,114.506,123.934,134.454,146.146,159.013,172.816,186.691,198.656,205.716,205.455,198.044,186.068,172.423,158.918,146.319,134.837,124.474,115.166,106.833,99.3906,92.7568,86.8503,81.5939,76.9153,72.748,69.0317,65.7123,62.7421,60.0786,57.6848,55.5284,53.581,51.8181,50.2182,48.7627,47.4354,46.222,45.1103,44.0893,43.1496,42.283,41.4821,40.7406,40.0526,39.4133,38.8181,38.2632,37.7451,37.2606,36.8071,36.3819,35.9828,35.608,35.2556,34.9239,34.6117,34.3175,34.0402,33.7787,33.532,33.2993,33.0798,32.8728,32.6775,32.4935,32.32,32.1567,32.0031,31.8586,31.723,31.5958,31.4766,31.3652,31.2611,31.1642,31.074,30.9904,30.9129,30.8414,30.7755,30.7149,30.6594,30.6087,30.5623,30.5201,30.4817,30.4467,30.4149,30.3857,30.3589,30.3341,30.3108,30.2885,30.2669,30.2455,30.2239,30.2014,30.1777,30.1523,30.1247,30.0944,30.0608,30.0236,29.9823,29.9364,29.8856,29.8294,29.7675,29.6996,29.6254,29.5446,29.4572,29.3629,29.2618,29.1536,29.0386,28.9166,28.7879,28.6526,28.5109,28.363,28.2092,28.0498,27.8852,27.7157,27.5415,27.3632,27.1811,26.9957,26.8072,26.616,26.4226,26.2273,26.0305,25.8324,25.6335,25.434,25.2341,25.0342,24.8345,24.6353,24.4367,24.2389,24.042,23.8463,23.6519,23.4588,23.2673,23.0772,22.8888,22.7022,22.5172,22.334,22.1526,21.9731,21.7954,21.6195,21.4455,21.2733,21.1029,20.9343,20.7676,20.6025,20.4393,20.2777,20.1179,19.9597,19.8031,19.6481,19.4947,19.3428,
 ,120,20.7005,20.794,20.8865,20.978,21.0686,21.1581,21.2466,21.3342,21.4208,21.5065,21.5913,21.6752,21.7582,21.8404,21.9217,22.0023,22.0821,22.1613,22.2398,22.3176,22.3949,22.4717,22.5479,22.6238,22.6993,22.7745,22.8494,22.9241,22.9987,23.0732,23.1477,23.2223,23.297,23.372,23.4471,23.5227,23.5987,23.6751,23.7522,23.8299,23.9083,23.9876,24.0678,24.1489,24.2312,24.3146,24.3992,24.4852,24.5726,24.6616,24.7522,24.8445,24.9386,25.0347,25.1328,25.233,25.3355,25.4404,25.5478,25.6578,25.7706,25.8862,26.0049,26.1267,26.2518,26.3804,26.5127,26.6488,26.7888,26.9331,27.0818,27.2351,27.3932,27.5564,27.725,27.8993,28.0794,28.2658,28.4587,28.6587,28.8659,29.081,29.3043,29.5363,29.7776,30.0287,30.2904,30.5632,30.8479,31.1455,31.4566,31.7824,32.124,32.4824,32.8591,33.2554,33.673,34.1136,34.5792,35.0718,35.594,36.1484,36.738,37.3661,38.0364,38.7531,39.5209,40.345,41.2315,42.187,43.219,44.3361,45.548,46.8657,48.3017,49.8701,51.587,53.4706,55.5418,57.8238,60.3434,63.1302,66.2178,69.6433,73.4479,77.6766,82.3779,87.6037,93.4084,99.8483,106.981,114.862,123.542,133.042,143.299,154.033,164.491,173.219,178.244,178.074,172.814,164.067,153.763,143.257,133.224,123.916,115.393,107.638,100.61,94.26,88.5361,83.3849,78.7541,74.5932,70.8544,67.493,64.4681,61.7427,59.2833,57.06,55.0465,53.2193,51.5578,50.0436,48.6607,47.3952,46.2346,45.1679,44.1856,43.2792,42.4412,41.6651,40.9449,40.2754,39.6522,39.0711,38.5285,38.0211,37.546,37.1008,36.6829,36.2903,35.9213,35.574,35.247,34.939,34.6486,34.3748,34.1166,33.8731,33.6433,33.4266,33.2223,33.0298,32.8484,32.6777,32.5171,32.3663,32.2247,32.092,31.9679,31.852,31.744,31.6435,31.5503,31.4641,31.3846,31.3115,31.2446,31.1835,31.1279,31.0777,31.0324,30.9918,30.9556,30.9233,30.8948,30.8695,30.8471,30.8273,30.8095,30.7933,30.7783,30.7641,30.75,30.7356,30.7204,30.7039,30.6854,30.6646,30.6407,30.6133,30.5819,30.546,30.505,30.4586,30.4062,30.3475,30.2821,30.2098,30.1302,30.0432,29.9487,29.8464,29.7365,29.6189,29.4937,29.3611,29.2211,29.0741,28.9204,28.7602,28.5938,28.4218,28.2444,28.0621,27.8753,27.6845,27.49,27.2924,27.092,26.8892,26.6846,26.4784,26.271,26.0628,25.8541,25.6452,25.4365,25.2281,25.0203,24.8133,24.6073,24.4025,24.1991,23.9971,23.7967,23.598,23.4011,23.206,23.0129,22.8217,22.6324,22.4452,22.2599,22.0767,21.8956,21.7164,21.5392,21.364,21.1908,21.0195,20.8501,20.6825,20.5169,20.353,20.1909,20.0305,19.8719,19.7148,19.5595,
 ,119,20.9565,21.0513,21.1451,21.2378,21.3294,21.42,21.5096,21.5981,21.6856,21.7721,21.8577,21.9422,22.0259,22.1086,22.1905,22.2715,22.3518,22.4313,22.51,22.5881,22.6656,22.7425,22.8189,22.8948,22.9703,23.0454,23.1203,23.1949,23.2694,23.3437,23.4181,23.4924,23.5669,23.6416,23.7166,23.7918,23.8675,23.9437,24.0204,24.0978,24.176,24.2549,24.3348,24.4156,24.4976,24.5807,24.665,24.7508,24.8379,24.9266,25.017,25.1091,25.203,25.2989,25.3968,25.4969,25.5993,25.7041,25.8114,25.9214,26.0341,26.1497,26.2684,26.3902,26.5154,26.644,26.7764,26.9125,27.0526,27.197,27.3458,27.4991,27.6573,27.8206,27.9892,28.1634,28.3435,28.5299,28.7227,28.9224,29.1295,29.3442,29.567,29.7984,30.039,30.2893,30.5499,30.8214,31.1046,31.4003,31.7094,32.0327,32.3713,32.7264,33.0991,33.4909,33.9033,34.3378,34.7964,35.281,35.794,36.3377,36.915,37.529,38.183,38.881,39.6271,40.4262,41.2837,42.2056,43.1987,44.2705,45.4296,46.6856,48.0493,49.533,51.1502,52.9164,54.8486,56.9662,59.2904,61.8449,64.6557,67.7509,71.161,74.9184,79.057,83.6113,88.6158,94.1039,100.106,106.644,113.725,121.318,129.305,137.389,144.965,151.049,154.46,154.371,150.836,144.751,137.282,129.365,121.557,114.13,107.194,100.781,94.887,89.4943,84.5762,80.1021,76.0391,72.3539,69.0133,65.9854,63.2402,60.7494,58.4873,56.4304,54.5573,52.8489,51.2881,49.8597,48.5499,47.3469,46.2397,45.219,44.2762,43.4039,42.5954,41.8447,41.1467,40.4965,39.89,39.3235,38.7937,38.2975,37.8323,37.3957,36.9855,36.5998,36.2368,35.895,35.5729,35.2693,34.9831,34.713,34.4583,34.218,33.9914,33.7777,33.5764,33.3867,33.2082,33.0404,32.8827,32.7348,32.5963,32.4669,32.3461,32.2336,32.1292,32.0326,31.9434,31.8615,31.7864,31.718,31.656,31.6001,31.55,31.5055,31.4663,31.4319,31.4022,31.3767,31.3551,31.337,31.3221,31.3099,31.2999,31.2917,31.2848,31.2786,31.2727,31.2665,31.2594,31.2508,31.2402,31.2269,31.2104,31.19,31.1652,31.1353,31.1,31.0585,31.0105,30.9555,30.8931,30.823,30.7449,30.6585,30.5637,30.4605,30.3486,30.2283,30.0996,29.9626,29.8175,29.6648,29.5045,29.3372,29.1633,28.9831,28.7971,28.6058,28.4096,28.2092,28.0049,27.7973,27.5868,27.3739,27.159,26.9427,26.7252,26.507,26.2884,26.0698,25.8515,25.6337,25.4168,25.2009,24.9862,24.7729,24.5612,24.3513,24.1431,23.9369,23.7328,23.5307,23.3307,23.1329,22.9373,22.7439,22.5528,22.3639,22.1772,21.9926,21.8103,21.6301,21.452,21.276,21.1021,20.9302,20.7602,20.5922,20.4261,20.2618,20.0994,19.9387,19.7797,
 ,118,21.2185,21.3147,21.4097,21.5036,21.5965,21.6881,21.7787,21.8682,21.9566,22.0439,22.1302,22.2155,22.2997,22.383,22.4654,22.5469,22.6275,22.7073,22.7863,22.8646,22.9422,23.0192,23.0957,23.1716,23.2471,23.3221,23.3969,23.4714,23.5456,23.6198,23.6939,23.768,23.8422,23.9166,23.9912,24.0661,24.1414,24.2173,24.2936,24.3707,24.4484,24.527,24.6065,24.687,24.7686,24.8513,24.9353,25.0207,25.1076,25.196,25.286,25.3778,25.4715,25.5672,25.6649,25.7648,25.867,25.9717,26.0789,26.1887,26.3013,26.4169,26.5355,26.6573,26.7825,26.9111,27.0434,27.1796,27.3198,27.4642,27.613,27.7664,27.9246,28.0879,28.2564,28.4306,28.6106,28.7968,28.9894,29.1889,29.3956,29.6099,29.8322,30.063,30.3027,30.552,30.8114,31.0815,31.3631,31.6568,31.9636,32.2842,32.6197,32.9712,33.3398,33.7268,34.1336,34.5618,35.013,35.4893,35.9926,36.5252,37.0898,37.6892,38.3264,39.0051,39.729,40.5026,41.3306,42.2184,43.172,44.1981,45.3042,46.4986,47.7906,49.1905,50.7098,52.3612,54.1588,56.118,58.2558,60.5904,63.1415,65.9299,68.9775,72.3064,75.9388,79.8958,84.1964,88.8558,93.8822,99.2725,105.002,111.004,117.138,123.136,128.545,132.737,135.037,135.004,132.664,128.496,123.175,117.307,111.318,105.458,99.8615,94.5911,89.6726,85.1113,80.9011,77.0285,73.4758,70.2229,67.2483,64.5303,62.0473,59.7788,57.7052,55.8082,54.0713,52.4789,51.0171,49.6733,48.4362,47.2954,46.2419,45.2673,44.3644,43.5266,42.748,42.0233,41.3478,40.7173,40.1281,39.5766,39.06,38.5754,38.1204,37.6927,37.2905,36.9119,36.5553,36.2191,35.9022,35.6032,35.3212,35.0551,34.8041,34.5672,34.3439,34.1334,33.9351,33.7484,33.573,33.4082,33.2536,33.1089,32.9737,32.8476,32.7304,32.6216,32.5211,32.4286,32.3437,32.2663,32.1961,32.1327,32.0761,32.0258,31.9816,31.9433,31.9105,31.8829,31.8603,31.8422,31.8283,31.8182,31.8114,31.8076,31.8062,31.8068,31.8088,31.8117,31.8148,31.8177,31.8197,31.82,31.8182,31.8135,31.8052,31.7927,31.7753,31.7524,31.7234,31.6877,31.6448,31.5941,31.5352,31.4677,31.3912,31.3057,31.2107,31.1064,30.9925,30.8692,30.7366,30.5949,30.4443,30.2851,30.1177,29.9426,29.7602,29.571,29.3755,29.1743,28.9679,28.7568,28.5418,28.3232,28.1017,27.8777,27.6517,27.4243,27.1959,26.9668,26.7376,26.5085,26.2799,26.052,25.8253,25.5998,25.3758,25.1535,24.9331,24.7146,24.4983,24.2842,24.0723,23.8628,23.6557,23.4511,23.2488,23.0491,22.8517,22.6569,22.4644,22.2743,22.0866,21.9012,21.7181,21.5373,21.3587,21.1823,21.0079,20.8356,20.6654,20.4971,20.3308,20.1663,20.0036,
 ,117,21.4867,21.5843,21.6807,21.7758,21.8698,21.9626,22.0542,22.1447,22.234,22.3221,22.4091,22.4951,22.58,22.6638,22.7467,22.8285,22.9095,22.9896,23.0688,23.1473,23.2251,23.3021,23.3786,23.4544,23.5298,23.6048,23.6794,23.7536,23.8277,23.9015,23.9753,24.0492,24.123,24.197,24.2712,24.3457,24.4206,24.496,24.572,24.6486,24.7259,24.804,24.8831,24.9631,25.0443,25.1266,25.2102,25.2952,25.3816,25.4697,25.5594,25.6509,25.7443,25.8396,25.9371,26.0368,26.1388,26.2432,26.3502,26.4599,26.5724,26.6878,26.8063,26.9281,27.0531,27.1818,27.3141,27.4502,27.5904,27.7347,27.8835,28.0369,28.1951,28.3583,28.5268,28.7009,28.8808,29.0667,29.2591,29.4583,29.6646,29.8784,30.1,30.3301,30.5689,30.8171,31.0752,31.3438,31.6236,31.9153,32.2196,32.5374,32.8697,33.2174,33.5816,33.9636,34.3647,34.7862,35.2299,35.6975,36.1908,36.7121,37.2637,37.8481,38.4682,39.1272,39.8286,40.5763,41.3746,42.2281,43.1423,44.1229,45.1764,46.31,47.5314,48.8495,50.2737,51.8143,53.4828,55.2913,57.2529,59.3815,61.6916,64.198,66.9154,69.8584,73.0397,76.4703,80.1576,84.1032,88.3001,92.7278,97.3432,102.067,106.762,111.208,115.088,118.009,119.589,119.59,118.027,115.155,111.36,107.025,102.455,97.8584,93.3656,89.053,84.9632,81.1174,77.5233,74.1805,71.0824,68.2189,65.5776,63.1445,60.9051,58.8447,56.9491,55.2046,53.5981,52.1177,50.752,49.4909,48.325,47.2456,46.2452,45.3166,44.4535,43.6502,42.9016,42.203,41.5503,40.9398,40.368,39.8318,39.3285,38.8557,38.4112,37.9928,37.5987,37.2274,36.8772,36.5469,36.2353,35.9412,35.6635,35.4015,35.1542,34.921,34.7011,34.4939,34.2988,34.1153,33.943,33.7814,33.6301,33.4887,33.357,33.2345,33.121,33.0161,32.9198,32.8316,32.7513,32.6788,32.6137,32.5558,32.5049,32.4606,32.4229,32.3912,32.3655,32.3453,32.3304,32.3204,32.3148,32.3134,32.3156,32.321,32.3292,32.3395,32.3514,32.3643,32.3776,32.3906,32.4027,32.4131,32.4211,32.426,32.4271,32.4235,32.4146,32.3996,32.3779,32.3487,32.3116,32.2658,32.2109,32.1465,32.0721,31.9876,31.8926,31.7872,31.6711,31.5446,31.4078,31.2608,31.104,30.9377,30.7624,30.5787,30.3869,30.1877,29.9817,29.7695,29.5517,29.3291,29.1021,28.8715,28.6379,28.4017,28.1637,27.9242,27.6839,27.4431,27.2023,26.9618,26.7221,26.4835,26.2462,26.0104,25.7765,25.5447,25.3149,25.0875,24.8625,24.64,24.4201,24.2028,23.9882,23.7763,23.5671,23.3606,23.1569,22.9558,22.7573,22.5615,22.3682,22.1775,21.9892,21.8034,21.62,21.4388,21.26,21.0833,20.9088,20.7364,20.5661,20.3977,20.2313,
 ,116,21.7614,21.8604,21.9582,22.0546,22.1498,22.2437,22.3364,22.4278,22.518,22.607,22.6947,22.7813,22.8668,22.9512,23.0345,23.1168,23.1981,23.2784,23.3578,23.4365,23.5143,23.5914,23.6677,23.7435,23.8188,23.8936,23.9679,24.0419,24.1157,24.1892,24.2626,24.336,24.4095,24.483,24.5568,24.6308,24.7053,24.7801,24.8556,24.9317,25.0085,25.0861,25.1646,25.2442,25.3248,25.4067,25.4898,25.5743,25.6603,25.7479,25.8372,25.9284,26.0213,26.1164,26.2135,26.3129,26.4146,26.5188,26.6255,26.735,26.8473,26.9626,27.0809,27.2025,27.3275,27.456,27.5883,27.7243,27.8645,28.0088,28.1575,28.3108,28.4689,28.632,28.8005,28.9744,29.1541,29.3398,29.5319,29.7307,29.9365,30.1497,30.3708,30.5999,30.8378,31.0849,31.3416,31.6086,31.8865,32.176,32.4778,32.7927,33.1216,33.4654,33.8251,34.2019,34.597,35.0118,35.4478,35.9065,36.3897,36.8994,37.4377,38.007,38.6098,39.249,39.9278,40.6496,41.4182,42.2377,43.1128,44.0486,45.0504,46.1245,47.2774,48.5162,49.8489,51.2836,52.8295,54.4959,56.2927,58.2301,60.3185,62.5678,64.9875,67.5855,70.3683,73.3392,76.497,79.8345,83.3353,86.9694,90.6872,94.4098,98.0185,101.345,104.172,106.254,107.372,107.395,106.33,104.318,101.581,98.36,94.8665,91.2622,87.6611,84.1392,80.7452,77.5088,74.4466,71.5666,68.8703,66.3548,64.0144,61.8411,59.8258,57.9587,56.2297,54.6288,53.1462,51.7728,50.4995,49.3183,48.2215,47.2021,46.2536,45.3702,44.5464,43.7773,43.0585,42.386,41.7561,41.1655,40.6111,40.0903,39.6006,39.1397,38.7057,38.2966,37.9109,37.5469,37.2034,36.879,36.5728,36.2836,36.0104,35.7526,35.5092,35.2796,35.0633,34.8595,34.6677,34.4875,34.3185,34.1602,34.0123,33.8745,33.7463,33.6276,33.518,33.4174,33.3254,33.2419,33.1665,33.0991,33.0395,32.9875,32.9427,32.905,32.8741,32.8497,32.8316,32.8195,32.8129,32.8117,32.8153,32.8233,32.8355,32.8511,32.8697,32.8907,32.9136,32.9376,32.9622,32.9865,33.0099,33.0316,33.0507,33.0665,33.0781,33.0846,33.0853,33.0794,33.066,33.0443,33.0138,32.9737,32.9235,32.8627,32.7908,32.7075,32.6126,32.506,32.3877,32.2576,32.1161,31.9633,31.7996,31.6255,31.4414,31.2479,31.0457,30.8355,30.6178,30.3935,30.1632,29.9276,29.6876,29.4438,29.1968,28.9473,28.696,28.4434,28.1901,27.9365,27.6832,27.4305,27.1789,26.9286,26.68,26.4333,26.1888,25.9467,25.707,25.4701,25.2359,25.0045,24.7761,24.5507,24.3282,24.1087,23.8923,23.6788,23.4683,23.2608,23.0561,22.8543,22.6552,22.459,22.2654,22.0744,21.8859,21.7,21.5165,21.3354,21.1565,20.9799,20.8054,20.6331,20.4628,
 ,115,22.0429,22.1434,22.2425,22.3402,22.4367,22.5317,22.6254,22.7178,22.8089,22.8987,22.9872,23.0745,23.1606,23.2455,23.3292,23.4118,23.4934,23.574,23.6536,23.7323,23.8101,23.8872,23.9635,24.0391,24.1142,24.1887,24.2628,24.3365,24.4098,24.483,24.556,24.6289,24.7018,24.7749,24.8481,24.9216,24.9955,25.0698,25.1446,25.2201,25.2963,25.3734,25.4513,25.5303,25.6104,25.6916,25.7742,25.8582,25.9437,26.0308,26.1197,26.2103,26.3029,26.3975,26.4942,26.5932,26.6946,26.7985,26.9049,27.0141,27.1262,27.2413,27.3595,27.4809,27.6057,27.7341,27.8662,28.0022,28.1422,28.2864,28.435,28.5882,28.7462,28.9092,29.0775,29.2512,29.4307,29.6162,29.8079,30.0063,30.2116,30.4242,30.6445,30.8729,31.1097,31.3556,31.6109,31.8762,32.1522,32.4394,32.7386,33.0504,33.3758,33.7156,34.0707,34.4423,34.8314,35.2393,35.6674,36.1171,36.5901,37.0881,37.6131,38.1672,38.7527,39.3723,40.0286,40.7247,41.4639,42.2499,43.0866,43.9785,44.9301,45.9465,47.0332,48.1961,49.4414,50.7759,52.2063,53.7398,55.3837,57.1453,59.0313,61.0482,63.201,65.4934,67.9268,70.4991,73.2039,76.0284,78.9515,81.94,84.9448,87.8955,90.6958,93.2209,95.3234,96.8494,97.6684,97.7056,96.9646,95.5251,93.52,91.1016,88.4142,85.5787,82.6883,79.8114,76.9958,74.2742,71.6677,69.1893,66.8456,64.6388,62.568,60.6298,58.8191,57.1299,55.5555,54.0889,52.7229,51.4507,50.2655,49.1608,48.1305,47.1691,46.271,45.4316,44.6462,43.9106,43.2212,42.5744,41.967,41.3961,40.8591,40.3536,39.8774,39.4284,39.0049,38.6052,38.2277,37.8712,37.5343,37.216,36.9152,36.6309,36.3624,36.1088,35.8694,35.6436,35.4308,35.2305,35.0421,34.8654,34.6998,34.5449,34.4005,34.2663,34.1419,34.0272,33.9218,33.8255,33.7382,33.6595,33.5894,33.5275,33.4738,33.428,33.3898,33.3591,33.3356,33.319,33.3092,33.3057,33.3083,33.3166,33.3302,33.3487,33.3716,33.3984,33.4286,33.4615,33.4965,33.533,33.5701,33.6071,33.6432,33.6775,33.7091,33.7371,33.7606,33.7786,33.7902,33.7945,33.7906,33.7776,33.7547,33.7212,33.6764,33.6198,33.5508,33.4691,33.3745,33.2667,33.1458,33.0119,32.8651,32.7058,32.5345,32.3516,32.1577,31.9534,31.7396,31.517,31.2863,31.0485,30.8043,30.5545,30.3,30.0415,29.7799,29.5159,29.25,28.9831,28.7156,28.4481,28.1812,27.9153,27.6508,27.388,27.1272,26.8688,26.613,26.3599,26.1098,25.8627,25.6188,25.3781,25.1407,24.9066,24.6759,24.4485,24.2244,24.0037,23.7862,23.5719,23.3608,23.1527,22.9478,22.7457,22.5466,22.3503,22.1567,21.9658,21.7775,21.5917,21.4084,21.2274,21.0488,20.8723,20.6981,
 ,114,22.3313,22.4333,22.5339,22.633,22.7306,22.8269,22.9217,23.0151,23.107,23.1977,23.2869,23.3748,23.4615,23.5468,23.631,23.714,23.7958,23.8765,23.9563,24.035,24.1128,24.1898,24.266,24.3414,24.4162,24.4904,24.5641,24.6374,24.7103,24.783,24.8555,24.9279,25.0003,25.0727,25.1453,25.2182,25.2914,25.3651,25.4393,25.5141,25.5897,25.666,25.7433,25.8216,25.9011,25.9817,26.0637,26.1471,26.232,26.3185,26.4068,26.4969,26.589,26.6831,26.7794,26.878,26.979,27.0825,27.1886,27.2975,27.4093,27.5241,27.642,27.7632,27.8878,28.0161,28.148,28.2838,28.4237,28.5678,28.7162,28.8693,29.0272,29.19,29.3581,29.5316,29.7108,29.8959,30.0874,30.2853,30.4901,30.702,30.9215,31.149,31.3848,31.6294,31.8832,32.1468,32.4208,32.7057,33.0023,33.311,33.6329,33.9686,34.3191,34.6854,35.0684,35.4694,35.8895,36.3302,36.793,37.2793,37.7911,38.3301,38.8984,39.4984,40.1325,40.8033,41.5138,42.267,43.0665,43.9158,44.8188,45.7798,46.8033,47.8939,49.0567,50.2967,51.6192,53.0295,54.5327,56.1335,57.8362,59.6442,61.5597,63.583,65.712,67.9413,70.2612,72.6565,75.1042,77.5719,80.0152,82.3747,84.5749,86.5251,88.1247,89.2752,89.8963,89.9435,89.4183,88.3683,86.8749,85.036,82.9506,80.7071,78.3791,76.0243,73.6861,71.3964,69.1778,67.0456,65.0095,63.0749,61.2443,59.5173,57.8922,56.3656,54.9336,53.5915,52.3345,51.1574,50.0553,49.0232,48.0564,47.1504,46.3009,45.5039,44.7557,44.0527,43.3919,42.7702,42.1848,41.6333,41.1134,40.623,40.16,39.7228,39.3097,38.9193,38.5501,38.201,37.8708,37.5584,37.263,36.9838,36.7198,36.4705,36.2351,36.0131,35.804,35.6072,35.4224,35.2491,35.087,34.9357,34.7949,34.6645,34.544,34.4334,34.3324,34.2407,34.1582,34.0848,34.0201,33.9642,33.9167,33.8774,33.8463,33.8231,33.8076,33.7995,33.7985,33.8045,33.817,33.8357,33.8602,33.8901,33.9249,33.964,34.0069,34.053,34.1015,34.1517,34.2028,34.2539,34.3042,34.3527,34.3984,34.4402,34.4772,34.5082,34.5323,34.5483,34.5552,34.5521,34.538,34.5121,34.4736,34.4218,34.3563,34.2765,34.1823,34.0733,33.9496,33.8114,33.6588,33.4923,33.3124,33.1196,32.9146,32.6984,32.4715,32.2351,31.9899,31.737,31.4773,31.2117,30.9412,30.6666,30.3888,30.1087,29.8269,29.5443,29.2614,28.9788,28.6972,28.4169,28.1384,27.8621,27.5883,27.3174,27.0494,26.7847,26.5234,26.2656,26.0113,25.7608,25.5139,25.2708,25.0314,24.7957,24.5637,24.3353,24.1106,23.8893,23.6714,23.457,23.2458,23.0379,22.833,22.6312,22.4324,22.2364,22.0431,21.8526,21.6647,21.4793,21.2963,21.1157,20.9373,
 ,113,22.6271,22.7306,22.8326,22.9331,23.032,23.1294,23.2253,23.3197,23.4126,23.5041,23.5941,23.6826,23.7698,23.8557,23.9402,24.0235,24.1055,24.1864,24.2662,24.3449,24.4227,24.4995,24.5755,24.6506,24.7251,24.7989,24.8722,24.9451,25.0175,25.0896,25.1615,25.2332,25.305,25.3767,25.4487,25.5208,25.5933,25.6662,25.7397,25.8137,25.8886,25.9642,26.0407,26.1183,26.197,26.2769,26.3582,26.4409,26.5252,26.6111,26.6987,26.7883,26.8798,26.9733,27.0691,27.1672,27.2678,27.3708,27.4766,27.5851,27.6965,27.811,27.9286,28.0496,28.174,28.302,28.4337,28.5693,28.709,28.8529,29.0012,29.1541,29.3118,29.4745,29.6423,29.8156,29.9945,30.1793,30.3703,30.5678,30.772,30.9834,31.2021,31.4286,31.6633,31.9066,32.159,32.4209,32.6928,32.9754,33.2692,33.5749,33.8932,34.2249,34.5707,34.9316,35.3086,35.7026,36.1149,36.5467,36.9992,37.474,37.9726,38.4968,39.0483,39.6291,40.2414,40.8876,41.5701,42.2915,43.0549,43.8632,44.7197,45.6279,46.5913,47.6137,48.6989,49.8508,51.0732,52.3699,53.7443,55.1991,56.7368,58.3586,60.0641,61.8517,63.7171,65.6528,67.6478,69.6858,71.7446,73.7945,75.797,77.7038,79.4571,80.9908,82.2359,83.1274,83.6144,83.6692,83.2925,82.5136,81.384,79.9682,78.3345,76.5472,74.6631,72.7293,70.7834,68.8545,66.9644,65.1292,63.3601,61.6643,60.0464,58.5083,57.0503,55.6715,54.3697,53.1423,51.9861,50.8977,49.8735,48.9097,48.003,47.1496,46.3464,45.59,44.8775,44.2059,43.5727,42.9752,42.4113,41.8786,41.3754,40.8996,40.4497,40.024,39.6212,39.2398,38.8788,38.5369,38.2133,37.9069,37.6169,37.3426,37.0832,36.8381,36.6067,36.3885,36.1831,35.9899,35.8086,35.6388,35.4803,35.3326,35.1957,35.0691,34.9528,34.8464,34.7499,34.6631,34.5857,34.5177,34.4589,34.4091,34.3682,34.3361,34.3125,34.2974,34.2904,34.2913,34.3,34.3161,34.3394,34.3694,34.4058,34.4482,34.4959,34.5486,34.6056,34.6662,34.7296,34.7951,34.8618,34.9288,34.995,35.0594,35.121,35.1784,35.2307,35.2765,35.3147,35.3441,35.3635,35.3717,35.3677,35.3506,35.3194,35.2734,35.2119,35.1345,35.0407,34.9305,34.8038,34.6608,34.5018,34.3271,34.1375,33.9336,33.7163,33.4864,33.2449,32.993,32.7316,32.4618,32.1848,31.9016,31.6133,31.3209,31.0253,30.7274,30.4282,30.1283,29.8285,29.5295,29.2318,28.936,28.6425,28.3517,28.0639,27.7794,27.4985,27.2214,26.9482,26.679,26.4138,26.1528,25.896,25.6434,25.3949,25.1505,24.9102,24.6739,24.4415,24.213,23.9882,23.7671,23.5495,23.3354,23.1247,22.9172,22.7129,22.5117,22.3134,22.118,21.9253,21.7354,21.548,21.3631,21.1806,
 ,112,22.9304,23.0355,23.139,23.2409,23.3412,23.4398,23.5368,23.6322,23.726,23.8183,23.909,23.9982,24.0859,24.1722,24.2571,24.3406,24.4228,24.5038,24.5836,24.6623,24.7399,24.8165,24.8922,24.9671,25.0412,25.1146,25.1873,25.2596,25.3314,25.4029,25.4741,25.5452,25.6162,25.6872,25.7583,25.8297,25.9013,25.9734,26.046,26.1193,26.1932,26.268,26.3438,26.4205,26.4984,26.5775,26.658,26.74,26.8235,26.9087,26.9956,27.0845,27.1754,27.2683,27.3635,27.4611,27.5611,27.6637,27.7689,27.877,27.9881,28.1022,28.2195,28.3401,28.4642,28.592,28.7235,28.8589,28.9983,29.1421,29.2902,29.4429,29.6004,29.7628,29.9304,30.1034,30.282,30.4665,30.6571,30.8541,31.0577,31.2683,31.4863,31.7119,31.9455,32.1875,32.4383,32.6985,32.9684,33.2487,33.5398,33.8425,34.1572,34.4848,34.826,35.1817,35.5526,35.9398,36.3443,36.7672,37.2098,37.6732,38.159,38.6685,39.2035,39.7657,40.3569,40.9791,41.6346,42.3254,43.0542,43.8234,44.6356,45.4937,46.4004,47.3588,48.3717,49.4418,50.572,51.7646,53.0218,54.3449,55.7348,57.1911,58.712,60.2944,61.9325,63.6183,65.3399,67.0817,68.8233,70.5384,72.1949,73.7542,75.1721,76.4005,77.3912,78.1004,78.4946,78.5559,78.2847,77.6994,76.8339,75.7313,74.4394,73.0053,71.4722,69.8778,68.2536,66.6252,65.0126,63.4314,61.893,60.4058,58.9753,57.6052,56.2971,55.0516,53.8683,52.7458,51.6824,50.676,49.7241,48.8243,47.9738,47.1701,46.4105,45.6927,45.0141,44.3724,43.7656,43.1914,42.648,42.1335,41.6463,41.1848,40.7475,40.333,39.9401,39.5676,39.2145,38.8798,38.5626,38.262,37.9773,37.7078,37.4529,37.212,36.9846,36.7703,36.5685,36.3789,36.2011,36.0349,35.88,35.7361,35.603,35.4804,35.3683,35.2664,35.1746,35.0928,35.0208,34.9585,34.9059,34.8626,34.8288,34.8041,34.7886,34.782,34.7842,34.7949,34.8139,34.8411,34.876,34.9183,34.9676,35.0236,35.0857,35.1532,35.2257,35.3023,35.3823,35.4649,35.549,35.6336,35.7177,35.8,35.8795,35.9546,36.0243,36.0869,36.1413,36.186,36.2196,36.2409,36.2486,36.2417,36.2189,36.1796,36.1229,36.0482,35.9553,35.8438,35.7138,35.5654,35.399,35.2152,35.0147,34.7982,34.5668,34.3216,34.0637,33.7943,33.5146,33.226,32.9296,32.6268,32.3187,32.0064,31.6911,31.3737,31.0551,30.7364,30.4182,30.1012,29.7861,29.4734,29.1636,28.8571,28.5543,28.2554,27.9606,27.6703,27.3844,27.1031,26.8264,26.5545,26.2871,26.0245,25.7665,25.513,25.264,25.0194,24.7791,24.5431,24.311,24.083,23.8589,23.6384,23.4217,23.2084,22.9985,22.7918,22.5884,22.388,22.1905,21.9958,21.8039,21.6146,21.4279,
 ,111,23.2416,23.3484,23.4534,23.5567,23.6583,23.7582,23.8563,23.9527,24.0475,24.1405,24.232,24.3218,24.41,24.4967,24.5819,24.6657,24.7481,24.8291,24.9089,24.9875,25.0649,25.1412,25.2166,25.291,25.3646,25.4375,25.5097,25.5813,25.6525,25.7232,25.7937,25.8639,25.9341,26.0042,26.0745,26.1449,26.2157,26.2869,26.3586,26.4309,26.5039,26.5777,26.6525,26.7284,26.8054,26.8836,26.9632,27.0443,27.127,27.2114,27.2976,27.3857,27.4759,27.5682,27.6627,27.7597,27.8591,27.9611,28.0659,28.1735,28.2841,28.3978,28.5147,28.635,28.7588,28.8862,29.0174,29.1526,29.2918,29.4353,29.5832,29.7356,29.8929,30.0551,30.2224,30.3951,30.5734,30.7576,30.9477,31.1442,31.3473,31.5573,31.7744,31.999,32.2315,32.4723,32.7217,32.9801,33.248,33.526,33.8145,34.1141,34.4253,34.7489,35.0856,35.436,35.8011,36.1815,36.5784,36.9927,37.4254,37.8778,38.351,38.8464,39.3654,39.9095,40.4803,41.0796,41.7091,42.3707,43.0665,43.7985,44.5689,45.3798,46.2335,47.1321,48.0778,49.0726,50.1181,51.216,52.3672,53.572,54.8301,56.1402,57.4995,58.9038,60.347,61.8205,63.313,64.8099,66.2929,67.7399,69.1241,70.4151,71.5791,72.5809,73.3861,73.9645,74.2934,74.3609,74.1669,73.7236,73.0536,72.1867,71.1566,69.998,68.7437,67.4235,66.0632,64.6848,63.3062,61.9416,60.6022,59.2965,58.0307,56.8091,55.6347,54.509,53.4326,52.4056,51.427,50.4959,49.6108,48.7701,47.972,47.2146,46.496,45.8144,45.1678,44.5544,43.9726,43.4205,42.8966,42.3995,41.9277,41.4797,41.0545,40.6507,40.2674,39.9035,39.5581,39.2302,38.9192,38.6243,38.3447,38.08,37.8295,37.5927,37.3692,37.1586,36.9604,36.7744,36.6002,36.4376,36.2863,36.1462,36.017,35.8985,35.7907,35.6935,35.6066,35.53,35.4636,35.4073,35.3611,35.3248,35.2983,35.2817,35.2747,35.2772,35.2892,35.3104,35.3406,35.3796,35.4271,35.4828,35.5462,35.6171,35.6948,35.7787,35.8682,35.9626,36.061,36.1624,36.266,36.3704,36.4745,36.5771,36.6768,36.772,36.8614,36.9432,37.0161,37.0783,37.1283,37.1647,37.1859,37.1907,37.1779,37.1464,37.0953,37.024,36.9321,36.8192,36.6855,36.531,36.3564,36.1622,35.9492,35.7185,35.4712,35.2086,34.932,34.6429,34.3427,34.0328,33.7148,33.39,33.0598,32.7254,32.3882,32.0492,31.7094,31.3699,31.0315,30.6949,30.3608,30.0299,29.7025,29.3791,29.06,28.7457,28.4361,28.1316,27.8323,27.5382,27.2493,26.9657,26.6874,26.4142,26.1462,25.8832,25.6252,25.372,25.1235,24.8796,24.6401,24.405,24.174,23.947,23.724,23.5047,23.2891,23.0769,22.8681,22.6626,22.4601,22.2607,22.0642,21.8704,21.6793,
 ,110,23.5611,23.6695,23.7761,23.8809,23.9838,24.0849,24.1842,24.2817,24.3773,24.4712,24.5634,24.6538,24.7425,24.8296,24.9151,24.9991,25.0815,25.1626,25.2423,25.3206,25.3978,25.4738,25.5488,25.6227,25.6958,25.768,25.8396,25.9104,25.9808,26.0507,26.1203,26.1897,26.2589,26.3281,26.3974,26.4668,26.5366,26.6067,26.6774,26.7487,26.8206,26.8935,26.9672,27.0421,27.1181,27.1953,27.274,27.3542,27.4359,27.5194,27.6048,27.6921,27.7815,27.873,27.9668,28.0631,28.1618,28.2632,28.3674,28.4745,28.5846,28.6978,28.8143,28.9342,29.0576,29.1847,29.3156,29.4505,29.5894,29.7326,29.8803,30.0325,30.1895,30.3515,30.5186,30.691,30.8689,31.0527,31.2424,31.4384,31.6409,31.8502,32.0666,32.2903,32.5217,32.7612,33.0092,33.2659,33.5319,33.8076,34.0935,34.3901,34.6979,35.0177,35.3499,35.6952,36.0545,36.4285,36.8179,37.2238,37.6471,38.0887,38.5498,39.0315,39.5351,40.0618,40.6131,41.1904,41.7952,42.429,43.0936,43.7905,44.5215,45.2883,46.0925,46.9358,47.8196,48.7452,49.7137,50.7256,51.7814,52.8805,54.0217,55.2031,56.4214,57.6718,58.9481,60.2419,61.5427,62.8373,64.1098,65.3415,66.5107,67.5932,68.5633,69.3949,70.0629,70.5461,70.8287,70.9023,70.7667,70.4302,69.9082,69.2216,68.3946,67.4529,66.4214,65.3236,64.1805,63.0105,61.829,60.649,59.4807,58.3325,57.2108,56.1202,55.0645,54.0457,53.0655,52.1246,51.223,50.3606,49.5367,48.7503,48.0005,47.286,46.6054,45.9574,45.3407,44.7538,44.1954,43.6641,43.1587,42.6779,42.2206,41.7855,41.3718,40.9782,40.604,40.2483,39.9102,39.5889,39.2839,38.9943,38.7197,38.4596,38.2133,37.9805,37.7608,37.5539,37.3593,37.1768,37.0061,36.8471,36.6995,36.5631,36.4379,36.3236,36.2203,36.1277,36.0459,35.9747,35.9141,35.8641,35.8246,35.7956,35.777,35.7688,35.7709,35.7832,35.8057,35.838,35.8803,35.9321,35.9932,36.0634,36.1422,36.2293,36.3241,36.426,36.5344,36.6483,36.7671,36.8896,37.0148,37.1414,37.2682,37.3935,37.5161,37.6341,37.7459,37.8497,37.9436,38.026,38.0949,38.1487,38.1856,38.2041,38.2028,38.1804,38.136,38.0687,37.9781,37.8638,37.7259,37.5646,37.3805,37.1744,36.9473,36.7003,36.4349,36.1525,35.8548,35.5433,35.2199,34.8861,34.5437,34.1942,33.8393,33.4803,33.1188,32.7558,32.3927,32.0303,31.6698,31.3117,30.957,30.6062,30.2597,29.9181,29.5816,29.2507,28.9253,28.6058,28.2921,27.9844,27.6827,27.3868,27.0969,26.8127,26.5342,26.2613,25.9939,25.7317,25.4747,25.2226,24.9755,24.7329,24.4949,24.2612,24.0318,23.8063,23.5848,23.3669,23.1527,22.9419,22.7344,22.5301,22.3288,22.1305,21.935,
 ,109,23.889,23.9992,24.1075,24.2138,24.3181,24.4205,24.5209,24.6194,24.716,24.8107,24.9035,24.9945,25.0837,25.1712,25.2569,25.341,25.4236,25.5045,25.5841,25.6622,25.739,25.8146,25.8891,25.9625,26.0349,26.1064,26.1772,26.2473,26.3167,26.3857,26.4544,26.5227,26.5909,26.659,26.7272,26.7956,26.8642,26.9332,27.0027,27.0729,27.1437,27.2154,27.2881,27.3618,27.4367,27.5129,27.5905,27.6696,27.7504,27.8329,27.9173,28.0037,28.0922,28.1829,28.276,28.3714,28.4695,28.5702,28.6738,28.7803,28.8898,29.0025,29.1185,29.2379,29.3609,29.4876,29.6182,29.7527,29.8914,30.0343,30.1817,30.3337,30.4904,30.6521,30.8189,30.991,31.1687,31.3521,31.5414,31.7369,31.9388,32.1475,32.3631,32.5859,32.8163,33.0546,33.3012,33.5563,33.8204,34.0939,34.3773,34.671,34.9755,35.2915,35.6194,35.9599,36.3136,36.6812,37.0635,37.4613,37.8754,38.3067,38.7561,39.2248,39.7136,40.2238,40.7565,41.3129,41.8942,42.5018,43.137,43.8011,44.4953,45.2211,45.9795,46.7717,47.5987,48.4612,49.3597,50.2942,51.2644,52.2694,53.3074,54.376,55.4716,56.5894,57.7232,58.8652,60.0058,61.1334,62.2343,63.2928,64.2915,65.2111,66.0319,66.7342,67.2997,67.713,67.9626,68.0426,67.9527,67.6986,67.2909,66.7447,66.0776,65.3085,64.4566,63.5403,62.5765,61.5804,60.5653,59.5424,58.5212,57.5094,56.5134,55.538,54.587,53.6633,52.769,51.9053,51.0731,50.2728,49.5044,48.7675,48.0618,47.3865,46.7409,46.1239,45.5348,44.9724,44.4357,43.9238,43.4356,42.97,42.5263,42.1034,41.7003,41.3164,40.9508,40.6027,40.2715,39.9565,39.6571,39.3727,39.1028,38.847,38.6048,38.3759,38.1598,37.9564,37.7653,37.5862,37.4191,37.2636,37.1196,36.9871,36.8659,36.7558,36.657,36.5693,36.4926,36.4271,36.3726,36.3291,36.2967,36.2753,36.265,36.2657,36.2774,36.3001,36.3337,36.3781,36.4332,36.4988,36.5747,36.6606,36.7561,36.8609,36.9744,37.0961,37.2251,37.3608,37.5022,37.6482,37.7976,37.9491,38.1012,38.2523,38.4008,38.5446,38.682,38.8109,38.9291,39.0347,39.1255,39.1994,39.2545,39.289,39.3011,39.2895,39.2529,39.1904,39.1014,38.9856,38.843,38.6739,38.4791,38.2593,38.0159,37.7504,37.4642,37.1592,36.8374,36.5005,36.1506,35.7898,35.4199,35.0427,34.6601,34.2737,33.8851,33.4956,33.1066,32.7191,32.3342,31.9528,31.5755,31.2031,30.836,30.4747,30.1195,29.7707,29.4285,29.0929,28.7641,28.442,28.1266,27.8179,27.5157,27.22,26.9306,26.6474,26.3701,26.0986,25.8327,25.5723,25.3171,25.067,24.8217,24.5811,24.345,24.1133,23.8857,23.662,23.4422,23.226,23.0133,22.804,22.5979,22.3949,22.1949,
 ,108,24.226,24.3379,24.4478,24.5557,24.6615,24.7651,24.8668,24.9663,25.0638,25.1593,25.2528,25.3444,25.434,25.5218,25.6078,25.692,25.7745,25.8554,25.9347,26.0125,26.0889,26.164,26.2379,26.3106,26.3823,26.453,26.5229,26.5921,26.6605,26.7285,26.7961,26.8633,26.9303,26.9973,27.0643,27.1314,27.1988,27.2666,27.3348,27.4037,27.4733,27.5437,27.6152,27.6877,27.7614,27.8364,27.9128,27.9908,28.0705,28.152,28.2354,28.3208,28.4083,28.4981,28.5902,28.6849,28.7822,28.8822,28.985,29.0908,29.1997,29.3119,29.4273,29.5463,29.6688,29.7951,29.9253,30.0595,30.1978,30.3404,30.4875,30.6392,30.7957,30.9571,31.1236,31.2955,31.4728,31.6558,31.8447,32.0398,32.2412,32.4492,32.6641,32.8861,33.1155,33.3527,33.5979,33.8514,34.1137,34.3852,34.6662,34.9571,35.2585,35.5708,35.8946,36.2304,36.5787,36.9403,37.3158,37.7058,38.1112,38.5326,38.971,39.4272,39.902,40.3965,40.9116,41.4483,42.0076,42.5906,43.1983,43.8317,44.4918,45.1796,45.8958,46.6412,47.4163,48.2215,49.0568,49.9217,50.8157,51.7372,52.6843,53.6544,54.6437,55.6475,56.66,57.674,58.6809,59.6705,60.6313,61.5503,62.4132,63.2049,63.9099,64.5134,65.0017,65.3632,65.5897,65.6766,65.6237,65.4348,65.1175,64.6827,64.1432,63.5131,62.8073,62.0401,61.2251,60.3747,59.5002,58.6113,57.7164,56.8227,55.936,55.0613,54.2025,53.3628,52.5446,51.7497,50.9795,50.2348,49.5163,48.8241,48.1582,47.5185,46.9046,46.3159,45.7519,45.2119,44.6952,44.201,43.7286,43.2771,42.8459,42.4342,42.0411,41.6661,41.3085,40.9676,40.6428,40.3336,40.0395,39.7599,39.4944,39.2427,39.0044,38.7791,38.5666,38.3665,38.1788,38.0031,37.8393,37.6873,37.547,37.4182,37.301,37.1953,37.1011,37.0183,36.947,36.8872,36.8389,36.8023,36.7772,36.7639,36.7622,36.7724,36.7943,36.828,36.8735,36.9307,36.9996,37.0801,37.1718,37.2747,37.3884,37.5125,37.6465,37.7898,37.9418,38.1014,38.2679,38.44,38.6165,38.7958,38.9765,39.1568,39.3346,39.5079,39.6746,39.8322,39.9784,40.1107,40.2267,40.3241,40.4003,40.4534,40.4814,40.4824,40.455,40.3983,40.3114,40.194,40.046,39.868,39.6607,39.4253,39.1632,38.8762,38.5662,38.2353,37.8858,37.52,37.1401,36.7486,36.3475,35.9392,35.5255,35.1084,34.6896,34.2706,33.8529,33.4377,33.0261,32.619,32.2172,31.8214,31.432,31.0495,30.6742,30.3063,29.946,29.5934,29.2484,28.9111,28.5813,28.259,27.944,27.6362,27.3354,27.0413,26.7538,26.4727,26.1976,25.9285,25.6651,25.4071,25.1544,24.9067,24.6638,24.4256,24.1918,23.9622,23.7366,23.515,23.297,23.0826,22.8716,22.6638,22.4592,
 ,107,24.5722,24.686,24.7976,24.9071,25.0143,25.1193,25.2221,25.3228,25.4212,25.5175,25.6117,25.7038,25.7938,25.8819,25.968,26.0523,26.1347,26.2154,26.2944,26.3718,26.4478,26.5223,26.5955,26.6674,26.7383,26.8081,26.877,26.9451,27.0125,27.0794,27.1457,27.2117,27.2775,27.3431,27.4088,27.4745,27.5405,27.6069,27.6738,27.7413,27.8096,27.8787,27.9487,28.0199,28.0923,28.166,28.2412,28.318,28.3965,28.4768,28.559,28.6433,28.7298,28.8186,28.9098,29.0036,29.1,29.1992,29.3012,29.4063,29.5146,29.6261,29.741,29.8594,29.9814,30.1073,30.237,30.3708,30.5088,30.6511,30.7978,30.9493,31.1055,31.2666,31.4328,31.6044,31.7814,31.9641,32.1526,32.3473,32.5482,32.7557,32.9699,33.1911,33.4196,33.6557,33.8996,34.1517,34.4123,34.6818,34.9605,35.2488,35.5472,35.8561,36.1759,36.5073,36.8506,37.2064,37.5753,37.958,38.3551,38.7672,39.1951,39.6395,40.1012,40.5809,41.0794,41.5976,42.1363,42.6964,43.2785,43.8835,44.5121,45.1649,45.8425,46.5452,47.2733,48.0267,48.8051,49.6079,50.434,51.2819,52.1493,53.0336,53.931,54.8371,55.7465,56.6526,57.548,58.4237,59.2701,60.0764,60.8309,61.5217,62.1367,62.6644,63.0942,63.4176,63.6284,63.723,63.7011,63.5653,63.321,62.9761,62.5401,62.0237,61.438,60.7945,60.1038,59.3761,58.6208,57.8463,57.0598,56.268,55.4762,54.6892,53.9111,53.1451,52.3938,51.6596,50.9442,50.2489,49.5746,48.9222,48.2919,47.6839,47.0984,46.5351,45.9937,45.4739,44.9752,44.4971,44.039,43.6003,43.1805,42.779,42.395,42.0282,41.6779,41.3435,41.0247,40.7208,40.4316,40.1564,39.8951,39.6472,39.4125,39.1906,38.9814,38.7845,38.6,38.4275,38.267,38.1184,37.9817,37.8567,37.7435,37.6421,37.5525,37.4748,37.409,37.3551,37.3133,37.2837,37.2664,37.2614,37.2689,37.2889,37.3216,37.367,37.4251,37.496,37.5797,37.6761,37.785,37.9063,38.0397,38.1848,38.3412,38.5083,38.6853,38.8715,39.0658,39.2671,39.4738,39.6845,39.8974,40.1105,40.3218,40.5287,40.7288,40.9195,41.0979,41.2612,41.4066,41.5311,41.6321,41.7071,41.7535,41.7695,41.7531,41.7033,41.6189,41.4997,41.3456,41.1573,40.9356,40.6821,40.3983,40.0865,39.749,39.3883,39.007,38.608,38.1939,37.7674,37.3311,36.8875,36.4388,35.9873,35.5348,35.083,34.6336,34.1878,33.7469,33.3117,32.8831,32.4618,32.0482,31.6428,31.2459,30.8576,30.478,30.1072,29.7451,29.3917,29.0468,28.7103,28.3819,28.0614,27.7486,27.4433,27.1452,26.854,26.5695,26.2914,26.0194,25.7534,25.493,25.238,24.9882,24.7433,24.5031,24.2674,24.0361,23.8088,23.5855,23.3658,23.1498,22.9372,22.7279,
 ,106,24.9281,25.0438,25.1572,25.2683,25.3771,25.4834,25.5875,25.6892,25.7885,25.8856,25.9805,26.0731,26.1635,26.2518,26.3381,26.4223,26.5046,26.585,26.6637,26.7406,26.816,26.8898,26.9622,27.0333,27.1032,27.172,27.2398,27.3068,27.3729,27.4385,27.5035,27.5681,27.6325,27.6967,27.7609,27.8252,27.8897,27.9546,28.02,28.086,28.1528,28.2204,28.289,28.3587,28.4296,28.502,28.5758,28.6512,28.7284,28.8075,28.8885,28.9716,29.0569,29.1446,29.2348,29.3276,29.423,29.5213,29.6226,29.7269,29.8344,29.9452,30.0595,30.1773,30.2988,30.4242,30.5534,30.6868,30.8244,30.9664,31.1129,31.264,31.4199,31.5807,31.7467,31.918,32.0947,32.2771,32.4653,32.6596,32.8601,33.067,33.2806,33.5011,33.7287,33.9638,34.2066,34.4573,34.7164,34.984,35.2606,35.5465,35.8421,36.1477,36.4639,36.791,37.1295,37.48,37.8428,38.2186,38.6079,39.0112,39.4293,39.8626,40.3119,40.7778,41.2609,41.762,42.2815,42.8203,43.3788,43.9577,44.5573,45.1782,45.8205,46.4844,47.17,47.8768,48.6044,49.3519,50.118,50.9011,51.6989,52.5086,53.3269,54.1495,54.9714,55.7869,56.5892,57.3711,58.124,58.8392,59.5072,60.1183,60.663,61.1323,61.5182,61.814,62.0149,62.1181,62.1232,62.0319,61.8481,61.5774,61.2269,60.8046,60.319,59.779,59.193,58.5693,57.9155,57.2388,56.5456,55.8415,55.1318,54.4209,53.7128,53.0109,52.318,51.6367,50.9691,50.3169,49.6814,49.0637,48.4646,47.8846,47.3241,46.7831,46.2617,45.7598,45.2771,44.8132,44.3679,43.9407,43.5311,43.1387,42.7629,42.4034,42.0597,41.7313,41.4178,41.1188,40.8339,40.5629,40.3053,40.0609,39.8294,39.6107,39.4045,39.2107,39.0292,38.8598,38.7025,38.5572,38.424,38.3027,38.1935,38.0964,38.0115,37.9389,37.8786,37.8309,37.7958,37.7734,37.764,37.7678,37.7848,37.8152,37.8592,37.917,37.9886,38.0741,38.1735,38.287,38.4144,38.5555,38.7103,38.8783,39.0591,39.2523,39.457,39.6725,39.8977,40.1314,40.372,40.6179,40.8672,41.1176,41.3668,41.6121,41.8506,42.0793,42.2949,42.4942,42.6737,42.8301,42.9601,43.0608,43.1291,43.1626,43.1594,43.1177,43.0365,42.9154,42.7543,42.5539,42.3155,42.0408,41.7318,41.3912,41.0218,40.6266,40.2087,39.7715,39.3182,38.8518,38.3754,37.8919,37.4038,36.9136,36.4234,35.9351,35.4505,34.971,34.4978,34.0318,33.5741,33.1251,32.6853,32.2553,31.8351,31.4249,31.0248,30.6347,30.2545,29.8841,29.5232,29.1716,28.8292,28.4954,28.1702,27.8532,27.5441,27.2426,26.9483,26.6609,26.3802,26.1059,25.8376,25.5751,25.3182,25.0665,24.8198,24.5779,24.3406,24.1076,23.8788,23.6539,23.4327,23.2152,23.001,
 ,105,25.2941,25.4119,25.5271,25.6399,25.7502,25.8579,25.9632,26.066,26.1663,26.2642,26.3596,26.4527,26.5435,26.632,26.7183,26.8025,26.8846,26.9647,27.0429,27.1193,27.1939,27.267,27.3385,27.4086,27.4775,27.5451,27.6117,27.6773,27.7422,27.8063,27.8698,27.933,27.9958,28.0584,28.1211,28.1837,28.2466,28.3099,28.3736,28.438,28.5031,28.5691,28.6361,28.7042,28.7736,28.8444,28.9167,28.9907,29.0665,29.1441,29.2238,29.3057,29.3898,29.4763,29.5654,29.657,29.7515,29.8488,29.9491,30.0526,30.1593,30.2694,30.383,30.5002,30.6211,30.7459,30.8747,31.0077,31.1449,31.2865,31.4326,31.5834,31.7391,31.8997,32.0654,32.2364,32.4129,32.595,32.7829,32.9768,33.1769,33.3834,33.5964,33.8163,34.0432,34.2774,34.5191,34.7686,35.0262,35.2922,35.5668,35.8505,36.1434,36.4461,36.7589,37.0821,37.4162,37.7616,38.1187,38.4881,38.8701,39.2653,39.6741,40.0972,40.5351,40.9881,41.4569,41.9421,42.444,42.9632,43.5,44.0549,44.6281,45.2199,45.8303,46.4593,47.1066,47.7718,48.4541,49.1526,49.8659,50.5922,51.3294,52.0748,52.8251,53.5764,54.3244,55.0638,55.7889,56.4932,57.1699,57.8116,58.4104,58.9586,59.4487,59.8734,60.2266,60.503,60.6988,60.8117,60.8412,60.7884,60.656,60.448,60.1696,59.8267,59.4258,58.9735,58.4766,57.9416,57.3748,56.7821,56.1689,55.5405,54.9014,54.2561,53.6082,52.9613,52.3186,51.6828,51.0562,50.4409,49.8386,49.2508,48.6784,48.1224,47.5833,47.0615,46.5574,46.0709,45.6021,45.1506,44.7164,44.2992,43.8985,43.5141,43.1456,42.7926,42.4547,42.1315,41.8227,41.528,41.2471,40.9796,40.7254,40.4841,40.2557,40.0398,39.8364,39.6454,39.4667,39.3002,39.1459,39.0038,38.8739,38.7563,38.6511,38.5583,38.4781,38.4106,38.356,38.3144,38.2862,38.2714,38.2702,38.283,38.31,38.3513,38.4073,38.4781,38.5639,38.6649,38.7812,38.913,39.0602,39.2228,39.4006,39.5935,39.801,40.0227,40.258,40.5059,40.7653,41.0351,41.3137,41.5991,41.8894,42.1821,42.4746,42.7638,43.0465,43.3191,43.5779,43.8189,44.0383,44.2321,44.3962,44.5271,44.6213,44.6758,44.6882,44.6563,44.579,44.4557,44.2864,44.072,43.814,43.5145,43.1761,42.8018,42.3952,41.9599,41.4997,41.0185,40.52,40.008,39.4859,38.9571,38.4245,37.8907,37.3583,36.8294,36.3057,35.7889,35.2801,34.7805,34.2909,33.8119,33.3439,32.8872,32.4421,32.0085,31.5865,31.1759,30.7765,30.3881,30.0104,29.6432,29.286,28.9385,28.6003,28.2712,27.9506,27.6383,27.334,27.0371,26.7474,26.4645,26.1882,25.9181,25.6538,25.3952,25.1419,24.8937,24.6503,24.4115,24.177,23.9468,23.7204,23.4978,23.2788,
 ,104,25.6707,25.7905,25.9077,26.0222,26.1341,26.2432,26.3498,26.4537,26.5549,26.6535,26.7496,26.8432,26.9343,27.0229,27.1092,27.1932,27.275,27.3547,27.4324,27.5081,27.582,27.6542,27.7247,27.7937,27.8613,27.9277,27.9929,28.0571,28.1205,28.1831,28.245,28.3065,28.3676,28.4285,28.4894,28.5503,28.6114,28.6729,28.7348,28.7974,28.8607,28.925,28.9902,29.0566,29.1244,29.1935,29.2642,29.3366,29.4108,29.487,29.5653,29.6457,29.7285,29.8138,29.9016,29.9921,30.0854,30.1817,30.2811,30.3837,30.4895,30.5988,30.7116,30.8282,30.9485,31.0727,31.201,31.3335,31.4702,31.6115,31.7573,31.9078,32.0632,32.2235,32.389,32.5598,32.736,32.9179,33.1056,33.2992,33.4989,33.705,33.9176,34.1369,34.3631,34.5966,34.8374,35.0858,35.3421,35.6066,35.8795,36.1611,36.4517,36.7517,37.0613,37.3809,37.7109,38.0517,38.4036,38.767,39.1423,39.53,39.9304,40.344,40.7712,41.2125,41.6682,42.1387,42.6245,43.1257,43.6428,44.1759,44.7252,45.2907,45.8724,46.4701,47.0832,47.7113,48.3536,49.0089,49.6758,50.3527,51.0374,51.7273,52.4194,53.1103,53.7959,54.4717,55.1327,55.7735,56.3881,56.9704,57.5142,58.0131,58.4609,58.8521,59.1816,59.4453,59.64,59.764,59.8165,59.7982,59.7108,59.5572,59.3409,59.0663,58.7382,58.3616,57.9415,57.483,56.9911,56.4707,55.9265,55.363,54.7845,54.195,53.5982,52.998,52.3975,51.7997,51.2074,50.6229,50.0482,49.485,48.9348,48.3987,47.8775,47.3718,46.882,46.4085,45.9513,45.5103,45.0856,44.6767,44.2837,43.9062,43.5438,43.1963,42.8634,42.5447,42.2401,41.9491,41.6715,41.4072,41.1559,40.9174,40.6915,40.4782,40.2774,40.0889,39.9128,39.7489,39.5975,39.4584,39.3318,39.2177,39.1163,39.0278,38.9523,38.8899,38.8411,38.8058,38.7845,38.7774,38.7849,38.8071,38.8444,38.8971,38.9656,39.0501,39.151,39.2685,39.4027,39.554,39.7225,39.9081,40.111,40.3309,40.5675,40.8205,41.0892,41.3729,41.6704,41.9804,42.3014,42.6313,42.968,43.3088,43.6506,43.9902,44.3236,44.647,44.956,45.2459,45.512,45.7496,45.9541,46.1209,46.2458,46.3253,46.3563,46.3363,46.2638,46.138,45.9592,45.7283,45.4471,45.1184,44.7452,44.3315,43.8814,43.3993,42.8899,42.3577,41.8072,41.2427,40.6685,40.0881,39.505,38.9222,38.3425,37.7682,37.2012,36.6431,36.0953,35.5588,35.0344,34.5228,34.0242,33.5389,33.067,32.6085,32.1632,31.7308,31.3111,30.9038,30.5085,30.1248,29.7522,29.3903,29.0388,28.6971,28.3647,28.0414,27.7266,27.4199,27.121,26.8294,26.5448,26.2668,25.9952,25.7295,25.4694,25.2148,24.9652,24.7204,24.4803,24.2445,24.0129,23.7852,23.5613,
 ,103,26.0584,26.1804,26.2995,26.4158,26.5293,26.6399,26.7477,26.8527,26.9549,27.0543,27.1509,27.2449,27.3363,27.425,27.5112,27.5951,27.6765,27.7557,27.8327,27.9077,27.9807,28.0518,28.1212,28.189,28.2553,28.3202,28.384,28.4466,28.5083,28.5691,28.6293,28.689,28.7483,28.8073,28.8662,28.9252,28.9844,29.0439,29.1039,29.1646,29.226,29.2883,29.3517,29.4162,29.4821,29.5495,29.6184,29.6891,29.7617,29.8363,29.9129,29.9919,30.0733,30.1571,30.2436,30.3329,30.4251,30.5202,30.6185,30.7201,30.825,30.9334,31.0455,31.1613,31.281,31.4046,31.5324,31.6643,31.8007,31.9415,32.087,32.2372,32.3923,32.5524,32.7177,32.8883,33.0643,33.246,33.4334,33.6268,33.8263,34.0321,34.2443,34.4632,34.6889,34.9216,35.1616,35.4091,35.6643,35.9275,36.1988,36.4786,36.7672,37.0647,37.3715,37.6879,38.0142,38.3508,38.6978,39.0558,39.425,39.8058,40.1985,40.6035,41.0211,41.4516,41.8953,42.3525,42.8236,43.3087,43.8079,44.3214,44.8491,45.391,45.947,46.5167,47.0995,47.6948,48.3018,48.9193,49.5459,50.1799,50.8193,51.4617,52.1043,52.744,53.3772,54.0001,54.6082,55.1969,55.7613,56.2962,56.7965,57.257,57.6728,58.0393,58.3525,58.6091,58.8065,58.943,59.0181,59.0317,58.9851,58.88,58.7189,58.5046,58.2406,57.9304,57.5776,57.1859,56.7593,56.3016,55.8168,55.3088,54.7815,54.2389,53.6848,53.1229,52.5568,51.9898,51.4249,50.8649,50.312,49.7684,49.2357,48.7152,48.2081,47.7151,47.2368,46.7737,46.3258,45.8933,45.4762,45.0743,44.6874,44.3155,43.9582,43.6153,43.2865,42.9716,42.6703,42.3824,42.1077,41.846,41.5972,41.361,41.1374,40.9263,40.7276,40.5414,40.3676,40.2062,40.0573,39.9211,39.7976,39.6869,39.5893,39.505,39.4341,39.377,39.3338,39.305,39.2908,39.2917,39.3078,39.3398,39.3879,39.4525,39.5341,39.633,39.7497,39.8846,40.0379,40.2101,40.4013,40.6118,40.8416,41.0907,41.3591,41.6463,41.9517,42.2748,42.6145,42.9694,43.3379,43.7179,44.107,44.5024,44.9007,45.298,45.6901,46.0724,46.4398,46.7868,47.108,47.3975,47.6497,47.8592,48.0209,48.1303,48.1837,48.178,48.1114,47.9829,47.7927,47.5422,47.2336,46.8702,46.456,45.9957,45.4943,44.9575,44.3905,43.799,43.1883,42.5636,41.9295,41.2903,40.65,40.0119,39.3791,38.7541,38.1389,37.5352,36.9444,36.3675,35.8053,35.2583,34.7267,34.2106,33.7101,33.2249,32.7548,32.2994,31.8583,31.4312,31.0174,30.6164,30.2278,29.851,29.4856,29.1308,28.7863,28.4516,28.1261,27.8094,27.501,27.2005,26.9074,26.6215,26.3422,26.0693,25.8024,25.5412,25.2853,25.0346,24.7887,24.5473,24.3103,24.0775,23.8485,
 ,102,26.4577,26.5818,26.703,26.8212,26.9363,27.0484,27.1575,27.2636,27.3667,27.4669,27.5641,27.6585,27.75,27.8388,27.9249,28.0085,28.0895,28.1681,28.2443,28.3184,28.3903,28.4603,28.5284,28.5949,28.6597,28.7231,28.7851,28.846,28.9059,28.9648,29.0231,29.0808,29.138,29.195,29.2519,29.3088,29.3659,29.4233,29.4812,29.5397,29.599,29.6593,29.7206,29.7831,29.847,29.9125,29.9795,30.0484,30.1192,30.192,30.267,30.3444,30.4242,30.5066,30.5917,30.6796,30.7704,30.8644,30.9616,31.062,31.166,31.2735,31.3848,31.4998,31.6187,31.7417,31.8689,32.0004,32.1362,32.2767,32.4218,32.5717,32.7266,32.8864,33.0515,33.222,33.3979,33.5794,33.7667,33.9599,34.1592,34.3648,34.5767,34.7953,35.0206,35.2528,35.4922,35.7389,35.9932,36.2552,36.5253,36.8035,37.0902,37.3856,37.6899,38.0034,38.3264,38.6592,39.002,39.3551,39.7188,40.0934,40.4792,40.8763,41.2852,41.706,42.1389,42.5842,43.0421,43.5125,43.9957,44.4916,45.0001,45.5211,46.0542,46.5991,47.1552,47.7218,48.2979,48.8825,49.4741,50.0712,50.6718,51.2737,51.8744,52.4711,53.0607,53.6397,54.2045,54.7509,55.2749,55.7723,56.2387,56.6699,57.062,57.4113,57.7145,57.9688,58.1722,58.3232,58.4211,58.4656,58.4572,58.3971,58.2864,58.127,57.921,57.6704,57.3778,57.0456,56.6765,56.2736,55.8399,55.3791,54.8947,54.3906,53.8707,53.339,52.7995,52.2558,51.7113,51.1693,50.6323,50.1028,49.5826,49.0735,48.5765,48.0928,47.6229,47.1674,46.7265,46.3003,45.889,45.4924,45.1104,44.7429,44.3895,44.0502,43.7246,43.4127,43.1141,42.8286,42.5562,42.2966,42.0496,41.8153,41.5936,41.3843,41.1875,41.0032,40.8314,40.6722,40.5257,40.3921,40.2715,40.1641,40.0702,39.9899,39.9236,39.8716,39.8342,39.8119,39.805,39.8138,39.839,39.881,39.9402,40.0171,40.1124,40.2265,40.3598,40.5131,40.6867,40.881,41.0965,41.3336,41.5925,41.8733,42.1761,42.5006,42.8465,43.213,43.5994,44.0042,44.4259,44.8623,45.3108,45.7683,46.231,46.6948,47.1549,47.6057,48.0413,48.4555,48.8415,49.1925,49.5016,49.7622,49.968,50.1135,50.1939,50.2056,50.1462,50.0145,49.8109,49.5369,49.1955,48.7908,48.3277,47.8121,47.2502,46.6487,46.0144,45.3537,44.6732,43.9787,43.2759,42.5696,41.8643,41.1638,40.4713,39.7896,39.1208,38.4668,37.8287,37.2077,36.6042,36.0188,35.4516,34.9025,34.3713,33.8577,33.3613,32.8816,32.418,31.97,31.5368,31.1179,30.7127,30.3204,29.9405,29.5724,29.2153,28.8689,28.5324,28.2054,27.8874,27.5777,27.2761,26.982,26.695,26.4148,26.1409,25.873,25.6108,25.354,25.1022,24.8552,24.6128,24.3746,24.1405,
 ,101,26.869,26.9955,27.1188,27.2388,27.3557,27.4693,27.5798,27.687,27.791,27.8919,27.9897,28.0844,28.1761,28.2649,28.3508,28.4339,28.5144,28.5923,28.6677,28.7407,28.8115,28.8802,28.9469,29.0118,29.075,29.1366,29.1969,29.2558,29.3137,29.3706,29.4267,29.4823,29.5373,29.592,29.6467,29.7013,29.7561,29.8112,29.8668,29.923,29.9801,30.0381,30.0972,30.1576,30.2194,30.2827,30.3478,30.4146,30.4835,30.5544,30.6277,30.7033,30.7814,30.8622,30.9458,31.0322,31.1217,31.2144,31.3103,31.4097,31.5126,31.6191,31.7294,31.8436,31.9618,32.0841,32.2107,32.3417,32.4771,32.6171,32.7619,32.9115,33.0661,33.2258,33.3907,33.561,33.7368,33.9183,34.1055,34.2986,34.4978,34.7033,34.915,35.1334,35.3584,35.5903,35.8292,36.0754,36.3289,36.5901,36.859,37.1359,37.4211,37.7146,38.0168,38.3279,38.648,38.9775,39.3166,39.6654,40.0242,40.3933,40.7728,41.163,41.5641,41.9762,42.3995,42.8342,43.2802,43.7377,44.2067,44.687,45.1785,45.6809,46.194,46.7172,47.2499,47.7915,48.3409,48.897,49.4586,50.0241,50.5917,51.1594,51.725,52.2859,52.8394,53.3825,53.9119,54.4245,54.9165,55.3846,55.8252,56.2348,56.6103,56.9486,57.2472,57.5037,57.7164,57.884,58.0058,58.0811,58.1101,58.093,58.0302,57.9225,57.7706,57.5755,57.3383,57.0601,56.7427,56.3881,55.9986,55.5775,55.128,54.6541,54.1601,53.6503,53.1292,52.601,52.0696,51.5386,51.0112,50.49,49.9772,49.4748,48.9839,48.5058,48.0412,47.5906,47.1542,46.7323,46.3249,45.9319,45.5533,45.1888,44.8382,44.5015,44.1783,43.8684,43.5717,43.2881,43.0172,42.7591,42.5137,42.2808,42.0604,41.8526,41.6572,41.4745,41.3044,41.1471,41.0028,40.8716,40.7537,40.6493,40.5589,40.4826,40.4208,40.3739,40.3422,40.3264,40.3268,40.3439,40.3782,40.4305,40.5012,40.5909,40.7004,40.8302,40.9811,41.1537,41.3486,41.5665,41.808,42.0736,42.3637,42.6787,43.0188,43.384,43.7741,44.1885,44.6266,45.087,45.5682,46.068,46.5837,47.1119,47.6486,48.189,48.7277,49.2583,49.774,50.2674,50.7303,51.1545,51.5317,51.8536,52.1126,52.3017,52.415,52.4479,52.3974,52.2621,52.0423,51.7401,51.3592,50.9049,50.3832,49.8016,49.1677,48.4898,47.776,47.0344,46.2725,45.4973,44.7153,43.9322,43.153,42.3818,41.6223,40.8772,40.149,39.4392,38.7492,38.0798,37.4316,36.8047,36.1991,35.6145,35.0506,34.5068,33.9826,33.4772,32.9899,32.52,32.0666,31.6291,31.2066,30.7983,30.4035,30.0216,29.6517,29.2932,28.9455,28.608,28.2801,27.9612,27.6508,27.3484,27.0536,26.766,26.485,26.2104,25.9417,25.6787,25.4209,25.1682,24.9203,24.6768,24.4376,
 ,100,27.2931,27.4219,27.5474,27.6694,27.7881,27.9033,28.0151,28.1234,28.2284,28.33,28.4283,28.5233,28.6151,28.7037,28.7894,28.872,28.9518,29.0289,29.1033,29.1752,29.2447,29.3119,29.3771,29.4402,29.5016,29.5613,29.6195,29.6763,29.7321,29.7867,29.8406,29.8937,29.9464,29.9987,30.0509,30.103,30.1553,30.208,30.2611,30.3149,30.3695,30.4251,30.4819,30.5399,30.5994,30.6604,30.7233,30.788,30.8548,30.9237,30.995,31.0688,31.1451,31.2242,31.3061,31.391,31.479,31.5703,31.665,31.7631,31.8649,31.9704,32.0797,32.193,32.3104,32.432,32.5579,32.6883,32.8233,32.9629,33.1073,33.2567,33.4111,33.5706,33.7354,33.9056,34.0814,34.2628,34.45,34.6431,34.8423,35.0477,35.2595,35.4778,35.7026,35.9343,36.1729,36.4187,36.6718,36.9322,37.2003,37.4763,37.7601,38.0522,38.3526,38.6616,38.9794,39.306,39.6418,39.9869,40.3415,40.7058,41.0799,41.464,41.8583,42.2628,42.6776,43.1029,43.5386,43.9847,44.4412,44.9078,45.3844,45.8707,46.3664,46.8707,47.3833,47.9032,48.4296,48.9615,49.4975,50.0363,50.5762,51.1153,51.6517,52.1831,52.7071,53.2211,53.7224,54.2081,54.6754,55.1212,55.5428,55.9374,56.3023,56.6351,56.9338,57.1966,57.422,57.6088,57.7561,57.8635,57.9302,57.9561,57.9407,57.8836,57.7845,57.6428,57.4584,57.231,56.9611,56.6498,56.2986,55.9101,55.4878,55.0359,54.5591,54.0623,53.5509,53.0296,52.5032,51.9758,51.451,50.932,50.4212,49.9205,49.4315,48.9553,48.4926,48.0439,47.6096,47.1897,46.7843,46.3933,46.0165,45.6538,45.3049,44.9697,44.6479,44.3393,44.0438,43.7612,43.4914,43.2342,42.9897,42.7577,42.5383,42.3314,42.1371,41.9556,41.7869,41.6312,41.4887,41.3596,41.2441,41.1427,41.0555,40.983,40.9256,40.8836,40.8577,40.8484,40.8561,40.8815,40.9252,40.988,41.0704,41.1734,41.2976,41.4439,41.613,41.8059,42.0233,42.2662,42.5352,42.8312,43.1549,43.5067,43.8873,44.2967,44.7351,45.2022,45.6974,46.2197,46.7674,47.3386,47.9303,48.5391,49.1606,49.7894,50.4193,51.0433,51.6532,52.2401,52.7945,53.3064,53.7654,54.1615,54.485,54.7272,54.8807,54.9396,54.9001,54.7604,54.521,54.1846,53.7559,53.2415,52.6493,51.9884,51.2685,50.4998,49.6921,48.8552,47.9981,47.1292,46.256,45.3848,44.5213,43.6702,42.8352,42.0193,41.225,40.4537,39.7066,38.9845,38.2876,37.6158,36.9689,36.3464,35.7477,35.1719,34.6183,34.0859,33.5738,33.081,32.6066,32.1497,31.7093,31.2845,30.8744,30.4782,30.0952,29.7244,29.3653,29.0171,28.6791,28.3508,28.0315,27.7208,27.4181,27.1229,26.8347,26.5533,26.2781,26.0088,25.7451,25.4866,25.233,24.9841,24.7397,
 ,99,27.7304,27.8618,27.9895,28.1136,28.234,28.3508,28.464,28.5735,28.6794,28.7817,28.8804,28.9757,29.0675,29.156,29.2412,29.3233,29.4023,29.4784,29.5517,29.6223,29.6904,29.756,29.8194,29.8807,29.94,29.9976,30.0536,30.1082,30.1615,30.2137,30.265,30.3156,30.3657,30.4154,30.4648,30.5143,30.5639,30.6139,30.6643,30.7155,30.7674,30.8205,30.8746,30.9301,30.9872,31.0458,31.1063,31.1687,31.2333,31.3001,31.3693,31.441,31.5154,31.5926,31.6728,31.7561,31.8425,31.9323,32.0256,32.1224,32.223,32.3273,32.4357,32.5481,32.6646,32.7855,32.9108,33.0406,33.175,33.3142,33.4583,33.6074,33.7615,33.9209,34.0856,34.2558,34.4316,34.613,34.8003,34.9935,35.1929,35.3984,35.6102,35.8285,36.0534,36.2851,36.5236,36.7692,37.0219,37.282,37.5496,37.8247,38.1077,38.3987,38.6977,39.005,39.3207,39.6451,39.9782,40.3201,40.6712,41.0313,41.4008,41.7797,42.1681,42.566,42.9736,43.3908,43.8175,44.2538,44.6994,45.1543,45.6181,46.0905,46.571,47.0593,47.5546,48.0562,48.5632,49.0746,49.5892,50.1056,50.6225,51.1381,51.6506,52.158,52.6584,53.1493,53.6286,54.0937,54.5424,54.9721,55.3807,55.7658,56.1254,56.4577,56.761,57.0339,57.2752,57.4841,57.6596,57.801,57.9075,57.978,58.0114,58.0062,57.9607,57.873,57.7412,57.5635,57.3389,57.0671,56.7489,56.3867,55.9838,55.545,55.0758,54.5822,54.0705,53.5466,53.0162,52.4841,51.9545,51.4309,50.9161,50.412,49.9202,49.4419,48.9778,48.5281,48.0933,47.6733,47.2679,46.8771,46.5007,46.1385,45.79,45.4553,45.1339,44.8258,44.5307,44.2484,43.979,43.7222,43.478,43.2464,43.0274,42.8211,42.6275,42.4468,42.279,42.1246,41.9836,41.8563,41.743,41.6442,41.5601,41.4912,41.438,41.4009,41.3806,41.3777,41.3928,41.4265,41.4797,41.5532,41.6477,41.7642,41.9036,42.0669,42.2551,42.4692,42.7103,42.9795,43.2777,43.6061,43.9656,44.357,44.7812,45.2387,45.7299,46.2548,46.8131,47.4039,48.0261,48.6775,49.3554,50.056,50.7746,51.5055,52.2417,52.975,53.6959,54.3941,55.0578,55.675,56.233,56.7192,57.1215,57.4288,57.6317,57.7226,57.6968,57.5519,57.2886,56.9103,56.4232,55.8356,55.1578,54.4011,53.5778,52.7004,51.7812,50.8319,49.8633,48.8853,47.9064,46.9342,45.9746,45.0329,44.1131,43.2181,42.3504,41.5112,40.7016,39.922,39.1723,38.4521,37.761,37.098,36.4622,35.8526,35.2679,34.7072,34.1691,33.6526,33.1564,32.6794,32.2206,31.7787,31.3529,30.9423,30.5457,30.1624,29.7917,29.4325,29.0844,28.7465,28.4183,28.0991,27.7883,27.4855,27.1902,26.9018,26.62,26.3444,26.0746,25.8103,25.5511,25.2967,25.047,
 ,98,28.1816,28.3156,28.4456,28.5719,28.6942,28.8126,28.9272,29.0379,29.1447,29.2476,29.3468,29.4423,29.5341,29.6223,29.7071,29.7884,29.8666,29.9416,30.0136,30.0827,30.1491,30.213,30.2744,30.3337,30.3908,30.4461,30.4997,30.5517,30.6024,30.6519,30.7005,30.7483,30.7956,30.8423,30.8889,30.9355,30.9822,31.0293,31.0768,31.1251,31.1742,31.2244,31.2758,31.3286,31.383,31.439,31.497,31.5569,31.6191,31.6836,31.7506,31.8201,31.8925,31.9678,32.0461,32.1276,32.2123,32.3005,32.3923,32.4878,32.587,32.6902,32.7975,32.9088,33.0245,33.1446,33.2692,33.3984,33.5323,33.6711,33.8148,33.9636,34.1176,34.2769,34.4416,34.6118,34.7876,34.9692,35.1566,35.35,35.5495,35.7553,35.9674,36.1859,36.411,36.6428,36.8814,37.127,37.3797,37.6396,37.9069,38.1817,38.464,38.7542,39.0522,39.3583,39.6726,39.9951,40.326,40.6655,41.0135,41.3704,41.736,42.1105,42.494,42.8864,43.2878,43.6981,44.1173,44.5452,44.9817,45.4266,45.8795,46.3401,46.8081,47.2828,47.7636,48.2498,48.7407,49.2351,49.732,50.2301,50.7282,51.2248,51.7182,52.2067,52.6885,53.1617,53.6243,54.0743,54.5097,54.9287,55.3294,55.71,56.069,56.4051,56.7171,57.004,57.2649,57.4992,57.7061,57.8848,58.0342,58.1529,58.2388,58.2892,58.301,58.2706,58.1939,58.0673,57.8877,57.6533,57.3639,57.0214,56.6295,56.1939,55.7212,55.2193,54.6958,54.1583,53.6134,53.0671,52.5243,51.9887,51.4633,50.9502,50.4509,49.9664,49.4972,49.0436,48.6057,48.1832,47.776,47.3838,47.0063,46.6431,46.294,45.9587,45.6369,45.3283,45.0328,44.7502,44.4804,44.2234,43.9789,43.7472,43.5281,43.3218,43.1285,42.9481,42.7811,42.6275,42.4876,42.3618,42.2504,42.1539,42.0726,42.0071,41.9579,41.9255,41.9107,41.9141,41.9365,41.9786,42.0414,42.1257,42.2325,42.3629,42.518,42.6989,42.9068,43.143,43.4089,43.7057,44.0348,44.3975,44.7951,45.229,45.7002,46.2097,46.7583,47.3465,47.9743,48.6412,49.3464,50.088,50.8632,51.6685,52.4988,53.3478,54.2078,55.0694,55.9217,56.7523,57.5473,58.2917,58.97,59.5663,60.0654,60.4531,60.7172,60.848,60.8393,60.6881,60.3952,59.9653,59.4062,58.7288,57.9463,57.0731,56.1248,55.1169,54.0646,52.9822,51.8825,50.7771,49.676,48.5875,47.5184,46.4741,45.4589,44.4756,43.5264,42.6125,41.7344,40.8922,40.0854,39.3132,38.5747,37.8686,37.1936,36.5482,35.9311,35.3407,34.7756,34.2343,33.7155,33.2179,32.74,32.2807,31.8389,31.4134,31.0031,30.6071,30.2245,29.8544,29.4959,29.1484,28.8111,28.4833,28.1644,27.8539,27.5513,27.256,26.9676,26.6856,26.4097,26.1394,25.8745,25.6147,25.3596,
 ,97,28.6474,28.7841,28.9166,29.0451,29.1694,29.2895,29.4055,29.5173,29.625,29.7286,29.8282,29.9238,30.0154,30.1033,30.1875,30.2681,30.3452,30.4189,30.4895,30.557,30.6216,30.6834,30.7427,30.7997,30.8544,30.9071,30.9581,31.0074,31.0552,31.1018,31.1474,31.1922,31.2364,31.28,31.3235,31.3669,31.4105,31.4544,31.4989,31.5441,31.5901,31.6373,31.6857,31.7356,31.7871,31.8404,31.8956,31.9529,32.0125,32.0745,32.1391,32.2064,32.2765,32.3497,32.426,32.5056,32.5886,32.6751,32.7653,32.8593,32.9572,33.0591,33.1651,33.2755,33.3903,33.5095,33.6334,33.7619,33.8953,34.0337,34.1771,34.3257,34.4795,34.6387,34.8034,34.9737,35.1496,35.3314,35.5191,35.7128,35.9126,36.1187,36.3311,36.55,36.7755,37.0076,37.2466,37.4924,37.7453,38.0053,38.2726,38.5472,38.8294,39.1191,39.4166,39.7219,40.0351,40.3563,40.6856,41.0232,41.3691,41.7232,42.0858,42.4569,42.8363,43.2242,43.6206,44.0253,44.4382,44.8592,45.2881,45.7248,46.1687,46.6196,47.0771,47.5407,48.0097,48.4834,48.961,49.4417,49.9244,50.408,50.8913,51.3729,51.8515,52.3255,52.7934,53.2535,53.7042,54.1438,54.5709,54.9838,55.3811,55.7617,56.1244,56.4684,56.7929,57.0975,57.3818,57.6453,57.8877,58.1081,58.3053,58.4775,58.622,58.7347,58.8108,58.8444,58.8289,58.758,58.6258,58.4283,58.1642,57.8346,57.444,56.9995,56.5101,55.9857,55.4365,54.8719,54.3004,53.729,53.1631,52.6072,52.0641,51.536,51.0241,50.5291,50.0513,49.5907,49.147,48.7199,48.3089,47.9136,47.5335,47.1682,46.8173,46.4803,46.1571,45.8472,45.5505,45.2669,44.9961,44.7381,44.4929,44.2604,44.0407,43.834,43.6404,43.46,43.2931,43.14,43.0009,42.8762,42.7664,42.6718,42.5931,42.5307,42.4852,42.4574,42.4479,42.4575,42.4871,42.5375,42.6099,42.7051,42.8244,42.9689,43.14,43.339,43.5673,43.8265,44.1181,44.4439,44.8054,45.2044,45.6426,46.1217,46.6434,47.209,47.82,48.4772,49.1814,49.9325,50.7302,51.5729,52.4583,53.3827,54.3412,55.327,56.3314,57.3441,58.3522,59.3412,60.2943,61.1932,62.0185,62.7504,63.3692,63.8569,64.1974,64.3783,64.3911,64.2321,63.9025,63.4082,62.7597,61.9712,61.0597,60.0439,58.9436,57.7782,56.5664,55.3256,54.0714,52.817,51.5741,50.3518,49.1577,47.9973,46.8749,45.7932,44.7539,43.7578,42.8049,41.8948,41.0264,40.1984,39.4093,38.6574,37.941,37.2581,36.6069,35.9856,35.3924,34.8256,34.2835,33.7646,33.2673,32.7902,32.332,31.8914,31.4672,31.0583,30.6637,30.2825,29.9136,29.5563,29.2099,28.8735,28.5465,28.2283,27.9183,27.616,27.3209,27.0324,26.7504,26.4742,26.2035,25.9381,25.6776,
 ,96,29.1286,29.268,29.4031,29.5339,29.6602,29.7821,29.8995,30.0125,30.1211,30.2253,30.3252,30.4209,30.5124,30.5998,30.6833,30.7629,30.8388,30.9111,30.9801,31.0457,31.1083,31.168,31.2249,31.2794,31.3314,31.3814,31.4294,31.4757,31.5204,31.5639,31.6063,31.6477,31.6885,31.7289,31.7689,31.809,31.8491,31.8897,31.9308,31.9726,32.0154,32.0594,32.1046,32.1513,32.1997,32.25,32.3023,32.3568,32.4136,32.473,32.535,32.5998,32.6676,32.7386,32.8127,32.8903,32.9713,33.056,33.1445,33.237,33.3334,33.434,33.5389,33.6482,33.7619,33.8803,34.0034,34.1313,34.2642,34.4021,34.5452,34.6935,34.8472,35.0064,35.1711,35.3415,35.5177,35.6997,35.8878,36.0819,36.2822,36.4887,36.7016,36.9211,37.1471,37.3797,37.6192,37.8656,38.1189,38.3793,38.6469,38.9218,39.204,39.4938,39.7911,40.096,40.4086,40.7291,41.0574,41.3937,41.738,42.0903,42.4506,42.819,43.1954,43.5799,43.9723,44.3725,44.7805,45.196,45.6189,46.0489,46.4857,46.9289,47.3781,47.8328,48.2924,48.7562,49.2235,49.6935,50.1652,50.6376,51.1096,51.5801,52.0478,52.5113,52.9694,53.4207,53.8637,54.2973,54.7202,55.1312,55.5293,55.9138,56.2841,56.6398,56.9807,57.3068,57.6183,57.9153,58.1979,58.4656,58.7172,58.9507,59.1626,59.3478,59.4992,59.6081,59.6646,59.6582,59.5794,59.4208,59.1789,58.8547,58.4535,57.9851,57.4617,56.8969,56.3043,55.6962,55.0832,54.4737,53.8738,53.2881,52.7196,52.1699,51.64,51.1302,50.6401,50.1694,49.7174,49.2835,48.8668,48.4668,48.0827,47.714,47.36,47.0205,46.6949,46.3829,46.0843,45.7988,45.5263,45.2668,45.0201,44.7864,44.5656,44.3579,44.1635,43.9826,43.8154,43.6623,43.5235,43.3996,43.2909,43.1981,43.1215,43.0619,43.0199,42.9964,42.9919,43.0076,43.0442,43.1029,43.1847,43.2909,43.4228,43.5816,43.769,43.9865,44.2358,44.5187,44.8371,45.193,45.5884,46.0256,46.5067,47.034,47.6095,48.2355,48.9139,49.6463,50.4342,51.2782,52.1786,53.1347,54.1443,55.2045,56.3101,57.4541,58.6274,59.818,61.0116,62.1906,63.3351,64.4226,65.4288,66.3285,67.0967,67.7096,68.1464,68.3905,68.4307,68.262,67.8861,67.3109,66.5503,65.6232,64.5517,63.3602,62.0738,60.7172,59.3136,57.884,56.4469,55.0181,53.6105,52.2343,50.8976,49.6059,48.3632,47.1719,46.033,44.9468,43.9125,42.9288,41.9942,41.1066,40.2638,39.4635,38.7034,37.9812,37.2945,36.6411,36.0189,35.4258,34.8598,34.3191,33.802,33.3068,32.8319,32.376,31.9377,31.5159,31.1092,30.7167,30.3374,29.9703,29.6147,29.2696,28.9345,28.6085,28.2912,27.9819,27.68,27.3851,27.0968,26.8147,26.5383,26.2672,26.0013,
 ,95,29.6258,29.7682,29.906,30.0391,30.1675,30.2912,30.4101,30.5243,30.6337,30.7385,30.8387,30.9344,31.0256,31.1124,31.1951,31.2736,31.3482,31.4189,31.486,31.5497,31.61,31.6672,31.7216,31.7733,31.8224,31.8693,31.9142,31.9572,31.9986,32.0386,32.0774,32.1153,32.1525,32.1892,32.2256,32.262,32.2985,32.3354,32.3729,32.4111,32.4504,32.4908,32.5326,32.576,32.6212,32.6682,32.7174,32.7688,32.8227,32.8792,32.9385,33.0007,33.066,33.1345,33.2064,33.2818,33.3608,33.4437,33.5304,33.6211,33.716,33.8152,33.9188,34.0269,34.1396,34.2571,34.3794,34.5067,34.639,34.7765,34.9192,35.0673,35.221,35.3801,35.545,35.7156,35.892,36.0744,36.2628,36.4575,36.6583,36.8655,37.0791,37.2992,37.526,37.7594,37.9996,38.2467,38.5007,38.7619,39.0301,39.3055,39.5882,39.8783,40.1758,40.4809,40.7935,41.1137,41.4416,41.7773,42.1206,42.4717,42.8306,43.1972,43.5716,43.9535,44.3431,44.74,45.1443,45.5558,45.9742,46.3992,46.8305,47.2679,47.7108,48.1588,48.6113,49.0677,49.5274,49.9894,50.4531,50.9175,51.3816,51.8444,52.3047,52.7615,53.2136,53.6598,54.0992,54.5306,54.9532,55.3661,55.7688,56.1608,56.5422,56.9131,57.2738,57.6252,57.9681,58.3033,58.6316,58.9533,59.2677,59.5727,59.8646,60.1367,60.3799,60.5816,60.7272,60.8005,60.7859,60.6713,60.4498,60.1216,59.6943,59.1816,58.6012,57.9723,57.3136,56.6412,55.9685,55.3053,54.6585,54.0326,53.4301,52.852,52.2986,51.7694,51.2634,50.7795,50.3167,49.8738,49.4497,49.0434,48.654,48.2806,47.9227,47.5795,47.2507,46.9357,46.6343,46.3463,46.0715,45.8097,45.561,45.3254,45.1029,44.8937,44.6981,44.5161,44.3481,44.1945,44.0557,43.9321,43.8242,43.7326,43.6578,43.6007,43.5619,43.5423,43.5426,43.5641,43.6076,43.6743,43.7656,43.8827,44.027,44.2003,44.4042,44.6405,44.9113,45.2185,45.5645,45.9517,46.3825,46.8597,47.3859,47.9641,48.597,49.2876,50.0386,50.8526,51.7318,52.678,53.6923,54.7748,55.9246,57.1389,58.4132,59.7405,61.1111,62.5119,63.9265,65.3343,66.7115,68.0304,69.2605,70.3697,71.3255,72.0968,72.6559,72.9807,73.0559,72.875,72.4401,71.7621,70.8597,69.7581,68.4865,67.0769,65.5616,63.9718,62.3363,60.6807,59.0271,57.3936,55.7946,54.2415,52.7422,51.3022,49.9248,48.6119,47.3634,46.1786,45.0559,43.993,42.9875,42.0363,41.1366,40.2854,39.4797,38.7164,37.9929,37.3064,36.6543,36.0342,35.4438,34.8809,34.3436,33.83,33.3383,32.867,32.4145,31.9795,31.5608,31.157,30.7672,30.3904,30.0255,29.6718,29.3284,28.9948,28.67,28.3537,28.0451,27.7438,27.4492,27.161,26.8788,26.6021,26.3306,
 ,94,30.1399,30.2854,30.426,30.5616,30.6922,30.8176,30.9381,31.0534,31.1638,31.2691,31.3695,31.4651,31.5559,31.6421,31.7238,31.801,31.8741,31.943,32.0081,32.0695,32.1274,32.1819,32.2334,32.2821,32.328,32.3716,32.413,32.4524,32.4901,32.5264,32.5614,32.5955,32.6288,32.6615,32.694,32.7264,32.7589,32.7919,32.8255,32.8599,32.8954,32.932,32.9702,33.0099,33.0515,33.0952,33.141,33.1892,33.24,33.2934,33.3498,33.4092,33.4718,33.5378,33.6072,33.6803,33.7572,33.838,33.9228,34.0117,34.105,34.2027,34.3049,34.4118,34.5234,34.64,34.7614,34.888,35.0198,35.1569,35.2993,35.4472,35.6008,35.76,35.9249,36.0958,36.2726,36.4555,36.6445,36.8397,37.0413,37.2492,37.4637,37.6847,37.9123,38.1467,38.3879,38.636,38.891,39.1531,39.4222,39.6986,39.9822,40.273,40.5712,40.8769,41.19,41.5105,41.8386,42.1742,42.5173,42.868,43.2262,43.5919,43.965,44.3455,44.7333,45.1281,45.53,45.9387,46.354,46.7756,47.2032,47.6365,48.075,48.5184,48.9661,49.4174,49.8719,50.3287,50.7872,51.2465,51.7057,52.164,52.6204,53.0738,53.5234,53.9683,54.4075,54.8402,55.266,55.6842,56.0948,56.4978,56.8936,57.2829,57.6669,58.0473,58.4257,58.8041,59.1843,59.5679,59.9552,60.3448,60.7331,61.1125,61.471,61.7917,62.0528,62.23,62.2984,62.2376,62.0356,61.6914,61.216,60.6304,59.9609,59.2358,58.4809,57.7178,56.9629,56.2275,55.519,54.8411,54.1954,53.5817,52.9991,52.446,51.9205,51.4206,50.9447,50.4909,50.0576,49.6436,49.2475,48.8684,48.5053,48.1576,47.8247,47.5059,47.201,46.9098,46.6319,46.3673,46.1159,45.8778,45.653,45.4418,45.2443,45.0607,44.8915,44.737,44.5976,44.4738,44.3662,44.2754,44.2021,44.147,44.111,44.0949,44.0998,44.1267,44.1768,44.2514,44.3518,44.4797,44.6366,44.8243,45.0448,45.3001,45.5926,45.9247,46.2991,46.7184,47.1859,47.7048,48.2783,48.91,49.6037,50.3631,51.1919,52.0939,53.0724,54.1305,55.2704,56.4939,57.801,59.1902,60.6577,62.1971,63.7984,65.4475,67.126,68.8102,70.4713,72.0755,73.5845,74.957,76.1507,77.1241,77.8403,78.269,78.3896,78.193,77.6822,76.8721,75.7885,74.4651,72.9413,71.259,69.4602,67.5845,65.6678,63.7412,61.8306,59.9568,58.1357,56.3791,54.6948,53.0876,51.5599,50.1123,48.7435,47.4514,46.2332,45.0853,44.0041,42.9856,42.0261,41.1215,40.2681,39.4624,38.7008,37.9802,37.2975,36.6499,36.0346,35.4492,34.8915,34.3593,33.8507,33.3639,32.8973,32.4492,32.0183,31.6033,31.203,30.8164,30.4424,30.08,29.7285,29.3871,29.055,28.7316,28.4162,28.1085,27.8077,27.5134,27.2253,26.943,26.666,
 ,93,30.6717,30.8205,30.9641,31.1022,31.235,31.3624,31.4844,31.601,31.7122,31.818,31.9186,32.014,32.1043,32.1896,32.2701,32.346,32.4173,32.4843,32.5471,32.606,32.6611,32.7127,32.7611,32.8064,32.8488,32.8888,32.9264,32.962,32.9957,33.0279,33.0588,33.0886,33.1177,33.1462,33.1744,33.2026,33.2309,33.2596,33.289,33.3193,33.3506,33.3833,33.4175,33.4534,33.4912,33.5311,33.5734,33.6182,33.6655,33.7158,33.769,33.8255,33.8852,33.9484,34.0153,34.0859,34.1605,34.2391,34.3219,34.409,34.5006,34.5967,34.6975,34.803,34.9135,35.029,35.1497,35.2755,35.4067,35.5433,35.6855,35.8332,35.9867,36.146,36.3112,36.4824,36.6597,36.8431,37.0327,37.2287,37.4311,37.64,37.8555,38.0776,38.3063,38.5419,38.7843,39.0336,39.2899,39.5533,39.8237,40.1013,40.3861,40.6782,40.9775,41.2842,41.5983,41.9197,42.2485,42.5847,42.9283,43.2793,43.6376,44.0032,44.3761,44.756,45.1431,45.537,45.9377,46.3449,46.7585,47.1781,47.6036,48.0346,48.4706,48.9114,49.3563,49.8048,50.2565,50.7106,51.1666,51.6235,52.0808,52.5376,52.9931,53.4464,53.8969,54.3436,54.786,55.2234,55.6556,56.0824,56.504,56.9209,57.3341,57.7449,58.1555,58.5682,58.9862,59.4128,59.8516,60.3059,60.7781,61.2685,61.7744,62.288,62.7949,63.2725,63.6897,64.0092,64.1913,64.202,64.0198,63.6425,63.0871,62.3867,61.5825,60.7163,59.8249,58.9367,58.0718,57.2426,56.4554,55.7127,55.0141,54.3575,53.7401,53.1588,52.6104,52.092,51.6007,51.1341,50.6902,50.2672,49.8633,49.4774,49.1083,48.7552,48.4172,48.0939,47.7848,47.4896,47.2079,46.9398,46.6851,46.4439,46.2162,46.0023,45.8024,45.6167,45.4457,45.2897,45.1492,45.0248,44.917,44.8266,44.7542,44.7007,44.6671,44.6542,44.6631,44.6951,44.7515,44.8336,44.943,45.0814,45.2506,45.4526,45.6897,45.9641,46.2786,46.6359,47.0391,47.4916,47.9968,48.5587,49.1814,49.8692,50.6268,51.4591,52.3709,53.3673,54.4531,55.6332,56.9114,58.2911,59.7743,61.3611,63.0494,64.8337,66.7044,68.647,70.6411,72.6599,74.6689,76.6268,78.4853,80.1913,81.689,82.923,83.8429,84.4071,84.5871,84.3701,83.7603,82.7788,81.4609,79.853,78.0084,75.9828,73.8309,71.6032,69.3444,67.0919,64.8761,62.7203,60.6415,58.6514,56.7571,54.9622,53.2673,51.6712,50.1709,48.7625,47.4415,46.2029,45.0415,43.9521,42.9299,41.9697,41.067,40.2175,39.4169,38.6614,37.9475,37.2719,36.6315,36.0234,35.4452,34.8944,34.3689,33.8666,33.3857,32.9246,32.4816,32.0555,31.6448,31.2484,30.8652,30.4943,30.1347,29.7855,29.4461,29.1157,28.7936,28.4793,28.1723,27.872,27.578,27.2899,27.0074,
 ,92,31.2223,31.3745,31.5211,31.662,31.7971,31.9265,32.0501,32.1678,32.2798,32.3861,32.4868,32.5819,32.6716,32.7559,32.8351,32.9093,32.9787,33.0435,33.1038,33.1599,33.212,33.2604,33.3053,33.3469,33.3856,33.4216,33.4551,33.4864,33.5159,33.5436,33.5701,33.5953,33.6198,33.6437,33.6673,33.6909,33.7147,33.7389,33.7638,33.7896,33.8166,33.8449,33.8748,33.9066,33.9404,33.9764,34.0148,34.0558,34.0997,34.1464,34.1964,34.2496,34.3063,34.3667,34.4308,34.4988,34.5709,34.6472,34.7279,34.813,34.9027,34.9972,35.0964,35.2007,35.3099,35.4244,35.5441,35.6692,35.7999,35.936,36.0779,36.2255,36.379,36.5384,36.7039,36.8755,37.0533,37.2373,37.4277,37.6246,37.828,38.038,38.2546,38.4779,38.7081,38.945,39.1889,39.4398,39.6976,39.9626,40.2346,40.5138,40.8003,41.094,41.3949,41.7031,42.0186,42.3415,42.6716,43.0091,43.3539,43.7059,44.0651,44.4315,44.8049,45.1854,45.5727,45.9668,46.3675,46.7745,47.1878,47.607,48.0319,48.4622,48.8975,49.3375,49.7816,50.2295,50.6807,51.1345,51.5904,52.0477,52.5059,52.9641,53.4217,53.878,54.3323,54.784,55.2328,55.6781,56.1198,56.5582,56.9938,57.4274,57.8607,58.2958,58.7356,59.1839,59.6452,60.1249,60.6289,61.1633,61.7337,62.3438,62.9937,63.6768,64.3774,65.0667,65.701,66.2232,66.5695,66.6818,66.5225,66.0862,65.4015,64.5231,63.517,62.4468,61.3647,60.3077,59.299,58.3504,57.466,56.6449,55.8835,55.1768,54.5195,53.9061,53.3319,52.7925,52.284,51.8032,51.3474,50.9141,50.5014,50.1077,49.7317,49.3723,49.0287,48.7001,48.386,48.086,47.8,47.5276,47.269,47.024,46.7928,46.5757,46.3727,46.1843,46.0109,45.8529,45.7108,45.5851,45.4767,45.386,45.3141,45.2618,45.23,45.2198,45.2324,45.269,45.3312,45.4205,45.5385,45.6871,45.8683,46.0845,46.3379,46.6314,46.9679,47.3506,47.783,48.269,48.8129,49.419,50.0925,50.8386,51.6631,52.5719,53.5716,54.6688,55.87,57.1821,58.6114,60.1635,61.8429,63.6523,65.5919,67.6582,69.8431,72.1323,74.5043,76.9287,79.3653,81.7636,84.063,86.1948,88.0847,89.658,90.8452,91.5882,91.8467,91.6027,90.8623,89.6553,88.0314,86.055,83.799,81.338,78.7438,76.0809,73.4046,70.7598,68.1814,65.6949,63.3177,61.0606,58.9289,56.9238,55.0439,53.285,51.6418,50.1082,48.6773,47.3424,46.0965,44.933,43.8455,42.8278,41.8743,40.9798,40.1394,39.3486,38.6031,37.8993,37.2336,36.6028,36.0041,35.4347,34.8923,34.3746,33.8797,33.4056,32.9507,32.5134,32.0924,31.6864,31.2942,30.9148,30.5471,30.1903,29.8435,29.5061,29.1774,28.8566,28.5433,28.237,27.9371,27.6433,27.3551,
 ,91,31.7925,31.9483,32.0982,32.2419,32.3794,32.5108,32.636,32.755,32.8678,32.9745,33.0751,33.1699,33.2588,33.342,33.4197,33.4921,33.5593,33.6215,33.6791,33.7321,33.7809,33.8258,33.8669,33.9045,33.939,33.9707,33.9997,34.0265,34.0512,34.0742,34.0957,34.1161,34.1357,34.1546,34.1733,34.1919,34.2107,34.2301,34.2501,34.2711,34.2934,34.3172,34.3426,34.3699,34.3994,34.4312,34.4655,34.5026,34.5426,34.5857,34.6321,34.6819,34.7354,34.7926,34.8538,34.9191,34.9886,35.0625,35.1409,35.2239,35.3116,35.4043,35.502,35.6048,35.7128,35.8262,35.945,36.0693,36.1993,36.335,36.4766,36.6241,36.7776,36.9373,37.1031,37.2751,37.4535,37.6383,37.8296,38.0275,38.232,38.4433,38.6612,38.886,39.1177,39.3563,39.6019,39.8546,40.1143,40.3812,40.6552,40.9364,41.2249,41.5206,41.8235,42.1338,42.4513,42.7762,43.1083,43.4476,43.7942,44.148,44.5089,44.8769,45.2519,45.6338,46.0224,46.4177,46.8195,47.2276,47.6419,48.0621,48.488,48.9192,49.3555,49.7965,50.2419,50.6912,51.1441,51.5999,52.0582,52.5184,52.98,53.4425,53.905,54.3672,54.8285,55.2884,55.7465,56.2028,56.6571,57.11,57.5623,58.0153,58.4712,58.9328,59.4043,59.8907,60.3984,60.9353,61.5105,62.1342,62.8169,63.5677,64.3926,65.2898,66.2447,67.2231,68.1656,68.9857,69.5791,69.8449,69.7153,69.179,68.2866,67.1323,65.8248,64.462,63.117,61.8362,60.6434,59.547,58.5456,57.6326,56.7992,56.036,55.3341,54.6855,54.083,53.5208,52.9937,52.4975,52.0286,51.5841,51.1618,50.7595,50.3758,50.0094,49.6593,49.3246,49.0048,48.6995,48.4084,48.1311,47.8679,47.6185,47.3832,47.1621,46.9555,46.7638,46.5874,46.4267,46.2824,46.155,46.0452,45.9539,45.8818,45.8301,45.7996,45.7916,45.8073,45.8481,45.9157,46.0116,46.1377,46.2961,46.4889,46.7188,46.9884,47.3007,47.659,48.0671,48.5288,49.0487,49.6317,50.283,51.0085,51.8147,52.7085,53.6974,54.7894,55.9932,57.3176,58.7718,60.3651,62.1061,64.0029,66.0615,68.2858,70.6757,73.2259,75.9237,78.7476,81.6643,84.6278,87.5768,90.4356,93.1149,95.5157,97.5356,99.0777,100.06,100.424,100.144,99.2283,97.7209,95.6924,93.2336,90.4453,87.4284,84.2773,81.0745,77.8879,74.7708,71.7622,68.8887,66.1672,63.6058,61.2069,58.9682,56.8845,54.9482,53.1509,51.4833,49.9359,48.4996,47.1653,45.9246,44.7696,43.6929,42.6876,41.7474,40.8667,40.0401,39.263,38.5309,37.84,37.1866,36.5674,35.9797,35.4206,34.8877,34.3788,33.8919,33.4253,32.9771,32.5459,32.1304,31.7293,31.3415,30.9658,30.6014,30.2475,29.9031,29.5677,29.2405,28.921,28.6086,28.3028,28.0031,27.7093,
 ,90,32.3834,32.5431,32.6963,32.843,32.9831,33.1165,33.2434,33.3635,33.4771,33.5842,33.6848,33.779,33.867,33.9489,34.0249,34.0952,34.1599,34.2194,34.2739,34.3236,34.3687,34.4096,34.4466,34.4799,34.5098,34.5368,34.561,34.5827,34.6024,34.6202,34.6365,34.6516,34.6658,34.6794,34.6927,34.706,34.7195,34.7336,34.7484,34.7643,34.7816,34.8003,34.8209,34.8435,34.8683,34.8957,34.9256,34.9585,34.9944,35.0336,35.0762,35.1225,35.1725,35.2265,35.2846,35.3469,35.4136,35.4849,35.5609,35.6417,35.7274,35.8182,35.9142,36.0155,36.1222,36.2344,36.3522,36.4758,36.6052,36.7405,36.8818,37.0292,37.1828,37.3426,37.5088,37.6814,37.8605,38.0461,38.2385,38.4375,38.6433,38.856,39.0755,39.302,39.5354,39.7759,40.0235,40.2782,40.5401,40.8093,41.0856,41.3692,41.6601,41.9583,42.2637,42.5765,42.8966,43.224,43.5586,43.9005,44.2496,44.6059,44.9693,45.3397,45.7171,46.1013,46.4923,46.8899,47.2941,47.7045,48.1211,48.5436,48.9719,49.4056,49.8446,50.2885,50.7369,51.1897,51.6462,52.1063,52.5693,53.035,53.5028,53.9721,54.4425,54.9136,55.3848,55.8559,56.3266,56.7967,57.2666,57.7368,58.2085,58.6834,59.1641,59.6543,60.1592,60.6855,61.2417,61.8387,62.4898,63.2106,64.0185,64.9316,65.9658,67.1298,68.4164,69.7907,71.1753,72.4421,73.4193,73.9281,73.8415,73.1376,71.9096,70.326,68.5698,66.7912,65.09,63.5188,62.0969,60.823,59.6853,58.668,57.7546,56.9298,56.1801,55.4939,54.8616,54.2754,53.7287,53.2162,52.7335,52.2772,51.8444,51.4329,51.0409,50.6667,50.3094,49.968,49.6419,49.3304,49.0335,48.7507,48.4821,48.2277,47.9875,47.7619,47.5511,47.3554,47.1753,47.0114,46.8642,46.7344,46.6227,46.5301,46.4573,46.4055,46.3758,46.3693,46.3876,46.432,46.5043,46.6063,46.7399,46.9075,47.1115,47.3546,47.6398,47.9705,48.3504,48.7835,49.2744,49.8282,50.4505,51.1474,51.9259,52.7934,53.7585,54.8302,56.0184,57.3341,58.7888,60.3947,62.1645,64.111,66.2466,68.5825,71.1275,73.8867,76.8596,80.0375,83.4007,86.9148,90.5281,94.1681,97.7402,101.129,104.201,106.816,108.835,110.141,110.648,110.319,109.166,107.253,104.684,101.587,98.1039,94.3726,90.5174,86.6432,82.8328,79.1476,75.6297,72.3054,69.1883,66.2823,63.5846,61.0878,58.7815,56.6536,54.6912,52.8813,51.2113,49.6691,48.2432,46.9231,45.699,44.5621,43.5042,42.518,41.5967,40.7345,39.9257,39.1656,38.4496,37.7739,37.1347,36.5288,35.9533,35.4054,34.8829,34.3835,33.9053,33.4464,33.0053,32.5805,32.1706,31.7745,31.391,31.0192,30.658,30.3068,29.9647,29.6311,29.3054,28.9869,28.6752,28.3698,28.0703,
 ,89,32.9962,33.1599,33.3167,33.4664,33.6092,33.7448,33.8734,33.9948,34.1091,34.2164,34.3168,34.4104,34.4973,34.5777,34.6517,34.7197,34.7817,34.8382,34.8892,34.9351,34.9763,35.0129,35.0454,35.0739,35.0989,35.1207,35.1396,35.1559,35.17,35.1822,35.1928,35.2022,35.2107,35.2185,35.226,35.2336,35.2415,35.2499,35.2591,35.2696,35.2814,35.2948,35.3102,35.3278,35.3477,35.3702,35.3955,35.4239,35.4555,35.4905,35.5291,35.5715,35.6179,35.6684,35.7232,35.7824,35.8462,35.9148,35.9882,36.0666,36.1502,36.239,36.3332,36.4329,36.5382,36.6492,36.766,36.8888,37.0175,37.1524,37.2934,37.4407,37.5944,37.7546,37.9212,38.0944,38.2743,38.461,38.6544,38.8548,39.062,39.2762,39.4975,39.7258,39.9613,40.204,40.4538,40.7109,40.9753,41.247,41.526,41.8123,42.1061,42.4072,42.7156,43.0314,43.3546,43.6851,44.0229,44.368,44.7203,45.0798,45.4464,45.8202,46.2008,46.5884,46.9827,47.3837,47.7912,48.2052,48.6253,49.0515,49.4837,49.9214,50.3647,50.8131,51.2665,51.7246,52.187,52.6535,53.1236,53.5971,54.0736,54.5526,55.0337,55.5166,56.0009,56.4863,56.9726,57.4599,57.9484,58.4389,58.9327,59.4318,59.9393,60.4596,60.9991,61.566,62.1714,62.8296,63.5587,64.3814,65.3243,66.4182,67.6953,69.1833,70.8939,72.8026,74.8196,76.7612,78.3461,79.2513,79.2329,78.2469,76.4731,74.222,71.8037,69.4452,67.2733,65.3374,63.6402,62.161,60.8708,59.7398,58.7412,57.8518,57.0525,56.3278,55.6651,55.0545,54.4877,53.9585,53.4617,52.993,52.5494,52.1281,51.727,51.3445,50.9794,50.6306,50.2974,49.9793,49.6758,49.3868,49.1122,48.852,48.6063,48.3754,48.1596,47.9593,47.7749,47.6071,47.4563,47.3235,47.2093,47.1146,47.0405,46.988,46.9584,46.9529,46.973,47.0204,47.0968,47.2042,47.3447,47.5208,47.7353,47.9909,48.2911,48.6395,49.0403,49.4979,50.0175,50.6049,51.2662,52.0088,52.8405,53.7702,54.8078,55.9643,57.2518,58.6837,60.2748,62.041,63.9991,66.167,68.5628,71.2043,74.1074,77.2849,80.7441,84.4831,88.4875,92.7248,97.1396,101.648,106.134,110.447,114.41,117.825,120.495,122.245,122.951,122.554,121.074,118.606,115.303,111.353,106.957,102.303,97.5549,92.8451,88.2726,83.9061,79.7883,75.9415,72.3732,69.0798,66.0509,63.2715,60.7243,58.3911,56.2536,54.2943,52.4966,50.8448,49.3248,47.9236,46.6295,45.4319,44.3213,43.289,42.3275,41.4298,40.5899,39.8021,39.0616,38.3639,37.7051,37.0815,36.4899,35.9276,35.3918,34.8802,34.3907,33.9214,33.4706,33.0367,32.6183,32.214,31.8228,31.4436,31.0754,30.7174,30.3688,30.0288,29.6969,29.3724,29.0548,28.7436,28.4383,
 ,88,33.6321,33.8,33.9605,34.1136,34.2591,34.397,34.5272,34.6499,34.7649,34.8724,34.9725,35.0653,35.1509,35.2295,35.3014,35.3667,35.4258,35.4788,35.5261,35.5679,35.6047,35.6366,35.6641,35.6874,35.707,35.7232,35.7363,35.7468,35.7549,35.761,35.7655,35.7687,35.7709,35.7725,35.7739,35.7753,35.777,35.7793,35.7826,35.7872,35.7932,35.801,35.8109,35.823,35.8377,35.8551,35.8754,35.899,35.926,35.9565,35.9909,36.0292,36.0717,36.1185,36.1698,36.2257,36.2864,36.3521,36.4228,36.4987,36.58,36.6668,36.7591,36.8571,36.961,37.0707,37.1864,37.3083,37.4364,37.5708,37.7116,37.8589,38.0127,38.1732,38.3404,38.5143,38.6951,38.8828,39.0775,39.2793,39.4881,39.7042,39.9274,40.1578,40.3955,40.6406,40.893,41.1527,41.4199,41.6945,41.9766,42.2661,42.5631,42.8675,43.1794,43.4988,43.8256,44.1598,44.5014,44.8503,45.2065,45.57,45.9407,46.3184,46.7033,47.095,47.4937,47.8991,48.3111,48.7297,49.1547,49.5859,50.0233,50.4666,50.9157,51.3704,51.8305,52.2958,52.7661,53.2411,53.7207,54.2045,54.6923,55.1837,55.6784,56.1762,56.6767,57.1797,57.6851,58.1928,58.7033,59.2172,59.7359,60.2617,60.7979,61.3496,61.924,62.5312,63.1846,63.9024,64.7081,65.6324,66.7137,67.9995,69.5451,71.4091,73.6397,76.2459,79.145,82.093,84.6392,86.1983,86.2925,84.8324,82.1752,78.9008,75.5309,72.3914,69.6237,67.251,65.2392,63.5346,62.0822,60.8336,59.7484,58.7943,57.9461,57.1835,56.4909,55.8562,55.2697,54.7239,54.2127,53.7316,53.2767,52.8451,52.4346,52.0433,51.6697,51.3129,50.972,50.6464,50.3358,50.0398,49.7585,49.4918,49.2399,49.003,48.7815,48.5759,48.3865,48.214,48.059,47.9224,47.805,47.7076,47.6314,47.5775,47.5473,47.542,47.5633,47.6128,47.6926,47.8046,47.9513,48.1352,48.3592,48.6266,48.941,49.3063,49.7271,50.2084,50.7559,51.376,52.0759,52.8635,53.7481,54.7399,55.8505,57.0928,58.4815,60.0329,61.7652,63.6986,65.8552,68.2589,70.9349,73.9096,77.2087,80.8556,84.8691,89.2589,94.021,99.1297,104.53,110.13,115.788,121.314,126.468,130.972,134.54,136.912,137.896,137.403,135.465,132.225,127.917,122.818,117.213,111.361,105.479,99.7307,94.2307,89.0516,84.2316,79.7844,75.7061,71.9816,68.5892,65.5036,62.6986,60.1481,57.8273,55.7128,53.7834,52.0197,50.4041,48.9212,47.5569,46.2987,45.1357,44.058,43.0568,42.1244,41.2539,40.4392,39.6748,38.9559,38.278,37.6373,37.0302,36.4538,35.9052,35.3818,34.8815,34.4021,33.9419,33.4991,33.0723,32.6602,32.2614,31.875,31.4999,31.1352,30.7801,30.4338,30.0957,29.7652,29.4416,29.1246,28.8136,
 ,87,34.2922,34.4646,34.6291,34.7856,34.934,35.0743,35.2063,35.3301,35.4458,35.5535,35.6531,35.7449,35.8291,35.9058,35.9752,36.0376,36.0933,36.1425,36.1857,36.223,36.2548,36.2816,36.3037,36.3214,36.3351,36.3452,36.352,36.3561,36.3577,36.3572,36.3551,36.3516,36.3471,36.342,36.3367,36.3314,36.3266,36.3225,36.3194,36.3176,36.3174,36.3192,36.3231,36.3295,36.3385,36.3505,36.3655,36.384,36.4061,36.4319,36.4618,36.4957,36.5341,36.577,36.6245,36.677,36.7344,36.797,36.8649,36.9382,37.017,37.1016,37.1919,37.2882,37.3905,37.4989,37.6135,37.7345,37.862,37.9959,38.1365,38.2837,38.4377,38.5986,38.7663,38.9411,39.1229,39.3118,39.5079,39.7113,39.9219,40.1399,40.3652,40.598,40.8382,41.0859,41.3411,41.6038,41.8741,42.1521,42.4375,42.7306,43.0313,43.3395,43.6554,43.9788,44.3098,44.6482,44.9942,45.3476,45.7084,46.0766,46.4521,46.8347,47.2246,47.6215,48.0255,48.4363,48.8539,49.2784,49.7094,50.147,50.5909,51.0412,51.4977,51.9603,52.4289,52.9033,53.3835,53.8693,54.3605,54.857,55.3587,55.8653,56.3767,56.8926,57.4127,57.9369,58.465,58.997,59.5331,60.0739,60.6208,61.1759,61.7428,62.3268,62.936,63.5818,64.2801,65.0525,65.9285,66.9473,68.1605,69.6353,71.4567,73.7264,76.5516,80.0103,84.0705,88.4493,92.4637,95.0751,95.3528,93.1177,89.0799,84.3077,79.6446,75.5197,72.0489,69.1894,66.8432,64.908,63.2946,61.9318,60.7641,59.7492,58.8551,58.057,57.3365,56.679,56.0736,55.5117,54.9865,54.4928,54.0266,53.5845,53.1641,52.7634,52.3809,52.0154,51.6661,51.3324,51.0139,50.7102,50.4214,50.1475,49.8886,49.6451,49.4172,49.2054,49.0102,48.8324,48.6724,48.5313,48.4098,48.3091,48.2301,48.174,48.1423,48.1365,48.1581,48.209,48.2913,48.4071,48.559,48.7498,48.9825,49.2606,49.5881,49.9692,50.409,50.9129,51.4871,52.1388,52.8759,53.7076,54.6441,55.6971,56.8801,58.2082,59.6986,61.371,63.2474,65.3531,67.716,70.3673,73.3412,76.6744,80.4054,84.5723,89.2103,94.3471,99.996,106.147,112.754,119.721,126.885,134.005,140.761,146.762,151.586,154.838,156.219,155.589,152.998,148.673,142.971,136.308,129.094,121.688,114.368,107.334,100.712,94.5719,88.9385,83.8088,79.1609,74.9627,71.1766,67.764,64.6868,61.9095,59.399,57.1256,55.0624,53.1858,51.4746,49.9102,48.4764,47.1586,45.9442,44.8221,43.7823,42.8163,41.9163,41.0757,40.2883,39.5489,38.8527,38.1956,37.5738,36.9839,36.423,35.8883,35.3775,34.8884,34.4191,33.9678,33.533,33.1132,32.7071,32.3137,31.9317,31.5604,31.1989,30.8464,30.5022,30.1656,29.8362,29.5133,29.1965,
 ,86,34.9781,35.1552,35.324,35.4841,35.6355,35.7782,35.912,36.0371,36.1534,36.2611,36.3602,36.4508,36.5333,36.6077,36.6744,36.7335,36.7855,36.8305,36.8691,36.9014,36.928,36.9491,36.9652,36.9767,36.984,36.9874,36.9875,36.9847,36.9792,36.9716,36.9623,36.9516,36.9399,36.9276,36.9151,36.9027,36.8908,36.8797,36.8697,36.8612,36.8544,36.8497,36.8473,36.8475,36.8505,36.8567,36.8661,36.8792,36.896,36.9168,36.9419,36.9713,37.0052,37.044,37.0876,37.1363,37.1903,37.2496,37.3145,37.385,37.4613,37.5435,37.6318,37.7262,37.8269,37.9339,38.0474,38.1675,38.2942,38.4277,38.568,38.7153,38.8695,39.0308,39.1992,39.3749,39.5578,39.748,39.9457,40.1507,40.3633,40.5834,40.8111,41.0464,41.2894,41.54,41.7983,42.0643,42.3381,42.6196,42.9089,43.206,43.5108,43.8233,44.1436,44.4716,44.8073,45.1506,45.5016,45.8601,46.2263,46.5999,46.9809,47.3693,47.7651,48.1681,48.5782,48.9955,49.4199,49.8513,50.2895,50.7347,51.1866,51.6453,52.1107,52.5828,53.0616,53.5469,54.039,54.5376,55.0428,55.5546,56.0729,56.5977,57.1289,57.6662,58.2097,58.759,59.314,59.8744,60.4405,61.0125,61.5914,62.179,62.7789,63.3963,64.0397,64.7214,65.4591,66.2779,67.2124,68.31,69.6354,71.2764,73.3507,76.0108,79.4417,83.8286,89.254,95.4611,101.507,105.665,106.216,102.824,96.8271,90.0798,83.8442,78.6095,74.3978,71.0524,68.3869,66.2386,64.4802,63.0163,61.7763,60.7084,59.7741,58.9449,58.1994,57.5214,56.8986,56.3216,55.7829,55.2769,54.7993,54.3465,53.9159,53.5053,53.1133,52.7386,52.3803,52.0378,51.7106,51.3986,51.1016,50.8197,50.5531,50.302,50.0669,49.8482,49.6465,49.4624,49.2968,49.1503,49.0241,48.9191,48.8364,48.7774,48.7435,48.7362,48.7573,48.8087,48.8925,49.0112,49.1673,49.3639,49.6041,49.8919,50.2312,50.6269,51.0842,51.6092,52.2086,52.8902,53.663,54.5368,55.5234,56.636,57.8898,59.3021,60.8932,62.6861,64.7073,66.9875,69.5613,72.4684,75.7536,79.4662,83.6608,88.3946,93.7254,99.707,106.38,113.764,121.833,130.501,139.59,148.808,157.728,165.8,172.401,176.917,178.874,178.045,174.511,168.637,160.984,152.182,142.826,133.403,124.269,115.657,107.693,100.43,93.8671,87.9732,82.6992,77.9886,73.7833,70.0269,66.6673,63.657,60.9536,58.52,56.3231,54.3344,52.5289,50.8847,49.3831,48.0075,46.7435,45.5787,44.5019,43.5037,42.5756,41.7102,40.901,40.1423,39.4288,38.7562,38.1203,37.5177,36.9451,36.3997,35.8789,35.3806,34.9026,34.4431,34.0005,33.5732,33.1601,32.7597,32.3712,31.9934,31.6256,31.2669,30.9166,30.574,30.2387,29.91,29.5874,
 ,85,35.6911,35.8733,36.0465,36.2105,36.3651,36.5103,36.646,36.7723,36.8892,36.9967,37.0951,37.1844,37.2649,37.3368,37.4003,37.4559,37.5037,37.5441,37.5776,37.6045,37.6252,37.6402,37.6498,37.6545,37.6547,37.651,37.6437,37.6333,37.6203,37.605,37.5878,37.5694,37.5499,37.5298,37.5096,37.4896,37.4701,37.4515,37.4342,37.4184,37.4046,37.3929,37.3838,37.3774,37.374,37.374,37.3775,37.3848,37.396,37.4115,37.4314,37.456,37.4853,37.5196,37.5591,37.6039,37.6542,37.7101,37.7717,37.8393,37.9129,37.9927,38.0788,38.1713,38.2702,38.3758,38.4881,38.6073,38.7333,38.8663,39.0064,39.1537,39.3081,39.4699,39.6391,39.8157,39.9998,40.1915,40.3908,40.5978,40.8125,41.0349,41.2652,41.5033,41.7492,42.003,42.2647,42.5344,42.812,43.0975,43.391,43.6924,44.0018,44.3191,44.6443,44.9774,45.3184,45.6672,46.0238,46.3881,46.7603,47.14,47.5274,47.9224,48.3249,48.7349,49.1523,49.577,50.0091,50.4485,50.8952,51.3492,51.8104,52.2789,52.7548,53.2379,53.7286,54.2267,54.7326,55.2462,55.7677,56.2972,56.8349,57.381,57.9353,58.4979,59.0687,59.6476,60.2342,60.8282,61.4294,62.0377,62.6534,63.2779,63.9139,64.5663,65.2432,65.9573,66.7274,67.5808,68.5562,69.7079,71.1114,72.8723,75.1371,78.1066,82.0443,87.2576,93.9873,102.084,110.397,116.385,117.264,112.476,104.236,95.3816,87.5901,81.3306,76.4728,72.7223,69.799,67.4828,65.6118,64.0699,62.774,61.6647,60.6987,59.8443,59.0781,58.3826,57.7444,57.1536,56.6022,56.0843,55.5954,55.1317,54.6906,54.2699,53.8678,53.4833,53.1153,52.7632,52.4267,52.1055,51.7995,51.5087,51.2336,50.9742,50.7311,50.5047,50.2956,50.1045,49.9323,49.7797,49.6478,49.5376,49.4505,49.3876,49.3506,49.3409,49.3606,49.4115,49.4959,49.6163,49.7755,49.9767,50.2233,50.5193,50.8691,51.2778,51.751,52.2953,52.918,53.6275,54.4335,55.3472,56.3813,57.5506,58.8722,60.3659,62.0547,63.9654,66.1293,68.5827,71.368,74.5341,78.1378,82.244,86.926,92.2655,98.3498,105.268,113.104,121.919,131.734,142.493,154.023,165.983,177.824,188.777,197.909,204.262,207.065,205.942,201.028,192.925,182.525,170.794,158.59,146.571,135.175,124.652,115.108,106.555,98.9501,92.2169,86.2684,81.0152,76.3723,72.2619,68.6148,65.3699,62.4743,59.8822,57.5542,55.4564,53.5595,51.8386,50.272,48.8413,47.5302,46.3249,45.2132,44.1848,43.2303,42.3418,41.5122,40.7353,40.0057,39.3185,38.6695,38.0549,37.4714,36.9159,36.3858,35.8787,35.3924,34.9251,34.4751,34.0407,33.6206,33.2137,32.8186,32.4345,32.0605,31.6957,31.3393,30.9908,30.6495,30.315,29.9866,
 ,84,36.4328,36.6205,36.7984,36.9664,37.1244,37.2722,37.4099,37.5374,37.6547,37.7621,37.8595,37.9473,38.0255,38.0945,38.1546,38.2061,38.2493,38.2847,38.3126,38.3335,38.3477,38.3559,38.3584,38.3558,38.3484,38.3368,38.3216,38.303,38.2817,38.258,38.2325,38.2056,38.1778,38.1494,38.1208,38.0926,38.0649,38.0384,38.0132,37.9897,37.9683,37.9492,37.9329,37.9195,37.9094,37.9027,37.8999,37.901,37.9064,37.9162,37.9307,37.9501,37.9745,38.0041,38.0392,38.0798,38.1262,38.1785,38.2368,38.3013,38.3721,38.4493,38.533,38.6234,38.7206,38.8247,38.9357,39.0539,39.1792,39.3117,39.4516,39.5989,39.7537,39.916,40.086,40.2637,40.4491,40.6424,40.8435,41.0525,41.2695,41.4945,41.7275,41.9686,42.2178,42.4751,42.7405,43.0141,43.2958,43.5857,43.8838,44.19,44.5044,44.827,45.1576,45.4964,45.8432,46.1981,46.5609,46.9318,47.3106,47.6973,48.0918,48.4942,48.9043,49.3221,49.7477,50.1809,50.6218,51.0704,51.5266,51.9906,52.4625,52.9422,53.4298,53.9257,54.4299,54.9425,55.4641,55.9948,56.535,57.0849,57.6449,58.2154,58.7965,59.3884,59.9912,60.6047,61.2285,61.8621,62.5048,63.156,63.815,64.4821,65.1589,65.8489,66.5593,67.3021,68.0962,68.9697,69.9639,71.1369,72.5713,74.3835,76.7379,79.8656,84.0814,89.777,97.3154,106.657,116.553,123.875,124.987,119.156,109.307,99.0147,90.2153,83.3211,78.0768,74.0896,71.0175,68.6044,66.6677,65.0793,63.7492,62.6133,61.6259,60.7536,59.9718,59.2622,58.611,58.0079,57.4448,56.9156,56.4156,55.941,55.4891,55.0577,54.6451,54.25,53.8717,53.5093,53.1626,52.8314,52.5156,52.2153,51.9307,51.6621,51.4101,51.1751,50.9578,50.7588,50.5791,50.4195,50.2811,50.1649,50.0724,50.0047,49.9636,49.9506,49.9678,50.0171,50.101,50.2221,50.3832,50.5877,50.8392,51.1419,51.5006,51.9205,52.4077,52.9691,53.6127,54.3476,55.1842,56.1345,57.2126,58.4348,59.82,61.3904,63.1719,65.1953,67.4965,70.118,73.1101,76.5321,80.454,84.9579,90.1398,96.1098,102.993,110.925,120.046,130.486,142.339,155.618,170.19,185.693,201.446,216.391,229.138,238.176,242.232,240.672,233.725,222.397,208.132,192.411,176.464,161.152,146.984,134.194,122.83,112.834,104.089,96.458,89.801,83.9873,78.8991,74.4333,70.5007,67.0255,63.9427,61.1977,58.7439,56.5421,54.5587,52.7654,51.138,49.6557,48.3008,47.0581,45.9142,44.8578,43.879,42.9692,42.1208,41.3273,40.5828,39.8823,39.2212,38.5956,38.0019,37.4371,36.8982,36.3829,35.8889,35.4142,34.9571,34.5159,34.0892,33.6757,33.2744,32.8841,32.504,32.1331,31.7708,31.4163,31.0692,30.7287,30.3944,
 ,83,37.2049,37.3984,37.5813,37.7536,37.9151,38.0657,38.2054,38.3341,38.4519,38.5589,38.6552,38.7411,38.8169,38.8827,38.9389,38.9858,39.0239,39.0537,39.0754,39.0897,39.0969,39.0977,39.0925,39.0817,39.0661,39.046,39.022,38.9946,38.9643,38.9316,38.8971,38.8611,38.8242,38.7869,38.7494,38.7123,38.676,38.6408,38.6072,38.5754,38.5459,38.519,38.495,38.4741,38.4567,38.4431,38.4335,38.4281,38.4272,38.431,38.4398,38.4537,38.4729,38.4976,38.528,38.5643,38.6065,38.655,38.7097,38.7709,38.8387,38.9132,38.9945,39.0828,39.1781,39.2806,39.3903,39.5074,39.6319,39.764,39.9037,40.051,40.2062,40.3692,40.54,40.7188,40.9057,41.1006,41.3037,41.5149,41.7344,41.9622,42.1982,42.4425,42.6952,42.9563,43.2257,43.5036,43.7898,44.0845,44.3876,44.6991,45.0189,45.3472,45.6838,46.0287,46.382,46.7436,47.1133,47.4913,47.8775,48.2719,48.6743,49.0848,49.5034,49.93,50.3647,50.8074,51.2581,51.7169,52.1839,52.6592,53.1429,53.635,54.136,54.646,55.1654,55.6945,56.2337,56.7836,57.3448,57.9176,58.503,59.1012,59.713,60.3387,60.9785,61.6325,62.3002,62.9808,63.6732,64.3757,65.0866,65.8046,66.5291,67.2617,68.0072,68.7758,69.5851,70.4627,71.4499,72.6059,74.0147,75.7949,78.1126,81.2005,85.3745,91.0261,98.5167,107.804,117.641,124.908,125.99,120.159,110.322,100.038,91.2381,84.3382,79.0854,75.0884,72.0063,69.5831,67.6364,66.0381,64.698,63.5523,62.5549,61.6725,60.8805,60.1606,59.4991,58.8854,58.3117,57.7717,57.2608,56.7753,56.3123,55.8698,55.446,55.0398,54.6503,54.2769,53.9193,53.5772,53.2507,52.9399,52.645,52.3664,52.1045,51.86,51.6335,51.4257,51.2376,51.0701,50.9242,50.8011,50.7021,50.6287,50.5825,50.5652,50.5788,50.6254,50.7076,50.828,50.9897,51.1961,51.451,51.7588,52.1245,52.5537,53.0527,53.6289,54.2907,55.0478,55.9115,56.8946,58.0124,59.2825,60.7257,62.3665,64.2338,66.3618,68.7915,71.5714,74.7599,78.4273,82.6573,87.5509,93.2288,99.8345,107.536,116.528,127.025,139.25,153.409,169.633,187.895,207.868,228.76,249.162,267.033,279.983,285.895,283.684,273.745,257.78,238.135,217.067,196.302,176.919,159.451,144.054,130.664,119.103,109.153,100.592,93.2147,86.8406,81.3136,76.5017,72.2944,68.5993,65.3396,62.451,59.8801,57.5819,55.5188,53.6592,51.9762,50.447,49.0524,47.7757,46.6027,45.5212,44.5205,43.5916,42.7263,41.9179,41.16,40.4474,39.7754,39.1398,38.5368,37.9634,37.4165,36.8935,36.3923,35.9106,35.4468,34.9991,34.5661,34.1464,33.739,33.3427,32.9565,32.5797,32.2115,31.8511,31.498,31.1516,30.8114,
 ,82,38.0093,38.2089,38.3972,38.5741,38.7393,38.8928,39.0345,39.1644,39.2825,39.389,39.4841,39.5679,39.6407,39.7029,39.7547,39.7967,39.8292,39.8527,39.8677,39.8746,39.8742,39.8668,39.8531,39.8336,39.8089,39.7795,39.7461,39.7091,39.6691,39.6267,39.5824,39.5367,39.49,39.443,39.3959,39.3493,39.3037,39.2593,39.2167,39.1761,39.138,39.1027,39.0704,39.0416,39.0166,38.9955,38.9787,38.9663,38.9588,38.9563,38.9589,38.967,38.9807,39.0002,39.0257,39.0573,39.0952,39.1396,39.1906,39.2484,39.313,39.3846,39.4634,39.5494,39.6428,39.7436,39.8519,39.9679,40.0916,40.2232,40.3627,40.5102,40.6657,40.8293,41.0011,41.1812,41.3696,41.5664,41.7715,41.9852,42.2073,42.438,42.6772,42.9251,43.1816,43.4467,43.7205,44.003,44.2941,44.5939,44.9024,45.2196,45.5454,45.8798,46.2229,46.5746,46.9349,47.3037,47.681,48.0669,48.4612,48.8639,49.2751,49.6946,50.1226,50.5589,51.0035,51.4567,51.9183,52.3884,52.8673,53.355,53.8518,54.3578,54.8734,55.3991,55.9352,56.4824,57.0412,57.6125,58.1969,58.7955,59.4091,60.0387,60.6853,61.3496,62.0323,62.7334,63.4529,64.1895,64.9418,65.7069,66.4815,67.262,68.0449,68.8283,69.6135,70.4073,71.2242,72.0894,73.0423,74.1403,75.4643,77.1257,79.2773,82.125,85.9364,91.0196,97.6143,105.569,113.738,119.599,120.396,115.576,107.333,98.4752,90.6699,84.3874,79.5016,75.7211,72.7673,70.4207,68.5195,66.9477,65.6221,64.483,63.487,62.6025,61.8058,61.0794,60.4101,59.7876,59.2042,58.6539,58.1322,57.6356,57.1612,56.7071,56.2716,55.8535,55.4522,55.0669,54.6974,54.3436,54.0055,53.6832,53.377,53.0873,52.8147,52.5597,52.3231,52.1056,51.9081,51.7316,51.5773,51.4462,51.3398,51.2596,51.2073,51.1845,51.1934,51.2361,51.3153,51.4338,51.5947,51.8014,52.0581,52.3692,52.7399,53.1762,53.6846,54.2728,54.9497,55.7256,56.6124,57.6238,58.776,60.088,61.5824,63.2856,65.2293,67.4511,69.9966,72.9205,76.2889,80.1826,84.6996,89.9601,96.1108,103.331,111.837,121.89,133.795,147.894,164.546,184.067,206.616,232.008,259.416,287.054,312.004,330.54,339.155,335.99,321.729,299.249,272.32,244.322,217.586,193.371,172.141,153.879,138.33,125.147,113.976,104.493,96.4151,89.5035,83.5611,78.4254,73.9636,70.0667,66.6457,63.6272,60.9509,58.5665,56.4325,54.514,52.7819,51.2114,49.7819,48.4756,47.2771,46.1736,45.1539,44.2082,43.3282,42.5066,41.737,41.0138,40.3321,39.6875,39.0763,38.4951,37.9408,37.4109,36.9029,36.4149,35.9447,35.4909,35.0518,34.6262,34.2128,33.8106,33.4186,33.0359,32.6618,32.2955,31.9365,31.5841,31.238,
 ,81,38.8478,39.0539,39.248,39.4297,39.5989,39.7554,39.8992,40.0303,40.1487,40.2545,40.348,40.4294,40.499,40.557,40.6041,40.6405,40.6667,40.6833,40.6908,40.6899,40.6809,40.6647,40.6417,40.6126,40.578,40.5386,40.4949,40.4475,40.3971,40.3441,40.2893,40.233,40.1759,40.1184,40.061,40.0043,39.9486,39.8944,39.8421,39.7921,39.7448,39.7005,39.6596,39.6223,39.5891,39.5601,39.5356,39.516,39.5014,39.4921,39.4883,39.4903,39.4981,39.5121,39.5324,39.5591,39.5924,39.6325,39.6796,39.7337,39.795,39.8636,39.9397,40.0233,40.1146,40.2136,40.3206,40.4354,40.5584,40.6894,40.8287,40.9763,41.1322,41.2966,41.4694,41.6509,41.8409,42.0396,42.247,42.4632,42.6882,42.9221,43.1648,43.4164,43.677,43.9464,44.2249,44.5123,44.8087,45.114,45.4284,45.7516,46.0839,46.4251,46.7752,47.1342,47.5021,47.8788,48.2644,48.6587,49.0619,49.4738,49.8944,50.3238,50.7619,51.2088,51.6645,52.129,52.6025,53.0851,53.577,54.0782,54.5893,55.1104,55.6421,56.1849,56.7394,57.3063,57.8865,58.4812,59.0912,59.7181,60.3632,61.0278,61.7136,62.4219,63.1538,63.9099,64.6904,65.4943,66.3194,67.1619,68.0163,68.876,69.7332,70.5811,71.4154,72.2374,73.0563,73.8936,74.785,75.7844,76.9662,78.4297,80.3042,82.7528,85.9682,90.1405,95.3548,101.358,107.214,111.207,111.629,108.145,102.085,95.2879,89.0041,83.719,79.4552,76.0574,73.3398,71.1403,69.3315,67.8176,66.528,65.4103,64.4261,63.5467,62.7503,62.0209,61.346,60.7161,60.1239,59.5638,59.0314,58.5234,58.0372,57.5709,57.1229,56.6923,56.2782,55.8801,55.4979,55.1313,54.7806,54.4458,54.1274,53.8257,53.5413,53.2748,53.0271,52.7988,52.5909,52.4044,52.2405,52.1005,51.9857,51.8976,51.8379,51.8085,51.8115,51.8492,51.9241,52.0391,52.1976,52.4031,52.6598,52.9723,53.3459,53.7868,54.3019,54.8992,55.5879,56.3787,57.2841,58.3186,59.4993,60.8463,62.3836,64.1396,66.1482,68.4503,71.0955,74.1439,77.669,81.7614,86.5324,92.1206,98.6982,106.48,115.733,126.788,140.049,155.999,175.183,198.162,225.388,256.947,292.13,328.829,363.059,389.191,401.564,397.064,376.849,345.665,309.409,272.942,239.25,209.654,184.4,163.18,145.468,130.704,118.37,108.025,99.3008,91.9011,85.5859,80.1626,75.4766,71.4035,67.8427,64.7122,61.9454,59.4874,57.293,55.3246,53.5511,51.9459,50.487,49.1557,47.9358,46.8139,45.7782,44.8184,43.926,43.0933,42.3137,41.5814,40.8913,40.239,39.6206,39.0325,38.4717,37.9355,37.4214,36.9274,36.4514,35.9918,35.5469,35.1156,34.6965,34.2885,33.8908,33.5023,33.1223,32.7501,32.3852,32.0268,31.6746,
 ,80,39.7224,39.9357,40.1359,40.3228,40.4962,40.6559,40.8018,40.9341,41.0526,41.1576,41.2492,41.3278,41.3937,41.4472,41.4889,41.5191,41.5384,41.5474,41.5467,41.5369,41.5187,41.4927,41.4597,41.4201,41.3748,41.3244,41.2695,41.2109,41.1491,41.0848,41.0185,40.9509,40.8825,40.8138,40.7454,40.6778,40.6114,40.5467,40.4841,40.424,40.3669,40.3131,40.2628,40.2166,40.1746,40.1372,40.1047,40.0772,40.0552,40.0387,40.0281,40.0236,40.0253,40.0334,40.0482,40.0697,40.0982,40.1339,40.1768,40.227,40.2848,40.3503,40.4235,40.5046,40.5937,40.6909,40.7963,40.91,41.0321,41.1627,41.3017,41.4494,41.6058,41.771,41.945,42.1278,42.3197,42.5204,42.7303,42.9492,43.1773,43.4145,43.6609,43.9165,44.1814,44.4556,44.739,45.0317,45.3338,45.645,45.9656,46.2955,46.6346,46.983,47.3407,47.7076,48.0837,48.469,48.8634,49.267,49.6797,50.1015,50.5325,50.9725,51.4217,51.8801,52.3477,52.8246,53.311,53.8071,54.313,54.8291,55.3556,55.8932,56.4422,57.0035,57.5778,58.1661,58.7695,59.3895,60.0275,60.6853,61.3649,62.0684,62.7979,63.5558,64.3439,65.1639,66.0165,66.9011,67.8154,68.7545,69.7106,70.6731,71.6286,72.5629,73.4632,74.3222,75.1418,75.9372,76.7404,77.6013,78.5881,79.7876,81.3042,83.2567,85.7655,88.9179,92.689,96.8015,100.578,102.981,103.08,100.695,96.533,91.6579,86.9046,82.6962,79.1458,76.2095,73.789,71.7813,70.097,68.6641,67.4268,66.3423,65.3781,64.5096,63.7177,62.988,62.3094,61.6733,61.0729,60.5031,59.9599,59.4402,58.9417,58.4625,58.0013,57.5572,57.1294,56.7176,56.3216,55.9413,55.5769,55.2286,54.8968,54.582,54.2848,54.0058,53.7458,53.5056,53.2863,53.0888,52.9143,52.7642,52.6398,52.5427,52.4745,52.4373,52.4331,52.4643,52.5336,52.6438,52.7984,53.0009,53.2556,53.5675,53.9418,54.3848,54.9038,55.5068,56.2036,57.005,57.9241,58.9761,60.1786,61.5528,63.1236,64.9212,66.9814,69.3477,72.073,75.222,78.8746,83.1294,88.1096,93.9699,100.905,109.162,119.055,130.982,145.444,163.067,184.599,210.885,242.743,280.671,324.258,371.244,416.513,452.042,469.176,462.971,435.292,393.548,346.453,300.609,259.569,224.532,195.363,171.358,151.667,135.487,122.133,111.044,101.77,93.9603,87.3347,81.6741,76.8046,72.588,68.9138,65.6932,62.8538,60.337,58.0946,56.0867,54.2803,52.6476,51.1656,49.8146,48.5779,47.4414,46.3929,45.422,44.5197,43.678,42.8903,42.1505,41.4535,40.7948,40.1701,39.5761,39.0096,38.4678,37.9483,37.4487,36.9673,36.5023,36.052,35.6152,35.1906,34.777,34.3736,33.9793,33.5936,33.2155,32.8446,32.4802,32.1219,
 ,79,40.6355,40.8564,41.0632,41.2556,41.4334,41.5965,41.7447,41.878,41.9965,42.1005,42.19,42.2655,42.3272,42.3756,42.4112,42.4345,42.4462,42.4468,42.4371,42.4177,42.3893,42.3526,42.3085,42.2575,42.2006,42.1382,42.0713,42.0004,41.9263,41.8497,41.7712,41.6913,41.6108,41.5301,41.4498,41.3705,41.2926,41.2167,41.1431,41.0723,41.0047,40.9406,40.8805,40.8247,40.7735,40.7272,40.686,40.6503,40.6204,40.5964,40.5785,40.5671,40.5623,40.5643,40.5733,40.5893,40.6128,40.6436,40.6821,40.7283,40.7824,40.8446,40.9148,40.9933,41.0801,41.1754,41.2793,41.3917,41.5129,41.6429,41.7818,41.9297,42.0865,42.2525,42.4277,42.6121,42.8058,43.0088,43.2212,43.4431,43.6744,43.9152,44.1656,44.4255,44.6951,44.9742,45.2629,45.5613,45.8693,46.187,46.5143,46.8512,47.1978,47.554,47.9197,48.2951,48.68,49.0745,49.4785,49.892,50.315,50.7476,51.1896,51.6411,52.1023,52.573,53.0535,53.5438,54.0442,54.5547,55.0758,55.6077,56.151,56.7061,57.2739,57.8549,58.4505,59.0617,59.6901,60.3373,61.0053,61.6966,62.4137,63.1596,63.9375,64.7508,65.6029,66.4965,67.4338,68.4154,69.4393,70.4999,71.5875,72.6863,73.7754,74.8299,75.8247,76.7389,77.5631,78.3048,78.9919,79.673,80.4143,81.2948,82.4003,83.8154,85.6078,87.8,90.318,92.9228,95.1658,96.4594,96.3213,94.659,91.8279,88.4044,84.9042,81.6477,78.7719,76.2975,74.1885,72.39,70.8461,69.5072,68.3324,67.2888,66.3505,65.4971,64.7126,63.9847,63.3037,62.662,62.0536,61.4741,60.9198,60.3879,59.8763,59.3835,58.9081,58.4495,58.007,57.5804,57.1695,56.7744,56.3952,56.0322,55.686,55.357,55.0458,54.7531,54.4797,54.2266,53.9947,53.785,53.5989,53.4375,53.3023,53.195,53.1172,53.0709,53.0582,53.0817,53.1438,53.2477,53.3966,53.5943,53.8453,54.1543,54.5269,54.9694,55.4892,56.0946,56.7955,57.6031,58.5307,59.5939,60.811,62.2037,63.7979,65.6247,67.7215,70.1337,72.9167,76.1386,79.8839,84.2575,89.3914,95.4528,102.654,111.268,121.646,134.24,149.636,168.581,192.008,221.029,256.835,300.388,351.708,408.585,464.943,510.262,532.469,524.437,488.882,436.334,378.592,323.93,276.268,236.509,204.053,177.773,156.502,139.216,125.075,113.419,103.733,95.6164,88.7613,82.9261,77.9225,73.6017,69.8455,66.5598,63.6684,61.1095,58.8328,56.7967,54.9669,53.3147,51.8163,50.4512,49.2025,48.0556,46.9979,46.0189,45.1092,44.2609,43.4671,42.7216,42.0191,41.3551,40.7255,40.1265,39.5551,39.0085,38.484,37.9796,37.4932,37.0231,36.5677,36.1257,35.6957,35.2767,34.8677,34.4678,34.0762,33.6923,33.3154,32.9449,32.5803,
 ,78,41.5894,41.8185,42.0323,42.2307,42.4132,42.5798,42.7303,42.8647,42.9832,43.0858,43.1729,43.2447,43.3017,43.3444,43.3733,43.389,43.3922,43.3836,43.3639,43.3339,43.2943,43.246,43.1898,43.1264,43.0567,42.9814,42.9013,42.8172,42.7299,42.6399,42.5481,42.4551,42.3615,42.2679,42.1749,42.0831,41.9929,41.9049,41.8196,41.7373,41.6585,41.5836,41.513,41.447,41.386,41.3302,41.28,41.2356,41.1972,41.1652,41.1398,41.1211,41.1094,41.1049,41.1077,41.118,41.1361,41.1619,41.1958,41.2378,41.288,41.3466,41.4137,41.4895,41.5739,41.6672,41.7693,41.8805,42.0008,42.1302,42.2689,42.417,42.5744,42.7413,42.9178,43.1038,43.2995,43.5048,43.72,43.9449,44.1797,44.4244,44.6789,44.9434,45.2179,45.5023,45.7967,46.1011,46.4156,46.74,47.0745,47.4189,47.7734,48.1379,48.5123,48.8968,49.2911,49.6955,50.1097,50.5339,50.968,51.412,51.866,52.3299,52.8039,53.2879,53.7822,54.2869,54.8022,55.3283,55.8656,56.4145,56.9755,57.5495,58.137,58.7392,59.3575,59.993,60.6478,61.324,62.024,62.7511,63.5085,64.3004,65.1311,66.0059,66.9296,67.9074,68.9436,70.041,71.1994,72.4137,73.6722,74.9541,76.2284,77.4555,78.5906,79.5923,80.4333,81.1101,81.6485,82.1015,82.5416,83.0505,83.7068,84.5758,85.6957,87.0583,88.5827,90.0877,91.2906,91.8634,91.5557,90.3181,88.3259,85.8851,83.3005,80.7932,78.4854,76.4232,74.6062,73.0119,71.6096,70.3684,69.2602,68.2612,67.3517,66.5157,65.7402,65.0151,64.3323,63.6852,63.0688,62.4793,61.9132,61.3683,60.8429,60.3354,59.8448,59.3706,58.9124,58.4697,58.0428,57.6316,57.2364,56.8576,56.4957,56.1513,55.8248,55.5173,55.2295,54.9622,54.7165,54.4935,54.2944,54.1206,53.9735,53.8547,53.766,53.7094,53.6869,53.7012,53.7547,53.8506,53.9922,54.1834,54.4285,54.7324,55.1008,55.5401,56.0576,56.6618,57.3627,58.1718,59.1024,60.1704,61.3944,62.7965,64.4031,66.2459,68.3631,70.8014,73.6175,76.8815,80.6806,85.1236,90.3475,96.527,103.885,112.711,123.377,136.373,152.334,172.089,196.692,227.442,265.797,313.075,369.675,433.537,497.993,550.672,576.763,567.326,525.793,465.241,399.856,339.073,286.958,244.114,209.559,181.856,159.613,141.653,127.039,115.046,105.115,96.8193,89.83,83.8935,78.8121,74.431,70.6278,67.3048,64.3836,61.8007,59.5045,57.4524,55.6094,53.9461,52.4382,51.0651,49.8094,48.6564,47.5933,46.6093,45.695,44.8425,44.0445,43.2951,42.5887,41.9209,41.2873,40.6844,40.109,39.5582,39.0295,38.5207,38.0298,37.5551,37.0949,36.6478,36.2127,35.7884,35.3739,34.9684,34.571,34.1812,33.7982,33.4215,33.0506,
 ,77,42.5866,42.8245,43.046,43.2507,43.4383,43.6086,43.7615,43.897,44.0152,44.1162,44.2004,44.2682,44.3199,44.3562,44.3776,44.3849,44.3787,44.3598,44.3292,44.2875,44.2357,44.1746,44.1051,44.0282,43.9446,43.8552,43.7609,43.6625,43.5607,43.4565,43.3504,43.2431,43.1355,43.028,42.9214,42.8161,42.7128,42.612,42.5141,42.4196,42.3289,42.2425,42.1608,42.084,42.0125,41.9467,41.8868,41.8331,41.786,41.7455,41.712,41.6857,41.6667,41.6553,41.6517,41.656,41.6683,41.6889,41.7179,41.7554,41.8016,41.8565,41.9203,41.9931,42.0751,42.1662,42.2666,42.3765,42.4958,42.6246,42.7632,42.9114,43.0694,43.2373,43.415,43.6028,43.8007,44.0085,44.2265,44.4548,44.6932,44.9419,45.2009,45.4703,45.75,46.04,46.3404,46.6513,46.9725,47.3042,47.6463,47.9988,48.3617,48.735,49.1187,49.5128,49.9173,50.3321,50.7573,51.1929,51.6388,52.0951,52.5618,53.039,53.5267,54.025,54.5341,55.0541,55.5853,56.1281,56.6826,57.2496,57.8296,58.4235,59.0321,59.6567,60.2986,60.9599,61.6425,62.3492,63.083,63.8478,64.648,65.4889,66.3767,67.3183,68.3215,69.3943,70.5446,71.7791,73.1013,74.509,75.9903,77.5198,79.0545,80.5335,81.8824,83.0261,83.9078,84.5076,84.8521,85.0103,85.0764,85.1498,85.3169,85.6388,86.1415,86.8075,87.5659,88.2869,88.7929,88.8961,88.4604,87.4552,85.9665,84.1559,82.2002,80.2434,78.3802,76.6588,75.0951,73.6852,72.4153,71.2679,70.2251,69.2707,68.3905,67.5723,66.8062,66.0841,65.3993,64.7465,64.1216,63.5211,62.9425,62.3837,61.8432,61.32,60.8131,60.3221,59.8467,59.3868,58.9425,58.514,58.1015,57.7056,57.3268,56.9656,56.6228,56.2992,55.9955,55.7128,55.4522,55.2146,55.0014,54.814,54.6537,54.5222,54.4213,54.3529,54.3193,54.3229,54.3663,54.4526,54.5852,54.7679,55.0051,55.3018,55.6634,56.0965,56.6086,57.208,57.9048,58.7104,59.6384,60.7045,61.9275,63.3296,64.9373,66.7823,68.9032,71.3467,74.17,77.4437,81.2553,85.7146,90.9599,97.1674,104.563,113.438,124.171,137.26,153.352,173.294,198.172,229.326,268.284,316.455,374.344,439.944,506.459,561.043,588.15,578.345,535.257,472.658,405.357,343.07,289.882,246.306,211.261,183.229,160.763,142.65,127.93,115.861,105.875,97.5392,90.5201,84.5612,79.4629,75.0687,71.2553,67.9242,64.9967,62.4087,60.1084,58.0529,56.207,54.5413,53.0314,51.6564,50.399,49.2442,48.1795,47.1938,46.2777,45.4233,44.6233,43.8717,43.1631,42.4927,41.8564,41.2506,40.672,40.1179,39.5856,39.073,38.578,38.0989,37.6342,37.1824,36.7423,36.3128,35.8929,35.4818,35.0787,34.6828,34.2937,33.9107,33.5334,
 ,76,43.63,43.8774,44.1071,44.3186,44.5116,44.6859,44.8412,44.9777,45.0955,45.1946,45.2755,45.3387,45.3844,45.4135,45.4266,45.4245,45.408,45.3778,45.335,45.2806,45.2153,45.1402,45.0563,44.9645,44.8658,44.7612,44.6514,44.5374,44.4202,44.3004,44.1789,44.0564,43.9336,43.8113,43.69,43.5704,43.453,43.3385,43.2272,43.1197,43.0164,42.9177,42.8241,42.7358,42.6533,42.5769,42.5068,42.4434,42.3868,42.3374,42.2953,42.2609,42.2343,42.2157,42.2053,42.2031,42.2096,42.2246,42.2485,42.2813,42.3231,42.3742,42.4345,42.5043,42.5836,42.6725,42.7711,42.8796,42.9979,43.1261,43.2644,43.4128,43.5715,43.7404,43.9197,44.1093,44.3093,44.5198,44.7409,44.9726,45.215,45.4679,45.7317,46.0061,46.2913,46.5874,46.8942,47.2118,47.5403,47.8796,48.2298,48.5908,48.9627,49.3454,49.7389,50.1433,50.5586,50.9846,51.4215,51.8692,52.3278,52.7972,53.2775,53.7688,54.2711,54.7845,55.3094,55.8458,56.394,56.9543,57.5273,58.1134,58.7135,59.3284,59.9591,60.6072,61.2742,61.9622,62.6739,63.4123,64.1813,64.9855,65.8304,66.7229,67.6711,68.6844,69.7739,70.9519,72.2315,73.6257,75.1448,76.7932,78.5631,80.4271,82.3295,84.1805,85.8598,87.2359,88.2004,88.706,88.7866,88.5476,88.1312,87.6777,87.2976,87.0594,86.9866,87.0601,87.2196,87.3701,87.3944,87.1771,86.6365,85.7493,84.5549,83.1385,81.6008,80.0326,78.5011,77.0476,75.6921,74.4395,73.2862,72.2235,71.241,70.3283,69.4756,68.6741,67.9165,67.1965,66.5089,65.8496,65.2151,64.6026,64.0103,63.4363,62.8796,62.3392,61.8147,61.3055,60.8116,60.333,59.8699,59.4226,58.9915,58.5771,58.18,57.8008,57.4402,57.0991,56.7784,56.4791,56.2022,55.9488,55.7202,55.5178,55.343,55.1975,55.0831,55.0017,54.9555,54.9469,54.9786,55.0538,55.1756,55.348,55.5752,55.8622,56.2146,56.6388,57.1422,57.7331,58.4216,59.2189,60.1385,61.1961,62.4102,63.8028,65.4001,67.2335,69.3411,71.7689,74.5732,77.8236,81.606,86.028,91.2249,97.3685,104.678,113.437,124.01,136.875,152.648,172.13,196.333,226.49,263.965,309.952,364.716,426.143,487.771,537.876,562.606,553.663,514.23,456.492,393.791,335.154,284.598,242.832,209.01,181.804,159.899,142.174,127.725,115.849,106.003,97.7703,90.8278,84.9269,79.8731,75.5135,71.7273,68.4178,65.5076,62.9337,60.6448,58.5987,56.7605,55.1012,53.5966,52.2259,50.9719,49.82,48.7574,47.7732,46.8582,46.0044,45.2045,44.4525,43.7431,43.0716,42.4338,41.8261,41.2452,40.6884,40.1532,39.6373,39.1387,38.6557,38.1867,37.7304,37.2854,36.8508,36.4256,36.0089,35.6,35.1981,34.8027,34.4133,34.0294,
 ,75,44.7223,44.9801,45.2187,45.4375,45.6363,45.8147,45.9727,46.1101,46.2272,46.3241,46.4013,46.4591,46.4983,46.5194,46.5232,46.5106,46.4826,46.44,46.3839,46.3153,46.2353,46.1449,46.0452,45.9372,45.8221,45.7007,45.5742,45.4434,45.3093,45.1728,45.0347,44.8957,44.7568,44.6185,44.4815,44.3465,44.2141,44.0849,43.9594,43.838,43.7213,43.6096,43.5034,43.403,43.3088,43.2211,43.1402,43.0664,42.9999,42.9411,42.8901,42.8471,42.8124,42.7862,42.7686,42.7597,42.7599,42.7691,42.7876,42.8155,42.8528,42.8998,42.9565,43.0231,43.0996,43.1861,43.2828,43.3898,43.507,43.6347,43.7728,43.9215,44.0808,44.2507,44.4315,44.623,44.8254,45.0388,45.2631,45.4985,45.7449,46.0024,46.2711,46.551,46.842,47.1444,47.4579,47.7828,48.1189,48.4663,48.8251,49.1951,49.5765,49.9692,50.3733,50.7886,51.2152,51.6532,52.1024,52.5631,53.0351,53.5185,54.0132,54.5195,55.0374,55.567,56.1086,56.6624,57.2285,57.8076,58.4,59.0064,59.6276,60.2645,60.9185,61.591,62.2841,63,63.7417,64.5129,65.318,66.1626,67.0536,67.9994,69.0102,70.0986,71.2797,72.5714,73.994,75.5696,77.32,79.2621,81.3998,83.711,86.13,88.5313,90.7247,92.4821,93.6008,93.9839,93.6845,92.8839,91.8177,90.7008,89.6853,88.8525,88.2235,87.7738,87.4463,87.1626,86.8357,86.3849,85.7527,84.9165,83.8904,82.7171,81.4526,80.1522,78.861,77.6105,76.4192,75.2952,74.2398,73.2499,72.32,71.444,70.6153,69.828,69.0769,68.3574,67.6655,66.9981,66.3526,65.7268,65.1193,64.5287,63.9542,63.3952,62.8513,62.3224,61.8084,61.3097,60.8263,60.3588,59.9075,59.4731,59.0562,58.6576,58.2778,57.918,57.5789,57.2615,56.967,56.6965,56.4512,56.2325,56.042,55.8811,55.7518,55.656,55.5957,55.5735,55.592,55.6543,55.7635,55.9236,56.1388,56.414,56.7547,57.1671,57.6586,58.2374,58.9134,59.6976,60.6033,61.6457,62.8431,64.2169,65.7927,67.601,69.6786,72.0704,74.8305,78.0257,81.7386,86.0716,91.1532,97.1454,104.254,112.74,122.941,135.288,150.332,168.77,191.462,219.411,253.653,294.958,343.161,396.017,447.828,489.104,509.207,501.939,469.66,421.584,368.22,317.156,272.177,234.318,203.178,177.804,157.161,140.313,126.483,115.05,105.527,97.5311,90.7665,85.0005,80.0502,75.7712,72.0483,68.7892,65.9194,63.3781,61.1159,59.0917,57.2716,55.6273,54.1351,52.7749,51.5297,50.3849,49.3282,48.3488,47.4377,46.5868,45.7891,45.0387,44.3301,43.6587,43.0205,42.4119,41.8297,41.271,40.7334,40.2147,39.7129,39.2262,38.7533,38.2926,37.843,37.4035,36.9729,36.5506,36.1358,35.7278,35.3261,34.9301,34.5394,
 ,74,45.8668,46.1358,46.384,46.6108,46.8158,46.9987,47.1593,47.2977,47.4138,47.5081,47.581,47.6329,47.6645,47.6767,47.6702,47.646,47.6052,47.5489,47.478,47.3939,47.2977,47.1905,47.0736,46.948,46.8149,46.6755,46.5308,46.3818,46.2295,46.0749,45.9189,45.7622,45.6058,45.4504,45.2967,45.1453,44.9969,44.852,44.7113,44.5752,44.4441,44.3186,44.199,44.0857,43.9791,43.8795,43.7872,43.7024,43.6255,43.5567,43.4963,43.4443,43.4011,43.3669,43.3417,43.3258,43.3194,43.3225,43.3353,43.3579,43.3906,43.4333,43.4862,43.5494,43.623,43.7071,43.8018,43.9072,44.0233,44.1503,44.2882,44.4372,44.5971,44.7683,44.9506,45.1442,45.3491,45.5654,45.7931,46.0323,46.283,46.5454,46.8193,47.1049,47.4021,47.7111,48.0318,48.3642,48.7085,49.0645,49.4323,49.8119,50.2033,50.6066,51.0217,51.4486,51.8874,52.338,52.8004,53.2748,53.761,54.2591,54.7693,55.2916,55.826,56.3728,56.9321,57.5042,58.0894,58.6882,59.3011,59.9288,60.5722,61.2323,61.9105,62.6085,63.3285,64.0732,64.8457,65.6503,66.4922,67.3778,68.3152,69.3147,70.389,71.554,72.8296,74.2401,75.8153,77.59,79.6028,81.8916,84.484,87.3779,90.5099,93.7169,96.7072,99.088,100.481,100.691,99.8174,98.1922,96.2236,94.2488,92.4758,90.9936,89.8088,88.8794,88.1383,87.5076,86.91,86.2782,85.5633,84.7399,83.8067,82.7816,81.6937,80.5751,79.4544,78.3538,77.2879,76.2652,75.2888,74.3586,73.4723,72.6264,71.8172,71.0407,70.2933,69.5718,68.8735,68.1961,67.5377,66.8968,66.2723,65.6632,65.0692,64.4898,63.9249,63.3746,62.8389,62.3183,61.813,61.3236,60.8506,60.3947,59.9564,59.5368,59.1364,58.7563,58.3974,58.0606,57.7471,57.4581,57.1947,56.9585,56.7508,56.5732,56.4277,56.3159,56.2402,56.203,56.2066,56.2544,56.3493,56.4953,56.6964,56.9575,57.2838,57.6817,58.1583,58.7215,59.3809,60.1474,61.0338,62.0548,63.228,64.5741,66.1177,67.8881,69.9203,72.2568,74.949,78.0598,81.6661,85.8633,90.7695,96.5324,103.337,111.418,121.067,132.656,146.643,163.592,184.165,209.081,238.995,274.216,314.187,356.69,397.089,428.431,443.432,438.003,413.685,376.658,334.356,292.614,254.752,222.046,194.54,171.71,152.849,137.261,124.331,113.549,104.503,96.8629,90.3656,84.8034,80.0104,75.854,72.2278,69.0457,66.2378,63.7468,61.5256,59.5352,57.7431,56.1222,54.6494,53.3056,52.074,50.9407,49.8936,48.9223,48.0177,47.1721,46.3787,45.6314,44.9252,44.2553,43.6179,43.0094,42.4266,41.8667,41.3273,40.8063,40.3017,39.8118,39.3352,38.8703,38.4162,37.9717,37.5358,37.1079,36.6871,36.2729,35.8646,35.4619,35.0642,
 ,73,47.0668,47.348,47.6067,47.8421,48.0538,48.2414,48.4048,48.544,48.659,48.7502,48.8181,48.8634,48.8866,48.8887,48.8707,48.8337,48.7788,48.7072,48.6201,48.5189,48.4049,48.2793,48.1435,47.9987,47.8462,47.6871,47.5226,47.3539,47.182,47.0079,46.8326,46.6569,46.4818,46.308,46.1363,45.9674,45.8018,45.6403,45.4834,45.3316,45.1853,45.0451,44.9114,44.7845,44.6647,44.5525,44.4481,44.3518,44.2639,44.1846,44.1142,44.0527,44.0006,43.9579,43.9248,43.9014,43.888,43.8847,43.8916,43.9088,43.9364,43.9747,44.0236,44.0833,44.1538,44.2354,44.3279,44.4317,44.5467,44.673,44.8107,44.9599,45.1206,45.2929,45.4769,45.6727,45.8802,46.0996,46.3309,46.5742,46.8295,47.0968,47.3763,47.6679,47.9716,48.2876,48.6157,48.9562,49.309,49.674,50.0514,50.4412,50.8433,51.2577,51.6845,52.1237,52.5753,53.0393,53.5157,54.0045,54.5058,55.0196,55.5461,56.0853,56.6372,57.2021,57.7802,58.3717,58.9771,59.5967,60.2312,60.8813,61.5479,62.2321,62.9356,63.66,64.4078,65.1819,65.9858,66.8242,67.7029,68.6294,69.6129,70.6654,71.8021,73.0425,74.4116,75.9413,77.6722,79.6549,81.9506,84.6284,87.756,91.375,95.4526,99.8021,104,107.382,109.241,109.195,107.432,104.584,101.361,98.2809,95.608,93.4154,91.6704,90.2936,89.1918,88.2743,87.46,86.6825,85.893,85.0617,84.1768,83.2409,82.2663,81.2697,80.268,79.2755,78.3029,77.3573,76.4421,75.5587,74.7063,73.8836,73.0883,72.3182,71.5711,70.8447,70.1374,69.4475,68.774,68.1158,67.4722,66.8427,66.2272,65.6255,65.0377,64.464,63.9048,63.3604,62.8314,62.3184,61.8219,61.3428,60.8816,60.4393,60.0168,59.6149,59.2346,58.877,58.5431,58.2341,57.9513,57.6961,57.4699,57.2742,57.111,56.982,56.8893,56.8354,56.8228,56.8543,56.9333,57.0632,57.2482,57.493,57.8027,58.1835,58.642,59.1863,59.8253,60.5697,61.4316,62.4252,63.5674,64.8776,66.3793,68.0999,70.0725,72.3366,74.9399,77.9403,81.408,85.429,90.1092,95.5789,101.999,109.569,118.533,129.192,141.904,157.091,175.212,196.716,221.915,250.763,282.475,315.071,345.041,367.65,378.275,374.416,357.005,329.881,297.927,265.318,234.755,207.552,184.07,164.141,147.365,133.281,121.445,111.467,103.018,95.8251,89.6679,84.3669,79.7766,75.7793,72.2792,69.1979,66.4713,64.0465,61.8795,59.9339,58.179,56.5891,55.1424,53.8204,52.6072,51.4896,50.4556,49.4953,48.6,47.7619,46.9747,46.2324,45.53,44.863,44.2275,43.6199,43.0373,42.477,41.9364,41.4136,40.9066,40.4137,39.9335,39.4647,39.006,38.5566,38.1154,37.6818,37.255,36.8343,36.4194,36.0096,35.6047,
 ,72,48.3261,48.6206,48.8905,49.1353,49.3542,49.5469,49.7132,49.853,49.9666,50.0543,50.1166,50.1542,50.168,50.1589,50.1281,50.0768,50.0062,49.9178,49.8128,49.6929,49.5593,49.4136,49.2572,49.0914,48.9176,48.7371,48.5513,48.3612,48.1681,47.9729,47.7768,47.5808,47.3856,47.1921,47.0012,46.8135,46.6297,46.4504,46.2763,46.1078,45.9454,45.7896,45.6408,45.4995,45.3659,45.2403,45.1232,45.0147,44.9152,44.8248,44.7439,44.6725,44.6109,44.5593,44.5179,44.4867,44.466,44.4559,44.4566,44.468,44.4905,44.524,44.5687,44.6247,44.6921,44.7709,44.8613,44.9634,45.0771,45.2027,45.3402,45.4897,45.6512,45.8247,46.0105,46.2085,46.4187,46.6414,46.8764,47.124,47.384,47.6567,47.9419,48.2398,48.5504,48.8737,49.2099,49.5588,49.9205,50.2951,50.6826,51.083,51.4963,51.9226,52.3618,52.8139,53.279,53.7572,54.2483,54.7525,55.2699,55.8003,56.344,56.901,57.4714,58.0555,58.6534,59.2655,59.892,60.5336,61.1909,61.8644,62.5553,63.2648,63.9944,64.7462,65.5225,66.3265,67.1621,68.0344,68.9497,69.9162,70.9443,72.0477,73.2437,74.5555,76.0129,77.6557,79.5358,81.7216,84.3009,87.3832,91.0933,95.548,100.79,106.654,112.576,117.484,120.091,119.657,116.553,111.957,107.067,102.632,98.9407,96.0031,93.7111,91.9249,90.5115,89.3567,88.3677,87.4724,86.6179,85.7694,84.9072,84.0241,83.1215,82.2059,81.2859,80.3698,79.4648,78.5757,77.7058,76.8569,76.0291,75.2221,74.435,73.6666,72.9157,72.181,71.4615,70.7565,70.0652,69.3872,68.7221,68.0699,67.4307,66.8045,66.1916,65.5925,65.0077,64.4377,63.883,63.3444,62.8227,62.3185,61.8327,61.3662,60.9198,60.4945,60.0914,59.7113,59.3555,59.0251,58.7214,58.4457,58.1996,57.9845,57.8021,57.6544,57.5434,57.4713,57.4408,57.4546,57.5158,57.6279,57.7949,58.0212,58.312,58.673,59.1109,59.633,60.2481,60.9662,61.7989,62.7598,63.8645,65.1314,66.5824,68.2431,70.1437,72.3206,74.8172,77.6855,80.9882,84.8011,89.2161,94.3447,100.322,107.31,115.505,125.136,136.468,149.787,165.379,183.472,204.132,227.097,251.54,275.835,297.473,313.371,320.712,318.026,305.855,286.492,263.008,238.246,214.264,192.25,172.715,155.732,141.137,128.666,118.028,108.944,101.169,94.4889,88.7253,83.7293,79.3778,75.5691,72.2193,69.2589,66.6303,64.2855,62.1845,60.2934,58.584,57.0322,55.6175,54.3226,53.1324,52.0341,51.0165,50.0702,49.1865,48.3583,47.5792,46.8434,46.1463,45.4833,44.8507,44.2451,43.6635,43.1033,42.5621,42.0378,41.5287,41.0331,40.5496,40.0768,39.6138,39.1595,38.7129,38.2735,37.8404,37.4132,36.9913,36.5744,36.162,
 ,71,49.6483,49.9573,50.2397,50.4945,50.7213,50.9194,51.0887,51.2291,51.341,51.4245,51.4804,51.5094,51.5126,51.491,51.4459,51.3787,51.2907,51.1837,51.0591,50.9184,50.7634,50.5956,50.4166,50.2279,50.031,49.8274,49.6183,49.4051,49.1891,48.9713,48.7529,48.5348,48.3181,48.1036,47.8921,47.6843,47.481,47.2829,47.0905,46.9042,46.7247,46.5525,46.3878,46.2312,46.0829,45.9433,45.8127,45.6914,45.5796,45.4776,45.3855,45.3037,45.2322,45.1712,45.121,45.0817,45.0534,45.0362,45.0302,45.0357,45.0527,45.0813,45.1216,45.1737,45.2377,45.3137,45.4018,45.5021,45.6146,45.7395,45.8767,46.0264,46.1887,46.3636,46.5512,46.7515,46.9647,47.1907,47.4297,47.6817,47.9468,48.225,48.5163,48.8208,49.1386,49.4697,49.8141,50.1719,50.5432,50.9278,51.3259,51.7375,52.1627,52.6013,53.0536,53.5194,53.9988,54.4919,54.9986,55.519,56.0532,56.6012,57.1631,57.739,58.329,58.9333,59.5522,60.186,60.8349,61.4996,62.1807,62.8788,63.5952,64.3309,65.0877,65.8676,66.6731,67.5075,68.3751,69.2811,70.2322,71.2373,72.3079,73.4585,74.7089,76.0848,77.6207,79.3629,81.3744,83.7402,86.5755,90.0328,94.3051,99.6083,106.11,113.739,121.832,128.797,132.46,131.489,126.569,119.742,112.882,106.967,102.242,98.5969,95.8147,93.6799,92.0119,90.6695,89.5449,88.5579,87.6507,86.7832,85.9303,85.0781,84.221,83.3586,82.4937,81.6302,80.7721,79.9227,79.0844,78.2588,77.4466,76.6482,75.8632,75.0914,74.3323,73.5855,72.8505,72.1271,71.4151,70.7145,70.0253,69.3478,68.6823,68.0292,67.389,66.7622,66.1495,65.5517,64.9693,64.4032,63.8541,63.3231,62.8108,62.3182,61.8462,61.3959,60.9682,60.5641,60.1848,59.8316,59.5055,59.2079,58.9404,58.7043,58.5014,58.3336,58.2027,58.1111,58.0611,58.0555,58.0973,58.1898,58.337,58.5429,58.8126,59.1515,59.5659,60.0629,60.6508,61.339,62.1384,63.0615,64.1232,65.3405,66.7333,68.3251,70.1436,72.2212,74.5968,77.3163,80.4342,84.0158,88.1385,92.8947,98.3937,104.763,112.152,120.726,130.666,142.149,155.327,170.272,186.9,204.859,223.397,241.263,256.726,267.826,272.87,271.002,262.536,248.822,231.759,213.226,194.718,177.218,161.26,147.044,134.562,123.697,114.278,106.124,99.0614,92.931,87.5946,82.9333,78.8463,75.2482,72.0676,69.244,66.727,64.4738,62.4485,60.6205,58.9638,57.4563,56.0791,54.8159,53.6526,52.5772,51.5792,50.6494,49.7797,48.9634,48.194,47.4665,46.7759,46.1181,45.4894,44.8866,44.3067,43.7472,43.2059,42.6806,42.1697,41.6716,41.1849,40.7083,40.2408,39.7815,39.3295,38.8841,38.4447,38.0107,37.5816,37.1571,36.7369,
 ,70,51.0377,51.3626,51.6585,51.9244,52.1596,52.3635,52.536,52.6769,52.7866,52.8653,52.9139,52.9333,52.9245,52.8889,52.8279,52.7429,52.6358,52.5081,52.3617,52.1983,52.0198,51.8278,51.6242,51.4105,51.1884,50.9596,50.7253,50.4872,50.2464,50.0042,49.7617,49.5201,49.2803,49.0433,48.8098,48.5807,48.3567,48.1384,47.9265,47.7215,47.5239,47.3341,47.1526,46.9798,46.816,46.6616,46.5169,46.382,46.2573,46.143,46.0393,45.9465,45.8646,45.7938,45.7344,45.6865,45.6501,45.6254,45.6127,45.6118,45.6231,45.6465,45.6822,45.7302,45.7907,45.8638,45.9494,46.0478,46.1591,46.2831,46.4201,46.5701,46.7332,46.9095,47.099,47.3018,47.518,47.7476,47.9907,48.2474,48.5177,48.8016,49.0994,49.4109,49.7362,50.0754,50.4286,50.7957,51.1769,51.572,51.9814,52.4048,52.8424,53.2941,53.7601,54.2403,54.7349,55.2437,55.7669,56.3044,56.8564,57.4229,58.0041,58.5998,59.2105,59.8362,60.4772,61.1337,61.8063,62.4952,63.2013,63.9253,64.6682,65.4313,66.2163,67.0252,67.8606,68.7259,69.6255,70.5647,71.5508,72.5928,73.7026,74.8961,76.194,77.6241,79.2241,81.0453,83.1585,85.662,88.6926,92.4392,97.1549,103.153,110.739,119.986,130.21,139.324,144.135,142.581,135.743,126.692,117.995,110.788,105.213,101.014,97.8625,95.4722,93.6218,92.1468,90.927,89.8755,88.9301,88.0474,87.1983,86.3647,85.5362,84.7083,83.8796,83.0509,82.2238,81.4001,80.5815,79.7693,78.9643,78.1672,77.3784,76.598,75.8262,75.0631,74.3088,73.5636,72.8276,72.1013,71.385,70.6794,69.9849,69.3022,68.6321,67.9752,67.3322,66.7042,66.0918,65.496,64.9177,64.3577,63.8169,63.2963,62.797,62.3198,61.8658,61.4361,61.0317,60.6539,60.304,59.983,59.6926,59.4341,59.2093,59.0199,58.8677,58.755,58.6841,58.6577,58.6784,58.7497,58.8752,59.0589,59.3054,59.62,60.0086,60.4779,61.0355,61.6905,62.4528,63.3342,64.3481,65.5103,66.8387,68.3547,70.0829,72.052,74.2961,76.8549,79.7747,83.1104,86.9256,91.2944,96.3021,102.045,108.631,116.172,124.782,134.557,145.553,157.747,170.981,184.897,198.868,211.97,223.032,230.816,234.303,232.99,227.059,217.312,204.919,191.106,176.928,163.154,150.266,138.51,127.969,118.619,110.379,103.143,96.7965,91.2273,86.3333,82.0228,78.2158,74.8429,71.8446,69.1696,66.7745,64.6221,62.6805,60.9225,59.3246,57.8668,56.5317,55.3043,54.1716,53.1223,52.1465,51.2356,50.3822,49.5795,48.8217,48.1037,47.4209,46.7694,46.1456,45.5463,44.9688,44.4106,43.8695,43.3436,42.8312,42.3307,41.8409,41.3606,40.8886,40.4243,39.9666,39.5151,39.069,38.6279,38.1914,37.7591,37.3306,
 ,69,52.4986,52.8409,53.1516,53.4296,53.674,53.8842,54.06,54.2013,54.3082,54.3815,54.4218,54.4303,54.4081,54.3568,54.278,54.1734,54.045,53.8945,53.724,53.5356,53.3312,53.1127,52.8821,52.6412,52.3918,52.1355,51.8741,51.6089,51.3414,51.0729,50.8046,50.5377,50.2732,50.0121,49.7552,49.5033,49.2572,49.0175,48.785,48.56,48.3431,48.1349,47.9357,47.7458,47.5657,47.3956,47.2359,47.0867,46.9485,46.8213,46.7054,46.6009,46.5081,46.4271,46.358,46.3011,46.2563,46.2238,46.2038,46.1964,46.2016,46.2196,46.2505,46.2943,46.3511,46.421,46.5042,46.6006,46.7104,46.8336,46.9704,47.1207,47.2846,47.4624,47.6539,47.8592,48.0785,48.3119,48.5593,48.8209,49.0966,49.3867,49.6911,50.0099,50.3431,50.6909,51.0532,51.4301,51.8217,52.228,52.649,53.0848,53.5355,54.0011,54.4815,54.9769,55.4873,56.0127,56.5532,57.1087,57.6795,58.2656,58.867,59.4839,60.1163,60.7645,61.4289,62.1095,62.8068,63.5213,64.2537,65.0047,65.7754,66.567,67.3812,68.22,69.0861,69.9828,70.9145,71.8866,72.9064,73.9832,75.1289,76.3598,77.6972,79.1697,80.8163,82.6906,84.867,87.4499,90.5867,94.4841,99.4267,105.78,113.931,124.047,135.461,145.825,151.32,149.418,141.463,131.157,121.465,113.583,107.575,103.096,99.7572,97.2352,95.2883,93.7415,92.4692,91.3817,90.415,89.5242,88.6784,87.8569,87.0469,86.2408,85.4348,84.6275,83.8189,83.0095,82.2005,81.3928,80.5873,79.7849,78.9862,78.1918,77.4025,76.6187,75.8411,75.0701,74.3066,73.5512,72.8046,72.0677,71.3413,70.6261,69.9232,69.2335,68.5578,67.8971,67.2523,66.6245,66.0145,65.4234,64.8521,64.3016,63.7729,63.267,62.7849,62.3278,61.8968,61.4929,61.1174,60.7716,60.4568,60.1745,59.9262,59.7137,59.5389,59.4037,59.3104,59.2615,59.2598,59.3082,59.4103,59.57,59.7915,60.0797,60.4403,60.8795,61.4045,62.0233,62.7454,63.5816,64.5438,65.6465,66.9059,68.3407,69.9727,71.827,73.9328,76.3237,79.0386,82.122,85.6249,89.605,94.1265,99.259,105.076,111.648,119.038,127.284,136.384,146.264,156.743,167.497,178.033,187.682,195.66,201.181,203.622,202.683,198.472,191.471,182.409,172.085,161.232,150.43,140.082,130.432,121.603,113.627,106.484,100.12,94.4659,89.4488,84.9964,81.0406,77.5201,74.3798,71.5715,69.0527,66.7867,64.7417,62.8899,61.2073,59.6732,58.2694,56.9803,55.7923,54.6932,53.6728,52.7217,51.8321,50.9967,50.2094,49.4646,48.7575,48.0837,47.4395,46.8214,46.2263,45.6518,45.0954,44.5549,44.0286,43.5149,43.0122,42.5194,42.0352,41.5587,41.0892,40.6257,40.1678,39.7148,39.2663,38.8219,38.3813,37.9443,
 ,68,54.0358,54.3972,54.7242,55.0154,55.2699,55.4869,55.666,55.8074,55.9113,55.9782,56.0091,56.0053,55.968,55.8992,55.8005,55.674,55.5219,55.3462,55.1492,54.9333,54.7004,54.4529,54.1928,53.9222,53.6431,53.3571,53.0661,52.7717,52.4755,52.1787,51.8827,51.5887,51.2978,51.0109,50.729,50.4528,50.1832,49.9209,49.6664,49.4203,49.1831,48.9553,48.7373,48.5294,48.332,48.1455,47.97,47.8059,47.6534,47.5126,47.3838,47.2672,47.1629,47.0711,46.9919,46.9254,46.8718,46.8312,46.8037,46.7894,46.7883,46.8006,46.8264,46.8658,46.9187,46.9854,47.0659,47.1603,47.2686,47.3909,47.5274,47.678,47.8429,48.0221,48.2156,48.4237,48.6463,48.8835,49.1354,49.4021,49.6837,49.98,50.2914,50.6178,50.9593,51.316,51.6879,52.0751,52.4776,52.8955,53.3289,53.7777,54.2421,54.7221,55.2178,55.7291,56.2562,56.7991,57.3579,57.9325,58.5231,59.1297,59.7525,60.3915,61.0469,61.719,62.4078,63.1138,63.8372,64.5787,65.3387,66.1181,66.9179,67.7392,68.5838,69.4535,70.3511,71.2798,72.2437,73.2484,74.3008,75.4102,76.5884,77.8512,79.2196,80.7218,82.3962,84.2953,86.492,89.0884,92.2278,96.1105,101.01,107.271,115.253,125.086,136.093,146.017,151.27,149.5,141.949,132.087,122.732,115.064,109.177,104.761,101.449,98.9336,96.9823,95.4264,94.1443,93.0493,92.079,91.1894,90.3493,89.5374,88.7396,87.9469,87.1539,86.3579,85.5578,84.7534,83.9452,83.134,82.3208,81.5064,80.6919,79.8783,79.0664,78.2573,77.4519,76.6512,75.8563,75.0681,74.2877,73.5161,72.7544,72.0036,71.265,70.5395,69.8282,69.1321,68.4523,67.79,67.146,66.5215,65.9174,65.3349,64.7748,64.2383,63.7263,63.2401,62.7805,62.3489,61.9463,61.574,61.2333,60.9257,60.6526,60.4156,60.2166,60.0575,59.9404,59.8677,59.8419,59.866,59.9433,60.0773,60.272,60.5322,60.8628,61.2698,61.7598,62.3402,63.0195,63.8076,64.7153,65.7553,66.9422,68.2922,69.8243,71.5601,73.5243,75.7446,78.253,81.0848,84.2798,87.8814,91.936,96.4914,101.594,107.284,113.587,120.507,128.006,135.989,144.282,152.612,160.599,167.77,173.595,177.569,179.305,178.62,175.579,170.478,163.778,156.005,147.664,139.183,130.886,122.992,115.632,108.867,102.712,97.1508,92.1476,87.658,83.6336,80.0264,76.7908,73.8843,71.2689,68.9101,66.7774,64.844,63.0862,61.483,60.0164,58.6702,57.4304,56.2845,55.2218,54.2326,53.3085,52.4419,51.6264,50.856,50.1256,49.4305,48.7667,48.1306,47.5189,46.9288,46.3578,45.8035,45.2641,44.7377,44.2227,43.7179,43.222,42.7339,42.2528,41.7779,41.3083,40.8437,40.3835,39.9272,39.4746,39.0253,38.5791,
 ,67,55.6542,56.0367,56.3816,56.6873,56.9527,57.177,57.3598,57.501,57.6012,57.6608,57.6811,57.6633,57.6092,57.5207,57.3999,57.2491,57.0706,56.867,56.6408,56.3944,56.1304,55.8511,55.5588,55.2559,54.9443,54.6262,54.3033,53.9774,53.6501,53.3229,52.9972,52.6741,52.3549,52.0405,51.732,51.43,51.1355,50.849,50.5713,50.3028,50.0441,49.7956,49.5578,49.3309,49.1154,48.9115,48.7195,48.5395,48.372,48.217,48.0748,47.9454,47.8291,47.726,47.6361,47.5598,47.497,47.4478,47.4123,47.3908,47.3831,47.3895,47.41,47.4447,47.4937,47.5569,47.6346,47.7268,47.8336,47.955,48.0911,48.2421,48.4078,48.5886,48.7843,48.9952,49.2212,49.4625,49.7191,49.9911,50.2786,50.5816,50.9003,51.2347,51.5848,51.9508,52.3327,52.7306,53.1446,53.5747,54.021,54.4835,54.9623,55.4575,55.9691,56.4972,57.0419,57.6032,58.1811,58.7758,59.3872,60.0155,60.6608,61.3232,62.0029,62.7,63.4147,64.1474,64.8984,65.6682,66.4573,67.2665,68.0968,68.9492,69.8255,70.7273,71.6573,72.6186,73.6152,74.6523,75.7366,76.8768,78.0841,79.3737,80.7651,82.2851,83.9692,85.866,88.0421,90.5891,93.6331,97.3457,101.951,107.715,114.876,123.43,132.695,140.814,145.093,143.83,137.908,129.891,122.012,115.34,110.075,106.035,102.949,100.57,98.6999,97.193,95.941,94.8651,93.9083,93.0294,92.199,91.3963,90.6071,89.8219,89.0348,88.2422,87.4424,86.6349,85.8199,84.998,84.1702,83.3376,82.5014,81.6629,80.8232,79.9839,79.1462,78.3114,77.4809,76.6558,75.8377,75.0278,74.2273,73.4376,72.6599,71.8954,71.1455,70.4112,69.6936,68.9941,68.3136,67.6532,67.0141,66.3972,65.8037,65.2345,64.6907,64.1734,63.6835,63.2224,62.7911,62.3907,62.0226,61.6882,61.3888,61.1259,60.9014,60.717,60.5747,60.4767,60.4255,60.4239,60.4748,60.5817,60.7482,60.9786,61.2777,61.6508,62.104,62.644,63.2786,64.0164,64.8674,65.8426,66.9547,68.218,69.6487,71.2648,73.0869,75.1379,77.4429,80.0298,82.9284,86.1703,89.7875,93.8105,98.2658,103.171,108.531,114.323,120.497,126.953,133.537,140.026,146.136,151.528,155.843,158.753,160.011,159.501,157.264,153.487,148.466,142.551,136.093,129.406,122.74,116.282,110.155,104.434,99.1503,94.3115,89.905,85.9071,82.2881,79.0156,76.0568,73.3803,70.9564,68.758,66.7601,64.9404,63.279,61.758,60.3615,59.0754,57.8872,56.786,55.7617,54.8057,53.9103,53.0686,52.2744,51.5222,50.8074,50.1254,49.4726,48.8454,48.2409,47.6562,47.0891,46.5374,45.9992,45.4728,44.9567,44.4498,43.9508,43.4587,42.9727,42.4921,42.0162,41.5445,41.0767,40.6122,40.1508,39.6923,39.2366,
 ,66,57.3591,57.7649,58.1295,58.4511,58.7284,58.9607,59.1473,59.2882,59.384,59.4353,59.4434,59.41,59.3368,59.2263,59.0808,58.9029,58.6953,58.4608,58.2022,57.9224,57.6241,57.31,56.9826,56.6444,56.2977,55.9447,55.5872,55.2274,54.8667,54.5068,54.1492,53.7951,53.4456,53.102,52.765,52.4355,52.1145,51.8025,51.5002,51.208,50.9266,50.6563,50.3975,50.1507,49.916,49.6938,49.4844,49.288,49.1047,48.9347,48.7783,48.6356,48.5067,48.3917,48.2908,48.204,48.1315,48.0734,48.0297,48.0006,47.986,47.9862,48.0012,48.031,48.0757,48.1354,48.2102,48.3001,48.4053,48.5257,48.6615,48.8127,48.9795,49.1618,49.3598,49.5735,49.8031,50.0486,50.3101,50.5876,50.8813,51.1913,51.5176,51.8603,52.2195,52.5952,52.9877,53.3968,53.8227,54.2655,54.7254,55.2022,55.6961,56.2073,56.7357,57.2814,57.8445,58.425,59.0231,59.6388,60.2722,60.9234,61.5924,62.2795,62.9846,63.7082,64.4502,65.2111,65.9911,66.7907,67.6105,68.4511,69.3134,70.1985,71.1079,72.0432,73.0068,74.0018,75.0317,76.1014,77.217,78.3867,79.6207,80.9328,82.3407,83.8683,85.547,87.4189,89.5408,91.9884,94.8622,98.2923,102.435,107.455,113.45,120.294,127.363,133.328,136.48,135.8,131.803,126.073,120.132,114.849,110.499,107.043,104.326,102.18,100.46,99.0501,97.8612,96.8272,95.8989,95.0396,94.223,93.43,92.6471,91.8652,91.0782,90.2826,89.4763,88.6587,87.8298,86.9904,86.1416,85.2844,84.4205,83.5515,82.6787,81.8041,80.9292,80.0556,79.1848,78.3186,77.4586,76.6063,75.7632,74.9308,74.1106,73.3038,72.512,71.7363,70.978,70.2384,69.5187,68.8199,68.1432,67.4897,66.8604,66.2564,65.6787,65.1284,64.6065,64.1141,63.6523,63.2222,62.8252,62.4624,62.1352,61.845,61.5936,61.3825,61.2137,61.0892,61.0113,60.9826,61.0059,61.0842,61.2211,61.4204,61.6866,62.0243,62.4393,62.9375,63.5258,64.2121,65.005,65.9141,66.9506,68.1267,69.4559,70.9533,72.6358,74.5216,76.6305,78.9835,81.6025,84.5094,87.725,91.267,95.1476,99.3698,103.922,108.774,113.868,119.11,124.368,129.468,134.194,138.306,141.557,143.727,144.655,144.268,142.591,139.746,135.926,131.369,126.32,121.008,115.627,110.328,105.224,100.386,95.8567,91.6561,87.7863,84.2382,80.9957,78.0383,75.3437,72.8891,70.6521,68.6116,66.7477,65.0419,63.4778,62.0402,60.7154,59.4912,58.3566,57.3017,56.3176,55.3964,54.5313,53.7157,52.9441,52.2114,51.5131,50.8453,50.2042,49.5866,48.9898,48.4111,47.8483,47.2994,46.7626,46.2363,45.7192,45.21,44.7077,44.2114,43.7203,43.2337,42.7511,42.272,41.796,41.3228,40.8522,40.3839,39.9179,
 ,65,59.1561,59.5875,59.9738,60.313,60.6035,60.8444,61.035,61.1754,61.2659,61.3077,61.302,61.2509,61.1564,61.0212,60.8481,60.64,60.4,60.1314,59.8371,59.5205,59.1847,58.8324,58.4667,58.0902,57.7053,57.3144,56.9197,56.5232,56.1266,55.7316,55.3398,54.9525,54.5708,54.1959,53.8287,53.4702,53.1211,52.782,52.4536,52.1364,51.831,51.5377,51.2569,50.989,50.7342,50.4928,50.2651,50.0512,49.8514,49.6658,49.4946,49.3379,49.1957,49.0683,48.9558,48.8582,48.7756,48.7081,48.6558,48.6187,48.597,48.5907,48.5999,48.6246,48.6649,48.7208,48.7926,48.8801,48.9835,49.103,49.2384,49.3899,49.5576,49.7416,49.9419,50.1587,50.3919,50.6418,50.9083,51.1917,51.4919,51.8091,52.1433,52.4947,52.8633,53.2492,53.6526,54.0734,54.5119,54.968,55.442,55.9338,56.4436,56.9714,57.5174,58.0815,58.664,59.2649,59.8842,60.522,61.1785,61.8537,62.5477,63.2607,63.9928,64.7442,65.5151,66.3057,67.1163,67.9474,68.7995,69.6732,70.5692,71.4886,72.4328,73.4031,74.4019,75.4317,76.496,77.599,78.7461,79.9448,81.2041,82.5358,83.9555,85.4833,87.1458,88.9774,91.0228,93.3401,96.0015,99.0937,102.709,106.923,111.731,116.949,122.081,126.264,128.523,128.311,125.894,122.151,118.018,114.125,110.754,107.959,105.681,103.826,102.299,101.019,99.9174,98.9427,98.0544,97.222,96.4227,95.6399,94.8616,94.0794,93.2878,92.4835,91.6645,90.8304,89.9811,89.1176,88.2413,87.3534,86.4558,85.5504,84.6389,83.7235,82.806,81.8885,80.9727,80.0608,79.1544,78.2553,77.3655,76.4864,75.6197,74.767,73.9298,73.1094,72.3072,71.5245,70.7626,70.0227,69.3059,68.6132,67.9458,67.3048,66.6911,66.1057,65.5498,65.0243,64.5303,64.0689,63.6413,63.2486,62.8922,62.5733,62.2936,62.0545,61.858,61.7057,61.5999,61.5429,61.5373,61.586,61.6921,61.8591,62.0911,62.3925,62.7681,63.2234,63.7646,64.3984,65.1326,65.9755,66.9365,68.0259,69.2552,70.6368,72.1841,73.9115,75.8343,77.9678,80.3275,82.9278,85.7811,88.8958,92.2745,95.9104,99.7847,103.861,108.083,112.368,116.606,120.659,124.366,127.552,130.046,131.696,132.397,132.098,130.817,128.634,125.68,122.118,118.124,113.864,109.488,105.118,100.85,96.7514,92.8663,89.2209,85.8262,82.6831,79.7847,77.1195,74.673,72.4293,70.3719,68.4846,66.7519,65.1588,63.6916,62.3377,61.0854,59.924,58.844,57.8367,56.8941,56.0091,55.1754,54.3872,53.6393,52.927,52.2462,51.5931,50.9645,50.3571,49.7685,49.1962,48.638,48.0921,47.5568,47.0307,46.5125,46.0009,45.4952,44.9944,44.4978,44.0049,43.5151,43.028,42.5433,42.0608,41.5803,41.1016,40.6248,
 ,64,61.0509,61.5108,61.9211,62.2797,62.5847,62.8349,63.0298,63.1692,63.2537,63.2845,63.2632,63.1921,63.0737,62.9109,62.7069,62.4652,62.1893,61.8827,61.5492,61.1922,60.815,60.4212,60.0137,59.5953,59.169,58.7373,58.3023,57.8663,57.4312,56.9986,56.5703,56.1475,55.7314,55.3233,54.924,54.5346,54.1556,53.7879,53.4319,53.0884,52.7577,52.4401,52.1362,51.8461,51.5701,51.3086,51.0617,50.8296,50.6125,50.4104,50.2237,50.0523,49.8963,49.7559,49.6312,49.5223,49.4291,49.3518,49.2905,49.2452,49.2159,49.2028,49.2059,49.2253,49.261,49.3131,49.3816,49.4666,49.5683,49.6866,49.8216,49.9735,50.1422,50.3278,50.5306,50.7504,50.9875,51.242,51.5138,51.8031,52.1101,52.4348,52.7773,53.1376,53.5161,53.9126,54.3274,54.7605,55.212,55.6821,56.1709,56.6784,57.2047,57.75,58.3145,58.898,59.5007,60.1228,60.7645,61.4256,62.1063,62.8068,63.5271,64.2675,65.0279,65.8087,66.6099,67.4319,68.2749,69.1393,70.0255,70.9341,71.8658,72.8214,73.8022,74.8094,75.8452,76.9116,78.0116,79.1491,80.3287,81.5568,82.8409,84.1912,85.6204,87.1449,88.7856,90.5691,92.5283,94.7037,97.1424,99.8944,103.003,106.481,110.276,114.204,117.908,120.862,122.536,122.644,121.322,119.031,116.316,113.597,111.113,108.953,107.12,105.574,104.261,103.129,102.129,101.225,100.385,99.584,98.8042,98.0316,97.256,96.4703,95.6697,94.8515,94.0141,93.1571,92.2811,91.3872,90.4768,89.5518,88.6142,87.6663,86.7101,85.748,84.7824,83.8156,82.8496,81.8867,80.9291,79.9786,79.0375,78.1074,77.1902,76.2876,75.4012,74.5325,73.6831,72.854,72.047,71.263,70.5032,69.7688,69.0608,68.3804,67.7285,67.106,66.5141,65.9536,65.4257,64.9313,64.4715,64.0474,63.6603,63.3113,63.002,62.7337,62.508,62.3268,62.1919,62.1055,62.07,62.0879,62.1622,62.296,62.493,62.757,63.0925,63.5043,63.9978,64.5791,65.2546,66.0316,66.9181,67.9228,69.0551,70.325,71.7432,73.321,75.0695,77,79.1229,81.4468,83.9782,86.719,89.6655,92.8055,96.1163,99.5615,103.088,106.625,110.081,113.348,116.303,118.818,120.77,122.054,122.596,122.362,121.363,119.656,117.33,114.501,111.295,107.839,104.245,100.614,97.0247,93.5376,90.1958,87.0274,84.0483,81.265,78.677,76.2791,74.0625,72.0167,70.1297,68.3894,66.7836,65.3005,63.9288,62.6579,61.478,60.3798,59.3551,58.3962,57.4959,56.648,55.8468,55.0868,54.3635,53.6725,53.01,52.3724,51.7568,51.1601,50.5801,50.0144,49.4611,48.9183,48.3846,47.8586,47.3391,46.825,46.3155,45.8099,45.3074,44.8076,44.3101,43.8145,43.3206,42.8281,42.337,41.8472,41.3587,
 ,63,63.0497,63.541,63.9781,64.358,64.679,64.9395,65.1388,65.2769,65.3544,65.3727,65.3338,65.2401,65.0947,64.9009,64.6624,64.3834,64.0676,63.7192,63.3422,62.9407,62.5184,62.079,61.6259,61.1622,60.6911,60.2151,59.7368,59.2583,58.7818,58.309,57.8416,57.3809,56.9283,56.4848,56.0516,55.6293,55.2189,54.8208,54.4359,54.0645,53.7071,53.364,53.0356,52.7223,52.4241,52.1414,51.8744,51.6232,51.3879,51.1687,50.9656,50.7789,50.6085,50.4546,50.3171,50.1963,50.0921,50.0046,49.9338,49.8799,49.8428,49.8226,49.8194,49.8332,49.864,49.912,49.9772,50.0596,50.1594,50.2765,50.4111,50.5632,50.733,50.9204,51.1256,51.3487,51.5898,51.8489,52.1262,52.4218,52.7358,53.0683,53.4194,53.7892,54.1778,54.5854,55.0121,55.458,55.9231,56.4078,56.912,57.4359,57.9796,58.5432,59.1268,59.7306,60.3547,60.9992,61.6641,62.3496,63.0559,63.783,64.5311,65.3002,66.0906,66.9024,67.7356,68.5908,69.4679,70.3675,71.2897,72.2352,73.2046,74.1986,75.2182,76.2646,77.3393,78.4444,79.5823,80.7562,81.97,83.2288,84.5389,85.9084,87.3474,88.8683,90.487,92.2221,94.0965,96.1357,98.3664,100.812,103.483,106.362,109.378,112.382,115.13,117.311,118.637,118.959,118.344,117.035,115.339,113.523,111.768,110.164,108.741,107.492,106.392,105.412,104.521,103.693,102.904,102.138,101.378,100.615,99.8393,99.0466,98.2325,97.3951,96.5334,95.6476,94.7384,93.8074,92.8564,91.8876,90.9034,89.9064,88.8991,87.8843,86.8645,85.8424,84.8205,83.8012,82.7871,81.7802,80.7829,79.7972,78.825,77.8683,76.9287,76.0079,75.1074,74.2286,73.3732,72.5419,71.7363,70.9574,70.2062,69.484,68.7915,68.1298,67.4998,66.9025,66.3387,65.8096,65.316,64.859,64.4397,64.0593,63.719,63.4202,63.1643,62.9529,62.7879,62.6711,62.6047,62.591,62.6326,62.7324,62.8937,63.1198,63.4147,63.7827,64.2286,64.7574,65.3748,66.0871,66.901,67.8235,68.8626,70.0262,71.3227,72.7606,74.3483,76.0934,78.0027,80.0809,82.33,84.7479,87.3272,90.0532,92.9019,95.8388,98.8162,101.773,104.635,107.314,109.718,111.748,113.314,114.34,114.771,114.585,113.79,112.425,110.555,108.265,105.649,102.802,99.8149,96.7663,93.7226,90.737,87.8489,85.0861,82.4662,79.9991,77.6881,75.5321,73.5264,71.6642,69.9372,68.3364,66.8524,65.4757,64.1971,63.0079,61.8997,60.8646,59.8954,58.9852,58.1279,57.3179,56.5498,55.8189,55.1208,54.4518,53.8081,53.1866,52.5844,51.9989,51.4278,50.869,50.3206,49.781,49.2488,48.7228,48.2018,47.6849,47.1713,46.6604,46.1515,45.6443,45.1385,44.6337,44.1298,43.6266,43.1242,42.6225,42.1215,
 ,62,65.1587,65.685,66.1515,66.5553,66.8939,67.1656,67.3696,67.5059,67.5753,67.5793,67.5203,67.4012,67.2254,66.9969,66.7201,66.3993,66.0394,65.6447,65.2199,64.7695,64.2977,63.8087,63.306,62.7931,62.2734,61.7498,61.2247,60.7007,60.1798,59.664,59.1548,58.6538,58.1623,57.6814,57.2121,56.7551,56.3113,55.8813,55.4658,55.0651,54.6795,54.3096,53.9556,53.6178,53.2964,52.9915,52.7034,52.4321,52.1778,51.9406,51.7205,51.5178,51.3323,51.1642,51.0135,50.8802,50.7645,50.6663,50.5857,50.5228,50.4775,50.4499,50.4401,50.448,50.4738,50.5175,50.5793,50.6589,50.7567,50.8726,51.0067,51.1591,51.3299,51.5191,51.7269,51.9534,52.1985,52.4625,52.7455,53.0476,53.3688,53.7094,54.0695,54.449,54.8483,55.2674,55.7065,56.1657,56.6452,57.145,57.6653,58.2063,58.7681,59.3508,59.9547,60.5798,61.2261,61.894,62.5835,63.2946,64.0277,64.7828,65.56,66.3595,67.1813,68.0258,68.893,69.7831,70.6964,71.6331,72.5935,73.5781,74.5875,75.6222,76.683,77.771,78.8873,80.0337,81.212,82.4248,83.6753,84.9674,86.306,87.6973,89.1488,90.6694,92.2701,93.9633,95.763,97.6833,99.7365,101.928,104.252,106.677,109.136,111.516,113.657,115.374,116.508,116.979,116.819,116.157,115.167,114.016,112.829,111.682,110.615,109.635,108.736,107.903,107.119,106.367,105.631,104.898,104.157,103.401,102.623,101.819,100.987,100.125,99.233,98.3118,97.3627,96.3877,95.3891,94.3695,93.3317,92.2787,91.2135,90.1392,89.0587,87.975,86.891,85.8094,84.733,83.6642,82.6054,81.559,80.527,79.5116,78.5145,77.5375,76.5821,75.6499,74.7424,73.8608,73.0063,72.18,71.383,70.6163,69.8809,69.1776,68.5074,67.8712,67.2699,66.7042,66.1752,65.6837,65.2308,64.8175,64.4451,64.1145,63.8273,63.5847,63.3885,63.2403,63.1421,63.096,63.1043,63.1695,63.2945,63.4824,63.7366,64.0609,64.4593,64.9363,65.4967,66.1459,66.8895,67.7333,68.6836,69.747,70.9298,72.2386,73.6793,75.2572,76.9762,78.8384,80.8431,82.9859,85.2574,87.6423,90.1173,92.6507,95.2004,97.7144,100.131,102.378,104.382,106.067,107.361,108.207,108.564,108.414,107.764,106.643,105.102,103.205,101.025,98.638,96.1149,93.521,90.912,88.3334,85.8203,83.3988,81.0866,78.8947,76.8285,74.8894,73.0753,71.3822,69.8043,68.3349,66.9668,65.6923,64.504,63.3945,62.3569,61.3843,60.4703,59.6091,58.7951,58.0233,57.2888,56.5875,55.9154,55.2688,54.6445,54.0395,53.4512,52.8771,52.3151,51.7633,51.2199,50.6834,50.1526,49.6264,49.1035,48.5834,48.0653,47.5486,47.0328,46.5175,46.0027,45.4879,44.9732,44.4585,43.9438,43.4293,42.9149,
 ,61,67.3843,67.9494,68.4487,68.8789,69.237,69.5211,69.7301,69.8641,69.9241,69.9119,69.83,69.6821,69.4723,69.205,68.8852,68.5182,68.1092,67.6634,67.186,66.682,66.1561,65.6128,65.0562,64.4901,63.918,63.3428,62.7676,62.1947,61.6264,61.0646,60.511,59.9672,59.4344,58.9138,58.4062,57.9125,57.4336,56.9699,56.5221,56.0905,55.6754,55.2773,54.8964,54.5329,54.1871,53.859,53.5487,53.2565,52.9823,52.7263,52.4884,52.2689,52.0677,51.8848,51.7202,51.574,51.4462,51.3369,51.2461,51.1737,51.1199,51.0846,51.0679,51.0698,51.0903,51.1296,51.1876,51.2644,51.36,51.4746,51.6082,51.7609,51.9327,52.1238,52.3343,52.5641,52.8136,53.0827,53.3715,53.6803,54.0091,54.3581,54.7274,55.1172,55.5275,55.9585,56.4106,56.8836,57.3779,57.8935,58.4307,58.9895,59.5703,60.173,60.7979,61.4452,62.1149,62.8073,63.5225,64.2607,65.0219,65.8064,66.6142,67.4456,68.3008,69.1797,70.0827,71.0097,71.9612,72.9373,73.9383,74.9645,76.0163,77.0943,78.1992,79.3315,80.4923,81.6828,82.9047,84.1597,85.4503,86.7793,88.1503,89.5676,91.0364,92.5627,94.1534,95.8156,97.5568,99.3828,101.296,103.293,105.358,107.459,109.538,111.515,113.284,114.734,115.773,116.356,116.498,116.27,115.769,115.099,114.344,113.564,112.793,112.047,111.328,110.632,109.949,109.269,108.583,107.882,107.158,106.406,105.621,104.802,103.946,103.054,102.125,101.162,100.165,99.139,98.0852,97.0073,95.9083,94.7918,93.6613,92.5201,91.3718,90.2197,89.0668,87.9164,86.7715,85.6348,84.5089,83.3964,82.2995,81.2204,80.1611,79.1234,78.1091,77.1196,76.1564,75.2209,74.3142,73.4375,72.5917,71.778,70.9971,70.25,69.5375,68.8603,68.2194,67.6154,67.0493,66.5218,66.0339,65.5864,65.1804,64.817,64.4973,64.2225,63.9942,63.8139,63.6831,63.6039,63.5783,63.6085,63.6969,63.8464,64.0599,64.3407,64.6922,65.1184,65.6234,66.2115,66.8875,67.6564,68.523,69.4926,70.5703,71.7609,73.0687,74.4972,76.0486,77.7232,79.5188,81.4302,83.4475,85.5558,87.7338,89.9532,92.1772,94.3611,96.4524,98.392,100.117,101.564,102.675,103.402,103.711,103.589,103.039,102.088,100.776,99.1578,97.2931,95.2439,93.07,90.8255,88.5575,86.3049,84.0984,81.9612,79.9101,77.9557,76.1042,74.3582,72.7172,71.1788,69.7389,68.3926,67.134,65.9571,64.8559,63.8239,62.8554,61.9442,61.0851,60.2727,59.5022,58.7688,58.0684,57.3971,56.7513,56.1276,55.5231,54.935,54.3609,53.7984,53.2457,52.7009,52.1624,51.629,51.0994,50.5726,50.0476,49.5238,49.0005,48.4774,47.9539,47.4299,46.9052,46.3796,45.8533,45.3261,44.7982,44.2698,43.741,
 ,60,69.7328,70.3411,70.8771,71.3366,71.7163,72.0139,72.2283,72.3595,72.4086,72.3778,72.2701,72.0899,71.8417,71.5309,71.1634,70.7449,70.2816,69.7793,69.244,68.6813,68.0964,67.4941,66.879,66.2552,65.6265,64.996,64.3669,63.7417,63.1227,62.512,61.9111,61.3218,60.7452,60.1825,59.6345,59.1022,58.5862,58.087,57.6052,57.1411,56.6951,56.2674,55.8583,55.4679,55.0965,54.744,54.4106,54.0965,53.8015,53.5258,53.2695,53.0324,52.8147,52.6163,52.4373,52.2776,52.1373,52.0163,51.9148,51.8327,51.7699,51.7265,51.7027,51.6983,51.7133,51.7479,51.802,51.8758,51.9693,52.0825,52.2156,52.3685,52.5414,52.7344,52.9475,53.181,53.4348,53.7091,54.004,54.3197,54.6564,55.0141,55.393,55.7933,56.2152,56.6587,57.1241,57.6115,58.1212,58.6533,59.2081,59.7855,60.386,61.0097,61.6566,62.3271,63.0214,63.7395,64.4816,65.248,66.0388,66.8541,67.6943,68.5593,69.4494,70.3647,71.3054,72.2716,73.2635,74.2813,75.3253,76.3958,77.4929,78.6171,79.7688,80.9487,82.1574,83.3957,84.6648,85.966,87.3008,88.6712,90.0796,91.5288,93.0217,94.562,96.1532,97.7986,99.5007,101.26,103.073,104.931,106.816,108.698,110.532,112.259,113.81,115.116,116.122,116.799,117.155,117.227,117.073,116.755,116.329,115.838,115.311,114.763,114.203,113.629,113.038,112.425,111.784,111.11,110.399,109.647,108.851,108.011,107.125,106.195,105.223,104.21,103.159,102.073,100.956,99.8116,98.6432,97.4551,96.2511,95.0352,93.8113,92.5831,91.3542,90.128,88.9078,87.6967,86.4975,85.313,84.1455,82.9975,81.8711,80.768,79.6902,78.6392,77.6165,76.6233,75.661,74.7307,73.8332,72.9696,72.1407,71.3473,70.5902,69.87,69.1876,68.5435,67.9386,67.3735,66.849,66.366,65.9253,65.5278,65.1745,64.8667,64.6055,64.3922,64.2282,64.1154,64.0554,64.0502,64.1019,64.2131,64.3861,64.6239,64.9295,65.3061,65.7573,66.2868,66.8984,67.5963,68.3844,69.2671,70.2483,71.3315,72.5202,73.8164,75.2214,76.7349,78.3541,80.0735,81.8843,83.7729,85.7206,87.7028,89.6878,91.637,93.5047,95.2392,96.7847,98.0844,99.0854,99.7432,100.027,99.9229,99.4371,98.5931,97.4296,95.9957,94.3456,92.5341,90.6131,88.6293,86.6229,84.6269,82.6675,80.7647,78.9331,77.1821,75.5178,73.9428,72.4573,71.0598,69.7472,68.5155,67.3603,66.2764,65.2587,64.3019,63.4007,62.55,61.7451,60.9812,60.254,59.5593,58.8933,58.2523,57.6332,57.0327,56.4483,55.8773,55.3175,54.7668,54.2234,53.6856,53.152,52.6214,52.0927,51.5649,51.0373,50.5092,49.9802,49.4499,48.918,48.3844,47.8489,47.3115,46.7724,46.2317,45.6895,45.1461,44.6017,
 ,59,72.2107,72.8671,73.4438,73.936,74.3397,74.6523,74.8725,75.0002,75.0367,74.9847,74.8479,74.6311,74.3399,73.9806,73.5597,73.0841,72.5607,71.9963,71.3975,70.7705,70.1211,69.4548,68.7764,68.0903,67.4006,66.7108,66.0241,65.343,64.67,64.0071,63.3561,62.7185,62.0956,61.4884,60.8979,60.3248,59.7696,59.2331,58.7156,58.2174,57.7388,57.2802,56.8414,56.423,56.0247,55.6468,55.2893,54.9522,54.6355,54.3393,54.0636,53.8082,53.5733,53.3588,53.1647,52.991,52.8376,52.7046,52.5919,52.4995,52.4275,52.3757,52.3443,52.3333,52.3426,52.3723,52.4225,52.4931,52.5843,52.6961,52.8284,52.9816,53.1556,53.3505,53.5664,53.8035,54.0619,54.3415,54.6428,54.9658,55.3105,55.6772,56.0661,56.4774,56.9112,57.3676,57.8469,58.3494,58.8751,59.4244,59.9974,60.5942,61.2153,61.8608,62.5308,63.2256,63.9453,64.6904,65.4608,66.2569,67.0787,67.9266,68.8006,69.701,70.6279,71.5816,72.5621,73.5696,74.6044,75.6665,76.7561,77.8736,79.019,80.1925,81.3946,82.6255,83.8858,85.176,86.4965,87.8484,89.2325,90.6498,92.1018,93.5897,95.115,96.6792,98.2834,99.928,101.612,103.333,105.083,106.853,108.624,110.37,112.056,113.64,115.075,116.316,117.329,118.093,118.612,118.905,119.005,118.951,118.778,118.518,118.19,117.811,117.387,116.92,116.411,115.858,115.257,114.605,113.902,113.144,112.331,111.463,110.541,109.567,108.543,107.472,106.358,105.204,104.015,102.794,101.548,100.279,98.9925,97.6931,96.3851,95.0726,93.7596,92.4499,91.1471,89.8545,88.5753,87.3124,86.0684,84.8458,83.6468,82.4733,81.3273,80.2103,79.1239,78.0693,77.0478,76.0605,75.1081,74.1918,73.3121,72.47,71.6659,70.9005,70.1746,69.4886,68.8431,68.2389,67.6765,67.1566,66.6799,66.2473,65.8595,65.5176,65.2226,64.9757,64.778,64.631,64.5363,64.4956,64.5107,64.5836,64.7166,64.9121,65.1727,65.5012,65.9005,66.3738,66.9244,67.5555,68.2706,69.0731,69.9661,70.9526,72.0351,73.2152,74.4938,75.8703,77.3424,78.9053,80.5518,82.2706,84.0462,85.8581,87.6794,89.4768,91.2094,92.8299,94.2846,95.5178,96.4748,97.1087,97.3863,97.2936,96.8372,96.0436,94.9546,93.6211,92.0974,90.4362,88.6852,86.8858,85.0727,83.2734,81.5096,79.7975,78.1488,76.571,75.0691,73.645,72.2989,71.0294,69.8339,68.7091,67.6511,66.6556,65.718,64.8337,63.9981,63.2068,62.4554,61.7397,61.0557,60.3996,59.7681,59.1577,58.5655,57.9886,57.4245,56.8709,56.3256,55.7867,55.2526,54.7217,54.1928,53.6647,53.1364,52.6072,52.0763,51.5434,51.0078,50.4696,49.9283,49.384,48.8367,48.2865,47.7335,47.178,46.6203,46.0607,45.4994,
 ,58,74.8241,75.534,76.1562,76.6848,77.1153,77.4445,77.6708,77.7942,77.8163,77.7402,77.5704,77.3125,76.9731,76.5595,76.0793,75.5403,74.9507,74.318,73.6496,72.9524,72.233,71.4971,70.7503,69.9972,69.2421,68.4887,67.7402,66.9996,66.2692,65.551,64.8468,64.1581,63.4862,62.8321,62.1967,61.5806,60.9845,60.4087,59.8537,59.3197,58.8071,58.3159,57.8463,57.3983,56.972,56.5676,56.1848,55.8237,55.4844,55.1668,54.8708,54.5964,54.3436,54.1123,53.9025,53.7141,53.5471,53.4015,53.2771,53.1741,53.0924,53.0319,52.9927,52.9747,52.9781,53.0027,53.0486,53.116,53.2048,53.315,53.4467,53.6001,53.7752,53.9721,54.1909,54.4317,54.6947,54.98,55.2877,55.6181,55.9712,56.3473,56.7465,57.1691,57.6152,58.0851,58.5789,59.097,59.6394,60.2065,60.7985,61.4157,62.0581,62.7263,63.4203,64.1405,64.887,65.6602,66.4602,67.2873,68.1417,69.0236,69.9333,70.871,71.8368,72.8308,73.8534,74.9047,75.9849,77.094,78.2322,79.3996,80.5965,81.8228,83.0789,84.3648,85.6808,87.0272,88.4041,89.8119,91.2509,92.7215,94.224,95.7587,97.3258,98.9252,100.556,102.217,103.904,105.613,107.336,109.061,110.771,112.445,114.055,115.571,116.959,118.188,119.236,120.087,120.741,121.207,121.505,121.657,121.685,121.611,121.45,121.213,120.906,120.533,120.096,119.594,119.026,118.391,117.689,116.919,116.082,115.18,114.214,113.187,112.103,110.965,109.778,108.546,107.275,105.969,104.633,103.274,101.896,100.503,99.1017,97.6959,96.29,94.8884,93.4949,92.1133,90.7468,89.3986,88.0715,86.7681,85.4908,84.2415,83.0223,81.8346,80.6801,79.56,78.4755,77.4276,76.4172,75.445,74.5118,73.6182,72.7648,71.9521,71.1806,70.4508,69.7631,69.1182,68.5164,67.9583,67.4445,66.9756,66.5524,66.1756,65.8461,65.5648,65.3328,65.1513,65.0218,64.9454,64.9238,64.9589,65.0524,65.2065,65.4233,65.7052,66.0547,66.4745,66.9673,67.5359,68.1832,68.9121,69.725,70.6247,71.6132,72.6921,73.8623,75.1236,76.4747,77.9125,79.4317,81.0243,82.6788,84.3791,86.1037,87.8239,89.503,91.0951,92.5451,93.7918,94.7719,95.4284,95.7203,95.6297,95.1663,94.3643,93.2759,91.9611,90.4805,88.8891,87.2335,85.5512,83.8717,82.2174,80.6047,79.0455,77.5479,76.1171,74.7556,73.4646,72.2434,71.0902,70.0026,68.9774,68.0109,67.0994,66.2386,65.4245,64.6529,63.9197,63.2211,62.5531,61.9122,61.2949,60.6979,60.1184,59.5533,59.0002,58.4566,57.9204,57.3897,56.8627,56.3378,55.8136,55.289,54.763,54.2348,53.7035,53.1687,52.63,52.0871,51.5399,50.9882,50.4322,49.8719,49.3075,48.7394,48.1678,47.5932,47.016,46.4365,
 ,57,77.5787,78.3483,79.0211,79.5904,80.0506,80.3982,80.6311,80.7493,80.755,80.6515,80.4445,80.1404,79.747,79.2728,78.7268,78.1179,77.4552,76.7474,76.0029,75.2294,74.4339,73.623,72.8024,71.9773,71.152,70.3307,69.5165,68.7126,67.9212,67.1443,66.3839,65.6414,64.9178,64.2143,63.5316,62.8704,62.2311,61.6141,61.0199,60.4485,59.9001,59.3749,58.8729,58.3941,57.9386,57.5063,57.0972,56.7112,56.3482,56.0082,55.6912,55.3969,55.1255,54.8767,54.6505,54.4468,54.2656,54.1069,53.9704,53.8564,53.7645,53.695,53.6476,53.6225,53.6196,53.6389,53.6805,53.7443,53.8305,53.9391,54.0701,54.2237,54.3998,54.5987,54.8205,55.0652,55.333,55.624,55.9384,56.2765,56.6383,57.0241,57.434,57.8683,58.3272,58.811,59.3199,59.8541,60.4138,60.9995,61.6113,62.2495,62.9142,63.6062,64.3252,65.0719,65.8463,66.6489,67.4799,68.3396,69.2281,70.1458,71.093,72.0698,73.0765,74.1133,75.1804,76.2779,77.4061,78.565,79.7547,80.9755,82.2273,83.5102,84.8242,86.1693,87.5457,88.9531,90.3916,91.8612,93.3614,94.8923,96.4532,98.0437,99.6629,101.309,102.981,104.675,106.386,108.109,109.835,111.552,113.246,114.898,116.486,117.987,119.377,120.633,121.737,122.678,123.454,124.067,124.528,124.849,125.044,125.126,125.106,124.99,124.785,124.495,124.12,123.661,123.119,122.494,121.786,120.998,120.13,119.185,118.166,117.077,115.923,114.708,113.437,112.116,110.752,109.349,107.914,106.453,104.972,103.476,101.97,100.461,98.9529,97.4501,95.9572,94.4781,93.0164,91.5755,90.1583,88.7675,87.4056,86.0748,84.7769,83.5136,82.2863,81.0964,79.9449,78.8327,77.7607,76.7295,75.7399,74.7923,73.8871,73.0247,72.2056,71.4301,70.6985,70.0112,69.3686,68.771,68.2189,67.7128,67.2531,66.8407,66.476,66.1598,65.8932,65.6769,65.5122,65.4002,65.3422,65.3398,65.3944,65.5081,65.6823,65.9193,66.2211,66.5901,67.0285,67.5387,68.1233,68.7846,69.5252,70.3473,71.2529,72.2439,73.3217,74.4871,75.7401,77.0798,78.5038,80.0082,81.5859,83.2267,84.9149,86.6275,88.3316,89.9814,91.5169,92.8649,93.9442,94.6774,95.0066,94.9067,94.3924,93.5139,92.3435,90.9605,89.4386,87.8391,86.2093,84.5834,82.9852,81.4311,79.9316,78.4931,77.1196,75.813,74.5733,73.3999,72.2908,71.2438,70.2558,69.3236,68.4436,67.6121,66.8252,66.0791,65.3699,64.6938,64.0473,63.4267,62.8287,62.2501,61.6879,61.1393,60.6016,60.0724,59.5496,59.031,58.5149,57.9996,57.4838,56.9661,56.4455,55.9211,55.3922,54.8583,54.3187,53.7734,53.2221,52.6648,52.1016,51.5325,50.9579,50.378,49.7933,49.2042,48.6112,48.0147,47.4154,
 ,56,80.4795,81.3155,82.0449,82.6595,83.153,83.5208,83.7608,83.8731,83.8598,83.7255,83.4765,83.1205,82.6669,82.1253,81.5062,80.82,80.0771,79.2873,78.4599,77.6034,76.7258,75.834,74.9341,74.0318,73.1317,72.238,71.354,70.4828,69.6268,68.7881,67.9683,67.1689,66.3911,65.6356,64.9032,64.1946,63.5101,62.85,62.2146,61.604,61.0183,60.4575,59.9216,59.4107,58.9246,58.4633,58.0267,57.6146,57.227,56.8637,56.5247,56.2098,55.9189,55.6518,55.4087,55.189,54.9932,54.8207,54.6717,54.546,54.4438,54.3647,54.3089,54.2763,54.2668,54.2806,54.3176,54.3779,54.4614,54.5682,54.6985,54.8521,55.0294,55.2303,55.4551,55.7037,55.9764,56.2734,56.5947,56.9407,57.3115,57.7073,58.1282,58.5747,59.0469,59.5451,60.0695,60.6205,61.1982,61.8032,62.4354,63.0955,63.7837,64.5002,65.2454,66.0198,66.8233,67.6567,68.5201,69.4137,70.338,71.2933,72.2798,73.2978,74.3476,75.4294,76.5435,77.6899,78.8689,80.0807,81.3253,82.6028,83.9132,85.2566,86.6329,88.0419,89.4835,90.9575,92.4635,94.0009,95.5694,97.1682,98.7962,100.452,102.134,103.84,105.567,107.311,109.067,110.827,112.584,114.326,116.039,117.709,119.317,120.844,122.272,123.583,124.764,125.803,126.696,127.443,128.048,128.516,128.855,129.073,129.175,129.167,129.052,128.833,128.512,128.089,127.566,126.944,126.224,125.409,124.501,123.504,122.423,121.261,120.026,118.721,117.355,115.933,114.463,112.951,111.404,109.829,108.233,106.621,105.001,103.377,101.756,100.142,98.54,96.9543,95.3887,93.847,92.3321,90.8469,89.3939,87.9753,86.593,85.2487,83.9437,82.6793,81.4566,80.2763,79.1392,78.0458,76.9967,75.9923,75.0328,74.1185,73.2496,72.4265,71.6492,70.918,70.2331,69.5948,69.0032,68.4588,67.9619,67.5129,67.1124,66.7609,66.4592,66.2079,66.008,65.8605,65.7664,65.7269,65.7434,65.8175,65.9505,66.1443,66.4005,66.7213,67.1085,67.5643,68.091,68.6907,69.3657,70.1185,70.9512,71.8661,72.8655,73.9515,75.1258,76.3905,77.7465,79.1946,80.7337,82.3605,84.0669,85.8373,87.6443,89.4425,91.1644,92.7174,93.9903,94.8693,95.2653,95.1396,94.5166,93.475,92.1235,90.5733,88.9198,87.2342,85.5643,83.94,82.3777,80.8858,79.4675,78.1232,76.8515,75.6503,74.5168,73.4479,72.4404,71.4908,70.5954,69.7506,68.9526,68.1977,67.4821,66.802,66.1538,65.534,64.939,64.3656,63.8104,63.2707,62.7434,62.2259,61.7159,61.2109,60.7089,60.208,59.7065,59.2029,58.6959,58.1843,57.6672,57.1439,56.6138,56.0762,55.531,54.9781,54.4172,53.8486,53.2724,52.6889,52.0985,51.5015,50.8986,50.2903,49.6772,49.0598,48.439,
 ,55,83.5304,84.4404,85.2328,85.8981,86.4286,86.819,87.0667,87.1719,87.1372,86.9679,86.6718,86.2578,85.737,85.1207,84.4209,83.6499,82.8191,81.9398,81.0223,80.0761,79.1099,78.1312,77.1465,76.1618,75.1821,74.2114,73.2534,72.3111,71.3869,70.4829,69.6006,68.7415,67.9065,67.0965,66.3121,65.5537,64.8219,64.1167,63.4382,62.7865,62.1618,61.5639,60.9927,60.4482,59.9302,59.4386,58.9733,58.5341,58.1209,57.7333,57.3714,57.0349,56.7238,56.4378,56.1769,55.9408,55.7295,55.5428,55.3807,55.2431,55.1298,55.0409,54.9763,54.9359,54.9197,54.9277,54.96,55.0164,55.097,55.2021,55.3315,55.4852,55.6636,55.8666,56.0944,56.3472,56.6249,56.9279,57.2565,57.6106,57.9906,58.3966,58.829,59.2881,59.774,60.287,60.8277,61.396,61.9924,62.6173,63.2709,63.9537,64.666,65.4083,66.1807,66.9838,67.8179,68.6834,69.5805,70.5099,71.4717,72.4663,73.4942,74.5555,75.6506,76.7798,77.9434,79.1416,80.3745,81.6423,82.9452,84.2832,85.6563,87.0644,88.5075,89.9854,91.4977,93.0439,94.6235,96.2359,97.8801,99.5551,101.259,102.991,104.747,106.526,108.323,110.134,111.953,113.774,115.586,117.381,119.145,120.865,122.527,124.113,125.609,127,128.274,129.42,130.433,131.31,132.049,132.653,133.124,133.465,133.678,133.768,133.735,133.58,133.306,132.912,132.401,131.774,131.034,130.183,129.226,128.167,127.012,125.766,124.436,123.03,121.554,120.018,118.428,116.792,115.119,113.417,111.692,109.952,108.204,106.453,104.707,102.971,101.25,99.5474,97.8687,96.2173,94.5965,93.0092,91.4579,89.945,88.4722,87.0412,85.6534,84.3098,83.0114,81.759,80.5531,79.394,78.2824,77.2182,76.2018,75.2332,74.3125,73.4398,72.6151,71.8384,71.1099,70.4295,69.7973,69.2136,68.6785,68.1924,67.7555,67.3682,67.031,66.7446,66.5095,66.3266,66.1966,66.1207,66.1,66.1354,66.2285,66.3807,66.5934,66.8686,67.2077,67.6128,68.086,68.6292,69.2451,69.9359,70.7043,71.5534,72.4862,73.5064,74.6182,75.8265,77.1365,78.5544,80.0863,81.7373,83.5098,85.3985,87.3851,89.4279,91.4509,93.3356,94.9237,96.0412,96.5442,96.3691,95.5575,94.2388,92.5825,90.7505,88.8681,87.018,85.2469,83.576,82.0114,80.5509,79.1888,77.9176,76.7301,75.6196,74.5798,73.6051,72.6905,71.8311,71.0225,70.2605,69.5409,68.8598,68.2133,67.5978,67.0097,66.4454,65.9016,65.3752,64.863,64.3622,63.8701,63.3841,62.9019,62.4213,61.9403,61.4572,60.9702,60.4781,59.9797,59.4738,58.9598,58.4369,57.9046,57.3626,56.8107,56.2488,55.6771,55.0958,54.5052,53.9056,53.2977,52.6819,52.059,51.4297,50.7945,50.1544,49.5102,
 ,54,86.7342,87.7263,88.589,89.3107,89.8825,90.298,90.5542,90.6511,90.5921,90.3836,90.0346,89.5559,88.9605,88.2615,87.4731,86.609,85.6824,84.7059,83.6911,82.6484,81.5871,80.5154,79.4403,78.368,77.3037,76.2517,75.2155,74.1982,73.2022,72.2294,71.2815,70.3597,69.4648,68.5976,67.7587,66.9484,66.167,65.4145,64.691,63.9966,63.3311,62.6944,62.0863,61.5068,60.9556,60.4325,59.9373,59.4698,59.0297,58.617,58.2312,57.8724,57.5402,57.2345,56.9551,56.7018,56.4746,56.2731,56.0973,55.9472,55.8226,55.7235,55.6497,55.6012,55.5779,55.5799,55.6071,55.6596,55.7373,55.8404,55.9688,56.1227,56.3021,56.5073,56.7382,56.9951,57.2781,57.5873,57.9231,58.2856,58.6751,59.0919,59.5361,60.0082,60.5082,61.0366,61.5939,62.1802,62.7959,63.4415,64.1174,64.8238,65.5613,66.3302,67.131,67.964,68.8298,69.7288,70.6614,71.628,72.6291,73.665,74.7362,75.843,76.9859,78.165,79.3809,80.6337,81.9236,83.2509,84.6158,86.0182,87.4581,88.9356,90.4505,92.0024,93.591,95.2157,96.8758,98.5705,100.298,102.058,103.848,105.666,107.509,109.374,111.256,113.151,115.053,116.954,118.846,120.718,122.561,124.361,126.104,127.778,129.368,130.861,132.245,133.511,134.65,135.658,136.531,137.267,137.864,138.322,138.642,138.823,138.866,138.77,138.537,138.167,137.661,137.022,136.253,135.357,134.34,133.207,131.965,130.621,129.183,127.66,126.06,124.392,122.667,120.892,119.078,117.232,115.363,113.48,111.59,109.7,107.816,105.945,104.093,102.263,100.461,98.6905,96.9549,95.2573,93.6001,91.9858,90.416,88.8924,87.4162,85.9883,84.6098,83.2809,82.0023,80.7742,79.5967,78.47,77.394,76.3687,75.394,74.4698,73.5959,72.7722,71.9985,71.2747,70.6009,69.977,69.403,68.8789,68.4051,67.9816,67.6088,67.287,67.0168,66.7986,66.6333,66.5215,66.4641,66.4621,66.5166,66.6289,66.8001,67.032,67.3259,67.6837,68.1074,68.599,69.1612,69.7964,70.5079,71.2995,72.1753,73.1409,74.2027,75.3689,76.6495,78.0565,79.6045,81.3092,83.1858,85.2446,87.4819,89.8658,92.316,94.6827,96.741,98.2207,98.8852,98.6271,97.5182,95.7747,93.6639,91.4213,89.2102,87.1225,85.1972,83.4414,81.8459,80.3946,79.0705,77.8574,76.7415,75.7109,74.7556,73.8674,73.0391,72.2645,71.5383,70.8554,70.2113,69.6019,69.023,68.471,67.9422,67.4331,66.9404,66.461,65.992,65.5306,65.074,64.6198,64.1658,63.7098,63.25,62.7847,62.3123,61.8316,61.3414,60.8409,60.3292,59.8059,59.2706,58.723,58.1631,57.591,57.007,56.4114,55.8046,55.1872,54.5599,53.9233,53.2784,52.6259,51.9667,51.3018,50.632,
 ,53,90.0915,91.1748,92.1156,92.9002,93.5179,93.9614,94.2267,94.3142,94.2279,93.9754,93.5674,93.0169,92.339,91.5492,90.6636,89.698,88.6676,87.5862,86.4666,85.3204,84.1575,82.9868,81.8159,80.6508,79.4971,78.3593,77.2408,76.1447,75.0733,74.0285,73.0117,72.0241,71.0666,70.1397,69.2438,68.3791,67.5459,66.7441,65.9736,65.2345,64.5265,63.8493,63.2028,62.5868,62.0009,61.445,60.9186,60.4217,59.9538,59.5147,59.1042,58.722,58.368,58.0417,57.7431,57.472,57.2281,57.0113,56.8214,56.6583,56.5219,56.4121,56.3287,56.2718,56.2412,56.2369,56.2589,56.3072,56.3818,56.4829,56.6102,56.7642,56.9447,57.1519,57.3861,57.6471,57.9355,58.2512,58.5945,58.9657,59.365,59.7928,60.249,60.7344,61.2491,61.7936,62.368,62.973,63.6087,64.2759,64.9746,65.7055,66.4692,67.2658,68.0961,68.9603,69.8593,70.7932,71.7627,72.7683,73.8104,74.8895,76.0062,77.1608,78.3538,79.5855,80.8565,82.167,83.5174,84.9077,86.3383,87.8092,89.3206,90.8722,92.464,94.0956,95.7667,97.4765,99.2243,101.009,102.829,104.684,106.57,108.485,110.427,112.391,114.374,116.37,118.372,120.375,122.368,124.343,126.289,128.194,130.046,131.832,133.54,135.156,136.669,138.068,139.346,140.493,141.504,142.373,143.097,143.673,144.097,144.368,144.484,144.444,144.248,143.896,143.389,142.73,141.923,140.971,139.882,138.662,137.319,135.861,134.298,132.641,130.899,129.083,127.204,125.272,123.298,121.292,119.263,117.22,115.172,113.127,111.091,109.073,107.076,105.107,103.171,101.271,99.4109,97.594,95.8229,94.0996,92.4259,90.8034,89.233,87.7156,86.252,84.8423,83.4871,82.1861,80.9396,79.7473,78.6091,77.5247,76.4938,75.516,74.5912,73.7188,72.8987,72.1304,71.4138,70.7487,70.135,69.5724,69.0611,68.601,68.1923,67.8351,67.5299,67.2768,67.0764,66.9293,66.8362,66.7977,66.8149,66.8888,67.0205,67.2113,67.4627,67.7764,68.1542,68.5983,69.1115,69.6966,70.3573,71.0981,71.9245,72.8436,73.8644,74.9983,76.2602,77.6685,79.2467,81.0226,83.0276,85.2916,87.834,90.6422,93.6409,96.6502,99.3582,101.353,102.248,101.863,100.321,97.9781,95.2499,92.4699,89.8425,87.4603,85.3447,83.4805,81.8376,80.3833,79.0872,77.9237,76.8718,75.9143,75.0376,74.2305,73.4839,72.7904,72.1433,71.5371,70.9667,70.4275,69.9152,69.4261,68.9563,68.5024,68.0611,67.6292,67.2038,66.7821,66.3615,65.9396,65.5142,65.0833,64.6449,64.1975,63.7396,63.2701,62.7877,62.2919,61.782,61.2574,60.7179,60.1636,59.5943,59.0105,58.4124,57.8007,57.1758,56.5385,55.8897,55.2303,54.5611,53.8833,53.1977,52.5056,51.8078,
 ,52,93.6007,94.7848,95.8121,96.6666,97.3356,97.81,98.0856,98.1625,98.0455,97.7439,97.2706,96.6408,95.8722,94.983,93.9917,92.9163,91.7737,90.5797,89.3481,88.0917,86.8211,85.5456,84.2731,83.0104,81.7627,80.5347,79.3299,78.1511,77.0008,75.8806,74.7918,73.7356,72.7125,71.7231,70.7677,69.8464,68.9591,68.1059,67.2865,66.5007,65.7484,65.029,64.3425,63.6884,63.0664,62.4763,61.9175,61.3899,60.893,60.4266,59.9903,59.5839,59.2071,58.8595,58.5409,58.2512,57.9901,57.7573,57.5528,57.3762,57.2275,57.1066,57.0133,56.9475,56.9093,56.8985,56.9151,56.959,57.0304,57.1292,57.2555,57.4094,57.591,57.8004,58.0377,58.3032,58.5969,58.9192,59.2703,59.6503,60.0597,60.4987,60.9676,61.4668,61.9966,62.5575,63.1498,63.7739,64.4304,65.1197,65.8423,66.5986,67.3893,68.2148,69.0756,69.9725,70.9058,71.8762,72.8842,73.9305,75.0155,76.1399,77.3042,78.509,79.7546,81.0418,82.3709,83.7424,85.1565,86.6136,88.114,89.6579,91.2452,92.8762,94.5504,96.2677,98.0277,99.8296,101.673,103.556,105.477,107.436,109.429,111.454,113.507,115.586,117.684,119.798,121.92,124.043,126.16,128.26,130.333,132.368,134.354,136.277,138.126,139.887,141.548,143.099,144.528,145.826,146.985,147.996,148.853,149.55,150.082,150.444,150.634,150.648,150.486,150.147,149.633,148.946,148.091,147.072,145.898,144.575,143.114,141.524,139.818,138.007,136.102,134.117,132.064,129.955,127.801,125.615,123.406,121.186,118.962,116.746,114.543,112.361,110.207,108.086,106.003,103.962,101.968,100.022,98.1282,96.288,94.5032,92.775,91.1043,89.4919,87.9381,86.4432,85.0071,83.6296,82.3107,81.0499,79.8467,78.7007,77.6114,76.5781,75.6005,74.6779,73.8099,72.9959,72.2355,71.5284,70.8742,70.2726,69.7233,69.2264,68.7815,68.3889,68.0487,67.761,67.526,67.3442,67.2161,67.1422,67.1234,67.1605,67.2544,67.4063,67.6176,67.8899,68.2251,68.6254,69.0936,69.6328,70.2476,70.9428,71.7253,72.6035,73.5888,74.6958,75.9436,77.3574,78.9691,80.8196,82.9574,85.4364,88.3048,91.5815,95.21,98.9896,102.51,105.171,106.368,105.811,103.699,100.596,97.1174,93.7127,90.6208,87.9216,85.6072,83.632,81.9412,80.4831,79.2138,78.0981,77.1075,76.2203,75.4192,74.6904,74.0232,73.4085,72.8388,72.3077,71.8099,71.3403,70.8943,70.468,70.0574,69.6591,69.2696,68.8857,68.5047,68.1234,67.7396,67.3506,66.9543,66.5488,66.1321,65.7028,65.2594,64.8007,64.3259,63.8342,63.3251,62.7983,62.2535,61.6909,61.1108,60.5135,59.8995,59.2696,58.6244,57.9651,57.2924,56.6077,55.9117,55.2059,54.4914,53.7694,53.0412,
 ,51,97.2572,98.5522,99.6751,100.607,101.333,101.842,102.129,102.194,102.043,101.687,101.142,100.425,99.5574,98.5602,97.4547,96.2611,94.9986,93.6844,92.3341,90.9609,89.5765,88.1909,86.8119,85.4467,84.1007,82.7783,81.4832,80.2182,78.9854,77.7865,76.6227,75.4948,74.4034,73.3489,72.3314,71.3509,70.4073,69.5004,68.6299,67.7956,66.997,66.2338,65.5055,64.8118,64.1523,63.5265,62.934,62.3744,61.8474,61.3525,60.8894,60.4578,60.0573,59.6876,59.3483,59.0393,58.7602,58.5109,58.291,58.1005,57.9391,57.8067,57.7031,57.6282,57.582,57.5643,57.5752,57.6146,57.6826,57.7791,57.9043,58.0581,58.2407,58.4522,58.6928,58.9627,59.2621,59.5911,59.9501,60.3393,60.759,61.2096,61.6914,62.2048,62.7502,63.328,63.9386,64.5827,65.2606,65.9729,66.7201,67.5027,68.3215,69.1769,70.0695,71.0001,71.9693,72.9776,74.0258,75.1145,76.2444,77.4162,78.6304,79.8877,81.1888,82.5342,83.9244,85.3602,86.8417,88.3696,89.9441,91.5654,93.2338,94.9494,96.7119,98.5213,100.377,102.278,104.225,106.215,108.248,110.321,112.432,114.579,116.757,118.965,121.195,123.444,125.704,127.969,130.23,132.478,134.702,136.892,139.036,141.122,143.135,145.065,146.896,148.618,150.217,151.683,153.003,154.168,155.168,155.995,156.641,157.1,157.366,157.436,157.307,156.978,156.45,155.727,154.812,153.713,152.437,150.995,149.396,147.655,145.783,143.796,141.706,139.528,137.277,134.967,132.611,130.222,127.812,125.393,122.975,120.568,118.18,115.819,113.492,111.205,108.962,106.769,104.629,102.544,100.518,98.5527,96.6489,94.808,93.0307,91.3174,89.6683,88.0833,86.5621,85.1044,83.7096,82.377,81.1061,79.896,78.746,77.6553,76.6232,75.6489,74.7316,73.8708,73.0656,72.3156,71.6202,70.9789,70.3914,69.8572,69.3762,68.9482,68.5731,68.251,67.9818,67.766,67.6038,67.4955,67.4418,67.4435,67.5012,67.6162,67.7896,68.0231,68.3184,68.6779,69.1045,69.6017,70.1741,70.8275,71.5696,72.4101,73.3623,74.4434,75.6764,77.0918,78.7294,80.6414,82.893,85.5613,88.7263,92.4441,96.6902,101.259,105.649,109.048,110.587,109.832,107.086,103.164,98.9111,94.8917,91.3634,88.3799,85.8961,83.8336,82.112,80.6619,79.4271,78.3633,77.4365,76.6204,75.8948,75.244,74.6553,74.1187,73.6257,73.1696,72.7441,72.3441,71.9647,71.6017,71.251,70.909,70.5723,70.2374,69.9016,69.5618,69.2155,68.8603,68.4938,68.1143,67.7197,67.3086,66.8796,66.4317,65.9639,65.4757,64.9665,64.4362,63.8848,63.3125,62.7196,62.1069,61.4749,60.8245,60.1567,59.4727,58.7736,58.0606,57.3352,56.5986,55.8523,55.0976,54.3359,
 ,50,101.053,102.469,103.697,104.715,105.503,106.051,106.35,106.402,106.214,105.799,105.175,104.364,103.389,102.276,101.048,99.7283,98.3385,96.8974,95.4219,93.9262,92.4227,90.9217,89.4316,87.9596,86.511,85.0904,83.7014,82.3465,81.0278,79.747,78.505,77.3025,76.14,75.0176,73.9355,72.8933,71.8911,70.9283,70.0047,69.1197,68.2729,67.4639,66.6922,65.9573,65.2587,64.5957,63.9682,63.3755,62.8171,62.2926,61.8017,61.3438,60.9187,60.526,60.1652,59.8361,59.5384,59.2719,59.0362,58.8311,58.6564,58.5121,58.3977,58.3134,58.2589,58.2341,58.2391,58.2738,58.3382,58.4322,58.5561,58.7098,58.8934,59.1071,59.3512,59.6255,59.9305,60.2664,60.6335,61.0321,61.4625,61.925,62.4201,62.948,63.5095,64.1047,64.7344,65.3989,66.0989,66.835,67.6076,68.4176,69.2654,70.1518,71.0774,72.0431,73.0495,74.0973,75.1873,76.3204,77.4971,78.7183,79.9847,81.2972,82.6563,84.0629,85.5177,87.0211,88.5739,90.1765,91.8294,93.5331,95.2878,97.0936,98.9506,100.859,102.817,104.826,106.884,108.991,111.145,113.343,115.584,117.866,120.184,122.535,124.914,127.316,129.734,132.161,134.589,137.008,139.408,141.778,144.106,146.379,148.584,150.707,152.733,154.649,156.441,158.093,159.594,160.929,162.088,163.058,163.829,164.393,164.741,164.869,164.773,164.451,163.904,163.135,162.149,160.954,159.56,157.977,156.22,154.302,152.24,150.049,147.747,145.35,142.874,140.336,137.752,135.135,132.5,129.859,127.225,124.607,122.014,119.456,116.94,114.47,112.054,109.695,107.397,105.163,102.995,100.895,98.8637,96.9028,95.0122,93.1921,91.4422,89.7622,88.1516,86.6096,85.1354,83.728,82.3865,81.1098,79.897,78.7469,77.6586,76.631,75.6632,74.7543,73.9034,73.1097,72.3725,71.691,71.0648,70.4933,69.9759,69.5125,69.1028,68.7465,68.4438,68.1945,67.9989,67.8572,67.7698,67.7374,67.7606,67.8405,67.978,68.1748,68.4327,68.7541,69.1418,69.5996,70.1325,70.7466,71.4502,72.2542,73.173,74.2258,75.4381,76.8443,78.4898,80.4349,82.7569,85.5511,88.9223,92.9595,97.6701,102.856,107.953,111.972,113.805,112.888,109.615,105.035,100.183,95.7097,91.8768,88.7089,86.1279,84.0282,82.3105,80.8918,79.7068,78.7051,77.8484,77.1076,76.4601,75.8886,75.3794,74.9215,74.5059,74.1252,73.7727,73.4431,73.1313,72.8326,72.543,72.2586,71.9759,71.6915,71.4021,71.105,70.7974,70.477,70.1412,69.7883,69.4163,69.0237,68.6092,68.1717,67.7104,67.2249,66.7146,66.1796,65.62,65.0362,64.4287,63.7982,63.1458,62.4724,61.7792,61.0677,60.3391,59.595,58.8369,58.0664,57.285,56.4945,55.6963,
 ,49,104.975,106.523,107.866,108.977,109.835,110.425,110.738,110.777,110.548,110.069,109.36,108.447,107.358,106.121,104.764,103.312,101.788,100.214,98.6083,96.985,95.3577,93.7371,92.1318,90.5489,88.994,87.4716,85.985,84.5368,83.1291,81.7631,80.4398,79.1597,77.9232,76.7302,75.5808,74.4745,73.4111,72.3902,71.4111,70.4735,69.5766,68.7199,67.903,67.1251,66.3857,65.6843,65.0202,64.3929,63.802,63.2467,62.7268,62.2418,61.7911,61.3745,60.9913,60.6414,60.3244,60.04,59.7879,59.5677,59.3793,59.2225,59.0971,59.0028,58.9397,58.9076,58.9065,58.9361,58.9968,59.0883,59.2107,59.3641,59.5489,59.7647,60.0121,60.291,60.6018,60.9448,61.3202,61.7284,62.1697,62.6444,63.1531,63.6961,64.274,64.8873,65.5365,66.2222,66.945,67.7055,68.5045,69.3426,70.2206,71.139,72.0989,73.101,74.146,75.2349,76.3685,77.5477,78.7732,80.0461,81.3672,82.7374,84.1575,85.6284,87.1508,88.7256,90.3535,92.0352,93.7713,95.5623,97.4087,99.3107,101.269,103.282,105.351,107.476,109.655,111.888,114.173,116.508,118.893,121.322,123.795,126.306,128.851,131.424,134.02,136.631,139.248,141.863,144.464,147.041,149.58,152.069,154.494,156.838,159.087,161.224,163.234,165.099,166.804,168.332,169.668,170.798,171.709,172.39,172.83,173.021,172.96,172.643,172.07,171.245,170.175,168.867,167.333,165.587,163.645,161.523,159.241,156.817,154.271,151.622,148.891,146.094,143.251,140.378,137.491,134.602,131.726,128.874,126.056,123.281,120.556,117.888,115.283,112.744,110.275,107.879,105.559,103.315,101.148,99.0595,97.0487,95.1154,93.2592,91.4793,89.7747,88.1444,86.5873,85.1019,83.687,82.3413,81.0634,79.8519,78.7058,77.6235,76.6039,75.6458,74.7483,73.9101,73.1304,72.4084,71.7431,71.1339,70.5802,70.0815,69.6373,69.2474,68.9114,68.6293,68.4011,68.2269,68.107,68.0418,68.032,68.0782,68.1817,68.3439,68.5665,68.8518,69.2029,69.6235,70.1188,70.6952,71.3612,72.1283,73.0114,74.0306,75.2127,76.5937,78.2213,80.1594,82.4901,85.3156,88.7515,92.9001,97.7836,103.21,108.593,112.873,114.84,113.871,110.404,105.584,100.527,95.9133,92.004,88.8098,86.2385,84.1734,82.5073,81.152,80.0381,79.1128,78.3359,77.6767,77.1117,76.6227,76.1954,75.8181,75.4815,75.1777,74.8999,74.6422,74.3994,74.1668,73.94,73.715,73.488,73.2556,73.0144,72.7616,72.4942,72.2097,71.9058,71.5803,71.2315,70.8577,70.4577,70.0304,69.5751,69.0914,68.5789,68.0378,67.4682,66.8708,66.2464,65.5958,64.9202,64.2209,63.4993,62.757,61.9956,61.2169,60.4227,59.6147,58.7948,57.9649,57.1266,
 ,48,109.007,110.697,112.164,113.377,114.311,114.947,115.277,115.301,115.029,114.482,113.682,112.662,111.452,110.086,108.593,107.003,105.341,103.63,101.889,100.135,98.3797,96.6359,94.9117,93.2146,91.55,89.9223,88.3349,86.7903,85.2902,83.8359,82.4283,81.0677,79.7542,78.4879,77.2684,76.0954,74.9684,73.8868,72.8501,71.8575,70.9085,70.0023,69.1382,68.3156,67.5338,66.7922,66.0902,65.427,64.8021,64.2149,63.6648,63.1516,62.6743,62.2328,61.8266,61.4551,61.118,60.815,60.5458,60.31,60.1074,59.9377,59.8007,59.6962,59.6241,59.5844,59.5768,59.6013,59.6579,59.7466,59.8676,60.0209,60.2065,60.4245,60.6752,60.9589,61.2757,61.6258,62.0097,62.4277,62.8802,63.3675,63.8902,64.4486,65.0435,65.6753,66.3446,67.0521,67.7984,68.5842,69.4103,70.2775,71.1866,72.1384,73.1337,74.1735,75.2586,76.3902,77.5691,78.7963,80.0728,81.3996,82.7778,84.2083,85.6922,87.2305,88.8241,90.4741,92.1812,93.9463,95.7704,97.6541,99.5978,101.602,103.668,105.794,107.982,110.231,112.54,114.909,117.337,119.822,122.362,124.955,127.597,130.285,133.014,135.779,138.574,141.391,144.222,147.058,149.887,152.699,155.48,158.216,160.89,163.488,165.991,168.382,170.641,172.749,174.686,176.434,177.974,179.287,180.358,181.171,181.714,181.978,181.954,181.64,181.036,180.145,178.973,177.532,175.835,173.898,171.74,169.382,166.844,164.151,161.325,158.389,155.366,152.276,149.141,145.978,142.807,139.641,136.496,133.385,130.317,127.303,124.35,121.464,118.653,115.919,113.266,110.696,108.212,105.814,103.503,101.278,99.1396,97.0867,95.1184,93.2334,91.4304,89.7078,88.0641,86.4975,85.0064,83.5892,82.2441,80.9694,79.7637,78.6253,77.5526,76.5444,75.5993,74.716,73.8933,73.1302,72.4256,71.7787,71.1886,70.6547,70.1763,69.7529,69.3843,69.07,68.81,68.6043,68.4528,68.3561,68.3145,68.3288,68.3998,68.5291,68.7182,68.9694,69.2857,69.6709,70.1299,70.6694,71.2978,72.0265,72.8703,73.8493,74.9899,76.3272,77.9079,79.7937,82.0633,84.8132,88.1505,92.1661,96.8698,102.066,107.19,111.25,113.132,112.264,109.046,104.532,99.7636,95.3918,91.6757,88.6378,86.1976,84.2477,82.6869,81.4308,80.4124,79.5801,78.8945,78.3251,77.8485,77.4464,77.1044,76.8106,76.5555,76.3309,76.1299,75.9464,75.775,75.6107,75.4489,75.2855,75.1166,74.9383,74.7475,74.5408,74.3153,74.0684,73.7975,73.5006,73.1757,72.8211,72.4358,72.0185,71.5686,71.0857,70.5697,70.0208,69.4394,68.8262,68.1822,67.5087,66.8069,66.0783,65.3248,64.5482,63.7503,62.9332,62.0989,61.2496,60.3872,59.5138,58.6316,
 ,47,113.125,114.966,116.566,117.889,118.905,119.593,119.941,119.951,119.635,119.016,118.123,116.991,115.656,114.156,112.524,110.793,108.99,107.139,105.26,103.372,101.487,99.6171,97.7714,95.9571,94.1799,92.4439,90.7526,89.1083,87.5127,85.967,84.472,83.0277,81.6344,80.2917,78.9994,77.757,76.5637,75.4191,74.3223,73.2726,72.2692,71.3113,70.3982,69.5291,68.7032,67.9198,67.1782,66.4776,65.8175,65.1971,64.6158,64.0731,63.5684,63.101,62.6707,62.2768,61.919,61.5968,61.3098,61.0577,60.8403,60.6573,60.5083,60.3932,60.3118,60.2641,60.2498,60.269,60.3214,60.4074,60.5267,60.6796,60.866,61.0862,61.3404,61.6288,61.9515,62.3091,62.7016,63.1296,63.5935,64.0937,64.6307,65.2051,65.8174,66.4682,67.1582,67.888,68.6585,69.4705,70.3246,71.2218,72.163,73.1493,74.1811,75.2601,76.3868,77.5626,78.7886,80.0658,81.3953,82.7783,84.2161,85.7097,87.2604,88.8695,90.5378,92.2668,94.0573,95.9106,97.8276,99.8092,101.856,103.97,106.15,108.397,110.712,113.094,115.543,118.06,120.642,123.289,125.999,128.769,131.597,134.48,137.413,140.39,143.406,146.454,149.525,152.61,155.698,158.775,161.83,164.846,167.807,170.694,173.488,176.169,178.714,181.101,183.306,185.308,187.082,188.607,189.862,190.829,191.492,191.838,191.858,191.547,190.904,189.934,188.644,187.046,185.157,182.997,180.587,177.953,175.12,172.115,168.967,165.701,162.343,158.919,155.452,151.963,148.472,144.996,141.551,138.152,134.808,131.53,128.327,125.205,122.169,119.223,116.371,113.615,110.955,108.392,105.927,103.558,101.284,99.105,97.0187,95.0235,93.1173,91.2983,89.5645,87.9136,86.3435,84.8523,83.4379,82.0981,80.8312,79.6352,78.5084,77.4491,76.4556,75.5265,74.6603,73.8557,73.1116,72.4269,71.8004,71.2314,70.7191,70.2627,69.8619,69.5161,69.2251,68.9887,68.8067,68.6796,68.6075,68.5911,68.6313,68.7293,68.8865,69.1053,69.3883,69.7394,70.1633,70.6662,71.2565,71.945,72.7457,73.6775,74.7651,76.0408,77.5468,79.3378,81.482,84.0593,87.1534,90.8243,95.0513,99.6324,104.067,107.537,109.166,108.514,105.887,102.11,98.0339,94.2231,90.9328,88.2128,86.0138,84.2536,82.8488,81.7266,80.8277,80.1054,79.5231,79.0523,78.6708,78.3608,78.1083,77.9017,77.7314,77.5892,77.468,77.3617,77.2645,77.1713,77.0775,76.9786,76.8704,76.7491,76.6111,76.4529,76.2715,76.064,75.8278,75.5607,75.2606,74.9259,74.5553,74.1477,73.7025,73.2195,72.6986,72.1401,71.5446,70.913,70.2467,69.5469,68.8154,68.0539,67.2647,66.4496,65.611,64.7512,63.8725,62.9773,62.068,61.1469,60.2163,
 ,46,117.304,119.303,121.043,122.483,123.587,124.33,124.7,124.697,124.337,123.645,122.656,121.411,119.95,118.315,116.544,114.671,112.725,110.734,108.717,106.694,104.678,102.68,100.711,98.7775,96.885,95.038,93.2398,91.4927,89.7985,88.1582,86.5726,85.0415,83.5652,82.1432,80.7752,79.4604,78.1983,76.9879,75.8285,74.7193,73.6592,72.6475,71.6834,70.7658,69.894,69.0671,68.2845,67.545,66.8482,66.1934,65.5796,65.0063,64.473,63.9789,63.5236,63.1064,62.727,62.3848,62.0795,61.8106,61.5779,61.381,61.2195,61.0934,61.0024,60.9463,60.9251,60.9386,60.9868,61.0697,61.1873,61.3397,61.5269,61.7493,62.007,62.3001,62.629,62.994,63.3955,63.8337,64.3093,64.8227,65.3744,65.965,66.5951,67.2654,67.9767,68.7296,69.5251,70.3638,71.2469,72.175,73.1494,74.1711,75.2409,76.3602,77.5302,78.7519,80.0266,81.3557,82.7404,84.182,85.682,87.2415,88.8622,90.5451,92.292,94.1039,95.9823,97.9284,99.9436,102.029,104.186,106.414,108.716,111.092,113.543,116.068,118.668,121.343,124.092,126.914,129.808,132.773,135.804,138.901,142.057,145.27,148.532,151.836,155.175,158.539,161.916,165.294,168.658,171.993,175.279,178.497,181.624,184.638,187.513,190.222,192.739,195.035,197.082,198.854,200.325,201.473,202.276,202.72,202.791,202.483,201.796,200.732,199.302,197.519,195.405,192.982,190.278,187.321,184.144,180.779,177.257,173.611,169.871,166.065,162.221,158.363,154.512,150.688,146.909,143.189,139.54,135.973,132.495,129.114,125.834,122.66,119.593,116.635,113.787,111.049,108.419,105.897,103.481,101.169,98.9586,96.8477,94.8338,92.9144,91.0868,89.3483,87.6966,86.1291,84.6432,83.2366,81.907,80.6522,79.4701,78.3587,77.3161,76.3406,75.4305,74.5842,73.8004,73.0777,72.4149,71.811,71.265,70.7762,70.3437,69.967,69.6457,69.3794,69.168,69.0116,68.9103,68.8646,68.8753,68.9434,69.0703,69.2581,69.5093,69.8274,70.2169,70.6837,71.2354,71.8818,72.636,73.5146,74.5395,75.7385,77.1474,78.8106,80.7811,83.1173,85.8725,89.0707,92.6605,96.4449,100.015,102.767,104.091,103.693,101.776,98.9083,95.7095,92.6299,89.9045,87.6087,85.729,84.2148,83.0062,82.0468,81.2883,80.6912,80.2237,79.8602,79.5806,79.3685,79.2104,79.0953,79.0137,78.9577,78.92,78.8944,78.8751,78.8568,78.8344,78.8034,78.7594,78.6982,78.616,78.5092,78.3744,78.2086,78.009,77.7731,77.499,77.1848,76.8292,76.4312,75.9901,75.5057,74.9782,74.408,73.7958,73.143,72.451,71.7215,70.9563,70.1578,69.3283,68.4702,67.5861,66.6788,65.7508,64.8049,63.8437,62.87,61.8863,
 ,45,121.51,123.672,125.557,127.119,128.316,129.119,129.514,129.501,129.098,128.336,127.254,125.897,124.313,122.546,120.637,118.625,116.54,114.41,112.257,110.1,107.952,105.826,103.732,101.678,99.6675,97.7068,95.7989,93.946,92.15,90.4119,88.7322,87.1111,85.5485,84.0441,82.5972,81.2071,79.8731,78.5943,77.3697,76.1984,75.0793,74.0116,72.9943,72.0262,71.1066,70.2346,69.409,68.6292,67.8943,67.2035,66.556,65.951,65.388,64.8662,64.3849,63.9436,63.5418,63.179,62.8546,62.5682,62.3196,62.1083,61.934,61.7965,61.6954,61.6308,61.6022,61.6098,61.6535,61.7332,61.8489,62.0008,62.1889,62.4135,62.6745,62.9725,63.3076,63.6802,64.0907,64.5394,65.027,65.5538,66.1206,66.7278,67.3763,68.0666,68.7997,69.5763,70.3973,71.2637,72.1763,73.1365,74.145,75.2033,76.3123,77.4735,78.688,79.9573,81.2827,82.6657,84.1078,85.6103,87.1751,88.8034,90.497,92.2575,94.0864,95.9854,97.9561,100,102.119,104.314,106.586,108.938,111.37,113.882,116.478,119.156,121.917,124.762,127.691,130.703,133.797,136.972,140.226,143.556,146.958,150.429,153.962,157.552,161.189,164.864,168.566,172.282,175.997,179.692,183.349,186.945,190.455,193.853,197.109,200.193,203.071,205.712,208.08,210.143,211.871,213.232,214.203,214.763,214.896,214.593,213.853,212.679,211.084,209.083,206.703,203.971,200.92,197.586,194.007,190.222,186.268,182.183,178.003,173.761,169.488,165.21,160.954,156.741,152.588,148.512,144.525,140.639,136.861,133.197,129.652,126.23,122.932,119.758,116.709,113.783,110.979,108.295,105.728,103.276,100.936,98.7042,96.5779,94.5539,92.629,90.8,89.0639,87.4178,85.8585,84.3833,82.9896,81.6748,80.4364,79.2721,78.1797,77.1572,76.2028,75.3146,74.4909,73.7303,73.0313,72.3928,71.8135,71.2926,70.829,70.4221,70.0712,69.776,69.5361,69.3514,69.2221,69.1484,69.1308,69.1704,69.2684,69.4266,69.6473,69.9336,70.2897,70.7206,71.2334,71.8367,72.5418,73.3629,74.3182,75.4304,76.7276,78.2429,80.0134,82.0754,84.4545,87.1449,90.0774,93.0765,95.8328,97.9339,98.9917,98.8244,97.5563,95.5458,93.2095,90.8796,88.756,86.9258,85.4038,84.168,83.1815,82.4053,81.8031,81.3436,81.0007,80.7527,80.5817,80.4732,80.4148,80.396,80.4078,80.4424,80.4926,80.5521,80.615,80.6757,80.7289,80.77,80.7941,80.7969,80.7741,80.722,80.6369,80.5154,80.3547,80.1521,79.9053,79.6125,79.2722,78.8835,78.4457,77.9587,77.4227,76.8384,76.2069,75.5296,74.8081,74.0447,73.2415,72.4011,71.5264,70.62,69.6852,68.7248,67.742,66.7398,65.7213,64.6895,63.6472,
 ,44,125.71,128.034,130.067,131.753,133.047,133.914,134.338,134.32,133.88,133.053,131.884,130.423,128.722,126.83,124.792,122.647,120.428,118.164,115.878,113.589,111.311,109.057,106.838,104.66,102.531,100.454,98.4333,96.4714,94.5702,92.7307,90.9535,89.2389,87.5866,85.9963,84.4672,82.9987,81.5898,80.2396,78.947,77.711,76.5304,75.4041,74.3313,73.3107,72.3413,71.4221,70.552,69.7302,68.9557,68.2276,67.545,66.9071,66.3133,65.7626,65.2544,64.7882,64.3632,63.9789,63.6347,63.3303,63.0652,62.8389,62.6512,62.5018,62.3905,62.3168,62.2808,62.2823,62.3212,62.3975,62.5112,62.6625,62.8513,63.0779,63.3425,63.6454,63.9869,64.3672,64.7868,65.2462,65.746,66.2866,66.8688,67.493,68.1602,68.8711,69.6265,70.4274,71.2747,72.1694,73.1127,74.1056,75.1495,76.2455,77.3949,78.5992,79.8599,81.1784,82.5563,83.9951,85.4967,87.0627,88.6948,90.3949,92.1647,94.0061,95.9211,97.9114,99.979,102.126,104.354,106.664,109.059,111.541,114.11,116.769,119.518,122.36,125.294,128.322,131.445,134.661,137.971,141.375,144.87,148.455,152.127,155.881,159.713,163.618,167.586,171.609,175.675,179.771,183.88,187.985,192.064,196.092,200.042,203.883,207.582,211.102,214.405,217.451,220.199,222.608,224.64,226.259,227.432,228.133,228.342,228.048,227.247,225.943,224.152,221.893,219.197,216.1,212.64,208.862,204.811,200.535,196.078,191.485,186.798,182.056,177.293,172.541,167.828,163.176,158.606,154.134,149.774,145.537,141.429,137.457,133.625,129.935,126.388,122.982,119.718,116.593,113.605,110.749,108.024,105.425,102.948,100.59,98.3471,96.2146,94.189,92.2665,90.4435,88.7165,87.0819,85.5365,84.0773,82.7013,81.4057,80.1878,79.0451,77.9753,76.9763,76.0459,75.1824,74.3839,73.6489,72.976,72.3638,71.8111,71.317,70.8805,70.5009,70.1776,69.9102,69.6983,69.5421,69.4415,69.3971,69.4095,69.48,69.6099,69.8013,70.057,70.3806,70.7765,71.2507,71.8105,72.4652,73.2266,74.109,75.1297,76.3092,77.67,79.2349,81.0221,83.0362,85.2537,87.6016,89.9367,92.0382,93.6384,94.5015,94.52,93.7665,92.4566,90.8565,89.1981,87.6389,86.2634,85.1024,84.1544,83.4015,82.8197,82.3839,82.071,81.8606,81.7349,81.679,81.6799,81.7266,81.8093,81.9197,82.0499,82.1931,82.3428,82.4929,82.6376,82.7716,82.8895,82.9865,83.0578,83.0988,83.1053,83.0735,82.9996,82.8805,82.7132,82.4954,82.2251,81.9005,81.521,81.0856,80.5945,80.0481,79.447,78.7928,78.0872,77.3321,76.53,75.6837,74.7962,73.8705,72.9101,71.9184,70.8988,69.855,68.7903,67.7083,66.6123,65.5055,
 ,43,129.867,132.351,134.528,136.338,137.73,138.665,139.124,139.108,138.64,137.759,136.514,134.96,133.155,131.151,128.995,126.728,124.384,121.994,119.581,117.163,114.758,112.377,110.032,107.731,105.48,103.284,101.147,99.0731,97.063,95.1183,93.2399,91.4279,89.6821,88.0022,86.3874,84.837,83.3499,81.9251,80.5614,79.2578,78.0131,76.8259,75.6952,74.6198,73.5985,72.6301,71.7138,70.8482,70.0324,69.2655,68.5465,67.8745,67.2485,66.6679,66.1319,65.6397,65.1906,64.7841,64.4196,64.0963,63.8142,63.5726,63.371,63.2093,63.0871,63.0042,62.9603,62.9554,62.9893,63.0621,63.1737,63.3242,63.5137,63.7424,64.0106,64.3184,64.6662,65.0543,65.4834,65.9537,66.4659,67.0205,67.6183,68.26,68.9464,69.6783,70.4566,71.2824,72.1567,73.0805,74.0552,75.0819,76.1621,77.2968,78.4879,79.7368,81.045,82.4144,83.8466,85.3434,86.9067,88.5385,90.2407,92.0154,93.8647,95.7907,97.7957,99.8817,102.051,104.306,106.648,109.081,111.606,114.225,116.94,119.754,122.667,125.683,128.802,132.026,135.356,138.793,142.337,145.988,149.745,153.607,157.573,161.638,165.8,170.051,174.386,178.796,183.268,187.791,192.346,196.915,201.474,205.998,210.454,214.808,219.023,223.054,226.857,230.383,233.582,236.406,238.805,240.734,242.153,243.027,243.332,243.051,242.18,240.723,238.699,236.133,233.062,229.529,225.583,221.28,216.674,211.822,206.778,201.595,196.323,191.006,185.684,180.392,175.162,170.018,164.982,160.07,155.298,150.674,146.206,141.898,137.755,133.775,129.96,126.307,122.814,119.477,116.293,113.257,110.365,107.612,104.993,102.504,100.139,97.8938,95.7642,93.7453,91.8329,90.0229,88.3113,86.6943,85.1684,83.7302,82.3766,81.1044,79.9109,78.7934,77.7495,76.7769,75.8736,75.0373,74.2666,73.5596,72.9149,72.3311,71.807,71.3417,70.9341,70.5835,70.2895,70.0515,69.8694,69.7433,69.6732,69.6599,69.7041,69.8072,69.9707,70.1972,70.4894,70.8513,71.2877,71.8047,72.4095,73.1113,73.9208,74.8505,75.9139,77.1248,78.4948,80.0292,81.7198,83.5355,85.4102,87.2338,88.8551,90.1047,90.8416,91.0034,90.6315,89.8536,88.8355,87.7331,86.6638,85.7008,84.8801,84.2122,83.6923,83.308,83.0437,82.883,82.8109,82.8134,82.8782,82.9942,83.1516,83.3416,83.5562,83.7878,84.0297,84.2754,84.5186,84.7532,84.9737,85.1743,85.3497,85.4947,85.6046,85.6745,85.7002,85.6777,85.6033,85.4741,85.2872,85.0406,84.7325,84.3618,83.9281,83.4312,82.8719,82.2511,81.5706,80.8322,80.0386,79.1926,78.2974,77.3565,76.3735,75.3523,74.2969,73.2112,72.0994,70.9653,69.8129,68.6458,67.4679,
 ,42,133.949,136.584,138.9,140.83,142.319,143.325,143.824,143.821,143.338,142.417,141.114,139.487,137.597,135.498,133.24,130.865,128.409,125.902,123.369,120.829,118.299,115.793,113.322,110.895,108.52,106.202,103.947,101.756,99.6329,97.5789,95.595,93.6813,91.838,90.0644,88.3601,86.724,85.1551,83.6523,82.2145,80.8403,79.5284,78.2775,77.0864,75.9538,74.8784,73.8589,72.8942,71.9831,71.1245,70.3172,69.5603,68.8528,68.1936,67.582,67.0171,66.4979,66.024,65.5944,65.2087,64.8661,64.5663,64.3086,64.0928,63.9183,63.7849,63.6923,63.6403,63.6287,63.6575,63.7265,63.8359,63.9856,64.1757,64.4064,64.6781,64.9908,65.3451,65.7412,66.1797,66.6611,67.1859,67.7549,68.3688,69.0283,69.7342,70.4877,71.2895,72.1407,73.0426,73.9963,75.0031,76.0645,77.1817,78.3566,79.5906,80.8854,82.2428,83.6646,85.1529,86.7097,88.337,90.037,91.8121,93.6644,95.5965,97.6107,99.7097,101.896,104.172,106.54,109.003,111.564,114.226,116.99,119.86,122.838,125.926,129.127,132.444,135.878,139.43,143.104,146.899,150.817,154.858,159.022,163.308,167.714,172.236,176.871,181.612,186.451,191.377,196.377,201.435,206.53,211.637,216.728,221.769,226.719,231.535,236.167,240.561,244.658,248.399,251.722,254.565,256.873,258.594,259.684,260.109,259.85,258.898,257.261,254.958,252.023,248.501,244.448,239.924,234.996,229.733,224.202,218.47,212.6,206.65,200.671,194.708,188.803,182.987,177.29,171.733,166.333,161.104,156.055,151.193,146.521,142.04,137.749,133.647,129.729,125.992,122.431,119.04,115.815,112.748,109.834,107.067,104.441,101.95,99.5887,97.3518,95.2337,93.2297,91.3348,89.5446,87.8547,86.261,84.7597,83.3472,82.0202,80.7756,79.6102,78.5214,77.5065,76.5634,75.6897,74.8834,74.1427,73.4659,72.8516,72.2982,71.8046,71.3699,70.993,70.6733,70.4103,70.2035,70.0529,69.9585,69.9207,69.9401,70.0177,70.1549,70.3535,70.616,70.9454,71.3455,71.8212,72.3779,73.0223,73.762,74.6052,75.5601,76.6337,77.8298,79.1457,80.5669,82.062,83.576,85.0279,86.3162,87.3345,87.9986,88.2717,88.1778,87.7925,87.2183,86.558,85.896,85.2911,84.7778,84.3719,84.0766,83.8871,83.7948,83.7893,83.8596,83.9951,84.1859,84.4226,84.6966,84.9999,85.3248,85.6643,86.0116,86.36,86.703,87.0344,87.348,87.6379,87.8982,88.1233,88.3079,88.4467,88.5349,88.5682,88.5426,88.4545,88.3009,88.0795,87.7884,87.4266,86.9934,86.489,85.9141,85.2701,84.5589,83.783,82.9453,82.0492,81.0985,80.0972,79.0496,77.96,76.8332,75.6735,74.4858,73.2744,72.0437,70.798,69.5415,
 ,41,137.933,140.705,143.148,145.191,146.774,147.852,148.4,148.422,147.941,147.003,145.665,143.989,142.037,139.866,137.526,135.062,132.508,129.896,127.251,124.594,121.943,119.313,116.716,114.162,111.66,109.217,106.838,104.526,102.285,100.117,98.0231,96.0031,94.0576,92.186,90.3878,88.662,87.0074,85.423,83.9074,82.4593,81.0772,79.7598,78.5056,77.3133,76.1814,75.1086,74.0935,73.1351,72.2319,71.3826,70.5864,69.842,69.1483,68.5045,67.9095,67.3625,66.8628,66.4094,66.0017,65.6391,65.321,65.0467,64.816,64.6283,64.4833,64.3807,64.3202,64.3018,64.3251,64.3903,64.4971,64.6458,64.8365,65.0694,65.3444,65.6622,66.0229,66.4271,66.8753,67.368,67.9057,68.4893,69.1195,69.7971,70.5231,71.2984,72.1242,73.0015,73.9317,74.9159,75.9558,77.0527,78.2083,79.4242,80.7023,82.0443,83.4523,84.9283,86.4745,88.0933,89.7868,91.5576,93.4082,95.3412,97.3593,99.4655,101.662,103.953,106.341,108.828,111.418,114.114,116.92,119.837,122.871,126.023,129.297,132.695,136.222,139.88,143.671,147.598,151.664,155.87,160.218,164.71,169.344,174.121,179.039,184.095,189.284,194.599,200.031,205.567,211.191,216.882,222.614,228.357,234.072,239.716,245.236,250.577,255.673,260.454,264.847,268.774,272.161,274.935,277.03,278.389,278.969,278.743,277.699,275.846,273.208,269.829,265.764,261.084,255.865,250.19,244.144,237.811,231.27,224.597,217.858,211.114,204.418,197.813,191.336,185.016,178.876,172.934,167.202,161.687,156.395,151.326,146.48,141.854,137.444,133.244,129.249,125.451,121.843,118.418,115.168,112.086,109.165,106.397,103.777,101.296,98.9485,96.7289,94.631,92.6495,90.7792,89.0151,87.3527,85.7877,84.316,82.9338,81.6376,80.4242,79.2904,78.2334,77.2507,76.3398,75.4983,74.7243,74.016,73.3716,72.7896,72.2686,71.8075,71.4052,71.0609,70.7738,70.5434,70.3696,70.2521,70.1912,70.1872,70.2408,70.3532,70.5257,70.7601,71.059,71.425,71.8618,72.3734,72.9643,73.6396,74.404,75.2617,76.2151,77.2631,78.3987,79.6057,80.8559,82.1059,83.2977,84.3637,85.2369,85.866,86.2292,86.3406,86.2452,86.0072,85.6937,85.364,85.0633,84.8215,84.6551,84.5715,84.5705,84.6485,84.799,85.0145,85.2871,85.6089,85.9719,86.3686,86.7918,87.2341,87.6887,88.1487,88.6075,89.058,89.4939,89.9086,90.2955,90.6483,90.9608,91.227,91.4411,91.5978,91.6922,91.7197,91.6764,91.559,91.3647,91.0916,90.7385,90.3048,89.7907,89.1971,88.5259,87.7792,86.9601,86.0719,85.1187,84.1048,83.0351,81.9144,80.7478,79.5407,78.2982,77.0256,75.728,74.4105,73.0776,71.7342,
 ,40,141.804,144.697,147.253,149.399,151.072,152.223,152.829,152.89,152.433,151.503,150.158,148.461,146.476,144.26,141.862,139.328,136.693,133.989,131.242,128.474,125.705,122.951,120.226,117.542,114.91,112.336,109.828,107.391,105.027,102.739,100.529,98.3976,96.3448,94.3703,92.4735,90.6534,88.9089,87.2389,85.6418,84.1162,82.6606,81.2736,79.9534,78.6987,77.5078,76.3794,75.312,74.3041,73.3545,72.4617,71.6245,70.8418,70.1123,69.4351,68.8089,68.2332,67.7067,67.2286,66.7982,66.4148,66.0777,65.7864,65.5403,65.3389,65.1819,65.0689,64.9997,64.974,64.9917,65.0527,65.157,65.3047,65.4958,65.7305,66.0092,66.3319,66.6993,67.1117,67.5696,68.0737,68.6245,69.2231,69.8698,70.566,71.3124,72.11,72.9602,73.8643,74.8233,75.8389,76.9125,78.0459,79.2406,80.4988,81.822,83.2126,84.6727,86.2045,87.8105,89.4931,91.2551,93.0991,95.0279,97.0447,99.1524,101.354,103.653,106.053,108.557,111.169,113.892,116.731,119.688,122.767,125.973,129.31,132.78,136.389,140.139,144.036,148.082,152.282,156.638,161.154,165.834,170.679,175.691,180.873,186.223,191.742,197.425,203.268,209.262,215.398,221.659,228.026,234.471,240.961,247.457,253.909,260.258,266.438,272.372,277.975,283.158,287.824,291.88,295.231,297.793,299.493,300.273,300.096,298.947,296.834,293.791,289.87,285.145,279.705,273.646,267.074,260.092,252.804,245.308,237.691,230.034,222.407,214.867,207.465,200.238,193.218,186.428,179.884,173.596,167.57,161.809,156.311,151.072,146.086,141.348,136.848,132.579,128.531,124.695,121.061,117.62,114.364,111.284,108.37,105.615,103.011,100.551,98.2273,96.0338,93.9642,92.0126,90.1734,88.4415,86.8121,85.2808,83.8431,82.4953,81.2338,80.0551,78.9563,77.9342,76.9863,76.1101,75.3034,74.5641,73.8903,73.2804,72.7328,72.2462,71.8193,71.4513,71.1412,70.8885,70.6926,70.5534,70.4707,70.4448,70.476,70.5653,70.7134,70.9219,71.1924,71.527,71.9281,72.3985,72.9411,73.5587,74.2538,75.0276,75.8797,76.8062,77.7984,78.841,79.9102,80.9729,81.9883,82.911,83.6983,84.3187,84.7588,85.027,85.1508,85.1706,85.1306,85.0719,85.0285,85.0244,85.0751,85.1891,85.3689,85.6138,85.9202,86.2831,86.6965,87.1541,87.6494,88.1754,88.7256,89.2929,89.8707,90.4519,91.0297,91.5968,92.1463,92.6711,93.164,93.618,94.0264,94.3823,94.6794,94.9115,95.0731,95.1591,95.165,95.087,94.9222,94.6682,94.3237,93.8882,93.362,92.7464,92.0433,91.2555,90.3865,89.4405,88.422,87.3364,86.1889,84.9855,83.7321,82.4345,81.099,79.7315,78.3378,76.9235,75.4939,74.0541,
 ,39,145.566,148.563,151.217,153.454,155.21,156.438,157.111,157.229,156.819,155.925,154.604,152.919,150.931,148.697,146.267,143.684,140.984,138.201,135.36,132.486,129.6,126.721,123.866,121.049,118.28,115.571,112.928,110.358,107.864,105.451,103.119,100.87,98.704,96.621,94.6204,92.7011,90.8621,89.102,87.4193,85.8125,84.2799,82.8198,81.4306,80.1106,78.8582,77.6717,76.5496,75.4903,74.4924,73.5542,72.6745,71.852,71.0854,70.3735,69.7152,69.1094,68.5552,68.0515,67.5977,67.1927,66.8361,66.527,66.265,66.0495,65.8801,65.7564,65.678,65.6449,65.6567,65.7134,65.8149,65.9614,66.1529,66.3895,66.6716,66.9994,67.3735,67.7941,68.2619,68.7776,69.3418,69.9554,70.6191,71.3341,72.1012,72.9218,73.7969,74.7282,75.7167,76.7643,77.8725,79.0432,80.278,81.5794,82.9491,84.3895,85.9031,87.4923,89.1598,90.9084,92.741,94.6606,96.6706,98.7741,100.975,103.276,105.682,108.195,110.821,113.563,116.426,119.413,122.53,125.78,129.168,132.699,136.378,140.21,144.198,148.349,152.668,157.158,161.826,166.675,171.712,176.94,182.362,187.983,193.806,199.83,206.057,212.483,219.104,225.91,232.888,240.019,247.277,254.627,262.027,269.423,276.748,283.924,290.862,297.46,303.605,309.181,314.065,318.139,321.29,323.425,324.464,324.36,323.089,320.663,317.123,312.539,307.006,300.636,293.555,285.895,277.788,269.36,260.729,252.002,243.273,234.621,226.112,217.799,209.724,201.918,194.401,187.19,180.29,173.706,167.434,161.471,155.809,150.439,145.351,140.534,135.976,131.665,127.59,123.738,120.1,116.663,113.417,110.353,107.46,104.731,102.155,99.7255,97.4349,95.2758,93.2419,91.3269,89.5249,87.8308,86.2394,84.7462,83.3469,82.0375,80.8141,79.6736,78.6125,77.6282,76.7177,75.8788,75.1092,74.4067,73.7696,73.1962,72.6849,72.2344,71.8438,71.5118,71.2378,71.0211,70.8615,70.7584,70.7121,70.7227,70.7905,70.9164,71.1011,71.3459,71.652,72.0212,72.455,72.9551,73.5227,74.1587,74.8626,75.632,76.462,77.3439,78.264,79.2034,80.1371,81.0366,81.8712,82.6134,83.2434,83.7526,84.1463,84.4418,84.6647,84.8447,85.0101,85.1858,85.3908,85.6383,85.9367,86.2896,86.6979,87.1598,87.6719,88.23,88.8287,89.4623,90.1249,90.81,91.511,92.2211,92.9331,93.6398,94.3337,95.0072,95.6525,96.2619,96.8275,97.3416,97.7968,98.1856,98.5014,98.7375,98.8883,98.9486,98.9141,98.7814,98.5478,98.2121,97.7734,97.2324,96.5904,95.8501,95.0147,94.0883,93.0758,91.9828,90.8152,89.5794,88.2823,86.9305,85.5311,84.0911,82.6172,81.1159,79.5938,78.0567,76.5103,
 ,38,149.243,152.326,155.063,157.381,159.217,160.523,161.274,161.468,161.128,160.299,159.033,157.391,155.431,153.208,150.77,148.158,145.41,142.558,139.63,136.653,133.65,130.644,127.654,124.696,121.785,118.933,116.148,113.437,110.807,108.26,105.799,103.425,101.14,98.9422,96.832,94.8081,92.8694,91.0145,89.2417,87.5495,85.936,84.3993,82.9378,81.5496,80.2328,78.9857,77.8065,76.6936,75.6453,74.66,73.736,72.8722,72.0671,71.3193,70.6276,69.9908,69.4079,68.8778,68.3996,67.9725,67.5956,67.2683,66.9897,66.7597,66.5774,66.4425,66.3547,66.3138,66.3195,66.3716,66.4703,66.6154,66.8071,67.0456,67.3312,67.6641,68.0448,68.4738,68.9517,69.4791,70.0569,70.6857,71.3666,72.1007,72.8891,73.7329,74.6336,75.5925,76.6111,77.6914,78.8349,80.0435,81.3197,82.6651,84.0825,85.5741,87.1425,88.7906,90.5214,92.3379,94.2433,96.2411,98.3348,100.528,102.825,105.229,107.746,110.378,113.131,116.01,119.018,122.162,125.446,128.875,132.456,136.193,140.092,144.159,148.401,152.822,157.431,162.232,167.233,172.441,177.861,183.501,189.367,195.465,201.801,208.38,215.203,222.273,229.587,237.142,244.925,252.921,261.106,269.445,277.894,286.393,294.87,303.235,311.381,319.186,326.513,333.214,339.133,344.117,348.02,350.712,352.094,352.093,350.683,347.874,343.721,338.316,331.782,324.267,315.933,306.948,297.478,287.68,277.699,267.661,257.675,247.834,238.209,228.857,219.821,211.131,202.806,194.856,187.284,180.089,173.265,166.8,160.685,154.905,149.446,144.293,139.431,134.845,130.52,126.443,122.599,118.975,115.56,112.341,109.308,106.45,103.757,101.22,98.8304,96.581,94.4641,92.4726,90.6003,88.8412,87.19,85.6413,84.1905,82.8334,81.5657,80.3839,79.2844,78.264,77.3199,76.4495,75.6501,74.9198,74.2562,73.6578,73.1228,72.6497,72.2374,71.8846,71.5905,71.3543,71.1756,71.0537,70.9885,70.9801,71.0285,71.1342,71.2976,71.5194,71.8004,72.1415,72.5436,73.0074,73.533,74.1202,74.7675,75.4716,76.2276,77.0272,77.8592,78.7084,79.5567,80.3838,81.169,81.8942,82.5466,83.1209,83.6204,84.0563,84.4452,84.8071,85.1618,85.5275,85.9187,86.3464,86.818,87.3374,87.9061,88.5234,89.1872,89.894,90.6394,91.4185,92.2255,93.0545,93.8988,94.7515,95.6051,96.4522,97.2847,98.0941,98.8721,99.61,100.299,100.931,101.496,101.987,102.396,102.715,102.939,103.059,103.073,102.976,102.764,102.437,101.994,101.435,100.762,99.9782,99.0875,98.0949,97.0061,95.8275,94.5663,93.2299,91.8263,90.3632,88.8489,87.2911,85.6977,84.0761,82.4336,80.7768,79.1123,
 ,37,152.876,156.033,158.842,161.234,163.148,164.536,165.375,165.662,165.417,164.679,163.497,161.928,160.024,157.838,155.413,152.791,150.007,147.094,144.083,141.002,137.88,134.741,131.609,128.503,125.44,122.435,119.498,116.639,113.862,111.174,108.576,106.07,103.658,101.338,99.112,96.9775,94.9335,92.9784,91.1108,89.3286,87.63,86.013,84.4757,83.016,81.6319,80.3215,79.0828,77.914,76.8133,75.7788,74.8091,73.9025,73.0572,72.2721,71.5458,70.8769,70.2643,69.7068,69.2035,68.7534,68.3555,68.0093,67.7139,67.4686,67.2731,67.1267,67.0292,66.9801,66.9794,67.0269,67.1224,67.2661,67.458,67.6983,67.9873,68.3252,68.7127,69.1502,69.6382,70.1775,70.7689,71.4134,72.1119,72.8654,73.6753,74.5428,75.4693,76.4564,77.5059,78.6193,79.7989,81.0466,82.3646,83.7553,85.2212,86.765,88.3898,90.0985,91.8943,93.7805,95.7609,97.8392,100.019,102.305,104.702,107.214,109.845,112.601,115.486,118.507,121.668,124.975,128.435,132.053,135.836,139.79,143.922,148.239,152.749,157.458,162.375,167.508,172.866,178.456,184.289,190.373,196.717,203.332,210.226,217.408,224.885,232.663,240.746,249.133,257.82,266.793,276.034,285.509,295.173,304.966,314.806,324.592,334.198,343.479,352.264,360.367,367.59,373.731,378.597,382.017,383.85,384.001,382.429,379.147,374.229,367.795,360.011,351.071,341.187,330.575,319.446,307.995,296.398,284.807,273.348,262.123,251.213,240.676,230.553,220.872,211.646,202.881,194.573,186.714,179.291,172.288,165.688,159.472,153.621,148.114,142.934,138.061,133.477,129.166,125.11,121.295,117.706,114.329,111.152,108.163,105.351,102.705,100.217,97.8763,95.6758,93.6078,91.6649,89.841,88.13,86.526,85.0242,83.6197,82.3083,81.0856,79.9482,78.8925,77.9154,77.0141,76.1859,75.4283,74.7393,74.1167,73.5589,73.0642,72.6312,72.2588,71.9459,71.6914,71.4949,71.3556,71.2733,71.2476,71.2786,71.3662,71.5108,71.7125,71.9719,72.2891,72.6645,73.0982,73.5896,74.1379,74.7409,75.3955,76.0966,76.8372,77.6082,78.3979,79.193,79.9792,80.7422,81.4702,82.1547,82.7925,83.3856,83.9415,84.4715,84.9892,85.5085,86.0427,86.6029,87.198,87.834,88.5149,89.2422,90.0158,90.8342,91.6946,92.5932,93.5255,94.486,95.4688,96.4673,97.4743,98.4821,99.4826,100.467,101.426,102.351,103.231,104.058,104.82,105.509,106.115,106.629,107.041,107.345,107.534,107.602,107.544,107.357,107.038,106.588,106.008,105.298,104.464,103.509,102.44,101.263,99.9861,98.6177,97.1665,95.6416,94.0523,92.4078,90.7172,88.9894,87.2329,85.4559,83.6659,81.87,
 ,36,156.525,159.749,162.626,165.09,167.083,168.561,169.499,169.894,169.764,169.14,168.067,166.595,164.771,162.641,160.248,157.628,154.816,151.847,148.753,145.566,142.317,139.037,135.752,132.487,129.262,126.093,122.994,119.974,117.041,114.201,111.457,108.81,106.263,103.814,101.465,99.2127,97.0571,94.9963,93.0284,91.1515,89.3634,87.662,86.0451,84.5105,83.0559,81.6793,80.3785,79.1514,77.996,76.9106,75.8932,74.9418,74.0552,73.2315,72.4693,71.7672,71.1239,70.5382,70.0088,69.535,69.1155,68.7498,68.4367,68.1759,67.9666,67.8083,67.7007,67.6433,67.636,67.6785,67.7708,67.9129,68.1048,68.3468,68.6392,68.9822,69.3765,69.8224,70.3207,70.8721,71.4775,72.1377,72.8539,73.6273,74.459,75.3505,76.3035,77.3193,78.4,79.5475,80.7637,82.051,83.4118,84.8485,86.3643,87.9618,89.644,91.4146,93.2771,95.235,97.2924,99.4535,101.723,104.105,106.604,109.227,111.977,114.861,117.884,121.053,124.374,127.853,131.497,135.313,139.309,143.491,147.869,152.451,157.244,162.259,167.505,172.991,178.728,184.729,191.003,197.563,204.423,211.596,219.094,226.932,235.124,243.68,252.611,261.924,271.621,281.696,292.137,302.917,313.991,325.3,336.755,348.244,359.621,370.712,381.307,391.172,400.05,407.677,413.794,418.167,420.604,420.972,419.212,415.34,409.453,401.718,392.355,381.625,369.807,357.183,344.021,330.565,317.028,303.591,290.4,277.567,265.176,253.287,241.937,231.146,220.921,211.258,202.146,193.566,185.499,177.92,170.804,164.127,157.863,151.986,146.474,141.303,136.451,131.899,127.626,123.614,119.848,116.31,112.988,109.866,106.934,104.178,101.59,99.158,96.8739,94.7292,92.7162,90.8275,89.057,87.3983,85.846,84.3947,83.04,81.7773,80.6026,79.5123,78.503,77.5716,76.7152,75.9314,75.2176,74.5719,73.9923,73.477,73.0245,72.6336,72.3029,72.0315,71.8186,71.6635,71.5655,71.5244,71.5399,71.6118,71.7401,71.9247,72.1658,72.4633,72.817,73.2266,73.6913,74.2097,74.7798,75.3982,76.0607,76.7614,77.4929,78.2466,79.0125,79.7806,80.5413,81.2864,82.0105,82.7116,83.3912,84.0545,84.7093,85.3651,86.0319,86.7195,87.4364,88.1895,88.984,89.8231,90.7086,91.6404,92.6175,93.6374,94.6967,95.791,96.9152,98.0632,99.2282,100.403,101.579,102.748,103.9,105.025,106.113,107.152,108.132,109.042,109.869,110.604,111.235,111.754,112.15,112.415,112.544,112.53,112.369,112.06,111.601,110.994,110.242,109.348,108.319,107.161,105.882,104.492,103.001,101.418,99.7553,98.0222,96.2301,94.3895,92.5103,90.6025,88.6749,86.7362,84.7942,
 ,35,160.266,163.557,166.504,169.044,171.123,172.699,173.749,174.267,174.267,173.775,172.829,171.471,169.743,167.685,165.334,162.723,159.888,156.861,153.678,150.376,146.991,143.557,140.107,136.669,133.268,129.922,126.647,123.455,120.355,117.352,114.451,111.653,108.961,106.375,103.894,101.517,99.2435,97.0706,94.9967,93.0197,91.1373,89.3471,87.6466,86.0334,84.5051,83.0593,81.6937,80.4057,79.1936,78.0551,76.988,75.9905,75.0608,74.1971,73.3978,72.6613,71.9862,71.3712,70.815,70.3166,69.8749,69.4889,69.1579,68.8808,68.6574,68.4868,68.3687,68.3027,68.2884,68.3257,68.4146,68.555,68.7468,68.9905,69.2863,69.6344,70.0354,70.49,70.9987,71.5622,72.1817,72.858,73.5922,74.3856,75.2395,76.1556,77.1352,78.1803,79.2928,80.4747,81.7283,83.056,84.4604,85.9443,87.5107,89.1628,90.904,92.738,94.6685,96.7,98.8365,101.083,103.444,105.924,108.53,111.267,114.141,117.158,120.325,123.648,127.135,130.793,134.63,138.654,142.873,147.297,151.934,156.795,161.889,167.227,172.821,178.684,184.826,191.264,198.01,205.082,212.495,220.269,228.421,236.971,245.94,255.347,265.211,275.549,286.373,297.689,309.492,321.766,334.475,347.56,360.931,374.465,387.998,401.32,414.176,426.269,437.267,446.82,454.577,460.217,463.471,464.151,462.169,457.548,450.42,441.014,429.635,416.633,402.382,387.25,371.581,355.68,339.807,324.172,308.942,294.237,280.143,266.715,253.981,241.952,230.622,219.974,209.986,200.629,191.87,183.677,176.016,168.853,162.156,155.894,150.037,144.558,139.431,134.631,130.136,125.924,121.978,118.277,114.808,111.553,108.499,105.634,102.945,100.422,98.0546,95.8337,93.7509,91.7982,89.9688,88.256,86.6538,85.1565,83.7592,82.4571,81.246,80.1219,79.0812,78.1206,77.237,76.4277,75.6903,75.0224,74.4219,73.8871,73.4162,73.0079,72.6608,72.3738,72.1459,71.9763,71.8645,71.8097,71.8117,71.8701,71.9846,72.1551,72.3814,72.6631,72.9999,73.3912,73.836,74.3329,74.8797,75.4737,76.1111,76.7873,77.4964,78.2319,78.9869,79.754,80.5268,81.2999,82.0696,82.8351,83.5974,84.3604,85.1297,85.9122,86.7152,87.5461,88.4114,89.3167,90.266,91.2624,92.3072,93.4006,94.5417,95.728,96.9565,98.2231,99.5224,100.848,102.194,103.552,104.913,106.267,107.604,108.913,110.183,111.401,112.553,113.628,114.613,115.494,116.259,116.897,117.398,117.75,117.948,117.983,117.853,117.553,117.083,116.445,115.642,114.679,113.562,112.301,110.905,109.385,107.752,106.019,104.197,102.301,100.341,98.3301,96.2802,94.2019,92.1057,90.001,87.8967,
 ,34,164.184,167.553,170.58,173.207,175.382,177.069,178.242,178.895,179.037,178.689,177.881,176.648,175.024,173.043,170.737,168.136,165.272,162.181,158.9,155.47,151.934,148.331,144.699,141.072,137.479,133.94,130.475,127.096,123.814,120.636,117.566,114.607,111.76,109.026,106.405,103.895,101.495,99.2035,97.0175,94.9348,92.9529,91.0691,89.2808,87.5853,85.9797,84.4615,83.0281,81.677,80.4058,79.2119,78.0933,77.0478,76.0735,75.1683,74.3305,73.5584,72.8505,72.2053,71.6215,71.0977,70.6329,70.2262,69.8764,69.5827,69.3446,69.1614,69.0324,68.9575,68.9361,68.9681,69.0533,69.1917,69.3835,69.6288,69.9278,70.2811,70.689,71.1522,71.6713,72.2472,72.8809,73.5734,74.3258,75.1396,76.0161,76.9569,77.9638,79.0386,80.1834,81.4004,82.692,84.0608,85.5095,87.0414,88.6594,90.3672,92.1685,94.0672,96.0675,98.174,100.392,102.725,105.18,107.763,110.478,113.334,116.335,119.49,122.805,126.289,129.949,133.794,137.833,142.074,146.529,151.206,156.116,161.272,166.684,172.365,178.329,184.591,191.165,198.068,205.319,212.937,220.945,229.363,238.219,247.539,257.352,267.687,278.574,290.043,302.119,314.824,328.17,342.153,356.751,371.915,387.56,403.556,419.718,435.803,451.5,466.432,480.169,492.244,502.177,509.519,513.889,515.016,512.773,507.187,498.444,486.866,472.877,456.959,439.616,421.335,402.556,383.661,364.964,346.709,329.077,312.197,296.147,280.97,266.683,253.276,240.728,229.006,218.07,207.877,198.382,189.538,181.301,173.63,166.482,159.821,153.609,147.813,142.404,137.351,132.63,128.216,124.087,120.223,116.605,113.217,110.042,107.067,104.279,101.665,99.2145,96.918,94.7661,92.7502,90.8628,89.0967,87.4454,85.903,84.4641,83.1236,81.877,80.72,79.6488,78.6598,77.75,76.9164,76.1562,75.4671,74.8469,74.2936,73.8055,73.3809,73.0185,72.7172,72.4758,72.2933,72.1691,72.1025,72.093,72.1401,72.2434,72.4026,72.6173,72.8872,73.2116,73.5899,74.0211,74.5036,75.0359,75.6154,76.239,76.9031,77.6033,78.3348,79.0926,79.8717,80.6677,81.4771,82.2977,83.1292,83.9726,84.8312,85.7089,86.6111,87.5434,88.5114,89.5204,90.5747,91.6778,92.8321,94.0391,95.2988,96.6102,97.9714,99.3792,100.83,102.317,103.836,105.378,106.936,108.5,110.059,111.603,113.118,114.591,116.009,117.357,118.62,119.782,120.83,121.748,122.523,123.143,123.595,123.872,123.964,123.867,123.576,123.093,122.418,121.555,120.51,119.292,117.911,116.378,114.707,112.911,111.004,109.002,106.918,104.767,102.563,100.32,98.0503,95.7647,93.4745,91.1892,
 ,33,168.374,171.838,174.964,177.695,179.984,181.796,183.105,183.903,184.195,183.997,183.33,182.223,180.703,178.796,176.529,173.929,171.027,167.857,164.461,160.886,157.179,153.387,149.554,145.719,141.915,138.166,134.493,130.912,127.433,124.065,120.812,117.678,114.665,111.773,109.002,106.35,103.816,101.398,99.0927,96.8982,94.8112,92.8289,90.9483,89.1662,87.4799,85.8861,84.382,82.9648,81.632,80.3807,79.2085,78.1133,77.0927,76.1445,75.2669,74.4581,73.7162,73.0399,72.4274,71.8776,71.389,70.9607,70.5917,70.281,70.0278,69.8314,69.6913,69.6071,69.5783,69.6047,69.6861,69.8225,70.014,70.2608,70.5631,70.9216,71.3364,71.8082,72.3379,72.9263,73.5744,74.2833,75.0542,75.8887,76.788,77.754,78.7884,79.8934,81.071,82.3236,83.6538,85.0644,86.5584,88.1388,89.8094,91.5739,93.4363,95.4009,97.4724,99.6556,101.956,104.379,106.931,109.618,112.446,115.423,118.556,121.854,125.323,128.974,132.814,136.854,141.104,145.574,150.274,155.218,160.416,165.882,171.63,177.674,184.031,190.716,197.748,205.148,212.937,221.139,229.781,238.892,248.504,258.653,269.378,280.72,292.724,305.434,318.897,333.152,348.234,364.163,380.941,398.535,416.875,435.832,455.21,474.728,494.011,512.589,529.898,545.311,558.164,567.823,573.739,575.516,572.959,566.108,555.229,540.782,523.369,503.665,482.356,460.088,437.43,414.856,392.738,371.355,350.899,331.493,313.202,296.047,280.021,265.09,251.208,238.32,226.364,215.279,205.002,195.473,186.635,178.434,170.821,163.747,157.171,151.052,145.355,140.047,135.098,130.48,126.168,122.14,118.374,114.852,111.557,108.473,105.585,102.882,100.35,97.9787,95.7587,93.6807,91.7363,89.918,88.2188,86.6324,85.1529,83.775,82.4938,81.305,80.2043,79.1881,78.2531,77.3961,76.6142,75.905,75.266,74.6954,74.1912,73.7516,73.3752,73.0609,72.8073,72.6134,72.4786,72.4018,72.3828,72.4207,72.5153,72.6659,72.8723,73.1339,73.4501,73.8202,74.2433,74.7182,75.2433,75.8166,76.4358,77.098,77.8001,78.5387,79.3101,80.1112,80.9391,81.7916,82.6677,83.5674,84.4921,85.4443,86.4274,87.4457,88.5036,89.6056,90.7561,91.9587,93.2164,94.5315,95.905,97.337,98.8269,100.373,101.971,103.619,105.31,107.038,108.795,110.573,112.361,114.148,115.921,117.667,119.37,121.014,122.583,124.059,125.425,126.664,127.757,128.69,129.447,130.015,130.382,130.539,130.48,130.2,129.699,128.98,128.046,126.906,125.569,124.047,122.356,120.509,118.524,116.417,114.206,111.907,109.539,107.116,104.654,102.168,99.6697,97.1717,94.6846,
 ,32,172.935,176.522,179.772,182.632,185.057,187.011,188.47,189.422,189.869,189.82,189.291,188.303,186.876,185.03,182.787,180.17,177.209,173.939,170.407,166.663,162.762,158.758,154.702,150.637,146.6,142.62,138.72,134.917,131.224,127.649,124.199,120.876,117.684,114.622,111.689,108.886,106.209,103.656,101.224,98.9113,96.7134,94.6274,92.6497,90.7769,89.0058,87.3329,85.7551,84.2691,82.8721,81.5611,80.3335,79.1865,78.1179,77.1253,76.2066,75.3597,74.5828,73.8742,73.2322,72.6554,72.1424,71.692,71.3031,70.9747,70.706,70.4962,70.3446,70.2507,70.2142,70.2348,70.3123,70.4466,70.6378,70.886,71.1916,71.555,71.9767,72.4573,72.9978,73.5987,74.2614,74.987,75.7767,76.632,77.5544,78.546,79.6085,80.744,81.9548,83.2437,84.613,86.066,87.6057,89.2357,90.9597,92.7818,94.7063,96.738,98.8819,101.143,103.528,106.043,108.693,111.487,114.431,117.534,120.803,124.248,127.877,131.7,135.728,139.972,144.441,149.149,154.108,159.331,164.833,170.626,176.729,183.157,189.929,197.063,204.583,212.51,220.872,229.696,239.016,248.866,259.288,270.328,282.034,294.465,307.681,321.747,336.733,352.708,369.737,387.872,407.151,427.577,449.103,471.622,494.934,518.729,542.564,565.853,587.863,607.742,624.568,637.428,645.516,648.239,645.302,636.759,623.001,604.702,582.735,558.056,531.609,504.258,476.735,449.624,423.36,398.246,374.474,352.146,331.298,311.917,293.956,277.349,262.016,247.87,234.824,222.793,211.694,201.449,191.986,183.239,175.146,167.652,160.705,154.258,148.271,142.706,137.527,132.705,128.21,124.018,120.106,116.452,113.037,109.846,106.861,104.069,101.456,99.0122,96.7257,94.5868,92.5868,90.7176,88.9718,87.3425,85.8237,84.4096,83.0951,81.8755,80.7465,79.7042,78.745,77.8657,77.0632,76.335,75.6784,75.0916,74.5723,74.119,73.7299,73.4038,73.1394,72.9357,72.7917,72.7067,72.68,72.7108,72.7989,72.9437,73.1446,73.4013,73.7132,74.0795,74.4996,74.9724,75.4967,76.071,76.6935,77.3622,78.0749,78.8294,79.6231,80.4542,81.321,82.2224,83.1581,84.1288,85.1358,86.1816,87.2692,88.4021,89.5843,90.8196,92.1118,93.4641,94.8792,96.3591,97.905,99.5173,101.195,102.937,104.739,106.599,108.51,110.466,112.459,114.479,116.516,118.556,120.587,122.592,124.554,126.455,128.276,129.996,131.596,133.054,134.351,135.466,136.383,137.084,137.556,137.788,137.773,137.504,136.983,136.21,135.192,133.938,132.461,130.776,128.898,126.847,124.642,122.304,119.853,117.308,114.69,112.018,109.308,106.577,103.839,101.109,98.3963,
 ,31,177.97,181.716,185.125,188.145,190.732,192.85,194.474,195.59,196.193,196.289,195.887,195.002,193.648,191.84,189.595,186.934,183.885,180.487,176.788,172.847,168.724,164.481,160.175,155.854,151.56,147.326,143.176,139.131,135.204,131.404,127.738,124.211,120.824,117.578,114.473,111.506,108.676,105.98,103.414,100.976,98.6604,96.4649,94.3852,92.4173,90.5575,88.8019,87.1471,85.5895,84.1257,82.7527,81.4674,80.2669,79.1487,78.1101,77.1487,76.2626,75.4495,74.7076,74.0352,73.4306,72.8924,72.4192,72.0099,71.6633,71.3786,71.1548,70.9914,70.8877,70.8433,70.8578,70.9311,71.0631,71.2538,71.5034,71.8123,72.1808,72.6094,73.0989,73.6501,74.2638,74.9412,75.6836,76.4923,77.3688,78.3148,79.3322,80.4231,81.5896,82.8343,84.1597,85.5689,87.0647,88.6508,90.331,92.1091,93.9896,95.9773,98.0771,100.295,102.636,105.107,107.714,110.466,113.369,116.432,119.663,123.072,126.669,130.463,134.466,138.688,143.143,147.842,152.799,158.029,163.546,169.365,175.504,181.981,188.815,196.026,203.638,211.674,220.162,229.133,238.62,248.661,259.3,270.587,282.578,295.337,308.938,323.461,338.999,355.65,373.519,392.713,413.333,435.466,459.171,484.452,511.243,539.366,568.498,598.131,627.546,655.795,681.721,704.025,721.373,732.561,736.681,733.277,722.419,704.704,681.144,653.026,621.726,588.561,554.687,521.039,488.325,457.035,427.481,399.829,374.138,350.391,328.519,308.424,289.987,273.087,257.596,243.396,230.37,218.414,207.427,197.321,188.014,179.433,171.511,164.189,157.413,151.136,145.313,139.906,134.88,130.205,125.851,121.793,118.009,114.478,111.18,108.1,105.221,102.53,100.015,97.6637,95.4658,93.4118,91.4932,89.7022,88.0315,86.4747,85.0257,83.6792,82.4301,81.274,80.2067,79.2246,78.3241,77.5021,76.756,76.0831,75.4811,74.9481,74.4821,74.0816,73.745,73.4712,73.259,73.1075,73.0158,72.9832,73.0091,73.0929,73.2342,73.4326,73.6874,73.9985,74.365,74.7865,75.2622,75.7913,76.3726,77.0049,77.687,78.4176,79.195,80.0181,80.8858,81.7974,82.7526,83.7519,84.7963,85.8876,87.028,88.2207,89.4688,90.776,92.1457,93.5815,95.0864,96.6631,98.3137,100.039,101.841,103.717,105.668,107.689,109.777,111.927,114.133,116.385,118.673,120.986,123.311,125.63,127.928,130.184,132.378,134.487,136.488,138.358,140.07,141.602,142.93,144.032,144.889,145.485,145.804,145.839,145.583,145.036,144.199,143.082,141.694,140.052,138.172,136.077,133.787,131.326,128.719,125.99,123.162,120.258,117.301,114.308,111.301,108.293,105.302,102.338,
 ,30,183.585,187.536,191.147,194.366,197.149,199.457,201.265,202.553,203.313,203.545,203.254,202.448,201.138,199.334,197.05,194.306,191.131,187.566,183.665,179.492,175.114,170.6,166.012,161.406,156.826,152.31,147.885,143.572,139.387,135.341,131.441,127.69,124.093,120.649,117.356,114.215,111.221,108.372,105.664,103.092,100.653,98.3423,96.1552,94.0875,92.1348,90.2929,88.5578,86.9256,85.3925,83.955,82.6099,81.3539,80.1842,79.098,78.0927,77.166,76.3155,75.5394,74.8356,74.2024,73.6382,73.1416,72.7112,72.346,72.0448,71.8067,71.631,71.5171,71.4645,71.4728,71.5418,71.6713,71.8615,72.1125,72.4245,72.798,73.2336,73.7321,74.2941,74.9207,75.6131,76.3725,77.2004,78.0984,79.0682,80.1119,81.2316,82.4296,83.7084,85.0711,86.5203,88.0598,89.693,91.4239,93.2568,95.1965,97.2481,99.4168,101.709,104.131,106.689,109.392,112.246,115.261,118.445,121.809,125.361,129.114,133.078,137.266,141.691,146.365,151.303,156.521,162.034,167.858,174.012,180.515,187.387,194.65,202.327,210.444,219.028,228.112,237.73,247.921,258.73,270.209,282.416,295.421,309.302,324.154,340.08,357.202,375.657,395.594,417.177,440.569,465.934,493.409,523.086,554.978,588.967,624.754,661.788,699.212,735.811,770.017,799.98,823.729,839.421,845.635,841.64,827.542,804.266,773.382,736.827,696.611,654.584,612.291,570.913,531.28,493.915,459.099,426.935,397.399,370.39,345.758,323.326,302.913,284.337,267.424,252.012,237.952,225.11,213.362,202.599,192.724,183.651,175.3,167.602,160.498,153.931,147.853,142.221,136.995,132.141,127.628,123.429,119.517,115.871,112.471,109.298,106.335,103.568,100.984,98.5697,96.3146,94.2086,92.2424,90.4079,88.6974,87.1041,85.6217,84.2445,82.9673,81.7854,80.6944,79.6905,78.7701,77.9298,77.167,76.4788,75.863,75.3173,74.8399,74.4292,74.0835,73.8016,73.5824,73.4248,73.328,73.2913,73.3141,73.3958,73.536,73.7343,73.9902,74.3035,74.6738,75.1007,75.5836,76.1222,76.7156,77.3633,78.0646,78.8188,79.6253,80.4835,81.3933,82.3546,83.3681,84.4348,85.556,86.734,87.9712,89.2708,90.6358,92.0699,93.5767,95.1594,96.8214,98.5655,100.394,102.308,104.309,106.397,108.57,110.827,113.163,115.574,118.052,120.589,123.175,125.796,128.438,131.084,133.713,136.304,138.833,141.274,143.599,145.781,147.79,149.596,151.173,152.494,153.534,154.274,154.697,154.79,154.548,153.969,153.056,151.82,150.273,148.434,146.326,143.973,141.403,138.643,135.723,132.671,129.516,126.284,123,119.687,116.365,113.054,109.769,106.525,
 ,29,189.892,194.103,197.968,201.434,204.453,206.985,208.999,210.471,211.389,211.747,211.546,210.789,209.484,207.639,205.269,202.393,199.042,195.263,191.114,186.665,181.99,177.166,172.26,167.333,162.434,157.603,152.872,148.263,143.794,139.477,135.319,131.325,127.499,123.839,120.345,117.016,113.847,110.834,107.974,105.262,102.692,100.26,97.9598,95.7875,93.7377,91.8058,89.987,88.2771,86.672,85.1677,83.7605,82.4471,81.2241,80.0886,79.0379,78.0693,77.1802,76.3687,75.6325,74.9698,74.3789,73.8582,73.4063,73.0217,72.7036,72.4509,72.2627,72.1383,72.0772,72.0791,72.1436,72.2706,72.4601,72.7123,73.0275,73.4061,73.8487,74.356,74.9291,75.5687,76.2762,77.0529,77.9003,78.8201,79.8142,80.8845,82.0333,83.2632,84.5768,85.977,87.467,89.0506,90.7314,92.5136,94.4021,96.4015,98.5176,100.756,103.124,105.627,108.274,111.073,114.032,117.16,120.469,123.967,127.667,131.58,135.72,140.099,144.732,149.634,154.822,160.311,166.119,172.267,178.773,185.659,192.947,200.664,208.834,217.486,226.653,236.369,246.675,257.615,269.24,281.61,294.794,308.875,323.949,340.128,357.547,376.362,396.753,418.926,443.114,469.568,498.55,530.318,565.096,603.031,644.134,688.194,734.676,782.603,830.454,876.119,916.951,949.989,972.352,981.757,976.999,958.237,926.969,885.686,837.374,785.012,731.209,678.012,626.877,578.724,534.05,493.043,455.676,421.788,391.15,363.491,338.534,316.009,295.664,277.262,260.594,245.471,231.723,219.203,207.778,197.334,187.768,178.989,170.921,163.491,156.64,150.311,144.458,139.037,134.009,129.342,125.004,120.969,117.213,113.713,110.449,107.406,104.566,101.915,99.4405,97.1305,94.9746,92.9628,91.0867,89.3382,87.7102,86.196,84.7897,83.4858,82.2794,81.1661,80.1417,79.2025,78.3453,77.5669,76.8647,76.2361,75.6791,75.1915,74.7717,74.4182,74.1296,73.9047,73.7425,73.6422,73.6031,73.6245,73.7061,73.8472,74.0478,74.3074,74.6259,75.0031,75.4388,75.9328,76.4848,77.0948,77.7626,78.4879,79.2708,80.1113,81.0096,81.9662,82.9817,84.0575,85.1951,86.3964,87.664,89.0006,90.4096,91.8943,93.4586,95.1061,96.8404,98.6651,100.583,102.598,104.711,106.923,109.236,111.648,114.159,116.764,119.459,122.237,125.089,128.005,130.971,133.97,136.983,139.99,142.963,145.877,148.701,151.403,153.948,156.303,158.433,160.303,161.881,163.139,164.05,164.594,164.758,164.531,163.914,162.909,161.53,159.792,157.72,155.34,152.683,149.782,146.671,143.385,139.958,136.424,132.813,129.155,125.475,121.797,118.142,114.528,110.97,
 ,28,197.007,201.546,205.729,209.5,212.806,215.602,217.851,219.525,220.603,221.077,220.941,220.197,218.851,216.912,214.395,211.325,207.738,203.684,199.23,194.451,189.43,184.246,178.976,173.684,168.424,163.24,158.166,153.228,148.444,143.827,139.385,135.125,131.049,127.155,123.444,119.912,116.555,113.368,110.347,107.485,104.777,102.217,99.7991,97.5172,95.366,93.3401,91.4343,89.6437,87.9637,86.39,84.9187,83.5456,82.2676,81.0812,79.9835,78.9715,78.0428,77.1948,76.4252,75.7323,75.1138,74.5683,74.0942,73.6899,73.3543,73.0865,72.8854,72.7503,72.6806,72.6757,72.7356,72.8599,73.0486,73.302,73.6204,74.004,74.4537,74.9701,75.5543,76.2071,76.9299,77.7241,78.5913,79.5332,80.5518,81.6492,82.8277,84.0899,85.4386,86.8771,88.4084,90.0365,91.7655,93.5997,95.544,97.6039,99.7851,102.094,104.538,107.124,109.86,112.756,115.821,119.065,122.499,126.135,129.985,134.063,138.383,142.959,147.808,152.947,158.393,164.164,170.283,176.768,183.644,190.933,198.662,206.858,215.55,224.771,234.556,244.945,255.982,267.717,280.209,293.525,307.745,322.965,339.298,356.881,375.878,396.483,418.929,443.49,470.484,500.27,533.245,569.835,610.455,655.473,705.124,759.403,817.9,879.604,942.692,1004.36,1060.84,1107.6,1140.06,1154.42,1148.64,1122.98,1079.94,1023.59,958.644,889.573,820.043,752.718,689.303,630.724,577.338,529.122,485.826,447.078,412.454,381.523,353.874,329.127,306.938,287.002,269.051,252.848,238.189,224.895,212.811,201.802,191.75,182.552,174.119,166.372,159.244,152.672,146.604,140.994,135.799,130.982,126.512,122.358,118.495,114.899,111.55,108.429,105.519,102.805,100.273,97.9108,95.7073,93.6522,91.7366,89.9521,88.2911,86.7469,85.313,83.9841,82.7547,81.6205,80.5769,79.6204,78.7474,77.9548,77.2397,76.5996,76.0323,75.5358,75.1082,74.7481,74.4539,74.2247,74.0593,73.957,73.9171,73.9388,74.022,74.1661,74.3711,74.6368,74.9631,75.35,75.7975,76.3058,76.875,77.5054,78.1972,78.9507,79.7666,80.6453,81.5878,82.5953,83.6691,84.8109,86.0229,87.3076,88.6679,90.1072,91.6288,93.2368,94.9352,96.728,98.6194,100.613,102.714,104.924,107.246,109.683,112.236,114.905,117.69,120.587,123.593,126.701,129.902,133.185,136.536,139.938,143.368,146.804,150.216,153.574,156.842,159.982,162.954,165.716,168.227,170.445,172.33,173.846,174.962,175.652,175.899,175.69,175.025,173.91,172.358,170.392,168.039,165.335,162.316,159.023,155.498,151.783,147.918,143.944,139.895,135.807,131.708,127.626,123.583,119.598,115.689,
 ,27,205.058,210.004,214.583,218.731,222.387,225.5,228.022,229.92,231.167,231.746,231.651,230.88,229.439,227.342,224.609,221.27,217.369,212.967,208.135,202.958,197.525,191.922,186.229,180.518,174.846,169.262,163.802,158.493,153.357,148.407,143.653,139.1,134.751,130.603,126.657,122.907,119.348,115.976,112.783,109.763,106.909,104.215,101.673,99.2764,97.0194,94.8957,92.8992,91.0249,89.2673,87.6217,86.0837,84.649,83.3141,82.075,80.9289,79.8722,78.9023,78.0168,77.213,76.4887,75.842,75.271,74.774,74.3495,73.9961,73.7128,73.4985,73.3523,73.2736,73.262,73.3169,73.4384,73.6263,73.8809,74.2023,74.5911,75.0479,75.5735,76.1688,76.8351,77.5735,78.3854,79.2727,80.2371,81.2806,82.4054,83.6141,84.9092,86.2938,87.7709,89.3441,91.0174,92.7951,94.6816,96.6824,98.803,101.05,103.43,105.95,108.619,111.445,114.439,117.611,120.972,124.533,128.309,132.313,136.559,141.063,145.842,150.914,156.297,162.011,168.078,174.519,181.359,188.623,196.337,204.53,213.233,222.479,232.304,242.747,253.851,265.667,278.249,291.662,305.982,321.299,337.723,355.383,374.44,395.089,417.57,442.173,469.247,499.212,532.564,569.872,611.781,658.98,712.164,771.942,838.696,912.35,992.056,1075.79,1159.98,1239.24,1306.67,1354.74,1376.98,1369.78,1333.58,1272.74,1194.14,1105.36,1013.14,922.581,837.016,758.271,687.075,623.439,566.958,517.019,472.931,434.008,399.603,369.135,342.089,318.014,296.522,277.28,260,244.437,230.38,217.649,206.088,195.563,185.958,177.173,169.12,161.724,154.919,148.646,142.854,137.499,132.541,127.944,123.677,119.713,116.027,112.596,109.401,106.425,103.651,101.064,98.6527,96.4042,94.3084,92.3556,90.5372,88.8453,87.2728,85.8132,84.4608,83.2101,82.0564,80.9952,80.0226,79.1351,78.3294,77.6028,76.9524,76.3761,75.8718,75.4376,75.0721,74.7738,74.5415,74.3742,74.2713,74.2319,74.2556,74.3421,74.491,74.7024,74.9762,75.3125,75.7116,76.1737,76.6992,77.2887,77.9427,78.6618,79.4471,80.2996,81.2203,82.2108,83.2729,84.4084,85.6197,86.9096,88.281,89.7375,91.2828,92.9209,94.6563,96.4934,98.437,100.492,102.662,104.953,107.369,109.913,112.589,115.399,118.345,121.425,124.64,127.986,131.457,135.044,138.737,142.52,146.376,150.28,154.207,158.124,161.995,165.78,169.433,172.907,176.151,179.115,181.748,184,185.827,187.189,188.054,188.4,188.213,187.49,186.239,184.479,182.236,179.547,176.453,173.001,169.243,165.227,161.006,156.629,152.141,147.587,143.003,138.425,133.882,129.399,124.999,120.696,
 ,26,214.18,219.633,224.703,229.315,233.4,236.895,239.743,241.899,243.328,244.008,243.928,243.086,241.491,239.162,236.128,232.43,228.124,223.279,217.98,212.318,206.389,200.288,194.1,187.902,181.755,175.712,169.813,164.087,158.556,153.235,148.135,143.26,138.611,134.188,129.986,126.001,122.227,118.657,115.282,112.095,109.088,106.253,103.581,101.065,98.6976,96.4721,94.3817,92.4203,90.5822,88.8622,87.2552,85.7568,84.3629,83.0695,81.8731,80.7703,79.7582,78.8338,77.9947,77.2384,76.5625,75.9653,75.4449,74.9996,74.6279,74.3287,74.1009,73.9433,73.8555,73.8368,73.8868,74.0053,74.1923,74.448,74.7725,75.1664,75.6304,76.1653,76.7721,77.4518,78.206,79.0361,79.9438,80.931,82,83.1528,84.3922,85.7208,87.1417,88.6581,90.2739,91.993,93.8198,95.7593,97.817,99.9987,102.311,104.762,107.359,110.111,113.028,116.121,119.4,122.878,126.569,130.486,134.645,139.063,143.756,148.743,154.044,159.679,165.672,172.045,178.823,186.034,193.705,201.867,210.551,219.791,229.625,240.092,251.236,263.104,275.75,289.235,303.63,319.017,335.497,353.19,372.245,392.843,415.213,439.638,466.471,496.147,529.203,566.291,608.195,655.837,710.275,772.669,844.199,925.906,1018.4,1121.38,1232.96,1348.86,1461.63,1560.64,1633.39,1668.44,1659.18,1606.41,1518,1405.97,1282.71,1158.37,1039.84,930.965,833.357,747.157,671.699,605.939,548.714,498.892,455.432,417.42,384.064,354.688,328.723,305.685,285.17,266.835,250.392,235.596,222.241,210.149,199.171,189.177,180.056,171.713,164.064,157.037,150.57,144.607,139.101,134.008,129.292,124.919,120.86,117.089,113.581,110.318,107.279,104.449,101.811,99.3536,97.0631,94.9292,92.9417,91.0917,89.371,87.7723,86.2889,84.9147,83.6443,82.4726,81.3952,80.408,79.5074,78.69,77.953,77.2936,76.7095,76.1985,75.7589,75.3892,75.0878,74.8538,74.6859,74.5836,74.5463,74.5734,74.6647,74.8201,75.0397,75.3235,75.6719,76.0853,76.5643,77.1095,77.7219,78.4023,79.1519,79.9721,80.8643,81.8302,82.872,83.9919,85.1924,86.4765,87.8476,89.3092,90.8653,92.5204,94.2791,96.1464,98.1275,100.228,102.453,104.808,107.3,109.932,112.711,115.641,118.726,121.968,125.369,128.93,132.647,136.518,140.533,144.683,148.952,153.321,157.765,162.254,166.753,171.22,175.608,179.865,183.932,187.75,191.256,194.387,197.082,199.284,200.945,202.024,202.49,202.328,201.534,200.118,198.102,195.523,192.425,188.861,184.89,180.574,175.976,171.157,166.177,161.09,155.947,150.792,145.664,140.596,135.617,130.747,126.006,
 ,25,224.526,230.605,236.281,241.469,246.083,250.045,253.287,255.747,257.384,258.165,258.075,257.115,255.298,252.651,249.218,245.053,240.227,234.825,228.943,222.684,216.156,209.457,202.682,195.911,189.212,182.64,176.238,170.038,164.063,158.328,152.844,147.613,142.637,137.912,133.435,129.198,125.193,121.412,117.844,114.481,111.313,108.33,105.522,102.882,100.4,98.0694,95.8815,93.8299,91.9085,90.1112,88.4329,86.8684,85.4135,84.0638,82.8156,81.6652,80.6094,79.645,78.7695,77.9801,77.2744,76.6503,76.1058,75.6392,75.2489,74.9334,74.6916,74.5226,74.4253,74.3994,74.4443,74.5597,74.7458,75.0025,75.3301,75.7292,76.2005,76.7447,77.3629,78.0565,78.8267,79.6752,80.6038,81.6145,82.7093,83.8908,85.1615,86.5243,87.9823,89.5388,91.1978,92.9634,94.84,96.833,98.9479,101.191,103.57,106.091,108.765,111.6,114.608,117.798,121.185,124.781,128.601,132.661,136.978,141.57,146.455,151.655,157.191,163.087,169.368,176.059,183.189,190.788,198.887,207.52,216.723,226.533,236.992,248.144,260.036,272.72,286.256,300.707,316.151,332.677,350.392,369.428,389.946,412.151,436.301,462.722,491.83,524.151,560.348,601.251,647.891,701.532,763.696,836.165,920.938,1020.08,1135.42,1267.9,1416.51,1576.76,1738.88,1886.73,1999.23,2055.57,2043.18,1963.57,1831.6,1668.76,1495.54,1326.93,1171.7,1033.63,913.357,809.777,721.057,645.171,580.186,524.377,476.265,434.608,398.369,366.696,338.882,314.345,292.604,273.258,255.976,240.479,226.534,213.942,202.538,192.179,182.744,174.129,166.244,159.011,152.363,146.241,140.594,135.377,130.55,126.078,121.931,118.081,114.502,111.175,108.079,105.196,102.512,100.011,97.6818,95.5127,93.4932,91.614,89.8668,88.244,86.7387,85.3446,84.0561,82.8681,81.776,80.7757,79.8633,79.0356,78.2894,77.6221,77.0314,76.515,76.0712,75.6984,75.3952,75.1604,74.9932,74.8929,74.8587,74.8906,74.9882,75.1515,75.3808,75.6764,76.0387,76.4685,76.9664,77.5335,78.1711,78.8804,79.663,80.5206,81.4553,82.4693,83.5653,84.7459,86.0145,87.3746,88.8301,90.3853,92.0447,93.8136,95.6972,97.7012,99.8318,102.095,104.498,107.047,109.749,112.61,115.637,118.837,122.216,125.777,129.525,133.461,137.585,141.896,146.386,151.045,155.86,160.81,165.869,171.004,176.177,181.338,186.435,191.404,196.177,200.68,204.838,208.571,211.803,214.464,216.49,217.83,218.445,218.313,217.43,215.81,213.482,210.49,206.894,202.759,198.16,193.174,187.879,182.35,176.659,170.87,165.042,159.227,153.468,147.802,142.26,136.863,131.631,
 ,24,236.266,243.116,249.543,255.443,260.713,265.255,268.979,271.811,273.691,274.58,274.459,273.328,271.21,268.145,264.193,259.428,253.941,247.837,241.229,234.235,226.973,219.552,212.075,204.626,197.28,190.095,183.116,176.377,169.9,163.701,157.789,152.166,146.831,141.779,137.004,132.496,128.245,124.239,120.468,116.92,113.583,110.446,107.498,104.728,102.128,99.6873,97.3984,95.2536,93.2458,91.3687,89.6164,87.9836,86.4655,85.0576,83.7557,82.5561,81.4551,80.4496,79.5364,78.713,77.9766,77.3249,76.7558,76.2673,75.8579,75.5258,75.2698,75.0889,74.9821,74.9487,74.9883,75.1007,75.2857,75.5434,75.8741,76.2785,76.7571,77.3108,77.9408,78.6485,79.435,80.3024,81.2523,82.2869,83.4083,84.6191,85.9219,87.3198,88.8158,90.4132,92.1164,93.9292,95.8564,97.9034,100.076,102.381,104.825,107.418,110.168,113.086,116.182,119.471,122.964,126.678,130.628,134.832,139.307,144.075,149.155,154.572,160.35,166.513,173.091,180.112,187.609,195.613,204.161,213.291,223.042,233.458,244.583,256.466,269.16,282.721,297.212,312.703,329.274,347.02,366.054,386.514,408.574,432.454,458.438,486.891,518.289,553.244,592.55,637.227,688.578,748.255,818.336,901.383,1000.48,1119.17,1261.19,1429.79,1626.25,1847.29,2081.3,2304.66,2481.82,2574.13,2556.75,2432.75,2231.14,1991.14,1746.35,1518.01,1315.98,1142.53,995.982,873.018,769.983,683.465,610.517,548.686,495.97,450.754,411.735,377.866,348.299,322.351,299.462,279.175,261.114,244.968,230.478,217.426,205.63,194.936,185.213,176.349,168.247,160.826,154.012,147.745,141.969,136.638,131.71,127.149,122.921,118.998,115.355,111.969,108.82,105.89,103.162,100.623,98.2582,96.0569,94.0082,92.1025,90.3312,88.6865,87.1613,85.7492,84.4445,83.2419,82.1367,81.1246,80.2019,79.365,78.611,77.9371,77.341,76.8203,76.3734,75.9986,75.6947,75.4604,75.2949,75.1977,75.168,75.2058,75.311,75.4836,75.7241,76.0329,76.4107,76.8584,77.3771,77.968,78.6328,79.373,80.1908,81.0882,82.0678,83.1324,84.285,85.5292,86.8688,88.3078,89.8509,91.503,93.2696,95.1562,97.1693,99.3152,101.601,104.034,106.623,109.374,112.296,115.399,118.689,122.176,125.868,129.771,133.893,138.237,142.807,147.601,152.617,157.846,163.274,168.882,174.643,180.522,186.475,192.448,198.378,204.192,209.809,215.137,220.083,224.55,228.441,231.665,234.141,235.803,236.601,236.506,235.514,233.64,230.924,227.424,223.215,218.382,213.02,207.225,201.093,194.718,188.184,181.57,174.944,168.364,161.88,155.533,149.352,143.363,137.582,
 ,23,249.59,257.392,264.75,271.536,277.624,282.888,287.215,290.506,292.685,293.699,293.523,292.163,289.651,286.044,281.425,275.895,269.572,262.586,255.072,247.168,239.006,230.71,222.388,214.135,206.029,198.13,190.486,183.13,176.086,169.367,162.98,156.925,151.197,145.79,140.693,135.895,131.381,127.139,123.153,119.411,115.898,112.601,109.506,106.603,103.88,101.326,98.9329,96.6915,94.5944,92.6346,90.8056,89.102,87.5184,86.0501,84.6927,83.4421,82.2945,81.2464,80.2946,79.4362,78.6682,77.9881,77.3939,76.883,76.4539,76.1048,75.8344,75.6414,75.5248,75.4839,75.5182,75.6273,75.8111,76.0699,76.4037,76.8133,77.2994,77.8627,78.5048,79.2267,80.0301,80.9167,81.8885,82.9476,84.0964,85.3374,86.6734,88.1073,89.6423,91.2821,93.0303,94.8914,96.8701,98.9718,101.203,103.569,106.08,108.743,111.568,114.568,117.753,121.137,124.737,128.567,132.646,136.992,141.627,146.572,151.85,157.487,163.511,169.949,176.833,184.196,192.072,200.5,209.52,219.173,229.505,240.564,252.399,265.066,278.622,293.128,308.651,325.267,343.057,362.121,382.573,404.556,428.25,453.884,481.759,512.271,545.943,583.469,625.763,674.03,729.855,795.304,873.067,966.607,1080.33,1219.71,1391.2,1601.71,1856.98,2157.78,2493.08,2830.68,3112.1,3265.06,3239.56,3041.94,2730.03,2375.38,2031.52,1726,1467.15,1253.02,1077.62,934.169,816.477,719.355,638.635,571.029,513.962,465.422,423.831,387.946,356.782,329.553,305.627,284.492,265.732,249.004,234.025,220.561,208.415,197.422,187.442,178.355,170.059,162.469,155.507,149.109,143.219,137.786,132.767,128.124,123.824,119.837,116.135,112.697,109.501,106.528,103.761,101.187,98.7903,96.5601,94.4851,92.5557,90.7628,89.0986,87.5556,86.1276,84.8084,83.5928,82.4761,81.4538,80.5222,79.6776,78.917,78.2377,77.6373,77.1135,76.6646,76.289,75.9853,75.7526,75.59,75.4968,75.4727,75.5176,75.6314,75.8147,76.0675,76.3909,76.7855,77.2527,77.7936,78.41,79.1037,79.8766,80.7314,81.6706,82.6973,83.8146,85.0263,86.3365,87.7496,89.2704,90.9042,92.6567,94.534,96.5427,98.6898,100.983,103.43,106.04,108.822,111.785,114.939,118.295,121.863,125.655,129.68,133.951,138.475,143.262,148.316,153.643,159.24,165.104,171.222,177.576,184.139,190.874,197.734,204.658,211.574,218.394,225.023,231.349,237.257,242.623,247.326,251.248,254.285,256.349,257.375,257.327,256.196,254.005,250.806,246.673,241.705,236.013,229.717,222.938,215.797,208.408,200.874,193.288,185.728,178.263,170.945,163.819,156.916,150.261,143.869,
 ,22,264.718,273.692,282.206,290.101,297.215,303.39,308.478,312.348,314.901,316.066,315.814,314.153,311.129,306.825,301.354,294.851,287.471,279.375,270.731,261.699,252.434,243.072,233.736,224.526,215.523,206.794,198.383,190.324,182.639,175.338,168.423,161.891,155.735,149.943,144.5,139.391,134.599,130.107,125.897,121.953,118.257,114.794,111.548,108.507,105.657,102.987,100.486,98.1447,95.955,93.9093,92.0009,90.2237,88.5721,87.041,85.626,84.3225,83.1267,82.0346,81.043,80.1484,79.3479,78.6388,78.0187,77.4851,77.0359,76.6695,76.3843,76.1789,76.0524,76.0039,76.0326,76.1385,76.3212,76.5809,76.9179,77.3328,77.8265,78.3997,79.054,79.7905,80.611,81.5174,82.5118,83.5963,84.7733,86.0456,87.4158,88.8871,90.4627,92.146,93.9409,95.8516,97.8832,100.041,102.33,104.759,107.335,110.068,112.968,116.047,119.318,122.798,126.501,130.445,134.651,139.139,143.932,149.054,154.531,160.392,166.665,173.384,180.583,188.298,196.57,205.439,214.953,225.157,236.104,247.847,260.442,273.951,288.436,303.965,320.611,338.451,357.571,378.071,400.065,423.695,449.138,476.626,506.463,539.062,574.978,614.963,660.034,711.56,771.386,841.981,926.649,1029.8,1157.29,1316.8,1518.21,1773.45,2095.28,2492.82,2960.91,3461.14,3902.62,4153.87,4115.26,3800.02,3321.83,2807.11,2335.59,1937.79,1615.29,1357.99,1153.31,989.796,858.164,751.187,663.376,590.577,529.643,478.176,434.335,396.696,364.148,335.811,310.99,289.124,269.761,252.531,237.132,223.313,210.864,199.612,189.409,180.129,171.665,163.928,156.837,150.326,144.335,138.813,133.715,129.001,124.637,120.593,116.84,113.356,110.117,107.107,104.306,101.701,99.2764,97.0207,94.9227,92.9723,91.1605,89.479,87.9206,86.4786,85.1469,83.9202,82.7935,81.7625,80.8234,79.9725,79.2066,78.5231,77.9195,77.3938,76.9439,76.5684,76.2661,76.0359,75.8771,75.7891,75.7715,75.8245,75.9482,76.1429,76.4093,76.7482,77.161,77.6488,78.2133,78.8565,79.5805,80.3877,81.2812,82.2638,83.3393,84.5113,85.7842,87.1626,88.6517,90.257,91.9845,93.8406,95.8325,97.9675,100.254,102.7,105.315,108.109,111.092,114.276,117.672,121.294,125.155,129.269,133.65,138.312,143.269,148.533,154.117,160.026,166.267,172.837,179.73,186.929,194.409,202.133,210.048,218.088,226.172,234.197,242.046,249.587,256.674,263.151,268.864,273.659,277.401,279.973,281.288,281.298,279.992,277.4,273.59,268.664,262.749,255.991,248.543,240.562,232.197,223.589,214.864,206.129,197.477,188.983,180.706,172.692,164.973,157.57,150.497,
 ,21,281.896,292.321,302.274,311.56,319.971,327.303,333.361,337.974,341.005,342.363,342.008,339.955,336.27,331.069,324.506,316.764,308.043,298.551,288.494,278.067,267.447,256.792,246.235,235.886,225.83,216.132,206.839,197.979,189.57,181.617,174.118,167.064,160.441,154.232,148.419,142.98,137.895,133.141,128.697,124.543,120.658,117.024,113.624,110.441,107.461,104.671,102.059,99.6144,97.3289,95.194,93.2028,91.3489,89.6263,88.0301,86.555,85.1966,83.9507,82.8132,81.7802,80.8486,80.0148,79.2759,78.6292,78.0722,77.6027,77.2186,76.9184,76.7006,76.5639,76.5076,76.5308,76.6332,76.8148,77.0754,77.4157,77.8361,78.3374,78.9207,79.5874,80.3389,81.1772,82.1039,83.1216,84.2323,85.4388,86.7436,88.1496,89.66,91.2778,93.0066,94.8502,96.8125,98.8983,101.113,103.462,105.953,108.595,111.397,114.369,117.526,120.882,124.452,128.255,132.311,136.641,141.268,146.217,151.515,157.191,163.276,169.803,176.807,184.328,192.407,201.087,210.417,220.447,231.232,242.829,255.3,268.709,283.123,298.615,315.258,333.131,352.315,372.899,394.982,418.674,444.11,471.458,500.936,532.841,567.577,605.708,648.013,695.576,749.89,813.004,887.735,977.928,1088.86,1227.76,1404.54,1632.63,1929.7,2317.39,2817.28,3437.37,4140.5,4798.9,5191.61,5133.79,4651.25,3951.73,3240.93,2625.52,2131.11,1745.94,1448.19,1217.11,1036.06,892.519,777.273,683.591,606.535,542.452,488.611,442.952,403.898,370.232,341.001,315.455,292.996,273.143,255.504,239.761,225.649,212.952,201.486,191.097,181.657,173.053,165.193,157.994,151.387,145.311,139.714,134.548,129.774,125.356,121.263,117.466,113.942,110.668,107.625,104.796,102.163,99.715,97.4374,95.3196,93.3512,91.5231,89.8269,88.2553,86.8013,85.459,84.2229,83.0881,82.05,81.1047,80.2488,79.479,78.7925,78.1869,77.6601,77.2104,76.8361,76.5361,76.3094,76.1552,76.0733,76.0632,76.1252,76.2594,76.4666,76.7475,77.1031,77.5349,78.0444,78.6335,79.3046,80.0601,80.903,81.8364,82.8639,83.9897,85.2181,86.554,88.0027,89.5701,91.2624,93.0865,95.0497,97.1598,99.4255,101.856,104.46,107.249,110.234,113.428,116.842,120.492,124.393,128.562,133.015,137.772,142.85,148.27,154.05,160.206,166.754,173.703,181.059,188.821,196.977,205.505,214.368,223.513,232.868,242.34,251.811,261.141,270.168,278.711,286.572,293.552,299.451,304.087,307.305,308.99,309.074,307.543,304.439,299.853,293.921,286.814,278.722,269.846,260.386,250.53,240.451,230.3,220.206,210.273,200.585,191.205,182.179,173.537,165.297,157.467,
 ,20,301.406,313.627,325.382,336.422,346.485,355.3,362.61,368.183,371.836,373.445,372.955,370.391,365.847,359.485,351.516,342.187,331.762,320.51,308.687,296.53,284.249,272.024,260.002,248.3,237.007,226.187,215.879,206.109,196.885,188.207,180.063,172.437,165.308,158.652,152.444,146.656,141.262,136.235,131.55,127.179,123.102,119.294,115.735,112.408,109.295,106.381,103.654,101.103,98.7179,96.4902,94.4125,92.4783,90.6816,89.017,87.4793,86.0637,84.7657,83.5809,82.5055,81.5354,80.6674,79.898,79.2242,78.6433,78.1531,77.7511,77.4357,77.2052,77.0583,76.994,77.0116,77.1106,77.2909,77.5526,77.8961,78.3219,78.8311,79.4247,80.1042,80.8711,81.7275,82.6754,83.7171,84.8554,86.0925,87.4314,88.8751,90.4266,92.0892,93.8661,95.7607,97.7772,99.9198,102.193,104.604,107.158,109.865,112.734,115.778,119.009,122.445,126.102,130.001,134.163,138.612,143.374,148.476,153.948,159.821,166.13,172.912,180.206,188.055,196.506,205.608,215.416,225.986,237.38,249.666,262.912,277.193,292.585,309.17,327.03,346.252,366.923,389.135,412.983,438.574,466.026,495.489,527.156,561.29,598.265,638.616,683.11,732.843,789.364,854.854,932.358,1026.12,1142.06,1288.47,1477.01,1724.05,2052.22,2491.46,3076.33,3831.59,4729.58,5612.74,6160.47,6080.8,5416.22,4490.49,3593.77,2851.42,2276.86,1842.19,1513.66,1263.05,1069.28,917.218,796.106,698.279,618.222,551.916,496.395,449.442,409.375,374.902,345.022,318.946,296.049,275.83,257.884,241.88,227.547,214.658,203.026,192.494,182.927,174.213,166.255,158.97,152.286,146.142,140.483,135.263,130.44,125.977,121.844,118.012,114.455,111.152,108.082,105.228,102.573,100.105,97.809,95.6746,93.6912,91.8496,90.1413,88.5587,87.0951,85.7441,84.5004,83.359,82.3153,81.3655,80.5058,79.7333,79.045,78.4385,77.9119,77.4633,77.0911,76.7943,76.5719,76.4233,76.3482,76.3465,76.4182,76.5639,76.7843,77.0804,77.4535,77.9051,78.4372,79.0518,79.7517,80.5397,81.4191,82.3935,83.4671,84.6446,85.9307,87.3312,88.8521,90.4999,92.2816,94.2052,96.2786,98.5109,100.912,103.491,106.26,109.23,112.414,115.826,119.48,123.395,127.587,132.078,136.887,142.04,147.56,153.474,159.806,166.581,173.823,181.551,189.778,198.512,207.749,217.473,227.651,238.231,249.136,260.261,271.474,282.609,293.466,303.819,313.419,322.002,329.308,335.093,339.145,341.307,341.487,339.666,335.899,330.314,323.095,314.472,304.699,294.038,282.747,271.065,259.203,247.343,235.636,224.201,213.127,202.479,192.301,182.619,173.443,164.775,
 ,19,323.566,338.019,352.036,365.306,377.485,388.219,397.16,403.994,408.467,410.406,409.739,406.502,400.831,392.953,383.159,371.786,359.186,345.705,331.67,317.369,303.053,288.925,275.149,261.847,249.106,236.986,225.519,214.717,204.582,195.098,186.246,177.997,170.323,163.189,156.563,150.409,144.694,139.386,134.451,129.861,125.588,121.603,117.885,114.411,111.162,108.122,105.277,102.615,100.125,97.8002,95.6316,93.613,91.7383,90.0019,88.3985,86.9229,85.5706,84.3369,83.2173,82.2077,81.3044,80.5037,79.8023,79.1973,78.6858,78.2658,77.9349,77.6915,77.5343,77.462,77.4739,77.5695,77.7486,78.0113,78.358,78.7894,79.3066,79.9106,80.6032,81.386,82.2611,83.2309,84.2979,85.4647,86.7341,88.1092,89.5928,91.1883,92.8985,94.7267,96.6762,98.7503,100.953,103.289,105.762,108.381,111.153,114.089,117.2,120.502,124.013,127.751,131.739,136.001,140.563,145.453,150.702,156.343,162.411,168.943,175.98,183.566,191.748,200.58,210.115,220.417,231.55,243.584,256.596,270.667,285.882,302.33,320.104,339.301,360.015,382.343,406.382,432.226,459.97,489.719,521.588,555.728,592.347,631.753,674.41,721.016,772.612,830.72,897.538,976.192,1071.1,1188.51,1337.23,1529.79,1784,2125,2587.01,3211.69,4033.84,5033.68,6040.46,6676.42,6583.18,5813.68,4762.81,3767.92,2961.34,2347.57,1889.24,1546.19,1286.41,1086.65,930.532,806.589,706.724,625.156,557.704,501.294,453.637,413.003,378.067,347.804,321.407,298.239,277.79,259.645,243.47,228.987,215.968,204.222,193.588,183.932,175.138,167.109,159.76,153.019,146.823,141.119,135.856,130.995,126.499,122.335,118.474,114.892,111.565,108.474,105.601,102.929,100.444,98.1343,95.9868,93.9916,92.1393,90.4214,88.8303,87.359,86.0014,84.752,83.6057,82.5581,81.605,80.743,79.9689,79.28,78.6738,78.1483,77.7017,77.3326,77.0398,76.8226,76.6804,76.6129,76.6201,76.7023,76.8602,77.0944,77.4064,77.7975,78.2696,78.8249,79.4657,80.1951,81.0162,81.9329,82.9492,84.0698,85.2999,86.645,88.1114,89.706,91.4361,93.3096,95.3353,97.5223,99.8807,102.421,105.155,108.094,111.252,114.643,118.282,122.187,126.377,130.873,135.698,140.881,146.449,152.434,158.869,165.79,173.231,181.226,189.805,198.994,208.813,219.269,230.356,242.049,254.301,267.034,280.135,293.454,306.795,319.917,332.538,344.338,354.972,364.093,371.369,376.51,379.299,379.605,377.402,372.769,365.883,356.998,346.428,334.516,321.609,308.038,294.107,280.076,266.164,252.542,239.343,226.66,214.558,203.072,192.22,182.002,172.408,
 ,18,348.733,365.967,382.84,398.958,413.874,427.114,438.206,446.713,452.28,454.662,453.761,449.627,442.459,432.578,420.394,406.367,390.971,374.661,357.848,340.89,324.081,307.653,291.782,276.592,262.165,248.548,235.76,223.799,212.646,202.275,192.649,183.728,175.469,167.829,160.762,154.227,148.181,142.585,137.399,132.588,128.118,123.957,120.078,116.456,113.07,109.9,106.933,104.155,101.556,99.128,96.863,94.7548,92.7973,90.9848,89.3121,87.7736,86.3645,85.0796,83.9143,82.864,81.9245,81.0917,80.3621,79.7324,79.1996,78.7611,78.4147,78.1584,77.9907,77.9104,77.9166,78.0087,78.1866,78.4504,78.8003,79.2374,79.7627,80.3774,81.0834,81.8824,82.7771,83.7695,84.8629,86.0598,87.3635,88.7771,90.3036,91.9465,93.7083,95.5923,97.6013,99.738,102.005,104.407,106.948,109.633,112.471,115.471,118.647,122.015,125.593,129.404,133.472,137.825,142.491,147.502,152.891,158.695,164.951,171.702,178.992,186.87,195.389,204.606,214.586,225.397,237.113,249.816,263.594,278.541,294.756,312.344,331.415,352.081,374.452,398.64,424.748,452.873,483.102,515.516,550.19,587.215,626.715,668.89,714.081,762.847,816.09,875.203,942.272,1020.33,1113.74,1228.66,1373.8,1561.45,1808.95,2140.51,2588.59,3191.76,3980.31,4930.73,5878.04,6470.78,6381.21,5657,4660.24,3707.16,2927.23,2329.14,1879.78,1541.83,1284.96,1086.86,931.671,808.225,708.599,627.118,559.663,503.198,455.456,414.722,379.681,349.311,322.811,299.545,279.003,260.772,244.517,229.96,216.873,205.064,194.373,184.664,175.822,167.749,160.36,153.582,147.353,141.617,136.326,131.439,126.919,122.733,118.852,115.252,111.908,108.802,105.914,103.23,100.733,98.4126,96.2555,94.2516,92.3914,90.6665,89.0693,87.5926,86.2304,84.9771,83.8276,82.7775,81.8227,80.9597,80.1853,79.4969,78.892,78.3686,77.925,77.5597,77.2718,77.0605,76.9253,76.8661,76.8829,76.9762,77.1467,77.3954,77.7238,78.1335,78.6265,79.2054,79.8728,80.6321,81.4868,82.4413,83.5,84.6682,85.9517,87.3567,88.8901,90.5599,92.3739,94.3414,96.4719,98.7759,101.264,103.949,106.843,109.96,113.313,116.919,120.795,124.96,129.436,134.246,139.421,144.99,150.99,157.461,164.446,171.99,180.141,188.946,198.451,208.698,219.721,231.546,244.182,257.619,271.818,286.708,302.171,318.042,334.093,350.035,365.516,380.124,393.407,404.895,414.131,420.715,424.336,424.811,422.101,416.318,407.715,396.649,383.553,368.894,353.135,336.71,319.998,303.322,286.938,271.042,255.774,241.228,227.459,214.493,202.331,190.958,180.348,
 ,17,377.301,398.011,418.507,438.288,456.772,473.321,487.282,498.041,505.089,508.075,506.855,501.508,492.323,479.764,464.413,446.911,427.901,407.98,387.673,367.418,347.559,328.356,309.992,292.585,276.204,260.873,246.591,233.331,221.054,209.711,199.247,189.603,180.724,172.549,165.025,158.097,151.714,145.827,140.39,135.36,130.696,126.361,122.324,118.554,115.029,111.726,108.632,105.732,103.017,100.479,98.1104,95.906,93.8598,91.9662,90.2198,88.6149,87.1461,85.8079,84.5951,83.5026,82.5259,81.6604,80.9022,80.2475,79.693,79.236,78.8739,78.6047,78.4266,78.3382,78.3386,78.4272,78.6039,78.8687,79.222,79.6648,80.1983,80.8239,81.5436,82.3594,83.274,84.2903,85.4112,86.6401,87.9802,89.435,91.0081,92.7026,94.5213,96.4671,98.5421,100.748,103.087,105.562,108.174,110.929,113.833,116.897,120.133,123.559,127.197,131.07,135.207,139.638,144.396,149.516,155.035,160.992,167.43,174.393,181.932,190.1,198.956,208.564,218.995,230.328,242.647,256.046,270.628,286.501,303.784,322.602,343.086,365.37,389.588,415.871,444.339,475.097,508.23,543.793,581.817,622.311,665.286,710.788,758.965,810.157,865.023,924.706,991.043,1066.81,1156.07,1264.55,1400.27,1574.34,1801.91,2103.32,2504.17,3031.92,3701.68,4479.86,5225.54,5676.15,5602.57,5036.84,4234.66,3437.94,2762.09,2228,1817.08,1502.33,1259.68,1070.46,920.949,801.197,704.016,624.177,557.836,502.132,454.914,414.541,379.747,349.546,323.158,299.965,279.468,261.263,245.018,230.463,217.37,205.551,194.846,185.122,176.264,168.174,160.768,153.974,147.728,141.976,136.671,131.77,127.236,123.038,119.145,115.533,112.18,109.064,106.167,103.475,100.971,98.6434,96.4801,94.4707,92.6055,90.8763,89.2752,87.7953,86.4305,85.1751,84.0241,82.9731,82.018,81.1553,80.3819,79.6951,79.0925,78.5721,78.1324,77.7718,77.4895,77.2848,77.1573,77.1069,77.1338,77.2386,77.4222,77.6858,78.0309,78.4594,78.9737,79.5765,80.2707,81.0602,81.9488,82.9413,84.0427,85.2589,86.5962,88.0616,89.663,91.4089,93.3085,95.372,97.6099,100.034,102.657,105.492,108.552,111.853,115.41,119.241,123.364,127.799,132.572,137.709,143.243,149.211,155.658,162.633,170.189,178.387,187.289,196.96,207.465,218.866,231.22,244.576,258.966,274.401,290.864,308.296,326.584,345.551,364.942,384.412,403.523,421.747,438.486,453.099,464.951,473.472,478.217,478.92,475.525,468.195,457.293,443.333,426.923,408.704,389.301,369.277,349.114,329.203,309.841,291.243,273.553,256.854,241.186,226.551,212.929,200.282,188.562,
 ,16,409.695,434.759,459.869,484.396,507.576,528.543,546.383,560.217,569.302,573.122,571.463,564.443,552.497,536.305,516.711,494.617,470.899,446.35,421.636,397.288,373.705,351.164,329.847,309.852,291.217,273.939,257.978,243.276,229.765,217.366,206,195.589,186.055,177.325,169.329,162.001,155.279,149.104,143.421,138.179,133.329,128.827,124.636,120.721,117.055,113.616,110.387,107.357,104.517,101.859,99.3785,97.0695,94.9274,92.9464,91.1212,89.4457,87.9139,86.5199,85.2579,84.1219,83.107,82.2081,81.4207,80.7408,80.1646,79.689,79.3112,79.029,78.8404,78.744,78.7387,78.8239,78.9993,79.2652,79.6219,80.0704,80.6121,81.2488,81.9825,82.8155,83.7509,84.7918,85.9417,87.2043,88.5836,90.0832,91.707,93.4586,95.3409,97.3561,99.5059,101.791,104.212,106.768,109.46,112.29,115.264,118.389,121.68,125.156,128.84,132.761,136.951,141.445,146.279,151.493,157.128,163.227,169.835,177.003,184.783,193.236,202.427,212.425,223.313,235.177,248.115,262.234,277.654,294.504,312.924,333.063,355.083,379.147,405.422,434.072,465.244,499.066,535.627,574.968,617.071,661.852,709.174,758.874,810.827,865.048,921.828,981.923,1046.77,1118.74,1201.4,1299.84,1421.04,1574.32,1771.76,2028.38,2361.1,2784.36,3298.19,3864.24,4376.93,4670.69,4613.78,4223.7,3649.49,3048.41,2511.41,2067.62,1713.54,1434.43,1214.35,1039.68,899.708,786.34,693.507,616.678,552.451,498.252,452.118,412.533,378.318,348.544,322.474,299.518,279.198,261.126,244.981,230.5,217.463,205.685,195.01,185.308,176.465,168.384,160.985,154.194,147.95,142.198,136.891,131.987,127.451,123.248,119.352,115.737,112.379,109.26,106.36,103.664,101.157,98.8262,96.6602,94.6484,92.7812,91.0502,89.4477,87.9668,86.6014,85.3458,84.1949,83.1445,82.1905,81.3295,80.5582,79.874,79.2747,78.7584,78.3232,77.9681,77.6922,77.4947,77.3753,77.3342,77.3718,77.4885,77.6855,77.9642,78.3262,78.7738,79.3094,79.9362,80.6573,81.4769,82.3994,83.4299,84.5741,85.8382,87.2295,88.7558,90.4256,92.2485,94.2349,96.396,98.744,101.292,104.054,107.044,110.278,113.772,117.543,121.609,125.99,130.708,135.789,141.263,147.167,153.544,160.448,167.938,176.083,184.959,194.648,205.235,216.81,229.462,243.276,258.332,274.695,292.413,311.498,331.918,353.58,376.309,399.824,423.725,447.474,470.396,491.692,510.483,525.873,537.04,543.33,544.347,540.01,530.562,516.537,498.685,477.873,454.997,430.899,406.317,381.856,357.983,335.034,313.235,292.717,273.541,255.715,239.211,223.972,209.93,197.007,
 ,15,446.352,476.878,507.892,538.607,568.024,594.96,618.12,636.224,648.161,653.151,650.87,641.501,625.709,604.518,579.165,550.939,521.049,490.542,460.26,430.836,402.714,376.176,351.378,328.379,307.169,287.692,269.862,253.575,238.721,225.187,212.862,201.642,191.427,182.124,173.649,165.92,158.864,152.411,146.494,141.053,136.03,131.373,127.035,122.978,119.171,115.591,112.22,109.048,106.07,103.279,100.674,98.2494,96.0017,93.9257,92.0155,90.2646,88.6663,87.2139,85.9005,84.7198,83.6658,82.733,81.9162,81.2108,80.6128,80.1187,79.7253,79.4302,79.2313,79.1268,79.1158,79.1976,79.3718,79.6385,79.9986,80.4529,81.003,81.6508,82.3987,83.2493,84.2061,85.2727,86.4531,87.7516,89.1727,90.721,92.4009,94.2162,96.1704,98.2653,100.502,102.88,105.396,108.047,110.831,113.746,116.793,119.979,123.318,126.831,130.545,134.494,138.716,143.251,148.141,153.43,159.164,165.388,172.153,179.513,187.526,196.257,205.775,216.162,227.506,239.906,253.474,268.334,284.623,302.494,322.116,343.669,367.35,393.366,421.929,453.249,487.525,524.923,565.56,609.482,656.629,706.819,759.737,814.948,871.957,930.313,989.78,1050.55,1113.5,1180.46,1254.42,1339.74,1442.32,1569.62,1730.65,1935.4,2193.21,2508.64,2873.1,3251.94,3574.51,3746.9,3701.08,3445.6,3058.37,2631.28,2227.99,1877.5,1585.72,1347.61,1154.55,997.86,870.028,764.976,677.931,605.192,543.895,491.825,447.255,408.832,375.488,346.375,320.809,298.241,278.221,260.383,244.421,230.085,217.161,205.473,194.87,185.224,176.426,168.383,161.012,154.244,148.018,142.281,136.985,132.091,127.562,123.366,119.474,115.862,112.507,109.39,106.491,103.796,101.291,98.9609,96.7957,94.7847,92.9183,91.1881,89.5866,88.1068,86.7427,85.4887,84.3397,83.2914,82.3399,81.4817,80.7137,80.0333,79.4383,78.9267,78.4971,78.1482,77.8791,77.6893,77.5787,77.5474,77.5958,77.7247,77.9354,78.2293,78.6084,79.075,79.6319,80.2825,81.0303,81.8798,82.836,83.9042,85.0908,86.4027,87.8478,89.4347,91.1731,93.0735,95.1477,97.4081,99.8685,102.544,105.449,108.601,112.017,115.714,119.711,124.026,128.68,133.694,139.097,144.919,151.201,157.993,165.358,173.368,182.11,191.679,202.18,213.725,226.434,240.427,255.828,272.758,291.328,311.634,333.739,357.66,383.343,410.634,439.248,468.733,498.441,527.513,554.885,579.337,599.589,614.431,622.883,624.343,618.685,606.284,587.945,564.782,538.056,509.027,478.841,448.46,418.635,389.911,362.651,337.069,313.265,291.255,270.998,252.413,235.398,219.84,205.624,
 ,14,487.694,525.075,563.66,602.492,640.269,675.37,705.94,730.079,746.088,752.756,749.572,736.834,715.582,687.394,654.124,617.633,579.597,541.396,504.075,468.366,434.735,403.436,374.565,348.108,323.98,302.048,282.158,264.145,247.847,233.105,219.771,207.709,196.793,186.909,177.954,169.832,162.454,155.74,149.61,143.993,138.819,134.025,129.555,125.363,121.414,117.683,114.157,110.827,107.691,104.751,102.004,99.4496,97.0847,94.9042,92.9017,91.0699,89.401,87.8872,86.5206,85.294,84.2003,83.233,82.3866,81.6558,81.0361,80.5235,80.1147,79.8069,79.5977,79.4854,79.4688,79.5471,79.72,79.9878,80.3511,80.8111,81.3694,82.0283,82.7905,83.6591,84.6378,85.731,86.9433,88.2799,89.7461,91.3475,93.0894,94.9767,97.0133,99.2011,101.541,104.029,106.662,109.429,112.324,115.337,118.466,121.712,125.09,128.623,132.344,136.294,140.518,145.066,149.984,155.324,161.134,167.465,174.371,181.908,190.14,199.136,208.974,219.742,231.538,244.475,258.678,274.29,291.471,310.402,331.283,354.335,379.802,407.944,439.037,473.361,511.188,552.759,598.257,647.76,701.203,758.316,818.583,881.236,945.279,1009.62,1073.25,1135.58,1196.71,1257.79,1321.22,1390.78,1471.49,1569.41,1691.14,1842.99,2029.23,2249.02,2491.44,2729.87,2920.47,3012.43,2971.84,2802.68,2544.07,2246.83,1951.91,1682.96,1449.28,1251.52,1086.28,948.8,834.341,738.696,658.35,590.439,532.666,483.199,440.572,403.615,371.389,343.135,318.236,296.188,276.579,259.066,243.364,229.234,216.479,204.926,194.434,184.879,176.156,168.173,160.853,154.127,147.936,142.228,136.957,132.084,127.572,123.39,119.511,115.909,112.563,109.454,106.562,103.873,101.373,99.0476,96.8866,94.8794,93.0166,91.2899,89.6918,88.2153,86.8544,85.6037,84.4582,83.4135,82.4659,81.6117,80.8481,80.1725,79.5827,79.0767,78.6533,78.3112,78.0496,77.8681,77.7667,77.7454,77.8049,77.9463,78.1707,78.4798,78.8759,79.3614,79.9394,80.6135,81.3877,82.2667,83.2559,84.3612,85.5896,86.9487,88.447,90.0942,91.9009,93.879,96.0414,98.4024,100.977,103.783,106.838,110.159,113.766,117.678,121.916,126.497,131.442,136.773,142.513,148.696,155.364,162.573,170.395,178.92,188.254,198.517,209.842,222.374,236.266,251.682,268.789,287.764,308.778,331.996,357.555,385.549,415.999,448.809,483.721,520.255,557.653,594.836,630.392,662.621,689.666,709.71,721.25,723.346,715.801,699.2,674.794,644.274,609.502,572.272,534.145,496.365,459.843,425.19,392.766,362.74,335.145,309.92,286.944,266.066,247.118,229.931,214.338,
 ,13,534.075,580.039,628.346,677.871,726.948,773.355,814.413,847.248,869.201,878.326,873.801,856.115,826.951,788.804,744.503,696.772,647.93,599.775,553.568,510.108,469.832,432.905,399.311,368.916,341.516,316.875,294.742,274.876,257.044,241.034,226.653,213.727,202.101,191.637,182.211,173.711,166.035,159.087,152.777,147.018,141.726,136.824,132.243,127.926,123.834,119.941,116.237,112.724,109.405,106.288,103.377,100.675,98.1774,95.8808,93.7775,91.8587,90.115,88.537,87.1155,85.8418,84.7076,83.7059,82.8299,82.0739,81.4327,80.902,80.478,80.1577,79.9384,79.8185,79.7963,79.8712,80.0428,80.3115,80.678,81.1435,81.71,82.3799,83.1564,84.043,85.0441,86.1647,87.4102,88.787,90.3016,91.9609,93.7719,95.7407,97.8726,100.17,102.634,105.259,108.037,110.951,113.986,117.122,120.345,123.654,127.058,130.586,134.28,138.191,142.379,146.9,151.813,157.173,163.033,169.447,176.472,184.168,192.603,201.85,211.993,223.13,235.368,248.834,263.67,280.038,298.125,318.142,340.329,364.954,392.319,422.755,456.62,494.295,536.161,582.58,633.854,690.162,751.49,817.524,887.561,960.429,1034.49,1107.73,1178.07,1243.73,1303.73,1358.38,1409.58,1460.77,1516.68,1582.72,1664.19,1765.32,1887.84,2028.95,2178.91,2319.15,2423.4,2464.34,2424.8,2306.54,2129.17,1920.31,1705.05,1500.56,1315.88,1154.11,1014.86,896.064,795.049,709.134,635.887,573.203,519.317,472.769,432.355,397.093,366.175,338.94,314.841,293.427,274.322,257.214,241.838,227.975,215.435,204.061,193.716,184.282,175.66,167.762,160.514,153.848,147.707,142.042,136.808,131.966,127.481,123.322,119.463,115.88,112.549,109.453,106.573,103.894,101.403,99.0864,96.933,94.9328,93.0764,91.3557,89.7631,88.292,86.9363,85.6908,84.5503,83.5108,82.5682,81.7194,80.9612,80.2914,79.7076,79.2081,78.7915,78.4568,78.2033,78.0305,77.9385,77.9276,77.9984,78.1522,78.3904,78.7146,79.1275,79.6317,80.2303,80.9274,81.7274,82.6352,83.6566,84.7983,86.0675,87.4727,89.0233,90.7298,92.6041,94.6594,96.9101,99.3725,102.064,105.004,108.213,111.711,115.521,119.664,124.162,129.032,134.294,139.966,146.069,152.629,159.69,167.312,175.578,184.598,194.502,205.441,217.583,231.111,246.219,263.12,282.039,303.217,326.907,353.363,382.833,415.527,451.587,491.035,533.698,579.121,626.466,674.413,721.103,764.161,800.857,828.418,844.47,847.5,837.191,814.489,781.389,740.519,694.674,646.426,597.895,550.665,505.8,463.933,425.366,390.163,358.234,329.396,303.416,280.041,259.015,240.097,223.06,
 ,12,585.703,642.354,703.121,766.762,831.209,893.451,949.596,995.222,1026.06,1038.88,1032.3,1007.17,966.287,913.715,853.857,790.721,727.505,666.487,609.111,556.158,507.934,464.425,425.421,390.598,359.584,331.994,307.457,285.628,266.193,248.874,233.422,219.624,207.29,196.256,186.379,177.529,169.588,162.45,156.007,150.157,144.798,139.833,135.172,130.746,126.506,122.429,118.516,114.78,111.238,107.909,104.804,101.928,99.2799,96.8536,94.6399,92.6274,90.8046,89.1598,87.6817,86.3602,85.1855,84.1493,83.244,82.4631,81.801,81.2526,80.8138,80.4813,80.2524,80.1249,80.0973,80.1689,80.3392,80.6086,80.978,81.4489,82.0232,82.704,83.4946,84.3991,85.4226,86.571,87.8508,89.2697,90.836,92.5582,94.4455,96.5068,98.7494,101.178,103.794,106.591,109.555,112.663,115.882,119.178,122.522,125.896,129.31,132.796,136.413,140.231,144.325,148.769,153.631,158.972,164.849,171.319,178.439,186.273,194.89,204.368,214.8,226.288,238.952,252.932,268.389,285.506,304.499,325.614,349.135,375.388,404.743,437.619,474.486,515.852,562.259,614.254,672.338,736.892,808.064,885.603,968.678,1055.69,1144.16,1230.84,1312.01,1384.1,1444.52,1492.47,1529.4,1559.01,1586.57,1617.93,1658.37,1711.53,1778.38,1856.13,1937.29,2009.5,2057.03,2064.79,2023.6,1934.07,1806.12,1654.77,1495.03,1338.53,1192.61,1060.88,944.378,842.595,754.254,677.788,611.614,554.255,504.408,460.944,422.907,389.49,360.016,333.919,310.724,290.033,271.51,254.873,239.882,226.334,214.055,202.896,192.729,183.446,174.95,167.159,160,153.411,147.336,141.728,136.542,131.741,127.292,123.165,119.334,115.774,112.465,109.387,106.524,103.861,101.383,99.0779,96.9354,94.9451,93.0978,91.3856,89.8009,88.3373,86.9886,85.7499,84.616,83.5829,82.6468,81.8044,81.0528,80.3897,79.8128,79.3205,78.9114,78.5847,78.3396,78.1758,78.0935,78.0932,78.1754,78.3417,78.5934,78.9327,79.362,79.8843,80.5031,81.2226,82.0475,82.9832,84.0358,85.2125,86.5213,87.9713,89.5727,91.3371,93.2777,95.409,97.7474,100.311,103.121,106.198,109.566,113.251,117.277,121.67,126.452,131.644,137.26,143.311,149.81,156.773,164.237,172.262,180.945,190.418,200.846,212.418,225.344,239.85,256.182,274.607,295.417,318.934,345.509,375.52,409.358,447.406,489.998,537.357,589.496,646.086,706.29,768.571,830.53,888.861,939.516,978.168,1000.97,1005.41,990.953,959.181,913.377,857.724,796.476,733.337,671.156,611.881,556.677,506.105,460.302,419.135,382.315,349.475,320.222,294.166,270.94,250.211,231.678,
 ,11,642.513,712.345,788.976,871.215,956.641,1041.27,1119.45,1184.29,1228.74,1247.28,1237.47,1200.82,1142.19,1068.38,986.347,902.006,819.685,742.133,670.835,606.381,548.776,497.68,452.572,412.852,377.91,347.171,320.102,296.234,275.154,256.505,239.98,225.317,212.292,200.712,190.414,181.252,173.096,165.823,159.315,153.45,148.1,143.14,138.45,133.935,129.539,125.244,121.068,117.047,113.224,109.632,106.291,103.211,100.39,97.8182,95.4836,93.3708,91.4648,89.7509,88.2153,86.8456,85.6306,84.5604,83.6266,82.8217,82.1391,81.5737,81.1207,80.7765,80.5383,80.4035,80.3707,80.4389,80.6078,80.8779,81.2499,81.7257,82.3076,82.9987,83.8029,84.725,85.7708,86.9471,88.2618,89.7244,91.3448,93.1346,95.1061,97.2716,99.6426,102.228,105.032,108.047,111.257,114.625,118.101,121.62,125.124,128.574,131.971,135.36,138.824,142.466,146.389,150.687,155.44,160.715,166.571,173.064,180.253,188.199,196.976,206.664,217.36,229.176,242.243,256.715,272.769,290.615,310.497,332.701,357.561,385.466,416.871,452.299,492.354,537.718,589.148,647.453,713.45,787.87,871.209,963.485,1063.91,1170.51,1279.82,1386.83,1485.39,1569.12,1632.79,1673.88,1693.58,1696.72,1690.52,1682.73,1679.97,1686.52,1703.66,1729.31,1758.05,1781.59,1790.17,1774.89,1730.34,1656.38,1557.99,1443.31,1321.19,1199.2,1082.74,975.029,877.538,790.549,713.614,645.911,586.469,534.297,488.462,448.12,412.527,381.034,353.086,328.206,305.989,286.087,268.207,252.095,237.536,224.344,212.362,201.451,191.492,182.384,174.037,166.371,159.321,152.824,146.828,141.288,136.162,131.413,127.009,122.921,119.124,115.595,112.313,109.259,106.417,103.773,101.312,99.0228,96.8944,94.9169,93.0814,91.3799,89.8054,88.3511,87.0114,85.7811,84.6553,83.6301,82.7017,81.8668,81.1228,80.4672,79.898,79.4135,79.0126,78.6943,78.458,78.3037,78.2313,78.2416,78.3353,78.5139,78.779,79.1329,79.5782,80.1182,80.7565,81.4974,82.3462,83.3085,84.391,85.6013,86.948,88.4409,90.0911,91.9114,93.9162,96.1217,98.5464,101.211,104.139,107.355,110.888,114.768,119.026,123.692,128.792,134.347,140.369,146.858,153.808,161.216,169.097,177.51,186.562,196.418,207.288,219.414,233.056,248.493,266.024,285.978,308.723,334.676,364.308,398.149,436.784,480.831,530.911,587.569,651.159,721.66,798.411,879.775,962.783,1042.89,1114.07,1169.45,1202.62,1209.24,1188.39,1142.81,1078.08,1001.01,918.165,834.848,754.797,680.274,612.384,551.435,497.232,449.305,407.06,369.864,337.107,308.224,282.711,260.121,240.067,
 ,10,704.01,789.835,886.415,992.965,1106.97,1223.39,1334.16,1428.43,1494.31,1521.94,1506.89,1451.93,1365.86,1260.32,1146.48,1032.98,925.434,826.864,738.463,660.302,591.817,532.14,480.284,435.26,396.145,362.112,332.436,306.495,283.764,263.795,246.217,230.716,217.031,204.942,194.266,184.843,176.532,169.203,162.723,156.949,151.723,146.873,142.232,137.663,133.093,128.517,123.99,119.591,115.4,111.474,107.844,104.522,101.501,98.767,96.3009,94.0818,92.0895,90.3051,88.7118,87.2944,86.0398,84.9367,83.9753,83.1472,82.4453,81.8637,81.3973,81.042,80.7948,80.6532,80.6152,80.6802,80.8478,81.1182,81.4926,81.9728,82.5616,83.2623,84.0795,85.0183,86.0856,87.2894,88.639,90.1456,91.8222,93.6835,95.7459,98.0273,100.546,103.317,106.351,109.647,113.185,116.915,120.757,124.602,128.338,131.883,135.223,138.425,141.619,144.963,148.604,152.664,157.236,162.39,168.182,174.665,181.892,189.925,198.835,208.706,219.64,231.756,245.195,260.123,276.74,295.278,316.014,339.273,365.446,394.993,428.459,466.493,509.859,559.452,616.307,681.594,756.586,842.569,940.672,1051.53,1174.78,1308.33,1447.65,1585.4,1711.77,1815.75,1887.57,1921.7,1919.24,1887.75,1838.74,1784.08,1733.25,1692.08,1662.54,1643.18,1629.83,1616.49,1596.44,1563.79,1514.76,1448.64,1367.67,1276.18,1179.24,1081.6,987,897.945,815.862,741.321,674.31,614.46,561.21,513.92,471.941,434.654,401.49,371.94,345.552,321.932,300.738,281.672,264.477,248.931,234.841,222.04,210.385,199.749,190.023,181.113,172.933,165.411,158.484,152.093,146.19,140.729,135.672,130.984,126.634,122.593,118.837,115.344,112.094,109.07,106.254,103.632,101.192,98.922,96.8106,94.8486,93.0275,91.3392,89.7768,88.3339,87.0049,85.7846,84.6684,83.6523,82.7328,81.9066,81.1711,80.5239,79.9631,79.4872,79.0949,78.7855,78.5585,78.4137,78.3514,78.3724,78.4775,78.6682,78.9465,79.3145,79.7753,80.3321,80.989,81.7504,82.6218,83.6094,84.7201,85.9621,87.3445,88.878,90.5746,92.4481,94.5143,96.7912,99.2994,102.063,105.107,108.464,112.167,116.251,120.756,125.721,131.179,137.156,143.659,150.674,158.164,166.087,174.417,183.193,192.536,202.661,213.843,226.395,240.642,256.921,275.588,297.037,321.715,350.147,382.943,420.82,464.605,515.231,573.715,641.09,718.276,805.849,903.66,1010.28,1122.31,1233.69,1335.48,1416.62,1466.11,1476.21,1445.23,1378.14,1284.71,1176.29,1063.03,952.452,849.201,755.616,672.412,599.322,535.565,480.139,432.004,390.171,353.748,321.953,294.113,269.652,248.085,
 ,9,769.063,873.82,994.95,1132.75,1285.27,1446.73,1605.99,1746.08,1846.46,1888.97,1865.18,1780.41,1651.11,1497.78,1338.34,1185.11,1044.79,920.035,811.081,716.959,636.161,567.021,507.896,457.281,413.849,376.467,344.179,316.19,291.844,270.601,252.015,235.724,221.426,208.878,197.877,188.255,179.866,172.576,166.246,160.715,155.782,151.21,146.744,142.174,137.395,132.43,127.406,122.483,117.799,113.443,109.457,105.848,102.6,99.6877,97.0811,94.7511,92.6708,90.816,89.1658,87.7021,86.4096,85.2752,84.2877,83.4379,82.7179,82.1212,81.6422,81.2767,81.0211,80.8728,80.83,80.8919,81.0578,81.3284,81.7047,82.1888,82.7837,83.4931,84.322,85.2764,86.364,87.594,88.9774,90.5277,92.2608,94.1956,96.3543,98.7616,101.445,104.433,107.748,111.4,115.374,119.611,123.99,128.332,132.424,136.101,139.318,142.185,144.924,147.789,150.996,154.701,159.007,163.978,169.661,176.097,183.333,191.424,200.44,210.466,221.606,233.986,247.757,263.1,280.231,299.408,320.939,345.193,372.617,403.745,439.225,479.842,526.543,580.474,643.012,715.787,800.689,899.817,1015.32,1149,1301.6,1471.58,1653.63,1837.56,2008.16,2146.77,2235.22,2262.25,2228.99,2148.93,2042.09,1927.86,1820.39,1727.48,1651.48,1590.83,1541.52,1498.28,1455.64,1408.84,1354.66,1291.81,1220.9,1143.98,1063.81,983.215,904.616,829.816,759.969,695.671,637.09,584.103,536.406,493.596,455.227,420.852,390.043,362.403,337.571,315.224,295.074,276.869,260.387,245.435,231.842,219.457,208.154,197.815,188.343,179.647,171.653,164.29,157.5,151.228,145.428,140.057,135.079,130.46,126.17,122.183,118.475,115.024,111.812,108.82,106.035,103.44,101.025,98.7763,96.685,94.7412,92.9368,91.264,89.7158,88.2861,86.9695,85.7607,84.6555,83.6499,82.7403,81.9238,81.1977,80.5597,80.0081,79.5412,79.1581,78.8581,78.6405,78.5056,78.4535,78.485,78.6014,78.804,79.095,79.4767,79.9523,80.5251,81.1995,81.9802,82.8729,83.884,85.0211,86.2926,87.7083,89.2795,91.0194,92.9426,95.0664,97.4107,99.9986,102.857,106.016,109.511,113.384,117.68,122.448,127.74,133.604,140.075,147.163,154.836,163.011,171.57,180.409,189.515,199.027,209.236,220.529,233.319,248.01,264.999,284.696,307.557,334.111,364.994,400.976,442.986,492.144,549.779,617.432,696.824,789.739,897.777,1021.87,1161.43,1313.15,1469.42,1617.26,1738.75,1814.56,1830.37,1782.93,1681.6,1544.06,1389.53,1233.66,1086.65,953.795,836.889,735.645,648.727,574.401,510.889,456.543,409.914,369.763,335.048,304.905,278.613,255.58,
 ,8,835.694,962.061,1112.4,1289.18,1492.38,1716.64,1947.68,2159.48,2316.36,2383.83,2345.1,2210.88,2012.93,1787.78,1563.9,1357.76,1176.08,1019.73,886.868,774.756,680.474,601.241,534.554,478.249,430.509,389.839,355.023,325.077,299.206,276.771,257.255,240.241,225.394,212.446,201.182,191.429,183.047,175.91,169.884,164.799,160.409,156.375,152.294,147.808,142.751,137.211,131.455,125.787,120.436,115.53,111.11,107.168,103.667,100.562,97.8096,95.3673,93.1996,91.2763,89.5717,88.0642,86.7363,85.5728,84.5614,83.6918,82.9552,82.3446,81.8542,81.4791,81.2159,81.0616,81.0143,81.0729,81.2371,81.5074,81.8851,82.3724,82.9723,83.6893,84.5285,85.4968,86.6028,87.8567,89.2718,90.8636,92.6516,94.6594,96.9158,99.4554,102.318,105.55,109.195,113.288,117.836,122.778,127.953,133.065,137.728,141.606,144.588,146.876,148.871,150.994,153.565,156.775,160.72,165.446,170.975,177.332,184.548,192.67,201.763,211.912,223.223,235.827,249.884,265.587,283.171,302.915,325.16,350.317,378.887,411.483,448.857,491.935,541.867,600.076,668.327,748.804,844.174,957.618,1092.76,1253.31,1442.2,1659.77,1901.09,2153.18,2393.53,2590.82,2710.89,2730.62,2651.44,2499.19,2310.44,2117.35,1940.53,1789.29,1665.03,1564.68,1483.01,1414.17,1352.63,1293.71,1234.08,1171.85,1106.53,1038.74,969.738,901.047,834.115,770.114,709.874,653.885,602.351,555.26,512.451,473.672,438.617,406.965,378.394,352.597,329.285,308.195,289.089,271.754,256.001,241.659,228.58,216.631,205.697,195.673,186.47,178.006,170.21,163.02,156.379,150.237,144.55,139.279,134.388,129.845,125.623,121.696,118.041,114.637,111.467,108.514,105.762,103.198,100.81,98.587,96.5185,94.5956,92.8102,91.1549,89.6229,88.2082,86.9056,85.7098,84.617,83.623,82.7245,81.9186,81.2028,80.5748,80.033,79.5758,79.2023,78.9119,78.7041,78.579,78.5372,78.5793,78.7066,78.9209,79.2241,79.6189,80.1085,80.6963,81.3871,82.1856,83.098,84.1308,85.292,86.5905,88.0367,89.6424,91.4217,93.3904,95.5671,97.9738,100.636,103.583,106.85,110.48,114.521,119.029,124.07,129.715,136.034,143.086,150.895,159.415,168.499,177.903,187.362,196.755,206.239,216.25,227.356,240.119,255.039,272.563,293.144,317.286,345.596,378.822,417.897,463.989,518.55,583.377,660.664,753.03,863.481,995.199,1151.03,1332.38,1537.22,1757.15,1974.12,2159.32,2278.32,2303.66,2228.96,2072.44,1866.92,1645.05,1430.41,1235.91,1066.4,921.913,800.174,698.08,612.496,540.588,479.932,428.52,384.71,347.17,314.825,286.801,262.393,
 ,7,900.933,1050.71,1234.05,1457.14,1724.12,2032.78,2367.3,2689.81,2939.06,3048.69,2984.34,2768.06,2462.21,2131.66,1819.79,1546.21,1314.83,1122.18,962.808,831.324,722.928,633.417,559.222,497.391,445.546,401.794,364.641,332.907,305.658,282.155,261.813,244.167,228.848,215.569,204.107,194.294,186.004,179.137,173.59,169.207,165.707,162.608,159.251,154.99,149.532,143.098,136.243,129.517,123.28,117.687,112.757,108.442,104.67,101.367,98.4682,95.9163,93.6656,91.6781,89.9233,88.3761,87.0162,85.8267,84.794,83.9067,83.1555,82.5327,82.032,81.6486,81.3784,81.2185,81.1669,81.2224,81.3848,81.6544,82.0329,82.5223,83.1262,83.8491,84.6969,85.6768,86.7984,88.0734,89.5164,91.1458,92.9843,95.0609,97.4119,100.083,103.13,106.623,110.638,115.254,120.522,126.416,132.742,139.05,144.644,148.844,151.406,152.717,153.533,154.563,156.256,158.821,162.317,166.744,172.086,178.336,185.508,193.636,202.779,213.018,224.46,237.242,251.531,267.532,285.492,305.715,328.567,354.502,384.072,417.962,457.027,502.337,555.239,617.446,691.141,779.114,884.924,1013.06,1169.06,1359.34,1590.41,1866.64,2186.12,2535.18,2883.08,3178.29,3356.01,3368.29,3217.22,2954.56,2648.01,2349.91,2087.95,1870.64,1695.78,1556.6,1445.14,1353.79,1276,1206.52,1141.51,1078.47,1016.1,954.022,892.509,832.186,773.779,717.953,665.224,615.929,570.231,528.148,489.588,454.387,422.333,393.189,366.712,342.663,320.813,300.947,282.869,266.399,251.376,237.651,225.097,213.596,203.044,193.348,184.426,176.206,168.621,161.614,155.132,149.129,143.564,138.4,133.603,129.144,124.996,121.134,117.538,114.187,111.063,108.152,105.438,102.908,100.551,98.3555,96.3124,94.4128,92.6486,91.0128,89.4988,88.1008,86.8136,85.6324,84.5532,83.572,82.6856,81.8913,81.1866,80.5693,80.0378,79.5909,79.2274,78.9469,78.749,78.634,78.6024,78.6549,78.793,79.0185,79.3334,79.7405,80.2432,80.8451,81.5509,82.3659,83.2961,84.3485,85.5314,86.854,88.3273,89.9639,91.7782,93.7874,96.0113,98.4736,101.202,104.23,107.597,111.351,115.551,120.267,125.581,131.593,138.407,146.124,154.807,164.418,174.737,185.318,195.596,205.221,214.376,223.764,234.273,246.677,261.568,279.423,300.708,325.957,355.837,391.201,433.148,483.086,542.823,614.673,701.58,807.251,936.258,1094,1286.29,1518.19,1791.26,2098.49,2416.9,2701.72,2891.55,2932.97,2812.94,2567.87,2259.18,1941.67,1648.97,1395.23,1182.48,1007,863.155,745.252,648.274,568.073,501.313,445.354,398.116,357.963,323.603,294.009,268.366,
 ,6,960.829,1134.12,1352,1626.02,1967.49,2381.84,2856.48,3341.45,3736.09,3915,3808.01,3460.38,2992.87,2516.56,2092.54,1739.23,1452.57,1221.26,1034.43,883.422,761.191,661.888,580.717,513.864,458.355,411.893,372.711,339.438,311.015,286.61,265.577,247.407,231.705,218.168,206.572,196.759,188.632,182.137,177.232,173.826,171.638,170.026,167.908,164.093,158.027,150.209,141.737,133.569,126.212,119.811,114.317,109.611,105.567,102.072,99.0354,96.3831,94.0576,92.0134,90.2148,88.6332,87.2459,86.0342,84.9833,84.0811,83.3174,82.6843,82.1749,81.7841,81.5078,81.343,81.2874,81.3398,81.5001,81.7687,82.1471,82.6378,83.2442,83.9712,84.8254,85.8141,86.948,88.2399,89.7057,91.3665,93.2483,95.3851,97.8209,100.613,103.836,107.586,111.984,117.17,123.278,130.366,138.263,146.34,153.406,158.125,159.974,159.726,158.794,158.33,158.915,160.715,163.706,167.807,172.944,179.074,186.185,194.298,203.463,213.758,225.291,238.201,252.662,268.885,287.134,307.729,331.061,357.617,387.996,422.949,463.42,510.609,566.052,631.734,710.243,804.975,920.412,1062.46,1238.82,1459.22,1735.04,2077.3,2491.59,2969.21,3473.78,3924.67,4201.55,4206.18,3942.38,3513.91,3043.46,2611.25,2249.32,1960.22,1734.09,1557.93,1419.51,1308.56,1216.95,1138.45,1068.55,1004.12,943.21,884.768,828.376,774.024,721.912,672.313,625.473,581.568,540.687,502.834,467.942,435.891,406.525,379.666,355.127,332.718,312.257,293.568,276.489,260.868,246.566,233.459,221.433,210.384,200.222,190.863,182.232,174.264,166.899,160.083,153.769,147.914,142.478,137.428,132.732,128.363,124.294,120.503,116.97,113.675,110.603,107.737,105.064,102.571,100.248,98.0832,96.068,94.1938,92.453,90.8386,89.3444,87.9647,86.6944,85.5291,84.4645,83.4972,82.624,81.8421,81.1492,80.5433,80.0229,79.5865,79.2335,78.9631,78.7755,78.6705,78.649,78.7118,78.8604,79.0966,79.4226,79.8413,80.3561,80.9709,81.6904,82.52,83.4661,84.536,85.7378,87.0815,88.5784,90.2415,92.0859,94.1298,96.3942,98.9041,101.69,104.787,108.241,112.105,116.448,121.353,126.926,133.295,140.615,149.05,158.738,169.694,181.645,193.865,205.271,215.059,223.454,231.658,241.078,252.763,267.369,285.352,307.149,333.295,364.498,401.702,446.153,499.493,563.877,642.139,738.008,856.379,1003.63,1187.88,1418.97,1707.58,2062.11,2481.29,2940.25,3373.8,3675.88,3743.65,3550.58,3168.93,2711.52,2266.33,1876.95,1554.6,1294.59,1086.82,920.846,787.624,679.902,592.053,519.766,459.754,409.501,367.074,330.977,300.041,273.348,
 ,5,1010.76,1205.19,1455.26,1778.98,2197.35,2728.6,3371.14,4068.28,4668.28,4950.15,4779.23,4242.7,3559.19,2904.16,2353.78,1917.17,1576.08,1308.04,1095.72,926.987,792.545,684.831,597.813,526.829,468.352,419.723,378.932,344.452,315.112,290.009,268.445,249.877,233.889,220.169,208.494,198.724,190.796,184.718,180.549,178.315,177.82,178.29,178.053,174.98,168.024,158.21,147.566,137.616,128.987,121.732,115.675,110.599,106.307,102.644,99.4888,96.7521,94.3648,92.2744,90.4404,88.8313,87.4221,86.1929,85.1277,84.2135,83.4399,82.7982,82.2818,81.8849,81.6035,81.4343,81.3751,81.4246,81.5827,81.8496,82.2271,82.7177,83.3252,84.0545,84.9122,85.9067,87.0488,88.3523,89.8347,91.5186,93.4331,95.6167,98.1201,101.011,104.382,108.358,113.104,118.835,125.797,134.195,143.97,154.363,163.51,168.991,169.773,167.323,164.122,161.884,161.253,162.27,164.765,168.554,173.496,179.507,186.55,194.631,203.794,214.111,225.692,238.677,253.242,269.609,288.047,308.892,332.555,359.547,390.506,426.232,467.745,516.349,573.737,642.121,724.438,824.615,947.964,1101.7,1295.65,1542.95,1860.48,2267.87,2783.06,3410.78,4117.15,4787.7,5215.31,5211.95,4784.92,4130.41,3454.9,2869.21,2401.79,2042.09,1768.44,1559.65,1398.39,1271.35,1168.61,1082.88,1008.95,943.157,883.041,827.053,774.301,724.332,676.969,632.183,590.003,550.461,513.565,479.284,447.548,418.258,391.287,366.497,343.735,322.853,303.699,286.131,270.012,255.215,241.621,229.124,217.623,207.028,197.259,188.241,179.907,172.198,165.059,158.442,152.302,146.601,141.301,136.371,131.781,127.506,123.522,119.806,116.34,113.106,110.088,107.271,104.643,102.19,99.9032,97.7716,95.7866,93.94,92.2244,90.6333,89.1604,87.8005,86.5486,85.4003,84.3517,83.3993,82.5401,81.7715,81.0912,80.4973,79.9884,79.5631,79.2207,78.9609,78.7834,78.6886,78.6771,78.7499,78.9086,79.155,79.4915,79.9209,80.4468,81.0733,81.805,82.6477,83.6075,84.6923,85.9104,87.2719,88.7883,90.4733,92.3425,94.4146,96.7117,99.26,102.091,105.245,108.768,112.722,117.182,122.245,128.038,134.723,142.506,151.633,162.351,174.79,188.685,202.995,215.871,225.747,232.91,239.374,247.29,257.996,272.142,290.096,312.225,339.04,371.267,409.921,456.37,512.454,580.632,664.203,767.62,896.913,1060.26,1268.65,1536.5,1881.52,2322.13,2868.43,3500.45,4132.78,4595.5,4702.49,4402.84,3831.61,3182.9,2586.48,2091.09,1698.37,1392.45,1154.7,968.886,822.323,705.458,611.223,534.393,471.09,418.416,374.179,336.709,304.72,277.208,
 ,4,1046.15,1256.42,1531.34,1894.83,2377.7,3012.91,3815.75,4732.07,5560.74,5963.22,5717.06,4966.59,4054.9,3225.45,2560.58,2053.24,1668.22,1371.47,1139.62,957.609,814.247,700.525,609.402,535.558,475.046,424.942,383.065,347.773,317.821,292.254,270.339,251.51,235.339,221.507,209.798,200.085,192.341,186.64,183.145,182.043,183.302,186.109,188.156,186.047,178.006,165.827,152.794,141.043,131.223,123.218,116.695,111.323,106.84,103.049,99.8073,97.0094,94.5777,92.4545,90.5955,88.9671,87.5425,86.301,85.2256,84.3028,83.522,82.8741,82.3522,81.9507,81.6651,81.4922,81.4297,81.4763,81.6319,81.8967,82.2725,82.7619,83.3687,84.098,84.9566,85.9531,87.0988,88.408,89.8992,91.5963,93.5303,95.7428,98.2894,101.246,104.718,108.851,113.851,119.996,127.643,137.159,148.662,161.373,172.769,179.104,178.673,173.857,168.404,164.543,162.875,163.255,165.36,168.906,173.693,179.603,186.58,194.619,203.756,214.064,225.648,238.651,253.251,269.673,288.194,309.157,332.985,360.206,391.482,427.648,469.772,519.23,577.819,647.914,732.692,836.462,965.142,1126.93,1333.29,1600.15,1949.23,2408.6,3010.1,3777.12,4687.66,5599.79,6204.74,6193.59,5578.61,4679.7,3799.86,3072.87,2514.7,2097.45,1786.66,1553.18,1375.05,1236.34,1125.64,1034.82,958.101,891.414,831.957,777.849,727.87,681.269,637.603,596.623,558.193,522.224,488.65,457.396,428.382,401.51,376.669,353.743,332.606,313.134,295.204,278.695,263.493,249.489,236.584,224.682,213.699,203.555,194.179,185.503,177.47,170.024,163.116,156.702,150.742,145.199,140.04,135.234,130.756,126.58,122.684,119.048,115.654,112.483,109.523,106.758,104.177,101.767,99.5187,97.4225,95.4697,93.6527,91.9642,90.3979,88.948,87.6092,86.3769,85.2468,84.2152,83.2788,82.4345,81.68,81.0129,80.4316,79.9346,79.5208,79.1895,78.9403,78.7731,78.6884,78.6868,78.7694,78.9378,79.1938,79.54,79.9793,80.5153,81.1521,81.8945,82.7484,83.7199,84.817,86.0484,87.4241,88.9561,90.658,92.5461,94.6394,96.9607,99.5371,102.402,105.595,109.168,113.185,117.727,122.903,128.854,135.771,143.904,153.574,165.143,178.886,194.617,211.041,225.462,235.365,241.103,245.696,252.094,261.85,275.538,293.399,315.718,342.967,375.882,415.519,463.337,521.315,592.134,679.442,788.24,925.441,1100.67,1327.35,1623.93,2014.87,2529.21,3191.5,3993.66,4837.46,5483.05,5636.57,5213.04,4432.35,3587.43,2847.54,2258.38,1806.9,1464.38,1203.56,1002.92,846.603,723.172,624.415,544.404,478.821,424.481,379.007,340.605,307.902,279.838,
 ,3,1063.36,1281.59,1569.22,1953.53,2471.16,3164.58,4061.48,5113.53,6091.51,6575.82,6278.63,5386.58,4331.04,3397.3,2667.06,2120.78,1712.44,1401.13,1159.82,971.605,824.147,707.686,614.692,539.545,478.105,427.328,384.954,349.292,319.061,293.283,271.21,252.265,236.015,222.141,210.426,200.758,193.132,187.661,184.584,184.206,186.643,191.119,194.897,193.555,184.679,170.728,156.008,143.062,132.496,124.043,117.249,111.711,107.123,103.264,99.9754,97.1451,94.6902,92.5496,90.6775,89.0388,87.6059,86.3575,85.2763,84.3487,83.5634,82.9117,82.3862,81.9814,81.6926,81.5167,81.4514,81.4952,81.648,81.9102,82.2834,82.7702,83.3746,84.1016,84.9581,85.9528,87.0972,88.4058,89.8974,91.5964,93.5348,95.7553,98.3157,101.295,104.805,109.001,114.106,120.431,128.384,138.423,150.773,164.677,177.284,184.087,182.969,176.866,170.242,165.572,163.4,163.473,165.385,168.804,173.501,179.343,186.263,194.253,203.346,213.611,225.154,238.117,252.68,269.069,287.56,308.502,332.322,359.553,390.866,427.112,469.376,519.066,578.023,648.692,734.356,839.493,970.294,1135.42,1347.11,1622.71,1986.59,2471.81,3119.03,3964.55,4997,6061.24,6782.65,6766.67,6028.96,4976.67,3974.65,3166.76,2558.24,2109.63,1778.71,1531.79,1344.41,1199.26,1084.2,990.676,912.644,845.839,787.27,734.863,687.207,643.355,602.694,564.82,529.475,496.482,465.708,437.044,410.388,385.638,362.692,341.445,321.789,303.617,286.826,271.312,256.98,243.736,231.493,220.171,209.695,199.995,191.007,182.674,174.941,167.759,161.085,154.878,149.1,143.72,138.705,134.028,129.665,125.592,121.788,118.234,114.914,111.811,108.911,106.201,103.669,101.304,99.0969,97.0381,95.1195,93.3337,91.6739,90.134,88.7085,87.3921,86.1807,85.0699,84.0562,83.1366,82.308,81.5682,80.915,80.3468,79.8623,79.4603,79.1403,78.9019,78.7451,78.6705,78.6786,78.7707,78.9484,79.2136,79.5688,80.0171,80.562,81.2078,81.9594,82.8225,83.8036,84.9106,86.1521,87.5385,89.0816,90.7956,92.6965,94.8038,97.1403,99.7338,102.618,105.834,109.434,113.483,118.067,123.298,129.326,136.355,144.657,154.592,166.589,181.01,197.739,215.369,230.703,240.61,245.487,248.996,254.553,263.806,277.257,295.07,317.478,344.934,378.177,418.285,466.757,525.644,597.738,686.859,798.288,939.394,1120.57,1356.52,1667.97,2083.28,2638.05,3366.69,4271.26,5249.75,6017.88,6203.62,5695.74,4777.68,3810.94,2986.79,2345.12,1861.97,1500.3,1227.67,1019.58,858.428,731.775,630.818,549.271,482.592,427.455,381.391,342.546,309.504,281.178,
 ,2,1060.28,1277.07,1562.4,1942.91,2454.15,3136.74,4015.88,5041.92,5991.03,6459.6,6172.42,5307.38,4278.65,3363.71,2644.55,2104.35,1699.81,1391.69,1153.2,967.153,821.16,705.643,613.256,538.505,477.331,426.74,384.498,348.932,318.773,293.051,271.021,252.111,235.888,222.036,210.34,200.688,193.074,187.615,184.549,184.182,186.63,191.118,194.911,193.579,184.702,170.743,156.016,143.068,132.501,124.048,117.255,111.717,107.13,103.271,99.9825,97.1521,94.6971,92.5563,90.6837,89.0443,87.6107,86.3613,85.2791,84.3502,83.5637,82.9104,82.3832,81.9764,81.6856,81.5074,81.4396,81.4808,81.6306,81.8896,82.2593,82.7423,83.3424,84.0647,84.9161,85.9051,87.043,88.3442,89.8274,91.5165,93.4431,95.6491,98.1912,101.147,104.624,108.773,113.807,120.019,127.789,137.52,149.372,162.567,174.439,180.94,180.197,174.81,168.818,164.562,162.626,162.82,164.785,168.217,172.902,178.713,185.591,193.527,202.555,212.745,224.204,237.069,251.521,267.783,286.131,306.908,330.539,357.551,388.609,424.556,466.465,515.728,574.166,644.187,729.03,833.099,962.469,1125.62,1334.52,1606.09,1964.09,2440.73,3075.43,3902.37,4907.39,5936.87,6630.85,6615.78,5905.93,4886.64,3908.81,3115.08,2513.77,2068.3,1738.27,1491.12,1303.04,1157.13,1041.53,947.851,870.146,804.187,746.963,696.347,650.839,609.397,571.302,536.059,503.327,472.864,444.49,418.065,393.47,370.595,349.341,329.608,311.301,294.326,278.593,264.013,250.503,237.983,226.377,215.616,205.633,196.367,187.763,179.768,172.333,165.417,158.977,152.978,147.386,142.17,137.303,132.758,128.512,124.545,120.836,117.368,114.124,111.091,108.254,105.601,103.121,100.803,98.6392,96.6197,94.737,92.9841,91.3545,89.8424,88.4425,87.1499,85.9603,84.8699,83.8751,82.9731,82.161,81.4366,80.7979,80.2433,79.7716,79.3818,79.0734,78.846,78.6996,78.635,78.6527,78.754,78.9405,79.2143,79.5778,80.0342,80.587,81.2405,81.9996,82.87,83.8585,84.9726,86.2212,87.6146,89.1647,90.8855,92.793,94.9068,97.2495,99.8487,102.738,105.958,109.561,113.611,118.192,123.416,129.429,136.43,144.682,154.532,166.382,180.559,196.921,214.101,229.099,239.024,244.251,248.193,254.091,263.559,277.129,294.997,317.417,344.855,378.052,418.085,466.451,525.186,597.065,685.88,796.864,937.309,1117.47,1351.85,1660.75,2071.86,2619.6,3336.54,4222.74,5176.7,5922.34,6102.27,5609.94,4716.84,3771.95,2962.75,2330.32,1852.71,1494.37,1223.79,1016.98,856.66,730.559,629.979,548.694,482.2,427.197,381.232,342.459,309.472,281.187,
 ,1,1037.26,1243.47,1511.97,1865.06,2330.78,2937.74,3695.79,4548.94,5309.9,5676.29,5452.91,4765.22,3918.01,3135.53,2499.55,2008.82,1634.38,1346.18,1121.65,945.277,805.825,694.683,605.248,532.527,472.781,423.212,381.719,346.71,316.97,291.566,269.778,251.05,234.96,221.195,209.54,199.873,192.169,186.501,183.036,181.961,183.242,186.065,188.125,186.032,178.005,165.833,152.802,141.052,131.234,123.232,116.711,111.341,106.859,103.07,99.8286,97.0307,94.5986,92.4745,90.6142,88.9838,87.557,86.3125,85.234,84.3076,83.5226,82.8702,82.3432,81.9361,81.6442,81.4646,81.3947,81.4333,81.5799,81.8352,82.2005,82.6783,83.2724,83.9877,84.831,85.8102,86.9367,88.224,89.6901,91.3578,93.2569,95.4269,97.9199,100.807,104.184,108.184,112.985,118.824,125.981,134.708,144.993,156.055,165.823,171.497,171.85,168.601,164.604,161.743,160.663,161.351,163.59,167.162,171.906,177.723,184.57,192.446,201.39,211.474,222.802,235.513,249.782,265.826,283.918,304.388,327.651,354.22,384.736,420.011,461.078,509.269,566.316,634.5,716.862,817.502,942.015,1098.1,1296.45,1551.83,1884.35,2320.03,2888.06,3607.93,4453.24,5287.47,5833.48,5823.6,5267.38,4441.43,3617.74,2924.85,2384.31,1974.49,1665.34,1430.55,1249.92,1108.67,996.174,904.792,829.032,764.928,709.616,661.024,617.666,578.474,542.685,509.76,479.308,451.049,424.77,400.309,377.533,356.327,336.591,318.229,301.154,285.282,270.531,256.826,244.091,232.259,221.262,211.04,201.535,192.693,184.464,176.802,169.663,163.01,156.804,151.014,145.609,140.559,135.841,131.43,127.304,123.445,119.833,116.453,113.289,110.328,107.556,104.962,102.536,100.267,98.1478,96.1692,94.3239,92.6054,91.0074,89.5244,88.1513,86.8835,85.7168,84.6477,83.6727,82.7891,81.9942,81.2858,80.6621,80.1217,79.6632,79.2859,78.9891,78.7728,78.637,78.5823,78.6094,78.7196,78.9145,79.1963,79.5674,80.0309,80.5904,81.2503,82.0153,82.8913,83.8848,85.0035,86.2562,87.653,89.2058,90.9282,92.8364,94.9492,97.289,99.8828,102.763,105.969,109.551,113.571,118.107,123.263,129.172,136.012,144.01,153.449,164.633,177.758,192.589,207.955,221.608,231.546,238.08,243.692,250.917,261.214,275.207,293.208,315.553,342.741,375.517,414.935,462.435,519.964,590.154,676.567,784.072,919.368,1091.72,1313.93,1603.44,1982.92,2478.53,3110.68,3867.39,4653.1,5247.44,5388.07,4999.67,4276.83,3484.68,2782.45,2217.42,1780.82,1447.47,1192.36,995.371,841.439,719.605,621.942,542.697,477.66,423.716,378.533,340.348,307.808,279.867,
 ,0,996.855,1185.24,1425.99,1735.08,2130.33,2625.45,3214.29,3840.98,4370.47,4616.32,4467.74,3995.45,3382.38,2782.65,2269.03,1855.34,1529.42,1273.09,1070.36,909.044,779.917,675.85,591.304,522.012,464.711,416.919,376.737,342.709,313.712,288.874,267.517,249.114,233.259,219.648,208.064,198.368,190.503,184.479,180.354,178.155,177.684,178.163,177.93,174.871,167.948,158.167,147.548,137.613,128.995,121.747,115.697,110.626,106.337,102.676,99.5231,96.7867,94.3989,92.3071,90.4709,88.8587,87.4458,86.2121,85.1416,84.2213,83.4408,82.7916,82.2667,81.8605,81.5688,81.3883,81.3168,81.3529,81.4963,81.7473,82.1073,82.5788,83.1653,83.8713,84.7036,85.6695,86.7798,88.0471,89.4882,91.1241,92.9818,95.0966,97.5144,100.296,103.521,107.294,111.749,117.049,123.358,130.771,139.138,147.782,155.327,160.156,161.613,160.64,158.932,157.803,157.864,159.251,161.899,165.697,170.549,176.396,183.217,191.025,199.865,209.81,220.966,233.466,247.48,263.221,280.947,300.977,323.705,349.617,379.321,413.578,453.353,499.879,554.747,620.026,698.444,793.613,910.371,1055.21,1236.86,1466.85,1759.98,2133.58,2603.68,3173.39,3807.93,4400.94,4773.35,4769.04,4393.19,3807.55,3189.34,2640.41,2192.1,1839.44,1565.58,1352.79,1186.14,1054.02,947.719,860.768,788.4,727.098,674.268,627.999,586.883,549.891,516.266,485.455,457.054,430.76,406.345,383.633,362.483,342.776,324.411,307.297,291.351,276.495,262.657,249.769,237.765,226.584,216.169,206.465,197.421,188.99,181.127,173.792,166.945,160.551,154.578,148.996,143.777,138.895,134.327,130.051,126.047,122.298,118.785,115.495,112.412,109.524,106.819,104.286,101.916,99.6979,97.6247,95.6884,93.882,92.1992,90.6341,89.1812,87.836,86.594,85.4512,84.4042,83.4498,82.5853,81.8082,81.1165,80.5084,79.9824,79.5376,79.173,78.8882,78.6831,78.5579,78.513,78.5493,78.6681,78.8711,79.1602,79.5382,80.0079,80.5732,81.238,82.0074,82.8871,83.8835,85.0043,86.258,87.6547,89.2059,90.9251,92.828,94.9328,97.2613,99.8391,102.697,105.873,109.413,113.374,117.827,122.863,128.597,135.174,142.77,151.586,161.807,173.491,186.359,199.539,211.632,221.535,229.492,237.032,245.88,257.228,271.746,289.867,312.006,338.705,370.699,408.991,454.925,510.29,577.465,659.626,761.028,887.389,1046.38,1248.18,1505.86,1835,2250.82,2759.45,3338.51,3908,4318.72,4413.17,4148.59,3637.87,3048.26,2497.11,2032.63,1660,1366.97,1137.52,957.142,814.205,699.806,607.281,531.659,469.227,417.187,373.419,336.301,304.577,277.267,
 ,-1,943.208,1109.34,1316.56,1574.56,1892.02,2271.28,2697.74,3124.76,3465.82,3618.64,3527.36,3227.42,2816.42,2388.64,2000.03,1670.84,1400.97,1182.35,1005.57,862.331,745.852,650.662,572.393,507.59,453.547,408.151,369.756,337.077,309.107,285.057,264.303,246.356,230.836,217.448,205.975,196.264,188.222,181.798,176.952,173.589,171.429,169.83,167.72,163.926,157.899,150.128,141.695,133.554,126.217,119.829,114.345,109.647,105.608,102.118,99.083,96.4314,94.1053,92.0592,90.2576,88.6719,87.2793,86.0613,85.0031,84.0925,83.3193,82.6753,82.1542,81.7504,81.4598,81.2793,81.2066,81.2403,81.3803,81.6266,81.9806,82.4446,83.0219,83.7169,84.5354,85.4848,86.5746,87.8167,89.2261,90.8214,92.6265,94.6714,96.9947,99.6449,102.684,106.188,110.246,114.952,120.379,126.519,133.177,139.847,145.707,149.912,152.146,152.887,153.054,153.475,154.641,156.753,159.848,163.903,168.882,174.767,181.56,189.286,197.999,207.774,218.715,230.952,244.648,260.004,277.265,296.731,318.771,343.836,372.486,405.42,443.513,487.87,539.9,601.408,674.726,762.877,869.792,1000.56,1161.7,1361.29,1608.72,1913.32,2280.36,2702.58,3146.1,3537.49,3773.47,3773.06,3538.76,3154.71,2723.88,2317.56,1967.56,1679.75,1448.07,1262.79,1114.3,994.411,896.572,815.692,747.876,690.166,640.327,596.669,557.925,523.141,491.604,462.781,436.27,411.767,389.04,367.91,348.23,329.882,312.766,296.793,281.885,267.969,254.981,242.858,231.542,220.978,211.117,201.908,193.309,185.275,177.768,170.751,164.19,158.052,152.31,146.934,141.901,137.186,132.768,128.628,124.747,121.108,117.696,114.497,111.497,108.684,106.048,103.577,101.263,99.0975,97.0719,95.1793,93.413,91.7669,90.2357,88.8142,87.4978,86.2826,85.1645,84.1404,83.2074,82.3626,81.604,80.9295,80.3374,79.8264,79.3955,79.044,78.7713,78.5776,78.4629,78.4277,78.4731,78.6002,78.8108,79.1069,79.4909,79.9661,80.536,81.2046,81.9769,82.8584,83.8556,84.976,86.2279,87.6211,89.167,90.8784,92.7705,94.8608,97.17,99.7224,102.547,105.678,109.158,113.037,117.378,122.257,127.767,134.02,141.14,149.256,158.458,168.722,179.8,191.128,201.945,211.737,220.703,229.731,239.917,252.159,267.095,285.209,306.971,332.936,363.813,400.531,444.3,496.699,559.787,636.251,729.591,844.354,986.371,1162.92,1382.56,1654.1,1983.47,2367.03,2779.75,3162.81,3425.96,3484.74,3317.5,2982.73,2574.71,2170.55,1811.34,1509.9,1263.99,1065.71,906.156,777.33,672.663,586.97,516.229,457.34,407.916,366.107,330.475,299.893,273.47,
 ,-2,881.056,1023.41,1196.12,1404,1649.51,1928.93,2226.43,2508.03,2722.15,2815.35,2760.48,2574.65,2307.67,2013.59,1730.9,1478.97,1263.52,1083,933.1,808.984,706.177,620.811,549.648,490.034,439.82,397.282,361.044,330.008,303.302,280.226,260.224,242.852,227.757,214.663,203.353,193.668,185.484,178.706,173.231,168.904,165.443,162.372,159.037,154.807,149.39,143.004,136.19,129.497,123.284,117.71,112.794,108.489,104.724,101.426,98.5301,95.9792,93.7276,91.7378,89.9792,88.4267,87.0601,85.8625,84.8203,83.9223,83.1588,82.5224,82.0067,81.6065,81.3181,81.1382,81.0646,81.0963,81.2326,81.4738,81.8211,82.2767,82.8435,83.5255,84.3282,85.2582,86.3242,87.5368,88.909,90.4572,92.2014,94.1666,96.3834,98.889,101.728,104.951,108.612,112.756,117.398,122.485,127.841,133.128,137.881,141.676,144.371,146.207,147.671,149.258,151.323,154.064,157.568,161.864,166.964,172.878,179.629,187.257,195.818,205.392,216.079,228.004,241.321,256.22,272.928,291.722,312.941,336.996,364.392,395.752,431.848,473.642,522.338,579.449,646.882,727.04,822.928,938.258,1077.49,1245.65,1447.8,1687.44,1963.52,2265.1,2564.91,2816.34,2963.08,2964.84,2822.8,2578.87,2289.54,2000.51,1737.92,1511.78,1322.53,1166.26,1037.7,931.671,843.657,769.92,707.464,653.928,607.472,566.666,530.412,497.865,468.378,441.457,416.722,393.882,372.711,353.029,334.695,317.591,301.62,286.696,272.747,259.704,247.507,236.101,225.433,215.454,206.119,197.385,189.211,181.561,174.399,167.693,161.41,155.524,150.008,144.837,139.987,135.439,131.171,127.167,123.409,119.882,116.571,113.464,110.547,107.811,105.244,102.837,100.581,98.4685,96.4916,94.6438,92.9186,91.3104,89.814,88.4247,87.1381,85.9503,84.8578,83.8573,82.9462,82.122,81.3823,80.7255,80.1498,79.6543,79.2377,78.8994,78.6392,78.4569,78.3527,78.3273,78.3816,78.5168,78.7345,79.037,79.4266,79.9063,80.4798,81.151,81.9248,82.8066,83.8026,84.9203,86.1677,87.5544,89.0912,90.7906,92.667,94.737,97.0201,99.5389,102.32,105.395,108.8,112.581,116.79,121.489,126.751,132.658,139.294,146.734,155.013,164.085,173.77,183.743,193.634,203.242,212.735,222.648,233.674,246.469,261.583,279.494,300.678,325.675,355.145,389.92,431.053,479.889,538.13,607.938,692.029,793.773,917.244,1067.11,1248.19,1464.2,1715.29,1993.56,2277.31,2527.17,2691.71,2727.52,2624.02,2410.38,2137.23,1851.7,1584.37,1349.41,1150.08,984.056,846.858,733.652,640.024,562.237,497.238,442.579,396.311,356.888,323.082,293.912,268.595,
 ,-3,814.882,934.192,1074.84,1238.44,1424.1,1626.06,1830.89,2015.78,2150.93,2208.5,2175.16,2059.26,1886.23,1686.37,1484.46,1295.94,1127.97,982.314,857.889,752.402,663.257,587.948,524.228,470.16,424.111,384.73,350.905,321.73,296.466,274.514,255.387,238.69,224.103,211.371,200.286,190.684,182.427,175.395,169.456,164.441,160.106,156.116,152.073,147.627,142.614,137.119,131.404,125.77,120.447,115.561,111.158,107.228,103.735,100.637,97.887,95.4458,93.2772,91.3509,89.6415,88.1276,86.7915,85.6182,84.5953,83.7126,82.9611,82.3339,81.8251,81.4299,81.1444,80.9658,80.8919,80.9216,81.0542,81.29,81.6301,82.0764,82.6315,83.2991,84.0842,84.9926,86.032,87.2117,88.543,90.0396,91.718,93.5983,95.7037,98.0615,100.702,103.657,106.955,110.611,114.613,118.9,123.337,127.712,131.77,135.3,138.241,140.72,143.003,145.384,148.106,151.333,155.164,159.657,164.848,170.77,177.46,184.967,193.353,202.695,213.091,224.661,237.547,251.926,268.005,286.037,306.327,329.24,355.224,384.82,418.69,457.647,502.686,555.027,616.163,687.908,772.426,872.233,990.095,1128.75,1290.24,1474.72,1678.38,1890.71,2092.05,2254.14,2346.64,2349.42,2263.05,2108.48,1916.22,1714.21,1521.5,1348.04,1197.19,1068.48,959.646,867.811,790.131,724.053,667.406,618.397,575.578,537.787,504.11,473.822,446.359,421.278,398.235,376.959,357.236,338.898,321.807,305.852,290.938,276.986,263.926,251.696,240.239,229.506,219.448,210.022,201.188,192.906,185.142,177.861,171.033,164.627,158.617,152.977,147.683,142.712,138.044,133.661,129.542,125.674,122.038,118.623,115.414,112.399,109.567,106.908,104.411,102.069,99.8718,97.8133,95.8861,94.0838,92.4007,90.8312,89.3705,88.0142,86.7581,85.5985,84.5322,83.556,82.6676,81.8643,81.1442,80.5054,79.9468,79.4669,79.0649,78.7403,78.4926,78.3218,78.2284,78.2127,78.2757,78.4188,78.6434,78.9518,79.3463,79.8298,80.4059,81.0787,81.8525,82.733,83.7261,84.839,86.0795,87.4567,88.9812,90.6649,92.5213,94.566,96.8173,99.2958,102.026,105.035,108.357,112.029,116.094,120.604,125.613,131.181,137.363,144.204,151.714,159.855,168.518,177.536,186.749,196.11,205.768,216.068,227.47,240.454,255.475,272.965,293.371,317.192,345.02,377.576,415.748,460.635,513.591,576.269,650.657,739.085,844.154,968.505,1114.29,1282.14,1469.42,1667.76,1860.68,2023.26,2126.72,2148.73,2084.05,1947.35,1765.64,1566.76,1371.66,1192.6,1034.76,898.903,783.483,686.008,603.812,534.403,475.608,425.591,382.835,346.099,314.369,286.82,262.78,
 ,-4,748.357,846.791,959.599,1086.62,1225.57,1370.81,1512.19,1635,1722.07,1758.61,1737.82,1663.94,1550.26,1413.85,1270.19,1130.46,1001.23,885.44,783.697,695.339,619.109,553.55,497.21,448.755,407,370.925,339.662,312.485,288.787,268.067,249.908,233.966,219.959,207.653,196.854,187.402,179.157,171.989,165.76,160.313,155.45,150.935,146.521,142,137.267,132.347,127.364,122.476,117.82,113.486,109.519,105.923,102.684,99.7784,97.1755,94.8466,92.7651,90.9067,89.2509,87.7795,86.4773,85.3314,84.3304,83.4651,82.7276,82.1114,81.6108,81.2215,80.9398,80.7631,80.6893,80.7171,80.846,81.0763,81.4088,81.8449,82.3875,83.0397,83.8057,84.6908,85.7016,86.8463,88.1342,89.5769,91.1874,92.9814,94.9761,97.1909,99.6456,102.358,105.342,108.596,112.101,115.802,119.607,123.388,127.004,130.353,133.409,136.249,139.023,141.909,145.073,148.641,152.708,157.338,162.581,168.482,175.087,182.449,190.633,199.716,209.789,220.965,233.377,247.184,262.573,279.772,299.049,320.724,345.183,372.887,404.389,440.354,481.578,529.008,583.765,647.147,720.62,805.751,904.063,1016.73,1144.05,1284.56,1433.9,1583.49,1720.02,1826.57,1886.61,1889.78,1836.34,1737.06,1608.63,1467.8,1327.61,1196.27,1077.86,973.569,882.939,804.668,737.152,678.776,628.062,583.716,544.648,509.95,478.887,450.86,425.391,402.098,380.676,360.883,342.523,325.441,309.509,294.621,280.691,267.642,255.411,243.939,233.176,223.075,213.593,204.691,196.332,188.483,181.11,174.185,167.678,161.564,155.819,150.418,145.341,140.568,136.08,131.858,127.888,124.153,120.641,117.337,114.229,111.307,108.56,105.978,103.552,101.275,99.1378,97.1341,95.2573,93.5014,91.8609,90.3309,88.9067,87.584,86.359,85.2284,84.1889,83.2376,82.3723,81.5905,80.8904,80.2703,79.729,79.2652,78.8782,78.5674,78.3325,78.1735,78.0907,78.0848,78.1565,78.3073,78.5386,78.8524,79.2512,79.738,80.3159,80.989,81.7619,82.6396,83.6281,84.7342,85.9656,87.331,88.8403,90.505,92.3377,94.353,96.5677,99.0009,101.674,104.612,107.844,111.401,115.32,119.641,124.406,129.658,135.436,141.766,148.657,156.085,163.995,172.317,181,190.065,199.645,209.986,221.412,234.281,248.962,265.831,285.283,307.762,333.778,363.935,398.961,439.72,487.244,542.737,607.57,683.234,771.219,872.757,988.366,1117.1,1255.5,1396.39,1528.12,1635.26,1701.64,1715.47,1674.06,1585.03,1463.02,1324.37,1182.85,1047.86,924.591,815.11,719.525,636.889,565.798,504.733,452.246,407.036,367.974,334.1,304.607,278.821,256.181,
 ,-5,684.137,764.525,854.231,952.275,1056.1,1160.97,1259.67,1342.82,1400.43,1424.35,1411,1362.58,1286.32,1191.99,1089.22,985.743,886.839,795.517,713.107,639.846,575.333,518.845,469.534,426.534,389.029,356.278,327.628,302.515,280.454,261.035,243.908,228.783,215.411,203.586,193.132,183.897,175.747,168.553,162.188,156.511,151.367,146.588,142.008,137.495,132.975,128.446,123.959,119.596,115.434,111.532,107.921,104.613,101.603,98.8762,96.414,94.1959,92.2019,90.4133,88.8134,87.3871,86.1215,85.005,84.0281,83.1821,82.4602,81.8562,81.3651,80.9827,80.7056,80.5313,80.4578,80.484,80.6094,80.8338,81.1582,81.584,82.1134,82.7491,83.4951,84.3557,85.3369,86.4452,87.6887,89.0766,90.6194,92.3288,94.2176,96.299,98.5855,101.087,103.807,106.74,109.865,113.143,116.512,119.896,123.22,126.432,129.529,132.557,135.61,138.799,142.239,146.027,150.242,154.949,160.201,166.048,172.541,179.735,187.693,196.49,206.213,216.964,228.865,242.059,256.714,273.028,291.234,311.608,334.476,360.219,389.289,422.214,459.61,502.186,550.743,606.164,669.368,741.233,822.443,913.233,1013,1119.77,1229.58,1336.03,1430.29,1502.23,1542.57,1545.78,1511.98,1446.92,1359.94,1261.12,1159.11,1060.13,967.912,884.264,809.646,743.718,685.724,634.738,589.822,550.09,514.758,483.147,454.683,428.889,405.373,383.813,363.949,345.568,328.497,312.597,297.751,283.862,270.85,258.646,247.19,236.429,226.317,216.811,207.873,199.467,191.561,184.123,177.125,170.541,164.345,158.513,153.024,147.857,142.992,138.412,134.099,130.038,126.213,122.612,119.221,116.027,113.021,110.192,107.529,105.025,102.671,100.459,98.3816,96.4332,94.6073,92.8984,91.3012,89.8112,88.424,87.1355,85.9423,84.8411,83.829,82.9032,82.0614,81.3016,80.622,80.021,79.4974,79.0501,78.6783,78.3817,78.1598,78.0128,77.9409,77.9447,78.0252,78.1834,78.4211,78.7402,79.143,79.6322,80.2113,80.884,81.6547,82.5283,83.5107,84.6084,85.8288,87.1801,88.6719,90.3147,92.1208,94.1035,96.2781,98.6623,101.275,104.139,107.278,110.719,114.493,118.632,123.168,128.134,133.559,139.462,145.854,152.727,160.063,167.845,176.075,184.806,194.156,204.311,215.513,228.04,242.188,258.273,276.635,297.652,321.75,349.423,381.243,417.869,460.053,508.628,564.478,628.47,701.323,783.391,874.315,972.544,1074.76,1175.38,1266.47,1338.5,1382.18,1391.09,1363.8,1304.4,1221.05,1123.46,1020.51,918.996,823.334,735.888,657.546,588.263,527.466,474.337,427.984,387.538,352.195,321.244,294.065,270.122,248.96,
 ,-6,623.913,689.196,760.287,835.942,913.829,990.278,1060.27,1117.84,1157.02,1173.18,1164.33,1131.68,1079.32,1012.96,938.642,861.631,785.9,714.079,647.661,587.3,533.092,484.79,441.965,404.103,370.673,341.163,315.098,292.053,271.651,253.564,237.508,223.238,210.544,199.246,189.186,180.227,172.245,165.121,158.74,152.983,147.727,142.846,138.226,133.773,129.432,125.185,121.051,117.068,113.275,109.707,106.387,103.322,100.512,97.9479,95.6171,93.5053,91.5971,89.8783,88.3351,86.9552,85.7276,84.6423,83.6909,82.8658,82.1608,81.5702,81.0894,80.7147,80.4429,80.2716,80.1988,80.2236,80.3453,80.564,80.8802,81.2951,81.8109,82.4297,83.1549,83.9905,84.9413,86.013,87.212,88.5457,90.0226,91.6513,93.4411,95.4009,97.5383,99.8585,102.361,105.04,107.877,110.845,113.905,117.013,120.13,123.233,126.324,129.438,132.635,135.992,139.587,143.497,147.787,152.516,157.737,163.498,169.853,176.855,184.566,193.055,202.404,212.706,224.069,236.622,250.51,265.906,283.009,302.051,323.3,347.067,373.711,403.638,437.31,475.235,517.96,566.044,620.012,680.271,746.984,819.882,898.005,979.4,1060.84,1137.71,1204.22,1254.18,1282.26,1285.34,1263.5,1219.91,1159.97,1089.83,1015.17,940.476,868.847,802.101,741.094,686.009,636.62,592.478,553.035,517.726,486.014,457.409,431.483,407.865,386.243,366.356,347.986,330.951,315.103,300.318,286.494,273.543,261.393,249.98,239.252,229.159,219.659,210.715,202.291,194.356,186.879,179.834,173.195,166.938,161.04,155.481,150.24,145.299,140.641,136.25,132.109,128.205,124.524,121.054,117.782,114.699,111.794,109.056,106.478,104.052,101.769,99.6223,97.6057,95.7129,93.9382,92.2767,90.7232,89.2737,87.9239,86.6702,85.5093,84.438,83.4536,82.5538,81.7361,80.9988,80.3401,79.7586,79.2531,78.8226,78.4665,78.1843,77.9758,77.8409,77.78,77.7938,77.8829,78.0488,78.2927,78.6167,79.0231,79.5144,80.094,80.7654,81.533,82.4015,83.3765,84.4643,85.6719,87.0074,88.4795,90.0985,91.8754,93.823,95.9553,98.288,100.839,103.626,106.672,110,113.634,117.601,121.927,126.638,131.757,137.301,143.284,149.71,156.584,163.916,171.735,180.103,189.124,198.949,209.764,221.788,235.262,250.446,267.624,287.109,309.246,334.427,363.088,395.712,432.824,474.964,522.656,576.333,636.224,702.188,773.477,848.457,924.324,996.943,1060.98,1110.48,1140,1145.88,1127.34,1086.66,1028.55,958.868,883.35,806.775,732.606,663.031,599.204,541.536,489.959,444.12,403.53,367.645,335.926,307.865,283.002,260.927,241.278,
 ,-7,568.591,621.499,677.86,736.45,795.326,851.747,902.259,943.022,970.388,981.631,975.59,952.97,916.147,868.59,814.127,756.322,698.083,641.54,588.086,538.512,493.161,452.072,415.09,381.95,352.334,325.905,302.334,281.31,262.549,245.795,230.822,217.428,205.439,194.699,185.074,176.439,168.685,161.706,155.4,149.669,144.412,139.535,134.951,130.592,126.411,122.386,118.517,114.818,111.308,108.005,104.921,102.061,99.4246,97.0059,94.796,92.7841,90.9586,89.3081,87.8214,86.4883,85.2995,84.2464,83.3216,82.5185,81.8312,81.2549,80.7855,80.4191,80.153,79.9851,79.9134,79.9371,80.0553,80.2681,80.576,80.98,81.4818,82.0834,82.7877,83.5979,84.5183,85.5534,86.7087,87.99,89.4039,90.9568,92.6556,94.5062,96.5135,98.6798,101.004,103.48,106.095,108.831,111.665,114.572,117.532,120.537,123.595,126.731,129.989,133.422,137.088,141.047,145.353,150.057,155.209,160.856,167.048,173.837,181.282,189.445,198.402,208.237,219.045,230.938,244.043,258.506,274.495,292.201,311.841,333.663,357.941,384.983,415.119,448.699,486.073,527.564,573.424,623.761,678.447,736.983,798.344,860.825,921.928,978.385,1026.38,1062.07,1082.27,1085.15,1070.75,1040.92,998.849,948.367,893.216,836.582,780.867,727.685,677.979,632.18,590.367,552.392,517.983,486.809,458.522,432.787,409.294,387.768,367.967,349.683,332.74,316.987,302.299,288.569,275.708,263.64,252.3,241.632,231.587,222.123,213.201,204.787,196.849,189.36,182.292,175.622,169.325,163.382,157.771,152.474,147.474,142.753,138.295,134.087,130.115,126.365,122.825,119.484,116.331,113.356,110.55,107.904,105.411,103.061,100.849,98.7684,96.8122,94.9752,93.2521,91.6381,90.1287,88.7199,87.408,86.1895,85.0612,84.0202,83.0641,82.1905,81.3974,80.6829,80.0456,79.484,78.997,78.5838,78.2437,77.9762,77.7814,77.659,77.6094,77.6332,77.7313,77.9048,78.155,78.4838,78.8935,79.3866,79.9661,80.6356,81.3992,82.2617,83.2282,84.3048,85.4983,86.8163,88.2672,89.8605,91.6067,93.5175,95.6059,97.886,100.374,103.086,106.041,109.259,112.761,116.569,120.704,125.188,130.04,135.278,140.917,146.969,153.451,160.387,167.816,175.8,184.433,193.834,204.156,215.573,228.278,242.486,258.427,276.354,296.541,319.287,344.915,373.766,406.183,442.494,482.967,527.752,576.793,629.705,685.634,743.1,799.872,852.961,898.781,933.568,954.018,957.988,945.014,916.437,875.054,824.483,768.459,710.304,652.632,597.285,545.411,497.609,454.081,414.768,379.447,347.817,319.535,294.258,271.656,251.424,233.284,
 ,-8,518.505,561.415,606.236,651.888,696.827,739.039,776.148,805.643,825.235,833.263,829.027,812.949,786.467,751.74,711.243,667.395,622.302,577.622,534.549,493.86,455.995,421.148,389.332,360.448,334.331,310.774,289.56,270.472,253.302,237.855,223.955,211.441,200.168,190.008,180.844,172.571,165.091,158.312,152.149,146.516,141.334,136.527,132.028,127.784,123.753,119.915,116.257,112.783,109.497,106.407,103.518,100.832,98.3468,96.058,93.9583,92.0397,90.2927,88.7081,87.2769,85.9904,84.8405,83.8202,82.9227,82.1422,81.4735,80.9122,80.4546,80.0972,79.8374,79.6733,79.6031,79.6257,79.7406,79.9476,80.2472,80.6403,81.128,81.7123,82.3956,83.1807,84.071,85.0704,86.1832,87.4144,88.7685,90.2511,91.8669,93.6203,95.5142,97.55,99.7263,102.039,104.479,107.036,109.697,112.448,115.282,118.197,121.203,124.322,127.585,131.033,134.711,138.665,142.94,147.582,152.635,158.142,164.151,170.71,177.872,185.697,194.249,203.605,213.848,225.074,237.391,250.922,265.805,282.195,300.266,320.206,342.224,366.542,393.387,422.986,455.545,491.222,530.09,572.084,616.929,664.058,712.524,760.923,807.374,849.572,884.982,911.15,926.109,928.765,919.125,898.294,868.232,831.365,790.183,746.93,703.421,660.99,620.526,582.54,547.266,514.738,484.865,457.477,432.37,409.327,388.134,368.592,350.523,333.765,318.178,303.642,290.052,277.32,265.368,254.132,243.556,233.589,224.188,215.316,206.939,199.026,191.549,184.483,177.804,171.491,165.522,159.879,154.543,149.499,144.73,140.222,135.96,131.93,128.122,124.522,121.12,117.906,114.869,112.001,109.294,106.739,104.328,102.056,99.915,97.8993,96.0035,94.2222,92.5507,90.9844,89.5194,88.1516,86.8778,85.6947,84.5993,83.589,82.6616,81.8146,81.0464,80.3552,79.7396,79.1983,78.7303,78.3347,78.011,77.7588,77.578,77.4684,77.4305,77.4647,77.5719,77.7531,78.0097,78.3433,78.7562,79.2508,79.8299,80.4971,81.2561,82.1118,83.0688,84.1332,85.3114,86.6106,88.0389,89.6053,91.3195,93.1926,95.2364,97.4638,99.8891,102.527,105.395,108.509,111.888,115.549,119.512,123.794,128.414,133.386,138.728,144.457,150.593,157.166,164.217,171.806,180.011,188.934,198.696,209.44,221.321,234.512,249.199,265.581,283.869,304.287,327.063,352.427,380.589,411.723,445.928,483.182,523.279,565.746,609.762,654.081,696.987,736.338,769.708,794.67,809.164,811.888,802.561,781.994,751.904,714.581,672.487,627.928,582.841,538.701,496.534,456.973,420.346,386.758,356.161,328.416,303.327,280.675,260.234,241.785,225.121,
 ,-9,473.615,508.511,544.333,580.178,614.848,646.876,674.613,696.391,710.737,716.604,713.559,701.86,682.41,656.587,626.024,592.381,557.175,521.673,486.851,453.408,421.799,392.282,364.968,339.864,316.905,295.982,276.96,259.697,244.043,229.856,217.003,205.356,194.799,185.227,176.543,168.655,161.482,154.944,148.968,143.485,138.427,133.733,129.351,125.235,121.352,117.678,114.199,110.91,107.809,104.896,102.171,99.6342,97.2815,95.1085,93.1095,91.2773,89.6044,88.0831,86.7058,85.4651,84.354,83.3664,82.4965,81.7391,81.0896,80.5438,80.0985,79.7505,79.4975,79.3375,79.269,79.2908,79.4025,79.604,79.8953,80.2774,80.7512,81.3184,81.981,82.7412,83.6021,84.5667,85.6389,86.8222,88.1207,89.5384,91.0789,92.7455,94.5403,96.4646,98.5171,100.695,102.995,105.408,107.93,110.555,113.279,116.108,119.051,122.126,125.359,128.782,132.429,136.338,140.549,145.098,150.027,155.375,161.184,167.498,174.367,181.842,189.983,198.854,208.529,219.09,230.626,243.239,257.042,272.157,288.717,306.868,326.76,348.546,372.376,398.384,426.674,457.295,490.211,525.263,562.123,600.238,638.792,676.669,712.465,744.554,771.224,790.873,802.254,804.679,798.145,783.336,761.487,734.171,703.064,669.749,635.578,601.616,568.635,537.143,507.437,479.648,453.797,429.822,407.622,387.066,368.017,350.338,333.9,318.582,304.278,290.892,278.34,266.549,255.456,245.004,235.147,225.84,217.047,208.734,200.872,193.433,186.392,179.727,173.418,167.444,161.788,156.433,151.362,146.561,142.016,137.713,133.639,129.783,126.134,122.681,119.414,116.324,113.402,110.639,108.029,105.563,103.235,101.039,98.9681,97.0174,95.1817,93.456,91.836,90.3175,88.8968,87.5702,86.3346,85.1871,84.125,83.1457,82.2471,81.4272,80.6842,80.0167,79.4231,78.9026,78.454,78.0766,77.7697,77.5333,77.3669,77.2706,77.2448,77.2898,77.4065,77.5957,77.8588,78.1976,78.6137,79.1096,79.6882,80.3526,81.1067,81.9547,82.9015,83.9529,85.1148,86.3943,87.7991,89.3376,91.0191,92.8539,94.8532,97.0285,99.393,101.96,104.745,107.762,111.026,114.555,118.363,122.466,126.88,131.62,136.702,142.143,147.966,154.2,160.884,168.07,175.827,184.238,193.404,203.438,214.468,226.631,240.074,254.952,271.425,289.652,309.79,331.984,356.348,382.952,411.788,442.741,475.536,509.701,544.507,578.945,611.716,641.288,666.002,684.26,694.744,696.635,689.76,674.623,652.311,624.305,592.255,557.773,522.278,486.924,452.574,419.822,389.034,360.397,333.968,309.714,287.541,267.322,248.911,232.157,216.911,
 ,-10,433.654,462.151,490.96,519.347,546.395,571.033,592.108,608.491,619.208,623.585,621.343,612.647,598.079,578.544,555.139,529.018,501.277,472.875,444.593,417.027,390.601,365.594,342.162,320.374,300.231,281.691,264.681,249.112,234.884,221.896,210.048,199.243,189.391,180.406,172.207,164.72,157.874,151.604,145.848,140.546,135.645,131.093,126.847,122.87,119.131,115.609,112.289,109.159,106.216,103.454,100.871,98.464,96.2285,94.1599,92.2528,90.5009,88.8978,87.4368,86.1115,84.9155,83.8427,82.8877,82.0455,81.3114,80.6813,80.1514,79.7188,79.3806,79.1347,78.9791,78.9124,78.9338,79.0426,79.2386,79.5219,79.8931,80.3532,80.9036,81.5457,82.2818,83.1141,84.0454,85.0785,86.2168,87.4633,88.8212,90.2934,91.8825,93.5904,95.418,97.3651,99.4307,101.612,103.908,106.314,108.829,111.456,114.2,117.071,120.086,123.265,126.633,130.221,134.058,138.177,142.612,147.397,152.569,158.165,164.225,170.792,177.913,185.639,194.027,203.139,213.042,223.814,235.534,248.294,262.188,277.317,293.788,311.704,331.169,352.271,375.079,399.626,425.894,453.786,483.101,513.507,544.509,575.425,605.385,633.346,658.151,678.625,693.702,702.565,704.767,700.303,689.606,673.475,652.952,629.182,603.286,576.268,548.961,522.009,495.873,470.861,447.15,424.822,403.887,384.31,366.027,348.954,333.004,318.089,304.121,291.022,278.718,267.143,256.239,245.954,236.242,227.062,218.378,210.157,202.372,194.996,188.005,181.378,175.094,169.136,163.487,158.129,153.049,148.232,143.665,139.334,135.229,131.338,127.651,124.157,120.846,117.711,114.742,111.932,109.273,106.758,104.38,102.134,100.012,98.0112,96.125,94.3489,92.6785,91.1098,89.6389,88.2625,86.9771,85.7799,84.6682,83.6394,82.6913,81.8219,81.0293,80.3119,79.6684,79.0974,78.598,78.1692,77.8104,77.521,77.3008,77.1495,77.0671,77.0539,77.1103,77.2369,77.4347,77.7048,78.0489,78.4684,78.9658,79.5438,80.2052,80.9539,81.794,82.7301,83.7675,84.9124,86.1714,87.5519,89.062,90.7105,92.5071,94.4622,96.5868,98.8928,101.393,104.099,107.026,110.188,113.596,117.267,121.212,125.446,129.981,134.832,140.015,145.551,151.465,157.792,164.577,171.876,179.759,188.309,197.619,207.791,218.935,231.166,244.602,259.361,275.555,293.285,312.632,333.645,356.327,380.608,406.326,433.195,460.777,488.457,515.434,540.733,563.251,581.84,595.427,603.147,604.47,599.284,587.912,571.061,549.713,524.989,498.024,469.86,441.387,413.307,386.142,360.25,335.851,313.057,291.9,272.356,254.361,237.83,222.665,208.761,
 ,-11,398.237,421.63,444.962,467.647,488.986,508.194,524.453,536.988,545.141,548.464,546.775,540.182,529.071,514.05,495.871,475.348,453.276,430.381,407.278,384.465,362.315,341.097,320.984,302.079,284.423,268.017,252.832,238.819,225.916,214.053,203.16,193.164,183.995,175.586,167.871,160.79,154.284,148.298,142.781,137.682,132.958,128.566,124.469,120.636,117.041,113.663,110.486,107.5,104.695,102.067,99.6087,97.3171,95.1869,93.2131,91.3905,89.7133,88.1759,86.7724,85.4971,84.3444,83.3092,82.3865,81.5718,80.861,80.2504,79.7368,79.3171,78.9889,78.7503,78.5994,78.535,78.5561,78.6621,78.8528,79.1282,79.489,79.9357,80.4695,81.0918,81.8044,82.6091,83.5084,84.5046,85.6004,86.7983,88.101,89.5111,91.0306,92.6612,94.4041,96.26,98.2287,100.31,102.503,104.808,107.227,109.763,112.423,115.217,118.159,121.268,124.564,128.071,131.815,135.824,140.127,144.755,149.739,155.113,160.912,167.173,173.938,181.252,189.162,197.72,206.983,217.013,227.875,239.638,252.376,266.163,281.072,297.174,314.531,333.188,353.17,374.465,397.011,420.684,445.275,470.472,495.849,520.851,544.803,566.931,586.402,602.398,614.191,621.235,623.23,620.169,612.333,600.252,584.629,566.259,545.943,524.425,502.35,480.243,458.506,437.426,417.196,397.926,379.671,362.44,346.211,330.943,316.585,303.081,290.37,278.396,267.105,256.447,246.376,236.851,227.834,219.292,211.194,203.514,196.227,189.31,182.743,176.507,170.585,164.961,159.62,154.548,149.73,145.156,140.813,136.69,132.776,129.061,125.537,122.193,119.021,116.014,113.164,110.463,107.905,105.484,103.192,101.026,98.9791,97.0466,95.2241,93.507,91.8916,90.3739,88.9504,87.6181,86.3739,85.2151,84.1392,83.1439,82.2271,81.3871,80.6221,79.9306,79.3115,78.7635,78.2857,77.8772,77.5376,77.2662,77.0628,76.9272,76.8594,76.8596,76.9281,77.0654,77.2724,77.5502,77.9,78.3234,78.8226,79.4001,80.0586,80.8017,81.6334,82.5582,83.5813,84.7085,85.9463,87.302,88.7832,90.3986,92.1574,94.0693,96.145,98.3954,100.832,103.467,106.312,109.381,112.683,116.233,120.04,124.117,128.474,133.122,138.074,143.347,148.961,154.944,161.332,168.173,175.524,183.453,192.036,201.357,211.505,222.569,234.638,247.797,262.122,277.672,294.486,312.568,331.879,352.318,373.709,395.777,418.138,440.286,461.592,481.324,498.684,512.866,523.134,528.908,529.834,525.839,517.134,504.191,487.674,468.358,447.051,424.519,401.442,378.384,355.789,333.981,313.183,293.532,275.096,257.896,241.912,227.103,213.408,200.762,
 ,-12,366.932,386.25,405.289,423.585,440.605,455.77,468.495,478.234,484.537,487.099,485.796,480.704,472.083,460.353,446.04,429.723,411.987,393.38,374.387,355.412,336.779,318.731,301.441,285.025,269.547,255.036,241.492,228.894,217.209,206.393,196.397,187.168,178.655,170.804,163.565,156.887,150.725,145.031,139.764,134.881,130.347,126.125,122.185,118.5,115.047,111.807,108.765,105.909,103.231,100.722,98.3767,96.1895,94.1551,92.2681,90.5237,88.9164,87.441,86.0922,84.8649,83.7544,82.7558,81.8648,81.0774,80.3898,79.7988,79.3014,78.8948,78.5769,78.3458,78.1999,78.1379,78.1589,78.2624,78.4481,78.7159,79.0663,79.5,80.0178,80.6209,81.3107,82.089,82.9577,83.9189,84.9747,86.1274,87.3792,88.7322,90.1886,91.75,93.4177,95.1928,97.0762,99.0689,101.172,103.387,105.717,108.166,110.743,113.456,116.318,119.345,122.555,125.967,129.604,133.49,137.65,142.11,146.898,152.043,157.577,163.533,169.945,176.851,184.292,192.312,200.956,210.274,220.318,231.139,242.792,255.33,268.802,283.251,298.71,315.195,332.698,351.18,370.56,390.703,411.406,432.395,453.308,473.701,493.051,510.779,526.283,538.98,548.366,554.064,555.869,553.773,547.962,538.795,526.757,512.405,496.319,479.052,461.102,442.891,424.756,406.958,389.682,373.052,357.143,341.991,327.605,313.973,301.07,288.862,277.314,266.386,256.04,246.238,236.948,228.135,219.771,211.829,204.283,197.112,190.294,183.811,177.645,171.78,166.201,160.895,155.847,151.046,146.48,142.138,138.01,134.086,130.356,126.811,123.444,120.246,117.209,114.327,111.592,108.998,106.539,104.209,102.003,99.9149,97.941,96.0763,94.3167,92.6581,91.097,89.6299,88.2536,86.9652,85.7619,84.6414,83.6013,82.6396,81.7543,80.9438,80.2066,79.5414,78.947,78.4223,77.9666,77.5792,77.2593,77.0067,76.8209,76.7018,76.6494,76.6639,76.7453,76.8944,77.1115,77.3977,77.754,78.1821,78.6836,79.2609,79.9167,80.6542,81.4773,82.3904,83.3986,84.5076,85.7237,87.054,88.5061,90.0884,91.8098,93.6799,95.7088,97.9069,100.285,102.855,105.627,108.614,111.825,115.271,118.961,122.905,127.11,131.582,136.332,141.368,146.704,152.36,158.363,164.752,171.573,178.883,186.745,195.231,204.413,214.36,225.143,236.819,249.437,263.028,277.601,293.132,309.56,326.77,344.589,362.767,380.978,398.809,415.771,431.313,444.85,455.808,463.675,468.051,468.696,465.559,458.782,448.686,435.728,420.455,403.445,385.267,366.44,347.411,328.548,310.135,292.382,275.431,259.37,244.243,230.062,216.813,204.468,192.986,
 ,-13,339.303,355.359,371.017,385.91,399.631,411.749,421.839,429.513,434.455,436.454,435.425,431.421,424.623,415.327,403.906,390.782,376.386,361.136,345.411,329.54,313.796,298.392,283.493,269.214,255.632,242.792,230.712,219.392,208.819,198.967,189.805,181.298,173.406,166.091,159.313,153.032,147.21,141.81,136.797,132.137,127.798,123.752,119.973,116.437,113.125,110.019,107.105,104.371,101.81,99.4109,97.1688,95.0775,93.1312,91.3249,89.6533,88.1117,86.695,85.3984,84.2174,83.1474,82.1846,81.3246,80.5641,79.8995,79.328,78.8468,78.4535,78.1461,77.9226,77.7818,77.7224,77.7436,77.8447,78.0257,78.2862,78.6268,79.0478,79.5501,80.1346,80.8026,81.5556,82.3951,83.323,84.341,85.4515,86.656,87.9567,89.3553,90.8537,92.4534,94.156,95.963,97.876,99.897,102.029,104.275,106.642,109.136,111.765,114.542,117.48,120.594,123.902,127.422,131.175,135.183,139.469,144.057,148.971,154.24,159.891,165.955,172.464,179.45,186.95,195,203.641,212.91,222.846,233.49,244.876,257.035,269.989,283.75,298.314,313.654,329.715,346.407,363.598,381.103,398.682,416.036,432.81,448.599,462.969,475.475,485.7,493.285,497.966,499.599,498.174,493.819,486.781,477.398,466.07,453.219,439.258,424.572,409.498,394.316,379.251,364.475,350.111,336.245,322.926,310.183,298.023,286.439,275.419,264.94,254.978,245.509,236.505,227.943,219.797,212.045,204.666,197.639,190.946,184.571,178.497,172.71,167.196,161.942,156.937,152.169,147.627,143.301,139.181,135.259,131.526,127.973,124.592,121.377,118.32,115.413,112.652,110.029,107.539,105.177,102.936,100.813,98.8027,96.9005,95.1024,93.4047,91.8039,90.2965,88.8794,87.5498,86.305,85.1425,84.0601,83.0558,82.1276,81.2739,80.4931,79.784,79.1453,78.576,78.0751,77.6421,77.2761,76.9768,76.7437,76.5764,76.4749,76.439,76.4689,76.5646,76.7264,76.9549,77.2507,77.6147,78.0482,78.5528,79.1306,79.7839,80.516,81.3304,82.2316,83.2244,84.3145,85.5084,86.8128,88.2356,89.7849,91.4696,93.2992,95.2836,97.4329,99.7579,102.269,104.978,107.895,111.029,114.39,117.986,121.823,125.904,130.233,134.811,139.641,144.726,150.077,155.712,161.659,167.956,174.651,181.803,189.472,197.72,206.604,216.179,226.485,237.551,249.389,261.987,275.306,289.273,303.773,318.642,333.663,348.561,363.004,376.61,388.961,399.627,408.192,414.293,417.648,418.091,415.584,410.226,402.239,391.944,379.73,366.018,351.231,335.767,319.978,304.166,288.573,273.388,258.748,244.747,231.443,218.866,207.023,195.904,185.491,
 ,-14,314.935,328.372,341.352,353.586,364.762,374.555,382.654,388.777,392.701,394.275,393.441,390.237,384.792,377.319,368.088,357.408,345.604,332.995,319.878,306.521,293.148,279.948,267.068,254.618,242.679,231.303,220.522,210.348,200.782,191.812,183.421,175.586,168.28,161.474,155.137,149.24,143.751,138.642,133.882,129.446,125.306,121.438,117.82,114.433,111.259,108.283,105.492,102.875,100.422,98.1263,95.9803,93.9781,92.1141,90.3831,88.7801,87.3003,85.9393,84.6927,83.556,82.5255,81.5973,80.7678,80.0336,79.3918,78.8397,78.3747,77.9946,77.6977,77.482,77.3465,77.2898,77.3113,77.4105,77.5869,77.8404,78.1715,78.5803,79.0677,79.6343,80.2814,81.0101,81.8218,82.7181,83.7008,84.7714,85.9319,87.184,88.5295,89.9701,91.5077,93.1439,94.8809,96.7208,98.6661,100.72,102.887,105.173,107.584,110.128,112.817,115.661,118.674,121.87,125.267,128.882,132.734,136.841,141.226,145.91,150.916,156.268,161.992,168.114,174.661,181.663,189.148,197.147,205.689,214.802,224.512,234.841,245.806,257.415,269.666,282.538,295.996,309.978,324.393,339.115,353.982,368.788,383.288,397.199,410.206,421.979,432.19,440.532,446.746,450.644,452.12,451.167,447.874,442.411,435.021,425.993,415.637,404.265,392.175,379.634,366.872,354.083,341.418,328.995,316.9,305.19,293.904,283.062,272.671,262.73,253.23,244.158,235.499,227.235,219.351,211.827,204.647,197.795,191.255,185.013,179.054,173.366,167.937,162.755,157.809,153.09,148.587,144.291,140.194,136.287,132.562,129.012,125.629,122.406,119.338,116.416,113.636,110.992,108.479,106.09,103.821,101.668,99.6263,97.6914,95.8594,94.1269,92.4901,90.946,89.4916,88.124,86.8406,85.639,84.517,83.4725,82.5038,81.6091,80.787,80.0361,79.3552,78.7432,78.1994,77.7229,77.3131,76.9693,76.6913,76.4786,76.331,76.2481,76.2301,76.2768,76.3882,76.5645,76.8059,77.1128,77.486,77.9263,78.4352,79.0143,79.6658,80.3927,81.1985,82.0874,83.0644,84.135,85.3058,86.5838,87.9767,89.493,91.1416,92.932,94.8741,96.9783,99.2553,101.716,104.371,107.23,110.304,113.6,117.126,120.884,124.876,129.098,133.544,138.205,143.075,148.151,153.438,158.956,164.735,170.822,177.269,184.136,191.478,199.349,207.79,216.832,226.489,236.76,247.62,259.023,270.891,283.114,295.544,307.994,320.234,331.999,342.989,352.886,361.368,368.132,372.913,375.511,375.807,373.774,369.48,363.081,354.805,344.935,333.78,321.656,308.868,295.696,282.382,269.132,256.11,243.443,231.223,219.515,208.357,197.771,187.761,178.321,
 ,-15,293.447,304.773,315.621,325.762,334.955,342.955,349.528,354.47,357.618,358.864,358.169,355.559,351.131,345.038,337.481,328.689,318.91,308.39,297.362,286.043,274.621,263.255,252.076,241.187,230.667,220.57,210.935,201.782,193.123,184.955,177.271,170.058,163.299,156.971,151.055,145.525,140.359,135.533,131.024,126.808,122.865,119.175,115.718,112.478,109.44,106.591,103.918,101.411,99.0622,96.8633,94.8077,92.8892,91.1025,89.4423,87.9041,86.4832,85.1754,83.9765,82.8827,81.8903,80.9957,80.1958,79.4876,78.8682,78.3353,77.8864,77.5195,77.2331,77.0253,76.8951,76.8415,76.8636,76.9608,77.133,77.38,77.7019,78.0991,78.572,79.1215,79.7484,80.4539,81.2391,82.1056,83.0547,84.0879,85.207,86.4137,87.7098,89.0968,90.5769,92.1518,93.824,95.5956,97.4699,99.4503,101.541,103.748,106.077,108.535,111.133,113.88,116.788,119.87,123.14,126.613,130.306,134.234,138.417,142.872,147.619,152.679,158.073,163.822,169.949,176.476,183.427,190.823,198.685,207.034,215.885,225.251,235.137,245.541,256.451,267.84,279.665,291.863,304.346,317.002,329.687,342.229,354.427,366.054,376.865,386.609,395.036,401.922,407.076,410.359,411.695,411.077,408.566,404.284,398.407,391.146,382.731,373.401,363.386,352.898,342.126,331.232,320.349,309.585,299.022,288.72,278.721,269.054,259.735,250.772,242.164,233.908,225.995,218.416,211.16,204.216,197.57,191.211,185.127,179.307,173.74,168.416,163.324,158.456,153.802,149.354,145.103,141.042,137.162,133.458,129.922,126.547,123.327,120.256,117.329,114.539,111.881,109.35,106.942,104.652,102.475,100.407,98.444,96.5829,94.8198,93.1514,91.5744,90.0862,88.6839,87.3651,86.1273,84.9684,83.8864,82.8797,81.9464,81.0851,80.2946,79.5736,78.9211,78.3363,77.8183,77.3666,76.9806,76.66,76.4041,76.213,76.0862,76.0235,76.0249,76.0902,76.2192,76.4119,76.6682,76.9884,77.3727,77.8217,78.3364,78.9181,79.5687,80.2909,81.0882,81.9645,82.9249,83.9752,85.122,86.3726,87.735,89.2178,90.8305,92.5827,94.4848,96.5473,98.7815,101.198,103.809,106.625,109.655,112.909,116.392,120.106,124.047,128.207,132.569,137.113,141.814,146.652,151.619,156.722,161.988,167.463,173.205,179.276,185.735,192.633,200.006,207.878,216.254,225.124,234.455,244.197,254.272,264.579,274.986,285.333,295.429,305.062,313.995,321.984,328.787,334.176,337.959,339.988,340.178,338.507,335.023,329.837,323.116,315.063,305.91,295.895,285.252,274.203,262.942,251.642,240.442,229.457,218.774,208.457,198.55,189.083,180.068,171.51,
 ,-16,274.498,284.114,293.255,301.736,309.371,315.972,321.363,325.392,327.94,328.928,328.33,326.166,322.507,317.469,311.202,303.881,295.693,286.833,277.485,267.824,258.006,248.166,238.42,228.86,219.561,210.577,201.948,193.703,185.855,178.412,171.373,164.733,158.48,152.6,147.08,141.9,137.043,132.491,128.224,124.225,120.475,116.959,113.661,110.565,107.66,104.934,102.375,99.9747,97.7248,95.6182,93.6482,91.8091,90.0956,88.5027,87.0261,85.6613,84.4043,83.2512,82.1987,81.2431,80.3814,79.6104,78.9276,78.3302,77.8162,77.3832,77.0296,76.7536,76.5538,76.4292,76.3786,76.4015,76.4972,76.6654,76.906,77.2192,77.605,78.0642,78.5972,79.2049,79.8882,80.6482,81.4862,82.4034,83.4014,84.4816,85.6457,86.8954,88.2323,89.6584,91.1761,92.7873,94.4948,96.3017,98.2114,100.228,102.358,104.605,106.978,109.484,112.133,114.935,117.9,121.041,124.371,127.904,131.654,135.637,139.867,144.362,149.139,154.215,159.607,165.333,171.411,177.858,184.689,191.921,199.565,207.63,216.12,225.034,234.363,244.087,254.176,264.586,275.253,286.098,297.02,307.895,318.579,328.907,338.698,347.76,355.898,362.925,368.669,372.99,375.784,376.994,376.614,374.687,371.301,366.584,360.693,353.803,346.094,337.746,328.928,319.796,310.483,301.106,291.759,282.518,273.444,264.58,255.958,247.6,239.519,231.722,224.21,216.983,210.035,203.361,196.953,190.804,184.906,179.249,173.825,168.626,163.644,158.87,154.298,149.92,145.729,141.717,137.878,134.207,130.696,127.34,124.133,121.069,118.144,115.352,112.689,110.149,107.728,105.422,103.227,101.139,99.1536,97.2682,95.4791,93.7833,92.1776,90.6593,89.2259,87.8749,86.604,85.4112,84.2945,83.2522,82.2827,81.3847,80.5567,79.7977,79.1067,78.4828,77.9253,77.4336,77.0073,76.6459,76.349,76.1165,75.9481,75.8437,75.8029,75.8256,75.9117,76.0607,76.2723,76.5463,76.8824,77.2804,77.7405,78.2631,78.8492,79.5002,80.2185,81.0072,81.8706,82.8136,83.8424,84.9637,86.1854,87.516,88.9646,90.5411,92.2558,94.1195,96.1435,98.3397,100.72,103.297,106.083,109.088,112.322,115.793,119.5,123.439,127.593,131.935,136.425,141.019,145.672,150.353,155.055,159.805,164.654,169.675,174.943,180.527,186.481,192.841,199.625,206.833,214.446,222.429,230.728,239.27,247.959,256.681,265.299,273.656,281.578,288.88,295.372,300.868,305.197,308.215,309.813,309.926,308.538,305.682,301.438,295.928,289.302,281.733,273.403,264.492,255.174,245.607,235.933,226.27,216.719,207.36,198.254,189.447,180.97,172.845,165.082,
 ,-17,257.782,266.011,273.777,280.933,287.333,292.831,297.295,300.609,302.685,303.467,302.934,301.105,298.033,293.808,288.542,282.371,275.442,267.906,259.913,251.603,243.106,234.538,225.997,217.567,209.316,201.297,193.551,186.107,178.983,172.192,165.739,159.622,153.836,148.373,143.223,138.374,133.811,129.52,125.487,121.697,118.136,114.79,111.646,108.692,105.916,103.308,100.86,98.5619,96.407,94.3884,92.5002,90.7368,89.0929,87.5642,86.1463,84.8352,83.6269,82.5181,81.5053,80.5855,79.7556,79.0129,78.3549,77.7792,77.2837,76.8666,76.5259,76.2604,76.0687,75.9496,75.9023,75.926,76.0204,76.1849,76.4196,76.7244,77.0996,77.5455,78.0628,78.652,79.3141,80.05,80.8609,81.7478,82.7124,83.7557,84.8797,86.0856,87.3754,88.751,90.2143,91.7679,93.4143,95.1567,96.9984,98.9437,100.997,103.165,105.452,107.867,110.417,113.111,115.96,118.972,122.159,125.534,129.108,132.894,136.906,141.157,145.66,150.431,155.482,160.828,166.483,172.458,178.764,185.413,192.408,199.756,207.453,215.494,223.865,232.542,241.495,250.677,260.031,269.484,278.947,288.314,297.465,306.265,314.569,322.225,329.081,334.993,339.832,343.489,345.889,346.986,346.776,345.288,342.588,338.77,333.953,328.267,321.855,314.855,307.403,299.626,291.635,283.529,275.393,267.294,259.29,251.424,243.729,236.229,228.942,221.879,215.045,208.445,202.078,195.941,190.031,184.344,178.873,173.615,168.562,163.708,159.047,154.573,150.281,146.163,142.214,138.429,134.802,131.328,128.002,124.818,121.771,118.857,116.072,113.411,110.869,108.442,106.127,103.92,101.818,99.8156,97.9109,96.1007,94.3818,92.7515,91.2072,89.7463,88.3665,87.0658,85.842,84.6935,83.6184,82.6153,81.6828,80.8196,80.0247,79.2971,78.6361,78.0409,77.511,77.0461,76.6457,76.3096,76.0376,75.8296,75.6855,75.6051,75.5883,75.6347,75.7442,75.9161,76.1499,76.4449,76.8004,77.2157,77.6901,78.2236,78.8164,79.4695,80.1848,80.9654,81.8152,82.7396,83.7449,84.8387,86.0294,87.3261,88.7388,90.2781,91.9551,93.7815,95.7695,97.9321,100.283,102.835,105.604,108.602,111.842,115.333,119.077,123.068,127.285,131.687,136.213,140.785,145.322,149.76,154.074,158.29,162.48,166.743,171.181,175.881,180.906,186.295,192.061,198.198,204.682,211.472,218.515,225.738,233.057,240.37,247.559,254.495,261.036,267.033,272.339,276.808,280.311,282.738,284.005,284.065,282.902,280.54,277.039,272.486,266.994,260.693,253.72,246.218,238.322,230.159,221.845,213.482,205.156,196.936,188.882,181.037,173.436,166.102,159.05,
 ,-18,243.036,250.132,256.785,262.877,268.29,272.913,276.641,279.388,281.088,281.699,281.208,279.63,277.008,273.41,268.926,263.661,257.731,251.256,244.357,237.15,229.743,222.233,214.706,207.235,199.883,192.699,185.723,178.985,172.505,166.299,160.373,154.733,149.376,144.298,139.493,134.953,130.667,126.625,122.816,119.227,115.848,112.666,109.672,106.854,104.204,101.712,99.3697,97.1702,95.1066,93.1725,91.3626,89.6714,88.0943,86.627,85.2654,84.0057,82.8444,81.7782,80.8039,79.9186,79.1197,78.4045,77.7709,77.2163,76.7392,76.3376,76.01,75.7549,75.5711,75.4577,75.4137,75.4386,75.5317,75.6929,75.9219,76.2188,76.5837,77.017,77.5192,78.0907,78.7325,79.4454,80.2305,81.0887,82.0214,83.0298,84.1156,85.2801,86.5252,87.8526,89.2645,90.7632,92.3512,94.0316,95.8076,97.6833,99.6628,101.751,103.954,106.278,108.73,111.318,114.05,116.935,119.981,123.201,126.602,130.197,133.997,138.012,142.253,146.733,151.461,156.449,161.705,167.24,173.06,179.17,185.572,192.267,199.248,206.507,214.025,221.78,229.737,237.856,246.082,254.35,262.581,270.688,278.568,286.112,293.201,299.717,305.538,310.555,314.666,317.79,319.866,320.862,320.772,319.618,317.449,314.335,310.364,305.64,300.271,294.367,288.037,281.383,274.5,267.471,260.369,253.256,246.184,239.194,232.319,225.584,219.011,212.61,206.393,200.365,194.53,188.887,183.437,178.178,173.107,168.22,163.513,158.982,154.623,150.431,146.401,142.529,138.811,135.241,131.814,128.528,125.377,122.357,119.463,116.693,114.042,111.505,109.08,106.763,104.551,102.439,100.426,98.507,96.6803,94.9431,93.2925,91.726,90.2415,88.8366,87.5094,86.2579,85.0804,83.9753,82.9412,81.9767,81.0806,80.252,79.49,78.7937,78.1627,77.5964,77.0944,76.6566,76.2827,75.9728,75.7267,75.5446,75.4264,75.3721,75.3815,75.4546,75.5907,75.7893,76.0494,76.3699,76.7493,77.1864,77.6796,78.2279,78.8307,79.4882,80.2019,80.9744,81.8098,82.7138,83.6931,84.7563,85.9127,87.1723,88.5464,90.0464,91.6846,93.4737,95.4272,97.5596,99.886,102.423,105.186,108.195,111.465,115.01,118.838,122.944,127.305,131.867,136.542,141.208,145.726,149.98,153.914,157.56,161.027,164.465,168.02,171.808,175.907,180.355,185.162,190.312,195.775,201.507,207.451,213.539,219.692,225.82,231.822,237.589,243.006,247.952,252.309,255.965,258.818,260.783,261.797,261.821,260.842,258.878,255.971,252.184,247.605,242.328,236.462,230.114,223.393,216.401,209.231,201.969,194.688,187.451,180.31,173.307,166.476,159.843,153.426,
 ,-19,230.024,236.196,241.945,247.176,251.796,255.715,258.854,261.146,262.541,263.008,262.54,261.149,258.871,255.759,251.886,247.336,242.201,236.578,230.566,224.261,217.752,211.123,204.448,197.791,191.208,184.745,178.44,172.322,166.412,160.727,155.278,150.069,145.103,140.38,135.895,131.643,127.618,123.811,120.214,116.817,113.611,110.588,107.738,105.052,102.523,100.142,97.9029,95.7984,93.8224,91.9696,90.2347,88.6128,87.0997,85.6914,84.3839,83.1737,82.0576,81.0325,80.0954,79.2437,78.4748,77.7866,77.1765,76.6429,76.1838,75.7975,75.4827,75.2379,75.0622,74.9545,74.914,74.9401,75.0323,75.1903,75.414,75.7033,76.0585,76.4797,76.9674,77.5221,78.1445,78.8354,79.5958,80.4265,81.3288,82.304,83.3534,84.4786,85.681,86.9627,88.3254,89.7716,91.3036,92.9243,94.6367,96.4446,98.3518,100.363,102.483,104.718,107.073,109.556,112.173,114.932,117.841,120.908,124.142,127.552,131.147,134.936,138.927,143.131,147.553,152.204,157.089,162.214,167.583,173.198,179.059,185.161,191.498,198.056,204.818,211.758,218.846,226.042,233.297,240.553,247.742,254.79,261.611,268.115,274.206,279.789,284.769,289.058,292.579,295.267,297.077,297.983,297.978,297.079,295.323,292.763,289.468,285.515,280.991,275.982,270.578,264.859,258.907,252.791,246.575,240.313,234.051,227.83,221.68,215.628,209.693,203.891,198.232,192.726,187.377,182.189,177.163,172.3,167.598,163.057,158.673,154.445,150.368,146.441,142.659,139.019,135.517,132.15,128.914,125.806,122.822,119.958,117.211,114.577,112.054,109.638,107.325,105.113,102.999,100.98,99.0522,97.2143,95.4633,93.7968,92.2125,90.7082,89.2819,87.9317,86.6557,85.4523,84.3201,83.2577,82.2638,81.3373,80.4772,79.6828,78.9533,78.2882,77.6872,77.1498,76.676,76.2657,75.919,75.6361,75.4171,75.2623,75.1719,75.1461,75.1848,75.2878,75.4546,75.6844,75.976,76.3276,76.737,77.202,77.7198,78.2884,78.9057,79.571,80.2849,81.0496,81.8691,82.7498,83.6994,84.7274,85.8446,87.0625,88.3937,89.8509,91.4479,93.1985,95.1179,97.2221,99.5284,102.056,104.825,107.859,111.181,114.812,118.769,123.056,127.652,132.494,137.463,142.374,147.003,151.148,154.704,157.716,160.36,162.871,165.464,168.297,171.461,174.992,178.888,183.126,187.665,192.454,197.434,202.54,207.696,212.823,217.833,222.634,227.128,231.221,234.815,237.821,240.159,241.763,242.581,242.584,241.761,240.122,237.697,234.534,230.698,226.26,221.303,215.912,210.17,204.159,197.956,191.63,185.245,178.855,172.506,166.238,160.084,154.069,148.214,
 ,-20,218.545,223.958,228.97,233.503,237.48,240.831,243.493,245.414,246.558,246.901,246.44,245.186,243.169,240.435,237.04,233.054,228.552,223.614,218.322,212.753,206.986,201.09,195.13,189.163,183.237,177.396,171.674,166.098,160.692,155.472,150.448,145.63,141.021,136.622,132.432,128.448,124.666,121.08,117.682,114.468,111.428,108.556,105.845,103.286,100.873,98.5991,96.4586,94.4453,92.5539,90.779,89.1163,87.561,86.1095,84.7577,83.5023,82.3398,81.2674,80.282,79.381,78.5619,77.8223,77.1601,76.5733,76.06,75.6185,75.2474,74.9452,74.7107,74.543,74.441,74.4041,74.4316,74.523,74.6782,74.897,75.1792,75.525,75.9346,76.4085,76.947,77.5508,78.2207,78.9574,79.7619,80.6353,81.5787,82.5935,83.681,84.8428,86.0807,87.3964,88.7922,90.2702,91.8333,93.4842,95.2263,97.0632,98.9988,101.038,103.185,105.445,107.825,110.329,112.966,115.74,118.66,121.733,124.965,128.363,131.936,135.69,139.632,143.767,148.102,152.64,157.386,162.339,167.501,172.868,178.434,184.19,190.122,196.211,202.435,208.762,215.156,221.574,227.964,234.268,240.423,246.356,251.995,257.26,262.074,266.363,270.057,273.094,275.424,277.011,277.835,277.89,277.188,275.757,273.637,270.883,267.554,263.718,259.445,254.807,249.871,244.703,239.363,233.905,228.378,222.823,217.275,211.767,206.32,200.957,195.693,190.54,185.508,180.604,175.832,171.197,166.7,162.341,158.121,154.038,150.092,146.28,142.601,139.051,135.63,132.333,129.158,126.102,123.163,120.337,117.622,115.014,112.512,110.111,107.809,105.604,103.493,101.474,99.5432,97.6991,95.9392,94.2613,92.6633,91.1433,89.6993,88.3297,87.0326,85.8066,84.6503,83.5624,82.5417,81.5872,80.6981,79.8734,79.1127,78.4154,77.7814,77.2101,76.7017,76.2563,75.874,75.5551,75.3001,75.1095,74.9837,74.9233,74.9285,74.9998,75.1368,75.3392,75.606,75.9356,76.3255,76.7729,77.2739,77.8246,78.4208,79.0589,79.7365,80.4531,81.2101,82.0118,82.8651,83.7794,84.7656,85.8366,87.0059,88.2879,89.6971,91.2485,92.958,94.8419,96.9183,99.2068,101.73,104.512,107.582,110.972,114.715,118.84,123.368,128.288,133.537,138.963,144.305,149.213,153.345,156.517,158.8,160.483,161.935,163.472,165.3,167.519,170.155,173.191,176.585,180.285,184.233,188.366,192.618,196.919,201.196,205.372,209.368,213.103,216.497,219.472,221.956,223.884,225.203,225.873,225.868,225.179,223.811,221.785,219.138,215.916,212.174,207.974,203.382,198.462,193.281,187.899,182.374,176.758,171.099,165.437,159.809,154.247,148.775,143.417,
 ,-21,208.421,213.211,217.62,221.583,225.037,227.926,230.198,231.815,232.748,232.981,232.514,231.357,229.537,227.092,224.071,220.53,216.532,212.144,207.434,202.468,197.312,192.026,186.665,181.281,175.917,170.61,165.393,160.293,155.33,150.521,145.879,141.412,137.126,133.023,129.104,125.368,121.812,118.432,115.224,112.181,109.299,106.571,103.992,101.554,99.2527,97.082,95.0364,93.1109,91.3006,89.6007,88.0073,86.5162,85.1238,83.8266,82.6214,81.5049,80.4746,79.5277,78.6616,77.8741,77.1631,76.5263,75.9621,75.4688,75.0446,74.6883,74.3986,74.1744,74.0145,73.9183,73.885,73.9141,74.0051,74.1576,74.3717,74.6471,74.984,75.3826,75.8433,76.3663,76.9524,77.6021,78.3162,79.0957,79.9414,80.8545,81.8361,82.8877,84.0105,85.2063,86.4769,87.8242,89.2503,90.7578,92.3493,94.0275,95.796,97.6581,99.6179,101.679,103.847,106.127,108.522,111.039,113.684,116.462,119.378,122.439,125.651,129.019,132.548,136.243,140.109,144.148,148.364,152.759,157.33,162.077,166.994,172.075,177.309,182.682,188.175,193.766,199.427,205.124,210.818,216.466,222.016,227.413,232.6,237.513,242.09,246.267,249.985,253.186,255.823,257.856,259.255,260.005,260.101,259.551,258.377,256.61,254.292,251.47,248.199,244.534,240.533,236.254,231.748,227.069,222.262,217.37,212.43,207.474,202.531,197.623,192.771,187.99,183.294,178.693,174.194,169.805,165.528,161.368,157.327,153.404,149.602,145.919,142.354,138.908,135.577,132.36,129.256,126.263,123.378,120.599,117.923,115.349,112.874,110.496,108.213,106.021,103.919,101.905,99.9767,98.1314,96.3674,94.6827,93.0755,91.5438,90.0861,88.7006,87.3859,86.1405,84.9632,83.8527,82.8081,81.8282,80.9123,80.0597,79.2699,78.5424,77.877,77.2735,76.732,76.2526,75.8358,75.4818,75.1914,74.9653,74.8044,74.7094,74.6812,74.7206,74.8281,75.0039,75.2478,75.5586,75.9345,76.3723,76.868,77.4162,78.0108,78.6451,79.3128,80.0093,80.732,81.4815,82.2622,83.0821,83.9526,84.8875,85.9023,87.0132,88.2371,89.5905,91.0902,92.7538,94.5992,96.6462,98.9168,101.437,104.235,107.348,110.815,114.683,119,123.808,129.119,134.881,140.919,146.883,152.252,156.482,159.26,160.7,161.269,161.532,161.933,162.724,164.006,165.781,168.009,170.627,173.569,176.766,180.153,183.661,187.225,190.777,194.249,197.572,200.676,203.496,205.966,208.027,209.627,210.723,211.281,211.28,210.71,209.573,207.886,205.672,202.965,199.808,196.246,192.329,188.108,183.634,178.954,174.116,169.164,164.137,159.071,154.001,148.954,143.957,139.032,
 ,-22,199.496,203.775,207.691,211.188,214.215,216.724,218.675,220.038,220.792,220.925,220.439,219.347,217.672,215.447,212.714,209.522,205.924,201.976,197.737,193.263,188.61,183.831,178.973,174.081,169.194,164.346,159.567,154.88,150.307,145.863,141.561,137.41,133.416,129.583,125.912,122.404,119.058,115.87,112.839,109.958,107.225,104.633,102.179,99.8576,97.663,95.5909,93.6364,91.7951,90.0626,88.4348,86.9081,85.4787,84.1433,82.8986,81.7417,80.6698,79.6802,78.7704,77.9382,77.1815,76.498,75.8861,75.3441,74.8702,74.4631,74.1215,73.844,73.6298,73.4779,73.3874,73.3578,73.3886,73.4792,73.6295,73.8391,74.1082,74.4367,74.8247,75.2727,75.781,76.3501,76.9805,77.673,78.4284,79.2475,80.1315,81.0815,82.0985,83.184,84.3396,85.5669,86.8677,88.2439,89.6976,91.2315,92.8481,94.5503,96.3411,98.224,100.203,102.281,104.463,106.753,109.155,111.675,114.316,117.083,119.981,123.015,126.188,129.505,132.969,136.582,140.347,144.264,148.334,152.555,156.923,161.432,166.074,170.84,175.713,180.677,185.71,190.786,195.876,200.945,205.953,210.857,215.612,220.166,224.47,228.47,232.114,235.355,238.147,240.45,242.234,243.474,244.158,244.28,243.849,242.879,241.396,239.432,237.026,234.219,231.059,227.591,223.862,219.919,215.803,211.556,207.214,202.81,198.373,193.929,189.499,185.104,180.757,176.474,172.263,168.133,164.093,160.145,156.296,152.547,148.901,145.359,141.921,138.588,135.359,132.233,129.209,126.287,123.465,120.74,118.113,115.58,113.14,110.792,108.532,106.36,104.274,102.271,100.35,98.5085,96.7452,95.0584,93.4461,91.907,90.4394,89.0419,87.7131,86.4517,85.2565,84.1264,83.0605,82.058,81.1179,80.2397,79.423,78.6674,77.9725,77.3385,76.7653,76.2533,75.8029,75.4147,75.0894,74.8281,74.6318,74.5018,74.4395,74.4461,74.523,74.6711,74.8913,75.1836,75.5471,75.9797,76.4776,77.0355,77.6459,78.2998,78.9869,79.6971,80.4219,81.1556,81.8977,82.6524,83.4298,84.2444,85.1139,86.058,87.0968,88.25,89.537,90.9764,92.5873,94.3891,96.4032,98.6537,101.169,103.983,107.136,110.679,114.671,119.179,124.271,129.989,136.306,143.038,149.746,155.713,160.128,162.508,163.025,162.386,161.4,160.651,160.428,160.817,161.79,163.275,165.189,167.449,169.979,172.707,175.566,178.493,181.424,184.298,187.054,189.632,191.976,194.033,195.751,197.089,198.01,198.487,198.5,198.04,197.107,195.711,193.868,191.602,188.945,185.929,182.591,178.969,175.103,171.029,166.786,162.408,157.928,153.38,148.792,144.193,139.608,135.06,
 ,-23,191.634,195.494,199.005,202.121,204.796,206.992,208.677,209.826,210.423,210.463,209.949,208.895,207.322,205.261,202.749,199.828,196.544,192.948,189.088,185.014,180.774,176.414,171.976,167.499,163.018,158.563,154.162,149.836,145.605,141.484,137.484,133.616,129.885,126.297,122.853,119.555,116.402,113.394,110.526,107.798,105.205,102.743,100.408,98.1964,96.1037,94.1257,92.2584,90.4978,88.84,87.2816,85.819,84.4489,83.1683,81.9742,80.8641,79.835,78.8848,78.011,77.2117,76.4847,75.8283,75.2406,74.7201,74.2653,73.8748,73.5475,73.2822,73.0779,72.9338,72.8492,72.8234,72.856,72.9464,73.0946,73.3002,73.5632,73.8837,74.2617,74.6976,75.1918,75.7445,76.3565,77.0283,77.7607,78.5545,79.4107,80.3302,81.3142,82.3639,83.481,84.6667,85.9225,87.2506,88.6527,90.1312,91.6882,93.3263,95.0483,96.857,98.7555,100.747,102.835,105.024,107.316,109.715,112.225,114.851,117.594,120.459,123.449,126.566,129.813,133.191,136.7,140.342,144.113,148.012,152.034,156.173,160.419,164.763,169.191,173.685,178.225,182.789,187.349,191.874,196.331,200.681,204.887,208.905,212.692,216.205,219.403,222.244,224.692,226.715,228.289,229.393,230.016,230.156,229.816,229.01,227.757,226.082,224.017,221.595,218.854,215.833,212.57,209.104,205.471,201.706,197.84,193.903,189.921,185.918,181.913,177.925,173.968,170.056,166.198,162.405,158.683,155.038,151.474,147.995,144.605,141.304,138.094,134.976,131.95,129.016,126.174,123.423,120.762,118.189,115.705,113.308,110.995,108.767,106.62,104.555,102.569,100.66,98.8279,97.0702,95.3857,93.7729,92.2304,90.7569,89.3511,88.0118,86.7377,85.5279,84.3814,83.2972,82.2746,81.313,80.4117,79.5703,78.7886,78.0664,77.4035,76.8004,76.2571,75.7743,75.3527,74.9932,74.6969,74.4651,74.2995,74.2019,74.174,74.2181,74.336,74.5296,74.8005,75.1494,75.576,76.0782,76.6521,77.2905,77.9837,78.7185,79.4796,80.251,81.0181,81.7705,82.5049,83.2261,83.9469,84.6872,85.4709,86.3236,87.2709,88.3366,89.5428,90.9104,92.4595,94.2108,96.1866,98.4124,100.919,103.742,106.929,110.536,114.632,119.302,124.634,130.699,137.499,144.851,152.251,158.794,163.401,165.407,165.046,163.276,161.149,159.366,158.243,157.841,158.1,158.924,160.209,161.862,163.8,165.948,168.241,170.614,173.011,175.375,177.651,179.789,181.738,183.454,184.894,186.023,186.809,187.229,187.266,186.911,186.162,185.023,183.505,181.624,179.401,176.86,174.026,170.926,167.59,164.044,160.318,156.439,152.436,148.336,144.166,139.953,135.722,131.497,
 ,-24,184.711,188.229,191.41,194.213,196.599,198.536,199.996,200.962,201.422,201.373,200.822,199.783,198.278,196.334,193.987,191.273,188.235,184.916,181.359,177.609,173.707,169.693,165.605,161.478,157.341,153.223,149.148,145.135,141.204,137.367,133.636,130.021,126.527,123.16,119.923,116.818,113.844,111.001,108.287,105.701,103.24,100.899,98.6777,96.5705,94.5747,92.6866,90.9027,89.2192,87.6332,86.1412,84.7401,83.4272,82.1993,81.0541,79.989,79.0014,78.0892,77.2504,76.4829,75.7849,75.1546,74.5905,74.091,73.6548,73.2807,72.9675,72.7141,72.5196,72.3834,72.3046,72.2827,72.3171,72.4076,72.5539,72.7557,73.013,73.3259,73.6944,74.1188,74.5995,75.1366,75.731,76.383,77.0933,77.8628,78.6922,79.5827,80.535,81.5505,82.6304,83.776,84.989,86.2709,87.6234,89.0484,90.5481,92.1246,93.7802,95.5175,97.339,99.2474,101.246,103.336,105.523,107.808,110.194,112.684,115.281,117.987,120.804,123.734,126.778,129.937,133.21,136.596,140.093,143.698,147.405,151.207,155.097,159.063,163.092,167.168,171.274,175.387,179.483,183.536,187.516,191.39,195.124,198.684,202.033,205.134,207.954,210.458,212.616,214.403,215.798,216.784,217.353,217.502,217.234,216.559,215.492,214.055,212.271,210.169,207.779,205.134,202.266,199.206,195.986,192.636,189.183,185.654,182.072,178.457,174.829,171.204,167.597,164.019,160.482,156.994,153.562,150.193,146.892,143.663,140.508,137.431,134.433,131.516,128.68,125.926,123.253,120.662,118.153,115.724,113.375,111.106,108.914,106.799,104.76,102.796,100.906,99.0874,97.3401,95.6625,94.0535,92.5119,91.0364,89.6261,88.2798,86.9966,85.7755,84.6156,83.5161,82.4763,81.4957,80.5738,79.7103,78.9047,78.1571,77.4674,76.8359,76.263,75.7491,75.2952,74.9021,74.5712,74.304,74.1023,73.9681,73.9039,73.9124,73.9965,74.1592,74.4035,74.732,75.147,75.6491,76.2371,76.9069,77.6502,78.4543,79.3008,80.167,81.0275,81.8581,82.6405,83.3669,84.0424,84.6852,85.3235,85.9911,86.723,87.5519,88.5071,89.6139,90.8948,92.3707,94.0626,95.9931,98.1882,100.679,103.505,106.713,110.364,114.532,119.308,124.791,131.067,138.147,145.853,153.639,160.49,165.159,166.861,165.872,163.309,160.37,157.831,156.018,154.98,154.643,154.898,155.633,156.752,158.167,159.805,161.6,163.493,165.428,167.355,169.224,170.99,172.61,174.045,175.259,176.222,176.906,177.292,177.363,177.111,176.531,175.625,174.399,172.861,171.024,168.904,166.516,163.879,161.01,157.93,154.659,151.218,147.63,143.918,140.107,136.224,132.292,128.339,
 ,-25,178.618,181.858,184.77,187.317,189.465,191.185,192.456,193.263,193.6,193.465,192.869,191.826,190.359,188.495,186.266,183.708,180.858,177.755,174.439,170.949,167.322,163.593,159.797,155.962,152.117,148.287,144.492,140.752,137.082,133.496,130.004,126.614,123.334,120.168,117.119,114.19,111.38,108.691,106.12,103.667,101.329,99.1032,96.988,94.98,93.0763,91.2737,89.5692,87.9597,86.4423,85.014,83.6722,82.414,81.237,80.1389,79.1171,78.1696,77.2943,76.4892,75.7527,75.0828,74.4779,73.9368,73.4578,73.0399,72.6817,72.3823,72.1406,71.9559,71.8274,71.7545,71.7364,71.7729,71.8636,72.0081,72.2065,72.4585,72.7642,73.1236,73.5371,74.0048,74.5271,75.1045,75.7376,76.4269,77.173,77.977,78.8394,79.7615,80.7441,81.7885,82.8958,84.0676,85.3051,86.61,87.9838,89.4285,90.9459,92.5379,94.2067,95.9543,97.7832,99.6954,101.693,103.779,105.955,108.224,110.586,113.045,115.602,118.257,121.012,123.867,126.822,129.876,133.027,136.272,139.608,143.028,146.526,150.093,153.72,157.393,161.098,164.819,168.535,172.226,175.867,179.433,182.896,186.226,189.394,192.368,195.119,197.617,199.835,201.748,203.333,204.575,205.46,205.98,206.132,205.92,205.35,204.436,203.193,201.643,199.807,197.712,195.384,192.849,190.136,187.271,184.279,181.186,178.012,174.781,171.509,168.216,164.915,161.62,158.344,155.095,151.884,148.717,145.601,142.541,139.541,136.604,133.734,130.933,128.202,125.544,122.957,120.444,118.004,115.637,113.343,111.122,108.973,106.896,104.89,102.953,101.085,99.2857,97.5533,95.8871,94.2862,92.7495,91.2761,89.865,88.5154,87.2264,85.9972,84.827,83.7152,82.6612,81.6645,80.7246,79.8412,79.0142,78.2434,77.5289,76.871,76.2701,75.7267,75.2417,74.816,74.4512,74.1487,73.9105,73.739,73.6369,73.6072,73.6537,73.7802,73.9913,74.2915,74.6854,75.1769,75.7689,76.462,77.253,78.1333,79.0868,80.0888,81.1058,82.0981,83.0255,83.8558,84.5732,85.1836,85.7143,86.208,86.7148,87.2835,87.9572,88.7717,89.7553,90.9312,92.3202,93.9424,95.8196,97.9774,100.446,103.265,106.481,110.154,114.356,119.174,124.698,131.004,138.088,145.755,153.448,160.155,164.646,166.151,164.939,162.107,158.84,155.917,153.676,152.184,151.378,151.158,151.42,152.07,153.024,154.212,155.571,157.043,158.578,160.128,161.65,163.102,164.447,165.65,166.681,167.513,168.123,168.493,168.608,168.459,168.042,167.352,166.394,165.169,163.683,161.944,159.96,157.739,155.291,152.628,149.761,146.706,143.481,140.105,136.601,132.995,129.313,125.583,
 ,-26,173.256,176.271,178.965,181.303,183.254,184.793,185.903,186.571,186.794,186.576,185.927,184.865,183.412,181.596,179.447,177.001,174.291,171.355,168.228,164.946,161.541,158.046,154.49,150.901,147.303,143.717,140.164,136.66,133.22,129.854,126.574,123.386,120.298,117.313,114.436,111.667,109.009,106.461,104.023,101.693,99.4708,97.3533,95.3388,93.4245,91.6082,89.887,88.2582,86.7193,85.2675,83.9003,82.6153,81.4098,80.2818,79.2289,78.2491,77.3404,76.5007,75.7283,75.0217,74.3791,73.799,73.2802,72.8213,72.421,72.0786,71.7927,71.5626,71.3875,71.2666,71.1994,71.1854,71.224,71.3151,71.4582,71.6534,71.9003,72.1993,72.5501,72.9531,73.4085,73.9166,74.4779,75.0928,75.7619,76.4858,77.2653,78.1011,78.9942,79.9453,80.9557,82.0264,83.1586,84.3538,85.6131,86.9379,88.33,89.7908,91.3222,92.9256,94.6029,96.3559,98.1865,100.096,102.087,104.16,106.317,108.56,110.889,113.305,115.809,118.401,121.081,123.847,126.699,129.633,132.647,135.737,138.896,142.118,145.395,148.717,152.072,155.447,158.827,162.194,165.529,168.811,172.017,175.123,178.105,180.936,183.59,186.041,188.265,190.24,191.943,193.357,194.467,195.264,195.739,195.891,195.721,195.236,194.446,193.364,192.007,190.394,188.547,186.486,184.235,181.818,179.258,176.576,173.793,170.931,168.007,165.039,162.041,159.029,156.015,153.009,150.022,147.062,144.136,141.25,138.411,135.621,132.886,130.207,127.589,125.032,122.538,120.108,117.744,115.445,113.212,111.046,108.945,106.911,104.941,103.037,101.197,99.4214,97.7086,96.0582,94.4695,92.9418,91.4743,90.0662,88.7168,87.4255,86.1915,85.0143,83.8932,82.8278,81.8176,80.8624,79.9618,79.1157,78.324,77.5869,76.9046,76.2775,75.7063,75.1917,74.7348,74.3369,73.9998,73.7253,73.5159,73.3746,73.3046,73.3102,73.3959,73.5672,73.8301,74.1913,74.658,75.2372,75.9353,76.7562,77.6996,78.7582,79.9137,81.1337,82.3699,83.5601,84.6372,85.5444,86.251,86.7643,87.1283,87.4114,87.6903,88.0356,88.5042,89.1387,89.9696,91.0191,92.3057,93.847,95.6627,97.7763,100.217,103.022,106.235,109.912,114.118,118.924,124.397,130.578,137.422,144.7,151.872,158.03,162.129,163.533,162.462,159.832,156.669,153.692,151.257,149.468,148.302,147.688,147.541,147.778,148.324,149.113,150.085,151.189,152.375,153.6,154.823,156.009,157.123,158.136,159.019,159.751,160.31,160.68,160.848,160.806,160.546,160.064,159.357,158.425,157.267,155.882,154.271,152.433,150.371,148.087,145.585,142.874,139.966,136.879,133.635,130.258,126.778,123.224,
 ,-27,168.532,171.368,173.886,176.053,177.842,179.23,180.2,180.745,180.864,180.562,179.854,178.759,177.3,175.505,173.407,171.037,168.429,165.618,162.637,159.518,156.292,152.987,149.631,146.246,142.856,139.48,136.135,132.836,129.596,126.425,123.332,120.325,117.409,114.588,111.866,109.245,106.726,104.309,101.994,99.7796,97.6652,95.6491,93.7293,91.9037,90.1701,88.5262,86.9696,85.4981,84.1091,82.8004,81.5699,80.4151,79.3342,78.325,77.3856,76.5142,75.7089,74.9683,74.2906,73.6746,73.1186,72.6215,72.1821,71.7993,71.4721,71.1995,70.9808,70.8151,70.7019,70.6404,70.6304,70.6713,70.7628,70.9048,71.097,71.3393,71.6318,71.9745,72.3676,72.8113,73.3059,73.8518,74.4494,75.0992,75.8018,76.5579,77.3682,78.2336,79.1547,80.1326,81.1683,82.263,83.4175,84.6333,85.9115,87.2534,88.6605,90.134,91.6753,93.2859,94.967,96.7203,98.5467,100.448,102.424,104.477,106.607,108.814,111.1,113.463,115.903,118.42,121.012,123.677,126.413,129.215,132.08,135.002,137.974,140.989,144.037,147.108,150.189,153.266,156.325,159.347,162.315,165.208,168.006,170.686,173.227,175.606,177.801,179.791,181.557,183.081,184.347,185.345,186.063,186.498,186.646,186.509,186.092,185.403,184.454,183.258,181.831,180.191,178.357,176.347,174.184,171.885,169.47,166.958,164.367,161.713,159.012,156.278,153.523,150.759,147.996,145.245,142.512,139.805,137.13,134.492,131.896,129.346,126.845,124.395,121.999,119.659,117.376,115.151,112.984,110.877,108.83,106.843,104.917,103.049,101.242,99.4942,97.8052,96.1748,94.6025,93.0876,91.6298,90.2283,88.8827,87.5924,86.357,85.1758,84.0485,82.9746,81.9538,80.9859,80.0706,79.2079,78.3978,77.6402,76.9357,76.2845,75.6873,75.1448,74.6581,74.2286,73.8577,73.5475,73.3005,73.1194,73.0079,72.9702,73.0112,73.1369,73.3544,73.6717,74.0985,74.6452,75.3233,76.1443,77.1183,78.2511,79.5399,80.9675,82.494,84.0517,85.5439,86.8575,87.8898,88.5823,88.9446,89.0525,89.0213,88.9727,89.0095,89.2065,89.612,90.2554,91.1544,92.3222,93.7714,95.5177,97.5814,99.9894,102.776,105.982,109.657,113.854,118.625,124.007,129.993,136.488,143.226,149.7,155.155,158.79,160.139,159.36,157.136,154.276,151.412,148.904,146.905,145.445,144.489,143.977,143.844,144.023,144.455,145.084,145.862,146.742,147.684,148.652,149.611,150.532,151.387,152.153,152.809,153.337,153.722,153.954,154.022,153.919,153.639,153.175,152.523,151.677,150.628,149.371,147.895,146.194,144.261,142.093,139.692,137.065,134.227,131.197,128.004,124.678,121.253,
 ,-28,164.359,167.053,169.431,171.461,173.115,174.375,175.225,175.659,175.68,175.296,174.524,173.384,171.903,170.109,168.034,165.712,163.174,160.455,157.584,154.593,151.509,148.359,145.167,141.954,138.74,135.543,132.376,129.255,126.19,123.19,120.265,117.418,114.658,111.986,109.405,106.919,104.528,102.231,100.03,97.9236,95.9105,93.9894,92.1589,90.417,88.7619,87.1914,85.7035,84.2962,82.9673,81.7146,80.5363,79.4302,78.3945,77.4274,76.527,75.6917,74.9198,74.2098,73.5603,72.9699,72.4374,71.9615,71.5411,71.1753,70.8631,70.6035,70.3959,70.2396,70.1339,70.0782,70.0723,70.1155,70.2077,70.3486,70.5381,70.7761,71.0626,71.3977,71.7813,72.2138,72.6956,73.2267,73.8078,74.4392,75.1216,75.8554,76.6414,77.4803,78.3727,79.3198,80.3222,81.3808,82.4969,83.6713,84.9051,86.1995,87.5555,88.9743,90.4569,92.0045,93.618,95.2985,97.0466,98.8633,100.749,102.704,104.729,106.823,108.987,111.219,113.52,115.886,118.317,120.811,123.364,125.972,128.632,131.338,134.084,136.862,139.664,142.48,145.299,148.109,150.895,153.643,156.335,158.956,161.485,163.905,166.195,168.337,170.312,172.101,173.689,175.059,176.199,177.098,177.749,178.146,178.288,178.175,177.812,177.206,176.366,175.303,174.031,172.566,170.923,169.119,167.171,165.097,162.913,160.637,158.282,155.865,153.399,150.897,148.371,145.831,143.287,140.748,138.221,135.713,133.23,130.777,128.358,125.979,123.641,121.347,119.101,116.904,114.757,112.661,110.619,108.63,106.696,104.815,102.99,101.22,99.5039,97.8429,96.2365,94.6843,93.1862,91.7417,90.3504,89.012,87.7261,86.4924,85.3104,84.1798,83.1004,82.0718,81.0939,80.1666,79.2898,78.4635,77.688,76.9634,76.2903,75.6691,75.1007,74.5859,74.1262,73.723,73.3782,73.0942,72.8737,72.7203,72.638,72.6318,72.708,72.8737,73.138,73.5114,74.0068,74.6393,75.426,76.3863,77.5396,78.9028,80.4842,82.2739,84.2295,86.2604,88.2187,89.9123,91.1525,91.8249,91.9437,91.6474,91.1391,90.6162,90.2282,90.0689,90.1873,90.6047,91.3284,92.3613,93.7083,95.3785,97.3885,99.7618,102.53,105.732,109.412,113.612,118.367,123.686,129.521,135.729,142.015,147.905,152.774,156.017,157.302,156.742,154.831,152.204,149.408,146.808,144.598,142.852,141.57,140.717,140.241,140.084,140.193,140.514,141.001,141.611,142.307,143.054,143.82,144.578,145.304,145.977,146.579,147.093,147.508,147.811,147.995,148.05,147.97,147.746,147.368,146.826,146.105,145.19,144.065,142.71,141.11,139.254,137.136,134.757,132.13,129.274,126.22,123.003,119.661,
 ,-29,160.654,163.237,165.504,167.424,168.968,170.119,170.864,171.199,171.128,170.662,169.821,168.628,167.111,165.302,163.231,160.933,158.441,155.785,152.997,150.104,147.134,144.109,141.052,137.982,134.917,131.872,128.861,125.894,122.983,120.135,117.358,114.656,112.035,109.497,107.046,104.683,102.41,100.225,98.1298,96.1234,94.2049,92.3731,90.6266,88.9637,87.3828,85.8821,84.4596,83.1135,81.842,80.643,79.5147,78.4555,77.4633,76.5367,75.6739,74.8734,74.1338,73.4535,72.8313,72.2658,71.756,71.3008,70.899,70.5497,70.2521,70.0054,69.8087,69.6615,69.5632,69.5134,69.5115,69.5572,69.6502,69.7904,69.9775,70.2114,70.4923,70.82,71.1948,71.6168,72.0862,72.6034,73.1688,73.7826,74.4457,75.1583,75.921,76.7348,77.6,78.5175,79.4882,80.5129,81.5925,82.7277,83.9195,85.169,86.4769,87.8442,89.2716,90.76,92.3102,93.9225,95.5976,97.3358,99.1371,101.002,102.929,104.918,106.969,109.081,111.252,113.479,115.762,118.098,120.484,122.915,125.388,127.897,130.438,133.002,135.583,138.171,140.757,143.328,145.874,148.38,150.831,153.213,155.51,157.704,159.778,161.717,163.502,165.119,166.554,167.792,168.823,169.637,170.228,170.591,170.724,170.629,170.309,169.769,169.018,168.065,166.923,165.603,164.121,162.491,160.728,158.846,156.861,154.788,152.64,150.43,148.171,145.875,143.552,141.212,138.864,136.516,134.175,131.847,129.539,127.255,124.999,122.776,120.589,118.44,116.332,114.268,112.248,110.274,108.347,106.469,104.64,102.86,101.13,99.451,97.8219,96.2433,94.7151,93.2372,91.8095,90.4319,89.104,87.8257,86.5969,85.4171,84.2862,83.2041,82.1705,81.1854,80.2486,79.3603,78.5204,77.7291,76.9869,76.2939,75.6509,75.0586,74.5178,74.0297,73.5959,73.218,72.8983,72.6393,72.4444,72.3175,72.2633,72.2876,72.3979,72.6028,72.9133,73.3428,73.9081,74.6294,75.5317,76.6442,78.0004,79.6349,81.5772,83.8375,86.3834,89.1053,91.7848,94.0965,95.6877,96.329,96.0443,95.0998,93.8635,92.6579,91.6939,91.0779,90.8463,90.9999,91.5258,92.4108,93.6476,95.2373,97.1913,99.5303,102.285,105.492,109.194,113.431,118.229,123.577,129.404,135.532,141.642,147.264,151.835,154.845,156.025,155.469,153.583,150.915,147.977,145.142,142.636,140.56,138.937,137.746,136.941,136.47,136.28,136.322,136.549,136.921,137.401,137.956,138.557,139.18,139.801,140.402,140.967,141.483,141.937,142.321,142.625,142.842,142.963,142.978,142.874,142.634,142.239,141.664,140.883,139.868,138.592,137.033,135.176,133.018,130.569,127.848,124.89,121.736,118.432,
 ,-30,157.337,159.836,162.016,163.847,165.301,166.36,167.012,167.256,167.098,166.553,165.641,164.389,162.827,160.988,158.907,156.616,154.148,151.536,148.808,145.991,143.11,140.187,137.241,134.292,131.353,128.439,125.562,122.731,119.956,117.242,114.597,112.026,109.531,107.116,104.783,102.533,100.367,98.2863,96.2895,94.3766,92.5466,90.7986,89.1312,87.5431,86.0325,84.598,83.2377,81.9501,80.7333,79.5857,78.5055,77.491,76.5408,75.6532,74.8267,74.0598,73.3513,72.6998,72.1041,71.5629,71.0752,70.64,70.2563,69.9232,69.6399,69.4056,69.2198,69.0816,68.9908,68.9467,68.9489,68.9972,69.0912,69.2307,69.4156,69.6459,69.9215,70.2424,70.6087,71.0206,71.4784,71.9823,72.5328,73.1301,73.7746,74.467,75.2078,75.9976,76.8369,77.7266,78.6673,79.6597,80.7047,81.803,82.9554,84.1626,85.4253,86.7444,88.1203,89.5536,91.0447,92.5939,94.2013,95.8668,97.5902,99.3709,101.208,103.101,105.049,107.049,109.1,111.201,113.348,115.539,117.771,120.04,122.343,124.673,127.028,129.399,131.78,134.164,136.541,138.901,141.234,143.526,145.767,147.941,150.035,152.034,153.922,155.685,157.309,158.779,160.082,161.207,162.144,162.885,163.423,163.754,163.878,163.794,163.506,163.019,162.34,161.477,160.441,159.244,157.897,156.413,154.805,153.088,151.274,149.377,147.408,145.379,143.302,141.188,139.045,136.883,134.71,132.534,130.361,128.197,126.048,123.918,121.811,119.732,117.684,115.668,113.689,111.747,109.845,107.985,106.167,104.392,102.662,100.976,99.3366,97.743,96.1956,94.6948,93.2406,91.8331,90.4723,89.1583,87.8907,86.6698,85.4952,84.3669,83.2849,82.249,81.2593,80.3157,79.4183,78.5673,77.7628,77.0052,76.2948,75.6322,75.0181,74.4533,73.939,73.4764,73.0673,72.7136,72.4177,72.1826,72.0119,71.91,71.8824,71.9357,72.0782,72.3203,72.675,73.1586,73.7921,74.6018,75.6211,76.8924,78.4671,80.4059,82.7724,85.6179,88.9458,92.6487,96.4251,99.7371,101.922,102.514,101.555,99.5735,97.2439,95.0826,93.3662,92.1898,91.5513,91.4112,91.7243,92.4538,93.5766,95.0841,96.9815,99.2877,102.033,105.258,109.008,113.328,118.249,123.762,129.788,136.134,142.453,148.236,152.88,155.85,156.87,156.038,153.784,150.687,147.292,144.002,141.059,138.575,136.576,135.036,133.909,133.14,132.674,132.461,132.455,132.615,132.905,133.294,133.755,134.263,134.799,135.346,135.89,136.419,136.923,137.394,137.825,138.207,138.532,138.788,138.959,139.024,138.956,138.725,138.291,137.616,136.66,135.388,133.778,131.818,129.516,126.893,123.989,120.854,117.542,
 ,-31,154.332,156.766,158.879,160.639,162.018,162.998,163.57,163.731,163.492,162.868,161.884,160.57,158.957,157.081,154.978,152.682,150.225,147.64,144.955,142.196,139.387,136.547,133.695,130.847,128.017,125.216,122.456,119.745,117.09,114.497,111.971,109.516,107.136,104.833,102.607,100.462,98.3964,96.4113,94.5062,92.6806,90.9337,89.2644,87.6717,86.1541,84.7102,83.3386,82.0376,80.8057,79.6412,78.5427,77.5085,76.5373,75.6273,74.7773,73.9858,73.2514,72.5731,71.9494,71.3793,70.8616,70.3955,69.9797,69.6136,69.2963,69.027,68.8051,68.6298,68.5006,68.4171,68.3787,68.3851,68.436,68.5311,68.6702,68.8533,69.08,69.3507,69.6652,70.0236,70.4261,70.8728,71.3642,71.9004,72.4819,73.109,73.7823,74.5021,75.2693,76.0842,76.9475,77.8599,78.822,79.8343,80.8979,82.0133,83.1809,84.4016,85.6758,87.0039,88.3861,89.8228,91.3139,92.8591,94.4581,96.1101,97.8143,99.5695,101.374,103.227,105.125,107.068,109.052,111.074,113.133,115.224,117.345,119.492,121.66,123.845,126.042,128.243,130.443,132.633,134.805,136.949,139.055,141.11,143.104,145.022,146.852,148.581,150.194,151.68,153.024,154.215,155.244,156.1,156.777,157.268,157.571,157.683,157.606,157.342,156.896,156.273,155.483,154.534,153.436,152.2,150.839,149.363,147.785,146.117,144.371,142.557,140.686,138.768,136.814,134.83,132.827,130.811,128.789,126.767,124.752,122.747,120.757,118.787,116.84,114.919,113.027,111.167,109.339,107.547,105.792,104.075,102.397,100.759,99.1626,97.6075,96.0947,94.6244,93.1971,91.8129,90.472,89.1747,87.9209,86.7107,85.5442,84.4213,83.3421,82.3067,81.315,80.3671,79.4632,78.6035,77.7882,77.0175,76.292,75.612,74.9785,74.392,73.8535,73.3644,72.9262,72.5405,72.2097,71.9363,71.7236,71.5756,71.497,71.494,71.574,71.7461,72.0223,72.4175,72.9509,73.6475,74.54,75.6711,77.097,78.8912,81.1469,83.9766,87.4982,91.7923,96.8024,102.162,107.026,110.185,110.697,108.645,105.071,101.184,97.7678,95.1349,93.3193,92.2408,91.7962,91.8949,92.4705,93.4812,94.9073,96.7488,99.023,101.763,105.015,108.835,113.283,118.409,124.227,130.679,137.575,144.534,150.956,156.088,159.232,160.021,158.596,155.53,151.565,147.36,143.368,139.836,136.86,134.444,132.545,131.101,130.049,129.328,128.883,128.668,128.64,128.764,129.009,129.35,129.764,130.232,130.74,131.274,131.826,132.388,132.952,133.513,134.063,134.594,135.093,135.542,135.917,136.183,136.301,136.221,135.891,135.257,134.27,132.895,131.114,128.931,126.371,123.48,120.319,116.955,
 ,-32,151.564,153.948,156.008,157.711,159.028,159.941,160.44,160.527,160.212,159.514,158.461,157.083,155.417,153.5,151.369,149.059,146.604,144.036,141.383,138.669,135.918,133.147,130.374,127.614,124.878,122.177,119.521,116.916,114.368,111.883,109.465,107.117,104.841,102.64,100.514,98.4651,96.4924,94.5965,92.7768,91.0329,89.364,87.7689,86.2466,84.7958,83.4151,82.1032,80.8587,79.68,78.5656,77.5142,76.5242,75.5943,74.7231,73.9093,73.1515,72.4486,71.7994,71.2026,70.6574,70.1626,69.7173,69.3206,68.9717,68.6698,68.4142,68.2042,68.0393,67.9189,67.8426,67.81,67.8206,67.8741,67.9705,68.1095,68.2908,68.5146,68.7806,69.0891,69.44,69.8336,70.2699,70.7493,71.2721,71.8386,72.4492,73.1044,73.8046,74.5502,75.342,76.1804,77.0661,77.9996,78.9817,80.0128,81.0937,82.2247,83.4064,84.6392,85.9233,87.2589,88.6459,90.0839,91.5727,93.1113,94.6988,96.3338,98.0148,99.7397,101.507,103.313,105.156,107.034,108.943,110.881,112.844,114.829,116.834,118.853,120.884,122.922,124.961,126.995,129.018,131.022,133,134.94,136.834,138.67,140.437,142.123,143.715,145.201,146.569,147.808,148.905,149.852,150.64,151.261,151.712,151.987,152.087,152.012,151.764,151.347,150.768,150.034,149.153,148.136,146.991,145.73,144.364,142.903,141.359,139.741,138.06,136.326,134.547,132.733,130.89,129.028,127.151,125.268,123.382,121.5,119.626,117.765,115.92,114.094,112.29,110.512,108.761,107.039,105.349,103.692,102.069,100.482,98.931,97.4175,95.9419,94.5051,93.1075,91.7495,90.4314,89.1537,87.9164,86.7198,85.564,84.4492,83.3754,82.343,81.3519,80.4023,79.4943,78.6283,77.8045,77.0232,76.2849,75.59,74.9391,74.3332,73.773,73.2596,72.7944,72.3791,72.0156,71.7062,71.4539,71.262,71.1349,71.0777,71.0969,71.2006,71.399,71.7051,72.1354,72.7119,73.463,74.4271,75.6556,77.2186,79.2115,81.7635,85.044,89.259,94.6105,101.165,108.556,115.579,120.176,120.576,116.922,111.157,105.298,100.42,96.7988,94.3355,92.8323,92.1033,92.0055,92.4403,93.347,94.6957,96.4817,98.7222,101.455,104.735,108.634,113.236,118.623,124.855,131.919,139.656,147.66,155.194,161.238,164.777,165.259,162.908,158.583,153.329,147.993,143.089,138.848,135.322,132.469,130.211,128.465,127.149,126.195,125.542,125.14,124.947,124.926,125.048,125.288,125.623,126.038,126.518,127.054,127.637,128.261,128.921,129.614,130.334,131.072,131.815,132.545,133.232,133.839,134.314,134.597,134.619,134.311,133.609,132.461,130.842,128.753,126.223,123.307,120.079,116.621,
 ,-33,148.96,151.305,153.323,154.978,156.243,157.098,157.534,157.553,157.169,156.403,155.283,153.846,152.128,150.169,148.008,145.682,143.225,140.668,138.04,135.363,132.661,129.95,127.246,124.562,121.91,119.298,116.735,114.225,111.775,109.388,107.068,104.817,102.638,100.531,98.497,96.5369,94.6506,92.8379,91.0983,89.4311,87.8354,86.3103,84.8546,83.4671,82.1465,80.8915,79.7006,78.5727,77.5062,76.4999,75.5524,74.6624,73.8285,73.0495,72.3243,71.6517,71.0306,70.46,69.9389,69.4662,69.0413,68.663,68.3308,68.044,67.8018,67.6036,67.449,67.3372,67.2681,67.2411,67.256,67.3124,67.4101,67.549,67.729,67.9498,68.2117,68.5145,68.8584,69.2436,69.6701,70.1383,70.6485,71.2007,71.7957,72.4338,73.1154,73.8408,74.6108,75.426,76.2866,77.1935,78.1473,79.1482,80.1972,81.2944,82.4403,83.6352,84.8793,86.1726,87.5147,88.9053,90.3435,91.8283,93.3583,94.9319,96.5467,98.2007,99.8909,101.615,103.369,105.15,106.956,108.784,110.63,112.491,114.365,116.248,118.138,120.031,121.922,123.807,125.68,127.535,129.364,131.16,132.913,134.614,136.251,137.814,139.291,140.671,141.942,143.092,144.111,144.99,145.721,146.295,146.71,146.961,147.047,146.968,146.729,146.332,145.783,145.09,144.262,143.306,142.233,141.053,139.775,138.411,136.969,135.46,133.893,132.276,130.618,128.926,127.207,125.469,123.717,121.957,120.194,118.433,116.678,114.933,113.201,111.486,109.791,108.117,106.467,104.844,103.249,101.683,100.148,98.645,97.1752,95.7395,94.3386,92.9733,91.644,90.3514,89.0958,87.8776,86.6971,85.5547,84.4505,83.3848,82.3577,81.3696,80.4207,79.5111,78.6412,77.8112,77.0216,76.2728,75.5652,74.8995,74.2763,73.6966,73.1613,72.6717,72.2292,71.8354,71.4927,71.2033,70.9704,70.7976,70.6894,70.6512,70.69,70.8143,71.0348,71.3655,71.8243,72.4346,73.2281,74.2472,75.55,77.2177,79.3637,82.1479,85.7921,90.5895,96.8778,104.894,114.358,123.752,130.024,130.3,124.8,116.651,108.805,102.565,98.0797,95.0786,93.2343,92.2803,92.026,92.3456,93.1631,94.4405,96.1703,98.3711,101.086,104.381,108.345,113.092,118.744,125.42,133.177,141.916,151.227,160.218,167.514,171.635,171.746,168.194,162.269,155.442,148.792,142.882,137.898,133.821,130.549,127.959,125.937,124.386,123.226,122.39,121.826,121.49,121.346,121.363,121.518,121.79,122.163,122.626,123.169,123.788,124.477,125.235,126.059,126.946,127.888,128.874,129.883,130.884,131.833,132.67,133.322,133.705,133.729,133.31,132.385,130.914,128.896,126.366,123.391,120.06,116.473,
 ,-34,146.454,148.765,150.747,152.362,153.581,154.385,154.766,154.726,154.28,153.452,152.273,150.782,149.017,147.021,144.833,142.492,140.032,137.485,134.878,132.235,129.577,126.92,124.278,121.664,119.088,116.557,114.078,111.656,109.295,106.998,104.769,102.608,100.517,98.4974,96.549,94.6722,92.8666,91.1319,89.4674,87.8724,86.3459,84.8869,83.4943,82.1669,80.9034,79.7025,78.563,77.4836,76.4631,75.5,74.5931,73.7414,72.9434,72.1981,71.5043,70.861,70.2673,69.7219,69.2241,68.773,68.3677,68.0075,67.6917,67.4195,67.1904,67.0038,66.8592,66.7561,66.694,66.6727,66.6919,66.7512,66.8504,66.9894,67.1681,67.3864,67.6445,67.9421,68.2794,68.6567,69.074,69.5316,70.0298,70.5687,71.149,71.7709,72.4349,73.1414,73.891,74.6843,75.5217,76.4038,77.3311,78.3044,79.3239,80.3902,81.5036,82.6643,83.8725,85.128,86.4304,87.7791,89.1731,90.611,92.0911,93.6112,95.1686,96.7606,98.3837,100.035,101.71,103.405,105.118,106.845,108.584,110.331,112.085,113.843,115.603,117.363,119.119,120.868,122.606,124.327,126.026,127.695,129.326,130.91,132.438,133.899,135.281,136.574,137.766,138.846,139.802,140.627,141.31,141.846,142.23,142.457,142.527,142.442,142.203,141.815,141.285,140.619,139.826,138.915,137.896,136.777,135.57,134.283,132.925,131.506,130.034,128.517,126.962,125.376,123.766,122.137,120.496,118.846,117.193,115.541,113.893,112.254,110.626,109.012,107.416,105.838,104.283,102.75,101.242,99.7612,98.3081,96.884,95.4901,94.1273,92.7965,91.4982,90.2332,89.0022,87.8055,86.6435,85.5167,84.4255,83.3702,82.351,81.3682,80.4222,79.5133,78.6418,77.808,77.0123,76.2552,75.5372,74.8589,74.2208,73.6239,73.0691,72.5574,72.0901,71.6689,71.2954,70.9719,70.7011,70.486,70.3304,70.239,70.2174,70.2727,70.4138,70.6519,71.0013,71.4806,72.1143,72.9353,73.9884,75.3352,77.0625,79.2936,82.205,86.048,91.168,97.9892,106.871,117.625,128.571,135.989,136.19,129.448,119.757,110.696,103.664,98.697,95.4019,93.3702,92.2876,91.9368,92.1772,92.9247,94.1379,95.8088,97.9581,100.634,103.914,107.903,112.739,118.588,125.627,133.988,143.649,154.222,164.687,173.298,178.054,177.785,172.981,165.43,157.065,149.181,142.364,136.733,132.189,128.567,125.701,123.452,121.705,120.373,119.384,118.685,118.229,117.981,117.911,117.996,118.216,118.558,119.01,119.567,120.223,120.978,121.831,122.781,123.829,124.968,126.189,127.47,128.779,130.067,131.265,132.286,133.03,133.386,133.251,132.54,131.205,129.24,126.686,123.625,120.164,116.421,
 ,-35,143.982,146.262,148.209,149.787,150.966,151.725,152.057,151.966,151.468,150.587,149.359,147.823,146.02,143.993,141.785,139.434,136.975,134.441,131.857,129.247,126.631,124.026,121.443,118.894,116.389,113.933,111.533,109.192,106.914,104.701,102.556,100.479,98.4711,96.533,94.6647,92.8658,91.136,89.4748,87.8811,86.3543,84.8932,83.497,82.1642,80.8939,79.6848,78.5357,77.4452,76.4124,75.4358,74.5141,73.6464,72.8314,72.0681,71.3552,70.6918,70.0768,69.5094,68.9886,68.5135,68.0833,67.6972,67.3546,67.0547,66.7968,66.5806,66.4053,66.2705,66.1757,66.1208,66.1052,66.1286,66.1909,66.2917,66.4311,66.6089,66.825,67.0794,67.3722,67.7034,68.0732,68.4819,68.9295,69.4164,69.9429,70.5093,71.116,71.7635,72.4523,73.1828,73.9557,74.7714,75.6307,76.5339,77.4815,78.4742,79.5125,80.5967,81.727,82.9035,84.1259,85.3939,86.7067,88.063,89.4613,90.8995,92.3748,93.8841,95.4238,96.9898,98.578,100.184,101.804,103.434,105.07,106.71,108.352,109.995,111.636,113.276,114.912,116.544,118.169,119.784,121.386,122.968,124.527,126.053,127.54,128.977,130.355,131.662,132.887,134.019,135.045,135.955,136.738,137.386,137.89,138.247,138.452,138.505,138.407,138.161,137.772,137.247,136.594,135.82,134.937,133.953,132.878,131.722,130.494,129.203,127.856,126.463,125.029,123.562,122.068,120.552,119.019,117.474,115.923,114.368,112.814,111.263,109.72,108.187,106.666,105.16,103.671,102.202,100.753,99.3267,97.9245,96.5475,95.197,93.8739,92.5794,91.3141,90.0788,88.8743,87.7012,86.5599,85.451,84.3749,83.3321,82.3229,81.3477,80.4069,79.5009,78.6299,77.7945,76.995,76.2318,75.5056,74.8168,74.1661,73.5543,72.9823,72.4509,71.9614,71.5152,71.1138,70.7592,70.4536,70.1996,70.0006,69.8603,69.7835,69.776,69.8448,69.999,70.2497,70.6115,71.1028,71.7483,72.5809,73.6448,75.0015,76.7368,78.9725,81.8823,85.7124,90.799,97.5506,106.304,116.853,127.544,134.778,135.014,128.514,119.111,110.271,103.378,98.4883,95.229,93.2059,92.1125,91.7359,91.9382,92.637,93.7925,95.3986,97.4789,100.086,103.303,107.248,112.076,117.98,125.177,133.857,144.058,155.422,166.857,176.364,181.556,181.001,175.304,166.624,157.222,148.534,141.139,135.1,130.259,126.409,123.357,120.946,119.054,117.591,116.483,115.675,115.124,114.792,114.652,114.681,114.861,115.18,115.627,116.199,116.893,117.71,118.651,119.72,120.917,122.24,123.681,125.219,126.82,128.431,129.977,131.357,132.452,133.133,133.273,132.768,131.556,129.63,127.037,123.874,120.268,116.359,
 ,-36,141.49,143.735,145.648,147.19,148.331,149.05,149.34,149.206,148.665,147.744,146.478,144.908,143.079,141.033,138.815,136.463,134.013,131.496,128.94,126.366,123.795,121.24,118.715,116.23,113.793,111.409,109.083,106.819,104.619,102.486,100.42,98.4219,96.4924,94.6313,92.8384,91.1131,89.455,87.8631,86.3365,84.8743,83.4754,82.1387,80.863,79.6472,78.49,77.3903,76.3468,75.3584,74.424,73.5422,72.7122,71.9327,71.2027,70.5211,69.887,69.2995,68.7576,68.2605,67.8075,67.3975,67.0301,66.7046,66.4202,66.1763,65.9727,65.8085,65.6833,65.597,65.549,65.5389,65.5667,65.632,65.7347,65.8746,66.0516,66.2657,66.5169,66.8052,67.1308,67.4937,67.8942,68.3325,68.8087,69.3235,69.8768,70.4695,71.1015,71.7737,72.4864,73.2404,74.0361,74.8741,75.7551,76.6795,77.6482,78.6614,79.7197,80.8233,81.9724,83.1667,84.4059,85.689,87.0148,88.3814,89.7863,91.2263,92.6976,94.1956,95.7156,97.2522,98.8001,100.354,101.911,103.465,105.015,106.56,108.098,109.629,111.155,112.676,114.191,115.701,117.204,118.698,120.178,121.641,123.078,124.484,125.849,127.163,128.415,129.592,130.683,131.674,132.553,133.308,133.931,134.412,134.747,134.931,134.965,134.848,134.587,134.185,133.651,132.994,132.224,131.35,130.384,129.334,128.211,127.025,125.782,124.492,123.161,121.796,120.402,118.985,117.55,116.101,114.642,113.177,111.71,110.244,108.781,107.324,105.877,104.441,103.018,101.611,100.221,98.8499,97.4991,96.17,94.8638,93.5818,92.3249,91.0942,89.8903,88.7141,87.5663,86.4476,85.3585,84.2996,83.2713,82.2742,81.3086,80.375,79.4739,78.6056,77.7706,76.9694,76.2023,75.47,74.7729,74.1118,73.4873,72.9003,72.3517,71.8424,71.3738,70.9472,70.5643,70.2271,69.9378,69.6992,69.5146,69.3877,69.3233,69.3273,69.4065,69.5699,69.8285,70.1964,70.6915,71.3374,72.1656,73.2177,74.5509,76.244,78.4063,81.1902,84.8042,89.5185,95.6334,103.336,112.312,121.119,126.983,127.353,122.422,114.963,107.668,101.784,97.5002,94.5929,92.7677,91.7778,91.4441,91.6477,92.3173,93.4193,94.9514,96.9399,99.4394,102.535,106.348,111.037,116.801,123.865,132.43,142.548,153.871,165.307,174.828,180.001,179.361,173.524,164.693,155.164,146.38,138.913,132.81,127.906,123.987,120.858,118.365,116.389,114.841,113.65,112.765,112.142,111.747,111.553,111.539,111.689,111.991,112.437,113.024,113.752,114.624,115.644,116.817,118.147,119.634,121.271,123.039,124.905,126.811,128.675,130.386,131.809,132.793,133.189,132.876,131.777,129.881,127.245,123.98,120.233,116.164,
 ,-37,138.932,141.137,143.011,144.516,145.619,146.302,146.557,146.389,145.816,144.866,143.576,141.988,140.146,138.096,135.88,133.538,131.107,128.617,126.095,123.563,121.04,118.539,116.074,113.652,111.282,108.968,106.715,104.525,102.401,100.343,98.3524,96.4297,94.5744,92.7864,91.0652,89.4098,87.8196,86.2937,84.8309,83.4302,82.0905,80.8106,79.5893,78.4255,77.318,76.2656,75.2672,74.3216,73.4276,72.5842,71.7904,71.0451,70.3472,69.6958,69.0901,68.5291,68.012,67.538,67.1063,66.7161,66.3668,66.0579,65.7886,65.5585,65.367,65.2138,65.0982,65.02,64.9789,64.9745,65.0067,65.0751,65.1797,65.3202,65.4967,65.7091,65.9574,66.2417,66.5619,66.9185,67.3113,67.7408,68.2072,68.7109,69.252,69.8313,70.449,71.1057,71.802,72.5384,73.3156,74.1342,74.995,75.8985,76.8456,77.8367,78.8724,79.9533,81.0794,82.2507,83.4668,84.727,86.0299,87.3734,88.7545,90.1698,91.6143,93.0827,94.5689,96.0662,97.568,99.0678,100.56,102.042,103.509,104.961,106.4,107.826,109.243,110.652,112.057,113.458,114.857,116.253,117.642,119.022,120.386,121.729,123.04,124.31,125.526,126.676,127.746,128.721,129.587,130.331,130.941,131.408,131.726,131.89,131.9,131.759,131.47,131.043,130.485,129.808,129.021,128.138,127.17,126.127,125.019,123.856,122.646,121.396,120.112,118.801,117.467,116.114,114.748,113.371,111.987,110.599,109.21,107.822,106.438,105.06,103.691,102.333,100.986,99.6537,98.337,97.0374,95.7563,94.495,93.2547,92.0365,90.8413,89.6701,88.5237,87.4029,86.3083,85.2407,84.2007,83.1887,82.2055,81.2514,80.327,79.4327,78.5691,77.7365,76.9355,76.1665,75.4301,74.7269,74.0574,73.4225,72.8227,72.259,71.7324,71.2438,70.7947,70.3864,70.0207,69.6995,69.4251,69.2003,69.0283,68.9129,68.8588,68.8717,68.9584,69.1275,69.3894,69.7575,70.2488,70.885,71.6947,72.7154,73.9969,75.6063,77.6335,80.1978,83.4523,87.5758,92.7303,98.9359,105.811,112.253,116.482,117.02,113.98,108.981,103.769,99.3354,95.9741,93.6302,92.1404,91.3417,91.1053,91.3416,91.9964,93.0453,94.4911,96.3618,98.7115,101.623,105.209,109.619,115.035,121.654,129.641,139.009,149.396,159.78,168.354,173.009,172.497,167.336,159.409,150.725,142.601,135.595,129.793,125.072,121.251,118.164,115.674,113.677,112.091,110.857,109.924,109.254,108.816,108.584,108.539,108.667,108.957,109.403,110.004,110.761,111.679,112.764,114.023,115.463,117.086,118.887,120.848,122.937,125.093,127.229,129.225,130.931,132.178,132.8,132.654,131.656,129.791,127.121,123.771,119.909,115.709,
 ,-38,136.271,138.428,140.258,141.722,142.788,143.438,143.663,143.47,142.877,141.912,140.613,139.022,137.184,135.144,132.946,130.629,128.229,125.776,123.298,120.815,118.345,115.903,113.5,111.144,108.842,106.598,104.416,102.299,100.248,98.2632,96.3456,94.4949,92.711,90.9929,89.3401,87.7516,86.2264,84.7634,83.3616,82.0197,80.7366,79.511,78.3418,77.2278,76.1679,75.161,74.2058,73.3012,72.4462,71.6398,70.8809,70.1685,69.5016,68.8795,68.3013,67.766,67.2729,66.8211,66.4101,66.0392,65.7077,65.4149,65.1604,64.9437,64.7642,64.6216,64.5155,64.4454,64.4111,64.4124,64.4489,64.5205,64.6271,64.7685,64.9446,65.1556,65.4013,65.6817,65.9972,66.3477,66.7334,67.1548,67.6119,68.1052,68.635,69.2019,69.8062,70.4485,71.1295,71.8497,72.61,73.4109,74.2535,75.1383,76.0662,77.0381,78.0547,79.1165,80.2242,81.3777,82.577,83.8214,85.1095,86.4392,87.8073,89.2096,90.6405,92.0932,93.5599,95.0322,96.5012,97.9589,99.3982,100.814,102.205,103.569,104.911,106.233,107.541,108.84,110.137,111.434,112.734,114.039,115.348,116.657,117.963,119.259,120.535,121.782,122.985,124.132,125.204,126.186,127.06,127.809,128.421,128.883,129.189,129.333,129.316,129.141,128.814,128.344,127.744,127.026,126.203,125.289,124.298,123.241,122.129,120.971,119.776,118.55,117.3,116.029,114.742,113.442,112.134,110.818,109.499,108.178,106.858,105.541,104.228,102.921,101.623,100.335,99.0584,97.7947,96.5455,95.312,94.0955,92.8971,91.7179,90.559,89.4214,88.3058,87.2131,86.144,85.0994,84.0797,83.0858,82.1181,81.1772,80.2636,79.378,78.5207,77.6924,76.8934,76.1245,75.386,74.6786,74.0028,73.3594,72.749,72.1725,71.6307,71.1247,70.6555,70.2245,69.8332,69.4833,69.1767,68.9158,68.7032,68.5422,68.4365,68.3907,68.4102,68.5017,68.673,68.9343,69.2977,69.7787,70.3969,71.1771,72.1514,73.3611,74.8594,76.7142,79.0094,81.8423,85.3082,89.4584,94.2106,99.2073,103.7,106.672,107.362,105.828,102.906,99.6043,96.6139,94.2394,92.5358,91.4472,90.8888,90.7827,91.0709,91.718,92.71,94.0546,95.7803,97.938,100.603,103.875,107.882,112.77,118.687,125.734,133.858,142.689,151.339,158.374,162.214,161.949,157.946,151.579,144.388,137.459,131.32,126.11,121.777,118.201,115.262,112.854,110.896,109.322,108.081,107.131,106.438,105.976,105.721,105.656,105.769,106.05,106.497,107.108,107.886,108.838,109.971,111.294,112.816,114.541,116.464,118.572,120.828,123.174,125.517,127.731,129.656,131.11,131.91,131.903,130.993,129.164,126.483,123.087,119.155,114.877,
 ,-39,133.484,135.584,137.363,138.781,139.809,140.427,140.628,140.419,139.817,138.852,137.559,135.982,134.165,132.153,129.988,127.711,125.355,122.952,120.527,118.102,115.694,113.316,110.979,108.691,106.459,104.286,102.177,100.131,98.152,96.239,94.3924,92.6118,90.8967,89.2462,87.6593,86.135,84.6722,83.2697,81.9262,80.6407,79.4119,78.2384,77.1193,76.0532,75.039,74.0757,73.162,72.297,71.4796,70.7087,69.9835,69.3029,68.6662,68.0724,67.5206,67.0102,66.5404,66.1103,65.7195,65.3672,65.0529,64.7759,64.5359,64.3323,64.1646,64.0325,63.9356,63.8735,63.846,63.8528,63.8937,63.9686,64.0773,64.2197,64.3957,64.6054,64.8487,65.1259,65.4368,65.7818,66.1611,66.5747,67.0232,67.5068,68.026,68.5813,69.1731,69.802,70.4688,71.1742,71.919,72.7039,73.5299,74.3982,75.3095,76.265,77.2657,78.3125,79.4062,80.5474,81.7361,82.9722,84.2545,85.5809,86.948,88.351,89.7834,91.2368,92.7011,94.1654,95.6179,97.0477,98.4454,99.8045,101.123,102.401,103.644,104.859,106.055,107.243,108.429,109.623,110.828,112.048,113.284,114.535,115.796,117.062,118.324,119.57,120.786,121.955,123.058,124.073,124.98,125.757,126.387,126.857,127.156,127.28,127.229,127.009,126.628,126.097,125.432,124.649,123.764,122.795,121.757,120.664,119.527,118.356,117.159,115.941,114.709,113.466,112.214,110.956,109.695,108.432,107.168,105.906,104.647,103.392,102.143,100.901,99.6675,98.4436,97.2307,96.0302,94.843,93.6705,92.5137,91.3736,90.2512,89.1475,88.0635,86.9997,85.9572,84.9366,83.9386,82.9639,82.0131,81.087,80.1859,79.3104,78.4613,77.6389,76.8438,76.0765,75.3378,74.628,73.9478,73.2978,72.6789,72.0916,71.5369,71.0157,70.5289,70.0778,69.6636,69.288,68.9525,68.6591,68.4102,68.2084,68.0568,67.9592,67.9197,67.9438,68.0375,68.2084,68.4656,68.8203,69.2861,69.8802,70.6235,71.5424,72.6694,74.0442,75.7143,77.733,80.153,83.0109,86.2942,89.8876,93.5102,96.6931,98.8854,99.707,99.1832,97.726,95.8819,94.09,92.6002,91.5087,90.8239,90.5174,90.5526,90.8991,91.5382,92.4655,93.6921,95.2459,97.1729,99.5381,102.425,105.934,110.172,115.231,121.146,127.813,134.876,141.626,147.027,150.015,149.997,147.198,142.508,136.988,131.457,126.374,121.918,118.104,114.878,112.169,109.91,108.044,106.523,105.31,104.37,103.678,103.208,102.943,102.868,102.972,103.248,103.693,104.309,105.099,106.07,107.232,108.595,110.167,111.954,113.954,116.151,118.511,120.974,123.445,125.795,127.857,129.444,130.364,130.458,129.623,127.843,125.187,121.797,117.861,113.574,
 ,-40,130.558,132.591,134.311,135.679,136.666,137.254,137.437,137.22,136.621,135.669,134.398,132.852,131.073,129.105,126.99,124.767,122.471,120.129,117.769,115.411,113.072,110.764,108.499,106.283,104.124,102.024,99.9867,98.0138,96.1061,94.2639,92.487,90.7749,89.1268,87.5419,86.0189,84.5567,83.1541,81.8098,80.5227,79.2914,78.1148,76.9916,75.9205,74.9005,73.9304,73.0091,72.1355,71.3086,70.5274,69.7909,69.0983,68.4485,67.8407,67.2743,66.7483,66.262,65.8147,65.4057,65.0345,64.7004,64.4029,64.1414,63.9154,63.7246,63.5684,63.4466,63.3588,63.3045,63.2838,63.2962,63.3416,63.4198,63.5307,63.6742,63.8503,64.059,64.3004,64.5744,64.8812,65.2211,65.5942,66.0007,66.4411,66.9158,67.4251,67.9695,68.5497,69.1663,69.82,70.5117,71.2422,72.0127,72.8241,73.6778,74.5748,75.5166,76.5046,77.5401,78.6244,79.7586,80.9435,82.1793,83.4653,84.7998,86.1795,87.5991,89.051,90.525,92.0081,93.4857,94.9418,96.361,97.7302,99.0407,100.289,101.479,102.618,103.719,104.795,105.862,106.934,108.02,109.13,110.268,111.439,112.641,113.872,115.127,116.396,117.668,118.926,120.15,121.316,122.398,123.368,124.2,124.87,125.361,125.66,125.763,125.671,125.391,124.935,124.318,123.56,122.682,121.706,120.652,119.54,118.385,117.2,115.995,114.778,113.554,112.326,111.098,109.87,108.644,107.42,106.201,104.985,103.774,102.569,101.37,100.178,98.9937,97.8185,96.6532,95.4988,94.3561,93.2261,92.1098,91.0082,89.9221,88.8524,87.8001,86.7658,85.7505,84.7547,83.7794,82.8251,81.8925,80.9822,80.0949,79.2312,78.3915,77.5767,76.787,76.0231,75.2857,74.5753,73.8925,73.2379,72.6122,72.0161,71.4505,70.9162,70.4141,69.9453,69.5109,69.1123,68.751,68.4286,68.1472,67.909,67.7166,67.5729,67.4817,67.4469,67.4736,67.5675,67.7356,67.9862,68.3292,68.7766,69.3429,70.0456,70.9055,71.9473,73.1993,74.6926,76.4577,78.5179,80.8764,83.4947,86.2655,88.9895,91.3841,93.1515,94.0976,94.2283,93.7427,92.9287,92.048,91.2794,90.7178,90.3994,90.3291,90.4991,90.8992,91.5239,92.3754,93.4666,94.8233,96.4857,98.5086,100.959,103.912,107.439,111.587,116.341,121.575,126.978,132.021,136.006,138.26,138.417,136.601,133.346,129.327,125.117,121.086,117.418,114.173,111.351,108.924,106.86,105.127,103.695,102.539,101.635,100.961,100.501,100.238,100.16,100.259,100.531,100.972,101.586,102.377,103.353,104.524,105.899,107.488,109.297,111.322,113.548,115.942,118.442,120.955,123.349,125.46,127.098,128.073,128.225,127.453,125.738,123.15,119.83,115.964,111.748,
 ,-41,127.492,129.449,131.102,132.415,133.36,133.92,134.089,133.872,133.286,132.359,131.126,129.625,127.9,125.993,123.944,121.79,119.566,117.299,115.014,112.733,110.47,108.239,106.05,103.911,101.828,99.803,97.8399,95.94,94.1041,92.3323,90.6245,88.9797,87.3975,85.8765,84.4156,83.0137,81.6695,80.3817,79.149,77.9701,76.8439,75.7691,74.7445,73.7689,72.8413,71.9606,71.1257,70.3356,69.5894,68.8861,68.2249,67.605,67.0253,66.4854,65.9843,65.5214,65.0961,64.7076,64.3554,64.0391,63.7578,63.5114,63.2992,63.1209,62.9761,62.8643,62.7854,62.739,62.7249,62.7429,62.7927,62.8743,62.9876,63.1325,63.3088,63.5167,63.7563,64.0275,64.3306,64.6657,65.0331,65.4331,65.866,66.3322,66.8323,67.3667,67.9361,68.5412,69.1828,69.862,70.5796,71.3371,72.1354,72.9763,73.8612,74.7918,75.7701,76.7979,77.8773,79.01,80.1976,81.4413,82.7413,84.0966,85.5043,86.959,88.4521,89.9712,91.4998,93.0179,94.5035,95.9344,97.2915,98.5621,99.7422,100.837,101.86,102.831,103.772,104.705,105.649,106.62,107.631,108.689,109.799,110.962,112.177,113.44,114.741,116.068,117.402,118.72,119.992,121.184,122.258,123.179,123.916,124.446,124.753,124.833,124.688,124.329,123.771,123.036,122.15,121.139,120.034,118.859,117.64,116.394,115.136,113.876,112.621,111.373,110.137,108.911,107.697,106.493,105.299,104.115,102.94,101.773,100.615,99.4655,98.3248,97.1932,96.0712,94.9593,93.8583,92.7687,91.6913,90.6269,89.5764,88.5403,87.5195,86.5148,85.5269,84.5566,83.6045,82.6714,81.7579,80.8647,79.9923,79.1415,78.3127,77.5066,76.7239,75.9649,75.2304,74.5209,73.8371,73.1795,72.549,71.946,71.3714,70.826,70.3106,69.8264,69.3741,68.9552,68.5709,68.2226,67.9122,67.6414,67.4126,67.2282,67.0912,67.0049,66.9733,67.001,67.0934,67.2569,67.4989,67.8283,68.2555,68.7926,69.4539,70.2558,71.2166,72.3561,73.6935,75.2447,77.0166,78.9976,81.1459,83.3765,85.5558,87.5145,89.0869,90.1665,90.7468,90.9191,90.8293,90.6248,90.4214,90.2949,90.2883,90.4234,90.71,91.1518,91.7516,92.5147,93.4532,94.5892,95.9572,97.6037,99.5834,101.952,104.757,108.013,111.684,115.643,119.642,123.306,126.181,127.851,128.096,126.975,124.792,121.955,118.846,115.74,112.801,110.112,107.703,105.581,103.739,102.165,100.848,99.7719,98.9222,98.2844,97.8454,97.5937,97.5202,97.6184,97.8849,98.3195,98.9247,99.7059,100.671,101.829,103.19,104.763,106.551,108.552,110.749,113.107,115.566,118.034,120.383,122.453,124.063,125.03,125.199,124.476,122.843,120.366,117.179,113.459,109.395,
 ,-42,124.296,126.169,127.749,129.002,129.904,130.436,130.595,130.384,129.821,128.931,127.747,126.307,124.65,122.818,120.848,118.777,116.637,114.456,112.257,110.061,107.882,105.735,103.628,101.57,99.5654,97.6182,95.7308,93.905,92.1413,90.44,88.8007,87.2226,85.705,84.2468,82.8468,81.5037,80.2163,78.9832,77.8034,76.6754,75.5979,74.57,73.5903,72.6577,71.7712,70.9297,70.1321,69.3777,68.6653,67.9942,67.3634,66.7723,66.22,65.7057,65.2289,64.7887,64.3847,64.0162,63.6826,63.3834,63.1181,62.8863,62.6876,62.5216,62.3878,62.286,62.2159,62.1772,62.1697,62.1933,62.2476,62.3326,62.4483,62.5945,62.7714,62.9788,63.2168,63.4856,63.7853,64.116,64.4782,64.872,65.2979,65.7563,66.2477,66.7727,67.3321,67.9265,68.557,69.2246,69.9305,70.6761,71.4628,72.2925,73.1672,74.089,75.0603,76.0839,77.1625,78.2989,79.4959,80.7559,82.0807,83.4705,84.9235,86.4347,87.995,89.5897,91.1978,92.7923,94.342,95.8143,97.1804,98.4212,99.5305,100.517,101.404,102.22,103,103.776,104.574,105.418,106.322,107.297,108.349,109.482,110.696,111.986,113.346,114.763,116.216,117.677,119.109,120.465,121.696,122.753,123.592,124.182,124.505,124.558,124.345,123.881,123.188,122.293,121.231,120.039,118.757,117.418,116.052,114.682,113.323,111.984,110.671,109.385,108.127,106.893,105.683,104.493,103.321,102.165,101.024,99.8953,98.7787,97.6733,96.5786,95.4943,94.4206,93.3574,92.3052,91.2645,90.2355,89.219,88.2156,87.2258,86.2503,85.2899,84.3452,83.4168,82.5054,81.6117,80.7363,79.8798,79.0428,78.226,77.43,76.6554,75.9026,75.1724,74.4654,73.7821,73.1231,72.4892,71.881,71.2993,70.7447,70.2181,69.7204,69.2526,68.8157,68.411,68.0397,67.7033,67.4035,67.1422,66.9215,66.7439,66.6122,66.5296,66.4998,66.5272,66.6168,66.7743,67.0066,67.3214,67.7277,68.2359,68.8577,69.6059,70.4942,71.5366,72.7451,74.1276,75.6837,77.3987,79.2374,81.1387,83.0158,84.7664,86.2931,87.5304,88.4615,89.1188,89.5665,89.8779,90.1193,90.3439,90.5927,90.8961,91.2754,91.7435,92.3069,92.9696,93.7389,94.6315,95.6771,96.9172,98.4006,100.174,102.272,104.696,107.404,110.287,113.157,115.756,117.791,119.007,119.264,118.586,117.137,115.16,112.896,110.539,108.225,106.036,104.018,102.197,100.585,99.1858,97.9983,97.0176,96.2364,95.6462,95.2385,95.0054,94.9405,95.0396,95.3007,95.7244,96.3137,97.0742,98.0133,99.1394,100.461,101.986,103.716,105.647,107.76,110.02,112.369,114.715,116.94,118.893,120.404,121.306,121.46,120.776,119.239,116.909,113.909,110.4,106.558,
 ,-43,120.987,122.768,124.27,125.461,126.318,126.824,126.976,126.778,126.245,125.401,124.277,122.908,121.332,119.587,117.708,115.732,113.687,111.601,109.497,107.393,105.307,103.249,101.229,99.2555,97.333,95.4655,93.6557,91.905,90.2141,88.5834,87.0123,85.5004,84.0468,82.6504,81.31,80.0244,78.7925,77.6129,76.4844,75.4057,74.3757,73.3932,72.457,71.566,70.7193,69.9158,69.1545,68.4345,67.7549,67.1149,66.5138,65.9506,65.4247,64.9354,64.482,64.064,63.6807,63.3314,63.0159,62.7336,62.4839,62.2665,62.0809,61.9268,61.8039,61.7119,61.6505,61.6194,61.6184,61.6475,61.7063,61.7949,61.9131,62.0609,62.2384,62.4454,62.6822,62.9487,63.2453,63.5721,63.9294,64.3175,64.7369,65.188,65.6713,66.1876,66.7376,67.3222,67.9423,68.5992,69.2943,70.0292,70.8056,71.6256,72.4917,73.4066,74.3734,75.3956,76.4771,77.6219,78.8345,80.1192,81.4795,82.9183,84.4355,86.0279,87.6864,89.3945,91.126,92.8447,94.5058,96.0606,97.4648,98.6875,99.7196,100.576,101.292,101.914,102.495,103.08,103.707,104.403,105.188,106.075,107.071,108.182,109.408,110.748,112.197,113.743,115.365,117.029,118.689,120.284,121.743,122.996,123.982,124.66,125.009,125.028,124.727,124.126,123.252,122.142,120.844,119.408,117.887,116.329,114.77,113.237,111.745,110.303,108.914,107.574,106.281,105.029,103.814,102.631,101.474,100.341,99.2281,98.1326,97.0526,95.9864,94.9331,93.8918,92.8619,91.8433,90.8359,89.84,88.8556,87.8833,86.9234,85.9765,85.0431,84.1237,83.2191,82.3297,81.4562,80.5992,79.7592,78.937,78.1332,77.3482,76.5827,75.8373,75.1127,74.4094,73.728,73.0691,72.4334,71.8216,71.2343,70.6722,70.1362,69.6271,69.1458,68.6932,68.2704,67.8786,67.5191,67.1935,66.9032,66.6501,66.4364,66.2644,66.1368,66.0567,66.0275,66.0535,66.1391,66.2898,66.5116,66.8115,67.1974,67.6783,68.2637,68.9644,69.791,70.7539,71.8616,73.1187,74.5236,76.0645,77.7164,79.4393,81.1787,82.8724,84.4596,85.8928,87.1456,88.2123,89.1032,89.8384,90.4447,90.9549,91.4071,91.8401,92.2861,92.7652,93.2833,93.8369,94.423,95.0496,95.742,96.5427,97.5037,98.674,100.086,101.745,103.611,105.601,107.575,109.357,110.755,111.607,111.821,111.398,110.425,109.038,107.388,105.608,103.799,102.036,100.368,98.8291,97.4411,96.2178,95.1664,94.2892,93.5849,93.05,92.6799,92.4702,92.4169,92.5176,92.7716,93.1804,93.747,94.4768,95.3763,96.453,97.7138,99.1635,100.803,102.624,104.609,106.721,108.901,111.068,113.107,114.883,116.244,117.041,117.152,116.498,115.067,112.911,110.137,106.888,103.32,
 ,-44,117.588,119.274,120.694,121.821,122.632,123.113,123.261,123.079,122.582,121.792,120.736,119.447,117.961,116.312,114.535,112.662,110.721,108.738,106.736,104.733,102.743,100.78,98.8513,96.9656,95.1282,93.3427,91.6119,89.9373,88.3199,86.7599,85.257,83.8109,82.4205,81.085,79.8033,78.5742,77.3966,76.2691,75.1907,74.1601,73.1762,72.2378,71.3438,70.4933,69.6852,68.9185,68.1923,67.5058,66.858,66.2482,65.6757,65.1397,64.6395,64.1744,63.7439,63.3473,62.9841,62.6538,62.3559,62.0899,61.8554,61.6519,61.4792,61.3369,61.2247,61.1423,61.0894,61.0658,61.0714,61.106,61.1694,61.2615,61.3824,61.5318,61.71,61.9169,62.1527,62.4172,62.711,63.0342,63.387,63.7698,64.1832,64.6274,65.1032,65.6113,66.1525,66.7277,67.3382,67.9853,68.6705,69.3955,70.1625,70.974,71.8328,72.7425,73.7067,74.7299,75.8173,76.9747,78.2084,79.5253,80.9317,82.4338,84.0353,85.7359,87.5287,89.3963,91.3074,93.2139,95.0518,96.7474,98.2304,99.4506,100.393,101.081,101.573,101.945,102.272,102.62,103.039,103.562,104.213,105.004,105.944,107.038,108.29,109.702,111.272,112.991,114.84,116.783,118.759,120.688,122.47,124.001,125.194,125.992,126.375,126.349,125.934,125.155,124.045,122.65,121.035,119.273,117.437,115.592,113.784,112.043,110.385,108.815,107.33,105.922,104.584,103.305,102.079,100.895,99.7491,98.6337,97.5445,96.4776,95.4299,94.3989,93.383,92.3805,91.3907,90.4129,89.4467,88.4919,87.5487,86.6172,85.6976,84.7904,83.8959,83.0147,82.1472,81.294,80.4557,79.6329,78.8259,78.0357,77.2626,76.5073,75.7704,75.0523,74.3539,73.6756,73.0181,72.382,71.768,71.1766,70.6087,70.065,69.5462,69.0532,68.5869,68.1482,67.7383,67.3583,67.0095,66.6933,66.4114,66.1655,65.9577,65.7902,65.6656,65.5869,65.5574,65.581,65.6618,65.805,66.016,66.3012,66.6678,67.1234,67.6767,68.3367,69.1126,70.0132,71.0459,72.2155,73.5224,74.9608,76.517,78.1687,79.8851,81.6296,83.3625,85.0449,86.6388,88.1076,89.4172,90.5406,91.4683,92.2153,92.8224,93.3438,93.8293,94.3074,94.7787,95.2231,95.6169,95.9529,96.2538,96.5708,96.9712,97.5196,98.2604,99.2066,100.332,101.573,102.827,103.969,104.871,105.422,105.555,105.26,104.576,103.58,102.362,101.008,99.594,98.18,96.8119,95.5248,94.3448,93.2903,92.3735,91.6014,90.9772,90.5012,90.1721,89.9882,89.9477,90.0497,90.2947,90.6844,91.222,91.9124,92.7609,93.7735,94.9552,96.3085,97.8314,99.5144,101.337,103.263,105.238,107.182,108.996,110.559,111.738,112.405,112.457,111.828,110.507,108.537,106.011,103.049,99.7874,
 ,-45,114.127,115.714,117.051,118.112,118.878,119.336,119.482,119.32,118.863,118.131,117.149,115.947,114.557,113.011,111.342,109.578,107.748,105.875,103.981,102.083,100.195,98.329,96.4952,94.7005,92.9503,91.2485,89.598,88.0005,86.4569,84.9679,83.5331,82.1522,80.8245,79.5492,78.3253,77.1516,76.0272,74.9508,73.9213,72.9376,71.9985,71.1031,70.2502,69.439,68.6683,67.9374,67.2454,66.5912,65.9743,65.394,64.8492,64.3396,63.8643,63.4228,63.0144,62.6387,62.2952,61.9832,61.7024,61.4525,61.2328,61.043,60.883,60.7521,60.6504,60.5774,60.533,60.5168,60.5289,60.5689,60.6369,60.7326,60.8562,61.0075,61.1865,61.3935,61.6283,61.8913,62.1825,62.5024,62.8511,63.229,63.6365,64.0744,64.5432,65.0436,65.5766,66.1432,66.7446,67.3824,68.0582,68.7742,69.5326,70.3364,71.189,72.0944,73.0573,74.0832,75.1788,76.3517,77.6108,78.966,80.4276,82.0065,83.7118,85.5492,87.5163,89.5978,91.7584,93.9362,96.0405,97.9596,99.5804,100.819,101.649,102.112,102.302,102.339,102.337,102.388,102.554,102.875,103.372,104.058,104.939,106.021,107.311,108.815,110.537,112.477,114.62,116.928,119.331,121.719,123.95,125.867,127.342,128.297,128.719,128.633,128.073,127.07,125.656,123.888,121.853,119.658,117.41,115.195,113.073,111.077,109.219,107.496,105.898,104.41,103.018,101.706,100.463,99.2756,98.1352,97.0339,95.9649,94.923,93.9041,92.9049,91.9229,90.9559,90.0028,89.0624,88.134,87.2173,86.312,85.4182,84.5359,83.6654,82.807,81.9611,81.1282,80.3086,79.5031,78.7119,77.9357,77.1752,76.4308,75.7031,74.9926,74.3,73.6259,72.9709,72.3356,71.7207,71.1267,70.5544,70.0044,69.4776,68.9747,68.4965,68.044,67.6181,67.2198,66.8504,66.5111,66.2034,65.9287,65.6889,65.4858,65.3218,65.1993,65.121,65.0903,65.1106,65.1861,65.3213,65.5214,65.7924,66.1407,66.5735,67.0988,67.7248,68.4602,69.3138,70.2935,71.4062,72.6565,74.046,75.5727,77.2297,79.0056,80.8835,82.839,84.8378,86.8297,88.7471,90.5078,92.0318,93.2669,94.2121,94.9216,95.4825,95.9772,96.4486,96.8862,97.2371,97.4388,97.4579,97.3149,97.083,96.8626,96.7505,96.8145,97.0822,97.5398,98.1373,98.7965,99.4239,99.9241,100.216,100.246,99.9955,99.4772,98.7299,97.8058,96.7607,95.6471,94.5113,93.3925,92.323,91.3286,90.4294,89.6396,88.9691,88.4238,88.0067,87.7191,87.5613,87.5334,87.6356,87.8692,88.2361,88.7395,89.3833,90.1718,91.1091,92.1983,93.4394,94.8283,96.3533,97.9927,99.7113,101.457,103.16,104.729,106.062,107.046,107.574,107.561,106.952,105.739,103.958,101.684,99.0181,96.0739,
 ,-46,110.633,112.12,113.374,114.37,115.091,115.527,115.673,115.533,115.118,114.447,113.542,112.43,111.14,109.702,108.144,106.495,104.78,103.021,101.238,99.4475,97.6644,95.8999,94.163,92.4611,90.7998,89.183,87.6136,86.0937,84.6244,83.2062,81.8392,80.5232,79.2576,78.0418,76.8748,75.7556,74.6833,73.6569,72.6752,71.7372,70.842,69.9885,69.1756,68.4026,67.6684,66.9722,66.3132,65.6907,65.1038,64.5519,64.0341,63.5501,63.0991,62.6805,62.2938,61.9384,61.6139,61.3199,61.0559,60.8215,60.6163,60.44,60.2922,60.1727,60.0812,60.0175,59.9814,59.9726,59.9911,60.0365,60.109,60.2085,60.3348,60.4881,60.6682,60.8753,61.1096,61.3711,61.66,61.9768,62.3217,62.695,63.0973,63.5292,63.9913,64.4844,65.0096,65.568,66.1609,66.7898,67.4569,68.1643,68.9146,69.7113,70.5581,71.4597,72.4219,73.4513,74.5562,75.7463,77.0333,78.4308,79.9542,81.6206,83.4468,85.4475,87.6296,89.9846,92.477,95.0311,97.5216,99.7797,101.623,102.909,103.592,103.742,103.517,103.107,102.681,102.361,102.224,102.31,102.635,103.205,104.024,105.098,106.434,108.047,109.95,112.154,114.657,117.427,120.385,123.388,126.229,128.672,130.519,131.668,132.126,131.96,131.229,129.957,128.166,125.916,123.33,120.568,117.788,115.109,112.604,110.305,108.215,106.318,104.594,103.018,101.566,100.217,98.9533,97.7593,96.6225,95.5327,94.4813,93.4619,92.4691,91.4989,90.5478,89.6136,88.6942,87.7883,86.8949,86.0132,85.143,84.284,83.4362,82.5998,81.7748,80.9617,80.1607,79.3724,78.5971,77.8355,77.0878,76.3548,75.637,74.9349,74.2491,73.5801,72.9286,72.2952,71.6805,71.0851,70.5097,69.9549,69.4215,68.9102,68.4219,67.9572,67.5172,67.1029,66.7151,66.3552,66.0244,65.7239,65.4555,65.2207,65.0215,64.8599,64.7385,64.6598,64.6269,64.6433,64.7128,64.8397,65.029,65.2863,65.6176,66.0299,66.5308,67.1285,67.832,68.6508,69.5946,70.6735,71.8975,73.2764,74.8195,76.5356,78.431,80.5078,82.7573,85.1512,87.6283,90.0859,92.3814,94.3615,95.9135,97.0179,97.761,98.2946,98.7615,99.2311,99.6719,99.9722,99.9992,99.673,99.0141,98.1384,97.2073,96.3713,95.7326,95.3356,95.174,95.2039,95.3576,95.556,95.7211,95.7857,95.7018,95.4441,95.0101,94.4156,93.6882,92.8621,91.9727,91.0539,90.1375,89.2507,88.4172,87.6559,86.9817,86.4053,85.9343,85.5734,85.3255,85.1926,85.1758,85.2765,85.4963,85.8373,86.3022,86.8941,87.616,88.4705,89.4584,90.5779,91.8225,93.1793,94.6258,96.1284,97.6392,99.0955,100.42,101.524,102.315,102.706,102.628,102.037,100.927,99.3265,97.2963,94.9187,92.2868,
 ,-47,107.133,108.522,109.694,110.627,111.305,111.719,111.866,111.749,111.378,110.769,109.942,108.921,107.733,106.403,104.96,103.426,101.828,100.184,98.5144,96.8346,95.1581,93.4961,91.8576,90.2497,88.6781,87.1468,85.659,84.2169,82.8217,81.4742,80.1747,78.923,77.7189,76.5618,75.4508,74.3853,73.3642,72.3867,71.4518,70.5587,69.7061,68.8934,68.1195,67.3836,66.6849,66.0226,65.3958,64.804,64.2462,63.722,63.2306,62.7715,62.344,61.9476,61.582,61.2464,60.9406,60.664,60.4163,60.1971,60.0061,59.8429,59.7072,59.5988,59.5174,59.4629,59.4349,59.4335,59.4582,59.5092,59.5863,59.6895,59.8187,59.9739,60.1552,60.3627,60.5965,60.8568,61.1437,61.4577,61.799,62.1681,62.5654,62.9917,63.4475,63.9338,64.4516,65.002,65.5867,66.2072,66.8658,67.5648,68.3073,69.0968,69.9379,70.8357,71.797,72.8298,73.9438,75.1509,76.466,77.9069,79.4947,81.2542,83.2125,85.3969,87.8292,90.515,93.4263,96.4775,99.5027,102.252,104.433,105.807,106.291,106.007,105.216,104.218,103.257,102.491,102.002,101.823,101.96,102.407,103.162,104.228,105.615,107.345,109.446,111.948,114.868,118.191,121.838,125.628,129.269,132.404,134.725,136.095,136.574,136.31,135.398,133.836,131.599,128.744,125.449,121.963,118.516,115.274,112.319,109.675,107.328,105.246,103.389,101.721,100.208,98.8211,97.5367,96.3354,95.2012,94.1216,93.0865,92.0877,91.1192,90.1757,89.2534,88.3494,87.4612,86.5872,85.7261,84.8769,84.0392,83.2125,82.3966,81.5917,80.7977,80.0149,79.2437,78.4842,77.7371,77.0027,76.2815,75.574,74.8809,74.2024,73.5394,72.8923,72.2617,71.6482,71.0525,70.4751,69.9168,69.3782,68.86,68.363,67.8879,67.4355,67.0069,66.6029,66.2246,65.873,65.5495,65.2554,64.9921,64.7613,64.5649,64.405,64.2837,64.2037,64.168,64.1798,64.2427,64.3611,64.5395,64.7834,65.0988,65.4924,65.9719,66.5458,67.2238,68.0167,68.9366,69.9975,71.2151,72.6079,74.1968,76.006,78.0611,80.3853,82.9902,85.8602,88.9284,92.0529,95.0114,97.5418,99.4368,100.649,101.327,101.738,102.129,102.615,103.13,103.462,103.359,102.66,101.39,99.7423,97.9815,96.3381,94.9579,93.899,93.1536,92.673,92.3877,92.2212,92.1008,91.9642,91.7639,91.4702,91.07,90.5645,89.9658,89.2929,88.5685,87.8168,87.0616,86.3251,85.6274,84.9853,84.4129,83.9209,83.5172,83.2076,82.9961,82.8854,82.8777,82.9747,83.1784,83.4908,83.9142,84.4507,85.1021,85.8695,86.7519,87.7457,88.8428,90.0292,91.2829,92.572,93.8534,95.0722,96.1627,97.0513,97.6626,97.9269,97.7886,97.2149,96.2001,94.7668,92.9632,90.855,88.5179,
 ,-48,103.655,104.949,106.04,106.912,107.549,107.943,108.092,107.998,107.671,107.123,106.373,105.443,104.356,103.134,101.804,100.386,98.9042,97.3763,95.8203,94.251,92.6815,91.1224,89.5825,88.0689,86.5871,85.1415,83.7353,82.3707,81.0493,79.772,78.5393,77.3514,76.208,75.1087,74.0529,73.04,72.0692,71.1397,70.2506,69.4011,68.5903,67.8174,67.0815,66.3818,65.7178,65.0884,64.4929,63.9309,63.4015,62.9043,62.4384,62.0035,61.599,61.2243,60.8792,60.5629,60.2752,60.0157,59.7839,59.5795,59.4024,59.252,59.1282,59.0306,58.9592,58.9136,58.8937,58.8994,58.9305,58.987,59.0687,59.1756,59.3078,59.4651,59.6477,59.8558,60.0893,60.3485,60.6337,60.9452,61.2832,61.6483,62.041,62.4619,62.9117,63.3914,63.9021,64.445,65.0217,65.634,66.2842,66.9749,67.7095,68.4918,69.3267,70.2202,71.1797,72.2144,73.3356,74.5576,75.8981,77.3795,79.029,80.88,82.9717,85.3475,88.0498,91.107,94.5103,98.1745,101.892,105.309,107.97,109.48,109.701,108.832,107.303,105.568,103.967,102.69,101.816,101.357,101.299,101.622,102.311,103.367,104.802,106.648,108.948,111.756,115.12,119.055,123.494,128.225,132.85,136.841,139.727,141.329,141.806,141.444,140.386,138.56,135.838,132.258,128.087,123.712,119.472,115.582,112.13,109.119,106.507,104.237,102.25,100.495,98.9242,97.5025,96.1999,94.9927,93.862,92.7928,91.7734,90.7945,89.8489,88.9306,88.0353,87.1594,86.3004,85.4561,84.6251,83.8061,82.9985,82.2017,81.4155,80.6397,79.8743,79.1196,78.3758,77.6431,76.922,76.2128,75.5161,74.8322,74.1618,73.5053,72.8633,72.2363,71.625,71.0299,70.4516,69.8908,69.3482,68.8243,68.32,67.8359,67.3728,66.9316,66.5131,66.1184,65.7483,65.4041,65.0869,64.798,64.5389,64.3113,64.1168,63.9574,63.8355,63.7535,63.7141,63.7206,63.7765,63.8859,64.0534,64.2842,64.5842,64.9603,65.4204,65.9734,66.63,67.4026,68.3058,69.3574,70.5792,71.9978,73.646,75.5637,77.7968,80.3936,83.3932,86.8031,90.5611,94.4878,98.26,101.459,103.729,104.978,105.457,105.618,105.875,106.41,107.106,107.597,107.439,106.346,104.355,101.79,99.0707,96.5383,94.3852,92.6733,91.3806,90.4414,89.7742,89.2961,88.932,88.6188,88.3073,87.9634,87.5669,87.1097,86.5934,86.0267,85.4227,84.7979,84.1693,83.5541,82.9687,82.4273,81.9423,81.5236,81.1792,80.9148,80.7351,80.6432,80.6417,80.7329,80.9186,81.2005,81.5805,82.0598,82.6391,83.3181,84.0945,84.9632,85.9151,86.9358,88.0039,89.0903,90.1565,91.1554,92.0319,92.7257,93.1762,93.3282,93.1384,92.5811,91.6521,90.3693,88.7701,86.9065,84.839,
 ,-49,100.221,101.424,102.439,103.252,103.851,104.227,104.378,104.307,104.021,103.533,102.859,102.017,101.027,99.9121,98.6922,97.3888,96.0213,94.6076,93.1639,91.7042,90.2407,88.7838,87.3418,85.9219,84.5295,83.1689,81.8436,80.5559,79.3076,78.0998,76.9332,75.8082,74.7246,73.6822,72.6807,71.7195,70.798,69.9154,69.0711,68.2643,67.4943,66.7602,66.0614,65.3971,64.7665,64.1692,63.6043,63.0713,62.5696,62.0985,61.6575,61.2462,60.8641,60.5106,60.1853,59.8879,59.6179,59.3749,59.1588,58.9689,58.8053,58.6675,58.5553,58.4684,58.4067,58.37,58.3581,58.3709,58.4082,58.4701,58.5565,58.6672,58.8023,58.9619,59.1459,59.3546,59.5881,59.8465,60.1301,60.4393,60.7743,61.1357,61.5239,61.9397,62.3839,62.8573,63.3611,63.8967,64.4656,65.0697,65.7116,66.3939,67.1202,67.8947,68.7226,69.6105,70.5664,71.6006,72.7258,73.9583,75.3187,76.8332,78.5352,80.4668,82.6795,85.2347,88.1989,91.6313,95.5539,99.8976,104.423,108.655,111.928,113.624,113.515,111.923,109.512,106.937,104.641,102.834,101.573,100.843,100.599,100.803,101.429,102.471,103.945,105.889,108.365,111.452,115.234,119.766,125.01,130.736,136.437,141.377,144.874,146.698,147.162,146.751,145.655,143.664,140.478,136.096,130.924,125.544,120.438,115.869,111.916,108.548,105.687,103.246,101.145,99.3131,97.6951,96.246,94.9305,93.7212,92.5963,91.539,90.5359,89.5767,88.6533,87.7593,86.8896,86.0404,85.2087,84.3923,83.5892,82.7983,82.0187,81.2497,80.4909,79.7422,79.0034,78.2746,77.5562,76.8482,76.1511,75.4652,74.791,74.1289,73.4795,72.8431,72.2204,71.612,71.0183,70.44,69.8778,69.3321,68.8037,68.2933,67.8015,67.3291,66.8768,66.4456,66.0362,65.6495,65.2867,64.9487,64.6368,64.3522,64.0964,63.8708,63.6773,63.5178,63.3943,63.3094,63.2657,63.2663,63.3146,63.4146,63.5708,63.7884,64.0733,64.4325,64.8741,65.4077,66.0447,66.7992,67.6883,68.7332,69.961,71.406,73.1118,75.1333,77.5372,80.3989,83.791,87.7552,92.2483,97.0636,101.765,105.73,108.393,109.593,109.727,109.509,109.576,110.199,111.192,111.988,111.874,110.387,107.586,103.988,100.227,96.7719,93.8566,91.531,89.7452,88.407,87.4155,86.6764,86.1082,85.644,85.232,84.8343,84.4256,83.9918,83.5273,83.0336,82.5171,81.9878,81.4576,80.939,80.4449,79.9867,79.575,79.2186,78.9246,78.6989,78.5459,78.4691,78.471,78.5541,78.7199,78.9702,79.3059,79.7278,80.2355,80.8275,81.5006,82.2485,83.0617,83.9258,84.8208,85.7202,86.5908,87.3922,88.0788,88.6019,88.9131,88.9692,88.7366,88.1957,87.3433,86.1932,84.7745,83.128,81.3015,
 ,-50,96.8532,97.969,98.9128,99.6708,100.232,100.591,100.745,100.696,100.451,100.02,99.4179,98.6602,97.7651,96.7516,95.6389,94.4457,93.1897,91.8874,90.5534,89.2011,87.8418,86.4853,85.1397,83.8121,82.5078,81.2311,79.9856,78.7737,77.5975,76.4583,75.3567,74.2936,73.2688,72.2823,71.3341,70.4235,69.5502,68.7136,67.9131,67.1479,66.4177,65.7215,65.0588,64.4289,63.8312,63.2651,62.7299,62.2252,61.7503,61.3047,60.888,60.4997,60.1393,59.8064,59.5006,59.2215,58.9688,58.742,58.541,58.3654,58.215,58.0895,57.9886,57.9122,57.8601,57.8321,57.8281,57.8479,57.8915,57.9588,58.0499,58.1643,58.3025,58.4644,58.65,58.8596,59.0931,59.3508,59.6331,59.9401,60.2724,60.6303,61.0144,61.4253,61.864,62.3313,62.8285,63.3568,63.918,64.514,65.1473,65.8209,66.5384,67.3043,68.124,69.0044,69.9543,70.9847,72.1093,73.346,74.7175,76.2535,77.9922,79.983,82.2885,84.9862,88.1662,91.9194,96.3052,101.282,106.596,111.66,115.58,117.477,117.02,114.672,111.369,107.982,105.041,102.761,101.166,100.204,99.8046,99.9075,100.476,101.499,102.993,105.003,107.605,110.899,115.002,120.008,125.915,132.491,139.141,144.935,148.986,151.018,151.517,151.177,150.211,148.22,144.675,139.531,133.373,127.021,121.102,115.921,111.532,107.864,104.802,102.228,100.039,98.1529,96.5028,95.0375,93.7174,92.5117,91.3966,90.3536,89.3683,88.4295,87.5283,86.6579,85.8129,84.9892,84.1834,83.3931,82.6163,81.8517,81.0982,80.3549,79.6216,78.8979,78.1836,77.4789,76.7839,76.0987,75.4237,74.7593,74.1058,73.4637,72.8335,72.2156,71.6106,71.0191,70.4415,69.8786,69.3309,68.7989,68.2835,67.7852,67.3047,66.8428,66.4002,65.9777,65.5762,65.1966,64.8399,64.5072,64.1996,63.9183,63.6648,63.4405,63.2471,63.0864,62.9607,62.8721,62.8233,62.8172,62.8573,62.9473,63.0918,63.2959,63.5655,63.9076,64.3307,64.8448,65.4622,66.1981,67.0715,68.1067,69.3349,70.7964,72.5439,74.6447,77.1836,80.2612,83.9834,88.4304,93.589,99.2407,104.846,109.565,112.59,113.674,113.379,112.722,112.578,113.309,114.662,115.848,115.856,114.012,110.412,105.803,101.052,96.7564,93.1726,90.3272,88.1346,86.4735,85.2227,84.2756,83.5437,82.9565,82.4591,82.0111,81.584,81.1594,80.7271,80.2837,79.8306,79.3731,78.9187,78.4762,78.0551,77.6645,77.3131,77.0083,76.7563,76.5625,76.4311,76.3653,76.3678,76.4407,76.5856,76.8037,77.0954,77.4608,77.8989,78.4073,78.9819,79.616,80.2998,81.0196,81.757,82.4884,83.185,83.8131,84.3352,84.7121,84.9057,84.8821,84.6155,84.091,83.3061,82.2717,81.0101,79.5533,77.9388,
 ,-51,93.5676,94.602,95.4785,96.1851,96.7126,97.0554,97.2118,97.1836,96.9767,96.6001,96.0657,95.3879,94.5824,93.666,92.6557,91.5682,90.4194,89.2243,87.9966,86.7483,85.4903,84.2316,82.9802,81.7428,80.5246,79.3302,78.1629,77.0256,75.9201,74.8481,73.8104,72.8078,71.8407,70.9091,70.0129,69.1519,68.3258,67.5341,66.7763,66.0519,65.3604,64.7012,64.0737,63.4773,62.9116,62.3758,61.8696,61.3923,60.9436,60.5229,60.1298,59.7639,59.4247,59.1118,58.8249,58.5638,58.3278,58.1169,57.9307,57.7691,57.6316,57.5181,57.4284,57.3623,57.3196,57.3002,57.304,57.3308,57.3806,57.4533,57.5489,57.6673,57.8086,57.9729,58.1602,58.3707,58.6044,58.8617,59.1427,59.4479,59.7775,60.1322,60.5123,60.9187,61.3521,61.8136,62.3041,62.8253,63.3787,63.9665,64.5911,65.2555,65.9635,66.7196,67.5296,68.4006,69.3415,70.3639,71.482,72.7147,74.0863,75.6283,77.3821,79.4016,81.7565,84.5354,87.8444,91.7976,96.483,101.886,107.749,113.414,117.813,119.858,119.13,116.214,112.259,108.296,104.911,102.311,100.493,99.376,98.8693,98.8993,99.4208,100.419,101.909,103.941,106.594,109.983,114.24,119.483,125.732,132.762,139.938,146.227,150.634,152.867,153.524,153.414,152.731,150.896,147.18,141.513,134.642,127.59,121.103,115.507,110.834,106.977,103.793,101.141,98.906,96.9938,95.3322,93.8657,92.5514,91.3568,90.2566,89.2314,88.2659,87.3486,86.47,85.6232,84.8023,84.0031,83.222,82.4565,81.7044,80.9644,80.2352,79.5159,78.8062,78.1057,77.4141,76.7315,76.058,75.3938,74.7391,74.0944,73.4598,72.836,72.2234,71.6224,71.0335,70.4574,69.8945,69.3455,68.8109,68.2914,67.7875,67.3,66.8297,66.377,65.9429,65.5281,65.1334,64.7599,64.4083,64.0798,63.7755,63.4966,63.2445,63.0205,62.8264,62.6638,62.5349,62.4418,62.3872,62.3738,62.405,62.4845,62.6166,62.8065,63.0601,63.3845,63.7882,64.2815,64.8774,65.5918,66.4449,67.463,68.6799,70.1399,71.9011,74.0392,76.6506,79.8529,83.7757,88.5281,94.1237,100.344,106.58,111.833,115.102,116.068,115.426,114.422,114.114,114.929,116.564,118.064,118.184,116.082,111.887,106.532,101.068,96.178,92.1289,88.9229,86.4471,84.5586,83.1225,82.0242,81.1711,80.4904,79.9262,79.4364,78.9909,78.5687,78.1568,77.7484,77.3416,76.9379,76.5415,76.1584,75.7952,75.459,75.1563,74.8932,74.6753,74.507,74.3921,74.3337,74.3341,74.3952,74.5183,74.7042,74.9529,75.264,75.6357,76.0652,76.5479,77.0768,77.6424,78.2317,78.8283,79.4113,79.9563,80.4352,80.8173,81.0714,81.1674,81.079,80.7865,80.2783,79.5529,78.6184,77.4924,76.1994,74.7693,
 ,-52,90.3777,91.3363,92.1503,92.8091,93.3051,93.6333,93.7922,93.7835,93.6121,93.2857,92.8149,92.2119,91.4906,90.6657,89.7522,88.7649,87.7183,86.6258,85.4998,84.3516,83.1911,82.0271,80.8669,79.7171,78.5828,77.4685,76.3775,75.3128,74.2764,73.27,72.2947,71.3514,70.4406,69.5625,68.7172,67.9046,67.1245,66.3767,65.6606,64.9759,64.3223,63.6992,63.1059,62.5422,62.0075,61.5014,61.0233,60.5729,60.1496,59.7531,59.383,59.0388,58.7202,58.4269,58.1585,57.9147,57.6953,57.4998,57.3282,57.18,57.0553,56.9535,56.8747,56.8187,56.7853,56.7744,56.7859,56.8196,56.8755,56.9536,57.0538,57.1762,57.3207,57.4875,57.6765,57.888,58.1222,58.3791,58.6592,58.9626,59.2899,59.6415,60.0179,60.4199,60.8481,61.3038,61.788,62.3021,62.8478,63.4271,64.0426,64.6973,65.395,66.1403,66.9388,67.7978,68.7264,69.736,70.8412,72.061,73.42,74.9503,76.6936,78.7051,81.0561,83.8373,87.1587,91.1394,95.8742,101.355,107.324,113.106,117.596,119.656,118.85,115.787,111.668,107.558,104.057,101.368,99.4822,98.3126,97.7626,97.7557,98.2441,99.2113,100.672,102.672,105.291,108.639,112.846,118.023,124.187,131.114,138.191,144.429,148.886,151.295,152.231,152.451,152.081,150.463,146.81,141.056,134.015,126.785,120.153,114.454,109.715,105.821,102.617,99.9587,97.7258,95.8219,94.1729,92.722,91.4257,90.2506,89.1713,88.1678,87.225,86.3307,85.4755,84.6523,83.8552,83.0798,82.3224,81.5805,80.8518,80.1348,79.4283,78.7314,78.0435,77.3644,76.6938,76.0315,75.3779,74.7329,74.0968,73.47,72.8528,72.2457,71.649,71.0633,70.4891,69.9268,69.3772,68.8406,68.3178,67.8094,67.3159,66.838,66.3765,65.9319,65.5051,65.0969,64.708,64.3395,63.9921,63.6668,63.3649,63.0875,62.8358,62.6113,62.4156,62.2503,62.1174,62.0192,61.9579,61.9364,61.9579,62.0261,62.1451,62.32,62.5567,62.8621,63.2449,63.7154,64.2867,64.9749,65.801,66.7916,67.9816,69.4163,71.1555,73.277,75.8799,79.0858,83.0291,87.8255,93.4942,99.817,106.172,111.525,114.833,115.761,115.032,113.942,113.587,114.407,116.089,117.637,117.751,115.546,111.161,105.575,99.8855,94.7955,90.5736,87.2175,84.609,82.602,81.0605,79.87,78.9389,78.1955,77.5845,77.0643,76.6044,76.1827,75.7848,75.4016,75.029,74.6659,74.3141,73.9771,73.6593,73.3659,73.1019,72.8722,72.6811,72.5325,72.4297,72.3752,72.3712,72.4191,72.52,72.6744,72.8817,73.1412,73.4508,73.8071,74.2053,74.6385,75.0978,75.571,76.0437,76.4977,76.9124,77.2646,77.5293,77.6816,77.6981,77.5581,77.2465,76.7548,76.0815,75.2332,74.2233,73.0712,71.7999,
 ,-53,87.2935,88.1819,88.9381,89.5531,90.02,90.3347,90.496,90.5052,90.3665,90.0868,89.6748,89.1414,88.4986,87.7591,86.9364,86.0434,85.0933,84.0979,83.0687,82.016,80.9489,79.8757,78.8033,77.738,76.6848,75.6479,74.631,73.6368,72.6675,71.7249,70.8104,69.9249,69.0689,68.243,67.4473,66.6819,65.9467,65.2415,64.5661,63.9201,63.3032,62.7151,62.1553,61.6233,61.1189,60.6416,60.191,59.7666,59.3681,58.9952,58.6474,58.3245,58.026,57.7518,57.5014,57.2746,57.0711,56.8907,56.7333,56.5985,56.4861,56.3959,56.3279,56.2817,56.2575,56.2549,56.2739,56.3145,56.3765,56.46,56.5648,56.6912,56.839,57.0083,57.1993,57.4119,57.6465,57.9033,58.1825,58.4845,58.8096,59.1583,59.5312,59.9289,60.3522,60.8023,61.2801,61.7871,62.3249,62.8957,63.5018,64.1462,64.8328,65.5659,66.3512,67.1957,68.1085,69.1006,70.1862,71.3838,72.7172,74.2171,75.9238,77.8892,80.1803,82.8812,86.0915,89.9154,94.4286,99.6041,105.184,110.539,114.676,116.601,115.934,113.206,109.472,105.693,102.433,99.9049,98.1178,97.0027,96.4764,96.4704,96.9411,97.8728,99.2776,101.197,103.699,106.877,110.838,115.664,121.344,127.658,134.065,139.745,143.938,146.43,147.651,148.159,147.995,146.564,143.191,137.843,131.262,124.454,118.157,112.705,108.142,104.372,101.259,98.6698,96.4906,94.6308,93.0195,91.6019,90.3361,89.1896,88.1373,87.16,86.2425,85.3731,84.5423,83.7431,82.9696,82.2174,81.4829,80.7635,80.0569,79.3616,78.6763,78.0002,77.3327,76.6733,76.0219,75.3784,74.7428,74.1154,73.4963,72.8858,72.2843,71.6922,71.11,70.5381,69.977,69.4273,68.8894,68.364,67.8517,67.353,66.8686,66.3991,65.9452,65.5076,65.0871,64.6844,64.3002,63.9356,63.5914,63.2685,62.968,62.6912,62.4391,62.2133,62.0151,61.8463,61.7087,61.6044,61.5357,61.5054,61.5165,61.5725,61.6775,61.8364,62.0549,62.34,62.6999,63.1449,63.6877,64.3444,65.1354,66.0868,67.2323,68.6161,70.295,72.3427,74.8518,77.9331,81.7061,86.2663,91.6138,97.5281,103.431,108.399,111.52,112.511,112.002,111.126,110.854,111.584,113.029,114.304,114.258,112.12,108.007,102.774,97.4023,92.5421,88.4607,85.1748,82.5879,80.5717,79.0035,77.778,76.8106,76.0341,75.3968,74.859,74.3909,73.971,73.5841,73.2202,72.8735,72.5414,72.2238,71.9225,71.6401,71.3801,71.1465,70.9427,70.7722,70.6383,70.5435,70.4901,70.4797,70.5135,70.5923,70.7161,70.8843,71.0955,71.3475,71.6367,71.9584,72.3058,72.6706,73.042,73.4069,73.7502,74.0543,74.3,74.4673,74.5364,74.4886,74.3083,73.9836,73.508,72.8807,72.1066,71.1961,70.1644,69.0298,
 ,-54,84.3219,85.1458,85.849,86.4236,86.8639,87.1663,87.3297,87.3553,87.2466,87.0095,86.6517,86.1825,85.6122,84.9521,84.2139,83.4091,82.5494,81.6455,80.7077,79.7454,78.7671,77.7805,76.7921,75.8078,74.8324,73.8703,72.9248,71.9987,71.0944,70.2138,69.3582,68.5287,67.726,66.9508,66.2033,65.4838,64.7922,64.1285,63.4926,62.8843,62.3033,61.7492,61.2219,60.7208,60.2459,59.7966,59.3726,58.9736,58.5992,58.2492,57.9232,57.6209,57.3421,57.0864,56.8535,56.6433,56.4555,56.2899,56.1462,56.0244,55.9241,55.8453,55.7878,55.7514,55.7361,55.7418,55.7683,55.8156,55.8837,55.9726,56.0821,56.2124,56.3635,56.5355,56.7284,56.9424,57.1777,57.4344,57.7129,58.0136,58.3366,58.6826,59.0522,59.4458,59.8645,60.3089,60.7805,61.2804,61.8104,62.3723,62.9687,63.6023,64.2768,64.9965,65.7669,66.5946,67.4881,68.4581,69.5178,70.6845,71.9801,73.4327,75.0785,76.9634,79.1452,81.694,84.6887,88.2051,92.2837,96.8682,101.708,106.27,109.772,111.466,111.076,108.993,106.015,102.908,100.162,97.9914,96.4396,95.4704,95.026,95.0546,95.5219,96.4151,97.7442,99.5415,101.861,104.771,108.345,112.625,117.568,122.968,128.389,133.223,136.931,139.348,140.721,141.373,141.276,139.988,137.042,132.447,126.785,120.852,115.269,110.348,106.164,102.66,99.7362,97.2829,95.2047,93.4222,91.8721,90.5047,89.2814,88.1719,87.153,86.206,85.3168,84.474,83.6687,82.8938,82.1439,81.4144,80.7021,80.0042,79.3185,78.6436,77.9782,77.3215,76.6727,76.0316,75.3978,74.7714,74.1524,73.5409,72.9371,72.3414,71.754,71.1755,70.6062,70.0466,69.4973,68.9586,68.4312,67.9156,67.4124,66.9222,66.4457,65.9834,65.536,65.1043,64.689,64.2907,63.9103,63.5486,63.2066,62.8851,62.5852,62.308,62.0548,61.8267,61.6253,61.4522,61.309,61.198,61.1212,61.0812,61.081,61.124,61.2141,61.3559,61.555,61.818,62.1528,62.5693,63.0797,63.6992,64.4469,65.3473,66.4317,67.7401,69.3235,71.2461,73.5864,76.4343,79.8795,83.9818,88.7098,93.8471,98.9054,103.16,105.935,107.03,106.91,106.423,106.312,106.886,107.922,108.733,108.454,106.512,102.987,98.5158,93.8574,89.5554,85.8638,82.83,80.3957,78.4649,76.9387,75.729,74.7624,73.9801,73.3355,72.7925,72.3237,71.9084,71.5318,71.1837,70.8575,70.5496,70.2586,69.9849,69.73,69.496,69.2856,69.1015,68.9464,68.8228,68.7327,68.6778,68.6596,68.6788,68.7358,68.8304,68.9618,69.1285,69.3278,69.5564,69.8094,70.0807,70.3625,70.6453,70.9177,71.1666,71.3776,71.5348,71.6221,71.6237,71.5249,71.3135,70.9805,70.5208,69.9339,69.2238,68.3984,67.4698,66.4523,
 ,-55,81.4674,82.2323,82.8869,83.4247,83.8406,84.1317,84.2969,84.3373,84.2559,84.0578,83.7495,83.3391,82.8356,82.2487,81.5888,80.8659,80.0905,79.2721,78.4202,77.5431,76.6488,75.7443,74.8357,73.9287,73.0278,72.1372,71.2603,70.3999,69.5582,68.7373,67.9386,67.1633,66.4123,65.6862,64.9855,64.3105,63.6612,63.0379,62.4403,61.8685,61.3223,60.8014,60.3056,59.8346,59.3882,58.9662,58.5681,58.1937,57.8429,57.5152,57.2103,56.9281,56.6684,56.4307,56.215,56.021,55.8484,55.6972,55.5671,55.4579,55.3696,55.3019,55.2547,55.2279,55.2214,55.2352,55.2692,55.3232,55.3973,55.4915,55.6057,55.74,55.8945,56.0692,56.2641,56.4796,56.7156,56.9725,57.2506,57.55,57.8713,58.2148,58.5811,58.9709,59.3849,59.824,60.2894,60.7822,61.3042,61.8572,62.4435,63.0658,63.7275,64.4327,65.1866,65.9953,66.8667,67.8106,68.8388,69.9671,71.2146,72.6059,74.1714,75.9491,77.9849,80.3313,83.0428,86.1628,89.6968,93.5656,97.5434,101.215,104.026,105.476,105.386,104.012,101.894,99.5841,97.474,95.7666,94.5318,93.768,93.446,93.5339,94.0089,94.8626,96.1027,97.7524,99.8487,102.436,105.552,109.206,113.332,117.75,122.134,126.068,129.196,131.384,132.734,133.383,133.273,132.124,129.667,125.943,121.362,116.491,111.804,107.573,103.894,100.753,98.0879,95.8225,93.8828,92.2049,90.7358,89.4331,88.2628,87.1981,86.2179,85.3052,84.4468,83.6324,82.8534,82.1033,81.3768,80.6697,79.9789,79.3016,78.6359,77.9802,77.3333,76.6945,76.063,75.4386,74.821,74.2101,73.6061,73.009,72.419,71.8365,71.2618,70.6954,70.1375,69.5888,69.0498,68.5208,68.0025,67.4954,67.0001,66.5172,66.0473,65.5911,65.1491,64.7222,64.3109,63.916,63.5383,63.1787,62.8379,62.5169,62.2167,61.9384,61.6831,61.452,61.2466,61.0683,60.9189,60.8003,60.7146,60.6643,60.652,60.6812,60.7553,60.879,61.0573,61.2965,61.6041,61.9893,62.4634,63.0402,63.7373,64.5765,65.5854,66.7984,68.2584,70.0171,72.1352,74.6773,77.6997,81.2251,85.1962,89.4162,93.5071,96.9592,99.3259,100.483,100.734,100.633,100.682,101.093,101.71,102.066,101.588,99.9052,97.0661,93.4874,89.6966,86.1066,82.9415,80.2722,78.0791,76.3021,74.8706,73.7167,72.7816,72.0163,71.381,70.8444,70.3818,69.9747,69.6091,69.275,68.9658,68.6772,68.4071,68.1549,67.9212,67.7071,67.5144,67.345,67.2009,67.084,66.9958,66.9375,66.9103,66.9147,66.9506,67.0178,67.1151,67.2409,67.3925,67.5667,67.7588,67.9632,68.1727,68.3791,68.5726,68.7419,68.8751,68.9592,68.9812,68.9285,68.7895,68.5548,68.2173,67.7733,67.2222,66.5673,65.8151,64.9746,64.0575,
 ,-56,78.7321,79.443,80.0534,80.5576,80.9514,81.2321,81.3989,81.4526,81.396,81.2332,80.97,80.6132,80.1707,79.6511,79.0633,78.4162,77.7189,76.9803,76.2085,75.4113,74.5959,73.7689,72.936,72.1022,71.2723,70.45,69.6387,68.8411,68.0596,67.2961,66.5523,65.8293,65.1281,64.4495,63.794,63.162,62.5538,61.9695,61.4092,60.8728,60.3603,59.8715,59.4064,58.9646,58.546,58.1504,57.7775,57.4272,57.0991,56.793,56.5088,56.2462,56.005,55.785,55.586,55.4077,55.25,55.1129,54.996,54.8992,54.8225,54.7657,54.7286,54.7113,54.7135,54.7353,54.7765,54.8372,54.9173,55.0168,55.1358,55.2741,55.432,55.6095,55.8066,56.0236,56.2606,56.5178,56.7954,57.0939,57.4135,57.7547,58.118,58.5041,58.9136,59.3475,59.8068,60.2926,60.8067,61.3506,61.9265,62.5371,63.1854,63.8753,64.6114,65.3993,66.2461,67.1605,68.153,69.2371,70.429,71.7487,73.2211,74.8749,76.7437,78.8627,81.2637,83.963,86.9408,90.1103,93.284,96.1613,98.3755,99.6162,99.7763,99.0123,97.664,96.103,94.6197,93.3902,92.4967,91.9624,91.7826,91.9433,92.433,93.2478,94.3933,95.8847,97.7439,99.9937,102.647,105.686,109.042,112.566,116.026,119.147,121.698,123.568,124.77,125.334,125.198,124.204,122.225,119.316,115.751,111.905,108.116,104.605,101.473,98.7374,96.37,94.3236,92.5472,90.993,89.6197,88.3928,87.2839,86.2701,85.333,84.4578,83.6325,82.8478,82.096,81.3709,80.6677,79.9827,79.3126,78.655,78.0081,77.3704,76.7408,76.1186,75.5031,74.8939,74.2909,73.6941,73.1036,72.5193,71.9417,71.371,70.8075,70.2516,69.7039,69.1646,68.6345,68.1139,67.6033,67.1035,66.6148,66.138,65.6736,65.2223,64.7846,64.3613,63.953,63.5606,63.1847,62.826,62.4856,62.1642,61.8629,61.5825,61.3243,61.0895,60.8793,60.6952,60.5388,60.4119,60.3166,60.2551,60.23,60.2445,60.3018,60.4062,60.5625,60.7765,61.0549,61.4062,61.8406,62.3704,63.0109,63.781,64.7038,65.8074,67.1256,68.6973,70.5653,72.77,75.3395,78.2684,81.4883,84.8347,88.0355,90.7573,92.7263,93.8695,94.3641,94.5396,94.7,94.977,95.2724,95.2991,94.7145,93.3011,91.0886,88.3303,85.3662,82.4877,79.8767,77.6121,75.7024,74.1183,72.8149,71.7447,70.8634,70.1325,69.5199,68.9991,68.5492,68.1538,67.8003,67.4796,67.1851,66.9124,66.659,66.4237,66.2063,66.0074,65.8279,65.6692,65.5326,65.4195,65.3309,65.2679,65.231,65.2205,65.2363,65.2778,65.3437,65.4324,65.5413,65.667,65.8055,65.9515,66.0986,66.2396,66.3661,66.4687,66.5374,66.5615,66.5305,66.4346,66.2643,66.0125,65.6736,65.2448,64.7257,64.1189,63.4295,62.6647,61.8339,
 ,-57,76.1164,76.7782,77.3483,77.822,78.1956,78.4668,78.6349,78.7006,78.6662,78.5354,78.3131,78.0051,77.6183,77.1601,76.6384,76.0611,75.4361,74.7712,74.074,73.3514,72.61,71.8557,71.094,70.3297,69.567,68.8096,68.0608,67.3232,66.5993,65.8909,65.1997,64.5269,63.8738,63.2409,62.629,62.0386,61.4701,60.9235,60.3993,59.8972,59.4174,58.9598,58.5243,58.1108,57.7192,57.3493,57.0008,56.6737,56.3678,56.0829,55.8187,55.5751,55.352,55.1491,54.9663,54.8035,54.6603,54.5369,54.4329,54.3483,54.283,54.2368,54.2098,54.2016,54.2125,54.2421,54.2906,54.3579,54.444,54.5488,54.6724,54.8148,54.9762,55.1566,55.356,55.5746,55.8126,56.0703,56.3477,56.6454,56.9635,57.3026,57.6631,58.0456,58.4508,58.8796,59.333,59.8119,60.318,60.8528,61.4183,62.0169,62.6514,63.3252,64.0425,64.8083,65.6289,66.5116,67.4655,68.5015,69.633,70.8757,72.2481,73.7712,75.4669,77.3562,79.453,81.7552,84.2301,86.7963,89.3088,91.5607,93.3198,94.4007,94.7422,94.4367,93.6905,92.7433,91.8004,91.0028,90.431,90.1212,90.0848,90.3215,90.8288,91.6063,92.6584,93.9936,95.6221,97.5513,99.777,102.271,104.966,107.746,110.451,112.899,114.936,116.472,117.476,117.931,117.787,116.961,115.406,113.178,110.456,107.482,104.488,101.642,99.0351,96.7029,94.6408,92.825,91.2235,89.8037,88.5352,87.3913,86.3495,85.3911,84.5005,83.6651,82.8745,82.1205,81.3963,80.6964,80.0163,79.3527,78.7026,78.0639,77.4348,76.814,76.2005,75.5935,74.9925,74.3972,73.8075,73.2233,72.6447,72.0719,71.5051,70.9446,70.3909,69.8443,69.3051,68.774,68.2515,67.7379,67.2338,66.7399,66.2567,65.7847,65.3246,64.8771,64.4426,64.0219,63.6157,63.2246,62.8495,62.491,62.15,61.8273,61.5239,61.2408,60.9789,60.7395,60.5238,60.3331,60.169,60.0332,59.9276,59.8542,59.8156,59.8145,59.8542,59.9385,60.0717,60.259,60.5067,60.8221,61.2142,61.6937,62.2735,62.9692,63.7995,64.7861,65.9542,67.331,68.9436,70.8137,72.949,75.3287,77.8859,80.493,82.9635,85.0878,86.7029,87.764,88.3659,88.6898,88.9059,89.0889,89.1816,89.0214,88.4182,87.2546,85.5513,83.4579,81.1852,78.929,76.8271,74.9532,73.3308,71.952,70.7924,69.8215,69.0081,68.3238,67.7433,67.2457,66.8134,66.4328,66.0928,65.7852,65.504,65.2448,65.0051,64.7832,64.5785,64.391,64.2212,64.07,63.9381,63.8265,63.7359,63.667,63.6201,63.5951,63.5919,63.6095,63.6469,63.7021,63.7728,63.8559,63.9474,64.0427,64.1362,64.2216,64.2917,64.3386,64.354,64.3291,64.2556,64.1254,63.9312,63.6673,63.3294,62.9152,62.4247,61.8599,61.2249,60.5254,59.7689,
 ,-58,73.6193,74.2363,74.77,75.2159,75.5711,75.8336,76.0027,76.0791,76.0648,75.9628,75.7774,75.5136,75.1774,74.7752,74.314,73.8006,73.2421,72.6455,72.0174,71.3641,70.6917,70.0056,69.3108,68.6118,67.9125,67.2167,66.5271,65.8467,65.1777,64.5219,63.8811,63.2566,62.6495,62.0606,61.4907,60.9404,60.4101,59.9001,59.4106,58.9416,58.4935,58.066,57.6593,57.2733,56.9078,56.5627,56.238,55.9335,55.6492,55.3847,55.14,54.915,54.7094,54.5232,54.3562,54.2083,54.0795,53.9694,53.878,53.8053,53.7511,53.7154,53.6981,53.6991,53.7184,53.7558,53.8115,53.8853,53.9773,54.0874,54.2157,54.3623,54.5272,54.7105,54.9123,55.1327,55.3719,55.6301,55.9075,56.2046,56.5215,56.8586,57.2165,57.5957,57.9968,58.4207,58.8682,59.3405,59.8386,60.3644,60.9194,61.5058,62.1262,62.7836,63.4816,64.2247,65.0179,65.8677,66.7813,67.7675,68.8367,70.0008,71.2727,72.6663,74.1948,75.8681,77.6884,79.6432,81.6968,83.7803,85.787,87.5789,89.0119,89.9768,90.4388,90.4527,90.1425,89.6599,89.1453,88.7058,88.4116,88.3023,88.3975,88.7056,89.2299,89.9728,90.9373,92.1273,93.5453,95.1889,97.0446,99.0806,101.239,103.432,105.547,107.464,109.075,110.307,111.118,111.476,111.344,110.682,109.479,107.787,105.722,103.442,101.101,98.8222,96.6834,94.7238,92.9531,91.3633,89.9375,88.6548,87.4945,86.4372,85.4656,84.5651,83.7229,82.9288,82.1739,81.4512,80.7548,80.0799,79.4225,78.7798,78.149,77.5282,76.9158,76.3107,75.7119,75.1189,74.5311,73.9483,73.3704,72.7973,72.2293,71.6665,71.1091,70.5576,70.0121,69.4732,68.9414,68.4171,67.9007,67.3928,66.894,66.4048,65.9258,65.4575,65.0006,64.5556,64.1233,63.7042,63.2989,62.9083,62.533,62.1737,61.8312,61.5065,61.2002,60.9135,60.6472,60.4025,60.1805,59.9825,59.8101,59.6646,59.548,59.4622,59.4093,59.3921,59.4135,59.4767,59.5859,59.7456,59.9614,60.2395,60.5876,61.0148,61.5316,62.1505,62.8859,63.7539,64.772,65.9578,67.3267,68.8872,70.6349,72.5433,74.5544,76.574,78.4777,80.1351,81.4484,82.3874,82.9977,83.3727,83.6017,83.7239,83.7082,83.4678,82.9037,81.9576,80.6462,79.059,77.3252,75.5731,73.9022,72.3745,71.0185,69.8383,68.8239,67.9576,67.219,66.5879,66.0458,65.5762,65.1653,64.8018,64.4764,64.1819,63.913,63.6657,63.4372,63.2261,63.0312,62.8524,62.6896,62.5433,62.4141,62.3022,62.2084,62.1329,62.0758,62.0369,62.0158,62.0116,62.023,62.0483,62.0852,62.1307,62.1814,62.2331,62.2808,62.3191,62.3419,62.3426,62.3141,62.2495,62.1419,61.9849,61.7727,61.5007,61.1656,60.7657,60.301,59.7731,59.1853,58.5423,57.85,
 ,-59,71.2384,71.8149,72.3154,72.7362,73.0747,73.3292,73.4991,73.585,73.5886,73.5125,73.3603,73.1365,72.8462,72.4951,72.0889,71.634,71.1366,70.6027,70.0385,69.4496,68.8413,68.2189,67.5866,66.9489,66.3094,65.6715,65.0382,64.412,63.7951,63.1896,62.5968,62.0184,61.4554,60.9087,60.3792,59.8675,59.3739,58.8991,58.4431,58.0062,57.5886,57.1904,56.8114,56.4519,56.1117,55.7908,55.4891,55.2065,54.9431,54.6985,54.4727,54.2656,54.0772,53.9073,53.7557,53.6224,53.5073,53.4103,53.3313,53.2703,53.227,53.2015,53.1938,53.2038,53.2313,53.2765,53.3392,53.4195,53.5173,53.6328,53.7659,53.9166,54.0851,54.2714,54.4756,54.6979,54.9385,55.1974,55.475,55.7716,56.0874,56.4228,56.7783,57.1544,57.5517,57.9709,58.4128,58.8784,59.369,59.8858,60.4304,61.0047,61.611,62.2519,62.9304,63.6504,64.4161,65.2325,66.1057,67.0422,68.0498,69.1369,70.3121,71.5839,72.9586,74.4389,76.0202,77.6861,79.4031,81.1168,82.7512,84.2154,85.4204,86.3018,86.8399,87.0673,87.0593,86.9118,86.7192,86.56,86.491,86.5496,86.7578,87.1279,87.6666,88.3777,89.2634,90.3246,91.5589,92.9588,94.5071,96.1735,97.91,99.6508,101.317,102.824,104.097,105.078,105.726,106.009,105.901,105.386,104.466,103.184,101.617,99.8693,98.0439,96.229,94.487,92.8547,91.3484,89.9697,88.7118,87.5629,86.5098,85.5393,84.6386,83.7967,83.0038,82.2514,81.5325,80.8411,80.1723,79.522,78.8868,78.2641,77.6517,77.0478,76.4511,75.8605,75.2753,74.6948,74.1189,73.5471,72.9796,72.4164,71.8575,71.3032,70.7538,70.2097,69.6711,69.1387,68.6127,68.0938,67.5823,67.0789,66.584,66.0983,65.6223,65.1565,64.7016,64.2582,63.8269,63.4083,63.0031,62.6119,62.2354,61.8744,61.5297,61.2019,60.892,60.6009,60.3294,60.0787,59.8498,59.6439,59.4624,59.3067,59.1785,59.0796,59.012,58.9781,58.9804,59.0221,59.1066,59.238,59.421,59.6611,59.9645,60.3386,60.792,61.334,61.9755,62.7277,63.6022,64.6093,65.7561,67.043,68.4599,69.9801,71.5571,73.1232,74.5959,75.8933,76.9547,77.7574,78.32,78.6873,78.9031,78.9869,78.9223,78.6655,78.168,77.404,76.3882,75.1761,73.8479,72.4872,71.164,69.9269,68.8036,67.804,66.9266,66.1627,65.4999,64.9246,64.4237,63.985,63.5977,63.2527,62.9426,62.6612,62.4038,62.1671,61.9484,61.7459,61.5588,61.3863,61.2285,61.0853,60.9569,60.8437,60.7458,60.6633,60.5961,60.544,60.5063,60.4822,60.4703,60.469,60.476,60.4888,60.5041,60.5183,60.5271,60.5257,60.509,60.4714,60.4072,60.3105,60.1759,59.9981,59.7726,59.4957,59.1648,58.7787,58.3373,57.8422,57.2957,56.7017,56.0652,
 ,-60,68.9708,69.5105,69.9809,70.3789,70.7022,70.9493,71.1198,71.2141,71.2337,71.1808,71.0586,70.8709,70.6222,70.3172,69.9613,69.5598,69.1183,68.6421,68.1368,67.6073,67.0585,66.4952,65.9214,65.3411,64.7577,64.1745,63.5941,63.0192,62.4518,61.8938,61.3469,60.8125,60.2916,59.7854,59.2946,58.8198,58.3616,57.9206,57.4969,57.0909,56.7028,56.3327,55.9806,55.6467,55.3311,55.0335,54.7541,54.4927,54.2495,54.0242,53.8168,53.6272,53.4554,53.3013,53.1648,53.0457,52.9441,52.8598,52.7929,52.7432,52.7107,52.6953,52.6969,52.7156,52.7514,52.8041,52.8738,52.9606,53.0643,53.1851,53.3229,53.4778,53.6499,53.8394,54.0461,54.2705,54.5125,54.7723,55.0503,55.3466,55.6615,55.9955,56.3488,56.722,57.1156,57.5304,57.967,58.4263,58.9094,59.4174,59.9519,60.5143,61.1067,61.7312,62.3906,63.0877,63.8262,64.61,65.4435,66.3319,67.2805,68.295,69.3804,70.5413,71.7797,73.0938,74.4758,75.9087,77.3643,78.801,80.1657,81.3989,82.445,83.2657,83.8495,84.2166,84.4133,84.5008,84.5423,84.5941,84.7004,84.893,85.193,85.6139,86.1634,86.8459,87.6629,88.6134,89.6928,90.8911,92.1911,93.5656,94.9763,96.3737,97.7008,98.8985,99.912,100.696,101.217,101.447,101.37,100.978,100.28,99.3076,98.1151,96.7705,95.3446,93.8999,92.4846,91.1308,89.8563,88.6679,87.565,86.5423,85.592,84.7056,83.8745,83.0906,82.3463,81.6354,80.9521,80.2916,79.6498,79.0234,78.4097,77.8062,77.2111,76.623,76.0408,75.4635,74.8905,74.3214,73.7559,73.1939,72.6353,72.0804,71.5292,70.982,70.4392,69.9011,69.3681,68.8406,68.3192,67.8043,67.2965,66.7962,66.3041,65.8206,65.3463,64.8819,64.4279,63.985,63.5536,63.1345,62.7283,62.3356,61.9571,61.5935,61.2455,60.914,60.5997,60.3033,60.026,59.7686,59.5321,59.3176,59.1265,58.96,58.8197,58.7071,58.6243,58.5731,58.556,58.5757,58.6352,58.7379,58.8879,59.0897,59.3484,59.6699,60.0607,60.5279,61.0791,61.7218,62.4631,63.3081,64.2585,65.3107,66.4523,67.6598,68.8971,70.116,71.2615,72.2806,73.1339,73.8033,74.2935,74.6234,74.8132,74.8715,74.7903,74.5485,74.1243,73.5086,72.7148,71.7788,70.7516,69.6883,68.6376,67.6367,66.7091,65.8668,65.1129,64.4442,63.854,63.3338,62.8747,62.4677,62.1049,61.7791,61.4845,61.2161,60.9698,60.7426,60.5322,60.337,60.1559,59.9883,59.8337,59.6922,59.5635,59.4479,59.3454,59.2558,59.1789,59.1143,59.0614,59.0192,58.9864,58.9615,58.9423,58.9266,58.9115,58.8937,58.8695,58.8348,58.7852,58.7162,58.6228,58.5005,58.3446,58.1509,57.9159,57.6366,57.311,56.9382,56.5181,56.052,55.5419,54.991,54.4031,
 ,-61,66.8126,67.3189,67.7621,68.1395,68.4489,68.6893,68.8602,68.9619,68.9957,68.9637,68.8684,68.7132,68.5019,68.2389,67.9286,67.5757,67.1853,66.762,66.3108,65.8361,65.3425,64.834,64.3146,63.7879,63.2571,62.7251,62.1947,61.6682,61.1476,60.6348,60.1314,59.6388,59.1582,58.6905,58.2367,57.7973,57.3731,56.9645,56.5719,56.1957,55.8359,55.4929,55.1668,54.8577,54.5657,54.2907,54.0328,53.7921,53.5685,53.3619,53.1723,52.9998,52.8441,52.7054,52.5834,52.4782,52.3898,52.318,52.2628,52.2242,52.2021,52.1966,52.2075,52.2348,52.2786,52.3389,52.4155,52.5086,52.6182,52.7443,52.8868,53.046,53.2219,53.4145,53.624,53.8504,54.094,54.3549,54.6334,54.9296,55.2439,55.5765,55.928,56.2986,56.6889,57.0995,57.531,57.9844,58.4603,58.96,59.4846,60.0355,60.6144,61.2231,61.8638,62.5388,63.251,64.0033,64.7991,65.642,66.5356,67.4833,68.4878,69.5507,70.6714,71.8458,73.0652,74.314,75.5695,76.8007,77.9707,79.0403,79.9746,80.75,81.3601,81.8175,82.1513,82.401,82.6093,82.8159,83.0543,83.3502,83.7221,84.1826,84.7392,85.3963,86.1547,87.0126,87.9644,88.9998,90.1027,91.2502,92.4119,93.5504,94.624,95.5899,96.4079,97.0436,97.4696,97.6659,97.6201,97.3293,96.8032,96.0656,95.1539,94.1145,92.996,91.8433,90.6929,89.5714,88.4957,87.4747,86.5113,85.6044,84.7501,83.9436,83.1791,82.451,81.7541,81.0835,80.4348,79.8043,79.1887,78.5853,77.9919,77.4066,76.8278,76.2544,75.6854,75.1201,74.558,73.9989,73.4424,72.8887,72.3377,71.7897,71.2447,70.7033,70.1656,69.632,69.1031,68.5794,68.0611,67.5489,67.0434,66.545,66.0543,65.5718,65.0982,64.634,64.1797,63.7361,63.3036,62.883,62.4748,62.0796,61.6981,61.3311,60.9791,60.6429,60.3234,60.0212,59.7372,59.4724,59.2277,59.0041,58.8028,58.625,58.472,58.3454,58.2468,58.1781,58.1413,58.1387,58.1729,58.247,58.3641,58.528,58.7428,59.0129,59.3433,59.739,60.2052,60.7467,61.367,62.0681,62.8486,63.7029,64.6187,65.5764,66.5485,67.5007,68.3955,69.1976,69.88,70.428,70.8395,71.1206,71.2795,71.3194,71.2365,71.0214,70.6657,70.1684,69.5413,68.8088,68.0046,67.1655,66.3255,65.5123,64.7454,64.0362,63.3899,62.8067,62.2835,61.8154,61.3965,61.0208,60.6824,60.3759,60.0967,59.8408,59.6049,59.3864,59.1833,58.9942,58.8179,58.6538,58.5014,58.3604,58.2306,58.1121,58.0046,57.9079,57.8218,57.7456,57.6787,57.6202,57.5688,57.5231,57.4811,57.4408,57.3995,57.3544,57.3024,57.2398,57.1631,57.0683,56.9514,56.8085,56.6361,56.4306,56.1891,55.9095,55.59,55.2299,54.8293,54.3892,53.9113,53.3982,52.8531,
 ,-62,64.7596,65.2358,65.6543,66.0129,66.3098,66.544,66.715,66.8232,66.8698,66.8563,66.7852,66.6593,66.4819,66.2567,65.9878,65.6793,65.3354,64.9605,64.559,64.1349,63.6921,63.2345,62.7657,62.2889,61.8072,61.3233,60.8397,60.3587,59.8823,59.4123,58.9502,58.4973,58.055,57.6241,57.2056,56.8001,56.4084,56.0309,55.6681,55.3204,54.988,54.6711,54.37,54.0848,53.8156,53.5625,53.3255,53.1047,52.9,52.7116,52.5393,52.3832,52.2433,52.1194,52.0117,51.92,51.8443,51.7847,51.741,51.7133,51.7015,51.7056,51.7255,51.7614,51.8132,51.8808,51.9643,52.0637,52.1791,52.3104,52.4578,52.6213,52.801,52.9969,53.2091,53.4378,53.6832,53.9453,54.2245,54.5209,54.8347,55.1664,55.5162,55.8844,56.2717,56.6785,57.1054,57.553,58.0222,58.5139,59.0292,59.5691,60.1351,60.7286,61.3514,62.0055,62.6927,63.4154,64.176,64.9769,65.8202,66.7078,67.6408,68.6189,69.64,70.6992,71.7878,72.8927,73.9959,75.0748,76.1036,77.0563,77.9106,78.6515,79.2756,79.7908,80.2158,80.5767,80.9023,81.2206,81.5564,81.9299,82.3564,82.8465,83.4072,84.042,84.7516,85.5336,86.3822,87.2879,88.2366,89.2093,90.1819,91.1261,92.0109,92.8048,93.4779,94.0041,94.3625,94.5381,94.5221,94.3138,93.9214,93.3624,92.6632,91.8559,90.9746,90.0516,89.1144,88.1845,87.2768,86.4006,85.5606,84.758,83.9917,83.2593,82.5574,81.8823,81.2305,80.5985,79.9829,79.381,78.7905,78.2089,77.6347,77.0663,76.5025,75.9425,75.3854,74.8307,74.2782,73.7276,73.1789,72.632,72.0871,71.5445,71.0044,70.4671,69.9331,69.4028,68.8766,68.3551,67.8386,67.3278,66.8232,66.3254,65.8349,65.3522,64.878,64.4128,63.9572,63.5118,63.0772,62.654,62.2428,61.8442,61.4589,61.0875,60.7306,60.3891,60.0635,59.7547,59.4635,59.1906,58.9371,58.7037,58.4917,58.3021,58.1361,57.9951,57.8804,57.7939,57.7371,57.7122,57.7213,57.7669,57.8516,57.9784,58.1505,58.3712,58.6441,58.9727,59.3603,59.8094,60.3217,60.8969,61.5321,62.2209,62.9524,63.7106,64.4747,65.22,65.9205,66.5515,67.094,67.5357,67.8717,68.1023,68.2298,68.2548,68.1755,67.9885,67.6914,67.2871,66.7855,66.2039,65.5653,64.8949,64.2167,63.5513,62.9141,62.3153,61.7607,61.2522,60.789,60.3686,59.9874,59.6413,59.3263,59.0384,58.7741,58.5302,58.3041,58.0936,57.897,57.7129,57.5405,57.3789,57.2277,57.0865,56.9551,56.8333,56.7207,56.6172,56.5223,56.4354,56.3559,56.2828,56.2149,56.1509,56.0891,56.0275,55.9638,55.8957,55.8202,55.7345,55.6354,55.5195,55.3837,55.2247,55.0396,54.8255,54.5801,54.3016,53.9887,53.6409,53.2583,52.8417,52.3925,51.9129,51.4055,
 ,-63,62.8076,63.2563,63.6525,63.9941,64.2795,64.5079,64.679,64.793,64.8508,64.854,64.8046,64.7049,64.5581,64.3671,64.1358,63.8675,63.5662,63.2356,62.8796,62.5019,62.106,61.6955,61.2735,60.8432,60.4072,59.9683,59.5286,59.0905,58.6556,58.226,57.8029,57.3878,56.9818,56.5859,56.201,55.8279,55.4673,55.1196,54.7854,54.465,54.1589,53.8672,53.5901,53.3279,53.0808,52.8487,52.6319,52.4303,52.2441,52.0732,51.9177,51.7775,51.6528,51.5435,51.4496,51.371,51.3079,51.2601,51.2276,51.2105,51.2087,51.2223,51.2511,51.2954,51.355,51.4299,51.5202,51.6259,51.7471,51.8838,52.036,52.2038,52.3872,52.5865,52.8016,53.0328,53.28,53.5436,53.8236,54.1204,54.4341,54.765,55.1134,55.4797,55.8642,56.2675,56.6901,57.1325,57.5954,58.0797,58.5862,59.1158,59.6696,60.2489,60.8549,61.4892,62.1533,62.8487,63.577,64.3397,65.1381,65.9727,66.8436,67.7494,68.6874,69.6525,70.6369,71.6298,72.6173,73.5829,74.5084,75.3765,76.1724,76.8867,77.5171,78.0691,78.5549,78.9916,79.3991,79.7972,80.2039,80.6346,81.1015,81.6133,82.1756,82.7915,83.4611,84.1819,84.9486,85.7525,86.5817,87.4208,88.2506,89.0497,89.7946,90.4617,91.0287,91.476,91.7877,91.9525,91.9643,91.823,91.5352,91.1136,90.577,89.948,89.2508,88.509,87.7433,86.9706,86.2038,85.4515,84.7192,84.0093,83.3224,82.6577,82.0137,81.3882,80.7786,80.1829,79.5986,79.0238,78.4567,77.8955,77.3391,76.7863,76.2362,75.6881,75.1415,74.5962,74.0517,73.5082,72.9657,72.4242,71.884,71.3453,70.8085,70.2741,69.7423,69.2137,68.6888,68.1681,67.6521,67.1413,66.6364,66.1378,65.6462,65.1621,64.6861,64.2188,63.7607,63.3124,62.8746,62.4478,62.0327,61.6297,61.2396,60.863,60.5004,60.1527,59.8204,59.5043,59.205,58.9235,58.6605,58.4169,58.1937,57.9918,57.8124,57.6566,57.5258,57.4212,57.3445,57.2973,57.2815,57.2991,57.3521,57.443,57.5741,57.7478,57.9667,58.233,58.5485,58.9146,59.3314,59.7973,60.3089,60.8599,61.4409,62.0391,62.6385,63.2214,63.7689,64.2637,64.6913,65.0419,65.3098,65.4928,65.5903,65.602,65.5271,65.3646,65.1152,64.7828,64.3757,63.9066,63.3917,62.8485,62.2944,61.7445,61.211,60.7027,60.2248,59.7803,59.3697,58.9919,58.645,58.3265,58.0334,57.763,57.5128,57.2801,57.063,56.8597,56.6688,56.4891,56.3197,56.16,56.0094,55.8675,55.734,55.6087,55.4912,55.3811,55.278,55.1813,55.0904,55.0043,54.9219,54.8419,54.7628,54.683,54.6003,54.5127,54.4177,54.3127,54.1952,54.0623,53.9114,53.7399,53.5452,53.3251,53.0777,52.8016,52.4958,52.1598,51.7938,51.3985,50.9751,50.5254,50.0515,
 ,-64,60.9517,61.3757,61.7516,62.0777,62.3527,62.5758,62.7467,62.8657,62.9336,62.9517,62.9217,62.8457,62.7263,62.5664,62.369,62.1373,61.8747,61.5845,61.2702,60.9351,60.5825,60.2154,59.8369,59.4497,59.0563,58.6593,58.2608,57.8628,57.4672,57.0755,56.6894,56.3099,55.9383,55.5757,55.2229,54.8806,54.5496,54.2304,53.9236,53.6295,53.3485,53.081,52.827,52.587,52.3611,52.1493,51.952,51.769,51.6005,51.4467,51.3074,51.1828,51.0728,50.9776,50.8971,50.8314,50.7804,50.7441,50.7226,50.7159,50.7239,50.7468,50.7844,50.8368,50.9041,50.9863,51.0833,51.1953,51.3222,51.4642,51.6212,51.7934,51.9808,52.1835,52.4017,52.6353,52.8847,53.1498,53.431,53.7283,54.0421,54.3725,54.7198,55.0844,55.4666,55.8669,56.2855,56.7232,57.1804,57.6578,58.1562,58.6762,59.2188,59.7848,60.3754,60.9916,61.6344,62.3049,63.0042,63.7329,64.4915,65.28,66.0978,66.9428,67.8122,68.7011,69.603,70.5089,71.4083,72.2891,73.1384,73.9444,74.6971,75.3904,76.0229,76.5982,77.1243,77.613,78.0776,78.5323,78.9903,79.4629,79.9594,80.4867,81.0493,81.6494,82.2869,82.9593,83.6617,84.3867,85.1245,85.8622,86.5851,87.2764,87.9182,88.4928,88.9834,89.3749,89.6556,89.8169,89.8544,89.7682,89.5632,89.2487,88.8382,88.3478,87.795,87.1969,86.5695,85.9259,85.2768,84.63,83.9909,83.3625,82.7464,82.143,81.5518,80.9717,80.4013,79.8393,79.2842,78.7345,78.189,77.6467,77.1065,76.5678,76.0298,75.4923,74.9548,74.4171,73.8794,73.3415,72.8036,72.266,71.7288,71.1926,70.6577,70.1245,69.5935,69.0652,68.5402,68.0188,67.5019,66.9897,66.4831,65.9825,65.4885,65.0017,64.5227,64.0521,63.5904,63.1381,62.6961,62.2647,61.8446,61.4363,61.0405,60.6578,60.2888,59.934,59.5942,59.2701,58.9622,58.6715,58.3985,58.1441,57.9092,57.6947,57.5015,57.3307,57.1834,57.0608,56.9642,56.895,56.8546,56.8448,56.8672,56.9235,57.0155,57.1449,57.3135,57.5224,57.7726,58.0645,58.3972,58.7687,59.1754,59.6114,60.0689,60.5377,61.0056,61.4592,61.8849,62.2697,62.603,62.8764,63.0845,63.2244,63.2942,63.2933,63.2213,63.0782,62.866,62.5886,62.2527,61.8678,61.4456,60.9988,60.5397,60.08,59.6291,59.1939,58.7797,58.3892,58.0238,57.6834,57.3671,57.0734,56.8004,56.5462,56.3089,56.0867,55.8779,55.6811,55.4952,55.3192,55.1523,54.9938,54.8434,54.7004,54.5646,54.4358,54.3134,54.1971,54.0865,53.9809,53.8797,53.7821,53.6869,53.5931,53.4991,53.4036,53.3048,53.2008,53.0894,52.9687,52.8362,52.6897,52.5269,52.3457,52.144,51.92,51.6722,51.3995,51.101,50.7764,50.4259,50.0501,49.65,49.227,48.7831,
 ,-65,59.1875,59.5889,59.9464,60.2584,60.5239,60.742,60.9127,61.0362,61.113,61.1443,61.1317,61.0771,60.9825,60.8505,60.6839,60.4854,60.258,60.0047,59.7286,59.4326,59.1197,58.7927,58.4544,58.1072,57.7534,57.3955,57.0355,56.6751,56.3163,55.9604,55.609,55.2632,54.9244,54.5933,54.2709,53.958,53.6552,53.3633,53.0826,52.8137,52.5568,52.3124,52.0807,51.862,51.6565,51.4644,51.2858,51.1207,50.9695,50.832,50.7085,50.5989,50.5033,50.4217,50.3543,50.301,50.2618,50.2368,50.226,50.2294,50.2471,50.279,50.3252,50.3858,50.4607,50.5499,50.6537,50.7718,50.9045,51.0518,51.2137,51.3903,51.5817,51.788,52.0092,52.2456,52.4972,52.7641,53.0465,53.3447,53.6588,53.989,54.3356,54.6989,55.0791,55.4767,55.892,56.3254,56.7775,57.2486,57.7396,58.2509,58.7832,59.3373,59.9138,60.5135,61.1372,61.7855,62.4589,63.1576,63.8818,64.6308,65.4036,66.1981,67.0113,67.839,68.6756,69.5141,70.3463,71.1632,71.9558,72.7158,73.4362,74.113,74.7452,75.3352,75.8884,76.4128,76.9176,77.4127,77.9076,78.4107,78.9289,79.4676,80.0299,80.6174,81.2298,81.8646,82.5177,83.1825,83.8509,84.5128,85.1562,85.7681,86.3348,86.8428,87.2792,87.6328,87.8943,88.0574,88.1188,88.0786,87.9403,87.7108,87.3995,87.0184,86.58,86.0971,85.5817,85.0444,84.4937,83.9365,83.3776,82.8204,82.267,81.7183,81.1747,80.6359,80.1014,79.5703,79.0418,78.5151,77.9894,77.4641,76.9385,76.4122,75.8848,75.3561,74.8261,74.2947,73.7619,73.2281,72.6933,72.158,71.6225,71.0872,70.5525,70.0191,69.4873,68.9578,68.4311,67.9077,67.3884,66.8735,66.3638,65.8598,65.3622,64.8715,64.3882,63.9131,63.4465,62.9893,62.5419,62.1049,61.6788,61.2643,60.8619,60.4722,60.0958,59.7333,59.3853,59.0524,58.7354,58.4347,58.1512,57.8856,57.6386,57.4111,57.2038,57.0178,56.8539,56.7133,56.5969,56.5059,56.4416,56.4052,56.398,56.4213,56.4763,56.5642,56.6861,56.8425,57.0338,57.2596,57.5186,57.8087,58.1261,58.4659,58.8215,59.1846,59.546,59.8955,60.2227,60.5181,60.7733,60.9815,61.138,61.2395,61.2841,61.2709,61.1996,61.0709,60.8868,60.6508,60.3683,60.0466,59.6942,59.3204,58.9344,58.5449,58.1592,57.7831,57.421,57.0756,56.7486,56.4405,56.151,55.8793,55.6243,55.3848,55.1593,54.9465,54.7452,54.5543,54.3728,54.1999,54.0349,53.8773,53.7266,53.5824,53.4442,53.3118,53.1849,53.0629,52.9454,52.8318,52.7214,52.6136,52.5072,52.4013,52.2946,52.1858,52.0734,51.9556,51.8307,51.697,51.5523,51.395,51.223,51.0346,50.828,50.6019,50.355,50.0863,49.7953,49.4817,49.1457,48.7877,48.4088,48.01,47.5931,
 ,-66,57.5102,57.8911,58.2319,58.5311,58.7878,59.0015,59.1718,59.2991,59.3838,59.427,59.43,59.3945,59.3222,59.2155,59.0768,58.9084,58.7131,58.4934,58.2522,57.9921,57.7158,57.4257,57.1245,56.8143,56.4974,56.1759,55.8517,55.5266,55.2022,54.88,54.5614,54.2474,53.9394,53.6382,53.3447,53.0597,52.7839,52.5179,52.2621,52.0172,51.7835,51.5613,51.351,51.1528,50.9669,50.7936,50.6331,50.4854,50.3507,50.2292,50.1208,50.0258,49.9441,49.8758,49.8211,49.7798,49.7522,49.7382,49.7378,49.7511,49.7782,49.819,49.8737,49.9422,50.0246,50.1209,50.2312,50.3556,50.494,50.6466,50.8134,50.9945,51.19,51.3999,51.6244,51.8636,52.1175,52.3864,52.6704,52.9696,53.2844,53.6147,53.9609,54.3232,54.7019,55.0972,55.5096,55.9393,56.3868,56.8525,57.3369,57.8404,58.3635,58.9068,59.4707,60.0558,60.6626,61.2912,61.942,62.6149,63.3095,64.025,64.7602,65.513,66.2806,67.0594,67.8446,68.6308,69.4116,70.1804,70.9306,71.6562,72.3524,73.0164,73.6474,74.2469,74.8187,75.368,75.9013,76.4256,76.9475,77.4732,78.0078,78.5549,79.1171,79.6952,80.2886,80.8951,81.511,82.1308,82.7477,83.3535,83.9388,84.4932,85.0062,85.4673,85.8666,86.1954,86.4468,86.6158,86.6997,86.6987,86.6151,86.4541,86.2225,85.9287,85.5823,85.1926,84.7689,84.3194,83.8511,83.3698,82.8798,82.3845,81.8861,81.3861,80.8851,80.3835,79.8813,79.3781,78.8737,78.3678,77.8598,77.3495,76.8367,76.321,75.8025,75.2811,74.7568,74.23,73.7006,73.1691,72.6359,72.1012,71.5656,71.0296,70.4937,69.9584,69.4243,68.892,68.3622,67.8353,67.3121,66.7931,66.2789,65.7702,65.2676,64.7716,64.2829,63.8021,63.3296,62.8662,62.4124,61.9687,61.5357,61.114,60.7041,60.3065,59.922,59.5509,59.194,58.8517,58.5247,58.2136,57.9191,57.6417,57.3822,57.1414,56.9198,56.7183,56.5379,56.3792,56.2433,56.131,56.0433,55.9811,55.9455,55.9374,55.9576,56.0068,56.0856,56.1942,56.3324,56.4994,56.6939,56.9134,57.1548,57.4135,57.6842,57.9603,58.2345,58.4989,58.7458,58.9675,59.1576,59.3107,59.4226,59.4904,59.512,59.4866,59.4141,59.2951,59.1315,58.9263,58.6837,58.4093,58.1095,57.7912,57.4613,57.1264,56.7922,56.4634,56.1437,55.8356,55.5409,55.2602,54.9939,54.7415,54.5024,54.2759,54.0609,53.8566,53.662,53.4762,53.2985,53.1282,52.9648,52.8077,52.6565,52.5109,52.3703,52.2346,52.1033,51.976,51.8522,51.7314,51.6129,51.4961,51.38,51.2637,51.1461,51.026,50.9021,50.7729,50.6369,50.4926,50.3383,50.1724,49.9934,49.7997,49.59,49.3631,49.118,48.854,48.5706,48.2676,47.9452,47.6038,47.2442,46.8675,46.475,
 ,-67,55.9152,56.2776,56.6031,56.8907,57.1394,57.3488,57.5188,57.6493,57.7411,57.7949,57.8119,57.7935,57.7414,57.6576,57.544,57.403,57.2368,57.0479,56.8386,56.6113,56.3686,56.1126,55.8456,55.5697,55.287,54.9994,54.7086,54.4165,54.1243,53.8337,53.5458,53.2619,52.9831,52.7101,52.444,52.1855,51.9353,51.694,51.4621,51.2401,51.0285,50.8276,50.6377,50.4592,50.2922,50.1371,49.9939,49.8629,49.7443,49.6381,49.5444,49.4635,49.3952,49.3399,49.2974,49.2679,49.2515,49.2482,49.258,49.281,49.3173,49.3669,49.4298,49.5062,49.596,49.6992,49.8161,49.9466,50.0907,50.2486,50.4204,50.606,50.8056,51.0193,51.2472,51.4893,51.7458,52.0169,52.3026,52.6033,52.9188,53.2496,53.5957,53.9574,54.3349,54.7286,55.1386,55.5652,56.0088,56.4697,56.9483,57.445,57.9601,58.4939,59.0468,59.6191,60.2111,60.8227,61.454,62.1048,62.7744,63.4619,64.166,64.8848,65.6156,66.3555,67.1006,67.8463,68.588,69.3205,70.0389,70.739,71.4172,72.0715,72.7012,73.3073,73.8923,74.4597,75.0138,75.5597,76.1019,76.6449,77.1922,77.7465,78.3093,78.8811,79.4611,80.0471,80.6359,81.223,81.8027,82.3681,82.9119,83.4258,83.9015,84.3307,84.7059,85.0202,85.2682,85.4461,85.5517,85.5849,85.5474,85.4428,85.2761,85.0536,84.7821,84.4688,84.1207,83.7443,83.3453,82.9284,82.4977,82.056,81.6058,81.1485,80.6853,80.2168,79.7434,79.2652,78.7822,78.2946,77.8021,77.3048,76.8028,76.2959,75.7845,75.2685,74.7483,74.2242,73.6966,73.1658,72.6323,72.0966,71.5593,71.0209,70.482,69.9432,69.4052,68.8686,68.3341,67.8022,67.2736,66.749,66.2289,65.7141,65.2052,64.7027,64.2072,63.7194,63.2399,62.7692,62.3078,61.8564,61.4154,60.9855,60.5672,60.161,59.7674,59.3871,59.0204,58.6681,58.3306,58.0085,57.7023,57.4128,57.1405,56.8859,56.6498,56.4329,56.2358,56.0592,55.904,55.7707,55.6602,55.5733,55.5105,55.4726,55.46,55.4732,55.5124,55.5774,55.6678,55.7826,55.9203,56.0787,56.2549,56.4449,56.6444,56.848,57.05,57.2442,57.4244,57.5849,57.7204,57.8267,57.9,57.938,57.9387,57.9014,57.8258,57.7125,57.5633,57.3805,57.1674,56.9283,56.6681,56.392,56.1051,55.8126,55.5189,55.2278,54.9424,54.6649,54.397,54.1395,53.8928,53.6571,53.4318,53.2167,53.011,52.8141,52.6254,52.4441,52.2697,52.1016,51.9393,51.7825,51.6307,51.4835,51.3406,51.2016,51.0663,50.9341,50.8047,50.6775,50.5518,50.4272,50.3027,50.1774,50.0506,49.9209,49.7874,49.6487,49.5037,49.3508,49.1888,49.0164,48.8321,48.6349,48.4235,48.197,47.9546,47.6956,47.4198,47.1271,46.8175,46.4916,46.1499,45.7933,45.423,
 ,-68,54.3983,54.7437,55.0553,55.3322,55.5736,55.7792,55.9485,56.082,56.18,56.2433,56.2728,56.2699,56.2359,56.1727,56.082,55.9658,55.8261,55.6652,55.4851,55.2879,55.076,54.8514,54.616,54.3718,54.1208,53.8647,53.6051,53.3437,53.0818,52.8207,52.5618,52.3062,52.0548,51.8086,51.5684,51.335,51.1091,50.8913,50.6821,50.482,50.2915,50.111,49.9407,49.781,49.6322,49.4945,49.3681,49.2532,49.15,49.0586,48.9792,48.9118,48.8567,48.8138,48.7833,48.7652,48.7597,48.7668,48.7866,48.8191,48.8644,48.9225,48.9936,49.0776,49.1747,49.2849,49.4082,49.5448,49.6947,49.8579,50.0347,50.2249,50.4287,50.6462,50.8776,51.1228,51.3822,51.6556,51.9433,52.2455,52.5622,52.8937,53.2402,53.6017,53.9785,54.3709,54.779,55.2032,55.6436,56.1005,56.5743,57.0651,57.5732,58.0989,58.6423,59.2037,59.783,60.3801,60.995,61.6272,62.276,62.9404,63.6191,64.3104,65.0121,65.7214,66.4351,67.1499,67.8619,68.5672,69.2621,69.9434,70.6086,71.256,71.885,72.4963,73.0913,73.6723,74.2426,74.8052,75.3635,75.9204,76.4785,77.0394,77.6041,78.1726,78.744,79.3164,79.8867,80.4511,81.0049,81.5426,82.058,82.5445,82.9957,83.4048,83.7659,84.0736,84.3237,84.513,84.6397,84.7035,84.7057,84.6486,84.536,84.3724,84.1629,83.913,83.628,83.313,82.9725,82.6106,82.2307,81.8355,81.4272,81.0075,80.5774,80.1381,79.69,79.2338,78.7696,78.2977,77.8186,77.3321,76.8388,76.3388,75.8324,75.3201,74.8021,74.2789,73.7511,73.2192,72.6837,72.1452,71.6044,71.0619,70.5184,69.9745,69.4309,68.8883,68.3474,67.8089,67.2735,66.7417,66.2144,65.692,65.1754,64.665,64.1615,63.6655,63.1777,62.6985,62.2285,61.7683,61.3183,60.8793,60.4516,60.0358,59.6324,59.242,58.865,58.5019,58.1532,57.8195,57.5013,57.1992,56.9136,56.6451,56.3943,56.1617,55.948,55.7537,55.5793,55.4256,55.293,55.1821,55.0934,55.0272,54.984,54.9637,54.9664,54.9918,55.0391,55.1074,55.1952,55.3003,55.4202,55.5516,55.6907,55.8334,55.9748,56.1102,56.2347,56.3437,56.433,56.4992,56.5391,56.5506,56.5322,56.483,56.4028,56.2923,56.1525,55.9856,55.7941,55.5812,55.3506,55.1064,54.8525,54.5928,54.3308,54.0696,53.8117,53.5591,53.3132,53.075,52.8449,52.6233,52.4099,52.2046,52.007,51.8166,51.6329,51.4554,51.2838,51.1174,50.9561,50.7992,50.6466,50.4979,50.3528,50.2108,50.0717,49.9352,49.8007,49.6677,49.5358,49.4043,49.2725,49.1397,49.0049,48.8673,48.7258,48.5794,48.4269,48.2673,48.0993,47.9219,47.734,47.5345,47.3226,47.0973,46.8582,46.6047,46.3366,46.0538,45.7564,45.4448,45.1197,44.7817,44.4319,
 ,-69,52.955,53.2849,53.5839,53.8511,54.0857,54.2876,54.4564,54.5923,54.6959,54.7676,54.8084,54.8193,54.8017,54.7572,54.6872,54.5934,54.4779,54.3425,54.1891,54.0196,53.8359,53.6401,53.4338,53.2191,52.9974,52.7705,52.54,52.3072,52.0736,51.8403,51.6086,51.3795,51.154,50.933,50.7174,50.5078,50.305,50.1095,49.9219,49.7427,49.5724,49.4113,49.2598,49.1182,48.9868,48.8659,48.7556,48.6561,48.5678,48.4908,48.4251,48.3709,48.3284,48.2976,48.2787,48.2717,48.2768,48.2941,48.3235,48.3653,48.4194,48.4859,48.565,48.6566,48.7609,48.8779,49.0076,49.1503,49.3059,49.4745,49.6562,49.851,50.0592,50.2807,50.5157,50.7642,51.0264,51.3024,51.5924,51.8964,52.2146,52.5472,52.8943,53.256,53.6326,54.0242,54.4311,54.8534,55.2913,55.745,56.2148,56.7008,57.2031,57.722,58.2575,58.8097,59.3784,59.9635,60.5648,61.1816,61.8134,62.4591,63.1174,63.787,64.4656,65.1511,65.841,66.5323,67.2221,67.9073,68.5852,69.2533,69.9095,70.5526,71.182,71.7979,72.4013,72.9936,73.577,74.1535,74.7254,75.2945,75.8625,76.4304,76.9986,77.5669,78.1342,78.6986,79.2576,79.8077,80.3451,80.865,81.3625,81.8322,82.2688,82.6671,83.022,83.3295,83.5859,83.7887,83.9362,84.0283,84.0655,84.0494,83.9828,83.869,83.7118,83.5152,83.2834,83.0203,82.7297,82.4148,82.0787,81.7237,81.3517,80.9646,80.5636,80.1497,79.7237,79.2863,78.8382,78.3797,77.9114,77.4336,76.9469,76.4516,75.9484,75.4376,74.9198,74.3957,73.8659,73.3309,72.7915,72.2484,71.7023,71.1538,70.6039,70.0531,69.5022,68.9519,68.4031,67.8563,67.3124,66.772,66.2358,65.7045,65.1787,64.6591,64.1463,63.6408,63.1434,62.6545,62.1748,61.7047,61.2448,60.7956,60.3576,59.9314,59.5173,59.116,58.7278,58.3533,57.9929,57.6471,57.3163,57.0011,56.7019,56.4192,56.1534,55.9052,55.6748,55.4628,55.2698,55.096,54.942,54.8081,54.6946,54.6017,54.5296,54.4782,54.4474,54.4365,54.445,54.4718,54.5153,54.5737,54.6448,54.7257,54.8133,54.904,54.9942,55.0799,55.1572,55.2225,55.2723,55.3038,55.3145,55.3025,55.2664,55.2055,55.1197,55.0093,54.8753,54.7191,54.5429,54.3491,54.1406,53.9204,53.6916,53.4571,53.2199,52.9822,52.7463,52.5137,52.2858,52.0635,51.8473,51.6374,51.4341,51.2371,51.0463,50.8614,50.6821,50.5078,50.3385,50.1736,50.0128,49.8558,49.7023,49.5521,49.4048,49.26,49.1176,48.977,48.838,48.7,48.5626,48.4252,48.2871,48.1478,48.0064,47.8621,47.714,47.5613,47.403,47.238,47.0655,46.8846,46.6942,46.4936,46.282,46.0588,45.8235,45.5757,45.3152,45.042,44.7562,44.4582,44.1486,43.8279,43.4971,
 ,-70,51.5812,51.897,52.1844,52.4427,52.6712,52.8696,53.0378,53.1759,53.2843,53.3635,53.4144,53.4379,53.4351,53.4073,53.3561,53.2828,53.1893,53.0771,52.948,52.8038,52.6461,52.4768,52.2975,52.1099,51.9154,51.7157,51.5121,51.3061,51.0988,50.8915,50.6853,50.4812,50.2801,50.083,49.8905,49.7035,49.5225,49.3483,49.1813,49.022,48.8708,48.7284,48.5948,48.4705,48.3558,48.2509,48.1562,48.0717,47.9977,47.9344,47.882,47.8405,47.8102,47.7911,47.7835,47.7873,47.8028,47.8299,47.8688,47.9196,47.9823,48.0571,48.144,48.2431,48.3544,48.4782,48.6144,48.763,48.9243,49.0983,49.285,49.4845,49.6971,49.9227,50.1614,50.4134,50.6787,50.9575,51.2499,51.556,51.8761,52.21,52.5581,52.9205,53.2973,53.6887,54.0948,54.5159,54.952,55.4033,55.87,56.3522,56.85,57.3634,57.8925,58.4371,58.9973,59.5726,60.1629,60.7674,61.3856,62.0165,62.6589,63.3114,63.9724,64.6399,65.3118,65.9858,66.6594,67.3304,67.9965,68.6557,69.3065,69.9476,70.5787,71.1996,71.8109,72.4135,73.0086,73.5975,74.1817,74.7623,75.3403,75.9161,76.4898,77.0608,77.628,78.1897,78.7434,79.2864,79.815,80.3255,80.8136,81.2749,81.7051,82.0998,82.4551,82.7673,83.0336,83.2517,83.4204,83.539,83.6078,83.6281,83.6015,83.5306,83.4181,83.267,83.0806,82.862,82.6142,82.3399,82.0415,81.7212,81.3808,81.0219,80.6459,80.2539,79.8468,79.4255,78.9906,78.5429,78.0831,77.6116,77.1293,76.6366,76.1343,75.6231,75.1035,74.5764,74.0425,73.5025,72.9573,72.4075,71.8542,71.2979,70.7396,70.1801,69.62,69.0604,68.5018,67.9452,67.3911,66.8404,66.2938,65.752,65.2157,64.6854,64.1619,63.6457,63.1374,62.6377,62.147,61.6659,61.195,60.7346,60.2854,59.8478,59.4223,59.0093,58.6092,58.2226,57.8498,57.4913,57.1475,56.8188,56.5056,56.2084,55.9276,55.6635,55.4165,55.1871,54.9756,54.7822,54.6074,54.4513,54.3142,54.196,54.0968,54.0165,53.9546,53.9107,53.884,53.8735,53.8777,53.895,53.9234,53.9604,54.0035,54.0497,54.096,54.1392,54.1761,54.2038,54.2196,54.2209,54.2057,54.1726,54.1201,54.0478,53.9555,53.8433,53.712,53.5627,53.397,53.2169,53.0245,52.8222,52.6123,52.3971,52.1789,51.9597,51.7411,51.5246,51.3112,51.1017,50.8968,50.6968,50.5018,50.3119,50.1268,49.9465,49.7707,49.5992,49.4316,49.2678,49.1074,48.9501,48.7957,48.644,48.4946,48.3473,48.2017,48.0576,47.9146,47.7722,47.63,47.4875,47.3441,47.1993,47.0523,46.9025,46.7491,46.5913,46.4283,46.2593,46.0835,45.9001,45.7084,45.5076,45.2971,45.0765,44.8454,44.6034,44.3505,44.0867,43.812,43.5269,43.2318,42.9274,42.6142,
 ,-71,50.2729,50.5759,50.8527,51.1028,51.3256,51.5208,51.6884,51.8283,51.941,52.027,52.0869,52.1216,52.1322,52.1197,52.0854,52.0308,51.9572,51.8663,51.7595,51.6384,51.5046,51.3597,51.2052,51.0426,50.8733,50.6988,50.5203,50.3392,50.1566,49.9736,49.7913,49.6106,49.4325,49.2578,49.0873,48.9215,48.7613,48.6072,48.4597,48.3194,48.1867,48.0619,47.9454,47.8377,47.739,47.6496,47.5697,47.4995,47.4394,47.3894,47.3497,47.3206,47.3021,47.2944,47.2977,47.312,47.3375,47.3742,47.4224,47.4819,47.5531,47.636,47.7306,47.837,47.9554,48.0858,48.2283,48.383,48.5499,48.7293,48.9211,49.1254,49.3425,49.5722,49.8148,50.0704,50.339,50.6208,50.9159,51.2244,51.5465,51.8822,52.2317,52.5951,52.9726,53.3643,53.7703,54.1908,54.6258,55.0755,55.54,56.0194,56.5137,57.023,57.5471,58.0859,58.6394,59.2071,59.7888,60.3838,60.9915,61.611,62.2413,62.8811,63.5289,64.1832,64.8422,65.5039,66.1664,66.8279,67.4865,68.1406,68.789,69.4306,70.0649,70.6916,71.3111,71.9237,72.5301,73.131,73.7273,74.3196,74.9082,75.4933,76.0746,76.6513,77.2223,77.7858,78.3397,78.8814,79.4078,79.9157,80.4015,80.8615,81.2919,81.6891,82.0499,82.3712,82.6504,82.8858,83.0758,83.22,83.3183,83.3714,83.3805,83.3472,83.2738,83.1623,83.0153,82.8352,82.6244,82.3851,82.1193,81.8291,81.5159,81.1814,80.8268,80.4534,80.0621,79.6538,79.2296,78.7901,78.3363,77.8688,77.3885,76.8962,76.3926,75.8786,75.3551,74.8229,74.2828,73.7357,73.1825,72.6242,72.0615,71.4955,70.9269,70.3566,69.7856,69.2147,68.6446,68.0763,67.5104,66.9478,66.3892,65.8353,65.2869,64.7445,64.2088,63.6805,63.1602,62.6483,62.1455,61.6524,61.1693,60.6968,60.2354,59.7855,59.3476,58.9221,58.5094,58.11,57.7242,57.3524,56.9951,56.6525,56.325,56.013,55.7169,55.4369,55.1733,54.9266,54.6969,54.4844,54.2894,54.1119,53.9522,53.81,53.6854,53.578,53.4876,53.4133,53.3546,53.3104,53.2795,53.2603,53.251,53.2496,53.254,53.2616,53.27,53.2764,53.2784,53.2735,53.2595,53.2342,53.1961,53.1437,53.0761,52.9927,52.8931,52.7776,52.6467,52.5012,52.3425,52.1718,51.9909,51.8016,51.6058,51.4052,51.2016,50.9966,50.7915,50.5876,50.3857,50.1867,49.991,49.799,49.6108,49.4266,49.2462,49.0697,48.8968,48.7274,48.5613,48.3982,48.2379,48.0802,47.9249,47.7717,47.6204,47.4707,47.3224,47.1751,47.0285,46.8822,46.7359,46.589,46.4412,46.2917,46.1401,45.9858,45.828,45.6662,45.4997,45.3277,45.1496,44.9647,44.7724,44.5722,44.3636,44.1461,43.9195,43.6835,43.4381,43.1834,42.9194,42.6466,42.3653,42.076,41.7795,
 ,-72,49.0266,49.3178,49.5849,49.8274,50.0449,50.2372,50.404,50.5456,50.6621,50.7541,50.8221,50.867,50.8895,50.8908,50.872,50.8343,50.7789,50.7073,50.6209,50.521,50.4091,50.2867,50.1551,50.0156,49.8696,49.7185,49.5634,49.4055,49.2458,49.0856,48.9257,48.7671,48.6106,48.457,48.3071,48.1616,48.021,47.886,47.7571,47.6347,47.5195,47.4116,47.3116,47.2197,47.1363,47.0616,46.996,46.9397,46.8928,46.8556,46.8283,46.811,46.804,46.8073,46.8212,46.8456,46.8809,46.927,46.9841,47.0524,47.1318,47.2225,47.3247,47.4384,47.5637,47.7007,47.8494,48.0101,48.1828,48.3675,48.5644,48.7736,48.9952,49.2292,49.4758,49.7351,50.0072,50.2923,50.5903,50.9014,51.2259,51.5637,51.915,52.2799,52.6585,53.051,53.4575,53.878,54.3127,54.7616,55.2249,55.7024,56.1944,56.7007,57.2213,57.7559,58.3044,58.8665,59.4419,60.0299,60.6299,61.2411,61.8626,62.4933,63.132,63.7772,64.4274,65.0812,65.7368,66.3928,67.0476,67.6999,68.3486,68.9929,69.6321,70.266,70.8944,71.5174,72.1355,72.7488,73.3577,73.9624,74.563,75.1591,75.7503,76.3356,76.9139,77.4834,78.0422,78.5879,79.1178,79.629,80.1184,80.5829,81.0192,81.4241,81.7949,82.1289,82.4239,82.6781,82.8902,83.0596,83.1859,83.2695,83.311,83.3117,83.273,83.1966,83.0842,82.9378,82.7593,82.5504,82.3131,82.0487,81.759,81.4453,81.1088,80.7508,80.3723,79.9744,79.558,79.1242,78.6738,78.2079,77.7273,77.2329,76.7258,76.2068,75.6771,75.1374,74.5889,74.0325,73.4692,72.9,72.326,71.748,71.167,70.5841,70.0001,69.4159,68.8325,68.2506,67.6711,67.0949,66.5226,65.9551,65.3929,64.8369,64.2877,63.7459,63.2121,62.6869,62.1708,61.6643,61.168,60.6823,60.2077,59.7446,59.2934,58.8547,58.4286,58.0157,57.6163,57.2307,56.8592,56.5023,56.1602,55.8331,55.5215,55.2255,54.9455,54.6815,54.4338,54.2026,53.988,53.7899,53.6085,53.4435,53.2949,53.1623,53.0452,52.9431,52.8551,52.7805,52.7179,52.666,52.6234,52.5881,52.5585,52.5322,52.5074,52.4818,52.4532,52.4198,52.3794,52.3306,52.2719,52.202,52.1202,52.0258,51.9186,51.7987,51.6664,51.5224,51.3676,51.203,51.0301,50.8501,50.6645,50.4746,50.282,50.0878,49.8932,49.6991,49.5063,49.3154,49.127,48.9414,48.7587,48.5791,48.4025,48.229,48.0584,47.8907,47.7256,47.563,47.4027,47.2445,47.0882,46.9336,46.7805,46.6286,46.4778,46.3277,46.1779,46.0283,45.8784,45.7278,45.5761,45.4229,45.2675,45.1095,44.9483,44.7834,44.6142,44.4401,44.2605,44.0749,43.8829,43.6838,43.4775,43.2635,43.0416,42.8117,42.5738,42.3279,42.0743,41.8132,41.545,41.2703,40.9895,
 ,-73,47.8386,48.1189,48.3771,48.6128,48.8254,49.0148,49.1809,49.3238,49.4437,49.5411,49.6165,49.6704,49.7039,49.7176,49.7128,49.6904,49.6516,49.5977,49.5299,49.4495,49.3578,49.2559,49.1454,49.0273,48.903,48.7735,48.6401,48.5038,48.3656,48.2267,48.0877,47.9498,47.8136,47.6799,47.5495,47.423,47.301,47.1841,47.0728,46.9676,46.869,46.7772,46.6929,46.6161,46.5474,46.4869,46.435,46.3919,46.3578,46.3329,46.3175,46.3118,46.3158,46.3298,46.3538,46.3882,46.4329,46.4882,46.5541,46.6307,46.7183,46.8168,46.9264,47.0472,47.1793,47.3228,47.4778,47.6445,47.8228,48.013,48.215,48.4291,48.6553,48.8937,49.1445,49.4077,49.6834,49.9718,50.273,50.5872,50.9143,51.2545,51.608,51.9748,52.355,52.7489,53.1563,53.5775,54.0126,54.4615,54.9243,55.4011,55.8918,56.3964,56.9147,57.4467,57.992,58.5504,59.1215,59.7048,60.2996,60.9054,61.5211,62.146,62.7788,63.4184,64.0636,64.713,65.3654,66.0193,66.6735,67.327,67.9787,68.6278,69.2738,69.9162,70.5548,71.1893,71.8199,72.4465,73.0691,73.6875,74.3016,74.9107,75.5142,76.1111,76.7001,77.2796,77.8476,78.402,78.9403,79.46,79.9583,80.4323,80.8793,81.2964,81.6812,82.0312,82.3445,82.6193,82.8545,83.0491,83.2026,83.3151,83.387,83.4189,83.4117,83.3668,83.2853,83.1689,83.0188,82.8367,82.6241,82.3822,82.1125,81.8164,81.4949,81.1493,80.7808,80.3904,79.9793,79.5485,79.0991,78.6321,78.1487,77.6498,77.1366,76.6103,76.0718,75.5223,74.963,74.3949,73.8192,73.2369,72.6492,72.057,71.4616,70.8638,70.2647,69.6653,69.0665,68.4692,67.8742,67.2825,66.6948,66.1119,65.5345,64.9633,64.3991,63.8423,63.2937,62.7537,62.223,61.7021,61.1914,60.6914,60.2026,59.7254,59.2601,58.8072,58.367,57.9399,57.5262,57.1262,56.7402,56.3685,56.0113,55.669,55.3416,55.0296,54.7329,54.4518,54.1865,53.9369,53.7031,53.4851,53.2829,53.0963,52.9249,52.7686,52.6267,52.4988,52.384,52.2815,52.1903,52.1091,52.0366,51.9712,51.9113,51.8552,51.8011,51.7471,51.6916,51.6328,51.5692,51.4992,51.4218,51.3358,51.2405,51.1354,51.0203,50.8952,50.7601,50.6158,50.4627,50.3017,50.1338,49.9601,49.7817,49.5997,49.4151,49.2289,49.0421,48.8555,48.6696,48.4851,48.3024,48.1217,47.9433,47.7673,47.5937,47.4226,47.2538,47.0872,46.9228,46.7604,46.5999,46.4411,46.2838,46.1279,45.9731,45.8192,45.6661,45.5135,45.3611,45.2086,45.0556,44.9019,44.747,44.5905,44.4321,44.2712,44.1073,43.9401,43.769,43.5935,43.4132,43.2276,43.0364,42.839,42.6354,42.4252,42.2083,41.9845,41.754,41.5168,41.2732,41.0234,40.7678,40.5068,40.241,
 ,-74,46.7055,46.9759,47.226,47.4552,47.6633,47.85,48.0154,48.1594,48.2824,48.3845,48.4664,48.5286,48.5719,48.597,48.6048,48.5964,48.5728,48.535,48.4842,48.4216,48.3484,48.2656,48.1745,48.0762,47.9718,47.8625,47.7492,47.633,47.5149,47.3958,47.2766,47.158,47.0409,46.9259,46.8139,46.7054,46.601,46.5012,46.4066,46.3177,46.2349,46.1585,46.089,46.0268,45.9721,45.9252,45.8864,45.856,45.8342,45.8212,45.8173,45.8226,45.8373,45.8616,45.8956,45.9396,45.9935,46.0577,46.1321,46.217,46.3124,46.4186,46.5355,46.6633,46.8021,46.9521,47.1133,47.2859,47.4699,47.6655,47.8727,48.0918,48.3227,48.5656,48.8207,49.0879,49.3675,49.6596,49.9642,50.2815,50.6116,50.9546,51.3106,51.6797,52.062,52.4577,52.8668,53.2893,53.7254,54.175,54.6384,55.1153,55.6058,56.1098,56.6272,57.1579,57.7016,58.2581,58.8268,59.4076,59.9996,60.6023,61.215,61.8369,62.4669,63.1041,63.7474,64.3957,65.0479,65.7028,66.3593,67.0166,67.6738,68.33,68.9846,69.6372,70.2874,70.9347,71.5792,72.2204,72.8581,73.4919,74.1213,74.7457,75.3641,75.9756,76.5786,77.1717,77.7529,78.3204,78.8717,79.4044,79.9162,80.4044,80.8664,81.2998,81.7021,82.0713,82.4053,82.7026,82.962,83.1822,83.3628,83.5034,83.6042,83.6653,83.6874,83.6714,83.618,83.5285,83.4039,83.2454,83.0543,82.8319,82.5792,82.2977,81.9883,81.6524,81.2912,80.9056,80.497,80.0666,79.6155,79.1449,78.656,78.15,77.6282,77.0918,76.5421,75.9803,75.4076,74.8253,74.2347,73.6369,73.0331,72.4244,71.8122,71.1973,70.5809,69.9641,69.3479,68.733,68.1207,67.5116,66.9067,66.3066,65.7123,65.1243,64.5434,63.9702,63.4053,62.8493,62.3028,61.7662,61.2399,60.7246,60.2205,59.7281,59.2478,58.78,58.3249,57.8828,57.4542,57.0391,56.6381,56.2511,55.8786,55.5206,55.1774,54.8491,54.5358,54.2377,53.9548,53.6872,53.4347,53.1975,52.9752,52.7678,52.5749,52.3962,52.2312,52.0792,51.9397,51.8117,51.6944,51.5866,51.4871,51.3946,51.3077,51.225,51.1448,51.0656,50.9861,50.9046,50.82,50.7309,50.6363,50.5354,50.4275,50.312,50.1888,50.0577,49.9189,49.7727,49.6196,49.4602,49.2952,49.1255,48.9518,48.7751,48.5962,48.4158,48.2347,48.0536,47.8729,47.6932,47.5148,47.3379,47.1628,46.9895,46.8181,46.6487,46.4811,46.3153,46.1513,45.989,45.8281,45.6686,45.5103,45.353,45.1967,45.0411,44.8859,44.7311,44.5763,44.4212,44.2657,44.1093,43.9518,43.7928,43.6319,43.4687,43.3029,43.134,42.9616,42.7854,42.6049,42.4198,42.2298,42.0346,41.834,41.6279,41.4161,41.1985,40.9753,40.7467,40.5127,40.2738,40.0303,39.7826,39.5313,
 ,-75,45.6241,45.8854,46.128,46.3513,46.5552,46.7395,46.9041,47.0491,47.1746,47.2811,47.3688,47.4385,47.4906,47.526,47.5454,47.5497,47.5399,47.5169,47.4817,47.4354,47.3791,47.3138,47.2407,47.1607,47.0748,46.9841,46.8896,46.7921,46.6927,46.5921,46.4913,46.3909,46.2917,46.1944,46.0997,46.0081,45.9203,45.8368,45.7581,45.6846,45.6168,45.5551,45.4999,45.4515,45.4101,45.3763,45.3501,45.3319,45.3219,45.3204,45.3275,45.3435,45.3686,45.4028,45.4465,45.4997,45.5626,45.6354,45.7182,45.8111,45.9143,46.0279,46.152,46.2867,46.4322,46.5886,46.7559,46.9344,47.1241,47.3251,47.5376,47.7616,47.9974,48.245,48.5044,48.7758,49.0595,49.3553,49.6636,49.9844,50.3178,50.6639,51.0228,51.3947,51.7795,52.1775,52.5887,53.0132,53.451,53.9022,54.3668,54.8448,55.3361,55.8407,56.3585,56.8893,57.4329,57.989,58.5573,59.1373,59.7286,60.3307,60.9427,61.5641,62.194,62.8315,63.4758,64.1258,64.7806,65.4393,66.1008,66.7645,67.4293,68.0947,68.76,69.4247,70.0881,70.75,71.4099,72.0674,72.722,73.3731,74.02,74.662,75.2981,75.927,76.5474,77.1577,77.756,78.3405,78.909,79.4591,79.9887,80.4952,80.9763,81.4297,81.853,82.2443,82.6016,82.9234,83.2082,83.455,83.6629,83.8314,83.9602,84.0495,84.0993,84.1102,84.0828,84.0179,83.9162,83.7788,83.6067,83.4009,83.1626,82.893,82.5931,82.2641,81.9073,81.524,81.1152,80.6825,80.2269,79.7499,79.2528,78.737,78.2039,77.6547,77.091,76.5141,75.9254,75.3263,74.7181,74.1021,73.4797,72.8521,72.2205,71.5861,70.9502,70.3137,69.6778,69.0434,68.4115,67.7831,67.159,66.54,65.927,65.3205,64.7214,64.1302,63.5476,62.9742,62.4104,61.8568,61.3139,60.782,60.2616,59.7531,59.2568,58.7731,58.3023,57.8446,57.4003,56.9697,56.5529,56.1503,55.762,55.3881,55.0287,54.684,54.3541,54.0391,53.7388,53.4534,53.1827,52.9267,52.6851,52.4578,52.2443,52.0445,51.8576,51.6833,51.5208,51.3693,51.228,51.0959,50.9719,50.8549,50.7437,50.6369,50.5332,50.4314,50.3302,50.2283,50.1246,50.0181,49.9078,49.7929,49.673,49.5474,49.4159,49.2785,49.1352,48.9861,48.8316,48.6721,48.5083,48.3406,48.1698,47.9965,47.8213,47.6448,47.4678,47.2905,47.1135,46.9373,46.7619,46.5878,46.415,46.2437,46.0739,45.9056,45.7388,45.5735,45.4096,45.2471,45.0857,44.9254,44.7661,44.6076,44.4498,44.2926,44.1356,43.9788,43.8219,43.6648,43.507,43.3484,43.1888,43.0277,42.8649,42.7,42.5327,42.3627,42.1896,42.0132,41.833,41.6489,41.4606,41.2679,41.0706,40.8687,40.662,40.4507,40.2348,40.0144,39.79,39.5616,39.3298,39.095,38.8577,
 ,-76,44.5916,44.8445,45.0801,45.298,45.498,45.6799,45.8437,45.9895,46.1174,46.2276,46.3207,46.3971,46.4573,46.5019,46.5318,46.5477,46.5505,46.5409,46.5201,46.4888,46.4481,46.399,46.3424,46.2792,46.2105,46.1371,46.06,45.98,45.898,45.8147,45.7311,45.6477,45.5654,45.4847,45.4063,45.3307,45.2586,45.1905,45.1268,45.068,45.0145,44.9667,44.9251,44.8898,44.8613,44.8399,44.8258,44.8194,44.8207,44.8302,44.848,44.8743,44.9093,44.9532,45.0062,45.0685,45.1401,45.2213,45.3122,45.413,45.5237,45.6446,45.7758,45.9173,46.0694,46.232,46.4055,46.5898,46.7852,46.9917,47.2095,47.4386,47.6792,47.9315,48.1955,48.4713,48.7592,49.0591,49.3712,49.6958,50.0327,50.3823,50.7445,51.1195,51.5074,51.9082,52.3221,52.7492,53.1894,53.6428,54.1095,54.5894,55.0825,55.5888,56.1081,56.6403,57.1852,57.7425,58.3119,58.8932,59.4857,60.0891,60.7028,61.326,61.9582,62.5985,63.2463,63.9006,64.5606,65.2256,65.8946,66.5669,67.2418,67.9185,68.5965,69.2751,69.9538,70.632,71.3092,71.9849,72.6583,73.3289,73.9958,74.658,75.3145,75.9639,76.605,77.236,77.8551,78.4606,79.0502,79.6218,80.1732,80.702,81.206,81.683,82.1307,82.5471,82.9303,83.2787,83.5908,83.8652,84.1011,84.2977,84.4544,84.5711,84.6477,84.6843,84.6813,84.6391,84.5584,84.44,84.2846,84.0932,83.8669,83.6066,83.3136,82.989,82.634,82.2501,81.8384,81.4005,80.9377,80.4514,79.9433,79.4147,78.8673,78.3025,77.7219,77.127,76.5194,75.9005,75.272,74.6351,73.9913,73.342,72.6885,72.0321,71.3741,70.7156,70.0577,69.4015,68.748,68.0981,67.4528,66.813,66.1793,65.5526,64.9336,64.3229,63.721,63.1287,62.5463,61.9745,61.4135,60.864,60.3262,59.8005,59.2873,58.7869,58.2995,57.8253,57.3647,56.9179,56.485,56.0661,55.6616,55.2714,54.8957,54.5345,54.1879,53.8558,53.5384,53.2354,52.9468,52.6725,52.4122,52.1657,51.9326,51.7126,51.5051,51.3097,51.1257,50.9524,50.789,50.6346,50.4882,50.3489,50.2154,50.0868,49.9619,49.8396,49.7187,49.5982,49.4771,49.3545,49.2296,49.1016,48.9702,48.8347,48.695,48.5509,48.4024,48.2496,48.0926,47.9319,47.7678,47.6007,47.4312,47.2597,47.0867,46.9127,46.7382,46.5635,46.389,46.215,46.0418,45.8695,45.6983,45.5282,45.3594,45.1918,45.0254,44.8603,44.6962,44.5333,44.3713,44.2102,44.0499,43.8902,43.7311,43.5723,43.4138,43.2552,43.0966,42.9376,42.778,42.6176,42.4562,42.2935,42.1292,41.9631,41.7948,41.6242,41.4509,41.2746,41.0952,40.9125,40.7262,40.5362,40.3424,40.1448,39.9434,39.7383,39.5295,39.3174,39.1022,38.8842,38.6637,38.4414,38.2176,
 ,-77,43.6051,43.8502,44.0794,44.2923,44.4886,44.6683,44.8313,44.9777,45.1077,45.2213,45.3192,45.4016,45.4691,45.5222,45.5617,45.5881,45.6024,45.6052,45.5974,45.58,45.5536,45.5193,45.4779,45.4304,45.3775,45.3202,45.2592,45.1955,45.1297,45.0627,44.9951,44.9277,44.8612,44.7961,44.733,44.6726,44.6154,44.5618,44.5123,44.4675,44.4276,44.3931,44.3643,44.3417,44.3254,44.3159,44.3134,44.3182,44.3305,44.3505,44.3786,44.4148,44.4595,44.5127,44.5747,44.6457,44.7259,44.8152,44.9141,45.0225,45.1407,45.2687,45.4068,45.5551,45.7136,45.8825,46.0621,46.2523,46.4533,46.6653,46.8884,47.1226,47.3682,47.6253,47.894,48.1744,48.4665,48.7707,49.087,49.4155,49.7564,50.1097,50.4755,50.8541,51.2454,51.6496,52.0667,52.4969,52.9402,53.3966,53.8662,54.3489,54.8448,55.3537,55.8757,56.4105,56.958,57.518,58.0902,58.6743,59.2698,59.8765,60.4937,61.1209,61.7577,62.4031,63.0567,63.7177,64.3853,65.0589,65.7376,66.4209,67.108,67.7983,68.491,69.1857,69.8816,70.5781,71.2748,71.9707,72.6653,73.3577,74.047,74.7321,75.412,76.0851,76.7501,77.4054,78.049,78.6793,79.2939,79.891,80.4682,81.0233,81.554,82.0581,82.5336,82.9781,83.39,83.7673,84.1085,84.4122,84.6772,84.9025,85.0875,85.2316,85.3345,85.396,85.4163,85.3956,85.3343,85.2331,85.0925,84.9134,84.6968,84.4436,84.1549,83.8321,83.4763,83.089,82.6716,82.2256,81.7525,81.2541,80.7318,80.1873,79.6225,79.0389,78.4383,77.8223,77.1927,76.5511,75.8991,75.2383,74.5702,73.8964,73.2183,72.5372,71.8544,71.1713,70.489,69.8085,69.1311,68.4576,67.7891,67.1264,66.4702,65.8214,65.1807,64.5487,63.9261,63.3133,62.7109,62.1194,61.5393,60.9709,60.4145,59.8706,59.3395,58.8214,58.3165,57.8252,57.3476,56.8839,56.4342,55.9987,55.5775,55.1707,54.7783,54.4004,54.037,53.688,53.3534,53.033,52.7268,52.4346,52.1561,51.891,51.6391,51.3998,51.1728,50.9575,50.7534,50.5597,50.3757,50.2006,50.0336,49.8736,49.7199,49.5713,49.427,49.2858,49.1469,49.0093,48.8722,48.7347,48.5961,48.4558,48.3134,48.1683,48.0204,47.8694,47.7153,47.558,47.3978,47.2349,47.0694,46.9018,46.7323,46.5613,46.3893,46.2165,46.0433,45.8701,45.697,45.5244,45.3524,45.1812,45.0109,44.8415,44.6732,44.5058,44.3395,44.1742,44.0098,43.8464,43.6837,43.5217,43.3604,43.1996,43.0392,42.879,42.719,42.559,42.3988,42.2382,42.0771,41.9153,41.7525,41.5885,41.4231,41.2561,41.0873,40.9164,40.7432,40.5676,40.3893,40.2082,40.0242,39.8371,39.647,39.4539,39.2578,39.0588,38.8572,38.6531,38.4469,38.2389,38.0296,37.8195,37.609,
 ,-78,42.662,42.9,43.1232,43.3314,43.5243,43.7019,43.8641,44.011,44.1427,44.2595,44.3616,44.4495,44.5235,44.5843,44.6325,44.6686,44.6933,44.7074,44.7117,44.7069,44.6938,44.6731,44.6459,44.6128,44.5746,44.5322,44.4862,44.4376,44.387,44.3351,44.2826,44.2302,44.1784,44.128,44.0795,44.0333,43.9901,43.9502,43.9143,43.8826,43.8556,43.8337,43.8173,43.8066,43.8021,43.804,43.8126,43.8281,43.8509,43.8811,43.9191,43.9649,44.0189,44.0812,44.1519,44.2314,44.3197,44.4171,44.5237,44.6396,44.765,44.9001,45.045,45.1999,45.3648,45.54,45.7255,45.9215,46.1282,46.3457,46.5742,46.8136,47.0643,47.3263,47.5997,47.8847,48.1815,48.4901,48.8108,49.1435,49.4885,49.8459,50.2158,50.5983,50.9935,51.4015,51.8224,52.2563,52.7033,53.1634,53.6366,54.123,54.6225,55.1351,55.6608,56.1994,56.7508,57.3148,57.8912,58.4798,59.0801,59.6917,60.3144,60.9476,61.5909,62.2436,62.9051,63.5749,64.2524,64.9368,65.6276,66.3241,67.0256,67.7315,68.4411,69.1539,69.8692,70.5863,71.3046,72.0231,72.7413,73.4581,74.1725,74.8835,75.5897,76.2897,76.9821,77.6651,78.337,78.9959,79.6396,80.266,80.873,81.4582,82.0195,82.5545,83.0611,83.537,83.9804,84.3893,84.7619,85.0967,85.3923,85.6476,85.8615,86.0333,86.1625,86.2486,86.2917,86.2916,86.2486,86.1631,86.0357,85.867,85.658,85.4096,85.123,84.7993,84.44,84.0465,83.6204,83.1633,82.6769,82.1629,81.6232,81.0596,80.474,79.8683,79.2442,78.6038,77.9489,77.2812,76.6025,75.9146,75.2192,74.5178,73.812,73.1032,72.393,71.6825,70.9731,70.266,69.5622,68.8629,68.1688,67.4811,66.8004,66.1276,65.4634,64.8085,64.1633,63.5285,62.9047,62.2922,61.6915,61.1029,60.5269,59.9637,59.4136,58.8768,58.3537,57.8444,57.349,56.8677,56.4007,55.948,55.5098,55.086,54.6766,54.2818,53.9014,53.5354,53.1836,52.846,52.5224,52.2126,51.9163,51.6333,51.3631,51.1055,50.8598,50.6257,50.4025,50.1896,49.9863,49.792,49.6057,49.4268,49.2542,49.0873,48.925,48.7665,48.611,48.4575,48.3055,48.1541,48.0027,47.8507,47.6977,47.5433,47.3871,47.2291,47.0691,46.907,46.7429,46.5769,46.4092,46.24,46.0696,45.8982,45.7261,45.5535,45.3808,45.208,45.0356,44.8635,44.692,44.5212,44.3512,44.1821,44.0138,43.8464,43.6798,43.5141,43.3492,43.185,43.0216,42.8587,42.6963,42.5344,42.3728,42.2114,42.0501,41.8887,41.7272,41.5653,41.4029,41.2399,41.076,40.9111,40.745,40.5775,40.4085,40.2377,40.065,39.8902,39.7133,39.5341,39.3525,39.1685,38.9822,38.7936,38.6028,38.41,38.2153,38.0192,37.8218,37.6237,37.4253,37.2271,37.0296,
 ,-79,41.7597,41.9911,42.2088,42.4126,42.6024,42.778,42.9394,43.0867,43.22,43.3395,43.4454,43.5383,43.6183,43.6861,43.7422,43.7871,43.8214,43.8459,43.8612,43.868,43.867,43.859,43.8448,43.825,43.8004,43.7718,43.7399,43.7053,43.6688,43.631,43.5927,43.5543,43.5165,43.4798,43.4449,43.4122,43.3822,43.3553,43.3321,43.313,43.2983,43.2884,43.2837,43.2845,43.2912,43.3039,43.3232,43.349,43.3819,43.4219,43.4694,43.5244,43.5874,43.6584,43.7377,43.8254,43.9217,44.0268,44.1409,44.2642,44.3967,44.5387,44.6903,44.8516,45.0228,45.2042,45.3957,45.5976,45.8099,46.033,46.2667,46.5114,46.7672,47.0342,47.3126,47.6025,47.9039,48.2172,48.5424,48.8797,49.2291,49.5909,49.9652,50.352,50.7515,51.1638,51.589,52.0272,52.4785,52.9429,53.4205,53.9113,54.4154,54.9327,55.4631,56.0066,56.5631,57.1324,57.7144,58.3088,58.9154,59.5338,60.1637,60.8047,61.4564,62.1183,62.7898,63.4706,64.16,64.8574,65.5623,66.2741,66.9922,67.7159,68.4447,69.1779,69.9148,70.6548,71.397,72.1407,72.885,73.6289,74.3714,75.1111,75.8469,76.5772,77.3005,78.015,78.719,79.4103,80.087,80.7469,81.3877,82.0071,82.6029,83.1726,83.7139,84.2247,84.7028,85.1461,85.5527,85.9209,86.249,86.5357,86.7798,86.9802,87.1361,87.247,87.3125,87.3324,87.3069,87.236,87.1203,86.9604,86.7571,86.5113,86.2243,85.8972,85.5316,85.1291,84.6912,84.2197,83.7165,83.1837,82.6231,82.0367,81.4267,80.7952,80.1441,79.4756,78.7917,78.0943,77.3855,76.6671,75.9409,75.2086,74.4719,73.7325,72.9917,72.251,71.5119,70.7753,70.0427,69.3149,68.5931,67.8781,67.1708,66.472,65.7824,65.1026,64.4333,63.7749,63.128,62.4931,61.8704,61.2605,60.6635,60.0799,59.5098,58.9534,58.4111,57.8829,57.369,56.8695,56.3845,55.9141,55.4583,55.017,54.5904,54.1784,53.7809,53.3978,53.0289,52.6742,52.3334,52.0063,51.6926,51.392,51.1042,50.8288,50.5652,50.3131,50.0718,49.8408,49.6194,49.407,49.2028,49.006,48.816,48.6319,48.453,48.2784,48.1074,47.9392,47.7733,47.6088,47.4453,47.2822,47.119,46.9554,46.7912,46.626,46.4598,46.2925,46.124,45.9544,45.7839,45.6124,45.4403,45.2676,45.0946,44.9214,44.7482,44.5753,44.4027,44.2305,44.059,43.8881,43.7179,43.5485,43.3799,43.212,43.045,42.8787,42.713,42.5481,42.3837,42.2199,42.0565,41.8935,41.7308,41.5683,41.4058,41.2433,41.0806,40.9176,40.7542,40.5902,40.4255,40.26,40.0934,39.9257,39.7567,39.5862,39.4142,39.2406,39.0652,38.8881,38.7091,38.5284,38.346,38.1619,37.9764,37.7896,37.6019,37.4135,37.2248,37.0363,36.8486,36.6621,36.4775,
 ,-80,40.8961,41.1213,41.3339,41.5337,41.7204,41.8942,42.0548,42.2023,42.337,42.4589,42.5684,42.6656,42.7511,42.8253,42.8886,42.9415,42.9846,43.0186,43.044,43.0615,43.0717,43.0753,43.0731,43.0657,43.0537,43.038,43.019,42.9976,42.9742,42.9497,42.9245,42.8993,42.8745,42.8508,42.8287,42.8087,42.7912,42.7767,42.7656,42.7583,42.7553,42.7568,42.7633,42.775,42.7923,42.8155,42.8449,42.8807,42.9232,42.9726,43.0292,43.0932,43.1649,43.2443,43.3318,43.4275,43.5316,43.6443,43.7657,43.8961,44.0355,44.1843,44.3425,44.5102,44.6877,44.8751,45.0726,45.2802,45.4983,45.7268,45.966,46.216,46.477,46.7492,47.0326,47.3274,47.6337,47.9519,48.2818,48.6239,48.978,49.3445,49.7235,50.115,50.5192,50.9362,51.3662,51.8093,52.2655,52.7349,53.2176,53.7136,54.223,54.7458,55.282,55.8315,56.3942,56.9701,57.5589,58.1606,58.7749,59.4016,60.0404,60.6909,61.3528,62.0258,62.7093,63.403,64.1064,64.8189,65.5401,66.2693,67.0061,67.7499,68.5001,69.256,70.0169,70.7821,71.5508,72.3223,73.0955,73.8694,74.6428,75.4146,76.1833,76.9474,77.7053,78.4551,79.195,79.923,80.6369,81.3344,82.0133,82.671,83.3054,83.9138,84.4939,85.0432,85.5594,86.0404,86.484,86.8882,87.2511,87.5713,87.847,88.0773,88.2608,88.397,88.4851,88.5249,88.5161,88.4589,88.3537,88.201,88.0016,87.7563,87.4665,87.1334,86.7586,86.3438,85.8909,85.4016,84.8782,84.3227,83.7373,83.1243,82.4861,81.8247,81.1427,80.4421,79.7253,78.9945,78.2517,77.499,76.7383,75.9717,75.2007,74.4272,73.6527,72.8788,72.1069,71.3381,70.5739,69.8152,69.0631,68.3186,67.5824,66.8555,66.1384,65.432,64.7367,64.053,63.3815,62.7225,62.0765,61.4438,60.8247,60.2194,59.6282,59.0513,58.4888,57.9409,57.4077,56.8893,56.3856,55.8969,55.423,54.964,54.5198,54.0903,53.6754,53.2751,52.8891,52.5172,52.1594,51.8152,51.4844,51.1667,50.8617,50.5691,50.2882,50.0188,49.7603,49.512,49.2735,49.044,48.8229,48.6095,48.4031,48.203,48.0085,47.8188,47.6333,47.4514,47.2723,47.0955,46.9204,46.7466,46.5737,46.4012,46.229,46.0566,45.8841,45.7113,45.538,45.3644,45.1904,45.0161,44.8416,44.667,44.4925,44.318,44.1438,43.97,43.7966,43.6239,43.4517,43.2802,43.1094,42.9394,42.7702,42.6016,42.4338,42.2667,42.1003,41.9344,41.7691,41.6043,41.4399,41.2759,41.1121,40.9485,40.7849,40.6214,40.4577,40.2938,40.1296,39.9649,39.7996,39.6336,39.4668,39.2991,39.1304,38.9605,38.7894,38.6171,38.4435,38.2685,38.0923,37.9149,37.7364,37.5568,37.3766,37.1958,37.0148,36.834,36.6539,36.4749,36.2976,36.1226,35.9507,
 ,-81,40.0688,40.2884,40.4962,40.6922,40.8762,41.0481,41.2079,41.3556,41.4915,41.6156,41.7282,41.8295,41.9199,41.9998,42.0697,42.13,42.1811,42.2238,42.2585,42.2858,42.3063,42.3207,42.3296,42.3336,42.3334,42.3295,42.3227,42.3134,42.3024,42.2902,42.2774,42.2645,42.252,42.2405,42.2304,42.2223,42.2166,42.2137,42.2141,42.2181,42.2261,42.2385,42.2556,42.2778,42.3053,42.3385,42.3776,42.4229,42.4746,42.5331,42.5985,42.6711,42.7512,42.8388,42.9342,43.0376,43.1492,43.2693,43.3979,43.5352,43.6815,43.8369,44.0015,44.1756,44.3593,44.5527,44.756,44.9695,45.1932,45.4272,45.6719,45.9273,46.1935,46.4709,46.7594,47.0593,47.3707,47.6939,48.0288,48.3759,48.735,49.1065,49.4905,49.8871,50.2964,50.7186,51.1539,51.6023,52.064,52.539,53.0275,53.5295,54.0451,54.5743,55.1171,55.6736,56.2436,56.8271,57.4241,58.0345,58.6579,59.2944,59.9436,60.6053,61.2791,61.9649,62.6623,63.3708,64.0901,64.8197,65.5592,66.3081,67.0658,67.8319,68.6057,69.3866,70.174,70.967,71.765,72.5669,73.3719,74.1788,74.9865,75.7937,76.5988,77.4004,78.1967,78.9859,79.766,80.5348,81.2902,82.0298,82.7511,83.4518,84.1291,84.7805,85.4035,85.9954,86.5537,87.076,87.56,88.0032,88.4038,88.7597,89.0693,89.331,89.5435,89.7058,89.817,89.8767,89.8845,89.8403,89.7445,89.5976,89.4001,89.1532,88.8581,88.5163,88.1293,87.699,87.2274,86.7166,86.169,85.5869,84.9726,84.3288,83.6579,82.9625,82.2452,81.5083,80.7543,79.9858,79.2049,78.4138,77.6148,76.8099,76.001,75.1899,74.3783,73.5678,72.7599,71.956,71.1573,70.3649,69.58,68.8034,68.0361,67.2788,66.5323,65.7971,65.074,64.3632,63.6654,62.9809,62.3101,61.6533,61.0107,60.3826,59.7692,59.1706,58.587,58.0185,57.4652,56.927,56.4041,55.8964,55.404,54.9267,54.4645,54.0172,53.5848,53.1671,52.7638,52.3749,52,51.6389,51.2913,50.9568,50.635,50.3256,50.0281,49.7421,49.467,49.2022,48.9473,48.7016,48.4645,48.2354,48.0135,47.7983,47.5892,47.3853,47.1862,46.9912,46.7997,46.6111,46.4251,46.241,46.0586,45.8775,45.6973,45.5179,45.3389,45.1604,44.9821,44.8041,44.6263,44.4487,44.2713,44.0943,43.9176,43.7413,43.5656,43.3904,43.2158,43.0419,42.8687,42.6963,42.5246,42.3537,42.1835,42.014,41.8453,41.6772,41.5098,41.343,41.1767,41.0108,40.8454,40.6804,40.5156,40.351,40.1865,40.022,39.8575,39.6928,39.5279,39.3627,39.197,39.0308,38.8639,38.6964,38.5281,38.359,38.189,38.0182,37.8464,37.6738,37.5004,37.3263,37.1517,36.9767,36.8016,36.6267,36.4524,36.2791,36.1072,35.9375,35.7704,35.6068,35.4475,
 ,-82,39.276,39.4902,39.6936,39.886,40.0674,40.2376,40.3966,40.5445,40.6814,40.8074,40.9228,41.0278,41.1227,41.2079,41.2837,41.3507,41.4092,41.4599,41.5031,41.5394,41.5695,41.5938,41.613,41.6275,41.6382,41.6454,41.6498,41.652,41.6524,41.6517,41.6505,41.6491,41.6481,41.6481,41.6494,41.6526,41.658,41.6661,41.6773,41.692,41.7105,41.7332,41.7605,41.7926,41.8298,41.8725,41.9209,41.9753,42.036,42.1031,42.177,42.258,42.3461,42.4415,42.5446,42.6556,42.7746,42.9017,43.0373,43.1815,43.3344,43.4963,43.6673,43.8476,44.0374,44.2367,44.4459,44.6651,44.8944,45.1341,45.3842,45.645,45.9167,46.1993,46.4931,46.7982,47.1148,47.4431,47.7833,48.1355,48.5,48.8768,49.2661,49.668,50.0829,50.5107,50.9517,51.406,51.8737,52.355,52.8499,53.3585,53.8811,54.4175,54.9679,55.5323,56.1107,56.703,57.3094,57.9296,58.5635,59.2111,59.8722,60.5466,61.2342,61.9346,62.6475,63.3726,64.1098,64.8585,65.6184,66.389,67.1698,67.9605,68.7603,69.5687,70.3851,71.2086,72.0385,72.8739,73.7137,74.557,75.4023,76.2483,77.0937,77.9367,78.7755,79.6082,80.4328,81.2471,82.0486,82.8349,83.6035,84.3517,85.0768,85.776,86.4465,87.0855,87.6901,88.2579,88.7859,89.2719,89.7132,90.1079,90.4538,90.749,90.9922,91.1819,91.3172,91.3971,91.4214,91.3898,91.3024,91.1598,90.9627,90.7119,90.409,90.0554,89.6529,89.2036,88.7096,88.1733,87.5972,86.984,86.3364,85.657,84.9489,84.2147,83.4572,82.6793,81.8836,81.0727,80.2492,79.4154,78.5738,77.7265,76.8757,76.0231,75.1707,74.3202,73.473,72.6307,71.7944,70.9655,70.145,69.3338,68.5328,67.7429,66.9647,66.1988,65.4458,64.7062,63.9804,63.2687,62.5715,61.8892,61.2218,60.5696,59.9328,59.3115,58.7058,58.1157,57.5414,56.9828,56.4399,55.9127,55.4011,54.905,54.4244,53.9591,53.5088,53.0735,52.653,52.2469,51.855,51.4771,51.1128,50.7617,50.4235,50.0978,49.7841,49.4819,49.1908,48.9103,48.6397,48.3785,48.1262,47.8821,47.6456,47.4161,47.193,46.9758,46.7637,46.5563,46.353,46.1533,45.9567,45.7629,45.5713,45.3816,45.1936,45.007,44.8216,44.6373,44.4538,44.2711,44.0891,43.9078,43.7272,43.5473,43.3681,43.1896,43.0119,42.8349,42.6587,42.4833,42.3088,42.135,41.9621,41.79,41.6187,41.4481,41.2783,41.1091,40.9406,40.7727,40.6054,40.4385,40.2721,40.106,39.9402,39.7747,39.6094,39.4441,39.2788,39.1135,38.9481,38.7824,38.6165,38.4502,38.2835,38.1163,37.9487,37.7804,37.6117,37.4424,37.2725,37.1023,36.9318,36.761,36.5903,36.4197,36.2497,36.0806,35.9128,35.7467,35.5831,35.4223,35.2653,35.1129,34.9659,
 ,-83,38.5156,38.7248,38.9241,39.1133,39.2921,39.4607,39.6189,39.7669,39.9046,40.0324,40.1502,40.2586,40.3576,40.4475,40.5289,40.602,40.6673,40.7252,40.7763,40.821,40.8598,40.8933,40.922,40.9464,40.9671,40.9846,40.9995,41.0122,41.0234,41.0335,41.043,41.0525,41.0623,41.073,41.0851,41.0989,41.1148,41.1333,41.1548,41.1796,41.2081,41.2406,41.2775,41.319,41.3655,41.4173,41.4746,41.5378,41.607,41.6825,41.7646,41.8535,41.9494,42.0525,42.1631,42.2813,42.4074,42.5416,42.6839,42.8347,42.9942,43.1624,43.3397,43.5261,43.7219,43.9272,44.1422,44.3671,44.6021,44.8473,45.1029,45.3692,45.6462,45.9342,46.2333,46.5438,46.8658,47.1995,47.5451,47.9027,48.2726,48.655,49.0499,49.4577,49.8784,50.3123,50.7594,51.2201,51.6943,52.1824,52.6844,53.2004,53.7306,54.2751,54.8339,55.4072,55.9949,56.5971,57.2139,57.8452,58.4909,59.151,59.8255,60.5142,61.2168,61.9335,62.6637,63.4074,64.1643,64.934,65.7163,66.5108,67.317,68.1345,68.9628,69.8012,70.6492,71.506,72.3708,73.2427,74.1206,75.0035,75.8901,76.7789,77.6684,78.5569,79.4426,80.3234,81.1972,82.0616,82.9142,83.7524,84.5733,85.3743,86.1523,86.9044,87.6274,88.3184,88.9743,89.592,90.1686,90.7012,91.1873,91.624,92.0092,92.3407,92.6167,92.8355,92.9959,93.0969,93.1378,93.1184,93.0387,92.8991,92.7004,92.4436,92.1301,91.7616,91.3401,90.8679,90.3473,89.781,89.1718,88.5227,87.8367,87.1167,86.3661,85.5879,84.7852,83.961,83.1184,82.2601,81.3891,80.5079,79.619,78.7249,77.8278,76.9297,76.0325,75.1381,74.2481,73.3639,72.4869,71.6184,70.7593,69.9108,69.0736,68.2486,67.4365,66.6377,65.8529,65.0824,64.3268,63.5863,62.8612,62.1518,61.4582,60.7807,60.1193,59.4741,58.8452,58.2327,57.6365,57.0566,56.493,55.9456,55.4143,54.8989,54.3995,53.9156,53.4473,52.9943,52.5562,52.1329,51.7241,51.3294,50.9485,50.5811,50.2267,49.885,49.5555,49.2376,48.931,48.6351,48.3495,48.0735,47.8065,47.5481,47.2977,47.0546,46.8183,46.5883,46.3639,46.1447,45.9301,45.7197,45.513,45.3097,45.1091,44.9112,44.7155,44.5219,44.33,44.1397,43.9508,43.7633,43.5769,43.3917,43.2076,43.0245,42.8424,42.6613,42.4812,42.3021,42.124,41.9468,41.7706,41.5953,41.4209,41.2474,41.0747,40.9029,40.7318,40.5615,40.3918,40.2227,40.0543,39.8864,39.7189,39.5519,39.3852,39.2188,39.0526,38.8866,38.7207,38.5549,38.389,38.2231,38.057,37.8908,37.7243,37.5576,37.3907,37.2235,37.056,36.8883,36.7205,36.5527,36.385,36.2175,36.0506,35.8845,35.7194,35.556,35.3944,35.2355,35.0797,34.9278,34.7807,34.6391,34.5042,
 ,-84,37.7858,37.9905,38.186,38.372,38.5485,38.7155,38.8729,39.0209,39.1594,39.2886,39.4088,39.5201,39.6228,39.7172,39.8035,39.8822,39.9537,40.0184,40.0767,40.1291,40.176,40.218,40.2554,40.2889,40.319,40.346,40.3707,40.3933,40.4145,40.4346,40.4543,40.4739,40.4939,40.5148,40.5369,40.5607,40.5865,40.6148,40.6461,40.6805,40.7184,40.7603,40.8063,40.8569,40.9123,40.9727,41.0386,41.1101,41.1875,41.2711,41.361,41.4576,41.561,41.6715,41.7893,41.9146,42.0476,42.1885,42.3375,42.4949,42.6607,42.8352,43.0186,43.211,43.4127,43.6239,43.8447,44.0753,44.3158,44.5666,44.8278,45.0996,45.382,45.6755,45.9801,46.2961,46.6235,46.9627,47.3139,47.6772,48.0528,48.441,48.8419,49.2557,49.6827,50.123,50.5768,51.0442,51.5256,52.021,52.5307,53.0547,53.5933,54.1466,54.7146,55.2976,55.8956,56.5088,57.137,57.7805,58.4393,59.1133,59.8025,60.5068,61.2262,61.9607,62.71,63.4739,64.2524,65.0452,65.852,66.6724,67.5063,68.353,69.2121,70.0832,70.9656,71.8585,72.7613,73.6729,74.5924,75.5186,76.4502,77.3857,78.3236,79.2621,80.1992,81.1329,82.0609,82.9807,83.8897,84.7851,85.6641,86.5234,87.36,88.1706,88.9519,89.7004,90.4128,91.0857,91.7158,92.2999,92.8349,93.3177,93.7458,94.1167,94.4281,94.6781,94.8652,94.9882,95.0462,95.0389,94.9661,94.8282,94.6261,94.3608,94.0338,93.6471,93.2028,92.7034,92.1516,91.5505,90.903,90.2125,89.4825,88.7163,87.9175,87.0896,86.2358,85.3597,84.4645,83.5535,82.6295,81.6956,80.7545,79.8087,78.8605,77.9124,76.9662,76.0239,75.0872,74.1576,73.2364,72.325,71.4244,70.5357,69.6596,68.797,67.9484,67.1145,66.2958,65.4926,64.7053,63.9342,63.1796,62.4415,61.7203,61.0161,60.3288,59.6586,59.0055,58.3694,57.7504,57.1484,56.5633,55.995,55.4434,54.9083,54.3895,53.8868,53.4001,52.9289,52.4732,52.0326,51.6068,51.1953,50.798,50.4144,50.044,49.6865,49.3415,49.0083,48.6867,48.376,48.0757,47.7854,47.5045,47.2323,46.9685,46.7124,46.4635,46.2212,45.9851,45.7545,45.5292,45.3085,45.092,44.8794,44.6702,44.4642,44.261,44.0603,43.862,43.6657,43.4714,43.2788,43.0879,42.8985,42.7106,42.524,42.3388,42.1549,41.9722,41.7907,41.6103,41.4311,41.253,41.0759,40.8998,40.7248,40.5506,40.3773,40.2049,40.0333,39.8623,39.6921,39.5225,39.3535,39.1851,39.0171,38.8495,38.6822,38.5153,38.3487,38.1822,38.0159,37.8497,37.6836,37.5175,37.3514,37.1853,37.0192,36.853,36.6869,36.5208,36.3548,36.189,36.0236,35.8587,35.6945,35.5313,35.3695,35.2093,35.0512,34.8959,34.7438,34.5956,34.4523,34.3147,34.1838,34.0609,
 ,-85,37.0851,37.2855,37.4773,37.6604,37.8347,38.0002,38.1569,38.3047,38.4439,38.5745,38.6968,38.8108,38.9168,39.0151,39.1061,39.19,39.2671,39.338,39.403,39.4624,39.5168,39.5666,39.6122,39.6542,39.6929,39.7289,39.7625,39.7944,39.8249,39.8545,39.8836,39.9128,39.9423,39.9726,40.0042,40.0375,40.0727,40.1104,40.1508,40.1943,40.2412,40.2919,40.3467,40.4058,40.4697,40.5385,40.6125,40.692,40.7773,40.8685,40.966,41.07,41.1808,41.2984,41.4231,41.5553,41.695,41.8425,41.998,42.1617,42.3337,42.5143,42.7038,42.9022,43.1098,43.3267,43.5532,43.7894,44.0357,44.292,44.5588,44.836,45.124,45.423,45.7332,46.0547,46.3878,46.7327,47.0896,47.4588,47.8404,48.2346,48.6418,49.062,49.4955,49.9426,50.4034,50.8781,51.3671,51.8704,52.3883,52.921,53.4686,54.0314,54.6095,55.2031,55.8123,56.4373,57.0782,57.735,58.4079,59.097,59.8022,60.5236,61.2613,62.0152,62.7852,63.5712,64.3732,65.1909,66.0242,66.8728,67.7365,68.6149,69.5075,70.414,71.3336,72.2658,73.2097,74.1644,75.129,76.1022,77.0829,78.0694,79.0602,80.0533,81.0469,82.0387,83.0262,84.007,84.9782,85.9368,86.8798,87.8037,88.7052,89.5806,90.4263,91.2386,92.0136,92.7476,93.4368,94.0777,94.6667,95.2003,95.6755,96.0894,96.4394,96.7232,96.9391,97.0854,97.1612,97.1659,97.0994,96.9619,96.7544,96.478,96.1344,95.7257,95.2543,94.7231,94.135,93.4934,92.8019,92.0642,91.284,90.4653,89.6119,88.7277,87.8166,86.8822,85.9283,84.9584,83.9756,82.9833,81.9844,80.9816,79.9775,78.9744,77.9747,76.9801,75.9926,75.0136,74.0447,73.087,72.1416,71.2096,70.2918,69.3889,68.5015,67.6301,66.7752,65.9372,65.1163,64.3128,63.5269,62.7587,62.0084,61.276,60.5616,59.8651,59.1866,58.526,57.8833,57.2583,56.6509,56.061,55.4884,54.9329,54.3943,53.8723,53.3668,52.8774,52.4037,51.9457,51.5027,51.0745,50.6608,50.261,49.8748,49.5018,49.1415,48.7934,48.457,48.1319,47.8175,47.5133,47.2188,46.9335,46.6567,46.3881,46.127,45.873,45.6256,45.3842,45.1484,44.9178,44.6919,44.4703,44.2527,44.0387,43.8281,43.6205,43.4157,43.2135,43.0136,42.816,42.6204,42.4267,42.2348,42.0446,41.8561,41.669,41.4835,41.2994,41.1166,40.9351,40.7549,40.5759,40.398,40.2212,40.0454,39.8706,39.6967,39.5237,39.3515,39.18,39.0092,38.8391,38.6697,38.5007,38.3322,38.1642,37.9966,37.8293,37.6624,37.4957,37.3293,37.1631,36.997,36.8312,36.6655,36.5,36.3346,36.1696,36.0049,35.8406,35.6769,35.5138,35.3517,35.1907,35.0311,34.8734,34.7179,34.5651,34.4157,34.2702,34.1294,33.9943,33.8659,33.7453,33.634,
 ,-86,36.4118,36.6082,36.7966,36.977,37.1492,37.3132,37.4691,37.6169,37.7566,37.8884,38.0125,38.1289,38.238,38.34,38.4351,38.5237,38.6061,38.6827,38.7538,38.8198,38.8811,38.9381,38.9913,39.0411,39.0878,39.1321,39.1742,39.2146,39.2539,39.2923,39.3303,39.3683,39.4068,39.4461,39.4867,39.5288,39.5729,39.6193,39.6685,39.7206,39.776,39.8352,39.8983,39.9656,40.0375,40.1142,40.1961,40.2833,40.3761,40.4748,40.5795,40.6907,40.8084,40.9329,41.0645,41.2032,41.3495,41.5034,41.6652,41.8351,42.0132,42.1999,42.3952,42.5995,42.8128,43.0355,43.2677,43.5096,43.7614,44.0233,44.2956,44.5784,44.872,45.1766,45.4924,45.8196,46.1584,46.5092,46.872,47.2473,47.635,48.0356,48.4492,48.8761,49.3165,49.7707,50.239,50.7215,51.2184,51.7301,52.2569,52.7988,53.3561,53.9291,54.518,55.123,55.7443,56.382,57.0365,57.7078,58.396,59.1014,59.824,60.5639,61.3213,62.0961,62.8884,63.6982,64.5255,65.3702,66.2321,67.1111,68.007,68.9195,69.8482,70.7927,71.7525,72.727,73.7154,74.7169,75.7304,76.7548,77.7887,78.8308,79.8792,80.9321,81.9874,83.0429,84.0959,85.1437,86.1834,87.2117,88.2253,89.2206,90.1938,91.141,92.0582,92.9411,93.7855,94.5873,95.3422,96.046,96.6948,97.2846,97.8118,98.2731,98.6655,98.9863,99.2332,99.4046,99.4992,99.5161,99.4552,99.3168,99.1018,98.8115,98.4477,98.0129,97.5097,96.9413,96.3112,95.6231,94.8812,94.0894,93.2521,92.3738,91.4587,90.5112,89.5356,88.5361,87.5166,86.481,85.433,84.376,83.3132,82.2477,81.1821,80.119,79.0607,78.0093,76.9665,75.9341,74.9135,73.9058,72.9124,71.9339,70.9714,70.0254,69.0966,68.1853,67.292,66.4169,65.5604,64.7226,63.9036,63.1037,62.3226,61.5607,60.8177,60.0938,59.3887,58.7025,58.035,57.3861,56.7556,56.1433,55.5491,54.9726,54.4137,53.872,53.3473,52.8392,52.3475,51.8717,51.4115,50.9665,50.5364,50.1205,49.7187,49.3303,48.9549,48.5921,48.2413,47.9021,47.5739,47.2562,46.9486,46.6504,46.3612,46.0805,45.8077,45.5424,45.284,45.0321,44.7863,44.5461,44.311,44.0808,43.855,43.6332,43.4153,43.2009,42.9897,42.7815,42.5761,42.3733,42.1729,41.9748,41.7788,41.5848,41.3928,41.2025,41.014,40.8271,40.6417,40.4579,40.2754,40.0943,39.9144,39.7357,39.5582,39.3818,39.2063,39.0319,38.8583,38.6856,38.5136,38.3424,38.1719,38.002,37.8327,37.6639,37.4956,37.3278,37.1604,36.9934,36.8268,36.6605,36.4946,36.329,36.1638,35.9989,35.8345,35.6706,35.5073,35.3447,35.1829,35.0222,34.8628,34.7048,34.5488,34.3951,34.244,34.0963,33.9525,33.8133,33.6796,33.5524,33.4328,33.3222,33.2221,
 ,-87,35.7645,35.9571,36.1424,36.3201,36.4903,36.653,36.8081,36.9557,37.0959,37.2288,37.3545,37.4732,37.585,37.6903,37.7893,37.8822,37.9694,38.0512,38.1279,38.1999,38.2676,38.3314,38.3916,38.4486,38.5029,38.5548,38.6048,38.6533,38.7006,38.7473,38.7936,38.8401,38.8869,38.9347,38.9836,39.0341,39.0866,39.1414,39.1987,39.259,39.3226,39.3897,39.4607,39.5359,39.6155,39.6997,39.7891,39.8836,39.9837,40.0895,40.2013,40.3193,40.4438,40.575,40.713,40.8583,41.0109,41.171,41.3389,41.5149,41.699,41.8916,42.0927,42.3028,42.5218,42.7501,42.9879,43.2354,43.4928,43.7604,44.0382,44.3266,44.6258,44.9361,45.2576,45.5906,45.9353,46.292,46.6609,47.0423,47.4365,47.8436,48.2639,48.6978,49.1455,49.6072,50.0832,50.5738,51.0793,51.5999,52.1359,52.6876,53.2553,53.8392,54.4396,55.0568,55.691,56.3425,57.0114,57.6982,58.4028,59.1257,59.8669,60.6266,61.4052,62.2024,63.0187,63.854,64.7085,65.582,66.4746,67.3862,68.3167,69.2658,70.2333,71.2188,72.222,73.2421,74.2785,75.3304,76.3968,77.4766,78.5684,79.6708,80.782,81.9001,83.0229,84.148,85.2727,86.3942,87.5093,88.6144,89.706,90.7802,91.8329,92.8596,93.856,94.8174,95.739,96.6162,97.4441,98.218,98.9332,99.5854,100.17,100.684,101.123,101.485,101.766,101.964,102.079,102.108,102.053,101.912,101.687,101.38,100.992,100.526,99.9859,99.3745,98.6959,97.9544,97.1547,96.3013,95.3992,94.4533,93.4686,92.4499,91.4019,90.3293,89.2367,88.1281,87.0077,85.8791,84.7459,83.6113,82.4783,81.3495,80.2274,79.1141,78.0114,76.9211,75.8447,74.7833,73.7381,72.7099,71.6995,70.7075,69.7345,68.7808,67.8466,66.9324,66.0382,65.1641,64.3103,63.4768,62.6635,61.8704,61.0976,60.3448,59.612,58.899,58.2057,57.5319,56.8774,56.242,55.6253,55.0273,54.4474,53.8855,53.3412,52.8142,52.304,51.8104,51.3328,50.871,50.4243,49.9925,49.575,49.1713,48.7811,48.4038,48.0388,47.6858,47.3441,47.0133,46.6928,46.3822,46.081,45.7885,45.5044,45.2281,44.9592,44.6971,44.4416,44.192,43.9481,43.7094,43.4755,43.2462,43.0211,42.8,42.5825,42.3683,42.1574,41.9494,41.7442,41.5415,41.3414,41.1435,40.9479,40.7543,40.5626,40.3728,40.1847,39.9983,39.8134,39.6301,39.4481,39.2675,39.0882,38.9101,38.733,38.557,38.3821,38.208,38.0349,37.8625,37.691,37.5202,37.35,37.1805,37.0116,36.8433,36.6754,36.5082,36.3414,36.1751,36.0093,35.844,35.6793,35.5152,35.3517,35.1889,35.027,34.866,34.7062,34.5477,34.3909,34.2359,34.0833,33.9333,33.7865,33.6435,33.505,33.3718,33.2448,33.1251,33.014,32.9128,32.8234,
 ,-88,35.1418,35.3309,35.5131,35.6884,35.8567,36.0181,36.1724,36.3199,36.4605,36.5942,36.7214,36.8421,36.9565,37.0648,37.1673,37.2642,37.3558,37.4424,37.5243,37.6019,37.6755,37.7454,37.8121,37.8759,37.9371,37.9962,38.0536,38.1095,38.1645,38.2189,38.273,38.3273,38.3821,38.4377,38.4946,38.553,38.6134,38.676,38.7412,38.8092,38.8804,38.9552,39.0337,39.1163,39.2032,39.2948,39.3912,39.4929,39.5999,39.7125,39.831,39.9557,40.0867,40.2243,40.3688,40.5202,40.679,40.8452,41.0191,41.2009,41.3909,41.5892,41.7961,42.0118,42.2365,42.4705,42.7139,42.9669,43.2299,43.503,43.7864,44.0804,44.3853,44.7013,45.0286,45.3674,45.7181,46.0809,46.456,46.8438,47.2445,47.6584,48.0858,48.5269,48.982,49.4516,49.9357,50.4348,50.9492,51.4792,52.0251,52.5871,53.1657,53.7612,54.3738,55.0039,55.6518,56.3178,57.0022,57.7053,58.4275,59.169,59.9301,60.711,61.512,62.3333,63.1751,64.0377,64.9211,65.8254,66.7509,67.6973,68.6647,69.6531,70.6622,71.6917,72.7413,73.8104,74.8985,76.0048,77.1284,78.2681,79.4226,80.5905,81.77,82.9591,84.1555,85.3568,86.5602,87.7626,88.9605,90.1503,91.3281,92.4895,93.6302,94.7452,95.8296,96.8782,97.8858,98.847,99.7563,100.608,101.398,102.12,102.769,103.341,103.833,104.239,104.558,104.786,104.922,104.965,104.914,104.769,104.532,104.204,103.788,103.286,102.702,102.041,101.307,100.504,99.6381,98.7146,97.7389,96.7165,95.6532,94.5542,93.4251,92.2708,91.0965,89.9068,88.706,87.4983,86.2875,85.077,83.8701,82.6695,81.4778,80.2972,79.1296,77.9768,76.8402,75.721,74.6203,73.5388,72.4773,71.4363,70.4163,69.4175,68.4401,67.4843,66.5502,65.6379,64.7473,63.8785,63.0312,62.2055,61.4012,60.6183,59.8564,59.1155,58.3953,57.6956,57.0162,56.3568,55.717,55.0967,54.4954,53.9127,53.3484,52.802,52.2731,51.7614,51.2663,50.7874,50.3242,49.8763,49.4432,49.0244,48.6195,48.2278,47.8488,47.4822,47.1273,46.7836,46.4507,46.128,45.8149,45.5111,45.2159,44.929,44.6498,44.378,44.113,43.8543,43.6018,43.3548,43.1131,42.8764,42.6443,42.4165,42.1927,41.9727,41.7562,41.543,41.333,41.1258,40.9214,40.7196,40.5202,40.3231,40.1283,39.9354,39.7445,39.5555,39.3682,39.1825,38.9984,38.8158,38.6346,38.4547,38.276,38.0985,37.9221,37.7467,37.5723,37.3988,37.2263,37.0545,36.8835,36.7133,36.5438,36.3749,36.2067,36.0392,35.8723,35.706,35.5404,35.3755,35.2113,35.0478,34.8852,34.7235,34.5629,34.4036,34.2456,34.0893,33.9349,33.7828,33.6333,33.4869,33.3442,33.2057,33.0722,32.9446,32.8239,32.7112,32.6079,32.5157,32.4363,
 ,-89,34.5424,34.7281,34.9075,35.0805,35.247,35.4071,35.5607,35.7079,35.8488,35.9834,36.1118,36.2343,36.351,36.4621,36.5678,36.6683,36.764,36.855,36.9418,37.0245,37.1035,37.1792,37.2519,37.322,37.3897,37.4555,37.5197,37.5826,37.6447,37.7063,37.7678,37.8294,37.8916,37.9547,38.0191,38.085,38.1528,38.2228,38.2954,38.3708,38.4493,38.5313,38.617,38.7066,38.8006,38.8991,39.0024,39.1107,39.2244,39.3436,39.4686,39.5997,39.737,39.8808,40.0314,40.1889,40.3536,40.5257,40.7055,40.8931,41.0888,41.2928,41.5053,41.7266,41.9569,42.1963,42.4453,42.7038,42.9723,43.2509,43.54,43.8397,44.1502,44.4719,44.8051,45.1499,45.5066,45.8756,46.2572,46.6515,47.0589,47.4798,47.9144,48.363,48.8259,49.3035,49.7962,50.3042,50.8279,51.3676,51.9238,52.4967,53.0868,53.6944,54.3198,54.9636,55.626,56.3074,57.0081,57.7287,58.4694,59.2306,60.0127,60.816,61.6409,62.4877,63.3567,64.2482,65.1624,66.0996,67.0599,68.0435,69.0504,70.0806,71.134,72.2106,73.31,74.4317,75.5754,76.7402,77.9253,79.1297,80.3521,81.591,82.8447,84.111,85.3878,86.6724,87.9619,89.253,90.5421,91.8252,93.0981,94.3561,95.5942,96.8073,97.9896,99.1355,100.239,101.294,102.294,103.234,104.107,104.907,105.628,106.266,106.815,107.272,107.632,107.893,108.053,108.109,108.063,107.912,107.66,107.308,106.858,106.314,105.681,104.962,104.163,103.29,102.349,101.346,100.286,99.1774,98.0252,96.836,95.6157,94.3701,93.1047,91.8247,90.5348,89.2397,87.9434,86.6496,85.3617,84.0826,82.8151,81.5615,80.3236,79.1033,77.902,76.7207,75.5605,74.4221,73.3061,72.213,71.143,70.0963,69.0731,68.0735,67.0973,66.1446,65.2152,64.3092,63.4262,62.5662,61.729,60.9144,60.1222,59.3521,58.6038,57.8772,57.1719,56.4876,55.824,55.1807,54.5572,53.9533,53.3685,52.8024,52.2544,51.7243,51.2114,50.7153,50.2355,49.7716,49.3229,48.889,48.4694,48.0635,47.6707,47.2907,46.9228,46.5665,46.2213,45.8868,45.5623,45.2473,44.9415,44.6442,44.355,44.0736,43.7994,43.532,43.2709,43.016,42.7666,42.5226,42.2836,42.0492,41.8193,41.5934,41.3715,41.1531,40.9382,40.7265,40.5178,40.312,40.1089,39.9083,39.7101,39.5142,39.3204,39.1286,38.9388,38.7508,38.5645,38.3798,38.1966,38.0149,37.8345,37.6554,37.4775,37.3008,37.1252,36.9506,36.777,36.6043,36.4325,36.2615,36.0914,35.9221,35.7535,35.5858,35.4187,35.2525,35.0871,34.9225,34.7588,34.596,34.4343,34.2737,34.1144,33.9566,33.8004,33.6461,33.4941,33.3446,33.1981,33.0551,32.9161,32.7818,32.653,32.5306,32.4156,32.3094,32.2135,32.1295,32.0595,
 ,-90,33.965,34.1476,34.3244,34.4952,34.66,34.8188,34.9717,35.1186,35.2597,35.395,35.5247,35.6488,35.7676,35.8812,35.9898,36.0936,36.193,36.2882,36.3793,36.4668,36.5509,36.632,36.7102,36.7861,36.8598,36.9319,37.0025,37.0719,37.1407,37.2091,37.2773,37.3459,37.4151,37.4852,37.5566,37.6295,37.7044,37.7815,37.861,37.9434,38.0288,38.1176,38.2102,38.3066,38.4072,38.5123,38.6222,38.737,38.8571,38.9826,39.1138,39.251,39.3944,39.5443,39.7008,39.8642,40.0347,40.2126,40.398,40.5912,40.7925,41.0021,41.2201,41.4469,41.6826,41.9276,42.1819,42.446,42.72,43.0042,43.2988,43.6041,43.9204,44.2479,44.5869,44.9378,45.3007,45.676,46.064,46.465,46.8794,47.3074,47.7494,48.2057,48.6767,49.1627,49.6642,50.1814,50.7148,51.2647,51.8317,52.4159,53.018,53.6383,54.2773,54.9353,55.6129,56.3105,57.0285,57.7674,58.5276,59.3096,60.1139,60.9409,61.7911,62.6648,63.5625,64.4846,65.4315,66.4034,67.4008,68.4238,69.4726,70.5474,71.6482,72.775,73.9276,75.1056,76.3088,77.5365,78.788,80.0621,81.3578,82.6736,84.0076,85.358,86.7224,88.098,89.4818,90.8702,92.2596,93.6456,95.0236,96.3885,97.7348,99.0568,100.348,101.603,102.814,103.974,105.076,106.114,107.08,107.968,108.771,109.482,110.097,110.61,111.017,111.315,111.5,111.571,111.528,111.371,111.1,110.719,110.23,109.637,108.945,108.16,107.288,106.334,105.307,104.212,103.058,101.851,100.599,99.308,97.9855,96.6376,95.2706,93.8902,92.5016,91.1098,89.7192,88.3339,86.9573,85.5927,84.2428,82.9099,81.5961,80.303,79.0319,77.7841,76.5603,75.3612,74.1872,73.0386,71.9156,70.8183,69.7467,68.7006,67.68,66.6848,65.7146,64.7694,63.849,62.9529,62.0812,61.2335,60.4094,59.6088,58.8314,58.0767,57.3445,56.6344,55.946,55.279,54.6327,54.007,53.4011,52.8148,52.2475,51.6987,51.1678,50.6544,50.1579,49.6778,49.2135,48.7645,48.3303,47.9103,47.5039,47.1106,46.7299,46.3612,46.0041,45.6579,45.3221,44.9963,44.68,44.3726,44.0738,43.783,43.4998,43.2238,42.9546,42.6917,42.4349,42.1838,41.938,41.6972,41.4611,41.2295,41.0021,40.7786,40.5589,40.3426,40.1296,39.9198,39.7129,39.5087,39.3072,39.1082,38.9114,38.717,38.5245,38.3341,38.1455,37.9587,37.7735,37.5899,37.4079,37.2272,37.0478,36.8698,36.6928,36.5171,36.3425,36.1688,35.9962,35.8246,35.6539,35.4841,35.3152,35.1472,34.98,34.8138,34.6486,34.4843,34.3211,34.159,33.9981,33.8386,33.6805,33.5241,33.3696,33.2173,33.0674,32.9204,32.7767,32.6367,32.5012,32.3707,32.2462,32.1286,32.019,31.9187,31.8294,31.7528,31.6913,
 ,-91,33.4086,33.5882,33.7625,33.9312,34.0944,34.252,34.4042,34.5508,34.6921,34.828,34.9587,35.0843,35.2049,35.3208,35.4321,35.5391,35.6419,35.7408,35.8361,35.928,36.0167,36.1027,36.1862,36.2674,36.3468,36.4246,36.5012,36.5767,36.6517,36.7264,36.8011,36.8762,36.9519,37.0286,37.1067,37.1863,37.2678,37.3514,37.4376,37.5266,37.6186,37.714,37.813,37.9159,38.0229,38.1343,38.2504,38.3714,38.4976,38.6292,38.7665,38.9096,39.0589,39.2145,39.3767,39.5458,39.722,39.9054,40.0964,40.2951,40.5019,40.7169,40.9403,41.1725,41.4137,41.664,41.9238,42.1933,42.4728,42.7625,43.0627,43.3736,43.6956,44.029,44.374,44.7309,45.1001,45.4818,45.8764,46.2842,46.7056,47.141,47.5905,48.0548,48.534,49.0288,49.5393,50.066,50.6095,51.17,51.7481,52.3442,52.9588,53.5924,54.2455,54.9185,55.6119,56.3264,57.0625,57.8206,58.6013,59.4052,60.2328,61.0847,61.9614,62.8635,63.7915,64.7459,65.7272,66.7359,67.7725,68.8372,69.9305,71.0527,72.2039,73.3841,74.5934,75.8317,77.0986,78.3938,79.7164,81.0657,82.4405,83.8394,85.2607,86.7024,88.1621,89.6371,91.124,92.6193,94.119,95.6184,97.1126,98.5959,100.062,101.506,102.919,104.295,105.626,106.904,108.122,109.27,110.342,111.329,112.223,113.018,113.707,114.284,114.743,115.082,115.296,115.383,115.343,115.176,114.884,114.468,113.933,113.283,112.524,111.663,110.705,109.66,108.534,107.335,106.073,104.755,103.39,101.984,100.547,99.0846,97.6042,96.1121,94.6141,93.1154,91.6211,90.1352,88.6616,87.2037,85.7641,84.3454,82.9495,81.578,80.2322,78.9131,77.6213,76.3575,75.1218,73.9144,72.7353,71.5845,70.4617,69.3667,68.2993,67.2592,66.2462,65.2598,64.2999,63.3661,62.4581,61.5756,60.7183,59.8859,59.0779,58.294,57.5338,56.797,56.0829,55.3913,54.7217,54.0734,53.4461,52.8391,52.252,51.6842,51.1351,50.6041,50.0908,49.5944,49.1145,48.6505,48.2017,47.7676,47.3477,46.9413,46.548,46.1671,45.7981,45.4405,45.0938,44.7573,44.4308,44.1136,43.8052,43.5053,43.2134,42.9289,42.6517,42.3812,42.117,41.8589,41.6064,41.3594,41.1173,40.88,40.6472,40.4187,40.1941,39.9733,39.756,39.5421,39.3314,39.1237,38.9188,38.7166,38.517,38.3197,38.1247,37.9317,37.7409,37.5519,37.3647,37.1793,36.9954,36.8131,36.6323,36.4528,36.2747,36.0978,35.9221,35.7476,35.5741,35.4018,35.2305,35.0602,34.891,34.7227,34.5555,34.3894,34.2243,34.0603,33.8976,33.7361,33.576,33.4174,33.2605,33.1055,32.9525,32.802,32.6541,32.5094,32.3682,32.2311,32.0987,31.9717,31.8511,31.7377,31.6328,31.5379,31.4545,31.3846,31.3305,
 ,-92,32.872,33.0489,33.2208,33.3875,33.5491,33.7056,33.857,34.0034,34.1447,34.2812,34.4128,34.5397,34.6621,34.7801,34.8939,35.0036,35.1096,35.212,35.311,35.407,35.5001,35.5906,35.6789,35.7652,35.8498,35.933,36.0151,36.0964,36.1772,36.2578,36.3386,36.4197,36.5017,36.5846,36.6688,36.7547,36.8425,36.9325,37.0249,37.1201,37.2184,37.32,37.4252,37.5342,37.6473,37.7648,37.8869,38.0138,38.1459,38.2833,38.4263,38.5751,38.7301,38.8913,39.0591,39.2337,39.4153,39.6042,39.8006,40.0047,40.2168,40.4371,40.6659,40.9033,41.1498,41.4055,41.6706,41.9455,42.2304,42.5256,42.8314,43.148,43.4757,43.8149,44.1659,44.529,44.9045,45.2927,45.694,46.1088,46.5374,46.9801,47.4375,47.9099,48.3976,48.9012,49.4211,49.9578,50.5115,51.083,51.6727,52.2811,52.9087,53.556,54.2237,54.9123,55.6224,56.3545,57.1093,57.8875,58.6896,59.5164,60.3684,61.2464,62.151,63.0828,64.0426,65.031,66.0486,67.0961,68.174,69.2829,70.4232,71.5955,72.8001,74.0372,75.3069,76.6094,77.9445,79.3118,80.7109,82.141,83.601,85.0898,86.6056,88.1464,89.7099,91.2933,92.8931,94.5057,96.1267,97.7512,99.3738,100.989,102.589,104.167,105.717,107.229,108.695,110.106,111.453,112.726,113.918,115.017,116.015,116.905,117.678,118.327,118.846,119.231,119.477,119.582,119.545,119.366,119.047,118.591,118.003,117.287,116.45,115.5,114.445,113.293,112.054,110.737,109.352,107.908,106.414,104.88,103.314,101.723,100.116,98.4998,96.8804,95.2638,93.6551,92.0589,90.4793,88.9195,87.3827,85.871,84.3865,82.9307,81.5047,80.1094,78.7453,77.4126,76.1114,74.8418,73.6034,72.396,71.2192,70.0727,68.9561,67.8688,66.8106,65.781,64.7796,63.8061,62.8601,61.9412,61.0491,60.1833,59.3434,58.5291,57.7398,56.9751,56.2345,55.5176,54.8237,54.1523,53.5029,52.8748,52.2675,51.6804,51.1128,50.5641,50.0337,49.521,49.0254,48.5463,48.083,47.635,47.2016,46.7822,46.3764,45.9834,45.6028,45.234,44.8764,44.5296,44.193,43.8662,43.5485,43.2397,42.9392,42.6466,42.3615,42.0834,41.8121,41.5471,41.2882,41.0349,40.7869,40.544,40.3059,40.0723,39.8429,39.6176,39.3961,39.1782,38.9637,38.7524,38.5442,38.3389,38.1362,37.9361,37.7384,37.5431,37.3499,37.1587,36.9696,36.7822,36.5966,36.4127,36.2303,36.0495,35.8701,35.692,35.5153,35.3398,35.1656,34.9925,34.8207,34.6499,34.4803,34.3119,34.1445,33.9784,33.8135,33.6498,33.4874,33.3265,33.1672,33.0095,32.8536,32.6999,32.5484,32.3994,32.2534,32.1108,31.9719,31.8373,31.7077,31.5839,31.4666,31.3571,31.2564,31.166,31.0878,31.0236,30.976,
 ,-93,32.3543,32.5286,32.6982,32.863,33.0232,33.1786,33.3292,33.4753,33.6167,33.7536,33.886,34.0141,34.138,34.2579,34.374,34.4863,34.5952,34.7008,34.8033,34.903,35.0001,35.0949,35.1877,35.2787,35.3681,35.4564,35.5437,35.6303,35.7166,35.8028,35.8892,35.976,36.0637,36.1525,36.2426,36.3344,36.4282,36.5241,36.6225,36.7237,36.8279,36.9353,37.0464,37.1612,37.2801,37.4034,37.5312,37.6638,37.8015,37.9445,38.0931,38.2475,38.4079,38.5745,38.7477,38.9276,39.1145,39.3087,39.5103,39.7196,39.9369,40.1625,40.3965,40.6392,40.8909,41.1518,41.4222,41.7025,41.9928,42.2934,42.6047,42.927,43.2605,43.6056,43.9626,44.3318,44.7137,45.1084,45.5165,45.9383,46.3742,46.8246,47.29,47.7706,48.2671,48.7798,49.3093,49.856,50.4205,51.0033,51.6049,52.2259,52.8669,53.5286,54.2114,54.9162,55.6434,56.3939,57.1683,57.9673,58.7918,59.6424,60.5198,61.4251,62.3588,63.3217,64.3148,65.3389,66.3946,67.4828,68.6041,69.7595,70.9496,72.1749,73.436,74.7334,76.0674,77.4382,78.8459,80.2904,81.7714,83.2883,84.8401,86.4259,88.0439,89.6923,91.3688,93.0704,94.7938,96.535,98.2895,100.052,101.817,103.578,105.327,107.056,108.758,110.423,112.041,113.602,115.095,116.511,117.838,119.065,120.182,121.18,122.048,122.78,123.367,123.804,124.086,124.21,124.176,123.983,123.633,123.129,122.478,121.685,120.758,119.706,118.538,117.264,115.896,114.444,112.918,111.331,109.692,108.012,106.301,104.566,102.818,101.063,99.3094,97.5623,95.8278,94.1106,92.4149,90.7444,89.1019,87.4897,85.9097,84.3634,82.8516,81.375,79.9338,78.528,77.1576,75.8221,74.5212,73.2542,72.0206,70.8199,69.6514,68.5145,67.4088,66.3337,65.2888,64.2736,63.2877,62.3306,61.4019,60.5012,59.628,58.7819,57.9623,57.1687,56.4006,55.6574,54.9385,54.2434,53.5712,52.9216,52.2936,51.6868,51.1004,50.5338,49.9862,49.4571,48.9457,48.4515,47.9737,47.5117,47.0649,46.6327,46.2144,45.8096,45.4175,45.0376,44.6694,44.3124,43.966,43.6297,43.3029,42.9854,42.6765,42.3759,42.0831,41.7977,41.5194,41.2477,40.9823,40.7229,40.4691,40.2207,39.9773,39.7388,39.5047,39.275,39.0492,38.8273,38.6091,38.3942,38.1826,37.9741,37.7685,37.5656,37.3652,37.1674,36.9719,36.7786,36.5874,36.3982,36.2108,36.0252,35.8414,35.6591,35.4785,35.2993,35.1215,34.9451,34.77,34.5963,34.4238,34.2526,34.0826,33.9139,33.7465,33.5803,33.4155,33.2521,33.0901,32.9297,32.7711,32.6142,32.4593,32.3066,32.1565,32.009,31.8647,31.7238,31.587,31.4547,31.3276,31.2065,31.0922,30.9859,30.8888,30.8023,30.7283,30.6689,30.6265,
 ,-94,31.8545,32.0263,32.1937,32.3568,32.5155,32.6698,32.8198,32.9655,33.1069,33.2442,33.3773,33.5065,33.6319,33.7535,33.8716,33.9863,34.0978,34.2064,34.3121,34.4153,34.5161,34.6149,34.7118,34.8072,34.9012,34.9941,35.0862,35.1778,35.2692,35.3606,35.4523,35.5446,35.6377,35.732,35.8277,35.9251,36.0244,36.1259,36.23,36.3368,36.4466,36.5597,36.6764,36.7967,36.9212,37.05,37.1833,37.3213,37.4644,37.6128,37.7667,37.9264,38.092,38.2639,38.4423,38.6274,38.8195,39.0187,39.2255,39.4399,39.6623,39.8929,40.132,40.3799,40.6367,40.9028,41.1785,41.464,41.7597,42.0657,42.3826,42.7104,43.0497,43.4007,43.7637,44.1392,44.5274,44.9288,45.3438,45.7727,46.216,46.6741,47.1475,47.6367,48.142,48.6641,49.2034,49.7605,50.3359,50.9303,51.5442,52.1782,52.8331,53.5094,54.2079,54.9293,55.6743,56.4438,57.2385,58.0592,58.9068,59.7821,60.6861,61.6197,62.5837,63.5792,64.607,65.6683,66.7639,67.8947,69.0618,70.2661,71.5084,72.7896,74.1104,75.4716,76.8738,78.3172,79.8024,81.3294,82.898,84.5079,86.1585,87.8488,89.5774,91.3425,93.1417,94.9723,96.8309,98.7133,100.615,102.53,104.452,106.375,108.29,110.188,112.061,113.898,115.687,117.418,119.078,120.655,122.136,123.509,124.762,125.884,126.862,127.688,128.353,128.85,129.173,129.319,129.287,129.076,128.689,128.13,127.405,126.522,125.49,124.319,123.021,121.607,120.09,118.482,116.797,115.047,113.244,111.399,109.524,107.629,105.722,103.814,101.91,100.019,98.1458,96.2958,94.4735,92.6823,90.9252,89.2045,87.5218,85.8784,84.2749,82.7116,81.1886,79.7055,78.2619,76.857,75.4902,74.1605,72.8672,71.6095,70.3865,69.1975,68.0419,66.9191,65.8284,64.7693,63.7414,62.7442,61.7772,60.8399,59.9318,59.0524,58.2012,57.3776,56.5809,55.8105,55.0658,54.3462,53.6507,52.9789,52.3299,51.703,51.0975,50.5127,49.9478,49.4021,48.8749,48.3655,47.8732,47.3973,46.9372,46.4922,46.0616,45.645,45.2416,44.8508,44.4722,44.1051,43.749,43.4034,43.0678,42.7417,42.4246,42.1161,41.8158,41.5232,41.238,40.9597,40.6881,40.4227,40.1632,39.9094,39.6609,39.4174,39.1787,38.9445,38.7146,38.4888,38.2668,38.0484,37.8335,37.6218,37.4132,37.2075,37.0045,36.8042,36.6064,36.4109,36.2177,36.0265,35.8374,35.6502,35.4649,35.2812,35.0993,34.9189,34.7401,34.5628,34.3869,34.2125,34.0394,33.8677,33.6973,33.5284,33.3608,33.1946,33.0299,32.8667,32.7051,32.5451,32.387,32.2309,32.0769,31.9252,31.7762,31.6301,31.4872,31.348,31.2129,31.0826,30.9576,30.8388,30.7271,30.6235,30.5293,30.446,30.3754,30.3197,30.2814,
 ,-95,31.3718,31.5412,31.7066,31.8679,32.0252,32.1785,32.3278,32.4731,32.6145,32.7521,32.8859,33.016,33.1427,33.2659,33.3859,33.5027,33.6167,33.728,33.8367,33.9431,34.0474,34.1498,34.2506,34.35,34.4482,34.5455,34.6422,34.7385,34.8346,34.9309,35.0276,35.1249,35.2232,35.3227,35.4236,35.5262,35.6308,35.7377,35.8471,35.9592,36.0744,36.1928,36.3147,36.4405,36.5702,36.7042,36.8428,36.9861,37.1343,37.2879,37.4469,37.6117,37.7824,37.9593,38.1428,38.3329,38.5299,38.7342,38.9459,39.1653,39.3927,39.6282,39.8723,40.1252,40.3871,40.6583,40.9392,41.2299,41.5309,41.8423,42.1646,42.4981,42.8431,43.2,43.5691,43.9508,44.3454,44.7535,45.1754,45.6115,46.0623,46.5283,47.0099,47.5076,48.022,48.5536,49.1029,49.6706,50.2572,50.8634,51.4899,52.1373,52.8064,53.4978,54.2124,54.951,55.7144,56.5034,57.319,58.1621,59.0337,59.9347,60.8661,61.829,62.8246,63.8539,64.918,66.0181,67.1553,68.3308,69.5457,70.8012,72.0985,73.4385,74.8224,76.2509,77.7251,79.2457,80.8132,82.428,84.0903,85.8,87.5566,89.3596,91.2076,93.099,95.0317,97.003,99.0094,101.047,103.11,105.193,107.29,109.393,111.493,113.581,115.646,117.676,119.66,121.583,123.432,125.193,126.851,128.392,129.801,131.065,132.17,133.105,133.859,134.425,134.796,134.966,134.935,134.703,134.272,133.647,132.837,131.849,130.694,129.385,127.936,126.36,124.671,122.886,121.018,119.082,117.092,115.061,113.002,110.925,108.842,106.762,104.693,102.642,100.616,98.6205,96.6597,94.7373,92.8561,91.0183,89.2252,87.4779,85.7766,84.1213,82.5116,80.9468,79.4261,77.9482,76.5122,75.1167,73.7608,72.4432,71.1631,69.9193,68.7113,67.5381,66.3992,65.294,64.222,63.1825,62.1752,61.1995,60.2549,59.3407,58.4565,57.6015,56.7751,55.9766,55.2053,54.4603,53.7409,53.0464,52.3758,51.7285,51.1037,50.5004,49.9179,49.3555,48.8124,48.2878,47.781,47.2912,46.8178,46.3601,45.9174,45.489,45.0744,44.673,44.284,43.907,43.5414,43.1867,42.8424,42.5079,42.1828,41.8666,41.5589,41.2593,40.9673,40.6826,40.4048,40.1335,39.8685,39.6093,39.3557,39.1075,38.8642,38.6257,38.3916,38.1619,37.9362,37.7143,37.4961,37.2812,37.0697,36.8612,36.6556,36.4529,36.2527,36.0551,35.8598,35.6668,35.4759,35.2871,35.1002,34.9152,34.732,34.5505,34.3706,34.1924,34.0157,33.8405,33.6669,33.4947,33.3239,33.1547,32.9869,32.8207,32.656,32.493,32.3316,32.1721,32.0145,31.859,31.7058,31.555,31.407,31.262,31.1204,30.9825,30.849,30.7203,30.5972,30.4803,30.3706,30.2692,30.1773,30.0964,30.0284,29.9753,29.9398,
 ,-96,30.9052,31.0724,31.2358,31.3955,31.5515,31.7038,31.8524,31.9973,32.1387,32.2765,32.4108,32.5418,32.6696,32.7943,32.916,33.0348,33.1511,33.2648,33.3763,33.4857,33.5932,33.699,33.8034,33.9065,34.0087,34.1101,34.211,34.3117,34.4123,34.5131,34.6145,34.7166,34.8197,34.924,35.0299,35.1375,35.2471,35.359,35.4734,35.5906,35.7108,35.8343,35.9613,36.0921,36.2269,36.366,36.5095,36.6578,36.811,36.9695,37.1335,37.3032,37.4788,37.6606,37.8488,38.0438,38.2457,38.4548,38.6713,38.8956,39.1278,39.3683,39.6173,39.8751,40.1419,40.4182,40.7041,41,41.3062,41.623,41.9508,42.2898,42.6405,43.0032,43.3784,43.7663,44.1675,44.5822,45.0111,45.4544,45.9128,46.3867,46.8766,47.3831,47.9066,48.4479,49.0074,49.5859,50.1839,50.8023,51.4416,52.1027,52.7863,53.4932,54.2243,54.9805,55.7628,56.572,57.4091,58.2753,59.1715,60.099,61.0588,62.0522,63.0804,64.1447,65.2465,66.3869,67.5674,68.7895,70.0544,71.3635,72.7184,74.1202,75.5703,77.07,78.6204,80.2225,81.8774,83.5857,85.3479,87.1643,89.0347,90.9589,92.9358,94.9641,97.0418,99.1663,101.334,103.542,105.783,108.053,110.343,112.647,114.954,117.254,119.535,121.784,123.987,126.129,128.195,130.166,132.028,133.761,135.35,136.778,138.03,139.091,139.95,140.595,141.02,141.219,141.189,140.93,140.447,139.745,138.833,137.722,136.424,134.955,133.33,131.566,129.68,127.69,125.612,123.464,121.262,119.02,116.752,114.472,112.191,109.919,107.666,105.439,103.245,101.09,98.9784,96.9134,94.8979,92.9339,91.0225,89.1641,87.3588,85.606,83.9048,82.254,80.6522,79.0978,77.5892,76.1249,74.7033,73.3231,71.9829,70.6817,69.4185,68.1924,67.0027,65.8488,64.7302,63.6463,62.5965,61.5804,60.5974,59.6468,58.728,57.8404,56.9831,56.1553,55.3564,54.5853,53.8413,53.1235,52.431,51.7629,51.1182,50.4963,49.8961,49.3168,48.7577,48.2179,47.6965,47.1929,46.7063,46.236,45.7812,45.3412,44.9156,44.5035,44.1044,43.7176,43.3427,42.9791,42.6261,42.2834,41.9504,41.6267,41.3118,41.0053,40.7067,40.4157,40.1318,39.8548,39.5843,39.3199,39.0614,38.8083,38.5606,38.3178,38.0797,37.8461,37.6167,37.3914,37.1698,36.9519,36.7375,36.5262,36.3181,36.1129,35.9105,35.7107,35.5134,35.3185,35.1259,34.9354,34.747,34.5607,34.3762,34.1935,34.0126,33.8334,33.6559,33.48,33.3057,33.133,32.9619,32.7923,32.6243,32.458,32.2934,32.1304,31.9693,31.8101,31.653,31.498,31.3454,31.1954,31.0482,30.9042,30.7637,30.627,30.4948,30.3674,30.2457,30.1303,30.0222,29.9224,29.8322,29.7531,29.6867,29.6352,29.6012,
 ,-97,30.454,30.6191,30.7807,30.9388,31.0936,31.2448,31.3927,31.5373,31.6785,31.8165,31.9513,32.0831,32.2119,32.3379,32.4612,32.5819,32.7002,32.8162,32.9303,33.0424,33.1529,33.2619,33.3696,33.4762,33.582,33.6873,33.7921,33.8968,34.0017,34.1068,34.2125,34.3191,34.4267,34.5357,34.6462,34.7585,34.8728,34.9895,35.1087,35.2307,35.3557,35.484,35.6159,35.7515,35.891,36.0349,36.1832,36.3363,36.4943,36.6575,36.8262,37.0006,37.181,37.3675,37.5604,37.7601,37.9667,38.1804,38.4017,38.6306,38.8676,39.1128,39.3666,39.6292,39.901,40.1822,40.4731,40.7741,41.0855,41.4075,41.7407,42.0853,42.4417,42.8103,43.1914,43.5856,43.9932,44.4147,44.8506,45.3013,45.7673,46.2491,46.7474,47.2627,47.7955,48.3465,48.9164,49.5058,50.1155,50.7462,51.3986,52.0736,52.7721,53.4948,54.2429,55.0171,55.8186,56.6485,57.5077,58.3976,59.3192,60.2739,61.263,62.2878,63.3498,64.4504,65.591,66.7734,67.9989,69.2694,70.5863,71.9515,73.3665,74.8331,76.3528,77.9272,79.5579,81.2464,82.9938,84.8014,86.6701,88.6005,90.5928,92.6472,94.7631,96.9394,99.1744,101.466,103.811,106.204,108.642,111.117,113.623,116.15,118.689,121.227,123.751,126.248,128.701,131.093,133.406,135.619,137.715,139.671,141.469,143.088,144.51,145.718,146.698,147.437,147.925,148.155,148.126,147.836,147.291,146.498,145.466,144.21,142.744,141.087,139.258,137.275,135.161,132.934,130.616,128.225,125.781,123.299,120.796,118.287,115.784,113.299,110.841,108.42,106.041,103.711,101.434,99.2143,97.0538,94.954,92.9159,90.9392,89.0236,87.1677,85.3701,83.629,81.9424,80.308,78.7238,77.1875,75.6974,74.2516,72.8485,71.4868,70.1655,68.8836,67.6403,66.435,65.2671,64.1362,63.0416,61.9829,60.9595,59.9706,59.0157,58.0939,57.2044,56.3463,55.5188,54.7209,53.9515,53.2098,52.4948,51.8055,51.1408,50.4999,49.8818,49.2856,48.7103,48.1552,47.6193,47.1019,46.6021,46.1192,45.6524,45.201,44.7644,44.3418,43.9327,43.5364,43.1523,42.7798,42.4185,42.0677,41.727,41.3959,41.0739,40.7606,40.4556,40.1584,39.8686,39.586,39.3101,39.0406,38.7771,38.5194,38.2672,38.0202,37.7782,37.5408,37.3078,37.0791,36.8543,36.6334,36.416,36.2021,35.9914,35.7837,35.579,35.3771,35.1778,34.9811,34.7867,34.5947,34.4048,34.217,34.0312,33.8474,33.6655,33.4854,33.307,33.1304,32.9555,32.7823,32.6107,32.4408,32.2726,32.1062,31.9415,31.7786,31.6177,31.4587,31.3019,31.1474,30.9954,30.846,30.6995,30.5563,30.4166,30.2809,30.1497,30.0234,29.9028,29.7885,29.6816,29.5829,29.4937,29.4155,29.35,29.2991,29.2655,
 ,-98,30.0175,30.1805,30.3404,30.497,30.6505,30.8008,30.9481,31.0922,31.2333,31.3714,31.5067,31.6391,31.7689,31.896,32.0207,32.1431,32.2633,32.3815,32.4979,32.6126,32.7258,32.8377,32.9485,33.0584,33.1677,33.2765,33.385,33.4935,33.6023,33.7115,33.8213,33.932,34.0439,34.1572,34.2721,34.3888,34.5077,34.6288,34.7526,34.8791,35.0087,35.1416,35.278,35.4182,35.5624,35.7108,35.8637,36.0213,36.1839,36.3517,36.5249,36.7039,36.8887,37.0798,37.2773,37.4815,37.6926,37.9109,38.1367,38.3703,38.6119,38.8618,39.1202,39.3875,39.6641,39.9501,40.246,40.552,40.8684,41.1957,41.5343,41.8844,42.2464,42.6208,43.008,43.4084,43.8225,44.2507,44.6936,45.1516,45.6252,46.1152,46.6219,47.146,47.6882,48.2492,48.8295,49.43,50.0515,50.6946,51.3604,52.0496,52.7631,53.502,54.2672,55.0599,55.8811,56.7321,57.614,58.5281,59.4758,60.4585,61.4777,62.5348,63.6315,64.7694,65.9503,67.176,68.4482,69.7689,71.1399,72.5634,74.0412,75.5754,77.168,78.821,80.5362,82.3157,84.1611,86.074,88.0558,90.1078,92.2306,94.4248,96.6903,99.0265,101.432,103.905,106.443,109.041,111.695,114.398,117.142,119.919,122.716,125.523,128.323,131.1,133.838,136.515,139.112,141.604,143.97,146.185,148.225,150.067,151.689,153.07,154.192,155.039,155.601,155.869,155.839,155.512,154.893,153.991,152.818,151.39,149.727,147.85,145.781,143.544,141.164,138.664,136.069,133.4,130.678,127.925,125.156,122.389,119.637,116.914,114.229,111.591,109.009,106.488,104.031,101.644,99.3265,97.0811,94.9075,92.8052,90.7728,88.8084,86.9099,85.0745,83.2994,81.5818,79.9188,78.3077,76.7461,75.2317,73.7627,72.3375,70.955,69.614,68.3139,67.0541,65.834,64.6533,63.5112,62.4075,61.3414,60.3123,59.3193,58.3618,57.4387,56.5491,55.692,54.8663,54.0709,53.3048,52.5667,51.8558,51.1707,50.5107,49.8744,49.2611,48.6697,48.0992,47.5488,47.0175,46.5046,46.0092,45.5305,45.0678,44.6204,44.1875,43.7685,43.3627,42.9695,42.5884,42.2188,41.8601,41.5119,41.1735,40.8446,40.5247,40.2133,39.9101,39.6146,39.3264,39.0452,38.7707,38.5025,38.2402,37.9837,37.7326,37.4866,37.2455,37.009,36.7769,36.549,36.325,36.1048,35.8882,35.6749,35.4649,35.258,35.054,34.8527,34.6541,34.4581,34.2644,34.073,33.8839,33.6969,33.5119,33.3289,33.1479,32.9687,32.7913,32.6158,32.442,32.27,32.0998,31.9313,31.7647,31.5999,31.4371,31.2762,31.1175,30.9609,30.8068,30.6551,30.5063,30.3604,30.2178,30.0788,29.9438,29.8133,29.6878,29.568,29.4545,29.3482,29.2501,29.1614,29.0835,29.018,28.9668,28.9323,
 ,-99,29.595,29.7561,29.9142,30.0694,30.2217,30.3711,30.5176,30.6614,30.8023,30.9405,31.0761,31.2092,31.3397,31.468,31.594,31.7179,31.8399,31.96,32.0786,32.1956,32.3114,32.426,32.5397,32.6527,32.7651,32.8772,32.9892,33.1013,33.2137,33.3267,33.4404,33.555,33.671,33.7883,33.9073,34.0282,34.1513,34.2767,34.4048,34.5356,34.6695,34.8068,34.9475,35.0921,35.2406,35.3934,35.5507,35.7127,35.8797,36.0518,36.2294,36.4127,36.602,36.7974,36.9992,37.2078,37.4233,37.6461,37.8763,38.1143,38.3604,38.6148,38.8778,39.1498,39.431,39.7218,40.0225,40.3335,40.655,40.9874,41.3313,41.6868,42.0544,42.4346,42.8278,43.2344,43.6549,44.0899,44.5397,45.0051,45.4864,45.9844,46.4996,47.0327,47.5843,48.1553,48.7462,49.3579,49.9912,50.6471,51.3263,52.0298,52.7587,53.5139,54.2967,55.1081,55.9494,56.8219,57.7269,58.6658,59.6401,60.6514,61.7014,62.7917,63.9241,65.1005,66.3228,67.5931,68.9136,70.2862,71.7134,73.1974,74.7406,76.3453,78.0141,79.7493,81.5533,83.4286,85.3773,87.4017,89.5037,91.685,93.9472,96.2912,98.7176,101.226,103.817,106.488,109.236,112.059,114.951,117.905,120.915,123.969,127.057,130.165,133.277,136.374,139.436,142.441,145.364,148.179,150.859,153.375,155.699,157.803,159.659,161.243,162.532,163.509,164.157,164.469,164.438,164.066,163.358,162.326,160.984,159.354,157.458,155.321,152.971,150.437,147.747,144.931,142.015,139.026,135.989,132.925,129.855,126.796,123.766,120.776,117.839,114.963,112.157,109.426,106.774,104.204,101.719,99.317,96.9993,94.7638,92.6084,90.5304,88.5265,86.593,84.7264,82.9226,81.1781,79.4894,77.8535,76.2675,74.7294,73.2373,71.79,70.3865,69.0261,67.7082,66.4325,65.1986,64.0061,62.8545,61.7433,60.6717,59.6388,58.6438,57.6857,56.7633,55.8756,55.0212,54.199,53.4077,52.6462,51.9132,51.2075,50.528,49.8735,49.2429,48.6352,48.0494,47.4844,46.9394,46.4135,45.9056,45.4151,44.9412,44.483,44.0399,43.6111,43.1961,42.794,42.4045,42.0267,41.6603,41.3046,40.9591,40.6234,40.297,39.9794,39.6703,39.3691,39.0756,38.7892,38.5098,38.2369,37.9702,37.7094,37.4543,37.2044,36.9597,36.7197,36.4843,36.2533,36.0264,35.8034,35.5841,35.3684,35.156,34.9468,34.7407,34.5376,34.3371,34.1394,33.9441,33.7513,33.5608,33.3725,33.1864,33.0024,32.8204,32.6404,32.4623,32.2861,32.1118,31.9393,31.7687,31.5999,31.4331,31.2682,31.1053,30.9445,30.7859,30.6295,30.4756,30.3243,30.1758,30.0303,29.8882,29.7497,29.6152,29.4853,29.3603,29.2409,29.1278,29.0218,28.9238,28.8351,28.7568,28.6905,28.6381,28.6018,
 ,-100,29.1858,29.345,29.5015,29.6553,29.8065,29.955,30.1008,30.2441,30.3849,30.5231,30.659,30.7926,30.9239,31.0531,31.1803,31.3056,31.4292,31.5512,31.6717,31.7909,31.909,32.0262,32.1426,32.2584,32.3738,32.489,32.6042,32.7196,32.8355,32.9519,33.0693,33.1877,33.3074,33.4286,33.5515,33.6763,33.8034,33.9328,34.0649,34.1999,34.3379,34.4793,34.6242,34.7729,34.9256,35.0826,35.244,35.4102,35.5814,35.7577,35.9395,36.127,36.3204,36.5201,36.7261,36.939,37.1587,37.3857,37.6203,37.8626,38.113,38.3719,38.6394,38.9158,39.2017,39.4971,39.8025,40.1183,40.4448,40.7823,41.1314,41.4923,41.8655,42.2514,42.6505,43.0633,43.4902,43.9319,44.3888,44.8614,45.3504,45.8565,46.3802,46.9223,47.4834,48.0643,48.6659,49.2889,49.9342,50.6028,51.2956,52.0137,52.7581,53.5299,54.3304,55.1608,56.0225,56.9168,57.8453,58.8095,59.811,60.8515,61.933,63.0571,64.2261,65.442,66.7069,68.0232,69.3932,70.8196,72.3047,73.8515,75.4625,77.1406,78.8888,80.7099,82.6069,84.5828,86.6404,88.7825,91.0118,93.3307,95.7414,98.2457,100.845,103.54,106.331,109.216,112.194,115.263,118.417,121.649,124.953,128.319,131.733,135.18,138.645,142.105,145.539,148.92,152.221,155.411,158.457,161.326,163.983,166.395,168.528,170.353,171.841,172.97,173.722,174.085,174.052,173.625,172.81,171.622,170.08,168.208,166.034,163.59,160.91,158.027,154.976,151.791,148.504,145.147,141.747,138.329,134.917,131.531,128.186,124.899,121.682,118.543,115.49,112.53,109.665,106.899,104.232,101.664,99.1927,96.8167,94.5324,92.3358,90.2227,88.1881,86.2271,84.3347,82.5064,80.7376,79.0245,77.364,75.7533,74.1907,72.6748,71.2046,69.7796,68.3996,67.0644,65.7737,64.5273,63.3247,62.1655,61.0489,59.9739,58.9396,57.9449,56.9883,56.0687,55.1847,54.335,53.518,52.7325,51.977,51.2504,50.5512,49.8783,49.2304,48.6064,48.0052,47.4257,46.867,46.328,45.8078,45.3057,44.8206,44.3518,43.8986,43.4603,43.036,42.6253,42.2273,41.8416,41.4676,41.1046,40.7522,40.4099,40.0771,39.7535,39.4385,39.1318,38.833,38.5416,38.2574,37.9799,37.7089,37.4439,37.1848,36.9312,36.6829,36.4395,36.2009,35.9668,35.737,35.5113,35.2894,35.0712,34.8566,34.6452,34.4371,34.232,34.0297,33.8303,33.6335,33.4392,33.2474,33.0579,32.8706,32.6856,32.5027,32.3218,32.1429,31.9661,31.7911,31.6182,31.4472,31.2781,31.111,30.946,30.783,30.6222,30.4635,30.3073,30.1535,30.0024,29.8542,29.709,29.5672,29.429,29.2949,29.1652,29.0404,28.9212,28.8081,28.702,28.6038,28.5144,28.4352,28.3676,28.3132,28.2741,
 ,-101,28.7892,28.9466,29.1016,29.2541,29.4041,29.5518,29.697,29.8398,29.9803,30.1186,30.2547,30.3887,30.5207,30.6508,30.7791,30.9057,31.0307,31.1544,31.2767,31.398,31.5183,31.6378,31.7566,31.8751,31.9933,32.1114,32.2296,32.3481,32.4672,32.587,32.7078,32.8296,32.9528,33.0776,33.2042,33.3328,33.4636,33.5969,33.7328,33.8716,34.0136,34.1588,34.3077,34.4603,34.617,34.778,34.9434,35.1136,35.2888,35.4691,35.655,35.8465,36.0439,36.2476,36.4578,36.6747,36.8985,37.1297,37.3684,37.6149,37.8696,38.1327,38.4046,38.6855,38.9758,39.2758,39.5859,39.9064,40.2378,40.5803,40.9345,41.3007,41.6794,42.071,42.476,42.8949,43.3282,43.7765,44.2403,44.7203,45.217,45.7311,46.2633,46.8143,47.385,47.976,48.5882,49.2225,49.8799,50.5614,51.2679,52.0005,52.7606,53.5492,54.3676,55.2172,56.0995,57.016,57.9683,58.9581,59.9872,61.0575,62.171,63.3298,64.5361,65.7923,67.1008,68.4642,69.8853,71.3669,72.9118,74.5234,76.2046,77.9589,79.7896,81.7003,83.6945,85.7758,87.9477,90.2139,92.5778,95.0425,97.6114,100.287,103.071,105.967,108.973,112.092,115.321,118.659,122.1,125.641,129.272,132.984,136.764,140.596,144.46,148.336,152.196,156.011,159.749,163.375,166.849,170.133,173.183,175.96,178.424,180.535,182.261,183.573,184.448,184.872,184.836,184.342,183.399,182.023,180.24,178.078,175.574,172.765,169.692,166.398,162.923,159.308,155.592,151.809,147.992,144.171,140.37,136.613,132.916,129.297,125.768,122.338,119.015,115.804,112.708,109.729,106.868,104.122,101.489,98.9653,96.5465,94.2273,92.0017,89.8635,87.8063,85.8236,83.9096,82.0586,80.2659,78.5276,76.8409,75.2036,73.6144,72.0728,70.5784,69.1314,67.732,66.3801,65.0758,63.8186,62.6082,61.4438,60.3244,59.2487,58.2155,57.2235,56.2709,55.3563,54.4782,53.6349,52.8249,52.0467,51.2988,50.5798,49.8883,49.223,48.5826,47.9661,47.3721,46.7997,46.2478,45.7154,45.2016,44.7055,44.2263,43.7632,43.3154,42.8821,42.4627,42.0566,41.6631,41.2816,40.9115,40.5523,40.2034,39.8645,39.5349,39.2143,38.9022,38.5982,38.302,38.013,37.7311,37.4558,37.1868,36.9238,36.6665,36.4147,36.168,35.9263,35.6892,35.4565,35.2281,35.0037,34.7831,34.5662,34.3527,34.1426,33.9356,33.7316,33.5305,33.3321,33.1364,32.9433,32.7525,32.5642,32.3781,32.1942,32.0125,31.8328,31.6553,31.4798,31.3063,31.1349,30.9655,30.7981,30.6328,30.4697,30.3088,30.1501,29.9939,29.8402,29.6892,29.5411,29.3961,29.2544,29.1164,28.9824,28.8528,28.728,28.6087,28.4954,28.3888,28.2898,28.1994,28.1188,28.0492,27.9921,27.9495,
 ,-102,28.4048,28.5605,28.714,28.8652,29.0141,29.1609,29.3054,29.4478,29.5881,29.7264,29.8627,29.997,30.1296,30.2605,30.3897,30.5175,30.6439,30.7691,30.8931,31.0163,31.1386,31.2602,31.3814,31.5023,31.6231,31.7439,31.8649,31.9864,32.1084,32.2313,32.3553,32.4804,32.607,32.7352,32.8652,32.9973,33.1317,33.2686,33.4081,33.5506,33.6962,33.8452,33.9978,34.1542,34.3147,34.4795,34.6487,34.8227,35.0017,35.1859,35.3756,35.5709,35.7723,35.9799,36.194,36.4148,36.6427,36.8778,37.1205,37.3712,37.6299,37.8972,38.1733,38.4585,38.7532,39.0577,39.3723,39.6975,40.0336,40.3811,40.7404,41.1118,41.4959,41.8931,42.3039,42.7289,43.1685,43.6234,44.0941,44.5813,45.0857,45.6078,46.1485,46.7085,47.2886,47.8897,48.5126,49.1583,49.8277,50.5221,51.2423,51.9897,52.7655,53.5709,54.4074,55.2764,56.1795,57.1184,58.0948,59.1105,60.1676,61.268,62.4141,63.608,64.8524,66.1497,67.5027,68.9144,70.3877,71.926,73.5324,75.2107,76.9644,78.7975,80.7138,82.7176,84.813,87.0045,89.2963,91.6929,94.1986,96.8178,99.5545,102.413,105.395,108.506,111.746,115.117,118.619,122.251,126.009,129.89,133.885,137.984,142.175,146.44,150.76,155.109,159.458,163.776,168.023,172.158,176.136,179.908,183.426,186.638,189.496,191.951,193.963,195.495,196.519,197.016,196.976,196.4,195.3,193.697,191.622,189.112,186.211,182.966,179.428,175.647,171.673,167.556,163.338,159.063,154.768,150.484,146.242,142.065,137.973,133.982,130.106,126.355,122.735,119.25,115.904,112.697,109.627,106.692,103.888,101.211,98.6525,96.2073,93.8672,91.6242,89.4699,87.3962,85.3955,83.4607,81.5861,79.767,78.0001,76.2833,74.6155,72.9966,71.427,69.9072,68.438,67.0197,65.6528,64.3369,63.0717,61.8564,60.6897,59.5705,58.4972,57.468,56.4812,55.5351,54.6279,53.7577,52.9228,52.1214,51.352,50.613,49.9028,49.2201,48.5634,47.9314,47.3231,46.737,46.1723,45.6278,45.1025,44.5956,44.106,43.6331,43.1759,42.7338,42.306,41.8919,41.4907,41.1018,40.7248,40.3589,40.0037,39.6587,39.3233,38.9972,38.6798,38.3708,38.0698,37.7763,37.49,37.2105,36.9375,36.6708,36.4099,36.1547,35.9048,35.6599,35.4199,35.1845,34.9534,34.7266,34.5036,34.2845,34.0689,33.8568,33.6479,33.4422,33.2395,33.0396,32.8425,32.648,32.4561,32.2666,32.0795,31.8947,31.7121,31.5317,31.3535,31.1774,31.0034,30.8314,30.6616,30.4939,30.3284,30.1651,30.004,29.8453,29.689,29.5353,29.3843,29.2362,29.0912,28.9495,28.8115,28.6774,28.5477,28.4227,28.303,28.1892,28.0819,27.9819,27.89,27.8075,27.7354,27.6751,27.6284,
 ,-103,28.0319,28.186,28.338,28.4879,28.6358,28.7817,28.9256,29.0676,29.2076,29.3458,29.4822,29.617,29.75,29.8816,30.0118,30.1406,30.2682,30.3948,30.5204,30.6452,30.7694,30.8931,31.0165,31.1396,31.2628,31.3861,31.5097,31.6339,31.7589,31.8847,32.0116,32.1398,32.2695,32.4009,32.5342,32.6696,32.8073,32.9476,33.0906,33.2365,33.3857,33.5382,33.6944,33.8543,34.0184,34.1868,34.3596,34.5373,34.7199,34.9078,35.1012,35.3003,35.5054,35.7167,35.9346,36.1592,36.3909,36.6299,36.8765,37.1311,37.3939,37.6652,37.9454,38.2348,38.5337,38.8425,39.1616,39.4914,39.8322,40.1845,40.5487,40.9253,41.3147,41.7174,42.134,42.5649,43.0108,43.4722,43.9498,44.4442,44.9562,45.4863,46.0354,46.6043,47.1938,47.8049,48.4385,49.0955,49.7771,50.4843,51.2183,51.9804,52.7719,53.5943,54.4489,55.3374,56.2615,57.2229,58.2236,59.2655,60.3508,61.4818,62.6608,63.8904,65.1733,66.5124,67.9108,69.3716,70.8984,72.4945,74.164,75.9109,77.7392,79.6535,81.6583,83.7586,85.9593,88.2655,90.6825,93.2159,95.8709,98.6529,101.567,104.619,107.814,111.155,114.646,118.29,122.089,126.043,130.149,134.405,138.804,143.336,147.988,152.744,157.58,162.472,167.386,172.284,177.124,181.857,186.429,190.783,194.858,198.591,201.923,204.795,207.153,208.952,210.157,210.742,210.696,210.019,208.728,206.848,204.418,201.486,198.106,194.338,190.244,185.885,181.322,176.614,171.812,166.966,162.118,157.305,152.56,147.908,143.371,138.966,134.706,130.6,126.654,122.871,119.254,115.8,112.509,109.374,106.391,103.553,100.852,98.2788,95.8236,93.4761,91.2255,89.0616,86.9744,84.9551,82.9966,81.0933,79.2416,77.4395,75.6865,73.9833,72.3311,70.7314,69.1856,67.6948,66.2596,64.8802,63.556,62.2862,61.0695,59.9043,58.7888,57.721,56.6989,55.7203,54.7832,53.8855,53.0252,52.2004,51.4093,50.6502,49.9213,49.221,48.548,47.9008,47.278,46.6785,46.101,45.5445,45.0079,44.4902,43.9905,43.5079,43.0416,42.5908,42.1547,41.7326,41.3239,40.9279,40.544,40.1717,39.8103,39.4593,39.1183,38.7868,38.4643,38.1504,37.8447,37.5467,37.2562,36.9726,36.6958,36.4254,36.1611,35.9025,35.6494,35.4015,35.1587,34.9206,34.6869,34.4576,34.2324,34.0111,33.7935,33.5794,33.3688,33.1613,32.957,32.7557,32.5571,32.3614,32.1682,31.9776,31.7895,31.6037,31.4203,31.2391,31.0602,30.8835,30.7089,30.5365,30.3663,30.1982,30.0324,29.8688,29.7075,29.5486,29.3922,29.2384,29.0873,28.9391,28.794,28.6523,28.5141,28.3798,28.2498,28.1244,28.0041,27.8895,27.7811,27.6798,27.5862,27.5014,27.4264,27.3624,27.311,
 ,-104,27.67,27.8225,27.9731,28.1219,28.2688,28.4138,28.5571,28.6986,28.8383,28.9764,29.1129,29.2479,29.3815,29.5137,29.6446,29.7744,29.9032,30.031,30.1581,30.2845,30.4104,30.536,30.6613,30.7866,30.9119,31.0376,31.1637,31.2905,31.418,31.5466,31.6763,31.8074,31.94,32.0744,32.2108,32.3493,32.4902,32.6337,32.78,32.9292,33.0816,33.2375,33.397,33.5604,33.7279,33.8997,34.076,34.2572,34.4433,34.6347,34.8316,35.0343,35.2429,35.4579,35.6794,35.9076,36.143,36.3858,36.6362,36.8945,37.1612,37.4364,37.7206,38.0141,38.3171,38.6302,38.9537,39.2879,39.6333,39.9903,40.3594,40.741,41.1356,41.5438,41.966,42.4028,42.8549,43.3228,43.8071,44.3087,44.8281,45.3661,45.9236,46.5013,47.1003,47.7213,48.3655,49.0338,49.7274,50.4474,51.1952,51.972,52.7793,53.6185,54.4913,55.3993,56.3444,57.3285,58.3535,59.4218,60.5356,61.6973,62.9095,64.1752,65.4971,66.8786,68.323,69.8338,71.4148,73.0701,74.804,76.621,78.5258,80.5236,82.6197,84.8196,87.1293,89.5548,92.1023,94.7786,97.5901,100.544,103.646,106.904,110.323,113.911,117.672,121.611,125.732,130.036,134.525,139.195,144.041,149.057,154.228,159.537,164.963,170.476,176.041,181.615,187.148,192.585,197.861,202.908,207.65,212.013,215.919,219.297,222.078,224.205,225.63,226.323,226.269,225.468,223.94,221.72,218.856,215.41,211.449,207.049,202.287,197.238,191.977,186.573,181.087,175.577,170.092,164.673,159.355,154.166,149.129,144.261,139.574,135.076,130.773,126.666,122.756,119.039,115.511,112.165,108.996,105.993,103.147,100.445,97.8762,95.4266,93.0828,90.8313,88.6595,86.5561,84.5123,82.5213,80.5793,78.6848,76.8383,75.0417,73.2977,71.6091,69.9784,68.4075,66.8976,65.4489,64.061,62.7329,61.4629,60.2492,59.0895,57.9815,56.9227,55.9107,54.943,54.0173,53.1313,52.2829,51.47,50.6906,49.9429,49.2252,48.5359,47.8735,47.2365,46.6236,46.0335,45.4651,44.9173,44.389,43.8793,43.3873,42.912,42.4526,42.0083,41.5785,41.1625,40.7595,40.3689,39.9902,39.6228,39.266,38.9195,38.5828,38.2553,37.9366,37.6263,37.324,37.0293,36.7418,36.4612,36.1873,35.9195,35.6577,35.4015,35.1508,34.9051,34.6644,34.4283,34.1966,33.9691,33.7457,33.5261,33.3101,33.0977,32.8886,32.6827,32.4799,32.28,32.0829,31.8886,31.6969,31.5077,31.321,31.1367,30.9548,30.7752,30.5978,30.4227,30.2498,30.0791,29.9106,29.7444,29.5805,29.419,29.2599,29.1033,28.9493,28.798,28.6496,28.5044,28.3624,28.2239,28.0893,27.9588,27.8328,27.7117,27.5961,27.4865,27.3835,27.2879,27.2005,27.1223,27.0543,26.9979,
 ,-105,27.3186,27.4696,27.6189,27.7665,27.9124,28.0567,28.1993,28.3403,28.4797,28.6177,28.7543,28.8895,29.0234,29.1562,29.2878,29.4185,29.5483,29.6773,29.8057,29.9336,30.0611,30.1883,30.3155,30.4428,30.5702,30.6981,30.8265,30.9556,31.0856,31.2167,31.349,31.4828,31.6183,31.7555,31.8948,32.0362,32.1801,32.3266,32.4759,32.6283,32.7839,32.9429,33.1057,33.2723,33.443,33.6181,33.7977,33.9821,34.1716,34.3664,34.5667,34.7727,34.9848,35.2032,35.4282,35.66,35.8989,36.1452,36.3993,36.6613,36.9317,37.2108,37.4988,37.7963,38.1034,38.4206,38.7482,39.0868,39.4367,39.7983,40.1721,40.5587,40.9584,41.3719,41.7997,42.2423,42.7004,43.1747,43.6657,44.1742,44.701,45.2469,45.8126,46.3992,47.0074,47.6383,48.293,48.9725,49.678,50.4109,51.1723,51.9637,52.7867,53.6428,54.5337,55.4612,56.4273,57.434,58.4835,59.5782,60.7204,61.913,63.1588,64.4607,65.822,67.2463,68.7371,70.2985,71.9346,73.6501,75.4495,77.338,79.3211,81.4045,83.5942,85.8968,88.319,90.8679,93.551,96.376,99.3511,102.485,105.785,109.26,112.919,116.77,120.82,125.077,129.546,134.232,139.138,144.265,149.608,155.162,160.916,166.852,172.949,179.175,185.492,191.852,198.2,204.469,210.583,216.459,222.007,227.132,231.74,235.738,239.04,241.57,243.269,244.095,244.03,243.074,241.253,238.611,235.212,231.134,226.465,221.298,215.729,209.854,203.761,197.534,191.246,184.963,178.74,172.625,166.654,160.858,155.259,149.874,144.715,139.786,135.093,130.634,126.407,122.408,118.63,115.064,111.701,108.529,105.537,102.709,100.031,97.4851,95.0541,92.7207,90.4685,88.2831,86.1531,84.0705,82.0315,80.0354,78.0845,76.1828,74.3352,72.5464,70.8205,69.1604,67.5678,66.0433,64.5863,63.1954,61.8688,60.6038,59.3979,58.2481,57.1515,56.1052,55.1063,54.1522,53.2402,52.368,51.5331,50.7335,49.9671,49.232,48.5265,47.849,47.1979,46.5717,45.9692,45.3892,44.8303,44.2916,43.7721,43.2707,42.7865,42.3188,41.8666,41.4292,41.006,40.5961,40.199,39.8141,39.4407,39.0784,38.7265,38.3846,38.0523,37.729,37.4142,37.1077,36.809,36.5177,36.2335,35.956,35.685,35.42,35.1609,34.9072,34.6589,34.4156,34.1771,33.9431,33.7134,33.4879,33.2664,33.0486,32.8344,32.6237,32.4163,32.212,32.0108,31.8124,31.6169,31.4241,31.234,31.0463,30.8612,30.6785,30.4981,30.3201,30.1443,29.9709,29.7997,29.6308,29.4642,29.3,29.1382,28.9787,28.8219,28.6676,28.5161,28.3675,28.2219,28.0796,27.9407,27.8056,27.6745,27.5477,27.4257,27.309,27.1979,27.0931,26.9952,26.905,26.8233,26.7511,26.6895,
 ,-106,26.9773,27.1269,27.2749,27.4213,27.5663,27.7097,27.8517,27.9922,28.1314,28.2692,28.4057,28.5411,28.6754,28.8086,28.9409,29.0724,29.2031,29.3332,29.4628,29.592,29.721,29.8498,29.9787,30.1078,30.2372,30.3671,30.4976,30.629,30.7613,30.8948,31.0296,31.1659,31.3039,31.4438,31.5858,31.73,31.8767,32.0261,32.1783,32.3336,32.4922,32.6542,32.82,32.9896,33.1635,33.3416,33.5244,33.712,33.9047,34.1026,34.3062,34.5155,34.7308,34.9526,35.1809,35.416,35.6584,35.9082,36.1657,36.4313,36.7053,36.9881,37.2799,37.5811,37.8921,38.2133,38.5451,38.8879,39.2421,39.6082,39.9867,40.3781,40.7829,41.2016,41.6347,42.0831,42.5471,43.0276,43.5252,44.0406,44.5747,45.1283,45.7022,46.2973,46.9147,47.5554,48.2204,48.911,49.6284,50.3739,51.1489,51.9548,52.7934,53.6662,54.5752,55.5221,56.5091,57.5384,58.6123,59.7333,60.9041,62.1276,63.4068,64.7451,66.1461,67.6134,69.151,70.7635,72.4553,74.2315,76.0974,78.0587,80.1215,82.2922,84.5778,86.9857,89.5236,92.1998,95.0231,98.0027,101.148,104.47,107.977,111.682,115.594,119.725,124.084,128.682,133.527,138.628,143.991,149.619,155.512,161.666,168.074,174.719,181.58,188.625,195.812,203.091,210.396,217.651,224.766,231.642,238.167,244.225,249.695,254.459,258.406,261.439,263.479,264.472,264.392,263.242,261.053,257.885,253.821,248.962,243.421,237.316,230.77,223.899,216.812,209.609,202.377,195.192,188.117,181.202,174.487,168.004,161.775,155.814,150.131,144.729,139.61,134.769,130.203,125.902,121.86,118.063,114.501,111.16,108.024,105.076,102.296,99.663,97.1552,94.7497,92.4248,90.1617,87.9455,85.7669,83.6221,81.5122,79.4424,77.4202,75.4536,73.5502,71.7162,69.9557,68.2712,66.6632,65.131,63.6727,62.2857,60.9667,59.7125,58.5194,57.3838,56.3024,55.2719,54.289,53.3509,52.4547,51.5979,50.7781,49.9931,49.2407,48.5192,47.8268,47.1617,46.5225,45.9077,45.3162,44.7465,44.1976,43.6683,43.1578,42.6649,42.189,41.729,41.2843,40.854,40.4374,40.034,39.643,39.2639,38.8961,38.539,38.1921,37.855,37.5272,37.2082,36.8975,36.5949,36.2999,36.0122,35.7314,35.4571,35.1891,34.927,34.6707,34.4197,34.1739,33.933,33.6968,33.465,33.2375,33.0141,32.7945,32.5786,32.3663,32.1574,31.9517,31.7491,31.5496,31.3529,31.159,30.9678,30.7793,30.5933,30.4098,30.2287,30.05,29.8736,29.6996,29.5279,29.3586,29.1916,29.027,28.8647,28.705,28.5478,28.3932,28.2413,28.0924,27.9464,27.8036,27.6643,27.5285,27.3967,27.2691,27.146,27.0279,26.9152,26.8084,26.7082,26.615,26.5297,26.4531,26.3861,
 ,-107,26.6456,26.7938,26.9405,27.0859,27.2299,27.3725,27.5138,27.6539,27.7927,27.9304,28.0669,28.2024,28.337,28.4706,28.6035,28.7356,28.8672,28.9983,29.129,29.2594,29.3898,29.5201,29.6506,29.7813,29.9125,30.0443,30.1768,30.3102,30.4447,30.5804,30.7176,30.8562,30.9967,31.1391,31.2836,31.4304,31.5798,31.7318,31.8868,32.0449,32.2062,32.3711,32.5398,32.7124,32.8891,33.0702,33.256,33.4466,33.6423,33.8433,34.0499,34.2623,34.4809,34.7057,34.9373,35.1757,35.4213,35.6744,35.9353,36.2044,36.4819,36.7681,37.0636,37.3685,37.6833,38.0083,38.3441,38.691,39.0495,39.42,39.803,40.1991,40.6087,41.0325,41.471,41.9248,42.3947,42.8813,43.3853,43.9075,44.4488,45.0099,45.5918,46.1954,46.8218,47.4721,48.1474,48.8489,49.5779,50.3359,51.1243,51.9447,52.7986,53.6881,54.6148,55.581,56.5888,57.6405,58.7386,59.8858,61.085,62.3394,63.6521,65.0268,66.4673,67.9777,69.5624,71.2261,72.9741,74.8116,76.7447,78.7796,80.9232,83.1827,85.566,88.0814,90.7379,93.5449,96.5127,99.6521,102.974,106.492,110.216,114.162,118.341,122.768,127.456,132.419,137.669,143.22,149.08,155.257,161.757,168.58,175.721,183.167,190.898,198.884,207.08,215.432,223.866,232.294,240.612,248.698,256.416,263.62,270.157,275.876,280.632,284.296,286.766,287.97,287.871,286.473,283.82,279.99,275.092,269.259,262.637,255.381,247.642,239.565,231.286,222.923,214.578,206.339,198.275,190.442,182.88,175.621,168.685,162.083,155.821,149.901,144.317,139.064,134.133,129.513,125.193,121.157,117.392,113.882,110.607,107.547,104.678,101.974,99.4062,96.9441,94.5593,92.2261,89.9252,87.6451,85.3826,83.1421,80.9337,78.7701,76.6643,74.6278,72.6695,70.7951,69.0077,67.3076,65.6936,64.1627,62.7115,61.3358,60.0312,58.7934,57.618,56.501,55.4384,54.4266,53.4622,52.5421,51.6635,50.8237,50.0202,49.2508,48.5134,47.8062,47.1274,46.4754,45.8486,45.2457,44.6653,44.1064,43.5677,43.0482,42.5469,42.0629,41.5953,41.1433,40.7062,40.2831,39.8735,39.4766,39.0919,38.7187,38.3566,38.0049,37.6632,37.3309,37.0078,36.6932,36.3868,36.0882,35.797,35.5129,35.2356,34.9646,34.6998,34.4407,34.1872,33.939,33.6958,33.4575,33.2236,32.9942,32.7689,32.5476,32.33,32.1162,31.9058,31.6987,31.4948,31.2941,31.0962,30.9013,30.7091,30.5197,30.3328,30.1485,29.9666,29.7872,29.6103,29.4357,29.2635,29.0936,28.9262,28.7611,28.5985,28.4383,28.2807,28.1258,27.9735,27.8241,27.6777,27.5344,27.3944,27.258,27.1253,26.9967,26.8725,26.7529,26.6385,26.5296,26.4268,26.3306,26.2416,26.1606,26.0882,
 ,-108,26.3231,26.4699,26.6155,26.7598,26.9028,27.0447,27.1854,27.3249,27.4634,27.6009,27.7374,27.8729,28.0077,28.1417,28.2751,28.4079,28.5402,28.6722,28.8039,28.9355,29.0671,29.1987,29.3307,29.463,29.5959,29.7294,29.8637,29.9991,30.1356,30.2734,30.4126,30.5536,30.6963,30.841,30.9879,31.1372,31.2891,31.4437,31.6012,31.7619,31.9259,32.0935,32.2649,32.4402,32.6197,32.8036,32.9922,33.1857,33.3843,33.5882,33.7977,34.0131,34.2347,34.4626,34.6972,34.9387,35.1875,35.4438,35.7079,35.9802,36.2611,36.5507,36.8497,37.1582,37.4766,37.8054,38.1451,38.4959,38.8585,39.2332,39.6207,40.0213,40.4356,40.8644,41.3081,41.7673,42.2429,42.7355,43.2458,43.7746,44.3228,44.8913,45.4811,46.093,46.7283,47.388,48.0733,48.7856,49.5261,50.2964,51.0979,51.9324,52.8016,53.7074,54.6518,55.637,56.6652,57.7391,58.8612,60.0345,61.2619,62.5469,63.8928,65.3038,66.7837,68.3371,69.9688,71.6839,73.4881,75.3872,77.3879,79.497,81.7223,84.0717,86.5541,89.1788,91.9562,94.8971,98.0132,101.317,104.822,108.542,112.493,116.69,121.149,125.889,130.926,136.278,141.963,147.998,154.398,161.177,168.346,175.91,183.871,192.221,200.943,210.009,219.376,228.984,238.752,248.582,258.348,267.906,277.089,285.713,293.583,300.502,306.28,310.748,313.766,315.237,315.113,313.399,310.152,305.479,299.527,292.47,284.5,275.817,266.614,257.072,247.356,237.609,227.951,218.478,209.269,200.381,191.855,183.721,175.993,168.679,161.781,155.293,149.206,143.508,138.188,133.229,128.617,124.335,120.365,116.688,113.284,110.126,107.188,104.436,101.832,99.3374,96.9125,94.522,92.1395,89.7506,87.3539,84.9594,82.5848,80.2515,77.9796,75.7863,73.6837,71.6793,69.7763,67.9745,66.2713,64.6627,63.1436,61.7085,60.3519,59.0682,57.8522,56.6991,55.6043,54.5635,53.573,52.6293,51.729,50.8694,50.0477,49.2615,48.5086,47.7869,47.0946,46.4299,45.7913,45.1773,44.5865,44.0178,43.4698,42.9415,42.4319,41.9401,41.4651,41.006,40.5622,40.1328,39.7172,39.3146,38.9244,38.5461,38.179,37.8226,37.4765,37.14,36.8128,36.4943,36.1843,35.8822,35.5877,35.3005,35.0201,34.7463,34.4788,34.2172,33.9612,33.7107,33.4653,33.2248,32.989,32.7576,32.5305,32.3075,32.0884,31.873,31.6612,31.4528,31.2476,31.0457,30.8467,30.6507,30.4576,30.2672,30.0794,29.8943,29.7117,29.5316,29.354,29.1788,29.0061,28.8357,28.6677,28.5022,28.3391,28.1785,28.0205,27.8651,27.7124,27.5625,27.4155,27.2716,27.131,26.9937,26.8602,26.7305,26.6049,26.4839,26.3676,26.2566,26.1512,26.0519,25.9592,25.8737,25.7961,
 ,-109,26.0094,26.1549,26.2993,26.4425,26.5847,26.7258,26.8658,27.0049,27.143,27.2803,27.4167,27.5523,27.6872,27.8216,27.9554,28.0887,28.2217,28.3545,28.4871,28.6198,28.7525,28.8854,29.0187,29.1525,29.2869,29.422,29.5581,29.6952,29.8336,29.9733,30.1146,30.2576,30.4025,30.5494,30.6986,30.8502,31.0044,31.1613,31.3213,31.4845,31.651,31.8211,31.995,32.173,32.3551,32.5417,32.733,32.9292,33.1305,33.3372,33.5495,33.7678,33.9921,34.2229,34.4604,34.7049,34.9567,35.216,35.4833,35.7588,36.0428,36.3358,36.6381,36.95,37.272,37.6044,37.9478,38.3025,38.669,39.0479,39.4395,39.8446,40.2636,40.6971,41.1458,41.6103,42.0914,42.5897,43.1062,43.6415,44.1965,44.7722,45.3696,45.9897,46.6336,47.3025,47.9977,48.7205,49.4723,50.2546,51.069,51.9174,52.8015,53.7234,54.6851,55.689,56.7374,57.8332,58.9789,60.1778,61.4332,62.7484,64.1274,65.5742,67.0933,68.6894,70.3679,72.1342,73.9944,75.9551,78.0234,80.2071,82.5143,84.9543,87.5368,90.2723,93.1724,96.2495,99.517,102.989,106.682,110.612,114.796,119.255,124.007,129.075,134.48,140.246,146.395,152.951,159.935,167.37,175.273,183.658,192.534,201.902,211.75,222.057,232.78,243.86,255.209,266.715,278.235,289.594,300.586,310.982,320.53,328.972,336.058,341.558,345.283,347.1,346.943,344.817,340.804,335.048,327.748,319.137,309.472,299.01,287.999,276.668,265.216,253.814,242.601,231.685,221.149,211.051,201.43,192.309,183.698,175.597,167.999,160.892,154.26,148.086,142.35,137.034,132.118,127.583,123.407,119.571,116.049,112.814,109.833,107.065,104.462,101.971,99.5369,97.1093,94.6511,92.1435,89.5886,87.0061,84.427,81.8853,79.412,77.0316,74.7603,72.6069,70.574,68.66,66.8604,65.1689,63.5784,62.0817,60.6716,59.3412,58.0843,56.8951,55.7681,54.6986,53.6822,52.7151,51.7936,50.9145,50.0749,49.2722,48.504,47.7682,47.0627,46.3857,45.7355,45.1107,44.5097,43.9313,43.3743,42.8374,42.3198,41.8203,41.338,40.8722,40.4218,39.9863,39.5648,39.1566,38.7612,38.3778,38.0059,37.645,37.2945,36.954,36.6229,36.3007,35.9871,35.6817,35.3841,35.0938,34.8105,34.534,34.2638,33.9997,33.7414,33.4886,33.2411,32.9985,32.7608,32.5276,32.2988,32.0741,31.8534,31.6366,31.4234,31.2136,31.0073,30.8041,30.6041,30.407,30.2129,30.0216,29.833,29.6471,29.4637,29.2829,29.1047,28.9288,28.7555,28.5846,28.4161,28.25,28.0865,27.9254,27.7669,27.611,27.4577,27.3073,27.1597,27.0152,26.8738,26.7357,26.6011,26.4703,26.3434,26.2208,26.1026,25.9894,25.8813,25.7789,25.6826,25.5928,25.51,
 ,-110,25.7041,25.8483,25.9916,26.1338,26.2751,26.4154,26.5548,26.6934,26.8311,26.9681,27.1044,27.2401,27.3751,27.5097,27.6439,27.7778,27.9114,28.0449,28.1784,28.3119,28.4457,28.5798,28.7143,28.8494,28.9852,29.1219,29.2596,29.3984,29.5385,29.68,29.8232,29.9681,30.115,30.264,30.4153,30.569,30.7254,30.8846,31.0469,31.2123,31.3812,31.5537,31.7301,31.9105,32.0951,32.2842,32.4781,32.6768,32.8807,33.0901,33.3051,33.526,33.7531,33.9867,34.2269,34.4742,34.7289,34.9912,35.2614,35.5399,35.827,36.1232,36.4286,36.7438,37.0692,37.4051,37.7521,38.1105,38.4808,38.8636,39.2594,39.6687,40.0922,40.5303,40.9839,41.4535,41.9399,42.4439,42.9662,43.5078,44.0695,44.6522,45.257,45.885,46.5374,47.2153,47.92,48.653,49.4158,50.2099,51.0369,51.8988,52.7975,53.7351,54.7138,55.736,56.8043,57.9215,59.0905,60.3146,61.5973,62.9424,64.3538,65.836,67.3938,69.0323,70.757,72.574,74.49,76.5119,78.6477,80.9057,83.295,85.8258,88.5088,91.3559,94.3799,97.5949,101.016,104.66,108.545,112.689,117.115,121.844,126.901,132.312,138.104,144.306,150.948,158.061,165.675,173.82,182.526,191.816,201.711,212.221,223.348,235.076,247.372,260.176,273.4,286.919,300.568,314.139,327.382,340.005,351.684,362.081,370.856,377.699,382.348,384.617,384.415,381.751,376.735,369.57,360.527,349.927,338.11,325.415,312.161,298.633,285.076,271.692,258.637,246.031,233.959,222.476,211.613,201.385,191.792,182.822,174.459,166.68,159.461,152.776,146.601,140.909,135.677,130.883,126.503,122.515,118.893,115.607,112.619,109.88,107.33,104.896,102.498,100.065,97.5408,94.9002,92.1519,89.3327,86.4946,83.692,80.9713,78.3663,75.8972,73.5732,71.3952,69.3585,67.4553,65.6762,64.0115,62.4516,60.9871,59.6098,58.312,57.0869,55.9281,54.8304,53.7886,52.7985,51.8562,50.9581,50.1011,49.2824,48.4993,47.7496,47.0312,46.3422,45.6808,45.0453,44.4344,43.8467,43.2808,42.7357,42.2101,41.7032,41.2139,40.7413,40.2847,39.8431,39.4159,39.0024,38.6018,38.2136,37.8371,37.4718,37.1172,36.7727,36.4378,36.1121,35.7951,35.4864,35.1857,34.8925,34.6064,34.3272,34.0545,33.7881,33.5275,33.2725,33.0229,32.7784,32.5388,32.3039,32.0734,31.8472,31.625,31.4067,31.1921,30.9811,30.7735,30.5692,30.3681,30.17,29.9749,29.7827,29.5932,29.4065,29.2224,29.0409,28.8619,28.6855,28.5115,28.34,28.171,28.0044,27.8403,27.6787,27.5197,27.3632,27.2094,27.0584,26.9101,26.7649,26.6227,26.4837,26.3481,26.216,26.0877,25.9635,25.8434,25.728,25.6173,25.5118,25.4119,25.3178,25.2301,
 ,-111,25.4069,25.5499,25.692,25.8333,25.9737,26.1132,26.252,26.3901,26.5274,26.6642,26.8003,26.9359,27.0711,27.2059,27.3404,27.4747,27.6088,27.743,27.8772,28.0116,28.1463,28.2815,28.4172,28.5535,28.6906,28.8287,28.9678,29.1082,29.2499,29.3932,29.5381,29.6848,29.8335,29.9845,30.1377,30.2935,30.4519,30.6133,30.7777,30.9453,31.1165,31.2912,31.4699,31.6526,31.8395,32.031,32.2273,32.4284,32.6348,32.8467,33.0642,33.2877,33.5173,33.7535,33.9965,34.2465,34.5039,34.7689,35.042,35.3234,35.6135,35.9126,36.2211,36.5395,36.8681,37.2074,37.5578,37.9197,38.2937,38.6803,39.0801,39.4935,39.9212,40.3639,40.8221,41.2967,41.7883,42.2977,42.8257,43.3733,43.9414,44.5309,45.143,45.7786,46.4391,47.1257,47.8398,48.5827,49.3561,50.1616,51.001,51.8761,52.789,53.7419,54.7371,55.7772,56.8648,58.0029,59.1947,60.4435,61.753,63.1273,64.5705,66.0875,67.6833,69.3633,71.1337,73.0008,74.9717,77.0543,79.2569,81.5887,84.0597,86.6809,89.4644,92.4231,95.5716,98.9254,102.502,106.32,110.399,114.763,119.436,124.443,129.815,135.582,141.778,148.438,155.601,163.306,171.594,180.507,190.085,200.369,211.392,223.182,235.754,249.108,263.223,278.048,293.495,309.433,325.676,341.979,358.037,373.481,387.893,400.822,411.807,420.42,426.293,429.165,428.902,425.52,419.175,410.153,398.834,385.659,371.087,355.568,339.512,323.278,307.162,291.399,276.164,261.582,247.734,234.668,222.403,210.937,200.255,190.331,181.135,172.631,164.783,157.555,150.914,144.829,139.27,134.212,129.63,125.5,121.798,118.492,115.543,112.894,110.468,108.166,105.875,103.484,100.909,98.114,95.1203,91.9934,88.8206,85.6872,82.6609,79.7861,77.0865,74.5691,72.2306,70.0613,68.0484,66.1783,64.4376,62.8136,61.2948,59.8709,58.5328,57.2724,56.0827,54.9574,53.891,52.8787,51.9162,50.9997,50.1257,49.2914,48.4939,47.7308,46.9999,46.2992,45.6268,44.9811,44.3605,43.7636,43.1891,42.6359,42.1027,41.5885,41.0924,40.6133,40.1505,39.7031,39.2704,38.8517,38.4462,38.0532,37.6723,37.3028,36.9441,36.5958,36.2573,35.9281,35.6079,35.2961,34.9924,34.6964,34.4077,34.126,33.8509,33.5821,33.3193,33.0623,32.8107,32.5643,32.3229,32.0863,31.8542,31.6264,31.4027,31.183,30.9671,30.7549,30.5461,30.3407,30.1385,29.9395,29.7434,29.5503,29.36,29.1724,28.9876,28.8053,28.6257,28.4486,28.274,28.1019,27.9322,27.7651,27.6004,27.4383,27.2787,27.1216,26.9672,26.8155,26.6666,26.5206,26.3775,26.2375,26.1009,25.9676,25.8379,25.712,25.59,25.4723,25.3591,25.2506,25.1472,25.0491,24.9566,
 ,-112,25.1174,25.2592,25.4002,25.5405,25.68,25.8189,25.957,26.0946,26.2316,26.368,26.504,26.6395,26.7748,26.9097,27.0445,27.1791,27.3138,27.4485,27.5834,27.7186,27.8542,27.9903,28.127,28.2645,28.4028,28.5422,28.6827,28.8245,28.9677,29.1125,29.259,29.4075,29.558,29.7107,29.8657,30.0234,30.1838,30.3471,30.5135,30.6832,30.8565,31.0334,31.2141,31.399,31.5882,31.7819,31.9804,32.1839,32.3926,32.6068,32.8267,33.0526,33.2848,33.5234,33.7689,34.0215,34.2815,34.5492,34.8249,35.1091,35.402,35.704,36.0155,36.3368,36.6685,37.011,37.3647,37.73,38.1075,38.4978,38.9013,39.3187,39.7505,40.1975,40.6602,41.1395,41.636,42.1507,42.6843,43.2377,43.8119,44.408,45.027,45.6701,46.3384,47.0335,47.7565,48.509,49.2927,50.1093,50.9605,51.8484,52.7751,53.7428,54.754,55.8115,56.9178,58.0763,59.2901,60.5629,61.8986,63.3013,64.7757,66.3266,67.9595,69.6803,71.4952,73.4115,75.4365,77.5786,79.847,82.2517,84.8034,87.5143,90.3975,93.4674,96.74,100.233,103.965,107.957,112.234,116.82,121.744,127.036,132.731,138.865,145.479,152.617,160.326,168.657,177.662,187.397,197.921,209.289,221.555,234.769,248.968,264.176,280.39,297.578,315.663,334.511,353.922,373.612,393.212,412.258,430.207,446.453,460.368,471.346,478.867,482.552,482.207,477.854,469.721,458.218,443.888,427.343,409.213,390.097,370.525,350.944,331.71,313.09,295.274,278.385,262.493,247.626,233.782,220.938,209.058,198.093,187.995,178.712,170.193,162.391,155.261,148.765,142.868,137.541,132.759,128.498,124.737,121.448,118.592,116.107,113.898,111.834,109.748,107.47,104.868,101.887,98.5715,95.0366,91.4267,87.8732,84.4711,81.2761,78.3115,75.5787,73.0663,70.7566,68.6302,66.6674,64.8504,63.1629,61.5906,60.1213,58.7441,57.4497,56.2301,55.0783,53.9882,52.9545,51.9726,51.0384,50.1482,49.2988,48.4873,47.7113,46.9682,46.2562,45.5732,44.9174,44.2875,43.6817,43.0989,42.5378,41.9972,41.476,40.9731,40.4878,40.0191,39.5661,39.128,38.7042,38.2939,37.8965,37.5112,37.1376,36.7751,36.4231,36.0811,35.7487,35.4253,35.1106,34.804,34.5053,34.2141,33.9299,33.6525,33.3815,33.1166,32.8576,32.6041,32.356,32.1129,31.8746,31.6409,31.4116,31.1866,30.9655,30.7483,30.5349,30.3249,30.1184,29.9152,29.7151,29.5181,29.3241,29.133,28.9446,28.759,28.576,28.3957,28.2179,28.0426,27.8699,27.6997,27.5319,27.3667,27.2039,27.0437,26.886,26.731,26.5786,26.4289,26.2821,26.1382,25.9972,25.8594,25.7249,25.5937,25.4662,25.3423,25.2225,25.1067,24.9953,24.8886,24.7866,24.6897,
 ,-113,24.8353,24.9759,25.1159,25.2552,25.3939,25.532,25.6696,25.8066,25.9432,26.0793,26.2151,26.3505,26.4858,26.6208,26.7558,26.8908,27.0259,27.1611,27.2966,27.4325,27.5689,27.7059,27.8435,27.982,28.1215,28.262,28.4038,28.5469,28.6915,28.8378,28.9859,29.1358,29.288,29.4423,29.5992,29.7586,29.9208,30.0859,30.2542,30.4259,30.601,30.7799,30.9627,31.1496,31.3409,31.5368,31.7374,31.9431,32.154,32.3704,32.5926,32.8207,33.0552,33.2962,33.5441,33.7991,34.0615,34.3317,34.6101,34.8968,35.1924,35.4971,35.8114,36.1356,36.4703,36.8158,37.1726,37.5412,37.9221,38.3158,38.7229,39.1441,39.5799,40.0309,40.498,40.9818,41.4831,42.0027,42.5416,43.1006,43.6808,44.2831,44.9088,45.5589,46.2349,46.938,47.6696,48.4314,49.225,50.0522,50.9149,51.8151,52.755,53.737,54.7637,55.8379,56.9624,58.1405,59.3757,60.6717,62.0326,63.4629,64.9674,66.5513,68.2203,69.9807,71.8392,73.8032,75.881,78.0814,80.4143,82.8903,85.5214,88.3204,91.3019,94.4817,97.8772,101.508,105.395,109.562,114.036,118.846,124.023,129.604,135.627,142.137,149.182,156.815,165.092,174.078,183.841,194.452,205.99,218.532,232.16,246.95,262.972,280.281,298.908,318.853,340.06,362.41,385.694,409.597,433.676,457.355,479.926,500.573,518.422,532.612,542.388,547.189,546.731,541.042,530.463,515.597,497.228,476.225,453.458,429.728,405.721,381.989,358.952,336.906,316.042,296.469,278.23,261.324,245.715,231.349,218.156,206.063,194.997,184.883,175.654,167.247,159.606,152.683,146.437,140.836,135.853,131.47,127.669,124.432,121.724,119.487,117.61,115.919,114.174,112.111,109.515,106.303,102.559,98.4806,94.3037,90.2242,86.37,82.8043,79.544,76.5783,73.8831,71.4295,69.1887,67.1342,65.2427,63.4938,61.8703,60.3576,58.9432,57.6166,56.3687,55.1918,54.0793,53.0253,52.0249,51.0737,50.168,49.3041,48.4793,47.6907,46.936,46.213,45.5196,44.8543,44.2152,43.6009,43.0099,42.4412,41.8933,41.3653,40.856,40.3646,39.8901,39.4316,38.9885,38.5598,38.1449,37.743,37.3537,36.9762,36.6099,36.2544,35.9091,35.5735,35.2471,34.9295,34.6203,34.319,34.0253,33.7388,33.4592,33.1861,32.9193,32.6583,32.403,32.1532,31.9084,31.6686,31.4334,31.2027,30.9763,30.7539,30.5355,30.3209,30.1098,29.9022,29.698,29.4969,29.299,29.1041,28.9121,28.7229,28.5365,28.3528,28.1717,27.9932,27.8173,27.644,27.4731,27.3047,27.1389,26.9755,26.8146,26.6563,26.5006,26.3475,26.197,26.0493,25.9045,25.7625,25.6236,25.4878,25.3552,25.226,25.1003,24.9783,24.8601,24.746,24.636,24.5304,24.4293,
 ,-114,24.5602,24.6998,24.8387,24.9771,25.115,25.2524,25.3893,25.5258,25.6619,25.7977,25.9333,26.0686,26.2039,26.339,26.4742,26.6094,26.7448,26.8805,27.0166,27.1531,27.2902,27.4279,27.5665,27.7059,27.8464,27.9881,28.131,28.2753,28.4212,28.5688,28.7183,28.8697,29.0233,29.1793,29.3377,29.4988,29.6627,29.8295,29.9996,30.173,30.35,30.5308,30.7155,30.9043,31.0976,31.2954,31.498,31.7057,31.9187,32.1372,32.3615,32.5919,32.8285,33.0717,33.3219,33.5792,33.8439,34.1165,34.3973,34.6865,34.9846,35.2919,35.6088,35.9358,36.2733,36.6216,36.9814,37.3531,37.7372,38.1342,38.5448,38.9695,39.409,39.864,40.3352,40.8233,41.3291,41.8535,42.3974,42.9618,43.5476,44.1559,44.7879,45.4449,46.1281,46.8388,47.5788,48.3494,49.1525,49.9898,50.8634,51.7754,52.728,53.7238,54.7654,55.8555,56.9974,58.1944,59.4501,60.7685,62.1538,63.6106,65.1441,66.7598,68.4636,70.2622,72.1627,74.1732,76.3021,78.5591,80.9545,83.5001,86.2084,89.0936,92.1714,95.4588,98.9751,102.742,106.782,111.122,115.792,120.825,126.256,132.126,138.482,145.373,152.857,160.996,169.861,179.528,190.083,201.619,214.235,228.04,243.146,259.667,277.715,297.392,318.778,341.922,366.814,393.369,421.391,450.543,480.314,509.993,538.661,565.214,588.426,607.051,619.969,626.336,625.717,618.156,604.172,584.671,560.809,533.839,504.974,475.289,445.665,416.778,389.105,362.956,338.506,315.825,294.911,275.711,258.143,242.105,227.489,214.184,202.085,191.094,181.119,172.081,163.909,156.544,149.939,144.056,138.87,134.366,130.537,127.376,124.865,122.955,121.529,120.366,119.13,117.412,114.867,111.366,107.054,102.27,97.3806,92.6678,88.2926,84.317,80.7416,77.5356,74.6567,72.0616,69.7105,67.5687,65.6069,63.8006,62.1295,60.5766,59.1277,57.7712,56.497,55.2967,54.1632,53.0901,52.0724,51.1052,50.1846,49.3071,48.4694,47.6688,46.9029,46.1693,45.466,44.7913,44.1434,43.5207,42.922,42.3458,41.7909,41.2562,40.7407,40.2434,39.7634,39.2997,38.8515,38.4181,37.9988,37.5927,37.1994,36.8182,36.4484,36.0895,35.741,35.4024,35.0731,34.7528,34.441,34.1373,33.8413,33.5526,33.2709,32.9958,32.7271,32.4643,32.2073,31.9558,31.7094,31.4681,31.2315,30.9994,30.7717,30.5481,30.3285,30.1127,29.9005,29.6919,29.4866,29.2846,29.0858,28.89,28.6971,28.5071,28.3199,28.1355,27.9537,27.7745,27.5979,27.4239,27.2523,27.0833,26.9168,26.7528,26.5913,26.4323,26.2758,26.122,25.9708,25.8222,25.6764,25.5334,25.3933,25.2562,25.1222,24.9914,24.8639,24.7399,24.6193,24.5025,24.3895,24.2805,24.1755,
 ,-115,24.292,24.4305,24.5684,24.7059,24.8429,24.9796,25.1159,25.2519,25.3876,25.523,25.6584,25.7936,25.9287,26.0639,26.1992,26.3346,26.4704,26.6065,26.743,26.8801,27.0178,27.1563,27.2956,27.4359,27.5773,27.72,27.8639,28.0094,28.1565,28.3053,28.4561,28.6089,28.7639,28.9213,29.0812,29.2438,29.4092,29.5777,29.7494,29.9245,30.1032,30.2857,30.4722,30.6629,30.858,31.0576,31.2622,31.4718,31.6867,31.9072,32.1335,32.3658,32.6045,32.8498,33.1021,33.3616,33.6285,33.9034,34.1864,34.4779,34.7784,35.0882,35.4076,35.7372,36.0773,36.4284,36.7909,37.1655,37.5526,37.9528,38.3666,38.7947,39.2378,39.6965,40.1715,40.6637,41.1738,41.7028,42.2515,42.8209,43.412,44.026,44.6641,45.3275,46.0175,46.7357,47.4834,48.2625,49.0746,49.9216,50.8056,51.7288,52.6935,53.7023,54.758,55.8635,57.022,58.237,59.5123,60.8519,62.2605,63.7428,65.304,66.9501,68.6873,70.5226,72.4635,74.5184,76.6965,79.0079,81.4638,84.0765,86.8596,89.8283,92.9993,96.3914,100.025,103.925,108.115,112.625,117.488,122.741,128.423,134.582,141.27,148.544,156.471,165.125,174.589,184.957,196.332,208.833,222.586,237.734,254.429,272.833,293.113,315.435,339.951,366.783,396,427.586,461.392,497.091,534.116,571.612,608.396,642.975,673.608,698.466,715.851,724.46,723.608,713.368,694.549,668.549,637.109,602.061,565.108,527.695,490.941,455.65,422.338,391.298,362.651,336.397,312.455,290.7,270.977,253.123,236.977,222.382,209.196,197.286,186.536,176.845,168.125,160.306,153.33,147.156,141.759,137.128,133.266,130.185,127.892,126.358,125.472,124.975,124.41,123.175,120.731,116.875,111.855,106.21,100.487,95.0654,90.1327,85.7361,81.8481,78.4105,75.3588,72.6329,70.1812,67.9605,65.9356,64.0779,62.3641,60.7752,59.2954,57.9118,56.6138,55.3921,54.2392,53.1486,52.1146,51.1325,50.1979,49.3073,48.4575,47.6454,46.8687,46.1249,45.4121,44.7283,44.0718,43.4411,42.8347,42.2514,41.6897,41.1487,40.6271,40.1241,39.6387,39.1699,38.7169,38.279,37.8554,37.4454,37.0483,36.6634,36.2903,35.9282,35.5766,35.2351,34.9032,34.5803,34.2661,33.9601,33.6618,33.3711,33.0873,32.8104,32.5398,32.2754,32.0167,31.7636,31.5158,31.273,31.035,30.8016,30.5726,30.3478,30.1271,29.9101,29.6969,29.4873,29.281,29.0781,28.8783,28.6816,28.4879,28.2971,28.1092,27.9239,27.7414,27.5615,27.3842,27.2095,27.0373,26.8676,26.7004,26.5357,26.3735,26.2138,26.0566,25.902,25.7499,25.6005,25.4538,25.3097,25.1685,25.0301,24.8947,24.7623,24.6331,24.507,24.3843,24.2649,24.1491,24.0368,23.9282,
 ,-116,24.0303,24.1677,24.3047,24.4413,24.5775,24.7134,24.8491,24.9846,25.1198,25.2549,25.39,25.525,25.6601,25.7952,25.9306,26.0662,26.2022,26.3386,26.4756,26.6132,26.7515,26.8906,27.0306,27.1717,27.314,27.4575,27.6025,27.749,27.8971,28.0471,28.1991,28.3531,28.5094,28.6681,28.8294,28.9934,29.1603,29.3303,29.5036,29.6802,29.8605,30.0446,30.2328,30.4251,30.6219,30.8233,31.0296,31.241,31.4578,31.6801,31.9083,32.1425,32.3831,32.6304,32.8847,33.1461,33.4152,33.6921,33.9773,34.271,34.5737,34.8858,35.2076,35.5395,35.8821,36.2358,36.601,36.9783,37.3683,37.7714,38.1883,38.6196,39.066,39.5282,40.0069,40.5029,41.0171,41.5503,42.1035,42.6777,43.2739,43.8933,44.537,45.2065,45.903,46.628,47.3832,48.1702,48.9908,49.8469,50.7408,51.6746,52.6507,53.6719,54.7409,55.8609,57.0351,58.2671,59.561,60.9209,62.3515,63.8578,65.4455,67.1204,68.8893,70.7595,72.7389,74.8362,77.0612,79.4246,81.9382,84.6151,87.4698,90.5185,93.7793,97.2723,101.02,105.047,109.383,114.058,119.11,124.577,130.506,136.949,143.965,151.619,159.988,169.158,179.227,190.306,202.522,216.017,230.954,247.513,265.896,286.323,309.035,334.279,362.308,393.355,427.61,465.176,506.013,549.861,596.142,643.866,691.544,737.156,778.222,812.008,835.884,847.776,846.583,832.418,806.588,771.306,729.254,683.145,635.388,587.908,542.101,498.873,458.736,421.904,388.387,358.063,330.732,306.159,284.093,264.291,246.521,230.572,216.251,203.392,191.845,181.486,172.208,163.924,156.567,150.091,144.467,139.689,135.771,132.743,130.639,129.462,129.121,129.33,129.513,128.84,126.528,122.281,116.479,109.91,103.327,97.2069,91.7461,86.9642,82.7983,79.1593,75.9597,73.1231,70.5867,68.2997,66.2218,64.3208,62.5707,60.9509,59.4443,58.0372,56.718,55.4773,54.307,53.2003,52.1514,51.1553,50.2077,49.3048,48.4434,47.6204,46.8333,46.0798,45.3577,44.6652,44.0004,43.3619,42.7482,42.1578,41.5896,41.0423,40.515,40.0064,39.5158,39.0421,38.5846,38.1423,37.7146,37.3008,36.9,36.5118,36.1354,35.7702,35.4158,35.0716,34.7371,34.4118,34.0953,33.7871,33.4868,33.194,32.9085,32.6297,32.3574,32.0913,31.8311,31.5765,31.3273,31.0832,30.8439,30.6092,30.379,30.1531,29.9312,29.7132,29.4989,29.2882,29.081,28.8772,28.6765,28.479,28.2844,28.0928,27.904,27.718,27.5348,27.3541,27.1761,27.0007,26.8278,26.6574,26.4895,26.3241,26.1612,26.0007,25.8428,25.6874,25.5345,25.3842,25.2364,25.0914,24.949,24.8094,24.6726,24.5387,24.4077,24.2797,24.1549,24.0331,23.9146,23.7993,23.6874,
 ,-117,23.7749,23.9112,24.0472,24.1829,24.3184,24.4536,24.5887,24.7236,24.8584,24.9931,25.1279,25.2627,25.3976,25.5328,25.6682,25.804,25.9402,26.0769,26.2142,26.3522,26.4909,26.6306,26.7713,26.9131,27.0561,27.2005,27.3464,27.4938,27.643,27.794,27.947,28.1022,28.2597,28.4197,28.5822,28.7475,28.9158,29.0871,29.2618,29.4399,29.6217,29.8073,29.997,30.1909,30.3893,30.5924,30.8003,31.0134,31.2318,31.4558,31.6857,31.9218,32.1642,32.4133,32.6694,32.9328,33.2037,33.4826,33.7698,34.0656,34.3704,34.6846,35.0086,35.3428,35.6877,36.0438,36.4115,36.7914,37.184,37.5898,38.0096,38.4439,38.8934,39.3589,39.841,40.3406,40.8586,41.3958,41.9532,42.5319,43.1328,43.7572,44.4063,45.0814,45.784,46.5155,47.2776,48.072,48.9006,49.7653,50.6684,51.6121,52.599,53.6318,54.7133,55.8469,57.0358,58.2839,59.5952,60.974,62.4254,63.9544,65.5668,67.2689,69.0677,70.9708,72.9863,75.1237,77.393,79.8056,82.3737,85.1114,88.0341,91.1588,94.505,98.0939,101.95,106.1,110.575,115.409,120.641,126.316,132.484,139.203,146.539,154.565,163.37,173.051,183.722,195.513,208.576,223.083,239.233,257.253,277.402,299.974,325.295,353.725,385.645,421.448,461.502,506.111,555.43,609.369,667.437,728.573,790.962,851.912,907.872,954.7,988.229,1005.06,1003.35,983.287,947.059,898.268,841.135,779.732,717.463,656.858,599.582,546.575,498.242,454.62,415.518,380.617,349.543,321.907,297.332,275.469,256.001,238.648,223.164,209.336,196.982,185.948,176.105,167.352,159.606,152.814,146.943,141.987,137.967,134.927,132.922,131.986,132.051,132.821,133.625,133.434,131.234,126.637,120.153,112.801,105.514,98.8396,92.9719,87.9,83.5278,79.7407,76.4325,73.5144,70.915,68.5783,66.46,64.5253,62.7465,61.1018,59.5732,58.1464,56.8092,55.5519,54.3662,53.2451,52.1827,51.1738,50.214,49.2996,48.4272,47.5938,46.7968,46.0338,45.3028,44.6018,43.9291,43.283,42.6621,42.065,41.4904,40.9371,40.4041,39.8903,39.3946,38.9162,38.4543,38.0079,37.5763,37.1587,36.7545,36.363,35.9835,35.6156,35.2584,34.9117,34.5747,34.2472,33.9285,33.6182,33.316,33.0214,32.734,32.4536,32.1797,31.9121,31.6505,31.3945,31.1439,30.8985,30.6579,30.4221,30.1907,29.9636,29.7407,29.5216,29.3064,29.0947,28.8866,28.6818,28.4802,28.2818,28.0864,27.894,27.7044,27.5176,27.3336,27.1522,26.9735,26.7973,26.6237,26.4526,26.284,26.1178,25.9542,25.793,25.6343,25.478,25.3243,25.1731,25.0244,24.8783,24.7348,24.5939,24.4558,24.3203,24.1877,24.0579,23.931,23.8071,23.686,23.568,23.453,
 ,-118,23.5255,23.6608,23.7959,23.9307,24.0654,24.1999,24.3343,24.4686,24.603,24.7373,24.8718,25.0064,25.1412,25.2763,25.4117,25.5475,25.6839,25.8208,25.9584,26.0968,26.236,26.3762,26.5175,26.6599,26.8036,26.9487,27.0953,27.2436,27.3937,27.5457,27.6998,27.856,28.0146,28.1757,28.3394,28.5059,28.6754,28.8481,29.024,29.2035,29.3867,29.5737,29.7648,29.9601,30.16,30.3645,30.574,30.7886,31.0086,31.2343,31.4658,31.7035,31.9476,32.1984,32.4562,32.7213,32.9941,33.2748,33.5638,33.8616,34.1683,34.4845,34.8105,35.1468,35.4939,35.8522,36.2222,36.6045,36.9995,37.408,37.8304,38.2675,38.7199,39.1884,39.6737,40.1767,40.6982,41.2391,41.8004,42.3831,42.9885,43.6175,44.2716,44.9521,45.6603,46.3978,47.1663,47.9676,48.8036,49.6763,50.5879,51.5409,52.5378,53.5813,54.6745,55.8206,57.0233,58.2863,59.6138,61.0103,62.4809,64.031,65.6665,67.394,69.2206,71.1542,73.2036,75.3784,77.689,80.1474,82.7667,85.5613,88.5476,91.7436,95.1699,98.8491,102.807,107.073,111.679,116.663,122.067,127.94,134.337,141.32,148.963,157.349,166.575,176.753,188.014,200.507,214.411,229.929,247.301,266.808,288.775,313.578,341.652,373.491,409.65,450.73,497.36,550.143,609.572,675.89,748.88,827.568,909.886,992.339,1069.87,1136.14,1184.37,1208.83,1206.31,1177.16,1125.14,1056.31,977.461,894.75,812.953,735.28,663.573,598.638,540.589,489.121,443.713,403.752,368.614,337.708,310.492,286.487,265.274,246.494,229.835,215.037,201.877,190.172,179.768,170.544,162.405,155.284,149.143,143.969,139.784,136.633,134.581,133.673,133.853,134.823,135.869,135.864,133.681,128.886,122.051,114.31,106.681,99.7393,93.6754,88.462,83.9871,80.1239,76.7577,73.7941,71.158,68.7908,66.6464,64.689,62.8901,61.2271,59.6818,58.2392,56.8874,55.6162,54.4172,53.2833,52.2086,51.188,50.217,49.2918,48.4089,47.5656,46.7591,45.9871,45.2475,44.5383,43.8577,43.2043,42.5764,41.9727,41.3919,40.8329,40.2944,39.7754,39.2749,38.792,38.3258,37.8754,37.4401,37.0191,36.6116,36.217,35.8347,35.464,35.1043,34.7551,34.4159,34.0862,33.7655,33.4533,33.1493,32.853,32.564,32.282,32.0067,31.7376,31.4746,31.2173,30.9654,30.7188,30.4771,30.2401,30.0076,29.7795,29.5555,29.3354,29.1192,28.9066,28.6975,28.4918,28.2893,28.09,27.8938,27.7006,27.5102,27.3226,27.1378,26.9557,26.7762,26.5992,26.4249,26.253,26.0837,25.9168,25.7524,25.5904,25.4309,25.2738,25.1192,24.9671,24.8174,24.6703,24.5256,24.3836,24.2441,24.1073,23.9731,23.8416,23.7127,23.5866,23.4633,23.3427,23.2248,
 ,-119,23.2819,23.4162,23.5503,23.6843,23.8181,23.952,24.0857,24.2195,24.3534,24.4874,24.6215,24.7558,24.8905,25.0255,25.1608,25.2967,25.4332,25.5703,25.7082,25.8468,25.9864,26.1271,26.2688,26.4118,26.5562,26.7019,26.8493,26.9984,27.1493,27.3021,27.4571,27.6143,27.7739,27.936,28.1008,28.2684,28.4391,28.6129,28.7901,28.9708,29.1552,29.3435,29.5359,29.7326,29.9338,30.1397,30.3506,30.5667,30.7881,31.0152,31.2483,31.4875,31.7331,31.9855,32.2449,32.5117,32.7861,33.0685,33.3593,33.6587,33.9673,34.2853,34.6133,34.9515,35.3006,35.6609,36.0331,36.4175,36.8148,37.2256,37.6505,38.0902,38.5452,39.0165,39.5048,40.0108,40.5355,41.0799,41.6448,42.2314,42.8407,43.4741,44.1327,44.818,45.5314,46.2745,47.0489,47.8566,48.6993,49.5794,50.4989,51.4603,52.4663,53.5198,54.6237,55.7815,56.9967,58.2734,59.6157,61.0285,62.5169,64.0863,65.7431,67.4939,69.3461,71.308,73.3885,75.5976,77.9464,80.4471,83.1135,85.9607,89.0057,92.2677,95.7681,99.531,103.584,107.957,112.685,117.81,123.374,129.432,136.043,143.275,151.208,159.935,169.562,180.216,192.043,205.215,219.935,236.443,255.023,276.011,299.806,326.882,357.796,393.208,433.881,480.694,534.623,596.71,667.973,749.245,840.895,942.382,1051.64,1164.38,1273.52,1369.3,1440.5,1477.08,1473.26,1429.68,1353.11,1254.05,1143.61,1031.12,923.124,823.449,733.82,654.567,585.207,524.854,472.476,427.04,387.587,353.264,323.329,297.146,274.179,253.976,236.157,220.405,206.458,194.097,183.145,173.458,164.926,157.469,151.034,145.601,141.181,137.808,135.537,134.398,134.325,135.016,135.779,135.54,133.236,128.459,121.74,114.147,106.647,99.799,93.7938,88.6132,84.1539,80.2951,76.9268,73.957,71.3123,68.9351,66.7801,64.8116,63.0014,61.327,59.7702,58.3163,56.9531,55.6705,54.4603,53.3154,52.2299,51.1985,50.2171,49.2817,48.389,47.5361,46.7205,45.9397,45.1916,44.4744,43.7863,43.1257,42.491,41.8809,41.2941,40.7294,40.1856,39.6617,39.1566,38.6693,38.1991,37.7449,37.306,36.8817,36.4711,36.0736,35.6886,35.3153,34.9533,34.6019,34.2606,33.9289,33.6063,33.2924,32.9867,32.6888,32.3983,32.1148,31.8381,31.5677,31.3034,31.0449,30.7919,30.544,30.3012,30.0632,29.8297,29.6005,29.3755,29.1545,28.9372,28.7237,28.5137,28.3071,28.1038,27.9036,27.7066,27.5125,27.3213,27.1329,26.9473,26.7644,26.5841,26.4064,26.2313,26.0587,25.8886,25.7209,25.5557,25.3929,25.2326,25.0747,24.9192,24.7661,24.6155,24.4673,24.3216,24.1783,24.0376,23.8993,23.7636,23.6305,23.4998,23.3718,23.2462,23.1233,23.0028,
 ,-120,23.0438,23.1771,23.3103,23.4434,23.5765,23.7097,23.8428,23.9761,24.1094,24.243,24.3768,24.5108,24.6453,24.7801,24.9154,25.0513,25.1879,25.3251,25.4632,25.6021,25.742,25.883,26.0252,26.1687,26.3136,26.46,26.608,26.7577,26.9094,27.063,27.2188,27.3769,27.5374,27.7004,27.8662,28.0349,28.2066,28.3815,28.5597,28.7416,28.9271,29.1166,29.3102,29.5082,29.7106,29.9179,30.13,30.3474,30.5702,30.7987,31.0331,31.2737,31.5207,31.7746,32.0355,32.3037,32.5797,32.8636,33.156,33.457,33.7672,34.087,34.4166,34.7567,35.1076,35.4698,35.8439,36.2303,36.6297,37.0427,37.4698,37.9118,38.3693,38.8431,39.3341,39.8429,40.3706,40.918,41.4862,42.0763,42.6893,43.3266,43.9893,44.679,45.3971,46.1452,46.9251,47.7385,48.5874,49.4741,50.4008,51.3699,52.3842,53.4466,54.5603,55.7286,56.9553,58.2443,59.6002,61.0278,62.5322,64.1192,65.7952,67.5672,69.4426,71.4301,73.5388,75.7791,78.1625,80.7016,83.4107,86.3056,89.4041,92.726,96.2939,100.133,104.272,108.743,113.583,118.836,124.548,130.775,137.583,145.044,153.246,162.288,172.289,183.388,195.746,209.558,225.054,242.508,262.25,284.677,310.265,339.593,373.36,412.41,457.761,510.629,572.441,644.834,729.595,828.507,943.02,1073.64,1218.96,1374.24,1529.97,1671.21,1779.08,1835.45,1829.49,1762.4,1646.84,1501.57,1344.99,1191.07,1048.33,920.769,809.35,713.323,631.138,560.994,501.123,449.926,406.018,368.223,335.563,307.225,282.539,260.954,242.016,225.351,210.651,197.665,186.188,176.056,167.139,159.342,152.598,146.872,142.155,138.462,135.816,134.218,133.571,133.577,133.619,132.802,130.266,125.683,119.469,112.477,105.515,99.0776,93.3608,88.3731,84.0396,80.2616,76.9443,74.0062,71.3803,69.0133,66.8626,64.8945,63.0818,61.4028,59.8399,58.3787,57.0074,55.7162,54.4968,53.3425,52.2472,51.2061,50.2149,49.2699,48.3678,47.5057,46.6811,45.8918,45.1355,44.4105,43.7149,43.0472,42.4059,41.7896,41.1969,40.6267,40.0777,39.549,39.0394,38.548,38.0739,37.6161,37.1739,36.7464,36.3329,35.9327,35.5451,35.1695,34.8053,34.4518,34.1086,33.7751,33.4508,33.1352,32.828,32.5286,32.2367,31.952,31.674,31.4024,31.1369,30.8773,30.6231,30.3742,30.1304,29.8913,29.6568,29.4266,29.2006,28.9787,28.7605,28.5461,28.3352,28.1277,27.9235,27.7225,27.5245,27.3296,27.1376,26.9484,26.762,26.5782,26.3972,26.2187,26.0428,25.8694,25.6985,25.53,25.364,25.2004,25.0392,24.8804,24.724,24.57,24.4184,24.2692,24.1224,23.978,23.836,23.6965,23.5593,23.4245,23.2922,23.1623,23.0348,22.9096,22.7868,
 ,-121,22.811,22.9434,23.0757,23.208,23.3403,23.4727,23.6053,23.7379,23.8708,24.0039,24.1374,24.2711,24.4054,24.54,24.6753,24.8111,24.9477,25.085,25.2232,25.3624,25.5025,25.6439,25.7864,25.9303,26.0757,26.2226,26.3712,26.5216,26.6739,26.8283,26.9848,27.1437,27.305,27.4689,27.6355,27.8051,27.9777,28.1536,28.3329,28.5158,28.7024,28.893,29.0877,29.2868,29.4904,29.6987,29.9121,30.1307,30.3547,30.5844,30.8201,31.062,31.3103,31.5655,31.8277,32.0973,32.3746,32.66,32.9538,33.2563,33.568,33.8893,34.2205,34.5622,34.9147,35.2787,35.6545,36.0428,36.4441,36.859,37.2881,37.7322,38.1919,38.668,39.1614,39.6727,40.203,40.7533,41.3244,41.9176,42.5339,43.1747,43.8412,44.5348,45.2571,46.0097,46.7944,47.613,48.4675,49.3601,50.2931,51.2692,52.2909,53.3614,54.4837,55.6614,56.8982,58.1984,59.5664,61.007,62.5258,64.1285,65.8217,67.6124,69.5086,71.5188,73.6527,75.9208,78.3349,80.9082,83.6554,86.5928,89.7387,93.114,96.7419,100.649,104.864,109.423,114.363,119.73,125.573,131.953,138.937,146.605,155.048,164.376,174.716,186.218,199.061,213.46,229.67,248.002,268.829,292.608,319.898,351.386,387.92,430.551,480.579,539.612,609.63,693.028,792.64,911.644,1053.27,1220.09,1412.58,1626.73,1850.8,2062.47,2229.79,2319.21,2309.6,2203.38,2025.09,1808.94,1585.44,1374.8,1187.08,1025.21,888.162,773.165,676.958,596.412,528.776,471.734,423.385,382.184,346.885,316.483,290.167,267.282,247.298,229.782,214.383,200.817,188.852,178.301,169.018,160.889,153.832,147.792,142.738,138.658,135.539,133.342,131.944,131.061,130.19,128.659,125.853,121.539,115.994,109.817,103.609,97.7711,92.4926,87.8107,83.6859,80.049,76.8268,73.9526,71.3696,69.0309,66.8983,64.9411,63.1342,61.4571,59.8932,58.4287,57.0524,55.7549,54.5282,53.3657,52.2618,51.2118,50.2114,49.2572,48.3459,47.4748,46.6415,45.8436,45.0792,44.3465,43.6435,42.9689,42.321,41.6985,41.1001,40.5246,39.9706,39.4372,38.9234,38.428,37.9501,37.4889,37.0435,36.6131,36.1969,35.7942,35.4042,35.0264,34.6602,34.3048,33.9598,33.6247,33.2988,32.9818,32.6732,32.3725,32.0794,31.7934,31.5143,31.2416,30.975,30.7143,30.4591,30.2092,29.9644,29.7244,29.4889,29.2578,29.0309,28.808,28.589,28.3736,28.1618,27.9534,27.7484,27.5465,27.3477,27.1519,26.959,26.769,26.5817,26.3972,26.2153,26.036,25.8593,25.685,25.5133,25.344,25.1772,25.0128,24.8507,24.6911,24.5338,24.3788,24.2262,24.076,23.9281,23.7826,23.6394,23.4985,23.36,23.2237,23.0898,22.9582,22.8288,22.7017,22.5767,
 ,-122,22.5834,22.7148,22.8462,22.9777,23.1093,23.241,23.3729,23.505,23.6374,23.77,23.9031,24.0366,24.1705,24.305,24.4401,24.5759,24.7124,24.8498,24.9881,25.1274,25.2678,25.4094,25.5523,25.6966,25.8423,25.9897,26.1388,26.2898,26.4426,26.5976,26.7548,26.9144,27.0764,27.2411,27.4086,27.579,27.7525,27.9293,28.1094,28.2932,28.4808,28.6724,28.8681,29.0682,29.2728,29.4823,29.6967,29.9164,30.1415,30.3723,30.6091,30.8522,31.1017,31.3581,31.6215,31.8924,32.171,32.4576,32.7527,33.0565,33.3696,33.6922,34.0249,34.368,34.722,35.0875,35.4649,35.8548,36.2577,36.6744,37.1053,37.5512,38.0129,38.4911,38.9865,39.5001,40.0328,40.5855,41.1592,41.7551,42.3744,43.0182,43.688,44.3851,45.1111,45.8677,46.6566,47.4797,48.3391,49.2369,50.1756,51.1577,52.1859,53.2634,54.3933,55.5793,56.825,58.1349,59.5134,60.9655,62.4968,64.1132,65.8213,67.6284,69.5426,71.5726,73.7284,76.0206,78.4614,81.0644,83.8446,86.8188,90.0059,93.4274,97.1073,101.073,105.355,109.989,115.016,120.482,126.439,132.951,140.089,147.936,156.59,166.167,176.802,188.659,201.929,216.846,233.691,252.804,274.604,299.605,328.444,361.917,401.022,447.019,501.509,566.532,644.684,739.264,854.41,995.177,1167.42,1377.14,1628.81,1921.7,2243.58,2563.05,2826.7,2971.7,2955.82,2784.03,2505.08,2181.83,1863.81,1578.31,1334.8,1132.67,966.931,831.534,720.747,629.687,554.385,491.687,439.112,394.715,356.969,324.673,296.873,272.813,251.888,233.61,217.587,203.502,191.097,180.166,170.545,162.103,154.74,148.384,142.981,138.489,134.865,132.036,129.863,128.096,126.349,124.153,121.102,117.041,112.133,106.757,101.322,96.1298,91.3448,87.0226,83.1533,79.6959,76.5995,73.8134,71.2922,68.9966,66.894,64.957,63.1632,61.4937,59.9334,58.4692,57.0907,55.7889,54.5564,53.387,52.2753,51.2169,50.2077,49.2444,48.3241,47.4441,46.602,45.7957,45.0232,44.2826,43.5723,42.8907,42.2364,41.6078,41.0038,40.423,39.8642,39.3263,38.8082,38.309,37.8276,37.3632,36.9148,36.4816,36.0629,35.6579,35.2658,34.886,34.5179,34.1609,33.8143,33.4776,33.1504,32.8321,32.5222,32.2204,31.9261,31.6391,31.3589,31.0852,30.8177,30.556,30.2999,30.0491,29.8033,29.5624,29.326,29.094,28.8662,28.6425,28.4225,28.2063,27.9936,27.7843,27.5784,27.3756,27.176,26.9793,26.7855,26.5947,26.4065,26.2211,26.0384,25.8582,25.6807,25.5056,25.333,25.1629,24.9952,24.8299,24.667,24.5065,24.3482,24.1924,24.0388,23.8876,23.7386,23.5919,23.4476,23.3054,23.1656,23.0279,22.8925,22.7592,22.6282,22.4992,22.3722,
 ,-123,22.3607,22.4912,22.6217,22.7524,22.8832,23.0142,23.1455,23.277,23.4089,23.5411,23.6737,23.8069,23.9405,24.0748,24.2098,24.3454,24.4819,24.6193,24.7577,24.8971,25.0377,25.1795,25.3226,25.4672,25.6133,25.7611,25.9106,26.062,26.2155,26.371,26.5288,26.689,26.8517,27.017,27.1852,27.3564,27.5306,27.7082,27.8892,28.0738,28.2623,28.4547,28.6513,28.8523,29.0579,29.2683,29.4837,29.7044,29.9305,30.1623,30.4002,30.6443,30.8949,31.1523,31.4168,31.6888,31.9685,32.2563,32.5525,32.8575,33.1718,33.4956,33.8295,34.1739,34.5292,34.896,35.2748,35.6661,36.0706,36.4887,36.9212,37.3688,37.8322,38.3121,38.8094,39.325,39.8597,40.4145,40.9905,41.5888,42.2105,42.857,43.5296,44.2298,44.959,45.719,46.5115,47.3385,48.202,49.1043,50.0478,51.035,52.0688,53.1523,54.2887,55.4817,56.735,58.0531,59.4406,60.9024,62.4443,64.0723,65.7931,67.6141,69.5435,71.5902,73.7643,76.0768,78.5402,81.168,83.9759,86.9809,90.2025,93.6627,97.386,101.401,105.738,110.436,115.534,121.082,127.135,133.756,141.022,149.018,157.847,167.632,178.515,190.667,204.296,219.648,237.028,256.803,279.431,305.476,335.649,370.843,412.198,461.176,519.668,590.143,675.842,781.03,911.32,1074.02,1278.37,1535.36,1856.18,2247.6,2701.63,3178.62,3593.11,3829.27,3802.78,3524.04,3089.41,2612.03,2168.29,1790.41,1482.52,1236.47,1040.9,885.084,760.164,659.175,576.788,508.954,452.598,405.377,365.493,331.554,302.476,277.41,255.682,236.755,220.2,205.671,192.888,181.627,171.706,162.981,155.337,148.681,142.942,138.054,133.948,130.533,127.668,125.145,122.679,119.955,116.713,112.849,108.449,103.74,98.9785,94.3772,90.0672,86.1075,82.5069,79.2459,76.2919,73.6092,71.163,68.9218,66.8584,64.9492,63.1746,61.5178,59.9649,58.5041,57.1256,55.8213,54.5843,53.4087,52.2897,51.2231,50.2052,49.2329,48.3035,47.4143,46.5633,45.7483,44.9675,44.2191,43.5014,42.8129,42.152,41.5174,40.9078,40.3218,39.7583,39.216,38.694,38.1911,37.7064,37.2389,36.7877,36.352,35.9309,35.5237,35.1297,34.7482,34.3784,34.0198,33.6718,33.3339,33.0054,32.686,32.375,32.0722,31.777,31.489,31.2079,30.9333,30.6649,30.4024,30.1454,29.8937,29.6471,29.4053,29.1681,28.9353,28.7066,28.482,28.2612,28.0441,27.8305,27.6203,27.4135,27.2099,27.0093,26.8117,26.6171,26.4253,26.2363,26.05,25.8664,25.6854,25.5069,25.331,25.1576,24.9866,24.818,24.6518,24.488,24.3265,24.1673,24.0105,23.856,23.7037,23.5537,23.406,23.2604,23.1171,22.976,22.837,22.7002,22.5654,22.4327,22.302,22.1732,
 ,-124,22.1428,22.2723,22.402,22.5318,22.6619,22.7922,22.9228,23.0538,23.1851,23.3169,23.4491,23.5819,23.7153,23.8493,23.9841,24.1196,24.256,24.3934,24.5317,24.6712,24.8119,24.9539,25.0972,25.242,25.3885,25.5366,25.6865,25.8383,25.9922,26.1482,26.3065,26.4672,26.6305,26.7965,26.9653,27.1371,27.312,27.4903,27.6721,27.8575,28.0467,28.2399,28.4373,28.6391,28.8456,29.0568,29.273,29.4946,29.7216,29.9543,30.1931,30.4381,30.6896,30.948,31.2135,31.4864,31.7671,32.0559,32.3531,32.6592,32.9745,33.2994,33.6344,33.9799,34.3363,34.7043,35.0843,35.4768,35.8825,36.3019,36.7358,37.1848,37.6496,38.1311,38.6299,39.1471,39.6835,40.2401,40.818,41.4183,42.0422,42.6909,43.3658,44.0685,44.8004,45.5632,46.3587,47.1889,48.0559,48.9619,49.9094,50.9009,51.9393,53.0277,54.1694,55.3681,56.6278,57.9526,59.3474,60.8172,62.3677,64.0051,65.7362,67.5684,69.5101,71.5703,73.7592,76.0881,78.5695,81.2173,84.0472,87.0768,90.3259,93.8166,97.5743,101.628,106.009,110.756,115.911,121.524,127.651,134.358,141.723,149.835,158.802,168.748,179.823,192.207,206.114,221.807,239.604,259.899,283.177,310.048,341.279,377.848,421.012,472.406,534.179,609.181,701.242,815.546,959.158,1141.72,1376.23,1679.67,2072.35,2573.4,3186.63,3870.14,4498.41,4870.72,4827.8,4390.31,3738.25,3062.25,2469.53,1990.33,1616.31,1327.51,1104.12,929.931,792.637,683.149,594.806,522.719,463.271,413.762,372.158,336.907,306.815,280.951,258.588,239.147,222.169,207.285,194.197,182.665,172.494,163.527,155.635,148.713,142.672,137.43,132.903,128.991,125.564,122.451,119.447,116.339,112.96,109.237,105.21,101.005,96.7782,92.6693,88.7754,85.1485,81.8056,78.7403,75.9338,73.3617,70.9982,68.8189,66.8015,64.9261,63.1756,61.5355,59.9932,58.5382,57.1616,55.856,54.6151,53.4338,52.3075,51.2326,50.2057,49.224,48.285,47.3864,46.5261,45.7022,44.9128,44.1563,43.431,42.7354,42.0679,41.4273,40.8121,40.221,39.6528,39.1063,38.5804,38.0741,37.5862,37.1158,36.662,36.224,35.8008,35.3917,34.9959,34.6128,34.2416,33.8817,33.5325,33.1934,32.864,32.5435,32.2317,31.9279,31.6319,31.3431,31.0612,30.7859,30.5167,30.2534,29.9957,29.7432,29.4959,29.2533,29.0153,28.7816,28.5521,28.3266,28.1049,27.887,27.6725,27.4615,27.2537,27.0492,26.8477,26.6493,26.4537,26.261,26.0711,25.8839,25.6993,25.5174,25.338,25.1612,24.9868,24.8149,24.6454,24.4783,24.3135,24.1511,23.991,23.8332,23.6777,23.5244,23.3734,23.2246,23.0779,22.9334,22.7911,22.6508,22.5126,22.3765,22.2423,22.11,21.9796,
 ,-125,21.9294,22.058,22.1868,22.3159,22.4452,22.5748,22.7048,22.8352,22.966,23.0973,23.2291,23.3615,23.4945,23.6283,23.7628,23.8982,24.0345,24.1718,24.3101,24.4496,24.5904,24.7324,24.876,25.021,25.1676,25.316,25.4662,25.6184,25.7726,25.9291,26.0878,26.249,26.4128,26.5793,26.7487,26.9211,27.0966,27.2755,27.4579,27.6439,27.8338,28.0277,28.2259,28.4284,28.6356,28.8475,29.0646,29.2868,29.5146,29.7482,29.9877,30.2335,30.4859,30.7451,31.0114,31.2852,31.5667,31.8563,32.1545,32.4614,32.7776,33.1034,33.4393,33.7858,34.1432,34.5121,34.8931,35.2867,35.6934,36.1139,36.5489,36.999,37.465,37.9477,38.4479,38.9664,39.5042,40.0623,40.6417,41.2436,41.8691,42.5197,43.1965,43.9011,44.6351,45.4002,46.1981,47.0309,47.9006,48.8095,49.7601,50.7549,51.7969,52.8892,54.0351,55.2383,56.5028,57.8328,59.2333,60.7092,62.2664,63.911,65.6499,67.4906,69.4416,71.5121,73.7121,76.0532,78.548,81.2106,84.0569,87.1046,90.3738,93.8869,97.6695,101.751,106.164,110.946,116.142,121.8,127.979,134.747,142.182,150.376,159.437,169.495,180.704,193.247,207.347,223.274,241.359,262.011,285.738,313.179,345.142,382.665,427.091,480.18,544.27,622.5,719.149,840.121,993.654,1191.34,1449.5,1790.72,2244.66,2844.85,3612.64,4513.19,5383.47,5917.97,5854.73,5229.37,4334.76,3453.44,2718.23,2148.53,1718.68,1395.38,1150.31,962.177,815.699,700.009,607.381,532.265,470.633,419.52,376.716,340.553,309.755,283.338,260.531,240.731,223.454,208.315,195.003,183.268,172.903,163.743,155.649,148.504,142.209,136.672,131.801,127.495,123.638,120.091,116.705,113.334,109.863,106.239,102.475,98.6359,94.8127,91.093,87.5436,84.2052,81.0954,78.2146,75.552,73.0915,70.8143,68.7013,66.7343,64.897,63.1745,61.5542,60.0249,58.5774,57.2037,55.8974,54.6528,53.4655,52.3316,51.2478,50.2112,49.2194,48.2701,47.3613,46.4911,45.6577,44.8593,44.0944,43.3612,42.6583,41.9842,41.3374,40.7166,40.1205,39.5477,38.9971,38.4675,37.9578,37.4669,36.9939,36.5377,36.0975,35.6724,35.2617,34.8644,34.4799,34.1074,33.7465,33.3963,33.0563,32.7259,32.4047,32.0921,31.7877,31.491,31.2015,30.919,30.6429,30.3731,30.1092,29.8508,29.5976,29.3495,29.1062,28.8674,28.633,28.4027,28.1764,27.9539,27.735,27.5197,27.3077,27.0991,26.8936,26.6912,26.4918,26.2953,26.1016,25.9107,25.7226,25.5371,25.3542,25.1738,24.996,24.8207,24.6478,24.4774,24.3093,24.1436,23.9803,23.8192,23.6604,23.5039,23.3496,23.1976,23.0477,22.8999,22.7543,22.6108,22.4693,22.3298,22.1924,22.0568,21.9231,21.7911,
 ,-126,21.7204,21.8481,21.9761,22.1043,22.2329,22.3619,22.4912,22.621,22.7512,22.882,23.0134,23.1454,23.2781,23.4116,23.5458,23.681,23.8172,23.9543,24.0926,24.2321,24.3729,24.515,24.6587,24.8038,24.9506,25.0992,25.2497,25.4022,25.5567,25.7135,25.8726,26.0342,26.1984,26.3654,26.5352,26.7081,26.8842,27.0636,27.2466,27.4332,27.6237,27.8182,28.0169,28.2201,28.4279,28.6405,28.8582,29.0811,29.3096,29.5438,29.784,30.0305,30.2836,30.5435,30.8105,31.085,31.3672,31.6576,31.9564,32.2641,32.5811,32.9076,33.2443,33.5915,33.9497,34.3195,34.7012,35.0956,35.5032,35.9246,36.3604,36.8115,37.2784,37.762,38.2632,38.7827,39.3216,39.8808,40.4614,41.0645,41.6913,42.3431,43.0214,43.7275,44.4631,45.2298,46.0295,46.8641,47.7358,48.6469,49.5997,50.597,51.6416,52.7366,53.8855,55.0919,56.3597,57.6934,59.0978,60.578,62.1398,63.7893,65.5336,67.3802,69.3374,71.4146,73.6221,75.9713,78.4748,81.147,84.0037,87.0629,90.3446,93.8716,97.6695,101.768,106.2,111.003,116.222,121.907,128.116,134.918,142.392,150.63,159.743,169.862,181.141,193.768,207.969,224.017,242.25,263.085,287.04,314.768,347.1,385.103,430.164,484.108,549.367,629.233,728.221,852.618,1011.3,1216.95,1487.77,1849.7,2338.26,2996.68,3859.75,4901.6,5937.89,6587.62,6509.52,5751.33,4692.18,3678.74,2856.56,2234.1,1772.88,1430.74,1174.09,978.64,827.4,708.527,613.713,537.061,474.324,422.401,378.99,342.363,311.204,284.5,261.462,241.468,224.026,208.74,195.294,183.429,172.934,163.636,155.39,148.073,141.58,135.812,130.675,126.073,121.902,118.05,114.404,110.858,107.332,103.781,100.202,96.6255,93.1018,89.6825,86.4105,83.3145,80.4088,77.6957,75.1691,72.8175,70.6269,68.5823,66.6688,64.8724,63.1806,61.5823,60.0676,58.6286,57.2583,55.9511,54.7024,53.5082,52.3655,51.2716,50.2241,49.221,48.2603,47.3403,46.4593,45.6156,44.8076,44.0336,43.2922,42.5818,41.9007,41.2477,40.6213,40.0202,39.4429,38.8883,38.3551,37.8422,37.3486,36.873,36.4147,35.9726,35.5458,35.1336,34.735,34.3493,33.9759,33.614,33.2631,32.9224,32.5914,32.2696,31.9564,31.6514,31.3542,31.0642,30.7812,30.5046,30.2343,29.9697,29.7107,29.457,29.2082,28.9642,28.7247,28.4895,28.2585,28.0313,27.808,27.5882,27.372,27.1592,26.9496,26.7431,26.5397,26.3393,26.1418,25.9472,25.7553,25.5661,25.3796,25.1957,25.0144,24.8356,24.6593,24.4854,24.314,24.1449,23.9782,23.8139,23.6518,23.4921,23.3345,23.1792,23.0261,22.8752,22.7263,22.5796,22.435,22.2923,22.1516,22.0129,21.876,21.741,21.6077,
 ,-127,21.5156,21.6425,21.7696,21.8971,22.0249,22.1532,22.2818,22.411,22.5407,22.671,22.8019,22.9335,23.0659,23.199,23.333,23.468,23.6039,23.741,23.8791,24.0186,24.1593,24.3015,24.4452,24.5904,24.7374,24.8861,25.0368,25.1895,25.3443,25.5013,25.6608,25.8227,25.9873,26.1546,26.3249,26.4982,26.6747,26.8546,27.038,27.2251,27.416,27.6111,27.8103,28.014,28.2223,28.4355,28.6538,28.8773,29.1063,29.3411,29.5819,29.829,30.0826,30.3431,30.6107,30.8858,31.1686,31.4596,31.759,32.0673,32.3848,32.712,33.0492,33.397,33.7558,34.1262,34.5085,34.9035,35.3117,35.7338,36.1703,36.6219,37.0896,37.5739,38.0757,38.596,39.1356,39.6955,40.2769,40.8808,41.5085,42.1612,42.8404,43.5475,44.2841,45.0519,45.8527,46.6885,47.5615,48.4738,49.428,50.4268,51.4729,52.5696,53.7203,54.9285,56.1983,57.5342,58.9408,60.4233,61.9876,63.6399,65.387,67.2365,69.197,71.2776,73.4887,75.8416,78.3492,81.0256,83.8869,86.9508,90.2375,93.7697,97.5732,101.677,106.115,110.925,116.15,121.842,128.058,134.867,142.348,150.594,159.714,169.84,181.126,193.76,207.966,224.019,242.255,263.091,287.043,314.765,347.085,385.068,430.096,483.989,549.174,628.928,727.747,851.888,1010.17,1215.19,1484.99,1845.2,2330.83,2984.16,3838.6,4867.14,5887.14,6525.21,6448.58,5703.8,4660.8,3659.75,2845.36,2227.43,1768.82,1428.2,1172.46,977.578,826.694,708.05,613.385,536.832,474.159,422.276,378.888,342.273,311.116,284.406,261.355,241.341,223.873,208.554,195.066,183.149,172.589,163.212,154.869,147.434,140.798,134.863,129.534,124.721,120.331,116.273,112.457,108.803,105.248,101.755,98.3112,94.9276,91.6278,88.4402,85.3901,82.4957,79.7663,77.2037,74.8031,72.556,70.4509,68.4755,66.6172,64.864,63.2048,61.6299,60.1307,58.7004,57.333,56.0239,54.7695,53.5668,52.4135,51.3075,50.2472,49.2309,48.2572,47.3246,46.4316,45.5765,44.758,43.9744,43.2242,42.5058,41.8176,41.1582,40.5261,39.9199,39.3382,38.7796,38.2431,37.7272,37.2309,36.7532,36.2929,35.8491,35.4209,35.0074,34.6078,34.2212,33.8471,33.4845,33.1329,32.7918,32.4603,32.1381,31.8246,31.5193,31.2217,30.9314,30.6479,30.371,30.1002,29.8352,29.5757,29.3214,29.0721,28.8274,28.5873,28.3513,28.1195,27.8916,27.6674,27.4467,27.2296,27.0158,26.8052,26.5978,26.3934,26.1919,25.9934,25.7977,25.6047,25.4145,25.2269,25.042,24.8596,24.6797,24.5024,24.3275,24.155,23.9849,23.8172,23.6518,23.4888,23.328,23.1694,23.0131,22.8589,22.707,22.5571,22.4093,22.2635,22.1197,21.9779,21.838,21.6999,21.5636,21.429,
 ,-128,21.3149,21.4409,21.5672,21.6939,21.821,21.9485,22.0766,22.2051,22.3343,22.4641,22.5945,22.7257,22.8576,22.9904,23.1242,23.2588,23.3946,23.5314,23.6695,23.8088,23.9495,24.0916,24.2353,24.3806,24.5277,24.6765,24.8273,24.9802,25.1352,25.2924,25.4521,25.6143,25.7792,25.9468,26.1174,26.291,26.4679,26.6482,26.832,27.0195,27.2109,27.4063,27.606,27.8101,28.0189,28.2326,28.4512,28.6752,28.9047,29.14,29.3812,29.6288,29.8829,30.1438,30.4119,30.6874,30.9707,31.2621,31.562,31.8707,32.1887,32.5163,32.854,33.2022,33.5614,33.9322,34.315,34.7104,35.119,35.5415,35.9784,36.4304,36.8985,37.3832,37.8854,38.4061,38.9461,39.5065,40.0882,40.6926,41.3207,41.9738,42.6535,43.361,44.098,44.8663,45.6676,46.5039,47.3773,48.2902,49.2449,50.2442,51.2909,52.3881,53.5393,54.7481,56.0184,57.3548,58.7619,60.2449,61.8097,63.4623,65.2097,67.0595,69.0201,71.1007,73.3115,75.664,78.1708,80.8462,83.706,86.7679,90.052,93.5808,97.38,101.479,105.91,110.711,115.926,121.605,127.805,134.594,142.051,150.267,159.35,169.43,180.66,193.222,207.339,223.281,241.376,262.031,285.752,313.174,345.101,382.564,426.895,479.841,543.714,621.622,717.788,838.028,990.438,1186.36,1441.69,1778.28,2224.49,2811.75,3558.63,4428.68,5263.71,5773.91,5713.58,5116.25,4257.01,3404.48,2688.37,2130.31,1707.38,1388.23,1145.68,959.135,813.665,698.63,606.431,531.599,470.152,419.155,376.419,340.288,309.494,283.058,260.213,240.354,222.999,207.76,194.323,182.432,171.876,162.479,154.094,146.594,139.872,133.828,128.372,123.419,118.888,114.698,110.778,107.063,103.502,100.061,96.7223,93.4851,90.3573,87.3519,84.4817,81.756,79.1796,76.752,74.4684,72.3212,70.3003,68.3947,66.5931,64.8846,63.2595,61.7087,60.2252,58.8027,57.4367,56.1238,54.8612,53.6472,52.4803,51.3594,50.2836,49.2517,48.2628,47.3156,46.4089,45.5412,44.7111,43.9169,43.1573,42.4304,41.7348,41.0688,40.4309,39.8196,39.2335,38.6712,38.1313,37.6126,37.1139,36.6341,36.1721,35.7269,35.2976,34.8831,34.4827,34.0955,33.7208,33.3579,33.006,32.6645,32.3329,32.0105,31.6968,31.3913,31.0935,30.803,30.5193,30.2421,29.971,29.7057,29.4458,29.191,28.9412,28.6959,28.4551,28.2185,27.9859,27.7572,27.5321,27.3106,27.0925,26.8777,26.6661,26.4576,26.2521,26.0496,25.85,25.6532,25.4591,25.2677,25.079,24.8929,24.7094,24.5285,24.35,24.174,24.0005,23.8293,23.6606,23.4941,23.33,23.1682,23.0086,22.8512,22.696,22.543,22.392,22.2432,22.0963,21.9515,21.8085,21.6675,21.5283,21.3908,21.255,
 ,-129,21.1182,21.2433,21.3688,21.4947,21.621,21.7479,21.8753,22.0032,22.1318,22.261,22.391,22.5217,22.6533,22.7857,22.9191,23.0535,23.189,23.3256,23.4635,23.6027,23.7433,23.8854,24.029,24.1743,24.3214,24.4703,24.6212,24.7741,24.9293,25.0867,25.2466,25.409,25.574,25.7419,25.9128,26.0867,26.2638,26.4444,26.6285,26.8163,27.0081,27.2038,27.4039,27.6084,27.8175,28.0315,28.2505,28.4749,28.7047,28.9403,29.182,29.4299,29.6843,29.9456,30.214,30.4899,30.7735,31.0652,31.3654,31.6744,31.9927,32.3206,32.6585,33.007,33.3665,33.7375,34.1205,34.5161,34.9249,35.3475,35.7846,36.2369,36.705,37.1898,37.6922,38.2129,38.753,39.3135,39.8953,40.4996,41.1277,41.7809,42.4604,43.1679,43.9048,44.6729,45.474,46.3101,47.1833,48.0959,49.0503,50.0491,51.0953,52.192,53.3425,54.5505,55.8199,57.1553,58.5611,60.0428,61.6058,63.2565,65.0018,66.849,68.8066,70.8838,73.0906,75.4384,77.9398,80.6089,83.4612,86.5144,89.7884,93.3053,97.0905,101.173,105.584,110.363,115.55,121.197,127.359,134.102,141.503,149.652,158.656,168.638,179.748,192.165,206.102,221.819,239.634,259.936,283.207,310.051,341.227,377.703,420.721,471.891,533.329,607.835,699.158,812.357,954.297,1134.29,1364.79,1661.88,2044.47,2529.65,3119.1,3770.86,4365.41,4715.75,4675.25,4263.15,3645.49,3000.07,2429.52,1964.85,1600,1316.94,1097.17,925.296,789.509,681.012,593.328,521.677,462.514,413.186,371.686,336.483,306.394,280.497,258.068,238.531,221.423,206.374,193.08,181.291,170.804,161.446,153.073,145.561,138.803,132.704,127.177,122.144,117.53,113.267,109.293,105.552,102.003,98.6131,95.363,92.2438,89.2542,86.3971,83.6767,81.0958,78.6545,76.3501,74.1768,72.1263,70.1891,68.3543,66.6111,64.9492,63.3592,61.8331,60.3643,58.948,57.5807,56.2604,54.9857,53.7562,52.5717,51.4319,50.3368,49.286,48.2789,47.3147,46.3922,45.5101,44.6671,43.8614,43.0915,42.3556,41.6521,40.9793,40.3354,39.7191,39.1286,38.5626,38.0196,37.4983,36.9975,36.5159,36.0525,35.6061,35.1758,34.7606,34.3597,33.9722,33.5973,33.2342,32.8822,32.5408,32.2092,31.8868,31.5732,31.2677,30.9699,30.6793,30.3956,30.1183,29.847,29.5814,29.3212,29.066,28.8157,28.5699,28.3285,28.0912,27.8579,27.6283,27.4024,27.1799,26.9608,26.745,26.5323,26.3227,26.1162,25.9125,25.7117,25.5137,25.3184,25.1258,24.9359,24.7487,24.564,24.3818,24.2022,24.025,23.8503,23.6781,23.5082,23.3406,23.1754,23.0125,22.8519,22.6934,22.5372,22.3831,22.2311,22.0812,21.9333,21.7874,21.6434,21.5013,21.361,21.2224,21.0855,
 ,-130,20.9252,21.0495,21.1741,21.2992,21.4249,21.551,21.6777,21.8051,21.9331,22.0618,22.1912,22.3215,22.4526,22.5847,22.7177,22.8518,22.987,23.1235,23.2611,23.4002,23.5406,23.6826,23.8261,23.9714,24.1184,24.2673,24.4182,24.5712,24.7264,24.884,25.044,25.2065,25.3717,25.5398,25.7108,25.8849,26.0623,26.2431,26.4274,26.6155,26.8075,27.0035,27.2038,27.4086,27.618,27.8322,28.0515,28.2761,28.5063,28.7421,28.984,29.2322,29.4868,29.7483,30.017,30.293,30.5768,30.8688,31.1691,31.4783,31.7967,32.1247,32.4628,32.8113,33.1709,33.5419,33.925,34.3206,34.7294,35.152,35.589,36.0411,36.5091,36.9938,37.496,38.0165,38.5564,39.1165,39.698,40.3019,40.9296,41.5823,42.2613,42.9681,43.7044,44.4718,45.2721,46.1073,46.9794,47.8909,48.844,49.8415,50.8862,51.9811,53.1297,54.3356,55.6028,56.9355,58.3384,59.8167,61.3761,63.0227,64.7632,66.6052,68.5568,70.6271,72.8261,75.1652,77.6565,80.314,83.153,86.1911,89.4474,92.9441,96.7059,100.761,105.141,109.882,115.026,120.621,126.723,133.395,140.711,148.759,157.641,167.477,178.409,190.609,204.28,219.669,237.075,256.864,279.486,305.502,335.608,370.687,411.858,460.554,518.627,588.484,673.274,777.122,905.425,1065.15,1265.03,1515.25,1825.91,2202.48,2636.11,3088.26,3478.55,3699.79,3674.8,3413.28,3003.68,2550.71,2126.38,1762.37,1463.85,1224,1032.5,879.394,756.274,656.494,574.92,507.629,451.631,404.635,364.878,330.994,301.915,276.799,254.977,235.915,219.18,204.424,191.357,179.745,169.39,160.127,151.817,144.341,137.594,131.488,125.938,120.873,116.224,111.931,107.94,104.202,100.681,97.3452,94.175,91.1574,88.285,85.5546,82.9641,80.5117,78.1938,76.0052,73.9384,71.9841,70.1318,68.3704,66.6885,65.0754,63.5219,62.0202,60.5646,59.1514,57.7785,56.4456,55.1532,53.9022,52.6941,51.53,50.4107,49.3366,48.3076,47.3232,46.3824,45.4839,44.6263,43.8078,43.0267,42.2812,41.5694,40.8894,40.2396,39.6181,39.0233,38.4537,37.9078,37.3841,36.8814,36.3983,35.9337,35.4865,35.0556,34.6401,34.2389,33.8513,33.4765,33.1135,32.7618,32.4206,32.0892,31.7671,31.4538,31.1485,30.8509,30.5606,30.2769,29.9996,29.7282,29.4625,29.202,28.9466,28.6958,28.4496,28.2076,27.9696,27.7355,27.5051,27.2783,27.0548,26.8347,26.6178,26.404,26.1933,25.9855,25.7805,25.5785,25.3792,25.1827,24.9888,24.7976,24.6091,24.4231,24.2397,24.0589,23.8805,23.7046,23.5311,23.3601,23.1914,23.025,22.861,22.6992,22.5397,22.3824,22.2273,22.0742,21.9233,21.7743,21.6274,21.4824,21.3392,21.1979,21.0583,20.9204,
 ,-131,20.7359,20.8593,20.9831,21.1075,21.2324,21.3578,21.4839,21.6106,21.738,21.8662,21.9951,22.1249,22.2556,22.3872,22.5199,22.6537,22.7886,22.9247,23.0622,23.201,23.3412,23.483,23.6265,23.7716,23.9186,24.0675,24.2184,24.3714,24.5266,24.6842,24.8442,25.0068,25.1722,25.3403,25.5115,25.6857,25.8633,26.0442,26.2287,26.4169,26.6091,26.8053,27.0058,27.2107,27.4203,27.6347,27.8542,28.0789,28.3092,28.5453,28.7873,29.0356,29.2904,29.552,29.8207,30.0969,30.3807,30.6727,30.9731,31.2823,31.6007,31.9287,32.2667,32.6152,32.9746,33.3455,33.7284,34.1238,34.5324,34.9547,35.3914,35.8432,36.3108,36.7951,37.2967,37.8167,38.356,38.9155,39.4962,40.0994,40.7262,41.3779,42.0559,42.7617,43.4967,44.2628,45.0616,45.8952,46.7656,47.6752,48.6262,49.6213,50.6635,51.7557,52.9012,54.1037,55.3671,56.6956,58.0939,59.5671,61.1207,62.7609,64.4943,66.3282,68.2708,70.331,72.5187,74.8448,77.3215,79.9624,82.7825,85.799,89.0307,92.499,96.2281,100.245,104.582,109.272,114.358,119.884,125.905,132.481,139.685,147.599,156.32,165.964,176.665,188.583,201.911,216.878,233.761,252.897,274.699,299.672,328.442,361.789,400.69,446.375,500.4,564.741,641.904,735.051,848.122,985.88,1153.76,1357.21,1600.02,1880.87,2187.51,2489.9,2738.08,2873.98,2858.93,2697.61,2434.8,2128.57,1825.32,1551.24,1316.03,1119.71,957.998,825.361,716.467,626.706,552.291,490.191,438.011,393.861,356.253,324.01,296.196,272.066,251.018,232.567,216.317,201.946,189.187,177.817,167.651,158.535,150.336,142.939,136.247,130.174,124.643,119.585,114.94,110.652,106.673,102.961,99.4809,96.2051,93.1125,90.188,87.4213,84.8047,82.3327,79.9996,77.799,75.7233,73.7632,71.9077,70.1448,68.4616,66.8456,65.285,63.7697,62.2921,60.847,59.4321,58.0472,56.6941,55.3755,54.0949,52.8553,51.6595,50.5095,49.4065,48.3509,47.3424,46.3802,45.4629,44.5888,43.7562,42.9629,42.207,41.4864,40.799,40.143,39.5164,38.9174,38.3444,37.7958,37.27,36.7656,36.2813,35.8159,35.3681,34.937,34.5213,34.1203,33.733,33.3585,32.996,32.6448,32.3041,31.9733,31.6517,31.3388,31.0341,30.7369,30.4469,30.1635,29.8863,29.615,29.3493,29.0887,28.833,28.5819,28.3352,28.0926,27.8539,27.6191,27.3878,27.16,26.9356,26.7144,26.4963,26.2813,26.0693,25.8602,25.6539,25.4505,25.2499,25.052,24.8568,24.6642,24.4743,24.287,24.1022,23.92,23.7404,23.5632,23.3884,23.2162,23.0463,22.8787,22.7135,22.5506,22.39,22.2316,22.0754,21.9213,21.7693,21.6193,21.4714,21.3254,21.1812,21.0389,20.8983,20.7594,
 ,-132,20.5501,20.6726,20.7957,20.9193,21.0434,21.1682,21.2936,21.4196,21.5465,21.674,21.8025,21.9318,22.062,22.1932,22.3255,22.4589,22.5935,22.7293,22.8665,23.005,23.1451,23.2867,23.43,23.575,23.7219,23.8706,24.0215,24.1744,24.3296,24.4872,24.6472,24.8099,24.9752,25.1434,25.3146,25.489,25.6666,25.8476,26.0322,26.2205,26.4127,26.609,26.8096,27.0146,27.2243,27.4388,27.6584,27.8832,28.1136,28.3496,28.5917,28.84,29.0948,29.3564,29.6252,29.9013,30.1851,30.477,30.7773,31.0863,31.4046,31.7323,32.0701,32.4184,32.7776,33.1481,33.5307,33.9257,34.3338,34.7556,35.1918,35.643,36.11,36.5935,37.0944,37.6136,38.1519,38.7104,39.2901,39.8921,40.5176,41.1679,41.8444,42.5485,43.2818,44.0459,44.8426,45.6739,46.5419,47.4487,48.3968,49.3887,50.4273,51.5156,52.6569,53.8547,55.1129,56.4357,57.8278,59.294,60.8399,62.4715,64.1954,66.0187,67.9494,69.9962,72.1689,74.4782,76.9359,79.5552,82.3511,85.3398,88.5399,91.9722,95.6599,99.6296,103.911,108.538,113.55,118.991,124.912,131.37,138.436,146.186,154.712,164.123,174.544,186.124,199.041,213.504,229.768,248.136,268.976,292.737,319.965,351.33,387.66,429.974,479.529,537.875,606.906,688.902,786.53,902.747,1040.49,1201.99,1387.39,1592.53,1805.95,2006.5,2164.3,2248.32,2239.16,2139.09,1970.75,1765.8,1552.73,1350.77,1169.77,1012.89,879.449,767.027,672.641,593.372,526.622,470.185,422.234,381.28,346.112,315.751,289.403,266.424,246.286,228.561,212.892,198.987,186.603,175.535,165.612,156.689,148.642,141.365,134.764,128.761,123.282,118.266,113.655,109.4,105.458,101.789,98.3633,95.1537,92.1399,89.3059,86.6396,84.1311,81.7722,79.5551,77.4712,75.5107,73.6621,71.9124,70.247,68.6506,67.1081,65.6054,64.1312,62.677,61.2384,59.8146,58.4081,57.0238,55.6675,54.3456,53.0638,51.8266,50.6375,49.4986,48.4106,47.3735,46.3862,45.4472,44.5546,43.7061,42.8996,42.1325,41.4026,40.7077,40.0454,39.4137,38.8106,38.2344,37.6833,37.1556,36.6499,36.1648,35.6988,35.2509,34.8198,34.4045,34.004,33.6173,33.2434,32.8817,32.5313,32.1915,31.8615,31.5408,31.2287,30.9246,30.6281,30.3385,30.0556,29.7788,29.5077,29.242,28.9814,28.7255,28.4741,28.227,27.9838,27.7445,27.5088,27.2767,27.0479,26.8224,26.6,26.3807,26.1644,25.951,25.7405,25.5328,25.3279,25.1258,24.9264,24.7297,24.5357,24.3443,24.1555,23.9693,23.7857,23.6046,23.4261,23.25,23.0764,22.9053,22.7365,22.5701,22.406,22.2442,22.0847,21.9274,21.7722,21.6192,21.4682,21.3192,21.1722,21.0271,20.8838,20.7423,20.6025,
 ,-133,20.3677,20.4894,20.6116,20.7344,20.8579,20.9819,21.1066,21.2321,21.3583,21.4853,21.6132,21.742,21.8717,22.0025,22.1344,22.2674,22.4016,22.5371,22.674,22.8123,22.9521,23.0935,23.2365,23.3814,23.5281,23.6767,23.8274,23.9803,24.1354,24.2929,24.4529,24.6155,24.7808,24.949,25.1202,25.2945,25.4721,25.6532,25.8378,26.0261,26.2184,26.4147,26.6153,26.8203,27.03,27.2445,27.464,27.6889,27.9192,28.1552,28.3972,28.6454,28.9002,29.1617,29.4303,29.7062,29.9899,30.2815,30.5816,30.8904,31.2083,31.5357,31.8732,32.221,32.5797,32.9498,33.3318,33.7262,34.1337,34.5548,34.9902,35.4405,35.9066,36.3891,36.889,37.407,37.9441,38.5012,39.0795,39.6799,40.3037,40.9522,41.6267,42.3287,43.0596,43.8212,44.6152,45.4435,46.3083,47.2116,48.1559,49.1436,50.1777,51.2611,52.3969,53.5888,54.8405,56.1561,57.5403,58.9978,60.5341,62.155,63.867,65.6771,67.5931,69.6235,71.7778,74.0664,76.5009,79.0941,81.8604,84.8156,87.9777,91.3666,95.0049,98.9178,103.134,107.686,112.611,117.951,123.754,130.075,136.979,144.538,152.839,161.981,172.08,183.274,195.723,209.617,225.184,242.692,262.464,284.889,310.431,339.654,373.234,411.988,456.895,509.116,570.011,641.121,724.11,820.604,931.872,1058.24,1198.17,1346.97,1495.5,1629.6,1731.64,1784.78,1779.05,1715.58,1606.11,1468.03,1318.56,1170.92,1033.33,909.79,801.412,707.634,627.085,558.112,499.067,448.437,404.9,367.33,334.78,306.461,281.72,260.013,240.891,223.98,208.97,195.598,183.648,172.933,163.297,154.608,146.751,139.627,133.151,127.248,121.851,116.903,112.353,108.154,104.267,100.658,97.2975,94.1615,91.2302,88.4876,85.921,83.5197,81.2742,79.1751,77.2123,75.3743,73.6474,72.0158,70.4616,68.9657,67.5086,66.0727,64.6437,63.212,61.7737,60.3305,58.8885,57.4571,56.0467,54.6677,53.3292,52.038,50.7992,49.6156,48.4882,47.4169,46.4003,45.4365,44.523,43.6572,42.8362,42.0573,41.3177,40.6148,39.9462,39.3095,38.7026,38.1235,37.5702,37.041,36.5343,36.0487,35.5826,35.1349,34.7043,34.2897,33.89,33.5042,33.1315,32.7709,32.4217,32.083,31.7542,31.4345,31.1235,30.8204,30.5247,30.2359,29.9536,29.6773,29.4065,29.1411,28.8805,28.6245,28.3728,28.1253,27.8816,27.6416,27.4051,27.172,26.9421,26.7154,26.4918,26.2711,26.0534,25.8385,25.6265,25.4172,25.2108,25.007,24.806,24.6077,24.4121,24.2191,24.0287,23.841,23.6559,23.4733,23.2933,23.1158,22.9408,22.7683,22.5982,22.4306,22.2653,22.1023,21.9416,21.7832,21.6269,21.4728,21.3208,21.1708,21.0228,20.8768,20.7326,20.5901,20.4495,
 ,-134,20.1885,20.3094,20.4309,20.5529,20.6756,20.7989,20.923,21.0478,21.1734,21.2998,21.4272,21.5554,21.6847,21.815,21.9464,22.079,22.2129,22.348,22.4845,22.6225,22.7621,22.9032,23.046,23.1906,23.3371,23.4856,23.6362,23.7889,23.9439,24.1012,24.2611,24.4236,24.5889,24.757,24.9281,25.1024,25.2799,25.4609,25.6454,25.8337,26.0259,26.2222,26.4227,26.6277,26.8373,27.0517,27.2711,27.4958,27.726,27.9619,28.2038,28.4518,28.7063,28.9676,29.2359,29.5116,29.7949,30.0863,30.386,30.6943,31.0118,31.3388,31.6757,32.0229,32.381,32.7504,33.1317,33.5253,33.9319,34.3521,34.7865,35.2358,35.7007,36.182,36.6804,37.197,37.7325,38.288,38.8644,39.4628,40.0846,40.7308,41.4028,42.1021,42.8302,43.5887,44.3794,45.2041,46.0649,46.964,47.9036,48.8863,49.9149,50.9923,52.1216,53.3063,54.5501,55.8572,57.2318,58.6789,60.2037,61.8119,63.5098,65.3042,67.2028,69.2139,71.3465,73.6109,76.0182,78.5808,81.3126,84.2289,87.3469,90.6857,94.2668,98.1145,102.256,106.722,111.548,116.773,122.443,128.609,135.331,142.677,150.725,159.569,169.312,180.08,192.016,205.29,220.101,236.684,255.317,276.326,300.101,327.1,357.862,393.019,433.305,479.551,532.68,593.66,663.424,742.705,831.769,929.991,1035.29,1143.48,1247.8,1338.99,1406.57,1441.17,1437.45,1396.03,1323.19,1228.72,1123.05,1014.97,910.779,814.204,727.011,649.618,581.647,522.307,470.65,425.71,386.578,352.439,322.58,296.386,273.334,252.979,234.945,218.916,204.622,191.836,180.365,170.045,160.735,152.314,144.679,137.738,131.414,125.637,120.347,115.491,111.021,106.897,103.082,99.5458,96.2612,93.2062,90.3624,87.7146,85.2504,82.9592,80.8312,78.8567,77.0247,75.3222,73.7336,72.2396,70.8178,69.4432,68.0901,66.7346,65.3576,63.9472,62.4999,61.0213,59.5233,58.0219,56.5343,55.0767,53.6621,52.3006,50.9986,49.7596,48.5845,47.4727,46.4222,45.4302,44.4934,43.6085,42.772,41.9805,41.2308,40.52,39.8451,39.2036,38.593,38.0112,37.4561,36.9258,36.4186,35.9328,35.4671,35.02,34.5903,34.1768,33.7784,33.394,33.0228,32.6637,32.316,31.9789,31.6515,31.3333,31.0236,30.7217,30.4272,30.1394,29.8579,29.5822,29.312,29.0469,28.7864,28.5304,28.2785,28.0306,27.7863,27.5456,27.3082,27.0741,26.843,26.6151,26.39,26.1679,25.9486,25.7321,25.5184,25.3075,25.0992,24.8937,24.691,24.4909,24.2935,24.0988,23.9067,23.7173,23.5305,23.3464,23.1648,22.9858,22.8093,22.6354,22.464,22.2949,22.1284,21.9642,21.8023,21.6426,21.4853,21.3301,21.177,21.026,20.8771,20.7301,20.585,20.4417,20.3002,
 ,-135,20.0126,20.1326,20.2533,20.3746,20.4965,20.6192,20.7425,20.8667,20.9916,21.1175,21.2442,21.372,21.5007,21.6305,21.7615,21.8937,22.0271,22.1619,22.2981,22.4357,22.5749,22.7158,22.8583,23.0027,23.1489,23.2972,23.4475,23.6,23.7549,23.9121,24.0718,24.2341,24.3992,24.5672,24.7382,24.9124,25.0898,25.2706,25.4551,25.6432,25.8353,26.0314,26.2318,26.4366,26.6461,26.8603,27.0796,27.3041,27.534,27.7697,28.0113,28.259,28.5132,28.7742,29.0422,29.3174,29.6004,29.8912,30.1904,30.4982,30.8151,31.1415,31.4777,31.8242,32.1815,32.55,32.9303,33.323,33.7285,34.1476,34.5807,35.0287,35.4921,35.9719,36.4688,36.9836,37.5172,38.0706,38.6449,39.241,39.8602,40.5037,41.1728,41.869,42.5937,43.3485,44.1352,44.9557,45.8119,46.7059,47.6401,48.6169,49.6391,50.7094,51.8311,53.0075,54.2422,55.5392,56.9029,58.338,59.8494,61.4429,63.1246,64.901,66.7797,68.7685,70.8764,73.1132,75.4895,78.0175,80.7102,83.5825,86.6507,89.9332,93.4503,97.225,101.283,105.654,110.37,115.468,120.991,126.986,133.509,140.622,148.398,156.918,166.278,176.59,187.98,200.597,214.614,230.232,247.684,267.243,289.223,313.988,341.958,373.604,409.452,450.072,496.047,547.93,606.157,670.911,741.919,818.183,897.66,976.968,1051.27,1114.57,1160.51,1183.72,1181.22,1153.36,1103.64,1037.74,962.04,882.37,803.293,727.923,658.085,594.615,537.682,487.04,442.223,402.663,367.777,337,309.817,285.763,264.431,245.467,228.564,213.457,199.92,187.758,176.803,166.911,157.956,149.832,142.444,135.711,129.561,123.932,118.769,114.023,109.652,105.618,101.889,98.4371,95.2376,92.2708,89.5202,86.9721,84.6151,82.4398,80.437,78.5977,76.9111,75.3635,73.9373,72.6096,71.3517,70.1303,68.9097,67.656,66.3416,64.9505,63.4804,61.9423,60.3575,58.7529,57.1555,55.5895,54.0735,52.6207,51.239,49.9318,48.6995,47.5402,46.4507,45.4269,44.4644,43.5588,42.7057,41.9011,41.1412,40.4223,39.7413,39.0952,38.4814,37.8973,37.3408,36.8099,36.3026,35.8172,35.3523,34.9064,34.478,34.0661,33.6694,33.2869,32.9175,32.5604,32.2146,31.8794,31.5539,31.2375,30.9295,30.6291,30.3359,30.0494,29.7689,29.4941,29.2246,28.9599,28.6997,28.4437,28.1916,27.9433,27.6984,27.4569,27.2186,26.9833,26.751,26.5216,26.2951,26.0713,25.8503,25.632,25.4165,25.2036,24.9935,24.7861,24.5813,24.3793,24.18,23.9834,23.7895,23.5983,23.4097,23.2238,23.0406,22.86,22.6819,22.5065,22.3336,22.1632,21.9952,21.8297,21.6666,21.5058,21.3472,21.191,21.0368,20.8848,20.7349,20.587,20.441,20.2968,20.1545,
 ,-136,19.8397,19.9589,20.0788,20.1993,20.3205,20.4424,20.5651,20.6886,20.8129,20.9382,21.0644,21.1915,21.3197,21.4491,21.5796,21.7113,21.8443,21.9786,22.1144,22.2517,22.3906,22.5311,22.6733,22.8174,22.9634,23.1114,23.2614,23.4137,23.5683,23.7253,23.8848,24.047,24.2119,24.3797,24.5505,24.7244,24.9017,25.0823,25.2666,25.4545,25.6464,25.8423,26.0425,26.2471,26.4563,26.6703,26.8893,27.1135,27.3431,27.5784,27.8197,28.0671,28.3209,28.5814,28.8489,29.1236,29.406,29.6963,29.9948,30.302,30.6182,30.9437,31.2791,31.6247,31.981,32.3485,32.7278,33.1192,33.5235,33.9411,34.3728,34.8192,35.2811,35.759,36.254,36.7667,37.2981,37.8492,38.4209,39.0144,39.6307,40.271,40.9368,41.6293,42.3501,43.1007,43.8829,44.6985,45.5494,46.4376,47.3656,48.3357,49.3505,50.4129,51.5259,52.6927,53.9171,55.2028,56.554,57.9754,59.4719,61.0488,62.7122,64.4685,66.3247,68.2888,70.369,72.575,74.917,77.4064,80.0559,82.8796,85.893,89.1134,92.5602,96.2551,100.222,104.489,109.085,114.046,119.411,125.223,131.533,138.398,145.883,154.062,163.019,172.854,183.676,195.614,208.817,223.451,239.712,257.819,278.022,300.605,325.881,354.19,385.894,421.357,460.919,504.846,553.259,606.03,662.646,722.043,782.444,841.25,895.064,939.959,972.006,988.015,986.27,966.961,932.137,885.191,830.105,770.742,710.359,651.397,595.488,543.576,496.089,453.096,414.439,379.832,348.927,321.358,296.764,274.809,255.185,237.616,221.858,207.694,194.938,183.423,173.008,163.567,154.99,147.184,140.064,133.558,127.602,122.139,117.12,112.5,108.242,104.311,100.679,97.3203,94.2139,91.3422,88.6907,86.2478,84.0042,81.9523,80.0851,78.3953,76.8736,75.5072,74.2771,73.1562,72.1083,71.088,70.0441,68.9256,67.691,66.3166,64.8014,63.1665,61.4489,59.6923,57.939,56.2242,54.5735,53.0032,51.5218,50.1317,48.8315,47.6173,46.4836,45.4245,44.4341,43.5064,42.636,41.818,41.0477,40.321,39.6342,38.984,38.3673,37.7815,37.2241,36.693,36.1862,35.7018,35.2382,34.7939,34.3675,33.9576,33.5632,33.183,32.816,32.4613,32.1179,31.785,31.4618,31.1475,30.8415,30.543,30.2515,29.9665,29.6873,29.4136,29.1448,28.8807,28.6208,28.3649,28.1127,27.8639,27.6184,27.3761,27.1367,26.9002,26.6665,26.4355,26.2073,25.9817,25.7588,25.5385,25.3209,25.106,24.8937,24.6842,24.4773,24.2732,24.0718,23.8731,23.6771,23.4839,23.2935,23.1057,22.9207,22.7383,22.5586,22.3815,22.2071,22.0352,21.8658,21.6989,21.5345,21.3724,21.2127,21.0553,20.9001,20.7471,20.5962,20.4473,20.3004,20.1554,20.0123,
 ,-137,19.6697,19.7881,19.9072,20.0269,20.1474,20.2686,20.3906,20.5135,20.6372,20.7618,20.8874,21.014,21.1417,21.2705,21.4005,21.5317,21.6642,21.7982,21.9335,22.0704,22.2089,22.3491,22.491,22.6347,22.7804,22.928,23.0778,23.2298,23.3841,23.5409,23.7001,23.862,24.0267,24.1942,24.3648,24.5385,24.7155,24.8959,25.0799,25.2676,25.4592,25.6548,25.8547,26.059,26.2679,26.4815,26.7002,26.924,27.1533,27.3882,27.6289,27.8758,28.1292,28.3891,28.656,28.9302,29.2119,29.5015,29.7992,30.1056,30.4209,30.7455,31.0799,31.4245,31.7797,32.146,32.5239,32.914,33.3168,33.7329,34.1629,34.6075,35.0674,35.5433,36.0361,36.5465,37.0754,37.6238,38.1926,38.783,39.396,40.0328,40.6948,41.3832,42.0996,42.8455,43.6225,44.4326,45.2775,46.1593,47.0803,48.0428,49.0495,50.1029,51.2062,52.3625,53.5753,54.8484,56.1858,57.592,59.0719,60.6305,62.2737,64.0078,65.8394,67.7761,69.8261,71.9983,74.3027,76.7501,79.3526,82.1234,85.0774,88.2308,91.6019,95.2108,99.0803,103.236,107.705,112.52,117.717,123.336,129.422,136.027,143.209,151.033,159.575,168.92,179.163,190.414,202.796,216.449,231.531,248.217,266.7,287.194,309.927,335.133,363.049,393.889,427.82,464.924,505.136,548.175,593.455,639.994,686.334,730.525,770.185,802.712,825.619,836.95,835.676,821.913,796.901,762.734,721.959,677.159,630.644,584.272,539.403,496.936,457.388,420.989,387.769,357.624,330.374,305.797,283.657,263.717,245.752,229.554,214.931,201.712,189.743,178.888,169.026,160.051,151.869,144.396,137.56,131.297,125.549,120.266,115.403,110.922,106.787,102.97,99.4439,96.187,93.1807,90.41,87.8631,85.5311,83.4074,81.4875,79.7678,78.2447,76.9124,75.7608,74.7713,73.9137,73.1424,72.395,71.5959,70.6661,69.5391,68.177,66.5815,64.7913,62.8703,60.8901,58.916,56.9981,55.17,53.4501,51.8457,50.3564,48.9771,47.7003,46.5175,45.4201,44.3999,43.4492,42.5611,41.7296,40.9492,40.2151,39.523,38.8691,38.2502,37.6633,37.1057,36.5751,36.0693,35.5864,35.1248,34.6827,34.2588,33.8515,33.4599,33.0825,32.7185,32.3667,32.0262,31.6961,31.3756,31.0639,30.7602,30.464,30.1745,29.8912,29.6136,29.3411,29.0734,28.8099,28.5505,28.2947,28.0423,27.7932,27.547,27.3037,27.0631,26.8252,26.59,26.3572,26.1271,25.8994,25.6744,25.4519,25.232,25.0147,24.8001,24.5882,24.379,24.1725,23.9688,23.7679,23.5698,23.3744,23.1818,22.9921,22.8051,22.6208,22.4393,22.2605,22.0844,21.911,21.7401,21.5718,21.4059,21.2426,21.0817,20.9231,20.7668,20.6127,20.4608,20.311,20.1632,20.0174,19.8735,
 ,-138,19.5026,19.6202,19.7385,19.8575,19.9772,20.0977,20.219,20.3412,20.4642,20.5882,20.7132,20.8392,20.9664,21.0946,21.2241,21.3548,21.4869,21.6204,21.7553,21.8918,22.0298,22.1696,22.3111,22.4545,22.5998,22.7471,22.8966,23.0483,23.2023,23.3587,23.5176,23.6792,23.8436,24.0108,24.1811,24.3545,24.5312,24.7113,24.895,25.0823,25.2736,25.4689,25.6684,25.8723,26.0808,26.2941,26.5123,26.7356,26.9644,27.1988,27.439,27.6854,27.9381,28.1974,28.4636,28.737,29.0179,29.3067,29.6036,29.909,30.2233,30.5468,30.8801,31.2234,31.5773,31.9423,32.3187,32.7073,33.1084,33.5227,33.9509,34.3935,34.8512,35.3248,35.8151,36.3229,36.849,37.3944,37.9601,38.547,39.1563,39.7891,40.4469,41.1307,41.8422,42.5829,43.3543,44.1582,44.9965,45.8712,46.7845,47.7387,48.7363,49.7799,50.8725,52.0172,53.2173,54.4766,55.7989,57.1886,58.6502,60.189,61.8103,63.5201,65.325,67.2321,69.2494,71.3852,73.6491,76.0513,78.6033,81.3176,84.2081,87.2901,90.5807,94.0986,97.8648,101.903,106.238,110.901,115.923,121.341,127.195,133.532,140.403,147.865,155.985,164.835,174.496,185.062,196.633,209.324,223.26,238.577,255.423,273.954,294.328,316.701,341.214,367.975,397.041,428.377,461.822,497.036,533.45,570.213,606.168,639.861,669.613,693.672,710.421,718.624,717.644,707.558,689.146,663.746,633.023,598.734,562.52,525.777,489.597,454.769,421.81,391.017,362.519,336.329,312.377,290.545,270.689,252.65,236.269,221.394,207.879,195.589,184.402,174.206,164.902,156.401,148.621,141.492,134.951,128.941,123.412,118.319,113.623,109.29,105.289,101.593,98.1802,95.0311,92.1303,89.4656,87.028,84.8118,82.8141,81.0347,79.4751,78.1376,77.0228,76.1265,75.4347,74.9163,74.5161,74.1488,73.7011,73.0464,72.0726,70.716,68.9824,66.9433,64.7104,62.4016,60.1162,57.9239,55.8653,53.9583,52.2053,50.5996,49.1302,47.7839,46.5479,45.4099,44.3586,43.3845,42.4789,41.6343,40.8444,40.1035,39.4068,38.75,38.1296,37.5423,36.9852,36.4558,35.9518,35.4712,35.0121,34.5729,34.152,33.7481,33.3598,32.9859,32.6253,32.277,31.9399,31.6131,31.2958,30.9871,30.6863,30.3927,30.1056,29.8244,29.5486,29.2776,29.011,28.7484,28.4895,28.2339,27.9814,27.7317,27.4848,27.2404,26.9985,26.7591,26.522,26.2873,26.055,25.825,25.5976,25.3726,25.1501,24.9303,24.713,24.4985,24.2867,24.0776,23.8714,23.668,23.4674,23.2697,23.0749,22.8829,22.6938,22.5075,22.3241,22.1434,21.9656,21.7904,21.6179,21.4481,21.2809,21.1162,20.9539,20.7941,20.6367,20.4815,20.3286,20.1779,20.0292,19.8825,19.7378,
 ,-139,19.3382,19.455,19.5725,19.6907,19.8097,19.9295,20.0501,20.1716,20.294,20.4174,20.5418,20.6672,20.7937,20.9215,21.0504,21.1806,21.3122,21.4452,21.5796,21.7156,21.8533,21.9926,22.1337,22.2767,22.4216,22.5686,22.7176,22.8689,23.0226,23.1787,23.3373,23.4985,23.6625,23.8294,23.9993,24.1724,24.3487,24.5284,24.7117,24.8987,25.0896,25.2845,25.4835,25.687,25.895,26.1078,26.3255,26.5483,26.7765,27.0103,27.2499,27.4956,27.7475,28.0061,28.2715,28.5441,28.8241,29.1119,29.4078,29.7122,30.0253,30.3477,30.6796,31.0216,31.3741,31.7375,32.1123,32.4991,32.8984,33.3107,33.7367,34.1771,34.6325,35.1035,35.5911,36.096,36.619,37.1611,37.7232,38.3063,38.9116,39.5401,40.1932,40.8721,41.5782,42.3131,43.0783,43.8755,44.7067,45.5736,46.4785,47.4236,48.4113,49.4443,50.5253,51.6574,52.8438,54.0881,55.3941,56.7659,58.208,59.7252,61.323,63.0068,64.7831,66.6586,68.6408,70.7379,72.9587,75.3129,77.8114,80.466,83.2895,86.2963,89.5023,92.9249,96.5833,100.499,104.696,109.201,114.042,119.254,124.871,130.935,137.491,144.589,152.285,160.642,169.728,179.62,190.4,202.16,214.998,229.018,244.328,261.04,279.258,299.078,320.576,343.788,368.698,395.21,423.122,452.087,481.591,510.924,539.177,565.266,587.992,606.148,618.656,624.71,623.906,616.301,602.409,583.113,559.535,532.89,504.356,474.975,445.61,416.923,389.386,363.308,338.867,316.136,295.121,275.772,258.011,241.74,226.851,213.234,200.783,189.395,178.972,169.427,160.678,152.65,145.277,138.497,132.256,126.507,121.204,116.309,111.788,107.609,103.748,100.179,96.8848,93.8483,91.057,88.5016,86.1766,84.0799,82.2131,80.5814,79.1935,78.0599,77.1921,76.5971,76.2717,76.1906,76.2919,76.4626,76.5324,76.2931,75.5491,74.1862,72.2184,69.7801,67.069,64.2796,61.5606,59.0037,56.6521,54.5166,52.5887,50.8507,49.2815,47.8606,46.5686,45.3888,44.3065,43.3094,42.387,41.5302,40.7317,39.985,39.2847,38.6261,38.0051,37.4182,36.8624,36.335,35.8336,35.3559,34.9002,34.4646,34.0475,33.6475,33.2632,32.8935,32.537,32.1927,31.8596,31.5367,31.2231,30.9179,30.6205,30.3299,30.0456,29.7668,29.4931,29.2239,28.9586,28.697,28.4387,28.1833,27.9306,27.6804,27.4326,27.187,26.9436,26.7023,26.4632,26.2262,25.9915,25.7589,25.5288,25.301,25.0756,24.8528,24.6327,24.4152,24.2005,23.9886,23.7795,23.5734,23.3702,23.1699,22.9726,22.7782,22.5868,22.3984,22.2128,22.0302,21.8504,21.6735,21.4994,21.3279,21.1592,20.993,20.8295,20.6684,20.5098,20.3535,20.1996,20.0479,19.8983,19.7508,19.6053,
 ,-140,19.1765,19.2925,19.4092,19.5267,19.6449,19.764,19.8839,20.0047,20.1265,20.2492,20.3729,20.4978,20.6237,20.7509,20.8793,21.0089,21.14,21.2725,21.4064,21.542,21.6791,21.818,21.9587,22.1012,22.2457,22.3922,22.5409,22.6918,22.845,23.0007,23.1589,23.3198,23.4834,23.6499,23.8194,23.992,24.1679,24.3472,24.5301,24.7166,24.907,25.1014,25.3,25.5029,25.7104,25.9226,26.1397,26.3619,26.5895,26.8226,27.0615,27.3064,27.5575,27.8153,28.0798,28.3514,28.6304,28.9172,29.2119,29.5151,29.827,30.148,30.4785,30.819,31.1699,31.5316,31.9046,32.2894,32.6867,33.0969,33.5206,33.9585,34.4112,34.8796,35.3642,35.8659,36.3855,36.924,37.4822,38.0612,38.6621,39.2859,39.934,40.6074,41.3078,42.0364,42.7949,43.5849,44.4082,45.2668,46.1626,47.0979,48.075,49.0965,50.1651,51.2836,52.4553,53.6836,54.9721,56.3248,57.746,59.2404,60.813,62.4693,64.2152,66.0572,68.0025,70.0586,72.2339,74.5378,76.9802,79.5721,82.3258,85.2543,88.3725,91.6962,95.2434,99.0335,103.088,107.431,112.089,117.09,122.468,128.257,134.498,141.233,148.51,156.381,164.904,174.141,184.159,195.03,206.828,219.632,233.52,248.566,264.836,282.384,301.238,321.391,342.785,365.297,388.711,412.708,436.839,460.523,483.045,503.588,521.276,535.257,544.786,549.323,548.607,542.69,531.928,516.931,498.48,477.434,454.649,430.907,406.881,383.113,360.014,337.875,316.885,297.154,278.726,261.599,245.739,231.092,217.589,205.156,193.716,183.191,173.508,164.596,156.391,148.832,141.862,135.432,129.494,124.008,118.936,114.244,109.902,105.883,102.166,98.7289,95.5565,92.6354,89.9559,87.5118,85.3009,83.3252,81.5917,80.1122,78.9039,77.9896,77.3957,77.1483,77.2652,77.7395,78.5138,79.4468,80.2876,80.6908,80.3048,78.9155,76.5537,73.4762,70.0376,66.5562,63.2466,60.2186,57.5069,55.1025,52.9766,51.0936,49.4187,47.9205,46.5722,45.3513,44.2392,43.2206,42.2828,41.4154,40.6097,39.8586,39.1559,38.4965,37.876,37.2907,36.7372,36.2127,35.7146,35.2408,34.7891,34.3579,33.9454,33.5501,33.1705,32.8055,32.4538,32.1143,31.7858,31.4674,31.1582,30.8571,30.5635,30.2764,29.9953,29.7194,29.4481,29.1809,28.9173,28.6568,28.3991,28.144,27.8911,27.6402,27.3914,27.1444,26.8992,26.6559,26.4144,26.1748,25.9372,25.7018,25.4685,25.2375,25.0089,24.7829,24.5594,24.3387,24.1207,23.9056,23.6935,23.4843,23.2781,23.075,22.875,22.6781,22.4842,22.2934,22.1056,21.9208,21.7391,21.5602,21.3843,21.2111,21.0408,20.8732,20.7082,20.5458,20.386,20.2286,20.0736,19.9209,19.7704,19.622,19.4758,
 ,-141,19.0174,19.1326,19.2485,19.3652,19.4827,19.6011,19.7203,19.8404,19.9614,20.0835,20.2066,20.3308,20.4562,20.5828,20.7106,20.8397,20.9702,21.1022,21.2356,21.3706,21.5073,21.6457,21.7859,21.928,22.072,22.2181,22.3663,22.5168,22.6696,22.8248,22.9826,23.143,23.3061,23.4722,23.6412,23.8134,23.9888,24.1676,24.35,24.536,24.7259,24.9198,25.1178,25.3201,25.527,25.7385,25.955,26.1765,26.4033,26.6356,26.8737,27.1177,27.368,27.6248,27.8883,28.1589,28.4368,28.7224,29.0159,29.3178,29.6283,29.9478,30.2768,30.6156,30.9647,31.3246,31.6956,32.0784,32.4734,32.8812,33.3024,33.7377,34.1876,34.6529,35.1343,35.6325,36.1485,36.6831,37.2372,37.8118,38.4079,39.0266,39.6692,40.3369,41.031,41.7529,42.5042,43.2865,44.1015,44.951,45.8372,46.762,47.7278,48.7371,49.7923,50.8965,52.0526,53.2638,54.5338,55.8663,57.2654,58.7357,60.2818,61.909,63.623,65.4299,67.3364,69.3496,71.4776,73.729,76.113,78.6401,81.3214,84.1691,87.1968,90.4192,93.8524,97.5141,101.424,105.603,110.075,114.866,120.004,125.52,131.447,137.823,144.689,152.087,160.065,168.673,177.964,187.993,198.818,210.494,223.076,236.611,251.138,266.68,283.236,300.773,319.214,338.427,358.207,378.269,398.234,417.626,435.88,452.365,466.421,477.418,484.822,488.258,487.556,482.774,474.182,462.226,447.473,430.547,412.081,392.666,372.823,352.989,333.509,314.644,296.577,279.426,263.259,248.102,233.952,220.784,208.558,197.226,186.735,177.029,168.053,159.753,152.076,144.974,138.403,132.318,126.683,121.461,116.621,112.133,107.973,104.117,100.546,97.2432,94.1947,91.3904,88.8233,86.4904,84.3929,82.5374,80.9361,79.6085,78.5825,77.8951,77.5933,77.7312,78.3617,79.5169,81.1676,83.1589,85.1374,86.5366,86.7171,85.2679,82.254,78.1704,73.6518,69.2066,65.125,61.5167,58.3837,55.679,53.3404,51.3071,49.5257,47.952,46.55,45.2909,44.1518,43.1143,42.1636,41.2877,40.4769,39.723,39.0195,38.3608,37.742,37.1593,36.6092,36.0886,35.5949,35.1258,34.6791,34.2531,33.8459,33.4561,33.0821,32.7227,32.3765,32.0425,31.7193,31.4061,31.1018,30.8055,30.5163,30.2334,29.9559,29.6833,29.4148,29.1499,28.8881,28.6289,28.372,28.1171,27.8639,27.6123,27.3622,27.1136,26.8663,26.6206,26.3764,26.1338,25.893,25.6542,25.4173,25.1827,24.9505,24.7207,24.4935,24.2691,24.0475,23.8289,23.6133,23.4008,23.1915,22.9853,22.7823,22.5825,22.3859,22.1926,22.0024,21.8153,21.6314,21.4505,21.2726,21.0977,20.9257,20.7565,20.5901,20.4263,20.2652,20.1066,19.9505,19.7968,19.6454,19.4962,19.3491,
 ,-142,18.8608,18.9752,19.0903,19.2063,19.323,19.4406,19.5591,19.6785,19.7989,19.9203,20.0428,20.1664,20.2911,20.4171,20.5443,20.6729,20.8028,20.9342,21.0671,21.2016,21.3378,21.4756,21.6153,21.7569,21.9004,22.046,22.1938,22.3438,22.4961,22.6508,22.8081,22.968,23.1307,23.2962,23.4648,23.6364,23.8113,23.9896,24.1714,24.3569,24.5462,24.7394,24.9368,25.1385,25.3447,25.5555,25.7712,25.992,26.218,26.4494,26.6866,26.9297,27.179,27.4348,27.6972,27.9666,28.2433,28.5276,28.8198,29.1202,29.4292,29.7471,30.0744,30.4114,30.7586,31.1164,31.4854,31.8659,32.2585,32.6638,33.0823,33.5146,33.9615,34.4235,34.9015,35.3961,35.9082,36.4386,36.9882,37.5581,38.1491,38.7624,39.3992,40.0607,40.7481,41.4629,42.2065,42.9805,43.7867,44.6267,45.5026,46.4163,47.3701,48.3664,49.4077,50.4967,51.6362,52.8296,54.0801,55.3913,56.7673,58.2122,59.7306,61.3275,63.0081,64.7784,66.6446,68.6134,70.6924,72.8894,75.2134,77.6736,80.2806,83.0457,85.981,89.1001,92.4176,95.9495,99.7132,103.728,108.014,112.595,117.494,122.74,128.359,134.385,140.851,147.792,155.246,163.254,171.858,181.098,191.017,201.656,213.048,225.225,238.203,251.987,266.558,281.871,297.844,314.35,331.205,348.165,364.914,381.062,396.155,409.686,421.132,429.998,435.871,438.478,437.716,433.661,426.544,416.722,404.63,390.738,375.523,359.431,342.868,326.178,309.646,293.495,277.89,262.95,248.748,235.327,222.703,210.87,199.81,189.495,179.889,170.953,162.647,154.93,147.762,141.105,134.921,129.176,123.838,118.878,114.269,109.987,106.009,102.316,98.8927,95.7242,92.7999,90.1119,87.6561,85.4325,83.4455,81.7059,80.2317,79.0501,78.2001,77.7354,77.7274,78.266,79.455,81.3922,84.1157,87.4968,91.0789,93.9687,95.0256,93.4649,89.4195,83.8285,77.7962,72.0935,67.0718,62.7992,59.2094,56.1936,53.6433,51.4653,49.5845,47.9422,46.4928,45.2011,44.0397,42.9873,42.027,41.1454,40.3318,39.5773,38.8747,38.2182,37.6027,37.0239,36.4783,35.9628,35.4744,35.011,34.5703,34.1504,33.7495,33.366,32.9985,32.6455,32.3057,31.9779,31.6609,31.3537,31.0551,30.7642,30.4801,30.2018,29.9287,29.6598,29.3945,29.1322,28.8725,28.6147,28.3587,28.104,27.8505,27.5979,27.3464,27.0958,26.8461,26.5975,26.3501,26.1041,25.8596,25.6168,25.376,25.1372,24.9008,24.6668,24.4355,24.2069,23.9813,23.7588,23.5393,23.3231,23.1102,22.9006,22.6944,22.4915,22.2921,22.0959,21.9031,21.7136,21.5273,21.3443,21.1644,20.9875,20.8138,20.6429,20.4749,20.3098,20.1473,19.9875,19.8303,19.6755,19.5231,19.3731,19.2252,
 ,-143,18.7065,18.8201,18.9345,19.0497,19.1657,19.2826,19.4003,19.5191,19.6388,19.7595,19.8813,20.0043,20.1284,20.2537,20.3803,20.5083,20.6377,20.7685,20.9008,21.0348,21.1704,21.3077,21.4469,21.5879,21.7309,21.876,22.0232,22.1727,22.3245,22.4787,22.6355,22.7949,22.957,23.122,23.29,23.4611,23.6354,23.8131,23.9943,24.1791,24.3678,24.5604,24.757,24.958,25.1634,25.3735,25.5884,25.8083,26.0334,26.2639,26.5002,26.7422,26.9904,27.2451,27.5063,27.7745,28.0499,28.3327,28.6234,28.9223,29.2297,29.5459,29.8713,30.2064,30.5516,30.9073,31.2739,31.652,32.042,32.4446,32.8602,33.2895,33.7331,34.1917,34.666,35.1567,35.6646,36.1906,36.7355,37.3002,37.8859,38.4934,39.1241,39.7789,40.4593,41.1665,41.9021,42.6674,43.4642,44.2942,45.1592,46.0613,47.0025,47.9852,49.0117,50.0848,51.2071,52.3817,53.6118,54.9008,56.2526,57.6712,59.1608,60.7262,62.3724,64.1048,65.9294,67.8524,69.8809,72.0222,74.2845,76.6766,79.2079,81.8888,84.7305,87.7452,90.9461,94.3475,97.965,101.815,105.917,110.29,114.954,119.934,125.254,130.939,137.019,143.521,150.477,157.917,165.875,174.38,183.464,193.154,203.471,214.431,226.04,238.29,251.155,264.586,278.504,292.797,307.309,321.837,336.123,349.848,362.638,374.064,383.678,391.046,395.817,397.773,396.864,393.204,387.03,378.661,368.457,356.786,344.013,330.477,316.487,302.312,288.18,274.275,260.742,247.688,235.187,223.289,212.019,201.386,191.385,182.001,173.214,164.997,157.322,150.158,143.476,137.245,131.436,126.022,120.975,116.273,111.892,107.812,104.016,100.486,97.2091,94.1743,91.3729,88.7995,86.4525,84.3341,82.4522,80.8212,79.4642,78.4156,77.7251,77.4628,77.7255,78.6427,80.3795,83.122,87.0201,92.035,97.6483,102.556,104.849,103.114,97.6043,89.9904,82.0659,74.9042,68.8652,63.9164,59.885,56.5814,53.8424,51.5397,49.5759,47.878,46.3916,45.0754,43.8982,42.8361,41.8705,40.9867,40.1732,39.4204,38.7209,38.0684,37.4577,36.8843,36.3445,35.8351,35.3533,34.8967,34.4629,34.0501,33.6564,33.2803,32.9201,32.5744,32.2419,31.9213,31.6114,31.311,31.019,30.7344,30.4561,30.1832,29.9149,29.6503,29.3887,29.1295,28.8721,28.616,28.3608,28.1063,27.8523,27.5987,27.3453,27.0923,26.8398,26.5879,26.3368,26.0867,25.8379,25.5906,25.3451,25.1016,24.8604,24.6217,24.3856,24.1524,23.9223,23.6954,23.4717,23.2514,23.0346,22.8213,22.6115,22.4053,22.2026,22.0034,21.8078,21.6156,21.4269,21.2415,21.0594,20.8806,20.7049,20.5323,20.3627,20.1961,20.0323,19.8712,19.7128,19.5569,19.4036,19.2526,19.104,
 ,-144,18.5546,18.6675,18.7811,18.8955,19.0107,19.1268,19.2439,19.3619,19.4809,19.601,19.7221,19.8444,19.9679,20.0926,20.2186,20.346,20.4747,20.6049,20.7367,20.8701,21.0051,21.1419,21.2805,21.421,21.5634,21.708,21.8546,22.0035,22.1548,22.3084,22.4646,22.6234,22.785,22.9494,23.1168,23.2873,23.461,23.638,23.8186,24.0027,24.1906,24.3825,24.5784,24.7786,24.9832,25.1925,25.4065,25.6254,25.8496,26.0791,26.3143,26.5553,26.8023,27.0557,27.3157,27.5825,27.8564,28.1378,28.427,28.7242,29.0298,29.3441,29.6677,30.0007,30.3437,30.6971,31.0612,31.4368,31.8241,32.2237,32.6363,33.0623,33.5024,33.9574,34.4277,34.9143,35.4178,35.9391,36.479,37.0384,37.6184,38.2199,38.844,39.4919,40.1649,40.8642,41.5912,42.3474,43.1344,43.9538,44.8075,45.6974,46.6254,47.5939,48.6051,49.6615,50.7658,51.9209,53.1298,54.3959,55.7227,57.114,58.5739,60.1068,61.7174,63.4109,65.1928,67.069,69.0458,71.1304,73.33,75.6527,78.1074,80.7033,83.4507,86.3605,89.4445,92.7157,96.1877,99.8753,103.795,107.963,112.397,117.119,122.147,127.504,133.213,139.297,145.78,152.687,160.042,167.867,176.184,185.01,194.358,204.235,214.639,225.555,236.956,248.796,261.006,273.494,286.136,298.77,311.193,323.149,334.318,344.319,352.723,359.098,363.088,364.5,363.336,359.777,354.109,346.66,337.751,327.685,316.74,305.168,293.201,281.041,268.864,256.82,245.028,233.582,222.551,211.984,201.912,192.351,183.305,174.771,166.738,159.188,152.102,145.46,139.239,133.415,127.967,122.871,118.108,113.657,109.499,105.619,102.001,98.6315,95.4996,92.5964,89.9156,87.4537,85.2112,83.1926,81.4081,79.8752,78.6209,77.6855,77.1273,77.0296,77.5106,78.7352,80.9256,84.3591,89.3162,95.897,103.594,110.706,114.405,112.463,105.294,95.5032,85.672,77.137,70.1987,64.6834,60.2988,56.7738,53.8949,51.503,49.482,47.7478,46.2384,44.9084,43.7236,42.6582,41.6923,40.8103,40,39.2518,38.5576,37.9111,37.3068,36.7403,36.2078,35.7058,35.2317,34.7829,34.3572,33.9526,33.5672,33.1994,32.8476,32.5103,32.1861,31.8737,31.5719,31.2793,30.9948,30.7173,30.4457,30.1791,29.9163,29.6567,29.3994,29.1436,28.8888,28.6345,28.3803,28.126,27.8713,27.6162,27.3607,27.1049,26.849,26.5931,26.3376,26.0828,25.829,25.5765,25.3256,25.0767,24.83,24.5859,24.3445,24.1061,23.8709,23.639,23.4106,23.1858,22.9647,22.7472,22.5336,22.3236,22.1175,21.9151,21.7164,21.5214,21.33,21.1421,20.9578,20.7768,20.5991,20.4247,20.2534,20.0852,19.9199,19.7575,19.5979,19.4409,19.2866,19.1347,18.9852,
 ,-145,18.405,18.517,18.6299,18.7435,18.858,18.9734,19.0897,19.207,19.3253,19.4447,19.5652,19.6868,19.8096,19.9337,20.059,20.1858,20.3139,20.4435,20.5747,20.7074,20.8419,20.9781,21.1161,21.256,21.3979,21.5418,21.6879,21.8362,21.9868,22.1399,22.2955,22.4537,22.6146,22.7784,22.9452,23.115,23.288,23.4644,23.6442,23.8276,24.0148,24.2058,24.401,24.6003,24.8041,25.0124,25.2254,25.4434,25.6665,25.895,26.129,26.3688,26.6146,26.8667,27.1253,27.3906,27.6631,27.9429,28.2303,28.5258,28.8295,29.1419,29.4633,29.7942,30.1349,30.4858,30.8474,31.2202,31.6046,32.0012,32.4105,32.8331,33.2696,33.7206,34.1869,34.6691,35.1679,35.6843,36.2189,36.7728,37.3467,37.9419,38.5592,39.1999,39.8651,40.556,41.2741,42.0208,42.7975,43.606,44.4478,45.325,46.2393,47.193,48.1883,49.2275,50.3132,51.4481,52.6352,53.8775,55.1785,56.5418,57.9711,59.4707,61.0449,62.6987,64.437,66.2654,68.1898,70.2167,72.3529,74.6057,76.9831,79.4937,82.1465,84.9515,87.9193,91.0611,94.3891,97.9163,101.657,105.624,109.836,114.306,119.054,124.096,129.452,135.139,141.177,147.584,154.379,161.576,169.192,177.235,185.713,194.628,203.971,213.728,223.874,234.368,245.158,256.173,267.323,278.49,289.525,300.228,310.33,319.469,327.189,332.993,336.46,337.38,335.824,332.084,326.549,319.592,311.523,302.593,293.009,282.95,272.578,262.038,251.462,240.962,230.635,220.56,210.796,201.391,192.376,183.771,175.586,167.824,160.48,153.546,147.009,140.856,135.069,129.632,124.528,119.738,115.248,111.04,107.1,103.415,99.9713,96.7589,93.7688,90.9941,88.4303,86.0758,83.9324,82.0065,80.31,78.8623,77.6929,76.8454,76.3829,76.3965,77.0167,78.4289,80.8906,84.7374,90.3402,97.9098,106.983,115.618,120.322,118.237,109.908,98.649,87.5915,78.217,70.7546,64.9237,60.3504,56.7125,53.7658,51.3336,49.2894,47.5425,46.0275,44.6963,43.5133,42.4517,41.491,40.6152,39.8118,39.071,38.3846,37.7461,37.1501,36.592,36.0681,35.575,35.1098,34.6701,34.2536,33.8583,33.4823,33.124,32.7817,32.4539,32.1392,31.8361,31.5434,31.2598,30.9839,30.7146,30.4508,30.1912,29.9349,29.681,29.4284,29.1766,28.9248,28.6726,28.4194,28.1651,27.9096,27.6527,27.3945,27.1353,26.8753,26.6147,26.3541,26.0937,25.834,25.5755,25.3184,25.0632,24.8103,24.56,24.3125,24.0682,23.8273,23.59,23.3563,23.1265,22.9006,22.6786,22.4607,22.2468,22.0369,21.8309,21.629,21.4309,21.2366,21.0461,20.8593,20.676,20.4963,20.3199,20.1468,19.9769,19.8102,19.6464,19.4855,19.3274,19.172,19.0192,18.8689,
 ,-146,18.2576,18.3688,18.4808,18.5937,18.7075,18.8221,18.9377,19.0543,19.1719,19.2906,19.4103,19.5313,19.6534,19.7768,19.9015,20.0276,20.1551,20.2841,20.4147,20.5468,20.6806,20.8162,20.9536,21.0929,21.2342,21.3775,21.5229,21.6706,21.8207,21.9731,22.128,22.2856,22.4459,22.609,22.775,22.9441,23.1164,23.292,23.4711,23.6537,23.8401,24.0303,24.2246,24.423,24.6258,24.8332,25.0452,25.2621,25.4841,25.7114,25.9442,26.1828,26.4273,26.6779,26.9351,27.1989,27.4698,27.7479,28.0335,28.3271,28.6289,28.9392,29.2584,29.587,29.9252,30.2735,30.6324,31.0023,31.3837,31.7771,32.183,32.6019,33.0346,33.4816,33.9435,34.4212,34.9152,35.4263,35.9554,36.5034,37.0712,37.6597,38.2699,38.903,39.5601,40.2424,40.9513,41.688,42.4541,43.2511,44.0807,44.9447,45.8449,46.7833,47.7621,48.7835,49.85,50.9642,52.1288,53.3468,54.6213,55.9559,57.354,58.8195,60.3567,61.97,63.664,65.444,67.3155,69.2842,71.3564,73.539,75.839,78.2642,80.8229,83.5237,86.3762,89.3903,92.5767,95.9465,99.5118,103.285,107.279,111.508,115.986,120.728,125.748,131.061,136.681,142.623,148.898,155.519,162.495,169.831,177.529,185.588,193.999,202.749,211.815,221.168,230.77,240.576,250.527,260.555,270.562,280.41,289.876,298.607,306.088,311.688,314.841,315.286,313.184,309.004,303.291,296.496,288.929,280.792,272.225,263.339,254.236,245.009,235.749,226.537,217.447,208.542,199.873,191.482,183.398,175.643,168.231,161.167,154.453,148.085,142.057,136.36,130.981,125.909,121.132,116.635,112.406,108.433,104.704,101.207,97.9331,94.8735,92.0212,89.371,86.9199,84.6678,82.6175,80.7765,79.1574,77.7805,76.676,75.8877,75.4794,75.5421,76.2062,77.6566,80.1496,84.0187,89.6314,97.1946,106.244,114.849,119.543,117.49,109.231,98.0549,87.0694,77.75,70.3288,64.5292,59.981,56.3641,53.4357,51.0199,48.9906,47.2577,45.7557,44.437,43.2659,42.2157,41.2661,40.4011,39.6083,38.8778,38.2016,37.5733,36.9874,36.4395,35.9257,35.4428,34.9879,34.5585,34.1525,33.7677,33.4023,33.0547,32.7231,32.4061,32.1021,31.8096,31.5274,31.254,30.988,30.7281,30.4731,30.2217,29.9729,29.7255,29.4785,29.2312,28.9828,28.7328,28.4808,28.2264,27.9696,27.7104,27.449,27.1857,26.9207,26.6546,26.3879,26.1209,25.8544,25.5887,25.3245,25.0621,24.802,24.5446,24.2903,24.0394,23.792,23.5485,23.309,23.0736,22.8424,22.6155,22.3929,22.1746,21.9606,21.7509,21.5454,21.344,21.1467,20.9533,20.7639,20.5782,20.3962,20.2178,20.0429,19.8713,19.703,19.5378,19.3756,19.2163,19.0598,18.9061,18.7549,
 ,-147,18.1123,18.2227,18.334,18.4461,18.5591,18.6729,18.7878,18.9037,19.0206,19.1385,19.2576,19.3779,19.4993,19.622,19.7461,19.8715,19.9984,20.1267,20.2566,20.3881,20.5213,20.6562,20.793,20.9316,21.0723,21.2149,21.3597,21.5068,21.6561,21.8079,21.9622,22.119,22.2786,22.441,22.6063,22.7747,22.9462,23.1211,23.2993,23.4811,23.6666,23.8559,24.0493,24.2467,24.4485,24.6548,24.8658,25.0816,25.3024,25.5285,25.76,25.9972,26.2403,26.4895,26.7451,27.0073,27.2765,27.5528,27.8366,28.1282,28.4279,28.736,29.0529,29.379,29.7147,30.0603,30.4164,30.7832,31.1614,31.5514,31.9537,32.3689,32.7976,33.2404,33.6978,34.1706,34.6596,35.1653,35.6887,36.2306,36.7919,37.3735,37.9763,38.6016,39.2503,39.9236,40.6228,41.3493,42.1044,42.8896,43.7066,44.557,45.4425,46.3653,47.3271,48.3303,49.3771,50.47,51.6116,52.8047,54.0522,55.3575,56.7238,58.1548,59.6544,61.2266,62.876,64.6072,66.4252,68.3355,70.3437,72.4559,74.6787,77.019,79.4842,82.082,84.8209,87.7094,90.7569,93.9732,97.3683,100.953,104.738,108.735,112.956,117.411,122.114,127.074,132.304,137.812,143.609,149.701,156.094,162.791,169.791,177.089,184.68,192.549,200.682,209.059,217.658,226.456,235.429,244.549,253.777,263.035,272.155,280.793,288.355,294.027,297.026,297.003,294.238,289.437,283.346,276.507,269.228,261.657,253.87,245.915,237.838,229.688,221.52,213.39,205.349,197.447,189.725,182.219,174.956,167.957,161.237,154.804,148.664,142.816,137.257,131.983,126.986,122.258,117.789,113.571,109.592,105.844,102.317,99.0021,95.8923,92.9805,90.2614,87.7311,85.3881,83.2328,81.2691,79.5046,77.9522,76.6316,75.5717,74.8142,74.4185,74.4683,75.0817,76.4221,78.7091,82.2147,87.2112,93.7903,101.444,108.5,112.19,110.339,103.353,93.777,84.137,75.7529,68.93,63.5049,59.1935,55.7305,52.9058,50.5626,48.5864,46.8937,45.4236,44.1308,42.9816,41.9505,41.0177,40.1681,39.3895,38.6724,38.009,37.393,36.8191,36.283,35.7809,35.3095,34.8663,34.4486,34.0542,33.6813,33.3278,32.9922,32.6727,32.3678,32.076,31.7956,31.5253,31.2635,31.0089,30.7598,30.515,30.2732,30.0329,29.793,29.5525,29.3104,29.0659,28.8184,28.5674,28.3128,28.0544,27.7924,27.527,27.2586,26.9877,26.7149,26.4408,26.1662,25.8915,25.6176,25.345,25.0743,24.806,24.5406,24.2784,24.0199,23.7654,23.515,23.2689,23.0274,22.7904,22.558,22.3303,22.1073,21.8888,21.675,21.4656,21.2607,21.0601,20.8638,20.6716,20.4833,20.299,20.1184,19.9415,19.7682,19.5982,19.4315,19.268,19.1075,18.9499,18.7951,18.6431,
 ,-148,17.969,18.0787,18.1891,18.3005,18.4127,18.5258,18.64,18.7551,18.8712,18.9885,19.1069,19.2264,19.3472,19.4692,19.5926,19.7174,19.8435,19.9712,20.1004,20.2313,20.3638,20.4981,20.6342,20.7721,20.9121,21.0541,21.1982,21.3446,21.4933,21.6443,21.7979,21.954,22.1129,22.2745,22.439,22.6066,22.7773,22.9513,23.1287,23.3096,23.4942,23.6826,23.875,24.0714,24.2722,24.4773,24.6872,24.9018,25.1214,25.3461,25.5763,25.8121,26.0537,26.3014,26.5553,26.8159,27.0832,27.3576,27.6395,27.929,28.2265,28.5323,28.8469,29.1704,29.5034,29.8462,30.1993,30.563,30.9378,31.3243,31.7229,32.1342,32.5587,32.997,33.4498,33.9176,34.4013,34.9015,35.4189,35.9545,36.509,37.0834,37.6787,38.2958,38.9358,39.5999,40.2892,41.0051,41.7489,42.522,43.3259,44.1623,45.0329,45.9395,46.884,47.8685,48.8952,49.9663,51.0845,52.2522,53.4724,54.7479,56.082,57.478,58.9396,60.4705,62.0749,63.757,65.5215,67.3733,69.3175,71.3598,73.5059,75.7621,78.1349,80.6312,83.2583,86.0239,88.9359,92.0028,95.2331,98.6357,102.22,105.995,109.97,114.155,118.558,123.188,128.053,133.16,138.516,144.124,149.987,156.106,162.478,169.1,175.965,183.062,190.383,197.916,205.653,213.592,221.735,230.094,238.677,247.465,256.343,264.989,272.738,278.586,281.514,281.067,277.655,272.235,265.755,258.834,251.766,244.651,237.502,230.314,223.088,215.839,208.591,201.376,194.232,187.194,180.294,173.562,167.023,160.697,154.597,148.734,143.115,137.742,132.616,127.734,123.093,118.687,114.51,110.554,106.813,103.28,99.9464,96.8067,93.8547,91.0852,88.4941,86.0789,83.8386,81.7746,79.8908,78.1949,76.699,75.4211,74.3875,73.6352,73.2158,73.2002,73.6853,74.7995,76.7043,79.5804,83.5697,88.6262,94.2362,99.1289,101.458,99.8649,94.5955,87.2596,79.5924,72.6442,66.7767,61.9669,58.0516,54.848,52.1975,49.975,48.0851,46.4562,45.0347,43.7803,42.6624,41.6573,40.747,39.917,39.1562,38.4554,37.8072,37.2056,36.6455,36.1228,35.6339,35.1756,34.7453,34.3406,33.9594,33.5996,33.2595,32.9374,32.6315,32.3403,32.0621,31.7955,31.5388,31.2904,31.0487,30.8121,30.5792,30.3483,30.118,29.887,29.6539,29.4178,29.1777,28.933,28.6832,28.428,28.1675,27.9019,27.6315,27.3569,27.0789,26.798,26.5152,26.2313,25.9472,25.6636,25.3812,25.1009,24.8231,24.5485,24.2775,24.0105,23.7478,23.4897,23.2363,22.9879,22.7445,22.5062,22.2729,22.0447,21.8214,21.6031,21.3897,21.181,20.9769,20.7773,20.5821,20.3912,20.2044,20.0216,19.8426,19.6674,19.4957,19.3275,19.1625,19.0008,18.8421,18.6863,18.5334,
 ,-149,17.8277,17.9366,18.0463,18.1569,18.2683,18.3807,18.4941,18.6085,18.7239,18.8404,18.9581,19.0769,19.197,19.3183,19.441,19.5651,19.6906,19.8176,19.9461,20.0762,20.2081,20.3417,20.4771,20.6144,20.7536,20.8949,21.0384,21.184,21.332,21.4823,21.6351,21.7905,21.9485,22.1094,22.2731,22.4399,22.6097,22.7828,22.9593,23.1393,23.3229,23.5103,23.7016,23.897,24.0967,24.3007,24.5093,24.7227,24.941,25.1644,25.3931,25.6274,25.8675,26.1135,26.3658,26.6245,26.89,27.1625,27.4422,27.7296,28.0248,28.3283,28.6403,28.9612,29.2914,29.6312,29.9812,30.3416,30.713,31.0958,31.4905,31.8977,32.3179,32.7516,33.1995,33.6623,34.1404,34.6348,35.1461,35.6752,36.2228,36.7898,37.3772,37.9859,38.617,39.2715,39.9507,40.6557,41.3878,42.1485,42.9391,43.7612,44.6165,45.5066,46.4334,47.3989,48.4051,49.4541,50.5485,51.6905,52.8829,54.1284,55.4299,56.7907,58.214,59.7034,61.2626,62.8956,64.6066,66.4001,68.2808,70.2536,72.3238,74.4969,76.7787,79.1754,81.6932,84.3388,87.1191,90.0411,93.1123,96.3399,99.7315,103.295,107.037,110.965,115.087,119.407,123.933,128.669,133.618,138.783,144.165,149.761,155.571,161.588,167.808,174.224,180.829,187.622,194.603,201.785,209.191,216.858,224.828,233.122,241.667,250.162,257.909,263.784,266.612,265.868,262.05,256.284,249.642,242.785,235.991,229.322,222.749,216.231,209.738,203.258,196.796,190.368,183.996,177.706,171.523,165.471,159.572,153.843,148.299,142.95,137.804,132.866,128.137,123.618,119.308,115.203,111.299,107.592,104.076,100.747,97.5987,94.6264,91.8256,89.1925,86.7242,84.4188,82.2761,80.2978,78.4877,76.853,75.4043,74.1576,73.1352,72.368,71.8976,71.7797,72.0863,72.9066,74.3423,76.487,79.3741,82.8728,86.5351,89.497,90.6651,89.2928,85.5089,80.2111,74.4599,69.0038,64.191,60.0955,56.6584,53.777,51.3474,49.2798,47.5012,45.9546,44.5956,43.39,42.3113,41.3385,40.4555,39.6492,38.9093,38.2274,37.5967,37.0115,36.467,35.9594,35.4851,35.0414,34.6255,34.2352,33.8685,33.5234,33.1981,32.891,32.6004,32.3245,32.0619,31.8109,31.5696,31.3365,31.1099,30.8878,30.6686,30.4505,30.2319,30.0111,29.7868,29.5577,29.3227,29.0811,28.8324,28.5764,28.3131,28.0429,27.7664,27.4842,27.1974,26.9068,26.6136,26.3187,26.0233,25.7282,25.4346,25.143,24.8543,24.5692,24.2881,24.0114,23.7396,23.4729,23.2115,22.9555,22.705,22.4601,22.2207,21.9868,21.7584,21.5353,21.3174,21.1046,20.8969,20.6939,20.4956,20.3018,20.1124,19.9272,19.7461,19.5689,19.3954,19.2256,19.0592,18.8962,18.7363,18.5795,18.4257,
 ,-150,17.6884,17.7965,17.9054,18.0152,18.1259,18.2375,18.3501,18.4638,18.5785,18.6943,18.8112,18.9293,19.0487,19.1693,19.2913,19.4146,19.5394,19.6657,19.7935,19.923,20.0541,20.187,20.3217,20.4583,20.5968,20.7374,20.8801,21.025,21.1722,21.3218,21.4738,21.6284,21.7856,21.9456,22.1085,22.2744,22.4434,22.6155,22.7911,22.9701,23.1527,23.3391,23.5293,23.7236,23.922,24.1248,24.3322,24.5442,24.7612,24.9832,25.2104,25.4432,25.6816,25.9259,26.1764,26.4333,26.6968,26.9673,27.2449,27.5299,27.8228,28.1238,28.4332,28.7513,29.0786,29.4154,29.7621,30.1191,30.487,30.866,31.2567,31.6597,32.0754,32.5044,32.9473,33.4047,33.8772,34.3657,34.8706,35.393,35.9334,36.4928,37.0721,37.6722,38.2941,38.9389,39.6077,40.3015,41.0218,41.7697,42.5467,43.3542,44.1939,45.0672,45.976,46.9222,47.9075,48.9343,50.0045,51.1205,52.2849,53.5,54.7689,56.0942,57.4791,58.927,60.441,62.0251,63.6828,65.4184,67.236,69.1401,71.1354,73.2268,75.4194,77.7185,80.1297,82.6586,85.3112,88.0933,91.0113,94.071,97.2787,100.64,104.162,107.849,111.706,115.737,119.948,124.34,128.916,133.675,138.618,143.742,149.044,154.52,160.164,165.973,171.943,178.076,184.381,190.876,197.595,204.584,211.901,219.577,227.554,235.545,242.867,248.412,251.022,250.18,246.385,240.757,234.36,227.845,221.482,215.319,209.316,203.417,197.577,191.773,185.995,180.25,174.549,168.912,163.357,157.904,152.572,147.376,142.33,137.444,132.728,128.186,123.822,119.638,115.635,111.811,108.163,104.69,101.387,98.2513,95.2789,92.4662,89.8099,87.3072,84.956,82.7553,80.7051,78.8072,77.0652,75.4852,74.0764,72.8518,71.8297,71.034,70.4963,70.2565,70.3631,70.8706,71.8316,73.2765,75.175,77.3741,79.5306,81.0995,81.4711,80.2565,77.5196,73.7326,69.5032,65.3227,61.4761,58.0751,55.1262,52.587,50.3992,48.505,46.8532,45.4013,44.1148,42.9659,41.9326,40.9972,40.1455,39.3663,38.6501,37.9896,37.3784,36.8114,36.2842,35.7932,35.3351,34.9073,34.5072,34.1328,33.7821,33.4532,33.1444,32.854,32.5804,32.3219,32.0769,31.8435,31.62,31.4046,31.1952,30.99,30.7868,30.5838,30.3789,30.1702,29.9562,29.7352,29.5061,29.2681,29.0204,28.7631,28.4962,28.2202,27.936,27.6445,27.3469,27.0445,26.7387,26.4307,26.1219,25.8135,25.5065,25.202,24.9008,24.6035,24.3109,24.0233,23.7412,23.4649,23.1945,22.9301,22.6719,22.4198,22.1737,21.9337,21.6997,21.4714,21.2488,21.0317,20.8199,20.6133,20.4117,20.2149,20.0228,19.8352,19.6518,19.4725,19.2973,19.1258,18.9579,18.7935,18.6325,18.4746,18.3198,
