 , ,X[mm]
 , ,-150,-149,-148,-147,-146,-145,-144,-143,-142,-141,-140,-139,-138,-137,-136,-135,-134,-133,-132,-131,-130,-129,-128,-127,-126,-125,-124,-123,-122,-121,-120,-119,-118,-117,-116,-115,-114,-113,-112,-111,-110,-109,-108,-107,-106,-105,-104,-103,-102,-101,-100,-99,-98,-97,-96,-95,-94,-93,-92,-91,-90,-89,-88,-87,-86,-85,-84,-83,-82,-81,-80,-79,-78,-77,-76,-75,-74,-73,-72,-71,-70,-69,-68,-67,-66,-65,-64,-63,-62,-61,-60,-59,-58,-57,-56,-55,-54,-53,-52,-51,-50,-49,-48,-47,-46,-45,-44,-43,-42,-41,-40,-39,-38,-37,-36,-35,-34,-33,-32,-31,-30,-29,-28,-27,-26,-25,-24,-23,-22,-21,-20,-19,-18,-17,-16,-15,-14,-13,-12,-11,-10,-9,-8,-7,-6,-5,-4,-3,-2,-1,0,1,2,3,4,5,6,7,8,9,10,11,12,13,14,15,16,17,18,19,20,21,22,23,24,25,26,27,28,29,30,31,32,33,34,35,36,37,38,39,40,41,42,43,44,45,46,47,48,49,50,51,52,53,54,55,56,57,58,59,60,61,62,63,64,65,66,67,68,69,70,71,72,73,74,75,76,77,78,79,80,81,82,83,84,85,86,87,88,89,90,91,92,93,94,95,96,97,98,99,100,101,102,103,104,105,106,107,108,109,110,111,112,113,114,115,116,117,118,119,120,121,122,123,124,125,126,127,128,129,130,131,132,133,134,135,136,137,138,139,140,141,142,143,144,145,146,147,148,149,150,
Y[mm],150,7.47137,7.49807,7.52458,7.55091,7.57708,7.60307,7.62891,7.65459,7.68014,7.70555,7.73084,7.75603,7.78112,7.80612,7.83106,7.85594,7.88078,7.90559,7.9304,7.95522,7.98008,8.00497,8.02994,8.055,8.08017,8.10548,8.13095,8.15661,8.18247,8.20857,8.23494,8.2616,8.28859,8.31593,8.34366,8.37181,8.40041,8.4295,8.45913,8.48932,8.52012,8.55156,8.58369,8.61656,8.65021,8.68468,8.72004,8.75632,8.79358,8.83189,8.87129,8.91185,8.95362,8.99668,9.0411,9.08693,9.13427,9.18318,9.23376,9.28608,9.34023,9.39631,9.45442,9.51466,9.57714,9.64198,9.70929,9.77922,9.85188,9.92743,10.006,10.0878,10.1729,10.2616,10.3541,10.4505,10.551,10.6559,10.7655,10.88,10.9996,11.1248,11.2557,11.3928,11.5364,11.6869,11.8448,12.0105,12.1845,12.3673,12.5596,12.7619,12.9749,13.1994,13.4361,13.686,13.95,14.229,14.5243,14.837,15.1686,15.5204,15.8941,16.2916,16.7146,17.1655,17.6466,18.1606,18.7103,19.2992,19.9307,20.609,21.3385,22.1244,22.9723,23.8887,24.8806,25.9561,27.1245,28.396,29.7824,31.297,32.9548,34.773,36.7713,38.9717,41.3997,44.0839,47.0568,50.3551,54.0198,58.0966,62.6352,67.6888,73.3125,79.5605,86.4811,94.1094,102.457,111.495,121.138,131.22,141.47,151.5,160.808,168.807,174.894,178.541,179.406,177.404,172.73,165.811,157.219,147.562,137.401,127.193,117.278,107.881,99.1349,91.0981,83.7802,77.1587,71.1918,65.8279,61.0119,56.6891,52.8076,49.3191,46.18,43.3509,40.7971,38.4875,36.3948,34.4951,32.7673,31.1929,29.7556,28.4409,27.2364,26.1309,25.1146,24.1788,23.3157,22.5185,21.7812,21.0983,20.4651,19.877,19.3304,18.8216,18.3477,17.9056,17.4929,17.1073,16.7466,16.409,16.0927,15.7962,15.518,15.2568,15.0113,14.7806,14.5635,14.3591,14.1666,13.9852,13.8141,13.6526,13.5001,13.3561,13.2199,13.091,12.9691,12.8535,12.744,12.6401,12.5414,12.4476,12.3584,12.2735,12.1925,12.1152,12.0414,11.9707,11.9029,11.8379,11.7753,11.715,11.6568,11.6005,11.5459,11.4928,11.441,11.3905,11.3409,11.2923,11.2444,11.197,11.1501,11.1036,11.0573,11.011,10.9647,10.9184,10.8717,10.8248,10.7775,10.7297,10.6814,10.6325,10.5829,10.5326,10.4815,10.4296,10.3769,10.3234,10.269,10.2137,10.1576,10.1005,10.0426,9.98384,9.92422,9.86379,9.80255,9.74055,9.67781,9.61438,9.5503,9.4856,9.42034,9.35455,9.28828,9.22159,9.15452,9.08711,9.01944,8.95153,8.88344,8.81522,8.74692,8.67858,8.61024,8.54196,8.47377,8.40571,8.33783,8.27016,8.20275,8.13561,8.06879,8.00231,7.9362,7.87049,7.8052,7.74035,7.67596,7.61206,7.54865,7.48576,7.4234,
 ,149,7.54988,7.5768,7.60352,7.63004,7.65638,7.68254,7.70852,7.73434,7.76,7.78551,7.8109,7.83615,7.8613,7.88635,7.91132,7.93621,7.96106,7.98587,8.01065,8.03544,8.06024,8.08508,8.10999,8.13496,8.16005,8.18525,8.21061,8.23615,8.26188,8.28785,8.31407,8.34058,8.3674,8.39458,8.42214,8.45012,8.47854,8.50745,8.53689,8.56689,8.5975,8.62875,8.66069,8.69337,8.72682,8.76112,8.79629,8.83238,8.86947,8.9076,8.94683,8.98722,9.02884,9.07175,9.11603,9.16173,9.20895,9.25776,9.30824,9.36048,9.41457,9.4706,9.52867,9.5889,9.65139,9.71626,9.78363,9.85363,9.9264,10.0021,10.0808,10.1628,10.2482,10.3372,10.4299,10.5267,10.6276,10.733,10.8431,10.9581,11.0784,11.2043,11.336,11.4739,11.6185,11.7701,11.9292,12.0961,12.2715,12.4559,12.6499,12.8541,13.0692,13.2959,13.5352,13.7878,14.0548,14.3372,14.6361,14.953,15.289,15.6458,16.0251,16.4287,16.8586,17.3171,17.8067,18.3302,18.8906,19.4915,20.1365,20.83,21.5768,22.3822,23.2524,24.194,25.2149,26.3237,27.5304,28.8461,30.2837,31.8578,33.5852,35.485,37.5791,39.8928,42.4552,45.2995,48.464,51.9925,55.9348,60.3477,65.2945,70.8456,77.0766,84.0666,91.8932,100.624,110.306,120.943,132.472,144.729,157.409,170.036,181.954,192.351,200.359,205.199,206.349,203.681,197.49,188.421,177.313,165.027,152.319,139.777,127.803,116.64,106.408,97.1361,88.8011,81.3456,74.6961,68.7737,63.5,58.8013,54.6101,50.8655,47.5139,44.5078,41.8058,39.3718,37.1742,35.1857,33.3824,31.7436,30.2511,28.8892,27.6439,26.5032,25.4564,24.4941,23.608,22.7908,22.0359,21.3377,20.691,20.0913,19.5343,19.0165,18.5346,18.0856,17.6668,17.2758,16.9105,16.5689,16.2491,15.9496,15.6688,15.4054,15.1581,14.9258,14.7075,14.5021,14.3089,14.1269,13.9554,13.7937,13.6412,13.4972,13.3613,13.2328,13.1112,12.9962,12.8873,12.7841,12.6862,12.5933,12.505,12.4209,12.3409,12.2647,12.1918,12.1222,12.0556,11.9916,11.9302,11.871,11.8139,11.7587,11.7051,11.6531,11.6024,11.5529,11.5043,11.4566,11.4096,11.3631,11.317,11.2712,11.2255,11.1799,11.1341,11.0882,11.0419,10.9953,10.9481,10.9004,10.8521,10.803,10.7532,10.7025,10.651,10.5986,10.5452,10.4909,10.4357,10.3794,10.3222,10.264,10.2048,10.1447,10.0836,10.0217,9.95881,9.89513,9.83065,9.7654,9.69944,9.63281,9.56556,9.49775,9.42942,9.36063,9.29143,9.22188,9.15203,9.08194,9.01166,8.94125,8.87075,8.80021,8.72969,8.65923,8.58888,8.51868,8.44866,8.37889,8.30939,8.2402,8.17135,8.10288,8.0348,7.96715,7.89996,7.83324,7.76702,7.70132,7.63615,7.57153,7.50748,
 ,148,7.62994,7.65708,7.68401,7.71073,7.73724,7.76356,7.78969,7.81564,7.84141,7.86702,7.89249,7.91782,7.94301,7.9681,7.99309,8.018,8.04284,8.06763,8.09238,8.11712,8.14187,8.16664,8.19145,8.21634,8.24131,8.2664,8.29163,8.31703,8.34262,8.36843,8.39449,8.42083,8.44747,8.47447,8.50183,8.52961,8.55784,8.58654,8.61577,8.64556,8.67595,8.70699,8.73871,8.77117,8.80441,8.83848,8.87343,8.90932,8.9462,8.98411,9.02314,9.06334,9.10478,9.1475,9.1916,9.23715,9.28421,9.33288,9.38322,9.43534,9.48932,9.54526,9.60326,9.66343,9.72588,9.79072,9.8581,9.92812,10.0009,10.0767,10.1555,10.2377,10.3232,10.4124,10.5054,10.6024,10.7037,10.8094,10.9199,11.0355,11.1563,11.2827,11.4151,11.5538,11.6992,11.8517,12.0118,12.1799,12.3565,12.5423,12.7377,12.9436,13.1605,13.3893,13.6307,13.8858,14.1555,14.4409,14.7431,15.0636,15.4037,15.765,16.1493,16.5584,16.9945,17.4598,17.9571,18.4892,19.0593,19.671,20.3283,21.0357,21.7981,22.6214,23.5119,24.4767,25.5242,26.6636,27.9056,29.2622,30.7473,32.3768,34.1691,36.1452,38.3296,40.7504,43.4404,46.4376,49.7861,53.5372,57.7502,62.4935,67.8458,73.8962,80.7445,88.4992,97.2741,107.18,118.311,130.723,144.396,159.189,174.781,190.605,205.818,219.317,229.862,236.296,237.83,234.265,226.055,214.17,199.836,184.262,168.456,153.149,138.799,125.649,113.781,103.18,93.7698,85.4472,78.0986,71.6116,65.8807,60.8104,56.3157,52.3225,48.766,45.5903,42.7473,40.1954,37.8989,35.8271,33.9533,32.2545,30.711,29.3053,28.0225,26.8495,25.7748,24.7883,23.8813,23.0458,22.2751,21.5631,20.9044,20.2941,19.7279,19.2021,18.7132,18.258,17.834,17.4384,17.0691,16.7241,16.4013,16.0993,15.8164,15.5513,15.3026,15.0692,14.85,14.644,14.4503,14.2681,14.0965,13.9349,13.7826,13.639,13.5035,13.3756,13.2547,13.1405,13.0324,12.9301,12.8332,12.7413,12.654,12.5711,12.4923,12.4172,12.3456,12.2772,12.2118,12.1491,12.0889,12.031,11.9751,11.9212,11.8689,11.8181,11.7686,11.7202,11.6728,11.6261,11.5801,11.5346,11.4894,11.4444,11.3995,11.3546,11.3094,11.264,11.2182,11.1718,11.1249,11.0773,11.029,10.9798,10.9297,10.8788,10.8268,10.7738,10.7198,10.6647,10.6085,10.5513,10.4929,10.4335,10.373,10.3114,10.2488,10.1852,10.1207,10.0552,9.98884,9.92167,9.85371,9.78502,9.71567,9.6457,9.57517,9.50416,9.4327,9.36087,9.28872,9.21632,9.14372,9.07098,8.99815,8.9253,8.85246,8.77971,8.70707,8.63461,8.56236,8.49037,8.41868,8.34733,8.27635,8.20578,8.13565,8.06597,7.99678,7.92811,7.85998,7.7924,7.72539,7.65898,7.59317,
 ,147,7.7116,7.73897,7.76611,7.79302,7.81971,7.84619,7.87247,7.89854,7.92442,7.95013,7.97568,8.00106,8.02631,8.05143,8.07643,8.10134,8.12616,8.15092,8.17563,8.20032,8.22499,8.24967,8.27439,8.29917,8.32402,8.34898,8.37406,8.39931,8.42473,8.45037,8.47624,8.50239,8.52884,8.55562,8.58277,8.61033,8.63833,8.66681,8.6958,8.72535,8.7555,8.78629,8.81778,8.84998,8.88298,8.9168,8.95151,8.98715,9.02379,9.06148,9.10027,9.14024,9.18145,9.22396,9.26785,9.31319,9.36006,9.40854,9.45871,9.51066,9.56449,9.6203,9.67818,9.73824,9.8006,9.86537,9.93269,10.0027,10.0755,10.1513,10.2302,10.3124,10.398,10.4873,10.5805,10.6777,10.7792,10.8852,10.9961,11.1119,11.2332,11.3601,11.4931,11.6324,11.7785,11.9318,12.0927,12.2617,12.4394,12.6263,12.8231,13.0303,13.2488,13.4793,13.7227,13.9799,14.252,14.5399,14.8451,15.1688,15.5124,15.8776,16.2663,16.6802,17.1218,17.5932,18.0973,18.637,19.2157,19.837,20.5052,21.2249,22.0014,22.8405,23.7492,24.7348,25.8062,26.9731,28.2468,29.6403,31.1684,32.8482,34.6996,36.7455,39.0125,41.5318,44.3398,47.4791,50.9996,54.9599,59.429,64.4877,70.2302,76.7662,84.2215,92.7383,102.472,113.587,126.239,140.552,156.578,174.228,193.191,212.826,232.08,249.484,263.292,271.809,273.848,269.105,258.27,242.791,224.437,204.877,185.421,166.949,149.953,134.644,121.041,109.057,98.5487,89.3548,81.3136,74.2741,68.1006,62.674,57.8911,53.6632,49.9147,46.581,43.6073,40.9468,38.5596,36.4116,34.4736,32.7205,31.1307,29.6856,28.3691,27.1672,26.0675,25.0595,24.1339,23.2823,22.4977,21.7735,21.1042,20.4847,19.9106,19.3779,18.883,18.4227,17.9941,17.5947,17.2222,16.8743,16.5493,16.2453,15.9609,15.6945,15.4448,15.2107,14.991,14.7847,14.5909,14.4088,14.2375,14.0763,13.9245,13.7815,13.6467,13.5196,13.3997,13.2864,13.1794,13.0782,12.9824,12.8917,12.8058,12.7242,12.6467,12.5729,12.5027,12.4357,12.3717,12.3105,12.2517,12.1952,12.1408,12.0883,12.0374,11.9879,11.9397,11.8927,11.8465,11.8011,11.7562,11.7118,11.6676,11.6236,11.5796,11.5354,11.491,11.4461,11.4008,11.3548,11.3082,11.2608,11.2125,11.1632,11.113,11.0617,11.0093,10.9558,10.901,10.8451,10.788,10.7297,10.6701,10.6094,10.5474,10.4843,10.4201,10.3548,10.2884,10.2211,10.1527,10.0835,10.0134,9.94252,9.87092,9.79866,9.7258,9.65241,9.57855,9.5043,9.42971,9.35485,9.27979,9.20458,9.12929,9.05398,8.9787,8.90352,8.82847,8.75363,8.67901,8.60469,8.53069,8.45708,8.38386,8.31109,8.2388,8.167,8.09573,8.02502,7.95489,7.88535,7.81643,7.74814,7.6805,
 ,146,7.79491,7.82252,7.84987,7.87698,7.90384,7.93048,7.9569,7.9831,8.00909,8.03489,8.06051,8.08595,8.11124,8.13638,8.16139,8.18629,8.21109,8.2358,8.26046,8.28507,8.30966,8.33425,8.35885,8.3835,8.40821,8.43302,8.45795,8.48302,8.50825,8.53369,8.55937,8.5853,8.61153,8.63808,8.665,8.69231,8.72006,8.74828,8.77702,8.8063,8.83619,8.86671,8.89791,8.92985,8.96257,8.99612,9.03055,9.06592,9.10228,9.1397,9.17822,9.21793,9.25888,9.30114,9.34478,9.38988,9.43652,9.48477,9.53473,9.58648,9.64011,9.69573,9.75345,9.81336,9.87558,9.94023,10.0074,10.0773,10.1501,10.2258,10.3047,10.3869,10.4725,10.5619,10.6551,10.7525,10.8541,10.9604,11.0714,11.1876,11.3092,11.4365,11.5698,11.7096,11.8563,12.0102,12.1718,12.3416,12.5201,12.708,12.9058,13.1143,13.3341,13.566,13.811,14.07,14.3441,14.6342,14.9418,15.2682,15.6149,15.9835,16.3758,16.794,17.2402,17.7169,18.2268,18.7731,19.3591,19.9888,20.6664,21.3967,22.1853,23.0383,23.9627,24.9664,26.0585,27.2495,28.551,29.9768,31.5427,33.2668,35.1703,37.2778,39.6183,42.2253,45.1388,48.4056,52.0811,56.2312,60.9339,66.2821,72.3858,79.3752,87.4033,96.6476,107.31,119.613,133.786,150.041,168.526,189.241,211.922,235.884,259.867,281.968,299.792,310.917,313.592,307.366,293.263,273.397,250.26,226.092,202.542,180.619,160.818,143.275,127.915,114.558,102.978,92.9463,84.2474,76.6891,70.1042,64.3491,59.3022,54.861,50.9389,47.4632,44.3726,41.6152,39.1475,36.9321,34.9374,33.1365,31.5063,30.0268,28.6809,27.4538,26.3325,25.306,24.3644,23.499,22.7024,21.968,21.2898,20.6626,20.0818,19.5434,19.0436,18.5791,18.1469,17.7445,17.3694,17.0195,16.6927,16.3874,16.1019,15.8348,15.5846,15.3502,15.1304,14.9243,14.7308,14.5491,14.3783,14.2178,14.0668,13.9248,13.791,13.665,13.5462,13.4341,13.3284,13.2285,13.1342,13.0449,12.9604,12.8803,12.8043,12.7322,12.6635,12.5981,12.5357,12.4761,12.4189,12.364,12.3112,12.2602,12.2109,12.1629,12.1163,12.0706,12.0259,11.9818,11.9382,11.895,11.8521,11.8091,11.7661,11.7228,11.6791,11.635,11.5902,11.5448,11.4985,11.4513,11.4031,11.3538,11.3034,11.2518,11.1989,11.1448,11.0893,11.0326,10.9744,10.915,10.8542,10.792,10.7286,10.6639,10.5979,10.5308,10.4625,10.3931,10.3226,10.2512,10.1788,10.1056,10.0316,9.9569,9.88155,9.80563,9.72922,9.65239,9.57519,9.49773,9.42005,9.34223,9.26433,9.18642,9.10855,9.0308,8.95321,8.87584,8.79874,8.72196,8.64554,8.56953,8.49397,8.41889,8.34433,8.27031,8.19687,8.12402,8.05179,7.98021,7.9093,7.83906,7.76951,
 ,145,7.87994,7.90777,7.93534,7.96265,7.98969,8.01649,8.04304,8.06937,8.09547,8.12135,8.14704,8.17253,8.19785,8.22301,8.24802,8.27289,8.29766,8.32233,8.34692,8.37144,8.39593,8.4204,8.44488,8.46939,8.49395,8.51859,8.54333,8.56821,8.59324,8.61847,8.64392,8.66961,8.69559,8.7219,8.74856,8.7756,8.80307,8.83101,8.85946,8.88845,8.91804,8.94826,8.97917,9.0108,9.04321,9.07645,9.11058,9.14564,9.1817,9.21881,9.25704,9.29644,9.33709,9.37906,9.42242,9.46724,9.51361,9.56159,9.6113,9.6628,9.71619,9.77159,9.82908,9.88879,9.95082,10.0153,10.0823,10.1521,10.2247,10.3003,10.3791,10.4612,10.5469,10.6362,10.7294,10.8268,10.9285,11.0349,11.146,11.2624,11.3842,11.5117,11.6454,11.7855,11.9325,12.0869,12.249,12.4194,12.5986,12.7872,12.9859,13.1953,13.4161,13.6493,13.8956,14.156,14.4317,14.7236,15.0332,15.3618,15.711,16.0823,16.4778,16.8993,17.3494,17.8304,18.3451,18.8969,19.489,20.1256,20.811,21.5503,22.3489,23.2134,24.151,25.1699,26.2794,27.4905,28.8154,30.2684,31.8661,33.6276,35.5752,37.7351,40.1379,42.8198,45.8234,49.1996,53.0086,57.3228,62.2285,67.8296,74.2509,81.6419,90.1816,100.082,111.592,124.993,140.595,158.709,179.597,203.379,229.882,258.419,287.548,314.903,337.329,351.494,354.917,346.951,329.061,304.211,275.781,246.657,218.829,193.402,170.821,151.115,134.089,119.451,106.886,96.0934,86.804,78.7843,71.8361,65.7932,60.5165,55.8904,51.8186,48.221,45.0303,42.1905,39.6543,37.3818,35.3393,33.4982,31.834,30.3257,28.9553,27.7072,26.5681,25.5263,24.5715,23.6948,22.8886,22.1458,21.4604,20.8271,20.2411,19.6982,19.1946,18.7269,18.2921,17.8876,17.5107,17.1594,16.8316,16.5256,16.2396,15.9722,15.722,15.4878,15.2684,15.0628,14.8699,14.689,14.5191,14.3596,14.2098,14.0689,13.9364,13.8117,13.6944,13.5838,13.4796,13.3813,13.2885,13.2009,13.1181,13.0397,12.9655,12.895,12.8282,12.7645,12.7039,12.6461,12.5907,12.5376,12.4865,12.4373,12.3897,12.3435,12.2984,12.2544,12.2112,12.1687,12.1266,12.0847,12.0431,12.0013,11.9594,11.9171,11.8744,11.831,11.787,11.742,11.6962,11.6492,11.6012,11.5519,11.5013,11.4494,11.3961,11.3414,11.2852,11.2275,11.1683,11.1077,11.0455,10.9819,10.9169,10.8505,10.7827,10.7135,10.6432,10.5716,10.4989,10.4251,10.3503,10.2746,10.198,10.1207,10.0427,9.96409,9.88495,9.80536,9.72541,9.64516,9.5647,9.4841,9.40343,9.32276,9.24216,9.16169,9.08141,9.00138,8.92164,8.84227,8.7633,8.68478,8.60676,8.52925,8.45231,8.37596,8.30023,8.22515,8.15075,8.07703,8.00403,7.93176,7.86023,
 ,144,7.96673,7.9948,8.02259,8.05009,8.07732,8.10427,8.13097,8.15741,8.18361,8.20958,8.23532,8.26086,8.28621,8.31138,8.33637,8.36122,8.38594,8.41054,8.43505,8.45948,8.48386,8.50821,8.53254,8.55689,8.58127,8.60572,8.63027,8.65493,8.67974,8.70473,8.72993,8.75537,8.78108,8.80711,8.83348,8.86023,8.8874,8.91503,8.94317,8.97184,9.0011,9.031,9.06157,9.09287,9.12494,9.15784,9.19163,9.22635,9.26206,9.29884,9.33673,9.3758,9.41612,9.45776,9.5008,9.5453,9.59135,9.63903,9.68843,9.73963,9.79275,9.84787,9.9051,9.96455,10.0263,10.0906,10.1574,10.227,10.2994,10.3748,10.4535,10.5354,10.621,10.7102,10.8034,10.9007,11.0024,11.1087,11.2199,11.3363,11.4582,11.5858,11.7197,11.86,12.0073,12.1619,12.3244,12.4952,12.6749,12.864,13.0633,13.2734,13.495,13.729,13.9763,14.2378,14.5147,14.808,15.1191,15.4494,15.8005,16.174,16.5718,16.9961,17.4491,17.9334,18.452,19.008,19.605,20.247,20.9385,21.6848,22.4914,23.365,24.313,25.3438,26.4672,27.6942,29.0377,30.5123,32.1353,33.9265,35.9093,38.111,40.5637,43.3055,46.3815,49.8456,53.7624,58.2092,63.2797,69.0869,75.768,83.4893,92.4523,102.9,115.121,129.456,146.287,166.022,189.043,215.602,245.644,278.527,312.672,345.28,372.411,389.732,393.938,384.153,362.349,332.448,298.778,264.877,233.029,204.388,179.313,157.702,139.232,123.498,110.101,98.6715,88.8917,80.4914,73.2455,66.9677,61.5042,56.7286,52.5361,48.8404,45.5695,42.6637,40.0729,37.7551,35.6747,33.8018,32.1107,30.5797,29.1901,27.9258,26.7728,25.719,24.7541,23.8689,23.0552,22.3062,21.6155,20.9777,20.388,19.8419,19.3357,18.866,18.4295,18.0237,17.6459,17.294,16.9659,16.6597,16.3738,16.1068,15.8571,15.6235,15.4049,15.2002,15.0084,14.8286,14.66,14.5019,14.3535,14.2141,14.0832,13.9601,13.8444,13.7356,13.6331,13.5367,13.4457,13.36,13.2791,13.2026,13.1303,13.0618,12.9969,12.9353,12.8767,12.8208,12.7674,12.7163,12.6672,12.6199,12.5742,12.5298,12.4866,12.4444,12.4029,12.3621,12.3216,12.2813,12.241,12.2007,12.16,12.1189,12.0772,12.0347,11.9914,11.9472,11.9018,11.8552,11.8073,11.7581,11.7074,11.6552,11.6014,11.5461,11.4891,11.4305,11.3702,11.3083,11.2447,11.1796,11.1128,11.0445,10.9747,10.9035,10.8309,10.757,10.6818,10.6055,10.5282,10.4498,10.3705,10.2904,10.2095,10.128,10.046,9.96347,9.88057,9.79737,9.71395,9.6304,9.54678,9.46319,9.37968,9.29633,9.2132,9.13036,9.04785,8.96574,8.88408,8.80292,8.7223,8.64225,8.56281,8.48402,8.4059,8.32849,8.2518,8.17586,8.10069,8.0263,7.95271,
 ,143,8.05535,8.08366,8.11166,8.13937,8.16677,8.19389,8.22072,8.24728,8.27358,8.29963,8.32543,8.35101,8.37637,8.40154,8.42652,8.45133,8.47599,8.50051,8.52493,8.54925,8.5735,8.5977,8.62187,8.64604,8.67024,8.69448,8.7188,8.74323,8.7678,8.79253,8.81745,8.84261,8.86803,8.89376,8.91982,8.94625,8.97309,9.00039,9.02818,9.0565,9.08541,9.11495,9.14515,9.17608,9.20779,9.24032,9.27373,9.30808,9.34342,9.37982,9.41734,9.45604,9.49599,9.53726,9.57993,9.62408,9.66977,9.7171,9.76615,9.81702,9.86981,9.9246,9.98151,10.0407,10.1021,10.1661,10.2327,10.302,10.3741,10.4493,10.5277,10.6095,10.6948,10.7839,10.8769,10.9741,11.0756,11.1819,11.293,11.4093,11.5312,11.6589,11.7927,11.9331,12.0805,12.2353,12.3979,12.5689,12.7489,12.9383,13.138,13.3485,13.5706,13.8051,14.0531,14.3153,14.593,14.8873,15.1995,15.5309,15.8833,16.2583,16.6578,17.084,17.5391,18.0259,18.5471,19.1061,19.7066,20.3525,21.0485,21.7997,22.6121,23.4922,24.4477,25.4872,26.6205,27.8591,29.2159,30.7062,32.3475,34.1603,36.1685,38.4005,40.8893,43.6745,46.8031,50.3311,54.3261,58.8695,64.0599,70.0174,76.8882,84.8513,94.1249,104.975,117.723,132.751,150.502,171.461,196.109,224.816,257.64,294,332.239,369.221,400.336,420.365,425.246,413.892,388.745,354.593,316.597,278.827,243.788,212.639,185.647,162.591,143.034,126.484,112.47,100.571,90.4313,81.7524,74.289,67.8401,62.2409,57.3566,53.0767,49.31,45.9812,43.0278,40.3977,38.0473,35.9397,34.044,32.3339,30.7868,29.3837,28.1079,26.9452,25.8833,24.9115,24.0204,23.2019,22.4487,21.7547,21.1141,20.5222,19.9744,19.4668,18.9961,18.559,18.1528,17.775,17.4232,17.0954,16.7898,16.5046,16.2384,15.9898,15.7573,15.54,15.3366,15.1463,14.9681,14.8011,14.6447,14.498,14.3604,14.2314,14.1102,13.9965,13.8896,13.7892,13.6948,13.606,13.5223,13.4435,13.3692,13.2991,13.2328,13.1701,13.1106,13.0542,13.0005,12.9493,12.9003,12.8534,12.8082,12.7646,12.7223,12.6812,12.641,12.6014,12.5624,12.5237,12.4851,12.4465,12.4076,12.3684,12.3286,12.288,12.2466,12.2042,12.1606,12.1158,12.0697,12.0221,11.9729,11.9221,11.8696,11.8154,11.7594,11.7016,11.642,11.5806,11.5173,11.4522,11.3854,11.3168,11.2465,11.1746,11.1011,11.0262,10.9497,10.872,10.793,10.7128,10.6316,10.5494,10.4663,10.3824,10.2978,10.2126,10.127,10.0409,9.95458,9.86801,9.78131,9.69457,9.60787,9.52128,9.43488,9.34874,9.26292,9.17748,9.09248,9.00799,8.92404,8.84069,8.75797,8.67591,8.59456,8.51394,8.43408,8.35501,8.27674,8.19931,8.12271,8.04696,
 ,142,8.14586,8.17442,8.20264,8.23054,8.25813,8.2854,8.31237,8.33905,8.36544,8.39156,8.41742,8.44303,8.4684,8.49356,8.51851,8.54327,8.56786,8.5923,8.6166,8.6408,8.6649,8.68894,8.71294,8.73692,8.7609,8.78492,8.809,8.83317,8.85747,8.88191,8.90655,8.9314,8.9565,8.9819,9.00762,9.0337,9.06019,9.08712,9.11454,9.14248,9.17101,9.20015,9.22996,9.2605,9.2918,9.32392,9.35693,9.39086,9.4258,9.46178,9.49889,9.53718,9.57672,9.61758,9.65985,9.70359,9.74889,9.79583,9.84449,9.89498,9.94738,10.0018,10.0584,10.1171,10.1783,10.2419,10.3081,10.3771,10.4489,10.5238,10.602,10.6834,10.7685,10.8573,10.9501,11.047,11.1484,11.2544,11.3653,11.4815,11.6032,11.7308,11.8645,12.0048,12.1522,12.3069,12.4695,12.6406,12.8206,13.0101,13.2099,13.4205,13.6429,13.8777,14.1259,14.3885,14.6666,14.9614,15.2741,15.6063,15.9594,16.3352,16.7357,17.1629,17.6193,18.1074,18.6303,19.1911,19.7936,20.4418,21.1404,21.8946,22.7104,23.5945,24.5545,25.5992,26.7384,27.9839,29.3488,30.8484,32.5006,34.3263,36.3498,38.5998,41.1102,43.9212,47.0809,50.6467,54.6879,59.288,64.5488,70.5941,77.5754,85.6785,95.1313,106.213,119.262,134.685,152.957,174.608,200.174,230.093,264.491,302.829,343.412,382.917,416.351,437.966,443.242,430.967,403.866,367.247,326.762,286.785,249.937,217.371,189.298,165.426,145.255,128.243,113.877,101.71,91.3633,82.5238,74.9348,68.3865,62.7083,57.7607,53.4296,49.6214,46.2587,43.2775,40.6244,38.255,36.1316,34.2228,32.5017,30.9455,29.5347,28.2525,27.0845,26.0182,25.0428,24.1488,23.328,22.573,21.8776,21.2361,20.6434,20.0953,19.5877,19.1171,18.6805,18.2749,17.8978,17.5469,17.2202,16.9158,16.632,16.3673,16.1202,15.8894,15.6738,15.4722,15.2838,15.1075,14.9425,14.7881,14.6435,14.5081,14.3812,14.2623,14.1508,14.0462,13.9481,13.856,13.7695,13.6882,13.6118,13.5398,13.4721,13.4082,13.3479,13.2909,13.2368,13.1855,13.1367,13.0902,13.0456,13.0028,12.9615,12.9215,12.8826,12.8445,12.8071,12.7701,12.7334,12.6967,12.6599,12.6227,12.585,12.5466,12.5074,12.4672,12.4258,12.3831,12.3389,12.2933,12.246,12.1969,12.146,12.0933,12.0386,11.982,11.9233,11.8627,11.8,11.7353,11.6686,11.5999,11.5294,11.457,11.3828,11.3069,11.2294,11.1503,11.0697,10.9878,10.9047,10.8203,10.735,10.6487,10.5615,10.4737,10.3852,10.2962,10.2068,10.117,10.0271,9.93706,9.84699,9.75699,9.66713,9.57749,9.48815,9.39919,9.31065,9.22261,9.13512,9.04824,8.96202,8.87648,8.79167,8.70763,8.62439,8.54197,8.46041,8.37972,8.29991,8.22101,8.14303,
 ,141,8.23833,8.26713,8.29558,8.32369,8.35145,8.37888,8.40599,8.43278,8.45926,8.48545,8.51136,8.53699,8.56237,8.5875,8.61241,8.63711,8.66162,8.68596,8.71014,8.73419,8.75814,8.782,8.8058,8.82956,8.85332,8.87709,8.9009,8.9248,8.94881,8.97294,8.99725,9.02178,9.04654,9.07157,9.09692,9.12263,9.14873,9.17527,9.20229,9.22982,9.25793,9.28665,9.31604,9.34613,9.377,9.40868,9.44124,9.47474,9.50922,9.54476,9.58141,9.61925,9.65835,9.69877,9.74059,9.78388,9.82874,9.87524,9.92347,9.97352,10.0255,10.0795,10.1356,10.194,10.2547,10.318,10.3838,10.4524,10.5239,10.5984,10.6761,10.7573,10.842,10.9304,11.0229,11.1195,11.2205,11.3263,11.4369,11.5528,11.6743,11.8016,11.9351,12.0752,12.2223,12.3768,12.5393,12.7102,12.89,13.0794,13.2791,13.4896,13.7119,13.9466,14.1948,14.4574,14.7355,15.0303,15.3432,15.6754,16.0286,16.4046,16.8053,17.2329,17.6896,18.1781,18.7014,19.2627,19.8658,20.5147,21.2142,21.9693,22.7862,23.6715,24.6329,25.6792,26.8204,28.068,29.4354,30.938,32.5936,34.4232,36.4513,38.7067,41.2235,44.0421,47.2107,50.7871,54.8408,59.456,64.7348,70.8017,77.8089,85.9433,95.4336,106.56,119.662,135.149,153.494,175.229,200.888,230.904,265.398,303.821,344.471,384.017,417.466,439.082,444.356,432.079,404.971,368.326,327.789,287.738,250.799,218.137,189.969,166.009,145.761,128.681,114.257,102.042,91.6546,82.7815,75.1646,68.5933,62.896,57.9328,53.5887,49.7698,46.3982,43.4097,40.7506,38.3762,36.2489,34.3368,32.613,31.0548,29.6424,28.3591,27.1903,26.1235,25.1479,24.254,23.4334,22.6789,21.9841,21.3434,20.7517,20.2047,19.6983,19.2291,18.7939,18.3898,18.0144,17.6653,17.3404,17.0379,16.7561,16.4934,16.2484,16.0198,15.8064,15.6071,15.4209,15.247,15.0844,14.9324,14.7903,14.6573,14.533,14.4165,14.3076,14.2056,14.11,14.0205,13.9366,13.8579,13.784,13.7147,13.6496,13.5884,13.5307,13.4763,13.4249,13.3762,13.33,13.2861,13.2441,13.2038,13.1651,13.1276,13.0911,13.0555,13.0204,12.9857,12.9512,12.9166,12.8817,12.8464,12.8105,12.7737,12.736,12.697,12.6568,12.615,12.5717,12.5266,12.4797,12.4308,12.3799,12.3269,12.2718,12.2144,12.1549,12.0931,12.0291,11.9629,11.8945,11.8239,11.7512,11.6766,11.5999,11.5214,11.4411,11.3591,11.2756,11.1905,11.1041,11.0165,10.9278,10.838,10.7474,10.656,10.5639,10.4713,10.3783,10.285,10.1915,10.0979,10.0043,9.91074,9.8174,9.72433,9.63161,9.5393,9.44749,9.35623,9.26558,9.17561,9.08636,8.99787,8.91018,8.82332,8.73733,8.65223,8.56806,8.48483,8.40256,8.32126,8.24095,
 ,140,8.33282,8.36187,8.39055,8.41886,8.44681,8.4744,8.50164,8.52854,8.55511,8.58136,8.60731,8.63296,8.65833,8.68344,8.7083,8.73292,8.75734,8.78156,8.80561,8.8295,8.85327,8.87694,8.90052,8.92405,8.94755,8.97105,8.99458,9.01818,9.04186,9.06567,9.08964,9.1138,9.13818,9.16284,9.18779,9.21309,9.23878,9.26489,9.29148,9.31857,9.34623,9.37449,9.40341,9.43304,9.46344,9.49465,9.52673,9.55974,9.59373,9.62878,9.66495,9.7023,9.74091,9.78084,9.82216,9.86497,9.90935,9.95536,10.0031,10.0527,10.1042,10.1577,10.2134,10.2713,10.3316,10.3943,10.4597,10.5278,10.5989,10.673,10.7503,10.831,10.9153,11.0033,11.0953,11.1916,11.2922,11.3975,11.5078,11.6233,11.7444,11.8713,12.0044,12.1442,12.2909,12.4451,12.6072,12.7777,12.9572,13.1462,13.3455,13.5557,13.7776,14.0119,14.2598,14.522,14.7997,15.0941,15.4065,15.7383,16.0911,16.4666,16.8668,17.2938,17.7499,18.2378,18.7604,19.321,19.9232,20.5712,21.2697,22.0237,22.8393,23.7232,24.6829,25.7273,26.8662,28.1113,29.4757,30.9747,32.6261,34.4507,36.4728,38.7209,41.2288,44.0364,47.1915,50.751,54.7835,59.3717,64.6158,70.6377,77.586,85.6422,95.0279,106.012,118.921,134.139,152.111,173.324,198.254,227.262,260.391,297.034,335.507,372.651,403.855,423.917,428.797,417.421,392.215,357.941,319.751,281.727,246.397,214.946,187.663,164.34,144.547,127.794,113.606,101.562,91.3015,82.5222,74.9758,68.4582,62.8024,57.8713,53.5527,49.7541,46.3989,43.4237,40.7757,38.4105,36.291,34.3856,32.6677,31.1145,29.7067,28.4274,27.2624,26.199,25.2266,24.3357,23.518,22.7663,22.0742,21.4361,20.847,20.3025,19.7987,19.332,18.8993,18.4978,18.1249,17.7783,17.456,17.1562,16.877,16.6169,16.3745,16.1486,15.9379,15.7414,15.558,15.3868,15.227,15.0778,14.9385,14.8083,14.6868,14.5732,14.4671,14.3679,14.2752,14.1885,14.1074,14.0316,13.9606,13.8942,13.832,13.7736,13.7188,13.6672,13.6187,13.5729,13.5296,13.4885,13.4493,13.4119,13.3759,13.3411,13.3074,13.2744,13.2419,13.2097,13.1775,13.1453,13.1126,13.0794,13.0454,13.0105,12.9743,12.9369,12.8979,12.8572,12.8148,12.7704,12.7239,12.6753,12.6244,12.5712,12.5155,12.4575,12.397,12.334,12.2686,12.2007,12.1305,12.0578,11.9829,11.9058,11.8265,11.7452,11.6619,11.5768,11.49,11.4016,11.3117,11.2205,11.1281,11.0347,10.9403,10.8451,10.7492,10.6527,10.5559,10.4587,10.3614,10.264,10.1666,10.0693,9.97229,9.87557,9.77926,9.68342,9.58813,9.49347,9.3995,9.30627,9.21383,9.12222,9.0315,8.94168,8.85281,8.76491,8.67801,8.59213,8.50729,8.42349,8.34075,
 ,139,8.4294,8.45871,8.48762,8.51614,8.54427,8.57202,8.59939,8.62641,8.65306,8.67937,8.70535,8.73101,8.75637,8.78144,8.80623,8.83078,8.85508,8.87917,8.90307,8.92679,8.95037,8.97381,8.99716,9.02043,9.04366,9.06687,9.0901,9.11336,9.13671,9.16016,9.18375,9.20752,9.23151,9.25575,9.28028,9.30514,9.33038,9.35603,9.38215,9.40876,9.43594,9.46371,9.49214,9.52127,9.55115,9.58184,9.61341,9.64589,9.67937,9.7139,9.74953,9.78635,9.82443,9.86383,9.90463,9.9469,9.99074,10.0362,10.0834,10.1325,10.1835,10.2365,10.2916,10.349,10.4088,10.471,10.5359,10.6035,10.674,10.7476,10.8244,10.9046,10.9884,11.076,11.1675,11.2632,11.3634,11.4682,11.578,11.693,11.8135,11.94,12.0726,12.2118,12.358,12.5116,12.6732,12.8431,13.0221,13.2105,13.4092,13.6188,13.84,14.0737,14.3208,14.5822,14.8592,15.1527,15.4642,15.795,16.1467,16.5211,16.9201,17.3457,17.8003,18.2866,18.8074,19.366,19.966,20.6115,21.307,22.0579,22.8699,23.7496,24.7046,25.7435,26.8762,28.114,29.4699,30.9589,32.5986,34.4094,36.415,38.6433,41.1273,43.906,47.0257,50.5417,54.5201,59.0406,64.1994,70.1126,76.9212,84.796,93.9439,104.614,117.101,131.752,148.955,169.121,192.628,219.719,250.315,283.741,318.373,351.37,378.765,396.222,400.448,390.575,368.569,338.345,304.242,269.83,237.436,208.255,182.673,160.607,141.738,125.664,111.979,100.309,90.3294,81.7637,74.3811,67.9904,62.4338,57.5813,53.3253,49.577,46.2628,43.3212,40.7009,38.3589,36.2588,34.3699,32.6661,31.1251,29.7278,28.4578,27.3009,26.2449,25.2791,24.3942,23.582,22.8353,22.1479,21.5142,20.9294,20.3889,19.8889,19.4259,18.9968,18.5988,18.2293,17.8862,17.5672,17.2706,16.9947,16.7379,16.4988,16.2761,16.0686,15.8753,15.6951,15.5271,15.3705,15.2245,15.0883,14.9613,14.8429,14.7325,14.6295,14.5335,14.4439,14.3603,14.2824,14.2097,14.1419,14.0786,14.0195,13.9642,13.9125,13.8641,13.8187,13.776,13.7358,13.6978,13.6617,13.6273,13.5944,13.5626,13.5318,13.5017,13.472,13.4426,13.4131,13.3834,13.3532,13.3223,13.2904,13.2575,13.2232,13.1874,13.1498,13.1104,13.069,13.0254,12.9794,12.9311,12.8802,12.8268,12.7707,12.7119,12.6504,12.5862,12.5193,12.4497,12.3774,12.3025,12.2252,12.1453,12.0632,11.9788,11.8923,11.8039,11.7135,11.6215,11.5279,11.4329,11.3365,11.2391,11.1406,11.0413,10.9413,10.8408,10.7398,10.6385,10.5371,10.4356,10.3342,10.2329,10.132,10.0314,9.93126,9.83167,9.73272,9.63446,9.53696,9.4403,9.3445,9.24962,9.15571,9.06279,8.97089,8.88006,8.79031,8.70166,8.61413,8.52772,8.44246,
 ,138,8.52815,8.55773,8.58688,8.6156,8.64392,8.67182,8.69933,8.72645,8.75318,8.77954,8.80555,8.83121,8.85655,8.88157,8.90629,8.93074,8.95492,8.97887,9.00259,9.02613,9.04948,9.0727,9.09579,9.11878,9.14172,9.16462,9.1875,9.21041,9.23339,9.25646,9.27965,9.303,9.32656,9.35035,9.37443,9.39882,9.42358,9.44874,9.47435,9.50046,9.52712,9.55437,9.58226,9.61084,9.64018,9.67032,9.70133,9.73326,9.76617,9.80013,9.8352,9.87144,9.90894,9.94776,9.98799,10.0297,10.0729,10.1179,10.1645,10.213,10.2634,10.3158,10.3704,10.4272,10.4864,10.548,10.6123,10.6794,10.7493,10.8223,10.8986,10.9782,11.0614,11.1484,11.2393,11.3345,11.434,11.5383,11.6474,11.7618,11.8818,12.0076,12.1395,12.2781,12.4236,12.5766,12.7374,12.9066,13.0847,13.2724,13.4702,13.6789,13.8992,14.1319,14.3779,14.6382,14.914,15.2062,15.5163,15.8456,16.1957,16.5683,16.9653,17.3887,17.841,18.3246,18.8425,19.3978,19.9941,20.6355,21.3265,22.0722,22.8782,23.7512,24.6985,25.7285,26.851,28.0769,29.419,30.8919,32.5127,34.301,36.28,38.4766,40.9225,43.6551,46.7188,50.1661,54.0598,58.4751,63.5019,69.2485,75.8448,83.4469,92.2412,102.449,114.327,128.17,144.296,163.024,184.618,209.192,236.549,265.964,295.933,324.021,347,361.485,364.969,356.8,338.466,312.971,283.755,253.775,225.084,198.838,175.512,155.151,137.561,122.445,109.48,98.3549,88.7901,80.5429,73.4072,67.2094,61.805,57.0735,52.9146,49.2449,45.9948,43.1059,40.5293,38.2237,36.1542,34.2912,32.6095,31.0875,29.7067,28.451,27.3067,26.2618,25.3059,24.4298,23.6256,22.8863,22.2056,21.5781,20.999,20.464,19.9691,19.511,19.0866,18.693,18.3279,17.989,17.6741,17.3815,17.1096,16.8566,16.6213,16.4024,16.1986,16.009,15.8324,15.6681,15.5151,15.3726,15.24,15.1166,15.0017,14.8948,14.7952,14.7026,14.6165,14.5364,14.4619,14.3926,14.3282,14.2682,14.2125,14.1606,14.1123,14.0673,14.0253,13.9859,13.9491,13.9144,13.8817,13.8506,13.821,13.7925,13.7649,13.7379,13.7114,13.6849,13.6584,13.6315,13.604,13.5757,13.5462,13.5155,13.4833,13.4493,13.4134,13.3754,13.3351,13.2924,13.2471,13.1991,13.1484,13.0947,13.0382,12.9786,12.9161,12.8505,12.7819,12.7104,12.636,12.5587,12.4787,12.396,12.3107,12.2231,12.1331,12.041,11.9469,11.8509,11.7532,11.654,11.5534,11.4517,11.3489,11.2452,11.1408,11.0358,10.9304,10.8247,10.7189,10.613,10.5073,10.4018,10.2967,10.192,10.0878,9.98423,9.88138,9.77931,9.6781,9.57781,9.47847,9.38015,9.28288,9.1867,9.09165,8.99774,8.90501,8.81346,8.72313,8.63401,8.54611,
 ,137,8.62916,8.659,8.68839,8.71733,8.74583,8.77389,8.80153,8.82874,8.85555,8.88197,8.908,8.93365,8.95895,8.98391,9.00855,9.03288,9.05693,9.08072,9.10426,9.12758,9.15071,9.17367,9.19648,9.21917,9.24179,9.26434,9.28687,9.30941,9.33198,9.35463,9.37739,9.4003,9.4234,9.44672,9.4703,9.49419,9.51844,9.54307,9.56815,9.59371,9.61981,9.6465,9.67382,9.70183,9.73058,9.76013,9.79054,9.82187,9.85417,9.88752,9.92197,9.95761,9.99449,10.0327,10.0723,10.1134,10.156,10.2003,10.2463,10.2942,10.3439,10.3957,10.4497,10.5058,10.5644,10.6254,10.6891,10.7555,10.8248,10.8972,10.9728,11.0518,11.1343,11.2206,11.3109,11.4054,11.5042,11.6078,11.7163,11.8299,11.9491,12.0741,12.2053,12.3431,12.4878,12.6399,12.7998,12.9681,13.1452,13.3318,13.5286,13.7361,13.9551,14.1866,14.4312,14.6901,14.9642,15.2547,15.5629,15.8902,16.238,16.6082,17.0025,17.423,17.872,18.352,18.8659,19.4167,20.0081,20.6439,21.3285,22.067,22.8649,23.7286,24.6652,25.6831,26.7916,28.0012,29.3245,30.7754,32.3703,34.1282,36.0712,38.2249,40.6194,43.2902,46.2789,49.6349,53.4165,57.6931,62.5473,68.0775,74.4002,81.654,90.0016,99.6322,110.761,123.626,138.472,155.526,174.945,196.732,220.606,245.839,271.097,294.366,313.122,324.814,327.604,321.025,306.159,285.231,260.866,235.424,210.644,187.595,166.796,148.393,132.306,118.338,106.251,95.7997,86.7549,78.9117,72.092,66.1435,60.9371,56.3641,52.3332,48.7675,45.6025,42.7839,40.2656,38.0087,35.9803,34.1521,32.5,31.0035,29.6446,28.4081,27.2805,26.2504,25.3075,24.4431,23.6494,22.9196,22.2476,21.6281,21.0563,20.5281,20.0396,19.5876,19.1688,18.7808,18.4209,18.0869,17.777,17.4891,17.2217,16.9733,16.7424,16.5278,16.3283,16.1428,15.9704,15.8101,15.6611,15.5227,15.394,15.2745,15.1634,15.0603,14.9646,14.8758,14.7934,14.717,14.6462,14.5806,14.5198,14.4635,14.4114,14.3632,14.3186,14.2772,14.2388,14.2031,14.1699,14.1389,14.1098,14.0824,14.0563,14.0314,14.0073,13.9838,13.9606,13.9375,13.9142,13.8904,13.8659,13.8404,13.8136,13.7854,13.7554,13.7235,13.6894,13.653,13.614,13.5724,13.5278,13.4803,13.4297,13.3759,13.3188,13.2585,13.1948,13.1278,13.0575,12.9839,12.9071,12.8273,12.7443,12.6585,12.5699,12.4786,12.3849,12.2888,12.1906,12.0903,11.9882,11.8846,11.7794,11.673,11.5655,11.457,11.3479,11.2381,11.128,11.0176,10.907,10.7965,10.6862,10.5762,10.4666,10.3575,10.249,10.1412,10.0343,9.92817,9.82303,9.7189,9.61584,9.51389,9.4131,9.3135,9.21512,9.118,9.02214,8.92758,8.83431,8.74237,8.65173,
 ,136,8.73249,8.7626,8.79224,8.82139,8.85008,8.8783,8.90606,8.93338,8.96026,8.98672,9.01276,9.0384,9.06366,9.08855,9.11309,9.1373,9.1612,9.1848,9.20814,9.23124,9.25411,9.27679,9.2993,9.32167,9.34394,9.36613,9.38827,9.4104,9.43255,9.45476,9.47706,9.49949,9.52209,9.5449,9.56796,9.59131,9.61501,9.63908,9.66359,9.68857,9.71407,9.74016,9.76686,9.79426,9.82238,9.8513,9.88108,9.91176,9.94342,9.97611,10.0099,10.0449,10.0811,10.1186,10.1576,10.198,10.24,10.2836,10.3289,10.3761,10.4252,10.4763,10.5295,10.585,10.6429,10.7032,10.7662,10.8319,10.9005,10.9722,11.0471,11.1253,11.2071,11.2927,11.3822,11.4759,11.574,11.6768,11.7844,11.8973,12.0156,12.1397,12.27,12.4068,12.5505,12.7016,12.8604,13.0276,13.2036,13.3889,13.5843,13.7905,14.008,14.2378,14.4808,14.7378,15.0099,15.2982,15.6041,15.9288,16.2739,16.641,17.0319,17.4488,17.8937,18.3691,18.8779,19.4231,20.0082,20.6368,21.3135,22.0429,22.8305,23.6826,24.6059,25.6085,26.6993,27.8887,29.1883,30.6117,32.1745,33.8946,35.7929,37.8936,40.2249,42.8198,45.7169,48.9617,52.6075,56.7173,61.3652,66.6385,72.6394,79.4875,87.3206,96.2953,106.585,118.372,131.835,147.123,164.305,183.307,203.809,225.129,246.128,265.183,280.346,289.708,291.925,286.659,274.702,257.698,237.632,216.351,195.285,175.373,157.132,140.767,126.28,113.563,102.45,92.7583,84.3079,76.9321,70.482,64.8275,59.8566,55.4735,51.5967,48.1569,45.0956,42.3627,39.9159,37.7189,35.741,33.9557,32.3403,30.8752,29.5435,28.3306,27.2237,26.2118,25.285,24.435,23.6541,22.9359,22.2744,21.6646,21.1017,20.5816,20.1008,19.6559,19.2439,18.8623,18.5085,18.1804,17.876,17.5936,17.3315,17.0881,16.8622,16.6525,16.4578,16.277,16.1092,15.9534,15.8089,15.6748,15.5505,15.4353,15.3284,15.2295,15.1379,15.0532,14.9749,14.9025,14.8357,14.774,14.7172,14.6649,14.6167,14.5724,14.5317,14.4943,14.4598,14.4281,14.3988,14.3717,14.3465,14.323,14.3008,14.2798,14.2595,14.2398,14.2204,14.2009,14.1811,14.1608,14.1396,14.1172,14.0934,14.0679,14.0405,14.0109,13.9789,13.9442,13.9068,13.8663,13.8226,13.7756,13.7252,13.6712,13.6137,13.5525,13.4876,13.4191,13.3469,13.2711,13.1918,13.1091,13.023,12.9338,12.8415,12.7464,12.6485,12.5481,12.4454,12.3405,12.2336,12.1251,12.015,11.9035,11.7909,11.6774,11.5631,11.4482,11.3329,11.2174,11.1019,10.9864,10.8712,10.7563,10.6419,10.5281,10.4151,10.3028,10.1915,10.0812,9.97185,9.86369,9.7567,9.65093,9.54643,9.44324,9.34138,9.24088,9.14177,9.04405,8.94773,8.85283,8.75935,
 ,135,8.83824,8.86863,8.89851,8.92789,8.95676,8.98514,9.01303,9.04045,9.0674,9.09389,9.11994,9.14556,9.17076,9.19557,9.22,9.24407,9.2678,9.29121,9.31432,9.33717,9.35976,9.38215,9.40433,9.42636,9.44825,9.47004,9.49177,9.51347,9.53516,9.55689,9.5787,9.60062,9.62269,9.64496,9.66746,9.69024,9.71335,9.73683,9.76072,9.78508,9.80996,9.83539,9.86145,9.88819,9.91565,9.94389,9.97299,10.003,10.034,10.066,10.0991,10.1333,10.1688,10.2057,10.2439,10.2836,10.3248,10.3677,10.4123,10.4587,10.5071,10.5575,10.61,10.6648,10.7219,10.7815,10.8437,10.9086,10.9765,11.0474,11.1214,11.1989,11.2799,11.3647,11.4533,11.5462,11.6434,11.7453,11.852,11.9639,12.0813,12.2044,12.3336,12.4693,12.6119,12.7618,12.9194,13.0852,13.2598,13.4437,13.6376,13.8421,14.0578,14.2858,14.5267,14.7815,15.0512,15.337,15.6401,15.9617,16.3035,16.6669,17.0539,17.4662,17.9062,18.3763,18.879,19.4174,19.9949,20.6151,21.2822,22.0008,22.7761,23.6142,24.5217,25.5061,26.576,27.7412,29.013,30.4039,31.9288,33.6045,35.4505,37.4892,39.7469,42.2538,45.0452,48.1622,51.653,55.5734,59.9888,64.9749,70.6194,77.0227,84.2983,92.5718,101.977,112.651,124.714,138.253,153.279,169.674,187.12,205.014,222.412,238.022,250.332,257.882,259.655,255.401,245.721,231.868,215.364,197.652,179.884,162.856,147.039,132.66,119.774,108.334,98.2361,89.3494,81.5381,74.6711,68.6278,63.3002,58.5934,54.4248,50.7233,47.4276,44.4853,41.8514,39.4874,37.3602,35.4412,33.7061,32.1336,30.7054,29.4057,28.2205,27.1379,26.1474,25.2395,24.4063,23.6406,22.9359,22.2868,21.6881,21.1356,20.625,20.153,19.7164,19.3122,18.9378,18.591,18.2695,17.9715,17.6953,17.4391,17.2015,16.9811,16.7768,16.5874,16.4119,16.2491,16.0984,15.9588,15.8295,15.71,15.5994,15.4972,15.4028,15.3157,15.2354,15.1614,15.0934,15.0308,14.9735,14.9209,14.8728,14.8289,14.7888,14.7523,14.719,14.6888,14.6613,14.6363,14.6134,14.5925,14.5732,14.5552,14.5384,14.5223,14.5068,14.4914,14.4759,14.46,14.4435,14.4259,14.407,14.3865,14.3641,14.3395,14.3125,14.2828,14.2502,14.2144,14.1752,14.1326,14.0862,14.0361,13.982,13.9239,13.8618,13.7957,13.7255,13.6512,13.5731,13.491,13.4052,13.3157,13.2228,13.1265,13.0271,12.9247,12.8196,12.712,12.6021,12.4901,12.3762,12.2607,12.1438,12.0257,11.9066,11.7868,11.6664,11.5456,11.4247,11.3037,11.1829,11.0624,10.9424,10.8229,10.7042,10.5862,10.4692,10.3533,10.2384,10.1247,10.0123,9.90114,9.79135,9.68296,9.57599,9.47048,9.36645,9.26392,9.16291,9.06341,8.96543,8.86898,
 ,134,8.94648,8.97716,9.0073,9.0369,9.06597,9.0945,9.12252,9.15003,9.17705,9.20357,9.22961,9.2552,9.28034,9.30505,9.32936,9.35327,9.37682,9.40001,9.42289,9.44546,9.46776,9.48982,9.51165,9.53331,9.5548,9.57617,9.59746,9.61869,9.63989,9.66111,9.6824,9.70377,9.72528,9.74697,9.76887,9.79104,9.81353,9.83637,9.85961,9.88331,9.90751,9.93227,9.95763,9.98367,10.0104,10.038,10.0663,10.0956,10.1258,10.1571,10.1894,10.223,10.2577,10.2938,10.3312,10.3702,10.4106,10.4527,10.4966,10.5422,10.5898,10.6394,10.6911,10.7451,10.8014,10.8602,10.9216,10.9857,11.0527,11.1227,11.196,11.2725,11.3527,11.4365,11.5243,11.6162,11.7124,11.8133,11.919,12.0299,12.1461,12.2681,12.3962,12.5307,12.672,12.8205,12.9767,13.1411,13.3141,13.4963,13.6884,13.891,14.1047,14.3305,14.569,14.8213,15.0883,15.3711,15.671,15.9891,16.327,16.6862,17.0685,17.4757,17.9101,18.3738,18.8695,19.4001,19.9689,20.5792,21.2353,21.9414,22.7027,23.5248,24.414,25.3776,26.4236,27.5613,28.8012,30.1553,31.6372,33.2627,35.0497,37.019,39.1943,41.6032,44.2775,47.2538,50.5747,54.2891,58.4533,63.1319,68.3981,74.3346,81.0321,88.5887,97.1047,106.676,117.382,129.263,142.296,156.347,171.123,186.118,200.562,213.429,223.524,229.695,231.134,227.644,219.71,208.325,194.691,179.944,165.005,150.525,136.914,124.39,113.036,102.846,93.7583,85.687,78.533,72.1963,66.5819,61.6024,57.1793,53.243,49.7327,46.5951,43.7843,41.2602,38.9885,36.9392,35.0864,33.4077,31.8836,30.4971,29.2336,28.08,27.025,26.0587,25.1724,24.3583,23.6097,22.9205,22.2854,21.6995,21.1586,20.6588,20.1968,19.7694,19.374,19.0078,18.6688,18.3548,18.0639,17.7945,17.5448,17.3136,17.0995,16.9012,16.7176,16.5478,16.3907,16.2454,16.1112,15.9872,15.8728,15.7672,15.67,15.5805,15.4983,15.4227,15.3535,15.2901,15.2322,15.1794,15.1313,15.0878,15.0483,15.0127,14.9807,14.952,14.9263,14.9033,14.8828,14.8645,14.8482,14.8335,14.8201,14.8079,14.7964,14.7853,14.7744,14.7633,14.7517,14.7393,14.7257,14.7107,14.6938,14.6749,14.6535,14.6294,14.6023,14.5719,14.538,14.5004,14.4589,14.4134,14.3635,14.3094,14.2508,14.1878,14.1202,14.0482,13.9718,13.891,13.8059,13.7167,13.6235,13.5265,13.4259,13.3218,13.2145,13.1043,12.9914,12.8759,12.7583,12.6387,12.5173,12.3945,12.2704,12.1454,12.0196,11.8932,11.7665,11.6397,11.5129,11.3864,11.2602,11.1347,11.0098,10.8857,10.7626,10.6406,10.5197,10.4,10.2817,10.1648,10.0493,9.93524,9.82275,9.71182,9.60248,9.49475,9.38866,9.28419,9.18138,9.0802,8.98066,
 ,133,9.05733,9.08831,9.1187,9.14853,9.17778,9.20648,9.23463,9.26223,9.2893,9.31584,9.34188,9.36743,9.39249,9.4171,9.44127,9.46501,9.48835,9.51131,9.53392,9.5562,9.57818,9.59989,9.62135,9.64261,9.66367,9.68459,9.7054,9.72613,9.74681,9.76749,9.78821,9.80901,9.82992,9.85098,9.87226,9.89378,9.9156,9.93776,9.96032,9.98331,10.0068,10.0308,10.0555,10.0808,10.1068,10.1335,10.1611,10.1896,10.2191,10.2495,10.2811,10.3138,10.3478,10.383,10.4197,10.4578,10.4974,10.5387,10.5817,10.6266,10.6733,10.722,10.7729,10.826,10.8815,10.9394,10.9999,11.0631,11.1292,11.1983,11.2706,11.3463,11.4254,11.5083,11.5951,11.6859,11.7811,11.8809,11.9855,12.0952,12.2103,12.331,12.4578,12.5909,12.7308,12.8778,13.0325,13.1951,13.3664,13.5468,13.7369,13.9373,14.1488,14.3721,14.608,14.8574,15.1214,15.4008,15.697,16.0112,16.3447,16.6992,17.0762,17.4776,17.9055,18.3622,18.85,19.3718,19.9307,20.5301,21.1737,21.8659,22.6114,23.4156,24.2844,25.2248,26.2442,27.3514,28.5561,29.8695,31.3041,32.8745,34.5971,36.4907,38.5767,40.8798,43.4283,46.2544,49.395,52.8922,56.7938,61.1535,66.0316,71.494,77.6118,84.4589,92.1081,100.624,110.053,120.407,131.642,143.628,156.109,168.667,180.684,191.342,199.682,204.771,205.951,203.061,196.504,187.088,175.782,163.492,150.95,138.682,127.032,116.196,106.265,97.2579,89.146,81.8743,75.3741,69.5719,64.395,59.7742,55.6463,51.9537,48.6453,45.6759,43.0057,40.5998,38.4278,36.4631,34.6824,33.0654,31.5944,30.2538,29.0301,27.9113,26.8869,25.9475,25.0851,24.2923,23.5627,22.8907,22.271,21.6993,21.1713,20.6835,20.2326,19.8156,19.4298,19.0728,18.7423,18.4365,18.1535,17.8916,17.6492,17.425,17.2176,17.0259,16.8488,16.6852,16.5342,16.3948,16.2664,16.1482,16.0394,15.9393,15.8475,15.7633,15.6862,15.6158,15.5516,15.4932,15.4402,15.3923,15.3491,15.3103,15.2757,15.2449,15.2176,15.1937,15.1728,15.1547,15.1391,15.1258,15.1143,15.1046,15.0962,15.0889,15.0824,15.0763,15.0702,15.0639,15.0571,15.0493,15.0401,15.0294,15.0166,15.0014,14.9836,14.9627,14.9385,14.9107,14.879,14.8432,14.8031,14.7584,14.709,14.6548,14.5957,14.5316,14.4626,14.3886,14.3098,14.2261,14.1378,14.0449,13.9476,13.8461,13.7407,13.6315,13.5189,13.4031,13.2843,13.1629,13.0391,12.9132,12.7855,12.6562,12.5257,12.3941,12.2618,12.129,11.9959,11.8628,11.7298,11.5971,11.4649,11.3334,11.2028,11.0731,10.9445,10.817,10.6909,10.5662,10.443,10.3213,10.2011,10.0827,9.96586,9.85078,9.73743,9.62583,9.516,9.40794,9.30166,9.19714,9.0944,
 ,132,9.17088,9.20215,9.23281,9.26287,9.29232,9.32118,9.34945,9.37714,9.40426,9.43082,9.45684,9.48234,9.50732,9.5318,9.55581,9.57936,9.60248,9.62519,9.64752,9.66948,9.69112,9.71246,9.73352,9.75434,9.77495,9.79538,9.81568,9.83588,9.85601,9.87611,9.89623,9.91641,9.93668,9.95709,9.9777,9.99853,10.0196,10.0411,10.0629,10.0852,10.1079,10.1311,10.155,10.1795,10.2047,10.2307,10.2575,10.2851,10.3137,10.3434,10.3741,10.406,10.4391,10.4735,10.5093,10.5465,10.5853,10.6257,10.6678,10.7118,10.7576,10.8055,10.8554,10.9076,10.9621,11.0191,11.0787,11.1409,11.2061,11.2742,11.3455,11.4201,11.4983,11.5801,11.6657,11.7555,11.8496,11.9482,12.0515,12.16,12.2737,12.3931,12.5185,12.6501,12.7884,12.9338,13.0867,13.2476,13.4169,13.5952,13.7831,13.9812,14.1901,14.4107,14.6437,14.89,15.1505,15.4263,15.7184,16.0282,16.3569,16.706,17.0772,17.4723,17.8931,18.3419,18.821,19.3331,19.8811,20.4684,21.0984,21.7753,22.5035,23.2881,24.1347,25.0498,26.0403,27.1143,28.281,29.5504,30.9343,32.4457,34.0994,35.9125,37.9039,40.0957,42.5123,45.1819,48.1359,51.41,55.0439,59.0817,63.5715,68.5649,74.1159,80.2786,87.1033,94.6307,102.884,111.856,121.494,131.675,142.183,152.676,162.658,171.475,178.355,182.547,183.514,181.128,175.718,167.942,158.58,148.356,137.854,127.498,117.57,108.244,99.6099,91.6996,84.5067,77.9998,72.1338,66.8567,62.1144,57.8539,54.0251,50.5816,47.4814,44.6865,42.1631,39.8813,37.8145,35.9395,34.2355,32.6844,31.2704,29.9792,28.7984,27.7172,26.7258,25.8157,24.9792,24.2095,23.5007,22.8474,22.2447,21.6884,21.1747,20.6999,20.2611,19.8553,19.4801,19.133,18.812,18.5152,18.2407,17.987,17.7525,17.5359,17.3359,17.1514,16.9813,16.8244,16.6801,16.5472,16.4251,16.3131,16.2103,16.1162,16.0301,15.9516,15.8801,15.8152,15.7563,15.7032,15.6555,15.6127,15.5747,15.541,15.5114,15.4857,15.4636,15.4448,15.4291,15.4162,15.4058,15.3977,15.3916,15.3872,15.3842,15.3823,15.3812,15.3804,15.3798,15.3788,15.3771,15.3744,15.3702,15.3641,15.3558,15.345,15.3311,15.3139,15.293,15.2681,15.2388,15.205,15.1664,15.1227,15.0739,15.0197,14.9601,14.8949,14.8243,14.7483,14.6668,14.58,14.488,14.391,14.2893,14.1829,14.0722,13.9575,13.839,13.717,13.5918,13.4638,13.3333,13.2006,13.0659,12.9296,12.7921,12.6535,12.5142,12.3744,12.2344,12.0945,11.9547,11.8155,11.6768,11.539,11.4021,11.2664,11.1319,10.9988,10.8671,10.737,10.6086,10.4819,10.3569,10.2337,10.1124,9.99293,9.87537,9.75972,9.64599,9.53418,9.42429,9.3163,9.21021,
 ,131,9.28722,9.31881,9.34974,9.38003,9.40968,9.4387,9.46709,9.49486,9.52203,9.54861,9.5746,9.60003,9.62491,9.64926,9.6731,9.69645,9.71933,9.74176,9.76378,9.78541,9.80667,9.8276,9.84823,9.86859,9.88871,9.90863,9.92839,9.94802,9.96756,9.98705,10.0065,10.026,10.0456,10.0654,10.0852,10.1053,10.1257,10.1464,10.1674,10.1889,10.2108,10.2333,10.2563,10.28,10.3043,10.3294,10.3554,10.3822,10.4099,10.4387,10.4685,10.4995,10.5317,10.5652,10.6,10.6364,10.6742,10.7137,10.7549,10.7979,10.8428,10.8897,10.9387,10.9899,11.0434,11.0994,11.158,11.2192,11.2833,11.3504,11.4206,11.4942,11.5712,11.6519,11.7364,11.8249,11.9178,12.0151,12.1172,12.2242,12.3366,12.4545,12.5783,12.7083,12.8449,12.9885,13.1395,13.2984,13.4656,13.6417,13.8271,14.0227,14.2289,14.4465,14.6763,14.9191,15.1759,15.4476,15.7354,16.0403,16.3638,16.7072,17.072,17.4601,17.8732,18.3134,18.7831,19.2847,19.821,20.3951,21.0104,21.6708,22.3803,23.1439,23.9667,24.8547,25.8143,26.8531,27.9793,29.2023,30.5325,31.9818,33.5635,35.2926,37.1859,39.2626,41.5439,44.0537,46.8186,49.8683,53.2351,56.9543,61.0637,65.6026,70.6107,76.1259,82.1809,88.7986,95.9853,103.722,111.951,120.561,129.368,138.091,146.331,153.567,159.188,162.602,163.387,161.444,157.032,150.669,142.972,134.515,125.762,117.058,108.636,100.647,93.1782,86.2684,79.9258,74.1367,68.8737,64.1019,59.7827,55.8765,52.3447,49.1507,46.2604,43.6429,41.2697,39.1156,37.1577,35.3759,33.7521,32.2702,30.916,29.6769,28.5417,27.5004,26.5443,25.6653,24.8565,24.1116,23.4251,22.7918,22.2074,21.6678,21.1693,20.7086,20.2828,19.8892,19.5254,19.1891,18.8783,18.5912,18.326,18.0811,17.8552,17.6469,17.4549,17.2782,17.1156,16.9661,16.8289,16.703,16.5878,16.4824,16.3861,16.2984,16.2185,16.1461,16.0806,16.0214,15.9683,15.9209,15.8786,15.8414,15.8088,15.7805,15.7564,15.736,15.7193,15.706,15.6957,15.6883,15.6836,15.6811,15.6807,15.6821,15.6849,15.6889,15.6936,15.6988,15.704,15.7088,15.7128,15.7157,15.717,15.7162,15.713,15.7068,15.6974,15.6843,15.6671,15.6454,15.619,15.5875,15.5506,15.5082,15.46,15.4058,15.3457,15.2794,15.2071,15.1287,15.0443,14.9541,14.8581,14.7567,14.65,14.5382,14.4218,14.3009,14.1759,14.0471,13.915,13.7798,13.6419,13.5017,13.3594,13.2156,13.0703,12.9241,12.7772,12.6299,12.4825,12.3351,12.1882,12.0418,11.8962,11.7516,11.6081,11.4659,11.3252,11.186,11.0485,10.9127,10.7787,10.6467,10.5166,10.3885,10.2624,10.1383,10.0164,9.89647,9.77866,9.66294,9.54928,9.43768,9.32812,
 ,130,9.40647,9.43837,9.46958,9.50011,9.52996,9.55914,9.58766,9.61551,9.64272,9.6693,9.69526,9.72062,9.74539,9.76958,9.79323,9.81636,9.83898,9.86112,9.8828,9.90406,9.92493,9.94543,9.9656,9.98546,10.0051,10.0244,10.0436,10.0626,10.0815,10.1004,10.1192,10.138,10.1569,10.1759,10.195,10.2143,10.2339,10.2538,10.274,10.2946,10.3157,10.3373,10.3594,10.3822,10.4057,10.4299,10.4549,10.4808,10.5076,10.5354,10.5643,10.5943,10.6256,10.6581,10.692,10.7274,10.7643,10.8028,10.843,10.885,10.9288,10.9747,11.0227,11.0729,11.1254,11.1803,11.2378,11.298,11.361,11.427,11.4961,11.5684,11.6443,11.7237,11.807,11.8943,11.9858,12.0817,12.1824,12.288,12.3988,12.5151,12.6373,12.7656,12.9004,13.0421,13.191,13.3478,13.5127,13.6863,13.8692,14.0619,14.2652,14.4796,14.706,14.9451,15.1979,15.4652,15.7482,16.048,16.3657,16.7029,17.061,17.4415,17.8464,18.2775,18.737,19.2273,19.7511,20.3112,20.9108,21.5536,22.2434,22.9847,23.7823,24.6417,25.5689,26.5707,27.6546,28.8291,30.1037,31.4887,32.9961,34.6391,36.4323,38.3921,40.5367,42.8863,45.4628,48.2905,51.3953,54.8049,58.548,62.6538,67.1502,72.0622,77.4091,83.2003,89.4306,96.0724,103.067,110.315,117.655,124.857,131.599,137.469,141.999,144.736,145.365,143.812,140.271,135.133,128.87,121.929,114.68,107.401,100.289,93.4765,87.0438,81.0354,75.469,70.3433,65.6446,61.3512,57.4368,53.8731,50.6311,47.6826,45.0007,42.5604,40.3383,38.3134,36.4664,34.7799,33.2384,31.8279,30.5358,29.3509,28.2632,27.2637,26.3445,25.4983,24.7188,24.0001,23.3371,22.7252,22.1602,21.6382,21.156,20.7104,20.2985,19.918,19.5664,19.2416,18.9418,18.665,18.4098,18.1745,17.9578,17.7584,17.5751,17.4067,17.2522,17.1107,16.9812,16.8629,16.755,16.6567,16.5675,16.4865,16.4134,16.3474,16.2882,16.2353,16.1883,16.1468,16.1105,16.079,16.0521,16.0296,16.0111,15.9965,15.9855,15.9779,15.9734,15.9719,15.9731,15.9767,15.9825,15.9901,15.9992,16.0095,16.0207,16.0322,16.0438,16.0551,16.0654,16.0745,16.0818,16.0869,16.0893,16.0885,16.0841,16.0756,16.0625,16.0446,16.0213,15.9924,15.9576,15.9166,15.8691,15.8151,15.7544,15.6869,15.6127,15.5318,15.4442,15.3502,15.2499,15.1435,15.0313,14.9136,14.7908,14.6631,14.531,14.3948,14.255,14.1119,13.9659,13.8174,13.6669,13.5147,13.3612,13.2067,13.0515,12.896,12.7405,12.5852,12.4305,12.2765,12.1234,11.9715,11.821,11.6719,11.5245,11.3789,11.2351,11.0932,10.9535,10.8158,10.6803,10.547,10.4159,10.287,10.1604,10.0361,9.91404,9.79423,9.67665,9.56129,9.44813,
 ,129,9.52874,9.56096,9.59246,9.62324,9.65329,9.68263,9.71127,9.7392,9.76645,9.79303,9.81894,9.84421,9.86885,9.89289,9.91633,9.93921,9.96154,9.98336,10.0047,10.0256,10.046,10.066,10.0857,10.1051,10.1241,10.1429,10.1614,10.1798,10.1981,10.2162,10.2343,10.2524,10.2705,10.2887,10.307,10.3255,10.3442,10.3633,10.3826,10.4023,10.4225,10.4432,10.4644,10.4863,10.5088,10.532,10.5561,10.581,10.6069,10.6337,10.6616,10.6906,10.7209,10.7524,10.7853,10.8196,10.8555,10.8929,10.9321,10.973,11.0159,11.0607,11.1076,11.1567,11.2081,11.2619,11.3182,11.3773,11.4391,11.5039,11.5718,11.643,11.7175,11.7957,11.8776,11.9636,12.0537,12.1482,12.2473,12.3514,12.4606,12.5752,12.6956,12.822,12.9549,13.0945,13.2413,13.3957,13.5582,13.7293,13.9094,14.0992,14.2992,14.5102,14.7329,14.9681,15.2165,15.4792,15.7571,16.0514,16.3631,16.6937,17.0445,17.4171,17.8131,18.2345,18.6833,19.1617,19.6722,20.2176,20.8008,21.4251,22.0942,22.8121,23.5835,24.4131,25.3066,26.2701,27.3104,28.4351,29.6525,30.9721,32.404,33.9599,35.6522,37.4951,39.5037,41.6948,44.0863,46.6977,49.5492,52.6621,56.0575,59.7562,63.7767,68.134,72.8372,77.8859,83.2666,88.9469,94.869,100.941,107.025,112.93,118.398,123.11,126.714,128.878,129.376,128.155,125.354,121.257,116.213,110.562,104.596,98.54,92.5607,86.7735,81.2546,76.0502,71.1842,66.6643,62.4869,58.6403,55.108,51.8707,48.9074,46.1971,43.7189,41.4531,39.3809,37.4848,35.749,34.1588,32.7007,31.3629,30.1342,29.0049,27.9662,27.0099,26.129,25.3169,24.5678,23.8765,23.2382,22.6487,22.104,21.6008,21.1357,20.7059,20.3089,19.9422,19.6036,19.2911,19.0029,18.7373,18.4927,18.2676,18.0608,17.871,17.6969,17.5375,17.3918,17.2588,17.1376,17.0274,16.9274,16.8368,16.7551,16.6814,16.6154,16.5564,16.5039,16.4576,16.417,16.3818,16.3517,16.3263,16.3055,16.2889,16.2764,16.2678,16.2628,16.2613,16.263,16.2677,16.2753,16.2853,16.2977,16.312,16.3279,16.3451,16.3632,16.3819,16.4005,16.4188,16.4361,16.4521,16.4661,16.4777,16.4864,16.4916,16.4928,16.4894,16.4811,16.4673,16.4477,16.4218,16.3893,16.3499,16.3034,16.2496,16.1883,16.1196,16.0433,15.9596,15.8685,15.7703,15.6651,15.5533,15.435,15.3108,15.1808,15.0457,14.9057,14.7613,14.613,14.4612,14.3063,14.1489,13.9893,13.828,13.6654,13.5018,13.3377,13.1733,13.0091,12.8452,12.6821,12.5198,12.3588,12.1991,12.041,11.8846,11.73,11.5775,11.4271,11.2789,11.1329,10.9893,10.8481,10.7093,10.573,10.4391,10.3077,10.1787,10.0522,9.92808,9.80642,9.68716,9.57025,
 ,128,9.65414,9.68671,9.7185,9.74952,9.77978,9.80929,9.83804,9.86606,9.89334,9.9199,9.94576,9.97093,9.99543,10.0193,10.0425,10.0651,10.0871,10.1086,10.1296,10.15,10.17,10.1895,10.2087,10.2275,10.2459,10.2641,10.282,10.2997,10.3172,10.3346,10.3519,10.3692,10.3865,10.4039,10.4214,10.439,10.4569,10.475,10.4934,10.5122,10.5314,10.5511,10.5714,10.5922,10.6138,10.636,10.6591,10.6829,10.7078,10.7336,10.7604,10.7884,10.8176,10.848,10.8799,10.9131,10.9479,10.9843,11.0223,11.0622,11.1039,11.1476,11.1933,11.2413,11.2915,11.3441,11.3993,11.4571,11.5178,11.5813,11.6479,11.7178,11.791,11.8678,11.9484,12.0329,12.1215,12.2145,12.312,12.4144,12.5219,12.6347,12.7532,12.8777,13.0085,13.146,13.2905,13.4424,13.6023,13.7706,13.9478,14.1344,14.3311,14.5385,14.7573,14.9883,15.2322,15.4899,15.7625,16.0509,16.3562,16.6798,17.023,17.3872,17.774,18.1852,18.6228,19.0887,19.5854,20.1153,20.6813,21.2865,21.9341,22.6279,23.3721,24.1712,25.0301,25.9544,26.9502,28.0242,29.1839,30.4373,31.7934,33.2622,34.8544,36.5816,38.4565,40.4929,42.705,45.1081,47.7178,50.5497,53.619,56.9394,60.5223,64.375,68.4989,72.8867,77.5196,82.3626,87.3597,92.4277,97.4489,102.265,106.671,110.426,113.269,114.965,115.357,114.408,112.215,108.975,104.942,100.37,95.4846,90.4676,85.4587,80.5589,75.839,71.3452,67.1052,63.1329,59.4316,55.9976,52.8217,49.8917,47.1933,44.7112,42.4298,40.3337,38.4082,36.6393,35.0137,33.5193,32.1449,30.8802,29.7157,28.6429,27.654,26.7419,25.9002,25.1232,24.4055,23.7425,23.1298,22.5636,22.0401,21.5563,21.1092,20.6962,20.3147,19.9625,19.6376,19.3381,19.0622,18.8084,18.5752,18.361,18.1647,17.9851,17.8209,17.6712,17.5349,17.4111,17.2988,17.1973,17.1058,17.0235,16.9497,16.8839,16.8254,16.7738,16.7285,16.6892,16.6554,16.6268,16.6032,16.5842,16.5697,16.5594,16.5532,16.5508,16.5521,16.557,16.5652,16.5765,16.5908,16.6078,16.6272,16.6487,16.672,16.6967,16.7224,16.7487,16.7752,16.8012,16.8262,16.8498,16.8714,16.8903,16.906,16.9179,16.9253,16.9279,16.9249,16.9158,16.9003,16.8778,16.848,16.8106,16.7652,16.7116,16.6498,16.5796,16.5011,16.4144,16.3194,16.2166,16.106,15.9881,15.8631,15.7315,15.5938,15.4503,15.3016,15.1481,14.9904,14.8291,14.6645,14.4972,14.3276,14.1564,13.9838,13.8104,13.6364,13.4625,13.2887,13.1156,12.9434,12.7723,12.6026,12.4346,12.2684,12.1041,11.942,11.7822,11.6247,11.4697,11.3172,11.1674,11.0202,10.8756,10.7337,10.5945,10.458,10.3242,10.193,10.0645,9.9386,9.81526,9.69447,
 ,127,9.78281,9.81572,9.84781,9.8791,9.90957,9.93924,9.96811,9.99619,10.0235,10.05,10.0758,10.1009,10.1252,10.1489,10.1719,10.1942,10.2159,10.237,10.2575,10.2775,10.297,10.316,10.3346,10.3528,10.3706,10.3881,10.4053,10.4223,10.4391,10.4557,10.4722,10.4887,10.5051,10.5216,10.5382,10.5549,10.5718,10.5889,10.6064,10.6242,10.6424,10.6611,10.6804,10.7002,10.7207,10.7419,10.7638,10.7866,10.8104,10.8351,10.8608,10.8877,10.9158,10.9451,10.9758,11.0079,11.0416,11.0768,11.1137,11.1524,11.1929,11.2354,11.28,11.3267,11.3757,11.4271,11.4811,11.5376,11.597,11.6592,11.7245,11.793,11.8648,11.9402,12.0193,12.1022,12.1893,12.2806,12.3765,12.4772,12.5829,12.6938,12.8103,12.9327,13.0613,13.1965,13.3386,13.488,13.6452,13.8105,13.9846,14.1679,14.3611,14.5647,14.7794,15.0059,15.245,15.4976,15.7645,16.0468,16.3455,16.6618,16.997,17.3524,17.7296,18.1303,18.5561,19.0091,19.4915,20.0055,20.5538,21.1391,21.7647,22.4338,23.1503,23.9181,24.7419,25.6265,26.5773,27.6004,28.702,29.8895,31.1703,32.553,34.0466,35.6606,37.4056,39.2924,41.3324,43.5372,45.9183,48.487,51.2534,54.2259,57.4102,60.808,64.4151,68.2197,72.1998,76.3198,80.5269,84.747,88.8799,92.796,96.3364,99.3189,101.556,102.883,103.191,102.457,100.746,98.1943,94.9814,91.2945,87.3058,83.1608,78.9751,74.8367,70.8095,66.9387,63.2536,59.7718,56.5017,53.4449,50.5982,47.9548,45.5054,43.2397,41.1463,39.2136,37.4303,35.7853,34.2679,32.8681,31.5766,30.3847,29.2844,28.2683,27.3296,26.4623,25.6605,24.9192,24.2337,23.5997,23.0133,22.471,21.9696,21.506,21.0775,20.6818,20.3165,19.9796,19.6691,19.3832,19.1204,18.8791,18.6578,18.4552,18.2702,18.1014,17.9479,17.8085,17.6822,17.5682,17.4656,17.3734,17.2909,17.2175,17.1523,17.0948,17.0445,17.0007,16.963,16.931,16.9044,16.8828,16.866,16.8537,16.8458,16.842,16.8423,16.8464,16.8544,16.8659,16.881,16.8993,16.9207,16.945,16.972,17.0013,17.0325,17.0654,17.0994,17.1341,17.169,17.2036,17.2372,17.2693,17.2992,17.3263,17.3499,17.3693,17.3839,17.393,17.3961,17.3924,17.3816,17.363,17.3363,17.3011,17.257,17.2039,17.1415,17.0698,16.9888,16.8987,16.7995,16.6914,16.5749,16.4502,16.3177,16.178,16.0315,15.8788,15.7204,15.5569,15.3889,15.2169,15.0415,14.8634,14.6829,14.5007,14.3173,14.1331,13.9485,13.7641,13.5801,13.3969,13.2149,13.0343,12.8553,12.6783,12.5034,12.3308,12.1606,11.993,11.828,11.6658,11.5065,11.35,11.1964,11.0458,10.8981,10.7534,10.6116,10.4727,10.3367,10.2035,10.0732,9.94562,9.8208,
 ,126,9.91487,9.94814,9.98054,10.0121,10.0428,10.0726,10.1016,10.1297,10.1571,10.1836,10.2093,10.2342,10.2584,10.2818,10.3046,10.3266,10.3479,10.3686,10.3887,10.4082,10.4272,10.4457,10.4636,10.4812,10.4983,10.5151,10.5316,10.5478,10.5638,10.5796,10.5952,10.6108,10.6263,10.6419,10.6575,10.6732,10.6892,10.7053,10.7217,10.7385,10.7557,10.7733,10.7914,10.8102,10.8295,10.8496,10.8705,10.8921,10.9147,10.9383,10.9629,10.9886,11.0155,11.0437,11.0732,11.1041,11.1365,11.1706,11.2062,11.2437,11.283,11.3243,11.3676,11.4131,11.4608,11.5109,11.5635,11.6188,11.6768,11.7376,11.8015,11.8685,11.9389,12.0128,12.0903,12.1717,12.2571,12.3468,12.4409,12.5397,12.6435,12.7525,12.8669,12.9872,13.1135,13.2462,13.3858,13.5325,13.6868,13.8491,14.02,14.1998,14.3893,14.5889,14.7993,15.0212,15.2553,15.5025,15.7635,16.0395,16.3312,16.64,16.9669,17.3133,17.6805,18.0702,18.484,18.9237,19.3913,19.889,20.4192,20.9843,21.5874,22.2314,22.9197,23.6561,24.4444,25.2891,26.195,27.1672,28.2113,29.3335,30.5402,31.8385,33.2359,34.7404,36.3601,38.1038,39.9801,41.9977,44.1649,46.4891,48.9766,51.6318,54.456,57.4467,60.5963,63.8902,67.3048,70.8055,74.344,77.8551,81.2549,84.439,87.2846,89.6563,91.4198,92.4605,92.7052,92.1372,90.8003,88.7891,86.2293,83.2573,80.0035,76.5823,73.0887,69.5979,66.167,62.8382,59.6412,56.5955,53.7127,50.9983,48.453,46.0743,43.8571,41.7947,39.8793,38.1026,36.4558,34.9305,33.5182,32.2109,31.0008,29.8808,28.8442,27.8846,26.9962,26.1737,25.4122,24.707,24.0541,23.4496,22.8901,22.3723,21.8934,21.4506,21.0414,20.6637,20.3152,19.9942,19.6987,19.4271,19.178,18.9498,18.7412,18.5509,18.3778,18.2206,18.0784,17.95,17.8345,17.731,17.6386,17.5565,17.4838,17.4198,17.3639,17.3153,17.2735,17.2381,17.2085,17.1843,17.1652,17.1509,17.1412,17.1358,17.1347,17.1377,17.1448,17.1557,17.1705,17.189,17.2112,17.2369,17.2659,17.298,17.333,17.3707,17.4105,17.4522,17.4953,17.5392,17.5835,17.6275,17.6706,17.7122,17.7514,17.7876,17.8201,17.848,17.8706,17.8873,17.8972,17.8997,17.8943,17.8802,17.8571,17.8244,17.7819,17.7293,17.6663,17.593,17.5093,17.4154,17.3114,17.1976,17.0743,16.9421,16.8013,16.6525,16.4963,16.3333,16.1641,15.9894,15.8099,15.6262,15.439,15.2488,15.0564,14.8622,14.6668,14.4709,14.2747,14.0789,13.8837,13.6897,13.4971,13.3062,13.1173,12.9306,12.7464,12.5648,12.386,12.2101,12.0372,11.8674,11.7007,11.5373,11.377,11.22,11.0662,10.9157,10.7683,10.6241,10.4831,10.3451,10.2102,10.0782,9.94922,
 ,125,10.0505,10.0841,10.1168,10.1486,10.1795,10.2095,10.2386,10.2669,10.2942,10.3207,10.3463,10.3711,10.3951,10.4183,10.4407,10.4624,10.4833,10.5036,10.5232,10.5422,10.5607,10.5785,10.5959,10.6127,10.6292,10.6452,10.6609,10.6763,10.6914,10.7063,10.721,10.7357,10.7503,10.7648,10.7794,10.7942,10.809,10.8241,10.8394,10.8551,10.8712,10.8877,10.9047,10.9223,10.9405,10.9594,10.979,10.9995,11.0209,11.0433,11.0666,11.0911,11.1168,11.1437,11.172,11.2017,11.2329,11.2656,11.3001,11.3362,11.3743,11.4142,11.4562,11.5004,11.5468,11.5956,11.6468,11.7006,11.7572,11.8166,11.879,11.9446,12.0134,12.0857,12.1616,12.2413,12.3251,12.413,12.5053,12.6022,12.704,12.8109,12.9231,13.0411,13.165,13.2953,13.4321,13.576,13.7274,13.8865,14.054,14.2303,14.4159,14.6113,14.8173,15.0344,15.2633,15.5049,15.7599,16.0292,16.3139,16.6148,16.9332,17.2702,17.6273,18.0057,18.4072,18.8333,19.2858,19.7669,20.2787,20.8234,21.4037,22.0224,22.6824,23.3871,24.14,24.945,25.8062,26.7281,27.7155,28.7736,29.9079,31.1243,32.4288,33.8278,35.3279,36.9357,38.6577,40.5,42.4683,44.5672,46.7999,49.1676,51.6687,54.2978,57.0451,59.8946,62.8226,65.7967,68.7734,71.6967,74.4972,77.0917,79.386,81.2801,82.6779,83.4999,83.6958,83.2544,82.2053,80.6137,78.5681,76.1674,73.5095,70.684,67.7677,64.8238,61.9026,59.0426,56.2723,53.6118,51.0745,48.6684,46.3973,44.2615,42.2591,40.3863,38.6381,37.0088,35.4921,34.0815,32.7706,31.5529,30.4223,29.3728,28.3988,27.495,26.6565,25.8787,25.1574,24.4885,23.8684,23.2938,22.7615,22.2687,21.8127,21.3912,21.0018,20.6426,20.3115,20.0069,19.727,19.4704,19.2356,19.0212,18.8259,18.6486,18.4881,18.3433,18.2131,18.0965,17.9926,17.9004,17.819,17.7476,17.6854,17.6316,17.5855,17.5465,17.5139,17.4873,17.4662,17.4502,17.439,17.4323,17.43,17.4318,17.4378,17.4478,17.4618,17.4797,17.5016,17.5274,17.557,17.5903,17.6273,17.6678,17.7114,17.7579,17.8071,17.8584,17.9113,17.9654,18.02,18.0745,18.1282,18.1803,18.23,18.2764,18.3189,18.3564,18.3881,18.4133,18.431,18.4406,18.4413,18.4324,18.4134,18.3838,18.3431,18.2912,18.2277,18.1526,18.0659,17.9677,17.8584,17.7381,17.6074,17.4666,17.3165,17.1575,16.9904,16.8159,16.6348,16.4477,16.2554,16.0587,15.8583,15.6549,15.4492,15.2418,15.0335,14.8246,14.6158,14.4075,14.2003,13.9944,13.7904,13.5884,13.3888,13.1918,12.9976,12.8064,12.6184,12.4337,12.2524,12.0745,11.9001,11.7293,11.562,11.3983,11.2381,11.0814,10.9283,10.7785,10.6322,10.4892,10.3495,10.213,10.0797,
 ,124,10.1897,10.2237,10.2568,10.2889,10.32,10.3502,10.3794,10.4077,10.435,10.4615,10.487,10.5116,10.5354,10.5583,10.5805,10.6018,10.6223,10.6421,10.6613,10.6797,10.6975,10.7147,10.7314,10.7475,10.7632,10.7785,10.7933,10.8078,10.822,10.836,10.8498,10.8635,10.877,10.8906,10.9041,10.9177,10.9315,10.9454,10.9596,10.9742,10.989,11.0043,11.0202,11.0365,11.0535,11.0712,11.0896,11.1088,11.129,11.15,11.1722,11.1954,11.2198,11.2454,11.2724,11.3008,11.3306,11.3621,11.3951,11.43,11.4667,11.5053,11.5459,11.5887,11.6337,11.681,11.7309,11.7832,11.8383,11.8962,11.9571,12.0211,12.0884,12.159,12.2333,12.3112,12.3932,12.4792,12.5696,12.6645,12.7642,12.869,12.979,13.0946,13.2161,13.3437,13.4778,13.6188,13.767,13.9229,14.0869,14.2594,14.441,14.6322,14.8336,15.0457,15.2693,15.5051,15.7539,16.0165,16.2937,16.5867,16.8963,17.2239,17.5705,17.9375,18.3263,18.7386,19.176,19.6402,20.1334,20.6575,21.215,21.8083,22.4401,23.1132,23.831,24.5966,25.4137,26.2862,27.2181,28.2139,29.278,30.4153,31.6306,32.929,34.3156,35.7953,37.3727,39.052,40.8368,42.7294,44.7306,46.8395,49.0524,51.3621,53.7575,56.2224,58.7341,61.2628,63.7703,66.2092,68.5227,70.6452,72.5046,74.027,75.1437,75.7987,75.9575,75.6124,74.7837,73.5165,71.8734,69.9265,67.7492,65.4109,62.9732,60.4889,58.001,55.5441,53.1447,50.8226,48.5919,46.4621,44.4386,42.5243,40.7192,39.022,37.43,35.9392,34.5456,33.2442,32.0304,30.899,29.8452,28.8642,27.9514,27.1025,26.3132,25.5797,24.8983,24.2655,23.6783,23.1336,22.6288,22.1612,21.7286,21.3287,20.9595,20.6193,20.3061,20.0184,19.7548,19.5137,19.2938,19.0938,18.9126,18.749,18.6019,18.4701,18.3528,18.2488,18.1573,18.0772,18.0077,17.9479,17.8969,17.8541,17.8186,17.7897,17.767,17.7498,17.7377,17.7303,17.7274,17.7286,17.7339,17.7431,17.7563,17.7734,17.7945,17.8196,17.8488,17.882,17.9193,17.9607,18.0061,18.0553,18.1081,18.1643,18.2235,18.2852,18.3489,18.4142,18.4802,18.5463,18.6117,18.6756,18.737,18.795,18.8487,18.8971,18.9392,18.9741,19.0008,19.0184,19.0261,19.0232,19.009,18.9829,18.9445,18.8933,18.8293,18.7522,18.6622,18.5594,18.444,18.3164,18.1773,18.027,17.8663,17.6959,17.5167,17.3293,17.1347,16.9338,16.7273,16.5161,16.3011,16.0831,15.8628,15.6409,15.4182,15.1952,14.9726,14.7508,14.5304,14.3118,14.0953,13.8813,13.6702,13.4621,13.2573,13.0559,12.8581,12.664,12.4737,12.2872,12.1047,11.9261,11.7514,11.5806,11.4137,11.2507,11.0915,10.936,10.7841,10.6359,10.4913,10.3501,10.2123,
 ,123,10.3328,10.3672,10.4006,10.433,10.4644,10.4947,10.524,10.5524,10.5797,10.6061,10.6315,10.656,10.6795,10.7022,10.7239,10.7449,10.765,10.7843,10.8029,10.8208,10.8379,10.8545,10.8704,10.8858,10.9006,10.915,10.929,10.9426,10.9559,10.9689,10.9816,10.9942,11.0067,11.0191,11.0316,11.044,11.0566,11.0694,11.0824,11.0957,11.1093,11.1234,11.1379,11.153,11.1687,11.1851,11.2022,11.2201,11.239,11.2587,11.2795,11.3014,11.3244,11.3487,11.3743,11.4013,11.4298,11.4599,11.4916,11.525,11.5603,11.5975,11.6367,11.678,11.7216,11.7675,11.8158,11.8667,11.9202,11.9766,12.0358,12.0982,12.1638,12.2328,12.3052,12.3814,12.4615,12.5456,12.634,12.7269,12.8245,12.927,13.0347,13.1478,13.2667,13.3916,13.5229,13.6609,13.8059,13.9584,14.1188,14.2875,14.4649,14.6517,14.8484,15.0554,15.2736,15.5035,15.7459,16.0015,16.2713,16.556,16.8568,17.1746,17.5106,17.8661,18.2422,18.6405,19.0625,19.5099,19.9844,20.4879,21.0226,21.5906,22.1943,22.8363,23.5193,24.2462,25.0202,25.8445,26.7225,27.6578,28.6543,29.7157,30.846,32.049,33.3286,34.6882,36.131,37.6597,39.276,40.9806,42.7728,44.65,46.6069,48.6358,50.7249,52.8583,55.0152,57.1687,59.2859,61.3271,63.2461,64.9914,66.5081,67.7414,68.6415,69.1689,69.2995,69.0277,68.3679,67.3517,66.0238,64.4368,62.6459,60.7048,58.6627,56.5628,54.442,52.3304,50.2521,48.226,46.266,44.3823,42.5816,40.868,39.2434,37.7079,36.2606,34.8994,33.6214,32.4234,31.3019,30.2531,29.2732,28.3585,27.5052,26.7097,25.9686,25.2786,24.6367,24.0398,23.4853,22.9706,22.4932,22.0511,21.642,21.264,20.9154,20.5945,20.2997,20.0295,19.7825,19.5575,19.3532,19.1684,19.0019,18.8527,18.7198,18.602,18.4983,18.4079,18.3296,18.2625,18.2058,18.1585,18.1197,18.0886,18.0645,18.0467,18.0344,18.0272,18.0246,18.0263,18.0319,18.0413,18.0545,18.0713,18.0918,18.1161,18.1444,18.1767,18.2133,18.2542,18.2995,18.3492,18.4034,18.4618,18.5244,18.5909,18.6609,18.734,18.8095,18.887,18.9657,19.0447,19.1232,19.2003,19.2749,19.3459,19.4124,19.4731,19.527,19.5729,19.6099,19.6367,19.6526,19.6566,19.6479,19.6259,19.5901,19.54,19.4754,19.3962,19.3025,19.1944,19.0722,18.9365,18.7878,18.6267,18.4542,18.271,18.078,17.8762,17.6665,17.4501,17.2277,17.0005,16.7693,16.5351,16.2986,16.0607,15.8222,15.5838,15.346,15.1095,14.8748,14.6423,14.4124,14.1855,13.9619,13.7419,13.5256,13.3133,13.1051,12.901,12.7012,12.5057,12.3145,12.1277,11.9452,11.7671,11.5931,11.4234,11.2578,11.0963,10.9388,10.7852,10.6354,10.4893,10.3469,
 ,122,10.4799,10.5147,10.5485,10.5811,10.6127,10.6432,10.6727,10.7011,10.7284,10.7547,10.78,10.8043,10.8276,10.8499,10.8713,10.8919,10.9115,10.9303,10.9483,10.9655,10.982,10.9978,11.013,11.0276,11.0416,11.0551,11.0681,11.0807,11.093,11.1049,11.1166,11.1281,11.1394,11.1507,11.162,11.1732,11.1846,11.1961,11.2078,11.2198,11.2322,11.2449,11.2581,11.2719,11.2862,11.3012,11.317,11.3335,11.351,11.3693,11.3887,11.4092,11.4308,11.4537,11.4779,11.5035,11.5305,11.5592,11.5894,11.6214,11.6552,11.6909,11.7287,11.7685,11.8105,11.8549,11.9016,11.9509,12.0029,12.0576,12.1152,12.1759,12.2398,12.307,12.3777,12.452,12.5301,12.6123,12.6986,12.7894,12.8847,12.9849,13.0902,13.2008,13.3171,13.4392,13.5676,13.7024,13.8442,13.9932,14.1498,14.3146,14.4878,14.6701,14.8619,15.0638,15.2763,15.5002,15.7361,15.9847,16.2468,16.5233,16.8151,17.1231,17.4484,17.7921,18.1555,18.5398,18.9464,19.3768,19.8327,20.3157,20.8277,21.3707,21.9467,22.558,23.207,23.8961,24.628,25.4054,26.2313,27.1086,28.0402,29.0294,30.079,31.192,32.3711,33.6188,34.937,36.327,37.7895,39.3238,40.928,42.5984,44.3292,46.112,47.9353,49.7841,51.6394,53.4777,55.2708,56.9857,58.5854,60.0292,61.2752,62.2827,63.0152,63.4445,63.5533,63.338,62.8084,61.9872,60.9066,59.6055,58.1254,56.5078,54.792,53.0133,51.2024,49.3857,47.5846,45.8164,44.0946,42.4294,40.8282,39.2958,37.8354,36.4482,35.1346,33.8936,32.7238,31.6231,30.589,29.6188,28.7096,27.8586,27.0627,26.3191,25.625,24.9776,24.3745,23.813,23.2908,22.8058,22.356,21.9392,21.5538,21.198,20.8703,20.569,20.2929,20.0407,19.8109,19.6026,19.4144,19.2454,19.0944,18.9605,18.8425,18.7395,18.6505,18.5745,18.5106,18.4576,18.4147,18.3809,18.3552,18.3369,18.3251,18.319,18.318,18.3214,18.3289,18.3401,18.3547,18.3725,18.3936,18.4181,18.446,18.4775,18.513,18.5526,18.5966,18.6452,18.6986,18.757,18.8203,18.8885,18.9615,19.039,19.1207,19.2061,19.2946,19.3856,19.4782,19.5716,19.6648,19.7567,19.8461,19.9319,20.0129,20.0876,20.155,20.2136,20.2623,20.2998,20.325,20.337,20.3348,20.3176,20.2849,20.2361,20.171,20.0894,19.9915,19.8774,19.7476,19.6026,19.4431,19.2699,19.0839,18.8861,18.6777,18.4596,18.2331,17.9992,17.7592,17.514,17.2647,17.0125,16.7582,16.5026,16.2468,15.9913,15.737,15.4844,15.2341,14.9865,14.7421,14.5013,14.2643,14.0315,13.803,13.579,13.3596,13.1449,12.935,12.7299,12.5297,12.3342,12.1436,11.9576,11.7763,11.5996,11.4274,11.2596,11.0962,10.9369,10.7818,10.6307,10.4835,
 ,121,10.6311,10.6664,10.7005,10.7335,10.7653,10.796,10.8255,10.854,10.8813,10.9075,10.9326,10.9567,10.9798,11.0018,11.0228,11.0429,11.062,11.0803,11.0976,11.1142,11.13,11.145,11.1593,11.173,11.1861,11.1987,11.2107,11.2223,11.2335,11.2443,11.2549,11.2652,11.2753,11.2854,11.2954,11.3053,11.3154,11.3256,11.336,11.3466,11.3576,11.369,11.3808,11.3931,11.4061,11.4197,11.434,11.4491,11.4651,11.482,11.4999,11.5189,11.539,11.5604,11.5832,11.6073,11.6328,11.6599,11.6887,11.7192,11.7514,11.7856,11.8218,11.8601,11.9005,11.9433,11.9884,12.0361,12.0864,12.1395,12.1954,12.2543,12.3164,12.3818,12.4506,12.523,12.5991,12.6792,12.7635,12.852,12.9451,13.0429,13.1457,13.2537,13.3672,13.4865,13.6118,13.7435,13.8819,14.0274,14.1802,14.3409,14.5099,14.6875,14.8744,15.071,15.2778,15.4956,15.7249,15.9663,16.2207,16.4889,16.7716,17.0697,17.3842,17.7162,18.0668,18.4371,18.8283,19.2419,19.6793,20.142,20.6316,21.1499,21.6987,22.2799,22.8956,23.5479,24.2391,24.9713,25.7471,26.5687,27.4386,28.3592,29.3327,30.3612,31.4466,32.5904,33.7937,35.0568,36.3793,37.7598,39.1956,40.6822,42.2136,43.7814,45.3746,46.9795,48.5789,50.1526,51.6767,53.124,54.4646,55.6667,56.6981,57.5282,58.1301,58.4833,58.5754,58.4037,57.9753,57.3066,56.4212,55.3479,54.1184,52.7647,51.3181,49.8073,48.258,46.6927,45.1302,43.5863,42.0735,40.6017,39.1784,37.8091,36.4974,35.2456,34.0548,32.9251,31.8561,30.8464,29.8946,28.9989,28.157,27.3669,26.6263,25.9328,25.2843,24.6784,24.1132,23.5864,23.0962,22.6407,22.2181,21.8267,21.465,21.1315,20.8247,20.5435,20.2865,20.0526,19.8405,19.6494,19.4781,19.3255,19.1908,19.0729,18.9709,18.8837,18.8104,18.7499,18.7013,18.6636,18.6356,18.6165,18.6052,18.6007,18.6022,18.6089,18.6199,18.6348,18.6529,18.674,18.6978,18.7243,18.7535,18.7856,18.8208,18.8594,18.9019,18.9487,19.0001,19.0564,19.1181,19.1853,19.2581,19.3365,19.4205,19.5099,19.6042,19.7031,19.8058,19.9116,20.0198,20.1292,20.2388,20.3473,20.4536,20.5561,20.6535,20.7443,20.827,20.9002,20.9624,21.0122,21.0483,21.0696,21.0749,21.0634,21.0343,20.9871,20.9215,20.8373,20.7347,20.6138,20.4753,20.3197,20.148,19.9609,19.7597,19.5455,19.3195,19.0831,18.8375,18.5841,18.3241,18.0589,17.7896,17.5173,17.2431,16.9681,16.6931,16.419,16.1465,15.8763,15.609,15.3451,15.085,14.8291,14.5777,14.3312,14.0895,13.853,13.6218,13.3958,13.1752,12.96,12.7501,12.5456,12.3463,12.1522,11.9632,11.7792,11.6002,11.4259,11.2562,11.0912,10.9305,10.7742,10.622,
 ,120,10.7867,10.8224,10.8569,10.8902,10.9222,10.9531,10.9828,11.0112,11.0385,11.0647,11.0896,11.1135,11.1362,11.1579,11.1785,11.1981,11.2167,11.2343,11.2511,11.2669,11.2819,11.2961,11.3096,11.3224,11.3345,11.346,11.357,11.3675,11.3775,11.3872,11.3965,11.4056,11.4145,11.4232,11.4319,11.4405,11.4492,11.458,11.467,11.4762,11.4858,11.4957,11.506,11.5169,11.5283,11.5404,11.5532,11.5668,11.5813,11.5967,11.6131,11.6305,11.6492,11.669,11.6902,11.7127,11.7367,11.7623,11.7895,11.8184,11.8491,11.8816,11.9162,11.9529,11.9917,12.0328,12.0763,12.1223,12.1708,12.2222,12.2763,12.3334,12.3937,12.4571,12.524,12.5944,12.6685,12.7465,12.8286,12.9149,13.0056,13.101,13.2013,13.3066,13.4173,13.5337,13.6559,13.7843,13.9193,14.0611,14.2101,14.3667,14.5312,14.7042,14.8861,15.0773,15.2784,15.49,15.7126,15.9468,16.1934,16.4531,16.7267,17.0149,17.3187,17.639,17.9768,18.3331,18.7091,19.106,19.5251,19.9678,20.4354,20.9295,21.4516,22.0036,22.5869,23.2036,23.8554,24.5442,25.272,26.0406,26.8519,27.7077,28.6096,29.5591,30.5574,31.6053,32.703,33.8502,35.0459,36.288,37.5732,38.897,40.2531,41.6334,43.0278,44.4237,45.8063,47.1578,48.4584,49.6856,50.8155,51.823,52.6832,53.373,53.8724,54.1661,54.2451,54.1075,53.7584,53.2099,52.4794,51.5887,50.5619,49.424,48.1999,46.9128,45.5841,44.233,42.8758,41.5265,40.1967,38.8956,37.6307,36.4076,35.2303,34.1016,33.0233,31.9963,31.0206,30.096,29.2214,28.3959,27.6179,26.8858,26.198,25.5527,24.9482,24.3826,23.8543,23.3615,22.9026,22.4761,22.0805,21.7143,21.3763,21.0651,20.7796,20.5185,20.2809,20.0657,19.8719,19.6985,19.5446,19.4093,19.2917,19.1907,19.1056,19.0353,18.9788,18.9351,18.9032,18.882,18.8704,18.8673,18.8716,18.8822,18.8982,18.9187,18.9428,18.9698,18.9992,19.0307,19.0641,19.0994,19.1366,19.1762,19.2185,19.264,19.3133,19.3669,19.4255,19.4895,19.5594,19.6355,19.7181,19.8072,19.9029,20.0049,20.1129,20.2263,20.3446,20.467,20.5923,20.7196,20.8477,20.975,21.1003,21.2218,21.338,21.4472,21.5476,21.6375,21.7153,21.7794,21.8281,21.8601,21.8742,21.8694,21.8446,21.7994,21.7333,21.6462,21.5382,21.4097,21.2613,21.0936,20.9078,20.705,20.4864,20.2535,20.0076,19.7504,19.4833,19.2079,18.9256,18.6378,18.346,18.0515,17.7553,17.4587,17.1626,16.8679,16.5756,16.2862,16.0003,15.7186,15.4415,15.1694,14.9025,14.6412,14.3855,14.1357,13.8918,13.6539,13.4219,13.196,12.976,12.7619,12.5536,12.3509,12.1539,11.9623,11.776,11.5949,11.4189,11.2478,11.0814,10.9197,10.7624,
 ,119,10.9467,10.9829,11.0178,11.0514,11.0837,11.1148,11.1446,11.1731,11.2003,11.2264,11.2512,11.2748,11.2972,11.3185,11.3386,11.3577,11.3757,11.3927,11.4087,11.4238,11.438,11.4513,11.4639,11.4757,11.4868,11.4972,11.5071,11.5164,11.5252,11.5336,11.5417,11.5495,11.557,11.5644,11.5717,11.5789,11.5861,11.5935,11.601,11.6087,11.6167,11.6251,11.6339,11.6432,11.6531,11.6636,11.6749,11.6869,11.6997,11.7135,11.7283,11.7442,11.7612,11.7795,11.799,11.8199,11.8423,11.8662,11.8918,11.919,11.9481,11.979,12.0119,12.0469,12.084,12.1234,12.1652,12.2094,12.2562,12.3057,12.3581,12.4133,12.4717,12.5332,12.5981,12.6664,12.7385,12.8143,12.8941,12.9781,13.0664,13.1593,13.2569,13.3596,13.4674,13.5808,13.6999,13.825,13.9564,14.0945,14.2396,14.392,14.5521,14.7203,14.8971,15.0829,15.2782,15.4835,15.6994,15.9265,16.1653,16.4165,16.681,16.9593,17.2523,17.5609,17.886,18.2285,18.5894,18.9699,19.371,19.794,20.24,20.7105,21.2067,21.7302,22.2823,22.8646,23.4786,24.1258,24.8078,25.5261,26.282,27.0768,27.9118,28.7878,29.7054,30.6648,31.6659,32.7077,33.7887,34.9065,36.0575,37.2372,38.4393,39.6564,40.8791,42.0963,43.2948,44.4596,45.5742,46.62,47.5777,48.4277,49.1505,49.7285,50.1465,50.3933,50.462,50.3513,50.0649,49.6119,49.0054,48.2619,47.3999,46.4391,45.3992,44.2992,43.1569,41.9882,40.8075,39.627,38.4571,37.3066,36.1824,35.09,34.0338,33.0169,32.0413,31.1085,30.2192,29.3736,28.5712,27.8116,27.0939,26.4169,25.7795,25.1804,24.6182,24.0915,23.599,23.1393,22.7111,22.3132,21.9442,21.603,21.2885,20.9996,20.7354,20.4947,20.2768,20.0807,19.9055,19.7505,19.6147,19.4974,19.3977,19.3147,19.2475,19.1952,19.1568,19.1313,19.1175,19.1143,19.1206,19.1351,19.1566,19.1838,19.2158,19.2513,19.2895,19.3296,19.371,19.4134,19.4566,19.5007,19.5459,19.5927,19.6417,19.6936,19.7492,19.8093,19.8746,19.946,20.0239,20.109,20.2016,20.3018,20.4098,20.5253,20.648,20.7775,20.9129,21.0535,21.198,21.3454,21.4942,21.6428,21.7896,21.9328,22.0705,22.2007,22.3215,22.4308,22.5267,22.6073,22.6707,22.7154,22.7398,22.7427,22.7231,22.6803,22.6137,22.5234,22.4094,22.2721,22.1122,21.9307,21.7288,21.5079,21.2695,21.0152,20.7467,20.4659,20.1744,19.8741,19.5666,19.2536,18.9367,18.6172,18.2966,17.976,17.6566,17.3394,17.0252,16.7148,16.4088,16.1078,15.8122,15.5225,15.239,14.9618,14.6911,14.427,14.1697,13.919,13.6751,13.4379,13.2072,12.983,12.7652,12.5536,12.3482,12.1487,11.9549,11.7668,11.5841,11.4068,11.2345,11.0672,10.9047,
 ,118,11.1115,11.1482,11.1835,11.2174,11.25,11.2812,11.3111,11.3397,11.3669,11.3928,11.4174,11.4407,11.4628,11.4837,11.5034,11.5219,11.5393,11.5556,11.5709,11.5851,11.5984,11.6108,11.6224,11.6331,11.6431,11.6524,11.6611,11.6692,11.6768,11.6839,11.6906,11.697,11.7031,11.709,11.7148,11.7205,11.7263,11.7321,11.738,11.7442,11.7506,11.7574,11.7646,11.7722,11.7805,11.7894,11.7989,11.8093,11.8205,11.8326,11.8457,11.8599,11.8753,11.8918,11.9097,11.929,11.9496,11.9719,11.9957,12.0213,12.0486,12.0778,12.109,12.1422,12.1776,12.2153,12.2552,12.2977,12.3426,12.3903,12.4407,12.4941,12.5504,12.61,12.6728,12.7391,12.809,12.8826,12.9601,13.0417,13.1275,13.2179,13.3129,13.4127,13.5177,13.628,13.7439,13.8656,13.9935,14.1278,14.2689,14.4171,14.5727,14.7361,14.9078,15.0882,15.2776,15.4766,15.6858,15.9056,16.1366,16.3794,16.6347,16.9032,17.1856,17.4826,17.7951,18.1239,18.47,18.8343,19.2177,19.6214,20.0464,20.4939,20.965,21.4609,21.9829,22.5322,23.11,23.7176,24.3561,25.0267,25.7304,26.4682,27.2407,28.0483,28.8914,29.7697,30.6825,31.6286,32.6062,33.6126,34.6443,35.6965,36.7637,37.8387,38.9131,39.9771,41.0194,42.0271,42.9863,43.882,44.6985,45.4202,46.032,46.5201,46.8732,47.0825,47.143,47.0537,46.8175,46.4411,45.9344,45.3103,44.583,43.7681,42.8814,41.9383,40.9534,39.9404,38.9114,37.8772,36.8472,35.8292,34.8297,33.8542,32.9069,31.991,31.1091,30.2627,29.453,28.6805,27.9455,27.2477,26.5867,25.9618,25.3723,24.8172,24.2956,23.8064,23.3485,22.921,22.5227,22.1527,21.8099,21.4934,21.2022,20.9356,20.6927,20.4726,20.2746,20.0979,19.9419,19.8057,19.6887,19.5902,19.5093,19.4453,19.3973,19.3643,19.3455,19.3397,19.3457,19.3624,19.3884,19.4223,19.4628,19.5084,19.5579,19.61,19.6637,19.7179,19.7721,19.8259,19.8791,19.9319,19.9848,20.0383,20.0934,20.1509,20.2121,20.2779,20.3494,20.4276,20.5133,20.6073,20.71,20.8217,20.9426,21.0725,21.2112,21.3581,21.5124,21.6731,21.8391,22.009,22.1812,22.3539,22.5253,22.6933,22.8556,23.0101,23.1543,23.2861,23.403,23.5028,23.5834,23.6428,23.6794,23.6915,23.6781,23.6382,23.5713,23.4772,23.3562,23.2088,23.0358,22.8384,22.618,22.3763,22.1151,21.8363,21.542,21.2342,20.915,20.5865,20.2506,19.9092,19.5641,19.2169,18.869,18.5219,18.1767,17.8346,17.4964,17.163,16.835,16.5131,16.1976,15.8889,15.5874,15.2932,15.0064,14.7272,14.4555,14.1914,13.9348,13.6856,13.4437,13.209,12.9812,12.7603,12.5461,12.3383,12.1368,11.9414,11.7519,11.568,11.3897,11.2167,11.0488,
 ,117,11.2812,11.3184,11.3541,11.3884,11.4213,11.4527,11.4827,11.5112,11.5384,11.5642,11.5886,11.6116,11.6333,11.6538,11.6729,11.6908,11.7076,11.7231,11.7376,11.751,11.7634,11.7748,11.7853,11.7949,11.8038,11.8119,11.8193,11.826,11.8323,11.838,11.8433,11.8482,11.8528,11.8572,11.8615,11.8656,11.8697,11.8739,11.8782,11.8827,11.8875,11.8925,11.898,11.904,11.9105,11.9177,11.9255,11.9342,11.9436,11.954,11.9654,11.9778,11.9914,12.0062,12.0224,12.0398,12.0588,12.0792,12.1013,12.1251,12.1507,12.1781,12.2075,12.2389,12.2725,12.3083,12.3464,12.387,12.4301,12.4758,12.5243,12.5757,12.6301,12.6876,12.7483,12.8124,12.8801,12.9514,13.0266,13.1058,13.1891,13.2768,13.3691,13.4661,13.5681,13.6753,13.788,13.9063,14.0306,14.1611,14.2982,14.4421,14.5932,14.7518,14.9183,15.0932,15.2768,15.4695,15.6719,15.8844,16.1077,16.3421,16.5884,16.8471,17.1189,17.4045,17.7046,18.02,18.3514,18.6999,19.0661,19.451,19.8555,20.2807,20.7275,21.1969,21.6899,22.2075,22.7508,23.3207,23.9181,24.5438,25.1985,25.8829,26.5972,27.3416,28.116,28.9199,29.7523,30.6118,31.4963,32.403,33.3285,34.2684,35.2172,36.1685,37.1148,38.0476,38.9568,39.8319,40.6611,41.432,42.132,42.7487,43.2701,43.6856,43.9862,44.1654,44.2194,44.1473,43.9515,43.6369,43.2114,42.6847,42.0682,41.3741,40.6151,39.8039,38.9525,38.0724,37.1741,36.2668,35.3589,34.4574,33.5685,32.6973,31.8477,31.0232,30.2263,29.4589,28.7224,28.0177,27.3451,26.7051,26.0973,25.5216,24.9775,24.4643,23.9815,23.5282,23.1038,22.7074,22.3382,21.9954,21.6783,21.3861,21.1181,20.8736,20.6519,20.4525,20.2746,20.1178,19.9813,19.8646,19.7672,19.6882,19.6272,19.5833,19.5558,19.5437,19.546,19.5617,19.5895,19.6281,19.6759,19.7315,19.7932,19.8593,19.9284,19.9989,20.0695,20.1391,20.207,20.2726,20.336,20.3974,20.4573,20.5168,20.577,20.6392,20.7048,20.7753,20.8521,20.9364,21.0293,21.1318,21.2446,21.3681,21.5026,21.648,21.8039,21.9698,22.1449,22.328,22.518,22.7132,22.9119,23.112,23.3114,23.5077,23.6984,23.8808,24.0523,24.2101,24.3515,24.4739,24.5746,24.6514,24.7023,24.7253,24.7192,24.6829,24.6157,24.5175,24.3884,24.2293,24.0411,23.8253,23.5835,23.3178,23.0303,22.7233,22.3993,22.0608,21.7101,21.3496,20.9815,20.6081,20.2313,19.8529,19.4747,19.0981,18.7244,18.3549,17.9904,17.6318,17.2799,16.9351,16.598,16.2689,15.948,15.6356,15.3317,15.0363,14.7494,14.471,14.201,13.9392,13.6855,13.4397,13.2015,12.9709,12.7475,12.5311,12.3216,12.1186,11.922,11.7315,11.5469,11.368,11.1946,
 ,116,11.456,11.4937,11.5299,11.5646,11.5977,11.6293,11.6594,11.688,11.7151,11.7407,11.7649,11.7876,11.8089,11.8289,11.8475,11.8648,11.8808,11.8956,11.9092,11.9217,11.9331,11.9434,11.9528,11.9613,11.9689,11.9757,11.9817,11.9871,11.9919,11.9962,11.9999,12.0033,12.0064,12.0091,12.0117,12.0142,12.0167,12.0191,12.0217,12.0244,12.0274,12.0307,12.0344,12.0386,12.0434,12.0487,12.0547,12.0615,12.0692,12.0778,12.0873,12.0979,12.1097,12.1227,12.137,12.1526,12.1698,12.1884,12.2087,12.2306,12.2543,12.2799,12.3075,12.337,12.3687,12.4027,12.4389,12.4775,12.5187,12.5625,12.609,12.6583,12.7106,12.766,12.8246,12.8865,12.9519,13.0209,13.0937,13.1704,13.2512,13.3363,13.4258,13.52,13.619,13.723,13.8324,13.9472,14.0679,14.1946,14.3276,14.4672,14.6137,14.7675,14.9289,15.0982,15.2759,15.4624,15.6581,15.8634,16.0789,16.305,16.5423,16.7913,17.0527,17.327,17.6149,17.9171,18.2343,18.5673,18.9167,19.2833,19.668,20.0717,20.495,20.9389,21.4042,21.8917,22.4021,22.9362,23.4948,24.0782,24.6871,25.3216,25.982,26.668,27.3793,28.1152,28.8745,29.6555,30.4563,31.274,32.1052,32.9458,33.7908,34.6345,35.4701,36.29,37.086,37.8487,38.5686,39.2354,39.8389,40.369,40.8163,41.1725,41.4305,41.5854,41.6341,41.576,41.4129,41.1488,40.7896,40.343,39.818,39.2244,38.5725,37.8725,37.1345,36.3682,35.5824,34.7853,33.9841,33.1852,32.3943,31.6159,30.8541,30.112,29.3923,28.6971,28.0277,27.3854,26.7709,26.1846,25.6267,25.0972,24.5959,24.1226,23.6767,23.2579,22.8656,22.4992,22.1582,21.842,21.55,21.2817,21.0365,20.814,20.6136,20.4349,20.2774,20.1406,20.0242,19.9276,19.8503,19.7919,19.7518,19.7293,19.7237,19.7341,19.7595,19.7988,19.8506,19.9135,19.9857,20.0656,20.1511,20.2404,20.3315,20.4226,20.512,20.5985,20.681,20.7591,20.8327,20.9022,20.9685,21.0328,21.0967,21.162,21.2306,21.3043,21.3849,21.4742,21.5735,21.6841,21.8069,21.9424,22.0911,22.2528,22.4274,22.6141,22.8121,23.0203,23.2371,23.4609,23.6895,23.9208,24.1523,24.3812,24.6046,24.8194,25.0226,25.2108,25.3808,25.5295,25.654,25.7513,25.8191,25.8551,25.8578,25.8257,25.7583,25.6553,25.517,25.3443,25.1384,24.9011,24.6344,24.3408,24.0229,23.6835,23.3254,22.9516,22.5648,22.1678,21.7633,21.3537,20.9413,20.5281,20.116,19.7066,19.3013,18.9015,18.5081,18.122,17.7439,17.3744,17.014,16.6628,16.3212,15.9892,15.6669,15.3543,15.0513,14.7578,14.4736,14.1986,13.9324,13.675,13.426,13.1852,12.9523,12.727,12.5091,12.2983,12.0944,11.897,11.706,11.5211,11.3419,
 ,115,11.6362,11.6745,11.7111,11.7462,11.7796,11.8114,11.8416,11.8702,11.8972,11.9227,11.9466,11.969,11.9899,12.0093,12.0273,12.0439,12.0592,12.0731,12.0858,12.0973,12.1076,12.1169,12.1251,12.1323,12.1386,12.144,12.1486,12.1526,12.1558,12.1585,12.1607,12.1624,12.1638,12.1649,12.1658,12.1665,12.1671,12.1678,12.1686,12.1695,12.1706,12.1721,12.1739,12.1762,12.179,12.1825,12.1866,12.1915,12.1973,12.204,12.2116,12.2203,12.2302,12.2413,12.2537,12.2675,12.2827,12.2994,12.3178,12.3378,12.3597,12.3833,12.409,12.4366,12.4664,12.4984,12.5326,12.5693,12.6085,12.6502,12.6947,12.742,12.7921,12.8454,12.9018,12.9614,13.0245,13.0912,13.1615,13.2357,13.3139,13.3963,13.483,13.5742,13.6702,13.7711,13.8771,13.9885,14.1055,14.2283,14.3572,14.4925,14.6345,14.7834,14.9396,15.1035,15.2754,15.4556,15.6446,15.8427,16.0505,16.2684,16.4968,16.7363,16.9874,17.2507,17.5267,17.816,18.1192,18.437,18.7701,19.1191,19.4847,19.8675,20.2683,20.6878,21.1266,21.5853,22.0646,22.565,23.0869,23.6307,24.1967,24.7849,25.3953,26.0275,26.6809,27.3547,28.0475,28.7578,29.4833,30.2214,30.9689,31.7219,32.4759,33.2257,33.9654,34.6884,35.3875,36.0549,36.6826,37.2621,37.7851,38.2435,38.6297,38.9371,39.1602,39.2951,39.3396,39.293,39.1567,38.934,38.6294,38.2491,37.8003,37.2907,36.7287,36.1229,35.4816,34.8128,34.1242,33.4228,32.7149,32.0064,31.3022,30.6066,29.9234,29.2556,28.6059,27.9764,27.3686,26.7838,26.2229,25.6866,25.1753,24.6893,24.2284,23.7927,23.3821,22.9961,22.6346,22.2971,21.9834,21.693,21.4255,21.1806,20.958,20.7572,20.578,20.42,20.283,20.1667,20.0707,19.9947,19.9385,19.9016,19.8835,19.8838,19.9018,19.9365,19.9871,20.0524,20.1309,20.2209,20.3207,20.428,20.5406,20.6562,20.7723,20.8867,20.9973,21.1024,21.2008,21.2919,21.3756,21.4526,21.524,21.5915,21.6572,21.7235,21.7929,21.8678,21.9506,22.0433,22.1478,22.2657,22.3981,22.5458,22.7092,22.8884,23.083,23.2926,23.516,23.7521,23.999,24.255,24.5178,24.7847,25.0529,25.3193,25.5805,25.833,26.073,26.2967,26.5004,26.6802,26.8326,26.9543,27.0422,27.0937,27.1068,27.0801,27.0126,26.904,26.7549,26.5663,26.3396,26.0772,25.7815,25.4554,25.1022,24.7251,24.3277,23.9132,23.4851,23.0466,22.6006,22.15,21.6974,21.2451,20.7951,20.3492,19.9091,19.4758,19.0507,18.6345,18.2279,17.8315,17.4458,17.0708,16.7069,16.354,16.0122,15.6813,15.3612,15.0517,14.7526,14.4636,14.1844,13.9149,13.6545,13.4031,13.1603,12.9258,12.6993,12.4805,12.269,12.0646,11.8669,11.6758,11.4908,
 ,114,11.8221,11.8609,11.898,11.9334,11.9672,11.9992,12.0295,12.0581,12.085,12.1103,12.1339,12.156,12.1764,12.1953,12.2126,12.2285,12.2429,12.256,12.2677,12.2781,12.2873,12.2954,12.3023,12.3082,12.3131,12.3171,12.3202,12.3226,12.3242,12.3253,12.3258,12.3258,12.3254,12.3247,12.3237,12.3226,12.3214,12.3201,12.3189,12.3179,12.3171,12.3166,12.3165,12.3168,12.3177,12.3191,12.3213,12.3242,12.328,12.3327,12.3383,12.3451,12.353,12.3621,12.3725,12.3843,12.3976,12.4123,12.4287,12.4468,12.4667,12.4884,12.512,12.5377,12.5655,12.5954,12.6277,12.6623,12.6995,12.7391,12.7815,12.8267,12.8747,12.9257,12.9799,13.0372,13.098,13.1622,13.2301,13.3017,13.3773,13.4569,13.5408,13.6291,13.722,13.8197,13.9224,14.0303,14.1435,14.2625,14.3873,14.5183,14.6557,14.7998,14.9508,15.1092,15.2753,15.4493,15.6316,15.8227,16.0229,16.2326,16.4523,16.6825,16.9235,17.1759,17.4402,17.7169,18.0066,18.3098,18.627,18.9589,19.306,19.6689,20.0481,20.4442,20.8578,21.2892,21.739,22.2075,22.6951,23.2018,23.7278,24.273,24.8372,25.4198,26.0202,26.6373,27.2699,27.9162,28.5742,29.2413,29.9145,30.5901,31.2642,31.9321,32.5886,33.228,33.844,34.4303,34.9799,35.4859,35.9414,36.34,36.6754,36.9425,37.1369,37.2554,37.2962,37.2591,37.145,36.9565,36.6973,36.3721,35.9869,35.548,35.0621,34.5362,33.9775,33.3926,32.788,32.1699,31.5438,30.9148,30.2874,29.6656,29.0528,28.452,27.8657,27.296,26.7445,26.2126,25.7013,25.2115,24.7436,24.2982,23.8754,23.4753,23.098,22.7433,22.4113,22.1016,21.8142,21.5488,21.3052,21.0833,20.8827,20.7035,20.5453,20.4081,20.2918,20.1961,20.121,20.0663,20.0318,20.0174,20.0227,20.0472,20.0905,20.1517,20.23,20.324,20.4323,20.5529,20.6838,20.8225,20.9662,21.112,21.2569,21.398,21.5326,21.6586,21.7744,21.8791,21.9727,22.056,22.1308,22.1992,22.2641,22.3286,22.3959,22.4693,22.5517,22.6458,22.7539,22.878,23.0195,23.1792,23.3579,23.5557,23.7722,24.0067,24.2583,24.5255,24.8064,25.0989,25.4004,25.708,26.0184,26.3282,26.6332,26.9295,27.2126,27.4781,27.7214,27.938,28.1236,28.2741,28.386,28.4561,28.4819,28.4616,28.3941,28.2791,28.1173,27.9099,27.6589,27.3669,27.0371,26.673,26.2785,25.8577,25.4146,24.9532,24.4776,23.9915,23.4983,23.0013,22.5033,22.0071,21.5147,21.0282,20.5493,20.0792,19.6191,19.17,18.7324,18.3069,17.8938,17.4932,17.1054,16.7301,16.3674,16.0171,15.6789,15.3525,15.0377,14.7341,14.4413,14.1591,13.8869,13.6245,13.3715,13.1274,12.892,12.6649,12.4456,12.2339,12.0295,11.832,11.6411,
 ,113,12.0137,12.0532,12.0908,12.1266,12.1607,12.1929,12.2233,12.2519,12.2788,12.3038,12.3272,12.3488,12.3687,12.387,12.4037,12.4188,12.4323,12.4444,12.4551,12.4644,12.4724,12.4792,12.4847,12.4892,12.4926,12.4951,12.4966,12.4973,12.4973,12.4966,12.4953,12.4935,12.4912,12.4886,12.4857,12.4826,12.4794,12.4762,12.473,12.4699,12.4671,12.4645,12.4623,12.4606,12.4594,12.4588,12.4588,12.4597,12.4614,12.464,12.4676,12.4723,12.4781,12.4852,12.4935,12.5033,12.5145,12.5272,12.5416,12.5576,12.5754,12.5951,12.6167,12.6404,12.6661,12.694,12.7242,12.7567,12.7917,12.8293,12.8695,12.9125,12.9583,13.0071,13.0589,13.114,13.1723,13.2341,13.2995,13.3685,13.4414,13.5183,13.5993,13.6847,13.7745,13.8689,13.9682,14.0726,14.1822,14.2972,14.4179,14.5446,14.6774,14.8167,14.9626,15.1156,15.2758,15.4437,15.6195,15.8036,15.9963,16.198,16.4091,16.63,16.8612,17.103,17.3559,17.6204,17.8969,18.1858,18.4878,18.8032,19.1325,19.4763,19.8349,20.2087,20.5983,21.0039,21.4258,21.8644,22.3196,22.7917,23.2805,23.7859,24.3074,24.8444,25.3963,25.9618,26.5398,27.1284,27.7258,28.3294,28.9365,29.5438,30.1477,30.744,31.3282,31.8953,32.4401,32.9569,33.4401,33.8839,34.2827,34.6311,34.9241,35.1576,35.328,35.4329,35.4709,35.4416,35.346,35.1859,34.9645,34.6856,34.3539,33.9745,33.5531,33.0955,32.6076,32.095,31.5633,31.0178,30.4633,29.9044,29.3451,28.789,28.2394,27.6989,27.17,26.6547,26.1547,25.6714,25.2058,24.759,24.3316,23.9242,23.5371,23.1706,22.8249,22.5,22.1961,21.9131,21.651,21.4098,21.1894,20.9899,20.811,20.653,20.5157,20.3993,20.3036,20.2289,20.1751,20.1423,20.1304,20.1395,20.1694,20.2199,20.2904,20.3805,20.4891,20.6151,20.7567,20.9121,21.0786,21.2534,21.4331,21.614,21.7924,21.9646,22.1269,22.2766,22.4114,22.5304,22.6334,22.7216,22.7973,22.8635,22.9239,22.9828,23.0442,23.1124,23.1912,23.284,23.3936,23.5223,23.672,23.8437,24.0382,24.2557,24.4958,24.7578,25.0407,25.3427,25.6618,25.9957,26.3414,26.6957,27.0548,27.4147,27.7707,28.1182,28.4518,28.7664,29.0566,29.3168,29.5419,29.727,29.8677,29.9601,30.0011,29.9886,29.9213,29.7988,29.622,29.3923,29.1124,28.7855,28.4154,28.0066,27.5638,27.0918,26.5956,26.08,25.5496,25.0088,24.4617,23.9119,23.3627,22.817,22.2772,21.7455,21.2236,20.7129,20.2145,19.7293,19.258,18.8008,18.3582,17.9301,17.5166,17.1175,16.7326,16.3617,16.0043,15.6602,15.3288,15.0099,14.7029,14.4074,14.123,13.8492,13.5856,13.3317,13.0871,12.8513,12.6241,12.405,12.1937,11.9897,11.7927,
 ,112,12.2116,12.2516,12.2898,12.3261,12.3604,12.3928,12.4234,12.452,12.4787,12.5035,12.5265,12.5477,12.5671,12.5848,12.6007,12.615,12.6276,12.6387,12.6482,12.6563,12.6631,12.6685,12.6726,12.6756,12.6774,12.6782,12.6781,12.677,12.6752,12.6726,12.6694,12.6657,12.6614,12.6568,12.6519,12.6467,12.6414,12.6361,12.6308,12.6256,12.6206,12.6159,12.6115,12.6076,12.6042,12.6014,12.5994,12.598,12.5976,12.598,12.5995,12.602,12.6057,12.6106,12.6168,12.6245,12.6335,12.6442,12.6564,12.6703,12.6861,12.7036,12.7231,12.7446,12.7682,12.794,12.8221,12.8525,12.8854,12.9208,12.9588,12.9995,13.0431,13.0896,13.1391,13.1918,13.2477,13.307,13.3698,13.4362,13.5064,13.5805,13.6586,13.741,13.8277,13.9189,14.0148,14.1156,14.2215,14.3326,14.4493,14.5716,14.6999,14.8344,14.9752,15.1228,15.2773,15.4391,15.6084,15.7856,15.9709,16.1648,16.3675,16.5794,16.8009,17.0324,17.2742,17.5268,17.7905,18.0657,18.3529,18.6525,18.9648,19.2902,19.6291,19.9818,20.3486,20.7297,21.1254,21.5358,21.9609,22.4006,22.8548,23.3233,23.8054,24.3007,24.8081,25.3267,25.8552,26.3918,26.9347,27.4817,28.0301,28.577,29.1191,29.6527,30.174,30.6785,31.1617,31.619,32.0455,32.4365,32.7872,33.0933,33.3507,33.556,33.7065,33.8,33.8356,33.8129,33.7326,33.5964,33.4068,33.1668,32.8803,32.5515,32.1851,31.7859,31.3588,30.9087,30.4403,29.9582,29.4666,28.9696,28.4707,27.9733,27.4802,26.994,26.517,26.0512,25.5982,25.1595,24.7361,24.3292,23.9394,23.5674,23.2138,22.8789,22.563,22.2664,21.9893,21.7318,21.4941,21.2762,21.0783,20.9006,20.743,20.6058,20.4893,20.3934,20.3186,20.265,20.2329,20.2226,20.2341,20.2679,20.3238,20.4018,20.5019,20.6233,20.7654,20.927,21.1063,21.3012,21.5087,21.7254,21.9472,22.1695,22.3874,22.5961,22.7909,22.9678,23.124,23.2579,23.3696,23.4605,23.5336,23.5932,23.6443,23.6923,23.7429,23.8012,23.8721,23.96,24.0683,24.1997,24.3564,24.5397,24.7505,24.989,25.2547,25.547,25.8646,26.2057,26.568,26.9488,27.3451,27.7529,28.1682,28.5863,29.0018,29.4091,29.8023,30.175,30.5207,30.8329,31.1053,31.3319,31.5072,31.6265,31.6861,31.6831,31.6162,31.4849,31.2901,31.034,30.7196,30.3511,29.9333,29.4716,28.9718,28.4398,27.8816,27.3029,26.7092,26.1056,25.4967,24.8869,24.2796,23.6782,23.0853,22.5032,21.9336,21.3781,20.8376,20.3131,19.805,19.3136,18.8391,18.3815,17.9405,17.516,17.1076,16.7148,16.3372,15.9744,15.6257,15.2908,14.9689,14.6597,14.3626,14.077,13.8024,13.5383,13.2842,13.0397,12.8044,12.5777,12.3592,12.1486,11.9455,
 ,111,12.4158,12.4566,12.4953,12.532,12.5667,12.5993,12.6299,12.6585,12.6851,12.7097,12.7324,12.7531,12.7719,12.7889,12.804,12.8174,12.829,12.839,12.8474,12.8542,12.8596,12.8635,12.8661,12.8675,12.8677,12.8667,12.8648,12.8619,12.8581,12.8536,12.8484,12.8426,12.8362,12.8295,12.8224,12.8151,12.8076,12.8,12.7925,12.785,12.7778,12.7708,12.7642,12.758,12.7523,12.7473,12.7429,12.7393,12.7366,12.7348,12.734,12.7343,12.7357,12.7384,12.7424,12.7479,12.7547,12.7632,12.7732,12.785,12.7985,12.8139,12.8313,12.8506,12.872,12.8957,12.9215,12.9498,12.9804,13.0136,13.0493,13.0878,13.1291,13.1732,13.2204,13.2706,13.3241,13.3808,13.4411,13.5048,13.5723,13.6436,13.7188,13.7981,13.8817,13.9697,14.0622,14.1595,14.2616,14.3689,14.4815,14.5995,14.7233,14.853,14.9888,15.131,15.2799,15.4356,15.5986,15.7689,15.947,16.1332,16.3277,16.5308,16.7429,16.9643,17.1954,17.4364,17.6878,17.9498,18.2228,18.5072,18.8032,19.1111,19.4312,19.7638,20.109,20.467,20.838,21.222,21.6188,22.0285,22.4506,22.8849,23.3308,23.7877,24.2546,24.7305,25.2141,25.7038,26.1978,26.6941,27.1903,27.6837,28.1714,28.6501,29.1164,29.5665,29.9966,30.4027,30.7806,31.1264,31.4363,31.7065,31.9338,32.1154,32.249,32.333,32.3665,32.3493,32.2821,32.166,32.0032,31.7961,31.548,31.2623,30.9429,30.5939,30.2193,29.8234,29.4102,28.9836,28.5473,28.105,27.6597,27.2146,26.7722,26.3349,25.9049,25.4841,25.074,24.6761,24.2916,23.9215,23.5666,23.2278,22.9055,22.6003,22.3126,22.0428,21.7911,21.558,21.3436,21.1482,20.9721,20.8155,20.6787,20.562,20.4659,20.3906,20.3366,20.3043,20.2942,20.3069,20.3427,20.4021,20.4855,20.593,20.7248,20.8805,21.0596,21.261,21.4829,21.7229,21.9779,22.2436,22.5151,22.7866,23.0518,23.3042,23.5375,23.7464,23.9268,24.0766,24.1957,24.2861,24.352,24.3991,24.4342,24.4646,24.4974,24.5397,24.5975,24.6759,24.7793,24.9109,25.0732,25.2676,25.4951,25.7559,26.0495,26.3752,26.7315,27.1164,27.5275,27.9618,28.4158,28.8853,29.3656,29.8513,30.3362,30.814,31.2774,31.719,32.1309,32.5053,32.8345,33.1111,33.3283,33.4804,33.5625,33.5714,33.505,33.3631,33.1468,32.8588,32.5031,32.0848,31.6101,31.0855,30.5183,29.9156,29.2846,28.6323,27.9652,27.2891,26.6095,25.9312,25.2582,24.5941,23.9417,23.3034,22.681,22.076,21.4894,20.9219,20.3738,19.8454,19.3366,18.8473,18.377,17.9254,17.492,17.0761,16.6773,16.2948,15.9281,15.5764,15.2391,14.9157,14.6053,14.3075,14.0216,13.7471,13.4833,13.2299,12.9861,12.7517,12.526,12.3087,12.0993,
 ,110,12.6268,12.6683,12.7076,12.7448,12.7798,12.8127,12.8434,12.8719,12.8984,12.9227,12.945,12.9652,12.9834,12.9996,13.0139,13.0263,13.0369,13.0457,13.0528,13.0583,13.0622,13.0646,13.0656,13.0652,13.0636,13.0608,13.0569,13.0521,13.0463,13.0397,13.0323,13.0244,13.0158,13.0068,12.9975,12.9879,12.978,12.9682,12.9582,12.9484,12.9388,12.9294,12.9204,12.9119,12.9038,12.8964,12.8896,12.8837,12.8786,12.8744,12.8713,12.8692,12.8684,12.8687,12.8705,12.8736,12.8782,12.8843,12.8922,12.9017,12.9129,12.9261,12.9412,12.9583,12.9775,12.9989,13.0225,13.0485,13.0769,13.1078,13.1412,13.1774,13.2163,13.2581,13.3028,13.3506,13.4016,13.4558,13.5134,13.5745,13.6392,13.7076,13.7799,13.8562,13.9367,14.0214,14.1105,14.2042,14.3027,14.4061,14.5146,14.6284,14.7477,14.8726,15.0035,15.1404,15.2837,15.4335,15.5902,15.7539,15.9249,16.1035,16.2899,16.4845,16.6875,16.8991,17.1198,17.3497,17.5891,17.8384,18.0978,18.3675,18.6479,18.9392,19.2414,19.5549,19.8798,20.2161,20.5639,20.923,21.2935,21.6752,22.0676,22.4703,22.8829,23.3045,23.7344,24.1715,24.6144,25.0618,25.5119,25.9629,26.4126,26.8586,27.2982,27.7286,28.1469,28.5496,28.9336,29.2955,29.6316,29.9388,30.2137,30.4534,30.6551,30.8165,30.9359,31.0119,31.0436,31.0312,30.9749,30.8759,30.7358,30.5568,30.3414,30.0926,29.8136,29.5078,29.1788,28.8299,28.4648,28.0869,27.6994,27.3054,26.9079,26.5094,26.1124,25.7192,25.3317,24.9518,24.5809,24.2204,23.8717,23.5356,23.2131,22.905,22.612,22.3347,22.0735,21.829,21.6016,21.3917,21.1996,21.0258,20.8707,20.7346,20.618,20.5215,20.4454,20.3905,20.3572,20.3464,20.3587,20.3948,20.4556,20.5417,20.654,20.7929,20.9589,21.152,21.3719,21.6178,21.888,22.1799,22.4901,22.8136,23.1443,23.4749,23.7973,24.1027,24.3827,24.6297,24.8381,25.0047,25.1294,25.2149,25.267,25.2936,25.3038,25.3074,25.314,25.3323,25.37,25.4334,25.5275,25.6563,25.8222,26.027,26.2717,26.5563,26.8804,27.2429,27.6423,28.0765,28.5429,29.0381,29.5583,30.0988,30.6543,31.2187,31.7851,32.3457,32.8923,33.4159,33.9071,34.3563,34.7541,35.0913,35.3595,35.5515,35.6613,35.6847,35.6193,35.4646,35.2223,34.8957,34.49,34.0117,33.4686,32.8688,32.2213,31.535,30.8185,30.0801,29.3275,28.5677,27.8069,27.0504,26.3028,25.5679,24.8488,24.1479,23.467,22.8075,22.1703,21.556,20.9646,20.3962,19.8506,19.3272,18.8257,18.3454,17.8855,17.4454,17.0242,16.6212,16.2355,15.8664,15.5131,15.1749,14.8509,14.5405,14.2431,13.9578,13.6841,13.4215,13.1692,12.9269,12.6939,12.4697,12.254,
 ,109,12.8449,12.8871,12.927,12.9647,13.0001,13.0332,13.064,13.0925,13.1188,13.1428,13.1647,13.1843,13.2019,13.2173,13.2307,13.242,13.2515,13.259,13.2648,13.2688,13.2711,13.2719,13.2711,13.269,13.2655,13.2607,13.2548,13.2479,13.2399,13.2311,13.2215,13.2112,13.2004,13.189,13.1773,13.1652,13.1529,13.1406,13.1282,13.1159,13.1038,13.0919,13.0804,13.0693,13.0588,13.0488,13.0396,13.0312,13.0236,13.017,13.0114,13.0069,13.0036,13.0016,13.0009,13.0017,13.0039,13.0077,13.0132,13.0204,13.0294,13.0402,13.053,13.0678,13.0847,13.1038,13.1251,13.1488,13.1748,13.2034,13.2345,13.2683,13.3049,13.3442,13.3865,13.4318,13.4803,13.5319,13.5869,13.6452,13.7072,13.7728,13.8421,13.9154,13.9927,14.0741,14.1599,14.25,14.3448,14.4444,14.5489,14.6584,14.7733,14.8935,15.0194,15.1512,15.289,15.433,15.5835,15.7407,15.9047,16.076,16.2546,16.4408,16.6349,16.8371,17.0476,17.2667,17.4947,17.7318,17.9781,18.2339,18.4994,18.7748,19.0601,19.3555,19.6612,19.977,20.303,20.639,20.9849,21.3405,21.7053,22.079,22.4608,22.8502,23.2463,23.648,24.0541,24.4633,24.874,25.2844,25.6927,26.0965,26.4937,26.8817,27.2578,27.6192,27.9631,28.2865,28.5866,28.8605,29.1054,29.3189,29.4988,29.6431,29.7504,29.8195,29.8498,29.8413,29.7944,29.7099,29.5892,29.4342,29.2469,29.0298,28.7856,28.5173,28.2277,27.9199,27.5969,27.2618,26.9173,26.5661,26.211,25.8542,25.4981,25.1446,24.7956,24.4527,24.1176,23.7914,23.4755,23.1709,22.8784,22.599,22.3333,22.0821,21.8459,21.6253,21.4208,21.2329,21.0622,20.9091,20.7741,20.6579,20.561,20.484,20.4277,20.3928,20.3802,20.3908,20.4256,20.4857,20.5721,20.6861,20.8286,21.0008,21.2034,21.4372,21.7021,21.9977,22.3227,22.6744,23.0489,23.4408,23.8425,24.2449,24.6373,25.008,25.3454,25.6388,25.8802,26.0649,26.1924,26.2669,26.2962,26.2913,26.2647,26.2297,26.1987,26.183,26.192,26.2334,26.3131,26.4352,26.6027,26.8171,27.0794,27.3895,27.7468,28.1501,28.5978,29.0875,29.6164,30.181,30.777,31.3994,32.0422,32.6985,33.3603,34.0189,34.6644,35.286,35.8724,36.412,36.893,37.3041,37.6348,37.8759,38.0197,38.0611,37.9969,37.8267,37.5526,37.179,36.7125,36.1614,35.5356,34.8454,34.102,33.3161,32.4985,31.6591,30.8069,29.9501,29.0958,28.25,27.4177,26.603,25.8092,25.0386,24.293,23.5735,22.881,22.2156,21.5773,20.9658,20.3806,19.821,19.2863,18.7755,18.2877,17.8221,17.3774,16.9529,16.5476,16.1604,15.7906,15.4371,15.0991,14.7758,14.4664,14.1702,13.8864,13.6143,13.3534,13.1031,12.8626,12.6316,12.4095,
 ,108,13.0703,13.1133,13.1539,13.1921,13.2278,13.2612,13.2921,13.3206,13.3467,13.3704,13.3918,13.4109,13.4277,13.4422,13.4546,13.4649,13.4731,13.4793,13.4836,13.4861,13.4868,13.4858,13.4832,13.4791,13.4736,13.4667,13.4587,13.4495,13.4393,13.4281,13.4161,13.4034,13.3901,13.3762,13.3619,13.3473,13.3324,13.3175,13.3025,13.2876,13.2728,13.2583,13.2442,13.2305,13.2173,13.2048,13.1929,13.1819,13.1718,13.1626,13.1544,13.1474,13.1416,13.1371,13.134,13.1322,13.132,13.1334,13.1365,13.1412,13.1478,13.1563,13.1667,13.1791,13.1937,13.2104,13.2294,13.2507,13.2744,13.3006,13.3293,13.3607,13.3948,13.4317,13.4715,13.5143,13.5602,13.6092,13.6615,13.7172,13.7763,13.839,13.9054,13.9756,14.0498,14.128,14.2103,14.297,14.3881,14.4839,14.5843,14.6897,14.8001,14.9158,15.0368,15.1635,15.2958,15.4342,15.5786,15.7294,15.8867,16.0507,16.2217,16.3998,16.5853,16.7784,16.9792,17.1879,17.4049,17.6302,17.864,18.1065,18.3578,18.6181,18.8874,19.1657,19.4532,19.7498,20.0553,20.3697,20.6928,21.0241,21.3634,21.7102,22.0639,22.4237,22.7889,23.1585,23.5312,23.9059,24.2811,24.6553,25.0265,25.3929,25.7525,26.103,26.442,26.7673,27.0762,27.3662,27.635,27.8801,28.0993,28.2903,28.4515,28.5811,28.678,28.7412,28.7703,28.7652,28.7262,28.6542,28.5502,28.4157,28.2526,28.0629,27.8488,27.6129,27.3577,27.0858,26.7998,26.5023,26.1958,25.8827,25.5654,25.2459,24.9264,24.6087,24.2945,23.9854,23.6829,23.3881,23.1024,22.8267,22.562,22.3092,22.069,21.8422,21.6295,21.4314,21.2486,21.0816,20.9312,20.7979,20.6823,20.5852,20.5073,20.4494,20.4124,20.3972,20.4051,20.437,20.4945,20.5787,20.6914,20.8339,21.0081,21.2153,21.4572,21.735,22.0493,22.4004,22.7872,23.2076,23.6574,24.1304,24.6177,25.1079,25.5869,26.039,26.4481,26.7991,27.0802,27.2844,27.4111,27.4659,27.46,27.4088,27.3297,27.2404,27.1575,27.0951,27.0651,27.0762,27.1352,27.2465,27.413,27.6361,27.9166,28.2541,28.6479,29.0965,29.5982,30.1504,30.7501,31.3938,32.0767,32.7935,33.5376,34.3013,35.0755,35.85,36.6133,37.3524,38.0538,38.7031,39.2858,39.7876,40.1952,40.4969,40.683,40.7468,40.6843,40.495,40.1817,39.7502,39.209,38.5691,37.8427,37.0432,36.1844,35.2798,34.3422,33.3838,32.4151,31.4458,30.4837,29.5358,28.6074,27.7027,26.8252,25.977,25.1598,24.3745,23.6214,22.9006,22.2116,21.5538,20.9263,20.3281,19.7581,19.2152,18.6981,18.2056,17.7365,17.2896,16.8638,16.458,16.0709,15.7017,15.3493,15.0128,14.6913,14.3839,14.0898,13.8082,13.5385,13.28,13.0321,12.7941,12.5655,
 ,107,13.3036,13.3474,13.3887,13.4274,13.4635,13.4971,13.5281,13.5566,13.5825,13.6058,13.6267,13.6452,13.6612,13.6748,13.6862,13.6952,13.7022,13.7069,13.7097,13.7105,13.7094,13.7065,13.702,13.6958,13.6882,13.6791,13.6687,13.6572,13.6445,13.6309,13.6163,13.6011,13.5851,13.5686,13.5516,13.5343,13.5167,13.499,13.4813,13.4636,13.4461,13.4288,13.4119,13.3955,13.3795,13.3643,13.3497,13.336,13.3231,13.3113,13.3005,13.2909,13.2824,13.2753,13.2696,13.2653,13.2626,13.2614,13.262,13.2643,13.2684,13.2744,13.2824,13.2924,13.3045,13.3188,13.3354,13.3542,13.3755,13.3993,13.4256,13.4545,13.4862,13.5206,13.5579,13.5981,13.6414,13.6878,13.7374,13.7903,13.8467,13.9065,13.9699,14.0371,14.1081,14.183,14.262,14.3452,14.4327,14.5246,14.6211,14.7224,14.8285,14.9396,15.0558,15.1774,15.3045,15.4372,15.5758,15.7203,15.871,16.0281,16.1916,16.3619,16.539,16.7232,16.9147,17.1135,17.3198,17.5338,17.7557,17.9855,18.2233,18.4693,18.7234,18.9856,19.2561,19.5345,19.8209,20.1151,20.4168,20.7257,21.0414,21.3635,21.6912,22.024,22.361,22.7012,23.0438,23.3873,23.7306,24.0721,24.4103,24.7434,25.0696,25.387,25.6934,25.9868,26.2651,26.5261,26.7677,26.9878,27.1846,27.3563,27.5013,27.6182,27.7062,27.7644,27.7924,27.7902,27.7581,27.6967,27.6071,27.4903,27.3481,27.182,26.9942,26.7866,26.5614,26.3209,26.0674,25.8031,25.5303,25.251,24.9674,24.6814,24.3948,24.1093,23.8267,23.5482,23.2754,23.0094,22.7514,22.5024,22.2634,22.0353,21.8189,21.6149,21.4241,21.2472,21.0848,20.9377,20.8066,20.6921,20.5951,20.5163,20.4567,20.4173,20.399,20.4032,20.4312,20.4843,20.5643,20.6729,20.8121,20.984,21.1908,21.4348,21.7183,22.0433,22.4116,22.824,23.2807,23.7797,24.3174,24.8867,25.4774,26.0753,26.6623,27.217,27.717,28.1407,28.4706,28.6964,28.8168,28.8398,28.7817,28.6643,28.5118,28.3483,28.1953,28.071,27.9892,27.9604,27.9917,28.0874,28.2503,28.4814,28.7808,29.1481,29.5819,30.0809,30.6429,31.2655,31.9456,32.6793,33.4619,34.2876,35.1493,36.0386,36.9452,37.8573,38.7614,39.6421,40.4829,41.2661,41.9735,42.5873,43.0903,43.4675,43.7065,43.7984,43.7381,43.525,43.163,42.6596,42.0262,41.2767,40.4273,39.4947,38.4965,37.4493,36.369,35.2699,34.1648,33.0646,31.9784,30.9135,29.8759,28.8699,27.8987,26.9644,26.0682,25.2106,24.3916,23.6107,22.8671,22.1596,21.4869,20.8477,20.2404,19.6636,19.1157,18.5952,18.1006,17.6306,17.1836,16.7584,16.3538,15.9685,15.6013,15.2513,14.9174,14.5986,14.294,14.0028,13.7242,13.4575,13.202,12.957,12.7219,
 ,106,13.5449,13.5896,13.6316,13.6709,13.7075,13.7413,13.7724,13.8008,13.8265,13.8495,13.8698,13.8876,13.9028,13.9154,13.9256,13.9334,13.939,13.9422,13.9433,13.9423,13.9393,13.9345,13.9278,13.9194,13.9095,13.8981,13.8852,13.8712,13.8559,13.8397,13.8225,13.8044,13.7857,13.7664,13.7466,13.7264,13.7059,13.6853,13.6647,13.6441,13.6237,13.6035,13.5837,13.5644,13.5456,13.5275,13.5101,13.4935,13.4778,13.4632,13.4496,13.4373,13.4261,13.4163,13.4079,13.401,13.3956,13.3918,13.3898,13.3895,13.3911,13.3946,13.4,13.4076,13.4172,13.429,13.4431,13.4595,13.4783,13.4996,13.5234,13.5499,13.579,13.6109,13.6457,13.6833,13.724,13.7677,13.8146,13.8648,13.9183,13.9752,14.0357,14.0998,14.1677,14.2394,14.315,14.3947,14.4786,14.5668,14.6594,14.7565,14.8583,14.9649,15.0765,15.1932,15.315,15.4423,15.5751,15.7135,15.8578,16.0081,16.1645,16.3271,16.4962,16.6719,16.8543,17.0435,17.2397,17.443,17.6534,17.8711,18.0961,18.3285,18.5682,18.8153,19.0696,19.3311,19.5997,19.875,20.1568,20.4449,20.7388,21.038,21.3419,21.6498,21.9611,22.2747,22.5898,22.9052,23.2197,23.532,23.8406,24.144,24.4405,24.7285,25.0061,25.2716,25.523,25.7585,25.9764,26.1748,26.3522,26.507,26.638,26.744,26.8243,26.8781,26.9052,26.9055,26.8793,26.8272,26.7499,26.6485,26.5244,26.3789,26.2138,26.0309,25.8321,25.6192,25.3944,25.1595,24.9165,24.6673,24.4138,24.1577,23.9007,23.6444,23.3903,23.1397,22.894,22.6543,22.4217,22.1974,21.9821,21.7769,21.5825,21.3998,21.2296,21.0725,20.9294,20.801,20.6881,20.5916,20.5122,20.451,20.409,20.3873,20.3873,20.4102,20.4578,20.5317,20.634,20.7669,20.9328,21.1345,21.3748,21.6569,21.9841,22.3594,22.7859,23.2658,23.8003,24.3889,25.0283,25.7116,26.4271,27.1575,27.8795,28.5646,29.1811,29.6979,30.0892,30.3392,30.4457,30.4204,30.2869,30.0766,29.8235,29.5603,29.3151,29.1102,28.9623,28.8827,28.8785,28.9538,29.1105,29.3489,29.6686,30.0682,30.5465,31.1015,31.7311,32.4328,33.2037,34.0399,34.9366,35.888,36.8864,37.9227,38.9854,40.0612,41.134,42.1858,43.1964,44.1439,45.0055,45.7584,46.3807,46.8527,47.1582,47.2855,47.2281,46.9853,46.562,45.9686,45.2201,44.3348,43.3335,42.238,41.0703,39.8514,38.6004,37.3348,36.0695,34.8169,33.5874,32.3888,31.2273,30.1072,29.0313,28.0014,27.0182,26.0816,25.191,24.3452,23.5428,22.7822,22.0615,21.3789,20.7323,20.1199,19.5398,18.9902,18.4692,17.9751,17.5063,17.0613,16.6386,16.2368,15.8546,15.4908,15.1442,14.8139,14.4987,14.1978,13.9103,13.6354,13.3722,13.1201,12.8785,
 ,105,13.7949,13.8405,13.8833,13.9232,13.9602,13.9943,14.0255,14.0538,14.0792,14.1018,14.1216,14.1386,14.1528,14.1644,14.1734,14.1799,14.1839,14.1855,14.1848,14.1819,14.1769,14.1699,14.161,14.1503,14.1379,14.1239,14.1085,14.0918,14.0738,14.0547,14.0347,14.0137,13.9921,13.9698,13.947,13.9238,13.9003,13.8766,13.853,13.8293,13.8058,13.7826,13.7598,13.7374,13.7156,13.6945,13.6741,13.6545,13.636,13.6184,13.602,13.5867,13.5727,13.5601,13.5489,13.5393,13.5312,13.5247,13.52,13.5171,13.516,13.5169,13.5198,13.5247,13.5318,13.5411,13.5527,13.5666,13.5828,13.6016,13.6229,13.6468,13.6734,13.7027,13.7349,13.77,13.808,13.849,13.8932,13.9406,13.9913,14.0454,14.1029,14.164,14.2287,14.2971,14.3695,14.4457,14.526,14.6105,14.6992,14.7923,14.8899,14.9921,15.099,15.2108,15.3276,15.4495,15.5767,15.7092,15.8473,15.9909,16.1404,16.2957,16.457,16.6245,16.7982,16.9782,17.1647,17.3577,17.5572,17.7634,17.9763,18.1958,18.422,18.6547,18.8939,19.1395,19.3913,19.6491,19.9125,20.1812,20.4549,20.733,21.015,21.3003,21.588,21.8774,22.1676,22.4575,22.746,23.032,23.3141,23.5909,23.8611,24.123,24.3752,24.6159,24.8437,25.0569,25.2539,25.4334,25.5938,25.734,25.8528,25.9493,26.0229,26.0729,26.0992,26.1017,26.0806,26.0364,25.9699,25.8818,25.7734,25.6459,25.5008,25.3395,25.1638,24.9753,24.7757,24.5668,24.3503,24.1279,23.9013,23.6721,23.4418,23.2118,22.9835,22.7583,22.5373,22.3216,22.1124,21.9107,21.7174,21.5333,21.3595,21.1966,21.0455,20.9071,20.782,20.6713,20.5756,20.496,20.4334,20.389,20.3637,20.3591,20.3765,20.4176,20.4842,20.5784,20.7025,20.8593,21.0518,21.2833,21.5576,21.8787,22.251,22.6792,23.1677,23.7206,24.3411,25.0303,25.7865,26.6034,27.4685,28.3613,29.2523,30.1034,30.8703,31.5078,31.9774,32.2552,32.3371,32.2406,32.0006,31.6625,31.2743,30.8799,30.5158,30.2092,29.9789,29.8369,29.7895,29.8396,29.988,30.2337,30.5751,31.0106,31.538,32.1554,32.8606,33.6513,34.5247,35.4773,36.5046,37.6006,38.7577,39.9661,41.2132,42.4839,43.7597,45.019,46.2373,47.3875,48.4408,49.3679,50.1404,50.7325,51.1226,51.2951,51.2414,50.9606,50.4596,49.7524,48.8589,47.8036,46.6138,45.3176,43.943,42.516,41.0605,39.5971,38.1432,36.7132,35.3183,33.9668,32.6648,31.4164,30.2239,29.0884,28.0096,26.9868,26.0185,25.1028,24.2376,23.4204,22.6488,21.9204,21.2326,20.5831,19.9695,19.3895,18.8412,18.3224,17.8312,17.3658,16.9246,16.506,16.1085,15.7308,15.3715,15.0295,14.7037,14.393,14.0965,13.8132,13.5425,13.2833,13.0352,
 ,104,14.0538,14.1005,14.144,14.1846,14.222,14.2564,14.2877,14.3159,14.3411,14.3632,14.3823,14.3985,14.4118,14.4223,14.43,14.435,14.4373,14.4372,14.4346,14.4297,14.4225,14.4132,14.4019,14.3887,14.3737,14.3571,14.3389,14.3193,14.2984,14.2763,14.2533,14.2293,14.2045,14.179,14.1531,14.1267,14.1,14.0731,14.0462,14.0193,13.9926,13.9662,13.9401,13.9146,13.8896,13.8653,13.8419,13.8192,13.7976,13.777,13.7575,13.7393,13.7224,13.7069,13.6928,13.6803,13.6694,13.6601,13.6527,13.647,13.6432,13.6414,13.6417,13.644,13.6484,13.6551,13.6641,13.6754,13.6891,13.7053,13.724,13.7454,13.7694,13.7961,13.8257,13.8581,13.8934,13.9318,13.9733,14.0179,14.0657,14.1169,14.1715,14.2295,14.2911,14.3564,14.4254,14.4982,14.5749,14.6557,14.7406,14.8297,14.9232,15.0211,15.1235,15.2306,15.3424,15.4591,15.5808,15.7076,15.8395,15.9768,16.1195,16.2677,16.4216,16.5811,16.7465,16.9177,17.0949,17.2781,17.4673,17.6626,17.8639,18.0712,18.2846,18.5039,18.7289,18.9596,19.1957,19.4371,19.6834,19.9342,20.1892,20.448,20.7098,20.9742,21.2405,21.5078,21.7753,22.0422,22.3073,22.5696,22.8279,23.081,23.3276,23.5663,23.7959,24.0148,24.2217,24.4152,24.5939,24.7567,24.9024,25.0297,25.1379,25.2262,25.2939,25.3406,25.3662,25.3705,25.3539,25.3166,25.2594,25.183,25.0883,24.9765,24.8488,24.7066,24.5512,24.3841,24.2069,24.0211,23.8282,23.6298,23.4273,23.2222,23.0159,22.8096,22.6048,22.4026,22.2041,22.0105,21.8227,21.6418,21.4686,21.3042,21.1493,21.0049,20.8717,20.7506,20.6425,20.5483,20.4689,20.4052,20.3585,20.3299,20.3206,20.3321,20.3662,20.4246,20.5095,20.6232,20.7685,20.9486,21.1671,21.4281,21.7361,22.0964,22.5148,22.9975,23.5509,24.1816,24.8951,25.6956,26.5837,27.555,28.5971,29.6868,30.7876,31.8493,32.8102,33.6049,34.1758,34.486,34.5289,34.3306,33.9431,33.4326,32.8664,32.3036,31.7903,31.3587,31.0293,30.8133,30.7155,30.7366,30.8753,31.1289,31.4947,31.9699,32.552,33.2389,34.0285,34.9189,35.9078,36.9923,38.1685,39.4309,40.772,42.1816,43.6466,45.1498,46.6701,48.182,49.6556,51.0573,52.3506,53.4976,54.4609,55.2064,55.705,55.9357,55.8867,55.5571,54.9563,54.1036,53.026,51.7563,50.3305,48.7853,47.1565,45.4768,43.7751,42.0763,40.4006,38.7638,37.178,35.6519,34.191,32.7988,31.4766,30.2245,29.0412,27.9248,26.8727,25.882,24.9497,24.0726,23.2473,22.4708,21.7399,21.0517,20.4034,19.7922,19.2157,18.6715,18.1573,17.6713,17.2113,16.7756,16.3627,15.9708,15.5987,15.245,14.9084,14.5879,14.2824,13.9909,13.7125,13.4464,13.1917,
 ,103,14.3223,14.3699,14.4144,14.4556,14.4935,14.5282,14.5595,14.5876,14.6125,14.6341,14.6526,14.6679,14.6802,14.6894,14.6957,14.6991,14.6998,14.6977,14.6931,14.686,14.6765,14.6648,14.6509,14.635,14.6173,14.5977,14.5766,14.554,14.53,14.5048,14.4785,14.4512,14.4231,14.3943,14.365,14.3352,14.3052,14.2749,14.2446,14.2143,14.1842,14.1544,14.125,14.0961,14.0678,14.0403,14.0135,13.9877,13.9628,13.939,13.9165,13.8951,13.8752,13.8566,13.8396,13.8241,13.8102,13.7981,13.7878,13.7793,13.7728,13.7682,13.7657,13.7653,13.7671,13.7711,13.7774,13.7861,13.7972,13.8108,13.8269,13.8456,13.867,13.8911,13.918,13.9478,13.9804,14.0161,14.0548,14.0966,14.1417,14.1899,14.2415,14.2965,14.355,14.4171,14.4828,14.5523,14.6255,14.7027,14.7838,14.869,14.9584,15.052,15.15,15.2525,15.3595,15.4711,15.5874,15.7086,15.8347,15.9658,16.102,16.2434,16.3901,16.542,16.6994,16.8622,17.0305,17.2043,17.3837,17.5686,17.759,17.9549,18.1561,18.3627,18.5744,18.7912,19.0127,19.2388,19.4692,19.7034,19.9412,20.182,20.4253,20.6707,20.9173,21.1644,21.4114,21.6573,21.9013,22.1422,22.3792,22.611,22.8365,23.0546,23.264,23.4636,23.652,23.8281,23.9908,24.139,24.2716,24.3877,24.4866,24.5676,24.6302,24.674,24.6989,24.7048,24.692,24.6608,24.6118,24.5455,24.4629,24.3648,24.2525,24.1269,23.9895,23.8414,23.684,23.5188,23.3469,23.1699,22.989,22.8056,22.6209,22.4361,22.2525,22.0712,21.8932,21.7197,21.5515,21.3898,21.2353,21.0889,20.9517,20.8243,20.7077,20.6029,20.5106,20.4318,20.3676,20.3189,20.2871,20.2733,20.2791,20.3059,20.3557,20.4305,20.5327,20.665,20.8306,21.033,21.2766,21.5661,21.9071,22.3061,22.7703,23.3079,23.9278,24.6391,25.451,26.3714,27.405,28.5507,29.798,31.1219,32.4791,33.8044,35.0134,36.0119,36.7138,37.0624,37.0472,36.7075,36.121,35.3838,34.5896,33.8166,33.122,32.5423,32.0981,31.7982,31.6444,31.6341,31.7631,32.0266,32.4201,32.9399,33.583,34.3471,35.2307,36.2324,37.3509,38.5843,39.9298,41.3829,42.9368,44.5817,46.3038,48.0846,49.9001,51.7204,53.5092,55.2248,56.8206,58.2473,59.4554,60.3988,61.0381,61.3443,61.3014,60.9082,60.1779,59.1372,57.8233,56.2806,54.5573,52.7015,50.7589,48.7707,46.7723,44.7929,42.8557,40.9781,39.1726,37.4473,35.8072,34.2543,32.7885,31.4083,30.1111,28.8934,27.7513,26.6806,25.6772,24.7368,23.8552,23.0284,22.2527,21.5245,20.8403,20.197,19.5916,19.0215,18.484,17.9768,17.4978,17.045,16.6164,16.2104,15.8254,15.4599,15.1126,14.7823,14.4678,14.1681,13.8821,13.609,13.3479,
 ,102,14.6006,14.6494,14.6948,14.7367,14.7751,14.8101,14.8416,14.8695,14.8941,14.9152,14.9329,14.9473,14.9584,14.9663,14.9711,14.9728,14.9716,14.9675,14.9607,14.9512,14.9393,14.9249,14.9083,14.8896,14.8689,14.8463,14.822,14.7962,14.7689,14.7403,14.7106,14.6799,14.6483,14.616,14.5831,14.5497,14.5161,14.4822,14.4483,14.4145,14.3808,14.3475,14.3145,14.2821,14.2504,14.2194,14.1892,14.16,14.1318,14.1047,14.0788,14.0543,14.0311,14.0094,13.9893,13.9707,13.9539,13.9388,13.9255,13.9141,13.9047,13.8973,13.892,13.8888,13.8878,13.8891,13.8927,13.8987,13.9071,13.918,13.9315,13.9476,13.9663,13.9878,14.012,14.0391,14.069,14.102,14.1379,14.1769,14.2191,14.2645,14.3131,14.3652,14.4206,14.4795,14.5419,14.608,14.6778,14.7514,14.8288,14.9102,14.9956,15.0851,15.1787,15.2767,15.3789,15.4856,15.5968,15.7126,15.833,15.9581,16.088,16.2228,16.3626,16.5073,16.657,16.8117,16.9715,17.1365,17.3065,17.4815,17.6616,17.8466,18.0365,18.2311,18.4304,18.6341,18.842,19.0539,19.2694,19.4883,19.7101,19.9344,20.1608,20.3886,20.6172,20.846,21.0743,21.3013,21.526,21.7478,21.9655,22.1782,22.3849,22.5845,22.776,22.9583,23.1303,23.2911,23.4395,23.5747,23.6959,23.8021,23.8928,23.9674,24.0255,24.0667,24.091,24.0984,24.0889,24.063,24.0211,23.9637,23.8916,23.8057,23.7068,23.596,23.4744,23.3432,23.2034,23.0564,22.9033,22.7454,22.5839,22.42,22.2548,22.0895,21.9251,21.7628,21.6036,21.4484,21.2982,21.154,21.0166,20.887,20.766,20.6544,20.5533,20.4635,20.3859,20.3215,20.2715,20.2369,20.2189,20.2191,20.2389,20.28,20.3445,20.4347,20.5531,20.7028,20.8873,21.1108,21.3779,21.6945,22.067,22.5031,23.0117,23.603,24.2886,25.0812,25.9938,27.0394,28.2281,29.5644,31.0418,32.6361,34.2976,35.9447,37.4638,38.7215,39.5905,39.985,39.8882,39.3592,38.5132,37.4881,36.4127,35.3879,34.482,33.7343,33.1632,32.7731,32.5607,32.5191,32.6405,32.9173,33.3432,33.9133,34.6243,35.4741,36.4618,37.5872,38.8503,40.251,41.7881,43.459,45.2584,47.1776,49.203,51.3151,53.4874,55.6851,57.8647,59.9742,61.954,63.7395,65.2646,66.4662,67.29,67.6956,67.6606,67.1833,66.2827,64.9963,63.376,61.4828,59.3814,57.1355,54.8038,52.438,50.081,47.7671,45.522,43.3643,41.3062,39.3548,37.5131,35.7812,34.1571,32.6371,31.2163,29.8896,28.6514,27.4958,26.4174,25.4105,24.4701,23.5912,22.7691,21.9996,21.2786,20.6025,19.9677,19.3712,18.8101,18.2817,17.7835,17.3133,16.8691,16.4489,16.051,15.6738,15.3159,14.9758,14.6524,14.3445,14.051,13.771,13.5036,
 ,101,14.8895,14.9395,14.9858,15.0285,15.0675,15.1027,15.1343,15.1621,15.1863,15.2068,15.2237,15.2371,15.247,15.2535,15.2566,15.2565,15.2533,15.247,15.2379,15.2259,15.2113,15.1942,15.1746,15.1528,15.129,15.1031,15.0755,15.0462,15.0154,14.9832,14.9499,14.9155,14.8802,14.8441,14.8075,14.7703,14.7329,14.6953,14.6576,14.62,14.5825,14.5455,14.5088,14.4727,14.4373,14.4027,14.3689,14.3362,14.3045,14.274,14.2447,14.2168,14.1903,14.1654,14.142,14.1203,14.1003,14.0821,14.0658,14.0514,14.039,14.0287,14.0205,14.0145,14.0107,14.0092,14.01,14.0133,14.0189,14.0271,14.0379,14.0513,14.0673,14.0861,14.1076,14.132,14.1593,14.1894,14.2226,14.2588,14.2982,14.3407,14.3864,14.4354,14.4878,14.5435,14.6028,14.6656,14.7319,14.802,14.8758,14.9534,15.0349,15.1203,15.2097,15.3032,15.4009,15.5028,15.6089,15.7195,15.8344,15.9538,16.0777,16.2061,16.3392,16.4769,16.6193,16.7664,16.9181,17.0746,17.2357,17.4014,17.5717,17.7465,17.9257,18.1091,18.2967,18.4881,18.6833,18.882,19.0838,19.2884,19.4955,19.7046,19.9153,20.127,20.3392,20.5513,20.7626,20.9723,21.1797,21.384,21.5844,21.7799,21.9697,22.1528,22.3283,22.4952,22.6527,22.7998,22.9356,23.0594,23.1704,23.2679,23.3514,23.4203,23.4744,23.5134,23.5371,23.5456,23.5391,23.5178,23.4821,23.4325,23.3697,23.2945,23.2075,23.1098,23.0022,22.8859,22.7618,22.6311,22.4948,22.354,22.2099,22.0635,21.9159,21.7681,21.6212,21.4762,21.334,21.1956,21.0619,20.9337,20.8121,20.6978,20.5918,20.4949,20.408,20.3321,20.2682,20.2172,20.1803,20.1587,20.1537,20.1667,20.1995,20.2539,20.332,20.4363,20.5697,20.7354,20.9373,21.18,21.4689,21.8104,22.2119,22.6824,23.2325,23.8746,24.6228,25.4937,26.505,27.6755,29.0222,30.5573,32.2811,34.1732,36.18,38.2029,40.0939,41.6687,42.7442,43.1927,42.9885,42.2189,41.0514,39.6795,38.2751,36.9646,35.8261,34.8988,34.1958,33.7148,33.4459,33.3767,33.495,33.7904,34.2545,34.8816,35.6681,36.6125,37.715,38.977,40.4005,41.9878,43.7406,45.6589,47.7403,49.9781,52.3604,54.8676,57.4713,60.1319,62.7976,65.4039,67.8746,70.1246,72.0642,73.6066,74.6755,75.2134,75.1885,74.5986,73.4713,71.86,69.8382,67.4905,64.9051,62.1664,59.3504,56.5212,53.7305,51.0177,48.4107,45.9282,43.5808,41.3734,39.3062,37.3764,35.5787,33.9066,32.3528,30.9097,29.5693,28.3242,27.1671,26.091,25.0896,24.1568,23.2871,22.4753,21.7168,21.0072,20.3427,19.7196,19.1347,18.5848,18.0675,17.58,17.1201,16.6858,16.2751,15.8863,15.5177,15.168,14.8358,14.5199,14.219,13.9322,13.6585,
 ,100,15.1894,15.2407,15.2881,15.3315,15.3711,15.4066,15.4383,15.466,15.4897,15.5096,15.5257,15.538,15.5465,15.5515,15.5528,15.5508,15.5454,15.5368,15.5251,15.5105,15.493,15.4729,15.4502,15.4252,15.3979,15.3686,15.3373,15.3044,15.2698,15.2339,15.1967,15.1584,15.1191,15.0791,15.0384,14.9973,14.9559,14.9142,14.8725,14.831,14.7896,14.7486,14.708,14.6681,14.6288,14.5904,14.5529,14.5165,14.4811,14.447,14.4142,14.3828,14.3529,14.3245,14.2978,14.2728,14.2496,14.2282,14.2087,14.1913,14.1758,14.1625,14.1513,14.1424,14.1357,14.1313,14.1293,14.1298,14.1327,14.1381,14.1462,14.1568,14.1701,14.1862,14.205,14.2266,14.2512,14.2786,14.309,14.3424,14.3789,14.4185,14.4613,14.5074,14.5567,14.6093,14.6654,14.7249,14.7879,14.8545,14.9247,14.9986,15.0763,15.1577,15.243,15.3323,15.4255,15.5227,15.624,15.7294,15.839,15.9529,16.071,16.1933,16.32,16.4511,16.5865,16.7262,16.8703,17.0187,17.1714,17.3283,17.4893,17.6545,17.8236,17.9965,18.1731,18.3531,18.5365,18.7228,18.9118,19.1033,19.2967,19.4918,19.6881,19.8851,20.0823,20.279,20.4748,20.6688,20.8605,21.0491,21.2338,21.4139,21.5884,21.7567,21.9179,22.0711,22.2156,22.3505,22.4751,22.5887,22.6907,22.7805,22.8576,22.9215,22.9721,23.009,23.0322,23.0418,23.0378,23.0205,22.9903,22.9476,22.893,22.8271,22.7507,22.6645,22.5694,22.4663,22.3562,22.24,22.1187,21.9933,21.8648,21.7342,21.6025,21.4706,21.3395,21.2102,21.0835,20.9604,20.8417,20.7283,20.6211,20.5209,20.4287,20.3453,20.2716,20.2085,20.1572,20.1185,20.0938,20.0842,20.091,20.116,20.1607,20.2272,20.3177,20.4348,20.5817,20.7618,20.9793,21.2392,21.5474,21.911,22.3383,22.8395,23.4265,24.114,24.9189,25.8612,26.9637,28.2514,29.7492,31.4784,33.4489,35.6473,38.0196,40.4521,42.7597,44.6978,46.0126,46.5219,46.1882,45.136,43.5997,41.8408,40.0803,38.4699,37.0946,35.9901,35.1612,34.5968,34.2795,34.1905,34.3133,34.6345,35.1441,35.8356,36.7057,37.7539,38.9819,40.3934,41.9935,43.7876,45.7814,47.979,50.3822,52.9885,55.7891,58.7665,61.8913,65.12,68.392,71.6279,74.7304,77.5865,80.0741,82.0716,83.4703,84.187,84.1755,83.4326,81.9989,79.9526,77.3987,74.4567,71.2472,67.883,64.4618,61.0632,57.7482,54.5607,51.5295,48.6717,45.9947,43.4994,41.1815,39.0339,37.0473,35.2113,33.5152,31.9484,30.5005,29.1617,27.9227,26.775,25.7107,24.7227,23.8043,22.9496,22.153,21.4097,20.7152,20.0654,19.4566,18.8854,18.3488,17.8441,17.3688,16.9204,16.4971,16.0968,15.7179,15.3587,15.0178,14.6939,14.3858,14.0924,13.8126,
 ,99,15.501,15.5536,15.6021,15.6464,15.6865,15.7225,15.7542,15.7817,15.805,15.8242,15.8393,15.8504,15.8576,15.8608,15.8603,15.8562,15.8485,15.8374,15.823,15.8054,15.7849,15.7616,15.7355,15.707,15.6761,15.643,15.608,15.5711,15.5326,15.4926,15.4512,15.4088,15.3654,15.3211,15.2762,15.2309,15.1852,15.1393,15.0934,15.0477,15.0021,14.957,14.9123,14.8683,14.8251,14.7827,14.7413,14.7009,14.6618,14.6239,14.5874,14.5524,14.5189,14.487,14.4568,14.4284,14.4018,14.3771,14.3544,14.3338,14.3152,14.2988,14.2845,14.2726,14.2629,14.2556,14.2508,14.2484,14.2484,14.2511,14.2563,14.2642,14.2748,14.2881,14.3041,14.323,14.3448,14.3695,14.3971,14.4277,14.4614,14.4981,14.538,14.5811,14.6274,14.677,14.7299,14.7862,14.8459,14.9091,14.9758,15.0461,15.12,15.1975,15.2788,15.3639,15.4527,15.5454,15.642,15.7426,15.847,15.9555,16.068,16.1846,16.3052,16.4298,16.5585,16.6913,16.828,16.9688,17.1135,17.2621,17.4144,17.5705,17.7301,17.8932,18.0595,18.2289,18.4011,18.576,18.7532,18.9324,19.1133,19.2955,19.4785,19.662,19.8453,20.0281,20.2097,20.3895,20.5669,20.7412,20.9118,21.0779,21.2388,21.3938,21.5421,21.683,21.8159,21.9399,22.0545,22.1591,22.2531,22.3359,22.4073,22.4668,22.5142,22.5493,22.572,22.5825,22.5807,22.567,22.5415,22.5049,22.4575,22.3999,22.3328,22.2569,22.1729,22.0816,21.9839,21.8807,21.7728,21.6612,21.5468,21.4304,21.313,21.1955,21.0787,20.9636,20.851,20.7418,20.6369,20.537,20.443,20.3558,20.2762,20.2052,20.1436,20.0924,20.0526,20.0253,20.0117,20.013,20.0307,20.0665,20.122,20.1994,20.301,20.4296,20.5883,20.781,21.012,21.2868,21.6115,21.9938,22.4428,22.9696,23.5876,24.3131,25.1655,26.1681,27.3482,28.7368,30.3665,32.2682,34.4625,36.9454,39.6662,42.4999,45.2262,47.5375,49.1016,49.6738,49.203,47.8564,45.9442,43.801,41.697,39.8059,38.216,36.9562,36.0214,35.3912,35.0401,34.9439,35.0819,35.4381,36.0015,36.7655,37.7275,38.8884,40.2525,41.8263,43.6187,45.6398,47.9004,50.4106,53.1785,56.2081,59.4965,63.0308,66.7836,70.7092,74.7384,78.7752,82.6955,86.3494,89.569,92.1821,94.0309,94.9928,94.9988,94.0447,92.1915,89.5551,86.2888,82.5624,78.5431,74.3815,70.2029,66.1045,62.1568,58.4064,54.8805,51.5917,48.5417,45.7248,43.1305,40.7454,38.5548,36.5436,34.6967,32.9998,31.4396,30.0034,28.6799,27.4586,26.3302,25.2859,24.3182,23.4201,22.5853,21.8082,21.0837,20.4072,19.7747,19.1823,18.6268,18.105,17.6144,17.1523,16.7165,16.3049,15.9158,15.5473,15.198,14.8664,14.5512,14.2512,13.9655,
 ,98,15.8249,15.879,15.9286,15.9738,16.0146,16.0509,16.0827,16.11,16.1328,16.1513,16.1654,16.1752,16.1808,16.1822,16.1797,16.1733,16.1631,16.1492,16.1319,16.1113,16.0875,16.0607,16.031,15.9988,15.964,15.927,15.8878,15.8468,15.804,15.7596,15.714,15.6671,15.6192,15.5705,15.5211,15.4713,15.4211,15.3708,15.3204,15.2702,15.2203,15.1708,15.1218,15.0736,15.0261,14.9795,14.934,14.8897,14.8465,14.8047,14.7644,14.7255,14.6883,14.6528,14.619,14.587,14.557,14.5289,14.5029,14.4789,14.4571,14.4375,14.4201,14.4051,14.3924,14.3821,14.3743,14.369,14.3662,14.366,14.3684,14.3735,14.3812,14.3918,14.4051,14.4212,14.4402,14.4621,14.4869,14.5147,14.5456,14.5795,14.6165,14.6566,14.6999,14.7465,14.7963,14.8494,14.9058,14.9657,15.029,15.0957,15.1659,15.2397,15.3171,15.3981,15.4827,15.5711,15.6631,15.7589,15.8585,15.9618,16.069,16.1799,16.2947,16.4132,16.5355,16.6616,16.7915,16.925,17.0621,17.2028,17.3469,17.4944,17.6452,17.799,17.9557,18.1151,18.2771,18.4413,18.6075,18.7754,18.9446,19.1148,19.2857,19.4567,19.6275,19.7974,19.9661,20.1329,20.2973,20.4587,20.6165,20.77,20.9186,21.0616,21.1983,21.3282,21.4507,21.565,21.6707,21.7672,21.854,21.9307,21.997,22.0525,22.097,22.1305,22.1528,22.1639,22.1641,22.1535,22.1323,22.101,22.0599,22.0097,21.9508,21.884,21.8098,21.7291,21.6425,21.5509,21.4551,21.3558,21.254,21.1504,21.0459,20.9414,20.8376,20.7355,20.6357,20.5392,20.4467,20.3592,20.2773,20.2019,20.1339,20.0742,20.0237,19.9833,19.9541,19.9372,19.9337,19.945,19.9726,20.018,20.0832,20.1702,20.2816,20.4201,20.589,20.7924,21.0347,21.3215,21.6595,22.0566,22.5225,23.0691,23.7107,24.4647,25.3527,26.4004,27.6386,29.1028,30.8323,32.866,35.234,37.9416,40.9432,44.1075,47.1862,49.8178,51.5991,52.2276,51.6391,50.0409,47.8128,45.3541,42.9755,40.8668,39.1162,37.7451,36.7398,36.0713,35.7081,35.6214,35.7879,36.1901,36.8166,37.6613,38.7232,40.0054,41.5151,43.2629,45.2625,47.5299,50.0828,52.9393,56.1165,59.628,63.4807,67.6706,72.1767,76.9548,81.9294,86.9869,91.9709,96.6828,100.89,104.346,106.818,108.122,108.152,106.901,104.465,101.018,96.7871,92.0176,86.9421,81.7614,76.6348,71.6787,66.9706,62.5563,58.4575,54.6778,51.2094,48.0369,45.1407,42.4993,40.0909,37.8941,35.8889,34.0566,32.3801,30.8439,29.434,28.1379,26.9444,25.8435,24.8262,23.8847,23.0117,22.2009,21.4466,20.7438,20.0878,19.4745,18.9003,18.3619,17.8563,17.3807,16.9327,16.5102,16.1111,15.7336,15.376,15.0369,14.7149,14.4087,14.1171,
 ,97,16.1618,16.2174,16.2683,16.3145,16.3559,16.3925,16.4244,16.4515,16.4738,16.4914,16.5044,16.5128,16.5168,16.5163,16.5116,16.5027,16.4898,16.473,16.4526,16.4286,16.4013,16.3708,16.3373,16.301,16.2621,16.2208,16.1773,16.1317,16.0844,16.0355,15.9851,15.9336,15.881,15.8275,15.7734,15.7188,15.6639,15.6088,15.5537,15.4989,15.4443,15.3902,15.3367,15.284,15.2321,15.1812,15.1314,15.0828,15.0355,14.9896,14.9452,14.9024,14.8613,14.822,14.7845,14.7489,14.7152,14.6836,14.6541,14.6268,14.6016,14.5788,14.5582,14.54,14.5242,14.5109,14.5,14.4917,14.486,14.4829,14.4824,14.4846,14.4896,14.4973,14.5078,14.5212,14.5374,14.5565,14.5786,14.6036,14.6316,14.6626,14.6968,14.734,14.7743,14.8179,14.8646,14.9146,14.9679,15.0244,15.0843,15.1476,15.2143,15.2844,15.358,15.435,15.5156,15.5997,15.6874,15.7786,15.8734,15.9718,16.0738,16.1794,16.2886,16.4013,16.5176,16.6374,16.7606,16.8872,17.0172,17.1505,17.2869,17.4263,17.5687,17.7138,17.8615,18.0117,18.164,18.3183,18.4743,18.6317,18.7902,18.9494,19.109,19.2686,19.4278,19.586,19.7429,19.8979,20.0505,20.2002,20.3463,20.4884,20.6258,20.758,20.8844,21.0044,21.1175,21.2231,21.3208,21.41,21.4904,21.5616,21.6233,21.6753,21.7173,21.7492,21.771,21.7828,21.7847,21.7767,21.7593,21.7327,21.6973,21.6535,21.602,21.5432,21.4778,21.4065,21.3298,21.2486,21.1635,21.0754,20.9849,20.8928,20.8,20.7072,20.6152,20.5248,20.4367,20.3517,20.2706,20.1943,20.1234,20.0588,20.0015,19.9521,19.9117,19.8812,19.8616,19.854,19.8597,19.88,19.9164,19.9704,20.0441,20.1395,20.2592,20.4061,20.5834,20.7953,21.0465,21.3425,21.6903,22.098,22.5755,23.1352,23.7918,24.5637,25.4732,26.5475,27.8193,29.3269,31.113,33.2214,35.6879,38.5238,41.6874,45.0445,48.332,51.1563,53.0714,53.7383,53.085,51.3441,48.9381,46.3052,43.7796,41.5595,39.732,38.314,37.2862,36.6156,36.2672,36.2102,36.4204,36.8804,37.5794,38.5128,39.6819,41.0927,42.7563,44.6882,46.908,49.4391,52.3078,55.543,59.1738,63.2277,67.7265,72.6812,78.0841,83.8993,90.0506,96.4086,102.78,108.903,114.456,119.081,122.429,124.216,124.278,122.606,119.347,114.772,109.223,103.058,96.6001,90.117,83.8071,77.8044,72.189,66.9989,62.2431,57.9104,53.9781,50.417,47.1951,44.2804,41.6421,39.2515,37.0821,35.1104,33.315,31.677,30.1797,28.8082,27.5495,26.392,25.3254,24.3408,23.43,22.586,21.8024,21.0736,20.3947,19.761,19.1686,18.6139,18.0937,17.605,17.1453,16.7121,16.3034,15.9172,15.5517,15.2053,14.8767,14.5644,14.2673,
 ,96,16.5123,16.5696,16.6218,16.6691,16.7112,16.7482,16.7802,16.807,16.8288,16.8455,16.8573,16.8642,16.8663,16.8637,16.8566,16.8451,16.8293,16.8094,16.7856,16.758,16.7269,16.6924,16.6547,16.6141,16.5708,16.5249,16.4767,16.4265,16.3743,16.3204,16.2651,16.2086,16.1509,16.0924,16.0333,15.9736,15.9137,15.8536,15.7936,15.7338,15.6744,15.6154,15.5572,15.4997,15.4432,15.3877,15.3334,15.2804,15.2287,15.1786,15.13,15.0831,15.038,14.9947,14.9533,14.9139,14.8766,14.8413,14.8082,14.7774,14.7488,14.7226,14.6987,14.6773,14.6583,14.6418,14.6279,14.6166,14.6079,14.6018,14.5984,14.5978,14.5999,14.6048,14.6125,14.623,14.6365,14.6528,14.672,14.6942,14.7195,14.7477,14.779,14.8133,14.8507,14.8913,14.935,14.9819,15.0321,15.0854,15.142,15.2019,15.2651,15.3316,15.4015,15.4748,15.5514,15.6314,15.7148,15.8017,15.8919,15.9856,16.0827,16.1831,16.287,16.3941,16.5046,16.6184,16.7354,16.8555,16.9788,17.105,17.2341,17.366,17.5005,17.6375,17.7768,17.9183,18.0616,18.2067,18.3532,18.5009,18.6495,18.7985,18.9478,19.0969,19.2454,19.393,19.5391,19.6833,19.8251,19.9641,20.0997,20.2315,20.3588,20.4813,20.5982,20.7093,20.814,20.9118,21.0022,21.085,21.1596,21.2259,21.2835,21.3322,21.3719,21.4024,21.4238,21.4361,21.4394,21.4338,21.4197,21.3972,21.3668,21.3288,21.2838,21.2322,21.1746,21.1116,21.0438,20.9719,20.8964,20.8182,20.738,20.6563,20.574,20.4918,20.4105,20.3306,20.2531,20.1786,20.1079,20.0417,19.9808,19.9261,19.8784,19.8384,19.8072,19.7856,19.7747,19.7756,19.7895,19.8178,19.8619,19.9235,20.0045,20.1071,20.2337,20.3873,20.5713,20.7896,21.0471,21.3494,21.7033,22.1171,22.6007,23.1664,23.8291,24.6071,25.5228,26.6035,27.8818,29.3962,31.1895,33.3054,35.78,38.6247,41.798,45.1658,48.4649,51.3015,53.2292,53.9087,53.268,51.5403,49.1488,46.5325,44.0261,41.828,40.0259,38.6371,37.6428,37.0107,36.7067,36.7011,36.971,37.5005,38.281,39.3103,40.5925,42.1376,43.9613,46.0848,48.5348,51.3435,54.5482,58.1909,62.3168,66.9721,72.2004,78.0358,84.4944,91.5597,99.1656,107.174,115.355,123.368,130.766,137.028,141.623,144.105,144.213,141.931,137.496,131.335,123.972,115.931,107.664,99.5221,91.7443,84.4763,77.7898,71.7041,66.2051,61.2583,56.8192,52.8397,49.2718,46.0701,43.1928,40.6022,38.265,36.1517,34.2362,32.496,30.9113,29.4648,28.1415,26.928,25.8128,24.7858,23.838,22.9615,22.1494,21.3954,20.6941,20.0407,19.4307,18.8603,18.326,17.8247,17.3537,16.9103,16.4923,16.0977,15.7246,15.3713,15.0363,14.7183,14.4158,
 ,95,16.8774,16.9364,16.9901,17.0384,17.0813,17.1188,17.1508,17.1773,17.1985,17.2142,17.2247,17.23,17.2301,17.2253,17.2156,17.2012,17.1823,17.159,17.1315,17.1001,17.0649,17.0261,16.984,16.9388,16.8907,16.8399,16.7867,16.7314,16.674,16.6149,16.5543,16.4924,16.4294,16.3656,16.3011,16.2361,16.1708,16.1055,16.0402,15.9752,15.9106,15.8466,15.7833,15.7209,15.6595,15.5992,15.5402,15.4826,15.4264,15.3718,15.3189,15.2677,15.2184,15.171,15.1256,15.0822,15.041,15.002,14.9653,14.9308,14.8987,14.869,14.8418,14.817,14.7948,14.7751,14.7581,14.7436,14.7319,14.7228,14.7165,14.7129,14.7122,14.7142,14.7191,14.7268,14.7374,14.7509,14.7674,14.7868,14.8092,14.8346,14.8631,14.8946,14.9291,14.9668,15.0075,15.0514,15.0984,15.1486,15.202,15.2586,15.3185,15.3815,15.4478,15.5173,15.5902,15.6662,15.7456,15.8282,15.9141,16.0032,16.0955,16.1911,16.2899,16.3918,16.4968,16.6048,16.7159,16.8299,16.9467,17.0663,17.1886,17.3133,17.4405,17.5699,17.7014,17.8347,17.9698,18.1063,18.244,18.3827,18.522,18.6617,18.8015,18.9409,19.0797,19.2174,19.3537,19.488,19.6201,19.7493,19.8754,19.9977,20.1159,20.2295,20.338,20.4411,20.5381,20.6288,20.7128,20.7897,20.8592,20.921,20.9749,21.0207,21.0582,21.0875,21.1085,21.1212,21.1257,21.1222,21.1109,21.0921,21.0661,21.0333,20.994,20.9488,20.8981,20.8426,20.7827,20.7191,20.6523,20.583,20.5119,20.4396,20.3668,20.2942,20.2224,20.1522,20.0842,20.0191,19.9578,19.9009,19.8491,19.8033,19.7643,19.7329,19.7099,19.6964,19.6933,19.7018,19.723,19.7583,19.8091,19.8772,19.9644,20.0728,20.205,20.3638,20.5525,20.7752,21.0365,21.3421,21.6985,22.1139,22.598,23.1627,23.8224,24.5948,25.5014,26.5682,27.8259,29.3105,31.0614,33.1176,35.5097,38.2435,41.2737,44.4692,47.5819,50.2494,52.0679,52.7338,52.1834,50.6256,48.4418,46.0334,43.7126,41.6702,39.9957,38.712,37.8067,37.2534,37.0229,37.0897,37.4343,38.0441,38.9137,40.0443,41.4438,43.1266,45.1137,47.4328,50.1189,53.2145,56.7696,60.8425,65.4983,70.808,76.8446,83.6768,91.358,99.9089,109.292,119.378,129.906,140.445,150.385,158.959,165.351,168.848,169.019,165.843,159.707,151.298,141.427,130.867,120.244,110.005,100.427,91.6506,83.7196,76.6176,70.2929,64.6766,59.6943,55.2728,51.3439,47.846,44.7244,41.9313,39.4252,37.1701,35.1352,33.2938,31.623,30.1028,28.7161,27.4479,26.2854,25.2173,24.2336,23.3257,22.4859,21.7077,20.985,20.3125,19.6857,19.1002,18.5525,18.0392,17.5573,17.1042,16.6775,16.2749,15.8946,15.5347,15.1937,14.8701,14.5626,
 ,94,17.2577,17.3187,17.3739,17.4235,17.4672,17.5051,17.5371,17.5634,17.5838,17.5985,17.6075,17.611,17.6091,17.6018,17.5893,17.5718,17.5495,17.5225,17.4911,17.4555,17.4159,17.3725,17.3257,17.2755,17.2223,17.1663,17.1077,17.0469,16.984,16.9193,16.8531,16.7855,16.7168,16.6473,16.5771,16.5064,16.4355,16.3646,16.2938,16.2233,16.1532,16.0839,16.0153,15.9477,15.8812,15.8159,15.752,15.6895,15.6285,15.5693,15.5118,15.4562,15.4025,15.3508,15.3013,15.2539,15.2087,15.1658,15.1252,15.0871,15.0513,15.0181,14.9874,14.9592,14.9336,14.9107,14.8904,14.8729,14.858,14.8459,14.8366,14.8301,14.8264,14.8255,14.8276,14.8325,14.8403,14.851,14.8647,14.8813,14.9009,14.9236,14.9492,14.9778,15.0095,15.0443,15.0821,15.123,15.1671,15.2142,15.2644,15.3178,15.3744,15.434,15.4968,15.5628,15.6319,15.7042,15.7796,15.8582,15.9399,16.0246,16.1125,16.2034,16.2973,16.3942,16.494,16.5966,16.7021,16.8103,16.9211,17.0345,17.1503,17.2684,17.3886,17.5109,17.635,17.7608,17.8881,18.0167,18.1462,18.2766,18.4074,18.5385,18.6695,18.8,18.9299,19.0586,19.1858,19.3111,19.4342,19.5546,19.672,19.7858,19.8957,20.0013,20.1021,20.1978,20.288,20.3724,20.4505,20.5221,20.5869,20.6446,20.6952,20.7383,20.774,20.8021,20.8226,20.8356,20.8412,20.8396,20.8308,20.8152,20.7931,20.7647,20.7306,20.6911,20.6466,20.5977,20.5449,20.4887,20.4296,20.3684,20.3055,20.2416,20.1773,20.1133,20.0502,19.9886,19.9292,19.8728,19.8199,19.7714,19.7279,19.6901,19.6589,19.6352,19.6197,19.6134,19.6172,19.6324,19.66,19.7014,19.758,19.8315,19.9237,20.0368,20.1731,20.3356,20.5273,20.7523,21.0151,21.321,21.6764,22.0891,22.5683,23.1253,23.7736,24.5296,25.413,26.4473,27.66,29.0822,30.7473,32.6862,34.9203,37.446,40.2131,43.0972,45.8778,48.2467,49.8707,50.5047,50.0981,48.8201,46.9835,44.9254,42.9183,41.138,39.6746,38.5594,37.7904,37.3506,37.2188,37.376,37.808,38.5069,39.4713,40.7066,42.225,44.0458,46.1961,48.7106,51.6335,55.0186,58.9308,63.4469,68.6564,74.6609,81.5722,89.5062,98.5721,108.852,120.366,133.025,146.561,160.456,173.885,185.734,194.733,199.723,199.987,195.487,186.874,175.269,161.939,148.018,134.361,121.514,109.768,99.2291,89.884,81.6552,74.4347,68.1057,62.5545,57.6766,53.3796,49.5827,46.2165,43.2221,40.5491,38.1548,36.0031,34.0631,32.3085,30.7169,29.269,27.9482,26.7402,25.6325,24.6145,23.6765,22.8105,22.0091,21.266,20.5755,19.9326,19.3329,18.7725,18.2478,17.7558,17.2935,16.8584,16.4484,16.0612,15.6952,15.3485,15.0197,14.7074,
 ,93,17.6543,17.7173,17.7743,17.825,17.8696,17.908,17.9401,17.966,17.9857,17.9992,18.0067,18.0083,18.004,17.994,17.9785,17.9577,17.9317,17.9008,17.8652,17.825,17.7807,17.7324,17.6803,17.6248,17.5661,17.5045,17.4402,17.3736,17.3048,17.2341,17.1618,17.0882,17.0135,16.9379,16.8616,16.785,16.7081,16.6312,16.5545,16.4782,16.4025,16.3275,16.2534,16.1803,16.1084,16.0378,15.9687,15.9012,15.8353,15.7712,15.709,15.6487,15.5905,15.5344,15.4805,15.4289,15.3796,15.3327,15.2882,15.2462,15.2067,15.1698,15.1355,15.1039,15.0749,15.0486,15.0251,15.0043,14.9863,14.9711,14.9588,14.9493,14.9427,14.9389,14.938,14.9401,14.9451,14.953,14.9639,14.9778,14.9946,15.0145,15.0373,15.0631,15.092,15.1239,15.1589,15.1969,15.238,15.2821,15.3293,15.3795,15.4329,15.4893,15.5487,15.6113,15.6768,15.7454,15.8171,15.8918,15.9694,16.05,16.1336,16.22,16.3093,16.4014,16.4963,16.5938,16.694,16.7967,16.9018,17.0093,17.1191,17.2309,17.3447,17.4603,17.5776,17.6964,17.8165,17.9376,18.0596,18.1823,18.3052,18.4283,18.5512,18.6736,18.7952,18.9156,19.0346,19.1517,19.2666,19.3789,19.4883,19.5944,19.6968,19.7951,19.889,19.9781,20.0621,20.1406,20.2134,20.2802,20.3408,20.3949,20.4424,20.4831,20.517,20.544,20.5641,20.5774,20.5839,20.5837,20.5772,20.5644,20.5457,20.5214,20.4918,20.4573,20.4183,20.3753,20.3288,20.2792,20.2271,20.1731,20.1176,20.0612,20.0046,19.9483,19.893,19.8392,19.7877,19.7389,19.6937,19.6527,19.6166,19.5861,19.562,19.5451,19.5362,19.5363,19.5463,19.5673,19.6005,19.6471,19.7086,19.7865,19.8827,19.9992,20.1384,20.303,20.4961,20.7215,20.9833,21.2869,21.6381,22.0442,22.5138,23.0571,23.6865,24.4166,25.2647,26.2511,27.399,28.7336,30.2805,32.0612,34.0865,36.3434,38.7787,41.279,43.6593,45.6747,47.0708,47.6654,47.4222,46.4677,45.0391,43.4008,41.7765,40.3207,39.1215,38.2178,37.6186,37.3176,37.3033,37.5644,38.093,38.8867,39.9489,41.2894,42.9254,44.8814,47.1905,49.8953,53.0492,56.7185,60.984,65.9435,71.7143,78.4344,86.263,95.3776,105.964,118.196,132.195,147.961,165.27,183.541,201.705,218.159,230.933,238.129,238.528,232.066,219.851,203.731,185.685,167.358,149.875,133.864,119.58,107.042,96.1387,86.6987,78.536,71.471,65.3414,60.0057,55.3432,51.252,47.6471,44.4572,41.6229,39.0946,36.8308,34.7964,32.9618,31.3022,29.7961,28.4253,27.1741,26.0291,24.9785,24.0123,23.1215,22.2983,21.536,20.8286,20.1707,19.5577,18.9854,18.4501,17.9485,17.4777,17.0349,16.6179,16.2244,15.8525,15.5006,15.1669,14.8502,
 ,92,18.0681,18.1333,18.192,18.2442,18.2897,18.3286,18.3607,18.3862,18.4051,18.4174,18.4232,18.4226,18.4158,18.403,18.3842,18.3597,18.3298,18.2946,18.2544,18.2094,18.16,18.1063,18.0487,17.9875,17.9229,17.8552,17.7848,17.7119,17.6367,17.5597,17.481,17.4009,17.3197,17.2377,17.155,17.072,16.9887,16.9056,16.8227,16.7403,16.6585,16.5775,16.4976,16.4187,16.3412,16.2651,16.1906,16.1178,16.0467,15.9775,15.9104,15.8453,15.7824,15.7217,15.6633,15.6073,15.5538,15.5027,15.4542,15.4082,15.3649,15.3243,15.2863,15.2511,15.2186,15.1889,15.1621,15.138,15.1168,15.0985,15.0831,15.0706,15.061,15.0543,15.0505,15.0497,15.0519,15.057,15.0651,15.0762,15.0903,15.1074,15.1275,15.1506,15.1767,15.2058,15.2379,15.2731,15.3112,15.3524,15.3966,15.4438,15.4941,15.5473,15.6035,15.6627,15.7249,15.79,15.858,15.9289,16.0027,16.0794,16.1588,16.241,16.3259,16.4135,16.5037,16.5964,16.6916,16.7891,16.8889,16.9909,17.0949,17.2009,17.3087,17.4181,17.529,17.6412,17.7546,17.8688,17.9838,18.0993,18.215,18.3308,18.4462,18.5611,18.6751,18.7879,18.8993,19.0089,19.1163,19.2213,19.3235,19.4225,19.518,19.6097,19.6973,19.7804,19.8587,19.932,20,20.0625,20.1192,20.17,20.2147,20.2532,20.2854,20.3114,20.331,20.3444,20.3517,20.3529,20.3483,20.338,20.3223,20.3015,20.2759,20.2459,20.2118,20.1741,20.1332,20.0896,20.0436,19.996,19.9471,19.8975,19.8478,19.7985,19.7501,19.7034,19.6588,19.617,19.5787,19.5444,19.515,19.491,19.4732,19.4624,19.4594,19.4651,19.4805,19.5066,19.5445,19.5954,19.6608,19.7423,19.8414,19.9603,20.1011,20.2665,20.4594,20.6833,20.9423,21.241,21.5852,21.9812,22.437,22.9617,23.566,24.2626,25.0663,25.9936,27.0629,28.2932,29.7023,31.3028,33.0957,35.0614,37.1467,39.2537,41.2346,42.9052,44.0825,44.6393,44.5514,43.9083,42.8804,41.6641,40.4346,39.3217,38.4073,37.735,37.3231,37.1753,37.2894,37.6622,38.2924,39.1831,40.3429,41.7864,43.5354,45.6199,48.0792,50.9632,54.3353,58.2741,62.877,68.2641,74.5825,82.0108,90.7634,101.092,113.28,127.627,144.406,163.778,185.649,209.448,233.859,256.649,274.8,285.211,285.806,276.474,259.109,236.749,212.444,188.522,166.389,146.685,129.548,114.836,102.285,91.5956,82.4809,74.685,67.9889,62.2098,57.1965,52.8249,48.9934,45.6188,42.6326,39.9784,37.6093,35.4864,33.5771,31.8538,30.2932,28.8758,27.5844,26.4046,25.3238,24.3312,23.4174,22.5741,21.794,21.071,20.3992,19.7739,19.1907,18.6456,18.1352,17.6565,17.2066,16.7832,16.3838,16.0066,15.6498,15.3117,14.9909,
 ,91,18.5001,18.5677,18.6284,18.682,18.7285,18.7679,18.8001,18.8251,18.8431,18.854,18.858,18.8551,18.8456,18.8296,18.8073,18.7789,18.7446,18.7048,18.6596,18.6094,18.5545,18.495,18.4315,18.3641,18.2931,18.219,18.1419,18.0623,17.9804,17.8965,17.811,17.724,17.636,17.547,17.4575,17.3677,17.2778,17.188,17.0985,17.0096,16.9215,16.8342,16.7481,16.6633,16.5798,16.4979,16.4177,16.3394,16.2629,16.1884,16.1161,16.046,15.9782,15.9128,15.8498,15.7892,15.7313,15.6759,15.6232,15.5732,15.5259,15.4814,15.4397,15.4008,15.3648,15.3316,15.3014,15.274,15.2496,15.2281,15.2095,15.1939,15.1813,15.1717,15.165,15.1614,15.1607,15.163,15.1683,15.1767,15.188,15.2024,15.2197,15.2401,15.2634,15.2898,15.3192,15.3515,15.3869,15.4252,15.4665,15.5108,15.558,15.6081,15.6612,15.7172,15.7761,15.8378,15.9024,15.9697,16.0398,16.1127,16.1882,16.2664,16.3472,16.4305,16.5162,16.6044,16.6948,16.7875,16.8823,16.9791,17.0778,17.1783,17.2804,17.384,17.489,17.5951,17.7022,17.8101,17.9186,18.0275,18.1365,18.2454,18.354,18.4619,18.569,18.6749,18.7793,18.882,18.9826,19.0808,19.1764,19.269,19.3583,19.4439,19.5257,19.6034,19.6766,19.7451,19.8088,19.8673,19.9205,19.9682,20.0103,20.0468,20.0775,20.1025,20.1217,20.1352,20.1431,20.1454,20.1425,20.1344,20.1213,20.1036,20.0816,20.0555,20.0258,19.9927,19.9568,19.9185,19.8781,19.8362,19.7932,19.7496,19.7061,19.663,19.6209,19.5804,19.5421,19.5066,19.4744,19.4462,19.4226,19.4044,19.3922,19.3868,19.389,19.3996,19.4197,19.4501,19.4919,19.5464,19.6149,19.6989,19.8001,19.9203,20.0616,20.2265,20.4178,20.6387,20.8929,21.1848,21.5194,21.9027,22.3413,22.8434,23.4181,24.0759,24.8289,25.69,26.6729,27.791,29.0551,30.4702,32.0306,33.7128,35.4678,37.2146,38.8401,40.2115,41.2021,41.7271,41.7716,41.3969,40.7211,39.8854,39.0221,38.2362,37.6003,37.1592,36.9372,36.9463,37.1921,37.6785,38.4107,39.3971,40.6512,42.1921,44.0464,46.2489,48.8449,51.8916,55.4614,59.6449,64.5557,70.3357,77.1625,85.2566,94.8915,106.401,120.183,136.693,156.405,179.725,206.803,237.205,269.451,300.56,326.058,340.979,341.85,328.479,304.052,273.455,241.259,210.61,183.138,159.372,139.211,122.268,108.073,96.1645,86.1378,77.6518,70.427,64.2374,58.9012,54.2724,50.2337,46.6902,43.5652,40.7958,38.3304,36.1265,34.1487,32.3671,30.7568,29.2966,27.9683,26.7567,25.6483,24.6317,23.6969,22.8352,22.039,21.3017,20.6174,19.9809,19.3877,18.8338,18.3155,17.8296,17.3733,16.944,16.5394,16.1574,15.7961,15.4539,15.1293,
 ,90,18.9514,19.0216,19.0843,19.1396,19.1872,19.2271,19.2593,19.2839,19.3008,19.3102,19.3122,19.3069,19.2944,19.2749,19.2488,19.2161,19.1772,19.1323,19.0818,19.0259,18.965,18.8994,18.8294,18.7553,18.6775,18.5964,18.5123,18.4255,18.3363,18.2451,18.1523,18.058,17.9626,17.8663,17.7696,17.6725,17.5755,17.4786,17.3823,17.2865,17.1916,17.0978,17.0052,16.914,16.8243,16.7364,16.6502,16.5661,16.4839,16.404,16.3263,16.251,16.1781,16.1077,16.0399,15.9747,15.9121,15.8524,15.7954,15.7412,15.6898,15.6414,15.5958,15.5532,15.5135,15.4768,15.443,15.4123,15.3845,15.3598,15.3381,15.3194,15.3038,15.2912,15.2816,15.275,15.2715,15.2711,15.2736,15.2792,15.2878,15.2994,15.3141,15.3318,15.3524,15.3761,15.4027,15.4324,15.4649,15.5005,15.539,15.5804,15.6247,15.6719,15.7219,15.7748,15.8305,15.889,15.9502,16.0142,16.0808,16.1501,16.2219,16.2963,16.3731,16.4523,16.5339,16.6177,16.7038,16.7918,16.8819,16.9739,17.0676,17.1629,17.2598,17.358,17.4574,17.5578,17.6592,17.7612,17.8636,17.9664,18.0692,18.1719,18.2741,18.3757,18.4764,18.5759,18.6739,18.7703,18.8646,18.9567,19.0463,19.1329,19.2165,19.2967,19.3733,19.446,19.5145,19.5787,19.6383,19.6932,19.7432,19.7882,19.828,19.8625,19.8918,19.9159,19.9346,19.9481,19.9565,19.9598,19.9583,19.952,19.9413,19.9264,19.9075,19.8849,19.859,19.8301,19.7986,19.7649,19.7294,19.6926,19.6549,19.6168,19.5787,19.5411,19.5047,19.4698,19.4371,19.4071,19.3804,19.3576,19.3393,19.3262,19.3189,19.3182,19.3249,19.3398,19.3638,19.3978,19.4429,19.5002,19.571,19.6568,19.7591,19.8796,20.0204,20.1837,20.3721,20.5887,20.8366,21.12,21.4431,21.8113,22.2303,22.707,23.249,23.8649,24.5638,25.3556,26.25,27.2553,28.3768,29.6144,30.958,32.3837,33.8488,35.2889,36.6205,37.7501,38.5927,39.0932,39.2431,39.084,38.6968,38.1809,37.634,37.1388,36.7574,36.5326,36.4918,36.6525,37.0263,37.6231,38.4536,39.5308,40.8726,42.5025,44.4509,46.7574,49.4723,52.6593,56.3988,60.7921,65.9672,72.0861,79.3542,88.032,98.4499,111.024,126.272,144.818,167.374,194.654,227.17,264.792,306.031,347.166,381.902,402.663,403.894,385.285,351.947,311.372,270.063,232.017,198.94,171.079,147.977,128.93,113.219,100.208,89.3692,80.2749,72.5871,66.0393,60.4214,55.5681,51.348,47.6563,44.4088,41.5375,38.9867,36.7108,34.6718,32.8381,31.1833,29.6848,28.3237,27.0835,25.9504,24.9123,23.9588,23.0807,22.2701,21.5201,20.8246,20.1782,19.5761,19.0143,18.4889,17.9967,17.5347,17.1002,16.6908,16.3045,15.9393,15.5935,15.2656,
 ,89,19.4232,19.4962,19.5612,19.6181,19.6669,19.7074,19.7397,19.7637,19.7796,19.7873,19.7871,19.779,19.7633,19.7401,19.7098,19.6725,19.6285,19.5782,19.5219,19.4599,19.3925,19.3201,19.2432,19.1619,19.0768,18.9882,18.8965,18.802,18.705,18.606,18.5053,18.4031,18.2999,18.1959,18.0914,17.9868,17.8821,17.7778,17.6741,17.5711,17.4692,17.3684,17.2689,17.1711,17.0749,16.9806,16.8882,16.798,16.7099,16.6242,16.541,16.4602,16.382,16.3065,16.2337,16.1636,16.0964,16.032,15.9706,15.9121,15.8566,15.804,15.7545,15.7081,15.6646,15.6243,15.587,15.5528,15.5217,15.4937,15.4688,15.447,15.4283,15.4127,15.4002,15.3907,15.3844,15.3811,15.3809,15.3838,15.3897,15.3986,15.4106,15.4256,15.4436,15.4646,15.4886,15.5156,15.5455,15.5783,15.614,15.6527,15.6942,15.7385,15.7856,15.8355,15.8882,15.9436,16.0017,16.0624,16.1257,16.1915,16.2598,16.3306,16.4037,16.4791,16.5567,16.6365,16.7183,16.8021,16.8878,16.9752,17.0642,17.1548,17.2467,17.3399,17.4341,17.5293,17.6253,17.7218,17.8187,17.9158,18.0129,18.1098,18.2062,18.3019,18.3967,18.4904,18.5826,18.6731,18.7618,18.8482,18.9322,19.0136,19.092,19.1672,19.2389,19.3071,19.3713,19.4316,19.4875,19.5391,19.5862,19.6286,19.6662,19.699,19.727,19.7501,19.7684,19.7818,19.7906,19.7947,19.7944,19.7898,19.7811,19.7685,19.7524,19.7329,19.7103,19.6851,19.6575,19.628,19.5969,19.5646,19.5316,19.4982,19.465,19.4324,19.4009,19.3711,19.3433,19.3182,19.2964,19.2783,19.2647,19.256,19.2531,19.2565,19.267,19.2855,19.3128,19.3497,19.3974,19.4568,19.5293,19.6161,19.7186,19.8387,19.978,20.1388,20.3233,20.5343,20.7748,21.0482,21.3584,21.71,22.1078,22.5575,23.0652,23.6376,24.2818,25.0046,25.8123,26.7097,27.6981,28.7738,29.9253,31.1301,32.3528,33.544,34.6431,35.5858,36.3159,36.7984,37.0288,37.0358,36.8748,36.6155,36.3294,36.0805,35.9205,35.8883,36.0122,36.3127,36.8057,37.5054,38.4267,39.5869,41.0073,42.7147,44.7434,47.1366,49.9487,53.2485,57.1229,61.6817,67.0646,73.4496,81.0648,90.2039,101.245,114.677,131.122,151.363,176.342,207.098,244.555,289.012,339.16,390.698,435.419,462.682,464.32,439.877,396.879,345.91,295.528,250.447,212.257,180.796,155.185,134.384,117.435,103.536,92.0466,82.4668,74.4089,67.5731,61.7272,56.6902,52.32,48.5045,45.1539,42.196,39.5721,37.2341,35.1423,33.2634,31.5699,30.0381,28.6482,27.3833,26.2286,25.1718,24.2019,23.3096,22.4864,21.7254,21.0202,20.3652,19.7555,19.1868,18.6553,18.1576,17.6906,17.2516,16.8381,16.4481,16.0794,15.7304,15.3995,
 ,88,19.9168,19.9928,20.0603,20.1191,20.1691,20.2102,20.2425,20.2659,20.2806,20.2865,20.2839,20.2729,20.2536,20.2264,20.1915,20.1491,20.0997,20.0435,19.9808,19.9121,19.8378,19.7582,19.6737,19.5848,19.4917,19.3951,19.2951,19.1923,19.0871,18.9797,18.8705,18.76,18.6485,18.5362,18.4235,18.3107,18.198,18.0858,17.9743,17.8637,17.7542,17.6461,17.5395,17.4346,17.3316,17.2306,17.1317,17.0351,16.941,16.8493,16.7602,16.6737,16.5901,16.5092,16.4312,16.3562,16.2841,16.215,16.149,16.086,16.0262,15.9695,15.9159,15.8655,15.8183,15.7743,15.7334,15.6957,15.6612,15.6298,15.6017,15.5768,15.555,15.5363,15.5209,15.5085,15.4993,15.4933,15.4903,15.4905,15.4937,15.5,15.5093,15.5217,15.5371,15.5555,15.5769,15.6012,15.6285,15.6587,15.6918,15.7277,15.7665,15.808,15.8524,15.8995,15.9492,16.0017,16.0567,16.1143,16.1744,16.237,16.302,16.3693,16.4389,16.5107,16.5847,16.6606,16.7385,16.8183,16.8998,16.983,17.0677,17.1538,17.2411,17.3296,17.4191,17.5094,17.6004,17.6918,17.7836,17.8755,17.9673,18.0588,18.1499,18.2402,18.3296,18.4179,18.5047,18.59,18.6734,18.7547,18.8336,18.9101,18.9837,19.0543,19.1217,19.1857,19.2461,19.3027,19.3553,19.4039,19.4482,19.4883,19.5239,19.5551,19.5818,19.604,19.6218,19.6352,19.6442,19.649,19.6497,19.6465,19.6395,19.629,19.6152,19.5984,19.5788,19.5568,19.5327,19.5069,19.4796,19.4513,19.4224,19.3933,19.3644,19.3362,19.3091,19.2837,19.2603,19.2396,19.222,19.2081,19.1985,19.1937,19.1945,19.2014,19.2153,19.2368,19.2667,19.306,19.3556,19.4165,19.4899,19.577,19.6792,19.798,19.9352,20.0925,20.2723,20.4768,20.7088,20.9713,21.2676,21.6015,21.9772,22.3992,22.8723,23.4016,23.9922,24.6487,25.3749,26.1727,27.0411,27.9746,28.9616,29.9825,31.0089,32.0037,32.9238,33.7255,34.372,34.8412,35.1317,35.2635,35.2751,35.2157,35.1378,35.0905,35.1162,35.2495,35.5175,35.942,36.5416,37.3336,38.3358,39.5685,41.0559,42.8276,44.9204,47.3802,50.2644,53.6455,57.6146,62.2873,67.8107,74.3734,82.2186,91.6619,103.114,117.112,134.351,155.729,182.356,215.522,256.496,305.968,362.888,422.633,475.505,508.207,510.198,480.886,430.004,370.824,313.537,263.292,221.47,187.52,160.212,138.243,120.475,105.989,94.0678,84.1604,75.8475,68.8084,62.797,57.6231,53.1384,49.2262,45.7935,42.7656,40.0819,37.6927,35.5569,33.6403,31.9142,30.3544,28.9403,27.6544,26.4817,25.4091,24.4255,23.5211,22.6875,21.9172,21.2038,20.5416,19.9255,19.3511,18.8145,18.3121,17.8409,17.3981,16.9812,16.588,16.2164,15.8646,15.5311,
 ,87,20.4335,20.5129,20.583,20.6438,20.6951,20.7369,20.7692,20.792,20.8053,20.8093,20.804,20.7898,20.7667,20.735,20.6951,20.6473,20.5919,20.5292,20.4598,20.3839,20.302,20.2145,20.1219,20.0246,19.923,19.8177,19.7089,19.5972,19.483,19.3666,19.2485,19.1291,19.0086,18.8875,18.7661,18.6446,18.5235,18.4029,18.2831,18.1645,18.0471,17.9312,17.8171,17.7048,17.5946,17.4866,17.3809,17.2777,17.1771,17.0791,16.9839,16.8916,16.8023,16.7159,16.6325,16.5523,16.4752,16.4012,16.3305,16.263,16.1987,16.1378,16.0801,16.0256,15.9745,15.9267,15.8821,15.8409,15.8029,15.7682,15.7368,15.7086,15.6837,15.6621,15.6436,15.6284,15.6164,15.6075,15.6018,15.5992,15.5998,15.6035,15.6102,15.62,15.6328,15.6487,15.6675,15.6893,15.714,15.7417,15.7722,15.8055,15.8417,15.8806,15.9223,15.9666,16.0136,16.0632,16.1154,16.17,16.2272,16.2867,16.3485,16.4126,16.4789,16.5473,16.6177,16.6901,16.7644,16.8404,16.918,16.9972,17.0779,17.1598,17.2429,17.3271,17.4121,17.4979,17.5842,17.671,17.758,17.8451,17.932,18.0187,18.1048,18.1902,18.2746,18.3579,18.4399,18.5203,18.5989,18.6755,18.7498,18.8218,18.891,18.9575,19.0209,19.0811,19.1379,19.1912,19.2408,19.2865,19.3284,19.3662,19.4,19.4297,19.4552,19.4765,19.4938,19.507,19.5162,19.5215,19.5231,19.521,19.5155,19.5068,19.4951,19.4806,19.4636,19.4445,19.4234,19.4007,19.3768,19.3521,19.3268,19.3014,19.2763,19.252,19.2288,19.2072,19.1877,19.1708,19.1569,19.1467,19.1405,19.1392,19.1431,19.153,19.1696,19.1935,19.2256,19.2667,19.3176,19.3794,19.4532,19.54,19.6411,19.7581,19.8923,20.0457,20.2199,20.4173,20.6402,20.8911,21.1729,21.4887,21.842,22.2364,22.6755,23.1631,23.7028,24.2974,24.9489,25.6574,26.4205,27.2322,28.0817,28.9527,29.823,30.6655,31.4496,32.1461,32.7308,33.1902,33.5247,33.749,33.8901,33.9836,34.0682,34.182,34.3594,34.6305,35.0206,35.5517,36.2434,37.1148,38.186,39.4792,41.0205,42.8414,44.9804,47.4849,50.4143,53.8424,57.8624,62.5922,68.1818,74.8238,82.7667,92.3336,103.947,118.159,135.694,157.485,184.707,218.743,260.989,312.298,371.742,434.61,490.648,525.503,527.657,496.466,442.571,380.317,320.506,268.417,225.322,190.513,162.62,140.244,122.182,107.473,95.3743,85.3197,76.8804,69.7305,63.6209,58.3598,53.7977,49.817,46.3239,43.2432,40.5133,38.084,35.9134,33.9666,32.2145,30.6322,29.1986,27.8959,26.7086,25.6233,24.6287,23.7147,22.8726,22.095,21.3751,20.7071,20.0859,19.5069,18.9662,18.4602,17.9856,17.5398,17.12,16.7242,16.3502,15.9962,15.6605,
 ,86,20.9749,21.0578,21.1308,21.1938,21.2466,21.2891,21.3214,21.3435,21.3553,21.3571,21.349,21.3312,21.3039,21.2674,21.2221,21.1683,21.1063,21.0367,20.9598,20.8761,20.786,20.69,20.5886,20.4823,20.3715,20.2568,20.1386,20.0173,19.8935,19.7675,19.6398,19.5108,19.3808,19.2503,19.1195,18.9889,18.8587,18.7293,18.6008,18.4736,18.3479,18.2238,18.1017,17.9817,17.864,17.7486,17.6358,17.5257,17.4183,17.3139,17.2124,17.114,17.0187,16.9265,16.8376,16.752,16.6697,16.5908,16.5152,16.443,16.3742,16.3088,16.2469,16.1883,16.1332,16.0815,16.0332,15.9883,15.9469,15.9088,15.874,15.8427,15.8146,15.7899,15.7685,15.7504,15.7355,15.7238,15.7154,15.7102,15.7081,15.7091,15.7133,15.7206,15.7309,15.7442,15.7606,15.7799,15.8022,15.8273,15.8553,15.8862,15.9198,15.9562,15.9952,16.037,16.0814,16.1283,16.1777,16.2296,16.2839,16.3405,16.3993,16.4604,16.5236,16.5888,16.656,16.725,16.7958,16.8683,16.9424,17.0179,17.0948,17.1728,17.252,17.3321,17.4131,17.4947,17.5768,17.6592,17.7418,17.8245,17.907,17.9891,18.0707,18.1515,18.2314,18.3102,18.3877,18.4636,18.5378,18.6101,18.6802,18.748,18.8133,18.8759,18.9357,18.9924,19.046,19.0962,19.1429,19.1862,19.2257,19.2615,19.2936,19.3218,19.3461,19.3667,19.3834,19.3963,19.4056,19.4113,19.4136,19.4125,19.4083,19.4011,19.3911,19.3787,19.3639,19.3472,19.3288,19.3089,19.288,19.2663,19.2442,19.2221,19.2003,19.1794,19.1596,19.1413,19.1252,19.1116,19.1009,19.0938,19.0907,19.0921,19.0987,19.1111,19.1299,19.1558,19.1895,19.2318,19.2836,19.3458,19.4193,19.5053,19.6049,19.7194,19.8502,19.9989,20.1672,20.3569,20.5702,20.8091,21.0762,21.3739,21.7051,22.0726,22.4791,22.9274,23.4197,23.9578,24.5422,25.1722,25.8447,26.5537,27.29,28.0404,28.7881,29.5131,30.1944,30.8122,31.3511,31.803,32.1693,32.4613,32.6987,32.9076,33.1172,33.3573,33.6559,34.039,34.5298,35.1494,35.9178,36.855,37.9822,39.3227,40.9039,42.758,44.9244,47.451,50.3973,53.837,57.8629,62.5914,68.1707,74.79,82.693,92.195,103.706,117.762,135.058,156.483,183.146,216.327,257.282,306.694,363.507,423.112,475.853,508.498,510.563,481.466,430.893,372.041,315.044,265.028,223.37,189.528,162.276,140.318,122.522,107.975,95.9639,85.9472,77.5118,70.3436,64.2024,58.9025,54.299,50.277,46.7447,43.6277,40.8652,38.4067,36.2104,34.2412,32.4696,30.8704,29.4222,28.1069,26.9086,25.8139,24.811,23.8898,23.0416,22.2585,21.5338,20.8615,20.2365,19.6542,19.1105,18.6017,18.1246,17.6764,17.2546,16.8567,16.4809,16.1251,15.7878,
 ,85,21.5425,21.6293,21.7054,21.7708,21.8252,21.8685,21.9008,21.922,21.9323,21.9317,21.9204,21.8987,21.8668,21.825,21.7738,21.7134,21.6444,21.5672,21.4822,21.3899,21.291,21.1857,21.0749,20.9588,20.8381,20.7133,20.5848,20.4533,20.3192,20.1828,20.0448,19.9056,19.7655,19.6249,19.4843,19.3439,19.2041,19.0652,18.9275,18.7913,18.6568,18.5242,18.3937,18.2655,18.1398,18.0168,17.8965,17.7792,17.6648,17.5536,17.4455,17.3407,17.2393,17.1412,17.0466,16.9554,16.8677,16.7836,16.703,16.626,16.5525,16.4827,16.4164,16.3536,16.2944,16.2388,16.1867,16.1382,16.0931,16.0516,16.0135,15.9789,15.9477,15.9199,15.8955,15.8744,15.8567,15.8423,15.8311,15.8232,15.8185,15.817,15.8187,15.8234,15.8313,15.8422,15.8561,15.873,15.8928,15.9156,15.9412,15.9696,16.0008,16.0348,16.0714,16.1107,16.1525,16.1969,16.2437,16.293,16.3446,16.3984,16.4545,16.5127,16.573,16.6352,16.6994,16.7653,16.8329,16.9022,16.9729,17.045,17.1183,17.1928,17.2684,17.3447,17.4219,17.4996,17.5778,17.6563,17.7349,17.8134,17.8918,17.9698,18.0472,18.1239,18.1996,18.2743,18.3476,18.4195,18.4896,18.5579,18.6242,18.6883,18.75,18.8091,18.8655,18.919,18.9696,19.017,19.0611,19.102,19.1394,19.1733,19.2037,19.2306,19.2538,19.2735,19.2897,19.3024,19.3117,19.3176,19.3204,19.3201,19.3169,19.311,19.3026,19.2919,19.279,19.2644,19.2482,19.2308,19.2124,19.1934,19.1741,19.1548,19.1359,19.1179,19.101,19.0857,19.0724,19.0616,19.0537,19.0493,19.0487,19.0525,19.0613,19.0757,19.0962,19.1236,19.1584,19.2015,19.2537,19.3157,19.3886,19.4732,19.5708,19.6824,19.8094,19.953,20.1149,20.2967,20.5001,20.727,20.9794,21.2594,21.5692,21.9109,22.2867,22.6984,23.1474,23.6346,24.1599,24.7218,25.3172,25.9407,26.5846,27.2387,27.8901,28.5248,29.128,29.6866,30.191,30.6365,31.0254,31.3665,31.6749,31.9701,32.2746,32.6121,33.0057,33.4777,34.0492,34.74,35.5699,36.559,37.7288,39.1031,40.7096,42.5808,44.7556,47.2817,50.2171,53.6338,57.6213,62.2918,67.7866,74.2853,82.0167,91.2748,102.437,115.989,132.551,152.896,177.958,208.761,246.211,290.589,340.578,391.902,436.424,463.617,465.415,441.376,398.941,348.564,298.71,254.05,216.167,184.907,159.401,138.616,121.603,107.573,95.8959,86.0875,77.7746,70.6716,64.5581,59.2627,54.6497,50.6109,47.0585,43.9206,41.1379,38.6607,36.4476,34.4636,32.6789,31.0684,29.6105,28.2867,27.0812,25.9803,24.9721,24.0463,23.1941,22.4075,21.6797,21.0048,20.3774,19.7929,19.2472,18.7367,18.258,17.8083,17.385,16.9858,16.6086,16.2515,15.913,
 ,84,22.1381,22.2291,22.3086,22.3765,22.4326,22.4768,22.5091,22.5294,22.5379,22.5346,22.5199,22.4939,22.457,22.4095,22.3518,22.2843,22.2075,22.122,22.0282,21.9267,21.8181,21.7029,21.5817,21.4551,21.3236,21.1879,21.0485,20.9059,20.7606,20.6132,20.4642,20.314,20.1631,20.0118,19.8606,19.7099,19.5599,19.411,19.2636,19.1178,18.974,18.8323,18.6931,18.5563,18.4223,18.2912,18.1632,18.0382,17.9166,17.7982,17.6833,17.5719,17.4641,17.3599,17.2593,17.1624,17.0692,16.9798,16.894,16.812,16.7338,16.6593,16.5885,16.5215,16.4582,16.3985,16.3426,16.2903,16.2416,16.1966,16.1551,16.1172,16.0828,16.0519,16.0245,16.0006,15.98,15.9628,15.949,15.9384,15.9311,15.9271,15.9262,15.9286,15.934,15.9425,15.9541,15.9686,15.9861,16.0066,16.0299,16.056,16.0849,16.1165,16.1508,16.1877,16.2271,16.2691,16.3135,16.3602,16.4093,16.4606,16.5141,16.5696,16.6272,16.6866,16.7479,16.811,16.8756,16.9418,17.0094,17.0784,17.1485,17.2197,17.2919,17.3648,17.4385,17.5127,17.5873,17.6621,17.737,17.8118,17.8864,17.9606,18.0342,18.107,18.179,18.2498,18.3194,18.3875,18.454,18.5187,18.5815,18.6421,18.7004,18.7563,18.8097,18.8603,18.9081,18.9529,18.9947,19.0333,19.0687,19.1009,19.1298,19.1553,19.1775,19.1964,19.212,19.2243,19.2335,19.2396,19.2428,19.2431,19.2408,19.2359,19.2288,19.2195,19.2083,19.1955,19.1812,19.1659,19.1497,19.1329,19.116,19.0991,19.0827,19.0672,19.0528,19.04,19.0292,19.0208,19.0152,19.0129,19.0144,19.0202,19.0307,19.0467,19.0685,19.0969,19.1324,19.1759,19.2279,19.2894,19.3612,19.4442,19.5393,19.6476,19.7704,19.9087,20.064,20.2376,20.4311,20.646,20.884,21.1469,21.4362,21.7537,22.1009,22.479,22.889,23.331,23.8045,24.308,24.8383,25.391,25.9599,26.537,27.1129,27.6775,28.2209,28.7345,29.2122,29.652,30.0564,30.4327,30.7927,31.1517,31.5274,31.9388,32.4053,32.9462,33.5804,34.3265,35.2034,36.2308,37.4301,38.8248,40.4424,42.3147,44.4798,46.9836,49.8817,53.2428,57.1511,61.7115,67.0549,73.3454,80.7899,89.6497,100.254,113.017,128.452,147.173,169.88,197.273,229.839,267.431,308.553,349.515,384.101,404.865,406.358,388.287,355.663,315.841,275.213,237.725,205.065,177.482,154.521,135.483,119.661,106.433,95.2884,85.825,77.7289,70.7566,64.7173,59.46,54.863,50.8271,47.2705,44.125,41.3332,38.847,36.6253,34.6336,32.8423,31.226,29.7632,28.4353,27.2264,26.1225,25.1119,24.1841,23.3301,22.542,21.813,21.1369,20.5085,19.9231,19.3766,18.8653,18.3858,17.9354,17.5113,17.1114,16.7334,16.3756,16.0362,
 ,83,22.7634,22.859,22.9423,23.013,23.071,23.1161,23.1483,23.1676,23.1741,23.168,23.1495,23.1188,23.0764,23.0225,22.9577,22.8824,22.7972,22.7026,22.5993,22.4877,22.3686,22.2425,22.1101,21.9721,21.829,21.6815,21.5303,21.3757,21.2186,21.0593,20.8985,20.7366,20.5741,20.4114,20.249,20.0872,19.9264,19.767,19.6092,19.4534,19.2997,19.1485,19,18.8543,18.7115,18.572,18.4358,18.3029,18.1736,18.0479,17.9259,17.8077,17.6932,17.5826,17.4759,17.3731,17.2742,17.1792,17.0882,17.0011,16.9179,16.8387,16.7634,16.6919,16.6244,16.5607,16.5008,16.4447,16.3924,16.3438,16.2989,16.2577,16.2201,16.1861,16.1557,16.1288,16.1054,16.0855,16.0689,16.0558,16.0459,16.0394,16.0361,16.036,16.0391,16.0453,16.0545,16.0668,16.0821,16.1002,16.1213,16.1452,16.1719,16.2013,16.2333,16.268,16.3052,16.3449,16.387,16.4314,16.4781,16.527,16.578,16.6311,16.6861,16.743,16.8017,16.862,16.9239,16.9873,17.0521,17.1181,17.1853,17.2535,17.3225,17.3924,17.4628,17.5337,17.605,17.6765,17.748,17.8194,17.8905,17.9613,18.0314,18.1008,18.1692,18.2366,18.3027,18.3674,18.4306,18.492,18.5515,18.609,18.6643,18.7172,18.7677,18.8157,18.8609,18.9033,18.9429,18.9795,19.0131,19.0436,19.071,19.0953,19.1165,19.1345,19.1495,19.1615,19.1705,19.1767,19.1801,19.1809,19.1792,19.1752,19.1691,19.161,19.1512,19.1398,19.1272,19.1136,19.0992,19.0844,19.0695,19.0547,19.0404,19.0269,19.0147,19.004,18.9952,18.9888,18.9851,18.9846,18.9878,18.9951,19.007,19.024,19.0468,19.0758,19.1116,19.155,19.2066,19.2672,19.3375,19.4184,19.5108,19.6156,19.7338,19.8666,20.0151,20.1805,20.3642,20.5674,20.7915,21.0379,21.3079,21.6029,21.9238,22.2715,22.6464,23.0486,23.4772,23.9307,24.4064,24.9006,25.4084,25.9237,26.44,26.9499,27.4469,27.9254,28.382,28.8161,29.2305,29.6315,30.0286,30.434,30.8621,31.3285,31.8497,32.4424,33.1236,33.9104,34.8209,35.8739,37.0901,38.4926,40.1077,41.9662,44.1045,46.5659,49.4031,52.6794,56.4727,60.8783,66.0138,72.0245,79.09,87.4327,97.3258,109.101,123.152,139.926,159.885,183.418,210.657,241.151,273.418,304.506,330.017,345.091,346.343,333.593,309.946,280.169,248.737,218.736,191.766,168.34,148.348,131.4,117.027,104.789,94.3069,85.277,77.4572,70.6557,64.7187,59.5203,54.9557,50.9366,47.3878,44.2452,41.4539,38.9671,36.7446,34.752,32.96,31.3434,29.8805,28.5527,27.344,26.2405,25.2304,24.3031,23.4497,22.6621,21.9336,21.258,20.63,20.045,19.4988,18.9876,18.5083,18.0579,17.6338,17.2337,16.8555,16.4974,16.1577,
 ,82,23.4204,23.5211,23.6085,23.6823,23.7423,23.7884,23.8205,23.8387,23.8431,23.8338,23.8111,23.7753,23.7268,23.666,23.5934,23.5096,23.4151,23.3107,23.1968,23.0743,22.9437,22.8059,22.6614,22.511,22.3553,22.1951,22.0311,21.8637,21.6938,21.5217,21.3482,21.1738,20.9989,20.824,20.6497,20.4761,20.3039,20.1333,19.9645,19.7981,19.6341,19.4728,19.3145,19.1594,19.0075,18.8592,18.7144,18.5733,18.436,18.3027,18.1733,18.0479,17.9266,17.8094,17.6963,17.5873,17.4826,17.3819,17.2855,17.1931,17.105,17.0209,16.9409,16.865,16.7931,16.7252,16.6613,16.6014,16.5453,16.4932,16.4448,16.4003,16.3595,16.3224,16.289,16.2592,16.233,16.2103,16.1911,16.1753,16.1629,16.1539,16.1482,16.1458,16.1465,16.1504,16.1575,16.1675,16.1806,16.1967,16.2156,16.2374,16.2619,16.2892,16.3192,16.3517,16.3868,16.4243,16.4642,16.5065,16.551,16.5977,16.6464,16.6972,16.7499,16.8044,16.8606,16.9185,16.9779,17.0387,17.1009,17.1642,17.2286,17.294,17.3603,17.4272,17.4948,17.5627,17.631,17.6994,17.7678,17.8361,17.9041,17.9717,18.0386,18.1048,18.1701,18.2343,18.2973,18.3589,18.419,18.4774,18.5339,18.5885,18.641,18.6913,18.7392,18.7847,18.8276,18.8678,18.9054,18.9401,18.9719,19.0009,19.0269,19.05,19.0701,19.0874,19.1017,19.1133,19.1221,19.1282,19.1317,19.1329,19.1317,19.1283,19.123,19.1158,19.1071,19.097,19.0857,19.0736,19.0607,19.0475,19.0343,19.0212,19.0086,18.9969,18.9864,18.9774,18.9703,18.9654,18.9633,18.9642,18.9687,18.9771,18.99,19.0078,19.031,19.0603,19.0961,19.1391,19.1899,19.2492,19.3177,19.3963,19.4856,19.5866,19.7002,19.8273,19.9689,20.1262,20.3002,20.4921,20.7029,20.9337,21.1857,21.4597,21.7566,22.0769,22.4207,22.7879,23.1777,23.5886,24.0184,24.4641,24.922,25.3877,25.8563,26.3229,26.7832,27.2338,27.673,28.1013,28.5214,28.9389,29.3618,29.8002,30.266,30.7723,31.3331,31.9632,32.6777,33.4926,34.4245,35.4915,36.7131,38.1114,39.7116,41.5427,43.6388,46.0405,48.7959,51.963,55.6118,59.827,64.7112,70.3888,77.0108,84.7584,93.8471,104.528,117.082,131.801,148.949,168.672,190.862,214.933,239.572,262.567,280.957,291.713,292.822,284.177,267.622,246.113,222.624,199.424,177.875,158.579,141.641,126.899,114.082,102.914,93.1482,84.5828,77.0558,70.4343,64.6058,59.4722,54.9464,50.9512,47.4178,44.286,41.5029,39.023,36.8065,34.8195,33.0327,31.421,29.9626,28.6391,27.4344,26.3346,25.3279,24.4037,23.5531,22.7681,22.0419,21.3683,20.7422,20.1587,19.6139,19.1039,18.6256,18.176,17.7526,17.353,16.9752,16.6173,16.2777,
 ,81,24.1114,24.2176,24.3095,24.3866,24.4489,24.496,24.5281,24.545,24.547,24.5342,24.5069,24.4654,24.4103,24.3418,24.2607,24.1676,24.063,23.9478,23.8225,23.688,23.545,23.3943,23.2366,23.0728,22.9035,22.7296,22.5517,22.3706,22.1868,22.0011,21.814,21.6262,21.4381,21.2502,21.0631,20.8771,20.6927,20.5101,20.3299,20.1522,19.9773,19.8054,19.6369,19.4718,19.3104,19.1528,18.999,18.8494,18.7038,18.5625,18.4254,18.2926,18.1642,18.0401,17.9205,17.8052,17.6944,17.5879,17.4859,17.3882,17.2948,17.2058,17.121,17.0405,16.9643,16.8922,16.8242,16.7604,16.7006,16.6448,16.593,16.545,16.501,16.4608,16.4244,16.3916,16.3626,16.3372,16.3153,16.297,16.2821,16.2707,16.2626,16.2579,16.2564,16.2581,16.2629,16.2709,16.2819,16.2959,16.3127,16.3325,16.355,16.3803,16.4083,16.4388,16.4719,16.5074,16.5453,16.5855,16.628,16.6726,16.7193,16.7679,16.8184,16.8708,16.9248,16.9804,17.0375,17.096,17.1557,17.2166,17.2786,17.3414,17.4051,17.4694,17.5343,17.5996,17.6651,17.7307,17.7964,17.8618,17.927,17.9917,18.0557,18.119,18.1814,18.2428,18.3029,18.3617,18.419,18.4746,18.5285,18.5805,18.6304,18.6782,18.7238,18.767,18.8077,18.8459,18.8815,18.9145,18.9447,18.9722,18.9969,19.0188,19.038,19.0544,19.0681,19.0792,19.0877,19.0936,19.0972,19.0985,19.0976,19.0947,19.09,19.0836,19.0757,19.0666,19.0564,19.0454,19.0338,19.0219,19.01,18.9983,18.9871,18.9768,18.9676,18.96,18.9542,18.9506,18.9496,18.9516,18.957,18.9663,18.9797,18.9979,19.0214,19.0505,19.0859,19.1282,19.1779,19.2357,19.3021,19.378,19.4641,19.5611,19.6699,19.7912,19.9261,20.0754,20.24,20.4209,20.619,20.8353,21.0704,21.3253,21.6003,21.896,22.2122,22.5488,22.905,23.2795,23.6707,24.0761,24.4931,24.9183,25.3484,25.7802,26.2109,26.6387,27.063,27.4849,27.9072,28.3351,28.7752,29.2361,29.7279,30.2618,30.85,31.5053,32.2416,33.0734,34.016,35.0865,36.3031,37.6867,39.2608,41.0525,43.0933,45.4203,48.0771,51.1156,54.5975,58.5962,63.1992,68.5103,74.6517,81.766,90.0154,99.579,110.642,123.374,137.889,154.176,172.001,190.769,209.408,226.329,239.592,247.343,248.397,242.699,231.333,216.104,198.938,181.427,164.637,149.13,135.096,122.502,111.219,101.1,92.022,83.8893,76.6247,70.1584,64.4212,59.3425,54.8519,50.8812,47.367,44.2515,41.4831,39.0165,36.8126,34.8372,33.0612,31.4594,30.0103,28.6951,27.4981,26.4053,25.4048,24.4862,23.6407,22.8603,22.1381,21.4682,20.8453,20.2647,19.7224,19.2146,18.7381,18.2902,17.8681,17.4696,17.0927,16.7355,16.3964,
 ,80,24.8386,24.9509,25.0477,25.1285,25.1932,25.2415,25.2734,25.289,25.2884,25.2717,25.2393,25.1916,25.129,25.0522,24.9618,24.8584,24.7428,24.6157,24.4779,24.3303,24.1738,24.0091,23.8371,23.6587,23.4747,23.286,23.0932,22.8971,22.6985,22.4981,22.2965,22.0942,21.892,21.6903,21.4896,21.2903,21.093,20.8979,20.7054,20.5158,20.3294,20.1464,19.9671,19.7916,19.6202,19.4528,19.2898,19.1312,18.977,18.8273,18.6823,18.5418,18.406,18.2749,18.1485,18.0267,17.9096,17.7972,17.6894,17.5861,17.4875,17.3934,17.3038,17.2186,17.1379,17.0615,16.9894,16.9216,16.858,16.7985,16.7432,16.6919,16.6446,16.6013,16.5618,16.5262,16.4943,16.4662,16.4417,16.4209,16.4035,16.3897,16.3793,16.3723,16.3686,16.3682,16.371,16.3769,16.3858,16.3978,16.4128,16.4306,16.4512,16.4746,16.5007,16.5293,16.5606,16.5942,16.6303,16.6686,16.7092,16.7519,16.7966,16.8433,16.8919,16.9422,16.9942,17.0477,17.1027,17.1591,17.2166,17.2754,17.3351,17.3956,17.457,17.519,17.5814,17.6442,17.7073,17.7704,17.8335,17.8964,17.959,18.0211,18.0826,18.1433,18.2031,18.2618,18.3194,18.3756,18.4303,18.4835,18.5349,18.5845,18.6321,18.6777,18.721,18.7621,18.8009,18.8372,18.8711,18.9023,18.931,18.9571,18.9806,19.0014,19.0196,19.0352,19.0482,19.0587,19.0668,19.0725,19.076,19.0773,19.0766,19.074,19.0697,19.0638,19.0566,19.0482,19.0388,19.0287,19.0181,19.0072,18.9963,18.9857,18.9756,18.9664,18.9583,18.9517,18.9469,18.9442,18.9441,18.9468,18.9528,18.9625,18.9762,18.9945,19.0178,19.0465,19.0813,19.1225,19.1708,19.2267,19.2909,19.364,19.4466,19.5395,19.6434,19.759,19.8871,20.0286,20.1841,20.3546,20.5407,20.7433,20.9629,21.2001,21.4554,21.729,22.0208,22.3305,22.6577,23.0011,23.3596,23.7313,24.1142,24.5061,24.9047,25.308,25.7143,26.1228,26.5338,26.9488,27.3706,27.8037,28.2543,28.7295,29.2381,29.7897,30.3951,31.0658,31.814,32.653,33.5971,34.6618,35.8644,37.224,38.7624,40.5045,42.4792,44.7196,47.2649,50.1605,53.46,57.2259,61.5311,66.46,72.109,78.5864,86.0095,94.4986,104.166,115.092,127.294,140.676,154.958,169.609,183.793,196.392,206.143,211.903,212.975,209.332,201.63,190.982,178.63,165.666,152.869,140.684,129.283,118.674,108.802,99.6233,91.1287,83.3336,76.2532,69.8837,64.1985,59.1512,54.6838,50.7339,47.2399,44.1446,41.3963,38.9492,36.764,34.8062,33.0465,31.4597,30.0242,28.7215,27.5357,26.453,25.4617,24.5513,23.7131,22.9392,22.2229,21.5582,20.9398,20.3633,19.8245,19.3199,18.8462,18.4006,17.9805,17.5838,17.2083,16.8523,16.5141,
 ,79,25.6045,25.7235,25.8256,25.9105,25.9779,26.0275,26.0593,26.0733,26.0697,26.0487,26.0107,25.9562,25.8855,25.7995,25.6988,25.5841,25.4563,25.3163,25.1648,25.003,24.8316,24.6517,24.4642,24.27,24.0701,23.8652,23.6563,23.4442,23.2296,23.0134,22.7961,22.5785,22.3612,22.1447,21.9295,21.7162,21.5051,21.2967,21.0912,20.8891,20.6905,20.4959,20.3052,20.1188,19.9369,19.7594,19.5867,19.4187,19.2555,19.0972,18.9439,18.7955,18.6521,18.5137,18.3802,18.2517,18.1282,18.0096,17.8959,17.787,17.683,17.5837,17.4891,17.3992,17.3139,17.2331,17.1568,17.085,17.0176,16.9544,16.8955,16.8408,16.7903,16.7438,16.7013,16.6628,16.6281,16.5973,16.5703,16.5469,16.5271,16.511,16.4983,16.4891,16.4833,16.4808,16.4815,16.4854,16.4925,16.5026,16.5157,16.5317,16.5505,16.5721,16.5964,16.6233,16.6528,16.6848,16.7191,16.7557,16.7945,16.8355,16.8785,16.9234,16.9702,17.0187,17.0688,17.1205,17.1736,17.2281,17.2837,17.3404,17.3981,17.4567,17.5159,17.5758,17.6361,17.6967,17.7576,17.8185,17.8793,17.9399,18.0002,18.0599,18.1191,18.1774,18.2349,18.2913,18.3465,18.4004,18.4528,18.5037,18.5529,18.6003,18.6458,18.6893,18.7307,18.7699,18.8068,18.8414,18.8736,18.9033,18.9306,18.9553,18.9776,18.9973,19.0145,19.0293,19.0416,19.0515,19.0591,19.0645,19.0678,19.069,19.0683,19.0659,19.0618,19.0563,19.0495,19.0416,19.0328,19.0233,19.0134,19.0032,18.9931,18.9832,18.974,18.9655,18.9582,18.9523,18.9482,18.9461,18.9465,18.9496,18.9559,18.9657,18.9794,18.9975,19.0203,19.0484,19.0822,19.1221,19.1687,19.2226,19.2843,19.3544,19.4334,19.5221,19.6211,19.7309,19.8525,19.9863,20.1331,20.2936,20.4684,20.6582,20.8634,21.0846,21.322,21.5757,21.8459,22.1321,22.434,22.7508,23.0814,23.4246,23.7789,24.143,24.5153,24.8947,25.2803,25.6722,26.0709,26.4783,26.8972,27.3318,27.7873,28.2703,28.7883,29.3498,29.9642,30.6418,31.3936,32.2318,33.1693,34.2204,35.4011,36.7288,38.2236,39.9079,41.8078,43.9528,46.3774,49.1209,52.2292,55.7546,59.7569,64.3034,69.4687,75.3328,81.9775,89.4797,97.8995,107.262,117.531,128.571,140.111,151.704,162.714,172.351,179.777,184.27,185.407,183.189,178.037,170.671,161.915,152.513,143.004,133.679,124.618,115.784,107.14,98.7182,90.6305,83.0187,76.0009,69.6423,63.9538,58.9058,54.4456,50.5106,47.0374,43.9662,41.2434,38.8221,36.6617,34.7273,32.9895,31.4227,30.0054,28.7192,27.5482,26.4788,25.4994,24.5997,23.7709,23.0055,22.2967,21.6387,21.0263,20.4551,19.9209,19.4203,18.9502,18.5077,18.0903,17.6959,17.3224,16.968,16.6312,
 ,78,26.4118,26.5382,26.6462,26.7356,26.8058,26.8568,26.8885,26.9008,26.8939,26.8682,26.824,26.7618,26.6823,26.5861,26.4741,26.347,26.2058,26.0516,25.8852,25.7077,25.5202,25.3237,25.1193,24.9079,24.6906,24.4683,24.242,24.0126,23.7808,23.5476,23.3136,23.0795,22.8461,22.6138,22.3833,22.1549,21.9293,21.7067,21.4876,21.2722,21.0609,20.8539,20.6514,20.4536,20.2606,20.0726,19.8897,19.7119,19.5394,19.3721,19.2102,19.0536,18.9023,18.7563,18.6157,18.4803,18.3501,18.2252,18.1054,17.9908,17.8812,17.7766,17.6769,17.5822,17.4922,17.407,17.3265,17.2506,17.1793,17.1124,17.05,16.9918,16.938,16.8884,16.8429,16.8015,16.764,16.7305,16.7009,16.6751,16.6529,16.6345,16.6196,16.6083,16.6003,16.5958,16.5946,16.5966,16.6018,16.6101,16.6215,16.6357,16.6529,16.6729,16.6955,16.7208,16.7487,16.7791,16.8118,16.8468,16.8841,16.9235,16.9649,17.0082,17.0534,17.1003,17.1488,17.1988,17.2502,17.303,17.3569,17.4119,17.4678,17.5245,17.5819,17.6399,17.6983,17.757,17.8159,17.8748,17.9336,17.9922,18.0504,18.1081,18.1651,18.2214,18.2767,18.331,18.3841,18.436,18.4864,18.5352,18.5824,18.6278,18.6714,18.713,18.7525,18.79,18.8252,18.8581,18.8888,18.9171,18.943,18.9665,18.9875,19.0062,19.0225,19.0364,19.0479,19.0572,19.0643,19.0693,19.0722,19.0732,19.0724,19.0699,19.0659,19.0606,19.054,19.0464,19.0379,19.0289,19.0194,19.0097,19.0001,18.9908,18.982,18.974,18.9672,18.9617,18.958,18.9562,18.9568,18.9601,18.9663,18.976,18.9894,19.007,19.0291,19.0562,19.0887,19.1271,19.1719,19.2235,19.2825,19.3495,19.4248,19.5092,19.6032,19.7074,19.8225,19.9489,20.0874,20.2384,20.4026,20.5804,20.7724,20.9788,21.2,21.436,21.6868,21.9524,22.2322,22.5258,22.8325,23.1514,23.4815,23.822,24.172,24.5309,24.8986,25.2755,25.6625,26.0617,26.4758,26.9086,27.3649,27.8504,28.3719,28.9367,29.5534,30.2311,30.9797,31.8102,32.7344,33.7653,34.9175,36.2069,37.6515,39.2717,41.0905,43.134,45.4322,48.019,50.9329,54.2174,57.9211,62.0971,66.8023,72.0951,78.0316,84.6589,92.0052,100.065,108.777,118.006,127.509,136.922,145.758,153.444,159.392,163.118,164.351,163.113,159.715,154.673,148.578,141.955,135.156,128.305,121.325,114.058,106.424,98.5214,90.6066,82.9783,75.8742,69.4273,63.6762,58.5962,54.1296,50.2064,46.7563,43.7146,41.0241,38.6354,36.5065,34.6019,32.8914,31.3497,29.9551,28.6893,27.5366,26.4837,25.5188,24.6322,23.8151,23.06,22.3604,21.7105,21.1054,20.5406,20.0121,19.5165,19.0507,18.612,18.198,17.8064,17.4354,17.0831,16.7479,
 ,77,27.2635,27.3979,27.5125,27.6067,27.6802,27.7327,27.7642,27.7746,27.7641,27.7332,27.6821,27.6115,27.5221,27.4147,27.2901,27.1494,26.9936,26.8237,26.641,26.4464,26.2412,26.0267,25.8038,25.5737,25.3376,25.0965,24.8514,24.6032,24.353,24.1014,23.8495,23.5978,23.3471,23.098,22.8511,22.6068,22.3657,22.1282,21.8946,21.6653,21.4405,21.2206,21.0056,20.7958,20.5913,20.3923,20.1987,20.0108,19.8286,19.652,19.4812,19.3161,19.1566,19.0029,18.8548,18.7123,18.5753,18.4439,18.3179,18.1973,18.0821,17.9721,17.8673,17.7676,17.6729,17.5832,17.4984,17.4184,17.3431,17.2725,17.2064,17.1449,17.0878,17.035,16.9865,16.9422,16.902,16.8659,16.8337,16.8054,16.7809,16.7602,16.7432,16.7297,16.7198,16.7134,16.7103,16.7105,16.714,16.7206,16.7302,16.7429,16.7585,16.7769,16.798,16.8218,16.8483,16.8772,16.9085,16.9421,16.9779,17.0159,17.0559,17.0978,17.1415,17.187,17.2341,17.2826,17.3326,17.3838,17.4362,17.4897,17.544,17.5992,17.655,17.7113,17.768,17.8251,17.8822,17.9394,17.9964,18.0532,18.1096,18.1655,18.2207,18.2751,18.3285,18.381,18.4322,18.4822,18.5308,18.5778,18.6232,18.6668,18.7086,18.7485,18.7864,18.8222,18.8558,18.8873,18.9165,18.9434,18.968,18.9903,19.0102,19.0278,19.0431,19.0562,19.0669,19.0756,19.082,19.0865,19.089,19.0897,19.0886,19.086,19.0819,19.0765,19.0699,19.0624,19.0541,19.0452,19.036,19.0265,19.0171,19.0081,18.9996,18.9918,18.9852,18.9799,18.9762,18.9745,18.975,18.9781,18.9841,18.9933,19.0061,19.0229,19.0441,19.07,19.1011,19.1377,19.1804,19.2296,19.2858,19.3494,19.421,19.5011,19.5902,19.6888,19.7975,19.9168,20.0472,20.1893,20.3434,20.5102,20.6898,20.8828,21.0892,21.3092,21.5429,21.79,22.0505,22.3239,22.6098,22.9077,23.2169,23.537,23.8677,24.2088,24.5605,24.9236,25.2993,25.6896,26.0972,26.5256,26.9793,27.4632,27.9833,28.5464,29.1598,29.8319,30.5716,31.3887,32.294,33.2994,34.4178,35.6637,37.0533,38.6046,40.338,42.2765,44.4457,46.8747,49.5958,52.6449,56.0612,59.8867,64.1649,68.939,74.2478,80.1207,86.5692,93.5761,101.08,108.96,117.014,124.95,132.387,138.875,143.96,147.268,148.606,148.016,145.778,142.333,138.171,133.704,129.151,124.467,119.365,113.48,106.631,98.9842,90.985,83.1325,75.7995,69.1796,63.3224,58.1926,53.7164,49.8092,46.39,43.3866,40.737,38.3891,36.2992,34.4308,32.7536,31.2421,29.8747,28.6332,27.5023,26.4687,25.5212,24.6499,23.8465,23.1035,22.4147,21.7745,21.1778,20.6205,20.0986,19.6089,19.1483,18.7141,18.304,17.9158,17.5477,17.1979,16.8649,
 ,76,28.1625,28.3059,28.4277,28.5274,28.6044,28.6586,28.6898,28.6981,28.6836,28.6468,28.5881,28.5082,28.4079,28.2881,28.1498,27.994,27.822,27.635,27.4342,27.221,26.9965,26.7622,26.5192,26.2688,26.0123,25.7507,25.4853,25.2169,24.9467,24.6756,24.4043,24.1338,23.8647,23.5976,23.3332,23.0721,22.8146,22.5613,22.3124,22.0684,21.8295,21.5959,21.3678,21.1455,20.929,20.7184,20.5139,20.3154,20.1231,19.9369,19.7568,19.5829,19.415,19.2532,19.0974,18.9476,18.8037,18.6656,18.5333,18.4066,18.2856,18.1701,18.06,17.9553,17.8558,17.7616,17.6724,17.5882,17.509,17.4346,17.3649,17.2999,17.2395,17.1836,17.1321,17.0849,17.042,17.0032,16.9685,16.9379,16.9111,16.8882,16.8691,16.8536,16.8417,16.8334,16.8286,16.827,16.8288,16.8338,16.8419,16.8531,16.8672,16.8842,16.9039,16.9264,16.9515,16.9791,17.0091,17.0415,17.076,17.1128,17.1515,17.1922,17.2347,17.2789,17.3247,17.3721,17.4208,17.4707,17.5218,17.5739,17.6269,17.6807,17.7351,17.7901,17.8454,17.9009,17.9566,18.0123,18.0678,18.123,18.1778,18.2321,18.2857,18.3385,18.3903,18.4411,18.4907,18.5391,18.586,18.6313,18.6751,18.7171,18.7574,18.7957,18.8321,18.8664,18.8986,18.9286,18.9565,18.9821,19.0055,19.0266,19.0454,19.062,19.0763,19.0885,19.0984,19.1063,19.1121,19.116,19.118,19.1182,19.1168,19.1138,19.1094,19.1038,19.0971,19.0895,19.0811,19.0722,19.0629,19.0535,19.0441,19.0351,19.0266,19.0188,19.0121,19.0067,19.0029,19.0009,19.0011,19.0037,19.0092,19.0177,19.0297,19.0455,19.0654,19.0899,19.1193,19.154,19.1945,19.2411,19.2943,19.3545,19.4222,19.498,19.5821,19.6752,19.7777,19.8901,20.0129,20.1464,20.2912,20.4475,20.6158,20.7964,20.9893,21.1949,21.4131,21.6439,21.8872,22.1428,22.4105,22.6899,22.9808,23.2831,23.5968,23.9219,24.259,24.6092,24.9736,25.3545,25.7542,26.1762,26.6243,27.1032,27.6182,28.1752,28.781,29.4429,30.169,30.9682,31.8501,32.8254,33.9059,35.1044,36.4354,37.9148,39.5605,41.3924,43.4326,45.7059,48.2392,51.0623,54.2069,57.7068,61.5959,65.9074,70.6702,75.9051,81.6191,87.7971,94.391,101.307,108.39,115.408,122.047,127.919,132.608,135.76,137.192,136.969,135.401,132.952,130.112,127.258,124.531,121.728,118.313,113.639,107.371,99.7515,91.4646,83.2458,75.6062,68.7827,62.8167,57.6477,53.1774,49.3026,45.9294,42.9776,40.3805,38.0832,36.0406,34.2156,32.5777,31.1015,29.7657,28.5525,27.4467,26.4354,25.5077,24.654,23.8662,23.1372,22.4607,21.8313,21.2444,20.6956,20.1813,19.6983,19.2436,18.8146,18.4089,18.0247,17.6599,17.313,16.9824,
 ,75,29.1124,29.2657,29.3955,29.5011,29.5821,29.6381,29.669,29.6749,29.656,29.6127,29.5455,29.4553,29.3429,29.2094,29.0558,28.8835,28.6937,28.4878,28.2672,28.0335,27.7879,27.5319,27.267,26.9946,26.7159,26.4322,26.1447,25.8546,25.5629,25.2707,24.9787,24.688,24.3992,24.113,23.8301,23.551,23.2762,23.0061,22.7411,22.4816,22.2278,21.9799,21.7382,21.5027,21.2736,21.051,20.835,20.6256,20.4228,20.2266,20.0369,19.8539,19.6773,19.5073,19.3436,19.1863,19.0352,18.8903,18.7515,18.6186,18.4917,18.3706,18.2551,18.1453,18.041,17.9421,17.8485,17.7602,17.6769,17.5987,17.5254,17.4569,17.3932,17.3342,17.2797,17.2297,17.184,17.1427,17.1055,17.0725,17.0435,17.0184,16.9972,16.9798,16.9661,16.956,16.9494,16.9462,16.9465,16.9499,16.9566,16.9664,16.9791,16.9948,17.0133,17.0346,17.0585,17.0849,17.1138,17.145,17.1785,17.2142,17.2518,17.2915,17.3329,17.3761,17.4209,17.4671,17.5148,17.5636,17.6136,17.6647,17.7165,17.7692,17.8224,17.8762,17.9303,17.9846,18.0391,18.0935,18.1477,18.2016,18.2551,18.308,18.3602,18.4116,18.462,18.5114,18.5596,18.6065,18.6519,18.6959,18.7382,18.7788,18.8176,18.8545,18.8895,18.9224,18.9533,18.982,19.0086,19.033,19.0552,19.0752,19.093,19.1085,19.1219,19.1331,19.1422,19.1493,19.1544,19.1575,19.1589,19.1586,19.1566,19.1532,19.1484,19.1425,19.1354,19.1275,19.1189,19.1097,19.1002,19.0906,19.081,19.0717,19.0629,19.0549,19.0479,19.0421,19.0378,19.0354,19.035,19.037,19.0416,19.0492,19.0602,19.0747,19.0932,19.116,19.1436,19.1761,19.2142,19.258,19.3081,19.3649,19.4287,19.5001,19.5793,19.667,19.7635,19.8692,19.9846,20.11,20.2459,20.3925,20.5502,20.7193,20.9,21.0924,21.2966,21.5127,21.7407,21.9804,22.2319,22.495,22.7697,23.0561,23.3544,23.665,23.9886,24.3263,24.6796,25.0504,25.4411,25.8549,26.2952,26.7663,27.273,27.8206,28.4152,29.0632,29.772,30.5496,31.4045,32.3464,33.3857,34.534,35.804,37.2097,38.7668,40.4925,42.4057,44.5274,46.8804,49.4894,52.3806,55.5816,59.1202,63.0237,67.3164,72.0177,77.138,82.6736,88.5992,94.8573,101.342,107.878,114.196,119.918,124.592,127.795,129.292,129.169,127.823,125.823,123.733,121.951,120.576,119.276,117.267,113.603,107.772,100.091,91.49,82.9315,75.042,68.0797,62.0646,56.9062,52.4811,48.6692,45.3655,42.4837,39.9535,37.7182,35.7321,33.9581,32.3657,30.9301,29.6303,28.449,27.3715,26.3853,25.4799,24.6459,23.8756,23.162,22.4993,21.8821,21.306,20.7668,20.261,19.7854,19.3372,18.914,18.5134,18.1336,17.7726,17.4289,17.1011,
 ,74,30.1168,30.281,30.4196,30.5319,30.6172,30.6752,30.7058,30.709,30.6851,30.6346,30.558,30.4564,30.3306,30.1818,30.0114,29.8207,29.6113,29.3846,29.1424,28.886,28.6173,28.3378,28.049,27.7525,27.4497,27.142,26.8307,26.5171,26.2023,25.8873,25.5732,25.2609,24.9511,24.6445,24.3419,24.0437,23.7505,23.4628,23.1808,22.9049,22.6355,22.3726,22.1165,21.8673,21.6251,21.39,21.162,20.9412,20.7275,20.521,20.3215,20.1291,19.9436,19.765,19.5932,19.4282,19.2698,19.1179,18.9724,18.8332,18.7003,18.5734,18.4525,18.3375,18.2283,18.1247,18.0267,17.9341,17.8468,17.7647,17.6878,17.6159,17.5489,17.4867,17.4292,17.3764,17.328,17.2841,17.2445,17.2092,17.178,17.1508,17.1277,17.1084,17.0929,17.081,17.0728,17.0681,17.0669,17.0689,17.0743,17.0827,17.0943,17.1088,17.1262,17.1463,17.1692,17.1946,17.2225,17.2528,17.2854,17.3201,17.3569,17.3956,17.4362,17.4785,17.5225,17.5679,17.6146,17.6627,17.7118,17.7619,17.8129,17.8647,17.917,17.9698,18.0229,18.0763,18.1297,18.1831,18.2362,18.2891,18.3414,18.3932,18.4443,18.4945,18.5437,18.5919,18.6388,18.6844,18.7286,18.7713,18.8123,18.8517,18.8892,18.9249,18.9586,18.9903,19.0199,19.0475,19.0729,19.0961,19.1172,19.136,19.1527,19.1673,19.1796,19.1899,19.1981,19.2044,19.2086,19.2111,19.2117,19.2107,19.2081,19.2041,19.1987,19.1922,19.1847,19.1763,19.1672,19.1576,19.1477,19.1376,19.1276,19.1178,19.1086,19.1,19.0925,19.0861,19.0812,19.078,19.0768,19.0779,19.0815,19.0879,19.0975,19.1106,19.1275,19.1485,19.1739,19.2042,19.2396,19.2806,19.3275,19.3807,19.4406,19.5076,19.582,19.6643,19.7549,19.8542,19.9625,20.0802,20.2076,20.3451,20.493,20.6515,20.8208,21.0012,21.1927,21.3955,21.6095,21.835,22.0719,22.3203,22.5804,22.8524,23.1366,23.4337,23.7446,24.0702,24.4122,24.7724,25.1532,25.5573,25.9881,26.4492,26.9451,27.4806,28.061,28.6922,29.3807,30.1337,30.9589,31.8649,32.8608,33.9571,35.1648,36.4963,37.9651,39.5862,41.3758,43.3517,45.5333,47.9413,50.5979,53.5264,56.7509,60.2956,64.1842,68.4388,73.0782,78.1155,83.5537,89.3771,95.5336,101.904,108.257,114.195,119.166,122.587,124.105,123.822,122.28,120.224,118.337,117.056,116.451,116.094,115.027,112.094,106.649,99.052,90.3869,81.7544,73.8432,66.9171,60.979,55.9197,51.6017,47.8959,44.6928,41.9033,39.4565,37.2959,35.376,33.6607,32.1201,30.7302,29.4707,28.3249,27.2788,26.3203,25.4394,24.6271,23.876,23.1794,22.5318,21.928,21.3637,20.835,20.3384,19.871,19.4301,19.0132,18.6181,18.2431,17.8863,17.5462,17.2215,
 ,73,31.1794,31.3558,31.5043,31.6239,31.714,31.7743,31.8045,31.8047,31.7753,31.7167,31.6296,31.5152,31.3745,31.2089,31.0199,30.8089,30.5778,30.3282,30.062,29.781,29.4869,29.1815,28.8666,28.5439,28.2149,27.8812,27.5442,27.2052,26.8655,26.5262,26.1883,25.8528,25.5206,25.1923,24.8687,24.5503,24.2377,23.9313,23.6314,23.3384,23.0525,22.7739,22.5028,22.2392,21.9834,21.7353,21.4949,21.2622,21.0373,20.8201,20.6104,20.4083,20.2136,20.0262,19.8461,19.6732,19.5072,19.3482,19.1959,19.0503,18.9112,18.7785,18.6521,18.5319,18.4177,18.3093,18.2068,18.1099,18.0186,17.9327,17.8521,17.7767,17.7064,17.6411,17.5807,17.525,17.474,17.4276,17.3856,17.348,17.3147,17.2855,17.2604,17.2393,17.222,17.2086,17.1988,17.1927,17.19,17.1908,17.1949,17.2022,17.2127,17.2261,17.2425,17.2617,17.2837,17.3082,17.3353,17.3648,17.3966,17.4306,17.4667,17.5048,17.5447,17.5863,17.6296,17.6744,17.7205,17.7679,17.8163,17.8658,17.9161,17.9672,18.0188,18.0709,18.1233,18.1759,18.2285,18.2811,18.3334,18.3854,18.4369,18.4878,18.5379,18.5871,18.6354,18.6825,18.7284,18.773,18.8161,18.8577,18.8976,18.9359,18.9723,19.0068,19.0393,19.0699,19.0984,19.1248,19.1491,19.1713,19.1912,19.209,19.2247,19.2382,19.2496,19.2589,19.2662,19.2715,19.2749,19.2764,19.2763,19.2744,19.2711,19.2663,19.2603,19.2531,19.2449,19.2359,19.2261,19.2159,19.2053,19.1946,19.1839,19.1735,19.1635,19.1543,19.1459,19.1387,19.1329,19.1288,19.1265,19.1264,19.1288,19.1339,19.1419,19.1534,19.1684,19.1873,19.2105,19.2383,19.271,19.309,19.3526,19.4022,19.458,19.5206,19.5903,19.6673,19.7522,19.8451,19.9466,20.0569,20.1764,20.3053,20.4439,20.5926,20.7514,20.9206,21.1005,21.291,21.4925,21.7049,21.9286,22.1636,22.4103,22.669,22.9402,23.2247,23.5232,23.8371,24.1677,24.5168,24.8868,25.2801,25.6998,26.1492,26.6324,27.1535,27.7175,28.3296,28.9955,29.7218,30.5152,31.3834,32.3346,33.3777,34.5227,35.7803,37.1623,38.6814,40.3518,42.1886,44.2083,46.4287,48.8689,51.5495,54.4921,57.7201,61.2582,65.1334,69.3746,74.0134,79.0819,84.6069,90.5918,96.9775,103.57,109.946,115.413,119.158,120.647,119.989,117.922,115.412,113.27,111.955,111.492,111.399,110.674,108.132,103.109,95.9409,87.6859,79.4269,71.845,65.2043,59.5122,54.6645,50.5285,46.9794,43.9113,41.2386,38.8928,36.8197,34.976,33.3269,31.8442,30.5047,29.2895,28.1827,27.1707,26.2424,25.388,24.5992,23.8689,23.1908,22.5594,21.9701,21.4185,20.9012,20.4146,19.9561,19.5229,19.1129,18.7238,18.354,18.0017,17.6655,17.3441,
 ,72,32.3047,32.4946,32.6539,32.7817,32.8772,32.94,32.9698,32.9666,32.9309,32.8633,32.7647,32.636,32.4788,32.2945,32.0847,31.8513,31.5962,31.3213,31.0288,30.7205,30.3986,30.0651,29.7217,29.3704,29.013,28.651,28.2861,27.9198,27.5532,27.1877,26.8244,26.4642,26.108,25.7567,25.4108,25.071,24.7379,24.4117,24.0929,23.7819,23.4787,23.1837,22.8969,22.6184,22.3484,22.0867,21.8334,21.5886,21.352,21.1236,20.9035,20.6914,20.4872,20.2909,20.1022,19.9212,19.7475,19.5812,19.422,19.2698,19.1245,18.9859,18.8539,18.7283,18.609,18.4959,18.3888,18.2877,18.1922,18.1025,18.0182,17.9394,17.8658,17.7974,17.734,17.6756,17.6219,17.573,17.5287,17.4889,17.4535,17.4223,17.3954,17.3725,17.3536,17.3387,17.3275,17.32,17.316,17.3156,17.3186,17.3249,17.3343,17.3469,17.3624,17.3808,17.402,17.4259,17.4523,17.4812,17.5124,17.5459,17.5814,17.619,17.6584,17.6996,17.7424,17.7867,17.8324,17.8793,17.9274,17.9764,18.0263,18.0769,18.128,18.1796,18.2315,18.2836,18.3357,18.3877,18.4394,18.4907,18.5416,18.5917,18.6411,18.6896,18.7371,18.7834,18.8285,18.8722,18.9144,18.9551,18.9941,19.0313,19.0668,19.1003,19.1318,19.1614,19.1888,19.2142,19.2374,19.2585,19.2774,19.2942,19.3088,19.3213,19.3316,19.3399,19.3462,19.3506,19.353,19.3536,19.3525,19.3498,19.3456,19.34,19.3331,19.325,19.316,19.3061,19.2956,19.2845,19.2731,19.2615,19.25,19.2387,19.2278,19.2176,19.2082,19.2,19.193,19.1877,19.1842,19.1827,19.1836,19.1871,19.1935,19.203,19.216,19.2327,19.2535,19.2787,19.3085,19.3434,19.3835,19.4294,19.4812,19.5394,19.6043,19.6761,19.7553,19.8422,19.9372,20.0404,20.1522,20.273,20.4029,20.5423,20.6913,20.8502,21.0192,21.1985,21.3883,21.5889,21.8003,22.023,22.2573,22.5036,22.7625,23.0349,23.3215,23.6237,23.9428,24.2805,24.639,25.0206,25.428,25.8643,26.3331,26.8383,27.3841,27.9752,28.617,29.3149,30.0751,30.9044,31.8099,32.7997,33.8823,35.0671,36.3642,37.7848,39.3409,41.0456,42.9131,44.9588,47.1996,49.6539,52.3421,55.2873,58.5158,62.0595,65.9564,70.254,75.0093,80.2852,86.1339,92.5513,99.3841,106.19,112.143,116.194,117.605,116.491,113.78,110.648,108.002,106.285,105.474,105.073,104.168,101.732,97.1905,90.7997,83.4224,75.9758,69.0675,62.9576,57.6777,53.1521,49.2715,45.9284,43.0292,40.4967,38.2687,36.2954,34.5369,32.9611,31.5417,30.2572,29.0899,28.0249,27.0497,26.1537,25.3278,24.5641,23.856,23.1975,22.5836,22.0096,21.4718,20.9665,20.4907,20.0416,19.6167,19.2139,18.8313,18.467,18.1196,17.7875,17.4696,
 ,71,33.497,33.7019,33.8734,34.0103,34.1118,34.1773,34.2066,34.1997,34.157,34.0794,33.9677,33.8232,33.6475,33.4424,33.2096,32.9513,32.6697,32.3669,32.0454,31.7072,31.3548,30.9903,30.6158,30.2334,29.8451,29.4525,29.0575,28.6616,28.2662,27.8726,27.4819,27.0953,26.7137,26.3377,25.9682,25.6058,25.2509,24.904,24.5654,24.2354,23.9142,23.6019,23.2987,23.0047,22.7198,22.4441,22.1775,21.9199,21.6713,21.4316,21.2006,20.9782,20.7643,20.5588,20.3614,20.172,19.9905,19.8167,19.6505,19.4916,19.34,19.1954,19.0577,18.9267,18.8023,18.6844,18.5727,18.4672,18.3677,18.2741,18.1861,18.1038,18.027,17.9555,17.8892,17.828,17.7718,17.7204,17.6738,17.6318,17.5944,17.5613,17.5326,17.5081,17.4877,17.4712,17.4587,17.4499,17.4448,17.4433,17.4453,17.4507,17.4593,17.471,17.4858,17.5036,17.5242,17.5475,17.5735,17.6019,17.6327,17.6658,17.701,17.7383,17.7774,17.8183,17.8609,17.905,17.9504,17.9971,18.045,18.0938,18.1434,18.1938,18.2447,18.2961,18.3477,18.3995,18.4512,18.5029,18.5542,18.6052,18.6556,18.7053,18.7542,18.8021,18.849,18.8948,18.9392,18.9822,19.0237,19.0636,19.1018,19.1382,19.1728,19.2054,19.2361,19.2647,19.2912,19.3156,19.3378,19.3579,19.3758,19.3915,19.4051,19.4165,19.4258,19.4331,19.4384,19.4417,19.4431,19.4427,19.4405,19.4368,19.4316,19.425,19.4171,19.408,19.398,19.3871,19.3755,19.3634,19.351,19.3384,19.3258,19.3134,19.3014,19.29,19.2794,19.2699,19.2616,19.2549,19.2498,19.2468,19.246,19.2477,19.2522,19.2596,19.2704,19.2848,19.303,19.3254,19.3522,19.3838,19.4205,19.4625,19.5103,19.5641,19.6242,19.6909,19.7646,19.8456,19.9341,20.0305,20.135,20.248,20.3697,20.5003,20.6401,20.7894,20.9483,21.1172,21.2962,21.4855,21.6856,21.8968,22.1194,22.3541,22.6013,22.862,23.137,23.4276,23.7351,24.0611,24.4075,24.7766,25.1708,25.593,26.0462,26.5341,27.0604,27.6293,28.2455,28.914,29.6402,30.4299,31.2897,32.2263,33.2474,34.3609,35.5759,36.9018,38.3489,39.9287,41.6533,43.5364,45.5929,47.8397,50.296,52.9846,55.9331,59.1762,62.7581,66.7361,71.1829,76.1838,81.8208,88.1254,94.9734,101.92,108.066,112.222,113.522,112.074,108.91,105.307,102.197,99.9885,98.6217,97.6442,96.3131,93.8467,89.8121,84.3657,78.1106,71.7286,65.7099,60.2965,55.5486,51.4289,47.8617,44.7647,42.0621,39.6895,37.5935,35.7304,34.0651,32.5686,31.2172,29.9916,28.8753,27.8548,26.9185,26.0567,25.2608,24.5237,23.839,23.2013,22.6057,22.0481,21.5246,21.0321,20.5676,20.1284,19.7124,19.3173,18.9414,18.583,18.2406,17.9129,17.5987,
 ,70,34.7612,34.9829,35.168,35.3151,35.4232,35.4917,35.5204,35.5093,35.4589,35.3699,35.2437,35.0816,34.8853,34.6569,34.3986,34.1127,33.8017,33.4681,33.1145,32.7435,32.3576,31.9592,31.5507,31.1344,30.7124,30.2867,29.8591,29.4313,29.0049,28.5811,28.1613,27.7465,27.3376,26.9356,26.541,26.1546,25.7768,25.408,25.0485,24.6987,24.3586,24.0284,23.7081,23.3979,23.0976,22.8073,22.5269,22.2562,21.9952,21.7437,21.5016,21.2687,21.0448,20.8298,20.6234,20.4256,20.2361,20.0547,19.8813,19.7156,19.5575,19.4068,19.2634,19.127,18.9974,18.8746,18.7584,18.6485,18.5449,18.4474,18.3558,18.27,18.1899,18.1153,18.0462,17.9823,17.9235,17.8697,17.8209,17.7768,17.7374,17.7025,17.6721,17.646,17.6241,17.6063,17.5925,17.5826,17.5765,17.574,17.5751,17.5796,17.5875,17.5986,17.6129,17.6302,17.6503,17.6733,17.6989,17.727,17.7576,17.7905,17.8256,17.8627,17.9018,17.9426,17.9851,18.0292,18.0747,18.1214,18.1692,18.2181,18.2677,18.3181,18.369,18.4204,18.4719,18.5237,18.5753,18.6269,18.6781,18.7289,18.7791,18.8285,18.8771,18.9248,18.9713,19.0166,19.0606,19.1031,19.144,19.1834,19.2209,19.2567,19.2905,19.3224,19.3522,19.38,19.4056,19.4291,19.4504,19.4695,19.4864,19.5011,19.5136,19.524,19.5323,19.5385,19.5426,19.5448,19.5451,19.5436,19.5403,19.5355,19.5291,19.5213,19.5123,19.5021,19.4909,19.4788,19.4661,19.4528,19.4391,19.4252,19.4114,19.3977,19.3843,19.3715,19.3595,19.3485,19.3387,19.3304,19.3236,19.3188,19.3161,19.3158,19.3182,19.3234,19.3317,19.3435,19.359,19.3785,19.4022,19.4305,19.4636,19.5018,19.5454,19.5947,19.6501,19.7117,19.78,19.8551,19.9375,20.0273,20.1248,20.2303,20.3441,20.4665,20.5976,20.7378,20.8872,21.0462,21.215,21.394,21.5834,21.7837,21.9953,22.2188,22.4548,22.7042,22.9678,23.2468,23.5426,23.8565,24.1905,24.5465,24.9268,25.334,25.7708,26.2404,26.7462,27.292,27.8819,28.5203,29.212,29.962,30.7762,31.6604,32.6212,33.6657,34.8014,36.0367,37.3803,38.8422,40.4329,42.1644,44.0501,46.1052,48.3478,50.7999,53.4888,56.4496,59.7281,63.3841,67.4934,72.1453,77.4262,83.3713,89.8626,96.4672,102.312,106.242,107.415,105.921,102.734,99.0599,95.7677,93.2256,91.3789,89.8645,88.1343,85.6453,82.0966,77.5649,72.4253,67.1353,62.0571,57.398,53.2351,49.5647,46.3446,43.5188,41.0317,38.8328,36.8791,35.1341,33.5679,32.1554,30.8759,29.712,28.6493,27.6754,26.7799,25.9538,25.1894,24.48,23.8198,23.2038,22.6274,22.0868,21.5785,21.0993,20.6466,20.2178,19.8109,19.4239,19.0551,18.7028,18.3657,18.0425,17.7321,
 ,69,36.1025,36.3429,36.5431,36.7016,36.8172,36.8891,36.9171,36.9012,36.8421,36.7405,36.598,36.4161,36.1968,35.9426,35.6559,35.3393,34.9957,34.628,34.2391,33.8319,33.4092,32.9737,32.5281,32.0749,31.6163,31.1547,30.6919,30.2297,29.7698,29.3137,28.8626,28.4177,27.98,27.5502,27.1292,26.7174,26.3154,25.9236,25.5423,25.1716,24.8117,24.4628,24.1248,23.7977,23.4815,23.1761,22.8814,22.5972,22.3234,22.0598,21.8062,21.5625,21.3284,21.1037,20.8882,20.6817,20.4841,20.295,20.1142,19.9417,19.777,19.6202,19.4709,19.329,19.1943,19.0666,18.9457,18.8314,18.7237,18.6223,18.5271,18.4379,18.3545,18.2769,18.2049,18.1383,18.077,18.0209,17.9699,17.9238,17.8825,17.8459,17.8138,17.7862,17.7629,17.7439,17.7289,17.718,17.7109,17.7076,17.7079,17.7118,17.7191,17.7298,17.7436,17.7605,17.7804,17.8031,17.8286,17.8566,17.8872,17.9201,17.9552,17.9924,18.0316,18.0726,18.1153,18.1596,18.2053,18.2522,18.3003,18.3494,18.3993,18.4499,18.5011,18.5526,18.6044,18.6563,18.7082,18.7598,18.8111,18.862,18.9122,18.9616,19.0102,19.0577,19.1041,19.1492,19.1928,19.235,19.2756,19.3145,19.3516,19.3868,19.42,19.4512,19.4804,19.5074,19.5322,19.5549,19.5753,19.5934,19.6094,19.6231,19.6346,19.6439,19.651,19.6561,19.6591,19.6601,19.6592,19.6565,19.652,19.6459,19.6382,19.6292,19.6188,19.6073,19.5948,19.5814,19.5673,19.5526,19.5375,19.5222,19.5068,19.4916,19.4767,19.4624,19.4487,19.436,19.4245,19.4143,19.4056,19.3988,19.3941,19.3916,19.3916,19.3944,19.4002,19.4092,19.4218,19.4382,19.4587,19.4835,19.5129,19.5472,19.5866,19.6315,19.6821,19.7387,19.8016,19.8711,19.9473,20.0307,20.1215,20.2199,20.3261,20.4406,20.5634,20.6949,20.8354,20.985,21.1442,21.3133,21.4926,21.6825,21.8836,22.0963,22.3215,22.5598,22.8122,23.0797,23.3636,23.6654,23.9866,24.3291,24.6949,25.0864,25.5061,25.9568,26.4416,26.9637,27.5268,28.1348,28.7918,29.5025,30.2716,31.1045,32.0068,32.9845,34.0443,35.1931,36.4387,37.7894,39.2546,40.8446,42.5713,44.4483,46.4923,48.7234,51.1672,53.8566,56.8343,60.1551,63.8869,68.1061,72.8799,78.2213,83.9994,89.8117,94.9013,98.3089,99.3512,98.0939,95.3137,91.9958,88.8718,86.2696,84.172,82.3272,80.3649,77.931,74.8258,71.0774,66.9014,62.5842,58.3756,54.4391,50.8533,47.6362,44.7714,42.2261,39.9627,37.9447,36.139,34.5169,33.0536,31.7282,30.5231,29.4233,28.4159,27.4902,26.6368,25.8477,25.1158,24.4352,23.8004,23.2068,22.6503,22.1274,21.6346,21.1693,20.7288,20.3109,19.9135,19.5348,19.1732,18.8273,18.4956,18.1771,17.8706,
 ,68,37.5264,37.7877,38.0049,38.176,38.2999,38.3757,38.4029,38.3817,38.3127,38.197,38.0362,37.8321,37.5873,37.3042,36.9858,36.6351,36.2554,35.8499,35.422,34.9749,34.5118,34.0357,33.5495,33.0561,32.5578,32.0572,31.5564,31.0572,30.5614,30.0707,29.5862,29.1092,28.6407,28.1816,27.7325,27.294,26.8666,26.4506,26.0463,25.6539,25.2734,24.9049,24.5484,24.2039,23.8712,23.5502,23.2407,22.9426,22.6556,22.3796,22.1143,21.8595,21.6149,21.3804,21.1556,20.9403,20.7343,20.5373,20.3492,20.1696,19.9984,19.8353,19.6801,19.5327,19.3927,19.2601,19.1346,19.016,18.9041,18.7988,18.6999,18.6073,18.5208,18.4402,18.3653,18.2961,18.2324,18.174,18.1208,18.0727,18.0296,17.9913,17.9577,17.9287,17.9042,17.8839,17.8679,17.8561,17.8482,17.8441,17.8438,17.8472,17.8541,17.8644,17.8779,17.8947,17.9144,17.9371,17.9626,17.9908,18.0214,18.0545,18.0899,18.1274,18.167,18.2083,18.2515,18.2962,18.3423,18.3897,18.4383,18.4879,18.5383,18.5894,18.641,18.693,18.7453,18.7976,18.8499,18.9019,18.9536,19.0047,19.0552,19.1048,19.1535,19.2011,19.2475,19.2926,19.3362,19.3783,19.4187,19.4573,19.494,19.5288,19.5616,19.5923,19.6208,19.6471,19.6712,19.6931,19.7127,19.7299,19.7449,19.7576,19.7681,19.7763,19.7823,19.7861,19.7879,19.7877,19.7855,19.7814,19.7756,19.7681,19.7591,19.7486,19.7368,19.7238,19.7098,19.6949,19.6792,19.6629,19.6463,19.6293,19.6123,19.5954,19.5787,19.5626,19.5471,19.5325,19.5189,19.5067,19.496,19.487,19.4799,19.475,19.4725,19.4727,19.4758,19.482,19.4915,19.5047,19.5218,19.543,19.5687,19.5989,19.6341,19.6746,19.7204,19.772,19.8296,19.8934,19.9638,20.0409,20.125,20.2165,20.3155,20.4223,20.5372,20.6604,20.7923,20.9331,21.0831,21.2427,21.4123,21.5923,21.7832,21.9856,22.2002,22.4276,22.6689,22.925,23.197,23.4864,23.7946,24.1233,24.4743,24.8497,25.2519,25.6832,26.1465,26.6446,27.1807,27.7583,28.381,29.0528,29.7779,30.5608,31.4065,32.32,33.3071,34.3738,35.5267,36.7729,38.1204,39.5782,41.1565,42.8675,44.7255,46.7485,48.9588,51.385,54.0631,57.0378,60.3616,64.0878,68.2533,72.8386,77.7005,82.4883,86.6105,89.3683,90.2825,89.3949,87.2428,84.5356,81.8324,79.4137,77.3052,75.3602,73.3496,71.0548,68.3487,65.2363,61.8363,58.321,54.8548,51.5585,48.5019,45.7128,43.191,40.9211,38.8801,37.0435,35.3872,33.8894,32.5306,31.2939,30.1646,29.13,28.1792,27.3028,26.4925,25.7412,25.0426,24.3914,23.7827,23.2122,22.6762,22.1713,21.6947,21.2436,20.8157,20.4089,20.0212,19.6511,19.297,18.9574,18.6313,18.3175,18.0151,
 ,67,39.0386,39.3234,39.5595,39.745,39.8782,39.9582,39.9845,39.9573,39.8773,39.7457,39.5643,39.3355,39.0619,38.7466,38.3928,38.0042,37.5844,37.1372,36.6662,36.1752,35.6676,35.147,34.6166,34.0793,33.538,32.9952,32.4532,31.9142,31.3799,30.8521,30.332,29.8209,29.3197,28.8295,28.3507,27.8841,27.43,26.9886,26.5603,26.1452,25.7432,25.3545,24.9788,24.6162,24.2664,23.9293,23.6046,23.2921,22.9917,22.7029,22.4256,22.1594,21.9042,21.6596,21.4253,21.201,20.9866,20.7817,20.586,20.3993,20.2215,20.0521,19.891,19.7379,19.5927,19.4551,19.3249,19.202,19.086,18.9768,18.8744,18.7783,18.6886,18.605,18.5274,18.4556,18.3894,18.3288,18.2736,18.2236,18.1788,18.1389,18.1038,18.0735,18.0478,18.0265,18.0096,17.9969,17.9883,17.9836,17.9829,17.9859,17.9925,18.0025,18.016,18.0327,18.0526,18.0754,18.1011,18.1295,18.1605,18.194,18.2299,18.2679,18.308,18.35,18.3937,18.4391,18.4859,18.5341,18.5834,18.6337,18.6848,18.7367,18.789,18.8418,18.8948,18.9478,19.0007,19.0533,19.1056,19.1572,19.2082,19.2583,19.3074,19.3553,19.402,19.4472,19.491,19.5331,19.5734,19.6119,19.6485,19.683,19.7154,19.7457,19.7737,19.7995,19.8229,19.844,19.8628,19.8792,19.8932,19.9049,19.9143,19.9214,19.9262,19.9288,19.9293,19.9277,19.9241,19.9187,19.9114,19.9024,19.8918,19.8798,19.8664,19.8518,19.8361,19.8194,19.802,19.784,19.7655,19.7468,19.7279,19.709,19.6904,19.6723,19.6547,19.638,19.6223,19.6078,19.5948,19.5834,19.5738,19.5664,19.5612,19.5586,19.5587,19.5619,19.5682,19.5781,19.5917,19.6092,19.631,19.6572,19.6881,19.724,19.7651,19.8116,19.8639,19.9222,19.9867,20.0577,20.1354,20.2202,20.3121,20.4116,20.5188,20.6341,20.7577,20.89,21.0312,21.1817,21.3419,21.5123,21.6934,21.8857,22.0899,22.3067,22.5369,22.7816,23.0418,23.3187,23.6137,23.9283,24.2643,24.6234,25.0078,25.4195,25.8611,26.3351,26.8444,27.3918,27.9806,28.6143,29.2965,30.0311,30.8222,31.6744,32.5923,33.5812,34.6466,35.7945,37.0318,38.366,39.8059,41.3616,43.0453,44.8721,46.8601,49.0323,51.4161,54.044,56.9504,60.1641,63.6924,67.4902,71.4154,75.1842,78.3717,80.5137,81.3056,80.7702,79.2434,77.1898,75.0035,72.9089,70.9603,69.0901,67.1708,65.0759,62.7288,60.1274,57.3366,54.4589,51.6,48.8454,46.2518,43.8484,41.644,39.6342,37.8069,36.1466,34.637,33.2622,32.0074,30.8593,29.806,28.8371,27.9433,27.1166,26.3499,25.637,24.9723,24.351,23.7688,23.2218,22.7067,22.2203,21.7601,21.3236,20.9085,20.513,20.1353,19.7739,19.4273,19.0944,18.7739,18.4649,18.1664,
 ,66,40.6453,40.9564,41.2139,41.4154,41.5591,41.6439,41.6692,41.6352,41.5427,41.3931,41.1887,40.9321,40.6263,40.2749,39.8818,39.451,38.9867,38.4931,37.9746,37.4352,36.8789,36.3095,35.7307,35.1457,34.5576,33.9692,33.3829,32.801,32.2255,31.6579,31.0999,30.5525,30.0168,29.4936,28.9836,28.4874,28.0052,27.5373,27.084,26.6451,26.2208,25.811,25.4155,25.0342,24.6668,24.313,23.9727,23.6456,23.3312,23.0294,22.7398,22.4621,22.1959,21.941,21.6971,21.4638,21.2407,21.0277,20.8245,20.6307,20.4461,20.2703,20.1033,19.9446,19.7941,19.6516,19.5167,19.3894,19.2693,19.1563,19.0502,18.9508,18.8579,18.7714,18.691,18.6167,18.5482,18.4855,18.4283,18.3765,18.3299,18.2885,18.2521,18.2206,18.1937,18.1715,18.1538,18.1404,18.1312,18.1261,18.125,18.1278,18.1342,18.1443,18.1578,18.1747,18.1948,18.2179,18.244,18.2729,18.3045,18.3386,18.3751,18.4139,18.4548,18.4976,18.5422,18.5885,18.6363,18.6854,18.7357,18.787,18.8391,18.892,18.9454,18.9991,19.053,19.107,19.1608,19.2143,19.2674,19.3199,19.3716,19.4223,19.472,19.5205,19.5677,19.6133,19.6574,19.6997,19.7402,19.7787,19.8152,19.8496,19.8818,19.9118,19.9394,19.9647,19.9875,20.0079,20.0259,20.0415,20.0546,20.0653,20.0735,20.0794,20.083,20.0844,20.0835,20.0805,20.0754,20.0684,20.0595,20.0489,20.0367,20.0229,20.0077,19.9913,19.9738,19.9553,19.9359,19.916,19.8955,19.8747,19.8537,19.8327,19.812,19.7916,19.7718,19.7527,19.7347,19.7177,19.7022,19.6882,19.676,19.6657,19.6577,19.6521,19.6492,19.6491,19.6521,19.6585,19.6684,19.6822,19.6999,19.722,19.7486,19.7799,19.8162,19.8577,19.9048,19.9576,20.0163,20.0812,20.1527,20.2308,20.3159,20.4082,20.508,20.6156,20.7312,20.8552,20.9879,21.1296,21.2808,21.4419,21.6134,21.7958,21.9898,22.196,22.4154,22.6487,22.897,23.1614,23.4432,23.7437,24.0644,24.4071,24.7736,25.1657,25.5857,26.0357,26.5183,27.0361,27.5917,28.1883,28.8289,29.5169,30.2558,31.0493,31.9016,32.8169,33.8,34.8558,35.9899,37.2087,38.5194,39.9302,41.4509,43.0933,44.8714,46.8018,48.9036,51.1968,53.6997,56.4207,59.3461,62.4181,65.5099,68.4066,70.82,72.4578,73.136,72.865,71.8417,70.3523,68.6584,66.9283,65.2254,63.532,61.7867,59.9228,57.8981,55.7112,53.3992,51.0237,48.6527,46.3456,44.1458,42.08,40.1607,38.3897,36.7621,35.2692,33.9006,32.6451,31.4919,30.431,29.4528,28.5491,27.7122,26.9352,26.2123,25.5379,24.9073,24.3163,23.7608,23.2377,22.7437,22.2761,21.8326,21.4108,21.0087,20.6247,20.2571,19.9045,19.5655,19.2391,18.9243,18.62,18.3255,
 ,65,42.353,42.6936,42.9751,43.1946,43.3501,43.4403,43.4644,43.4227,43.3162,43.1465,42.9161,42.6282,42.2864,41.8947,41.4576,40.9797,40.4659,39.9211,39.35,38.7573,38.1474,37.5247,36.8931,36.2562,35.6174,34.9797,34.3457,33.7178,33.098,32.4881,31.8896,31.3037,30.7314,30.1735,29.6307,29.1033,28.5918,28.0962,27.6167,27.1532,26.7058,26.2741,25.8581,25.4574,25.0719,24.7011,24.3447,24.0025,23.674,23.3588,23.0567,22.7672,22.4899,22.2246,21.9708,21.7283,21.4966,21.2754,21.0645,20.8635,20.6721,20.49,20.3169,20.1526,19.9968,19.8493,19.7098,19.5781,19.4539,19.3371,19.2274,19.1247,19.0287,18.9393,18.8562,18.7794,18.7087,18.6438,18.5847,18.5311,18.483,18.4402,18.4025,18.3699,18.3421,18.319,18.3006,18.2866,18.277,18.2716,18.2703,18.273,18.2795,18.2897,18.3034,18.3206,18.3411,18.3648,18.3915,18.4211,18.4534,18.4884,18.5258,18.5655,18.6074,18.6513,18.6971,18.7445,18.7935,18.8438,18.8954,18.9479,19.0014,19.0555,19.1101,19.1651,19.2203,19.2755,19.3305,19.3852,19.4394,19.4929,19.5456,19.5973,19.6478,19.6971,19.7449,19.7912,19.8357,19.8785,19.9193,19.958,19.9947,20.0291,20.0612,20.0909,20.1182,20.1431,20.1654,20.1852,20.2024,20.2171,20.2293,20.239,20.2461,20.2508,20.2531,20.253,20.2507,20.2462,20.2395,20.2309,20.2203,20.2079,20.1938,20.1782,20.1611,20.1427,20.1231,20.1025,20.0811,20.059,20.0363,20.0132,19.99,19.9667,19.9436,19.9208,19.8985,19.8769,19.8562,19.8367,19.8184,19.8016,19.7865,19.7733,19.7622,19.7535,19.7473,19.7438,19.7434,19.7461,19.7523,19.7621,19.7758,19.7936,19.8157,19.8424,19.8739,19.9104,19.9522,19.9995,20.0525,20.1115,20.1767,20.2484,20.3268,20.4121,20.5047,20.6047,20.7126,20.8286,20.953,21.0861,21.2285,21.3805,21.5426,21.7153,21.8993,22.0951,22.3037,22.5257,22.7622,23.0141,23.2826,23.5689,23.8745,24.2007,24.5493,24.9218,25.3203,25.7467,26.2031,26.6918,27.2151,27.7757,28.3762,29.0195,29.7085,30.4463,31.2365,32.0825,32.9882,33.9577,34.9956,36.1069,37.2973,38.5733,39.9423,41.4129,42.9951,44.6996,46.5378,48.5199,50.6513,52.9269,55.3213,57.7759,60.1864,62.3977,64.2205,65.4748,66.0507,65.9513,65.2882,64.2319,62.9491,61.5599,60.1238,58.649,57.1133,55.4866,53.7495,51.9037,49.9727,47.9951,46.0152,44.0742,42.2048,40.4296,38.7613,37.2052,35.7607,34.4238,33.1882,32.0466,30.9913,30.0149,29.1102,28.2705,27.4897,26.7621,26.0826,25.4468,24.8503,24.2895,23.761,23.2618,22.7891,22.3404,21.9137,21.5068,21.1179,20.7454,20.3879,20.0441,19.7128,19.3929,19.0836,18.784,18.4933,
 ,64,44.1683,44.542,44.8505,45.0904,45.2593,45.3555,45.3783,45.3279,45.2054,45.013,44.7535,44.4304,44.0481,43.6112,43.125,42.5947,42.026,41.4243,40.7951,40.1437,39.4751,38.794,38.1049,37.4116,36.7179,36.0269,35.3415,34.6643,33.9973,33.3423,32.7008,32.0741,31.4632,30.8687,30.2913,29.7314,29.1891,28.6646,28.1579,27.6689,27.1974,26.7432,26.306,25.8855,25.4813,25.093,24.7202,24.3625,24.0195,23.6908,23.3759,23.0744,22.7859,22.51,22.2463,21.9944,21.7539,21.5245,21.3059,21.0976,20.8993,20.7108,20.5317,20.3618,20.2007,20.0482,19.904,19.7679,19.6397,19.5191,19.4059,19.2998,19.2008,19.1086,19.0229,18.9437,18.8707,18.8038,18.7429,18.6877,18.6381,18.5939,18.5551,18.5214,18.4928,18.469,18.45,18.4356,18.4257,18.4201,18.4188,18.4215,18.4282,18.4387,18.4528,18.4706,18.4917,18.5161,18.5436,18.5741,18.6074,18.6434,18.682,18.7229,18.7661,18.8113,18.8584,18.9073,18.9577,19.0096,19.0626,19.1168,19.1718,19.2274,19.2837,19.3402,19.3969,19.4536,19.5101,19.5662,19.6218,19.6766,19.7305,19.7834,19.8351,19.8853,19.9341,19.9812,20.0265,20.0698,20.1111,20.1503,20.1872,20.2217,20.2539,20.2835,20.3106,20.3351,20.3569,20.3761,20.3927,20.4066,20.4178,20.4264,20.4324,20.4358,20.4367,20.4352,20.4314,20.4252,20.4168,20.4064,20.394,20.3796,20.3636,20.3459,20.3267,20.3061,20.2843,20.2615,20.2378,20.2133,20.1882,20.1627,20.1369,20.1111,20.0854,20.06,20.035,20.0107,19.9872,19.9648,19.9435,19.9237,19.9056,19.8892,19.8749,19.8629,19.8532,19.8462,19.8421,19.8411,19.8434,19.8491,19.8586,19.8721,19.8897,19.9117,19.9383,19.9698,20.0063,20.0481,20.0954,20.1485,20.2076,20.2729,20.3446,20.4231,20.5086,20.6013,20.7016,20.8097,20.926,21.0508,21.1846,21.3277,21.4805,21.6437,21.8178,22.0034,22.2013,22.4121,22.6367,22.8762,23.1315,23.4037,23.6941,24.004,24.3348,24.688,25.0653,25.4684,25.8992,26.3596,26.8516,27.3775,27.9395,28.54,29.1814,29.8665,30.5981,31.3789,32.2121,33.1011,34.0493,35.0608,36.1398,37.2911,38.5199,39.832,41.2337,42.731,44.3292,46.0311,47.8335,49.7238,51.6726,53.6276,55.5072,57.2029,58.5916,59.5626,60.0492,60.0507,59.629,58.8843,57.9209,56.8215,55.6357,54.3824,53.0602,51.6602,50.1769,48.6154,46.9924,45.3337,43.6693,42.0281,40.4345,38.907,37.4575,36.0923,34.8135,33.6199,32.5081,31.4738,30.5118,29.6166,28.7829,28.0056,27.2796,26.6005,25.964,25.3662,24.8037,24.273,23.7714,23.2962,22.8448,22.4151,22.0052,21.6132,21.2375,20.8766,20.5292,20.1941,19.8704,19.557,19.2531,18.958,18.671,
 ,63,46.098,46.5091,46.848,47.1108,47.2948,47.3978,47.4191,47.3588,47.2185,47.0004,46.708,46.3454,45.9176,45.4302,44.889,44.3003,43.6705,43.0058,42.3126,41.5966,40.8635,40.1186,39.3668,38.6123,37.8592,37.1108,36.3703,35.6402,34.9227,34.2198,33.5327,32.8629,32.2112,31.5783,30.9647,30.3707,29.7964,29.2419,28.707,28.1915,27.6952,27.2178,26.7588,26.3179,25.8945,25.4883,25.0987,24.7253,24.3675,24.0249,23.6971,23.3834,23.0835,22.7969,22.5231,22.2618,22.0125,21.7748,21.5483,21.3327,21.1276,20.9327,20.7476,20.572,20.4056,20.2481,20.0993,19.9589,19.8267,19.7023,19.5855,19.4763,19.3742,19.2792,19.191,19.1094,19.0343,18.9655,18.9028,18.846,18.795,18.7496,18.7097,18.6752,18.6458,18.6214,18.602,18.5873,18.5772,18.5716,18.5704,18.5734,18.5804,18.5914,18.6061,18.6246,18.6465,18.6718,18.7004,18.732,18.7665,18.8038,18.8438,18.8862,18.9309,18.9777,19.0265,19.077,19.1292,19.1829,19.2377,19.2937,19.3505,19.4081,19.4662,19.5246,19.5831,19.6416,19.6999,19.7577,19.8149,19.8713,19.9268,19.9812,20.0342,20.0857,20.1356,20.1838,20.23,20.2742,20.3162,20.3559,20.3932,20.428,20.4603,20.49,20.5169,20.5411,20.5626,20.5812,20.5971,20.6101,20.6204,20.6279,20.6327,20.6348,20.6343,20.6313,20.6258,20.6179,20.6077,20.5953,20.5809,20.5645,20.5462,20.5263,20.5048,20.4819,20.4578,20.4325,20.4062,20.3791,20.3515,20.3233,20.2948,20.2663,20.2377,20.2094,20.1815,20.1543,20.1278,20.1022,20.0779,20.0549,20.0335,20.0138,19.996,19.9804,19.9672,19.9565,19.9486,19.9436,19.9418,19.9434,19.9486,19.9576,19.9706,19.9878,20.0095,20.0359,20.0671,20.1034,20.1451,20.1923,20.2453,20.3043,20.3695,20.4412,20.5197,20.6053,20.6981,20.7985,20.9069,21.0235,21.1487,21.2831,21.4269,21.5807,21.745,21.9205,22.1077,22.3074,22.5204,22.7475,22.9896,23.2478,23.5232,23.8169,24.1301,24.4643,24.8208,25.2012,25.607,26.0399,26.5017,26.9943,27.5194,28.0791,28.6756,29.3108,29.9871,30.7069,31.4724,32.2864,33.1516,34.0707,35.0469,36.0834,37.1837,38.3511,39.5889,40.8995,42.2837,43.7393,45.2586,46.8255,48.4117,49.9734,51.4492,52.7639,53.8371,54.5998,55.0104,55.066,54.8009,54.2738,53.5495,52.6839,51.7158,50.6664,49.5438,48.3503,47.0886,45.7659,44.3955,42.9961,41.5888,40.1944,38.8315,37.5148,36.2548,35.0579,33.9276,32.8643,31.8668,30.9327,30.0585,29.2407,28.4751,27.7579,27.0853,26.4536,25.8592,25.299,24.77,24.2693,23.7944,23.3429,22.9128,22.5021,22.109,21.7319,21.3692,21.0198,20.6825,20.3561,20.0397,19.7326,19.434,19.1432,18.8596,
 ,62,48.1492,48.6023,48.9755,49.2643,49.4652,49.5759,49.5955,49.5242,49.3635,49.1165,48.7869,48.3798,47.901,47.3568,46.7543,46.1005,45.4029,44.6685,43.9044,43.1174,42.3137,41.4992,40.6792,39.8584,39.0411,38.231,37.4314,36.6448,35.8736,35.1197,34.3846,33.6693,32.9747,32.3015,31.6501,31.0205,30.413,29.8272,29.2631,28.7203,28.1985,27.6971,27.2158,26.7539,26.311,25.8865,25.4798,25.0903,24.7175,24.3609,24.0199,23.6939,23.3825,23.085,22.8011,22.5303,22.2721,22.0261,21.7918,21.5688,21.3568,21.1554,20.9643,20.7831,20.6114,20.449,20.2956,20.1509,20.0146,19.8865,19.7663,19.6539,19.5489,19.4511,19.3604,19.2766,19.1994,19.1287,19.0643,19.0061,18.9538,18.9073,18.8665,18.8311,18.8011,18.7763,18.7565,18.7417,18.7316,18.7262,18.7252,18.7286,18.7361,18.7478,18.7634,18.7827,18.8057,18.8321,18.8619,18.8949,18.9309,18.9697,19.0113,19.0554,19.1019,19.1506,19.2013,19.2539,19.3081,19.3638,19.4208,19.4789,19.538,19.5977,19.6579,19.7185,19.7792,19.8398,19.9001,19.96,20.0192,20.0775,20.1348,20.1909,20.2456,20.2986,20.35,20.3994,20.4468,20.492,20.5349,20.5753,20.6133,20.6485,20.6811,20.7108,20.7377,20.7618,20.7828,20.801,20.8162,20.8284,20.8377,20.8441,20.8476,20.8484,20.8464,20.8417,20.8344,20.8246,20.8125,20.798,20.7814,20.7628,20.7422,20.7199,20.6959,20.6705,20.6437,20.6157,20.5867,20.5569,20.5264,20.4953,20.4639,20.4323,20.4008,20.3694,20.3384,20.3079,20.2782,20.2494,20.2216,20.1952,20.1703,20.1471,20.1257,20.1064,20.0894,20.0748,20.0629,20.0539,20.0479,20.0452,20.0459,20.0503,20.0586,20.071,20.0877,20.1089,20.1348,20.1656,20.2016,20.2429,20.2898,20.3426,20.4013,20.4664,20.538,20.6164,20.7019,20.7947,20.8953,21.0038,21.1207,21.2464,21.3813,21.5259,21.6806,21.846,22.0227,22.2114,22.4128,22.6277,22.8568,23.1012,23.3617,23.6394,23.9354,24.2509,24.5871,24.9453,25.3269,25.7334,26.1661,26.6266,27.1166,27.6377,28.1915,28.7798,29.4043,30.067,30.7695,31.514,32.3023,33.1364,34.0183,34.95,35.9333,36.9699,38.0606,39.2053,40.4019,41.6453,42.9256,44.2264,45.5225,46.7788,47.9499,48.9835,49.8268,50.4352,50.7822,50.8639,50.6993,50.3228,49.7748,49.093,48.3066,47.4351,46.4902,45.4793,44.409,43.2878,42.1272,40.9413,39.7458,38.5564,37.3872,36.2501,35.154,34.1051,33.1071,32.1618,31.269,30.4277,29.6359,28.8911,28.1904,27.5311,26.91,26.3243,25.7711,25.2477,24.7516,24.2805,23.832,23.4042,22.9952,22.6033,22.2269,21.8645,21.5149,21.1768,20.8493,20.5314,20.2223,19.9213,19.6277,19.3409,19.0605,
 ,61,50.3286,50.8291,51.241,51.5591,51.7792,51.8987,51.9163,51.8324,51.6489,51.3691,50.9977,50.5404,50.0042,49.3965,48.7254,47.9991,47.2261,46.4146,45.5726,44.7076,43.8266,42.9361,42.0421,41.1496,40.2631,39.3868,38.5238,37.6771,36.8489,36.0411,35.2551,34.492,33.7525,33.0372,32.3463,31.6798,31.0377,30.4197,29.8255,29.2545,28.7064,28.1805,27.6763,27.193,26.7302,26.287,25.8628,25.4571,25.0691,24.6983,24.344,24.0055,23.6824,23.3741,23.08,22.7996,22.5325,22.278,22.0359,21.8056,21.5868,21.3789,21.1818,20.9949,20.818,20.6507,20.4927,20.3437,20.2035,20.0717,19.9481,19.8325,19.7246,19.6242,19.5311,19.4451,19.366,19.2935,19.2275,19.1679,19.1144,19.0669,19.0252,18.9892,18.9587,18.9336,18.9137,18.8988,18.8889,18.8837,18.8832,18.8872,18.8955,18.908,18.9245,18.945,18.9692,18.997,19.0283,19.0629,19.1006,19.1412,19.1847,19.2308,19.2794,19.3303,19.3832,19.4381,19.4947,19.5528,19.6122,19.6728,19.7343,19.7966,19.8593,19.9224,19.9855,20.0486,20.1114,20.1736,20.2351,20.2956,20.355,20.4131,20.4697,20.5246,20.5776,20.6286,20.6774,20.7238,20.7678,20.8092,20.8479,20.8837,20.9167,20.9467,20.9736,20.9975,21.0183,21.036,21.0505,21.0619,21.0702,21.0754,21.0777,21.0769,21.0733,21.0669,21.0577,21.0459,21.0317,21.015,20.9961,20.975,20.9519,20.9269,20.9003,20.8721,20.8425,20.8116,20.7797,20.7468,20.7132,20.679,20.6445,20.6097,20.5748,20.5402,20.5058,20.4719,20.4387,20.4064,20.3751,20.345,20.3164,20.2894,20.2642,20.241,20.22,20.2014,20.1853,20.172,20.1617,20.1545,20.1507,20.1505,20.154,20.1614,20.173,20.189,20.2095,20.2348,20.265,20.3005,20.3413,20.3878,20.4401,20.4986,20.5633,20.6347,20.7129,20.7983,20.8911,20.9917,21.1004,21.2176,21.3436,21.479,21.6242,21.7797,21.9461,22.1239,22.3138,22.5166,22.7329,22.9635,23.2094,23.4715,23.7506,24.0478,24.3643,24.7011,25.0593,25.4402,25.845,26.2751,26.7316,27.216,27.7297,28.2738,28.85,29.4594,30.1035,30.7837,31.5012,32.2573,33.0531,33.8896,34.7674,35.6868,36.6469,37.646,38.6802,39.7431,40.8242,41.9084,42.9743,43.9943,44.9352,45.7603,46.434,46.9271,47.2216,47.3137,47.2137,46.942,46.5241,45.9853,45.3473,44.6266,43.8353,42.9825,42.0765,41.1259,40.1409,39.1328,38.1139,37.0962,36.0908,35.1073,34.1532,33.2343,32.3542,31.5152,30.718,29.9624,29.2473,28.5712,27.9322,27.3281,26.7566,26.2154,25.7022,25.2148,24.7511,24.309,23.8867,23.4822,23.0941,22.7209,22.3609,22.0131,21.6763,21.3494,21.0316,20.7219,20.4198,20.1245,19.8355,19.5525,19.2748,
 ,60,52.643,53.1968,53.6525,54.0037,54.2456,54.375,54.3904,54.2923,54.0828,53.766,53.3473,52.8336,52.2329,51.554,50.8063,49.9993,49.1428,48.246,47.3181,46.3675,45.4022,44.4291,43.4549,42.4849,41.5241,40.5768,39.6464,38.7357,37.8471,36.9824,36.1429,35.3296,34.5432,33.784,33.052,32.3473,31.6695,31.0182,30.393,29.7932,29.2181,28.6672,28.1395,27.6345,27.1513,26.6892,26.2474,25.8252,25.4218,25.0366,24.6689,24.3179,23.9831,23.6638,23.3595,23.0695,22.7934,22.5305,22.2805,22.0429,21.8172,21.6029,21.3998,21.2073,21.0252,20.853,20.6905,20.5373,20.3932,20.2578,20.1309,20.0122,19.9015,19.7985,19.7031,19.6149,19.5339,19.4597,19.3923,19.3314,19.2768,19.2284,19.186,19.1495,19.1186,19.0933,19.0734,19.0587,19.049,19.0443,19.0444,19.0492,19.0584,19.0719,19.0897,19.1115,19.1372,19.1666,19.1996,19.236,19.2757,19.3185,19.3641,19.4125,19.4635,19.5168,19.5723,19.6298,19.689,19.7499,19.8121,19.8755,19.9399,20.005,20.0706,20.1365,20.2025,20.2684,20.3339,20.3988,20.4629,20.526,20.5879,20.6484,20.7072,20.7642,20.8192,20.8719,20.9224,20.9703,21.0156,21.0581,21.0977,21.1343,21.1678,21.1982,21.2253,21.2491,21.2696,21.2868,21.3007,21.3112,21.3185,21.3225,21.3234,21.3211,21.3157,21.3074,21.2963,21.2823,21.2658,21.2467,21.2252,21.2015,21.1757,21.1479,21.1184,21.0872,21.0545,21.0205,20.9854,20.9493,20.9124,20.8748,20.8369,20.7986,20.7603,20.722,20.684,20.6465,20.6096,20.5735,20.5384,20.5045,20.472,20.441,20.4118,20.3845,20.3593,20.3364,20.3161,20.2984,20.2835,20.2718,20.2632,20.2582,20.2567,20.2591,20.2656,20.2762,20.2913,20.3109,20.3355,20.365,20.3998,20.44,20.4859,20.5378,20.5957,20.6601,20.7311,20.8091,20.8943,20.9869,21.0875,21.1963,21.3136,21.44,21.5758,21.7214,21.8775,22.0446,22.2232,22.414,22.6177,22.8349,23.0665,23.3132,23.5758,23.8553,24.1526,24.4686,24.8043,25.1607,25.5389,25.9399,26.3648,26.8146,27.2904,27.7933,28.3242,28.8842,29.4742,30.0952,30.7477,31.4326,32.1503,32.9009,33.6841,34.4992,35.3444,36.2168,37.1117,38.0224,38.9388,39.8475,40.731,41.568,42.3338,43.0025,43.5496,43.9553,44.207,44.3012,44.2434,44.0458,43.7247,43.2974,42.7796,42.1848,41.5241,40.8067,40.0408,39.235,38.3981,37.5397,36.6694,35.7968,34.9309,34.0794,33.2489,32.4443,31.6692,30.926,30.2159,29.5391,28.8954,28.2838,27.7031,27.1516,26.6277,26.1295,25.6552,25.2029,24.7708,24.3573,23.9606,23.5792,23.2117,22.8568,22.5132,22.1798,21.8555,21.5395,21.231,20.9292,20.6337,20.3438,20.0592,19.7794,19.5041,
 ,59,55.0985,55.7125,56.2176,56.6063,56.8729,57.0135,57.0265,56.9122,56.6734,56.3147,55.8427,55.2654,54.5924,53.8338,53.0006,52.1038,51.1547,50.1638,49.1415,48.0973,47.0399,45.9773,44.9162,43.8629,42.8225,41.7994,40.7972,39.8187,38.8663,37.9418,37.0462,36.1806,35.3452,34.5404,33.766,33.0217,32.3071,31.6217,30.9646,30.3352,29.7327,29.1561,28.6048,28.0776,27.5738,27.0925,26.6329,26.1941,25.7752,25.3755,24.9942,24.6307,24.2841,23.9538,23.6392,23.3396,23.0545,22.7833,22.5255,22.2805,22.0479,21.8273,21.6182,21.4201,21.2328,21.0558,20.8888,20.7315,20.5835,20.4446,20.3144,20.1927,20.0793,19.9738,19.8761,19.786,19.7031,19.6274,19.5586,19.4965,19.4409,19.3918,19.3488,19.3119,19.2808,19.2554,19.2356,19.2212,19.2121,19.208,19.2089,19.2146,19.2249,19.2398,19.2589,19.2823,19.3097,19.341,19.376,19.4145,19.4564,19.5015,19.5497,19.6007,19.6543,19.7104,19.7688,19.8292,19.8915,19.9555,20.0208,20.0874,20.155,20.2233,20.2922,20.3613,20.4305,20.4996,20.5682,20.6362,20.7033,20.7693,20.834,20.8972,20.9585,21.018,21.0752,21.1301,21.1824,21.2321,21.2789,21.3227,21.3635,21.401,21.4352,21.4659,21.4933,21.5171,21.5374,21.5542,21.5674,21.5771,21.5833,21.5861,21.5854,21.5815,21.5743,21.564,21.5506,21.5344,21.5154,21.4937,21.4695,21.443,21.4142,21.3834,21.3507,21.3162,21.2803,21.2429,21.2043,21.1647,21.1242,21.0831,21.0414,20.9995,20.9574,20.9153,20.8735,20.832,20.7912,20.7511,20.712,20.674,20.6373,20.6022,20.5687,20.5371,20.5075,20.4802,20.4553,20.433,20.4135,20.397,20.3836,20.3736,20.3671,20.3644,20.3655,20.3708,20.3803,20.3943,20.413,20.4366,20.4653,20.4993,20.5388,20.584,20.6352,20.6926,20.7565,20.8271,20.9047,20.9895,21.082,21.1824,21.2912,21.4086,21.535,21.671,21.817,21.9735,22.141,22.32,22.5112,22.7153,22.9328,23.1645,23.4111,23.6733,23.9521,24.248,24.5621,24.8951,25.2479,25.6213,26.0162,26.4335,26.8738,27.3381,27.827,28.3412,28.8813,29.4478,30.0411,30.6613,31.3082,31.9816,32.6805,33.4034,34.1481,34.911,35.6873,36.4702,37.2509,38.0177,38.7565,39.4507,40.0822,40.6323,41.0836,41.4224,41.6395,41.732,41.7025,41.5585,41.3106,40.9706,40.5502,40.06,39.5095,38.9072,38.2608,37.5782,36.867,36.1354,35.3913,34.6425,33.8963,33.1592,32.4366,31.7329,31.0515,30.3947,29.7638,29.1597,28.5823,28.0312,27.5055,27.0041,26.5258,26.069,25.6324,25.2143,24.8132,24.4276,24.0562,23.6975,23.3503,23.0135,22.6859,22.3665,22.0545,21.7491,21.4495,21.1554,20.866,20.5811,20.3003,20.0232,19.7498,
 ,58,57.7005,58.3823,58.9432,59.3744,59.6689,59.8223,59.8324,59.6999,59.4279,59.022,58.4898,57.8411,57.0868,56.2391,55.3105,54.3141,53.2625,52.1681,51.0423,49.8958,48.7384,47.5787,46.4242,45.2815,44.1559,43.0522,41.9739,40.9239,39.9044,38.9171,37.963,37.0428,36.1567,35.3047,34.4864,33.7015,32.9492,32.2287,31.5391,30.8796,30.2491,29.6466,29.0711,28.5215,27.997,27.4963,27.0187,26.5631,26.1286,25.7144,25.3196,24.9434,24.585,24.2437,23.9188,23.6097,23.3156,23.0361,22.7704,22.5182,22.2788,22.0518,21.8368,21.6333,21.4408,21.2591,21.0877,20.9262,20.7745,20.6321,20.4987,20.3741,20.258,20.1501,20.0502,19.9582,19.8736,19.7964,19.7263,19.6632,19.6068,19.557,19.5135,19.4763,19.4452,19.4199,19.4004,19.3865,19.378,19.3747,19.3766,19.3835,19.3951,19.4114,19.4323,19.4574,19.4868,19.5202,19.5574,19.5984,19.6428,19.6906,19.7415,19.7954,19.8521,19.9113,19.9729,20.0366,20.1023,20.1698,20.2386,20.3088,20.38,20.4519,20.5244,20.5972,20.6701,20.7427,20.8148,20.8863,20.9568,21.0261,21.094,21.1602,21.2244,21.2866,21.3464,21.4037,21.4583,21.5099,21.5585,21.6039,21.6459,21.6845,21.7195,21.7509,21.7785,21.8024,21.8226,21.8389,21.8515,21.8603,21.8653,21.8667,21.8645,21.8588,21.8497,21.8372,21.8215,21.8028,21.7811,21.7566,21.7295,21.6998,21.6679,21.6338,21.5977,21.5598,21.5202,21.4792,21.4369,21.3936,21.3492,21.3042,21.2586,21.2127,21.1665,21.1204,21.0744,21.0288,20.9838,20.9395,20.8961,20.8537,20.8127,20.7731,20.7352,20.6991,20.6649,20.633,20.6034,20.5763,20.552,20.5305,20.5122,20.4971,20.4854,20.4773,20.4731,20.4728,20.4767,20.485,20.4979,20.5154,20.538,20.5657,20.5987,20.6374,20.6818,20.7323,20.789,20.8522,20.9223,20.9994,21.0839,21.176,21.2762,21.3847,21.502,21.6284,21.7644,21.9104,22.0669,22.2344,22.4134,22.6046,22.8084,23.0255,23.2565,23.502,23.7629,24.0396,24.3329,24.6436,24.9722,25.3195,25.6861,26.0727,26.4799,26.9082,27.3581,27.83,28.3242,28.8409,29.3801,29.9416,30.525,31.1293,31.7534,32.3953,33.0524,33.7211,34.3966,35.0727,35.7415,36.3934,37.0169,37.5992,38.1266,38.5856,38.9636,39.2507,39.4402,39.5295,39.5198,39.4157,39.2242,38.9535,38.6123,38.2089,37.7512,37.2467,36.7022,36.1247,35.5209,34.8976,34.2616,33.6192,32.9766,32.339,31.7113,31.0971,30.4996,29.9209,29.3625,28.8253,28.3096,27.8151,27.3415,26.8878,26.4532,26.0364,25.6362,25.2514,24.8806,24.5225,24.1759,23.8395,23.5123,23.1933,22.8814,22.5758,22.2757,21.9804,21.6895,21.4024,21.1187,20.8382,20.5606,20.2857,20.0135,
 ,57,60.4533,61.2114,61.8353,62.3144,62.6407,62.8085,62.8156,62.6625,62.353,61.8936,61.2937,60.5646,59.7193,58.772,57.7374,56.6306,55.466,54.2577,53.0187,51.7609,50.4951,49.2307,47.9759,46.7375,45.5214,44.3321,43.1735,42.0483,40.9586,39.9058,38.8908,37.9141,36.9755,36.0748,35.2116,34.385,33.594,32.8378,32.1152,31.425,30.7662,30.1374,29.5376,28.9655,28.4199,27.8998,27.4041,26.9317,26.4816,26.0528,25.6445,25.2556,24.8855,24.5332,24.1981,23.8794,23.5765,23.2886,23.0152,22.7557,22.5096,22.2764,22.0555,21.8465,21.649,21.4626,21.2868,21.1214,20.9659,20.8201,20.6836,20.5562,20.4375,20.3273,20.2254,20.1314,20.0453,19.9667,19.8955,19.8314,19.7743,19.7239,19.6802,19.6428,19.6118,19.5868,19.5677,19.5544,19.5468,19.5445,19.5476,19.5558,19.569,19.5871,19.6098,19.637,19.6686,19.7043,19.7441,19.7877,19.835,19.8858,19.9398,19.9969,20.057,20.1197,20.1849,20.2523,20.3218,20.3931,20.4659,20.54,20.6152,20.6913,20.7678,20.8447,20.9216,20.9982,21.0743,21.1497,21.224,21.297,21.3684,21.438,21.5056,21.5709,21.6336,21.6936,21.7507,21.8046,21.8552,21.9024,21.9459,21.9857,22.0217,22.0538,22.0819,22.1059,22.1259,22.1419,22.1538,22.1616,22.1655,22.1654,22.1616,22.1539,22.1426,22.1278,22.1096,22.0882,22.0636,22.0361,22.0058,21.9728,21.9374,21.8998,21.86,21.8183,21.7749,21.73,21.6837,21.6363,21.5878,21.5386,21.4888,21.4386,21.3881,21.3377,21.2873,21.2373,21.1878,21.139,21.091,21.0441,20.9985,20.9542,20.9116,20.8707,20.8318,20.795,20.7605,20.7285,20.6991,20.6726,20.649,20.6287,20.6116,20.5982,20.5884,20.5825,20.5807,20.5832,20.5901,20.6016,20.6179,20.6393,20.6659,20.6979,20.7355,20.779,20.8286,20.8846,20.9471,21.0165,21.093,21.177,21.2686,21.3684,21.4765,21.5935,21.7196,21.8553,22.001,22.1572,22.3242,22.5027,22.6932,22.8961,23.112,23.3414,23.585,23.8433,24.1168,24.4061,24.7118,25.0344,25.3744,25.7323,26.1085,26.5033,26.9171,27.35,27.8021,28.2733,28.7635,29.272,29.7983,30.3411,30.899,31.4699,32.0511,32.639,33.2291,33.8159,34.3925,34.9509,35.4821,35.9759,36.422,36.8103,37.1316,37.3785,37.5462,37.6322,37.637,37.5636,37.4165,37.2017,36.9254,36.5945,36.2152,35.7938,35.3364,34.849,34.3374,33.8074,33.2646,32.7146,32.1622,31.6121,31.0682,30.5338,30.0117,29.504,29.012,28.5366,28.0783,27.6372,27.2128,26.8047,26.412,26.0339,25.6692,25.3168,24.9756,24.6445,24.3223,24.0079,23.7004,23.3988,23.1023,22.8101,22.5215,22.236,21.9531,21.6725,21.3939,21.1172,20.8421,20.5687,20.297,
 ,56,63.3595,64.2033,64.8982,65.4315,65.7937,65.978,65.9816,65.8053,65.4534,64.9339,64.2578,63.4385,62.4913,61.4331,60.2808,59.0519,57.763,56.43,55.0676,53.6891,52.3063,50.9294,49.5673,48.2271,46.915,45.6356,44.3925,43.1886,42.0256,40.9048,39.8268,38.7917,37.7992,36.8487,35.9394,35.0702,34.24,33.4475,32.6914,31.9703,31.2829,30.6276,30.0033,29.4085,28.8419,28.3023,27.7885,27.2993,26.8336,26.3903,25.9684,25.567,25.1852,24.822,24.4767,24.1486,23.8367,23.5406,23.2596,22.993,22.7402,22.5007,22.274,22.0597,21.8572,21.6662,21.4862,21.3168,21.1577,21.0086,20.869,20.7388,20.6177,20.5053,20.4014,20.3057,20.2181,20.1382,20.066,20.0011,19.9434,19.8926,19.8487,19.8114,19.7806,19.756,19.7376,19.7251,19.7184,19.7174,19.7219,19.7317,19.7466,19.7666,19.7915,19.821,19.8551,19.8935,19.9361,19.9827,20.0331,20.0872,20.1447,20.2054,20.2692,20.3358,20.405,20.4765,20.5502,20.6257,20.7029,20.7815,20.8612,20.9417,21.0228,21.1042,21.1856,21.2667,21.3472,21.4269,21.5055,21.5826,21.6581,21.7316,21.8028,21.8716,21.9376,22.0007,22.0605,22.117,22.17,22.2191,22.2644,22.3057,22.3428,22.3757,22.4043,22.4285,22.4485,22.464,22.4752,22.482,22.4846,22.483,22.4773,22.4676,22.4541,22.4367,22.4158,22.3914,22.3637,22.3329,22.2991,22.2626,22.2234,22.1819,22.1382,22.0925,22.0449,21.9958,21.9452,21.8934,21.8405,21.7869,21.7325,21.6777,21.6227,21.5675,21.5125,21.4578,21.4035,21.3499,21.2972,21.2455,21.1949,21.1458,21.0982,21.0524,21.0084,20.9666,20.9269,20.8898,20.8552,20.8233,20.7944,20.7687,20.7462,20.7271,20.7117,20.7001,20.6925,20.689,20.6899,20.6952,20.7053,20.7203,20.7403,20.7657,20.7965,20.833,20.8755,20.9241,20.9792,21.0408,21.1094,21.1852,21.2685,21.3595,21.4586,21.5662,21.6826,21.8082,21.9432,22.0883,22.2437,22.4098,22.5873,22.7764,22.9777,23.1916,23.4186,23.6591,23.9137,24.1828,24.4668,24.7661,25.0811,25.4121,25.7594,26.1231,26.5035,26.9006,27.3141,27.7439,28.1896,28.6505,29.1256,29.6138,30.1134,30.6222,31.1377,31.6564,32.1742,32.6862,33.1867,33.669,34.1257,34.5491,34.9311,35.2641,35.5412,35.7569,35.9074,35.9907,36.0069,35.9578,35.8466,35.6774,35.4552,35.185,34.8722,34.5219,34.1393,33.7296,33.2977,32.8486,32.3871,31.9176,31.4445,30.9717,30.5025,30.0398,29.586,29.1429,28.712,28.294,27.8895,27.4986,27.1211,26.7566,26.4043,26.0636,25.7334,25.4129,25.1008,24.7962,24.4981,24.2054,23.9173,23.6329,23.3514,23.0722,22.7946,22.5184,22.243,21.9683,21.6941,21.4203,21.1471,20.8743,20.6022,
 ,55,66.4192,67.3592,68.134,68.7286,69.1313,69.3344,69.3342,69.1316,68.732,68.1449,67.3832,66.4629,65.4022,64.2207,62.9382,61.5747,60.1495,58.6805,57.1842,55.6753,54.1667,52.6696,51.1932,49.7453,48.3319,46.9579,45.6266,44.3407,43.1018,41.9108,40.7678,39.6729,38.6251,37.6238,36.6676,35.7553,34.8853,34.0562,33.2663,32.5141,31.7978,31.1161,30.4672,29.8497,29.2621,28.7031,28.1712,27.6652,27.184,26.7263,26.291,25.8771,25.4836,25.1097,24.7543,24.4168,24.0962,23.7919,23.5033,23.2296,22.9702,22.7247,22.4923,22.2727,22.0653,21.8698,21.6856,21.5123,21.3497,21.1974,21.0549,20.9221,20.7985,20.684,20.5782,20.481,20.392,20.311,20.2378,20.1722,20.114,20.063,20.0191,19.982,19.9515,19.9275,19.9099,19.8984,19.893,19.8934,19.8994,19.911,19.928,19.9502,19.9774,20.0095,20.0464,20.0877,20.1335,20.1834,20.2373,20.295,20.3564,20.4211,20.489,20.5598,20.6334,20.7095,20.7878,20.8681,20.9501,21.0336,21.1182,21.2037,21.2899,21.3763,21.4627,21.5487,21.6342,21.7187,21.8021,21.8838,21.9637,22.0415,22.1169,22.1896,22.2593,22.3258,22.3889,22.4483,22.5038,22.5552,22.6025,22.6454,22.6838,22.7176,22.7468,22.7714,22.7912,22.8063,22.8168,22.8226,22.8238,22.8205,22.8129,22.8009,22.7849,22.7648,22.7409,22.7133,22.6822,22.6478,22.6103,22.5699,22.5267,22.481,22.433,22.3829,22.3309,22.2772,22.222,22.1655,22.1079,22.0494,21.9902,21.9306,21.8706,21.8105,21.7505,21.6907,21.6315,21.5728,21.515,21.4581,21.4025,21.3482,21.2954,21.2443,21.1951,21.148,21.103,21.0605,21.0204,20.9831,20.9487,20.9174,20.8892,20.8645,20.8432,20.8258,20.8122,20.8026,20.7973,20.7965,20.8002,20.8087,20.8222,20.8408,20.8648,20.8943,20.9296,20.9709,21.0184,21.0724,21.1331,21.2008,21.2757,21.3581,21.4483,21.5466,21.6534,21.7689,21.8936,22.0277,22.1717,22.3258,22.4906,22.6664,22.8535,23.0524,23.2635,23.4872,23.7237,23.9736,24.237,24.5144,24.8059,25.1118,25.4322,25.7672,26.1168,26.4809,26.8592,27.2514,27.6569,28.0749,28.5045,28.9442,29.3925,29.8472,30.3058,30.7652,31.2218,31.6713,32.1087,32.5287,32.9252,33.2921,33.6232,33.9126,34.1551,34.3465,34.4838,34.5653,34.5909,34.5618,34.4802,34.3491,34.1722,33.9537,33.6977,33.4086,33.0907,32.7484,32.3859,32.0074,31.6171,31.2187,30.816,30.412,30.0098,29.6119,29.2203,28.8366,28.4622,28.0978,27.7439,27.4007,27.0679,26.7453,26.4322,26.1279,25.8316,25.5422,25.2589,24.9806,24.7063,24.435,24.1661,23.8986,23.6318,23.3652,23.0982,22.8305,22.562,22.2924,22.0218,21.7501,21.4777,21.2046,20.9312,
 ,54,69.6298,70.6775,71.5419,72.2054,72.654,72.8783,72.8739,72.6419,72.1887,71.5257,70.6681,69.6352,68.4483,67.1302,65.7042,64.1932,62.6192,61.0025,59.3615,57.7125,56.0696,54.4446,52.8474,51.286,49.7666,48.2937,46.8708,45.5001,44.1829,42.9197,41.7104,40.5543,39.4504,38.3975,37.3939,36.438,35.528,34.6621,33.8383,33.0548,32.3099,31.6016,30.9282,30.2881,29.6796,29.1013,28.5515,28.029,27.5323,27.0603,26.6117,26.1855,25.7805,25.3958,25.0305,24.6837,24.3545,24.0423,23.7461,23.4655,23.1996,22.948,22.7101,22.4853,22.2731,22.0731,21.8849,21.7079,21.5419,21.3864,21.2411,21.1057,20.9799,20.8634,20.7559,20.6571,20.5668,20.4848,20.4108,20.3447,20.2862,20.2351,20.1913,20.1545,20.1246,20.1014,20.0847,20.0745,20.0704,20.0724,20.0803,20.0939,20.1132,20.1378,20.1677,20.2027,20.2426,20.2872,20.3364,20.39,20.4477,20.5095,20.575,20.6441,20.7165,20.7921,20.8705,20.9516,21.035,21.1205,21.2079,21.2967,21.3869,21.4779,21.5696,21.6615,21.7535,21.8451,21.936,22.0259,22.1145,22.2014,22.2863,22.3689,22.4489,22.5259,22.5998,22.6701,22.7367,22.7993,22.8578,22.9118,22.9612,23.006,23.0459,23.0808,23.1107,23.1356,23.1554,23.1701,23.1797,23.1844,23.1841,23.179,23.1692,23.1549,23.1361,23.113,23.0858,23.0548,23.02,22.9817,22.9402,22.8955,22.848,22.7978,22.7452,22.6903,22.6335,22.5749,22.5147,22.4532,22.3905,22.3268,22.2625,22.1976,22.1324,22.067,22.0017,21.9366,21.872,21.808,21.7448,21.6826,21.6215,21.5617,21.5035,21.447,21.3922,21.3396,21.289,21.2409,21.1952,21.1522,21.1121,21.075,21.041,21.0104,20.9832,20.9597,20.94,20.9243,20.9128,20.9055,20.9028,20.9047,20.9115,20.9234,20.9404,20.9629,20.9911,21.025,21.0651,21.1114,21.1642,21.2237,21.2903,21.3641,21.4455,21.5347,21.632,21.7376,21.852,21.9755,22.1082,22.2507,22.4032,22.566,22.7395,22.924,23.1198,23.3273,23.5467,23.7783,24.0224,24.2791,24.5486,24.8311,25.1265,25.435,25.7562,26.0901,26.4364,26.7944,27.1636,27.5432,27.9321,28.329,28.7322,29.1397,29.5492,29.958,30.3627,30.7596,31.1447,31.5135,31.861,32.1824,32.4729,32.7278,32.9432,33.1157,33.243,33.3238,33.3577,33.3456,33.289,33.1902,33.052,32.8778,32.6708,32.4347,32.1731,31.8897,31.5882,31.272,30.9447,30.6095,30.2695,29.9275,29.5859,29.247,28.9125,28.5838,28.2621,27.948,27.6421,27.3443,27.0546,26.7726,26.4976,26.2291,25.9661,25.7077,25.4528,25.2006,24.95,24.7001,24.4501,24.1993,23.9469,23.6924,23.4354,23.1757,22.9132,22.6479,22.3799,22.1094,21.8367,21.5621,21.2861,
 ,53,72.9847,74.1523,75.1171,75.8579,76.3581,76.6064,76.5976,76.3327,75.8196,75.0716,74.1073,72.9492,71.6224,70.1538,68.5704,66.8984,65.163,63.3869,61.5906,59.792,58.0063,56.2462,54.522,52.8419,51.212,49.6368,48.1193,46.6615,45.2642,43.9273,42.6504,41.4324,40.2718,39.1669,38.1156,37.116,36.166,35.2632,34.4056,33.5911,32.8176,32.083,31.3853,30.7228,30.0937,29.4962,28.9287,28.3897,27.8779,27.3917,26.9301,26.4917,26.0754,25.6802,25.3051,24.9491,24.6115,24.2913,23.9878,23.7003,23.4282,23.1707,22.9273,22.6974,22.4806,22.2762,22.084,21.9034,21.734,21.5755,21.4275,21.2897,21.1617,21.0433,20.9341,20.834,20.7426,20.6597,20.5851,20.5185,20.4598,20.4088,20.3652,20.3289,20.2997,20.2775,20.262,20.2531,20.2507,20.2545,20.2645,20.2804,20.3021,20.3295,20.3623,20.4004,20.4437,20.4919,20.5449,20.6025,20.6645,20.7306,20.8008,20.8747,20.9521,21.0328,21.1166,21.2031,21.2921,21.3834,21.4766,21.5714,21.6676,21.7647,21.8625,21.9606,22.0587,22.1564,22.2533,22.3492,22.4436,22.5362,22.6267,22.7146,22.7997,22.8816,22.9601,23.0347,23.1053,23.1715,23.2332,23.2901,23.342,23.3888,23.4304,23.4665,23.4973,23.5225,23.5423,23.5565,23.5653,23.5687,23.5668,23.5598,23.5476,23.5306,23.5088,23.4825,23.4518,23.4169,23.3782,23.3357,23.2897,23.2404,23.1881,23.1331,23.0755,23.0155,22.9535,22.8896,22.824,22.7571,22.6889,22.6198,22.5499,22.4794,22.4086,22.3376,22.2667,22.196,22.1257,22.056,21.9871,21.9192,21.8524,21.7869,21.7229,21.6606,21.6002,21.5417,21.4854,21.4314,21.3799,21.331,21.2849,21.2418,21.2018,21.1651,21.1318,21.1022,21.0762,21.0542,21.0363,21.0226,21.0133,21.0086,21.0086,21.0136,21.0237,21.0391,21.06,21.0866,21.1191,21.1577,21.2026,21.2541,21.3124,21.3777,21.4502,21.5304,21.6183,21.7143,21.8186,21.9316,22.0534,22.1845,22.325,22.4753,22.6356,22.8063,22.9875,23.1795,23.3826,23.597,23.8227,24.06,24.309,24.5696,24.8419,25.1257,25.421,25.7272,26.0442,26.3714,26.7079,27.0531,27.4058,27.7648,28.1284,28.4949,28.862,29.2274,29.588,29.9409,30.2824,30.609,30.9165,31.2012,31.4591,31.6867,31.8808,32.0388,32.1588,32.2398,32.2814,32.2842,32.2493,32.1784,32.0737,31.9379,31.7737,31.584,31.3719,31.1405,30.8929,30.6321,30.3611,30.0826,29.7992,29.5133,29.2271,28.9424,28.6608,28.3834,28.1112,27.8448,27.5846,27.3307,27.0827,26.8402,26.6028,26.3696,26.1397,25.9121,25.6858,25.4597,25.2329,25.0043,24.7732,24.5389,24.3005,24.0577,23.8102,23.5577,23.3003,23.0382,22.7717,22.5011,22.2269,21.9495,21.6696,
 ,52,76.4724,77.773,78.8495,79.6768,80.235,80.5104,80.4967,80.1954,79.6154,78.773,77.6902,76.3936,74.913,73.2795,71.5243,69.6779,67.7683,65.8213,63.8594,61.9023,59.9662,58.0645,56.2079,54.4045,52.6605,50.9801,49.3658,47.8191,46.3403,44.9289,43.5839,42.3035,41.086,39.929,38.8301,37.787,36.797,35.8578,34.9667,34.1214,33.3196,32.559,31.8374,31.1528,30.5033,29.8869,29.302,28.747,28.2202,27.7202,27.2456,26.7953,26.3679,25.9624,25.5776,25.2128,24.8668,24.5389,24.2282,23.934,23.6556,23.3924,23.1436,22.9088,22.6874,22.4789,22.2828,22.0987,21.9261,21.7647,21.6141,21.4739,21.3439,21.2237,21.113,21.0116,20.9192,20.8355,20.7604,20.6936,20.6348,20.584,20.5408,20.5052,20.4769,20.4558,20.4417,20.4344,20.4338,20.4397,20.452,20.4705,20.4949,20.5253,20.5613,20.6029,20.6499,20.7021,20.7592,20.8212,20.8878,20.9587,21.0339,21.1131,21.1959,21.2823,21.3719,21.4644,21.5596,21.6571,21.7568,21.8581,21.9609,22.0647,22.1692,22.2741,22.379,22.4834,22.587,22.6895,22.7904,22.8893,22.9859,23.0798,23.1706,23.2579,23.3415,23.4209,23.4959,23.5661,23.6314,23.6915,23.7462,23.7953,23.8387,23.8763,23.9079,23.9336,23.9533,23.9671,23.975,23.977,23.9733,23.9641,23.9494,23.9294,23.9044,23.8744,23.8399,23.8009,23.7577,23.7106,23.6598,23.6056,23.5481,23.4878,23.4247,23.3593,23.2916,23.222,23.1507,23.078,23.0039,22.9289,22.8531,22.7767,22.6999,22.6229,22.546,22.4692,22.3929,22.3172,22.2423,22.1684,22.0956,22.0241,21.9541,21.8857,21.8192,21.7547,21.6923,21.6323,21.5747,21.5197,21.4675,21.4182,21.372,21.329,21.2894,21.2534,21.2211,21.1926,21.1681,21.1478,21.1319,21.1204,21.1136,21.1116,21.1146,21.1229,21.1365,21.1556,21.1806,21.2114,21.2485,21.2919,21.3419,21.3987,21.4626,21.5337,21.6124,21.6988,21.7933,21.896,22.0071,22.1271,22.256,22.3942,22.5418,22.6992,22.8664,23.0437,23.2313,23.4293,23.6378,23.8569,24.0866,24.3269,24.5778,24.8389,25.1102,25.3913,25.6816,25.9808,26.288,26.6024,26.923,27.2485,27.5774,27.9081,28.2387,28.5668,28.8901,29.2059,29.5111,29.8027,30.0776,30.3324,30.5642,30.7701,30.9476,31.0946,31.2096,31.2918,31.3408,31.3571,31.3413,31.295,31.2198,31.1177,30.9912,30.8426,30.6744,30.4894,30.29,30.0789,29.8586,29.6314,29.3995,29.1651,28.93,28.6956,28.4633,28.2342,28.009,27.7883,27.5722,27.3607,27.1535,26.9501,26.7499,26.5519,26.3552,26.1587,25.9612,25.7616,25.5588,25.3518,25.1396,24.9216,24.6971,24.4655,24.2266,23.9805,23.7273,23.4672,23.2008,22.9287,22.6514,22.3697,22.0843,
 ,51,80.0755,81.5227,82.7229,83.6464,84.2693,84.5753,84.5566,84.2148,83.561,82.6142,81.4007,79.952,78.303,76.4901,74.5492,72.515,70.4192,68.2905,66.1536,64.0298,61.9365,59.8876,57.8941,55.964,54.1033,52.3155,50.6029,48.9664,47.4056,45.9194,44.5061,43.1636,41.8893,40.6806,39.5346,38.4483,37.419,36.4437,35.5197,34.6442,33.8146,33.0284,32.2834,31.5771,30.9076,30.2728,29.6709,29.1,28.5586,28.045,27.5579,27.0958,26.6576,26.242,25.8479,25.4742,25.1201,24.7847,24.467,24.1663,23.8818,23.6129,23.359,23.1194,22.8935,22.681,22.4811,22.2936,22.118,21.9538,21.8007,21.6583,21.5264,21.4045,21.2924,21.1899,21.0966,21.0123,20.9368,20.8698,20.8112,20.7607,20.7182,20.6834,20.6562,20.6364,20.6239,20.6184,20.6198,20.628,20.6428,20.6641,20.6916,20.7253,20.7648,20.8102,20.8612,20.9177,20.9793,21.0461,21.1177,21.1939,21.2746,21.3595,21.4483,21.5408,21.6367,21.7358,21.8377,21.9422,22.0488,22.1574,22.2674,22.3786,22.4905,22.6029,22.7152,22.827,22.9381,23.0478,23.1559,23.2618,23.3652,23.4657,23.5628,23.6561,23.7453,23.83,23.9099,23.9847,24.054,24.1177,24.1754,24.2271,24.2726,24.3116,24.3443,24.3705,24.3901,24.4034,24.4102,24.4107,24.4051,24.3934,24.3759,24.3527,24.324,24.2902,24.2514,24.2078,24.1599,24.1077,24.0517,23.992,23.929,23.8629,23.794,23.7225,23.6488,23.5731,23.4956,23.4165,23.3362,23.2549,23.1727,23.0899,23.0068,22.9234,22.8401,22.757,22.6743,22.5923,22.511,22.4307,22.3516,22.2737,22.1974,22.1227,22.0499,21.9791,21.9104,21.8439,21.78,21.7187,21.6601,21.6044,21.5518,21.5024,21.4563,21.4137,21.3748,21.3397,21.3086,21.2815,21.2587,21.2404,21.2266,21.2176,21.2135,21.2144,21.2207,21.2323,21.2496,21.2728,21.3019,21.3372,21.379,21.4274,21.4826,21.5449,21.6144,21.6914,21.7761,21.8687,21.9694,22.0786,22.1962,22.3227,22.4581,22.6026,22.7564,22.9197,23.0926,23.2751,23.4674,23.6694,23.8811,24.1026,24.3335,24.5738,24.8231,25.0811,25.3473,25.6212,25.902,26.1889,26.4809,26.7768,27.0754,27.375,27.6739,27.9702,28.2618,28.5462,28.8211,29.0839,29.3319,29.5626,29.7735,29.9622,30.1269,30.2658,30.3777,30.462,30.5184,30.547,30.5486,30.5242,30.4752,30.4034,30.3105,30.1986,30.0698,29.9265,29.7706,29.6046,29.4304,29.2502,29.0658,28.879,28.6913,28.5041,28.3185,28.1353,27.9552,27.7785,27.6054,27.4356,27.2687,27.1043,26.9413,26.7789,26.6159,26.451,26.2829,26.1104,25.9322,25.7471,25.5541,25.3525,25.1414,24.9206,24.6897,24.449,24.1986,23.9392,23.6713,23.3959,23.1138,22.8259,22.5332,
 ,50,83.7695,85.377,86.7132,87.743,88.4378,88.7779,88.7541,88.3682,87.6331,86.5718,85.2153,83.601,81.7694,79.7629,77.6229,75.3885,73.0955,70.7754,68.4555,66.1584,63.9024,61.7022,59.5686,57.5095,55.5303,53.6344,51.823,50.0965,48.4539,46.8932,45.4123,44.0083,42.6781,41.4185,40.2261,39.0976,38.0297,37.0192,36.0629,35.1578,34.3011,33.4901,32.7221,31.9948,31.3058,30.6531,30.0345,29.4483,28.8926,28.3658,27.8664,27.393,26.9442,26.5187,26.1155,25.7334,25.3713,25.0285,24.704,24.3969,24.1065,23.8322,23.5732,23.329,23.0988,22.8823,22.6789,22.4881,22.3095,22.1426,21.9872,21.8427,21.709,21.5856,21.4722,21.3687,21.2747,21.1899,21.1141,21.0472,20.9888,20.9389,20.8971,20.8633,20.8374,20.8192,20.8084,20.8049,20.8087,20.8194,20.837,20.8613,20.8922,20.9294,20.9728,21.0224,21.0777,21.1388,21.2054,21.2774,21.3544,21.4364,21.523,21.6141,21.7094,21.8086,21.9115,22.0177,22.127,22.239,22.3533,22.4697,22.5877,22.707,22.8271,22.9476,23.0681,23.1882,23.3074,23.4252,23.5411,23.6548,23.7658,23.8735,23.9776,24.0776,24.1731,24.2637,24.3491,24.4288,24.5026,24.5702,24.6314,24.6859,24.7336,24.7744,24.8082,24.8349,24.8545,24.8671,24.8728,24.8716,24.8638,24.8494,24.8287,24.8019,24.7693,24.7311,24.6876,24.6391,24.5859,24.5282,24.4664,24.4008,24.3317,24.2594,24.1841,24.1062,24.026,23.9436,23.8594,23.7737,23.6866,23.5985,23.5095,23.42,23.33,23.2399,23.1498,23.0599,22.9705,22.8817,22.7937,22.7067,22.6209,22.5364,22.4534,22.3721,22.2926,22.2151,22.1398,22.0668,21.9963,21.9283,21.8631,21.8008,21.7415,21.6855,21.6327,21.5834,21.5378,21.4959,21.4579,21.4239,21.3942,21.3688,21.3479,21.3317,21.3203,21.3139,21.3127,21.3168,21.3265,21.3418,21.363,21.3902,21.4237,21.4637,21.5103,21.5637,21.6242,21.6919,21.767,21.8497,21.9403,22.0388,22.1456,22.2607,22.3842,22.5165,22.6575,22.8074,22.9663,23.1342,23.3112,23.4972,23.6921,23.896,24.1085,24.3295,24.5587,24.7956,25.0399,25.291,25.5481,25.8104,26.0771,26.347,26.6189,26.8915,27.1631,27.4321,27.6966,27.9547,28.2043,28.4432,28.6692,28.8803,29.0744,29.2497,29.4046,29.5378,29.6483,29.7355,29.7992,29.8396,29.8571,29.8527,29.8276,29.7829,29.7205,29.6418,29.5488,29.4433,29.3273,29.2025,29.0708,28.934,28.7937,28.6514,28.5084,28.3659,28.2248,28.0858,27.9494,27.8157,27.6849,27.5565,27.43,27.3048,27.1797,27.0536,26.9252,26.793,26.6554,26.511,26.3581,26.1956,26.0222,25.8371,25.6394,25.4287,25.205,24.9684,24.7195,24.459,24.1878,23.9071,23.618,23.3217,23.0195,
 ,49,87.5219,89.303,90.7874,91.9335,92.7075,93.0856,93.0567,92.6229,91.7996,90.6138,89.1025,87.3094,85.282,83.069,80.7177,78.2724,75.7728,73.2536,70.7443,68.2691,65.847,63.4929,61.2176,59.0288,56.9311,54.9272,53.0178,51.2022,49.4788,47.8449,46.2976,44.8334,43.4486,42.1393,40.9018,39.7322,38.6268,37.5821,36.5945,35.6608,34.7779,33.9427,33.1526,32.4048,31.697,31.0269,30.3923,29.7912,29.2217,28.6821,28.1709,27.6864,27.2273,26.7923,26.3802,25.9898,25.6201,25.2701,24.9389,24.6257,24.3297,24.05,23.7862,23.5374,23.3031,23.0828,22.8759,22.682,22.5006,22.3312,22.1735,22.0271,21.8917,21.7669,21.6524,21.548,21.4534,21.3683,21.2924,21.2256,21.1677,21.1184,21.0776,21.045,21.0206,21.004,20.9953,20.9941,21.0003,21.0139,21.0345,21.0622,21.0966,21.1378,21.1854,21.2394,21.2995,21.3657,21.4376,21.5152,21.5981,21.6863,21.7794,21.8773,21.9796,22.0861,22.1965,22.3105,22.4278,22.548,22.6708,22.7958,22.9225,23.0506,23.1797,23.3092,23.4388,23.5679,23.696,23.8227,23.9474,24.0697,24.189,24.3048,24.4166,24.524,24.6265,24.7236,24.815,24.9003,24.9791,25.0511,25.116,25.1737,25.2239,25.2665,25.3015,25.3288,25.3483,25.3602,25.3646,25.3615,25.3512,25.3338,25.3096,25.2789,25.2419,25.1989,25.1502,25.0962,25.0372,24.9735,24.9054,24.8334,24.7576,24.6785,24.5963,24.5114,24.4241,24.3346,24.2432,24.1502,24.0559,23.9606,23.8643,23.7675,23.6703,23.5729,23.4756,23.3786,23.282,23.1861,23.091,22.9969,22.904,22.8125,22.7225,22.6342,22.5478,22.4634,22.3812,22.3013,22.2239,22.149,22.077,22.0078,21.9417,21.8787,21.819,21.7628,21.7102,21.6613,21.6163,21.5753,21.5384,21.5058,21.4777,21.4542,21.4354,21.4216,21.4128,21.4093,21.4112,21.4186,21.4318,21.451,21.4762,21.5078,21.5458,21.5904,21.6419,21.7004,21.7661,21.8391,21.9197,22.0079,22.104,22.2081,22.3203,22.4407,22.5695,22.7066,22.8522,23.0063,23.1689,23.3398,23.5191,23.7066,23.9021,24.1054,24.3161,24.5339,24.7583,24.9887,25.2245,25.4649,25.7091,25.9561,26.2047,26.4537,26.7017,26.9474,27.1889,27.4248,27.6532,27.8723,28.0803,28.2756,28.4565,28.6214,28.7691,28.8985,29.0089,29.0998,29.171,29.2226,29.2552,29.2693,29.266,29.2463,29.2117,29.1635,29.1033,29.0327,28.9533,28.8667,28.7746,28.6784,28.5795,28.4792,28.3787,28.279,28.1809,28.0848,27.9912,27.9001,27.8114,27.7247,27.6392,27.554,27.4679,27.3795,27.2871,27.1891,27.0835,26.9686,26.8424,26.7035,26.5504,26.3821,26.1976,25.9966,25.779,25.5452,25.2959,25.0323,24.7555,24.467,24.1683,23.8611,23.5468,
 ,48,91.2909,93.2576,94.9015,96.1737,97.034,97.4541,97.4205,96.9356,96.0174,94.6981,93.0212,91.0377,88.8027,86.3722,83.7999,81.1352,78.4222,75.6989,72.9966,70.3407,67.7513,65.243,62.8265,60.5088,58.2941,56.184,54.1784,52.2758,50.4736,48.7687,47.157,45.6345,44.1969,42.8397,41.5587,40.3496,39.2081,38.1305,37.1129,36.1517,35.2435,34.3852,33.5738,32.8064,32.0805,31.3936,30.7435,30.1281,29.5453,28.9934,28.4707,27.9756,27.5066,27.0623,26.6417,26.2433,25.8662,25.5093,25.1717,24.8525,24.551,24.2663,23.9977,23.7445,23.5063,23.2823,23.0721,22.8752,22.6911,22.5193,22.3595,22.2113,22.0744,21.9483,21.8329,21.7277,21.6326,21.5473,21.4715,21.4051,21.3478,21.2993,21.2596,21.2285,21.2057,21.191,21.1845,21.1858,21.1948,21.2114,21.2354,21.2666,21.305,21.3504,21.4026,21.4614,21.5267,21.5983,21.676,21.7596,21.849,21.9439,22.044,22.1492,22.2591,22.3735,22.4922,22.6146,22.7407,22.8698,23.0018,23.1362,23.2725,23.4103,23.5492,23.6886,23.8281,23.9672,24.1052,24.2417,24.3761,24.5078,24.6363,24.761,24.8815,24.9971,25.1073,25.2117,25.3098,25.4012,25.4855,25.5624,25.6315,25.6926,25.7456,25.7903,25.8265,25.8544,25.8738,25.8848,25.8877,25.8825,25.8693,25.8486,25.8205,25.7853,25.7434,25.6951,25.6408,25.5807,25.5153,25.445,25.3701,25.2909,25.2079,25.1214,25.0318,24.9393,24.8443,24.747,24.6479,24.5472,24.4451,24.3419,24.2379,24.1334,24.0284,23.9234,23.8184,23.7137,23.6095,23.506,23.4034,23.3019,23.2016,23.1026,23.0053,22.9097,22.816,22.7244,22.635,22.5479,22.4633,22.3813,22.3021,22.2258,22.1525,22.0824,22.0156,21.9523,21.8925,21.8364,21.7842,21.7359,21.6917,21.6518,21.6163,21.5853,21.559,21.5376,21.5212,21.5099,21.5039,21.5034,21.5086,21.5196,21.5365,21.5596,21.5891,21.625,21.6676,21.717,21.7733,21.8368,21.9076,21.9858,22.0715,22.165,22.2662,22.3752,22.4922,22.6172,22.7501,22.8911,23.0401,23.197,23.3616,23.534,23.7137,23.9006,24.0945,24.2947,24.5011,24.7129,24.9296,25.1505,25.3747,25.6014,25.8296,26.0582,26.2859,26.5114,26.7335,26.9506,27.1614,27.3642,27.5576,27.7401,27.9106,28.0676,28.2103,28.3376,28.4491,28.5444,28.6233,28.6859,28.7327,28.7642,28.7812,28.7848,28.7759,28.756,28.7262,28.6881,28.6429,28.5921,28.5371,28.4792,28.4197,28.3597,28.3001,28.2419,28.1857,28.1318,28.0807,28.0322,27.986,27.9416,27.8981,27.8544,27.809,27.7602,27.706,27.6443,27.5729,27.4895,27.3918,27.2779,27.1461,26.9951,26.8238,26.6318,26.4192,26.1865,25.9348,25.6655,25.3803,25.0811,24.7698,24.4485,24.1191,
 ,47,95.0251,97.1873,99.0004,100.407,101.36,101.826,101.789,101.25,100.232,98.7714,96.92,94.7368,92.2855,89.6296,86.8296,83.9407,81.0111,78.0816,75.1857,72.35,69.5946,66.9344,64.3794,61.936,59.6073,57.3943,55.2959,53.3095,51.4318,49.6586,47.9854,46.4072,44.9193,43.5165,42.194,40.9472,39.7716,38.6627,37.6164,36.629,35.6969,34.8165,33.9847,33.1986,32.4554,31.7526,31.0877,30.4585,29.863,29.2993,28.7655,28.2602,27.7817,27.3286,26.8997,26.4936,26.1094,25.7459,25.4021,25.0772,24.7703,24.4807,24.2076,23.9503,23.7082,23.4808,23.2674,23.0676,22.881,22.707,22.5452,22.3953,22.2569,22.1298,22.0135,21.9077,21.8123,21.727,21.6514,21.5855,21.5289,21.4815,21.4431,21.4135,21.3926,21.3801,21.3759,21.38,21.392,21.4119,21.4395,21.4747,21.5174,21.5673,21.6243,21.6884,21.7592,21.8367,21.9206,22.0109,22.1071,22.2093,22.317,22.4301,22.5483,22.6713,22.7988,22.9305,23.066,23.205,23.347,23.4916,23.6384,23.7868,23.9365,24.0868,24.2372,24.3872,24.5361,24.6834,24.8285,24.9707,25.1094,25.2441,25.374,25.4987,25.6176,25.73,25.8356,25.9338,26.0242,26.1064,26.1801,26.2451,26.3011,26.348,26.3857,26.4141,26.4333,26.4434,26.4445,26.4368,26.4205,26.396,26.3635,26.3234,26.276,26.2218,26.1611,26.0943,26.0219,25.9443,25.8618,25.775,25.6841,25.5895,25.4917,25.3909,25.2876,25.1821,25.0746,24.9655,24.8551,24.7436,24.6313,24.5184,24.4052,24.2919,24.1788,24.066,23.9538,23.8423,23.7317,23.6223,23.5141,23.4075,23.3024,23.1991,23.0978,22.9986,22.9016,22.807,22.7149,22.6255,22.5389,22.4552,22.3745,22.2971,22.2229,22.1522,22.085,22.0215,21.9618,21.9061,21.8545,21.807,21.7639,21.7254,21.6914,21.6622,21.638,21.6188,21.6049,21.5964,21.5934,21.5962,21.6048,21.6195,21.6403,21.6675,21.7012,21.7416,21.7888,21.8429,21.904,21.9724,22.048,22.1311,22.2217,22.3198,22.4255,22.5388,22.6598,22.7884,22.9246,23.0682,23.2192,23.3774,23.5426,23.7145,23.8928,24.0771,24.2671,24.4621,24.6617,24.8651,25.0717,25.2806,25.4909,25.7016,25.9118,26.1202,26.3258,26.5271,26.7232,26.9126,27.0941,27.2666,27.429,27.5803,27.7197,27.8464,27.9601,28.0604,28.1472,28.2207,28.2812,28.3292,28.3654,28.3908,28.4062,28.4127,28.4115,28.4039,28.391,28.3741,28.3544,28.3332,28.3115,28.2903,28.2705,28.2529,28.238,28.2262,28.2177,28.2122,28.2095,28.2088,28.209,28.2088,28.2064,28.1998,28.1867,28.1643,28.13,28.0808,28.0141,27.9273,27.8182,27.6853,27.5273,27.3436,27.1345,26.9009,26.6441,26.366,26.069,25.7554,25.4279,25.0888,24.7406,
 ,46,98.6631,101.027,103.017,104.565,105.616,106.132,106.091,105.497,104.375,102.769,100.737,98.3487,95.6762,92.7913,89.7617,86.648,83.5027,80.3694,77.2834,74.2719,71.3554,68.5483,65.86,63.2961,60.8588,58.5479,56.3613,54.2957,52.3466,50.5092,48.7779,47.1474,45.6121,44.1665,42.8051,41.5229,40.315,39.1767,38.1036,37.0915,36.1367,35.2355,34.3845,33.5807,32.8211,32.1031,31.4241,30.7819,30.1743,29.5993,29.0551,28.54,28.0524,27.5909,27.154,26.7406,26.3495,25.9796,25.6299,25.2995,24.9876,24.6932,24.4158,24.1545,23.9088,23.678,23.4616,23.2592,23.0701,22.894,22.7304,22.579,22.4394,22.3112,22.1942,22.088,21.9924,21.9072,21.832,21.7667,21.7111,21.6649,21.628,21.6002,21.5813,21.5712,21.5697,21.5766,21.5919,21.6154,21.647,21.6864,21.7336,21.7885,21.8508,21.9204,21.9973,22.0811,22.1717,22.269,22.3727,22.4827,22.5986,22.7203,22.8474,22.9797,23.1169,23.2586,23.4044,23.554,23.707,23.8628,24.021,24.1811,24.3426,24.5048,24.6672,24.8293,24.9902,25.1495,25.3063,25.4601,25.6102,25.7558,25.8963,26.0311,26.1595,26.2809,26.3947,26.5005,26.5976,26.6858,26.7647,26.8339,26.8932,26.9425,26.9816,27.0106,27.0295,27.0384,27.0375,27.027,27.0071,26.9783,26.9409,26.8952,26.8418,26.7809,26.7132,26.639,26.5588,26.4732,26.3824,26.287,26.1875,26.0841,25.9774,25.8678,25.7555,25.6409,25.5244,25.4063,25.2869,25.1664,25.0452,24.9235,24.8015,24.6795,24.5577,24.4363,24.3155,24.1956,24.0766,23.9588,23.8424,23.7275,23.6143,23.503,23.3937,23.2865,23.1816,23.0792,22.9793,22.8822,22.7878,22.6964,22.6081,22.523,22.4412,22.3629,22.2881,22.217,22.1497,22.0863,22.0269,21.9718,21.921,21.8746,21.8328,21.7957,21.7635,21.7363,21.7143,21.6977,21.6865,21.6809,21.6812,21.6873,21.6996,21.7181,21.743,21.7744,21.8124,21.8572,21.9089,21.9677,22.0335,22.1065,22.1867,22.2743,22.3692,22.4714,22.581,22.6978,22.8219,22.9531,23.0914,23.2364,23.3881,23.5461,23.7102,23.88,24.0551,24.235,24.4192,24.6071,24.798,24.9912,25.1859,25.3812,25.5762,25.77,25.9615,26.1497,26.3336,26.512,26.6841,26.8487,27.0051,27.1525,27.2901,27.4174,27.5341,27.64,27.735,27.8193,27.8932,27.9572,28.0118,28.0579,28.0962,28.1279,28.1538,28.1752,28.1931,28.2086,28.2229,28.237,28.252,28.2687,28.288,28.3106,28.337,28.3675,28.4021,28.4408,28.4829,28.5278,28.574,28.6201,28.664,28.7032,28.7348,28.7556,28.7622,28.751,28.7185,28.6614,28.5772,28.4635,28.3189,28.1428,27.9355,27.6983,27.4331,27.1424,26.8293,26.497,26.1486,25.7873,25.416,
 ,45,102.135,104.703,106.871,108.564,109.718,110.285,110.243,109.595,108.368,106.614,104.401,101.807,98.9133,95.8015,92.5459,89.2126,85.8578,82.5279,79.2595,76.0805,73.0111,70.0654,67.2519,64.5752,62.0365,59.6344,57.366,55.2269,53.2117,51.3148,49.53,47.8512,46.2721,44.7868,43.3894,42.0745,40.8367,39.6711,38.5729,37.5379,36.562,35.6413,34.7724,33.952,33.177,32.4447,31.7525,31.098,30.4789,29.8932,29.3391,28.8147,28.3184,27.8488,27.4044,26.984,26.5864,26.2104,25.855,25.5194,25.2026,24.9037,24.6221,24.357,24.1078,23.8739,23.6547,23.4497,23.2584,23.0803,22.915,22.7622,22.6215,22.4925,22.3749,22.2684,22.1728,22.0878,22.0132,21.9487,21.8942,21.8494,21.8142,21.7883,21.7717,21.7642,21.7656,21.7758,21.7946,21.822,21.8577,21.9017,21.9539,22.014,22.0819,22.1576,22.2408,22.3315,22.4293,22.5342,22.646,22.7643,22.8891,23.02,23.1568,23.2992,23.4468,23.5994,23.7564,23.9176,24.0824,24.2505,24.4212,24.594,24.7684,24.9438,25.1194,25.2947,25.4689,25.6414,25.8113,25.9779,26.1405,26.2983,26.4506,26.5966,26.7356,26.8669,26.99,27.1041,27.2088,27.3036,27.3881,27.4619,27.5249,27.5767,27.6175,27.647,27.6654,27.6729,27.6696,27.6559,27.632,27.5983,27.5552,27.5033,27.443,27.3748,27.2992,27.2168,27.128,27.0334,26.9336,26.8289,26.7198,26.6069,26.4905,26.3711,26.2491,26.1248,25.9986,25.8708,25.7417,25.6117,25.4809,25.3497,25.2184,25.087,24.956,24.8255,24.6956,24.5667,24.4388,24.3122,24.1871,24.0636,23.9418,23.822,23.7043,23.5888,23.4757,23.3651,23.2571,23.1518,23.0495,22.9501,22.8538,22.7608,22.6711,22.5849,22.5022,22.4232,22.3481,22.2768,22.2095,22.1465,22.0877,22.0333,21.9834,21.9383,21.898,21.8627,21.8325,21.8075,21.788,21.774,21.7658,21.7634,21.767,21.7768,21.7928,21.8153,21.8443,21.8799,21.9223,21.9716,22.0278,22.091,22.1612,22.2386,22.3231,22.4146,22.5133,22.619,22.7317,22.8513,22.9776,23.1104,23.2496,23.3948,23.5459,23.7024,23.8641,24.0303,24.2007,24.3747,24.5518,24.7311,24.9122,25.0941,25.2761,25.4574,25.6371,25.8143,25.9881,26.1578,26.3223,26.481,26.6331,26.778,26.9152,27.0442,27.1648,27.2768,27.3804,27.4755,27.5625,27.6419,27.7143,27.7803,27.8407,27.8965,27.9485,27.9977,28.0453,28.0921,28.1393,28.1879,28.2388,28.2929,28.351,28.4138,28.4818,28.5552,28.6341,28.7184,28.8074,28.9003,28.9956,29.0916,29.1858,29.2752,29.3564,29.4255,29.4781,29.5097,29.5158,29.4922,29.4354,29.3426,29.2118,29.0423,28.8346,28.5905,28.3127,28.0046,27.6702,27.3135,26.9387,26.5498,26.1503,
 ,44,105.363,108.13,110.475,112.312,113.569,114.19,114.149,113.448,112.119,110.221,107.831,105.037,101.93,98.6004,95.129,91.5875,88.0356,84.5218,81.0838,77.7498,74.5398,71.467,68.5391,65.7597,63.1288,60.6442,58.3018,56.0961,54.0213,52.0706,50.2374,48.5148,46.8961,45.3748,43.9447,42.6,41.3349,40.1443,39.0233,37.9671,36.9718,36.0331,35.1476,34.3118,33.5225,32.7769,32.0723,31.4062,30.7764,30.1807,29.6171,29.084,28.5795,28.1023,27.6507,27.2236,26.8198,26.438,26.0773,25.7366,25.4151,25.112,24.8265,24.5578,24.3053,24.0684,23.8465,23.6391,23.4457,23.2658,23.099,22.9449,22.8032,22.6735,22.5555,22.4489,22.3535,22.2689,22.195,22.1315,22.0782,22.035,22.0016,21.9779,21.9638,21.9591,21.9636,21.9773,21.9999,22.0314,22.0717,22.1206,22.178,22.2438,22.3178,22.3999,22.49,22.588,22.6935,22.8066,22.927,23.0544,23.1887,23.3296,23.4768,23.6301,23.789,23.9533,24.1225,24.2963,24.4741,24.6555,24.8398,25.0266,25.2152,25.405,25.5952,25.7851,25.9739,26.1609,26.3453,26.5261,26.7027,26.874,27.0393,27.1978,27.3486,27.491,27.6243,27.7477,27.8608,27.9629,28.0536,28.1326,28.1995,28.2542,28.2965,28.3266,28.3444,28.3501,28.3441,28.3266,28.298,28.2587,28.2094,28.1504,28.0824,28.0059,27.9215,27.8299,27.7316,27.6272,27.5172,27.4023,27.2828,27.1594,27.0325,26.9025,26.7699,26.6351,26.4984,26.3601,26.2207,26.0803,25.9394,25.7981,25.6567,25.5154,25.3746,25.2343,25.0949,24.9564,24.8191,24.6833,24.5489,24.4163,24.2856,24.1569,24.0303,23.9061,23.7843,23.6652,23.5487,23.435,23.3243,23.2167,23.1122,23.0109,22.9131,22.8187,22.7279,22.6408,22.5575,22.4781,22.4027,22.3314,22.2645,22.2019,22.1438,22.0904,22.0418,21.9981,21.9595,21.9261,21.8981,21.8756,21.8588,21.8477,21.8427,21.8437,21.8509,21.8644,21.8844,21.911,21.9442,21.9841,22.0309,22.0845,22.1451,22.2125,22.287,22.3684,22.4566,22.5518,22.6537,22.7622,22.8773,22.9987,23.1263,23.2598,23.3989,23.5434,23.6928,23.8467,24.0047,24.1664,24.3311,24.4984,24.6675,24.8378,25.0087,25.1794,25.3491,25.5172,25.6829,25.8455,26.0043,26.1586,26.3079,26.4517,26.5895,26.7212,26.8464,26.9651,27.0774,27.1835,27.2836,27.3782,27.4678,27.5532,27.635,27.7141,27.7913,27.8676,27.9439,28.0213,28.1008,28.1832,28.2697,28.361,28.458,28.5613,28.6714,28.7888,28.9136,29.0455,29.1839,29.328,29.4763,29.6265,29.7761,29.9214,30.0584,30.1823,30.2875,30.3683,30.4188,30.4336,30.4079,30.3382,30.2217,30.0576,29.8467,29.5915,29.2957,28.964,28.6015,28.2137,27.8058,27.3828,26.949,
 ,43,108.267,111.219,113.732,115.707,117.064,117.739,117.701,116.953,115.53,113.497,110.942,107.961,104.656,101.126,97.4569,93.7258,89.9956,86.3164,82.7268,79.2549,75.9203,72.7353,69.7068,66.8371,64.1255,61.5685,59.1611,56.8973,54.7701,52.7722,50.8963,49.1351,47.4814,45.9283,44.4691,43.0978,41.8083,40.5953,39.4535,38.3783,37.3653,36.4103,35.5096,34.6596,33.8571,33.0992,32.3832,31.7064,31.0665,30.4614,29.8891,29.3477,28.8355,28.351,27.8928,27.4594,27.0496,26.6624,26.2965,25.9511,25.6252,25.318,25.0288,24.7566,24.5011,24.2613,24.0369,23.8273,23.6319,23.4504,23.2822,23.1271,22.9845,22.8543,22.736,22.6294,22.5342,22.4502,22.3772,22.3148,22.263,22.2215,22.1902,22.1689,22.1575,22.1558,22.1637,22.1811,22.2079,22.2438,22.2889,22.343,22.4061,22.4779,22.5584,22.6474,22.7449,22.8506,22.9645,23.0863,23.2159,23.353,23.4976,23.6492,23.8077,23.9727,24.1439,24.3209,24.5034,24.6908,24.8827,25.0786,25.2779,25.48,25.6842,25.8897,26.0959,26.3019,26.5069,26.7101,26.9104,27.1071,27.299,27.4854,27.6653,27.8376,28.0016,28.1564,28.301,28.4349,28.5572,28.6675,28.7651,28.8497,28.9209,28.9786,29.0227,29.0531,29.0701,29.0737,29.0644,29.0426,29.0086,28.963,28.9064,28.8394,28.7627,28.6769,28.5827,28.4809,28.3719,28.2566,28.1355,28.0093,27.8784,27.7435,27.6051,27.4636,27.3195,27.1733,27.0252,26.8757,26.7251,26.5737,26.4218,26.2696,26.1176,25.9657,25.8144,25.6639,25.5142,25.3657,25.2185,25.0728,24.9287,24.7865,24.6463,24.5082,24.3724,24.2391,24.1083,23.9802,23.8548,23.7324,23.613,23.4967,23.3837,23.2739,23.1676,23.0648,22.9656,22.8701,22.7784,22.6906,22.6068,22.5271,22.4518,22.3807,22.3142,22.2523,22.1951,22.1429,22.0957,22.0537,22.0171,21.9859,21.9604,21.9406,21.9267,21.9189,21.9172,21.9218,21.9329,21.9504,21.9745,22.0052,22.0427,22.087,22.1381,22.196,22.2607,22.3323,22.4106,22.4957,22.5874,22.6856,22.7901,22.9009,23.0178,23.1404,23.2685,23.4019,23.5402,23.683,23.83,23.9806,24.1345,24.291,24.4498,24.6101,24.7714,24.9331,25.0946,25.2552,25.4144,25.5715,25.7259,25.8773,26.0251,26.1689,26.3084,26.4435,26.574,26.6999,26.8213,26.9384,27.0515,27.1612,27.2679,27.3722,27.4749,27.5767,27.6786,27.7813,27.8859,27.9934,28.1047,28.2208,28.3426,28.4712,28.6074,28.7518,28.9052,29.068,29.2405,29.4224,29.6135,29.8126,30.0183,30.2283,30.4394,30.6478,30.8484,31.0352,31.2014,31.3397,31.4424,31.5021,31.5126,31.469,31.3675,31.2073,30.9896,30.7178,30.397,30.0337,29.6347,29.2072,28.7579,28.2929,27.8175,
 ,42,110.766,113.883,116.545,118.646,120.095,120.822,120.791,120.003,118.498,116.347,113.646,110.501,107.023,103.317,99.4771,95.5828,91.6997,87.8796,84.1614,80.5731,77.1336,73.8545,70.7416,67.7964,65.0172,62.3996,59.9378,57.625,55.4536,53.4158,51.5038,49.7097,48.0259,46.4453,44.961,43.5665,42.2557,41.023,39.863,38.7708,37.742,36.7723,35.8578,34.995,34.1806,33.4115,32.6849,31.9982,31.349,30.7352,30.1547,29.6056,29.0863,28.595,28.1304,27.6911,27.2758,26.8833,26.5126,26.1627,25.8327,25.5217,25.2289,24.9536,24.695,24.4527,24.2259,24.0142,23.8171,23.634,23.4646,23.3085,23.1653,23.0346,22.9162,22.8098,22.715,22.6318,22.5597,22.4987,22.4485,22.409,22.3799,22.3612,22.3527,22.3543,22.3659,22.3872,22.4183,22.4591,22.5093,22.569,22.638,22.7163,22.8037,22.9001,23.0054,23.1195,23.2422,23.3734,23.5129,23.6605,23.816,23.9792,24.1498,24.3274,24.5119,24.7027,24.8995,25.1018,25.3091,25.5209,25.7365,25.9552,26.1765,26.3994,26.6232,26.847,27.0699,27.2909,27.509,27.7231,27.9323,28.1355,28.3315,28.5194,28.698,28.8665,29.0239,29.1694,29.3021,29.4214,29.5266,29.6174,29.6934,29.7543,29.8001,29.8309,29.8467,29.8478,29.8347,29.8077,29.7674,29.7145,29.6497,29.5736,29.4871,29.3908,29.2857,29.1723,29.0516,28.9241,28.7907,28.652,28.5086,28.3611,28.2101,28.0561,27.8995,27.7409,27.5806,27.4189,27.2563,27.093,26.9294,26.7657,26.6022,26.4391,26.2767,26.1151,25.9546,25.7954,25.6377,25.4816,25.3273,25.175,25.0248,24.8769,24.7314,24.5885,24.4482,24.3108,24.1762,24.0446,23.9162,23.791,23.669,23.5504,23.4353,23.3238,23.2159,23.1117,23.0113,22.9148,22.8224,22.7341,22.65,22.5703,22.495,22.4244,22.3585,22.2975,22.2415,22.1907,22.1452,22.1052,22.0707,22.0421,22.0193,22.0026,21.992,21.9876,21.9896,21.9981,22.0132,22.0348,22.0632,22.0983,22.1401,22.1887,22.2441,22.3062,22.375,22.4504,22.5324,22.6208,22.7155,22.8164,22.9232,23.0358,23.1538,23.2771,23.4053,23.5381,23.6751,23.8159,23.9602,24.1074,24.2571,24.4088,24.562,24.7162,24.8708,25.0254,25.1794,25.3323,25.4838,25.6334,25.7808,25.9256,26.0677,26.2069,26.3433,26.4768,26.6076,26.736,26.8623,26.9869,27.1104,27.2335,27.3567,27.481,27.607,27.7359,27.8684,28.0057,28.1486,28.2983,28.4557,28.6219,28.7978,28.9843,29.1822,29.3922,29.6146,29.8495,30.0967,30.3554,30.624,30.9001,31.1805,31.4605,31.7343,31.9945,32.2327,32.4393,32.6043,32.7177,32.7711,32.7577,32.6724,32.5141,32.2846,31.9889,31.634,31.2288,30.7826,30.3047,29.8038,29.2873,28.7618,
 ,41,112.788,116.039,118.825,121.031,122.559,123.333,123.312,122.496,120.927,118.681,115.862,112.584,108.967,105.12,101.143,97.1184,93.1144,89.1835,85.3645,81.6852,78.1639,74.8115,71.6329,68.6289,65.7967,63.1315,60.6268,58.2751,56.0686,53.9987,52.0574,50.2364,48.528,46.9247,45.4193,44.0053,42.6764,41.4267,40.251,39.1441,38.1014,37.1187,36.1921,35.3178,34.4926,33.7133,32.9771,32.2814,31.6238,31.0019,30.4139,29.8577,29.3316,28.834,28.3635,27.9186,27.4981,27.1008,26.7256,26.3714,26.0375,25.7229,25.4267,25.1484,24.8871,24.6423,24.4134,24.1998,24.001,23.8166,23.6461,23.4891,23.3454,23.2145,23.0961,22.99,22.8958,22.8135,22.7426,22.6831,22.6347,22.5973,22.5707,22.5548,22.5494,22.5545,22.5699,22.5955,22.6313,22.6771,22.7328,22.7985,22.8739,22.959,23.0537,23.158,23.2716,23.3946,23.5268,23.668,23.8181,23.9769,24.1442,24.3198,24.5034,24.6947,24.8935,25.0992,25.3116,25.53,25.754,25.9831,26.2165,26.4536,26.6935,26.9356,27.1788,27.4222,27.6649,27.9056,28.1434,28.3771,28.6054,28.8272,29.0414,29.2466,29.4417,29.6256,29.7972,29.9556,30.0999,30.2292,30.343,30.4406,30.5217,30.5862,30.6337,30.6646,30.6789,30.6769,30.6592,30.6262,30.5788,30.5175,30.4432,30.3568,30.2591,30.151,30.0334,29.9072,29.7732,29.6323,29.4852,29.3327,29.1755,29.0142,28.8495,28.6818,28.5117,28.3396,28.1661,27.9913,27.8158,27.6398,27.4636,27.2875,27.1118,26.9367,26.7624,26.5892,26.4172,26.2467,26.0778,25.9107,25.7456,25.5827,25.422,25.2637,25.1081,24.9551,24.8049,24.6577,24.5135,24.3724,24.2346,24.1,23.9688,23.8411,23.7169,23.5963,23.4793,23.3662,23.2568,23.1514,23.05,22.9528,22.8597,22.771,22.6868,22.6071,22.5322,22.4622,22.3971,22.3373,22.2827,22.2336,22.1901,22.1524,22.1206,22.0948,22.0751,22.0618,22.0548,22.0542,22.0603,22.0729,22.0922,22.1183,22.151,22.1906,22.2368,22.2898,22.3495,22.4157,22.4884,22.5676,22.653,22.7446,22.8421,22.9453,23.0541,23.1681,23.2871,23.4108,23.5389,23.671,23.8068,23.9458,24.0877,24.232,24.3783,24.5262,24.6753,24.825,24.9751,25.1251,25.2747,25.4236,25.5715,25.7182,25.8637,26.0078,26.1505,26.2921,26.4327,26.5725,26.712,26.8516,26.9919,27.1335,27.2772,27.4236,27.5738,27.7285,27.8888,28.0558,28.2304,28.4137,28.607,28.8113,29.0278,29.2575,29.5015,29.7606,30.0355,30.3267,30.6343,30.9575,31.2953,31.6452,32.0037,32.3658,32.7247,33.0715,33.3955,33.6845,33.9252,34.1041,34.2094,34.2317,34.1641,34.005,33.7573,33.4278,33.0268,32.5664,32.0593,31.5176,30.9525,30.3733,29.7876,
 ,40,114.273,117.62,120.495,122.78,124.369,125.182,125.174,124.342,122.731,120.421,117.519,114.149,110.433,106.488,102.415,98.3007,94.2134,90.2062,86.3182,82.5767,78.9994,75.5967,72.3729,69.3279,66.4588,63.76,61.2247,58.845,56.6126,54.519,52.5556,50.7142,48.9867,47.3655,45.8434,44.4136,43.0698,41.8062,40.6172,39.4978,38.4434,37.4495,36.5122,35.6279,34.7931,34.0047,33.2599,32.5561,31.8907,31.2615,30.6665,30.1037,29.5715,29.0681,28.592,28.1419,27.7165,27.3147,26.9352,26.5771,26.2395,25.9215,25.6222,25.3411,25.0773,24.8302,24.5992,24.3838,24.1836,23.998,23.8265,23.6689,23.5248,23.3938,23.2756,23.1699,23.0765,22.9952,22.9257,22.8678,22.8214,22.7863,22.7623,22.7494,22.7475,22.7563,22.7758,22.806,22.8467,22.8979,22.9594,23.0313,23.1135,23.2059,23.3085,23.421,23.5436,23.6761,23.8183,23.9702,24.1316,24.3024,24.4824,24.6713,24.8689,25.075,25.2891,25.511,25.7402,25.9761,26.2184,26.4663,26.7192,26.9763,27.2368,27.4999,27.7645,28.0296,28.2941,28.5568,28.8165,29.0719,29.3216,29.5643,29.7987,30.0233,30.2368,30.438,30.6256,30.7985,30.9557,31.0963,31.2195,31.3247,31.4114,31.4796,31.5289,31.5596,31.5719,31.5662,31.543,31.5031,31.4472,31.3762,31.2911,31.1928,31.0824,30.9609,30.8293,30.6886,30.5399,30.384,30.2217,30.054,29.8816,29.7051,29.5253,29.3427,29.1579,28.9713,28.7834,28.5945,28.4051,28.2154,28.0258,27.8364,27.6477,27.4598,27.2729,27.0873,26.9031,26.7206,26.5399,26.3612,26.1847,26.0105,25.8387,25.6696,25.5032,25.3397,25.1792,25.0218,24.8675,24.7165,24.5688,24.4246,24.2838,24.1466,24.0129,23.883,23.7567,23.6342,23.5156,23.401,23.2903,23.1838,23.0815,22.9835,22.89,22.801,22.7168,22.6374,22.563,22.4938,22.43,22.3716,22.3188,22.2718,22.2308,22.1958,22.1669,22.1444,22.1283,22.1188,22.1158,22.1194,22.1298,22.1469,22.1708,22.2014,22.2388,22.2829,22.3337,22.3911,22.4551,22.5255,22.6021,22.6849,22.7737,22.8683,22.9685,23.0741,23.1848,23.3003,23.4204,23.5447,23.673,23.8049,23.94,24.078,24.2185,24.3612,24.5058,24.6518,24.799,24.9471,25.0958,25.2449,25.3942,25.5436,25.6931,25.8426,25.9924,26.1424,26.293,26.4446,26.5975,26.7522,26.9093,27.0694,27.2334,27.402,27.5761,27.7567,27.9448,28.1415,28.3479,28.5653,28.7949,29.038,29.296,29.5702,29.8618,30.1723,30.5026,30.8537,31.226,31.6196,32.0335,32.4658,32.9129,33.3696,33.8279,34.2774,34.705,35.0946,35.4287,35.6888,35.8585,35.9241,35.8763,35.7127,35.4376,35.0613,34.5982,34.0653,33.4797,32.8577,32.2133,31.5579,30.9004,
 ,39,115.183,118.579,121.502,123.833,125.461,126.302,126.308,125.476,123.849,121.509,118.568,115.151,111.385,107.39,103.268,99.1083,94.9791,90.9338,87.0113,83.2386,79.6331,76.2046,72.9571,69.8903,67.0009,64.2831,61.7299,59.3334,57.0849,54.976,52.998,51.1425,49.4016,47.7675,46.2329,44.7912,43.436,42.1613,40.9617,39.832,38.7677,37.7644,36.8181,35.9251,35.0819,34.2856,33.5332,32.822,32.1497,31.5139,30.9126,30.3438,29.8058,29.297,28.8159,28.361,27.9311,27.525,27.1415,26.7797,26.4387,26.1175,25.8154,25.5315,25.2653,25.0162,24.7833,24.5664,24.3648,24.1781,24.0059,23.8478,23.7034,23.5724,23.4545,23.3494,23.257,23.1768,23.1088,23.0528,23.0085,22.9759,22.9548,22.9452,22.9468,22.9595,22.9835,23.0184,23.0644,23.1212,23.189,23.2676,23.357,23.4571,23.5678,23.6893,23.8213,23.9638,24.1168,24.2801,24.4536,24.6372,24.8307,25.0339,25.2466,25.4685,25.6993,25.9386,26.186,26.441,26.703,26.9715,27.2456,27.5247,27.8078,28.094,28.3822,28.6713,28.9601,29.2472,29.5312,29.8108,30.0845,30.3506,30.6076,30.854,31.0882,31.3089,31.5144,31.7037,31.8754,32.0285,32.1622,32.2757,32.3687,32.4407,32.4918,32.522,32.5317,32.5214,32.4918,32.4437,32.3779,32.2957,32.1981,32.0862,31.9613,31.8245,31.6771,31.5202,31.3549,31.1822,31.0031,30.8185,30.6293,30.4362,30.2399,30.0411,29.8402,29.6378,29.4344,29.2303,29.0259,28.8215,28.6175,28.414,28.2114,28.0098,27.8095,27.6107,27.4136,27.2183,27.0251,26.8341,26.6455,26.4594,26.2761,26.0955,25.9179,25.7433,25.572,25.4038,25.2391,25.0777,24.9198,24.7655,24.6148,24.4677,24.3243,24.1846,24.0487,23.9166,23.7884,23.6642,23.5439,23.4278,23.3159,23.2083,23.1051,23.0065,22.9126,22.8236,22.7396,22.6608,22.5873,22.5193,22.457,22.4005,22.35,22.3056,22.2674,22.2357,22.2104,22.1917,22.1796,22.1743,22.1757,22.184,22.1991,22.221,22.2497,22.2853,22.3275,22.3765,22.432,22.494,22.5623,22.6369,22.7176,22.8042,22.8965,22.9942,23.0973,23.2054,23.3183,23.4358,23.5574,23.6831,23.8124,23.945,24.0808,24.2193,24.3603,24.5036,24.6488,24.7959,24.9445,25.0946,25.2461,25.3989,25.5531,25.7086,25.8658,26.0247,26.1858,26.3493,26.5157,26.6856,26.8596,27.0384,27.2227,27.4135,27.6116,27.8181,28.0341,28.2607,28.4993,28.7511,29.0176,29.3003,29.6009,29.9209,30.2621,30.6262,31.0148,31.4295,31.8715,32.3414,32.8391,33.3634,33.911,34.4766,35.0516,35.6239,36.1771,36.6908,37.1415,37.5039,37.7546,37.874,37.8488,37.6756,37.361,36.92,36.3736,35.7455,35.0595,34.3366,33.5947,32.8474,32.1048,
 ,38,115.501,118.898,121.826,124.166,125.807,126.662,126.683,125.865,124.249,121.917,118.982,115.568,111.804,107.81,103.691,99.5323,95.405,91.3615,87.4404,83.6686,80.0633,76.6341,73.385,70.3158,67.4229,64.7009,62.1428,59.7405,57.4858,55.3701,53.3849,51.5219,49.7731,48.131,46.5884,45.1385,43.7751,42.4922,41.2845,40.1469,39.0748,38.0637,37.1099,36.2095,35.3593,34.5561,33.797,33.0794,32.4009,31.7591,31.1521,30.5779,30.0347,29.5209,29.0351,28.5758,28.1417,27.7316,27.3444,26.9792,26.635,26.3108,26.006,25.7197,25.4514,25.2002,24.9657,24.7473,24.5446,24.357,24.1841,24.0256,23.8811,23.7503,23.6329,23.5285,23.4371,23.3583,23.292,23.2379,23.196,23.1661,23.1481,23.1418,23.1472,23.1642,23.1928,23.2328,23.2843,23.3472,23.4215,23.5071,23.6041,23.7123,23.8319,23.9627,24.1047,24.2579,24.4223,24.5977,24.7841,24.9814,25.1893,25.4079,25.6367,25.8757,26.1244,26.3825,26.6497,26.9253,27.2089,27.4997,27.7971,28.1003,28.4082,28.7198,29.0341,29.3498,29.6654,29.9797,30.2909,30.5976,30.898,31.1903,31.4728,31.7438,32.0014,32.2439,32.4697,32.6773,32.8653,33.0325,33.1779,33.3008,33.4004,33.4767,33.5294,33.5587,33.5651,33.5492,33.5119,33.454,33.3768,33.2815,33.1694,33.0419,32.9004,32.7463,32.5809,32.4057,32.2217,32.0303,31.8324,31.6291,31.4214,31.21,30.9956,30.779,30.5607,30.3412,30.121,29.9005,29.68,29.4599,29.2404,29.0218,28.8043,28.5881,28.3735,28.1607,27.9498,27.7411,27.5346,27.3306,27.1293,26.9307,26.735,26.5424,26.353,26.1669,25.9841,25.8048,25.6291,25.4569,25.2885,25.1237,24.9626,24.8053,24.6518,24.502,24.3561,24.2141,24.076,23.9418,23.8116,23.6856,23.5637,23.4461,23.3329,23.2243,23.1204,23.0214,22.9274,22.8385,22.7551,22.6772,22.605,22.5387,22.4785,22.4245,22.3768,22.3356,22.301,22.273,22.2518,22.2375,22.23,22.2295,22.2359,22.2492,22.2695,22.2966,22.3306,22.3713,22.4187,22.4727,22.5332,22.6001,22.6731,22.7522,22.8372,22.9278,23.0239,23.1253,23.2318,23.3431,23.459,23.5792,23.7035,23.8317,23.9635,24.0987,24.237,24.3784,24.5225,24.6693,24.8187,24.9706,25.1249,25.2817,25.441,25.6031,25.7681,25.9363,26.1081,26.2839,26.4641,26.6494,26.8404,27.038,27.2428,27.4558,27.6781,27.9107,28.1547,28.4116,28.6827,28.9694,29.2736,29.5968,29.941,30.3083,30.7008,31.1208,31.5707,32.0528,32.5693,33.1218,33.7114,34.3379,34.9992,35.69,36.4018,37.1207,37.8269,38.4946,39.0922,39.5851,39.9395,40.127,40.1281,39.9381,39.567,39.0373,38.3796,37.6275,36.8132,35.9647,35.1038,34.2467,33.4044,
 ,37,115.24,118.588,121.476,123.788,125.413,126.269,126.304,125.513,123.934,121.648,118.763,115.403,111.694,107.754,103.687,99.5779,95.4962,91.4942,87.6102,83.8711,80.294,76.889,73.6601,70.6073,67.7277,65.016,62.4654,60.0685,57.817,55.7028,53.7176,51.8534,50.1024,48.4571,46.9106,45.4562,44.0878,42.7996,41.5863,40.4429,39.3648,38.3478,37.3879,36.4816,35.6254,34.8163,34.0515,33.3283,32.6443,31.9972,31.3851,30.806,30.2581,29.7398,29.2497,28.7862,28.3483,27.9345,27.544,27.1756,26.8283,26.5015,26.1942,25.9056,25.6352,25.3823,25.1463,24.9266,24.7228,24.5345,24.3611,24.2024,24.0579,23.9274,23.8105,23.7071,23.6168,23.5395,23.475,23.4232,23.3838,23.3567,23.3419,23.3393,23.3487,23.3702,23.4036,23.449,23.5064,23.5756,23.6568,23.7498,23.8548,23.9716,24.1004,24.2412,24.3938,24.5584,24.7348,24.9231,25.1233,25.3351,25.5585,25.7934,26.0396,26.2969,26.5649,26.8434,27.1318,27.4299,27.7368,28.0521,28.375,28.7044,29.0396,29.3794,29.7224,30.0675,30.4131,30.7575,31.0992,31.4361,31.7666,32.0884,32.3997,32.6983,32.9822,33.2495,33.4982,33.7265,33.933,34.1161,34.2746,34.4078,34.5148,34.5955,34.6496,34.6776,34.6798,34.6571,34.6104,34.541,34.4503,34.3397,34.2109,34.0653,33.9048,33.7309,33.5452,33.3491,33.1442,32.9318,32.713,32.489,32.2607,32.0292,31.795,31.559,31.3218,31.0837,30.8454,30.6072,30.3694,30.1323,29.8962,29.6614,29.4281,29.1964,28.9666,28.7389,28.5134,28.2903,28.0698,27.852,27.6372,27.4254,27.2168,27.0115,26.8097,26.6114,26.4167,26.2257,26.0386,25.8552,25.6757,25.5,25.3282,25.1603,24.9963,24.8362,24.6799,24.5276,24.3792,24.2347,24.0943,23.9579,23.8256,23.6977,23.5741,23.4551,23.3407,23.2313,23.1268,23.0276,22.9338,22.8456,22.7632,22.6868,22.6166,22.5526,22.4951,22.4443,22.4001,22.3628,22.3324,22.309,22.2926,22.2833,22.281,22.2859,22.2977,22.3167,22.3425,22.3754,22.415,22.4613,22.5143,22.5738,22.6397,22.7118,22.79,22.8741,22.9638,23.0592,23.1599,23.2657,23.3765,23.492,23.6121,23.7365,23.8651,23.9977,24.1342,24.2744,24.4181,24.5654,24.7162,24.8704,25.0282,25.1896,25.3547,25.5237,25.697,25.8749,26.0577,26.246,26.4403,26.6412,26.8494,27.0659,27.2914,27.5269,27.7735,28.0324,28.3049,28.5924,28.8964,29.2187,29.5612,29.9257,30.3148,30.7307,31.1763,31.6545,32.1685,32.7217,33.3173,33.9586,34.6481,35.3875,36.176,37.01,37.8811,38.7744,39.6666,40.5255,41.3091,41.9695,42.4582,42.733,42.7655,42.5488,42.0982,41.4477,40.642,39.7291,38.7528,37.7492,36.745,35.7585,34.8008,
 ,36,114.437,117.691,120.498,122.744,124.328,125.168,125.215,124.462,122.945,120.739,117.947,114.688,111.083,107.247,103.279,99.2641,95.2694,91.3465,87.5335,83.8572,80.3351,76.9776,73.7895,70.7714,67.9207,65.2329,62.702,60.3207,58.0816,55.9769,53.9987,52.1392,50.3912,48.7473,47.2009,45.7455,44.3752,43.0843,41.8678,40.7207,39.6385,38.6171,37.6526,36.7416,35.8806,35.0666,34.2969,33.5689,32.8802,32.2285,31.6118,31.0282,30.4761,29.9537,29.4596,28.9925,28.5509,28.1338,27.7401,27.3687,27.0188,26.6894,26.3798,26.0892,25.8169,25.5624,25.325,25.1042,24.8995,24.7105,24.5368,24.3779,24.2336,24.1035,23.9874,23.885,23.7961,23.7204,23.6579,23.6084,23.5716,23.5476,23.5363,23.5374,23.5511,23.5773,23.6159,23.667,23.7304,23.8064,23.8947,23.9956,24.109,24.2349,24.3735,24.5247,24.6885,24.8651,25.0544,25.2564,25.4711,25.6984,25.9383,26.1908,26.4555,26.7324,27.0212,27.3216,27.6332,27.9555,28.2879,28.6298,28.9804,29.3388,29.7039,30.0746,30.4496,30.8273,31.2061,31.5843,31.9599,32.3309,32.6951,33.0502,33.3939,33.7238,34.0376,34.333,34.6077,34.8596,35.0869,35.2879,35.4613,35.6059,35.721,35.8063,35.8617,35.8875,35.8844,35.8533,35.7955,35.7124,35.6058,35.4774,35.329,35.1626,34.9802,34.7836,34.5747,34.3551,34.1266,33.8906,33.6484,33.4014,33.1505,32.8967,32.6409,32.3837,32.1258,31.8676,31.6097,31.3524,31.096,30.8408,30.587,30.3348,30.0846,29.8363,29.5903,29.3467,29.1057,28.8674,28.632,28.3997,28.1705,27.9448,27.7225,27.5039,27.289,27.078,26.8708,26.6677,26.4686,26.2735,26.0825,25.8956,25.7127,25.5338,25.359,25.1881,25.0211,24.8581,24.6991,24.5439,24.3928,24.2457,24.1027,23.9639,23.8295,23.6996,23.5743,23.4539,23.3386,23.2285,23.1239,23.025,22.932,22.8451,22.7644,22.6902,22.6227,22.5619,22.508,22.4611,22.4213,22.3887,22.3633,22.3452,22.3343,22.3307,22.3343,22.3452,22.3632,22.3883,22.4204,22.4594,22.5052,22.5578,22.6169,22.6824,22.7543,22.8323,22.9163,23.0061,23.1016,23.2026,23.3089,23.4204,23.5369,23.6582,23.7843,23.9151,24.0503,24.19,24.334,24.4824,24.6352,24.7924,24.9541,25.1205,25.2919,25.4683,25.6503,25.8382,26.0324,26.2334,26.442,26.6588,26.8845,27.1201,27.3665,27.6247,27.896,28.1815,28.4828,28.8014,29.1389,29.4974,29.8788,30.2857,30.7206,31.1866,31.6869,32.2252,32.8059,33.4333,34.1123,34.848,35.645,36.5072,37.4367,38.4321,39.4867,40.5854,41.702,42.7968,43.8153,44.691,45.3543,45.7426,45.8132,45.556,44.995,44.1814,43.1813,42.0626,40.8843,39.6923,38.5184,37.382,36.2933,
 ,35,113.154,116.274,118.963,121.114,122.633,123.443,123.498,122.792,121.355,119.257,116.594,113.477,110.019,106.33,102.504,98.6233,94.7525,90.9425,87.2308,83.6445,80.2015,76.9129,73.7843,70.8172,68.0099,65.3588,62.8584,60.5025,58.2841,56.1961,54.2312,52.3822,50.6419,49.0037,47.4611,46.0079,44.6386,43.3476,42.1301,40.9812,39.8966,38.8723,37.9046,36.99,36.1252,35.3074,34.5337,33.8016,33.1087,32.453,31.8323,31.2448,30.6888,30.1627,29.6651,29.1945,28.7497,28.3295,27.9329,27.5587,27.2063,26.8746,26.5628,26.2703,25.9963,25.7403,25.5017,25.2799,25.0745,24.885,24.711,24.5522,24.4081,24.2786,24.1634,24.0621,23.9747,23.9009,23.8405,23.7934,23.7595,23.7387,23.731,23.7362,23.7544,23.7855,23.8295,23.8865,23.9564,24.0393,24.1353,24.2443,24.3666,24.5021,24.6509,24.8131,24.9888,25.178,25.3809,25.5974,25.8275,26.0714,26.3289,26.6,26.8847,27.1827,27.4938,27.8178,28.1543,28.5029,28.863,29.2339,29.6149,30.0049,30.403,30.8079,31.2181,31.632,32.0479,32.4638,32.8775,33.2867,33.6889,34.0817,34.4621,34.8276,35.1754,35.5027,35.807,36.0858,36.3368,36.5581,36.7482,36.9056,37.0296,37.1197,37.176,37.1987,37.1889,37.1476,37.0764,36.9771,36.8516,36.7022,36.531,36.3405,36.1328,35.9102,35.6748,35.4285,35.1733,34.9109,34.6426,34.3699,34.094,33.8158,33.5361,33.2558,32.9755,32.6955,32.4164,32.1385,31.8621,31.5874,31.3146,31.044,30.7757,30.5098,30.2465,29.986,29.7285,29.474,29.2228,28.975,28.7308,28.4903,28.2536,28.0209,27.7923,27.5679,27.3477,27.1318,26.9202,26.713,26.5101,26.3115,26.1171,25.9269,25.7408,25.5588,25.3809,25.2068,25.0367,24.8705,24.7083,24.55,24.3958,24.2457,24.1,23.9587,23.822,23.6902,23.5634,23.4419,23.326,23.2159,23.1117,23.0138,22.9224,22.8375,22.7595,22.6885,22.6246,22.5679,22.5186,22.4767,22.4422,22.4152,22.3956,22.3836,22.3791,22.3819,22.3922,22.4098,22.4346,22.4665,22.5055,22.5514,22.6041,22.6635,22.7294,22.8018,22.8805,22.9653,23.0561,23.1528,23.2552,23.3633,23.4768,23.5957,23.7199,23.8493,23.9839,24.1237,24.2685,24.4186,24.5739,24.7346,24.9008,25.0727,25.2507,25.435,25.626,25.8242,26.0301,26.2443,26.4674,26.7003,26.9438,27.1988,27.4663,27.7476,28.0438,28.3564,28.6869,29.0369,29.4086,29.8038,30.2251,30.6751,31.1569,31.674,32.2305,32.8307,33.4801,34.1844,34.9504,35.785,36.6957,37.6896,38.7723,39.9463,41.2081,42.5443,43.9271,45.3091,46.6205,47.771,48.6603,49.1958,49.3132,48.9975,48.2858,47.2561,46.0051,44.628,43.2034,41.788,40.4178,39.112,37.8781,
 ,34,111.467,114.424,116.966,118.998,120.433,121.201,121.261,120.606,119.264,117.296,114.79,111.846,108.57,105.062,101.413,97.6986,93.9825,90.3136,86.729,83.2558,79.9127,76.7114,73.6586,70.7569,68.0057,65.4022,62.9422,60.6201,58.43,56.3653,54.4194,52.5857,50.8576,49.2289,47.6935,46.2456,44.8798,43.591,42.3744,41.2254,40.1401,39.1143,38.1446,37.2275,36.3599,35.539,34.762,34.0266,33.3303,32.671,32.0468,31.4558,30.8964,30.367,29.8661,29.3924,28.9446,28.5216,28.1222,27.7456,27.3908,27.057,26.7433,26.449,26.1735,25.9162,25.6765,25.4538,25.2478,25.0579,24.8838,24.7251,24.5815,24.4527,24.3384,24.2384,24.1526,24.0807,24.0226,23.9782,23.9473,23.9299,23.926,23.9354,23.9583,23.9946,24.0442,24.1074,24.184,24.2743,24.3782,24.4959,24.6274,24.7729,24.9325,25.1064,25.2945,25.4971,25.7143,25.9461,26.1927,26.4541,26.7303,27.0214,27.3273,27.6478,27.983,28.3324,28.6959,29.0729,29.463,29.8656,30.2797,30.7045,31.1389,31.5814,32.0307,32.4849,32.9421,33.4002,33.8566,34.3089,34.7542,35.1895,35.6117,36.0177,36.4042,36.7681,37.1062,37.4156,37.6938,37.9383,38.1472,38.319,38.4528,38.5479,38.6045,38.6232,38.6048,38.551,38.4636,38.3448,38.197,38.0229,37.8251,37.6064,37.3695,37.117,36.8513,36.5747,36.2893,35.9971,35.6997,35.3985,35.0948,34.7896,34.4839,34.1783,33.8736,33.57,33.268,32.968,32.6701,32.3745,32.0814,31.791,31.5034,31.2187,30.9371,30.6586,30.3835,30.1119,29.8439,29.5797,29.3195,29.0634,28.8115,28.5639,28.3209,28.0824,27.8486,27.6193,27.3948,27.1749,26.9597,26.749,26.5427,26.3408,26.1432,25.9498,25.7604,25.5749,25.3934,25.2158,25.042,24.8721,24.7062,24.5443,24.3866,24.2333,24.0847,23.9408,23.802,23.6685,23.5407,23.4187,23.3029,23.1935,23.0908,22.9948,22.906,22.8243,22.7501,22.6834,22.6242,22.5727,22.529,22.493,22.4648,22.4444,22.4317,22.4267,22.4293,22.4395,22.4571,22.4822,22.5146,22.5541,22.6008,22.6544,22.7148,22.782,22.8558,22.936,23.0227,23.1156,23.2146,23.3197,23.4308,23.5477,23.6706,23.7992,23.9337,24.0741,24.2203,24.3725,24.5308,24.6954,24.8666,25.0445,25.2295,25.4219,25.6224,25.8312,26.0491,26.2767,26.5147,26.764,27.0255,27.3002,27.5892,27.8938,28.2154,28.5554,28.9155,29.2977,29.7039,30.1366,30.5985,31.0925,31.6221,32.1915,32.8051,33.4686,34.1882,34.9713,35.8264,36.7631,37.7918,38.9236,40.1688,41.5352,43.0246,44.6278,46.3175,48.04,49.7084,51.202,52.3791,53.1031,53.278,52.8814,51.9704,50.6621,49.0969,47.4057,45.6905,44.0189,42.4293,40.9382,39.5481,
 ,33,109.465,112.237,114.614,116.511,117.849,118.568,118.63,118.028,116.788,114.964,112.633,109.884,106.813,103.512,100.064,96.5415,93.0035,89.4976,86.0602,82.7186,79.4919,76.3929,73.4294,70.605,67.9203,65.3738,62.9623,60.6814,58.5258,56.49,54.5681,52.754,51.042,49.426,47.9007,46.4606,45.1007,43.816,42.6021,41.4548,40.37,39.344,38.3733,37.4547,36.5852,35.762,34.9825,34.2443,33.5451,32.8828,32.2556,31.6615,31.0991,30.5667,30.0628,29.5863,29.1357,28.7101,28.3083,27.9294,27.5724,27.2366,26.9211,26.6253,26.3484,26.0899,25.8492,25.6258,25.4193,25.2291,25.055,24.8966,24.7535,24.6255,24.5123,24.4138,24.3297,24.2599,24.2042,24.1625,24.1348,24.121,24.1211,24.135,24.1627,24.2044,24.26,24.3296,24.4133,24.5112,24.6234,24.7501,24.8913,25.0473,25.2183,25.4043,25.6055,25.8222,26.0545,26.3026,26.5665,26.8465,27.1426,27.4549,27.7835,28.1282,28.4891,28.8659,29.2584,29.6663,30.089,30.526,30.9764,31.4393,31.9135,32.3977,32.8902,33.3893,33.8926,34.3979,34.9025,35.4034,35.8974,36.3811,36.851,37.3033,37.7342,38.1399,38.5169,38.8616,39.1708,39.4418,39.6722,39.8602,40.0047,40.105,40.1614,40.1744,40.1454,40.0762,39.9692,39.827,39.6527,39.4494,39.2203,38.9688,38.698,38.4109,38.1105,37.7994,37.4799,37.1541,36.824,36.4911,36.1566,35.8218,35.4875,35.1544,34.8231,34.4939,34.1673,33.8434,33.5224,33.2045,32.8898,32.5782,32.2701,31.9653,31.6641,31.3665,31.0727,30.7828,30.497,30.2155,29.9383,29.6656,29.3976,29.1345,28.8762,28.623,28.3748,28.1317,27.8937,27.6607,27.4326,27.2094,26.9909,26.777,26.5675,26.3623,26.1611,25.964,25.7706,25.5811,25.3953,25.2133,25.0351,24.8609,24.6907,24.5248,24.3634,24.2068,24.0553,23.9091,23.7687,23.6342,23.5061,23.3846,23.2699,23.1624,23.0622,22.9695,22.8845,22.8074,22.7381,22.6769,22.6238,22.5787,22.5417,22.5128,22.4919,22.4791,22.4742,22.4771,22.4878,22.5062,22.5322,22.5657,22.6065,22.6547,22.7099,22.7723,22.8415,22.9176,23.0005,23.09,23.1861,23.2887,23.3978,23.5133,23.6353,23.7637,23.8985,24.0399,24.1879,24.3428,24.5045,24.6735,24.8499,25.0341,25.2265,25.4275,25.6377,25.8575,26.0877,26.329,26.5821,26.8481,27.1279,27.4226,27.7335,28.0618,28.4091,28.777,29.1673,29.5821,30.0237,30.4945,30.9977,31.5364,32.1148,32.7372,33.409,34.1365,34.9272,35.79,36.7351,37.7749,38.9232,40.1954,41.6074,43.1737,44.9036,46.7948,48.8238,50.9332,53.019,54.9249,56.4552,57.4131,57.6576,57.1554,55.9931,54.3425,52.402,50.3472,48.3055,46.3541,44.5304,42.8451,41.2935,
 ,32,107.24,109.817,112.019,113.772,115.007,115.671,115.733,115.186,114.052,112.377,110.229,107.686,104.834,101.755,98.524,95.2084,91.8639,88.5359,85.26,82.0631,78.9651,75.9796,73.1154,70.3774,67.7675,65.2854,62.929,60.6949,58.5791,56.5767,54.6828,52.8919,51.199,49.5987,48.0859,46.6558,45.3036,44.0248,42.8152,41.6708,40.5877,39.5625,38.5919,37.6726,36.802,35.9772,35.1957,34.4552,33.7536,33.0888,32.4589,31.8622,31.297,30.7619,30.2554,29.7762,29.3232,28.8952,28.4911,28.1101,27.7512,27.4135,27.0964,26.7991,26.5209,26.2614,26.0199,25.7959,25.5889,25.3986,25.2246,25.0666,24.9241,24.7971,24.6851,24.5881,24.5059,24.4382,24.3851,24.3464,24.322,24.3119,24.3161,24.3346,24.3675,24.4148,24.4765,24.5529,24.6439,24.7498,24.8707,25.0067,25.1581,25.3251,25.5079,25.7067,25.9217,26.1532,26.4014,26.6665,26.9488,27.2485,27.5657,27.9006,28.2534,28.624,29.0124,29.4187,29.8425,30.2837,30.7418,31.2162,31.7062,32.2109,32.729,33.2592,33.7997,34.3486,34.9036,35.4619,36.0207,36.5766,37.1259,37.6649,38.1892,38.6945,39.1764,39.6305,40.0523,40.4376,40.7827,41.0842,41.3392,41.5456,41.7019,41.8076,41.8627,41.8682,41.8258,41.7377,41.6069,41.4367,41.2307,40.9928,40.7269,40.4369,40.1267,39.7997,39.4595,39.1089,38.7506,38.3871,38.0204,37.6521,37.2836,36.9161,36.5505,36.1873,35.8272,35.4704,35.1172,34.7677,34.422,34.0802,33.7422,33.4082,33.0781,32.7519,32.4299,32.1119,31.7982,31.4889,31.1842,30.8841,30.5889,30.2987,30.0137,29.7341,29.4598,29.1911,28.9279,28.6703,28.4182,28.1716,27.9304,27.6943,27.4632,27.237,27.0153,26.798,26.5848,26.3755,26.17,25.9682,25.77,25.5753,25.3843,25.197,25.0136,24.8343,24.6595,24.4893,24.3243,24.1646,24.0108,23.8631,23.7219,23.5875,23.4603,23.3405,23.2284,23.1242,23.028,22.9401,22.8604,22.7892,22.7263,22.672,22.6261,22.5887,22.5596,22.5389,22.5265,22.5223,22.5262,22.5381,22.5579,22.5855,22.6208,22.6637,22.7142,22.772,22.8371,22.9094,22.9889,23.0754,23.169,23.2695,23.3771,23.4915,23.613,23.7415,23.8772,24.02,24.1703,24.3281,24.4937,24.6674,24.8495,25.0403,25.2404,25.4503,25.6704,25.9015,26.1443,26.3996,26.6682,26.9512,27.2496,27.5647,27.8977,28.2502,28.6237,29.0199,29.441,29.889,30.3665,30.8762,31.4214,32.0057,32.6334,33.3096,34.0402,34.8322,35.6942,36.6364,37.671,38.8127,40.0788,41.4892,43.0656,44.8302,46.8012,48.9856,51.3674,53.8891,56.4321,58.8019,60.739,61.9703,62.2957,61.6678,60.2122,58.1714,55.8152,53.3693,50.9862,48.7491,46.6909,44.8135,43.1029,
 ,31,104.883,107.262,109.288,110.896,112.028,112.637,112.697,112.203,111.173,109.647,107.683,105.349,102.719,99.8661,96.8586,93.7572,90.614,87.472,84.3656,81.3215,78.3598,75.495,72.7369,70.0916,67.5622,65.1496,62.853,60.6701,58.5978,56.6323,54.7694,53.0045,51.3331,49.7506,48.2524,46.8339,45.491,44.2195,43.0153,41.8749,40.7946,39.7711,38.8012,37.8821,37.0108,36.185,35.4021,34.6599,33.9563,33.2893,32.6571,32.058,31.4904,30.9529,30.444,29.9624,29.5071,29.0769,28.6708,28.2878,27.927,27.5877,27.2691,26.9704,26.6912,26.4307,26.1884,25.9639,25.7567,25.5664,25.3926,25.235,25.0933,24.9672,24.8566,24.7613,24.681,24.6157,24.5652,24.5296,24.5086,24.5025,24.511,24.5343,24.5725,24.6256,24.6937,24.7771,24.8757,24.9899,25.1198,25.2656,25.4276,25.6061,25.8012,26.0134,26.2428,26.4898,26.7548,27.0379,27.3396,27.6601,27.9997,28.3586,28.737,29.1352,29.5532,29.991,30.4486,30.9258,31.4222,31.9374,32.4706,33.0211,33.5875,34.1685,34.7623,35.3668,35.9794,36.5974,37.2174,37.8356,38.448,39.05,39.6367,40.2032,40.744,41.2539,41.7277,42.1602,42.5469,42.8836,43.1669,43.3941,43.5637,43.6747,43.7274,43.7231,43.6638,43.5524,43.3926,43.1885,42.9445,42.6655,42.3561,42.021,41.6648,41.2917,40.9055,40.5098,40.1076,39.7015,39.2937,38.886,38.4799,38.0765,37.6766,37.2807,36.8894,36.5027,36.1209,35.7439,35.3718,35.0044,34.6417,34.2836,33.9301,33.5812,33.2369,32.8972,32.5624,32.2324,31.9075,31.5877,31.2734,30.9646,30.6616,30.3645,30.0734,29.7884,29.5095,29.2368,28.9701,28.7095,28.4546,28.2053,27.9613,27.7225,27.4883,27.2586,27.0331,26.8115,26.5934,26.3789,26.1677,25.9598,25.7553,25.5543,25.3569,25.1634,24.9742,24.7896,24.6101,24.436,24.2678,24.106,23.9508,23.8028,23.6623,23.5296,23.4049,23.2885,23.1807,23.0814,22.991,22.9094,22.8366,22.7728,22.7179,22.6718,22.6345,22.606,22.5861,22.5748,22.5719,22.5775,22.5913,22.6132,22.6432,22.6812,22.727,22.7806,22.8418,22.9107,22.9871,23.071,23.1624,23.2613,23.3676,23.4814,23.6028,23.7318,23.8686,24.0133,24.1661,24.3273,24.497,24.6758,24.8638,25.0617,25.2698,25.4888,25.7192,25.9619,26.2175,26.487,26.7714,27.0717,27.3891,27.7249,28.0805,28.4575,28.8576,29.2828,29.7352,30.2171,30.7312,31.2806,31.8685,32.4992,33.1771,33.9077,34.6974,35.554,36.4869,37.5074,38.6293,39.8695,41.2481,42.7892,44.52,46.4698,48.666,51.1262,53.8438,56.7652,59.7612,62.6019,64.9612,66.4816,66.8947,66.137,64.3795,61.9446,59.1784,56.3563,53.652,51.1506,48.8773,46.8237,44.966,
 ,30,102.477,104.664,106.52,107.989,109.02,109.576,109.634,109.19,108.261,106.878,105.092,102.961,100.548,97.9186,95.1324,92.2447,89.3035,86.3492,83.4147,80.5263,77.7042,74.9634,72.3148,69.7655,67.3199,64.9799,62.746,60.6169,58.5906,56.6642,54.8343,53.0973,51.4492,49.8859,48.4036,46.9981,45.6656,44.4023,43.2045,42.0689,40.9921,39.9709,39.0025,38.084,37.2127,36.3863,35.6024,34.8588,34.1536,33.4848,32.8505,32.2493,31.6796,31.1398,30.6287,30.145,29.6876,29.2554,28.8473,28.4625,28.1,27.7592,27.4391,27.1393,26.859,26.5977,26.3548,26.1299,25.9225,25.7322,25.5587,25.4017,25.2608,25.1359,25.0268,24.9332,24.855,24.7921,24.7444,24.712,24.6946,24.6925,24.7055,24.7338,24.7775,24.8366,24.9114,25.002,25.1086,25.2313,25.3706,25.5266,25.6996,25.89,26.098,26.3241,26.5686,26.8319,27.1144,27.4165,27.7386,28.081,28.4443,28.8286,29.2345,29.662,30.1116,30.5833,31.0771,31.5931,32.1311,32.6905,33.271,33.8715,34.4911,35.1282,35.7811,36.4476,37.1249,37.81,38.4992,39.1883,39.8725,40.5468,41.2055,41.8425,42.4517,43.0265,43.5608,44.0484,44.4835,44.8612,45.1773,45.4285,45.6126,45.7289,45.7777,45.7605,45.68,45.5398,45.3446,45.0995,44.8099,44.4817,44.1207,43.7326,43.3226,42.8959,42.4569,42.0096,41.5574,41.1032,40.6494,40.1979,39.7501,39.3072,38.8697,38.4383,38.0132,37.5944,37.1818,36.7754,36.375,35.9803,35.5912,35.2075,34.8291,34.4559,34.0879,33.7251,33.3677,33.0156,32.6692,32.3285,31.9938,31.6653,31.3432,31.0276,30.7187,30.4166,30.1213,29.8328,29.551,29.2758,29.007,28.7442,28.4871,28.2354,27.9886,27.7464,27.5083,27.274,27.0431,26.8154,26.5908,26.3691,26.1504,25.9348,25.7225,25.5139,25.3093,25.1092,24.9141,24.7245,24.5409,24.3638,24.1938,24.0311,23.8764,23.7299,23.5919,23.4627,23.3426,23.2316,23.1299,23.0375,22.9545,22.881,22.8168,22.7619,22.7163,22.6799,22.6525,22.6342,22.6247,22.624,22.6319,22.6483,22.6732,22.7064,22.7479,22.7975,22.8552,22.9209,22.9946,23.0762,23.1657,23.2632,23.3686,23.4821,23.6037,23.7336,23.8719,24.0187,24.1744,24.3392,24.5135,24.6975,24.8919,25.097,25.3134,25.5417,25.7827,26.0372,26.3059,26.59,26.8904,27.2083,27.5449,27.9018,28.2804,28.6825,29.1098,29.5645,30.0488,30.5653,31.1168,31.7065,32.3382,33.0159,33.7447,34.5303,35.3795,36.3006,37.3036,38.4006,39.6066,40.9398,42.4227,44.0821,45.9495,48.0598,50.4478,53.14,56.1387,59.3957,62.7758,66.022,68.7517,70.5315,71.0304,70.1695,68.1616,65.4019,62.3025,59.1787,56.2188,53.5067,51.0597,48.8603,46.8768,
 ,29,100.099,102.105,103.801,105.14,106.078,106.585,106.642,106.245,105.409,104.16,102.541,100.601,98.3953,95.9787,93.4052,90.7243,87.9798,85.2092,82.4439,79.7094,77.0259,74.409,71.8701,69.4174,67.0563,64.7899,62.6197,60.5454,58.5662,56.6799,54.8842,53.176,51.552,50.0089,48.5433,47.1514,45.83,44.5756,43.3849,42.2546,41.1818,40.1635,39.1969,38.2794,37.4085,36.5818,35.7972,35.0526,34.346,33.6755,33.0396,32.4365,31.8647,31.323,30.8098,30.3241,29.8647,29.4306,29.0208,28.6342,28.2702,27.928,27.6067,27.3057,27.0245,26.7624,26.519,26.2938,26.0863,25.8962,25.7231,25.5667,25.4268,25.3031,25.1954,25.1037,25.0277,24.9673,24.9226,24.8934,24.8798,24.8818,24.8995,24.933,24.9823,25.0477,25.1293,25.2274,25.3421,25.4738,25.6228,25.7893,25.9738,26.1765,26.398,26.6387,26.8989,27.1792,27.4801,27.802,28.1456,28.5112,28.8994,29.3106,29.7455,30.2044,30.6876,31.1955,31.7284,32.2862,32.869,33.4766,34.1085,34.7639,35.4419,36.1411,36.8596,37.5952,38.345,39.1057,39.8732,40.6429,41.4094,42.1668,42.9086,43.6275,44.3162,44.967,45.5722,46.1243,46.6163,47.0421,47.3963,47.675,47.8756,47.997,48.0397,48.0057,47.8985,47.7227,47.4841,47.189,46.8444,46.4574,46.0351,45.5843,45.1114,44.6224,44.1223,43.6158,43.1068,42.5983,42.093,41.5927,41.0989,40.6125,40.1342,39.6642,39.2026,38.7491,38.3036,37.8658,37.4352,37.0114,36.5942,36.1832,35.7783,35.3792,34.986,34.5985,34.2169,33.8413,33.4719,33.1089,32.7525,32.403,32.0605,31.7254,31.3977,31.0776,30.7651,30.4602,30.1628,29.8727,29.5895,29.313,29.0426,28.778,28.5185,28.2636,28.0128,27.7656,27.5216,27.2804,27.0418,26.8056,26.5719,26.3408,26.1127,25.8878,25.6666,25.4498,25.2378,25.0314,24.8311,24.6376,24.4514,24.2731,24.1031,23.9419,23.7897,23.647,23.5139,23.3905,23.277,23.1735,23.0799,22.9963,22.9226,22.8588,22.8048,22.7604,22.7256,22.7002,22.6841,22.6772,22.6793,22.6905,22.7104,22.7391,22.7764,22.8223,22.8766,22.9394,23.0106,23.0902,23.1781,23.2745,23.3794,23.4929,23.615,23.746,23.8861,24.0354,24.1942,24.3629,24.5419,24.7316,24.9324,25.145,25.3699,25.6079,25.8597,26.1262,26.4083,26.7072,27.0238,27.3596,27.7159,28.0942,28.4963,28.9238,29.3788,29.8636,30.3805,30.9324,31.5221,32.1532,32.8294,33.5552,34.3358,35.1771,36.0863,37.0718,38.1439,39.3153,40.6014,42.0212,43.5979,45.3599,47.3404,49.5772,52.1086,54.9657,58.1558,61.6336,65.2613,68.7671,71.7363,73.6913,74.2632,73.3633,71.2291,68.2977,65.0185,61.728,58.6217,55.782,53.2218,50.9188,48.8375,
 ,28,97.8131,99.6528,101.204,102.424,103.28,103.743,103.799,103.446,102.695,101.569,100.103,98.3389,96.3236,94.1053,91.731,89.2447,86.6865,84.0909,81.4876,78.9014,76.352,73.8553,71.4234,69.0652,66.7871,64.5932,62.4858,60.466,58.5335,56.6873,54.9256,53.2462,51.6466,50.1239,48.6751,47.2973,45.9872,44.742,43.5585,42.4339,41.3653,40.3501,39.3856,38.4694,37.599,36.7724,35.9873,35.2418,34.534,33.8622,33.2246,32.6197,32.0462,31.5025,30.9875,30.5,30.0388,29.6029,29.1913,28.8032,28.4377,28.0941,27.7716,27.4697,27.1876,26.9249,26.681,26.4555,26.248,26.0581,25.8855,25.7298,25.5909,25.4686,25.3625,25.2727,25.1989,25.1412,25.0995,25.0737,25.064,25.0703,25.0928,25.1316,25.1868,25.2586,25.3473,25.4531,25.5762,25.7171,25.8761,26.0535,26.2499,26.4655,26.7009,26.9567,27.2333,27.5314,27.8515,28.1942,28.5602,28.9502,29.3647,29.8044,30.27,30.7621,31.2812,31.8279,32.4025,33.0054,33.6367,34.2964,34.9843,35.6997,36.4419,37.2096,38.0009,38.8136,39.6447,40.4907,41.3471,42.2088,43.0696,43.9229,44.7608,45.5752,46.3569,47.0969,47.7856,48.4139,48.9732,49.4556,49.8547,50.1653,50.3844,50.5105,50.5443,50.4886,50.3477,50.1276,49.8356,49.4796,49.0684,48.6107,48.1153,47.5903,47.0435,46.4818,45.9111,45.3368,44.763,44.1933,43.6302,43.0757,42.5311,41.9972,41.4743,40.9625,40.4616,39.971,39.4904,39.0189,38.5562,38.1015,37.6544,37.2144,36.7812,36.3546,35.9344,35.5205,35.1132,34.7124,34.3184,33.9315,33.5519,33.1799,32.8159,32.46,32.1125,31.7735,31.443,31.121,30.8075,30.502,30.2043,29.9139,29.6302,29.3526,29.0804,28.8129,28.5494,28.2893,28.0319,27.7768,27.5237,27.2723,27.0228,26.7752,26.53,26.2875,26.0484,25.8133,25.583,25.3582,25.1398,24.9284,24.7247,24.5294,24.343,24.166,23.9987,23.8415,23.6946,23.5582,23.4323,23.3172,23.2126,23.1186,23.0352,22.9623,22.8996,22.8472,22.8048,22.7724,22.7498,22.7368,22.7333,22.7392,22.7543,22.7786,22.812,22.8543,22.9056,22.9657,23.0346,23.1124,23.1991,23.2946,23.3992,23.5129,23.6358,23.7682,23.9103,24.0623,24.2245,24.3974,24.5814,24.7768,24.9844,25.2047,25.4383,25.6861,25.9489,26.2277,26.5234,26.8373,27.1705,27.5245,27.9008,28.3009,28.7267,29.1803,29.6636,30.1791,30.7294,31.3174,31.9463,32.6197,33.3416,34.1166,34.9501,35.848,36.8178,37.8679,39.0086,40.2526,41.6151,43.1147,44.7745,46.6221,48.6901,51.0151,53.6343,56.5771,59.849,63.4032,67.1005,70.6688,73.6951,75.7044,76.3298,75.4821,73.395,70.5005,67.2436,63.9588,60.8409,57.9731,55.3698,53.0107,50.8624,
 ,27,95.6748,97.3662,98.7879,99.9049,100.687,101.113,101.17,100.856,100.182,99.1652,97.8363,96.2305,94.3876,92.3492,90.1567,87.8493,85.4631,83.03,80.578,78.1307,75.7077,73.3247,70.9944,68.7262,66.5274,64.4029,62.356,60.3886,58.5013,56.6939,54.9652,53.3139,51.738,50.2352,48.803,47.4388,46.14,44.9038,43.7275,42.6085,41.5443,40.5322,39.5699,38.655,37.7853,36.9588,36.1733,35.427,34.7182,34.045,33.406,32.7995,32.2242,31.6788,31.162,30.6727,30.2097,29.7721,29.359,28.9694,28.6025,28.2577,27.9341,27.6312,27.3484,27.085,26.8408,26.6151,26.4077,26.218,26.0459,25.8911,25.7532,25.6322,25.5279,25.44,25.3687,25.3137,25.275,25.2528,25.247,25.2578,25.2852,25.3294,25.3906,25.469,25.565,25.6787,25.8106,25.961,26.1303,26.319,26.5276,26.7565,27.0064,27.2779,27.5715,27.8881,28.2282,28.5927,28.9823,29.3977,29.8399,30.3097,30.8078,31.3351,31.8923,32.4803,33.0996,33.7508,34.4344,35.1506,35.8994,36.6804,37.4931,38.3363,39.2084,40.1071,41.0294,41.9717,42.929,43.8957,44.865,45.829,46.7789,47.7048,48.5959,49.4411,50.2289,50.9477,51.5869,52.1367,52.5888,52.9369,53.1768,53.307,53.3284,53.2445,53.0611,52.7857,52.4276,51.997,51.5048,50.9619,50.379,49.7661,49.1322,48.4857,47.8334,47.1812,46.5338,45.8949,45.2672,44.6525,44.0519,43.466,42.8948,42.3379,41.7947,41.2645,40.7463,40.2392,39.7423,39.2548,38.776,38.3052,37.8419,37.3859,36.9369,36.4948,36.0599,35.6321,35.2117,34.7992,34.3948,33.9988,33.6117,33.2338,32.8652,32.5063,32.157,31.8173,31.4871,31.166,30.8536,30.5493,30.2524,29.962,29.6774,29.3975,29.1214,28.8483,28.5774,28.3082,28.04,27.7728,27.5065,27.2412,26.9775,26.7159,26.4571,26.202,25.9516,25.7067,25.4683,25.2374,25.0146,24.8008,24.5966,24.4025,24.219,24.0463,23.8848,23.7346,23.5958,23.4684,23.3524,23.2477,23.1543,23.0719,23.0006,22.94,22.89,22.8506,22.8214,22.8024,22.7933,22.7941,22.8046,22.8247,22.8542,22.8932,22.9415,22.9992,23.0661,23.1423,23.2279,23.3229,23.4273,23.5415,23.6654,23.7994,23.9437,24.0987,24.2645,24.4418,24.6309,24.8324,25.0468,25.275,25.5175,25.7754,26.0493,26.3405,26.6501,26.9792,27.3292,27.7017,28.0982,28.5205,28.9706,29.4506,29.9628,30.5098,31.0943,31.7194,32.3885,33.1053,33.8742,34.6997,35.5874,36.5434,37.5749,38.6904,39.8999,41.2155,42.6516,44.2258,45.9593,47.8774,50.0092,52.3868,55.0411,57.9942,61.2434,64.7356,68.3318,71.7741,74.6835,76.6329,77.2956,76.5904,74.7199,72.0658,69.0286,65.9171,62.9182,60.1182,57.5387,55.1679,52.9801,
 ,26,93.7294,95.2917,96.6018,97.6298,98.3505,98.7455,98.8045,98.5262,97.9186,96.9985,95.7899,94.3232,92.6325,90.7537,88.7233,86.5761,84.3447,82.0586,79.7442,77.4238,75.1165,72.8382,70.6016,68.4169,66.2917,64.2319,62.2415,60.3231,58.4781,56.7071,55.0095,53.3847,51.8312,50.3471,48.9306,47.5794,46.2911,45.0635,43.8941,42.7805,41.7203,40.7111,39.7509,38.8373,37.9682,37.1417,36.3559,35.6089,34.899,34.2246,33.5841,32.976,32.3991,31.852,31.3335,30.8424,30.3778,29.9386,29.5239,29.1329,28.7647,28.4186,28.094,27.7902,27.5067,27.2428,26.9982,26.7725,26.5651,26.3758,26.2043,26.0503,25.9136,25.794,25.6914,25.6057,25.5367,25.4845,25.4491,25.4305,25.4287,25.444,25.4765,25.5262,25.5936,25.6789,25.7822,25.9042,26.045,26.2051,26.3851,26.5853,26.8065,27.0492,27.3141,27.6018,27.9131,28.2489,28.6099,28.997,29.4112,29.8534,30.3246,30.826,31.3583,31.9229,32.5206,33.1525,33.8196,34.5226,35.2625,36.0397,36.8545,37.7071,38.597,39.5235,40.4851,41.4797,42.5044,43.5553,44.6273,45.7142,46.8084,47.9009,48.9814,50.0382,51.0585,52.0286,52.9344,53.7615,54.4966,55.1271,55.6425,56.0347,56.2985,56.4318,56.436,56.3156,56.0781,55.7334,55.2934,54.7711,54.1801,53.5341,52.8462,52.1286,51.3921,50.6464,49.8995,49.1579,48.4268,47.7099,47.01,46.3286,45.6666,45.024,44.4005,43.7951,43.2068,42.6343,42.0763,41.5314,40.9984,40.4761,39.9636,39.46,38.9648,38.4774,37.9976,37.5254,37.0608,36.604,36.1553,35.7152,35.2841,34.8624,34.4506,34.0491,33.6583,33.2783,32.9093,32.5513,32.204,31.8671,31.5399,31.2219,30.9121,30.6094,30.3127,30.0208,29.7326,29.4468,29.1625,28.8788,28.5951,28.3112,28.027,27.7427,27.4589,27.1763,26.8958,26.6187,26.346,26.0788,25.8185,25.5659,25.3222,25.0882,24.8646,24.652,24.451,24.2617,24.0846,23.9198,23.7673,23.6271,23.4991,23.3833,23.2795,23.1876,23.1073,23.0384,22.9808,22.9343,22.8986,22.8735,22.859,22.8547,22.8607,22.8767,22.9026,22.9384,22.984,23.0394,23.1045,23.1793,23.264,23.3586,23.4632,23.578,23.7032,23.839,23.9857,24.1437,24.3134,24.4952,24.6896,24.8972,25.1188,25.3549,25.6065,25.8745,26.1598,26.4636,26.7871,27.1317,27.4987,27.8899,28.307,28.7519,29.2267,29.7337,30.2754,30.8545,31.474,32.1372,32.8477,33.6094,34.4266,35.3044,36.2482,37.264,38.3592,39.5417,40.8212,42.2088,43.7177,45.3637,47.165,49.143,51.3216,53.7252,56.3754,59.2829,62.4332,65.7652,69.1435,72.3359,75.0194,76.8419,77.538,77.0389,75.5013,73.2291,70.5526,67.738,64.9568,62.2977,59.7927,57.4425,55.2336,
 ,25,92.0145,93.4677,94.6842,95.6382,96.3084,96.679,96.7414,96.4946,95.9454,95.1079,94.0027,92.6556,91.096,89.3552,87.4654,85.4578,83.3621,81.2054,79.0123,76.8043,74.6001,72.4152,70.2625,68.1525,66.0937,64.0922,62.1528,60.2787,58.4721,56.7341,55.0648,53.464,51.9308,50.4638,49.0615,47.7221,46.4435,45.2236,44.0603,42.9515,41.8949,40.8884,39.9299,39.0173,38.1487,37.3221,36.5358,35.788,35.077,34.4013,33.7593,33.1497,32.5711,32.0223,31.5021,31.0094,30.5431,30.1023,29.6862,29.2937,28.9243,28.5771,28.2515,27.9468,27.6626,27.3983,27.1534,26.9276,26.7203,26.5314,26.3606,26.2075,26.072,25.9539,25.853,25.7694,25.7029,25.6536,25.6214,25.6065,25.6089,25.6288,25.6664,25.7219,25.7956,25.8878,25.9988,26.129,26.279,26.4492,26.64,26.8522,27.0864,27.3433,27.6236,27.9281,28.2577,28.6134,28.996,29.4067,29.8466,30.3167,30.8183,31.3528,31.9212,32.5251,33.1656,33.8442,34.5621,35.3206,36.1208,36.9638,37.8503,38.7807,39.7551,40.7733,41.834,42.9354,44.0749,45.2485,46.4509,47.6754,48.9136,50.1554,51.3888,52.6,53.7735,54.8927,55.94,56.8977,57.7485,58.4765,59.0681,59.513,59.8042,59.9392,59.9199,59.7522,59.4459,59.0141,58.472,57.8363,57.1243,56.3532,55.5389,54.6964,53.8388,52.977,52.1205,51.2763,50.4499,49.6453,48.8649,48.1099,47.3806,46.6765,45.9965,45.3392,44.7029,44.0856,43.4855,42.9007,42.3296,41.7706,41.2225,40.6841,40.1548,39.634,39.1212,38.6166,38.1201,37.632,37.1529,36.683,36.2231,35.7737,35.3355,34.9088,34.4942,34.092,33.7024,33.3253,32.9606,32.6077,32.266,31.9347,31.6125,31.2981,30.9902,30.6871,30.3874,30.0894,29.7919,29.4937,29.1941,28.8927,28.5893,28.2843,27.9784,27.6726,27.3681,27.0664,26.7688,26.4768,26.192,25.9155,25.6486,25.3924,25.1475,24.9149,24.6948,24.4878,24.294,24.1136,23.9466,23.793,23.6525,23.5252,23.4107,23.3089,23.2194,23.1422,23.0768,23.0231,22.9809,22.9499,22.9299,22.9208,22.9223,22.9343,22.9568,22.9895,23.0325,23.0858,23.1492,23.2229,23.3068,23.4012,23.5061,23.6217,23.7483,23.8861,24.0354,24.1966,24.3702,24.5567,24.7566,24.9705,25.1993,25.4436,25.7043,25.9826,26.2794,26.5959,26.9335,27.2937,27.6779,28.0881,28.526,28.9938,29.4937,30.0282,30.6,31.2121,31.8675,32.5699,33.323,34.1311,34.9985,35.9305,36.9326,38.0108,39.1723,40.4247,41.7769,43.239,44.8227,46.5411,48.4093,50.4436,52.6614,55.0784,57.7054,60.5406,63.5575,66.6891,69.8077,72.7138,75.1473,76.8359,77.5772,77.3147,76.1567,74.3256,72.0736,69.6164,67.1041,64.6246,62.22,59.9048,57.6796,
 ,24,90.5614,91.9257,93.0668,93.9619,94.5925,94.945,95.0122,94.7932,94.2935,93.5255,92.5068,91.2597,89.8098,88.1848,86.4133,84.5234,82.5424,80.4955,78.4058,76.294,74.178,72.0733,69.9929,67.9475,65.9459,63.9949,62.0998,60.2642,58.491,56.7816,55.1369,53.5569,52.0414,50.5892,49.1992,47.8699,46.5995,45.3862,44.2281,43.1233,42.0696,41.0652,40.1079,39.196,38.3275,37.5007,36.7137,35.9649,35.2527,34.5756,33.9321,33.3209,32.7406,32.1901,31.6682,31.1738,30.7059,30.2635,29.8459,29.452,29.0813,28.733,28.4064,28.101,27.8161,27.5513,27.3062,27.0803,26.8733,26.6848,26.5146,26.3624,26.2281,26.1116,26.0126,25.9311,25.8672,25.8208,25.792,25.7808,25.7874,25.8121,25.8549,25.9162,25.9963,26.0955,26.2143,26.3531,26.5124,26.6928,26.8949,27.1193,27.3668,27.6383,27.9344,28.2563,28.6048,28.981,29.3861,29.8212,30.2878,30.787,31.3204,31.8895,32.4958,33.141,33.8267,34.5547,35.3267,36.1444,37.0093,37.923,38.8868,39.9017,40.9685,42.0873,43.2575,44.4779,45.7459,47.0579,48.4085,49.7908,51.1954,52.611,54.0239,55.4177,56.7738,58.072,59.2903,60.4063,61.3979,62.2448,62.9292,63.4374,63.7605,63.8952,63.844,63.6148,63.2207,62.6787,62.0087,61.2323,60.3716,59.4479,58.4813,57.4897,56.4886,55.4911,54.5074,53.5456,52.6112,51.708,50.8381,50.002,49.1993,48.4287,47.6883,46.9758,46.2886,45.6241,44.9797,44.353,43.7418,43.1442,42.5584,41.9833,41.4177,40.8611,40.313,39.7735,39.2426,38.7208,38.2085,37.7065,37.2154,36.7361,36.2692,35.8156,35.3757,34.95,34.5387,34.1419,33.7594,33.3906,33.0348,32.6907,32.3571,32.0323,31.7143,31.4013,31.0911,30.7818,30.4716,30.1591,29.8432,29.5233,29.1993,28.8717,28.5414,28.2097,27.8782,27.5487,27.2231,26.9032,26.5909,26.2877,25.9951,25.7142,25.4461,25.1914,24.9508,24.7245,24.5129,24.3159,24.1336,23.9658,23.8123,23.6729,23.5474,23.4354,23.3366,23.2508,23.1776,23.1168,23.068,23.0311,23.0057,22.9917,22.9889,22.9971,23.0162,23.0461,23.0866,23.1379,23.1998,23.2725,23.3559,23.4502,23.5555,23.6721,23.8002,23.9401,24.0922,24.2568,24.4345,24.6257,24.8312,25.0515,25.2875,25.54,25.81,26.0986,26.407,26.7363,27.0882,27.464,27.8657,28.295,28.754,29.245,29.7704,30.3329,30.9354,31.5812,32.2735,33.0163,33.8135,34.6695,35.5893,36.5779,37.641,38.7849,40.0163,41.3427,42.7721,44.3137,45.9771,47.7731,49.7129,51.808,54.0689,56.5028,59.1099,61.8773,64.7693,67.7159,70.6013,73.2595,75.4881,77.084,77.8961,77.8769,77.0933,75.6957,73.8655,71.7679,69.5288,67.2316,64.9259,62.6391,60.3859,
 ,23,89.3967,90.6928,91.7765,92.6276,93.2295,93.5704,93.6437,93.4487,92.9902,92.2787,91.3298,90.1631,88.8014,87.2694,85.5931,83.7981,81.9097,79.9517,77.9459,75.9121,73.868,71.8287,69.8073,67.8149,65.8602,63.9506,62.0917,60.2878,58.5418,56.8559,55.2313,53.6684,52.1672,50.727,49.3469,48.0256,46.7617,45.5536,44.3995,43.2975,42.2459,41.2428,40.2862,39.3745,38.5057,37.6781,36.8902,36.1401,35.4265,34.7479,34.1027,33.4898,32.9078,32.3555,31.8318,31.3357,30.8661,30.4222,30.003,29.6079,29.2359,28.8865,28.5589,28.2527,27.9672,27.702,27.4566,27.2307,27.0239,26.8358,26.6663,26.5151,26.3821,26.2671,26.17,26.0907,26.0294,25.9859,25.9604,25.9531,25.964,25.9934,26.0416,26.1088,26.1954,26.3018,26.4285,26.576,26.7449,26.9357,27.1492,27.3862,27.6474,27.9337,28.2462,28.5858,28.9538,29.3512,29.7795,30.24,30.7342,31.2637,31.8302,32.4355,33.0814,33.77,34.5033,35.2835,36.1127,36.9932,37.9272,38.9167,39.9639,41.0704,42.2377,43.4668,44.7578,46.1101,47.5219,48.9899,50.509,52.0721,53.6691,55.2875,56.9115,58.5221,60.0969,61.6109,63.0369,64.3464,65.5111,66.5042,67.3026,67.888,68.2486,68.3801,68.2858,67.9764,67.4695,66.7875,65.9567,65.005,63.9606,62.8506,61.6997,60.5296,59.3588,58.2022,57.0714,55.9748,54.9181,53.9046,52.9355,52.0106,51.1283,50.2863,49.4816,48.7106,47.97,47.2561,46.5655,45.895,45.2419,44.6037,43.9783,43.3641,42.7599,42.165,41.579,41.0018,40.4336,39.8751,39.3268,38.7898,38.2648,37.753,37.2552,36.7724,36.3054,35.8547,35.4208,35.0037,34.6031,34.2187,33.8493,33.4936,33.15,32.8163,32.4901,32.1688,31.8499,31.5307,31.2088,30.8823,30.5498,30.2105,29.8642,29.5117,29.154,28.7931,28.4309,28.0699,27.7124,27.3609,27.0175,26.6843,26.3628,26.0546,25.7608,25.482,25.2189,24.9719,24.7411,24.5264,24.3279,24.1452,23.978,23.8262,23.6892,23.5668,23.4585,23.364,23.2829,23.2149,23.1596,23.1167,23.086,23.0673,23.0602,23.0647,23.0805,23.1076,23.1459,23.1953,23.2559,23.3276,23.4106,23.505,23.6109,23.7286,23.8584,24.0005,24.1554,24.3235,24.5053,24.7014,24.9125,25.1393,25.3826,25.6434,25.9227,26.2217,26.5416,26.8839,27.25,27.6417,28.0608,28.5094,28.9897,29.5042,30.0555,30.6464,31.2803,31.9605,32.6908,33.4751,34.3179,35.2239,36.1981,37.2461,38.3737,39.5872,40.8933,42.2991,43.8122,45.4405,47.1921,49.0753,51.098,53.2669,55.5863,58.0558,60.6671,63.3986,66.2085,69.0277,71.7533,74.2491,76.359,77.9308,78.8502,79.0734,78.6344,77.6275,76.1755,74.3999,72.4024,70.2594,68.0257,65.7395,63.4289,
 ,22,88.5444,89.793,90.8376,91.6595,92.2437,92.5793,92.6603,92.4858,92.06,91.3924,90.4968,89.391,88.0957,86.6336,85.0285,83.3048,81.4858,79.5944,77.6514,75.6763,73.6861,71.696,69.7191,67.7664,65.847,63.9685,62.1369,60.3566,58.6311,56.9628,55.3531,53.8028,52.312,50.8805,49.5075,48.1919,46.9324,45.7277,44.576,43.4757,42.4251,41.4223,40.4657,39.5534,38.6838,37.8551,37.0658,36.3143,35.599,34.9186,34.2716,33.6568,33.0728,32.5187,31.9932,31.4953,31.024,30.5785,30.1578,29.7613,29.388,29.0375,28.709,28.4019,28.1158,27.8502,27.6046,27.3786,27.172,26.9845,26.8157,26.6654,26.5337,26.4202,26.325,26.248,26.1893,26.1488,26.1267,26.1232,26.1385,26.1727,26.2263,26.2995,26.3927,26.5064,26.6412,26.7975,26.976,27.1775,27.4027,27.6524,27.9275,28.2292,28.5583,28.9163,29.3042,29.7235,30.1757,30.6623,31.1851,31.746,32.3468,32.9898,33.6771,34.4111,35.1943,36.0294,36.9191,37.8662,38.8736,39.9443,41.0809,42.2863,43.5627,44.9122,46.3359,47.8344,49.4066,51.0503,52.7606,54.5307,56.3502,58.2055,60.0785,61.9471,63.7847,65.5606,67.2406,68.7885,70.1673,71.3422,72.2822,72.9627,73.368,73.4922,73.3398,72.9256,72.2729,71.4122,70.3779,69.2068,67.935,66.5966,65.2223,63.8385,62.4668,61.1241,59.8232,58.5727,57.3779,56.2412,55.1629,54.1412,53.1732,52.2551,51.3823,50.5502,49.7538,48.9886,48.2501,47.5342,46.8375,46.1568,45.4896,44.8341,44.1888,43.5528,42.9258,42.3078,41.6992,41.1006,40.5131,39.9377,39.3757,38.8283,38.2969,37.7826,37.2864,36.8091,36.3512,35.9131,35.4945,35.0948,34.7128,34.3471,33.9954,33.6551,33.3232,32.9964,32.6712,32.3441,32.0121,31.6724,31.3232,30.9633,30.5928,30.2124,29.8239,29.4295,29.0321,28.6348,28.2407,27.8529,27.4742,27.107,26.7532,26.4145,26.0921,25.7869,25.4993,25.2298,24.9784,24.7449,24.5291,24.3308,24.1494,23.9845,23.8358,23.7026,23.5846,23.4813,23.3922,23.3169,23.2551,23.2064,23.1704,23.1469,23.1357,23.1365,23.1492,23.1737,23.2098,23.2575,23.3169,23.3878,23.4706,23.5651,23.6718,23.7907,23.9222,24.0667,24.2245,24.3961,24.5821,24.7832,24.9999,25.2332,25.4838,25.7529,26.0416,26.3509,26.6824,27.0376,27.418,27.8255,28.2622,28.7302,29.232,29.7701,30.3476,30.9674,31.6332,32.3486,33.1177,33.9449,34.8349,35.7928,36.8241,37.9346,39.1305,40.4183,41.8047,43.2969,44.902,46.6269,48.4787,50.4635,52.5862,54.8498,57.2534,59.7908,62.4472,65.1952,67.9901,70.7654,73.4304,75.8719,77.9667,79.5965,80.6685,81.1381,81.0131,80.3452,79.2125,77.7008,75.8903,73.8509,71.6403,69.307,66.8922,
 ,21,88.027,89.2496,90.2737,91.0817,91.6593,91.9962,92.0864,91.929,91.5277,90.8912,90.0324,88.9677,87.7166,86.3006,84.7422,83.0647,81.2908,79.4424,77.54,75.6026,73.6471,71.6886,69.7401,67.8127,65.9159,64.0572,62.2428,60.4774,58.7648,57.1073,55.5067,53.964,52.4794,51.0529,49.6837,48.3711,47.1137,45.9103,44.7594,43.6593,42.6083,41.6049,40.6473,39.7338,38.8626,38.0323,37.2412,36.4877,35.7704,35.088,34.4389,33.822,33.2361,32.6799,32.1525,31.6528,31.1797,30.7325,30.3103,29.9123,29.5378,29.1861,28.8566,28.5487,28.262,27.9959,27.7501,27.5241,27.3177,27.1306,26.9625,26.8133,26.6828,26.5709,26.4776,26.4029,26.3467,26.3093,26.2906,26.291,26.3106,26.3497,26.4087,26.488,26.5879,26.709,26.8518,27.0171,27.2055,27.4178,27.6548,27.9175,28.2069,28.5241,28.8704,29.247,29.6554,30.0971,30.5739,31.0875,31.6398,32.2331,32.8695,33.5516,34.2819,35.0633,35.8987,36.7914,37.7447,38.7622,39.8475,41.0044,42.2368,43.5484,44.9428,46.4232,47.9924,49.6521,51.4029,53.2436,55.1706,57.1775,59.2541,61.3859,63.5529,65.7296,67.8842,69.9793,71.9718,73.8154,75.4619,76.8648,77.9825,78.7819,79.2412,79.3523,79.1216,78.5694,77.7277,76.6373,75.3446,73.8975,72.3431,70.7243,69.0791,67.439,65.8295,64.2695,62.7724,61.3466,59.9966,58.7234,57.5254,56.399,55.3394,54.3409,53.397,52.5014,51.6476,50.8297,50.0419,49.2792,48.5373,47.8123,47.1013,46.402,45.7128,45.0327,44.3614,43.699,43.046,42.4036,41.7729,41.1554,40.5526,39.9663,39.398,38.8493,38.3215,37.8157,37.3327,36.8729,36.4361,36.0218,35.6288,35.255,34.898,34.5544,34.2204,33.8917,33.5637,33.2318,32.8919,32.5404,32.1746,31.7931,31.3959,30.9841,30.56,30.1268,29.6885,29.249,28.8125,28.383,27.9637,27.5577,27.1674,26.7945,26.4405,26.1061,25.7919,25.498,25.2244,24.9708,24.7369,24.522,24.3258,24.1475,23.9866,23.8424,23.7145,23.6022,23.5051,23.4225,23.3542,23.2996,23.2584,23.2304,23.2151,23.2124,23.2221,23.244,23.278,23.3242,23.3824,23.4527,23.5353,23.6302,23.7376,23.8578,23.9912,24.1381,24.2988,24.474,24.6643,24.8703,25.0927,25.3324,25.5904,25.8678,26.1657,26.4854,26.8285,27.1965,27.5912,28.0145,28.4687,28.9562,29.4794,30.0415,30.6453,31.2944,31.9926,32.7439,33.5528,34.424,35.3628,36.3748,37.4658,38.6423,39.9107,41.2782,42.7517,44.3385,46.0455,47.8796,49.8467,51.9515,54.197,56.5831,59.1055,61.7538,64.5088,67.34,70.2017,73.0307,75.7457,78.2495,80.4395,82.2162,83.496,84.2285,84.3992,84.0272,83.1561,81.8438,80.154,78.1508,75.8963,73.4494,70.865,
 ,20,87.8677,89.0865,90.1097,90.9198,91.5025,91.8475,91.9488,91.8052,91.4201,90.8018,89.9626,88.9185,87.6886,86.2936,84.7562,83.0988,81.344,79.5136,77.6279,75.7059,73.7642,71.8183,69.8809,67.9635,66.0753,64.2241,62.416,60.6561,58.9478,57.2939,55.6961,54.1555,52.6724,51.2467,49.8779,48.5651,47.3072,46.103,44.9509,43.8493,42.7968,41.7915,40.8319,39.9162,39.0429,38.2102,37.4167,36.6609,35.9413,35.2564,34.6051,33.9859,33.3977,32.8394,32.3099,31.8082,31.3333,30.8843,30.4605,30.061,29.6851,29.3323,29.0017,28.693,28.4056,28.1391,27.893,27.6671,27.4609,27.2742,27.1068,26.9586,26.8293,26.719,26.6276,26.5551,26.5016,26.4672,26.452,26.4563,26.4803,26.5243,26.5887,26.674,26.7806,26.9092,27.0603,27.2346,27.4329,27.6562,27.9052,28.1811,28.485,28.818,29.1817,29.5774,30.0067,30.4714,30.9734,31.5146,32.0974,32.7241,33.3973,34.1198,34.8947,35.7253,36.6152,37.5681,38.588,39.6795,40.847,42.0954,43.4297,44.8549,46.3763,47.9986,49.7264,51.5633,53.5119,55.5729,57.7444,60.0216,62.3949,64.8494,67.3636,69.9086,72.4468,74.9325,77.3119,79.5249,81.5086,83.2006,84.5443,85.4939,86.0194,86.1094,85.7731,85.0384,83.9497,82.5627,80.9399,79.1447,77.238,75.2742,73.3001,71.3533,69.4629,67.6496,65.9271,64.3027,62.7793,61.3555,60.0274,58.7889,57.6324,56.5499,55.5325,54.572,53.6598,52.7883,51.9505,51.1401,50.3516,49.5807,48.8237,48.078,47.3418,46.6141,45.8946,45.1836,44.4821,43.7912,43.1128,42.4487,41.8009,41.1715,40.5626,39.9762,39.414,38.8775,38.3677,37.8855,37.4307,37.0028,36.6005,36.2216,35.8628,35.5203,35.1891,34.8636,34.5377,34.2055,33.8612,33.4999,33.118,32.7136,32.2867,31.8388,31.3734,30.8947,30.4081,29.919,29.4329,28.9546,28.4886,28.0383,27.6065,27.1952,26.806,26.4395,26.0961,25.7759,25.4786,25.2036,24.9505,24.7184,24.5066,24.3144,24.141,23.9856,23.8476,23.7263,23.621,23.5312,23.4564,23.396,23.3497,23.3171,23.2979,23.2918,23.2985,23.318,23.3502,23.3948,23.452,23.5218,23.6043,23.6996,23.8079,23.9295,24.0648,24.2141,24.3779,24.5567,24.7512,24.9621,25.1902,25.4364,25.7017,25.9873,26.2943,26.6244,26.9789,27.3596,27.7684,28.2075,28.6792,29.1861,29.7309,30.3168,30.9471,31.6258,32.3568,33.1446,33.9941,34.9106,35.8998,36.9679,38.1214,39.3674,40.7131,42.1661,43.7341,45.4249,47.2457,49.2035,51.3039,53.551,55.9467,58.4892,61.1719,63.9823,66.8988,69.8893,72.9085,75.8962,78.7772,81.4637,83.8632,85.8829,87.4384,88.4681,88.9359,88.8331,88.1758,87.0001,85.3578,83.3109,80.9284,78.282,75.4431,
 ,19,88.0909,89.3301,90.3735,91.2028,91.8034,92.1643,92.2789,92.1457,91.7681,91.1542,90.3165,89.2713,88.0378,86.6376,85.0932,83.4279,81.6645,79.8252,77.9306,75.9998,74.0499,72.096,70.1514,68.2271,66.3326,64.4756,62.6623,60.8974,59.1846,57.5264,55.9246,54.3801,52.8934,51.4641,50.0919,48.7757,47.5146,46.307,45.1517,44.0469,42.9912,41.9828,41.0201,40.1013,39.2249,38.3893,37.5929,36.8342,36.1118,35.4242,34.7702,34.1485,33.5579,32.9972,32.4655,31.9616,31.4848,31.034,30.6084,30.2074,29.8301,29.476,29.1444,28.8349,28.5468,28.2798,28.0334,27.8074,27.6014,27.4152,27.2485,27.1012,26.9732,26.8644,26.7749,26.7047,26.6538,26.6223,26.6106,26.6187,26.6471,26.696,26.7659,26.8573,26.9707,27.1068,27.2661,27.4495,27.6579,27.8922,28.1534,28.4426,28.7612,29.1104,29.4917,29.9069,30.3575,30.8457,31.3734,31.943,32.5569,33.2179,33.929,34.6933,35.5143,36.3959,37.3423,38.3578,39.4474,40.6163,41.8702,43.215,44.6573,46.2036,47.8608,49.636,51.5357,53.5663,55.7329,58.0389,60.4855,63.0698,65.7843,68.6148,71.5389,74.5243,77.5276,80.4931,83.3535,86.0316,88.4438,90.5058,92.1398,93.2821,93.8901,93.948,93.4684,92.491,91.0776,89.3054,87.2591,85.0231,82.6764,80.288,77.9148,75.6014,73.3802,71.273,69.2927,67.4447,65.7288,64.1406,62.6726,61.3152,60.0576,58.8886,57.7966,56.7706,55.7999,54.875,53.987,53.1283,52.2924,51.4739,50.6687,49.8738,49.0872,48.3079,47.5357,46.7713,46.016,45.2715,44.54,43.824,43.126,42.4487,41.7948,41.1667,40.5668,39.997,39.4588,38.9532,38.4806,38.0404,37.6314,37.2509,36.8953,36.5596,36.2377,35.9224,35.6056,35.2793,34.9356,34.5677,34.1707,33.742,33.2816,32.7918,32.2773,31.7444,31.2002,30.6521,30.1072,29.5719,29.0515,28.5503,28.0714,27.617,27.1886,26.7867,26.4116,26.063,25.7402,25.4426,25.1692,24.9191,24.6912,24.4847,24.2985,24.1317,23.9835,23.853,23.7396,23.6426,23.5613,23.4952,23.4439,23.4068,23.3838,23.3743,23.3783,23.3955,23.4258,23.4691,23.5254,23.5948,23.6772,23.773,23.8823,24.0053,24.1426,24.2943,24.4611,24.6436,24.8423,25.0581,25.2918,25.5444,25.8169,26.1106,26.4267,26.7669,27.1327,27.526,27.9489,28.4036,28.8926,29.4187,29.9849,30.5946,31.2516,31.9598,32.7239,33.5487,34.4395,35.4023,36.4435,37.5697,38.7885,40.1077,41.5354,43.0802,44.7508,46.5558,48.5034,50.6012,52.8554,55.2703,57.8476,60.5851,63.4757,66.5057,69.6532,72.8859,76.1596,79.4162,82.584,85.5785,88.3088,90.6795,92.5963,93.9795,94.7691,94.9293,94.4513,93.3537,91.6805,89.4967,86.8831,83.9297,80.7288,
 ,18,88.7247,90.0109,91.0978,91.9657,92.5985,92.9838,93.1144,92.9883,92.6087,91.9843,91.1282,90.058,88.7942,87.3595,85.7779,84.0741,82.272,80.3945,78.4633,76.4978,74.5154,72.5317,70.5598,68.6109,66.6943,64.8174,62.9863,61.2057,59.4787,57.808,56.195,54.6404,53.1446,51.7071,50.3273,49.0044,47.7369,46.5235,45.3627,44.2529,43.1924,42.1795,41.2124,40.2896,39.4093,38.57,37.7701,37.008,36.2823,35.5916,34.9346,34.31,33.7167,33.1535,32.6194,32.1133,31.6343,31.1815,30.7542,30.3515,29.9728,29.6174,29.2847,28.9742,28.6854,28.4179,28.1712,27.9451,27.7392,27.5534,27.3873,27.241,27.1142,27.007,26.9194,26.8513,26.803,26.7746,26.7662,26.7782,26.811,26.8648,26.9402,27.0377,27.1578,27.3013,27.469,27.6616,27.8801,28.1255,28.3989,28.7016,29.035,29.4005,29.7998,30.2347,30.7071,31.2191,31.7731,32.3716,33.0175,33.7137,34.4636,35.2708,36.1393,37.0736,38.0783,39.1588,40.3208,41.5704,42.9146,44.3607,45.9167,47.591,49.3929,51.3315,53.4165,55.6573,58.0626,60.6397,63.3935,66.3252,69.4305,72.6974,76.104,79.6158,83.1831,86.7393,90.2006,93.4673,96.4283,98.9688,100.98,102.373,103.085,103.096,102.421,101.118,99.2759,97.0008,94.4089,91.6134,88.7169,85.8059,82.9496,80.1992,77.5902,75.1439,72.871,70.7732,68.8459,67.08,65.4633,63.9818,62.6204,61.364,60.1977,59.1072,58.0793,57.102,56.1645,55.2576,54.3736,53.5062,52.6506,51.8033,50.9624,50.1268,49.2968,48.4733,47.6581,46.8537,46.0628,45.2885,44.5343,43.8034,43.0991,42.4247,41.7831,41.1768,40.608,40.078,39.5878,39.137,38.7242,38.3469,38.0006,37.6794,37.3756,37.0799,36.7818,36.4701,36.1341,35.7644,35.3541,34.8996,34.4007,33.8612,33.2877,32.689,32.0752,31.4562,30.8413,30.2387,29.6549,29.095,28.5625,28.0596,27.5876,27.147,26.7373,26.3581,26.0082,25.6867,25.3921,25.1232,24.8788,24.6575,24.4583,24.2799,24.1214,23.9819,23.8603,23.7561,23.6684,23.5967,23.5405,23.4991,23.4723,23.4597,23.461,23.476,23.5046,23.5466,23.6022,23.6711,23.7537,23.85,23.9603,24.0849,24.224,24.3783,24.5481,24.7342,24.9371,25.1578,25.397,25.6559,25.9354,26.2371,26.5621,26.9122,27.2892,27.6949,28.1315,28.6015,29.1076,29.6527,30.2401,30.8735,31.5569,32.2948,33.092,33.9541,34.8868,35.8967,36.991,38.1773,39.464,40.8599,42.3744,44.0174,45.7989,47.729,49.8173,52.0729,54.5033,57.114,59.9076,62.8828,66.0331,69.3454,72.7988,76.3621,79.9928,83.6346,87.2167,90.6536,93.8494,96.6975,99.0848,100.906,102.07,102.509,102.191,101.116,99.3262,96.8953,93.9241,90.5288,86.8308,
 ,17,89.8014,91.1648,92.322,93.2508,93.9323,94.3524,94.5023,94.3795,93.9874,93.3356,92.4388,91.3166,89.9919,88.49,86.8375,85.061,83.1867,81.239,79.2406,77.2121,75.1714,73.1343,71.1138,69.1212,67.1655,65.2538,63.3919,61.584,59.8329,58.1409,56.5091,54.9379,53.4274,51.9768,50.5855,49.252,47.9751,46.7533,45.5848,44.4679,43.4009,42.382,41.4095,40.4815,39.5964,38.7526,37.9484,37.1823,36.4529,35.7587,35.0984,34.4707,33.8744,33.3084,32.7717,32.2631,31.7819,31.327,30.8978,30.4934,30.1131,29.7563,29.4225,29.111,28.8214,28.5533,28.3063,28.08,27.8743,27.6888,27.5234,27.3779,27.2523,27.1466,27.0608,26.9949,26.9491,26.9236,26.9187,26.9345,26.9716,27.0303,27.1111,27.2147,27.3416,27.4926,27.6685,27.8703,28.0989,28.3555,28.6413,28.9576,29.3059,29.6879,30.1054,30.5602,31.0546,31.5909,32.1716,32.7997,33.478,34.2102,34.9998,35.8511,36.7684,37.7567,38.8217,39.9692,41.206,42.5394,43.9775,45.5292,47.2042,49.0133,50.9678,53.0801,55.3632,57.8305,60.4951,63.3694,66.464,69.7856,73.3354,77.1061,81.0785,85.2174,89.4681,93.7522,97.966,101.981,105.65,108.814,111.322,113.044,113.892,113.832,112.891,111.15,108.737,105.802,102.506,98.9991,95.4156,91.8631,88.4241,85.1559,82.0952,79.2609,76.6589,74.2849,72.1281,70.1728,68.4006,66.7918,65.3261,63.9837,62.7454,61.5932,60.5109,59.4836,58.4984,57.5443,56.6121,55.6944,54.7859,53.8829,52.9831,52.0858,51.1917,50.3023,49.4201,48.5482,47.6903,46.8504,46.0326,45.2412,44.4803,43.7539,43.0658,42.4192,41.817,41.2614,40.7537,40.294,39.8813,39.5128,39.1837,38.8869,38.6127,38.3493,38.0828,37.798,37.48,37.1155,36.6947,36.2124,35.6687,35.0691,34.4233,33.7439,33.0449,32.3398,31.6409,30.9585,30.3007,29.6731,29.0796,28.5223,28.0021,27.5189,27.072,26.66,26.2814,25.9347,25.6181,25.3298,25.0684,24.8321,24.6197,24.4297,24.2609,24.1122,23.9826,23.8713,23.7774,23.7002,23.6391,23.5936,23.5632,23.5475,23.5463,23.5592,23.5862,23.6271,23.6819,23.7506,23.8334,23.9303,24.0416,24.1677,24.3088,24.4656,24.6384,24.828,25.0351,25.2605,25.5052,25.7701,26.0567,26.3661,26.6998,27.0597,27.4474,27.8652,28.3153,28.8003,29.3231,29.8869,30.4952,31.152,31.8615,32.6288,33.4591,34.3584,35.3332,36.3909,37.5393,38.7872,40.144,41.6199,43.2258,44.9731,46.8739,48.9401,51.1836,53.6157,56.2461,59.0824,62.1296,65.3883,68.8539,72.5155,76.3542,80.3416,84.4376,88.588,92.7221,96.7502,100.566,104.045,107.045,109.423,111.047,111.81,111.646,110.54,108.535,105.722,102.235,98.2279,93.863,
 ,16,91.3592,92.8352,94.0944,95.1103,95.8605,96.3277,96.5014,96.3778,95.9609,95.2619,94.298,93.0923,91.6714,90.0647,88.3024,86.4146,84.4304,82.3766,80.2776,78.155,76.0277,73.9115,71.8197,69.7631,67.7504,65.7882,63.8818,62.0345,60.249,58.5267,56.8684,55.2739,53.7428,52.2742,50.8669,49.5193,48.2299,46.9968,45.8182,44.6923,43.6171,42.5908,41.6114,40.6772,39.7864,38.9373,38.1282,37.3575,36.6238,35.9257,35.2616,34.6305,34.031,33.462,32.9224,32.4112,31.9276,31.4705,31.0392,30.633,30.251,29.8928,29.5577,29.2452,28.9547,28.686,28.4386,28.2122,28.0065,27.8213,27.6564,27.5118,27.3874,27.2831,27.1991,27.1353,27.092,27.0694,27.0678,27.0874,27.1288,27.1923,27.2785,27.3881,27.5217,27.6802,27.8644,28.0753,28.3141,28.5818,28.88,29.2099,29.5733,29.9719,30.4077,30.8827,31.3994,31.9602,32.5681,33.2261,33.9376,34.7064,35.5365,36.4327,37.3999,38.4438,39.5705,40.7869,42.1008,43.5206,45.0558,46.717,48.5159,50.4655,52.58,54.8753,57.3682,60.077,63.0206,66.2178,69.6866,73.4417,77.4929,81.8405,86.4715,91.3538,96.4294,101.609,106.766,111.736,116.322,120.307,123.474,125.635,126.66,126.499,125.19,122.857,119.68,115.877,111.669,107.26,102.821,98.4844,94.3469,90.47,86.8881,83.6144,80.6465,77.9715,75.5693,73.4157,71.4843,69.7482,68.1807,66.7563,65.4509,64.2423,63.1103,62.0372,61.0074,60.0077,59.0276,58.0586,57.0947,56.1317,55.1677,54.2023,53.2367,52.2732,51.3152,50.3669,49.433,48.5184,47.6284,46.7683,45.9432,45.1581,44.4177,43.7261,43.0872,42.5041,41.9787,41.5122,41.1039,40.7512,40.4488,40.1887,39.9592,39.7449,39.5276,39.2866,39.001,38.6519,38.225,37.7128,37.1157,36.442,35.7061,34.9262,34.1217,33.3113,32.5111,31.734,30.9895,30.2841,29.6215,29.0035,28.4302,27.9008,27.4137,26.9669,26.5582,26.1853,25.8459,25.5378,25.259,25.0076,24.7819,24.5802,24.4012,24.2435,24.106,23.9877,23.8877,23.8051,23.7394,23.6898,23.656,23.6374,23.6338,23.6448,23.6703,23.7102,23.7643,23.8329,23.9158,24.0134,24.1258,24.2534,24.3966,24.5558,24.7316,24.9247,25.1358,25.3658,25.6158,25.8867,26.18,26.4969,26.8391,27.2084,27.6067,28.0362,28.4993,28.999,29.5381,30.12,30.7487,31.4283,32.1636,32.9598,33.8228,34.7591,35.776,36.8815,38.0847,39.3952,40.8238,42.3824,44.0837,45.9411,47.9691,50.1822,52.5954,55.2228,58.0776,61.171,64.5108,68.1012,71.9408,76.022,80.3297,84.8393,89.5151,94.3063,99.1429,103.93,108.549,112.848,116.644,119.744,121.957,123.119,123.121,121.929,119.589,116.226,112.02,107.185,101.94,
 ,15,93.4433,95.0744,96.4738,97.6092,98.4526,98.9826,99.1853,99.0562,98.5997,97.8294,96.7669,95.4398,93.8807,92.1246,90.2073,88.1636,86.0264,83.8259,81.5887,79.3379,77.093,74.8702,72.6825,70.5405,68.4519,66.4228,64.4575,62.5586,60.7279,58.9662,57.2733,55.6487,54.0912,52.5995,51.1719,49.8065,48.5013,47.2543,46.0633,44.9263,43.8412,42.8059,41.8185,40.877,39.9795,39.1242,38.3095,37.5337,36.7952,36.0926,35.4245,34.7895,34.1864,33.6142,33.0716,32.5576,32.0714,31.6119,31.1785,30.7703,30.3866,30.0269,29.6904,29.3767,29.0854,28.816,28.5681,28.3414,28.1357,27.9508,27.7864,27.6426,27.5193,27.4164,27.334,27.2724,27.2315,27.2117,27.2133,27.2367,27.2822,27.3505,27.442,27.5576,27.6979,27.8637,28.0562,28.2762,28.525,28.804,29.1145,29.4581,29.8366,30.2519,30.706,31.2014,31.7406,32.3263,32.9616,33.6499,34.395,35.201,36.0725,37.0144,38.0325,39.133,40.3228,41.6098,43.0026,44.5111,46.1462,47.9202,49.847,51.9421,54.223,56.7091,59.422,62.3857,65.6259,69.1695,73.0441,77.2755,81.8852,86.8862,92.2766,98.0322,104.097,110.372,116.708,122.897,128.676,133.745,137.794,140.546,141.807,141.501,139.686,136.545,132.345,127.399,122.014,116.462,110.962,105.676,100.709,96.1244,91.9488,88.1844,84.8164,81.8188,79.1593,76.8027,74.7126,72.8534,71.1906,69.692,68.3277,67.0706,65.8963,64.7834,63.7135,62.6713,61.6442,60.6228,59.6004,58.5728,57.5383,56.4969,55.4508,54.4034,53.3592,52.3236,51.3027,50.3027,49.3302,48.3916,47.4932,46.6412,45.8413,45.099,44.4191,43.8058,43.2623,42.7908,42.3915,42.0624,41.7984,41.5903,41.4242,41.2811,41.1366,40.9626,40.7298,40.4105,39.9841,39.4393,38.7774,38.0106,37.1607,36.254,35.3182,34.3784,33.4558,32.5663,31.7209,30.9262,30.1858,29.5004,28.8692,28.29,27.7602,27.2768,26.8367,26.4367,26.074,25.7457,25.4494,25.1829,24.9439,24.7307,24.5416,24.3751,24.2298,24.1048,23.9988,23.9111,23.8409,23.7875,23.7504,23.7291,23.7232,23.7324,23.7566,23.7955,23.8492,23.9176,24.0009,24.0991,24.2127,24.3418,24.4869,24.6486,24.8273,25.0238,25.2388,25.4734,25.7284,26.0051,26.3049,26.6291,26.9794,27.3578,27.7662,28.207,28.6828,29.1964,29.7512,30.3508,30.9992,31.701,32.4613,33.2858,34.1808,35.1535,36.212,37.3651,38.6229,39.9965,41.4981,43.1414,44.9412,46.9135,49.0756,51.4456,54.0421,56.8834,59.9873,63.3692,67.0421,71.0143,75.2889,79.863,84.7263,89.8602,95.2354,100.808,106.511,112.248,117.885,123.237,128.07,132.117,135.102,136.782,136.983,135.641,132.817,128.683,123.497,117.558,111.165,
 ,14,96.1077,97.9457,99.5327,100.828,101.796,102.408,102.647,102.507,101.992,101.121,99.92,98.4252,96.6768,94.7178,92.5915,90.3394,87.9996,85.6061,83.1885,80.7713,78.3749,76.0156,73.706,71.4556,69.2715,67.1584,65.1195,63.1564,61.2697,59.4591,57.7237,56.0621,54.4724,52.9526,51.5004,50.1134,48.7893,47.5256,46.3199,45.1698,44.0731,43.0274,42.0306,41.0807,40.1756,39.3134,38.4923,37.7107,36.967,36.2595,35.5869,34.9478,34.3409,33.7651,33.2192,32.7023,32.2133,31.7513,31.3156,30.9053,30.5198,30.1584,29.8205,29.5056,29.2133,28.9431,28.6947,28.4677,28.2619,28.0772,27.9133,27.7702,27.6478,27.5463,27.4656,27.4059,27.3674,27.3503,27.3551,27.3821,27.4318,27.5047,27.6015,27.7229,27.8697,28.0429,28.2434,28.4725,28.7314,29.0215,29.3443,29.7015,30.0951,30.5271,30.9997,31.5156,32.0774,32.6881,33.3511,34.0702,34.8493,35.693,36.6063,37.5947,38.6645,39.8226,41.0767,42.4357,43.9091,45.5082,47.2454,49.1349,51.1928,53.4374,55.8894,58.5725,61.5135,64.7427,68.2937,72.2035,76.5116,81.2579,86.4806,92.2104,98.4639,105.233,112.47,120.076,127.876,135.614,142.944,149.449,154.684,158.239,159.819,159.305,156.789,152.545,146.973,140.524,133.626,126.639,119.839,113.414,107.477,102.081,97.2406,92.9384,89.1412,85.8056,82.8834,80.3253,78.0829,76.11,74.3633,72.8028,71.392,70.098,68.8916,67.7475,66.6439,65.563,64.4906,63.4158,62.3316,61.2337,60.1207,58.9939,57.8563,56.7129,55.5698,54.4339,53.3128,52.2146,51.147,50.1182,49.1356,48.2069,47.339,46.5387,45.8121,45.165,44.6021,44.1269,43.7413,43.4444,43.2318,43.0939,43.0147,42.9706,42.93,42.8547,42.7026,42.434,42.0177,41.4372,40.6945,39.8089,38.8128,37.7451,36.6448,35.5461,34.476,33.4537,32.4914,31.5956,30.7684,30.0091,29.3153,28.6831,28.1085,27.587,27.1145,26.687,26.3007,25.9522,25.6385,25.3569,25.1049,24.8804,24.6814,24.5063,24.3536,24.222,24.1104,24.0178,23.9434,23.8863,23.8461,23.8222,23.8142,23.8218,23.8447,23.8828,23.9361,24.0045,24.0881,24.1871,24.3018,24.4325,24.5795,24.7435,24.9251,25.1249,25.3437,25.5826,25.8426,26.1249,26.4308,26.762,27.1201,27.5071,27.9252,28.3768,28.8646,29.3917,29.9616,30.578,31.2454,31.9685,32.7528,33.6046,34.5306,35.5388,36.6379,37.8377,39.1496,40.5859,42.1606,43.8894,45.7897,47.8804,50.1823,52.7176,55.5095,58.582,61.9583,65.6602,69.7064,74.1114,78.8837,84.0257,89.5332,95.3951,101.592,108.091,114.837,121.735,128.641,135.332,141.509,146.803,150.819,153.19,153.647,152.083,148.579,143.387,136.882,129.489,121.617,
 ,13,99.4162,101.526,103.36,104.866,105.998,106.719,107.004,106.844,106.248,105.238,103.849,102.128,100.127,97.8993,95.4991,92.9763,90.3757,87.7362,85.0904,82.4646,79.8797,77.3516,74.8921,72.5095,70.2092,67.9945,65.867,63.8269,61.8732,60.0046,58.2187,56.5134,54.8856,53.3327,51.8517,50.4396,49.0935,47.8105,46.5878,45.4227,44.3126,43.2551,42.2478,41.2883,40.3746,39.5047,38.6767,37.8887,37.1391,36.4263,35.7489,35.1053,34.4943,33.9147,33.3653,32.8452,32.3533,31.8887,31.4505,31.038,30.6505,30.2873,29.9479,29.6318,29.3384,29.0673,28.8182,28.5909,28.385,28.2003,28.0368,27.8944,27.7729,27.6726,27.5935,27.5357,27.4994,27.485,27.4929,27.5234,27.5771,27.6545,27.7565,27.8836,28.0369,28.2173,28.4259,28.6639,28.9327,29.2338,29.5688,29.9397,30.3483,30.797,31.2881,31.8244,32.4089,33.0448,33.7358,34.4858,35.2992,36.1811,37.1367,38.1723,39.2945,40.5111,41.8305,43.2624,44.8178,46.509,48.35,50.357,52.5483,54.9451,57.5715,60.4557,63.6301,67.1317,71.0034,75.2935,80.0558,85.3481,91.2299,97.7568,104.973,112.896,121.502,130.697,140.295,149.984,159.316,167.719,174.55,179.198,181.21,180.403,176.917,171.172,163.769,155.359,146.534,137.769,129.399,121.633,114.581,108.276,102.707,97.829,93.5835,89.9039,86.7223,83.9723,81.5914,79.5213,77.7083,76.1036,74.6634,73.3484,72.1239,70.96,69.8314,68.7174,67.6017,66.4726,65.3224,64.147,62.9461,61.722,60.4795,59.2253,57.9677,56.7155,55.4785,54.2664,53.089,51.9558,50.8761,49.8588,48.9125,48.0453,47.265,46.5789,45.9938,45.5153,45.1474,44.8913,44.7443,44.6971,44.7325,44.822,44.9251,44.99,44.9572,44.7682,44.3759,43.7556,42.9107,41.8712,40.6865,39.4137,38.1077,36.8145,35.568,34.3905,33.2946,32.2854,31.3629,30.524,29.7636,29.0759,28.4548,27.8944,27.3892,26.934,26.5241,26.1557,25.8249,25.5286,25.2639,25.0284,24.8199,24.6366,24.4768,24.339,24.222,24.1247,24.0463,23.9859,23.9428,23.9165,23.9066,23.9127,23.9345,23.9719,24.0249,24.0933,24.1773,24.2771,24.393,24.5252,24.6741,24.8405,25.0247,25.2277,25.4502,25.6932,25.9579,26.2455,26.5574,26.8951,27.2606,27.6559,28.0831,28.5449,29.0441,29.584,30.168,30.8004,31.4857,32.2291,33.0363,33.9141,34.8698,35.912,37.0502,38.2953,39.6597,41.1575,42.8044,44.6183,46.6194,48.8301,51.2752,53.9819,56.9791,60.2975,63.9674,68.0185,72.4774,77.3656,82.6983,88.4837,94.7236,101.416,108.553,116.123,124.089,132.374,140.831,149.203,157.107,164.043,169.439,172.746,173.549,171.673,167.234,160.609,152.35,143.063,133.312,
 ,12,103.443,105.906,108.064,109.848,111.196,112.058,112.402,112.214,111.505,110.306,108.665,106.644,104.309,101.732,98.979,96.111,93.1813,90.2346,87.3065,84.425,81.6111,78.8795,76.2406,73.7007,71.2631,68.929,66.6978,64.5678,62.5364,60.6005,58.7565,57.0008,55.3294,53.7387,52.2248,50.7841,49.413,48.1082,46.8663,45.6844,44.5594,43.4886,42.4695,41.4996,40.5765,39.6981,38.8624,38.0675,37.3116,36.5931,35.9103,35.2619,34.6466,34.0629,33.5099,32.9863,32.4913,32.0238,31.5831,31.1683,30.7787,30.4137,30.0727,29.7551,29.4605,29.1885,28.9388,28.7109,28.5048,28.3202,28.157,28.0151,27.8945,27.7953,27.7176,27.6616,27.6275,27.6157,27.6265,27.6604,27.718,27.7998,27.9068,28.0395,28.1991,28.3866,28.6031,28.8498,29.1284,29.4404,29.7876,30.1719,30.5955,31.0608,31.5703,32.1272,32.7344,33.3956,34.1146,34.8958,35.7438,36.6641,37.6626,38.7458,39.9211,41.1968,42.5823,44.0882,45.7265,47.5108,49.4569,51.5827,53.9089,56.4593,59.2619,62.3489,65.7586,69.5354,73.7316,78.4083,83.6356,89.4925,96.065,103.441,111.702,120.908,131.072,142.128,153.888,165.993,177.876,188.759,197.722,203.853,206.452,205.234,200.415,192.646,182.828,171.897,160.664,149.738,139.514,130.208,121.908,114.613,108.268,102.793,98.0948,94.0787,90.6528,87.7311,85.2348,83.092,81.2376,79.6134,78.1669,76.8518,75.6274,74.4587,73.3162,72.1762,71.0203,69.8356,68.6141,67.3524,66.0514,64.7153,63.3511,61.9681,60.5769,59.1891,57.8169,56.4722,55.1671,53.9128,52.7204,51.6005,50.5631,49.6181,48.7749,48.0429,47.4311,46.9478,46.5999,46.3921,46.3243,46.3896,46.5703,46.8339,47.1297,47.3881,47.5254,47.4554,47.1068,46.4415,45.4654,44.2257,42.7975,41.2645,39.7037,38.1753,36.721,35.3653,34.1195,32.9859,31.9608,31.0375,30.2079,29.4631,28.795,28.1955,27.6577,27.1752,26.7424,26.3545,26.0071,25.6967,25.4199,25.1739,24.9565,24.7653,24.5988,24.4551,24.3331,24.2316,24.1494,24.0858,24.0401,24.0117,24.0001,24.0048,24.0257,24.0626,24.1153,24.1839,24.2684,24.369,24.4859,24.6196,24.7705,24.939,25.126,25.332,25.558,25.8049,26.0741,26.3666,26.6841,27.0281,27.4005,27.8034,28.2393,28.7106,29.2205,29.7722,30.3696,31.0169,31.719,32.4813,33.31,34.2122,35.1958,36.2701,37.4454,38.7336,40.1483,41.7051,43.4219,45.3188,47.4191,49.7491,52.3381,55.2189,58.4276,62.0024,65.983,70.4089,75.3163,80.7357,86.6897,93.1918,100.249,107.866,116.052,124.82,134.171,144.066,154.372,164.809,174.9,183.972,191.209,195.786,197.065,194.767,189.063,180.524,169.966,158.258,146.167,
 ,11,108.275,111.194,113.774,115.924,117.558,118.607,119.026,118.797,117.934,116.481,114.504,112.085,109.316,106.287,103.084,99.7811,96.4421,93.1175,89.8462,86.6571,83.5701,80.5982,77.749,75.026,72.4296,69.958,67.6081,65.3757,63.256,61.244,59.3344,57.522,55.8018,54.1687,52.6182,51.1456,49.7468,48.4178,47.1547,45.9542,44.8128,43.7276,42.6956,41.7142,40.7808,39.8933,39.0493,38.2469,37.4843,36.7596,36.0712,35.4177,34.7976,34.2097,33.6527,33.1256,32.6273,32.1568,31.7134,31.2961,30.9043,30.5374,30.1946,29.8756,29.5797,29.3067,29.0562,28.8278,28.6213,28.4366,28.2736,28.1322,28.0123,27.9142,27.8378,27.7835,27.7514,27.742,27.7557,27.7928,27.8542,27.9403,28.0521,28.1903,28.356,28.5503,28.7745,29.0299,29.3181,29.6408,30,30.3976,30.836,31.3178,31.8457,32.423,33.053,33.7394,34.4866,35.2991,36.182,37.1411,38.1827,39.314,40.5428,41.8783,43.3306,44.9111,46.6331,48.5114,50.5633,52.8087,55.2703,57.9748,60.9533,64.2427,67.8862,71.9358,76.4536,81.5135,87.2035,93.6264,100.899,109.15,118.508,129.09,140.969,154.133,168.417,183.432,198.482,212.537,224.296,232.405,235.791,234.009,227.395,216.95,204.016,189.927,175.77,162.3,149.957,138.943,129.297,120.959,113.82,107.751,102.617,98.2889,94.6486,91.5879,89.0104,86.8293,84.9675,83.3559,81.9333,80.6453,79.4444,78.2899,77.1478,75.9907,74.7982,73.5562,72.2566,70.8973,69.4809,68.0143,66.5075,64.973,63.4249,61.8779,60.3472,58.8476,57.3933,55.998,54.6746,53.4353,52.2918,51.2556,50.3381,49.5507,48.9051,48.4127,48.0845,47.9293,47.9521,48.15,48.5072,48.9887,49.533,50.0492,50.4206,50.5207,50.2418,49.5251,48.3804,46.8816,45.1424,43.2845,41.4138,39.6075,37.9145,36.3592,34.9498,33.6832,32.5506,31.5406,30.6407,29.8389,29.1241,28.4864,27.917,27.4082,26.9534,26.5469,26.1839,25.86,25.5718,25.3161,25.0902,24.8919,24.7191,24.5701,24.4434,24.3379,24.2524,24.186,24.1379,24.1075,24.0944,24.098,24.1181,24.1545,24.2071,24.2759,24.3609,24.4624,24.5805,24.7157,24.8684,25.0391,25.2285,25.4374,25.6667,25.9174,26.1907,26.4879,26.8106,27.1604,27.5392,27.9493,28.3931,28.8733,29.393,29.9557,30.5653,31.2264,31.9439,32.7237,33.5722,34.4969,35.5063,36.6103,37.8199,39.1482,40.61,42.2224,44.0052,45.9812,48.1768,50.6223,53.3523,56.4059,59.8268,63.6628,67.9647,72.7838,78.1688,84.1613,90.7919,98.0781,106.028,114.65,123.968,134.03,144.892,156.581,169.015,181.912,194.703,206.496,216.139,222.417,224.348,221.494,214.114,203.074,189.578,174.855,159.935,
 ,10,114.007,117.516,120.648,123.279,125.292,126.589,127.107,126.819,125.747,123.951,121.525,118.583,115.248,111.64,107.868,104.023,100.18,96.3972,92.7147,89.1609,85.7538,82.5028,79.4115,76.4792,73.7025,71.0758,68.5926,66.2457,64.0277,61.9312,59.949,58.0742,56.3001,54.6206,53.0299,51.5225,50.0934,48.738,47.452,46.2312,45.0722,43.9713,42.9254,41.9317,40.9873,40.0899,39.2371,38.4268,37.6569,36.9256,36.2313,35.5724,34.9474,34.3549,33.7938,33.2629,32.7612,32.2876,31.8413,31.4214,31.0273,30.6583,30.3137,29.9931,29.6959,29.4217,29.1703,28.9412,28.7344,28.5496,28.3866,28.2455,28.1263,28.0291,27.954,27.9012,27.8711,27.8639,27.8802,27.9205,27.9854,28.0757,28.1921,28.3356,28.5072,28.7082,28.9399,29.2037,29.5013,29.8345,30.2054,30.6161,31.0692,31.5673,32.1135,32.711,33.3637,34.0755,34.8508,35.6947,36.6127,37.6108,38.6959,39.8757,41.1586,42.5544,44.074,45.7298,47.536,49.5089,51.6671,54.0322,56.6292,59.4872,62.6403,66.1291,70.0018,74.317,79.1456,84.5743,90.7089,97.6771,105.63,114.741,125.198,137.19,150.872,166.314,183.415,201.784,220.61,238.569,253.866,264.528,268.94,266.412,257.461,243.605,226.807,208.923,191.366,175.034,160.382,147.56,136.528,127.148,119.239,112.611,107.083,102.49,98.6822,95.53,92.918,90.7443,88.9189,87.3616,86.0011,84.7746,83.6269,82.5108,81.3869,80.2241,78.9992,77.6973,76.3108,74.8392,73.2879,71.6673,69.9915,68.2775,66.5435,64.8084,63.091,61.4094,59.7807,58.2208,56.7446,55.3662,54.0988,52.9554,51.9494,51.0943,50.4045,49.8951,49.5816,49.4785,49.5975,49.9423,50.5022,51.2424,52.0922,52.936,53.6147,53.9463,53.769,52.9933,51.635,49.8081,47.6821,45.4308,43.1956,41.0724,39.1148,37.3446,35.763,34.3595,33.1185,32.0222,31.0535,30.1965,29.4371,28.7631,28.1638,27.6303,27.155,26.7313,26.3537,26.0176,25.7189,25.4542,25.2206,25.0157,24.8372,24.6833,24.5525,24.4434,24.3549,24.286,24.2359,24.2038,24.1894,24.1921,24.2116,24.2477,24.3003,24.3693,24.4549,24.5572,24.6765,24.8132,24.9676,25.1403,25.3322,25.5438,25.7762,26.0303,26.3075,26.6091,26.9365,27.2917,27.6765,28.0931,28.5441,29.0324,29.561,30.1337,30.7544,31.4279,32.1594,32.9549,33.8212,34.7662,35.7989,36.9297,38.1705,39.5351,41.0396,42.7028,44.5462,46.5953,48.8797,51.4337,54.2974,57.5167,61.144,65.2378,69.8616,75.0814,80.961,87.556,94.9061,103.031,111.933,121.615,132.109,143.501,155.925,169.513,184.278,199.975,215.957,231.083,243.767,252.243,255.04,251.483,241.959,227.768,210.659,192.335,174.138,
 ,9,120.745,125.013,128.866,132.134,134.652,136.282,136.93,136.56,135.201,132.942,129.917,126.287,122.219,117.871,113.384,108.868,104.413,100.08,95.9106,91.9311,88.1544,84.5843,81.2187,78.0512,75.0732,72.2744,69.6441,67.1714,64.8458,62.6573,60.5961,58.6535,56.8212,55.0915,53.4575,51.9127,50.4512,49.0676,47.7569,46.5145,45.3365,44.2189,43.1583,42.1515,41.1955,40.2876,39.4254,38.6066,37.8291,37.091,36.3904,35.7258,35.0956,34.4984,33.933,33.3982,32.8928,32.4159,31.9667,31.5441,31.1476,30.7764,30.4298,30.1075,29.8089,29.5335,29.2811,29.0513,28.8439,28.6588,28.4959,28.355,28.2364,28.1399,28.0659,28.0146,27.9862,27.9812,28,28.0432,28.1115,28.2057,28.3265,28.4751,28.6524,28.8599,29.0988,29.3707,29.6775,30.0209,30.4033,30.8269,31.2943,31.8085,32.3728,32.9905,33.6657,34.4027,35.2063,36.0817,37.0349,38.0723,39.2012,40.4299,41.7673,43.224,44.8114,46.5431,48.4341,50.5019,52.7667,55.2516,57.9834,60.9936,64.3188,68.0026,72.0972,76.6661,81.7876,87.5592,94.103,101.57,110.147,120.053,131.543,144.888,160.344,178.094,198.137,220.13,243.177,265.646,285.153,298.925,304.596,301.139,289.326,271.383,250.089,227.93,206.672,187.325,170.317,155.704,143.34,132.987,124.383,117.272,111.424,106.635,102.727,99.547,96.9614,94.8534,93.1198,91.6688,90.4188,89.297,88.2397,87.1921,86.1087,84.9539,83.7016,82.3361,80.8508,79.2476,77.536,75.7315,73.8536,71.9248,69.9691,68.0105,66.0723,64.1763,62.343,60.5907,58.9365,57.3959,55.9837,54.7144,53.6027,52.6642,51.9161,51.3769,51.0673,51.0083,51.2196,51.7141,52.4899,53.5164,54.7167,55.95,57.0066,57.632,57.5903,56.7477,55.1289,52.9048,50.3209,47.6169,44.9756,42.51,40.2749,38.2849,36.5313,34.994,33.6485,32.4705,31.4373,30.5291,29.7286,29.0212,28.3948,27.839,27.3451,26.9059,26.5153,26.1681,25.86,25.5874,25.347,25.1362,24.9526,24.7945,24.6601,24.5479,24.4567,24.3857,24.3338,24.3004,24.2849,24.2868,24.3059,24.3418,24.3945,24.464,24.5502,24.6534,24.7739,24.9119,25.068,25.2427,25.4368,25.651,25.8862,26.1436,26.4243,26.7299,27.0617,27.4217,27.8118,28.2344,28.692,29.1874,29.724,30.3055,30.9361,31.6206,32.3644,33.1737,34.0557,35.0185,36.0716,37.2258,38.4938,39.8903,41.4323,43.1401,45.0371,47.1511,49.5148,52.1666,55.1518,58.5235,62.343,66.6803,71.6131,77.2244,83.5962,90.801,98.8898,107.882,117.765,128.523,140.179,152.854,166.78,182.233,199.375,218.052,237.573,256.533,272.827,283.982,287.86,283.458,271.349,253.421,232.136,209.774,188.017,
 ,8,128.593,133.841,138.637,142.749,145.945,148.023,148.844,148.358,146.607,143.721,139.896,135.36,130.342,125.055,119.675,114.339,109.145,104.161,99.4238,94.9543,90.7573,86.8283,83.157,79.7296,76.5305,73.5439,70.7538,68.1451,65.7037,63.4162,61.2706,59.2557,57.3613,55.5783,53.8984,52.3139,50.818,49.4046,48.0678,46.8028,45.6048,44.4697,43.3935,42.3729,41.4047,40.4859,39.6139,38.7863,38.0008,37.2555,36.5484,35.8778,35.2422,34.6401,34.0702,33.5312,33.0221,32.5418,32.0894,31.6641,31.265,30.8915,30.5429,30.2188,29.9186,29.6419,29.3884,29.1578,28.9498,28.7644,28.6013,28.4606,28.3423,28.2465,28.1735,28.1234,28.0966,28.0936,28.1147,28.1607,28.2322,28.33,28.4551,28.6084,28.7913,29.0049,29.2507,29.5305,29.8461,30.1995,30.593,31.0292,31.5107,32.0408,32.6228,33.2606,33.9582,34.7203,35.552,36.459,37.4475,38.5244,39.6976,40.9756,42.3682,43.8862,45.5423,47.3504,49.3267,51.4899,53.8615,56.466,59.3321,62.493,65.9875,69.8611,74.1684,78.9759,84.3664,90.4447,97.345,105.239,114.342,124.921,137.295,151.82,168.862,188.734,211.567,237.108,264.429,291.616,315.658,332.856,339.931,335.43,320.445,298.072,272.043,245.525,220.613,198.383,179.19,162.967,149.442,138.271,129.107,121.634,115.572,110.682,106.76,103.633,101.15,99.1797,97.6064,96.3262,95.2463,94.283,93.3626,92.4213,91.4063,90.2763,89.0022,87.5673,85.9669,84.2069,82.3022,80.2751,78.1527,75.9651,73.7433,71.5178,69.3173,67.1683,65.0946,63.1176,61.2559,59.5266,57.9457,56.5285,55.2909,54.2501,53.4252,52.8383,52.5146,52.4818,52.7682,53.3978,54.3799,55.6924,57.2568,58.9099,60.3877,61.3505,61.4695,60.5541,58.6404,55.9721,52.8886,49.705,46.6463,43.8391,41.3346,39.1363,37.223,35.5634,34.1239,32.873,31.7828,30.8296,29.9933,29.257,28.607,28.0318,27.5219,27.0693,26.6674,26.3107,25.9946,25.715,25.4687,25.2529,25.0651,24.9033,24.7658,24.651,24.5577,24.4848,24.4315,24.397,24.3807,24.3821,24.4009,24.4369,24.4898,24.5597,24.6467,24.7508,24.8724,25.0118,25.1695,25.3461,25.5423,25.7588,25.9967,26.257,26.541,26.8501,27.1859,27.5502,27.9451,28.3729,28.8362,29.338,29.8816,30.4708,31.1099,31.8038,32.5581,33.3792,34.2745,35.2523,36.3225,37.4964,38.7872,40.2102,41.7837,43.5287,45.4706,47.6392,50.0698,52.8047,55.8941,59.3976,63.3854,67.9389,73.1507,79.1215,85.9541,93.7408,102.546,112.387,123.231,135.018,147.745,161.553,176.781,193.88,213.208,234.753,257.826,280.78,300.955,315.065,320.16,314.836,299.893,277.943,252.277,225.805,200.533,
 ,7,137.647,144.152,150.182,155.417,159.525,162.211,163.269,162.619,160.327,156.59,151.694,145.966,139.726,133.252,126.768,120.437,114.367,108.621,103.232,98.2079,93.5408,89.2147,85.2083,81.4982,78.0604,74.872,71.9111,69.1577,66.5934,64.2014,61.9667,59.8757,57.9162,56.0774,54.3495,52.7235,51.1917,49.7472,48.3834,47.0947,45.8759,44.7225,43.6303,42.5954,41.6144,40.6843,39.8021,38.9653,38.1716,37.4188,36.7049,36.0282,35.387,34.7798,34.2052,33.662,33.149,32.6651,32.2095,31.7812,31.3794,31.0036,30.6529,30.3269,30.025,29.7469,29.4922,29.2607,29.052,28.866,28.7027,28.562,28.444,28.3488,28.2765,28.2276,28.2022,28.2009,28.2242,28.2727,28.3472,28.4485,28.5775,28.7354,28.9234,29.1428,29.3953,29.6827,30.0068,30.3698,30.7741,31.2224,31.7178,32.2633,32.8628,33.5203,34.2401,35.0272,35.887,36.8256,37.8496,38.9664,40.1842,41.5121,42.9604,44.5407,46.2661,48.1514,50.2138,52.473,54.9516,57.6758,60.6757,63.9861,67.6472,71.7057,76.2167,81.2467,86.8788,93.2197,100.409,108.631,118.125,129.195,142.215,157.62,175.876,197.421,222.521,251.037,282.052,313.441,341.632,362.029,370.43,364.935,346.973,320.524,290.248,259.933,231.931,207.334,186.401,168.935,154.548,142.801,133.276,125.603,119.465,114.594,110.766,107.789,105.5,103.755,102.425,101.394,100.558,99.8199,99.0945,98.3069,97.3949,96.3103,95.0203,93.5076,91.7702,89.8195,87.6787,85.3792,82.9584,80.4563,77.9131,75.3673,72.8544,70.4062,68.0503,65.8107,63.7078,61.7598,59.983,58.3932,57.0066,55.841,54.917,54.2589,53.8955,53.8602,54.1892,54.9166,56.0639,57.6198,59.5087,61.5501,63.4304,64.7239,65.0029,64.0141,61.8065,58.703,55.1413,51.511,48.0739,44.9649,42.2274,39.8523,37.8055,36.0448,34.5282,33.218,32.0816,31.092,30.2265,29.4668,28.7977,28.2067,27.6837,27.2202,26.8091,26.4446,26.1218,25.8366,25.5854,25.3655,25.1742,25.0095,24.8694,24.7526,24.6576,24.5834,24.529,24.4937,24.4768,24.478,24.4967,24.5328,24.5861,24.6566,24.7443,24.8494,24.9721,25.1128,25.2721,25.4504,25.6485,25.8673,26.1076,26.3705,26.6574,26.9697,27.309,27.6771,28.0762,28.5085,28.9767,29.4839,30.0333,30.629,31.2751,31.9769,32.7398,33.5705,34.4765,35.4664,36.5502,37.7396,39.0483,40.492,42.0898,43.8638,45.8404,48.0512,50.5337,53.3333,56.5044,60.1119,64.2339,68.9622,74.4026,80.6733,87.8974,96.1881,105.625,116.223,127.921,140.605,154.216,168.898,185.085,203.413,224.45,248.351,274.468,300.967,324.688,341.557,347.808,341.619,324.031,298.389,268.797,238.736,210.473,
 ,6,147.971,156.077,163.715,170.442,175.781,179.296,180.673,179.793,176.757,171.863,165.538,158.251,150.446,142.49,134.659,127.139,120.043,113.425,107.3,101.658,96.475,91.7175,87.3502,83.3378,79.6464,76.2447,73.1042,70.1991,67.5064,65.0055,62.6783,60.5084,58.4816,56.585,54.8074,53.1388,51.5701,50.0935,48.7018,47.3888,46.1487,44.9765,43.8677,42.818,41.824,40.8822,39.9895,39.1433,38.3411,37.5806,36.8598,36.1767,35.5298,34.9173,34.3379,33.7902,33.2732,32.7857,32.3267,31.8954,31.4909,31.1125,30.7596,30.4316,30.128,29.8484,29.5924,29.3598,29.1503,28.9637,28.8001,28.6593,28.5414,28.4465,28.375,28.3269,28.3029,28.3031,28.3284,28.3792,28.4564,28.5608,28.6935,28.8556,29.0484,29.2735,29.5323,29.8267,30.1589,30.5311,30.9458,31.406,31.9146,32.4753,33.0919,33.7688,34.5105,35.3224,36.2103,37.1806,38.2403,39.3973,40.6602,42.0388,43.5438,45.1873,46.9831,48.9468,51.0962,53.4522,56.0384,58.8825,62.0161,65.4754,69.3016,73.5414,78.2486,83.4865,89.3332,95.8897,103.292,111.725,121.441,132.767,146.118,161.983,180.906,203.415,229.877,260.244,293.63,327.789,358.777,381.368,390.684,384.497,364.481,335.265,302.164,269.381,239.425,213.376,191.414,173.251,158.419,146.417,136.781,129.109,123.059,118.348,114.737,112.025,110.037,108.619,107.632,106.946,106.444,106.015,105.557,104.983,104.217,103.204,101.904,100.301,98.3965,96.2102,93.7764,91.1398,88.3513,85.4643,82.5308,79.5994,76.7138,73.9115,71.2243,68.6786,66.2963,64.0957,62.093,60.3032,58.7419,57.4265,56.3775,55.62,55.1845,55.1078,55.4311,56.1961,57.4334,59.1407,61.2466,63.5608,65.7334,67.2714,67.6667,66.6131,64.17,60.7265,56.7994,52.8348,49.1202,45.7934,42.8901,40.3903,38.2499,36.4183,34.8477,33.4957,32.3266,31.3109,30.4245,29.6478,28.9647,28.362,27.8292,27.3575,26.9394,26.5689,26.2411,25.9515,25.6967,25.4736,25.2797,25.1127,24.9708,24.8525,24.7562,24.6811,24.626,24.5903,24.5732,24.5743,24.5932,24.6296,24.6834,24.7545,24.843,24.9491,25.0729,25.215,25.3757,25.5557,25.7556,25.9763,26.2187,26.484,26.7735,27.0886,27.4308,27.8022,28.2048,28.6409,29.1132,29.6248,30.1791,30.7799,31.4317,32.1395,32.9091,33.7471,34.6611,35.6599,36.7536,37.9541,39.2753,40.7335,42.3481,44.1417,46.1416,48.3806,50.8977,53.7404,56.966,60.6434,64.8562,69.7038,75.3025,81.784,89.2877,97.9446,107.847,119.011,131.344,144.674,158.877,174.078,190.778,209.763,231.773,257.102,285.152,313.983,340.096,358.858,365.909,359.114,339.691,311.525,279.297,246.874,216.681,
 ,5,159.565,169.688,179.401,188.096,195.091,199.734,201.547,200.345,196.286,189.828,181.606,172.301,162.519,152.738,143.291,134.38,126.109,118.511,111.573,105.26,99.5211,94.304,89.5555,85.2258,81.2697,77.6463,74.3198,71.2582,68.4333,65.8207,63.3986,61.1481,59.0524,57.0971,55.269,53.5568,51.9506,50.4414,49.0214,47.6836,46.4218,45.2305,44.1048,43.0402,42.0329,41.0791,40.1758,39.32,38.5091,37.7407,37.0127,36.3232,35.6703,35.0524,34.4681,33.916,33.3948,32.9035,32.4411,32.0066,31.5993,31.2183,30.8631,30.533,30.2276,29.9463,29.689,29.4552,29.2447,29.0575,28.8933,28.7522,28.6343,28.5397,28.4687,28.4214,28.3984,28.4,28.427,28.4799,28.5595,28.6669,28.8029,28.969,29.1663,29.3964,29.6611,29.9623,30.3022,30.6831,31.1078,31.5792,32.1008,32.6762,33.3095,34.0053,34.7686,35.6051,36.521,37.523,38.6187,39.8164,41.1253,42.5555,44.1184,45.8266,47.6944,49.738,51.976,54.43,57.1248,60.0893,63.3568,66.965,70.9559,75.3759,80.2756,85.7117,91.7507,98.4789,106.016,114.535,124.283,135.595,148.904,164.73,183.651,206.23,232.869,263.549,297.392,332.127,363.721,386.796,396.315,389.965,369.48,339.64,305.918,272.616,242.277,215.982,193.891,175.696,160.912,149.024,139.561,132.112,126.333,121.937,118.682,116.362,114.797,113.826,113.298,113.073,113.016,112.997,112.899,112.613,112.05,111.139,109.836,108.124,106.011,103.529,100.727,97.6692,94.4243,91.0635,87.6542,84.2575,80.9265,77.7054,74.6301,71.729,69.0245,66.5341,64.2727,62.2535,60.4902,58.9981,57.7961,56.9079,56.3634,56.1992,56.4577,57.1822,58.4062,60.1308,62.2857,64.6767,66.9389,68.5516,68.9723,67.8722,65.3147,61.7163,57.6267,53.515,49.6785,46.2554,43.2778,40.7211,38.5369,36.6712,35.0737,33.7002,32.5136,31.4836,30.5852,29.7984,29.1067,28.4969,27.9578,27.4807,27.058,26.6835,26.3522,26.0598,25.8025,25.5772,25.3815,25.2131,25.07,24.9507,24.8538,24.7781,24.7227,24.6869,24.6698,24.6711,24.6904,24.7273,24.7817,24.8536,24.943,25.05,25.175,25.3183,25.4804,25.6619,25.8634,26.0859,26.3303,26.5977,26.8893,27.2068,27.5516,27.9257,28.3311,28.7703,29.2459,29.7609,30.3189,30.9236,31.5796,32.2918,33.0661,33.909,34.8283,35.8327,36.9325,38.1396,39.4679,40.934,42.5572,44.3607,46.3719,48.6242,51.1572,54.0194,57.2692,60.9777,65.2309,70.132,75.8026,82.381,90.0152,98.8452,108.97,120.402,133.028,146.633,161.043,176.352,193.084,212.089,234.187,259.729,288.14,317.454,344.09,363.274,370.495,363.536,343.657,314.874,282.009,249.019,218.367,
 ,4,172.318,184.932,197.279,208.54,217.74,223.909,226.313,224.666,219.213,210.66,199.959,188.081,175.852,163.876,152.537,142.039,132.458,123.788,115.976,108.95,102.629,96.9339,91.7912,87.1352,82.9077,79.0582,75.5423,72.3217,69.3631,66.6375,64.1198,61.788,59.6233,57.6087,55.73,53.9742,52.3303,50.7884,49.34,47.9773,46.6938,45.4832,44.3405,43.2609,42.2401,41.2742,40.3601,39.4946,38.6749,37.8986,37.1634,36.4672,35.8083,35.1849,34.5956,34.0388,33.5134,33.0183,32.5523,32.1146,31.7043,31.3207,30.963,30.6308,30.3234,30.0405,29.7817,29.5466,29.3351,29.147,28.9822,28.8408,28.7227,28.6282,28.5574,28.5108,28.4886,28.4914,28.5198,28.5745,28.6563,28.7663,28.9054,29.075,29.2764,29.5113,29.7814,30.0889,30.4359,30.8251,31.2591,31.7414,32.2752,32.8647,33.5142,34.2285,35.0131,35.8739,36.8176,37.8514,38.9833,40.2223,41.578,43.0611,44.6835,46.4583,48.4003,50.526,52.8547,55.4083,58.2128,61.2984,64.6998,68.4566,72.6123,77.2129,82.3049,87.9352,94.1526,101.017,108.617,117.096,126.677,137.687,150.558,165.813,184.021,205.722,231.281,260.632,292.882,325.823,355.641,377.335,386.273,380.345,361.124,332.996,301.037,269.306,240.261,214.996,193.724,176.194,161.972,150.584,141.587,134.594,129.278,125.361,122.61,120.823,119.819,119.432,119.503,119.878,120.402,120.926,121.304,121.404,121.113,120.345,119.047,117.199,114.821,111.961,108.691,105.1,101.284,97.3368,93.3451,89.3855,85.5222,81.8063,78.2775,74.9652,71.8911,69.0707,66.5158,64.2364,62.2426,60.5461,59.1622,58.111,57.4188,57.1183,57.2479,57.8466,58.9428,60.5329,62.5434,64.781,66.8908,68.3717,68.7064,67.5824,65.0588,61.53,57.5202,53.4807,49.7011,46.3192,43.3695,40.8304,38.6567,36.7966,35.2013,33.8278,32.6399,31.6078,30.7069,29.9174,29.2229,28.6103,28.0687,27.5892,27.1643,26.7879,26.4549,26.161,25.9024,25.6761,25.4795,25.3104,25.1667,25.0471,24.95,24.8743,24.8191,24.7834,24.7667,24.7685,24.7883,24.8259,24.8811,24.9538,25.0442,25.1523,25.2784,25.4229,25.5863,25.7692,25.9722,26.1962,26.4423,26.7114,27.0049,27.3243,27.6711,28.0474,28.455,28.8966,29.3746,29.8921,30.4526,31.06,31.7186,32.4335,33.2104,34.056,34.9777,35.9845,37.0865,38.2955,39.6253,41.0925,42.7162,44.5194,46.5296,48.7795,51.3088,54.1655,57.4076,61.1057,65.345,70.2278,75.8745,82.4216,90.015,98.7912,108.845,120.182,132.682,146.118,160.298,175.295,191.599,210.02,231.329,255.833,282.943,310.755,335.879,353.869,360.564,353.934,335.122,307.816,276.487,244.867,215.328,
 ,3,185.947,201.543,217.143,231.664,243.735,251.927,255.12,252.869,245.559,234.267,220.405,205.344,190.179,175.65,162.174,149.929,138.938,129.136,120.416,112.658,105.743,99.5625,94.0217,89.0372,84.5375,80.4612,76.7559,73.3767,70.2847,67.4468,64.8341,62.4218,60.1885,58.1155,56.1865,54.3876,52.7064,51.1322,49.6556,48.2683,46.9631,45.7335,44.5738,43.4791,42.4448,41.467,40.542,39.6667,38.8382,38.0538,37.3113,36.6085,35.9435,35.3145,34.72,34.1586,33.629,33.1299,32.6603,32.2193,31.806,31.4196,31.0594,30.7249,30.4155,30.1308,29.8704,29.634,29.4213,29.2323,29.0667,28.9248,28.8064,28.7118,28.6412,28.5949,28.5733,28.5771,28.6067,28.6629,28.7466,28.8588,29.0007,29.1734,29.3785,29.6177,29.8928,30.206,30.5596,30.9564,31.3993,31.8916,32.4372,33.0401,33.7051,34.4374,35.2427,36.1274,37.0987,38.1643,39.3328,40.6138,42.0174,43.5551,45.2392,47.0832,49.1023,51.3132,53.7354,56.3911,59.3067,62.5134,66.0478,69.9518,74.2709,79.0521,84.3385,90.1649,96.5565,103.536,111.142,119.466,128.692,139.12,151.169,165.348,182.189,202.166,225.549,252.182,281.149,310.402,336.591,355.482,363.253,358.182,341.544,316.94,288.644,260.197,233.858,210.725,191.105,174.866,161.676,151.144,142.891,136.578,131.911,128.639,126.546,125.442,125.15,125.505,126.339,127.482,128.758,129.988,130.992,131.605,131.68,131.108,129.82,127.799,125.076,121.726,117.855,113.586,109.051,104.374,99.6674,95.0265,90.5275,86.2285,82.1719,78.3866,74.8916,71.6984,68.8141,66.2433,63.9909,62.0631,60.4695,59.2245,58.3479,57.8653,57.8064,58.2,59.0632,60.3811,62.0739,63.9555,65.7024,66.8747,67.0288,65.9003,63.5373,60.2718,56.5536,52.7811,49.22,46.005,43.1777,40.7262,38.6143,36.7975,35.2324,33.8798,32.7064,31.6841,30.7899,30.0048,29.3132,28.7024,28.1619,27.683,27.2584,26.8821,26.5491,26.2551,25.9964,25.7701,25.5736,25.4045,25.2611,25.1418,25.045,24.9698,24.915,24.88,24.864,24.8664,24.8871,24.9255,24.9816,25.0553,25.1467,25.2559,25.3831,25.5288,25.6934,25.8776,26.0819,26.3073,26.5547,26.8253,27.1204,27.4413,27.7897,28.1675,28.5767,29.0198,29.4994,30.0185,30.5805,31.1891,31.8489,32.5648,33.3423,34.1882,35.1097,36.1156,37.2159,38.4222,39.7481,41.2096,42.8257,44.6186,46.6152,48.8474,51.3535,54.18,57.3827,61.0292,65.2008,69.9942,75.5221,81.9112,89.2943,97.7931,107.488,118.375,130.341,143.178,156.719,171.021,186.499,203.825,223.616,246.057,270.526,295.271,317.317,332.893,338.553,332.631,316.053,291.852,263.796,235.134,208.032,
 ,2,199.931,218.936,238.374,256.863,272.525,283.299,287.509,284.474,274.785,260.06,242.342,223.519,204.998,187.64,171.866,157.79,145.354,134.41,124.784,116.3,108.799,102.142,96.2096,90.9021,86.1346,81.8355,77.9443,74.4094,71.1869,68.2391,65.5336,63.0428,60.7426,58.6126,56.6348,54.7938,53.0762,51.4704,49.9662,48.5548,47.2283,45.9799,44.8036,43.694,42.6464,41.6566,40.7209,39.8358,38.9984,38.206,37.4562,36.7467,36.0755,35.441,34.8414,34.2752,33.7412,33.2381,32.7648,32.3205,31.9041,31.5148,31.1521,30.8153,30.5038,30.2171,29.9551,29.7171,29.5032,29.3131,29.1467,29.0041,28.8852,28.7904,28.7197,28.6736,28.6525,28.6569,28.6875,28.7449,28.8302,28.9443,29.0884,29.2639,29.4723,29.7153,29.9948,30.3132,30.6728,31.0766,31.5275,32.0293,32.5857,33.2014,33.8812,34.6307,35.4561,36.3642,37.3628,38.4601,39.6656,40.9893,42.4423,44.0365,45.785,47.7017,49.802,52.1026,54.6224,57.3836,60.4122,63.7397,67.4041,71.45,75.9265,80.8833,86.3622,92.3868,98.9548,106.039,113.611,121.688,130.391,139.986,150.88,163.56,178.518,196.143,216.593,239.615,264.301,288.845,310.492,325.934,332.283,328.259,314.799,294.602,270.982,246.819,224.079,203.826,186.463,171.989,160.202,150.82,143.549,138.113,134.267,131.799,130.518,130.254,130.841,132.115,133.904,136.02,138.259,140.404,142.231,143.523,144.088,143.779,142.509,140.26,137.083,133.092,128.439,123.3,117.854,112.267,106.683,101.218,95.9624,90.9793,86.3119,81.9863,78.016,74.406,71.1561,68.2637,65.7261,63.5422,61.7142,60.2485,59.1565,58.4537,58.1583,58.2854,58.8372,59.7854,61.0445,62.4425,63.7026,64.4676,64.3907,63.2683,61.1351,58.2435,54.9454,51.5656,48.3338,45.377,42.744,40.4355,38.4274,36.6857,35.1747,33.8614,32.7164,31.7149,30.8358,30.0618,29.3785,28.7738,28.2379,27.7624,27.3404,26.9662,26.6349,26.3422,26.0847,25.8595,25.6639,25.4957,25.3532,25.2347,25.1389,25.0646,25.0107,24.9766,24.9616,24.9651,24.9868,25.0263,25.0834,25.1582,25.2507,25.361,25.4894,25.6362,25.802,25.9873,26.1928,26.4193,26.6679,26.9396,27.2358,27.5578,27.9073,28.2862,28.6964,29.1404,29.6207,30.1403,30.7026,31.3114,31.9709,32.6861,33.4623,34.3062,35.2248,36.2267,37.3216,38.5208,39.8374,41.2869,42.8875,44.6606,46.6319,48.8317,51.2964,54.0696,57.2035,60.7607,64.8156,69.4556,74.781,80.9022,87.9317,95.9687,105.073,115.235,126.355,138.27,150.853,164.156,178.489,194.339,212.115,231.853,252.915,273.77,291.985,304.609,309.028,303.997,290.197,269.91,246.062,221.291,197.466,
 ,1,213.473,236.113,259.779,282.777,302.639,316.498,321.938,317.956,305.424,286.68,264.579,241.617,219.522,199.248,181.169,165.301,151.473,139.444,128.96,119.791,111.735,104.624,98.3174,92.7,87.6749,83.1613,79.091,75.4064,72.0583,69.005,66.2105,63.6443,61.2801,59.0954,57.0707,55.1894,53.4368,51.8007,50.2699,48.8351,47.488,46.2213,45.0288,43.9046,42.844,41.8424,40.8961,40.0014,39.1553,38.3549,37.5977,36.8815,36.2042,35.564,34.9592,34.3883,33.8499,33.3428,32.8658,32.418,31.9984,31.6063,31.241,30.9017,30.588,30.2994,30.0355,29.7961,29.5808,29.3894,29.2221,29.0786,28.9591,28.8638,28.7929,28.7468,28.7259,28.7307,28.762,28.8204,28.9069,29.0226,29.1686,29.3464,29.5575,29.8037,30.0872,30.4101,30.775,31.185,31.6433,32.1536,32.7201,33.3476,34.0413,34.8072,35.6518,36.5827,37.608,38.737,39.9796,41.3468,42.8507,44.504,46.3203,48.3143,50.5012,52.8976,55.5213,58.393,61.5373,64.9845,68.7728,72.9491,77.5671,82.6817,88.3372,94.5496,101.288,108.469,115.978,123.734,131.781,140.344,149.825,160.711,173.456,188.376,205.533,224.606,244.738,264.416,281.494,293.539,298.505,295.502,285.169,269.397,250.597,230.979,212.167,195.138,180.354,167.932,157.796,149.775,143.666,139.268,136.393,134.874,134.555,135.291,136.935,139.329,142.297,145.633,149.099,152.428,155.333,157.527,158.748,158.795,157.549,154.993,151.211,146.37,140.694,134.432,127.83,121.107,114.446,107.988,101.835,96.0544,90.6858,85.7486,81.2472,77.1766,73.5264,70.2842,67.4376,64.9765,62.8938,61.1866,59.856,58.9064,58.3427,58.1658,58.3631,58.8943,59.6728,60.5462,61.2902,61.6325,61.3195,60.2052,58.3115,55.8153,52.9723,50.0305,47.1769,44.5252,42.1284,39.9981,38.1227,36.4792,35.0408,33.7811,32.6761,31.7043,30.8477,30.0907,29.4203,28.8256,28.2974,27.828,27.4109,27.0407,26.7125,26.4226,26.1675,25.9443,25.7506,25.5841,25.4432,25.3262,25.2318,25.1589,25.1064,25.0736,25.0599,25.0647,25.0876,25.1284,25.1868,25.2628,25.3564,25.4679,25.5974,25.7454,25.9122,26.0985,26.305,26.5325,26.782,27.0546,27.3515,27.6742,28.0243,28.4037,28.8142,29.2584,29.7386,30.258,30.8196,31.4273,32.0851,32.7979,33.5711,34.4108,35.324,36.319,37.405,38.5929,39.8952,41.3268,42.9048,44.6494,46.5848,48.7391,51.146,53.8456,56.8851,60.3208,64.2183,68.6534,73.711,79.4821,86.0562,93.5078,101.877,111.151,121.25,132.058,143.491,155.588,168.554,182.69,198.206,215.007,232.475,249.34,263.725,273.463,276.7,272.566,261.53,245.2,225.709,205.079,184.843,
 ,0,225.521,251.657,279.511,307.114,331.382,348.553,355.334,350.336,334.766,311.82,285.258,258.214,232.704,209.725,189.562,172.102,157.053,144.071,132.831,123.05,114.491,106.963,100.309,94.4022,89.135,84.4191,80.18,76.3541,72.8878,69.7351,66.8569,64.2199,61.7956,59.5595,57.4907,55.5713,53.7858,52.1208,50.5647,49.1077,47.7409,46.4567,45.2484,44.1102,43.0369,42.0239,41.0671,40.163,39.3082,38.4999,37.7355,37.0127,36.3293,35.6835,35.0735,34.4978,33.9549,33.4437,32.963,32.5117,32.089,31.6939,31.3259,30.9841,30.6682,30.3775,30.1118,29.8707,29.6538,29.4612,29.2927,29.1483,29.028,28.9321,28.8608,28.8144,28.7935,28.7985,28.8301,28.8891,28.9765,29.0933,29.2409,29.4205,29.6338,29.8828,30.1694,30.4962,30.8657,31.2812,31.7459,32.2638,32.8394,33.4777,34.1842,34.9654,35.8283,36.781,37.8324,38.9925,40.2723,41.6839,43.2402,44.9553,46.8437,48.9206,51.2014,53.702,56.4385,59.4285,62.693,66.2587,70.1613,74.4478,79.1761,84.4085,90.1958,96.5523,103.424,110.669,118.076,125.452,132.744,140.145,148.065,157.008,167.418,179.557,193.42,208.66,224.513,239.761,252.8,261.91,265.701,263.575,255.947,244.084,229.663,214.308,199.301,185.492,173.357,163.095,154.729,148.19,143.363,140.12,138.336,137.892,138.675,140.573,143.462,147.199,151.606,156.459,161.481,166.339,170.659,174.052,176.156,176.683,175.468,172.495,167.894,161.918,154.895,147.18,139.108,130.97,122.993,115.344,108.136,101.434,95.2682,89.6465,84.5589,79.986,75.904,72.2876,69.1127,66.3581,64.0063,62.0437,60.4606,59.2497,58.4034,57.9091,57.7421,57.8544,58.1626,58.5375,58.8045,58.7646,58.2401,57.1302,55.4468,53.3066,50.8854,48.3629,45.8837,43.5441,41.3962,39.4592,37.7313,36.1995,34.8454,33.6495,32.5928,31.6579,30.8295,30.0942,29.4408,28.8594,28.3418,27.8808,27.4706,27.106,26.7826,26.4967,26.245,26.0249,25.8339,25.6699,25.5313,25.4164,25.3239,25.2529,25.2022,25.1712,25.1591,25.1655,25.1899,25.2321,25.2919,25.3692,25.4642,25.5768,25.7075,25.8565,26.0243,26.2115,26.4189,26.6471,26.8973,27.1704,27.4678,27.7908,28.1411,28.5204,28.9307,29.3743,29.8537,30.3719,30.9318,31.5372,32.1922,32.9012,33.6695,34.5031,35.4086,36.3939,37.4679,38.6407,39.9244,41.3327,42.8817,44.5903,46.4804,48.578,50.9135,53.5227,56.4475,59.7367,63.4463,67.6396,72.3857,77.7559,83.8174,90.6231,98.1976,106.526,115.55,125.191,135.395,146.184,157.67,170,183.232,197.182,211.288,224.545,235.567,242.836,245.092,241.757,233.141,220.33,204.815,188.079,171.322,
 ,-1,234.891,263.883,295.241,326.795,354.936,375.077,383.089,377.201,358.951,332.355,302.015,271.606,243.363,218.272,196.514,177.847,161.866,148.144,136.297,126.006,117.015,109.12,102.154,95.982,90.4926,85.5905,81.1956,77.2397,73.6645,70.4205,67.4655,64.7635,62.2839,60.0006,57.8912,55.9366,54.1205,52.4287,50.849,49.3711,47.9856,46.6848,45.4616,44.3099,43.2244,42.2003,41.2334,40.32,39.4568,38.6408,37.8693,37.1399,36.4504,35.799,35.1838,34.6034,34.0561,33.5408,33.0563,32.6015,32.1755,31.7775,31.4067,31.0624,30.7441,30.4513,30.1836,29.9407,29.7223,29.5283,29.3585,29.2129,29.0918,28.9951,28.9231,28.8763,28.8551,28.86,28.8917,28.951,29.0389,29.1565,29.305,29.486,29.7011,29.9521,30.2413,30.5712,30.9445,31.3645,31.8347,32.3592,32.9427,33.5906,34.3087,35.1038,35.9837,36.957,38.0334,39.2239,40.5407,41.9969,43.6072,45.3869,47.352,49.5187,51.9027,54.5188,57.3806,60.5009,63.894,67.5785,71.5829,75.9499,80.7385,86.0177,91.8486,98.2501,105.154,112.37,119.595,126.521,133.003,139.198,145.54,152.564,160.717,170.231,181.066,192.885,205.039,216.575,226.325,233.101,235.975,234.551,229.089,220.418,209.674,198.015,186.418,175.592,165.986,157.841,151.255,146.238,142.753,140.739,140.133,140.869,142.881,146.097,150.426,155.748,161.891,168.615,175.597,182.423,188.601,193.594,196.889,198.068,196.892,193.343,187.627,180.127,171.326,161.729,151.795,141.901,132.327,123.265,114.829,107.075,100.016,93.6389,87.9139,82.8022,78.2621,74.2526,70.7356,67.6771,65.0481,62.8238,60.9835,59.5087,58.3804,57.5754,57.0597,56.7822,56.6663,56.6054,56.4672,56.1092,55.4094,54.2985,52.7812,50.9312,48.8648,46.7068,44.5647,42.5159,40.6074,38.8617,37.284,35.8687,34.6046,33.4781,32.475,31.5817,30.7856,30.0758,29.4425,28.8771,28.3724,27.9219,27.5204,27.1629,26.8456,26.5649,26.3178,26.1016,25.9142,25.7534,25.6177,25.5055,25.4156,25.3469,25.2985,25.2695,25.2594,25.2677,25.2939,25.3377,25.3991,25.4779,25.5742,25.6881,25.8199,25.9699,26.1387,26.3267,26.5347,26.7635,27.0141,27.2875,27.585,27.9079,28.2579,28.6366,29.0461,29.4886,29.9665,30.4826,31.0399,31.6421,32.2928,32.9967,33.7586,34.5843,35.48,36.4533,37.5124,38.667,39.9282,41.3087,42.8233,44.4893,46.3267,48.3585,50.6119,53.1182,55.9133,59.0387,62.5407,66.4704,70.8819,75.829,81.36,87.5102,94.2931,101.694,109.671,118.172,127.157,136.627,146.623,157.184,168.269,179.652,190.851,201.095,209.397,214.719,216.232,213.562,206.91,196.994,184.828,171.47,157.828,
 ,-2,240.513,271.197,304.666,338.64,369.198,391.229,400.061,393.67,373.814,345.045,312.498,280.177,250.423,224.194,201.585,182.261,165.742,151.553,139.285,128.609,119.269,111.061,103.822,97.4154,91.7268,86.6575,82.1229,78.0505,74.3781,71.0527,68.0292,65.2693,62.7404,60.4148,58.2689,56.2826,54.4387,52.7224,51.1211,49.6238,48.2211,46.9047,45.6674,44.5029,43.4057,42.3711,41.3944,40.4721,39.6007,38.7771,37.9986,37.2627,36.5673,35.9104,35.2901,34.7049,34.1532,33.6338,33.1455,32.6872,32.258,31.8569,31.4833,31.1364,30.8158,30.5208,30.251,30.0063,29.7862,29.5906,29.4194,29.2726,29.1503,29.0527,28.9799,28.9325,28.9107,28.9152,28.9467,29.006,29.094,29.212,29.3611,29.5428,29.759,30.0115,30.3026,30.6348,31.011,31.4345,31.9091,32.4391,33.0292,33.6852,34.4134,35.2209,36.1161,37.1084,38.2083,39.4279,40.7807,42.2815,43.9467,45.7936,47.8402,50.1043,52.6024,55.3485,58.3527,61.6212,65.1573,68.9658,73.06,77.4704,82.2503,87.4722,93.2078,99.4867,106.239,113.244,120.135,126.515,132.165,137.214,142.107,147.403,153.551,160.767,169.003,177.958,187.097,195.694,202.908,207.923,210.123,209.242,205.444,199.262,191.458,182.845,174.151,165.947,158.635,152.469,147.591,144.071,141.933,141.181,141.806,143.8,147.148,151.826,157.789,164.949,173.155,182.16,191.592,200.938,209.547,216.677,221.584,223.652,222.521,218.175,210.935,201.385,190.241,178.219,165.94,153.89,142.403,131.685,121.843,112.907,104.863,97.6681,91.263,85.5838,80.5672,76.153,72.2869,68.9211,66.0137,63.5288,61.435,59.7034,58.3057,57.21,56.3772,55.7555,55.2766,54.8543,54.3889,53.7787,52.9393,51.8225,50.4279,48.8001,47.014,45.154,43.2969,41.5022,39.81,38.2424,36.8083,35.5073,34.3336,33.2782,32.3311,31.482,30.721,30.0391,29.4281,28.8809,28.3909,27.9527,27.5612,27.2124,26.9023,26.6279,26.3863,26.175,25.9918,25.835,25.7029,25.594,25.5071,25.4413,25.3955,25.369,25.3612,25.3716,25.3999,25.4456,25.5087,25.5891,25.6869,25.8021,25.935,26.0861,26.2557,26.4444,26.653,26.8821,27.1329,27.4063,27.7035,28.026,28.3752,28.753,29.1611,29.6018,30.0775,30.5908,31.1447,31.7425,32.3881,33.0856,33.8397,34.6559,35.5401,36.4992,37.5411,38.6746,39.9101,41.2591,42.7351,44.3536,46.1324,48.0919,50.2556,52.6503,55.3064,58.258,61.5425,65.2,69.2715,73.7961,78.8072,84.327,90.3613,96.8963,103.901,111.336,119.168,127.378,135.959,144.883,154.053,163.242,172.05,179.904,186.111,189.976,190.959,188.821,183.695,176.051,166.572,155.998,145,
 ,-3,241.715,272.575,306.259,340.482,371.302,393.569,402.571,396.266,376.433,347.666,315.141,282.878,253.21,227.071,204.52,185.195,168.596,154.249,141.76,130.828,121.222,112.759,105.288,98.6793,92.8178,87.6034,82.9479,78.775,75.019,71.6238,68.5417,65.7321,63.1608,60.7986,58.621,56.6069,54.7384,53.0004,51.3796,49.8647,48.4462,47.1154,45.865,44.6886,43.5804,42.5356,41.5497,40.6188,39.7395,38.9085,38.1232,37.3811,36.6798,36.0174,35.392,34.8021,34.2461,33.7226,33.2305,32.7687,32.3362,31.9321,31.5556,31.2061,30.883,30.5857,30.3139,30.0672,29.8453,29.648,29.4753,29.3272,29.2036,29.1049,29.0311,28.9827,28.9602,28.964,28.995,29.0539,29.1417,29.2595,29.4087,29.5908,29.8075,30.0608,30.353,30.6866,31.0648,31.4908,31.9687,32.5027,33.0981,33.7606,34.497,35.3151,36.2235,37.2326,38.3539,39.6005,40.9876,42.5319,44.2519,46.1676,48.2998,50.6688,53.2929,56.186,59.3548,62.7964,66.499,70.4453,74.6229,79.0379,83.7275,88.7612,94.2201,100.149,106.491,113.025,119.363,125.073,129.902,133.948,137.643,141.531,146.046,151.393,157.531,164.208,171.001,177.362,182.69,186.424,188.15,187.689,185.143,180.856,175.339,169.16,162.856,156.88,151.576,147.193,143.897,141.799,140.973,141.475,143.353,146.652,151.416,157.678,165.452,174.703,185.317,197.056,209.507,222.045,233.814,243.782,250.866,254.144,253.067,247.617,238.299,226.007,211.797,196.682,181.494,166.838,153.099,140.48,129.059,118.826,109.721,101.658,94.5435,88.2804,82.7791,77.9577,73.7439,70.0745,66.8947,64.1573,61.8207,59.8471,58.2003,56.8423,55.7308,54.8156,54.0366,53.3238,52.6015,51.7961,50.8478,49.7216,48.4138,46.9501,45.3773,43.7511,42.125,40.5434,39.038,37.629,36.3263,35.1326,34.0456,33.06,32.1689,31.3648,30.6401,29.9876,29.4005,28.8729,28.3991,27.9744,27.5943,27.2552,26.9535,26.6863,26.451,26.2454,26.0673,25.9151,25.7872,25.6822,25.5989,25.5363,25.4936,25.47,25.4649,25.4778,25.5083,25.5562,25.6212,25.7034,25.8027,25.9193,26.0534,26.2054,26.3758,26.5651,26.7741,27.0034,27.2541,27.5272,27.8239,28.1455,28.4936,28.8699,29.2762,29.7145,30.1873,30.6971,31.2468,31.8396,32.479,33.169,33.9142,34.7195,35.5906,36.5339,37.5566,38.6669,39.8741,41.1888,42.623,44.1905,45.9067,47.7895,49.8589,52.1374,54.6501,57.4245,60.49,63.8772,67.6164,71.735,76.2551,81.1893,86.5382,92.2884,98.4146,104.884,111.662,118.718,126.013,133.483,141.011,148.388,155.295,161.309,165.95,168.756,169.375,167.657,163.69,157.783,150.396,142.042,133.211,
 ,-4,238.433,267.92,299.88,332.122,360.981,381.773,390.27,384.657,366.526,339.999,309.783,279.598,251.656,226.867,205.31,186.652,170.433,156.23,143.714,132.648,122.854,114.19,106.529,99.7513,93.746,88.4115,83.6569,79.4022,75.5786,72.127,68.9974,66.1475,63.5415,61.1492,58.945,56.9075,55.018,53.2611,51.6232,50.0928,48.6601,47.3162,46.0538,44.8663,43.7479,42.6936,41.6988,40.7598,39.8728,39.0347,38.2428,37.4945,36.7875,36.1198,35.4894,34.8948,34.3345,33.807,33.3111,32.8458,32.4099,32.0028,31.6234,31.2713,30.9456,30.6461,30.3721,30.1233,29.8996,29.7006,29.5262,29.3765,29.2516,29.1515,29.0765,29.027,29.0035,29.0064,29.0366,29.0947,29.1819,29.2992,29.448,29.6298,29.8464,30.0997,30.3922,30.7265,31.1056,31.533,32.0128,32.5495,33.1484,33.8157,34.5584,35.3846,36.3039,37.3271,38.4668,39.7375,41.156,42.7412,44.5142,46.4984,48.7182,51.1979,53.9591,57.0171,60.3757,64.0224,67.9251,72.0357,76.3017,80.6889,85.2049,89.9084,94.8901,100.219,105.865,111.64,117.188,122.105,126.142,129.373,132.173,135.027,138.325,142.253,146.79,151.737,156.77,161.482,165.446,168.273,169.682,169.552,167.945,165.088,161.326,157.059,152.684,148.555,144.967,142.149,140.28,139.496,139.912,141.627,144.742,149.359,155.582,163.515,173.243,184.808,198.16,213.099,229.193,245.697,261.506,275.194,285.191,290.103,289.09,282.127,270.009,254.097,235.943,216.959,198.24,180.514,164.192,149.45,136.307,124.688,114.471,105.515,97.6805,90.8327,84.8519,79.6318,75.0807,71.1193,67.6799,64.7043,62.1416,59.9462,58.0754,56.487,55.137,53.9774,52.9552,52.013,51.0919,50.137,49.1043,47.9671,46.719,45.3739,43.9599,42.513,41.0695,39.6612,38.3126,37.0404,35.8542,34.758,33.7516,32.8323,31.9954,31.2357,30.5474,29.9248,29.3625,28.8554,28.3988,27.9886,27.6209,27.2923,26.9999,26.7408,26.5127,26.3134,26.1412,25.9942,25.8711,25.7705,25.6913,25.6326,25.5934,25.5731,25.571,25.5867,25.6198,25.67,25.7371,25.8211,25.9221,26.0401,26.1755,26.3285,26.4996,26.6894,26.8986,27.1279,27.3783,27.6508,27.9466,28.2671,28.6137,28.988,29.3919,29.8274,30.2968,30.8025,31.3472,31.9341,32.5665,33.2482,33.9834,34.7768,35.6336,36.5597,37.5618,38.6473,39.8245,41.1029,42.4932,44.0074,45.6589,47.4628,49.436,51.5971,53.9663,56.5654,59.4169,62.5437,65.9672,69.7061,73.7739,78.1765,82.9106,87.9628,93.3098,98.9213,104.762,110.791,116.956,123.177,129.335,135.252,140.674,145.297,148.786,150.833,151.209,149.82,146.725,142.131,136.346,129.73,122.635,
 ,-5,231.238,258.107,286.835,315.423,340.712,358.819,366.339,361.837,346.586,323.918,297.725,271.194,246.302,223.919,204.163,186.759,171.325,157.529,145.148,134.049,124.136,115.323,107.515,100.607,94.4909,89.0657,84.2372,79.9223,76.0491,72.5563,69.3918,66.5118,63.8796,61.464,59.2392,57.1828,55.2762,53.5035,51.8511,50.3073,48.8619,47.5064,46.2332,45.0355,43.9076,42.8444,41.8414,40.8945,40.0002,39.1554,38.3571,37.6028,36.8903,36.2173,35.5821,34.9829,34.4183,33.8868,33.3871,32.9183,32.4792,32.0689,31.6867,31.3319,31.0037,30.7017,30.4255,30.1747,29.9489,29.7481,29.572,29.4207,29.2942,29.1926,29.1162,29.0654,29.0406,29.0423,29.0713,29.1284,29.2145,29.3309,29.4787,29.6597,29.8755,30.1283,30.4202,30.7542,31.1332,31.5608,32.0411,32.5789,33.1796,33.8496,34.5962,35.4281,36.3551,37.389,38.5434,39.8341,41.2795,42.9011,44.7229,46.7722,49.0781,51.6702,54.5755,57.8129,61.3857,65.2718,69.4162,73.7298,78.1044,82.4457,86.7155,90.9559,95.2729,99.7726,104.477,109.256,113.83,117.867,121.157,123.746,125.927,128.086,130.543,133.463,136.837,140.522,144.276,147.805,150.805,153.006,154.215,154.352,153.454,151.676,149.256,146.479,143.642,141.025,138.875,137.405,136.793,137.196,138.756,141.614,145.917,151.822,159.501,169.135,180.901,194.937,211.296,229.853,250.193,271.472,292.299,310.74,324.542,331.618,330.679,321.692,305.89,285.329,262.25,238.586,215.726,194.509,175.334,158.308,143.355,130.31,118.97,109.128,100.588,93.1747,86.735,81.1371,76.2688,72.0352,68.3559,65.1621,62.3946,60.001,57.9338,56.1475,54.5974,53.2378,52.0213,50.8997,49.8258,48.757,47.6591,46.5104,45.3031,44.043,42.7462,41.4351,40.1338,38.8642,37.6446,36.488,35.4027,34.393,33.4599,32.602,31.8164,31.0994,30.4467,29.8538,29.3164,28.8303,28.3916,27.9966,27.6421,27.3249,27.0424,26.7922,26.5719,26.3798,26.2139,26.0729,25.9551,25.8595,25.7849,25.7305,25.6952,25.6786,25.6799,25.6988,25.7347,25.7875,25.8569,25.943,26.0458,26.1653,26.3019,26.4558,26.6276,26.8178,27.0271,27.2562,27.506,27.7777,28.0724,28.3913,28.736,29.108,29.5091,29.9412,30.4066,30.9076,31.4469,32.0272,32.652,33.3246,34.049,34.8296,35.6712,36.5792,37.5596,38.6192,39.7653,41.0064,42.3517,43.8117,45.3977,47.1226,49.0002,51.0456,53.2747,55.7045,58.3518,61.2331,64.3632,67.7539,71.4125,75.34,79.5303,83.9692,88.6344,93.4966,98.5194,103.658,108.853,114.024,119.063,123.818,128.096,131.674,134.321,135.827,136.045,134.913,132.475,128.868,124.303,119.033,113.311,
 ,-6,221.147,244.661,269.345,293.473,314.501,329.456,335.824,332.576,320.652,302.524,281.171,259.137,238.087,218.8,201.408,185.69,171.344,158.154,146.037,134.989,125.022,116.117,108.212,101.217,95.0315,89.5503,84.6774,80.3269,76.4245,72.9071,69.7213,66.8224,64.1731,61.7417,59.502,57.4318,55.512,53.7268,52.0625,50.5073,49.0513,47.6856,46.4026,45.1958,44.0592,42.9877,41.9769,41.0228,40.1216,39.2702,38.4658,37.7058,36.9878,36.3097,35.6697,35.0661,34.4972,33.9618,33.4584,32.9861,32.5437,32.1304,31.7453,31.3877,31.057,30.7526,30.4741,30.2211,29.9934,29.7906,29.6126,29.4595,29.3313,29.2281,29.1501,29.0978,29.0715,29.0717,29.0992,29.1549,29.2396,29.3545,29.501,29.6805,29.895,30.1463,30.4369,30.7696,31.1473,31.5739,32.0533,32.5905,33.1911,33.8615,34.6095,35.4439,36.3753,37.4158,38.5801,39.8854,41.3517,43.0027,44.8659,46.9726,49.3574,52.0565,55.1042,58.526,62.3278,66.4808,70.9058,75.4655,79.9796,84.273,88.2447,91.9173,95.4249,98.9329,102.536,106.189,109.704,112.84,115.437,117.513,119.269,120.981,122.891,125.125,127.69,130.484,133.335,136.034,138.367,140.148,141.244,141.601,141.247,140.289,138.896,137.277,135.659,134.266,133.307,132.976,133.452,134.901,137.49,141.392,146.796,153.916,162.989,174.283,188.075,204.628,224.126,246.573,271.624,298.376,325.144,349.388,367.949,377.773,376.919,365.34,344.908,318.647,289.714,260.665,233.194,208.208,186.042,166.68,149.919,135.478,123.057,112.373,103.173,95.2364,88.3759,82.4341,77.2793,72.8012,68.9076,65.5204,62.5731,60.0077,57.7726,55.82,54.1052,52.5842,51.2142,49.9534,48.7626,47.6071,46.4591,45.2998,44.1204,42.9214,41.7112,40.5028,39.3116,38.1522,37.0375,35.9773,34.9782,34.0441,33.1763,32.3743,31.6364,30.9597,30.3412,29.7774,29.2648,28.7998,28.3792,27.9999,27.659,27.3538,27.0819,26.8412,26.6294,26.445,26.2862,26.1516,26.0398,25.9498,25.8803,25.8306,25.7998,25.7872,25.7923,25.8146,25.8537,25.9094,25.9814,26.0697,26.1744,26.2955,26.4333,26.5882,26.7606,26.951,27.1602,27.3889,27.638,27.9086,28.2018,28.5189,28.8612,29.2305,29.6283,30.0567,30.5177,31.0135,31.5467,32.12,32.7365,33.3994,34.1125,34.8797,35.7055,36.5948,37.553,38.586,39.7007,40.904,42.2043,43.6103,45.1317,46.779,48.5634,50.4971,52.5923,54.8618,57.318,59.9722,62.834,65.9101,69.2032,72.7111,76.4252,80.3306,84.4055,88.6211,92.941,97.3196,101.699,106.003,110.137,113.979,117.379,120.175,122.205,123.328,123.444,122.515,120.571,117.708,114.072,109.839,105.195,
 ,-7,209.342,229.28,249.782,269.435,286.301,298.24,303.516,301.443,292.681,278.961,262.434,245.018,228.03,212.109,197.353,183.559,170.489,158.044,146.292,135.382,125.44,116.513,108.576,101.554,95.3477,89.8517,84.9684,80.6099,76.7007,73.1767,69.9841,67.0781,64.421,61.9814,59.7331,57.6539,55.725,53.9306,52.2571,50.6928,49.2278,47.8533,46.5618,45.3468,44.2023,43.1233,42.1053,41.1442,40.2365,39.379,38.5687,37.8031,37.0799,36.3969,35.7522,35.1442,34.5712,34.0319,33.5249,33.0491,32.6035,32.1871,31.7991,31.4388,31.1055,30.7987,30.5179,30.2627,30.0328,29.8279,29.648,29.493,29.363,29.258,29.1783,29.1241,29.0961,29.0946,29.1204,29.1742,29.2571,29.3702,29.5147,29.6923,29.9047,30.1539,30.4423,30.7727,31.1481,31.5722,32.0493,32.5841,33.1825,33.851,34.5975,35.4311,36.3627,37.4052,38.5739,39.8869,41.366,43.037,44.9303,47.0814,49.5304,52.3209,55.4956,59.0891,63.1135,67.5371,72.2591,77.0912,81.7699,86.0212,89.6672,92.7116,95.3329,97.7793,100.237,102.752,105.23,107.514,109.482,111.13,112.575,113.994,115.548,117.329,119.343,121.525,123.753,125.883,127.766,129.273,130.317,130.861,130.929,130.599,129.996,129.279,128.623,128.212,128.227,128.846,130.243,132.592,136.077,140.899,147.285,155.495,165.836,178.655,194.341,213.291,235.85,262.189,292.094,324.665,357.96,388.772,412.862,425.931,425.17,410.517,384.689,351.955,316.574,281.785,249.554,220.791,195.706,174.12,155.673,139.952,126.556,115.123,105.342,96.948,89.7226,83.4844,78.0836,73.3963,69.3199,65.7685,62.6692,59.9596,57.585,55.4963,53.6485,51.9996,50.5098,49.142,47.8623,46.6414,45.4553,44.2873,43.1275,41.9733,40.8276,39.6973,38.5915,37.5194,36.4898,35.5095,34.5834,33.7147,32.9046,32.153,31.4587,30.8198,30.2337,29.6979,29.2094,28.7653,28.363,27.9996,27.6727,27.38,27.1193,26.8886,26.686,26.5098,26.3587,26.2311,26.1258,26.0418,25.978,25.9335,25.9076,25.8996,25.9089,25.935,25.9776,26.0364,26.1111,26.2019,26.3086,26.4313,26.5705,26.7263,26.8992,27.0898,27.2988,27.5269,27.775,28.0442,28.3356,28.6505,28.9902,29.3563,29.7505,30.1747,30.6307,31.1209,31.6477,32.2135,32.8213,33.4741,34.1754,34.9289,35.7386,36.6089,37.5446,38.5512,39.6344,40.8006,42.0566,43.4099,44.8685,46.441,48.1365,49.9642,51.9336,54.054,56.334,58.7811,61.4008,64.1961,67.1665,70.3071,73.6077,77.053,80.6214,84.2849,88.0084,91.7483,95.4502,99.0465,102.457,105.583,108.311,110.522,112.1,112.949,113.001,112.232,110.664,108.364,105.435,102.002,98.2014,
 ,-8,196.91,213.443,230.092,245.751,259.006,268.385,272.74,271.641,265.541,255.615,243.357,230.151,216.98,204.314,192.178,180.352,168.636,157.033,145.758,135.101,125.293,116.447,108.567,101.591,95.4229,89.9603,85.1045,80.7682,76.8761,73.3644,70.1801,67.2788,64.6234,62.1832,59.9324,57.8492,55.9152,54.1148,52.4347,50.8634,49.3912,48.0094,46.7106,45.4883,44.3367,43.2508,42.2261,41.2586,40.3448,39.4813,38.6655,37.8946,37.1663,36.4785,35.8294,35.217,34.64,34.0969,33.5863,33.1071,32.6583,32.2389,31.848,31.485,31.1491,30.8398,30.5566,30.2991,30.0671,29.8601,29.6782,29.5212,29.3892,29.2822,29.2006,29.1445,29.1145,29.111,29.1347,29.1864,29.2671,29.3779,29.52,29.6951,29.9047,30.1511,30.4364,30.7635,31.1354,31.5558,32.0289,32.5596,33.1536,33.8177,34.5596,35.3888,36.3164,37.3555,38.5219,39.8348,41.3168,42.9956,44.9039,47.0806,49.5709,52.4246,55.6931,59.4203,63.6266,68.2814,73.2674,78.3495,83.1809,87.3839,90.6986,93.1129,94.8614,96.2869,97.6726,99.1498,100.702,102.233,103.653,104.936,106.132,107.341,108.655,110.133,111.778,113.544,115.351,117.097,118.683,120.02,121.053,121.758,122.158,122.314,122.321,122.304,122.406,122.778,123.58,124.977,127.136,130.237,134.475,140.072,147.284,156.414,167.824,181.938,199.243,220.269,245.524,275.364,309.747,347.838,387.505,424.915,454.693,471.157,470.493,452.619,421.23,381.985,340.302,300.066,263.447,231.293,203.65,180.152,160.281,143.496,129.299,117.256,107.006,98.2451,90.7281,84.2533,78.6561,73.8016,69.5788,65.8953,62.6738,59.8486,57.3626,55.166,53.2139,51.4657,49.8842,48.4354,47.0893,45.8198,44.6057,43.4313,42.2864,41.1659,40.0693,38.9991,37.9601,36.9577,35.9972,35.0831,34.2188,33.4064,32.647,31.9404,31.2859,30.6818,30.1263,29.6171,29.152,28.7285,28.3442,27.9969,27.6844,27.4045,27.1553,26.9351,26.7422,26.5749,26.4319,26.3119,26.2138,26.1364,26.0787,26.04,26.0195,26.0164,26.0303,26.0606,26.107,26.1692,26.2471,26.3404,26.4493,26.5738,26.7143,26.871,27.0444,27.2351,27.4437,27.671,27.9179,28.1854,28.4747,28.787,29.1237,29.4863,29.8765,30.296,30.7468,31.231,31.7508,32.3088,32.9076,33.5501,34.2394,34.9789,35.7724,36.6237,37.5374,38.5179,39.5704,40.7003,41.9135,43.2162,44.615,46.1167,47.7285,49.4574,51.3104,53.294,55.414,57.6747,60.0787,62.6263,65.3142,68.1359,71.0805,74.1319,77.2694,80.4661,83.689,86.8977,90.0431,93.0666,95.9017,98.4698,100.683,102.454,103.7,104.352,104.365,103.723,102.443,100.573,98.1845,95.37,92.2285,
 ,-9,184.694,198.22,211.573,223.92,234.262,241.612,245.234,244.871,240.834,233.911,225.118,215.422,205.516,195.705,185.933,175.953,165.586,154.912,144.255,134.012,124.495,115.864,108.152,101.31,95.2497,89.8732,85.0859,80.8032,76.9525,73.4721,70.3109,67.4259,64.7816,62.3483,60.1008,58.0183,56.0829,54.2796,52.5954,51.0192,49.5414,48.1537,46.8487,45.6201,44.4622,43.3701,42.3392,41.3658,40.4462,39.5772,38.756,37.98,37.2468,36.5545,35.9009,35.2845,34.7035,34.1567,33.6426,33.16,32.708,32.2856,31.8919,31.5261,31.1877,30.8759,30.5903,30.3305,30.0962,29.8871,29.7031,29.544,29.4098,29.3008,29.2171,29.1589,29.1267,29.1209,29.1423,29.1916,29.2698,29.3778,29.517,29.6889,29.8952,30.138,30.4194,30.7422,31.1095,31.5249,31.9925,32.5171,33.1046,33.7615,34.4958,35.3167,36.2355,37.2655,38.4226,39.7264,41.2001,42.8722,44.7769,46.9554,49.4556,52.3322,55.6424,59.4372,63.7438,68.5339,73.6794,78.9103,83.8139,87.9266,90.9204,92.7717,93.7663,94.3295,94.8257,95.454,96.2546,97.1749,98.1429,99.1182,100.107,101.15,102.293,103.562,104.957,106.444,107.968,109.461,110.855,112.093,113.14,113.985,114.649,115.182,115.662,116.189,116.883,117.873,119.302,121.32,124.093,127.798,132.638,138.848,146.705,156.541,168.76,183.841,202.35,224.92,252.194,284.688,322.521,364.953,409.745,452.58,487.127,506.479,505.905,485.302,449.257,404.666,357.925,313.422,273.441,238.744,209.214,184.329,163.437,145.898,131.137,118.668,108.09,99.0742,91.3534,84.7124,78.9759,74.0015,69.6722,65.8915,62.5791,59.6669,57.0969,54.8187,52.788,50.9655,49.3158,47.8076,46.4132,45.1089,43.8754,42.6976,41.565,40.4711,39.4129,38.3901,37.4042,36.4579,35.554,34.695,33.883,33.1192,32.4042,31.7379,31.1193,30.5474,30.0204,29.5366,29.094,28.6905,28.3241,27.9929,27.6948,27.428,27.1909,26.9816,26.7988,26.6409,26.5066,26.3948,26.3043,26.2341,26.1832,26.1508,26.1361,26.1385,26.1574,26.1924,26.243,26.3089,26.39,26.4862,26.5974,26.7239,26.8657,27.0233,27.1971,27.3877,27.5957,27.822,28.0674,28.333,28.6198,28.9292,29.2626,29.6213,30.007,30.4216,30.8667,31.3446,31.8572,32.4071,32.9966,33.6286,34.3059,35.0315,35.8089,36.6417,37.5336,38.4889,39.5119,40.6071,41.7797,43.0346,44.3772,45.813,47.3473,48.9855,50.7324,52.5924,54.5689,56.664,58.8779,61.2088,63.652,66.1995,68.8397,71.5569,74.3309,77.1364,79.943,82.7141,85.4064,87.9698,90.3495,92.483,94.3024,95.742,96.7417,97.2529,97.244,96.7042,95.6462,94.1045,92.1324,89.7966,87.1713,
 ,-10,173.26,184.258,194.924,204.645,212.73,218.528,221.574,221.721,219.185,214.493,208.327,201.344,194.008,186.489,178.67,170.297,161.217,151.554,141.682,132.049,123.008,114.749,107.329,100.715,94.8341,89.5977,84.9194,80.7212,76.9353,73.5044,70.3803,67.5227,64.8981,62.4783,60.2397,58.1623,56.2291,54.4258,52.7398,51.1606,49.6787,48.2863,46.9762,45.7421,44.5787,43.4809,42.4444,41.4655,40.5404,39.6662,38.84,38.0591,37.3213,36.6245,35.9668,35.3463,34.7615,34.211,33.6935,33.2077,32.7526,32.3272,31.9307,31.5622,31.2212,30.9069,30.6189,30.3568,30.1202,29.9089,29.7226,29.5613,29.425,29.3138,29.2278,29.1673,29.1327,29.1245,29.1433,29.1898,29.265,29.3699,29.5058,29.6741,29.8764,30.1148,30.3915,30.7091,31.0706,31.4796,31.9401,32.4569,33.0357,33.6828,34.4062,35.2151,36.1203,37.1352,38.2756,39.5607,41.0138,42.6634,44.5438,46.6963,49.1697,52.0194,55.3043,59.0774,63.3673,68.1452,73.277,78.4751,83.2949,87.2317,89.924,91.3422,91.797,91.7561,91.6286,91.6556,91.9157,92.387,93.0126,93.7451,94.5643,95.4738,96.486,97.6076,98.8302,100.129,101.464,102.792,104.066,105.252,106.328,107.292,108.166,108.993,109.839,110.788,111.94,113.411,115.327,117.83,121.075,125.241,130.529,137.181,145.482,155.78,168.498,184.147,203.331,226.739,255.085,288.975,328.622,373.345,420.867,466.626,503.774,524.72,524.213,502.136,463.586,416.148,366.749,320.034,278.335,242.352,211.879,186.306,164.911,147.001,131.963,119.284,108.543,99.3975,91.5714,84.8418,79.0284,73.9849,69.5916,65.75,62.3782,59.4076,56.7798,54.4447,52.3587,50.4837,48.7861,47.2364,45.8088,44.4813,43.2359,42.058,40.937,39.8652,38.8383,37.8538,36.9112,36.0109,35.1539,34.3412,33.5738,32.8521,32.1762,31.5457,30.9599,30.4175,29.9172,29.4574,29.0364,28.6524,28.3036,27.9884,27.7049,27.4515,27.2266,27.0288,26.8565,26.7085,26.5836,26.4805,26.3982,26.3357,26.2921,26.2666,26.2583,26.2667,26.2912,26.3312,26.3864,26.4565,26.5412,26.6404,26.7542,26.8826,27.0259,27.1844,27.3585,27.5489,27.7561,27.9811,28.2247,28.488,28.7721,29.0782,29.4077,29.7622,30.1431,30.5523,30.9914,31.4626,31.9678,32.5094,33.0896,33.7109,34.3762,35.0882,35.85,36.6647,37.5359,38.467,39.4619,40.5246,41.6591,42.8696,44.1603,45.5356,46.9993,48.5554,50.2071,51.9569,53.8065,55.7562,57.8046,59.9482,62.1813,64.4951,66.8778,69.3138,71.784,74.2649,76.7286,79.1425,81.4689,83.6652,85.6864,87.4825,89.0005,90.1906,91.0083,91.4183,91.398,90.9403,90.0549,88.767,87.1162,85.1522,82.9308,
 ,-11,162.925,171.866,180.404,188.096,194.468,199.092,201.677,202.142,200.637,197.513,193.224,188.201,182.741,176.918,170.595,163.545,155.651,147.052,138.115,129.276,120.884,113.144,106.132,99.8349,94.1992,89.1521,84.6198,80.5337,76.8338,73.4686,70.394,67.5736,64.9764,62.5763,60.3513,58.2828,56.355,54.554,52.8684,51.2878,49.8033,48.4074,47.0931,45.8544,44.686,43.5832,42.5416,41.5575,40.6274,39.7483,38.9173,38.1318,37.3896,36.6885,36.0267,35.4023,34.8138,34.2598,33.7389,33.25,32.7918,32.3635,31.9642,31.5931,31.2495,30.9327,30.6424,30.3779,30.139,29.9254,29.7369,29.5733,29.4347,29.3212,29.2328,29.1698,29.1326,29.1217,29.1377,29.1812,29.2531,29.3545,29.4866,29.6507,29.8485,30.0819,30.353,30.6645,31.0192,31.4205,31.8725,32.3796,32.9475,33.5824,34.2918,35.0846,35.9716,36.9655,38.0816,39.3386,40.7588,42.3697,44.2042,46.302,48.7095,51.4792,54.6661,58.3184,62.4593,67.0546,71.9671,76.912,81.4553,85.1088,87.5237,88.6693,88.8429,88.4986,88.0439,87.7339,87.671,87.858,88.2537,88.8126,89.5026,90.3076,91.2205,92.2345,93.3372,94.5079,95.719,96.94,98.1423,99.3043,100.416,101.481,102.522,103.577,104.704,105.975,107.478,109.313,111.598,114.462,118.053,122.542,128.127,135.047,143.584,154.085,166.97,182.748,202.02,225.466,253.792,287.591,327.062,371.513,418.674,464.021,500.796,521.526,521.052,499.259,461.153,414.204,365.25,318.899,277.478,241.7,211.374,185.907,164.586,146.727,131.723,119.067,108.338,99.1971,91.3692,84.6322,78.8067,73.7465,69.3325,65.4664,62.0669,59.0656,56.405,54.0359,51.9157,50.0076,48.2796,46.7037,45.2557,43.9151,42.6645,41.49,40.3809,39.329,38.3287,37.3763,36.4697,35.608,34.7906,34.0174,33.2885,32.6036,31.9623,31.364,30.8079,30.2928,29.8174,29.3803,28.9801,28.615,28.2836,27.9842,27.7154,27.4756,27.2633,27.0772,26.916,26.7785,26.6634,26.5696,26.4961,26.442,26.4064,26.3883,26.3871,26.4021,26.4326,26.4782,26.5385,26.613,26.7017,26.8042,26.9207,27.0512,27.196,27.3553,27.5297,27.7197,27.926,28.1494,28.3909,28.6515,28.9324,29.2349,29.5602,29.91,30.2857,30.6891,31.1219,31.5861,32.0837,32.6167,33.1875,33.7983,34.4518,35.1505,35.8971,36.6946,37.546,38.4545,39.4233,40.4557,41.5552,42.725,43.9687,45.2893,46.6898,48.1728,49.7402,51.3933,53.1322,54.956,56.8621,58.8459,60.9008,63.0178,65.1848,67.387,69.6061,71.8204,74.0048,76.1301,78.1636,80.0694,81.8102,83.3456,84.6338,85.6364,86.3197,86.6574,86.6333,86.2422,85.4916,84.4006,82.9988,81.3238,79.4185,
 ,-12,153.827,161.128,168.008,174.149,179.227,182.96,185.165,185.795,184.957,182.879,179.859,176.172,171.997,167.354,162.121,156.122,149.287,141.748,133.824,125.892,118.269,111.154,104.635,98.7231,93.3843,88.5656,84.2088,80.2575,76.6609,73.3743,70.3598,67.5845,65.0209,62.6455,60.4382,58.3819,56.4619,54.6657,52.982,51.4015,49.9157,48.5172,47.1996,45.957,44.7843,43.6769,42.6306,41.6418,40.707,39.8232,38.9877,38.1978,37.4514,36.7462,36.0805,35.4524,34.8604,34.3029,33.7788,33.2867,32.8256,32.3945,31.9924,31.6187,31.2726,30.9534,30.6606,30.3938,30.1526,29.9366,29.7458,29.5799,29.439,29.323,29.2321,29.1665,29.1266,29.1128,29.1256,29.1658,29.2342,29.3317,29.4596,29.619,29.8117,30.0395,30.3043,30.6088,30.9556,31.3481,31.7901,32.286,32.8409,33.4611,34.1536,34.9269,35.7912,36.7585,37.8432,39.0629,40.4386,41.9955,43.764,45.78,48.0852,50.7253,53.7469,57.1875,61.0592,65.319,69.831,74.3316,78.4347,81.7171,83.8809,84.8982,85.0202,84.6391,84.1203,83.7072,83.5141,83.564,83.8338,84.2866,84.8895,85.6189,86.4586,87.3951,88.4139,89.4976,90.6263,91.7796,92.9399,94.0953,95.2431,96.392,97.564,98.7949,100.135,101.648,103.411,105.516,108.066,111.183,115.003,119.689,125.428,132.448,141.019,151.469,164.195,179.671,198.451,221.15,248.386,280.643,318.005,359.706,403.531,445.277,478.846,497.642,497.167,477.323,442.469,399.198,353.674,310.176,270.973,236.853,207.743,183.159,162.481,145.089,130.428,118.023,107.48,98.4767,90.7496,84.0859,78.3122,73.2872,68.8951,65.0402,61.6434,58.6381,55.9683,53.5861,51.4508,49.5269,47.7838,46.1951,44.7379,43.3927,42.1432,40.9758,39.8797,38.8466,37.8701,36.9457,36.0703,35.2416,34.4584,33.7195,33.0242,32.3717,31.7614,31.1922,30.6633,30.1735,29.7215,29.306,28.9257,28.579,28.2646,27.9811,27.727,27.5009,27.3016,27.1277,26.9781,26.8515,26.7468,26.663,26.599,26.5539,26.5268,26.5169,26.5234,26.5455,26.5828,26.6345,26.7003,26.7798,26.8728,26.979,27.0984,27.2312,27.3775,27.5376,27.7122,27.9016,28.1066,28.3282,28.5672,28.8248,29.1021,29.4003,29.721,30.0656,30.4357,30.8329,31.2591,31.716,32.2057,32.7301,33.2914,33.8919,34.5338,35.2196,35.9519,36.7331,37.5661,38.4535,39.3982,40.403,41.4708,42.6041,43.8057,45.0779,46.4227,47.8417,49.3359,50.9055,52.5495,54.2661,56.0517,57.9012,59.8073,61.7607,63.7498,65.76,67.7745,69.773,71.7327,73.628,75.4301,77.1085,78.6321,79.968,81.0823,81.9449,82.5299,82.8171,82.7942,82.4576,81.8129,80.8749,79.6662,78.2159,76.5573,
 ,-13,145.981,151.991,157.59,162.549,166.646,169.693,171.573,172.257,171.818,170.404,168.201,165.383,162.052,158.206,153.754,148.584,142.665,136.114,129.186,122.182,115.368,108.924,102.942,97.4519,92.441,87.8757,83.7141,79.913,76.4316,73.2334,70.2862,67.5621,65.0369,62.69,60.5035,58.4619,56.5519,54.7619,53.0817,51.5024,50.0162,48.616,47.2958,46.0499,44.8734,43.7619,42.7114,41.7182,40.779,39.8908,39.051,38.257,37.5065,36.7975,36.128,35.4963,34.9009,34.3402,33.8129,33.3178,32.8538,32.42,32.0153,31.639,31.2903,30.9687,30.6735,30.4044,30.1608,29.9426,29.7494,29.5812,29.4378,29.3193,29.2257,29.1574,29.1146,29.0978,29.1073,29.144,29.2085,29.3018,29.425,29.5794,29.7665,29.988,30.2459,30.5426,30.8806,31.2632,31.6939,32.177,32.7172,33.3204,33.9933,34.7438,35.5813,36.517,37.5641,38.7386,40.0595,41.5492,43.2344,45.146,47.3189,49.7899,52.5941,55.7557,59.2731,63.0955,67.094,71.0397,74.6164,77.49,79.4303,80.4144,80.6326,80.3918,79.991,79.644,79.4653,79.4933,79.7221,80.1275,80.6825,81.3639,82.1534,83.0356,83.9963,85.0211,86.0955,87.2064,88.3434,89.5014,90.6828,91.8991,93.1721,94.5352,96.0332,97.7231,99.6736,101.966,104.695,107.969,111.916,116.684,122.448,129.416,137.835,148.004,160.277,175.07,192.855,214.14,239.401,268.952,302.711,339.825,378.207,414.192,442.716,458.492,457.993,441.143,411.359,373.919,333.933,295.13,259.642,228.344,201.331,178.291,158.746,142.189,128.147,116.203,106.005,97.2616,89.7311,83.2162,77.5548,72.6141,68.2842,64.4744,61.109,58.1245,55.4672,53.0914,50.9582,49.0338,47.2892,45.6994,44.2427,42.9007,41.6579,40.5011,39.4198,38.4054,37.4513,36.5523,35.7045,34.9051,34.1519,33.4433,32.7779,32.1546,31.5722,31.0297,30.5258,30.0596,29.6296,29.2347,28.8736,28.5449,28.2473,27.9795,27.7402,27.5282,27.3422,27.1809,27.0433,26.9283,26.8346,26.7614,26.7076,26.6723,26.6545,26.6535,26.6683,26.6984,26.743,26.8015,26.8734,26.9584,27.056,27.1662,27.2889,27.424,27.5719,27.7329,27.9074,28.096,28.2996,28.5189,28.755,29.009,29.2822,29.5758,29.8913,30.2303,30.5942,30.9849,31.4039,31.8533,32.3348,32.8505,33.4024,33.9926,34.6234,35.2969,36.0155,36.7815,37.5975,38.4657,39.3886,40.3687,41.4082,42.5094,43.6741,44.9042,46.201,47.5652,48.997,50.4959,52.0603,53.6874,55.3731,57.1118,58.8959,60.7162,62.5612,64.417,66.2677,68.0948,69.8773,71.5924,73.215,74.7184,76.0766,77.262,78.2469,79.0069,79.5214,79.7746,79.7567,79.465,78.904,78.0849,77.0256,75.7488,74.2814,
 ,-14,139.336,144.335,148.944,153,156.347,158.858,160.454,161.118,160.893,159.875,158.179,155.91,153.125,149.822,145.943,141.428,136.279,130.596,124.571,118.434,112.394,106.607,101.162,96.1003,91.4263,87.1238,83.166,79.5226,76.163,73.0585,70.1831,67.5138,65.0301,62.7141,60.5504,58.5252,56.6267,54.8441,53.1684,51.5913,50.1054,48.7042,47.3819,46.1332,44.9534,43.8382,42.7837,41.7865,40.8432,39.951,39.1071,38.3092,37.5548,36.8421,36.1691,35.534,34.9352,34.3714,33.8411,33.3431,32.8764,32.4398,32.0326,31.6538,31.3027,30.9787,30.6812,30.4097,30.1638,29.9432,29.7477,29.577,29.4311,29.3101,29.2139,29.1427,29.0969,29.0768,29.0828,29.1157,29.1762,29.265,29.3833,29.5322,29.7132,29.928,30.1783,30.4664,30.7949,31.1666,31.5849,32.0537,32.5776,33.162,33.8129,34.5378,35.3451,36.245,37.2493,38.372,39.6299,41.0421,42.631,44.4217,46.4415,48.7176,51.273,54.1189,57.2419,60.5868,64.0379,67.4084,70.4552,72.9334,74.6778,75.6705,76.0445,76.0217,75.8296,75.643,75.5676,75.6499,75.8982,76.3012,76.8405,77.4978,78.2566,79.103,80.0246,81.01,82.0491,83.1335,84.2582,85.4227,86.6327,87.9012,89.2498,90.7093,92.3203,94.1334,96.2101,98.6228,101.456,104.808,108.793,113.545,119.221,126.006,134.117,143.814,155.395,169.205,185.617,205.008,227.694,253.81,283.114,314.704,346.712,376.121,399.011,411.461,410.928,397.359,373.217,342.41,308.887,275.709,244.783,217.031,192.707,171.681,153.639,138.204,125.002,113.691,103.973,95.5959,88.346,82.0471,76.5523,71.7401,67.5093,63.7754,60.4677,57.5266,54.9017,52.5498,50.434,48.5227,46.7886,45.2079,43.7604,42.4285,41.1976,40.055,38.9904,37.9954,37.063,36.1878,35.3655,34.5926,33.8666,33.1854,32.5471,31.9502,31.3934,30.8754,30.395,29.9509,29.5419,29.1667,28.8242,28.5131,28.2321,27.9801,27.7557,27.5579,27.3855,27.2374,27.1124,27.0095,26.9276,26.8657,26.8228,26.7981,26.7904,26.7991,26.8232,26.8619,26.9146,26.9806,27.0593,27.1502,27.2531,27.3677,27.4938,27.6315,27.7811,27.9428,28.1171,28.3047,28.5064,28.723,28.9557,29.2057,29.4742,29.7625,30.0723,30.405,30.7623,31.1458,31.5574,31.9988,32.472,32.9789,33.5214,34.1015,34.7214,35.3833,36.0891,36.8411,37.6415,38.4925,39.3961,40.3544,41.3693,42.4427,43.576,44.7704,46.0267,47.3451,48.7253,50.166,51.6652,53.2195,54.8246,56.4743,58.1613,59.8761,61.6075,63.3425,65.0659,66.7605,68.4072,69.9852,71.4721,72.8447,74.0804,75.1556,76.047,76.7343,77.2004,77.4325,77.4227,77.1685,76.6733,75.9462,75.0015,73.8576,72.5363,
 ,-15,133.803,138.012,141.857,145.219,147.986,150.071,151.418,152.014,151.885,151.088,149.695,147.769,145.345,142.422,138.976,134.985,130.468,125.51,120.256,114.874,109.527,104.34,99.3971,94.7436,90.3957,86.3508,82.595,79.1093,75.8722,72.8626,70.0604,67.4471,65.0061,62.7223,60.5824,58.5745,56.6882,54.9139,53.2433,51.6688,50.1837,48.782,47.4581,46.207,45.0242,43.9057,42.8476,41.8466,40.8995,40.0035,39.1558,38.3541,37.5962,36.8799,36.2035,35.5652,34.9633,34.3965,33.8633,33.3626,32.8932,32.454,32.0443,31.663,31.3096,30.9833,30.6834,30.4097,30.1615,29.9386,29.7407,29.5676,29.4192,29.2955,29.1965,29.1224,29.0735,29.05,29.0524,29.0814,29.1375,29.2216,29.3346,29.4778,29.6523,29.8598,30.1021,30.3811,30.6992,31.0592,31.4641,31.9176,32.4238,32.9877,33.6148,34.3118,35.0861,35.9469,36.9043,37.9706,39.1597,40.4874,41.9717,43.6318,45.4878,47.5576,49.8537,52.3766,55.105,57.9847,60.9171,63.7569,66.3266,68.4551,70.0297,71.0367,71.5638,71.7627,71.7974,71.8031,71.8703,72.0471,72.351,72.7813,73.3284,73.9799,74.7237,75.5487,76.4451,77.4047,78.4208,79.4888,80.6073,81.7789,83.0112,84.3182,85.7208,87.2472,88.9342,90.827,92.98,95.4573,98.334,101.697,105.647,110.302,115.798,122.294,129.975,139.055,149.775,162.399,177.201,194.431,214.254,236.653,261.275,287.239,312.953,336.059,353.683,363.076,362.51,351.949,333.07,308.607,281.451,253.989,227.84,203.906,182.549,163.795,147.48,133.356,121.151,110.6,101.466,93.5388,86.6379,80.6108,75.3287,70.6834,66.5836,62.9528,59.7261,56.8486,54.2736,51.961,49.8764,47.9903,46.277,44.7145,43.2837,41.9682,40.7539,39.6289,38.5832,37.6085,36.6978,35.8457,35.0474,34.2994,33.5985,32.9425,32.3291,31.7567,31.2237,30.7286,30.2702,29.8471,29.4582,29.1021,28.7777,28.4839,28.2194,27.9831,27.7739,27.5907,27.4323,27.2978,27.186,27.0958,27.0264,26.9767,26.9456,26.9323,26.9357,26.955,26.9892,27.0375,27.0992,27.1734,27.2596,27.3573,27.466,27.5853,27.7153,27.8558,28.007,28.1694,28.3433,28.5296,28.729,28.9424,29.1712,29.4164,29.6795,29.9619,30.2652,30.591,30.9409,31.3168,31.7204,32.1535,32.6181,33.1159,33.649,34.2193,34.8288,35.4796,36.1735,36.9127,37.6992,38.5349,39.4216,40.3612,41.3554,42.4054,43.5126,44.6776,45.901,47.1824,48.5212,49.9158,51.3636,52.8611,54.4035,55.9848,57.5974,59.232,60.8778,62.5222,64.1509,65.7476,67.2947,68.7731,70.1624,71.4418,72.5912,73.5899,74.4176,75.0567,75.4927,75.7144,75.7149,75.4922,75.0489,74.3923,73.5341,72.4896,71.2774,
 ,-16,129.28,132.873,136.127,138.952,141.267,143.009,144.138,144.641,144.534,143.849,142.632,140.92,138.74,136.096,132.986,129.411,125.403,121.032,116.407,111.653,106.892,102.227,97.7288,93.4446,89.3973,85.5933,82.0289,78.6941,75.5754,72.6581,69.9275,67.3694,64.9706,62.7187,60.6026,58.6122,56.7382,54.9724,53.3072,51.7357,50.2518,48.8498,47.5245,46.2714,45.0859,43.9643,42.9029,41.8984,40.9477,40.0481,39.1969,38.3917,37.6303,36.9108,36.2312,35.5897,34.9849,34.4153,33.8793,33.376,32.904,32.4624,32.0503,31.6667,31.311,30.9824,30.6803,30.4043,30.1539,29.9287,29.7284,29.5529,29.4019,29.2755,29.1738,29.0967,29.0445,29.0176,29.0163,29.0411,29.0927,29.1718,29.2794,29.4165,29.5843,29.7842,30.0179,30.2873,30.5945,30.942,31.3327,31.77,32.2575,32.7997,33.4015,34.0688,34.8083,35.6276,36.5356,37.5424,38.6593,39.8989,41.275,42.8016,44.4919,46.3565,48.3997,50.6146,52.9766,55.436,57.913,60.2985,62.4672,64.3032,65.7314,66.7415,67.3892,67.7748,68.012,68.2008,68.4147,68.6984,69.0738,69.5474,70.1166,70.7751,71.5151,72.3292,73.2105,74.1537,75.155,76.2126,77.3277,78.5049,79.7532,81.0865,82.5247,84.0939,85.8269,87.764,89.953,92.4502,95.3211,98.6413,102.498,106.992,112.238,118.368,125.534,133.903,143.66,154.995,168.088,183.082,200.021,218.784,238.966,259.764,279.886,297.564,310.766,317.638,317.044,308.961,294.493,275.484,253.973,231.748,210.121,189.91,171.53,155.111,140.61,127.889,116.768,107.058,98.5768,91.1591,84.6581,78.946,73.9132,69.4657,65.5237,62.0188,58.893,56.0965,53.5866,51.3267,49.2852,47.4347,45.7514,44.215,42.8076,41.5138,40.3204,39.2162,38.1916,37.2385,36.35,35.5206,34.7457,34.0213,33.3442,32.7118,32.1219,31.5724,31.0618,30.5884,30.1509,29.7479,29.3783,29.0408,28.7342,28.4574,28.2094,27.989,27.7952,27.6268,27.483,27.3626,27.2646,27.1881,27.132,27.0953,27.0769,27.076,27.0915,27.1225,27.1678,27.2268,27.2984,27.3819,27.4765,27.5816,27.6967,27.8214,27.9555,28.099,28.2521,28.415,28.5883,28.7728,28.9694,29.179,29.4031,29.6428,29.8997,30.1753,30.4714,30.7894,31.1314,31.4989,31.894,32.3183,32.7738,33.2625,33.7862,34.3467,34.9462,35.5865,36.2695,36.9971,37.7712,38.5937,39.4661,40.39,41.367,42.3982,43.4845,44.6265,45.8243,47.0774,48.3848,49.7446,51.1543,52.6099,54.1067,55.6385,57.1979,58.7757,60.3613,61.9428,63.5062,65.0362,66.5161,67.9281,69.2532,70.4721,71.5667,72.5178,73.3072,73.919,74.3401,74.5605,74.5739,74.3782,73.9753,73.3712,72.5761,71.6033,70.4687,
 ,-17,125.665,128.779,131.574,133.982,135.941,137.406,138.344,138.746,138.617,137.978,136.857,135.281,133.269,130.834,127.985,124.739,121.132,117.224,113.097,108.846,104.565,100.333,96.2141,92.2507,88.469,84.8815,81.4914,78.2955,75.2868,72.456,69.793,67.2873,64.9287,62.7073,60.6142,58.6406,56.7786,55.0211,53.3612,51.7927,50.31,48.9079,47.5815,46.3264,45.1385,44.014,42.9495,41.9417,40.9877,40.0847,39.2301,38.4217,37.6571,36.9345,36.2519,35.6076,34.9999,34.4276,33.8891,33.3832,32.9089,32.4649,32.0505,31.6647,31.3068,30.976,30.6718,30.3936,30.141,29.9135,29.7109,29.5329,29.3794,29.2504,29.1457,29.0656,29.0102,28.9797,28.9745,28.9952,29.0421,29.1162,29.2181,29.3488,29.5096,29.7016,29.9264,30.1857,30.4816,30.8162,31.1922,31.6125,32.0805,32.6001,33.1756,33.8122,34.5156,35.2922,36.1494,37.0954,38.1391,39.2902,40.5586,41.9538,43.484,45.1537,46.9618,48.8974,50.9357,53.034,55.1298,57.1435,58.9882,60.5863,61.8885,62.8869,63.6161,64.1411,64.539,64.8818,65.2265,65.6117,66.0601,66.5821,67.1804,67.8531,68.5967,69.4069,70.28,71.2131,72.2047,73.2553,74.3679,75.5483,76.8062,78.1553,79.6141,81.2064,82.9615,84.9147,87.108,89.59,92.417,95.6535,99.3731,103.66,108.608,114.323,120.924,128.536,137.291,147.316,158.716,171.547,185.774,201.213,217.463,233.834,249.316,262.62,272.346,277.266,276.648,270.478,259.471,244.847,228.012,210.266,192.634,175.819,160.231,146.061,133.349,122.039,112.029,103.194,95.4023,88.53,82.4618,77.0946,72.3377,68.1118,64.3482,60.9877,57.9789,55.2777,52.8458,50.65,48.6616,46.8556,45.2102,43.7067,42.3284,41.0611,39.8926,38.8122,37.8107,36.8805,36.0149,35.2085,34.4565,33.755,33.1008,32.4911,31.9234,31.3958,30.9065,30.4539,30.0365,29.653,29.3021,28.9827,28.6937,28.4339,28.2024,27.998,27.8199,27.6669,27.5381,27.4325,27.3491,27.2869,27.245,27.2223,27.2178,27.2304,27.2592,27.3029,27.3607,27.4315,27.5142,27.608,27.712,27.8255,27.9478,28.0784,28.2172,28.3639,28.5188,28.6821,28.8546,29.0368,29.23,29.4351,29.6536,29.8869,30.1367,30.4045,30.6923,31.0017,31.3348,31.6932,32.0789,32.4939,32.94,33.4192,33.9334,34.4844,35.0741,35.7046,36.3775,37.0947,37.8581,38.6692,39.5298,40.4412,41.4047,42.4213,43.492,44.617,45.7963,47.0293,48.3149,49.6511,51.035,52.463,53.9302,55.4304,56.9562,58.4989,60.0481,61.5919,63.1171,64.6088,66.0511,67.4267,68.7176,69.9054,70.9729,71.902,72.6755,73.2784,73.6982,73.9255,73.9542,73.7818,73.4098,72.8435,72.0918,71.1666,70.0826,
 ,-18,122.861,125.604,128.043,130.126,131.805,133.043,133.816,134.115,133.941,133.309,132.235,130.742,128.846,126.566,123.919,120.928,117.63,114.077,110.336,106.478,102.576,98.695,94.8876,91.1929,87.6377,84.2377,81.0006,77.9282,75.0182,72.2657,69.6641,67.2063,64.8846,62.6915,60.6195,58.6615,56.8107,55.0608,53.4058,51.8401,50.3586,48.9563,47.6288,46.3719,45.1817,44.0546,42.9871,41.9763,41.0192,40.113,39.2553,38.4438,37.6763,36.9508,36.2654,35.6183,35.0082,34.4333,33.8924,33.3842,32.9076,32.4614,32.0449,31.657,31.2969,30.9641,30.6578,30.3775,30.1227,29.893,29.6881,29.5078,29.3518,29.22,29.1125,29.0294,28.9706,28.9366,28.9275,28.9438,28.986,29.0548,29.1509,29.2752,29.4287,29.6126,29.8283,30.0774,30.3615,30.6828,31.0436,31.4466,31.8946,32.3911,32.9399,33.5452,34.212,34.9455,35.7518,36.6372,37.6087,38.6732,39.8376,41.1079,42.4882,43.9792,45.5763,47.267,49.0288,50.8263,52.6119,54.3284,55.9159,57.3226,58.5161,59.4902,60.2663,60.8862,61.4016,61.8633,62.3143,62.7865,63.3009,63.8694,64.4979,65.1878,65.9389,66.7496,67.6187,68.5456,69.5306,70.5759,71.6856,72.8665,74.1283,75.4843,76.9516,78.5514,80.3098,82.2577,84.431,86.8715,89.6266,92.7503,96.3032,100.353,104.975,110.251,116.268,123.116,130.883,139.643,149.445,160.285,172.08,184.625,197.552,210.294,222.086,232.005,239.1,242.561,241.921,237.172,228.776,217.535,204.407,190.323,176.061,162.197,149.107,137.002,125.971,116.018,107.096,99.1313,92.0372,85.724,80.105,75.0999,70.6357,66.6474,63.0772,59.8747,56.9956,54.401,52.0573,49.9349,48.008,46.254,44.6531,43.1882,41.844,40.6075,39.4671,38.4131,37.4368,36.5309,35.689,34.9058,34.1768,33.4979,32.866,32.2782,31.7321,31.2256,30.7569,30.3243,29.9264,29.5618,29.2293,28.9278,28.6562,28.4135,28.1985,28.0105,27.8483,27.7111,27.598,27.5079,27.4399,27.393,27.3663,27.3588,27.3692,27.3967,27.44,27.498,27.5695,27.6535,27.7487,27.8541,27.9687,28.0916,28.2219,28.3593,28.5031,28.6534,28.8102,28.9738,29.145,29.3244,29.5134,29.713,29.925,30.1508,30.3922,30.6512,30.9295,31.2292,31.5523,31.9007,32.2763,32.6813,33.1174,33.5867,34.0912,34.6327,35.213,35.8341,36.4977,37.2058,37.9598,38.7617,39.6128,40.5145,41.468,42.4745,43.5345,44.6483,45.816,47.037,48.3098,49.6328,51.0031,52.4169,53.8695,55.3549,56.8659,58.3938,59.9285,61.4584,62.9706,64.4504,65.8822,67.2491,68.5335,69.7172,70.7832,71.7138,72.4919,73.1028,73.5341,73.7761,73.8226,73.6708,73.3217,72.7802,72.0543,71.1555,70.0978,
 ,-19,120.778,123.236,125.401,127.231,128.687,129.741,130.372,130.573,130.343,129.692,128.634,127.186,125.368,123.199,120.7,117.9,114.835,111.55,108.098,104.539,100.93,97.3241,93.765,90.2884,86.9199,83.6767,80.5694,77.6029,74.7783,72.094,69.5464,67.1309,64.842,62.6739,60.6207,58.6765,56.8356,55.0925,53.4417,51.8784,50.3977,48.9952,47.6666,46.4079,45.2155,44.0858,43.0157,42.002,41.042,40.1329,39.2723,38.458,37.6877,36.9595,36.2715,35.622,35.0094,34.4322,33.8891,33.3788,32.9,32.4519,32.0333,31.6434,31.2814,30.9466,30.6383,30.356,30.0991,29.8673,29.6602,29.4775,29.319,29.1846,29.0743,28.9881,28.926,28.8884,28.8753,28.8873,28.9248,28.9882,29.0784,29.1962,29.3423,29.518,29.7244,29.9629,30.2352,30.5431,30.8885,31.2738,31.7017,32.1749,32.6968,33.2709,33.9013,34.5922,35.3484,36.1749,37.0765,38.0584,39.1248,40.2791,41.5226,42.8536,44.2658,45.7468,47.2771,48.8284,50.3649,51.8459,53.23,54.4826,55.5819,56.5234,57.32,57.9987,58.594,59.1416,59.6734,60.2147,60.7839,61.393,62.0492,62.7563,63.5161,64.3294,65.1969,66.1197,67.0998,68.1403,69.2463,70.425,71.686,73.0417,74.5078,76.1034,77.8511,79.7776,81.9137,84.2942,86.9588,89.9513,93.3204,97.1192,101.405,106.238,111.679,117.789,124.619,132.204,140.552,149.624,159.312,169.417,179.619,189.471,198.4,205.757,210.894,213.282,212.619,208.903,202.433,193.739,183.475,172.298,160.789,149.406,138.474,128.201,118.696,110,102.107,94.9805,88.5679,82.8088,77.6409,73.0037,68.8403,65.0985,61.7311,58.6959,55.9553,53.4759,51.2283,49.1865,47.3277,45.6317,44.0808,42.6592,41.3533,40.151,39.0418,38.0166,37.0672,36.1869,35.3696,34.6101,33.9042,33.2478,32.6379,32.0717,31.5466,31.0606,30.6119,30.1989,29.82,29.474,29.1597,28.876,28.6218,28.3961,28.198,28.0265,27.8808,27.76,27.6631,27.5893,27.5376,27.5071,27.4968,27.5055,27.5324,27.5761,27.6354,27.7092,27.7962,27.8949,28.0042,28.1227,28.2493,28.3828,28.5224,28.6672,28.8168,28.9709,29.1297,29.2934,29.4628,29.6387,29.8225,30.0157,30.2198,30.4367,30.6685,30.9171,31.1847,31.4734,31.7852,32.1224,32.487,32.881,33.3066,33.7656,34.2601,34.7919,35.363,35.9752,36.6303,37.3302,38.0765,38.8708,39.7147,40.6096,41.5566,42.5569,43.611,44.7193,45.882,47.0984,48.3673,49.687,51.0549,52.4673,53.9197,55.4062,56.9199,58.4523,59.9934,61.5319,63.0548,64.5477,65.9949,67.3794,68.6834,69.8884,70.9773,71.9316,72.7341,73.3692,73.8241,74.0886,74.1557,74.0225,73.6894,73.161,72.4452,71.5533,70.4993,
 ,-20,119.336,121.578,123.534,125.168,126.448,127.352,127.862,127.97,127.679,126.994,125.928,124.499,122.725,120.629,118.233,115.569,112.671,109.58,106.341,103.003,99.6135,96.2158,92.8485,89.5428,86.323,83.2065,80.2052,77.3261,74.5728,71.9458,69.4439,67.0642,64.8031,62.6563,60.6191,58.6866,56.854,55.1165,53.4692,51.9077,50.4275,49.0245,47.6947,46.4342,45.2397,44.1076,43.0349,42.0186,41.0558,40.1441,39.2808,38.4639,37.6911,36.9605,36.2701,35.6183,35.0036,34.4243,33.8791,33.3668,32.8862,32.4361,32.0157,31.624,31.2602,30.9235,30.6134,30.3291,30.0703,29.8364,29.6271,29.4421,29.2812,29.1443,29.0312,28.9419,28.8766,28.8353,28.8183,28.8259,28.8586,28.9167,29.001,29.1121,29.2508,29.4182,29.6153,29.8433,30.1037,30.398,30.728,31.0958,31.5036,31.9537,32.449,32.9924,33.5871,34.2366,34.9444,35.7143,36.5497,37.4541,38.4299,39.4786,40.5995,41.7898,43.0425,44.3464,45.685,47.0363,48.3737,49.6679,50.8905,52.0178,53.0353,53.9392,54.7377,55.4483,56.094,56.6999,57.2895,57.8825,58.4943,59.1361,59.8156,60.5377,61.3058,62.1223,62.9892,63.909,64.8847,65.9204,67.0216,68.1958,69.4521,70.8021,72.26,73.8427,75.5699,77.4642,79.5517,81.8611,84.4246,87.2771,90.4564,94.0025,97.957,102.362,107.256,112.675,118.644,125.169,132.232,139.773,147.681,155.772,163.783,171.366,178.102,183.533,187.222,188.819,188.129,185.154,180.09,173.291,165.203,156.292,146.986,137.641,128.53,119.838,111.682,104.121,97.1752,90.8335,85.0693,79.845,75.1181,70.845,66.9826,63.4901,60.3299,57.4671,54.8705,52.5119,50.366,48.4103,46.6247,44.9914,43.4946,42.1203,40.856,39.6909,38.6154,37.6209,36.7001,35.8466,35.0546,34.3195,33.6368,33.0031,32.4151,31.8701,31.3657,30.8999,30.4709,30.0771,29.717,29.3894,29.0931,28.8271,28.5903,28.3818,28.2007,28.0463,27.9175,27.8137,27.7338,27.6772,27.6428,27.6298,27.6371,27.6636,27.7083,27.7699,27.8471,27.9385,28.0426,28.158,28.2832,28.4166,28.5569,28.7026,28.8525,29.0059,29.162,29.3204,29.4812,29.6447,29.8117,29.9832,30.1608,30.346,30.5409,30.7474,30.9678,31.2045,31.4597,31.7357,32.0349,32.3596,32.7119,33.0941,33.5081,33.9562,34.4403,34.9623,35.5242,36.1279,36.7751,37.4678,38.2076,38.9961,39.835,40.7257,41.6694,42.6672,43.72,44.8282,45.992,47.211,48.4842,49.8102,51.1863,52.6094,54.0752,55.578,57.1111,58.6663,60.2338,61.8023,63.3589,64.889,66.3764,67.804,69.1531,70.4045,71.54,72.5401,73.3862,74.0619,74.5528,74.8478,74.9391,74.823,74.4997,73.9735,73.2527,72.3491,71.2773,
 ,-21,118.463,120.545,122.344,123.828,124.97,125.751,126.157,126.181,125.825,125.095,124.005,122.571,120.814,118.756,116.425,113.849,111.064,108.105,105.015,101.833,98.6009,95.3556,92.1305,88.9536,85.8475,82.8291,79.9109,77.1011,74.4045,71.8236,69.3585,67.0078,64.7693,62.6398,60.6154,58.6922,56.8662,55.1329,53.4882,51.9278,50.4476,49.0439,47.7127,46.4505,45.2539,44.1196,43.0444,42.0257,41.0604,40.1462,39.2806,38.4613,37.6862,36.9534,36.261,35.6072,34.9904,34.4093,33.8623,33.3482,32.8658,32.4141,31.992,31.5986,31.2331,30.8948,30.5829,30.2968,30.0361,29.8003,29.5889,29.4018,29.2385,29.099,28.9832,28.8909,28.8224,28.7775,28.7566,28.7599,28.7878,28.8406,28.919,29.0235,29.1549,29.314,29.5017,29.7193,29.9678,30.2487,30.5635,30.914,31.3019,31.7294,32.1987,32.7122,33.2725,33.8821,34.5439,35.2604,36.0341,36.8669,37.7602,38.7138,39.7265,40.7943,41.9109,43.0663,44.247,45.436,46.6135,47.7587,48.8517,49.8761,50.822,51.6865,52.4747,53.1981,53.8723,54.5149,55.1431,55.7724,56.4153,57.0817,57.7793,58.5134,59.2883,60.1073,60.9737,61.8907,62.8621,63.8927,64.9882,66.156,67.4047,68.7453,70.1903,71.7545,73.455,75.3109,77.3438,79.5771,82.0362,84.7483,87.7414,91.0442,94.6848,98.6894,103.08,107.872,113.07,118.662,124.612,130.853,137.278,143.729,149.994,155.808,160.866,164.85,167.46,168.466,167.743,165.293,161.249,155.85,149.404,142.24,134.674,126.979,119.375,112.024,105.037,98.48,92.3864,86.7639,81.6032,76.884,72.5793,68.6588,65.0912,61.8456,58.8923,56.2034,53.7535,51.5188,49.4781,47.612,45.9032,44.336,42.8966,41.5725,40.3526,39.227,38.1871,37.2251,36.3342,35.5085,34.7427,34.0323,33.3733,32.7623,32.1962,31.6723,31.1885,30.7427,30.3331,29.9583,29.6169,29.3075,29.0292,28.7809,28.5616,28.3706,28.2069,28.0699,27.9586,27.8724,27.8105,27.772,27.756,27.7617,27.788,27.8339,27.8982,27.9795,28.0765,28.1875,28.3111,28.4454,28.5886,28.739,28.8949,29.0545,29.2165,29.3796,29.543,29.7062,29.8691,30.0321,30.1959,30.362,30.5319,30.7077,30.8914,31.0855,31.2927,31.5153,31.7562,32.0178,32.3026,32.6132,32.9519,33.3209,33.7226,34.1589,34.632,35.1439,35.6966,36.2919,36.9318,37.6181,38.3525,39.1368,39.9726,40.8615,41.8049,42.8039,43.8596,44.9726,46.1434,47.3717,48.657,49.998,51.3926,52.8379,54.3299,55.8634,57.4319,59.0276,60.6407,62.2601,63.8726,65.4634,67.0158,68.5116,69.9313,71.2542,72.4603,73.5287,74.4386,75.1715,75.7115,76.0459,76.1654,76.0655,75.746,75.2116,74.471,73.5372,72.4261,
 ,-22,118.093,120.061,121.745,123.117,124.152,124.834,125.15,125.096,124.673,123.891,122.762,121.303,119.538,117.489,115.186,112.658,109.939,107.063,104.067,100.989,97.8629,94.7225,91.5971,88.5121,85.4882,82.5418,79.6853,76.9273,74.2738,71.7278,69.2908,66.9623,64.7409,62.6244,60.6096,58.6934,56.872,55.1416,53.4984,51.9384,50.4579,49.0531,47.7205,46.4565,45.2578,44.1213,43.044,42.023,41.0555,40.1391,39.2713,38.45,37.6729,36.9382,36.2439,35.5883,34.9699,34.3871,33.8385,33.3228,32.8389,32.3857,31.9621,31.5673,31.2002,30.8603,30.5468,30.2591,29.9967,29.759,29.5457,29.3564,29.191,29.049,28.9305,28.8354,28.7636,28.7153,28.6905,28.6896,28.7127,28.7603,28.8328,28.9308,29.0549,29.2058,29.3844,29.5916,29.8285,30.0963,30.3962,30.7297,31.0984,31.5039,31.9481,32.4329,32.9603,33.5322,34.1506,34.8174,35.5341,36.3016,37.1203,37.9896,38.9073,39.8696,40.8705,41.9016,42.9522,44.009,45.0575,46.0826,47.0702,48.009,48.892,49.7171,50.4874,51.2106,51.8976,52.5607,53.2127,53.8655,54.5294,55.2131,55.9235,56.6661,57.4457,58.2663,59.1316,60.0457,61.0127,62.0377,63.1268,64.2869,65.5264,66.8551,68.2845,69.8273,71.4983,73.3134,75.2904,77.448,79.8058,82.3841,85.2027,88.2806,91.6345,95.2777,99.218,103.456,107.98,112.765,117.767,122.919,128.122,133.244,138.12,142.552,146.32,149.202,150.997,151.551,150.784,148.701,145.394,141.027,135.813,129.989,123.786,117.411,111.042,104.812,98.8229,93.1395,87.8014,82.8267,78.2183,73.9678,70.06,66.4751,63.1913,60.1856,57.4356,54.9191,52.6157,50.5059,48.5719,46.7975,45.1676,43.6689,42.2892,41.0174,39.8438,38.7596,37.7569,36.8287,35.9688,35.1718,34.4329,33.7477,33.1127,32.5245,31.9803,31.4776,31.0142,30.5883,30.198,29.8421,29.5192,29.228,28.9677,28.7372,28.5357,28.3624,28.2165,28.0974,28.0043,27.9365,27.8933,27.874,27.8777,27.9035,27.9504,28.0174,28.1032,28.2063,28.3253,28.4584,28.6039,28.7596,28.9235,29.0934,29.2672,29.443,29.6188,29.7932,29.9649,30.1334,30.2984,30.4604,30.6203,30.7796,30.9402,31.1044,31.2748,31.4543,31.6457,31.8521,32.0763,32.3213,32.5897,32.8844,33.2078,33.5623,33.9503,34.3739,34.8354,35.3367,35.8799,36.4669,37.0998,37.7803,38.5104,39.2918,40.1264,41.0157,41.9614,42.9649,44.0273,45.1498,46.3328,47.5768,48.8814,50.2457,51.6683,53.1465,54.6769,56.2549,57.8742,59.5273,61.2048,62.8954,64.5858,66.2607,67.9027,69.4923,71.0086,72.4288,73.7307,74.8908,75.8856,76.694,77.2974,77.6807,77.8332,77.7491,77.4279,76.8746,76.0991,75.116,73.9435,
 ,-23,118.164,120.057,121.662,122.952,123.906,124.507,124.745,124.618,124.128,123.286,122.105,120.604,118.808,116.743,114.437,111.921,109.228,106.393,103.449,100.429,97.3671,94.2919,91.2302,88.2051,85.236,82.3383,79.524,76.802,74.1784,71.657,69.2396,66.9265,64.7171,62.6094,60.6012,58.6894,56.8708,55.1419,53.4992,51.939,50.4576,49.0516,47.7174,46.4516,45.251,44.1125,43.0332,42.0101,41.0407,40.1224,39.2527,38.4296,37.6508,36.9145,36.2186,35.5615,34.9417,34.3575,33.8076,33.2906,32.8054,32.3509,31.926,31.5298,31.1615,30.8202,30.5052,30.2161,29.952,29.7126,29.4975,29.3063,29.1386,28.9943,28.8733,28.7753,28.7005,28.6488,28.6203,28.6152,28.6337,28.6762,28.743,28.8345,28.9515,29.0944,29.264,29.4612,29.6867,29.9416,30.2271,30.5442,30.8943,31.2788,31.699,32.1566,32.6529,33.1894,33.7675,34.3884,35.0529,35.7614,36.5136,37.3083,38.1433,39.0148,39.9177,40.8449,41.7878,42.7363,43.6797,44.6068,45.5077,46.3744,47.2019,47.9887,48.7368,49.4514,50.1402,50.812,51.4766,52.143,52.8197,53.514,54.2324,54.9803,55.7625,56.5832,57.4467,58.3574,59.3197,60.339,61.4212,62.5731,63.8026,65.1187,66.5315,68.0524,69.6938,71.4693,73.3931,75.48,77.7449,80.2021,82.8646,85.7433,88.8454,92.1736,95.7239,99.4842,103.433,107.534,111.741,115.987,120.186,124.231,127.997,131.337,134.098,136.126,137.288,137.483,136.66,134.826,132.047,128.438,124.149,119.349,114.208,108.885,103.517,98.2168,93.0696,88.1371,83.4597,79.0609,74.9507,71.129,67.5891,64.319,61.3043,58.5286,55.9751,53.627,51.4678,49.4819,47.6547,45.9724,44.4226,42.9936,41.6749,40.4569,39.331,38.2894,37.325,36.4316,35.6036,34.836,34.1245,33.465,32.8542,32.289,31.7668,31.2852,30.8423,30.4361,30.0652,29.7281,29.4236,29.1507,28.9084,28.6959,28.5124,28.3571,28.2295,28.1288,28.0545,28.006,27.9826,27.9835,28.0082,28.0556,28.1249,28.2149,28.3243,28.4516,28.5953,28.7532,28.9234,29.1035,29.2911,29.4835,29.6782,29.8726,30.0644,30.2518,30.4332,30.6077,30.775,30.9354,31.0902,31.2411,31.3902,31.5405,31.695,31.857,32.0299,32.2172,32.4221,32.6479,32.8976,33.1742,33.4804,33.8188,34.1917,34.6015,35.0503,35.5404,36.0738,36.6525,37.2785,37.9537,38.6802,39.4599,40.2947,41.1864,42.1368,43.1476,44.2204,45.3564,46.5567,47.8219,49.1524,50.5479,52.0072,53.5285,55.1089,56.7442,58.429,60.1559,61.9159,63.6978,65.4879,67.2706,69.0272,70.7368,72.3766,73.9213,75.3457,76.6227,77.7255,78.6292,79.3117,79.7551,79.9462,79.8779,79.5493,78.9661,78.1397,77.0872,75.8299,
 ,-24,118.619,120.469,122.024,123.258,124.151,124.687,124.858,124.662,124.104,123.194,121.95,120.392,118.546,116.44,114.103,111.569,108.87,106.04,103.11,100.114,97.0805,94.0373,91.009,88.0169,85.0788,82.2094,79.4202,76.7199,74.1144,71.6078,69.2023,66.8986,64.6961,62.5935,60.5888,58.6791,56.8616,55.133,53.4899,51.9288,50.4462,49.0387,47.7028,46.4353,45.2329,44.0926,43.0115,41.9867,41.0156,40.0957,39.2245,38.3999,37.6198,36.8821,36.1849,35.5267,34.9057,34.3204,33.7694,33.2514,32.7651,32.3096,31.8836,31.4863,31.1168,30.7743,30.4581,30.1676,29.9021,29.6612,29.4443,29.2513,29.0816,28.9351,28.8117,28.711,28.6332,28.5782,28.5461,28.537,28.551,28.5885,28.6497,28.7351,28.8451,28.9803,29.1412,29.3286,29.5431,29.7857,30.0573,30.3587,30.6911,31.0556,31.4532,31.885,32.3523,32.8559,33.3968,33.9757,34.5929,35.2484,35.9415,36.6708,37.4339,38.2277,39.0474,39.8873,40.7408,41.5999,42.4566,43.3029,44.1316,44.9369,45.7152,46.4656,47.1892,47.89,48.5732,49.2455,49.9142,50.5866,51.2695,51.9692,52.6916,53.4417,54.2243,55.0439,55.9049,56.8117,57.7692,58.7827,59.858,61.0018,62.2215,63.5253,64.9224,66.4228,68.0372,69.7769,71.6536,73.6788,75.8635,78.2174,80.7478,83.459,86.3505,89.4159,92.6414,96.0047,99.4742,103.008,106.555,110.051,113.424,116.591,119.456,121.919,123.875,125.222,125.874,125.767,124.873,123.2,120.794,117.739,114.14,110.122,105.807,101.317,96.7593,92.2232,87.7814,83.4887,79.3837,75.4914,71.8257,68.3919,65.1888,62.2104,59.4478,56.8898,54.5242,52.3382,50.3192,48.4548,46.7328,45.1422,43.6724,42.3134,41.0563,39.8929,38.8155,37.8173,36.892,36.0342,35.2387,34.501,33.8172,33.1837,32.5973,32.0553,31.5552,31.0948,30.6722,30.2858,29.9341,29.6158,29.3299,29.0753,28.8512,28.6568,28.4915,28.3546,28.2457,28.1641,28.1093,28.0809,28.0783,28.1008,28.1478,28.2186,28.3121,28.4272,28.5627,28.7169,28.888,29.074,29.2723,29.4803,29.6951,29.9135,30.1323,30.3485,30.5592,30.7618,30.9543,31.1356,31.3052,31.4635,31.6117,31.7521,31.8873,32.0207,32.1561,32.2973,32.4483,32.6132,32.7956,32.9993,33.2276,33.4837,33.7705,34.0908,34.447,34.8415,35.2768,35.7548,36.2778,36.8478,37.4669,38.1372,38.8607,39.6395,40.4758,41.3715,42.3287,43.3494,44.4355,45.5887,46.8105,48.1022,49.4647,50.8981,52.4023,53.976,55.6171,57.3221,59.0863,60.9028,62.763,64.6558,66.5675,68.4816,70.3784,72.2354,74.027,75.7251,77.3006,78.7223,79.9584,80.9796,81.7592,82.2753,82.5118,82.4597,82.1178,81.4926,80.598,79.4542,78.0867,
 ,-25,119.4,121.234,122.765,123.965,124.814,125.298,125.41,125.148,124.52,123.537,122.219,120.59,118.676,116.508,114.118,111.54,108.806,105.951,103.007,100.004,96.9697,93.9312,90.9111,87.9291,85.0021,82.1437,79.3648,76.6736,74.0759,71.5757,69.1753,66.8753,64.6754,62.5745,60.5704,58.6609,56.843,55.1135,53.4693,51.9068,50.4227,49.0136,47.676,46.4069,45.2029,44.0611,42.9785,41.9523,40.9798,40.0586,39.1863,38.3606,37.5794,36.8408,36.1427,35.4836,34.8617,34.2756,33.7238,33.205,32.718,32.2616,31.8348,31.4366,31.0662,30.7227,30.4054,30.1137,29.847,29.6047,29.3863,29.1915,29.02,28.8715,28.7457,28.6425,28.5619,28.5038,28.4682,28.4552,28.4649,28.4976,28.5534,28.6329,28.7362,28.8639,29.0165,29.1945,29.3986,29.6294,29.8877,30.1743,30.49,30.8356,31.2119,31.6198,32.0601,32.5335,33.0404,33.5812,34.1558,34.764,35.4048,36.0768,36.7778,37.5047,38.2538,39.0203,39.7989,40.5836,41.3683,42.1471,42.9147,43.6672,44.4018,45.1179,45.8164,46.5001,47.1729,47.84,48.507,49.1796,49.8637,50.5646,51.2875,52.0373,52.8186,53.6358,54.4935,55.3962,56.3489,57.3568,58.4258,59.5622,60.7731,62.0662,63.4498,64.9328,66.5247,68.2351,70.0736,72.0492,74.1701,76.4424,78.8692,81.4494,84.1764,87.0361,90.0061,93.0544,96.1401,99.2139,102.22,105.099,107.789,110.226,112.345,114.081,115.371,116.152,116.373,116,115.016,113.432,111.283,108.628,105.545,102.12,98.4478,94.6168,90.7103,86.8001,82.946,79.195,75.582,72.1316,68.8592,65.773,62.8755,60.1648,57.636,55.2818,53.0938,51.0626,49.1785,47.4316,45.8125,44.3119,42.921,41.6317,40.4362,39.3274,38.2988,37.3444,36.4587,35.6368,34.8741,34.1667,33.5109,32.9036,32.3418,31.8231,31.3451,30.9058,30.5036,30.137,29.8045,29.5051,29.2377,29.0015,28.7957,28.6197,28.4729,28.3548,28.265,28.2031,28.1686,28.1612,28.1805,28.2259,28.2969,28.3927,28.5124,28.6551,28.8193,29.0033,29.2053,29.4228,29.6531,29.8931,30.1392,30.3878,30.6348,30.8766,31.1093,31.3297,31.5353,31.7244,31.8963,32.0515,32.1916,32.319,32.4372,32.5503,32.6627,32.7791,32.9043,33.0429,33.1992,33.3773,33.581,33.8138,34.0787,34.3787,34.7163,35.0941,35.5143,35.9793,36.4912,37.0521,37.6641,38.3295,39.0503,39.829,40.6676,41.5686,42.5343,43.567,44.669,45.8425,47.0897,48.4123,49.8119,51.2896,52.8459,54.4805,56.1921,57.9782,59.8348,61.756,63.7335,65.7565,67.8114,69.8809,71.9442,73.9768,75.9502,77.8327,79.5905,81.1871,82.585,83.7488,84.6458,85.2494,85.5393,85.5043,85.1427,84.4625,83.4804,82.2211,80.7154,
 ,-26,120.453,122.294,123.82,125.004,125.825,126.268,126.327,126.001,125.301,124.239,122.839,121.125,119.128,116.88,114.417,111.772,108.981,106.078,103.094,100.059,97.0012,93.9454,90.9129,87.9226,84.9901,82.1283,79.3472,76.6547,74.0561,71.555,69.1537,66.8527,64.6517,62.5494,60.5439,58.6328,56.8131,55.082,53.436,51.8719,50.3861,48.9754,47.6363,46.3658,45.1605,44.0174,42.9336,41.9064,40.933,40.0109,39.1378,38.3114,37.5296,36.7903,36.0917,35.432,34.8096,34.223,33.6707,33.1514,32.6639,32.2069,31.7795,31.3807,31.0096,30.6653,30.3472,30.0545,29.7867,29.5431,29.3234,29.1271,28.9539,28.8034,28.6755,28.57,28.4867,28.4256,28.3867,28.37,28.3757,28.4038,28.4545,28.5283,28.6252,28.7458,28.8905,29.0596,29.2538,29.4735,29.7193,29.9919,30.2919,30.6199,30.9765,31.3623,31.7779,32.2235,32.6995,33.206,33.7425,34.3087,34.9036,35.5255,36.1726,36.8422,37.5311,38.2355,38.9511,39.6733,40.3975,41.1194,41.835,42.5415,43.2371,43.9212,44.5947,45.2597,45.9192,46.5772,47.2383,47.9071,48.5885,49.2873,50.0081,50.7556,51.5341,52.348,53.2018,54.1003,55.0484,56.0513,57.1148,58.2451,59.449,60.7338,62.1073,63.5775,65.1531,66.8424,68.6537,70.5945,72.6707,74.8863,77.2414,79.7312,82.344,85.0595,87.8469,90.6646,93.4607,96.1761,98.749,101.12,103.235,105.051,106.53,107.64,108.351,108.637,108.475,107.848,106.754,105.203,103.221,100.851,98.1479,95.1748,91.9992,88.6884,85.3054,81.9066,78.5403,75.2458,72.0536,68.9864,66.0596,63.2827,60.6603,58.1932,55.8795,53.7147,51.6931,49.8082,48.0525,46.4186,44.8989,43.4859,42.1724,40.9516,39.817,38.7626,37.7826,36.872,36.0259,35.24,34.5104,33.8333,33.2057,32.6247,32.0875,31.5921,31.1362,30.7181,30.3363,29.9894,29.6762,29.3956,29.1468,28.929,28.7417,28.5843,28.4563,28.3574,28.2873,28.2457,28.2323,28.2469,28.2892,28.3588,28.4553,28.5781,28.7263,28.8991,29.0949,29.3121,29.5486,29.8017,30.0684,30.345,30.6274,30.911,31.1912,31.4629,31.7216,31.963,32.184,32.3821,32.5565,32.7076,32.8373,32.9488,33.0463,33.1347,33.2195,33.3065,33.4012,33.509,33.6349,33.7835,33.9591,34.1653,34.4055,34.6827,34.9997,35.3589,35.7627,36.2134,36.7132,37.2643,37.8689,38.5291,39.2475,40.0263,40.868,41.7752,42.7506,43.7969,44.9169,46.1134,47.3889,48.7461,50.1874,51.7147,53.3294,55.0323,56.8232,58.7008,60.6619,62.7017,64.8128,66.9848,69.2041,71.4531,73.7096,75.9471,78.1339,80.2339,82.208,84.0131,85.6046,86.9393,87.9774,88.6853,89.0381,89.0216,88.6334,87.8833,86.7921,85.3903,83.7157,
 ,-27,121.719,123.587,125.127,126.31,127.114,127.524,127.535,127.148,126.374,125.228,123.737,121.928,119.835,117.493,114.939,112.21,109.343,106.371,103.328,100.242,97.1423,94.0514,90.9903,87.9768,85.0257,82.1488,79.3557,76.6533,74.0467,71.539,69.132,66.8262,64.621,62.515,60.5063,58.5923,56.7701,55.0367,53.3886,51.8226,50.3352,48.923,47.5827,46.3111,45.1048,43.9609,42.8764,41.8486,40.8747,39.9522,39.0787,38.252,37.4699,36.7304,36.0317,35.3718,34.7493,34.1625,33.61,33.0905,32.6027,32.1455,31.7178,31.3186,30.947,30.6022,30.2834,29.9899,29.7212,29.4766,29.2557,29.0581,28.8833,28.7312,28.6013,28.4936,28.4079,28.344,28.302,28.2818,28.2836,28.3074,28.3533,28.4217,28.5126,28.6265,28.7637,28.9245,29.1093,29.3186,29.5528,29.8124,30.0978,30.4095,30.748,31.1136,31.5066,31.9271,32.3753,32.851,33.3537,33.8828,34.4372,35.0156,35.6161,36.2365,36.874,37.5256,38.1878,38.8572,39.5301,40.2034,40.8743,41.5406,42.2011,42.8556,43.5047,44.1502,44.7946,45.4411,46.0934,46.7555,47.4316,48.1258,48.8426,49.5861,50.3606,51.1705,52.0202,52.9146,53.8584,54.8571,55.9164,57.0424,58.2418,59.5216,60.8892,62.3524,63.9191,65.5971,67.394,69.3162,71.3689,73.5547,75.8724,78.315,80.8675,83.504,86.186,88.8607,91.4626,93.9183,96.1545,98.1073,99.7305,100.998,101.9,102.44,102.622,102.448,101.922,101.043,99.8153,98.2494,96.3649,94.1909,91.7655,89.133,86.342,83.4414,80.4785,77.4969,74.5347,71.6238,68.7903,66.054,63.4294,60.9261,58.55,56.3033,54.186,52.1958,50.3292,48.5815,46.9474,45.4211,43.9967,42.6683,41.4299,40.276,39.2012,38.2003,37.2685,36.4013,35.5946,34.8447,34.1479,33.5013,32.9018,32.347,31.8345,31.3622,30.9285,30.5315,30.1701,29.8428,29.5488,29.2871,29.0569,28.8577,28.689,28.5504,28.4415,28.3621,28.3122,28.2915,28.3,28.3376,28.4041,28.4993,28.6231,28.7749,28.954,29.1595,29.3901,29.6441,29.9192,30.2126,30.5207,30.8393,31.1636,31.4881,31.807,32.1141,32.4035,32.67,32.909,33.1177,33.2947,33.4404,33.5572,33.6491,33.7212,33.7799,33.8318,33.8837,33.9424,34.0142,34.1048,34.2196,34.3629,34.539,34.7514,35.0031,35.297,35.6356,36.0213,36.4564,36.9431,37.4835,38.0799,38.7347,39.4504,40.2293,41.0744,41.9884,42.9744,44.0355,45.175,46.3962,47.7025,49.0973,50.5838,52.1649,53.8433,55.6208,57.4986,59.4766,61.553,63.7243,65.984,68.3227,70.7271,73.1791,75.6559,78.1283,80.5616,82.9145,85.1416,87.1921,89.0126,90.5502,91.7561,92.5882,93.0151,93.0189,92.5963,91.7596,90.535,88.9605,87.0826,
 ,-28,123.139,125.051,126.619,127.813,128.61,128.995,128.963,128.516,127.665,126.432,124.843,122.931,120.731,118.282,115.625,112.798,109.839,106.785,103.667,100.517,97.3601,94.2208,91.1187,88.0709,85.0912,82.1906,79.3778,76.6591,74.039,71.5202,69.104,66.7905,64.579,62.4677,60.4545,58.5368,56.7116,54.9755,53.3254,51.7576,50.2688,48.8555,47.5143,46.242,45.0352,43.891,42.8063,41.7783,40.8044,39.882,39.0086,38.1821,37.4002,36.661,35.9624,35.3028,34.6805,34.0939,33.5416,33.0222,32.5345,32.0773,31.6495,31.2502,30.8784,30.5332,30.214,29.92,29.6506,29.4052,29.1833,28.9846,28.8085,28.6548,28.5232,28.4134,28.3254,28.259,28.2141,28.1908,28.1889,28.2086,28.2501,28.3134,28.3987,28.5064,28.6366,28.7896,28.9657,29.1654,29.3888,29.6364,29.9085,30.2054,30.5273,30.8745,31.2471,31.6451,32.0684,32.5167,32.9895,33.4859,34.0051,34.5457,35.106,35.684,36.2776,36.8841,37.5008,38.1252,38.7543,39.3859,40.0178,40.6487,41.2777,41.9047,42.5304,43.1564,43.7848,44.4182,45.0599,45.7132,46.382,47.0699,47.7811,48.5195,49.2892,50.0946,50.9402,51.8306,52.7709,53.7665,54.8232,55.9471,57.1448,58.4234,59.7903,61.253,62.8193,64.4968,66.2928,68.214,70.2652,72.4493,74.765,77.2049,79.7526,82.3784,85.036,87.6599,90.1666,92.4612,94.4507,96.0604,97.2476,98.0057,98.3589,98.3472,98.0127,97.3894,96.5002,95.3587,93.9737,92.3539,90.5118,88.4655,86.2393,83.8625,81.3682,78.7911,76.1657,73.5243,70.8965,68.3078,65.7792,63.3279,60.9667,58.7047,56.5479,54.4996,52.5608,50.7308,49.0074,47.3877,45.8678,44.4433,43.1097,41.8624,40.6965,39.6075,38.5909,37.6423,36.7578,35.9335,35.1658,34.4514,33.7873,33.1708,32.5993,32.0706,31.5826,31.1336,30.7218,30.3459,30.0047,29.6971,29.4222,29.1793,28.9679,28.7873,28.6373,28.5176,28.4281,28.3687,28.3394,28.3403,28.3714,28.4329,28.5249,28.6472,28.8,28.9828,29.1953,29.4366,29.7054,30.0001,30.3184,30.657,31.0122,31.379,31.7518,32.1239,32.4882,32.837,33.163,33.4591,33.7196,33.9407,34.1203,34.2591,34.3599,34.4278,34.4692,34.492,34.5045,34.5149,34.5313,34.5612,34.611,34.6868,34.7935,34.9355,35.1165,35.3397,35.608,35.9238,36.2896,36.7074,37.1796,37.7083,38.2959,38.9446,39.657,40.436,41.2844,42.2054,43.2023,44.2788,45.4387,46.6859,48.0245,49.4589,50.9931,52.6313,54.3773,56.2344,58.2051,60.291,62.4919,64.8056,67.2274,69.749,72.3577,75.0357,77.759,80.4967,83.2102,85.8531,88.3725,90.7085,92.797,94.5737,95.9777,96.9565,97.4705,97.4967,97.0312,96.0891,94.7039,92.9229,90.8041,
 ,-29,124.654,126.62,128.227,129.442,130.241,130.607,130.535,130.029,129.102,127.778,126.087,124.064,121.75,119.187,116.416,113.481,110.421,107.273,104.071,100.845,97.6222,94.4253,91.2738,88.1838,85.1685,82.238,79.4003,76.661,74.0237,71.4909,69.0631,66.7401,64.5209,62.4034,60.3852,58.4635,56.635,54.8965,53.2445,51.6754,50.1856,48.7716,47.4301,46.1576,44.9509,43.8069,42.7226,41.6951,40.7217,39.7999,38.9272,38.1014,37.3202,36.5816,35.8838,35.2248,34.6031,34.0171,33.4654,32.9464,32.4591,32.0022,31.5747,31.1755,30.8037,30.4585,30.1391,29.8448,29.5749,29.3289,29.1063,28.9066,28.7293,28.5743,28.4411,28.3296,28.2396,28.1709,28.1233,28.097,28.0918,28.1078,28.1451,28.2038,28.2839,28.3858,28.5096,28.6554,28.8236,29.0144,29.228,29.4647,29.7247,30.0081,30.3152,30.6459,31.0003,31.3782,31.7795,32.2036,32.6501,33.1181,33.6066,34.1144,34.64,35.1816,35.7375,36.3055,36.8834,37.4691,38.0605,38.6559,39.2538,39.8532,40.4537,41.0552,41.6587,42.2655,42.8774,43.4969,44.1268,44.7701,45.4301,46.1106,46.8151,47.5476,48.312,49.1127,49.9542,50.8411,51.7788,52.7725,53.8283,54.9526,56.152,57.4338,58.8054,60.2747,61.8497,63.5381,65.3476,67.2853,69.3572,71.5671,73.9155,76.3965,78.9944,81.6779,84.3942,87.0634,89.5782,91.8129,93.6426,94.9714,95.7561,96.0141,95.8112,95.2353,94.3718,93.2867,92.0228,90.6033,89.0384,87.3328,85.491,83.5207,81.434,79.2477,76.9823,74.6606,72.3064,69.943,67.5923,65.274,63.0047,60.7985,58.6663,56.6164,54.6545,52.784,51.0068,49.323,47.7316,46.2306,44.8173,43.4887,42.2412,41.0711,39.9747,38.9482,37.988,37.0904,36.252,35.4697,34.7402,34.061,33.4292,32.8425,32.2987,31.7959,31.3322,30.9061,30.5162,30.1612,29.8401,29.552,29.2963,29.0722,28.8794,28.7175,28.5863,28.4857,28.4158,28.3767,28.3685,28.3916,28.4461,28.5325,28.651,28.802,28.9855,29.2016,29.45,29.73,30.0408,30.3805,30.7467,31.1363,31.5448,31.9667,32.3954,32.8229,33.2405,33.6387,34.0079,34.3393,34.6255,34.8611,35.0436,35.1736,35.2547,35.2933,35.2976,35.2774,35.2429,35.2044,35.1713,35.1524,35.1552,35.1864,35.2515,35.355,35.5009,35.6924,35.9322,36.2228,36.5666,36.9655,37.4218,37.9376,38.5152,39.157,39.8656,40.6441,41.4954,42.423,43.4308,44.5227,45.7032,46.9768,48.3485,49.8235,51.4069,53.1041,54.9203,56.8603,58.9283,61.1276,63.46,65.9253,68.5205,71.2389,74.0691,76.9938,79.9887,83.0209,86.0484,89.0191,91.8717,94.5359,96.9348,98.99,100.626,101.777,102.393,102.444,101.926,100.858,99.2817,97.2574,94.857,
 ,-30,126.197,128.228,129.882,131.126,131.932,132.284,132.175,131.612,130.609,129.193,127.397,125.261,122.828,120.145,117.256,114.207,111.039,107.792,104.499,101.192,97.8969,94.637,91.4311,88.2944,85.2395,82.2757,79.4101,76.6476,73.9914,71.4428,69.0024,66.6693,64.4419,62.3179,60.2948,58.3692,56.538,54.7975,53.1441,51.5742,50.0841,48.6702,47.329,46.0571,44.8512,43.7081,42.6248,41.5984,40.6262,39.7057,38.8342,38.0096,37.2296,36.4922,35.7955,35.1377,34.517,33.932,33.3811,32.8631,32.3765,31.9202,31.4932,31.0945,30.723,30.378,30.0586,29.7642,29.4942,29.2478,29.0246,28.8242,28.646,28.4899,28.3554,28.2423,28.1505,28.0797,28.0298,28.0008,27.9925,28.0052,28.0386,28.0931,28.1685,28.2651,28.383,28.5224,28.6834,28.8662,29.0709,29.2978,29.5469,29.8184,30.1122,30.4283,30.7666,31.1269,31.5089,31.912,32.3355,32.7788,33.2409,33.7204,34.2162,34.7267,35.2503,35.7852,36.3297,36.8822,37.441,38.0049,38.5728,39.144,39.7185,40.2966,40.8789,41.467,42.0625,42.6676,43.2849,43.9173,44.5678,45.2399,45.937,46.663,47.4219,48.2179,49.0555,49.9396,50.8754,51.8688,52.9258,54.053,55.2576,56.5471,57.9294,59.4128,61.0058,62.7168,64.5541,66.5259,68.6396,70.9011,73.3137,75.8753,78.5736,81.3788,84.2334,87.0431,89.6712,91.9487,93.7028,94.8021,95.1981,94.9387,94.1455,92.9687,91.5452,89.9755,88.32,86.6071,84.8444,83.0294,81.1572,79.2249,77.2334,75.1884,73.0997,70.9803,68.845,66.7095,64.589,62.498,60.4494,58.4541,56.521,54.6573,52.8681,51.1568,49.5254,47.9746,46.5042,45.1129,43.7989,42.5601,41.3937,40.2969,39.2668,38.3002,37.3943,36.546,35.7524,35.011,34.319,33.6741,33.074,32.5167,32.0003,31.523,31.0833,30.6799,30.3116,29.9774,29.6762,29.4076,29.1708,28.9654,28.7912,28.648,28.5357,28.4544,28.4043,28.3857,28.3991,28.4448,28.5235,28.6357,28.7819,28.9629,29.179,29.4304,29.7174,30.0395,30.3959,30.785,31.2046,31.6512,32.1199,32.6047,33.0977,33.5895,34.0694,34.5257,34.9462,35.3197,35.6364,35.8892,36.0749,36.1939,36.2509,36.2539,36.2136,36.1421,36.0521,35.956,35.8652,35.79,35.7389,35.7194,35.7374,35.7978,35.9044,36.0606,36.269,36.532,36.8515,37.2297,37.6685,38.1699,38.7364,39.3702,40.0741,40.8511,41.7046,42.6383,43.6563,44.7631,45.9637,47.2635,48.6681,50.1836,51.8164,53.5732,55.4605,57.4849,59.6525,61.9686,64.4371,67.0601,69.837,72.7631,75.8289,79.0182,82.3069,85.6607,89.0342,92.3695,95.5964,98.6326,101.386,103.762,105.667,107.019,107.753,107.832,107.251,106.034,104.234,101.927,99.2023,
 ,-31,127.703,129.803,131.51,132.787,133.605,133.946,133.805,133.186,132.109,130.602,128.701,126.451,123.899,121.095,118.087,114.923,111.646,108.297,104.912,101.522,98.1533,94.8288,91.5668,88.3822,85.2864,82.2882,79.394,76.6079,73.9323,71.3681,68.9151,66.5721,64.337,62.2072,60.1797,58.2511,56.4178,54.6762,53.0224,51.4526,49.963,48.5501,47.21,45.9396,44.7352,43.5939,42.5124,41.4879,40.5176,39.5989,38.7292,37.9064,37.1282,36.3926,35.6975,35.0413,34.4221,33.8385,33.2889,32.772,32.2866,31.8313,31.4052,31.0071,30.6363,30.2917,29.9727,29.6785,29.4084,29.1619,28.9384,28.7375,28.5586,28.4016,28.266,28.1516,28.0582,27.9856,27.9336,27.9022,27.8913,27.9009,27.9309,27.9815,28.0527,28.1446,28.2573,28.3908,28.5454,28.7211,28.918,29.1362,29.3758,29.6367,29.9189,30.2223,30.5467,30.8917,31.257,31.6419,32.0459,32.468,32.9074,33.3628,33.8332,34.317,34.813,35.3196,35.8355,36.3592,36.8896,37.4258,37.9671,38.5131,39.0639,39.6201,40.1824,40.7523,41.3315,41.9221,42.5264,43.1473,43.7877,44.4509,45.1403,45.8595,46.6127,47.404,48.2381,49.12,50.0552,51.0496,52.1097,53.2427,54.456,55.7579,57.1569,58.6621,60.2827,62.0279,63.9072,65.9296,68.1044,70.4398,72.9429,75.6165,78.4544,81.4317,84.4905,87.5233,90.3602,92.7766,94.5326,95.4433,95.4487,94.6369,93.2042,91.3803,89.3629,87.2878,85.229,83.2145,81.2448,79.307,77.3851,75.4651,73.5373,71.5976,69.6465,67.6886,65.7312,63.7834,61.855,59.956,58.0955,56.2818,54.522,52.8218,51.1855,49.6164,48.1163,46.6864,45.3265,44.0363,42.8145,41.6594,40.5692,39.5417,38.5744,37.6651,36.8112,36.0103,35.2602,34.5584,33.9028,33.2915,32.7224,32.1939,31.7043,31.2522,30.8362,30.4552,30.1082,29.7944,29.5131,29.2636,29.0456,28.8589,28.7031,28.5785,28.4851,28.4231,28.393,28.3952,28.4304,28.4993,28.6028,28.7416,28.9167,29.129,29.3794,29.6684,29.9966,30.3639,30.7699,31.2133,31.6918,32.2018,32.7383,33.2944,33.861,34.4271,34.9797,35.5041,35.9854,36.4088,36.7618,37.0351,37.2243,37.3299,37.3577,37.318,37.2243,37.0919,36.9365,36.7732,36.6156,36.4756,36.3632,36.2862,36.2513,36.2635,36.3266,36.4439,36.6177,36.8502,37.1433,37.4987,37.9182,38.4039,38.9578,39.5823,40.2803,41.0548,41.9094,42.848,43.8752,44.9958,46.2155,47.5402,48.9764,50.5314,52.2126,54.028,55.9857,58.0941,60.3613,62.7947,65.401,68.1847,71.1478,74.2885,77.5996,81.0669,84.6669,88.3649,92.1126,95.8463,99.4862,102.937,106.09,108.83,111.042,112.623,113.493,113.604,112.949,111.559,109.501,106.872,103.78,
 ,-32,129.104,131.275,133.037,134.349,135.182,135.515,135.343,134.672,133.524,131.928,129.927,127.567,124.899,121.978,118.854,115.577,112.195,108.747,105.273,101.802,98.3616,94.9744,91.6581,88.427,85.2918,82.2608,79.3394,76.5309,73.8372,71.2587,68.7945,66.4428,64.2013,62.067,60.0364,58.1061,56.2721,54.5305,52.8775,51.3089,49.821,48.4101,47.0723,45.8042,44.6024,43.4636,42.3848,41.3629,40.3952,39.4791,38.6121,37.7917,37.0159,36.2825,35.5896,34.9354,34.3183,33.7365,33.1886,32.6733,32.1893,31.7354,31.3104,30.9134,30.5435,30.1997,29.8812,29.5875,29.3177,29.0713,28.8477,28.6465,28.4672,28.3095,28.1731,28.0576,27.9629,27.8887,27.835,27.8015,27.7882,27.7951,27.8221,27.8694,27.9368,28.0246,28.1326,28.2611,28.41,28.5795,28.7696,28.9803,29.2117,29.4635,29.7358,30.0284,30.3409,30.6729,31.0241,31.3937,31.7811,32.1855,32.6057,33.0409,33.4897,33.951,34.4235,34.906,35.3972,35.8961,36.4018,36.9135,37.431,37.9542,38.4833,39.0189,39.5622,40.1145,40.6776,41.2536,41.8448,42.4539,43.0839,43.7378,44.4191,45.1315,45.8789,46.6658,47.4969,48.3773,49.3128,50.3097,51.375,52.5162,53.7418,55.0607,56.4824,58.0169,59.6745,61.4656,63.4005,65.4893,67.7422,70.1696,72.7816,75.5861,78.5842,81.7591,85.0572,88.3619,91.4704,94.0941,95.9085,96.6577,96.2638,94.8656,92.7538,90.2527,87.6268,85.0448,82.5883,80.2795,78.1071,76.0454,74.0661,72.144,70.2597,68.4002,66.5581,64.7309,62.9196,61.1278,59.3609,57.6247,55.9253,54.2686,52.6597,51.1032,49.6025,48.1604,46.7785,45.458,44.1992,43.0018,41.8652,40.7881,39.7692,38.8068,37.8991,37.0441,36.2399,35.4846,34.7762,34.1127,33.4925,32.9138,32.375,31.8746,31.4112,30.9837,30.5909,30.232,29.906,29.6124,29.3505,29.12,28.9206,28.7522,28.6149,28.5088,28.4342,28.3915,28.3814,28.4046,28.4619,28.5544,28.6832,28.8494,29.0544,29.2993,29.5856,29.9143,30.2863,30.7021,31.1617,31.664,32.2072,32.7876,33.3999,34.0365,34.687,35.3384,35.9751,36.5793,37.132,37.6145,38.0107,38.3084,38.5016,38.5909,38.5838,38.4932,38.3363,38.1323,37.9005,37.6592,37.4247,37.2108,37.0286,36.8871,36.7931,36.7517,36.7668,36.8413,36.9773,37.1766,37.4408,37.7714,38.1699,38.638,39.1779,39.7918,40.4824,41.253,42.1072,43.0492,44.0839,45.2167,46.4536,47.8012,49.2671,50.8592,52.5864,54.4578,56.4833,58.673,61.0372,63.5858,66.3279,69.2712,72.4207,75.7778,79.3383,83.0907,87.013,91.0709,95.214,99.3732,103.459,107.363,110.956,114.101,116.657,118.496,119.519,119.666,118.926,117.34,114.992,112.002,108.504,
 ,-33,130.333,132.571,134.386,135.733,136.581,136.908,136.709,135.991,134.776,133.099,131.003,128.54,125.765,122.734,119.502,116.121,112.641,109.102,105.545,102,98.4937,95.049,91.6833,88.4102,85.2397,82.1794,79.234,76.4062,73.6974,71.107,68.634,66.276,64.0303,61.8934,59.8617,57.9314,56.0983,54.3584,52.7076,51.1417,49.6569,48.2492,46.9148,45.6503,44.4521,43.3169,42.2416,41.2232,40.259,39.3462,38.4824,37.6652,36.8924,36.1618,35.4717,34.8201,34.2054,33.6259,33.0802,32.5669,32.0847,31.6325,31.2091,30.8134,30.4447,30.1019,29.7844,29.4913,29.222,28.9759,28.7525,28.5513,28.3719,28.2138,28.0767,27.9604,27.8647,27.7892,27.7339,27.6987,27.6834,27.688,27.7125,27.7568,27.821,27.9052,28.0093,28.1334,28.2775,28.4418,28.6261,28.8305,29.0549,29.2993,29.5634,29.8469,30.1496,30.471,30.8106,31.1677,31.5415,31.9312,32.3358,32.7541,33.1851,33.6276,34.0804,34.5424,35.0126,35.49,35.974,36.4641,36.9603,37.4625,37.9715,38.4879,39.0129,39.5481,40.0954,40.6567,41.2347,41.8318,42.451,43.0954,43.7685,44.474,45.2159,45.9987,46.8271,47.7068,48.6436,49.6443,50.7164,51.8684,53.1095,54.4496,55.8996,57.4708,59.1747,61.0231,63.0269,65.1969,67.5432,70.0763,72.8067,75.7454,78.8993,82.2602,85.782,89.3457,92.7215,95.5582,97.4416,98.0355,97.2411,95.2543,92.4698,89.3121,86.1097,83.0576,80.239,77.6657,75.3122,73.1391,71.1062,69.1781,67.3267,65.5315,63.7785,62.0593,60.37,58.7096,57.0795,55.4824,53.9218,52.4013,50.9245,49.4945,48.1141,46.7854,45.5099,44.2885,43.1218,42.0096,40.9516,39.947,38.9946,38.0934,37.2418,36.4384,35.6815,34.9697,34.3013,33.6748,33.0887,32.5415,32.0321,31.559,31.1213,30.7178,30.3478,30.0104,29.7051,29.4312,29.1885,28.9766,28.7956,28.6454,28.5262,28.4385,28.3825,28.3591,28.369,28.4133,28.4929,28.6092,28.7638,28.958,29.1937,29.4725,29.7962,30.1665,30.5848,31.0523,31.5693,32.1356,32.7494,33.4074,34.1039,34.8306,35.576,36.3249,37.0586,37.7553,38.3915,38.9437,39.391,39.7178,39.9159,39.986,39.9375,39.7869,39.5558,39.2681,38.9477,38.6166,38.2942,37.9963,37.7356,37.5218,37.3621,37.2616,37.2239,37.2516,37.3465,37.5098,37.7428,38.0464,38.422,38.871,39.3952,39.9968,40.6785,41.4434,42.2955,43.2391,44.2793,45.4219,46.6734,48.0413,49.5336,51.1595,52.9287,54.8519,56.9406,59.2067,61.6626,64.3208,67.1931,70.2904,73.6211,77.1902,80.9972,85.0337,89.2806,93.7045,98.2537,102.855,107.41,111.794,115.86,119.443,122.375,124.499,125.691,125.876,125.042,123.24,120.574,117.192,113.258,
 ,-34,131.322,133.621,135.484,136.864,137.726,138.049,137.826,137.065,135.792,134.042,131.862,129.308,126.437,123.309,119.981,116.509,112.942,109.325,105.695,102.086,98.5235,95.0301,91.6227,88.3144,85.115,82.031,79.0667,76.2243,73.5044,70.9062,68.4278,66.0666,63.8195,61.6827,59.6524,57.7243,55.8943,54.158,52.5112,50.9496,49.4694,48.0663,46.7368,45.477,44.2835,43.153,42.0823,41.0684,40.1085,39.1998,38.34,37.5267,36.7575,36.0305,35.3437,34.6952,34.0835,33.5068,32.9636,32.4528,31.9728,31.5226,31.1011,30.7071,30.3399,29.9985,29.682,29.3899,29.1215,28.876,28.653,28.452,28.2726,28.1144,27.977,27.8601,27.7636,27.6872,27.6307,27.594,27.5771,27.5798,27.6021,27.644,27.7055,27.7866,27.8875,28.008,28.1482,28.3081,28.4877,28.6871,28.9059,29.1443,29.4018,29.6783,29.9733,30.2864,30.6169,30.9642,31.3274,31.7055,32.0976,32.5026,32.9193,33.3465,33.783,34.2279,34.6802,35.1391,35.6041,36.075,36.5518,37.0349,37.5249,38.0229,38.5304,39.0488,39.5803,40.1271,40.6915,41.2764,41.8847,42.5196,43.1844,43.8831,44.6196,45.3985,46.2248,47.1043,48.0432,49.0489,50.1295,51.2942,52.5534,53.9184,55.4017,57.0163,58.7754,60.6921,62.7782,65.044,67.498,70.1472,72.9985,76.0596,79.3375,82.8285,86.4939,90.2178,93.756,96.7124,98.6004,99.0161,97.8438,95.3313,91.9651,88.2534,84.5748,81.1412,78.0331,75.2507,72.7559,70.4976,68.4257,66.4967,64.6757,62.9364,61.2596,59.6325,58.0471,56.499,54.9864,53.5093,52.0691,50.6674,49.3064,47.9883,46.7148,45.4876,44.3078,43.1763,42.0935,41.0595,40.074,39.1364,38.2461,37.4021,36.6034,35.8486,35.1367,34.4664,33.8363,33.2452,32.6919,32.1753,31.6942,31.2477,30.8348,30.4549,30.107,29.7907,29.5054,29.251,29.027,28.8335,28.6704,28.5381,28.4369,28.3672,28.3298,28.3254,28.3553,28.4205,28.5225,28.6628,28.8434,29.0662,29.3332,29.6468,30.0093,30.423,30.89,31.4122,31.9906,32.6257,33.3161,34.0589,34.8485,35.6758,36.5279,37.3874,38.2321,39.0357,39.7691,40.4029,40.9105,41.2717,41.476,41.5239,41.427,41.2064,40.8889,40.5043,40.0817,39.6479,39.2254,38.8328,38.4841,38.1898,37.9575,37.7921,37.6968,37.6738,37.7242,37.8487,38.048,38.3226,38.6734,39.1014,39.6082,40.1958,40.8667,41.6243,42.4722,43.415,44.4582,45.6077,46.8708,48.2552,49.7699,51.4248,53.2309,55.2002,57.3454,59.6806,62.2201,64.9788,67.9716,71.2123,74.7132,78.4829,82.5251,86.8351,91.3973,96.1804,101.133,106.178,111.208,116.085,120.64,124.683,128.012,130.438,131.81,132.037,131.103,129.07,126.07,122.278,117.892,
 ,-35,132.012,134.362,136.264,137.671,138.545,138.863,138.62,137.824,136.501,134.69,132.441,129.81,126.86,123.652,120.247,116.7,113.063,109.382,105.695,102.035,98.4282,94.8972,91.4584,88.1243,84.9041,81.804,78.8277,75.9767,73.2511,70.6498,68.1704,65.81,63.5651,61.4317,59.4056,57.4825,55.6579,53.9275,52.2867,50.7315,49.2575,47.8608,46.5374,45.2838,44.0963,42.9716,41.9065,40.8981,39.9434,39.0398,38.1848,37.376,36.6112,35.8884,35.2055,34.5607,33.9524,33.3789,32.8389,32.3308,31.8535,31.4058,30.9864,30.5945,30.2291,29.8893,29.5744,29.2835,29.0161,28.7715,28.5492,28.3487,28.1696,28.0114,27.8739,27.7568,27.6598,27.5827,27.5253,27.4875,27.4693,27.4704,27.491,27.531,27.5904,27.6691,27.7673,27.885,28.0221,28.1787,28.3547,28.5502,28.7649,28.9988,29.2516,29.5229,29.8123,30.1194,30.4434,30.7837,31.1391,31.5089,31.8919,32.2868,32.6925,33.1077,33.5313,33.9623,34.3996,34.8427,35.2912,35.7448,36.2039,36.6691,37.1412,37.6215,38.1116,38.6134,39.1291,39.6611,40.2119,40.7843,41.3815,42.0067,42.6633,43.3551,44.0864,44.8618,45.6865,46.5664,47.5081,48.5196,49.6097,50.7885,52.0679,53.4607,54.9812,56.6449,58.467,60.4625,62.644,65.0207,67.5972,70.3729,73.344,76.5056,79.8538,83.3795,87.0462,90.7445,94.2335,97.1062,98.8497,99.0327,97.5359,94.6383,90.8762,86.8013,82.816,79.1391,75.8475,72.9342,70.3533,68.0469,65.959,64.0413,62.2545,60.5684,58.9605,57.4148,55.9203,54.4699,53.0596,51.6872,50.3521,49.0549,47.7962,46.5772,45.3991,44.2629,43.1695,42.1194,41.1131,40.1507,39.232,38.3566,37.524,36.7335,35.9843,35.2755,34.6062,33.9752,33.3816,32.8244,32.3027,31.8154,31.3617,30.9409,30.5522,30.1949,29.8686,29.5728,29.3072,29.0716,28.866,28.6904,28.545,28.4302,28.3465,28.2946,28.2754,28.2899,28.3395,28.4255,28.5498,28.7142,28.9209,29.1725,29.4714,29.8206,30.223,30.6817,31.1995,31.7792,32.4228,33.1313,33.9045,34.7397,35.6315,36.5703,37.5419,38.5263,39.4974,40.4238,41.2699,41.999,42.5777,42.9801,43.1925,43.2151,43.0624,42.7606,42.3432,41.8468,41.307,40.7558,40.22,39.7207,39.2737,38.8903,38.578,38.3417,38.1839,38.1061,38.1087,38.1917,38.3549,38.5985,38.9226,39.3279,39.8156,40.3874,41.0457,41.7937,42.6351,43.5746,44.6178,45.771,47.0417,48.4383,49.9704,51.6487,53.4852,55.4929,57.6862,60.0807,62.6927,65.5396,68.6387,72.0073,75.6609,79.6123,83.8691,88.431,93.2863,98.4065,103.741,109.211,114.701,120.061,125.101,129.603,133.331,136.064,137.62,137.89,136.855,134.591,131.254,127.055,122.225,
 ,-36,132.349,134.735,136.666,138.091,138.973,139.287,139.027,138.204,136.843,134.986,132.684,129.997,126.987,123.721,120.258,116.657,112.971,109.244,105.518,101.823,98.1879,94.6331,91.1752,87.8266,84.5958,81.4886,78.5083,75.6558,72.9311,70.3324,67.8573,65.5023,63.2638,61.1375,59.119,57.2039,55.3876,53.6655,52.0331,50.4862,49.0204,47.6317,46.3162,45.0701,43.89,42.7724,41.7141,40.7121,39.7637,38.866,38.0166,37.2132,36.4535,35.7354,35.057,34.4165,33.8122,33.2425,32.706,32.2012,31.7269,31.2819,30.8652,30.4757,30.1124,29.7746,29.4613,29.172,28.9059,28.6625,28.4411,28.2414,28.0628,27.905,27.7677,27.6505,27.5533,27.4758,27.4178,27.3793,27.3601,27.3602,27.3794,27.4179,27.4757,27.5527,27.6489,27.7645,27.8994,28.0537,28.2272,28.4201,28.6321,28.8631,29.1128,29.381,29.6671,29.9706,30.2907,30.6267,30.9776,31.3421,31.7192,32.1075,32.5057,32.9124,33.3263,33.7464,34.1716,34.6014,35.0354,35.4735,35.9163,36.3644,36.8192,37.282,37.7548,38.2399,38.7394,39.2562,39.7929,40.3527,40.9385,41.5538,42.2022,42.8874,43.6138,44.386,45.2094,46.0902,47.0353,48.0531,49.1532,50.3469,51.6473,53.0692,54.6295,56.346,58.2372,60.3205,62.6098,65.1131,67.8288,70.7445,73.8368,77.0761,80.4325,83.8769,87.3657,90.7988,93.9591,96.4744,97.8691,97.7433,95.9938,92.8989,88.9835,84.7871,80.7042,76.9496,73.599,70.6451,68.0418,65.7307,63.6551,61.7653,60.0208,58.3895,56.8473,55.3761,53.9632,52.5996,51.2796,49.9996,48.7575,47.5526,46.3847,45.2541,44.1614,43.107,42.0916,41.1155,40.179,39.2822,38.425,37.6071,36.8282,36.0877,35.385,34.7194,34.0902,33.4966,32.9378,32.413,31.9214,31.4623,31.035,30.6389,30.2735,29.9383,29.6328,29.3569,29.1104,28.8932,28.7054,28.5472,28.419,28.3213,28.2548,28.2203,28.219,28.252,28.3209,28.4276,28.5739,28.7622,28.9951,29.2755,29.6066,29.9919,30.435,30.94,31.5105,32.1503,32.8625,33.6492,34.5112,35.4466,36.4502,37.5123,38.6173,39.7425,40.8578,41.9254,42.9021,43.7429,44.4056,44.8577,45.0809,45.0752,44.8583,44.4625,43.9293,43.3039,42.6294,41.9443,41.28,40.6607,40.104,39.6221,39.2222,38.9088,38.6835,38.547,38.4985,38.5373,38.6623,38.8729,39.1685,39.5494,40.0162,40.5704,41.2141,41.9503,42.7827,43.716,44.7559,45.9089,47.1829,48.5866,50.1303,51.8252,53.6842,55.7214,57.9525,60.3943,63.0651,65.9843,69.1717,72.6473,76.43,80.5362,84.9776,89.7581,94.8699,100.288,105.963,111.816,117.725,123.528,129.018,133.95,138.056,141.081,142.814,143.127,141.999,139.517,135.867,131.29,126.054,
 ,-37,132.291,134.696,136.641,138.075,138.959,139.268,138.997,138.155,136.769,134.883,132.548,129.826,126.781,123.479,119.984,116.353,112.639,108.89,105.144,101.434,97.7866,94.2237,90.761,87.4106,84.1808,81.0767,78.1015,75.2559,72.5393,69.9498,67.4847,65.1403,62.9128,60.7977,58.7906,56.8869,55.0818,53.3708,51.7493,50.2129,48.7574,47.3786,46.0726,44.8356,43.6642,42.555,41.5047,40.5103,39.5691,38.6782,37.8354,37.0381,36.2842,35.5715,34.8983,34.2627,33.6629,33.0975,32.5649,32.0639,31.593,31.1513,30.7375,30.3506,29.9899,29.6543,29.3431,29.0556,28.7911,28.549,28.3288,28.1301,27.9523,27.7951,27.6582,27.5413,27.4441,27.3665,27.3083,27.2693,27.2496,27.2489,27.2674,27.3049,27.3615,27.4374,27.5324,27.6466,27.7802,27.9331,28.1053,28.2968,28.5076,28.7373,28.9859,29.253,29.538,29.8404,30.1595,30.4942,30.8436,31.2063,31.5811,31.9663,32.3605,32.7622,33.1698,33.5821,33.998,34.4168,34.8382,35.2623,35.6897,36.1214,36.559,37.0042,37.4593,37.9269,38.4098,38.9107,39.4328,39.9793,40.5534,41.1587,41.7988,42.4776,43.1993,43.9688,44.7915,45.6736,46.6224,47.6466,48.7567,49.965,51.2861,52.7369,54.3368,56.1073,58.0705,60.2474,62.6544,65.2986,68.1718,71.2453,74.4681,77.7717,81.0831,84.3366,87.4721,90.4031,92.9605,94.8521,95.7002,95.1896,93.2504,90.1304,86.2875,82.1971,78.2149,74.5413,71.2521,68.3458,65.783,63.5111,61.477,59.6336,57.9414,56.369,54.8918,53.4912,52.1534,50.8685,49.6297,48.4322,47.273,46.1506,45.0638,44.0124,42.9963,42.0158,41.071,40.1622,39.2894,38.4528,37.6522,36.8875,36.1584,35.4645,34.8054,34.1805,33.5892,33.0309,32.5051,32.0111,31.5484,31.1162,30.7143,30.342,29.999,29.685,29.3998,29.1431,28.9151,28.7157,28.5452,28.404,28.2925,28.2114,28.1615,28.144,28.16,28.2111,28.299,28.4257,28.5937,28.8056,29.0643,29.3735,29.7368,30.1584,30.6428,31.195,31.8197,32.5219,33.3059,34.1754,35.1323,36.1759,37.3019,38.5003,39.7545,41.0393,42.3195,43.5507,44.6806,45.6537,46.4174,46.9301,47.1683,47.1309,46.8394,46.3336,45.6651,44.8891,44.0586,43.2194,42.4086,41.6539,40.9749,40.3839,39.8883,39.4912,39.1935,38.9943,38.8918,38.884,38.9688,39.1445,39.4101,39.7649,40.2092,40.744,41.371,42.0931,42.9138,43.8378,44.8708,46.0194,47.2917,48.6969,50.2455,51.9494,53.8221,55.8785,58.1352,60.6105,63.3239,66.2964,69.5502,73.1073,76.9896,81.2165,85.8032,90.7574,96.0749,101.734,107.687,113.855,120.113,126.289,132.16,137.458,141.89,145.169,147.058,147.412,146.206,143.544,139.63,134.74,129.169,
 ,-38,131.807,134.211,136.155,137.587,138.467,138.771,138.492,137.64,136.245,134.347,132.001,129.268,126.213,122.903,119.401,115.766,112.05,108.301,104.558,100.853,97.2127,93.6587,90.2068,86.8685,83.652,80.5623,77.6021,74.7722,72.0717,69.4984,67.0496,64.7215,62.51,60.4107,58.419,56.5302,54.7396,53.0426,51.4345,49.9111,48.4679,47.1009,45.8062,44.58,43.4189,42.3193,41.2782,40.2926,39.3596,38.4766,37.6411,36.8507,36.1033,35.3969,34.7294,34.0992,33.5046,32.9439,32.4158,31.9189,31.4519,31.0137,30.6032,30.2195,29.8615,29.5285,29.2196,28.9342,28.6716,28.4312,28.2124,28.0149,27.8382,27.6819,27.5457,27.4293,27.3324,27.255,27.1968,27.1578,27.1378,27.1368,27.1548,27.1918,27.248,27.3232,27.4177,27.5314,27.6645,27.817,27.989,28.1805,28.3914,28.6217,28.871,29.1391,29.4254,29.7294,30.0503,30.387,30.7384,31.103,31.4792,31.8653,32.2595,32.6599,33.0647,33.4725,33.8819,34.2921,34.7027,35.1139,35.5266,35.9419,36.3619,36.7888,37.2254,37.6745,38.1394,38.6235,39.1301,39.6626,40.2246,40.8196,41.4515,42.124,42.8416,43.609,44.4314,45.3153,46.268,47.2987,48.4182,49.6398,50.9796,52.4566,54.0932,55.9146,57.9476,60.218,62.7465,65.5408,68.5867,71.8375,75.2074,78.5768,81.8117,84.7944,87.4421,89.6908,91.4437,92.5241,92.6907,91.7412,89.6468,86.6083,82.985,79.157,75.4193,71.9475,68.8152,66.0293,63.5608,61.3664,59.4004,57.6208,55.9915,54.483,53.0717,51.7394,50.4722,49.26,48.095,46.9722,45.8878,44.8394,43.8257,42.8456,41.8988,40.9851,40.1044,39.2569,38.4424,37.661,36.9127,36.1972,35.5144,34.864,34.2456,33.6588,33.1032,32.5784,32.0838,31.6191,31.1838,30.7775,30.3998,30.0503,29.7289,29.4354,29.1696,28.9315,28.7213,28.5391,28.3854,28.2605,28.1651,28.1001,28.0664,28.0652,28.0981,28.1666,28.2729,28.4192,28.6083,28.8432,29.1273,29.4648,29.8599,30.3178,30.8437,31.4436,32.1236,32.89,33.7489,34.7055,35.7636,36.924,38.1838,39.5336,40.956,42.4231,43.8949,45.3188,46.632,47.7655,48.6536,49.2428,49.5018,49.4281,49.0475,48.4096,47.5788,46.6236,45.6088,44.5899,43.6105,42.7021,41.8858,41.1743,40.574,40.0868,39.7116,39.4461,39.2867,39.2301,39.2729,39.4123,39.6464,39.9737,40.3939,40.9075,41.5159,42.2214,43.0277,43.9391,44.9613,46.101,47.3665,48.7669,50.3132,52.0177,53.8942,55.9584,58.2275,60.7205,63.4582,66.4628,69.7578,73.367,77.3143,81.6214,86.3062,91.3791,96.8387,102.666,108.816,115.208,121.716,128.16,134.31,139.879,144.553,148.022,150.031,150.421,149.166,146.378,142.282,137.176,131.379,
 ,-39,130.881,133.265,135.192,136.609,137.478,137.775,137.493,136.642,135.251,133.361,131.026,128.307,125.27,121.979,118.498,114.885,111.193,107.469,103.751,100.072,96.4589,92.9318,89.5067,86.1951,83.005,79.9414,77.0069,74.202,71.5259,68.9763,66.5503,64.2443,62.0541,59.9752,58.0031,56.133,54.3603,52.6802,51.0884,49.5803,48.1517,46.7986,45.517,44.3033,43.1538,42.0653,41.0347,40.0589,39.1352,38.261,37.4337,36.6511,35.911,35.2114,34.5504,33.9262,33.3372,32.7818,32.2586,31.7663,31.3036,30.8694,30.4626,30.0823,29.7274,29.3972,29.091,28.8079,28.5475,28.309,28.092,27.896,27.7206,27.5654,27.4301,27.3144,27.2182,27.1413,27.0834,27.0446,27.0247,27.0237,27.0418,27.0788,27.1349,27.2101,27.3047,27.4187,27.5522,27.7054,27.8783,28.0711,28.2837,28.5161,28.7682,29.0395,29.3298,29.6383,29.9642,30.3064,30.6635,31.034,31.4159,31.8073,32.2058,32.6092,33.0153,33.4221,33.828,34.2319,34.6334,35.0327,35.4308,35.8293,36.2308,36.638,37.0543,37.4833,37.9287,38.3943,38.884,39.4015,39.9507,40.5352,41.1589,41.8256,42.5397,43.3056,44.1287,45.015,45.9721,47.0089,48.1368,49.3695,50.7244,52.2224,53.8889,55.7528,57.8461,60.2008,62.8432,65.7842,69.006,72.4445,75.9763,79.4211,82.5706,85.2425,87.3289,88.7998,89.652,89.8437,89.2806,87.8744,85.634,82.7108,79.3617,75.8644,72.4438,69.2425,66.3274,63.7113,61.3759,59.2884,57.4117,55.7104,54.153,52.7131,51.3691,50.1039,48.9042,47.7599,46.6632,45.6086,44.5921,43.611,42.6633,41.7479,40.8639,40.0109,39.1887,38.3971,37.636,36.9055,36.2053,35.5354,34.8956,34.2856,33.7053,33.1543,32.6323,32.139,31.6741,31.2372,30.828,30.4462,30.0917,29.7641,29.4634,29.1894,28.9423,28.7221,28.529,28.3634,28.2258,28.1166,28.0368,27.9872,27.969,27.9836,28.0326,28.118,28.242,28.4071,28.6166,28.8737,29.1825,29.5475,29.9739,30.4675,31.0346,31.6823,32.4182,33.2503,34.1865,35.2344,36.3999,37.6865,39.0931,40.6121,42.226,43.905,45.6039,47.261,48.8001,50.1354,51.1826,51.8716,52.1601,52.0423,51.5501,50.7467,49.7139,48.5384,47.3007,46.0681,44.8916,43.8068,42.836,41.991,41.2766,40.6924,40.235,39.8997,39.6811,39.5739,39.5734,39.6753,39.8767,40.1753,40.5701,41.0608,41.6485,42.3353,43.1242,44.0196,45.027,46.1531,47.4061,48.7953,50.3316,52.0277,53.8976,55.9572,58.2243,60.7183,63.4605,66.4739,69.7825,73.4115,77.3856,81.7279,86.4575,91.5865,97.1152,103.026,109.274,115.781,122.418,129.004,135.3,141.014,145.82,149.396,151.476,151.895,150.627,147.789,143.617,138.421,132.533,
 ,-40,129.512,131.856,133.749,135.14,135.992,136.28,135.999,135.159,133.786,131.923,129.622,126.942,123.948,120.703,117.27,113.707,110.065,106.39,102.721,99.0899,95.5228,92.0406,88.6586,85.3885,82.2381,79.2125,76.3142,73.5439,70.9006,68.3822,65.986,63.708,61.5444,59.4908,57.5425,55.695,53.9436,52.2836,50.7108,49.2206,47.8089,46.4716,45.205,44.0053,42.8691,41.7931,40.7741,39.8094,38.896,38.0315,37.2134,36.4394,35.7073,35.0152,34.3613,33.7438,33.161,32.6114,32.0936,31.6063,31.1483,30.7185,30.3157,29.9391,29.5877,29.2607,28.9573,28.6769,28.4189,28.1826,27.9675,27.7733,27.5994,27.4456,27.3115,27.1968,27.1015,27.0253,26.9681,26.9297,26.9103,26.9098,26.9282,26.9657,27.0222,27.0981,27.1934,27.3084,27.4432,27.598,27.7731,27.9685,28.1843,28.4207,28.6775,28.9546,29.2514,29.5674,29.9018,30.2534,30.6206,31.0016,31.3942,31.7958,32.2038,32.6152,33.0271,33.4371,33.8429,34.2431,34.637,35.025,35.4082,35.7888,36.17,36.5552,36.9488,37.355,37.7783,38.2233,38.6944,39.1956,39.731,40.3046,40.9202,41.5817,42.2931,43.0588,43.8838,44.7738,45.7358,46.7788,47.9137,49.1547,50.5196,52.0308,53.716,55.6078,57.7431,60.16,62.8919,65.9549,69.3304,72.9406,76.6264,80.1448,83.2076,85.5619,87.0759,87.7636,87.7261,87.0588,85.802,83.964,81.5822,78.7643,75.6792,72.5124,69.4214,66.5123,63.8399,61.4191,59.2395,57.2776,55.5047,53.8921,52.4135,51.0459,49.7704,48.5715,47.4367,46.3565,45.3234,44.3318,43.3777,42.458,41.5705,40.7139,39.8871,39.0895,38.3207,37.5804,36.8683,36.1845,35.5288,34.9011,34.3012,33.729,33.1843,32.6668,32.1764,31.7129,31.2759,30.8653,30.481,30.1226,29.7901,29.4834,29.2024,28.9473,28.718,28.515,28.3383,28.1886,28.0664,27.9723,27.9073,27.8725,27.8691,27.8987,27.9632,28.0646,28.2054,28.3886,28.6174,28.8958,29.2283,29.6199,30.0765,30.6048,31.2122,31.9073,32.6991,33.5976,34.6132,35.756,37.0353,38.4579,40.0262,41.7356,43.5703,45.4999,47.4744,49.4221,51.2499,52.8492,54.1091,54.9341,55.2644,55.0888,54.4484,53.4267,52.1315,50.6755,49.1605,47.6682,46.2581,44.9692,43.8235,42.8307,41.9922,41.3043,40.7603,40.3525,40.0729,39.9139,39.8691,39.9328,40.1007,40.3697,40.7378,41.2043,41.7695,42.4351,43.2039,44.0799,45.0684,46.176,47.4107,48.7818,50.3002,51.9785,53.8309,55.8732,58.1233,60.6006,63.3267,66.3244,69.6181,73.2329,77.1935,81.5233,86.2413,91.3597,96.8789,102.781,109.023,115.525,122.158,128.742,135.039,140.756,145.568,149.155,151.25,151.69,150.45,147.646,143.517,138.374,132.549,
 ,-41,127.715,130,131.843,133.197,134.025,134.304,134.027,133.206,131.867,130.048,127.801,125.183,122.257,119.085,115.726,112.238,108.671,105.069,101.471,97.908,94.4064,90.9864,87.6636,84.4494,81.3518,78.3759,75.5244,72.7981,70.1961,67.7165,65.3566,63.1128,60.9812,58.9576,57.0375,55.2164,53.4897,51.853,50.3018,48.832,47.4394,46.1201,44.8702,43.6863,42.5649,41.5027,40.4967,39.5442,38.6422,37.7884,36.9803,36.2157,35.4924,34.8086,34.1624,33.552,32.9759,32.4326,31.9208,31.4389,30.9861,30.5609,30.1626,29.79,29.4424,29.1189,28.8187,28.5413,28.2859,28.052,27.8392,27.6469,27.4748,27.3226,27.1899,27.0765,26.9823,26.9071,26.8508,26.8133,26.7946,26.7949,26.8141,26.8524,26.9099,26.987,27.0837,27.2003,27.3373,27.4947,27.673,27.8724,28.0931,28.3353,28.599,28.8842,29.1906,29.5176,29.8643,30.2296,30.6117,31.0086,31.4176,31.8355,32.2591,32.6844,33.1078,33.5259,33.9356,34.335,34.7229,35.0997,35.467,35.8277,36.1856,36.5455,36.9125,37.2923,37.6902,38.1115,38.5614,39.0444,39.565,40.1272,40.735,41.3921,42.1022,42.8695,43.6983,44.5938,45.5623,46.6119,47.753,48.9991,50.3679,51.8824,53.5713,55.4698,57.6187,60.0615,62.8376,65.9691,69.4388,73.1597,76.9439,80.4948,83.4516,85.4978,86.4827,86.466,85.6479,84.2435,82.4017,80.202,77.7005,74.9707,72.1141,69.2435,66.4588,63.8316,61.4018,59.1821,57.1669,55.3394,53.6781,52.1603,50.7644,49.4715,48.265,47.1313,46.0592,45.04,44.0666,43.1337,42.2371,41.3738,40.5416,39.7388,38.9644,38.2175,37.4975,36.8043,36.1374,35.4967,34.8821,34.2935,33.7307,33.1936,32.6821,32.1961,31.7354,31.2999,30.8893,30.5037,30.1428,29.8066,29.4951,29.2083,28.9462,28.709,28.4969,28.3101,28.1492,28.0147,27.9071,27.8274,27.7766,27.7558,27.7665,27.8104,27.8894,28.0059,28.1626,28.3627,28.6099,28.9084,29.2631,29.6799,30.1653,30.7269,31.3733,32.1145,32.9615,33.9263,35.0223,36.263,37.6619,39.2306,40.9769,42.9014,44.993,47.2231,49.539,51.8583,54.067,56.0245,57.5798,58.5973,58.9874,58.7303,57.8816,56.5581,54.9087,53.0844,51.2159,49.4031,47.7134,46.1872,44.8436,43.6876,42.7153,41.9177,41.2836,40.8013,40.4595,40.2483,40.159,40.1843,40.3184,40.5572,40.8979,41.3388,41.8799,42.5222,43.2681,44.1214,45.0869,46.171,47.3815,48.7275,50.2199,51.8709,53.6946,55.7066,57.9244,60.3674,63.0564,66.014,69.2638,72.8302,76.7369,81.0062,85.6561,90.6972,96.1285,101.931,108.06,114.436,120.933,127.373,133.524,139.102,143.796,147.297,149.351,149.804,148.631,145.946,141.98,137.031,131.422,
 ,-42,125.517,127.726,129.506,130.812,131.61,131.878,131.61,130.817,129.522,127.763,125.589,123.055,120.219,117.142,113.882,110.492,107.022,103.515,100.009,96.5338,93.1157,89.7745,86.5259,83.3815,80.3491,77.4342,74.6396,71.9663,69.4138,66.9804,64.6634,62.4596,60.3653,58.3764,56.4886,54.6977,52.9991,51.3886,49.862,48.4151,47.0438,45.7444,44.5132,43.3466,42.2415,41.1945,40.2028,39.2635,38.374,37.5318,36.7346,35.9802,35.2665,34.5916,33.9537,33.3511,32.7823,32.2458,31.7403,31.2644,30.817,30.397,30.0034,29.6352,29.2917,28.9719,28.6752,28.401,28.1485,27.9174,27.7069,27.5169,27.3468,27.1964,27.0654,26.9535,26.8607,26.7867,26.7315,26.6951,26.6776,26.6789,26.6993,26.7388,26.7978,26.8765,26.9752,27.0943,27.2342,27.3952,27.5778,27.7825,28.0096,28.2595,28.5324,28.8284,29.1475,29.489,29.8524,30.2364,30.6391,31.0581,31.4903,31.932,32.3786,32.8253,33.2673,33.6996,34.1181,34.5199,34.9034,35.2689,35.6185,35.9558,36.2861,36.6155,36.9508,37.2989,37.6665,38.0601,38.4855,38.9479,39.4522,40.0025,40.6028,41.2567,41.9676,42.7391,43.5748,44.4789,45.4567,46.5148,47.6621,48.9109,50.2774,51.7837,53.4585,55.3374,57.463,59.8817,62.6365,65.7533,69.2165,72.9336,76.6996,80.1832,82.9771,84.7238,85.2635,84.6929,83.2848,81.339,79.0781,76.6282,74.0566,71.4132,68.7536,66.1383,63.624,61.2531,59.0507,57.0252,55.1724,53.4804,51.9327,50.5117,49.2003,47.9825,46.8446,45.7748,44.7634,43.8023,42.8852,42.0071,41.1639,40.3528,39.5714,38.8182,38.0918,37.3915,36.7165,36.0665,35.4412,34.8404,34.2638,33.7115,33.1832,32.6789,32.1985,31.7419,31.3091,30.8999,30.5142,30.1521,29.8135,29.4984,29.2069,28.9389,28.6948,28.4747,28.2788,28.1077,27.9617,27.8416,27.748,27.682,27.6445,27.637,27.6609,27.7181,27.8108,27.9414,28.1129,28.3287,28.5929,28.91,29.2855,29.7257,30.238,30.8309,31.5143,32.2996,33.1998,34.2298,35.406,36.7462,38.2693,39.9934,41.9342,44.101,46.4915,49.0837,51.8263,54.6278,57.3489,59.8043,61.7814,63.0783,63.5551,63.1763,62.0234,60.2695,58.1299,55.8133,53.4894,51.2785,49.254,47.453,45.8873,44.5532,43.4384,42.5264,41.8,41.2425,40.8388,40.5758,40.4424,40.4296,40.5302,40.7388,41.0514,41.466,41.9815,42.5985,43.319,44.1462,45.0846,46.1403,47.3208,48.6349,50.0931,51.7073,53.4911,55.4599,57.6306,60.0216,62.6532,65.5467,68.7246,72.2096,76.0237,80.187,84.7149,89.6157,94.8857,100.503,106.422,112.563,118.803,124.97,130.843,136.158,140.623,143.954,145.919,146.376,145.305,142.814,139.113,134.483,129.226,
 ,-43,122.956,125.074,126.779,128.03,128.794,129.05,128.793,128.034,126.793,125.108,123.023,120.59,117.864,114.903,111.761,108.49,105.137,101.745,98.3489,94.9791,91.6605,88.4133,85.2528,82.1907,79.2352,76.3918,73.6636,71.0519,68.5566,66.1762,63.9083,61.7502,59.6981,57.7484,55.8971,54.14,52.4728,50.8916,49.3921,47.9704,46.6227,45.3451,44.1343,42.9868,41.8994,40.869,39.8927,38.9679,38.0918,37.2622,36.4767,35.7333,35.0298,34.3645,33.7355,33.1413,32.5804,32.0511,31.5523,31.0828,30.6413,30.2268,29.8383,29.4748,29.1357,28.82,28.527,28.2562,28.0069,27.7787,27.5709,27.3833,27.2155,27.0671,26.938,26.8278,26.7366,26.6641,26.6103,26.5753,26.5591,26.5618,26.5837,26.6248,26.6857,26.7665,26.8678,26.9899,27.1335,27.299,27.4871,27.6984,27.9335,28.193,28.4773,28.787,29.122,29.4822,29.867,30.2753,30.7051,31.1537,31.6175,32.0918,32.571,33.0486,33.518,33.9724,34.4061,34.8145,35.1953,35.5487,35.8773,36.1863,36.4824,36.7741,37.0702,37.3795,37.7105,38.0708,38.4674,38.9061,39.3921,39.9299,40.5234,41.1759,41.8904,42.6699,43.517,44.4346,45.4264,46.4969,47.6528,48.9034,50.2627,51.75,53.3916,55.2216,57.2815,59.617,62.271,65.2692,68.595,72.154,75.7365,79.0045,81.5429,82.9899,83.1903,82.2594,80.5005,78.251,75.7692,73.2069,70.6381,68.1003,65.6213,63.2291,60.9506,58.8069,56.8107,54.9655,53.2672,51.7062,50.2701,48.9449,47.717,46.5735,45.503,44.4954,43.5423,42.6367,41.7728,40.946,40.1526,39.3899,38.6556,37.9481,37.266,36.6086,35.9751,35.3651,34.7782,34.2141,33.6728,33.1542,32.658,32.1842,31.7329,31.3039,30.8972,30.5127,30.1506,29.8107,29.4932,29.198,28.9253,28.6753,28.4482,28.2443,28.0639,27.9076,27.7758,27.6694,27.589,27.5358,27.5109,27.5158,27.5521,27.6217,27.727,27.8706,28.0557,28.2859,28.5655,28.8995,29.2938,29.7554,30.2922,30.9138,31.6314,32.4579,33.4085,34.5008,35.7552,37.1944,38.8438,40.7301,42.8798,45.3153,48.0492,51.0735,54.3461,57.7715,61.1831,64.335,66.9204,68.6284,69.2315,68.6671,67.0625,64.6879,61.8662,58.8913,55.9838,53.2834,50.8631,48.7491,46.9389,45.4144,44.1512,43.1227,42.304,41.6723,41.2082,40.895,40.719,40.6693,40.7371,40.9158,41.2004,41.588,42.0769,42.6669,43.3596,44.1576,45.065,46.0876,47.2322,48.5075,49.9234,51.4915,53.2248,55.1378,57.2468,59.5692,62.124,64.931,68.0108,71.384,75.07,79.086,83.4441,88.1489,93.1933,98.5527,104.179,109.994,115.877,121.668,127.162,132.116,136.268,139.366,141.204,141.659,140.716,138.471,135.114,130.898,126.1,
 ,-44,120.078,122.094,123.716,124.905,125.63,125.874,125.631,124.91,123.733,122.131,120.147,117.829,115.229,112.4,109.393,106.258,103.04,99.7787,96.5084,93.2587,90.054,86.9139,83.8538,80.8854,78.017,75.2546,72.6014,70.0592,67.6282,65.3072,63.0943,60.987,58.9819,57.0758,55.2647,53.5448,51.9122,50.3629,48.8931,47.499,46.1768,44.9231,43.7344,42.6074,41.5391,40.5266,39.5669,38.6575,37.7959,36.9798,36.2069,35.4752,34.7827,34.1276,33.5082,32.9229,32.3702,31.8487,31.3572,30.8943,30.4591,30.0504,29.6673,29.309,28.9745,28.6631,28.3742,28.1071,27.8612,27.6361,27.4312,27.2463,27.0809,26.9348,26.8077,26.6995,26.61,26.5392,26.4871,26.4537,26.4391,26.4435,26.4671,26.5102,26.5733,26.6567,26.761,26.8868,27.0348,27.2056,27.4002,27.6194,27.864,28.1349,28.4331,28.7592,29.1138,29.497,29.9085,30.3475,30.812,31.2992,31.8047,32.3229,32.8467,33.3675,33.8761,34.3632,34.8203,35.2407,35.6208,35.9604,36.2632,36.5362,36.7889,37.0326,37.279,37.5398,37.8254,38.1453,38.5074,38.9184,39.384,39.9086,40.4962,41.1497,41.8718,42.6646,43.5295,44.468,45.4814,46.5716,47.7415,48.9968,50.3468,51.8063,53.3972,55.1494,57.1003,59.2916,61.7621,64.5332,67.5852,70.8244,74.0499,76.9454,79.1284,80.2705,80.2354,79.1356,77.2609,74.9394,72.4308,69.8946,67.4095,65.0092,62.7089,60.519,58.4488,56.506,54.6943,53.0133,51.458,50.0206,48.691,47.4584,46.3116,45.2403,44.2351,43.2875,42.3903,41.5374,40.7238,39.9452,39.1984,38.4808,37.7901,37.1249,36.4838,35.866,35.2709,34.6978,34.1464,33.6165,33.1079,32.6205,32.1542,31.709,31.2848,30.8816,30.4994,30.1383,29.7982,29.4793,29.1816,28.9053,28.6505,28.4175,28.2066,28.018,27.8523,27.7099,27.5916,27.498,27.4301,27.3889,27.3758,27.3922,27.44,27.521,27.6378,27.7932,27.9905,28.2335,28.5269,28.8759,29.2869,29.7672,30.3258,30.9729,31.7209,32.5846,33.5811,34.7313,36.0594,37.5938,39.3676,41.418,43.7852,46.51,49.6268,53.1524,57.0661,61.2805,65.6047,69.7164,73.1706,75.4796,76.2666,75.4209,73.1508,69.8914,66.1361,62.3001,58.6632,55.378,52.5042,50.045,47.9743,46.2532,44.8406,43.6975,42.7895,42.0871,41.5657,41.2052,40.9891,40.9045,40.941,41.0906,41.3477,41.7081,42.1696,42.7313,43.394,44.1599,45.0327,46.0174,47.1207,48.3505,49.7164,51.2293,52.9015,54.747,56.7806,59.0189,61.479,64.1791,67.1374,70.372,73.8991,77.7324,81.8803,86.3432,91.1103,96.154,101.425,106.845,112.301,117.645,122.69,127.221,131.007,133.832,135.52,135.969,135.168,133.2,130.234,126.491,122.22,
 ,-45,116.934,118.84,120.372,121.494,122.179,122.41,122.183,121.505,120.395,118.885,117.011,114.819,112.356,109.671,106.813,103.828,100.757,97.6395,94.5079,91.3908,88.3117,85.2898,82.3405,79.4755,76.7033,74.0301,71.4596,68.9938,66.6334,64.3776,62.225,60.1732,58.2195,56.3607,54.5933,52.9139,51.3187,49.804,48.3663,47.0019,45.7072,44.4791,43.3141,42.2092,41.1614,40.1679,39.226,38.3331,37.4869,36.6851,35.9256,35.2063,34.5254,33.8811,33.2718,32.696,32.1521,31.6388,31.1549,30.6992,30.2706,29.8682,29.4908,29.1378,28.8083,28.5015,28.2168,27.9536,27.7114,27.4897,27.2879,27.1059,26.9431,26.7994,26.6746,26.5685,26.481,26.4121,26.3618,26.3302,26.3174,26.3237,26.3494,26.3948,26.4604,26.5468,26.6546,26.7845,26.9375,27.1145,27.3164,27.5446,27.8002,28.0845,28.3988,28.7443,29.1221,29.5329,29.977,30.4539,30.962,31.4983,32.058,32.6343,33.2181,33.7983,34.3621,34.8961,35.388,35.8276,36.2092,36.5323,36.8018,37.0276,37.2233,37.4045,37.5871,37.7862,38.0151,38.2852,38.6057,38.9841,39.4264,39.9371,40.52,41.1779,41.9128,42.726,43.6178,44.5877,45.6343,46.7558,47.9506,49.2185,50.5623,51.9901,53.5169,55.166,56.9683,58.9595,61.1719,63.6208,66.2832,69.0703,71.8022,74.2061,75.9611,76.7977,76.6065,75.4827,73.6712,71.4567,69.0745,66.6774,64.3462,62.1158,59.9986,57.9983,56.1162,54.3523,52.7055,51.1725,49.7481,48.4253,47.1957,46.0507,44.9813,43.9792,43.0365,42.1463,41.3024,40.4996,39.7335,39.0003,38.2971,37.6215,36.9714,36.3455,35.7424,35.1614,34.6017,34.0628,33.5443,33.0461,32.5679,32.1097,31.6712,31.2526,30.8537,30.4747,30.1155,29.7762,29.457,29.1578,28.8788,28.6203,28.3825,28.1655,27.9698,27.7958,27.6439,27.5147,27.409,27.3275,27.2712,27.2413,27.2391,27.2662,27.3243,27.4157,27.5429,27.7088,27.9169,28.1711,28.4764,28.8382,29.2634,29.7597,30.3366,31.0054,31.7794,32.675,33.7116,34.9128,36.3071,37.9289,39.8195,42.0279,44.611,47.6318,51.1549,55.2334,59.8854,65.0504,70.5277,75.9092,80.5597,83.7208,84.769,83.5121,80.2959,75.8239,70.8455,65.9348,61.431,57.4821,54.1153,51.2951,48.9609,47.0468,45.4913,44.2407,43.2503,42.4832,41.9098,41.5063,41.2537,41.1369,41.1442,41.2665,41.4969,41.8306,42.2644,42.7967,43.4277,44.1589,44.9935,45.9359,46.9924,48.1703,49.4786,50.9277,52.5291,54.2958,56.2416,58.3816,60.7312,63.3064,66.1232,69.1964,72.5393,76.1616,80.0676,84.254,88.7061,93.3936,98.2663,103.249,108.237,113.093,117.654,121.731,125.129,127.664,129.193,129.632,128.975,127.296,124.737,121.492,117.779,
 ,-46,113.578,115.369,116.807,117.86,118.503,118.721,118.51,117.877,116.84,115.425,113.668,111.608,109.29,106.758,104.057,101.23,98.3169,95.353,92.37,89.3949,86.4507,83.556,80.726,77.9724,75.3038,72.7268,70.2454,67.8621,65.5778,63.3922,61.3044,59.3124,57.4139,55.6059,53.8856,52.2495,50.6944,49.2167,47.8132,46.4805,45.2152,44.0143,42.8745,41.793,40.767,39.7937,38.8705,37.9951,37.1652,36.3786,35.6331,34.927,34.2584,33.6256,33.0269,32.461,31.9264,31.4218,30.9459,30.4977,30.0761,29.6802,29.3089,28.9614,28.6372,28.3352,28.0551,27.7961,27.5577,27.3396,27.1411,26.9621,26.8022,26.6611,26.5387,26.4349,26.3496,26.2827,26.2344,26.2048,26.194,26.2024,26.2303,26.2782,26.3466,26.4363,26.5479,26.6825,26.841,27.0247,27.2349,27.4731,27.741,28.0403,28.3729,28.7407,29.1456,29.5889,30.0719,30.5947,31.1564,31.7544,32.3835,33.0357,33.6997,34.3608,35.0013,35.6021,36.1446,36.6135,36.9996,37.3016,37.5265,37.6888,37.8082,37.9066,38.0057,38.1256,38.2829,38.4913,38.7614,39.1012,39.5168,40.0129,40.5929,41.2593,42.0138,42.8568,43.7876,44.8034,45.8999,47.0707,48.3081,49.6042,50.9528,52.3523,53.8082,55.3351,56.9566,58.7014,60.5962,62.6518,64.8454,67.0988,69.262,71.1169,72.4156,72.9548,72.6535,71.5836,69.9329,67.9273,65.7629,63.5758,61.4444,59.4062,57.4754,55.6554,53.9452,52.3423,50.8431,49.4433,48.1377,46.9198,45.783,44.72,43.7236,42.787,41.9038,41.068,40.2747,39.5193,38.7979,38.1074,37.445,36.8086,36.1964,35.607,35.0392,34.4923,33.9655,33.4583,32.9705,32.5017,32.0518,31.6206,31.2081,30.8143,30.4392,30.0828,29.7451,29.4264,29.1267,28.846,28.5848,28.343,28.1211,27.9193,27.738,27.5776,27.4387,27.322,27.2281,27.1579,27.1125,27.093,27.1008,27.1376,27.2052,27.3059,27.4422,27.6172,27.8345,28.0982,28.4134,28.7858,29.2224,29.7315,30.3231,31.009,31.8037,32.7249,33.7938,35.0369,36.4866,38.1829,40.1755,42.5255,45.3073,48.6093,52.5314,57.1736,62.6098,68.832,75.6547,82.5912,88.7726,93.0601,94.4573,92.6439,88.1798,82.169,75.7107,69.5641,64.1117,59.4693,55.6082,52.4394,49.8591,47.7696,46.0871,44.7427,43.681,42.8584,42.2402,41.7994,41.5148,41.3695,41.3505,41.4476,41.653,41.9608,42.367,42.8694,43.4673,44.1616,44.9548,45.8507,46.8551,47.9749,49.2184,50.5954,52.1168,53.7944,55.641,57.6701,59.8954,62.3307,64.9894,67.8834,71.0225,74.4127,78.0546,81.9411,86.0542,90.3619,94.8144,99.34,103.842,108.2,112.27,115.891,118.901,121.15,122.52,122.947,122.429,121.029,118.869,116.115,112.959,
 ,-47,110.062,111.736,113.079,114.062,114.663,114.868,114.674,114.087,113.124,111.807,110.168,108.244,106.074,103.7,101.162,98.4994,95.7497,92.9461,90.1183,87.2921,84.4895,81.7286,79.0243,76.3882,73.8293,71.3541,68.967,66.6711,64.4674,62.3564,60.3374,58.4088,56.5688,54.8148,53.1442,51.5541,50.0413,48.6029,47.2356,45.9363,44.7021,43.5298,42.4167,41.3599,40.3568,39.4047,38.5013,37.6443,36.8315,36.0608,35.3302,34.6378,33.9821,33.3612,32.7738,32.2182,31.6933,31.1978,30.7304,30.29,29.8758,29.4866,29.1217,28.7802,28.4614,28.1646,27.8891,27.6345,27.4002,27.1858,26.9908,26.815,26.6581,26.5198,26.4001,26.2987,26.2157,26.151,26.1048,26.0773,26.0687,26.0794,26.1097,26.1603,26.2317,26.3248,26.4406,26.5801,26.7445,26.9354,27.1545,27.4036,27.6849,28.0008,28.3538,28.7466,29.1821,29.6629,30.1913,30.7688,31.3956,32.0699,32.7867,33.5371,34.3074,35.0781,35.8251,36.5205,37.1363,37.649,38.0435,38.3172,38.4806,38.5554,38.5706,38.5577,38.5469,38.5644,38.6312,38.7632,38.9721,39.2663,39.6515,40.1321,40.7114,41.3915,42.1739,43.0586,44.0438,45.125,46.2946,47.5408,48.8483,50.1988,51.5739,52.9587,54.3459,55.7396,57.1554,58.6177,60.1509,61.7669,63.4488,65.1354,66.7117,68.0152,68.867,69.1236,68.7281,67.7306,66.2647,64.4975,62.5818,60.6311,58.717,56.8777,55.1304,53.4805,51.928,50.4702,49.1034,47.8233,46.6249,45.5028,44.4511,43.4641,42.5359,41.6608,40.8334,40.0491,39.3035,38.5927,37.9134,37.2629,36.6388,36.0391,35.4622,34.9068,34.3719,33.8566,33.3604,32.8828,32.4234,31.982,31.5583,31.1524,30.7642,30.3935,30.0406,29.7054,29.388,29.0885,28.8071,28.5439,28.2993,28.0733,27.8664,27.6789,27.5111,27.3636,27.237,27.1318,27.049,26.9893,26.9539,26.944,26.9609,27.0065,27.0825,27.1913,27.3356,27.5183,27.7433,28.0147,28.3376,28.7181,29.1633,29.6817,30.2837,30.9818,31.7912,32.7304,33.8226,35.0961,36.5868,38.3397,40.4115,42.8745,45.8193,49.3589,53.6287,58.7794,64.9507,72.2065,80.4066,89.0115,96.9085,102.502,104.312,101.844,95.9433,88.228,80.2054,72.8153,66.4528,61.1735,56.8763,53.4106,50.6269,48.3962,46.6133,45.1955,44.0783,43.2119,42.5581,42.0871,41.7759,41.6065,41.5648,41.6395,41.822,42.1054,42.485,42.9574,43.5214,44.1768,44.9256,45.771,46.7183,47.7738,48.9456,50.2426,51.6751,53.2541,54.9913,56.8986,58.988,61.2712,63.7589,66.4603,69.3817,72.526,75.8902,79.464,83.2272,87.1466,91.1738,95.2419,99.264,103.134,106.728,109.912,112.553,114.529,115.748,116.161,115.769,114.627,112.839,110.547,107.918,
 ,-48,106.435,107.993,109.242,110.155,110.715,110.908,110.731,110.19,109.3,108.081,106.561,104.773,102.753,100.537,98.1638,95.6685,93.0853,90.4455,87.7767,85.1035,82.4467,79.8241,77.25,74.7359,72.2909,69.9217,67.6332,65.4284,63.3091,61.2761,59.329,57.4669,55.6881,53.9907,52.3722,50.8302,49.362,47.9646,46.6353,45.3711,44.1693,43.0272,41.9419,40.9109,39.9317,39.0019,38.1192,37.2814,36.4864,35.7323,35.0172,34.3392,33.6969,33.0885,32.5127,31.9681,31.4533,30.9672,30.5086,30.0764,29.6698,29.2878,28.9295,28.5941,28.281,27.9896,27.7191,27.4691,27.239,27.0285,26.8372,26.6648,26.5111,26.3757,26.2587,26.1599,26.0793,26.0169,25.973,25.9478,25.9414,25.9544,25.9873,26.0406,26.1152,26.212,26.332,26.4766,26.6472,26.8457,27.0741,27.3347,27.6303,27.9639,28.339,28.7592,29.2288,29.7518,30.3322,30.9735,31.6779,32.4451,33.2713,34.1475,35.0573,35.9761,36.8705,37.7,38.4223,38.9999,39.4084,39.6428,39.7192,39.6711,39.5422,39.3786,39.2224,39.1076,39.0602,39.0981,39.2333,39.4737,39.8244,40.2889,40.8701,41.5701,42.3903,43.3309,44.3899,45.5615,46.8351,48.1931,49.6108,51.0564,52.4947,53.892,55.2237,56.4806,57.6719,58.8213,59.9584,61.1038,62.2551,63.3733,64.3791,65.1599,65.5934,65.5828,65.0893,64.145,62.8397,61.2902,59.6092,57.8863,56.1824,54.5339,52.9593,51.4665,50.0572,48.7299,47.4817,46.3088,45.2069,44.1714,43.1976,42.2805,41.4154,40.5975,39.8225,39.0864,38.3855,37.7167,37.077,36.464,35.8757,35.3102,34.7663,34.2426,33.7383,33.2526,32.7848,32.3347,31.9017,31.4858,31.0867,30.7043,30.3387,29.9897,29.6575,29.3421,29.0436,28.7622,28.4981,28.2513,28.0223,27.8112,27.6184,27.4442,27.2892,27.1538,27.0386,26.9443,26.8717,26.8218,26.7956,26.7944,26.8196,26.8729,26.9564,27.0722,27.2231,27.4122,27.6432,27.9204,28.2489,28.6349,29.0856,29.6097,30.2178,30.9227,31.74,32.689,33.7938,35.0844,36.5988,38.3855,40.5065,43.042,46.0952,49.7978,54.3142,59.8373,66.5656,74.6337,83.9595,93.9844,103.399,110.185,112.382,109.317,102.127,92.93,83.6031,75.221,68.163,62.4171,57.8127,54.1453,51.228,48.9066,47.0601,45.5954,44.4419,43.5459,42.8668,42.3735,42.042,41.8535,41.7932,41.849,42.0115,42.2729,42.6273,43.0705,43.6001,44.2152,44.917,45.7081,46.5932,47.5785,48.6714,49.8807,51.216,52.6876,54.3061,56.0822,58.0261,60.1476,62.4549,64.9546,67.65,70.541,73.6218,76.8796,80.2924,83.8274,87.4381,91.0631,94.6255,98.0332,101.182,103.96,106.26,107.986,109.065,109.462,109.18,108.267,106.812,104.936,102.784,
 ,-49,102.746,104.189,105.346,106.192,106.711,106.892,106.732,106.237,105.418,104.295,102.892,101.238,99.3654,97.3073,95.0975,92.7688,90.3523,87.8768,85.3683,82.8498,80.3411,77.859,75.4177,73.0284,70.7001,68.4399,66.2526,64.1418,62.1096,60.1572,58.2846,56.4913,54.776,53.1372,51.5729,50.081,48.6589,47.3042,46.0143,44.7866,43.6186,42.5076,41.4513,40.4472,39.4929,38.5862,37.725,36.9071,36.1307,35.3938,34.6947,34.0318,33.4034,32.808,32.2443,31.7109,31.2066,30.7303,30.2808,29.8572,29.4585,29.0839,28.7324,28.4035,28.0964,27.8104,27.5451,27.2999,27.0743,26.8679,26.6804,26.5116,26.3611,26.2288,26.1146,26.0185,25.9404,25.8805,25.8389,25.816,25.812,25.8274,25.8628,25.919,25.9968,26.0972,26.2215,26.3713,26.5482,26.7544,26.9923,27.2648,27.5752,27.9273,28.3256,28.7752,29.2816,29.851,30.4896,31.2038,31.9986,32.8768,33.8374,34.8723,35.9638,37.0812,38.1791,39.1992,40.0763,40.7503,41.1809,41.3589,41.3098,41.0867,40.7572,40.3892,40.0409,39.7564,39.5663,39.4895,39.5371,39.7152,40.0271,40.4751,41.0613,41.788,42.6572,43.6702,44.8259,46.1187,47.5359,49.0544,50.6385,52.2391,53.7974,55.2527,56.5554,57.6791,58.6276,59.4317,60.1365,60.7828,61.391,61.9493,62.4116,62.7058,62.7518,62.4857,61.88,60.953,59.7618,58.3841,56.8989,55.3732,53.8559,52.3786,50.9596,49.6078,48.3264,47.1153,45.9726,44.8953,43.88,42.9227,42.0194,41.1663,40.3592,39.5943,38.868,38.1769,37.5179,36.8883,36.2857,35.7078,35.153,34.6196,34.1064,33.6124,33.1366,32.6783,32.2371,31.8126,31.4043,31.0121,30.6358,30.2755,29.9309,29.6022,29.2894,28.9925,28.7118,28.4474,28.1994,27.968,27.7537,27.5565,27.3769,27.2154,27.0722,26.9481,26.8436,26.7594,26.6963,26.6554,26.6376,26.6443,26.6769,26.7371,26.827,26.9487,27.105,27.299,27.5343,27.8154,28.1474,28.5363,28.9894,29.5155,30.1251,30.8311,31.6493,32.5993,33.7054,34.9982,36.5168,38.3111,40.4456,43.0042,46.096,49.8621,54.4808,60.167,67.1497,75.6028,85.4806,96.2245,106.43,113.856,116.276,112.913,105.069,95.1372,85.1862,76.3502,68.9912,63.0561,58.3366,54.6,51.6405,49.2918,47.4257,45.9448,44.7764,43.866,43.1726,42.6652,42.3198,42.1176,42.0433,42.0845,42.2307,42.4733,42.8051,43.2206,43.7162,44.2901,44.9425,45.6755,46.4933,47.402,48.4089,49.5226,50.7524,52.1081,53.5995,55.2361,57.0269,58.9795,61.1002,63.3929,65.8587,68.4947,71.2928,74.2387,77.3095,80.473,83.686,86.8927,90.0259,93.0066,95.7476,98.1581,100.151,101.651,102.603,102.981,102.791,102.075,100.908,99.3926,97.656,
 ,-50,99.0332,100.367,101.435,102.216,102.696,102.866,102.722,102.271,101.521,100.491,99.2008,97.6772,95.9483,94.0439,91.9944,89.8293,87.5773,85.2646,82.9153,80.551,78.1904,75.8494,73.5417,71.2784,69.0683,66.9185,64.8342,62.8192,60.8759,59.0059,57.2096,55.4868,53.8367,52.2583,50.7497,49.3092,47.9347,46.6239,45.3747,44.1847,43.0515,41.9728,40.9464,39.97,39.0414,38.1586,37.3195,36.5223,35.765,35.046,34.3635,33.716,33.102,32.52,31.9688,31.4471,30.9537,30.4875,30.0474,29.6326,29.2421,28.8752,28.5309,28.2086,27.9076,27.6274,27.3674,27.1271,26.9061,26.704,26.5205,26.3553,26.2082,26.0791,25.9679,25.8745,25.7991,25.7416,25.7025,25.6819,25.6803,25.6981,25.7361,25.7951,25.876,25.98,26.1086,26.2635,26.4466,26.6604,26.9077,27.192,27.5172,27.8882,28.3104,28.7903,29.3355,29.9544,30.6564,31.4514,32.3489,33.3568,34.4786,35.7102,37.0344,38.415,39.7924,41.0823,42.1848,43.0023,43.4671,43.5625,43.3303,42.8568,42.2478,41.6035,41.0041,40.5049,40.1397,39.9261,39.8718,39.9791,40.2484,40.6797,41.2744,42.0349,42.965,44.0682,45.3463,46.7961,48.4052,50.1466,51.9727,53.8127,55.5748,57.1581,58.4749,59.474,60.1559,60.5697,60.7918,60.8984,60.9426,60.9426,60.8819,60.7185,60.4006,59.8844,59.1484,58.1999,57.0718,55.8129,54.4757,53.1073,51.7443,50.4125,49.1277,47.8987,46.7294,45.6205,44.5709,43.5783,42.64,41.7528,40.9134,40.1184,39.3645,38.6484,37.9672,37.3179,36.698,36.105,35.537,34.992,34.4684,33.965,33.4806,33.0141,32.565,32.1324,31.7159,31.3152,30.9299,30.5599,30.2049,29.8651,29.5402,29.2304,28.9358,28.6563,28.3922,28.1437,27.9108,27.6939,27.4933,27.3092,27.1421,26.9923,26.8603,26.7467,26.6521,26.5773,26.523,26.4903,26.4801,26.4939,26.533,26.5992,26.6944,26.8209,26.9813,27.1788,27.417,27.7002,28.0334,28.4226,28.875,29.3993,30.0059,30.7074,31.5195,32.4614,33.5571,34.837,36.3394,38.1138,40.2236,42.7517,45.8052,49.5226,54.0781,59.6799,66.5477,74.843,84.5089,94.9886,104.915,112.131,114.51,111.316,103.784,94.2033,84.5669,75.9835,68.8182,63.0294,58.4199,54.7653,51.8655,49.5586,47.7196,46.2542,45.0925,44.1823,43.485,42.9711,42.618,42.4075,42.3244,42.356,42.4909,42.7191,43.032,43.4226,43.8855,44.4178,45.0186,45.6896,46.4347,47.2599,48.1729,49.1826,50.2982,51.5296,52.8859,54.3759,56.0071,57.7857,59.7159,61.7998,64.0362,66.4201,68.9417,71.5854,74.3285,77.1402,79.9805,82.7998,85.5397,88.1332,90.5078,92.59,94.3103,95.61,96.4474,96.8037,96.6871,96.1338,95.2071,93.9951,92.6066,
 ,-51,95.334,96.5627,97.5459,98.2658,98.7092,98.8682,98.7407,98.3305,97.6471,96.7049,95.5231,94.1243,92.5334,90.7772,88.8826,86.8765,84.7847,82.6312,80.4382,78.2258,76.0115,73.8105,71.6358,69.4982,67.4064,65.3675,63.3868,61.4684,59.615,57.8284,56.1094,54.4583,52.8747,51.3576,49.9059,48.518,47.1921,45.9264,44.7188,43.5673,42.4699,41.4243,40.4285,39.4806,38.5784,37.7202,36.9039,36.1278,35.3903,34.6895,34.0241,33.3925,32.7933,32.2251,31.6868,31.1771,30.6948,30.2391,29.8088,29.4031,29.021,28.6619,28.3249,28.0095,27.7149,27.4406,27.1861,26.9509,26.7347,26.537,26.3575,26.1961,26.0526,25.9267,25.8186,25.728,25.6552,25.6004,25.5636,25.5454,25.5461,25.5664,25.6069,25.6686,25.7525,25.86,25.9926,26.1523,26.3413,26.5623,26.8187,27.1144,27.4541,27.8434,28.2893,28.7997,29.3842,30.0543,30.8229,31.7047,32.7151,33.8693,35.1789,36.6475,38.2624,39.9853,41.7403,43.4088,44.8375,45.8682,46.385,46.3584,45.8584,45.0276,44.0326,43.021,42.1001,41.3359,40.7616,40.3896,40.2204,40.25,40.4738,40.889,41.4956,42.297,43.2992,44.5101,45.9371,47.5827,49.439,51.4784,53.6433,55.8364,57.9205,59.7345,61.1296,62.0162,62.3939,62.348,62.0107,61.5139,60.9548,60.3834,59.8066,59.2019,58.5334,57.7672,56.8826,55.8773,54.7662,53.5765,52.3403,51.0882,49.8455,48.6313,47.458,46.3329,45.2597,44.2392,43.2707,42.3527,41.4826,40.658,39.876,39.1337,38.4283,37.7571,37.1174,36.5068,35.9231,35.3643,34.8285,34.3142,33.8199,33.3444,32.8868,32.4462,32.0218,31.6132,31.2198,30.8413,30.4775,30.1281,29.7931,29.4724,29.166,28.8739,28.5962,28.333,28.0845,27.8508,27.6322,27.4288,27.2411,27.0693,26.9137,26.775,26.6534,26.5496,26.4643,26.3981,26.3518,26.3266,26.3233,26.3434,26.3882,26.4595,26.5591,26.6893,26.8526,27.0523,27.2917,27.5751,27.9074,28.2945,28.7433,29.2622,29.8613,30.5529,31.352,32.2771,33.3512,34.6033,36.0699,37.7976,39.846,42.2917,45.2331,48.7946,53.1291,58.4131,64.8209,72.4578,81.2176,90.5545,99.2586,105.526,107.64,105.02,98.647,90.3807,81.9056,74.2229,67.7121,62.3865,58.1019,54.6745,51.9323,49.7328,47.9646,46.5435,45.4071,44.5095,43.8165,43.3025,42.947,42.7334,42.6473,42.6753,42.8051,43.0251,43.3246,43.6946,44.1275,44.6187,45.166,45.7706,46.4366,47.1704,47.9804,48.8765,49.8686,50.9667,52.1799,53.5164,54.9827,56.5836,58.3219,60.1976,62.2077,64.3457,66.6006,68.9562,71.3902,73.8735,76.3698,78.8353,81.2197,83.4666,85.5161,87.3087,88.7894,89.9124,90.6464,90.9786,90.9173,90.4942,89.7627,88.797,87.6896,
 ,-52,91.6778,92.8075,93.7112,94.3733,94.7824,94.9315,94.8189,94.4479,93.8266,92.9679,91.8883,90.6077,89.1482,87.5332,85.787,83.9335,81.9961,79.9967,77.9556,75.8913,73.8201,71.7565,69.7128,67.6994,65.7249,63.7962,61.9188,60.0969,58.3335,56.6307,54.9896,53.4108,51.8942,50.4392,49.045,47.7104,46.4339,45.2139,44.0487,42.9365,41.8754,40.8636,39.8992,38.9803,38.1051,37.2719,36.4789,35.7246,35.0072,34.3252,33.6773,33.0619,32.4779,31.9239,31.3987,30.9013,30.4306,29.9855,29.5652,29.1687,28.7954,28.4444,28.1149,27.8065,27.5184,27.2502,27.0014,26.7715,26.5601,26.3669,26.1917,26.0342,25.8943,25.7717,25.6667,25.579,25.509,25.4566,25.4224,25.4065,25.4095,25.4321,25.475,25.5392,25.626,25.7366,25.873,26.037,26.2314,26.4591,26.7238,27.03,27.3832,27.7898,28.2581,28.7977,29.4207,30.1413,30.9769,31.9478,33.0771,34.3895,35.9087,37.6513,39.6162,41.7688,44.0194,46.2063,48.0989,49.441,50.0356,49.8301,48.9436,47.6125,46.0978,44.6122,43.294,42.2152,41.4017,40.8538,40.5606,40.5084,40.6859,41.0863,41.7082,42.5562,43.64,44.9737,46.5732,48.4517,50.6119,53.0325,55.6502,58.3397,60.9037,63.0907,64.655,65.4433,65.458,64.8493,63.8424,62.652,61.4313,60.2607,59.1622,58.1217,57.1079,56.0884,55.0388,53.9474,52.8151,51.6528,50.4766,49.3036,48.1494,47.026,45.942,44.9024,43.9098,42.9647,42.0663,41.2132,40.4034,39.6343,38.9037,38.209,37.5476,36.9174,36.3159,35.7411,35.191,34.6639,34.1581,33.6724,33.2054,32.756,32.3235,31.9069,31.5057,31.1194,30.7476,30.3899,30.0461,29.7161,29.3996,29.0968,28.8076,28.5321,28.2703,28.0223,27.7883,27.5686,27.3633,27.1726,26.9969,26.8366,26.6919,26.5634,26.4515,26.3569,26.2801,26.2218,26.183,26.1645,26.1674,26.193,26.2427,26.3182,26.4212,26.5541,26.7193,26.9198,27.159,27.4409,27.7704,28.153,28.5954,29.1056,29.6932,30.3697,31.1495,32.0498,33.0921,34.3031,35.7163,37.3737,39.3285,41.6478,44.4153,47.734,51.7248,56.5175,62.2241,68.8776,76.3204,84.0465,91.0801,96.0821,97.8461,95.9743,91.1437,84.673,77.8327,71.4532,65.9105,61.2796,57.4859,54.4022,51.8979,49.8597,48.1974,46.8424,45.7445,44.867,44.1832,43.6726,43.3187,43.1069,43.0238,43.0556,43.1886,43.409,43.7033,44.0593,44.4666,44.918,45.41,45.9433,46.5223,47.1547,47.8508,48.6217,49.4791,50.4338,51.4953,52.6715,53.9682,55.389,56.9351,58.6051,60.3945,62.2955,64.2961,66.38,68.5257,70.7061,72.8885,75.0343,77.1007,79.0401,80.8033,82.3423,83.6134,84.5812,85.2219,85.5269,85.5049,85.1825,84.6045,83.8329,82.9448,
 ,-53,88.0895,89.1266,89.956,90.5642,90.9413,91.0813,90.9826,90.6482,90.0851,89.3044,88.3207,87.1512,85.8154,84.334,82.7285,81.0204,79.2305,77.3788,75.4838,73.5625,71.6302,69.7003,67.7845,65.8928,64.0335,62.2135,60.4382,58.712,57.0381,55.4187,53.8553,52.3488,50.8994,49.5068,48.1705,46.8896,45.6628,44.489,43.3667,42.2943,41.2701,40.2925,39.3598,38.4704,37.6227,36.815,36.0458,35.3134,34.6166,33.9538,33.3236,32.7249,32.1563,31.6168,31.1051,30.6202,30.1612,29.7271,29.3169,28.9301,28.5656,28.2228,27.9011,27.5999,27.3185,27.0566,26.8135,26.589,26.3826,26.1941,26.0231,25.8696,25.7333,25.6142,25.5123,25.4276,25.3603,25.3105,25.2786,25.265,25.2703,25.295,25.3402,25.4068,25.496,25.6095,25.7491,25.917,26.116,26.3495,26.6215,26.9369,27.3019,27.724,28.2125,28.7787,29.437,30.2049,31.1043,32.1616,33.4088,34.8826,36.6221,38.6633,41.0256,43.6885,46.5564,49.4204,51.9447,53.7247,54.4309,53.9718,52.5483,50.5465,48.3652,46.3,44.5182,43.0873,42.0157,41.2842,40.8649,40.7317,40.8649,41.2529,41.8931,42.7913,43.9622,45.428,47.2164,49.3564,51.8686,54.7482,57.9362,61.2827,64.5166,67.258,69.1101,69.8169,69.3874,68.081,66.2677,64.2782,62.3298,60.5276,58.8975,57.4217,56.0644,54.7875,53.5595,52.3594,51.1764,50.0083,48.8585,47.7335,46.64,45.5837,44.5689,43.5979,42.6717,41.7899,40.9515,40.1546,39.3974,38.6776,37.9928,37.3409,36.7195,36.1266,35.5602,35.0183,34.4993,34.0016,33.5238,33.0647,32.6231,32.1981,31.7889,31.3949,31.0153,30.6499,30.2982,29.9598,29.6348,29.3228,29.0237,28.7377,28.4646,28.2045,27.9575,27.7238,27.5035,27.2968,27.1039,26.9251,26.7607,26.6111,26.4766,26.3576,26.2548,26.1686,26.0996,26.0487,26.0166,26.0042,26.0126,26.043,26.0969,26.1757,26.2814,26.4159,26.5819,26.782,27.0196,27.2986,27.6234,27.9993,28.4328,28.9312,29.5036,30.1607,30.9156,31.7842,32.7859,33.9447,35.2901,36.8585,38.6951,40.8552,43.4057,46.4249,49.9984,54.2083,59.1068,64.6671,70.7054,76.7891,82.192,86.0048,87.4562,86.2998,82.9575,78.2803,73.145,68.1858,63.7408,59.9239,56.7199,54.0555,51.8432,50.0024,48.4677,47.1903,46.1353,45.2788,44.6035,44.0964,43.7457,43.54,43.4667,43.5116,43.659,43.892,44.1928,44.5448,44.9334,45.348,45.783,46.2386,46.7204,47.2385,47.8061,48.4374,49.1464,49.9457,50.8456,51.8541,52.9764,54.2151,55.57,57.0383,58.614,60.2883,62.0487,63.8787,65.758,67.6615,69.5597,71.419,73.2027,74.8712,76.3836,77.7013,78.7895,79.6207,80.177,80.4525,80.4553,80.2078,79.7471,79.1239,78.4012,
 ,-54,84.5886,85.5395,86.3001,86.8585,87.206,87.3376,87.2519,86.9514,86.4422,85.7341,84.8395,83.7737,82.5537,81.1976,79.7246,78.1537,76.5037,74.7926,73.0371,71.2529,69.4542,67.6534,65.8615,64.0881,62.3413,60.6275,58.9525,57.3205,55.7348,54.198,52.7116,51.2769,49.8944,48.5641,47.2856,46.0585,44.8817,43.7543,42.675,41.6426,40.6555,39.7125,38.8119,37.9524,37.1324,36.3505,35.6053,34.8953,34.2193,33.5759,32.9639,32.3821,31.8292,31.3044,30.8064,30.3343,29.8872,29.4642,29.0645,28.6873,28.3319,27.9976,27.6838,27.3899,27.1154,26.8598,26.6226,26.4036,26.2023,26.0185,25.852,25.7025,25.5699,25.4543,25.3556,25.2738,25.2092,25.1619,25.1324,25.121,25.1283,25.1551,25.2023,25.2709,25.3624,25.4782,25.6204,25.7915,25.9943,26.2325,26.5103,26.8333,27.208,27.6429,28.1481,28.7368,29.4252,30.2341,31.1895,32.3243,33.6795,35.3045,37.2568,39.5964,42.3717,45.5893,49.1617,52.8371,56.1535,58.5017,59.3554,58.5635,56.4512,53.6218,50.6565,47.9426,45.6653,43.8737,42.5471,41.6394,41.1023,40.8954,40.9899,41.3693,42.0295,42.9787,44.2367,45.835,47.8157,50.2276,53.1167,56.5056,60.3539,64.4981,68.5878,72.0765,74.3506,74.9985,74.04,71.9006,69.1553,66.2801,63.5576,61.1059,58.9419,57.0346,55.3365,53.7999,52.3844,51.0593,49.8037,48.6048,47.4557,46.3538,45.2982,44.289,43.326,42.4089,41.5365,40.7074,39.9197,39.1714,38.4601,37.7836,37.1397,36.5262,35.941,35.3822,34.8478,34.3363,33.846,33.3755,32.9237,32.4893,32.0714,31.6691,31.2817,30.9087,30.5493,30.2034,29.8704,29.5502,29.2426,28.9475,28.6647,28.3943,28.1362,27.8906,27.6575,27.4372,27.2296,27.0351,26.8539,26.6862,26.5323,26.3927,26.2677,26.1577,26.0632,25.9848,25.9231,25.8788,25.8528,25.8459,25.8592,25.8937,25.951,26.0325,26.1399,26.2753,26.441,26.6396,26.8744,27.149,27.4675,27.8349,28.2572,28.7413,29.2953,29.9292,30.6548,31.4861,32.4405,33.5386,34.8056,36.272,37.9743,39.9558,42.2665,44.961,48.0933,51.7055,55.8053,60.3311,65.103,69.7787,73.8506,76.7356,77.9669,77.3995,75.2818,72.1321,68.5194,64.8943,61.5311,58.5504,55.9717,53.7613,51.8673,50.2392,48.8374,47.635,46.616,45.7718,45.0975,44.589,44.2407,44.0445,43.989,44.059,44.2361,44.4987,44.8233,45.1864,45.5672,45.9498,46.3258,46.6952,47.0658,47.452,47.8718,48.3442,48.8872,49.5161,50.2427,51.0751,52.0181,53.0729,54.2382,55.5094,56.8796,58.3386,59.8735,61.4681,63.1028,64.7547,66.3973,68.0011,69.5349,70.9653,72.2587,73.3836,74.3124,75.0233,75.5028,75.7468,75.7625,75.5684,75.1945,74.6816,74.0802,
 ,-55,81.1902,82.0617,82.7588,83.2712,83.5915,83.7154,83.6417,83.3724,82.9131,82.2719,81.4599,80.4902,79.3778,78.1386,76.7895,75.3475,73.8292,72.2508,70.6278,68.9742,67.303,65.626,63.9534,62.2942,60.6562,59.0459,57.4685,55.9285,54.4294,52.9736,51.5632,50.1995,48.8831,47.6145,46.3936,45.2199,44.093,43.0119,41.9758,40.9834,40.0336,39.1253,38.257,37.4275,36.6354,35.8796,35.1586,34.4712,33.8163,33.1925,32.5988,32.0341,31.4972,30.9872,30.5031,30.044,29.609,29.1974,28.8082,28.4409,28.0947,27.769,27.4632,27.1767,26.9092,26.66,26.4289,26.2155,26.0194,25.8404,25.6783,25.5329,25.4042,25.292,25.1965,25.1177,25.0557,25.011,24.9837,24.9744,24.9837,25.0123,25.0613,25.1316,25.2248,25.3424,25.4867,25.6601,25.8656,26.1071,26.3892,26.7175,27.0994,27.5435,28.0612,28.6667,29.3781,30.2185,31.2177,32.4141,33.8566,35.6068,37.7397,40.3402,43.4894,47.2302,51.4974,56.0112,60.1822,63.1642,64.1852,63.0171,60.144,56.4351,52.6737,49.331,46.5937,44.4792,42.9314,41.8751,41.241,40.9752,41.0404,41.4161,42.0973,43.0943,44.4323,46.1523,48.311,50.9784,54.2294,58.1215,62.6459,67.6418,72.6876,77.0521,79.8552,80.4817,78.9638,75.9387,72.2273,68.4605,64.9768,61.8947,59.2149,56.8896,54.8582,53.0632,51.455,49.9944,48.6513,47.4037,46.2364,45.1387,44.1034,43.1251,42.1999,41.3242,40.495,39.7094,38.9645,38.2577,37.5865,36.9482,36.3407,35.7617,35.2092,34.6813,34.1764,33.6927,33.2289,32.7837,32.3559,31.9445,31.5487,31.1676,30.8006,30.4471,30.1066,29.7789,29.4635,29.1602,28.8689,28.5895,28.3219,28.0661,27.8221,27.5901,27.37,27.1621,26.9664,26.7833,26.613,26.4557,26.3117,26.1814,26.0652,25.9635,25.8768,25.8056,25.7506,25.7124,25.6919,25.6899,25.7073,25.7455,25.8055,25.8889,25.9973,26.1327,26.2973,26.4936,26.7244,26.9933,27.3041,27.6615,28.0708,28.5383,29.0715,29.6793,30.372,31.162,32.0642,33.096,34.2782,35.6354,37.1959,38.9919,41.0583,43.43,46.1363,49.191,52.5756,56.2163,59.9575,63.5449,66.6385,68.8761,69.9826,69.8746,68.6947,66.7494,64.3929,61.9267,59.5517,57.3696,55.4086,53.6554,52.0814,50.6607,49.3784,48.2318,47.2273,46.3751,45.6853,45.1645,44.8143,44.6302,44.6021,44.7133,44.9412,45.2579,45.6313,46.0281,46.4177,46.7763,47.091,47.3621,47.6016,47.8309,48.0761,48.364,48.7182,49.158,49.6968,50.3433,51.1013,51.9706,52.9482,54.0278,55.2009,56.4565,57.781,59.1583,60.5698,61.9942,63.4078,64.7846,66.0981,67.3199,68.4221,69.3791,70.1687,70.7734,71.1829,71.3942,71.4132,71.255,70.9434,70.5106,69.9959,
 ,-56,77.9056,78.7039,79.3427,79.8131,80.1086,80.2254,80.1627,79.9221,79.5085,78.9289,78.1928,77.3118,76.2989,75.1682,73.9344,72.6125,71.2176,69.7641,68.2659,66.7358,65.1859,63.6269,62.0683,60.5188,58.9856,57.4751,55.9924,54.5419,53.127,51.7506,50.4146,49.1205,47.8693,46.6616,45.4975,44.3769,43.2993,42.2643,41.271,40.3186,39.4061,38.5324,37.6964,36.897,36.133,35.4033,34.7067,34.042,33.4083,32.8043,32.2291,31.6816,31.1608,30.6658,30.1958,29.7498,29.3271,28.9269,28.5484,28.1911,27.8542,27.5372,27.2395,26.9607,26.7002,26.4576,26.2326,26.0249,25.834,25.6599,25.5023,25.3611,25.2362,25.1275,25.0352,24.9593,24.9,24.8577,24.8326,24.8253,24.8363,24.8666,24.917,24.9887,25.0831,25.202,25.3476,25.5223,25.7294,25.9727,26.2571,26.5885,26.9743,27.4238,27.9488,28.5643,29.2895,30.1493,31.1761,32.4117,33.9109,35.7439,37.9988,40.7798,44.1949,48.3195,53.1148,58.29,63.1588,66.6721,67.8349,66.3464,62.8389,58.4193,54.0377,50.2224,47.1505,44.8077,43.1072,41.9505,41.2526,40.9497,40.9988,41.3767,42.0783,43.1161,44.52,46.339,48.6419,51.5169,55.0645,59.3749,64.4731,70.2123,76.122,81.3127,84.6538,85.3266,83.3674,79.6088,75.0907,70.5721,66.4325,62.7909,59.6389,56.9205,54.5688,52.5199,50.7178,49.1158,47.6758,46.368,45.1694,44.0627,43.0346,42.0752,41.1766,40.3325,39.5377,38.7879,38.0792,37.4082,36.7718,36.1672,35.5921,35.0441,34.5212,34.0216,33.5435,33.0854,32.6461,32.2242,31.8188,31.4289,31.0536,30.6922,30.3442,30.0089,29.6861,29.3754,29.0764,28.7889,28.5129,28.2482,27.9948,27.7527,27.5219,27.3024,27.0945,26.8982,26.7138,26.5413,26.3812,26.2336,26.0988,25.9772,25.8692,25.7752,25.6956,25.6311,25.5822,25.5496,25.534,25.5363,25.5575,25.5985,25.6607,25.7454,25.8543,25.989,26.1516,26.3446,26.5706,26.8328,27.1348,27.4807,27.8756,28.3249,28.8354,29.4149,30.0724,30.8185,31.6657,32.6283,33.7232,34.9693,36.3879,38.0017,39.8334,41.9033,44.2236,46.7912,49.576,52.5075,55.4621,58.2595,60.6783,62.4978,63.5578,63.8115,63.3414,62.3267,60.9811,59.4944,57.9974,56.5567,55.1875,53.877,52.6066,51.3683,50.1716,49.0417,48.0122,47.117,46.3842,45.833,45.4728,45.3031,45.3144,45.488,45.796,46.2015,46.6605,47.1247,47.5483,47.8953,48.1459,48.301,48.3802,48.4169,48.4504,48.5189,48.6546,48.8815,49.2154,49.6644,50.2311,50.9132,51.7053,52.599,53.5842,54.6483,55.7773,56.955,58.1636,59.3831,60.5922,61.768,62.8874,63.9266,64.8621,65.6728,66.3405,66.8513,67.1968,67.3748,67.3899,67.2539,66.9855,66.6096,66.1562,
 ,-57,74.7425,75.4738,76.0592,76.4911,76.764,76.8745,76.8218,76.6075,76.2356,75.7123,75.046,74.2465,73.3252,72.2946,71.1675,69.9574,68.6774,67.3407,65.9596,64.5459,63.1105,61.6634,60.2134,58.7685,57.3358,55.9211,54.5296,53.1656,51.8325,50.5331,49.2696,48.0437,46.8563,45.7084,44.6002,43.5318,42.5031,41.5137,40.5629,39.6502,38.7746,37.9355,37.1317,36.3623,35.6263,34.9227,34.2505,33.6086,32.9961,32.412,31.8553,31.3252,30.8206,30.3408,29.8849,29.4521,29.0418,28.6532,28.2855,27.9383,27.6108,27.3027,27.0132,26.742,26.4887,26.2528,26.034,25.8319,25.6464,25.4773,25.3242,25.1871,25.0661,24.9609,24.8718,24.7988,24.7422,24.7021,24.6791,24.6736,24.6863,24.7179,24.7694,24.8421,24.9373,25.0568,25.2028,25.3779,25.5853,25.8289,26.1136,26.4454,26.8318,27.2822,27.8088,28.4266,29.1555,30.0208,31.0558,32.3039,33.8218,35.6829,37.9803,40.8257,44.3379,48.6056,53.6019,59.0339,64.1785,67.9041,69.1221,67.5014,63.737,59.0341,54.4098,50.4126,47.2137,44.7856,43.0288,41.8361,41.1169,40.8037,40.8521,41.2384,41.9586,43.0268,44.4765,46.3616,48.7586,51.766,55.4991,60.0668,65.5142,71.7053,78.1495,83.8784,87.6276,88.4582,86.3845,82.3146,77.3823,72.4082,67.8056,63.717,60.1531,57.0721,54.4147,52.1184,50.124,48.3787,46.8374,45.4629,44.2254,43.1011,42.0716,41.1225,40.2424,39.4224,38.6554,37.9353,37.2573,36.6171,36.0112,35.4366,34.8904,34.3704,33.8743,33.4004,32.947,32.5125,32.0957,31.6955,31.3108,30.9408,30.5846,30.2417,29.9113,29.5932,29.2868,28.9919,28.7083,28.4356,28.1738,27.9229,27.6828,27.4534,27.2349,27.0273,26.8307,26.6454,26.4713,26.3089,26.1582,26.0196,25.8934,25.78,25.6796,25.5927,25.5198,25.4614,25.4182,25.3906,25.3795,25.3856,25.4099,25.4534,25.5172,25.6027,25.7112,25.8446,26.0047,26.1937,26.4142,26.6688,26.961,27.2946,27.6738,28.1038,28.5904,29.1402,29.7612,30.4621,31.2533,32.1464,33.1545,34.292,35.5741,37.0163,38.6323,40.4324,42.4184,44.5791,46.8826,49.2694,51.6471,53.8929,55.8662,57.4347,58.5074,59.0607,59.1449,58.8654,58.3478,57.7016,56.9956,56.2513,55.4525,54.5673,53.5729,52.4732,51.3047,50.1278,49.0118,48.0209,47.2051,46.5976,46.2156,46.0623,46.1283,46.3923,46.82,47.3632,47.9606,48.5422,49.0385,49.393,49.5754,49.588,49.4639,49.2566,49.0265,48.829,48.7078,48.6929,48.8013,49.0401,49.4089,49.9023,50.5116,51.2257,52.0321,52.917,53.8651,54.8602,55.8848,56.9204,57.9473,58.9452,59.8941,60.7734,61.5634,62.2463,62.8073,63.2348,63.522,63.6668,63.6728,63.549,63.3095,62.9732,62.5629,
 ,-58,71.7057,72.3758,72.9126,73.3096,73.5618,73.6665,73.6229,73.4325,73.0987,72.6268,72.0242,71.2993,70.4622,69.5236,68.4951,67.3883,66.2151,64.9871,63.7155,62.4109,61.0832,59.7417,58.3945,57.0491,55.7121,54.3891,53.0852,51.8044,50.5501,49.3253,48.1322,46.9724,45.8474,44.7578,43.7044,42.6873,41.7066,40.762,39.8532,38.9797,38.1408,37.3358,36.564,35.8245,35.1164,34.4389,33.791,33.1719,32.5807,32.0165,31.4784,30.9656,30.4772,30.0126,29.571,29.1515,28.7536,28.3766,28.0199,27.6828,27.3649,27.0656,26.7844,26.521,26.2749,26.0457,25.8331,25.6369,25.4568,25.2925,25.1441,25.0112,24.894,24.7924,24.7064,24.6363,24.5822,24.5444,24.5234,24.5195,24.5336,24.5663,24.6187,24.6919,24.7873,24.9068,25.0525,25.2269,25.4333,25.6755,25.9584,26.2879,26.6714,27.1183,27.6404,28.2527,28.9745,29.8308,30.8538,32.0857,33.5813,35.4112,37.6636,40.4432,43.8586,47.9856,52.7855,57.9664,62.84,66.3542,67.5116,66.0114,62.4874,58.0491,53.6496,49.8189,46.735,44.3837,42.6782,41.5201,40.8252,40.5302,40.5937,40.9944,41.7298,42.8159,44.2876,46.2006,48.6324,51.6828,55.467,60.0924,65.6016,71.858,78.3809,84.2326,88.192,89.3332,87.6086,83.8107,78.9804,73.9151,69.0671,64.6447,60.722,57.3019,54.3497,51.8117,49.6284,47.7417,46.0992,44.6565,43.377,42.231,41.1951,40.2511,39.3843,38.5833,37.8389,37.144,36.4923,35.8792,35.3003,34.7523,34.2322,33.7374,33.2658,32.8155,32.3846,31.972,31.5761,31.1959,30.8305,30.479,30.1406,29.8148,29.501,29.1988,28.9078,28.6278,28.3584,28.0996,27.8511,27.6131,27.3853,27.1679,26.9609,26.7643,26.5784,26.4032,26.2389,26.0857,25.944,25.8138,25.6956,25.5897,25.4964,25.4162,25.3494,25.2967,25.2585,25.2355,25.2284,25.2379,25.2649,25.3103,25.3753,25.4611,25.5689,25.7005,25.8575,26.0419,26.2561,26.5026,26.7844,27.1048,27.4678,27.8777,28.3396,28.8593,29.4433,30.099,30.8348,31.6599,32.5843,33.6186,34.7736,36.0592,37.4833,39.0496,40.7552,42.5861,44.5143,46.4936,48.4588,50.3294,52.0192,53.4524,54.5811,55.3987,55.9408,56.2731,56.4681,56.5792,56.6209,56.5617,56.3354,55.8685,55.1169,54.0924,52.8661,51.5483,50.2581,49.099,48.1471,47.4497,47.0309,46.8961,47.0359,47.4262,48.0259,48.7733,49.5843,50.3567,50.9835,51.3751,51.4829,51.313,50.9219,50.3972,49.8324,49.308,48.8825,48.5914,48.4517,48.4669,48.6317,48.9358,49.3659,49.9074,50.5449,51.2626,52.0441,52.8728,53.7314,54.6022,55.4672,56.308,57.1071,57.8464,58.5092,59.0806,59.5478,59.9014,60.1354,60.2479,60.2413,60.1223,59.9014,59.5928,59.213,
 ,-59,68.7977,69.412,69.9046,70.2698,70.5033,70.6027,70.5675,70.3988,70.0995,69.6745,69.1299,68.4732,67.7131,66.859,65.921,64.9096,63.8351,62.708,61.5383,60.3356,59.1089,57.8666,56.6164,55.3652,54.1191,52.8835,51.6631,50.4621,49.2836,48.1307,47.0055,45.9099,44.8452,43.8126,42.8125,41.8456,40.9119,40.0114,39.1439,38.3089,37.5062,36.735,35.9948,35.2849,34.6045,33.9529,33.3292,32.7328,32.1627,31.6183,31.0988,30.6034,30.1313,29.6819,29.2545,28.8484,28.463,28.0977,27.7519,27.425,27.1167,26.8263,26.5535,26.2979,26.059,25.8366,25.6303,25.4399,25.2652,25.106,24.9621,24.8335,24.7201,24.622,24.5392,24.4719,24.4203,24.3847,24.3655,24.3631,24.3784,24.4119,24.4648,24.5381,24.6333,24.7521,24.8966,25.0694,25.2734,25.5127,25.7917,26.1163,26.4936,26.9325,27.4444,28.0434,28.7479,29.581,30.5727,31.7614,33.1966,34.94,37.0674,39.6643,42.8128,46.5565,50.8304,55.3535,59.5326,62.5157,63.5262,62.3348,59.4294,55.6848,51.8896,48.518,45.758,43.6272,42.0696,41.0105,40.3818,40.1312,40.224,40.6436,41.3901,42.4807,43.9502,45.8525,48.2612,51.2686,54.9777,59.479,64.7969,70.7913,77.0255,82.6883,86.7435,88.3737,87.4241,84.4071,80.1096,75.2351,70.2878,65.5913,61.3279,57.5731,54.329,51.5542,49.1881,47.1658,45.427,43.9192,42.599,41.4311,40.3876,39.4464,38.59,37.8047,37.0799,36.4068,35.7784,35.1892,34.6346,34.1106,33.6141,33.1424,32.6932,32.2645,31.8546,31.462,31.0854,30.7239,30.3764,30.0421,29.7204,29.4106,29.1122,28.8249,28.5483,28.2821,28.0261,27.7801,27.5442,27.3181,27.1019,26.8957,26.6994,26.5132,26.3371,26.1714,26.0163,25.8718,25.7383,25.6161,25.5053,25.4064,25.3197,25.2456,25.1845,25.137,25.1035,25.0846,25.0811,25.0935,25.1228,25.1698,25.2356,25.3212,25.4279,25.5572,25.7107,25.8902,26.0977,26.3355,26.6064,26.9133,27.2596,27.6491,28.0862,28.5757,29.1232,29.7347,30.4168,31.1768,32.0223,32.9609,34.0002,35.1463,36.4033,37.7719,39.2469,40.8157,42.4562,44.1352,45.8095,47.4297,48.9466,50.3217,51.5365,52.5993,53.5434,54.4173,55.2651,56.1036,56.9001,57.5615,57.9476,57.9132,57.3703,56.3351,54.9304,53.3422,51.7613,50.3424,49.1901,48.3641,47.8917,47.7785,48.0145,48.5742,49.4111,50.4494,51.5766,52.6444,53.4872,53.9603,53.984,53.5716,52.8212,51.8768,50.8832,49.9561,49.1706,48.5662,48.1557,47.9354,47.8919,48.0078,48.2639,48.6409,49.12,49.6829,50.3119,50.9895,51.6988,52.4226,53.1439,53.8461,54.5135,55.1304,55.6821,56.1557,56.5406,56.8286,57.0144,57.096,57.0748,56.9556,56.7461,56.4566,56.0993,
 ,-60,66.0189,66.5826,67.0351,67.3714,67.5879,67.6826,67.6549,67.5059,67.2381,66.8555,66.3637,65.7691,65.0793,64.3025,63.4477,62.5239,61.5405,60.5068,59.4316,58.3238,57.1915,56.0422,54.8832,53.7207,52.5605,51.4078,50.267,49.1421,48.0362,46.9522,45.8925,44.8587,43.8526,42.875,41.9269,41.0088,40.121,39.2635,38.4364,37.6394,36.8722,36.1343,35.4253,34.7446,34.0916,33.4656,32.866,32.292,31.743,31.2184,30.7173,30.2392,29.7834,29.3492,28.936,28.5433,28.1703,27.8167,27.4819,27.1653,26.8665,26.5851,26.3207,26.0729,25.8413,25.6257,25.4258,25.2412,25.072,24.9177,24.7785,24.6541,24.5446,24.45,24.3703,24.3058,24.2566,24.223,24.2055,24.2045,24.2207,24.2549,24.3079,24.3809,24.4754,24.5929,24.7354,24.9055,25.1061,25.3408,25.614,25.9312,26.2991,26.726,27.2224,27.8013,28.4792,29.277,30.2208,31.3439,32.6874,34.3016,36.2444,38.5767,41.348,44.5658,48.1428,51.8256,55.1479,57.4938,58.3307,57.5063,55.3502,52.4731,49.4625,46.7094,44.4009,42.5862,41.2454,40.3332,39.803,39.6169,39.75,40.1913,40.944,42.0262,43.4714,45.3293,47.6663,50.5625,54.104,58.3598,63.3376,68.9079,74.7121,80.1174,84.3198,86.6233,86.7227,84.765,81.201,76.6094,71.5723,66.5747,61.9424,57.8379,54.3006,51.2965,48.7591,46.6132,44.7885,43.2239,41.8688,40.6826,39.6331,38.695,37.8483,37.0776,36.3704,35.7171,35.1099,34.5426,34.01,33.5081,33.0332,32.5827,32.1541,31.7454,31.3548,30.9808,30.6223,30.278,29.9472,29.629,29.3228,29.0279,28.744,28.4705,28.2073,27.9541,27.7106,27.4767,27.2524,27.0375,26.8322,26.6364,26.4501,26.2735,26.1068,25.9499,25.8032,25.6669,25.5411,25.4262,25.3224,25.23,25.1494,25.081,25.0252,24.9824,24.9532,24.9381,24.9378,24.9528,24.9841,25.0323,25.0985,25.1836,25.2889,25.4156,25.5653,25.7394,25.94,26.1689,26.4287,26.7219,27.0514,27.4206,27.8332,28.2931,28.805,29.3739,30.0049,30.7037,31.4761,32.3276,33.2633,34.2871,35.401,36.6044,37.8922,39.2548,40.6763,42.1352,43.6056,45.0606,46.4772,47.843,49.1619,50.4571,51.769,53.1452,54.622,56.1974,57.7995,59.2648,60.3483,60.7896,60.4225,59.2656,57.524,55.501,53.4894,51.7073,50.2867,49.2935,48.752,48.6647,49.021,49.7967,50.9448,52.3785,53.9529,55.4572,56.6367,57.2553,57.181,56.4402,55.2022,53.7033,52.1653,50.7487,49.5452,48.5923,47.8922,47.4287,47.1766,47.1088,47.1985,47.4208,47.7528,48.1737,48.6641,49.2056,49.7811,50.374,50.9683,51.5484,52.1003,52.61,53.0645,53.4527,53.7652,53.9949,54.1371,54.1896,54.153,54.0305,53.8276,53.5517,53.2115,
 ,-61,63.3685,63.8861,64.3022,64.6124,64.8136,64.904,64.8831,64.7518,64.5125,64.1685,63.7246,63.1865,62.5607,61.8546,61.0758,60.2326,59.333,58.3854,57.3979,56.3781,55.3336,54.2713,53.1976,52.1186,51.0395,49.9652,48.8999,47.8473,46.8107,45.7927,44.7957,43.8215,42.8716,41.9474,41.0496,40.1788,39.3356,38.5202,37.7325,36.9726,36.2402,35.5351,34.8567,34.2048,33.5787,32.978,32.4021,31.8504,31.3223,30.8172,30.3346,29.8737,29.434,29.0149,28.6159,28.2365,27.8761,27.5341,27.2103,26.9039,26.6148,26.3424,26.0864,25.8464,25.6221,25.4133,25.2197,25.0411,24.8772,24.7281,24.5934,24.4733,24.3676,24.2764,24.1998,24.138,24.0912,24.0596,24.0436,24.0439,24.0609,24.0953,24.1482,24.2206,24.3138,24.4294,24.5693,24.7359,24.9318,25.1606,25.4263,25.7339,26.0897,26.5011,26.9775,27.5305,28.1745,28.9272,29.8106,30.8517,32.0826,33.5406,35.2655,37.2942,39.6468,42.3037,45.1693,48.0329,50.5547,52.3239,53.0056,52.5074,51.0339,48.978,46.7448,44.6338,42.8141,41.3545,40.2644,39.5259,39.1135,39.0045,39.1841,39.6474,40.401,41.4634,42.866,44.6535,46.8838,49.6249,52.947,56.9044,61.5018,66.6423,72.0692,77.3351,81.8448,84.9805,86.2507,85.4114,82.5596,78.1623,72.9237,67.5352,62.4845,58.0169,54.1954,50.9818,48.2955,46.047,44.1538,42.5459,41.1659,39.9684,38.9175,37.9851,37.1495,36.3935,35.7035,35.0691,34.4818,33.9349,33.4229,32.9413,32.4866,32.0558,31.6463,31.2561,30.8835,30.5269,30.1851,29.857,29.5418,29.2386,28.9468,28.6659,28.3954,28.135,27.8843,27.6431,27.4113,27.1887,26.9753,26.7709,26.5757,26.3895,26.2127,26.0451,25.887,25.7384,25.5997,25.4709,25.3523,25.2442,25.1469,25.0606,24.9857,24.9225,24.8716,24.8332,24.8079,24.7962,24.7987,24.8161,24.849,24.8981,24.9645,25.0489,25.1525,25.2764,25.422,25.5907,25.7841,26.0041,26.2527,26.5323,26.8452,27.1944,27.583,28.0144,28.4923,29.0206,29.6037,30.2458,30.9513,31.7243,32.5684,33.4861,34.4785,35.5448,36.6814,37.8817,39.1362,40.433,41.7594,43.1052,44.4664,45.8501,47.2782,48.79,50.4398,52.2874,54.3787,56.7118,59.1885,61.5692,63.4696,64.4555,64.2342,62.8252,60.5624,57.9237,55.3395,53.0991,51.3544,50.1655,49.5457,49.4898,49.9874,51.0208,52.5507,54.4883,56.6579,58.7703,60.4414,61.2913,61.1002,59.9175,58.0306,55.8193,53.6125,51.6231,49.9528,48.627,47.6289,46.9229,46.4684,46.226,46.1602,46.2397,46.4374,46.7296,47.0951,47.515,47.9715,48.4485,48.9306,49.4035,49.8542,50.2701,50.6396,50.953,51.2019,51.3801,51.483,51.5084,51.4564,51.3288,51.1294,50.8635,50.5371,
 ,-62,60.844,61.3199,61.703,61.9896,62.1769,62.2634,62.2487,62.1335,61.9199,61.6108,61.2104,60.7236,60.1561,59.5144,58.8052,58.0357,57.2132,56.3449,55.4382,54.5001,53.5371,52.5559,51.562,50.5612,49.5584,48.558,47.5641,46.5802,45.6094,44.6543,43.7173,42.8002,41.9045,41.0315,40.1823,39.3574,38.5575,37.7828,37.0336,36.3098,35.6115,34.9383,34.29,33.6663,33.0668,32.4911,31.9386,31.4088,30.9014,30.4157,29.9512,29.5073,29.0837,28.6796,28.2948,27.9286,27.5806,27.2503,26.9373,26.6413,26.3617,26.0983,25.8507,25.6186,25.4016,25.1997,25.0124,24.8396,24.6813,24.5371,24.4071,24.2911,24.1893,24.1015,24.028,23.9688,23.9242,23.8945,23.8801,23.8814,23.899,23.9335,23.986,24.0574,24.1489,24.2621,24.3987,24.5609,24.7513,24.973,25.2297,25.5259,25.8672,26.2603,26.7132,27.236,27.8407,28.5418,29.3569,30.3066,31.4142,32.7052,34.2037,35.9269,37.8747,40.0125,42.2505,44.4254,46.3032,47.6233,48.1848,47.9345,46.9944,45.6063,44.0359,42.4998,41.1386,40.0258,39.189,38.6304,38.3422,38.3146,38.5421,39.0257,39.7746,40.8076,42.1537,43.8527,45.9546,48.5175,51.6012,55.2547,59.4943,64.2718,69.4378,74.7093,79.6529,83.684,86.1103,86.3039,84.0258,79.6676,74.105,68.2639,62.7892,57.9873,53.9251,50.5465,47.7508,45.4321,43.496,41.8639,40.4731,39.2743,38.2289,37.3069,36.4851,35.7453,35.0731,34.4576,33.8896,33.3622,32.8697,32.4074,31.9716,31.5593,31.1677,30.795,30.4391,30.0988,29.7726,29.4597,29.159,28.8698,28.5916,28.3237,28.0658,27.8175,27.5785,27.3487,27.1277,26.9157,26.7123,26.5178,26.3319,26.1549,25.9868,25.8276,25.6775,25.5367,25.4053,25.2836,25.1718,25.07,24.9787,24.898,24.8284,24.7702,24.7237,24.6893,24.6677,24.6591,24.6642,24.6836,24.7179,24.7678,24.834,24.9176,25.0193,25.1403,25.2817,25.4449,25.6312,25.8423,26.0799,26.346,26.6428,26.9727,27.3382,27.7422,28.1878,28.6782,29.2167,29.8067,30.4517,31.1546,31.9181,32.7442,33.6337,34.5863,35.6001,36.6719,37.7975,38.9725,40.1945,41.4656,42.7956,44.2062,45.735,47.4369,49.384,51.6571,54.3255,57.4053,60.7904,64.1695,66.9919,68.5899,68.488,66.7055,63.7594,60.3631,57.112,54.3634,52.2741,50.885,50.1891,50.1708,50.8209,52.1345,54.0911,56.6136,59.5062,62.3928,64.7188,65.8949,65.5669,63.8199,61.1206,58.0527,55.0797,52.4655,50.3088,48.6098,47.3229,46.3882,45.7463,45.3445,45.138,45.0893,45.1669,45.3444,45.599,45.9109,46.2623,46.6372,47.0209,47.3999,47.7621,48.096,48.3914,48.6394,48.8325,48.965,49.0328,49.0335,48.9666,48.8331,48.6353,48.3771,48.0625,
 ,-63,58.4423,58.8804,59.2337,59.4989,59.6736,59.7566,59.7474,59.6468,59.4565,59.179,58.818,58.3777,57.8633,57.2802,56.6345,55.9325,55.1806,54.3853,53.5532,52.6905,51.8033,50.8973,49.9779,49.0503,48.1189,47.1881,46.2615,45.3426,44.4342,43.539,42.6592,41.7966,40.9529,40.1292,39.3266,38.546,37.788,37.0528,36.3409,35.6524,34.9871,34.3452,33.7263,33.1303,32.5568,32.0055,31.476,30.9679,30.4808,30.0142,29.5677,29.1407,28.7329,28.3438,27.973,27.6199,27.2843,26.9656,26.6635,26.3777,26.1077,25.8532,25.614,25.3897,25.1801,24.9849,24.804,24.6371,24.4842,24.345,24.2196,24.1079,24.0098,23.9255,23.8549,23.7984,23.756,23.7281,23.715,23.7172,23.7352,23.7697,23.8215,23.8916,23.9811,24.0914,24.2242,24.3814,24.5654,24.779,25.0255,25.3089,25.6341,26.0068,26.4339,26.9236,27.4857,28.1317,28.8748,29.7299,30.713,31.8394,33.1214,34.5628,36.1518,37.8497,39.5804,41.224,42.6247,43.6214,44.096,44.0187,43.4616,42.571,41.517,40.4506,39.4815,38.6776,38.0743,37.6863,37.5177,37.5689,37.8417,38.3416,39.0802,40.0759,41.3556,42.9544,44.9162,47.2916,50.1349,53.4964,57.4112,61.8807,66.8478,72.1582,77.4948,82.2861,85.6684,86.6925,84.8406,80.4613,74.6035,68.4008,62.6191,57.5975,53.3927,49.9276,47.0827,44.7387,42.7927,41.1607,39.7767,38.589,37.5579,36.6522,35.8482,35.127,34.4741,33.8779,33.3294,32.8212,32.3476,31.9038,31.4861,31.0912,30.7166,30.3602,30.0201,29.695,29.3836,29.0848,28.7977,28.5217,28.2561,28.0005,27.7543,27.5174,27.2893,27.07,26.8593,26.657,26.4632,26.2777,26.1007,25.9322,25.7721,25.6208,25.4782,25.3446,25.2201,25.105,24.9994,24.9035,24.8178,24.7424,24.6777,24.624,24.5816,24.5511,24.5327,24.527,24.5345,24.5557,24.5912,24.6416,24.7077,24.7902,24.89,25.0081,25.1453,25.303,25.4823,25.6847,25.9116,26.1647,26.4459,26.7572,27.1008,27.479,27.8942,28.3492,28.8466,29.3892,29.9795,30.6201,31.313,32.0599,32.862,33.7197,34.6329,35.6012,36.6247,37.705,38.8471,40.0618,41.369,42.8014,44.4081,46.2581,48.4405,51.0589,54.2116,57.9441,62.1592,66.4912,70.2254,72.4351,72.4301,70.2277,66.5598,62.4005,58.5091,55.2943,52.9019,51.3443,50.5909,50.615,51.4111,52.9914,55.3628,58.4745,62.1274,65.8659,68.9436,70.5103,70.0345,67.6486,64.0526,60.0772,56.3295,53.1111,50.5021,48.4666,46.9252,45.7917,44.9881,44.449,44.121,43.961,43.9341,44.0115,44.1692,44.3867,44.6461,44.9318,45.2295,45.5265,45.8115,46.0741,46.3048,46.4956,46.6398,46.7322,46.7687,46.7471,46.6663,46.5266,46.3296,46.0776,45.7737,
 ,-64,56.1596,56.5634,56.8897,57.1356,57.299,57.3788,57.3746,57.2872,57.1179,56.869,56.5436,56.1456,55.6793,55.1496,54.5618,53.9214,53.2342,52.506,51.7425,50.9495,50.1323,49.2962,48.4461,47.5868,46.7224,45.8568,44.9936,44.136,43.2867,42.4484,41.623,40.8124,40.0182,39.2418,38.4841,37.7461,37.0284,36.3315,35.6557,35.0013,34.3682,33.7567,33.1665,32.5975,32.0494,31.5221,31.0152,30.5284,30.0613,29.6135,29.1847,28.7744,28.3823,28.0079,27.651,27.311,26.9876,26.6804,26.3891,26.1134,25.8529,25.6074,25.3765,25.16,24.9577,24.7694,24.5948,24.4338,24.2863,24.1521,24.0313,23.9237,23.8294,23.7484,23.6809,23.6269,23.5867,23.5605,23.5487,23.5517,23.57,23.6042,23.6551,23.7236,23.8108,23.9179,24.0464,24.1981,24.375,24.5798,24.8152,25.0849,25.3928,25.7438,26.1436,26.5988,27.1171,27.7071,28.3783,29.141,30.0049,30.9782,32.0648,33.261,34.5496,35.8947,37.2359,38.4882,39.5498,40.3218,40.735,40.7729,40.4786,39.9411,39.2687,38.5645,37.9108,37.3652,36.9637,36.7268,36.6658,36.7881,37.1002,37.6111,38.3336,39.2859,40.4923,41.9842,43.7999,45.9849,48.5897,51.6676,55.269,59.4316,64.1603,69.3824,74.8538,80.0191,83.9292,85.4623,83.943,79.6838,73.8123,67.5587,61.7415,56.7112,52.5183,49.0767,46.2602,43.9458,42.0288,40.4246,39.067,37.9045,36.8974,36.015,35.2334,34.534,33.9022,33.3265,32.7978,32.3089,31.854,31.4282,31.0278,30.6497,30.2912,29.9503,29.6252,29.3145,29.0169,28.7313,28.4571,28.1934,27.9397,27.6955,27.4603,27.234,27.0162,26.8067,26.6055,26.4124,26.2274,26.0504,25.8816,25.7209,25.5685,25.4244,25.2889,25.162,25.0439,24.9348,24.835,24.7447,24.6642,24.5937,24.5335,24.484,24.4455,24.4185,24.4032,24.4001,24.4098,24.4326,24.4692,24.52,24.5859,24.6674,24.7653,24.8804,25.0136,25.1659,25.3385,25.5324,25.749,25.9897,26.2561,26.5498,26.8726,27.2265,27.6135,28.0358,28.4955,28.9949,29.5362,30.1213,30.7521,31.4305,32.1577,32.9352,33.7643,34.6471,35.5869,36.5896,37.6652,38.8306,40.1121,41.5493,43.199,45.1391,47.4702,50.312,53.7846,57.9581,62.7496,67.7634,72.1685,74.8392,74.9112,72.3997,68.2093,63.5153,59.192,55.6757,53.0966,51.4429,50.6669,50.7352,51.6474,53.4325,56.1251,59.7045,63.9817,68.4464,72.1869,74.1071,73.5002,70.5454,66.1707,61.4342,57.0596,53.3676,50.412,48.1218,46.3879,45.1026,44.1734,43.5254,43.099,42.8471,42.7325,42.7249,42.7995,42.9357,43.1156,43.3239,43.547,43.7728,43.9908,44.1913,44.3658,44.5068,44.6083,44.6654,44.6744,44.6327,44.5393,44.3938,44.1971,43.9506,43.6564,
 ,-65,53.9915,54.3643,54.6662,54.8945,55.0477,55.1246,55.125,55.0494,54.8991,54.676,54.383,54.0233,53.6007,53.1196,52.5845,52.0004,51.3725,50.7057,50.0054,49.2765,48.524,47.7528,46.9671,46.1714,45.3695,44.5651,43.7615,42.9616,42.1682,41.3835,40.6098,39.8487,39.1019,38.3706,37.6559,36.9588,36.2799,35.6198,34.9789,34.3575,33.7558,33.1737,32.6114,32.0687,31.5456,31.0417,30.5569,30.0909,29.6434,29.2141,28.8028,28.4089,28.0322,27.6724,27.3292,27.002,26.6908,26.395,26.1145,25.8488,25.5978,25.3611,25.1385,24.9298,24.7348,24.5532,24.3849,24.2298,24.0877,23.9585,23.8422,23.7388,23.6482,23.5706,23.506,23.4545,23.4164,23.3919,23.3812,23.3849,23.4034,23.4372,23.4871,23.5539,23.6384,23.742,23.8659,24.0117,24.1812,24.3766,24.6005,24.8557,25.1457,25.4745,25.8466,26.2672,26.742,27.2773,27.8796,28.5553,29.3099,30.1464,31.0639,32.0546,33.1009,34.172,35.2224,36.1927,37.017,37.6343,38.0037,38.1163,37.9986,37.7054,37.3065,36.8718,36.4616,36.1224,35.8869,35.7772,35.808,35.9902,36.3338,36.8494,37.5505,38.4543,39.5829,40.9639,42.631,44.6244,46.991,49.7831,53.0571,56.8657,61.2393,66.1377,71.3511,76.3562,80.2367,81.901,80.676,76.8241,71.3892,65.5325,60.0418,55.2665,51.2684,47.9749,45.2718,43.0455,41.1981,39.6502,38.3391,37.2161,36.2432,35.3912,34.637,33.9627,33.3543,32.8005,32.2924,31.8231,31.3866,30.9786,30.5951,30.2331,29.8901,29.564,29.2532,28.956,28.6715,28.3985,28.1363,27.8841,27.6416,27.408,27.1832,26.9668,26.7585,26.5583,26.3659,26.1813,26.0045,25.8355,25.6743,25.521,25.3756,25.2383,25.1093,24.9886,24.8764,24.7731,24.6787,24.5935,24.5178,24.4519,24.3959,24.3504,24.3155,24.2917,24.2793,24.2787,24.2903,24.3147,24.3522,24.4035,24.4691,24.5496,24.6456,24.7579,24.8873,25.0346,25.2007,25.3866,25.5934,25.8224,26.0747,26.3519,26.6553,26.9866,27.3474,27.7396,28.1649,28.6252,29.1222,29.6579,30.234,30.8524,31.5147,32.2233,32.9807,33.7906,34.6586,35.5935,36.6085,37.7237,38.9689,40.3866,42.0362,43.9976,46.3734,49.2853,52.8565,57.1607,62.1167,67.3216,71.9177,74.7336,74.8647,72.325,68.0581,63.2835,58.9004,55.35,52.7592,51.1123,50.3592,50.4685,51.4448,53.3276,56.1663,59.9572,64.5204,69.3237,73.3778,75.4629,74.7817,71.5381,66.7769,61.6689,56.9908,53.0681,49.9392,47.5158,45.6745,44.298,43.2874,42.5636,42.0644,41.7416,41.5567,41.4793,41.4845,41.5518,41.6639,41.8058,41.9646,42.129,42.2891,42.4359,42.5616,42.6594,42.7237,42.75,42.7347,42.6754,42.5706,42.4199,42.2233,41.9819,41.697,
 ,-66,51.9334,52.2781,52.5579,52.7704,52.9143,52.9886,52.993,52.9281,52.795,52.5953,52.3315,52.0065,51.6236,51.1866,50.6996,50.1669,49.5931,48.9827,48.3404,47.6707,46.978,46.2667,45.5408,44.8043,44.0608,43.3136,42.5658,41.8202,41.0794,40.3455,39.6207,38.9066,38.2048,37.5166,36.8431,36.1851,35.5435,34.9189,34.3116,33.7221,33.1505,32.5971,32.0619,31.5448,31.0458,30.5648,30.1016,29.656,29.2278,28.8166,28.4224,28.0446,27.6832,27.3378,27.008,26.6936,26.3943,26.1098,25.8399,25.5842,25.3425,25.1147,24.9003,24.6993,24.5115,24.3366,24.1746,24.0253,23.8886,23.7644,23.6526,23.5533,23.4665,23.3922,23.3305,23.2815,23.2454,23.2225,23.213,23.2173,23.2358,23.2691,23.3179,23.3827,23.4645,23.5644,23.6834,23.8231,23.9849,24.1707,24.3827,24.6233,24.8954,25.202,25.5467,25.9335,26.3664,26.8499,27.3881,27.9847,28.6419,29.3598,30.1347,30.9578,31.8128,32.6749,33.5105,34.2789,34.937,35.447,35.7844,35.9445,35.9441,35.8181,35.6118,35.3731,35.1458,34.9662,34.8623,34.8552,34.9605,35.1905,35.5567,36.0705,36.7452,37.5968,38.6447,39.913,41.4307,43.2325,45.3591,47.8575,50.7787,54.1709,58.0599,62.4024,66.9995,71.3828,74.7705,76.2629,75.3127,72.1179,67.5078,62.4385,57.5948,53.3108,49.6728,46.641,44.129,42.0444,40.3039,38.8385,37.5927,36.5225,35.5935,34.7787,34.0567,33.411,32.8281,32.2977,31.8111,31.3617,30.9439,30.5534,30.1865,29.8402,29.5121,29.2002,28.9029,28.6187,28.3465,28.0853,27.8345,27.5932,27.3611,27.1376,26.9224,26.7152,26.5159,26.3242,26.1401,25.9635,25.7944,25.6327,25.4786,25.3321,25.1933,25.0623,24.9392,24.8243,24.7177,24.6196,24.5303,24.4499,24.3787,24.317,24.265,24.2231,24.1916,24.1708,24.1611,24.1628,24.1764,24.2022,24.2407,24.2924,24.3578,24.4373,24.5317,24.6414,24.7672,24.9097,25.0698,25.2483,25.446,25.664,25.9032,26.165,26.4504,26.7607,27.0974,27.462,27.8558,28.2806,28.7378,29.2293,29.7567,30.322,30.9274,31.5756,32.27,33.0156,33.8193,34.6914,35.6466,36.7063,37.9007,39.2716,40.8759,42.7883,45.1025,47.927,51.3658,55.4708,60.1447,64.9979,69.246,71.8505,72.025,69.7841,65.9508,61.6069,57.5753,54.2819,51.8674,50.3351,49.6507,49.7923,50.7688,52.6188,55.3866,59.0613,63.4591,68.0606,71.9197,73.8857,73.2124,70.0907,65.5005,60.5498,55.9866,52.1336,49.0383,46.6218,44.769,43.3678,42.3232,41.5584,41.0133,40.6405,40.4028,40.2704,40.2193,40.2296,40.2846,40.3703,40.4743,40.586,40.6963,40.7969,40.8805,40.9409,40.973,40.9724,40.9359,40.8612,40.7465,40.5912,40.395,40.1585,39.8824,
 ,-67,49.9803,50.2996,50.5594,50.7577,50.8931,50.965,50.9732,50.9179,50.8003,50.6218,50.3844,50.0909,49.744,49.3471,48.9039,48.4181,47.8938,47.335,46.746,46.1307,45.4931,44.8373,44.1668,43.4854,42.7962,42.1024,41.4069,40.7123,40.0209,39.335,38.6564,37.9869,37.3279,36.6807,36.0464,35.4259,34.82,34.2293,33.6545,33.0957,32.5533,32.0276,31.5186,31.0264,30.5509,30.0922,29.65,29.2243,28.8148,28.4215,28.044,27.6821,27.3356,27.0043,26.6878,26.3859,26.0985,25.8251,25.5657,25.3199,25.0875,24.8683,24.6621,24.4688,24.2881,24.12,23.9641,23.8206,23.6892,23.5699,23.4627,23.3675,23.2844,23.2134,23.1545,23.108,23.0739,23.0525,23.0441,23.049,23.0675,23.1003,23.1477,23.2106,23.2896,23.3856,23.4997,23.6331,23.7871,23.9633,24.1635,24.3896,24.6439,24.9289,25.2472,25.6017,25.9954,26.431,26.911,27.437,28.0094,28.6266,29.2837,29.972,30.6776,31.3814,32.0589,32.682,33.2226,33.6568,33.9699,34.1594,34.2366,34.2242,34.1523,34.0542,33.9614,33.9021,33.8995,33.9722,34.1351,34.4009,34.781,35.2868,35.9308,36.7273,37.6933,38.849,40.2185,41.8301,43.717,45.9162,48.4662,51.3987,54.7194,58.3685,62.1556,65.6891,68.3694,69.5468,68.8395,66.3824,62.7554,58.6594,54.6367,50.9868,47.8178,45.1273,42.8639,40.9621,39.3582,37.9968,36.8318,35.8257,34.9488,34.1771,33.4917,32.8775,32.3224,31.8166,31.3524,30.9233,30.5244,30.1513,29.8007,29.4697,29.1561,28.8579,28.5735,28.3016,28.0411,27.7912,27.551,27.32,27.0977,26.8836,26.6774,26.4789,26.2879,26.1042,25.9278,25.7585,25.5965,25.4417,25.2942,25.154,25.0212,24.8961,24.7786,24.6691,24.5676,24.4744,24.3897,24.3137,24.2467,24.189,24.1407,24.1023,24.0739,24.056,24.0488,24.0528,24.0682,24.0954,24.1349,24.1871,24.2524,24.3312,24.4241,24.5315,24.6541,24.7923,24.9469,25.1185,25.3078,25.5157,25.7429,25.9904,26.2592,26.5503,26.8649,27.2041,27.5692,27.9617,28.383,28.8346,29.3184,29.8362,30.3907,30.9848,31.6226,32.3096,33.0533,33.8646,34.7583,35.7553,36.8837,38.1819,39.7,41.5018,43.6642,46.2706,49.392,53.0437,57.1078,61.2315,64.7737,66.9373,67.1427,65.405,62.3374,58.7743,55.3911,52.5748,50.4833,49.1512,48.57,48.7317,49.6471,51.3441,53.8455,57.1144,60.9569,64.8999,68.1436,69.7598,69.1627,66.501,62.5472,58.2057,54.1229,50.6085,47.7348,45.455,43.6801,42.3171,41.2835,40.5112,39.9455,39.5429,39.2688,39.0954,39.0001,38.9643,38.9724,39.011,39.0687,39.1357,39.2034,39.2644,39.3118,39.34,39.3442,39.3205,39.2657,39.1775,39.0543,38.8952,38.6996,38.4679,38.2004,
 ,-68,48.1274,48.4237,48.6654,48.8507,48.9786,49.0483,49.0598,49.0132,48.9096,48.7502,48.5369,48.2718,47.9576,47.5972,47.1938,46.7508,46.2718,45.7603,45.2201,44.6548,44.0681,43.4636,42.8444,42.214,41.5754,40.9315,40.2849,39.638,38.9932,38.3524,37.7175,37.0901,36.4717,35.8635,35.2665,34.6818,34.1101,33.5521,33.0082,32.479,31.9648,31.4658,30.9822,30.514,30.0614,29.6243,29.2026,28.7962,28.4052,28.0291,27.6681,27.3217,26.9899,26.6723,26.3689,26.0794,25.8036,25.5412,25.2921,25.056,24.8328,24.6222,24.4242,24.2384,24.0648,23.9033,23.7537,23.6159,23.4898,23.3754,23.2727,23.1816,23.1021,23.0343,22.9783,22.9342,22.9021,22.8822,22.8749,22.8803,22.8988,22.9309,22.9771,23.0379,23.114,23.2062,23.3153,23.4425,23.5888,23.7555,23.944,24.156,24.3932,24.6575,24.9509,25.2754,25.6328,26.0249,26.4529,26.9172,27.417,27.9497,28.5105,29.0913,29.6811,30.2649,30.8252,31.3427,31.7989,32.1784,32.4722,32.6793,32.8074,32.8718,32.8932,32.8946,32.8993,32.9288,33.0019,33.1344,33.3399,33.6303,34.0163,34.5087,35.1186,35.8586,36.7429,37.7879,39.0127,40.4391,42.0914,43.9954,46.174,48.64,51.378,54.3152,57.2799,59.9669,61.9528,62.8104,62.2995,60.5054,57.7992,54.6529,51.4637,48.4808,45.8193,43.5063,41.522,39.8275,38.3794,37.1366,36.0634,35.13,34.3114,33.5876,32.9423,32.3621,31.8364,31.3565,30.9153,30.507,30.127,29.7713,29.4368,29.1208,28.8211,28.5361,28.2641,28.004,27.7547,27.5154,27.2853,27.0639,26.8508,26.6455,26.4477,26.2573,26.074,25.8978,25.7285,25.5662,25.4107,25.2623,25.1208,24.9865,24.8593,24.7395,24.6273,24.5227,24.426,24.3373,24.2569,24.1851,24.122,24.0679,24.0231,23.9879,23.9625,23.9473,23.9426,23.9487,23.9659,23.9947,24.0352,24.088,24.1533,24.2316,24.3233,24.4289,24.5486,24.6831,24.8328,24.9983,25.18,25.3787,25.595,25.8295,26.0831,26.3566,26.6509,26.967,27.306,27.6691,28.0576,28.4731,28.9173,29.3922,29.9004,30.4452,31.0309,31.663,32.3494,33.1002,33.9298,34.8568,35.9063,37.1107,38.5112,40.1575,42.1059,44.4114,47.1095,50.1818,53.5009,56.7716,59.518,61.1931,61.4193,60.211,57.9761,55.293,52.6676,50.4262,48.7317,47.6456,47.1843,47.3531,48.1622,49.6243,51.7356,54.4317,57.5179,60.5959,63.0573,64.2422,63.7499,61.6795,58.5618,55.0499,51.6505,48.6408,46.1161,44.0672,42.4392,41.1649,40.1799,39.4286,38.8646,38.4501,38.1544,37.9527,37.8244,37.7524,37.7224,37.7222,37.7413,37.7705,37.8022,37.8294,37.8459,37.8465,37.8268,37.7831,37.7126,37.613,37.4826,37.3203,37.1258,36.8988,36.6395,
 ,-69,46.3698,46.6452,46.8704,47.044,47.165,47.2328,47.2472,47.2086,47.1176,46.9755,46.7839,46.5447,46.2602,45.933,45.5659,45.1619,44.7242,44.256,43.7606,43.2414,42.7015,42.1443,41.5726,40.9896,40.398,39.8006,39.1996,38.5975,37.9963,37.398,36.8043,36.2168,35.6368,35.0655,34.5041,33.9534,33.4144,32.8876,32.3735,31.8727,31.3856,30.9123,30.4532,30.0083,29.5778,29.1616,28.7598,28.3724,27.9991,27.6401,27.295,26.9638,26.6463,26.3424,26.0518,25.7744,25.51,25.2584,25.0195,24.793,24.5789,24.3768,24.1867,24.0085,23.8419,23.6869,23.5434,23.4113,23.2905,23.181,23.0827,22.9956,22.9198,22.8553,22.8021,22.7603,22.7302,22.7119,22.7055,22.7115,22.73,22.7615,22.8063,22.8651,22.9383,23.0267,23.131,23.252,23.3907,23.5482,23.7256,23.9241,24.1451,24.3899,24.6601,24.9568,25.2814,25.6346,26.0169,26.4279,26.8661,27.3288,27.8112,28.3067,28.8063,29.2988,29.7716,30.2113,30.6055,30.9444,31.2224,31.4392,31.6003,31.7164,31.8018,31.8731,31.9474,32.041,32.1691,32.3449,32.5802,32.8855,33.2705,33.7449,34.3185,35.0016,35.8058,36.744,37.8304,39.0804,40.51,42.134,43.9617,45.9898,48.1889,50.4836,52.7303,54.7046,56.1243,56.7239,56.3605,55.0862,53.1269,50.7843,48.333,45.9664,43.7921,41.8532,40.1527,38.6732,37.3887,36.2719,35.297,34.4412,33.6851,33.0124,32.4095,31.8652,31.3702,30.917,30.4994,30.1122,29.7511,29.4126,29.094,28.7926,28.5066,28.2343,27.9742,27.7253,27.4866,27.2573,27.0368,26.8245,26.62,26.4229,26.2331,26.0502,25.8741,25.7048,25.5421,25.3861,25.2367,25.0941,24.9583,24.8293,24.7074,24.5926,24.4851,24.385,24.2927,24.2082,24.1319,24.0638,24.0044,23.9537,23.9122,23.88,23.8575,23.8449,23.8426,23.8508,23.8699,23.9001,23.9418,23.9954,24.061,24.1392,24.2301,24.3341,24.4516,24.583,24.7285,24.8886,25.0637,25.2543,25.4607,25.6836,25.9234,26.1809,26.4568,26.7518,27.0669,27.4032,27.7618,28.1443,28.5522,28.9877,29.4534,29.9525,30.4892,31.0692,31.6996,32.3899,33.1528,34.0045,34.9657,36.0623,37.3255,38.7908,40.4948,42.4671,44.7153,47.1995,49.7993,52.2861,54.3313,55.5866,55.8248,55.0588,53.5422,51.6496,49.7355,48.0558,46.7609,45.9259,45.5834,45.7481,46.4278,47.6214,49.304,51.3954,53.7174,55.9589,57.6931,58.4891,58.0958,56.5724,54.2512,51.5649,48.8795,46.424,44.3015,42.5322,41.0923,39.9402,39.0308,38.3221,37.7775,37.3658,37.0611,36.8419,36.6902,36.5907,36.5306,36.4989,36.4861,36.4839,36.4853,36.4839,36.474,36.4511,36.411,36.3503,36.2664,36.157,36.0207,35.8562,35.6629,35.4406,35.1894,
 ,-70,44.7025,44.9589,45.1693,45.3323,45.447,45.513,45.5301,45.4986,45.4191,45.2927,45.1207,44.905,44.6475,44.3504,44.0163,43.6479,43.248,42.8195,42.3652,41.8883,41.3916,40.878,40.3503,39.8112,39.2634,38.7091,38.1508,37.5905,37.0303,36.4719,35.917,35.367,34.8233,34.2871,33.7595,33.2413,32.7333,32.2363,31.7508,31.2773,30.8161,30.3676,29.9321,29.5097,29.1005,28.7047,28.3222,27.953,27.5972,27.2546,26.9252,26.6088,26.3053,26.0146,25.7366,25.4711,25.218,24.977,24.7481,24.5311,24.3258,24.1321,23.9499,23.7791,23.6195,23.471,23.3336,23.2071,23.0915,22.9868,22.8929,22.8099,22.7377,22.6764,22.626,22.5866,22.5585,22.5417,22.5363,22.5428,22.5613,22.5921,22.6357,22.6925,22.763,22.8477,22.9473,23.0624,23.1938,23.3425,23.5092,23.695,23.9008,24.1276,24.3764,24.648,24.9431,25.2619,25.6044,25.9697,26.3562,26.7609,27.1799,27.6076,28.0368,28.4594,28.866,29.2474,29.5952,29.9031,30.1676,30.3888,30.5708,30.7212,30.8502,30.9699,31.0929,31.2319,31.3988,31.6044,31.8588,32.1711,32.5496,33.0027,33.5386,34.1658,34.8931,35.7303,36.687,37.7733,38.9979,40.3667,41.8791,43.5213,45.2581,47.0205,48.6953,50.1249,51.1271,51.5409,51.2838,50.3871,48.9855,47.2669,45.4148,43.5717,41.8288,40.2332,38.8011,37.53,36.4075,35.4173,34.5422,33.7661,33.0744,32.4543,31.8951,31.3877,30.9242,30.4982,30.1044,29.7383,29.3961,29.0748,28.7717,28.4847,28.2118,27.9518,27.7032,27.465,27.2364,27.0166,26.8051,26.6013,26.4049,26.2155,26.033,25.8571,25.6877,25.5248,25.3682,25.2181,25.0743,24.9371,24.8064,24.6824,24.5652,24.455,24.3519,24.256,24.1677,24.0871,24.0145,23.95,23.8939,23.8465,23.808,23.7787,23.7589,23.7489,23.7489,23.7592,23.7802,23.8121,23.8551,23.9097,23.976,24.0543,24.1448,24.2479,24.3638,24.4927,24.6349,24.7906,24.9601,25.1436,25.3414,25.5539,25.7815,26.0247,26.2838,26.5597,26.853,27.1647,27.4959,27.8479,28.2224,28.6214,29.0473,29.5035,29.9938,30.5234,31.099,31.7289,32.4238,33.1969,34.0647,35.0465,36.1643,37.4413,38.8978,40.5447,42.3719,44.332,46.3229,48.1777,49.6804,50.6185,50.8611,50.419,49.4457,48.1757,46.8469,45.6487,44.708,44.0993,43.8618,44.0144,44.5619,45.4944,46.7755,48.3237,49.99,51.546,52.7075,53.2064,52.8916,51.7962,50.1176,48.1275,46.0756,44.1375,42.4096,40.9275,39.6898,38.6758,37.8574,37.2056,36.6929,36.2952,35.9914,35.7637,35.5966,35.4771,35.3938,35.337,35.2982,35.2699,35.2459,35.2205,35.1885,35.1456,35.0881,35.0131,34.9178,34.8004,34.6592,34.4931,34.3014,34.0838,33.8403,
 ,-71,43.1208,43.36,43.5569,43.7102,43.8193,43.8837,43.9032,43.8781,43.809,43.6967,43.5426,43.3482,43.1152,42.8455,42.5416,42.2057,41.8403,41.448,41.0315,40.5935,40.1365,39.6632,39.1761,38.6777,38.1705,37.6565,37.1379,36.6168,36.0949,35.574,35.0555,34.541,34.0316,33.5286,33.033,32.5456,32.0673,31.5987,31.1405,30.693,30.2568,29.8322,29.4193,29.0186,28.6301,28.2539,27.8901,27.5387,27.1997,26.8732,26.5589,26.257,25.9672,25.6895,25.4238,25.1699,24.9278,24.6972,24.4782,24.2704,24.0739,23.8885,23.7141,23.5506,23.3978,23.2558,23.1243,23.0034,22.893,22.7931,22.7036,22.6245,22.5559,22.4978,22.4502,22.4133,22.3871,22.3718,22.3675,22.3745,22.393,22.4233,22.4657,22.5206,22.5884,22.6696,22.7646,22.8741,22.9987,23.139,23.2958,23.4697,23.6614,23.8717,24.1011,24.3502,24.6191,24.9078,25.2159,25.5424,25.8854,26.2425,26.6101,26.9836,27.3577,27.726,28.0819,28.4189,28.7313,29.0148,29.2675,29.4895,29.6842,29.8568,30.015,30.1675,30.324,30.4941,30.6872,30.9123,31.1774,31.4903,31.8581,32.2877,32.7857,33.3589,34.0138,34.7571,35.5951,36.5331,37.5745,38.7189,39.9593,41.2773,42.6376,43.982,45.2256,46.2603,46.9702,47.2581,47.0763,46.4438,45.4411,44.1845,42.7945,41.3726,39.9911,38.694,37.5029,36.4242,35.4547,34.5864,33.8088,33.1114,32.4838,31.9165,31.4013,30.9309,30.4991,30.1004,29.7305,29.3854,29.062,28.7575,28.4696,28.1965,27.9365,27.6882,27.4506,27.2227,27.0036,26.7928,26.5898,26.394,26.2051,26.0229,25.8472,25.6778,25.5146,25.3576,25.2067,25.0619,24.9233,24.791,24.6651,24.5456,24.4328,24.3267,24.2276,24.1356,24.051,23.9739,23.9046,23.8434,23.7905,23.7461,23.7105,23.6839,23.6668,23.6592,23.6616,23.6741,23.697,23.7307,23.7753,23.8312,23.8985,23.9774,24.0682,24.171,24.2859,24.4132,24.553,24.7053,24.8702,25.0479,25.2385,25.4421,25.659,25.8893,26.1336,26.3921,26.6656,26.9548,27.2606,27.5845,27.9278,28.2925,28.681,29.0963,29.5421,30.0231,30.545,31.1149,31.7416,32.4354,33.2087,34.0752,35.0492,36.1441,37.3686,38.7219,40.1855,41.7139,43.2265,44.607,45.717,46.4293,46.6698,46.4474,45.855,45.0378,44.152,43.3324,42.6789,42.2567,42.1042,42.2401,42.667,43.3704,44.3121,45.4194,46.5759,47.6213,48.3716,48.6629,48.4056,47.6168,46.4116,44.9559,43.414,41.9137,40.5357,39.3201,38.2781,37.4036,36.6815,36.0935,35.6203,35.2441,34.9486,34.7192,34.5433,34.4098,34.3091,34.2325,34.1728,34.1233,34.0783,34.0328,33.9821,33.9225,33.8505,33.7633,33.6585,33.5344,33.3894,33.2223,33.0326,32.8197,32.5835,
 ,-72,41.62,41.8436,42.0282,42.1728,42.2768,42.3396,42.3613,42.342,42.2823,42.183,42.0451,41.8699,41.6592,41.4145,41.138,40.8318,40.498,40.1389,39.7571,39.3547,38.9343,38.4982,38.0487,37.588,37.1184,36.6419,36.1604,35.6758,35.1898,34.704,34.2198,33.7386,33.2617,32.7901,32.3248,31.8667,31.4166,30.9751,30.5428,30.1203,29.708,29.3062,28.9153,28.5354,28.1668,27.8095,27.4638,27.1296,26.807,26.496,26.1966,25.9087,25.6323,25.3672,25.1135,24.871,24.6397,24.4193,24.2099,24.0113,23.8234,23.6462,23.4794,23.3231,23.1771,23.0414,22.9158,22.8005,22.6952,22.6,22.5148,22.4397,22.3747,22.3198,22.275,22.2404,22.2162,22.2024,22.1993,22.2069,22.2254,22.2553,22.2966,22.3497,22.415,22.4929,22.5837,22.6879,22.806,22.9386,23.0861,23.249,23.4279,23.6232,23.8352,24.0641,24.31,24.5725,24.8511,25.1446,25.4513,25.7691,26.0949,26.4252,26.7556,27.0814,27.398,27.7006,27.9853,28.2493,28.4914,28.712,28.9135,29.1,29.2771,29.4513,29.6301,29.8207,30.0306,30.2669,30.5363,30.8452,31.1992,31.6041,32.0651,32.5872,33.175,33.8328,34.5641,35.3708,36.2526,37.2052,38.2184,39.2727,40.3366,41.3636,42.2916,43.0474,43.5572,43.7619,43.6336,43.1839,42.4617,41.5394,40.4958,39.4018,38.3126,37.2656,36.283,35.3755,34.5455,33.7904,33.1052,32.4833,31.9178,31.4022,30.9303,30.4965,30.0959,29.7242,29.3778,29.0535,28.7484,28.4604,28.1874,27.9278,27.6801,27.4432,27.2161,26.9979,26.7879,26.5856,26.3905,26.2022,26.0204,25.8449,25.6755,25.5121,25.3546,25.203,25.0572,24.9174,24.7835,24.6557,24.534,24.4187,24.3098,24.2075,24.112,24.0236,23.9423,23.8685,23.8024,23.7442,23.6941,23.6526,23.6197,23.5958,23.5811,23.576,23.5807,23.5955,23.6206,23.6562,23.7027,23.7602,23.8289,23.909,24.0006,24.1038,24.2188,24.3454,24.4837,24.6338,24.7954,24.9687,25.1534,25.3497,25.5574,25.7767,26.0077,26.2507,26.5061,26.7746,27.0571,27.3546,27.6686,28.0009,28.3538,28.73,29.133,29.5667,30.0362,30.5472,31.1068,31.7228,32.4039,33.1594,33.9976,34.9251,35.9432,37.0449,38.2096,39.3982,40.5504,41.5869,42.4203,42.9746,43.2079,43.1275,42.7903,42.2868,41.7188,41.18,40.7449,40.4665,40.3778,40.4952,40.8197,41.3362,42.0099,42.7816,43.5648,44.2499,44.719,44.8721,44.6554,44.0774,43.2048,42.1383,40.9841,39.8317,38.7446,37.7599,36.8944,36.1505,35.5224,34.9993,34.5689,34.2185,33.9359,33.7099,33.5302,33.3877,33.2742,33.1825,33.1061,33.0393,32.9771,32.9149,32.8488,32.7751,32.6908,32.5935,32.481,32.3514,32.2034,32.036,31.8485,31.6402,31.4112,
 ,-73,40.1956,40.4051,40.5785,40.7152,40.8145,40.876,40.8996,40.8856,40.8344,40.7467,40.6235,40.466,40.2755,40.0536,39.8022,39.523,39.2181,38.8895,38.5393,38.1698,37.7831,37.3813,36.9665,36.5408,36.1061,35.6643,35.2174,34.7669,34.3145,33.8616,33.4096,32.9599,32.5135,32.0715,31.635,31.2046,30.7813,30.3656,29.9582,29.5595,29.17,28.7902,28.4202,28.0603,27.7109,27.372,27.0437,26.7261,26.4194,26.1235,25.8384,25.5642,25.3007,25.0481,24.8061,24.5747,24.3539,24.1435,23.9436,23.7539,23.5745,23.4052,23.246,23.0968,22.9575,22.828,22.7083,22.5984,22.4982,22.4077,22.3268,22.2557,22.1942,22.1425,22.1005,22.0683,22.0461,22.0339,22.0318,22.0401,22.0588,22.0882,22.1286,22.1801,22.2431,22.3179,22.4047,22.5041,22.6162,22.7416,22.8806,23.0336,23.2008,23.3826,23.579,23.7902,24.0159,24.2558,24.5091,24.7747,25.0512,25.3366,25.6284,25.9237,26.2193,26.5116,26.7972,27.0726,27.3353,27.5832,27.8157,28.0333,28.2378,28.4324,28.6212,28.8092,29.002,29.2053,29.4249,29.6665,29.9354,30.2368,30.5753,30.9552,31.3807,31.8552,32.3819,32.9632,33.6003,34.293,35.0386,35.8308,36.6584,37.5032,38.3386,39.1287,39.8288,40.3895,40.7633,40.9136,40.8238,40.5012,39.9759,39.2938,38.5066,37.6635,36.8055,35.9629,35.1561,34.3969,33.6906,33.0383,32.4382,31.8869,31.3804,30.9143,30.4841,30.0858,29.7156,29.3703,29.0469,28.7428,28.4557,28.1836,27.925,27.6784,27.4426,27.2166,26.9995,26.7905,26.5891,26.3948,26.2071,26.0258,25.8506,25.6813,25.5177,25.3598,25.2075,25.0608,24.9197,24.7844,24.6547,24.531,24.4132,24.3016,24.1962,24.0974,24.0052,23.9199,23.8417,23.7708,23.7076,23.6521,23.6048,23.5659,23.5356,23.5142,23.502,23.4994,23.5065,23.5236,23.551,23.5889,23.6375,23.6971,23.7677,23.8496,23.9427,24.0472,24.163,24.2901,24.4282,24.5773,24.7371,24.9074,25.088,25.2785,25.4788,25.6888,25.9083,26.1375,26.3766,26.6262,26.8868,27.1596,27.4459,27.7474,28.0662,28.4047,28.7662,29.154,29.5725,30.0263,30.5209,31.062,31.6555,32.3072,33.0215,33.8003,34.641,35.534,36.4599,37.3876,38.273,39.0629,39.702,40.1447,40.3671,40.3751,40.2041,39.9114,39.5633,39.2239,38.9473,38.7739,38.7302,38.8293,39.0712,39.4423,39.9139,40.4402,40.9594,41.3973,41.6787,41.7418,41.5536,41.1182,40.4745,39.684,38.8149,37.9287,37.0729,36.2793,35.5652,34.9374,34.3955,33.9344,33.5466,33.2237,32.9567,32.7373,32.5574,32.4096,32.2872,32.184,32.0945,32.0138,31.9375,31.8617,31.7826,31.6973,31.603,31.4973,31.3783,31.2445,31.0944,30.9271,30.7419,30.5383,30.3161,
 ,-74,38.8435,39.04,39.2034,39.3328,39.4278,39.4881,39.5135,39.5043,39.4608,39.3837,39.2739,39.1323,38.9602,38.7591,38.5305,38.2761,37.9976,37.6969,37.3759,37.0366,36.6809,36.3107,35.9279,35.5346,35.1323,34.723,34.3082,33.8895,33.4684,33.0464,32.6247,32.2045,31.7869,31.3729,30.9635,30.5595,30.1616,29.7704,29.3866,29.0107,28.6431,28.2842,27.9343,27.5937,27.2627,26.9414,26.63,26.3285,26.0371,25.7558,25.4847,25.2237,24.9729,24.7322,24.5017,24.2811,24.0706,23.87,23.6794,23.4985,23.3274,23.1659,23.0141,22.8719,22.7391,22.6158,22.5019,22.3974,22.3022,22.2163,22.1398,22.0725,22.0146,21.966,21.9268,21.8971,21.8768,21.8662,21.8654,21.8743,21.8933,21.9225,21.962,22.0121,22.073,22.1449,22.2282,22.3231,22.4298,22.5487,22.6799,22.8239,22.9806,23.1503,23.333,23.5286,23.7368,23.9571,24.1888,24.431,24.6822,24.9408,25.2048,25.4718,25.7395,26.005,26.2658,26.5195,26.7642,26.9987,27.2225,27.4361,27.641,27.8396,28.035,28.231,28.432,28.6423,28.8664,29.1089,29.374,29.6657,29.9876,30.3431,30.7352,31.1662,31.638,32.1516,32.7069,33.3022,33.9334,34.5938,35.2722,35.9529,36.6142,37.229,37.7652,38.1893,38.4703,38.5852,38.5236,38.2904,37.9045,37.3954,36.7976,36.1451,35.468,34.7901,34.1289,33.4957,32.897,32.3359,31.8128,31.3265,30.8749,30.4552,30.0646,29.7002,29.3593,29.0394,28.7382,28.4536,28.1837,27.9271,27.6824,27.4483,27.2238,27.0081,26.8005,26.6003,26.4069,26.2201,26.0394,25.8645,25.6954,25.5317,25.3735,25.2206,25.0731,24.9309,24.794,24.6627,24.5369,24.4168,24.3025,24.1942,24.092,23.9962,23.907,23.8245,23.749,23.6808,23.6202,23.5673,23.5225,23.486,23.4581,23.4392,23.4295,23.4292,23.4388,23.4584,23.4883,23.5287,23.5799,23.642,23.7152,23.7995,23.8951,24.0018,24.1195,24.2482,24.3875,24.5372,24.6968,24.8659,25.044,25.2307,25.4255,25.628,25.8379,26.0551,26.2796,26.5118,26.7522,27.0017,27.2615,27.5333,27.8191,28.1211,28.4422,28.7855,29.1545,29.5531,29.9853,30.4555,30.9674,31.5243,32.1279,32.7776,33.4688,34.1918,34.9298,35.6588,36.3474,36.9599,37.461,37.823,38.032,38.0926,38.0275,37.8732,37.6733,37.4712,37.3054,37.2055,37.1916,37.2736,37.4509,37.7125,38.0358,38.3872,38.7229,38.9936,39.1506,39.1554,38.9873,38.6481,38.161,37.5638,36.9006,36.2133,35.5366,34.8958,34.307,33.7783,33.3124,32.9076,32.56,32.2641,32.0138,31.8029,31.6252,31.4748,31.3463,31.2345,31.1349,31.0431,30.9554,30.8684,30.7787,30.6838,30.5811,30.4686,30.3445,30.2072,30.0557,29.889,29.7063,29.5073,29.2916,
 ,-75,37.5596,37.7443,37.8984,38.0212,38.1123,38.1714,38.1985,38.1936,38.1571,38.0897,37.992,37.8649,37.7097,37.5275,37.3198,37.088,36.8336,36.5585,36.2643,35.9527,35.6256,35.2846,34.9315,34.5681,34.1959,33.8166,33.4318,33.0428,32.651,32.2579,31.8645,31.4721,31.0816,30.6941,30.3104,29.9312,29.5574,29.1896,28.8283,28.474,28.1273,27.7885,27.4579,27.1358,26.8225,26.5181,26.2229,25.9369,25.6604,25.3932,25.1356,24.8875,24.649,24.42,24.2005,23.9906,23.7901,23.5991,23.4174,23.2452,23.0822,22.9284,22.7839,22.6485,22.5222,22.405,22.2968,22.1976,22.1074,22.0261,21.9538,21.8904,21.836,21.7906,21.7542,21.7269,21.7087,21.6998,21.7001,21.7099,21.7292,21.7582,21.7971,21.8459,21.905,21.9744,22.0544,22.1453,22.2471,22.36,22.4844,22.6202,22.7676,22.9267,23.0972,23.2792,23.4722,23.6757,23.8891,24.1114,24.3415,24.5779,24.8191,25.0631,25.3081,25.552,25.7928,26.0289,26.2589,26.4819,26.6977,26.9068,27.1103,27.3101,27.5085,27.7086,27.9135,28.1267,28.3518,28.5921,28.851,29.1317,29.4369,29.769,30.1302,30.5219,30.9451,31.3998,31.8849,32.398,32.9345,33.4876,34.0474,34.6006,35.13,35.6152,36.0334,36.3614,36.5788,36.6705,36.6302,36.461,36.1751,35.7918,35.3344,34.8266,34.2904,33.7442,33.2022,32.6747,32.1684,31.687,31.2325,30.8049,30.4035,30.0269,29.6734,29.341,29.0279,28.7322,28.4521,28.1861,27.9329,27.6911,27.4595,27.2374,27.0237,26.8178,26.6191,26.427,26.2413,26.0614,25.8871,25.7183,25.5547,25.3962,25.2428,25.0945,24.9512,24.8131,24.68,24.5523,24.4299,24.313,24.2018,24.0964,23.997,23.9039,23.8172,23.7373,23.6643,23.5985,23.5401,23.4896,23.447,23.4129,23.3873,23.3707,23.3634,23.3656,23.3777,23.4,23.4326,23.4759,23.5301,23.5953,23.6716,23.7593,23.8581,23.9681,24.0891,24.2209,24.3629,24.5149,24.6761,24.846,25.0238,25.2088,25.4002,25.5973,25.7996,26.0066,26.2183,26.4346,26.656,26.8834,27.1178,27.3608,27.6144,27.8807,28.1623,28.462,28.783,29.1284,29.5014,29.905,30.3417,30.813,31.3192,31.8582,32.425,33.0105,33.6013,34.179,34.7215,35.2047,35.6057,35.9074,36.1016,36.1917,36.1924,36.1273,36.025,35.9152,35.8243,35.7738,35.7782,35.8446,35.9725,36.153,36.3694,36.5973,36.8066,36.9642,37.0387,37.0055,36.8514,36.5774,36.1973,35.735,35.2192,34.6783,34.1375,33.6164,33.1284,32.6819,32.2807,31.9252,31.6137,31.3431,31.1092,30.9075,30.7334,30.5823,30.4499,30.3319,30.2243,30.1237,30.0269,29.9307,29.8325,29.7296,29.6201,29.502,29.3738,29.2341,29.0817,28.9159,28.736,28.5414,28.332,
 ,-76,36.3398,36.5138,36.6595,36.7763,36.8639,36.9219,36.9504,36.9494,36.9193,36.8606,36.774,36.6602,36.5203,36.3554,36.1667,35.9556,35.7234,35.4718,35.2022,34.9161,34.6153,34.3013,33.9756,33.6399,33.2956,32.9443,32.5873,32.226,31.8617,31.4955,31.1288,30.7624,30.3975,30.0348,29.6753,29.3198,28.9688,28.6231,28.2832,27.9496,27.6228,27.3031,26.991,26.6866,26.3903,26.1023,25.8227,25.5517,25.2894,25.036,24.7914,24.5558,24.3291,24.1115,23.9028,23.7032,23.5125,23.3308,23.158,22.9941,22.8391,22.6929,22.5555,22.4269,22.3069,22.1957,22.0931,21.9992,21.9138,21.8371,21.769,21.7095,21.6586,21.6163,21.5828,21.5579,21.5418,21.5346,21.5363,21.5469,21.5667,21.5957,21.6341,21.6819,21.7393,21.8065,21.8837,21.9709,22.0683,22.176,22.2942,22.4228,22.562,22.7116,22.8716,23.0417,23.2216,23.4107,23.6085,23.8141,24.0266,24.2446,24.467,24.6922,24.9187,25.1449,25.3695,25.5911,25.8087,26.0219,26.2305,26.4348,26.6358,26.8349,27.0339,27.2352,27.4411,27.6545,27.8779,28.114,28.3654,28.6344,28.9232,29.2335,29.5666,29.9233,30.3039,30.7078,31.1333,31.5777,32.0364,32.5031,32.9692,33.4237,33.8533,34.2427,34.5754,34.8353,35.0087,35.0855,35.0617,34.9392,34.7261,34.4355,34.0831,33.6857,33.2593,32.818,32.3732,31.9337,31.5058,31.0935,30.6992,30.3241,29.9682,29.6311,29.3118,29.0092,28.7221,28.4492,28.1891,27.9409,27.7034,27.4755,27.2565,27.0456,26.8421,26.6455,26.4552,26.2708,26.092,25.9186,25.7502,25.5869,25.4284,25.2746,25.1256,24.9814,24.8419,24.7073,24.5776,24.453,24.3336,24.2195,24.1109,24.0081,23.9111,23.8203,23.7359,23.6582,23.5873,23.5236,23.4673,23.4189,23.3784,23.3464,23.3231,23.3088,23.3038,23.3085,23.3233,23.3483,23.384,23.4305,23.4881,23.557,23.6373,23.7291,23.8324,23.947,24.0726,24.2091,24.3557,24.512,24.677,24.85,25.0299,25.2156,25.406,25.6002,25.7971,25.9961,26.1966,26.3986,26.6024,26.8085,27.0182,27.233,27.4547,27.6856,27.9282,28.1853,28.4595,28.7536,29.0703,29.4116,29.7793,30.1739,30.5947,31.0393,31.5028,31.9774,32.4524,32.9141,33.3468,33.734,34.0607,34.316,34.4948,34.5996,34.6398,34.6309,34.5917,34.5422,34.5007,34.4819,34.4964,34.549,34.639,34.76,34.8996,35.0407,35.1626,35.2433,35.2622,35.2037,35.0592,34.8291,34.5223,34.1539,33.7429,33.3089,32.8699,32.4407,32.0323,31.6522,31.3046,30.9909,30.7109,30.4629,30.2442,30.0517,29.8819,29.7314,29.5965,29.4739,29.3603,29.2527,29.1485,29.045,28.9396,28.8304,28.7153,28.5928,28.4614,28.3199,28.1672,28.0026,27.8254,27.6353,27.4318,
 ,-77,35.1806,35.3447,35.4828,35.5941,35.6784,35.7355,35.7653,35.7679,35.7436,35.6929,35.6163,35.5146,35.3887,35.2396,35.0683,34.8761,34.6643,34.4342,34.1871,33.9246,33.648,33.3589,33.0585,32.7485,32.4301,32.1047,31.7737,31.4382,31.0995,30.7587,30.4169,30.075,29.734,29.3949,29.0583,28.725,28.3957,28.071,27.7514,27.4375,27.1297,26.8283,26.5338,26.2464,25.9664,25.694,25.4294,25.1728,24.9244,24.6841,24.4522,24.2287,24.0136,23.8069,23.6088,23.4192,23.238,23.0654,22.9012,22.7456,22.5983,22.4595,22.3291,22.2071,22.0934,21.988,21.891,21.8022,21.7217,21.6495,21.5856,21.5299,21.4825,21.4434,21.4127,21.3903,21.3764,21.3709,21.3739,21.3856,21.406,21.4351,21.4731,21.5201,21.5762,21.6415,21.7161,21.8001,21.8937,21.9967,22.1094,22.2318,22.3637,22.5051,22.6559,22.8158,22.9844,23.1613,23.3459,23.5374,23.7351,23.9379,24.1447,24.3544,24.5657,24.7775,24.9887,25.1983,25.4056,25.6102,25.8121,26.0116,26.2094,26.4066,26.6046,26.8052,27.0103,27.2218,27.4419,27.6725,27.9157,28.1731,28.4463,28.7364,29.0443,29.3702,29.7139,30.0744,30.4498,30.8373,31.2325,31.63,32.0223,32.4008,32.7548,33.073,33.3435,33.5549,33.6976,33.765,33.7542,33.6666,33.5077,33.2863,33.0133,32.7007,32.3602,32.0025,31.6367,31.2702,30.9084,30.5554,30.2138,29.8851,29.57,29.2686,28.9807,28.7056,28.4426,28.191,27.9497,27.7181,27.4954,27.2807,27.0736,26.8732,26.6793,26.4913,26.3088,26.1315,25.9592,25.7917,25.6287,25.4703,25.3164,25.1669,25.0217,24.8811,24.745,24.6135,24.4867,24.3648,24.2479,24.1362,24.0299,23.9292,23.8343,23.7455,23.663,23.5871,23.5181,23.4562,23.4018,23.3551,23.3166,23.2865,23.2653,23.2532,23.2506,23.2579,23.2754,23.3034,23.3424,23.3925,23.4541,23.5274,23.6125,23.7095,23.8183,23.9389,24.0709,24.2139,24.3672,24.5301,24.7016,24.8804,25.0652,25.2546,25.447,25.641,25.8351,26.0283,26.2198,26.409,26.5962,26.7818,26.9671,27.1536,27.3434,27.5389,27.7425,27.9571,28.1853,28.4297,28.6926,28.9756,29.2799,29.6056,29.9517,30.3157,30.6931,31.0777,31.4609,31.8326,32.1814,32.496,32.7663,32.9848,33.1485,33.2587,33.3216,33.3472,33.3479,33.3369,33.3267,33.3275,33.3463,33.3865,33.4476,33.5245,33.6088,33.6883,33.7491,33.7765,33.7571,33.6808,33.5422,33.3415,33.0846,32.7814,32.4446,32.0878,31.724,31.3644,31.0176,30.6901,30.3858,30.1068,29.8534,29.6249,29.4197,29.2357,29.0703,28.9209,28.7845,28.6586,28.5403,28.4273,28.3171,28.2076,28.0965,27.9821,27.8626,27.7366,27.6027,27.46,27.3074,27.1442,26.9699,26.784,26.5863,
 ,-78,34.0784,34.2336,34.3646,34.471,34.5523,34.6085,34.6395,34.6453,34.6263,34.5828,34.5154,34.4248,34.3117,34.177,34.0216,33.8468,33.6536,33.4432,33.217,32.9761,32.7219,32.4557,32.1788,31.8925,31.5982,31.2969,30.99,30.6786,30.3638,30.0467,29.7282,29.4094,29.091,28.7739,28.4589,28.1467,27.8379,27.5331,27.2328,26.9376,26.6479,26.364,26.0863,25.8152,25.5508,25.2934,25.0433,24.8006,24.5654,24.3379,24.1182,23.9063,23.7024,23.5065,23.3185,23.1386,22.9668,22.803,22.6473,22.4996,22.36,22.2284,22.1048,21.9893,21.8817,21.7822,21.6906,21.6069,21.5312,21.4634,21.4036,21.3518,21.3079,21.272,21.2441,21.2242,21.2124,21.2088,21.2133,21.2261,21.2471,21.2766,21.3144,21.3608,21.4159,21.4795,21.552,21.6333,21.7234,21.8224,21.9304,22.0472,22.1728,22.3072,22.45,22.6011,22.7601,22.9265,23.0999,23.2797,23.465,23.655,23.849,24.0458,24.2447,24.4445,24.6446,24.8442,25.0428,25.24,25.4359,25.6307,25.8249,26.0195,26.2155,26.4142,26.6171,26.8256,27.0414,27.2659,27.5007,27.7469,28.0055,28.2774,28.5629,28.8619,29.1739,29.4976,29.8312,30.1719,30.5157,30.8579,31.1924,31.5121,31.8089,32.0741,32.299,32.4756,32.597,32.6586,32.6585,32.5976,32.4797,32.3107,32.0986,31.8517,31.5789,31.2881,30.9867,30.6805,30.3745,30.0722,29.7762,29.4883,29.2095,28.9402,28.6807,28.4308,28.1901,27.9581,27.7343,27.5182,27.3092,27.1069,26.9108,26.7203,26.5352,26.3552,26.1799,26.0092,25.8428,25.6806,25.5226,25.3686,25.2188,25.0729,24.9312,24.7937,24.6605,24.5316,24.4073,24.2876,24.1729,24.0631,23.9587,23.8598,23.7665,23.6793,23.5984,23.524,23.4565,23.3961,23.3433,23.2983,23.2614,23.2332,23.2139,23.2039,23.2037,23.2135,23.2339,23.2652,23.3078,23.362,23.4281,23.5065,23.5973,23.7006,23.8164,23.9445,24.0847,24.2365,24.399,24.5714,24.7522,24.9402,25.1334,25.33,25.5279,25.725,25.9195,26.1096,26.2941,26.4722,26.6438,26.8094,26.9702,27.128,27.2851,27.4442,27.6082,27.78,27.9623,28.1579,28.3688,28.5967,28.8424,29.1059,29.3862,29.6808,29.9861,30.2969,30.6065,30.9073,31.1911,31.4498,31.6762,31.8652,32.0144,32.1246,32.1996,32.2457,32.271,32.284,32.293,32.3049,32.3243,32.3535,32.3919,32.4359,32.4795,32.5145,32.5316,32.521,32.4739,32.3841,32.2482,32.0664,31.8428,31.5842,31.2993,30.9978,30.6889,30.3811,30.0812,29.7944,29.5244,29.2732,29.0415,28.8294,28.6358,28.4592,28.2979,28.1497,28.0125,27.884,27.7622,27.6447,27.5298,27.4154,27.2997,27.181,27.058,26.9293,26.7937,26.6502,26.498,26.3365,26.1651,25.9833,25.791,
 ,-79,33.03,33.177,33.3016,33.4034,33.482,33.5374,33.5694,33.5782,33.564,33.5271,33.4681,33.3876,33.2861,33.1646,33.0239,32.8649,32.6888,32.4967,32.2895,32.0685,31.835,31.59,31.3348,31.0706,30.7985,30.5197,30.2353,29.9463,29.6539,29.3589,29.0623,28.765,28.4679,28.1716,27.877,27.5847,27.2952,27.0093,26.7274,26.45,26.1774,25.9102,25.6486,25.393,25.1436,24.9006,24.6644,24.435,24.2126,23.9974,23.7895,23.5889,23.3958,23.2102,23.0322,22.8617,22.6989,22.5437,22.3962,22.2564,22.1242,21.9997,21.8828,21.7736,21.6721,21.5782,21.492,21.4133,21.3423,21.279,21.2233,21.1752,21.1348,21.1021,21.077,21.0597,21.0502,21.0484,21.0545,21.0684,21.0903,21.1202,21.1581,21.2042,21.2583,21.3207,21.3914,21.4703,21.5576,21.6531,21.757,21.869,21.9892,22.1174,22.2535,22.397,22.5478,22.7055,22.8695,23.0393,23.2143,23.3938,23.577,23.7633,23.9518,24.1419,24.3327,24.5239,24.715,24.9058,25.0963,25.2866,25.4773,25.6689,25.8622,26.0583,26.2582,26.4631,26.6742,26.8924,27.1189,27.3545,27.5999,27.8555,28.1214,28.3972,28.6822,28.9751,29.2741,29.5764,29.8788,30.1771,30.4662,30.7406,30.9939,31.2195,31.4111,31.5626,31.6692,31.7277,31.7366,31.6966,31.6102,31.4818,31.3169,31.1216,30.9024,30.6656,30.4166,30.1605,29.9013,29.6422,29.3857,29.1334,28.8867,28.6462,28.4123,28.1852,27.9647,27.7508,27.5432,27.3414,27.1452,26.9543,26.7683,26.587,26.4101,26.2374,26.0687,25.9039,25.7428,25.5855,25.4318,25.2818,25.1355,24.9928,24.854,24.7192,24.5883,24.4616,24.3393,24.2215,24.1084,24.0002,23.8972,23.7996,23.7077,23.6217,23.542,23.4688,23.4025,23.3434,23.2918,23.2482,23.2128,23.1862,23.1688,23.1608,23.1629,23.1754,23.1988,23.2335,23.28,23.3387,23.41,23.4943,23.5917,23.7026,23.8268,23.9644,24.115,24.278,24.4526,24.6377,24.8316,25.0326,25.2385,25.4466,25.6543,25.8588,26.0574,26.2477,26.4278,26.5965,26.7534,26.899,27.0347,27.1626,27.2855,27.4065,27.5291,27.6567,27.7925,27.9392,28.0993,28.2743,28.4652,28.6718,28.8934,29.1278,29.3718,29.6214,29.8713,30.1156,30.3482,30.563,30.7548,30.9198,31.056,31.1635,31.2443,31.3022,31.3422,31.3698,31.3902,31.4077,31.4254,31.4446,31.4647,31.4833,31.4962,31.498,31.4825,31.4433,31.375,31.2737,31.1374,30.9666,30.7644,30.5355,30.2861,30.0232,29.7536,29.4835,29.2185,28.9625,28.7189,28.4894,28.2751,28.076,27.8918,27.7214,27.5636,27.4166,27.2788,27.1484,27.0236,26.9026,26.7838,26.6655,26.546,26.424,26.2982,26.1673,26.0305,25.8867,25.7352,25.5755,25.4069,25.2292,25.0421,
 ,-80,32.0323,32.1718,32.2905,32.388,32.4642,32.5188,32.5518,32.5632,32.5534,32.5226,32.4713,32.3999,32.3091,32.1997,32.0724,31.9281,31.7677,31.5922,31.4026,31.2,30.9855,30.7602,30.525,30.2812,30.0298,29.7719,29.5084,29.2404,28.9688,28.6945,28.4184,28.1414,27.8642,27.5875,27.3121,27.0386,26.7675,26.4995,26.2349,25.9744,25.7183,25.4669,25.2207,24.9799,24.7448,24.5157,24.2928,24.0762,23.8661,23.6628,23.4662,23.2765,23.0939,22.9183,22.7498,22.5886,22.4345,22.2877,22.1482,22.016,21.8911,21.7735,21.6632,21.5602,21.4646,21.3763,21.2953,21.2216,21.1553,21.0963,21.0447,21.0004,20.9634,20.9339,20.9117,20.897,20.8897,20.8899,20.8976,20.9129,20.9357,20.9662,21.0044,21.0502,21.1039,21.1652,21.2344,21.3114,21.3962,21.4888,21.5892,21.6972,21.8128,21.9358,22.066,22.2033,22.3471,22.4973,22.6534,22.815,22.9814,23.1521,23.3265,23.5041,23.684,23.8659,24.0491,24.2333,24.4181,24.6033,24.789,24.9752,25.1623,25.3508,25.5413,25.7344,25.9311,26.1321,26.3382,26.5503,26.769,26.995,27.2285,27.4697,27.7186,27.9746,28.2368,28.5041,28.7745,29.0457,29.3148,29.5783,29.8321,30.0715,30.2918,30.4879,30.6549,30.7884,30.885,30.9422,30.9589,30.9357,30.8743,30.7777,30.6499,30.4956,30.3194,30.1262,29.9203,29.7058,29.486,29.2637,29.0411,28.82,28.6014,28.3864,28.1755,27.969,27.767,27.5696,27.3766,27.188,27.0035,26.8231,26.6464,26.4735,26.304,26.138,25.9753,25.8158,25.6595,25.5064,25.3565,25.2098,25.0665,24.9266,24.7902,24.6575,24.5286,24.4036,24.2828,24.1663,24.0545,23.9474,23.8455,23.7488,23.6578,23.5727,23.4938,23.4214,23.356,23.2978,23.2473,23.2048,23.1707,23.1455,23.1297,23.1238,23.1281,23.1433,23.1698,23.2081,23.2589,23.3226,23.3997,23.4907,23.5959,23.7156,23.8499,23.9989,24.1623,24.3395,24.5296,24.7312,24.9427,25.1616,25.3853,25.6104,25.8333,26.0504,26.2579,26.4524,26.6313,26.7926,26.9356,27.0608,27.17,27.2657,27.3515,27.4315,27.5099,27.5908,27.6781,27.775,27.8843,28.0077,28.1462,28.3001,28.4685,28.6498,28.8411,29.0393,29.2399,29.4386,29.6303,29.8105,29.975,30.1207,30.2457,30.3494,30.4326,30.4974,30.5464,30.5827,30.6095,30.6294,30.644,30.6541,30.659,30.6573,30.646,30.6216,30.5803,30.5182,30.432,30.3195,30.1798,30.0139,29.8239,29.6135,29.3873,29.1504,28.9078,28.6645,28.4244,28.1911,27.9671,27.754,27.5528,27.3639,27.187,27.0215,26.8663,26.7203,26.582,26.4499,26.3227,26.1988,26.0768,25.9552,25.8326,25.7079,25.5799,25.4475,25.3098,25.166,25.0155,24.8576,24.692,24.5181,24.3359,
 ,-81,31.0823,31.2149,31.3282,31.4219,31.4958,31.5496,31.5835,31.5974,31.5916,31.5663,31.522,31.4591,31.3781,31.2797,31.1647,31.0338,30.8878,30.7277,30.5543,30.3687,30.1718,29.9645,29.748,29.5231,29.2909,29.0524,28.8084,28.5599,28.3078,28.0529,27.796,27.538,27.2796,27.0213,26.764,26.5082,26.2545,26.0034,25.7553,25.5109,25.2703,25.0341,24.8025,24.5759,24.3545,24.1386,23.9284,23.7242,23.526,23.334,23.1484,22.9693,22.7967,22.6308,22.4716,22.3193,22.1737,22.0351,21.9033,21.7785,21.6607,21.5498,21.446,21.3491,21.2593,21.1764,21.1007,21.0319,20.9702,20.9155,20.8679,20.8273,20.7939,20.7675,20.7482,20.7361,20.7312,20.7334,20.7428,20.7595,20.7834,20.8147,20.8532,20.8991,20.9524,21.0131,21.0812,21.1566,21.2395,21.3296,21.4271,21.5317,21.6434,21.762,21.8874,22.0192,22.1573,22.3013,22.4509,22.6055,22.7648,22.9283,23.0954,23.2657,23.4387,23.6138,23.7907,23.969,24.1484,24.3289,24.5104,24.6929,24.8767,25.0622,25.2497,25.4399,25.6332,25.8303,26.0317,26.238,26.4496,26.6669,26.89,27.1188,27.3531,27.5924,27.8356,28.0816,28.3287,28.5748,28.8174,29.0535,29.2797,29.4924,29.6877,29.8617,30.0108,30.1316,30.2215,30.2788,30.3026,30.2931,30.2517,30.1806,30.0826,29.9611,29.8198,29.6622,29.4919,29.3121,29.1255,28.9346,28.7413,28.5471,28.3534,28.161,27.9705,27.7824,27.5971,27.4145,27.2349,27.0582,26.8845,26.7135,26.5454,26.38,26.2173,26.0572,25.8997,25.7449,25.5928,25.4434,25.2967,25.1529,25.0121,24.8743,24.7398,24.6087,24.4812,24.3575,24.2377,24.1222,24.0111,23.9048,23.8034,23.7073,23.6168,23.5321,23.4537,23.3818,23.3169,23.2594,23.2095,23.1679,23.1349,23.111,23.0967,23.0925,23.0991,23.1169,23.1466,23.1888,23.2442,23.3133,23.3969,23.4954,23.6094,23.7394,23.8857,24.0484,24.2273,24.422,24.6315,24.8544,25.0886,25.3314,25.5793,25.8282,26.0734,26.3099,26.5324,26.7364,26.9178,27.074,27.2038,27.3077,27.3878,27.4478,27.4922,27.5265,27.5561,27.5863,27.6218,27.6666,27.7238,27.7957,27.8834,27.9873,28.1067,28.2402,28.3856,28.5398,28.6995,28.8608,29.0198,29.1726,29.3157,29.4463,29.5624,29.6629,29.7474,29.8166,29.8715,29.9136,29.9442,29.9646,29.9755,29.9771,29.969,29.95,29.9183,29.872,29.8088,29.7265,29.6236,29.4991,29.353,29.1865,29.0014,28.8009,28.5883,28.3676,28.1426,27.917,27.6941,27.4765,27.2663,27.065,26.8734,26.6918,26.5203,26.3582,26.2048,26.0592,25.9203,25.7868,25.6574,25.531,25.4062,25.282,25.1569,25.03,24.9003,24.7667,24.6286,24.4851,24.3356,24.1797,24.0169,23.8468,23.6692,
 ,-82,30.1773,30.3036,30.4119,30.5021,30.5739,30.6271,30.6617,30.6779,30.6757,30.6555,30.6176,30.5623,30.4903,30.4021,30.2984,30.1798,30.0471,29.9011,29.7427,29.5727,29.392,29.2016,29.0023,28.795,28.5806,28.3601,28.1343,27.904,27.67,27.4333,27.1944,26.9542,26.7134,26.4725,26.2323,25.9932,25.7559,25.5208,25.2884,25.0592,24.8334,24.6116,24.394,24.1809,23.9726,23.7694,23.5715,23.379,23.1922,23.0112,22.8362,22.6672,22.5044,22.3478,22.1977,22.0539,21.9166,21.7859,21.6617,21.5442,21.4332,21.329,21.2314,21.1405,21.0563,20.9789,20.9082,20.8442,20.787,20.7366,20.693,20.6562,20.6262,20.603,20.5867,20.5772,20.5746,20.5789,20.5902,20.6083,20.6335,20.6657,20.7048,20.751,20.8042,20.8644,20.9317,21.006,21.0873,21.1755,21.2705,21.3724,21.4809,21.5959,21.7172,21.8446,21.9779,22.1167,22.2608,22.4098,22.5632,22.7207,22.8819,23.0463,23.2135,23.3831,23.5548,23.7282,23.9033,24.0797,24.2575,24.4368,24.6177,24.8003,24.9851,25.1724,25.3626,25.556,25.7531,25.9541,26.1594,26.3691,26.5832,26.8014,27.0235,27.2488,27.4764,27.705,27.9333,28.1592,28.3808,28.5954,28.8003,28.9926,29.1691,29.3269,29.463,29.575,29.6609,29.7193,29.7495,29.7517,29.7268,29.6764,29.6026,29.5079,29.395,29.2669,29.1262,28.9754,28.8169,28.6528,28.4847,28.314,28.142,27.9695,27.7972,27.6256,27.4551,27.2859,27.1184,26.9524,26.7883,26.6259,26.4654,26.3067,26.15,25.9952,25.8424,25.6916,25.543,25.3966,25.2526,25.1111,24.9722,24.8361,24.7029,24.573,24.4464,24.3234,24.2042,24.0891,23.9784,23.8723,23.771,23.675,23.5846,23.5,23.4217,23.35,23.2853,23.228,23.1786,23.1375,23.1052,23.0824,23.0694,23.0669,23.0756,23.0961,23.1291,23.1753,23.2355,23.3105,23.4011,23.5081,23.6321,23.774,23.9341,24.1129,24.3104,24.5264,24.7599,25.0094,25.2728,25.5467,25.827,26.1085,26.3849,26.6495,26.8952,27.1155,27.3046,27.4586,27.5756,27.6562,27.7034,27.7221,27.7188,27.7005,27.6746,27.648,27.6266,27.6154,27.6181,27.6372,27.6744,27.7299,27.8032,27.8931,27.9975,28.1138,28.2389,28.3696,28.5024,28.6338,28.7608,28.8805,28.9906,29.0894,29.1758,29.2491,29.309,29.3557,29.3891,29.4094,29.4166,29.4104,29.3904,29.3558,29.3058,29.2395,29.1558,29.0542,28.9341,28.7958,28.64,28.468,28.2818,28.084,27.8774,27.6649,27.4498,27.2348,27.0225,26.8149,26.6137,26.4201,26.2348,26.0581,25.89,25.73,25.5776,25.4319,25.2921,25.1571,25.0258,24.8971,24.7701,24.6435,24.5164,24.3878,24.2567,24.1223,23.984,23.841,23.6927,23.5387,23.3787,23.2122,23.0391,
 ,-83,29.3147,29.4352,29.539,29.6259,29.6957,29.7483,29.7836,29.8018,29.803,29.7874,29.7554,29.7072,29.6434,29.5646,29.4712,29.3639,29.2434,29.1105,28.9659,28.8103,28.6447,28.4698,28.2864,28.0954,27.8976,27.6939,27.485,27.2717,27.0548,26.835,26.613,26.3895,26.1652,25.9407,25.7165,25.4933,25.2715,25.0515,24.834,24.6192,24.4075,24.1994,23.9951,23.7949,23.5992,23.4081,23.2219,23.0407,22.8648,22.6944,22.5295,22.3703,22.2169,22.0695,21.928,21.7926,21.6633,21.5403,21.4234,21.3129,21.2087,21.1109,21.0194,20.9344,20.8558,20.7836,20.7179,20.6587,20.606,20.5598,20.5201,20.487,20.4605,20.4405,20.4271,20.4203,20.4201,20.4266,20.4397,20.4595,20.486,20.5193,20.5592,20.6058,20.6592,20.7193,20.7861,20.8595,20.9396,21.0263,21.1195,21.2191,21.325,21.437,21.555,21.6788,21.8082,21.9428,22.0825,22.2268,22.3755,22.5282,22.6846,22.8442,23.0067,23.1718,23.3393,23.5088,23.6801,23.8533,24.0281,24.2046,24.3829,24.5631,24.7454,24.9301,25.1174,25.3076,25.5008,25.6973,25.8972,26.1004,26.3068,26.5162,26.7282,26.942,27.1568,27.3715,27.5847,27.7947,27.9998,28.1978,28.3864,28.5633,28.7259,28.8719,28.9989,29.1051,29.1889,29.2492,29.2855,29.2978,29.2868,29.2536,29.1998,29.1272,29.038,28.9343,28.8184,28.6921,28.5576,28.4164,28.27,28.1197,27.9667,27.8117,27.6554,27.4984,27.3412,27.184,27.0272,26.8709,26.7153,26.5605,26.4068,26.254,26.1025,25.9522,25.8033,25.656,25.5103,25.3664,25.2244,25.0846,24.947,24.812,24.6797,24.5503,24.4241,24.3014,24.1823,24.0671,23.9562,23.8499,23.7484,23.6521,23.5613,23.4764,23.3977,23.3258,23.2609,23.2035,23.1542,23.1134,23.0816,23.0595,23.0476,23.0467,23.0574,23.0804,23.1167,23.1671,23.2324,23.3137,23.4119,23.5282,23.6634,23.8186,23.9946,24.1922,24.4117,24.6531,24.9158,25.1985,25.4987,25.8127,26.1356,26.4607,26.7801,27.0846,27.3645,27.6103,27.8139,27.9693,28.0738,28.128,28.1363,28.1055,28.0449,27.9642,27.8733,27.7812,27.6957,27.6227,27.5668,27.5308,27.5165,27.5241,27.5532,27.6025,27.6699,27.753,27.8489,27.9546,28.0667,28.1822,28.2979,28.4108,28.5184,28.6182,28.7084,28.7871,28.853,28.9048,28.9414,28.9621,28.9659,28.9524,28.9211,28.8716,28.8038,28.7176,28.6133,28.4913,28.3523,28.1975,28.0281,27.846,27.6532,27.452,27.2448,27.0342,26.8226,26.6122,26.405,26.2026,26.0063,25.8169,25.6351,25.461,25.2945,25.1354,24.9831,24.8368,24.6958,24.5592,24.4261,24.2954,24.1663,24.0378,23.9089,23.7788,23.6467,23.5118,23.3734,23.231,23.084,22.9321,22.7747,22.6117,22.4428,
 ,-84,28.492,28.6072,28.7068,28.7908,28.8588,28.9108,28.9468,28.9668,28.9711,28.9597,28.933,28.8914,28.8352,28.7649,28.681,28.5842,28.475,28.3541,28.2222,28.08,27.9282,27.7677,27.5991,27.4233,27.2409,27.0528,26.8596,26.6621,26.4611,26.2572,26.0511,25.8433,25.6345,25.4254,25.2164,25.008,24.8008,24.5953,24.3917,24.1907,23.9924,23.7973,23.6057,23.4178,23.2341,23.0546,22.8796,22.7093,22.5439,22.3836,22.2285,22.0787,21.9344,21.7957,21.6626,21.5353,21.4138,21.2982,21.1886,21.0849,20.9872,20.8957,20.8102,20.7309,20.6577,20.5907,20.5299,20.4754,20.4271,20.3851,20.3493,20.3199,20.2968,20.28,20.2696,20.2655,20.2678,20.2765,20.2916,20.3131,20.3411,20.3755,20.4164,20.4637,20.5175,20.5776,20.6442,20.7172,20.7965,20.882,20.9738,21.0717,21.1755,21.2852,21.4006,21.5216,21.6478,21.7791,21.9152,22.0558,22.2007,22.3496,22.502,22.6578,22.8167,22.9782,23.1423,23.3087,23.4771,23.6476,23.8199,23.9942,24.1704,24.3486,24.5289,24.7114,24.8963,25.0836,25.2736,25.4663,25.6616,25.8595,26.0597,26.2619,26.4656,26.6702,26.8748,27.0784,27.2798,27.4775,27.6699,27.8553,28.0317,28.1972,28.3497,28.4873,28.6083,28.711,28.7943,28.8572,28.8993,28.9206,28.9216,28.903,28.866,28.812,28.7426,28.6596,28.5645,28.4591,28.345,28.2235,28.0959,27.9634,27.8269,27.6872,27.545,27.401,27.2555,27.1089,26.9616,26.8138,26.6658,26.5177,26.3698,26.2222,26.0751,25.9286,25.783,25.6383,25.4949,25.3528,25.2122,25.0735,24.9368,24.8022,24.6702,24.5409,24.4146,24.2915,24.172,24.0563,23.9448,23.8377,23.7355,23.6384,23.5468,23.4612,23.3818,23.3092,23.2437,23.1859,23.1363,23.0954,23.0639,23.0422,23.0312,23.0316,23.0441,23.0696,23.1091,23.1637,23.2343,23.3222,23.4286,23.5549,23.7024,23.8725,24.0665,24.2856,24.5307,24.8023,25.1002,25.4234,25.7695,26.1346,26.5128,26.896,27.2738,27.634,27.9629,28.2471,28.4744,28.6362,28.728,28.751,28.7113,28.6191,28.4875,28.3304,28.1612,27.9919,27.8323,27.6898,27.5694,27.4746,27.4067,27.3661,27.352,27.3628,27.3964,27.4502,27.5214,27.6069,27.7035,27.8081,27.9174,28.0282,28.1374,28.242,28.3393,28.4263,28.5005,28.5594,28.6009,28.6231,28.6245,28.6042,28.5616,28.4968,28.4103,28.303,28.1761,28.0314,27.8705,27.6954,27.5082,27.3111,27.1064,26.8962,26.6829,26.4685,26.255,26.0441,25.8374,25.6361,25.441,25.2529,25.0721,24.8985,24.7322,24.5728,24.4197,24.2722,24.1298,23.9914,23.8564,23.7238,23.5928,23.4625,23.3322,23.2009,23.068,22.9327,22.7945,22.6529,22.5072,22.3572,22.2025,22.0428,21.8779,
 ,-85,27.7071,27.8174,27.9132,27.9943,28.0607,28.1121,28.1487,28.1705,28.1775,28.17,28.1483,28.1126,28.0633,28.0009,27.9258,27.8386,27.7398,27.63,27.5098,27.38,27.2411,27.0939,26.9391,26.7773,26.6092,26.4356,26.2572,26.0745,25.8884,25.6993,25.508,25.3149,25.1208,24.9261,24.7314,24.5371,24.3437,24.1518,23.9615,23.7735,23.5879,23.4052,23.2257,23.0496,22.8772,22.7088,22.5446,22.3847,22.2294,22.0788,21.9331,21.7925,21.6569,21.5266,21.4017,21.2822,21.1682,21.0599,20.9571,20.8601,20.7688,20.6834,20.6038,20.53,20.4622,20.4003,20.3443,20.2944,20.2505,20.2126,20.1807,20.1549,20.1352,20.1217,20.1142,20.1129,20.1177,20.1287,20.1458,20.1692,20.1988,20.2345,20.2765,20.3246,20.379,20.4395,20.5062,20.579,20.6578,20.7426,20.8334,20.93,21.0324,21.1403,21.2537,21.3724,21.4962,21.6249,21.7582,21.896,22.0379,22.1837,22.3332,22.4861,22.642,22.8009,22.9624,23.1263,23.2926,23.461,23.6315,23.804,23.9786,24.1552,24.3339,24.5147,24.6977,24.8829,25.0703,25.26,25.4517,25.6453,25.8406,26.0371,26.2344,26.4318,26.6285,26.8236,27.0159,27.2042,27.3872,27.5632,27.7307,27.888,28.0335,28.1656,28.2829,28.384,28.468,28.5341,28.582,28.6116,28.6231,28.6171,28.5945,28.5563,28.5039,28.4383,28.3611,28.2736,28.177,28.0725,27.9612,27.8441,27.722,27.5958,27.4661,27.3334,27.1982,27.0609,26.9219,26.7816,26.6401,26.4978,26.3549,26.2116,26.0681,25.9247,25.7816,25.639,25.4971,25.3561,25.2164,25.0782,24.9416,24.807,24.6747,24.5448,24.4178,24.2939,24.1735,24.0567,23.9441,23.8358,23.7324,23.634,23.5412,23.4544,23.3738,23.3001,23.2337,23.1751,23.1248,23.0835,23.0518,23.0303,23.0198,23.0212,23.0353,23.0632,23.1059,23.1645,23.2405,23.3353,23.4503,23.5873,23.7481,23.9345,24.1485,24.3919,24.6664,24.9732,25.3129,25.6851,26.088,26.5175,26.967,27.4268,27.8835,28.3205,28.7191,29.0595,29.3238,29.4987,29.5775,29.5616,29.4604,29.2892,29.0671,28.814,28.5484,28.2861,28.0393,27.817,27.6248,27.466,27.3417,27.2517,27.1947,27.1686,27.1709,27.1988,27.2493,27.3192,27.4051,27.5038,27.6118,27.7256,27.8416,27.9559,28.0649,28.1647,28.2512,28.3209,28.3701,28.3961,28.3964,28.3697,28.3155,28.234,28.1266,27.9953,27.8424,27.6709,27.4836,27.2835,27.0735,26.8563,26.6343,26.4099,26.1851,25.9619,25.7417,25.526,25.3158,25.1119,24.9151,24.7256,24.5435,24.3688,24.2012,24.0404,23.8857,23.7365,23.5922,23.452,23.315,23.1806,23.0478,22.916,22.7843,22.652,22.5185,22.3831,22.2452,22.1043,21.9601,21.812,21.6598,21.5032,21.3421,
 ,-86,26.9578,27.0635,27.1557,27.2343,27.2992,27.3501,27.3872,27.4105,27.4202,27.4163,27.3991,27.3688,27.326,27.2708,27.2038,27.1254,27.0362,26.9366,26.8274,26.7089,26.582,26.4471,26.305,26.1563,26.0016,25.8415,25.6768,25.508,25.3357,25.1605,24.9831,24.8039,24.6235,24.4424,24.2611,24.0801,23.8999,23.7207,23.5431,23.3674,23.1939,23.023,22.8549,22.6901,22.5286,22.3708,22.2168,22.0669,21.9213,21.78,21.6434,21.5115,21.3844,21.2623,21.1452,21.0333,20.9266,20.8252,20.7292,20.6387,20.5536,20.4741,20.4002,20.3319,20.2693,20.2124,20.1612,20.1158,20.0761,20.0423,20.0143,19.9921,19.9759,19.9655,19.961,19.9625,19.9699,19.9832,20.0025,20.0278,20.059,20.0963,20.1395,20.1887,20.2438,20.3049,20.3719,20.4448,20.5235,20.608,20.6982,20.794,20.8953,21.002,21.1139,21.231,21.3529,21.4797,21.611,21.7466,21.8863,22.0299,22.1772,22.3278,22.4817,22.6385,22.7982,22.9604,23.1251,23.292,23.4613,23.6326,23.8061,23.9816,24.1592,24.3389,24.5206,24.7042,24.8898,25.0772,25.2662,25.4567,25.6483,25.8406,26.0331,26.2251,26.416,26.6047,26.7904,26.972,27.1481,27.3175,27.4788,27.6306,27.7717,27.9005,28.016,28.1171,28.2029,28.2728,28.3264,28.3637,28.3847,28.3899,28.3799,28.3555,28.3176,28.2672,28.2054,28.1332,28.0518,27.962,27.8649,27.7612,27.6518,27.5373,27.4184,27.2956,27.1694,27.0403,26.9085,26.7745,26.6386,26.5012,26.3624,26.2225,26.0819,25.9408,25.7995,25.6582,25.5172,25.3768,25.2372,25.0988,24.9618,24.8265,24.6933,24.5623,24.4341,24.3088,24.1868,24.0685,23.9542,23.8443,23.7391,23.639,23.5445,23.456,23.3738,23.2986,23.2308,23.1709,23.1196,23.0775,23.0452,23.0235,23.0133,23.0154,23.0308,23.0607,23.1063,23.169,23.2503,23.352,23.4759,23.6242,23.7991,24.0031,24.239,24.5094,24.817,25.1642,25.5529,25.9836,26.4557,26.9654,27.506,28.0659,28.6285,29.1715,29.6685,30.0907,30.411,30.6086,30.6732,30.6068,30.424,30.1482,29.8079,29.4317,29.0452,28.6691,28.3186,28.0038,27.7306,27.5016,27.3171,27.176,27.076,27.0142,26.9876,26.9927,27.0263,27.0849,27.165,27.2631,27.3755,27.4982,27.627,27.7574,27.8845,28.0032,28.1079,28.1935,28.255,28.288,28.2892,28.2566,28.1896,28.0891,27.9572,27.7973,27.6131,27.4091,27.1894,26.9583,26.7195,26.4762,26.2314,25.9874,25.7462,25.5093,25.2781,25.0535,24.8363,24.6269,24.4256,24.2323,24.0472,23.8697,23.6997,23.5364,23.3795,23.2281,23.0817,22.9393,22.8004,22.664,22.5296,22.3964,22.2635,22.1304,21.9963,21.8608,21.7233,21.5834,21.4405,21.2943,21.1446,20.991,20.8334,
 ,-87,26.242,26.3435,26.4325,26.5087,26.5721,26.6226,26.6602,26.685,26.6969,26.6963,26.6833,26.6581,26.6211,26.5726,26.5131,26.4429,26.3625,26.2724,26.1732,26.0654,25.9495,25.8261,25.6958,25.5592,25.4169,25.2695,25.1175,24.9616,24.8023,24.6402,24.4758,24.3096,24.1421,23.9738,23.8052,23.6367,23.4688,23.3018,23.1361,22.9721,22.8101,22.6504,22.4933,22.3391,22.188,22.0403,21.8962,21.7559,21.6195,21.4873,21.3593,21.2358,21.1169,21.0026,20.8931,20.7885,20.6889,20.5943,20.5049,20.4206,20.3416,20.2679,20.1995,20.1366,20.0791,20.027,19.9805,19.9395,19.9041,19.8743,19.8501,19.8316,19.8187,19.8116,19.8101,19.8143,19.8243,19.8401,19.8616,19.8889,19.922,19.9608,20.0054,20.0558,20.112,20.1739,20.2415,20.3147,20.3936,20.4781,20.568,20.6634,20.7641,20.87,20.981,21.0969,21.2177,21.3431,21.4729,21.607,21.7452,21.8873,22.033,22.1822,22.3346,22.4901,22.6485,22.8097,22.9734,23.1395,23.308,23.4788,23.6517,23.8267,24.0038,24.1828,24.3638,24.5465,24.731,24.917,25.1044,25.2928,25.4819,25.6712,25.8604,26.0487,26.2355,26.42,26.6012,26.7781,26.9497,27.1148,27.2723,27.4209,27.5595,27.687,27.8024,27.9047,27.9932,28.0673,28.1268,28.1714,28.2013,28.2166,28.2178,28.2055,28.1804,28.1432,28.0948,28.0361,27.9679,27.891,27.8062,27.7142,27.6158,27.5116,27.4021,27.2879,27.1695,27.0473,26.9217,26.7931,26.6618,26.5283,26.3927,26.2555,26.117,25.9774,25.8371,25.6964,25.5556,25.415,25.2749,25.1357,24.9976,24.861,24.7262,24.5936,24.4635,24.3363,24.2123,24.0918,23.9753,23.8632,23.7557,23.6534,23.5567,23.466,23.3818,23.3046,23.2349,23.1734,23.1206,23.0772,23.0439,23.0216,23.0112,23.0136,23.03,23.0617,23.1099,23.1764,23.2628,23.3714,23.5042,23.664,23.8536,24.0763,24.3356,24.6355,24.9798,25.3726,25.8174,26.3169,26.872,27.4805,28.1361,28.826,29.5298,30.2183,30.854,31.3947,31.7987,32.0332,32.0815,31.947,31.6525,31.2349,30.7371,30.2007,29.661,29.1447,28.6699,28.2475,27.8826,27.5765,27.3277,27.1336,26.9903,26.8939,26.8405,26.8259,26.8464,26.8982,26.9776,27.0808,27.2039,27.3424,27.4915,27.6459,27.7994,27.9453,28.0765,28.1855,28.2654,28.3101,28.3149,28.2769,28.1954,28.0721,27.9103,27.715,27.4921,27.2476,26.9878,26.718,26.4432,26.1672,25.8934,25.6241,25.3613,25.1063,24.86,24.6231,24.3956,24.1779,23.9697,23.7708,23.5808,23.3993,23.2256,23.0592,22.8993,22.7453,22.5964,22.4518,22.3108,22.1726,22.0365,21.9019,21.768,21.6341,21.4997,21.3642,21.2272,21.0881,20.9466,20.8023,20.6549,20.5042,20.35,
 ,-88,25.5579,25.6556,25.7415,25.8156,25.8777,25.9277,25.9658,25.9918,26.0059,26.0083,25.9991,25.9786,25.947,25.9047,25.852,25.7894,25.7172,25.6359,25.546,25.4479,25.3423,25.2295,25.1102,24.985,24.8542,24.7186,24.5786,24.4347,24.2876,24.1376,23.9854,23.8314,23.6761,23.5198,23.3632,23.2066,23.0503,22.8948,22.7404,22.5875,22.4364,22.2873,22.1407,21.9966,21.8555,21.7174,21.5827,21.4515,21.3241,21.2004,21.0809,20.9654,20.8543,20.7476,20.6455,20.548,20.4552,20.3672,20.2841,20.2059,20.1328,20.0647,20.0018,19.9441,19.8916,19.8443,19.8023,19.7657,19.7345,19.7087,19.6883,19.6733,19.6638,19.6599,19.6614,19.6685,19.6812,19.6994,19.7232,19.7526,19.7876,19.8282,19.8743,19.9261,19.9834,20.0463,20.1147,20.1886,20.268,20.3527,20.4428,20.5381,20.6386,20.7441,20.8546,20.97,21.09,21.2146,21.3436,21.4768,21.6141,21.7552,21.9,22.0483,22.2,22.3548,22.5126,22.6732,22.8365,23.0024,23.1708,23.3414,23.5143,23.6894,23.8665,24.0455,24.2264,24.409,24.5931,24.7786,24.9651,25.1524,25.3402,25.528,25.7152,25.9013,26.0857,26.2676,26.4461,26.6203,26.7894,26.9522,27.1078,27.2551,27.3932,27.5209,27.6375,27.7422,27.8342,27.9132,27.9786,28.0305,28.0687,28.0933,28.1047,28.1033,28.0896,28.0641,28.0276,27.9807,27.9241,27.8585,27.7845,27.7028,27.614,27.5186,27.4173,27.3105,27.1988,27.0824,26.9619,26.8377,26.7101,26.5796,26.4465,26.3111,26.1738,26.035,25.895,25.7541,25.6127,25.4712,25.3299,25.1891,25.0493,24.9108,24.7738,24.6389,24.5064,24.3766,24.2499,24.1267,24.0075,23.8925,23.7823,23.6773,23.5778,23.4845,23.3977,23.318,23.246,23.1823,23.1276,23.0824,23.0478,23.0244,23.0134,23.0157,23.0326,23.0655,23.116,23.1858,23.2771,23.3922,23.5338,23.7051,23.9096,24.1515,24.4354,24.7666,25.1507,25.5937,26.1018,26.6804,27.3333,28.0614,28.8601,29.7167,30.6074,31.4942,32.3251,33.0373,33.5661,33.8586,33.8872,33.6574,33.2066,32.5933,31.8831,31.1367,30.4022,29.713,29.0898,28.5427,28.0746,27.684,27.3668,27.1178,26.9313,26.8016,26.7237,26.6926,26.7039,26.7536,26.8377,26.9523,27.0932,27.2557,27.4342,27.6226,27.8132,27.9975,28.1661,28.3089,28.4161,28.4791,28.4912,28.4483,28.3497,28.198,27.9983,27.7582,27.486,27.1906,26.8803,26.5623,26.2426,25.9262,25.6165,25.3161,25.0265,24.7489,24.4836,24.2309,23.9904,23.7618,23.5447,23.3384,23.1422,22.9554,22.7772,22.6069,22.4436,22.2865,22.1348,21.9878,21.8446,21.7046,21.5669,21.431,21.2961,21.1616,21.0269,20.8915,20.7549,20.6168,20.4766,20.3341,20.189,20.0411,19.8901,
 ,-89,24.9038,24.9979,25.081,25.153,25.2139,25.2636,25.302,25.3292,25.3453,25.3504,25.3448,25.3286,25.302,25.2654,25.2191,25.1634,25.0988,25.0256,24.9443,24.8553,24.7592,24.6563,24.5473,24.4325,24.3125,24.1879,24.059,23.9265,23.7907,23.6522,23.5114,23.3688,23.2249,23.0801,22.9347,22.7892,22.6439,22.4993,22.3556,22.2132,22.0725,21.9335,21.7968,21.6625,21.5308,21.402,21.2763,21.1538,21.0349,20.9195,20.808,20.7003,20.5968,20.4974,20.4023,20.3116,20.2254,20.1438,20.0669,19.9947,19.9273,19.8647,19.8071,19.7544,19.7068,19.6642,19.6268,19.5944,19.5673,19.5454,19.5287,19.5174,19.5113,19.5105,19.5151,19.5251,19.5404,19.5611,19.5873,19.6189,19.6559,19.6983,19.7462,19.7994,19.8581,19.9222,19.9917,20.0664,20.1465,20.2318,20.3223,20.4179,20.5186,20.6242,20.7346,20.8498,20.9696,21.0939,21.2226,21.3554,21.4923,21.633,21.7775,21.9255,22.077,22.2317,22.3894,22.5501,22.7136,22.8798,23.0486,23.2197,23.3932,23.5688,23.7465,23.9262,24.1077,24.2907,24.4753,24.661,24.8476,25.0349,25.2224,25.4097,25.5963,25.7817,25.9652,26.146,26.3235,26.4968,26.6651,26.8274,26.9828,27.1305,27.2694,27.3989,27.5179,27.626,27.7223,27.8066,27.8783,27.9373,27.9835,28.017,28.0379,28.0464,28.0431,28.0282,28.0023,27.9659,27.9195,27.8639,27.7994,27.7266,27.6462,27.5586,27.4643,27.3638,27.2576,27.1461,27.0297,26.909,26.7842,26.6558,26.5242,26.3898,26.2529,26.114,25.9735,25.8317,25.689,25.5458,25.4026,25.2596,25.1173,24.9761,24.8364,24.6985,24.5629,24.4299,24.2999,24.1735,24.0509,23.9326,23.819,23.7107,23.608,23.5115,23.4216,23.3389,23.2641,23.1977,23.1405,23.0932,23.0566,23.0317,23.0195,23.0211,23.038,23.0717,23.1239,23.1966,23.2921,23.4133,23.5632,23.7456,23.9648,24.2259,24.5348,24.8984,25.3243,25.8213,26.3987,27.0659,27.8314,28.7008,29.674,30.7407,31.8751,33.03,34.1338,35.0935,35.8077,36.1897,36.193,35.827,35.1537,34.2677,33.2702,32.2489,31.268,30.3679,29.5694,28.8795,28.2968,27.815,27.4261,27.1212,26.8919,26.7307,26.6309,26.5867,26.5931,26.6457,26.7405,26.8734,27.0403,27.2362,27.4551,27.6899,27.9315,28.169,28.3899,28.5807,28.7277,28.8184,28.843,28.796,28.6763,28.4879,28.2391,27.9406,27.6049,27.2444,26.8701,26.4918,26.1169,25.7508,25.3976,25.0595,24.7378,24.4331,24.1451,23.8734,23.6172,23.3757,23.1479,22.9326,22.729,22.536,22.3525,22.1777,22.0105,21.85,21.6954,21.5459,21.4005,21.2585,21.1193,20.9822,20.8463,20.7113,20.5764,20.4411,20.3051,20.1678,20.029,19.8883,19.7454,19.6,19.4521,
 ,-90,24.2779,24.3687,24.4492,24.5194,24.5791,24.6284,24.6671,24.6954,24.7134,24.7211,24.7187,24.7064,24.6845,24.6531,24.6127,24.5635,24.5058,24.4402,24.3669,24.2863,24.199,24.1054,24.0058,23.9009,23.791,23.6765,23.5581,23.4361,23.311,23.1832,23.0532,22.9213,22.7881,22.654,22.5192,22.3842,22.2494,22.1151,21.9815,21.8491,21.7182,21.5889,21.4616,21.3365,21.2138,21.0938,20.9767,20.8627,20.7519,20.6445,20.5406,20.4405,20.3442,20.2519,20.1636,20.0795,19.9997,19.9243,19.8533,19.7868,19.725,19.6678,19.6153,19.5676,19.5248,19.4868,19.4538,19.4257,19.4026,19.3846,19.3716,19.3638,19.361,19.3635,19.3711,19.384,19.402,19.4253,19.4539,19.4877,19.5269,19.5712,19.6209,19.6759,19.7361,19.8015,19.8722,19.9481,20.0291,20.1153,20.2065,20.3028,20.4039,20.5099,20.6207,20.7362,20.8562,20.9806,21.1094,21.2423,21.3793,21.5202,21.6649,21.8132,21.965,22.1201,22.2784,22.4397,22.6039,22.7709,22.9406,23.1128,23.2873,23.4642,23.6431,23.824,24.0067,24.191,24.3767,24.5635,24.7512,24.9394,25.1277,25.3157,25.5029,25.6887,25.8727,26.054,26.232,26.4059,26.5749,26.7383,26.8951,27.0445,27.1858,27.3182,27.4408,27.5532,27.6546,27.7446,27.8229,27.8892,27.9434,27.9853,28.0152,28.033,28.0392,28.034,28.0177,27.9908,27.9537,27.9068,27.8507,27.7859,27.7127,27.6317,27.5434,27.4482,27.3466,27.2389,27.1258,27.0075,26.8846,26.7574,26.6265,26.4921,26.3549,26.2151,26.0732,25.9297,25.7849,25.6394,25.4934,25.3475,25.202,25.0574,24.9142,24.7726,24.6332,24.4964,24.3626,24.2322,24.1056,23.9834,23.866,23.7537,23.6472,23.5469,23.4534,23.3673,23.2891,23.2195,23.1593,23.1092,23.0702,23.0431,23.0292,23.0297,23.046,23.0798,23.1329,23.2078,23.3068,23.4332,23.5906,23.7833,24.0164,24.2961,24.6296,25.0255,25.494,26.047,26.6978,27.4611,28.3519,29.3833,30.5632,31.8877,33.3328,34.8432,36.3234,37.6369,38.6244,39.1427,39.1123,38.5491,37.5577,36.2924,34.909,33.5325,32.2456,31.0931,30.0922,29.2428,28.5359,27.9581,27.4956,27.1349,26.8644,26.6741,26.5556,26.5021,26.5081,26.569,26.6808,26.8397,27.0418,27.2822,27.5548,27.8515,28.1616,28.4717,28.7653,29.0239,29.228,29.3597,29.4046,29.3542,29.2074,28.9706,28.6561,28.2805,27.8616,27.417,26.9617,26.5079,26.0648,25.6387,25.2333,24.8506,24.4912,24.1549,23.8406,23.5471,23.273,23.0166,22.7765,22.5511,22.3391,22.139,21.9497,21.7699,21.5984,21.4344,21.2767,21.1245,20.9769,20.833,20.6923,20.554,20.4173,20.2817,20.1467,20.0116,19.8762,19.7398,19.6023,19.4633,19.3225,19.1796,19.0346,
 ,-91,23.6788,23.7665,23.8446,23.9131,23.9717,24.0206,24.0597,24.089,24.1086,24.1187,24.1193,24.1106,24.093,24.0665,24.0315,23.9882,23.9371,23.8784,23.8125,23.7398,23.6607,23.5756,23.485,23.3891,23.2886,23.1837,23.075,22.9629,22.8477,22.73,22.61,22.4883,22.3652,22.2411,22.1164,21.9914,21.8664,21.7417,21.6178,21.4949,21.3732,21.2531,21.1348,21.0185,20.9044,20.7929,20.684,20.578,20.475,20.3752,20.2788,20.1858,20.0965,20.011,19.9293,19.8516,19.778,19.7085,19.6433,19.5825,19.526,19.474,19.4266,19.3838,19.3456,19.3121,19.2834,19.2594,19.2403,19.2261,19.2168,19.2125,19.2132,19.2188,19.2295,19.2452,19.2661,19.292,19.323,19.3592,19.4005,19.447,19.4986,19.5553,19.6172,19.6842,19.7563,19.8335,19.9158,20.0031,20.0953,20.1924,20.2944,20.4012,20.5126,20.6287,20.7493,20.8744,21.0037,21.1372,21.2748,21.4164,21.5617,21.7108,21.8634,22.0194,22.1787,22.3412,22.5067,22.675,22.8462,23.0199,23.1962,23.3748,23.5555,23.7383,23.9229,24.1091,24.2968,24.4855,24.675,24.8651,25.0552,25.245,25.4339,25.6215,25.8072,25.9903,26.1701,26.3461,26.5173,26.6831,26.8427,26.9953,27.1402,27.2767,27.4039,27.5215,27.6287,27.7251,27.8103,27.8841,27.9462,27.9965,28.035,28.0617,28.0769,28.0806,28.0732,28.0549,28.0261,27.9872,27.9386,27.8807,27.8139,27.7386,27.6552,27.5644,27.4663,27.3617,27.2508,27.1341,27.0121,26.8853,26.7541,26.619,26.4805,26.3389,26.1949,26.0488,25.9011,25.7523,25.6028,25.4532,25.3038,25.1551,25.0076,24.8616,24.7178,24.5765,24.4381,24.3031,24.172,24.0452,23.9232,23.8065,23.6956,23.591,23.4933,23.4031,23.321,23.2477,23.1839,23.1305,23.0884,23.0586,23.0424,23.041,23.056,23.0891,23.1425,23.2186,23.3202,23.4508,23.6145,23.8162,24.0618,24.3585,24.7151,25.142,25.652,26.2605,26.9858,27.8489,28.8733,30.0826,31.4972,33.1258,34.9529,36.9198,38.9047,40.7125,42.0954,42.8166,42.74,41.8928,40.4523,38.669,36.7796,34.9572,33.3022,31.8583,30.6321,29.6111,28.7744,28.099,27.5636,27.1493,26.8404,26.6243,26.491,26.4325,26.443,26.5178,26.6533,26.8464,27.0938,27.3914,27.7333,28.1109,28.5121,28.9202,29.314,29.6678,29.9541,30.1461,30.2221,30.1695,29.9866,29.6837,29.2801,28.8007,28.2719,27.718,27.1594,26.6116,26.0852,25.5868,25.1197,24.6851,24.2824,23.9101,23.5663,23.2484,22.9543,22.6815,22.4279,22.1914,21.9702,21.7625,21.5668,21.3817,21.2058,21.038,20.8771,20.7222,20.5724,20.4267,20.2845,20.1451,20.0076,19.8716,19.7364,19.6016,19.4668,19.3314,19.1952,19.0578,18.919,18.7785,18.6362,
 ,-92,23.105,23.1898,23.2657,23.3325,23.3902,23.4387,23.4781,23.5083,23.5295,23.5417,23.5451,23.5398,23.5261,23.5041,23.4741,23.4364,23.3913,23.3391,23.2801,23.2147,23.1432,23.0661,22.9837,22.8963,22.8045,22.7086,22.609,22.5061,22.4003,22.292,22.1815,22.0693,21.9557,21.8411,21.7258,21.6102,21.4945,21.3791,21.2643,21.1503,21.0375,20.9261,20.8163,20.7084,20.6025,20.499,20.398,20.2996,20.2041,20.1117,20.0223,19.9363,19.8538,19.7747,19.6994,19.6279,19.5602,19.4966,19.437,19.3816,19.3303,19.2834,19.2409,19.2028,19.1692,19.1401,19.1156,19.0958,19.0806,19.0702,19.0645,19.0637,19.0676,19.0765,19.0902,19.1089,19.1325,19.1611,19.1947,19.2333,19.2769,19.3255,19.3792,19.4378,19.5015,19.5703,19.644,19.7227,19.8064,19.895,19.9884,20.0868,20.1899,20.2977,20.4102,20.5273,20.6489,20.7749,20.9052,21.0397,21.1783,21.321,21.4675,21.6178,21.7717,21.9291,22.09,22.2541,22.4213,22.5916,22.7647,22.9406,23.119,23.3,23.4832,23.6684,23.8556,24.0445,24.2348,24.4263,24.6186,24.8114,25.0043,25.1969,25.3887,25.5792,25.7678,25.9539,26.137,26.3162,26.491,26.6606,26.8243,26.9813,27.131,27.2726,27.4055,27.5292,27.6429,27.7463,27.8389,27.9204,27.9906,28.0492,28.0962,28.1316,28.1553,28.1675,28.1684,28.1581,28.137,28.1053,28.0634,28.0115,27.9501,27.8797,27.8005,27.713,27.6177,27.5151,27.4055,27.2896,27.1676,27.0403,26.9079,26.7711,26.6304,26.4862,26.3391,26.1896,26.0381,25.8853,25.7315,25.5772,25.4231,25.2695,25.117,24.9659,24.8169,24.6703,24.5266,24.3864,24.2501,24.1181,23.9909,23.8692,23.7533,23.6438,23.5413,23.4464,23.3598,23.2821,23.2142,23.1569,23.1111,23.078,23.0587,23.0547,23.0676,23.0993,23.1519,23.2282,23.3312,23.4647,23.6332,23.8421,24.0982,24.4096,24.7864,25.2412,25.7893,26.45,27.2466,28.2075,29.3661,30.7597,32.4257,34.3926,36.6633,39.1854,41.8142,44.2817,46.2127,47.2234,47.0842,45.841,43.7899,41.3289,38.8071,36.4529,34.3785,32.6159,31.1523,29.9563,28.9909,28.2212,27.6172,27.1537,26.8111,26.5737,26.43,26.3711,26.3911,26.4855,26.6518,26.8877,27.1915,27.5603,27.9895,28.4709,28.9913,29.5307,30.0616,30.5491,30.9531,31.2336,31.3571,31.3037,31.0713,30.6763,30.1495,29.5288,28.8533,28.1572,27.4673,26.8026,26.1751,25.5908,25.052,24.558,24.1065,23.6943,23.3178,22.9734,22.6576,22.3672,22.0992,21.8509,21.62,21.4044,21.2021,21.0114,20.831,20.6593,20.4953,20.3377,20.1857,20.0382,19.8947,19.7541,19.616,19.4796,19.3444,19.2099,19.0756,18.9412,18.8063,18.6705,18.5336,18.3954,18.2557,
 ,-93,22.5551,22.6373,22.7111,22.7764,22.8331,22.8813,22.9209,22.952,22.9746,22.9888,22.9948,22.9926,22.9826,22.9647,22.9394,22.9069,22.8673,22.8211,22.7685,22.7099,22.6455,22.5758,22.5011,22.4217,22.3381,22.2505,22.1594,22.0652,21.9681,21.8686,21.7671,21.6638,21.5592,21.4535,21.3471,21.2403,21.1334,21.0267,20.9205,20.8151,20.7106,20.6075,20.5058,20.4059,20.3079,20.2121,20.1186,20.0276,19.9392,19.8537,19.7713,19.6919,19.6158,19.5431,19.4739,19.4083,19.3464,19.2884,19.2342,19.1841,19.138,19.096,19.0582,19.0247,18.9956,18.9708,18.9505,18.9347,18.9234,18.9167,18.9146,18.9172,18.9245,18.9366,18.9534,18.975,19.0014,19.0327,19.0689,19.1099,19.1559,19.2068,19.2626,19.3233,19.389,19.4595,19.5351,19.6155,19.7008,19.7909,19.8859,19.9857,20.0902,20.1994,20.3132,20.4316,20.5545,20.6819,20.8135,20.9494,21.0895,21.2336,21.3817,21.5337,21.6894,21.8487,22.0115,22.1778,22.3473,22.5199,22.6956,22.8741,23.0554,23.2392,23.4255,23.6139,23.8044,23.9966,24.1903,24.3853,24.5812,24.7777,24.9743,25.1708,25.3665,25.561,25.7537,25.9441,26.1316,26.3155,26.495,26.6697,26.8387,27.0013,27.1569,27.3048,27.4443,27.5749,27.6959,27.8069,27.9075,27.9972,28.0757,28.1428,28.1983,28.2421,28.2742,28.2946,28.3034,28.3006,28.2866,28.2614,28.2255,28.179,28.1224,28.0559,27.98,27.8952,27.8017,27.7003,27.5911,27.4749,27.3521,27.2233,27.0889,26.9494,26.8056,26.6578,26.5067,26.3528,26.1967,26.0389,25.8798,25.7202,25.5605,25.4011,25.2428,25.0858,24.9308,24.7782,24.6286,24.4824,24.3401,24.2022,24.0693,23.9418,23.8203,23.7053,23.5974,23.4973,23.4055,23.3229,23.2502,23.1884,23.1383,23.1011,23.0781,23.0707,23.0806,23.1098,23.1607,23.236,23.339,23.4737,23.6451,23.859,24.1228,24.4456,24.8388,25.3166,25.8971,26.6028,27.4623,28.5116,29.7946,31.3637,33.2769,35.5892,38.332,41.4733,44.8561,48.1335,50.7649,52.1563,51.9373,50.1817,47.3625,44.0841,40.8349,37.8979,35.3841,33.3005,31.6062,30.2448,29.1611,28.3069,27.6428,27.1377,26.7676,26.5146,26.3655,26.3112,26.3456,26.4654,26.669,26.9563,27.3277,27.7829,28.3196,28.9315,29.6055,30.3186,31.0363,31.7106,32.2836,32.6942,32.8894,32.8373,32.5348,32.0092,31.3095,30.495,29.6233,28.7421,27.8862,27.0779,26.3292,25.6446,25.0237,24.463,23.9576,23.502,23.0905,22.7179,22.3794,22.0705,21.7876,21.5272,21.2864,21.0626,20.8536,20.6575,20.4724,20.297,20.1298,19.9696,19.8155,19.6664,19.5215,19.38,19.2413,19.1046,18.9694,18.8352,18.7016,18.5681,18.4344,18.3002,18.1652,18.0292,17.8919,
 ,-94,22.0278,22.1075,22.1794,22.2433,22.2992,22.3471,22.3869,22.4188,22.4427,22.4588,22.4671,22.4678,22.4611,22.4472,22.4262,22.3984,22.364,22.3234,22.2768,22.2244,22.1667,22.1039,22.0363,21.9644,21.8883,21.8086,21.7255,21.6394,21.5505,21.4593,21.3661,21.2713,21.1751,21.0778,20.9798,20.8814,20.7828,20.6844,20.5863,20.489,20.3925,20.2972,20.2033,20.111,20.0205,19.9319,19.8456,19.7616,19.6802,19.6014,19.5255,19.4525,19.3826,19.316,19.2527,19.1929,19.1366,19.084,19.0351,18.99,18.9489,18.9117,18.8786,18.8496,18.8248,18.8043,18.788,18.7761,18.7686,18.7656,18.7671,18.7731,18.7838,18.799,18.8189,18.8434,18.8727,18.9067,18.9455,18.9891,19.0375,19.0907,19.1488,19.2117,19.2795,19.3521,19.4295,19.5118,19.5989,19.6908,19.7875,19.889,19.9951,20.106,20.2214,20.3415,20.466,20.595,20.7284,20.8661,21.008,21.154,21.3041,21.4582,21.6161,21.7777,21.943,22.1118,22.2841,22.4596,22.6383,22.8201,23.0047,23.192,23.3819,23.5742,23.7685,23.9648,24.1628,24.3621,24.5624,24.7635,24.9648,25.1661,25.3667,25.5663,25.7643,25.9602,26.1532,26.3429,26.5285,26.7094,26.8849,27.0543,27.217,27.3722,27.5193,27.6578,27.7869,27.9063,28.0154,28.1137,28.2009,28.2768,28.3409,28.3933,28.4337,28.4621,28.4784,28.4829,28.4754,28.4564,28.4258,28.3841,28.3315,28.2683,28.195,28.1119,28.0195,27.9183,27.8087,27.6913,27.5667,27.4354,27.2979,27.1549,27.007,26.8547,26.6986,26.5394,26.3776,26.2138,26.0486,25.8827,25.7164,25.5505,25.3854,25.2217,25.06,24.9006,24.7442,24.5913,24.4424,24.2979,24.1585,24.0246,23.8968,23.7756,23.6617,23.5557,23.4582,23.37,23.2919,23.2248,23.1697,23.1277,23.1002,23.0886,23.0947,23.1204,23.1684,23.2413,23.3428,23.4769,23.6489,23.8651,24.1334,24.4635,24.8679,25.3623,25.9666,26.7067,27.6154,28.7353,30.1201,31.8366,33.9636,36.5846,39.7659,43.5074,47.6554,51.7928,55.1975,57.0206,56.712,54.3818,50.7253,46.5913,42.6145,39.1201,36.2025,33.8344,31.9413,30.4414,29.2606,28.3386,27.6275,27.0909,26.7015,26.4394,26.2906,26.2457,26.2995,26.4496,26.6967,27.0432,27.4928,28.0494,28.715,29.4872,30.3552,31.2949,32.2639,33.1981,34.0131,34.6149,34.9183,34.8705,34.4669,33.753,32.8092,31.7282,30.5948,29.4748,28.4115,27.4294,26.5383,25.7389,25.0262,24.3925,23.8291,23.3274,22.8794,22.4777,22.1159,21.7884,21.4904,21.2178,20.9671,20.7353,20.5197,20.3182,20.1287,19.9495,19.7793,19.6168,19.4606,19.31,19.1639,19.0216,18.8823,18.7454,18.6103,18.4765,18.3435,18.211,18.0786,17.9459,17.8127,17.6788,17.5439,
 ,-95,21.522,21.5994,21.6695,21.7321,21.7872,21.8347,21.8748,21.9073,21.9325,21.9503,21.9608,21.9642,21.9606,21.9502,21.9333,21.9099,21.8804,21.8449,21.8038,21.7574,21.7058,21.6494,21.5886,21.5235,21.4547,21.3822,21.3066,21.228,21.1469,21.0635,20.9782,20.8913,20.803,20.7136,20.6236,20.533,20.4423,20.3517,20.2614,20.1717,20.0828,19.995,19.9085,19.8234,19.74,19.6585,19.579,19.5017,19.4269,19.3545,19.2849,19.2181,19.1542,19.0934,19.0358,18.9815,18.9306,18.8832,18.8395,18.7994,18.763,18.7305,18.702,18.6774,18.6568,18.6404,18.6282,18.6202,18.6164,18.6171,18.622,18.6315,18.6454,18.6638,18.6867,18.7143,18.7464,18.7832,18.8247,18.8709,18.9218,18.9774,19.0378,19.103,19.1729,19.2477,19.3272,19.4115,19.5007,19.5945,19.6932,19.7965,19.9046,20.0173,20.1347,20.2566,20.3831,20.5141,20.6496,20.7894,20.9335,21.0818,21.2343,21.3908,21.5513,21.7157,21.8839,22.0558,22.2313,22.4102,22.5925,22.778,22.9665,23.1579,23.3521,23.5487,23.7477,23.9488,24.1517,24.3561,24.5618,24.7683,24.9753,25.1823,25.389,25.5947,25.7991,26.0015,26.2013,26.398,26.5908,26.7792,26.9624,27.1397,27.3106,27.4742,27.63,27.7772,27.9154,28.0439,28.1622,28.2697,28.3662,28.4511,28.5242,28.5852,28.634,28.6703,28.6942,28.7056,28.7045,28.6911,28.6655,28.628,28.5787,28.5182,28.4467,28.3646,28.2723,28.1705,28.0596,27.9401,27.8127,27.6779,27.5363,27.3887,27.2356,27.0777,26.9156,26.75,26.5816,26.4109,26.2386,26.0653,25.8916,25.7181,25.5455,25.3742,25.2048,25.0378,24.8739,24.7135,24.5571,24.4053,24.2587,24.1177,23.9829,23.855,23.7344,23.6218,23.5179,23.4235,23.3393,23.2663,23.2055,23.158,23.1251,23.1084,23.1096,23.1308,23.1746,23.2437,23.3419,23.4735,23.6437,23.8592,24.1281,24.4608,24.8702,25.3731,25.9909,26.7513,27.6904,28.8553,30.3068,32.1224,34.3969,37.2371,40.7396,44.9365,49.6874,54.5282,58.5858,60.7813,60.3946,57.5704,53.2118,48.384,43.8386,39.9235,36.7106,34.1397,32.1082,30.5133,29.2675,28.3008,27.5598,27.0045,26.6054,26.3415,26.1987,26.1679,26.245,26.4297,26.7249,27.1368,27.6737,28.3452,29.1601,30.1232,31.2298,32.4581,33.7596,35.0505,36.2095,37.0913,37.5571,37.518,36.9667,35.9806,34.6922,33.2469,31.7689,30.3459,29.0293,27.8418,26.7878,25.8605,25.0481,24.3368,23.7129,23.1641,22.679,22.2481,21.8632,21.5173,21.2046,20.9203,20.6601,20.4205,20.1986,19.9919,19.7982,19.6157,19.4427,19.2778,19.1199,18.9678,18.8207,18.6777,18.538,18.401,18.2661,18.1327,18.0005,17.8689,17.7377,17.6065,17.4751,17.3432,17.2106,
 ,-96,21.0365,21.1118,21.1802,21.2415,21.2959,21.3431,21.3834,21.4166,21.4428,21.4622,21.4748,21.4806,21.48,21.4729,21.4597,21.4404,21.4154,21.3848,21.3488,21.3078,21.262,21.2117,21.1571,21.0985,21.0363,20.9707,20.9021,20.8307,20.7568,20.6807,20.6028,20.5233,20.4424,20.3606,20.278,20.195,20.1117,20.0285,19.9455,19.8631,19.7814,19.7007,19.6211,19.5429,19.4663,19.3915,19.3186,19.2478,19.1792,19.113,19.0494,18.9885,18.9304,18.8753,18.8232,18.7742,18.7285,18.6862,18.6474,18.6121,18.5804,18.5525,18.5283,18.508,18.4917,18.4793,18.471,18.4668,18.4667,18.4709,18.4794,18.4922,18.5093,18.5309,18.5569,18.5874,18.6225,18.6621,18.7063,18.7551,18.8086,18.8667,18.9295,18.9971,19.0694,19.1464,19.2281,19.3147,19.4059,19.5019,19.6027,19.7082,19.8184,19.9332,20.0528,20.1769,20.3057,20.4389,20.5767,20.719,20.8656,21.0166,21.1718,21.3312,21.4948,21.6624,21.8339,22.0093,22.1885,22.3713,22.5576,22.7473,22.9403,23.1364,23.3355,23.5372,23.7415,23.9481,24.1567,24.367,24.5788,24.7917,25.0052,25.219,25.4327,25.6457,25.8575,26.0676,26.2754,26.4802,26.6815,26.8785,27.0706,27.2571,27.4373,27.6104,27.7759,27.933,28.0812,28.2196,28.3479,28.4654,28.5717,28.6662,28.7486,28.8187,28.876,28.9203,28.9517,28.9699,28.9749,28.9668,28.9458,28.912,28.8657,28.8071,28.7366,28.6547,28.5618,28.4585,28.3452,28.2226,28.0914,27.9521,27.8054,27.652,27.4927,27.3281,27.1589,26.9859,26.8096,26.6309,26.4504,26.2688,26.0866,25.9046,25.7234,25.5435,25.3656,25.1902,25.0178,24.8491,24.6846,24.5247,24.3701,24.2213,24.0789,23.9434,23.8154,23.6956,23.5847,23.4833,23.3924,23.3128,23.2455,23.1917,23.1526,23.1299,23.1253,23.1409,23.1791,23.243,23.3361,23.4629,23.6287,23.8402,24.1057,24.4356,24.8433,25.3458,25.965,26.7295,27.6766,28.8552,30.3288,32.1792,34.5081,37.4318,41.0606,45.4419,50.4436,55.5845,59.9263,62.2847,61.8603,58.8141,54.1459,49.0187,44.2329,40.1432,36.8095,34.1566,32.0696,30.4371,29.1658,28.1825,27.4316,26.8718,26.4733,26.2152,26.0838,26.0712,26.1748,26.3964,26.7425,27.2233,27.8532,28.6492,29.6299,30.8113,32.2004,33.7839,35.5119,37.2801,38.9185,40.204,40.9104,40.8863,40.1198,38.7434,36.9757,35.0429,33.1227,31.3271,29.711,28.2897,27.056,25.9919,25.0753,24.2847,23.6002,23.0046,22.4834,22.0244,21.6174,21.2541,20.9276,20.6322,20.3631,20.1164,19.8887,19.6773,19.4798,19.2942,19.1186,18.9518,18.7923,18.639,18.491,18.3474,18.2075,18.0705,17.9358,17.8029,17.6714,17.5409,17.4109,17.2812,17.1515,17.0215,16.8911,
 ,-97,20.5703,20.6436,20.7104,20.7706,20.8242,20.8712,20.9116,20.9454,20.9727,20.9935,21.008,21.0162,21.0182,21.0142,21.0045,20.989,20.9682,20.942,20.9109,20.875,20.8346,20.7898,20.7411,20.6886,20.6326,20.5734,20.5113,20.4466,20.3795,20.3103,20.2394,20.1669,20.0931,20.0183,19.9428,19.8668,19.7906,19.7143,19.6383,19.5628,19.4879,19.414,19.3411,19.2695,19.1994,19.1309,19.0643,18.9996,18.9371,18.8768,18.819,18.7638,18.7112,18.6615,18.6147,18.5709,18.5303,18.4929,18.4588,18.4282,18.4011,18.3776,18.3577,18.3416,18.3293,18.3209,18.3164,18.3159,18.3195,18.3272,18.3391,18.3553,18.3757,18.4004,18.4295,18.463,18.5009,18.5433,18.5903,18.6418,18.6979,18.7586,18.824,18.894,18.9687,19.0481,19.1322,19.221,19.3146,19.413,19.516,19.6238,19.7363,19.8536,19.9755,20.1021,20.2333,20.3692,20.5097,20.6547,20.8042,20.9581,21.1165,21.2792,21.4461,21.6173,21.7926,21.972,22.1553,22.3424,22.5333,22.7279,22.9259,23.1272,23.3317,23.5392,23.7495,23.9622,24.1773,24.3944,24.6132,24.8333,25.0543,25.2759,25.4976,25.7189,25.9393,26.1582,26.3751,26.5894,26.8002,27.0072,27.2094,27.4062,27.5969,27.7808,27.9572,28.1252,28.2843,28.4338,28.5729,28.7012,28.818,28.9227,29.015,29.0945,29.1606,29.2133,29.2522,29.2772,29.2882,29.2853,29.2685,29.238,29.194,29.1367,29.0667,28.9842,28.8898,28.784,28.6674,28.5407,28.4045,28.2596,28.1066,27.9464,27.7796,27.6071,27.4296,27.2479,27.0627,26.8749,26.685,26.4939,26.3022,26.1106,25.9198,25.7304,25.543,25.3581,25.1765,24.9986,24.825,24.6563,24.493,24.3356,24.1848,24.0411,23.905,23.7773,23.6586,23.5497,23.4513,23.3643,23.2898,23.2289,23.1829,23.1532,23.1417,23.1505,23.1819,23.239,23.3253,23.4451,23.6038,23.808,24.0658,24.3875,24.7864,25.2791,25.8873,26.6387,27.5699,28.7283,30.1755,31.99,34.2684,37.1199,40.6448,44.8792,49.685,54.5938,58.7158,60.9441,60.5384,57.648,53.2012,48.2886,43.6741,39.7073,36.4573,33.86,31.8099,30.2024,28.9487,27.9785,27.2384,26.6889,26.3014,26.0562,25.941,25.9496,26.0812,26.3404,26.7372,27.2868,28.0102,28.9338,30.0885,31.5059,33.2116,35.2095,37.4581,39.837,42.1168,43.964,45.0148,45.0145,43.9427,42.0238,39.6134,37.055,34.5932,32.3616,30.4096,28.7357,27.3143,26.111,25.0912,24.2235,23.481,22.8415,22.2867,21.8018,21.3746,20.9956,20.6566,20.3513,20.0743,19.8213,19.5885,19.373,19.1721,18.9838,18.8061,18.6375,18.4767,18.3225,18.1738,18.0299,17.8898,17.7529,17.6185,17.4862,17.3556,17.226,17.0973,16.969,16.841,16.7129,16.5846,
 ,-98,20.1224,20.1938,20.2591,20.3182,20.3711,20.4179,20.4584,20.4928,20.5211,20.5432,20.5594,20.5698,20.5743,20.5732,20.5667,20.5548,20.5378,20.5159,20.4892,20.4581,20.4226,20.3831,20.3399,20.293,20.2429,20.1898,20.1338,20.0754,20.0146,19.9519,19.8875,19.8216,19.7545,19.6864,19.6175,19.5482,19.4786,19.409,19.3396,19.2706,19.2023,19.1347,19.0682,19.0029,18.9389,18.8766,18.8159,18.7571,18.7004,18.6458,18.5936,18.5438,18.4966,18.452,18.4103,18.3715,18.3358,18.3031,18.2737,18.2476,18.2249,18.2057,18.19,18.178,18.1697,18.1651,18.1644,18.1676,18.1748,18.186,18.2013,18.2207,18.2443,18.2722,18.3043,18.3408,18.3817,18.4269,18.4767,18.5309,18.5897,18.653,18.721,18.7936,18.8708,18.9527,19.0393,19.1306,19.2267,19.3274,19.433,19.5433,19.6583,19.7782,19.9027,20.032,20.166,20.3047,20.4481,20.5962,20.7489,20.9062,21.068,21.2343,21.405,21.5802,21.7597,21.9434,22.1313,22.3233,22.5193,22.7191,22.9227,23.1299,23.3405,23.5543,23.7712,23.991,24.2133,24.4379,24.6645,24.8927,25.1222,25.3526,25.5834,25.8141,26.0442,26.2731,26.5003,26.7251,26.9469,27.165,27.3786,27.5871,27.7896,27.9855,28.1739,28.3541,28.5253,28.6868,28.8379,28.9778,29.106,29.2217,29.3246,29.4139,29.4894,29.5507,29.5974,29.6293,29.6463,29.6484,29.6356,29.608,29.5658,29.5093,29.4389,29.355,29.2582,29.149,29.0281,28.8961,28.7539,28.6021,28.4416,28.2732,28.0977,27.916,27.7289,27.5373,27.3419,27.1437,26.9432,26.7415,26.5391,26.3368,26.1353,25.9353,25.7373,25.5421,25.3503,25.1623,24.9788,24.8004,24.6275,24.4608,24.3008,24.1481,24.0033,23.867,23.7398,23.6226,23.516,23.421,23.3386,23.2697,23.2159,23.1784,23.159,23.1598,23.1831,23.2318,23.3095,23.4202,23.5691,23.7626,24.0086,24.317,24.7002,25.174,25.7589,26.4808,27.3733,28.4796,29.8547,31.5673,33.6991,36.3376,39.5544,43.3549,47.5874,51.8263,55.3228,57.1889,56.8466,54.4125,50.6169,46.3451,42.2522,38.668,35.6838,33.2671,31.3392,29.815,28.619,27.69,26.9804,26.4549,26.0878,25.8618,25.7666,25.7979,25.9574,26.2524,26.6965,27.3099,28.1209,29.1657,30.4892,32.1426,34.1756,36.62,39.4557,42.5575,45.6343,48.2096,49.7208,49.7544,48.2763,45.6529,42.4404,39.137,36.0611,33.3578,31.0572,29.1306,27.5272,26.1926,25.0774,24.1397,23.3454,22.6672,22.0831,21.5757,21.1313,20.7387,20.3892,20.0756,19.7919,19.5336,19.2965,19.0776,18.874,18.6834,18.504,18.3341,18.1723,18.0174,17.8683,17.7241,17.584,17.4473,17.3135,17.1818,17.052,16.9235,16.796,16.6692,16.5429,16.4166,16.2904,
 ,-99,19.6918,19.7614,19.8253,19.8835,19.9358,19.9823,20.0229,20.0578,20.087,20.1104,20.1282,20.1405,20.1474,20.149,20.1454,20.1368,20.1235,20.1055,20.083,20.0563,20.0255,19.9909,19.9528,19.9113,19.8666,19.8191,19.7689,19.7164,19.6617,19.605,19.5468,19.4871,19.4262,19.3644,19.3019,19.2389,19.1756,19.1123,19.0491,18.9863,18.9241,18.8627,18.8022,18.7429,18.6848,18.6283,18.5733,18.5202,18.469,18.4199,18.373,18.3284,18.2863,18.2468,18.21,18.1761,18.145,18.117,18.092,18.0703,18.0519,18.0368,18.0252,18.0172,18.0128,18.012,18.015,18.0218,18.0325,18.0471,18.0657,18.0884,18.1153,18.1462,18.1814,18.2209,18.2647,18.3129,18.3654,18.4224,18.4839,18.55,18.6206,18.6958,18.7756,18.8601,18.9493,19.0432,19.1419,19.2453,19.3535,19.4665,19.5842,19.7068,19.8342,19.9664,20.1035,20.2453,20.3919,20.5433,20.6995,20.8604,21.026,21.1963,21.3712,21.5507,21.7348,21.9233,22.1163,22.3135,22.5151,22.7207,22.9304,23.144,23.3613,23.5822,23.8065,24.0339,24.2642,24.4972,24.7325,24.9698,25.2087,25.4489,25.6898,25.931,26.1719,26.4121,26.6508,26.8875,27.1215,27.352,27.5784,27.7999,28.0156,28.2247,28.4266,28.6202,28.8048,28.9795,29.1436,29.2964,29.4369,29.5646,29.6787,29.7788,29.8642,29.9345,29.9893,30.0284,30.0514,30.0585,30.0494,30.0244,29.9836,29.9272,29.8558,29.7697,29.6695,29.5559,29.4295,29.2911,29.1415,28.9816,28.8122,28.6343,28.4487,28.2564,28.0583,27.8554,27.6484,27.4384,27.2261,27.0124,26.7981,26.5838,26.3705,26.1587,25.9492,25.7426,25.5395,25.3405,25.1462,24.9572,24.774,24.5971,24.4272,24.2648,24.1104,23.9648,23.8285,23.7022,23.5868,23.483,23.3918,23.3143,23.2517,23.2055,23.1772,23.1689,23.1829,23.2218,23.289,23.3885,23.5252,23.705,23.9353,24.2254,24.5866,25.0335,25.5844,26.2623,27.0966,28.1241,29.3904,30.95,32.8642,35.1921,37.9702,41.1708,44.6362,48.0083,50.7197,52.141,51.8781,50.0106,47.0416,43.6099,40.2254,37.1788,34.58,32.4321,30.6901,29.2948,28.1891,27.3244,26.6618,26.1717,25.8328,25.6309,25.558,25.6123,25.7977,26.124,26.6083,27.2756,28.1603,29.3085,30.7787,32.6419,34.9753,37.8446,41.2636,45.1183,49.0651,52.4697,54.5218,54.5969,52.6424,49.2137,45.1201,41.0357,37.3458,34.1908,31.5691,29.4173,27.6559,26.2099,25.0152,24.0201,23.1839,22.4746,21.8671,21.342,20.884,20.4809,20.1232,19.8031,19.5143,19.2518,19.0115,18.79,18.5843,18.3922,18.2115,18.0407,17.8782,17.7228,17.5735,17.4293,17.2894,17.1531,17.0198,16.8889,16.76,16.6326,16.5064,16.3811,16.2563,16.1319,16.0076,
 ,-100,19.2776,19.3456,19.4082,19.4654,19.5171,19.5634,19.6042,19.6395,19.6695,19.6941,19.7134,19.7275,19.7366,19.7406,19.7399,19.7344,19.7244,19.7101,19.6915,19.6689,19.6425,19.6126,19.5792,19.5426,19.5031,19.4609,19.4161,19.3691,19.3201,19.2692,19.2167,19.1629,19.1079,19.052,18.9955,18.9384,18.8811,18.8238,18.7666,18.7097,18.6533,18.5977,18.543,18.4893,18.4369,18.3859,18.3364,18.2887,18.2428,18.1989,18.1571,18.1176,18.0804,18.0458,18.0137,17.9844,17.9579,17.9343,17.9137,17.8963,17.882,17.871,17.8634,17.8592,17.8586,17.8615,17.8681,17.8785,17.8926,17.9106,17.9326,17.9585,17.9885,18.0226,18.0608,18.1033,18.15,18.201,18.2564,18.3163,18.3805,18.4493,18.5227,18.6006,18.6831,18.7703,18.8622,18.9588,19.0602,19.1664,19.2774,19.3932,19.5138,19.6394,19.7698,19.9052,20.0455,20.1906,20.3407,20.4957,20.6557,20.8205,20.9902,21.1648,21.3443,21.5285,21.7176,21.9113,22.1098,22.3128,22.5204,22.7324,22.9488,23.1694,23.394,23.6226,23.8549,24.0907,24.3299,24.572,24.8169,25.0642,25.3135,25.5645,25.8166,26.0694,26.3224,26.575,26.8266,27.0765,27.324,27.5685,27.809,28.0449,28.2753,28.4992,28.7158,28.9243,29.1237,29.3131,29.4915,29.6583,29.8123,29.953,30.0795,30.191,30.2871,30.367,30.4304,30.4769,30.5062,30.5182,30.5128,30.49,30.4501,30.3933,30.3201,30.2309,30.1264,30.0072,29.8742,29.728,29.5698,29.4003,29.2205,29.0316,28.8344,28.6299,28.4193,28.2035,27.9835,27.7603,27.5347,27.3076,27.08,26.8525,26.6261,26.4014,26.1792,25.96,25.7447,25.5337,25.3276,25.1271,24.9326,24.7448,24.5641,24.3912,24.2266,24.0709,23.9247,23.7887,23.6636,23.5503,23.4497,23.3627,23.2907,23.2348,23.1967,23.1783,23.1816,23.2094,23.2646,23.351,23.4732,23.6365,23.8477,24.1152,24.4492,24.8623,25.3704,25.9931,26.7547,27.6844,28.8173,30.1927,31.8509,33.824,36.1182,38.6833,41.3715,43.9036,45.8826,46.8991,46.7079,45.3586,43.1684,40.5611,37.9042,35.4348,33.2668,31.43,29.9095,28.6714,27.6778,26.8937,26.2901,25.8439,25.5388,25.3641,25.3144,25.3903,25.5975,25.9485,26.4628,27.1688,28.1061,29.3281,30.9041,32.9213,35.4803,38.6785,42.5648,47.0468,51.7488,55.8999,58.4523,58.5667,56.1713,52.0144,47.1513,42.4117,38.2265,34.7202,31.8561,29.5386,27.6634,26.1383,24.888,23.8532,22.9882,22.2576,21.6343,21.0973,20.6301,20.2199,19.8567,19.5322,19.24,18.9749,18.7324,18.5092,18.3022,18.1091,17.9277,17.7563,17.5935,17.438,17.2888,17.1448,17.0053,16.8695,16.7369,16.6069,16.4789,16.3527,16.2278,16.1038,15.9807,15.858,15.7356,
 ,-101,18.8791,18.9456,19.007,19.0633,19.1144,19.1605,19.2013,19.2371,19.2678,19.2935,19.3142,19.33,19.3411,19.3475,19.3493,19.3468,19.3399,19.3289,19.314,19.2953,19.2731,19.2474,19.2185,19.1866,19.1519,19.1146,19.075,19.0332,18.9894,18.9439,18.8969,18.8486,18.7992,18.749,18.698,18.6467,18.595,18.5433,18.4917,18.4404,18.3897,18.3396,18.2903,18.2421,18.195,18.1493,18.1051,18.0625,18.0217,17.9828,17.9459,17.9112,17.8788,17.8488,17.8213,17.7965,17.7744,17.7551,17.7387,17.7254,17.7152,17.7081,17.7044,17.704,17.707,17.7136,17.7238,17.7376,17.7551,17.7765,17.8017,17.8308,17.8639,17.9011,17.9424,17.9878,18.0375,18.0914,18.1497,18.2124,18.2795,18.3511,18.4272,18.5078,18.5932,18.6831,18.7778,18.8773,18.9815,19.0906,19.2045,19.3233,19.447,19.5757,19.7094,19.8481,19.9918,20.1406,20.2944,20.4533,20.6172,20.7863,20.9605,21.1397,21.324,21.5134,21.7078,21.9072,22.1115,22.3208,22.5349,22.7538,22.9774,23.2056,23.4382,23.6751,23.9162,24.1612,24.4099,24.6621,24.9174,25.1757,25.4364,25.6992,25.9637,26.2293,26.4956,26.7619,27.0277,27.2922,27.5548,27.8146,28.0709,28.3227,28.5693,28.8095,29.0426,29.2675,29.4832,29.6888,29.8831,30.0652,30.2342,30.3891,30.529,30.6531,30.7607,30.8511,30.9237,30.978,31.0138,31.0308,31.0289,31.0081,30.9687,30.9109,30.8351,30.7419,30.6319,30.506,30.3649,30.2097,30.0412,29.8605,29.6688,29.4671,29.2566,29.0384,28.8136,28.5833,28.3486,28.1105,27.87,27.6281,27.3857,27.1437,26.9028,26.6639,26.4277,26.1949,25.9662,25.7421,25.5233,25.3103,25.1037,24.904,24.7118,24.5275,24.3519,24.1854,24.0285,23.8821,23.7467,23.6232,23.5124,23.4152,23.3329,23.2665,23.2177,23.1881,23.1798,23.1951,23.2369,23.3086,23.4142,23.5587,23.7481,23.9896,24.292,24.6663,25.1254,25.6853,26.3649,27.1862,28.174,29.3538,30.7481,32.3679,34.1996,36.1847,38.1974,40.033,41.4284,42.1304,41.9934,41.0472,39.4825,37.5665,35.5499,33.614,31.8623,30.3384,29.0482,27.9782,27.1071,26.4127,25.875,25.4779,25.2098,25.0634,25.0363,25.1308,25.3546,25.7215,26.2527,26.9788,27.9417,29.1985,30.8239,32.9132,35.579,38.9357,43.0523,47.8515,52.9457,57.4944,60.3176,60.453,57.8172,53.2704,48.0051,42.932,38.501,34.8241,31.8446,29.4491,27.5209,25.9594,24.6835,23.6305,22.7523,22.012,21.3814,20.8388,20.3674,19.954,19.5882,19.2618,18.968,18.7017,18.4583,18.2343,18.0269,17.8334,17.6518,17.4804,17.3177,17.1624,17.0135,16.8699,16.731,16.5959,16.464,16.3349,16.208,16.083,15.9594,15.8369,15.7154,15.5944,15.4739,
 ,-102,18.4954,18.5605,18.6207,18.6762,18.7268,18.7726,18.8136,18.8497,18.8811,18.9078,18.9298,18.9473,18.9602,18.9688,18.973,18.9731,18.9692,18.9615,18.9499,18.9349,18.9164,18.8948,18.8701,18.8426,18.8124,18.7798,18.7449,18.708,18.6692,18.6288,18.587,18.5439,18.4998,18.4548,18.4092,18.3632,18.3169,18.2705,18.2243,18.1783,18.1329,18.088,18.044,18.0009,17.959,17.9184,17.8791,17.8415,17.8055,17.7714,17.7393,17.7092,17.6814,17.6559,17.6328,17.6123,17.5944,17.5793,17.567,17.5577,17.5514,17.5482,17.5482,17.5515,17.5582,17.5683,17.5819,17.5991,17.62,17.6446,17.6731,17.7054,17.7416,17.7818,17.8261,17.8746,17.9272,17.984,18.0452,18.1107,18.1807,18.2551,18.334,18.4175,18.5057,18.5985,18.6961,18.7985,18.9057,19.0177,19.1347,19.2567,19.3837,19.5157,19.6528,19.795,19.9423,20.0949,20.2527,20.4157,20.584,20.7575,20.9364,21.1206,21.3101,21.5049,21.705,21.9105,22.1212,22.3371,22.5583,22.7846,23.0159,23.2523,23.4935,23.7394,23.9899,24.2449,24.504,24.7671,25.0338,25.304,25.5772,25.853,26.1309,26.4106,26.6915,26.9729,27.2543,27.5349,27.814,28.0908,28.3644,28.6339,28.8984,29.1568,29.4081,29.6512,29.885,30.1083,30.3202,30.5194,30.7048,30.8753,31.0301,31.1679,31.2881,31.3898,31.4724,31.5351,31.5778,31.5999,31.6015,31.5825,31.5431,31.4835,31.4043,31.3061,31.1895,31.0555,30.905,30.739,30.5586,30.3651,30.1596,29.9434,29.7177,29.4838,29.243,28.9964,28.7451,28.4905,28.2334,27.975,27.7163,27.4581,27.2014,26.9469,26.6955,26.4477,26.2044,25.9662,25.7335,25.5071,25.2874,25.075,24.8704,24.674,24.4866,24.3085,24.1403,23.9827,23.8363,23.7019,23.5802,23.4721,23.3786,23.301,23.2407,23.199,23.178,23.1798,23.2069,23.2624,23.3498,23.4737,23.6389,23.8519,24.12,24.452,24.8584,25.3514,25.9451,26.6549,27.497,28.4856,29.6301,30.9281,32.3561,33.8578,35.3339,36.6407,37.609,38.0856,37.9858,37.3269,36.2216,34.8349,33.3323,31.8453,30.4604,29.2237,28.1527,27.2476,26.4996,25.8968,25.4273,25.081,24.8507,24.7322,24.7256,24.8347,25.0685,25.4416,25.9755,26.7008,27.6593,28.9072,30.5178,32.5838,35.2143,38.518,42.5573,47.2501,52.2127,56.6275,59.3584,59.4846,56.9269,52.5085,47.3757,42.4121,38.0615,34.4398,31.4973,29.1264,27.2146,25.664,24.3956,23.3477,22.4731,21.7353,21.1065,20.5652,20.0948,19.6821,19.3168,18.9908,18.6975,18.4314,18.1884,17.9647,17.7576,17.5644,17.3832,17.2123,17.05,16.8952,16.7469,16.604,16.4658,16.3316,16.2007,16.0726,15.9468,15.823,15.7007,15.5797,15.4597,15.3405,15.2218,
 ,-103,18.1259,18.1896,18.2488,18.3034,18.3536,18.3991,18.4402,18.4767,18.5087,18.5364,18.5596,18.5785,18.5932,18.6037,18.6103,18.6129,18.6117,18.6069,18.5986,18.587,18.5721,18.5542,18.5335,18.51,18.4841,18.4559,18.4255,18.3932,18.3592,18.3235,18.2866,18.2484,18.2092,18.1693,18.1287,18.0878,18.0465,18.0053,17.9641,17.9232,17.8827,17.8429,17.8039,17.7657,17.7287,17.6929,17.6584,17.6255,17.5942,17.5647,17.5371,17.5115,17.4881,17.4669,17.4481,17.4317,17.4179,17.4068,17.3985,17.393,17.3906,17.3911,17.3948,17.4017,17.4119,17.4254,17.4425,17.463,17.4872,17.5151,17.5467,17.5821,17.6214,17.6647,17.712,17.7634,17.819,17.8787,17.9428,18.0112,18.084,18.1613,18.2431,18.3296,18.4206,18.5164,18.617,18.7223,18.8326,18.9478,19.068,19.1932,19.3235,19.459,19.5997,19.7456,19.8968,20.0534,20.2154,20.3827,20.5556,20.7339,20.9178,21.1072,21.3023,21.5029,21.7091,21.921,22.1385,22.3615,22.5902,22.8244,23.0641,23.3091,23.5596,23.8152,24.0759,24.3415,24.6119,24.8868,25.1659,25.449,25.7356,26.0256,26.3183,26.6133,26.9101,27.2081,27.5066,27.8048,28.1021,28.3976,28.6903,28.9793,29.2636,29.542,29.8134,30.0767,30.3305,30.5737,30.805,31.0231,31.2267,31.4147,31.5857,31.7388,31.8729,31.9871,32.0804,32.1523,32.2023,32.2299,32.235,32.2175,32.1776,32.1156,32.0321,31.9277,31.8032,31.6596,31.498,31.3195,31.1254,30.917,30.6958,30.463,30.2201,29.9684,29.7095,29.4445,29.1748,28.9016,28.6261,28.3495,28.0727,27.7968,27.5226,27.2511,26.983,26.7191,26.46,26.2063,25.9588,25.7179,25.4841,25.258,25.0401,24.8309,24.6308,24.4404,24.2602,24.0907,23.9326,23.7865,23.6532,23.5335,23.4283,23.3387,23.2659,23.2114,23.1768,23.1641,23.1755,23.2137,23.2818,23.3835,23.5232,23.706,23.9379,24.2259,24.5781,25.0034,25.5117,26.1129,26.8165,27.6287,28.5504,29.5719,30.6672,31.7877,32.8589,33.7824,34.4508,34.7715,34.6952,34.2322,33.4493,32.4477,31.3354,30.205,29.1241,28.1352,27.26,26.5068,25.8751,25.3606,24.9577,24.6611,24.4671,24.3747,24.3854,24.5044,24.7413,25.1104,25.6327,26.3368,27.2617,28.4583,29.9923,31.9441,34.4046,37.4573,41.1353,45.3358,49.6966,53.5072,55.828,55.9191,53.7186,49.8862,45.3644,40.9128,36.9428,33.5872,30.8256,28.5769,26.748,25.2542,24.0253,23.0054,22.1507,21.4274,20.8093,20.276,19.8116,19.4036,19.042,18.7188,18.4278,18.1636,17.9221,17.6998,17.4938,17.3017,17.1214,16.9513,16.79,16.6361,16.4886,16.3466,16.2093,16.0761,15.9462,15.8192,15.6946,15.5721,15.4512,15.3317,15.2133,15.0957,14.9788,
 ,-104,17.7698,17.8322,17.8904,17.9443,17.994,18.0393,18.0804,18.1173,18.1499,18.1784,18.2027,18.223,18.2393,18.2518,18.2604,18.2654,18.2668,18.2648,18.2595,18.251,18.2395,18.2251,18.2081,18.1885,18.1666,18.1425,18.1163,18.0883,18.0587,18.0276,17.9952,17.9617,17.9273,17.8921,17.8563,17.8201,17.7837,17.7472,17.7109,17.6748,17.6391,17.6041,17.5697,17.5363,17.5039,17.4727,17.4429,17.4145,17.3877,17.3626,17.3393,17.318,17.2988,17.2817,17.267,17.2547,17.2449,17.2377,17.2332,17.2315,17.2327,17.2368,17.2441,17.2545,17.2681,17.2851,17.3054,17.3293,17.3567,17.3877,17.4224,17.461,17.5033,17.5496,17.5999,17.6543,17.7128,17.7755,17.8425,17.9138,17.9895,18.0697,18.1545,18.2438,18.3379,18.4367,18.5402,18.6487,18.7621,18.8806,19.0041,19.1327,19.2665,19.4056,19.55,19.6999,19.8551,20.0159,20.1822,20.3542,20.5318,20.7152,20.9044,21.0994,21.3002,21.507,21.7197,21.9384,22.163,22.3937,22.6303,22.8729,23.1215,23.3759,23.6362,23.9022,24.1738,24.4509,24.7333,25.0209,25.3133,25.6104,25.9117,26.2169,26.5256,26.8373,27.1515,27.4675,27.7847,28.1023,28.4196,28.7356,29.0494,29.3599,29.666,29.9665,30.2603,30.5459,30.822,31.0872,31.3401,31.5792,31.8031,32.0104,32.1997,32.3697,32.5192,32.6471,32.7524,32.8343,32.8922,32.9256,32.9342,32.918,32.8772,32.8121,32.7232,32.6114,32.4775,32.3227,32.1481,31.9551,31.7452,31.5197,31.2804,31.0287,30.7663,30.4946,30.2152,29.9296,29.6393,29.3455,29.0496,28.7527,28.456,28.1606,27.8673,27.5771,27.2909,27.0094,26.7332,26.463,26.1994,25.9429,25.6941,25.4534,25.2213,24.9983,24.7848,24.5813,24.3882,24.2062,24.0357,23.8773,23.7317,23.5997,23.4821,23.3798,23.294,23.2259,23.177,23.149,23.1439,23.1638,23.2116,23.2903,23.4035,23.5552,23.7504,23.9942,24.2926,24.6518,25.0783,25.578,26.1552,26.8113,27.542,28.3349,29.1655,29.9947,30.7681,31.4193,31.8799,32.0938,32.0315,31.6994,31.1378,30.4094,29.5843,28.7269,27.8883,27.1041,26.3964,25.7768,25.2501,24.8169,24.4759,24.2255,24.0652,23.9956,24.0198,24.1438,24.3769,24.7327,25.2303,25.8953,26.7612,27.8712,29.2786,31.0457,33.237,35.902,39.0372,42.5218,46.0359,49.0227,50.797,50.8433,49.1194,46.084,42.4176,38.7071,35.3066,32.361,29.8854,27.834,26.1415,24.7427,23.5806,22.6084,21.7882,21.0903,20.491,19.972,19.5184,19.1187,18.7636,18.4457,18.1587,17.8979,17.6592,17.4392,17.2351,17.0447,16.8659,16.6972,16.5371,16.3843,16.238,16.0971,15.961,15.8288,15.7001,15.5744,15.4511,15.3299,15.2104,15.0924,14.9755,14.8596,14.7445,
 ,-105,17.4265,17.4877,17.5449,17.5981,17.6473,17.6925,17.7336,17.7708,17.804,17.8333,17.8587,17.8802,17.8981,17.9123,17.9229,17.9301,17.9339,17.9345,17.9319,17.9264,17.9181,17.907,17.8935,17.8775,17.8593,17.8391,17.8169,17.793,17.7676,17.7407,17.7127,17.6835,17.6535,17.6228,17.5916,17.5599,17.5281,17.4962,17.4644,17.4329,17.4018,17.3712,17.3414,17.3125,17.2846,17.2578,17.2323,17.2082,17.1857,17.1648,17.1457,17.1285,17.1134,17.1004,17.0896,17.0811,17.0752,17.0717,17.0709,17.0729,17.0776,17.0853,17.0961,17.1099,17.1269,17.1471,17.1708,17.1978,17.2284,17.2625,17.3004,17.3419,17.3873,17.4366,17.4899,17.5472,17.6086,17.6743,17.7442,17.8184,17.897,17.9802,18.0679,18.1603,18.2573,18.3592,18.4659,18.5775,18.6942,18.8159,18.9429,19.075,19.2125,19.3553,19.5036,19.6575,19.817,19.9821,20.1531,20.3298,20.5125,20.7012,20.8959,21.0967,21.3037,21.517,21.7365,21.9624,22.1946,22.4333,22.6783,22.9299,23.1878,23.4522,23.7229,24,24.2833,24.5726,24.868,25.1692,25.4759,25.788,26.1051,26.4269,26.7529,27.0827,27.4157,27.7514,28.089,28.4278,28.7669,29.1055,29.4424,29.7766,30.1069,30.4319,30.7504,31.0608,31.3617,31.6514,31.9284,32.191,32.4376,32.6665,32.8761,33.065,33.2317,33.3749,33.4935,33.5864,33.653,33.6926,33.7049,33.6898,33.6475,33.5784,33.4831,33.3624,33.2175,33.0495,32.8599,32.6502,32.422,32.177,31.9171,31.6439,31.3593,31.0649,30.7626,30.454,30.1405,29.8238,29.5052,29.1859,28.8673,28.5504,28.2363,27.9258,27.6199,27.3192,27.0245,26.7364,26.4556,26.1824,25.9175,25.6612,25.414,25.1764,24.9487,24.7313,24.5247,24.3294,24.1458,23.9745,23.8161,23.6711,23.5405,23.4249,23.3254,23.2431,23.1793,23.1354,23.113,23.1142,23.1411,23.1962,23.2825,23.4031,23.5617,23.7622,24.0086,24.3052,24.6557,25.063,25.5284,26.0499,26.6212,27.2295,27.8538,28.4638,29.0203,29.4787,29.7951,29.9348,29.8801,29.635,29.2242,28.6874,28.0704,27.4177,26.7671,26.1472,25.5781,25.0723,24.637,24.2757,23.9901,23.7813,23.6506,23.6001,23.6338,23.7578,23.9809,24.3154,24.7778,25.3895,26.1779,27.1765,28.4248,29.9653,31.8362,34.0551,36.5902,39.3171,41.9749,44.1614,45.4205,45.4258,44.1514,41.8865,39.0795,36.1475,33.3725,30.896,28.7594,26.949,25.4272,24.1498,23.0747,22.1655,21.3916,20.7279,20.1543,19.6548,19.2162,18.8281,18.4822,18.1714,17.8903,17.6342,17.3994,17.1826,16.9812,16.7931,16.6164,16.4494,16.2909,16.1397,15.9947,15.8552,15.7203,15.5895,15.462,15.3376,15.2156,15.0958,14.9778,14.8613,14.746,14.6317,14.5183,
 ,-106,17.0954,17.1554,17.2118,17.2643,17.3131,17.358,17.3992,17.4367,17.4704,17.5004,17.5267,17.5495,17.5688,17.5846,17.5971,17.6063,17.6124,17.6154,17.6155,17.6128,17.6074,17.5995,17.5891,17.5766,17.5619,17.5453,17.5269,17.5069,17.4853,17.4625,17.4385,17.4136,17.3878,17.3613,17.3343,17.307,17.2794,17.2519,17.2244,17.1972,17.1705,17.1443,17.1188,17.0941,17.0704,17.0479,17.0266,17.0066,16.9882,16.9714,16.9563,16.9431,16.9318,16.9227,16.9157,16.911,16.9087,16.9089,16.9117,16.9172,16.9254,16.9366,16.9507,16.9678,16.9881,17.0116,17.0384,17.0686,17.1023,17.1395,17.1804,17.225,17.2733,17.3256,17.3818,17.4421,17.5064,17.575,17.6478,17.7249,17.8066,17.8927,17.9834,18.0787,18.1789,18.2838,18.3937,18.5086,18.6286,18.7538,18.8842,19.02,19.1612,19.3079,19.4603,19.6183,19.7822,19.9519,20.1276,20.3094,20.4973,20.6915,20.892,21.099,21.3124,21.5325,21.7592,21.9926,22.2328,22.4799,22.7339,22.9949,23.2628,23.5376,23.8195,24.1083,24.404,24.7065,25.0156,25.3313,25.6534,25.9816,26.3157,26.6553,27,27.3494,27.7029,28.0599,28.4198,28.7817,29.1448,29.5081,29.8704,30.2308,30.5877,30.9399,31.2857,31.6237,31.9522,32.2693,32.5732,32.8621,33.134,33.3872,33.6198,33.8299,34.0159,34.1763,34.3097,34.415,34.4911,34.5375,34.5537,34.5395,34.4952,34.4211,34.3181,34.187,34.029,33.8457,33.6387,33.4096,33.1604,32.8931,32.6096,32.312,32.0023,31.6824,31.3543,31.0198,30.6806,30.3383,29.9945,29.6506,29.3078,28.9674,28.6304,28.2978,27.9704,27.6491,27.3345,27.0272,26.7278,26.4368,26.1547,25.8818,25.6186,25.3654,25.1227,24.8907,24.6699,24.4606,24.2633,24.0784,23.9064,23.748,23.6037,23.4743,23.3606,23.2636,23.1843,23.124,23.084,23.066,23.0717,23.1032,23.1627,23.2526,23.3756,23.5344,23.7318,23.9701,24.2515,24.5766,24.9448,25.3526,25.793,26.2543,26.7193,27.1648,27.5632,27.8841,28.0992,28.1864,28.135,27.9476,27.6397,27.2369,26.7695,26.2685,25.7615,25.2709,24.8139,24.4024,24.0443,23.7448,23.5073,23.3345,23.2287,23.1933,23.2325,23.3522,23.5602,23.8673,24.2869,24.8361,25.5356,26.4096,27.4846,28.7854,30.3286,32.1093,34.0811,36.1307,38.0595,39.5936,40.4456,40.4195,39.5,37.8601,35.7795,33.5381,31.346,29.3272,27.5353,25.9789,24.6424,23.5001,22.524,21.6878,20.9681,20.3452,19.8026,19.3268,18.9066,18.5329,18.1983,17.8966,17.6228,17.3726,17.1426,16.9299,16.732,16.5467,16.3725,16.2077,16.0512,15.9017,15.7584,15.6203,15.4869,15.3575,15.2315,15.1084,14.9879,14.8695,14.753,14.6379,14.5242,14.4116,14.2998,
 ,-107,16.7758,16.8348,16.8903,16.9422,16.9906,17.0353,17.0766,17.1143,17.1484,17.1791,17.2064,17.2303,17.2509,17.2682,17.2824,17.2936,17.3017,17.307,17.3096,17.3095,17.3069,17.3019,17.2946,17.2853,17.2739,17.2607,17.2459,17.2295,17.2117,17.1926,17.1725,17.1514,17.1296,17.1071,17.0842,17.061,17.0375,17.0141,16.9908,16.9677,16.9451,16.923,16.9016,16.881,16.8614,16.8429,16.8256,16.8096,16.7951,16.7822,16.7709,16.7615,16.754,16.7486,16.7453,16.7442,16.7455,16.7492,16.7555,16.7644,16.776,16.7905,16.8078,16.8282,16.8517,16.8784,16.9083,16.9416,16.9783,17.0185,17.0624,17.11,17.1613,17.2165,17.2756,17.3388,17.4061,17.4775,17.5533,17.6334,17.7179,17.807,17.9008,17.9992,18.1024,18.2106,18.3237,18.4419,18.5653,18.694,18.828,18.9675,19.1125,19.2633,19.4198,19.5822,19.7506,19.925,20.1057,20.2927,20.4861,20.686,20.8926,21.1059,21.326,21.5532,21.7874,22.0287,22.2773,22.5333,22.7967,23.0675,23.3459,23.6319,23.9255,24.2268,24.5356,24.852,25.1758,25.5071,25.8456,26.191,26.5433,26.9021,27.2669,27.6374,28.0131,28.3933,28.7774,29.1645,29.5538,29.9441,30.3345,30.7236,31.11,31.4922,31.8685,32.2372,32.5964,32.9441,33.2782,33.5967,33.8972,34.1777,34.4361,34.6702,34.878,35.0578,35.208,35.3271,35.414,35.4678,35.4881,35.4747,35.4277,35.3477,35.2353,35.0919,34.9188,34.7177,34.4904,34.239,33.9657,33.6728,33.3624,33.037,32.6989,32.3502,31.993,31.6295,31.2615,30.8908,30.5192,30.148,29.7787,29.4125,29.0506,28.6939,28.3433,27.9996,27.6635,27.3355,27.0163,26.7063,26.4058,26.1153,25.8352,25.5656,25.307,25.0596,24.8238,24.5999,24.3882,24.1892,24.0031,23.8306,23.6722,23.5285,23.4001,23.2879,23.1928,23.1157,23.0578,23.0204,23.005,23.0129,23.0461,23.1061,23.195,23.3144,23.4661,23.6513,23.8706,24.1237,24.4086,24.7214,25.0553,25.4001,25.7421,26.064,26.3462,26.5679,26.7103,26.7595,26.7085,26.5592,26.3216,26.0126,25.6527,25.2634,24.8649,24.4747,24.1067,23.7717,23.4775,23.2298,23.0328,22.89,22.8047,22.7803,22.8212,22.9329,23.1221,23.3976,23.7699,24.2519,24.8584,25.6051,26.5078,27.5779,28.8171,30.2079,31.701,33.2026,34.5689,35.6199,36.179,36.1309,35.4667,34.2878,32.7641,31.0774,29.377,27.7628,26.289,24.976,23.8231,22.8185,21.9457,21.1871,20.5263,19.9482,19.4401,18.9911,18.5918,18.2346,17.9131,17.6219,17.3566,17.1134,16.8891,16.6811,16.4872,16.3054,16.1341,15.9718,15.8175,15.6701,15.5286,15.3923,15.2605,15.1326,15.0081,14.8865,14.7675,14.6506,14.5355,14.422,14.3099,14.1989,14.0888,
 ,-108,16.4673,16.5253,16.58,16.6313,16.6793,16.7239,16.7651,16.803,16.8376,16.869,16.8971,16.922,16.9439,16.9626,16.9784,16.9914,17.0015,17.009,17.0138,17.0162,17.0162,17.0139,17.0096,17.0032,16.995,16.985,16.9735,16.9605,16.9462,16.9307,16.9142,16.8969,16.8788,16.8602,16.8411,16.8217,16.8022,16.7826,16.7632,16.7441,16.7254,16.7072,16.6897,16.673,16.6573,16.6426,16.6291,16.617,16.6062,16.597,16.5895,16.5838,16.5799,16.578,16.5782,16.5806,16.5854,16.5925,16.6021,16.6143,16.6292,16.6469,16.6675,16.691,16.7176,16.7474,16.7804,16.8167,16.8564,16.8996,16.9464,16.9969,17.0512,17.1093,17.1713,17.2374,17.3075,17.3819,17.4606,17.5436,17.6311,17.7232,17.82,17.9215,18.0279,18.1393,18.2557,18.3773,18.5041,18.6363,18.774,18.9173,19.0664,19.2212,19.382,19.5488,19.7219,19.9012,20.087,20.2794,20.4785,20.6843,20.8972,21.1171,21.3443,21.5788,21.8208,22.0705,22.3278,22.5931,22.8663,23.1475,23.437,23.7346,24.0406,24.355,24.6777,25.0088,25.3483,25.6961,26.052,26.4159,26.7877,27.167,27.5535,27.9468,28.3465,28.7518,29.1621,29.5767,29.9946,30.4146,30.8357,31.2565,31.6755,32.0909,32.5011,32.9041,33.2976,33.6796,34.0477,34.3994,34.7323,35.0437,35.3313,35.5926,35.8253,36.0272,36.1963,36.3311,36.43,36.4922,36.517,36.5042,36.4538,36.3665,36.2432,36.0853,35.8945,35.6726,35.4219,35.1447,34.8437,34.5213,34.1803,33.8233,33.4529,33.0716,32.6818,32.2858,31.8857,31.4835,31.0809,30.6796,30.2812,29.8867,29.4976,29.1147,28.7389,28.3711,28.0119,27.6618,27.3214,26.9911,26.6712,26.362,26.0639,25.7771,25.5018,25.2383,24.9868,24.7476,24.5209,24.3071,24.1064,23.9194,23.7463,23.5878,23.4443,23.3166,23.2053,23.1112,23.0353,22.9786,22.9421,22.9269,22.9344,22.9658,23.0222,23.1048,23.2145,23.3516,23.5159,23.7064,23.9206,24.1544,24.4017,24.6542,24.901,25.1293,25.325,25.4737,25.563,25.5836,25.5311,25.4068,25.2175,24.9743,24.6915,24.3842,24.0673,23.7541,23.456,23.1821,22.9397,22.7343,22.5706,22.4522,22.3826,22.3656,22.4051,22.506,22.6738,22.9155,23.239,23.6533,24.1682,24.7929,25.535,26.3969,27.3718,28.4373,29.5482,30.6316,31.5866,32.2969,32.6546,32.5918,32.1033,31.2483,30.1298,28.8638,27.5535,26.2751,25.0766,23.9823,23,22.1272,21.3557,20.6751,20.0744,19.543,19.0713,18.6507,18.2739,17.9347,17.6276,17.3481,17.0922,16.8568,16.6389,16.4363,16.2469,16.0689,15.9009,15.7416,15.5898,15.4446,15.3052,15.1708,15.0407,14.9145,14.7916,14.6716,14.554,14.4386,14.3251,14.2131,14.1026,13.9931,13.8847,
 ,-109,16.1694,16.2264,16.2803,16.3311,16.3787,16.4231,16.4643,16.5024,16.5375,16.5694,16.5983,16.6242,16.6472,16.6673,16.6846,16.6993,16.7112,16.7207,16.7277,16.7324,16.7348,16.7352,16.7335,16.7299,16.7247,16.7177,16.7093,16.6996,16.6886,16.6765,16.6635,16.6496,16.6351,16.6201,16.6046,16.5889,16.5731,16.5572,16.5416,16.5262,16.5112,16.4967,16.483,16.47,16.458,16.447,16.4372,16.4286,16.4215,16.4159,16.4119,16.4097,16.4093,16.4109,16.4145,16.4203,16.4283,16.4387,16.4516,16.467,16.4851,16.506,16.5296,16.5563,16.5859,16.6186,16.6546,16.6939,16.7365,16.7827,16.8324,16.8858,16.9429,17.0038,17.0687,17.1377,17.2107,17.288,17.3696,17.4556,17.5461,17.6412,17.741,17.8456,17.9552,18.0698,18.1895,18.3145,18.4449,18.5807,18.7222,18.8694,19.0224,19.1815,19.3467,19.5181,19.696,19.8803,20.0714,20.2693,20.4742,20.6863,20.9056,21.1324,21.3669,21.6091,21.8592,22.1174,22.3839,22.6588,22.9423,23.2344,23.5354,23.8454,24.1644,24.4926,24.83,25.1767,25.5327,25.8979,26.2724,26.656,27.0486,27.4499,27.8597,28.2775,28.703,29.1355,29.5744,30.0188,30.4679,30.9205,31.3753,31.831,32.286,32.7384,33.1862,33.6274,34.0595,34.48,34.8864,35.2757,35.6451,35.9917,36.3126,36.6049,36.8659,37.093,37.2838,37.4365,37.5492,37.6208,37.6505,37.638,37.5834,37.4875,37.3513,37.1764,36.9647,36.7187,36.4408,36.1339,35.8008,35.4447,35.0687,34.6757,34.2687,33.8505,33.424,32.9915,32.5556,32.1182,31.6815,31.247,30.8165,30.3912,29.9724,29.561,29.1581,28.7642,28.3802,28.0064,27.6434,27.2915,26.9509,26.622,26.305,26,25.7072,25.4268,25.1589,24.9038,24.6615,24.4324,24.2166,24.0145,23.8264,23.6527,23.4938,23.3502,23.2225,23.1114,23.0174,22.9414,22.8841,22.8464,22.8292,22.8332,22.8591,22.9075,22.9788,23.0727,23.1886,23.3249,23.4792,23.6474,23.8245,24.0035,24.176,24.3325,24.4628,24.5569,24.6062,24.6046,24.5493,24.4412,24.2848,24.088,23.8605,23.6133,23.3573,23.1028,22.8588,22.633,22.4319,22.2606,22.1234,22.0241,21.9663,21.9533,21.9889,22.0769,22.2221,22.4296,22.7049,23.0541,23.4829,23.9959,24.5951,25.2776,26.0326,26.8374,27.6544,28.4287,29.091,29.5661,29.7878,29.7153,29.3456,28.7138,27.8826,26.9261,25.9144,24.9038,23.9334,23.0272,22.1964,21.4441,20.7677,20.162,19.6202,19.1352,18.7002,18.3089,17.9556,17.6351,17.3432,17.0761,16.8304,16.6033,16.3924,16.1957,16.0112,15.8374,15.673,15.5168,15.3678,15.2251,15.0879,14.9555,14.8273,14.7029,14.5816,14.4632,14.3472,14.2334,14.1214,14.011,13.902,13.7941,13.6873,
 ,-110,15.8815,15.9376,15.9908,16.041,16.0882,16.1325,16.1737,16.212,16.2474,16.2799,16.3095,16.3364,16.3604,16.3818,16.4005,16.4167,16.4304,16.4418,16.4508,16.4577,16.4624,16.4652,16.466,16.4652,16.4626,16.4586,16.4532,16.4464,16.4386,16.4297,16.4199,16.4094,16.3982,16.3866,16.3746,16.3623,16.35,16.3377,16.3256,16.3137,16.3023,16.2915,16.2813,16.2718,16.2633,16.2559,16.2495,16.2445,16.2408,16.2386,16.2381,16.2392,16.2422,16.247,16.2539,16.263,16.2742,16.2878,16.3038,16.3224,16.3436,16.3675,16.3942,16.4238,16.4564,16.4921,16.5309,16.5731,16.6186,16.6676,16.7202,16.7764,16.8364,16.9002,16.9679,17.0397,17.1156,17.1957,17.2802,17.3692,17.4626,17.5607,17.6636,17.7714,17.8842,18.002,18.1251,18.2536,18.3875,18.527,18.6723,18.8235,18.9807,19.144,19.3137,19.4898,19.6725,19.8621,20.0586,20.2622,20.4731,20.6915,20.9176,21.1515,21.3934,21.6435,21.9021,22.1693,22.4452,22.7302,23.0244,23.3279,23.6409,23.9637,24.2964,24.6391,24.9919,25.355,25.7284,26.1123,26.5064,26.9109,27.3257,27.7505,28.1852,28.6294,29.0827,29.5446,30.0144,30.4913,30.9744,31.4626,31.9546,32.4488,32.9435,33.4369,33.9267,34.4106,34.886,35.3499,35.7995,36.2314,36.6424,37.0291,37.3881,37.716,38.0094,38.2655,38.4813,38.6544,38.783,38.8653,38.9005,38.8881,38.8284,38.7221,38.5706,38.3757,38.1397,37.8655,37.556,37.2145,36.8446,36.4497,36.0335,35.5994,35.1508,34.691,34.223,33.7497,33.2737,32.7973,32.3227,31.8516,31.3859,30.9268,30.4757,30.0335,29.6011,29.1793,28.7686,28.3696,27.9825,27.6076,27.2453,26.8956,26.5586,26.2346,25.9235,25.6254,25.3405,25.0687,24.8103,24.5653,24.3339,24.1163,23.9128,23.7235,23.5489,23.3892,23.245,23.1167,23.0047,22.9096,22.832,22.7725,22.7314,22.7094,22.7068,22.7238,22.7601,22.8155,22.8888,22.9783,23.0817,23.1955,23.3151,23.4352,23.5491,23.6498,23.7297,23.782,23.8005,23.7812,23.7222,23.624,23.4901,23.3257,23.1379,22.9346,22.7239,22.5138,22.3114,22.123,21.9542,21.8096,21.6932,21.6084,21.5587,21.547,21.5766,21.6508,21.773,21.9471,22.1767,22.4654,22.8162,23.2304,23.7066,24.2392,24.8163,25.4177,26.0132,26.5626,27.0185,27.3321,27.4619,27.3832,27.0939,26.6153,25.9862,25.2543,24.4668,23.6645,22.8782,22.1287,21.4283,20.7826,20.1926,19.6563,19.1702,18.73,18.331,17.9687,17.6388,17.3375,17.0612,16.8069,16.5717,16.3535,16.1499,15.9593,15.7801,15.6108,15.4503,15.2975,15.1514,15.0113,14.8764,14.7462,14.62,14.4974,14.3779,14.2611,14.1468,14.0345,13.9241,13.8152,13.7078,13.6015,13.4962,
 ,-111,15.6032,15.6585,15.711,15.7606,15.8075,15.8516,15.8928,15.9313,15.967,16,16.0304,16.058,16.0831,16.1056,16.1257,16.1434,16.1587,16.1718,16.1828,16.1916,16.1986,16.2036,16.2069,16.2085,16.2086,16.2072,16.2046,16.2007,16.1958,16.19,16.1833,16.1759,16.1679,16.1595,16.1508,16.1418,16.1328,16.1239,16.1151,16.1067,16.0986,16.0911,16.0843,16.0783,16.0732,16.0691,16.0661,16.0644,16.064,16.0652,16.0678,16.0722,16.0784,16.0865,16.0965,16.1087,16.1231,16.1397,16.1588,16.1804,16.2045,16.2314,16.261,16.2935,16.329,16.3676,16.4093,16.4543,16.5026,16.5545,16.6098,16.6688,16.7316,16.7982,16.8687,16.9433,17.0221,17.1051,17.1924,17.2843,17.3807,17.4819,17.5878,17.6987,17.8147,17.9359,18.0624,18.1943,18.3318,18.4751,18.6242,18.7794,18.9408,19.1085,19.2828,19.4637,19.6515,19.8463,20.0483,20.2578,20.4749,20.6998,20.9328,21.1739,21.4236,21.6819,21.9492,22.2256,22.5114,22.8068,23.1121,23.4274,23.753,24.0892,24.4361,24.794,25.1631,25.5434,25.9352,26.3386,26.7536,27.1803,27.6186,28.0685,28.5298,29.0023,29.4856,29.9791,30.4824,30.9946,31.5149,32.042,32.5747,33.1113,33.6501,34.189,34.7257,35.2574,35.7814,36.2943,36.7928,37.2732,37.7317,38.1643,38.567,38.9358,39.2668,39.5563,39.801,39.9979,40.1446,40.2392,40.2806,40.2682,40.2022,40.0836,39.914,39.6955,39.431,39.1237,38.7774,38.3959,37.9832,37.5437,37.0813,36.6003,36.1044,35.5974,35.0828,34.5636,34.0428,33.523,33.0064,32.495,31.9906,31.4947,31.0084,30.5328,30.0687,29.6168,29.1776,28.7515,28.3389,27.9397,27.5543,27.1827,26.8249,26.4809,26.1507,25.8342,25.5315,25.2426,24.9675,24.7061,24.4586,24.2251,24.0058,23.8006,23.61,23.4341,23.2733,23.1277,22.9978,22.884,22.7865,22.7058,22.642,22.5955,22.5662,22.5541,22.5589,22.5797,22.6155,22.6647,22.7248,22.793,22.8655,22.9378,23.0049,23.0615,23.102,23.1215,23.1157,23.0817,23.0182,22.9258,22.8068,22.6651,22.5056,22.3342,22.1571,21.9803,21.8094,21.6497,21.5058,21.3818,21.2811,21.2069,21.1622,21.1497,21.1719,21.2316,21.3315,21.4739,21.6613,21.8955,22.1773,22.5062,22.879,23.2891,23.7251,24.1699,24.6001,24.9867,25.2971,25.4992,25.5666,25.4838,25.2495,24.8768,24.3901,23.8205,23.2,22.5578,21.9173,21.296,20.7053,20.1516,19.638,19.1645,18.7299,18.3317,17.967,17.6328,17.3259,17.0435,16.7828,16.5414,16.317,16.1077,15.9118,15.7276,15.5538,15.3892,15.2327,15.0834,14.9405,14.8031,14.6707,14.5427,14.4186,14.2979,14.1802,14.0651,13.9524,13.8418,13.7329,13.6256,13.5197,13.4149,13.3113,
 ,-112,15.334,15.3885,15.4403,15.4895,15.5361,15.58,15.6212,15.6599,15.6959,15.7294,15.7603,15.7888,15.8148,15.8384,15.8597,15.8788,15.8956,15.9104,15.9231,15.9339,15.9429,15.9501,15.9556,15.9596,15.9621,15.9634,15.9633,15.9622,15.9601,15.957,15.9533,15.9489,15.9439,15.9386,15.9329,15.9271,15.9213,15.9155,15.91,15.9047,15.8999,15.8957,15.8921,15.8893,15.8874,15.8865,15.8868,15.8882,15.891,15.8953,15.9012,15.9086,15.9179,15.9291,15.9422,15.9574,15.9747,15.9944,16.0164,16.0409,16.0679,16.0976,16.1301,16.1655,16.2038,16.2451,16.2896,16.3374,16.3885,16.4431,16.5012,16.5629,16.6284,16.6978,16.7711,16.8485,16.93,17.0159,17.1061,17.2009,17.3003,17.4044,17.5135,17.6275,17.7467,17.8712,18.0011,18.1365,18.2777,18.4247,18.5778,18.7371,18.9027,19.0749,19.2537,19.4395,19.6324,19.8326,20.0404,20.2558,20.4792,20.7108,20.9508,21.1995,21.4571,21.7239,22.0001,22.286,22.582,22.8882,23.2049,23.5325,23.8712,24.2213,24.5831,24.9569,25.3429,25.7413,26.1524,26.5764,27.0134,27.4636,27.9269,28.4035,28.8933,29.396,29.9114,30.4391,30.9786,31.5291,32.0898,32.6595,33.2369,33.8203,34.4079,34.9975,35.5864,36.1718,36.7505,37.3188,37.873,38.4087,38.9215,39.4068,39.8599,40.276,40.6505,40.9789,41.2572,41.4818,41.6497,41.7586,41.8071,41.7944,41.7209,41.5875,41.3963,41.15,40.8519,40.506,40.1165,39.6883,39.2262,38.735,38.2197,37.6849,37.1351,36.5746,36.0073,35.4366,34.8657,34.2976,33.7345,33.1787,32.6319,32.0956,31.5711,31.0594,30.5611,30.0769,29.6073,29.1525,28.7127,28.2879,27.8782,27.4836,27.1039,26.7391,26.3889,26.0534,25.7324,25.4257,25.1333,24.8551,24.5911,24.3413,24.1057,23.8844,23.6776,23.4853,23.3077,23.145,22.9974,22.865,22.7482,22.647,22.5615,22.4918,22.4377,22.3989,22.3749,22.3649,22.3677,22.3818,22.405,22.4348,22.4681,22.5013,22.5305,22.5516,22.5607,22.5539,22.5282,22.4817,22.4134,22.3237,22.2144,22.0881,21.9487,21.8004,21.6479,21.4957,21.3486,21.2106,21.0855,20.9769,20.8877,20.8208,20.7786,20.7635,20.7776,20.8229,20.9014,21.0146,21.1639,21.3498,21.572,21.8286,22.1159,22.4272,22.7524,23.0776,23.3849,23.6534,23.8606,23.985,24.0094,23.924,23.7279,23.4292,23.0437,22.5918,22.0955,21.5755,21.0496,20.5317,20.0318,19.5563,19.109,18.6913,18.3032,17.9437,17.611,17.3034,17.0186,16.7545,16.5091,16.2805,16.0668,15.8666,15.6783,15.5007,15.3325,15.1727,15.0204,14.8747,14.7349,14.6004,14.4706,14.3449,14.2229,14.1042,13.9883,13.875,13.7639,13.6549,13.5476,13.4418,13.3374,13.2342,13.1321,
 ,-113,15.0736,15.1273,15.1785,15.2273,15.2735,15.3172,15.3584,15.3972,15.4336,15.4675,15.499,15.5282,15.5551,15.5797,15.6022,15.6226,15.6409,15.6572,15.6716,15.6842,15.6951,15.7043,15.7119,15.7181,15.723,15.7266,15.7291,15.7305,15.731,15.7307,15.7297,15.7281,15.726,15.7235,15.7209,15.718,15.7152,15.7125,15.71,15.7078,15.706,15.7049,15.7044,15.7047,15.7059,15.708,15.7114,15.7159,15.7218,15.7291,15.7379,15.7484,15.7606,15.7747,15.7908,15.8089,15.8291,15.8516,15.8765,15.9038,15.9337,15.9662,16.0014,16.0395,16.0806,16.1247,16.1719,16.2224,16.2762,16.3334,16.3942,16.4587,16.5269,16.5989,16.675,16.7551,16.8395,16.9281,17.0212,17.1189,17.2212,17.3284,17.4405,17.5577,17.6801,17.8079,17.9412,18.0802,18.225,18.3759,18.5329,18.6962,18.8662,19.0428,19.2264,19.4172,19.6153,19.8209,20.0344,20.256,20.4858,20.7242,20.9715,21.2278,21.4936,21.769,22.0544,22.3502,22.6565,22.9739,23.3025,23.6427,23.995,24.3596,24.7368,25.1271,25.5308,25.9481,26.3794,26.8251,27.2853,27.7602,28.2501,28.755,29.2751,29.8101,30.36,30.9245,31.503,32.0951,32.6998,33.316,33.9425,34.5776,35.2192,35.865,36.5124,37.1581,37.7985,38.4296,39.0471,39.6461,40.2213,40.7675,41.2789,41.75,42.1752,42.5491,42.8668,43.1238,43.3166,43.4422,43.4988,43.4856,43.4029,43.252,43.0352,42.7558,42.418,42.0265,41.5866,41.1038,40.5841,40.0331,39.4567,38.8602,38.249,37.6277,37.0007,36.3721,35.7453,35.1233,34.5089,33.9041,33.3108,32.7306,32.1646,31.6138,31.0787,30.56,30.0579,29.5726,29.104,28.6522,28.2171,27.7983,27.3958,27.0093,26.6385,26.2832,25.9431,25.6181,25.3079,25.0124,24.7314,24.465,24.2129,23.9752,23.7519,23.5431,23.3487,23.1689,23.0037,22.8532,22.7175,22.5966,22.4903,22.3987,22.3214,22.2579,22.2078,22.1701,22.1437,22.1272,22.1186,22.1158,22.1162,22.1169,22.115,22.1072,22.0905,22.0622,22.02,21.9625,21.889,21.7999,21.6964,21.5805,21.455,21.3231,21.1884,21.0544,20.9248,20.8028,20.6917,20.5944,20.5133,20.451,20.4094,20.3904,20.3959,20.4273,20.4858,20.5726,20.6879,20.8318,21.0031,21.1994,21.4168,21.6491,21.8877,22.1217,22.3375,22.5199,22.6531,22.7227,22.7173,22.6303,22.461,22.2148,21.9019,21.5361,21.1324,20.7058,20.2695,19.8344,19.409,18.9992,18.6087,18.2397,17.893,17.5684,17.2652,16.9824,16.7184,16.4718,16.2411,16.0249,15.8219,15.6306,15.4499,15.2788,15.1162,14.9613,14.8132,14.6712,14.5347,14.4031,14.2759,14.1526,14.0327,13.916,13.802,13.6904,13.5811,13.4736,13.3679,13.2637,13.1608,13.0591,12.9585,
 ,-114,14.8216,14.8746,14.9252,14.9734,15.0193,15.0629,15.1041,15.143,15.1796,15.2139,15.246,15.2759,15.3036,15.3292,15.3528,15.3744,15.394,15.4118,15.4278,15.4421,15.4547,15.4659,15.4755,15.4838,15.4909,15.4968,15.5016,15.5054,15.5084,15.5107,15.5123,15.5133,15.5139,15.5142,15.5143,15.5144,15.5144,15.5145,15.5149,15.5156,15.5168,15.5186,15.521,15.5243,15.5284,15.5335,15.5398,15.5472,15.556,15.5662,15.578,15.5913,15.6064,15.6234,15.6423,15.6632,15.6862,15.7115,15.7391,15.7691,15.8017,15.837,15.8749,15.9157,15.9594,16.0061,16.056,16.1091,16.1655,16.2254,16.2889,16.356,16.4268,16.5016,16.5803,16.6632,16.7503,16.8417,16.9376,17.0381,17.1434,17.2536,17.3687,17.489,17.6147,17.7458,17.8825,18.0251,18.1736,18.3282,18.4892,18.6568,18.831,19.0122,19.2006,19.3963,19.5997,19.8109,20.0303,20.258,20.4944,20.7398,20.9944,21.2586,21.5326,21.8169,22.1117,22.4175,22.7346,23.0634,23.4042,23.7576,24.1238,24.5033,24.8966,25.3041,25.7261,26.1632,26.6157,27.084,27.5685,28.0696,28.5875,29.1225,29.6747,30.2442,30.831,31.435,32.0557,32.6927,33.3453,34.0123,34.6927,35.3846,36.086,36.7946,37.5073,38.2207,38.9309,39.6334,40.3232,40.9947,41.6419,42.2585,42.8379,43.3732,43.8578,44.2852,44.6492,44.9446,45.1667,45.312,45.3782,45.3642,45.2703,45.0983,44.8509,44.5322,44.1473,43.7019,43.2025,42.6559,42.0689,41.4485,40.8015,40.1341,39.4525,38.7621,38.0678,37.374,36.6845,36.0027,35.3313,34.6726,34.0284,33.4003,32.7893,32.1963,31.6218,31.0661,30.5295,30.0118,29.5129,29.0327,28.5709,28.127,27.7007,27.2916,26.8994,26.5237,26.164,25.8201,25.4916,25.1784,24.8801,24.5966,24.3277,24.0733,23.8334,23.6079,23.3966,23.1998,23.0172,22.8488,22.6947,22.5547,22.4286,22.3162,22.2172,22.131,22.057,21.9944,21.942,21.8985,21.8622,21.8314,21.8039,21.7774,21.7494,21.7175,21.6794,21.6331,21.5768,21.5094,21.4306,21.3405,21.24,21.1307,21.0146,20.8942,20.7721,20.6512,20.5342,20.4239,20.3229,20.2334,20.1577,20.0977,20.0552,20.0316,20.0284,20.0465,20.0868,20.1498,20.2355,20.3432,20.4715,20.6179,20.7785,20.9479,21.1192,21.2836,21.4308,21.5499,21.6297,21.6602,21.6336,21.5456,21.3956,21.1872,20.9271,20.6248,20.2907,19.9355,19.5693,19.2004,18.8357,18.4805,18.1382,17.8113,17.501,17.2077,16.9313,16.6711,16.4265,16.1964,15.9797,15.7755,15.5826,15.4,15.2269,15.0622,14.9052,14.7551,14.6112,14.473,14.3398,14.2111,14.0866,13.9656,13.848,13.7332,13.6211,13.5113,13.4036,13.2978,13.1936,13.0909,12.9896,12.8894,12.7902,
 ,-115,14.5775,14.6298,14.6798,14.7277,14.7733,14.8167,14.8579,14.8969,14.9337,14.9684,15.001,15.0315,15.06,15.0865,15.1111,15.1338,15.1547,15.1739,15.1914,15.2073,15.2216,15.2345,15.2461,15.2564,15.2655,15.2735,15.2805,15.2867,15.292,15.2967,15.3007,15.3043,15.3075,15.3104,15.3132,15.3159,15.3186,15.3215,15.3246,15.3281,15.3321,15.3367,15.3419,15.348,15.3549,15.3629,15.3719,15.3822,15.3938,15.4068,15.4213,15.4374,15.4553,15.4749,15.4965,15.5202,15.5459,15.5739,15.6041,15.6368,15.672,15.7099,15.7504,15.7938,15.8401,15.8894,15.9419,15.9975,16.0566,16.119,16.1851,16.2548,16.3282,16.4056,16.487,16.5725,16.6623,16.7565,16.8552,16.9586,17.0668,17.1799,17.2981,17.4215,17.5504,17.6848,17.825,17.9711,18.1233,18.2818,18.4468,18.6185,18.7971,18.9828,19.176,19.3768,19.5855,19.8023,20.0276,20.2616,20.5047,20.7571,21.0192,21.2913,21.5739,21.8672,22.1716,22.4877,22.8158,23.1563,23.5097,23.8764,24.2571,24.652,25.0619,25.4871,25.9283,26.3858,26.8604,27.3524,27.8625,28.391,28.9384,29.5051,30.0914,30.6976,31.3239,31.9702,32.6363,33.3219,34.0264,34.749,35.4883,36.2429,37.0106,37.7889,38.5748,39.3645,40.1537,40.9374,41.7099,42.4649,43.1954,43.8939,44.5526,45.1633,45.7179,46.2085,46.6276,46.9685,47.2254,47.3941,47.4716,47.4565,47.3492,47.1516,46.8675,46.5018,46.0607,45.5514,44.9817,44.3598,43.6942,42.9929,42.2641,41.5151,40.7528,39.9836,39.213,38.4458,37.6863,36.9379,36.2035,35.4854,34.7856,34.1053,33.4456,32.8072,32.1904,31.5953,31.022,30.4701,29.9394,29.4294,28.9396,28.4695,28.0186,27.5862,27.1719,26.7751,26.3952,26.0319,25.6847,25.3533,25.0373,24.7364,24.4504,24.1791,23.9224,23.68,23.4519,23.238,23.0381,22.8522,22.6801,22.5216,22.3765,22.2444,22.125,22.0177,21.9217,21.8364,21.7607,21.6933,21.6329,21.5778,21.5262,21.4764,21.4263,21.374,21.3178,21.256,21.1873,21.111,21.0267,20.9345,20.835,20.7295,20.6195,20.5067,20.3934,20.2815,20.1735,20.0714,19.9773,19.8931,19.8206,19.7613,19.7167,19.688,19.6761,19.6819,19.7057,19.7478,19.8077,19.8845,19.9768,20.082,20.1967,20.3163,20.435,20.546,20.6417,20.7138,20.7545,20.7567,20.715,20.6265,20.4906,20.3098,20.0886,19.8336,19.5521,19.252,18.9406,18.6245,18.3093,17.9992,17.6977,17.4069,17.1283,16.8626,16.6102,16.3707,16.1439,15.9291,15.7256,15.5327,15.3495,15.1754,15.0094,14.851,14.6995,14.5542,14.4146,14.28,14.1501,14.0244,13.9024,13.7839,13.6684,13.5557,13.4455,13.3375,13.2315,13.1272,13.0246,12.9234,12.8235,12.7248,12.627,
 ,-116,14.3411,14.3927,14.4422,14.4896,14.535,14.5782,14.6194,14.6585,14.6955,14.7306,14.7636,14.7948,14.824,14.8513,14.8769,14.9007,14.9227,14.9432,14.9621,14.9794,14.9954,15.01,15.0233,15.0355,15.0465,15.0566,15.0657,15.074,15.0816,15.0885,15.0949,15.1009,15.1065,15.1119,15.1172,15.1224,15.1277,15.1332,15.139,15.1451,15.1518,15.159,15.167,15.1757,15.1853,15.1959,15.2077,15.2206,15.2349,15.2506,15.2677,15.2865,15.307,15.3293,15.3535,15.3798,15.4081,15.4386,15.4715,15.5067,15.5445,15.5849,15.628,15.6739,15.7227,15.7745,15.8295,15.8876,15.9492,16.0142,16.0827,16.155,16.231,16.311,16.395,16.4831,16.5756,16.6725,16.774,16.8802,16.9912,17.1073,17.2285,17.3551,17.4871,17.6248,17.7684,17.9181,18.0739,18.2363,18.4052,18.5811,18.7641,18.9545,19.1525,19.3584,19.5724,19.7949,20.0262,20.2665,20.5163,20.7759,21.0455,21.3258,21.6169,21.9194,22.2337,22.5602,22.8995,23.2519,23.6182,23.9987,24.3942,24.805,25.2319,25.6755,26.1364,26.6153,27.1127,27.6295,28.1662,28.7234,29.3018,29.902,30.5245,31.1697,31.8379,32.5295,33.2444,33.9825,34.7434,35.5264,36.3304,37.1539,37.995,38.851,39.7188,40.5944,41.4731,42.3494,43.2168,44.0681,44.8952,45.6893,46.4411,47.1408,47.7783,48.3441,48.8289,49.2242,49.523,49.7198,49.8107,49.7941,49.6703,49.442,49.1135,48.6913,48.1829,47.5973,46.9441,46.2334,45.4752,44.6794,43.8555,43.0122,42.1575,41.2985,40.4414,39.5915,38.7535,37.931,37.1269,36.3436,35.5829,34.846,34.1337,33.4465,32.7844,32.1474,31.5352,30.9474,30.3832,29.842,29.3232,28.826,28.3496,27.8932,27.4561,27.0376,26.6371,26.2539,25.8876,25.5376,25.2034,24.8848,24.5814,24.2929,24.0191,23.7598,23.5148,23.2838,23.0668,22.8636,22.6738,22.4974,22.3339,22.1831,22.0444,21.9173,21.8011,21.6951,21.5982,21.5095,21.4276,21.3511,21.2787,21.2087,21.1395,21.0697,20.9978,20.9225,20.8428,20.7582,20.6682,20.5731,20.4732,20.3694,20.2629,20.155,20.0474,19.9417,19.8397,19.743,19.6534,19.5724,19.5013,19.4415,19.3941,19.3599,19.3398,19.3341,19.3432,19.3668,19.4045,19.4553,19.5175,19.5889,19.6666,19.7465,19.8242,19.8942,19.9507,19.9877,19.9995,19.9809,19.9283,19.8395,19.7142,19.5538,19.3617,19.1424,18.9011,18.6436,18.3754,18.1015,17.8264,17.5537,17.2863,17.0263,16.7752,16.5338,16.3027,16.0818,15.8712,15.6705,15.4793,15.297,15.123,14.9569,14.7979,14.6456,14.4994,14.3587,14.2232,14.0923,13.9656,13.8428,13.7235,13.6073,13.4941,13.3833,13.275,13.1687,13.0644,12.9617,12.8606,12.7609,12.6624,12.5651,12.4688,
 ,-117,14.112,14.163,14.212,14.259,14.304,14.3471,14.3882,14.4274,14.4647,14.5001,14.5336,14.5652,14.5951,14.6233,14.6497,14.6745,14.6977,14.7193,14.7395,14.7583,14.7758,14.792,14.807,14.8209,14.8338,14.8457,14.8569,14.8672,14.8769,14.886,14.8946,14.9028,14.9108,14.9185,14.9262,14.9338,14.9416,14.9495,14.9578,14.9665,14.9757,14.9854,14.9959,15.0072,15.0194,15.0326,15.0469,15.0624,15.0793,15.0975,15.1172,15.1386,15.1616,15.1864,15.2132,15.2419,15.2727,15.3058,15.3411,15.3788,15.4191,15.4619,15.5074,15.5558,15.607,15.6613,15.7187,15.7794,15.8433,15.9108,15.9818,16.0566,16.1351,16.2176,16.3042,16.3949,16.49,16.5896,16.6938,16.8028,16.9166,17.0356,17.1598,17.2894,17.4247,17.5657,17.7127,17.8659,18.0254,18.1916,18.3645,18.5446,18.732,18.927,19.1298,19.3408,19.5602,19.7884,20.0257,20.2724,20.529,20.7957,21.0731,21.3615,21.6613,21.9731,22.2973,22.6345,22.9852,23.3499,23.7292,24.1238,24.5344,24.9615,25.406,25.8685,26.3497,26.8506,27.3718,27.9142,28.4787,29.0659,29.6769,30.3122,30.9728,31.6592,32.3722,33.1121,33.8793,34.6739,35.4958,36.3446,37.2193,38.1188,39.041,39.9835,40.9431,41.9155,42.8958,43.8777,44.8542,45.8169,46.7566,47.6627,48.5242,49.3292,50.0656,50.7214,51.2851,51.7461,52.0955,52.3261,52.4332,52.4146,52.2707,52.0049,51.6226,51.1319,50.5425,49.8655,49.1127,48.2965,47.4292,46.5226,45.588,44.6356,43.6745,42.7129,41.7577,40.8148,39.8889,38.9839,38.1029,37.248,36.4209,35.6225,34.8535,34.1139,33.4036,32.7222,32.069,31.4433,30.8442,30.2707,29.7218,29.1964,28.6937,28.2126,27.7522,27.3115,26.8899,26.4864,26.1005,25.7315,25.3789,25.0423,24.7212,24.4152,24.1241,23.8477,23.5856,23.3376,23.1035,22.883,22.676,22.482,22.3008,22.132,21.975,21.8293,21.6943,21.5692,21.4531,21.345,21.2438,21.1484,21.0575,20.9698,20.884,20.7988,20.713,20.6257,20.5361,20.4437,20.3481,20.2494,20.1479,20.0443,19.9394,19.8343,19.7301,19.6283,19.53,19.4368,19.3498,19.2703,19.1994,19.1381,19.0873,19.0476,19.0196,19.0036,18.9994,19.007,19.0257,19.0544,19.0917,19.1354,19.1831,19.2315,19.277,19.3152,19.3418,19.3523,19.3425,19.3086,19.2481,19.1592,19.0418,18.8969,18.7267,18.5346,18.3243,18.1,17.8659,17.6259,17.3834,17.1416,16.9029,16.6691,16.4416,16.2214,16.009,15.8049,15.6089,15.4211,15.2411,15.0687,14.9034,14.7447,14.5924,14.4459,14.3048,14.1687,14.0372,13.9098,13.7863,13.6664,13.5496,13.4358,13.3247,13.216,13.1094,13.0049,12.9022,12.8011,12.7015,12.6032,12.5062,12.4103,12.3153,
 ,-118,13.8899,13.9402,13.9887,14.0354,14.0801,14.1231,14.1642,14.2034,14.2409,14.2765,14.3104,14.3426,14.3732,14.402,14.4293,14.455,14.4793,14.5021,14.5235,14.5436,14.5625,14.5802,14.5968,14.6124,14.627,14.6408,14.6537,14.666,14.6777,14.6888,14.6995,14.7099,14.7201,14.73,14.7399,14.7499,14.76,14.7703,14.7809,14.792,14.8036,14.8158,14.8287,14.8425,14.8571,14.8728,14.8895,14.9075,14.9268,14.9475,14.9697,14.9934,15.0189,15.0462,15.0754,15.1065,15.1398,15.1752,15.2129,15.253,15.2957,15.3409,15.3888,15.4395,15.4931,15.5498,15.6096,15.6726,15.739,15.8088,15.8823,15.9594,16.0404,16.1254,16.2145,16.3078,16.4055,16.5077,16.6145,16.7262,16.8429,16.9648,17.0919,17.2246,17.363,17.5073,17.6576,17.8143,17.9775,18.1475,18.3245,18.5087,18.7005,18.9,19.1077,19.3238,19.5486,19.7825,20.0259,20.279,20.5424,20.8164,21.1015,21.3981,21.7067,22.0279,22.3622,22.7101,23.0723,23.4495,23.8421,24.2511,24.6771,25.1209,25.5833,26.0651,26.5674,27.0909,27.6366,28.2056,28.7989,29.4174,30.0623,30.7345,31.4352,32.1652,32.9255,33.7169,34.54,35.3954,36.2832,37.2034,38.1554,39.1382,40.1502,41.1889,42.2512,43.3328,44.4284,45.5312,46.6333,47.7253,48.7963,49.8342,50.8255,51.7561,52.6109,53.3751,54.0342,54.5749,54.9858,55.2578,55.3846,55.3634,55.1948,54.8829,54.435,53.8611,53.1734,52.3861,51.5139,50.572,49.5755,48.5386,47.4747,46.3957,45.3122,44.2334,43.1669,42.119,41.0949,40.0983,39.1324,38.199,37.2996,36.4347,35.6046,34.8091,34.0475,33.3191,32.6229,31.9576,31.3221,30.715,30.135,29.5808,29.0512,28.5448,28.0605,27.5972,27.154,26.7298,26.324,25.9356,25.5642,25.2092,24.87,24.5464,24.2378,23.9439,23.6646,23.3995,23.1483,22.9108,22.6866,22.4755,22.277,22.0908,21.9163,21.7531,21.6004,21.4575,21.3237,21.1979,21.0794,20.9669,20.8595,20.756,20.6553,20.5564,20.4583,20.3603,20.2615,20.1616,20.0604,19.9577,19.8539,19.7493,19.6446,19.5406,19.4382,19.3384,19.2422,19.1507,19.0649,18.9857,18.914,18.8506,18.7961,18.751,18.7156,18.6901,18.6744,18.668,18.6704,18.6805,18.697,18.7182,18.7417,18.7649,18.785,18.7985,18.8021,18.7924,18.7663,18.7209,18.6545,18.5657,18.4544,18.3213,18.168,17.9968,17.8106,17.6124,17.4054,17.1926,16.9768,16.7605,16.5457,16.3341,16.1269,15.9251,15.7293,15.54,15.3572,15.181,15.0114,14.848,14.6907,14.5392,14.3931,14.2522,14.1159,13.9842,13.8565,13.7326,13.6122,13.495,13.3808,13.2693,13.1602,13.0535,12.9487,12.8459,12.7448,12.6452,12.5471,12.4503,12.3546,12.26,12.1664,
 ,-119,13.6745,13.7242,13.7723,13.8185,13.863,13.9058,13.9468,13.9862,14.0238,14.0597,14.094,14.1267,14.1578,14.1874,14.2154,14.242,14.2673,14.2911,14.3137,14.3351,14.3553,14.3744,14.3925,14.4096,14.4259,14.4414,14.4561,14.4702,14.4838,14.4969,14.5096,14.522,14.5342,14.5463,14.5583,14.5705,14.5828,14.5953,14.6082,14.6216,14.6355,14.65,14.6652,14.6813,14.6983,14.7163,14.7354,14.7558,14.7774,14.8004,14.825,14.8511,14.8789,14.9085,14.94,14.9735,15.0091,15.0468,15.0869,15.1293,15.1742,15.2217,15.2719,15.325,15.3809,15.4398,15.5019,15.5673,15.636,15.7082,15.784,15.8635,15.9469,16.0343,16.1258,16.2216,16.3218,16.4266,16.5362,16.6506,16.77,16.8947,17.0248,17.1605,17.302,17.4495,17.6032,17.7633,17.9301,18.1039,18.2848,18.4732,18.6693,18.8735,19.086,19.3072,19.5374,19.777,20.0264,20.286,20.5562,20.8375,21.1303,21.4352,21.7527,22.0833,22.4277,22.7866,23.1604,23.5501,23.9563,24.3798,24.8215,25.2822,25.7629,26.2646,26.7883,27.3351,27.9061,28.5025,29.1256,29.7766,30.4568,31.1675,31.9102,32.6861,33.4964,34.3424,35.2252,36.1457,37.1046,38.1021,39.1383,40.2125,41.3235,42.4692,43.6466,44.8512,46.0777,47.3189,48.5659,49.8081,51.033,52.2264,53.3721,54.4529,55.4504,56.3459,57.1213,57.7596,58.2461,58.5688,58.7198,58.6953,58.4962,58.1275,57.5987,56.9228,56.1154,55.1943,54.1782,53.0859,51.9358,50.7452,49.5299,48.3038,47.0792,45.8663,44.6735,43.5075,42.3735,41.2754,40.2158,39.1966,38.2185,37.2819,36.3864,35.5312,34.7154,33.9375,33.1962,32.4897,31.8165,31.1748,30.5629,29.9791,29.422,28.8898,28.3813,27.8951,27.4299,26.9847,26.5585,26.1505,25.76,25.3862,25.0286,24.6869,24.3604,24.049,23.7522,23.4698,23.2015,22.9469,22.7058,22.4777,22.2624,22.0593,21.868,21.688,21.5185,21.359,21.2087,21.0667,20.9321,20.8042,20.6818,20.564,20.45,20.3387,20.2295,20.1215,20.0143,19.9073,19.8004,19.6935,19.5867,19.4803,19.3748,19.2707,19.1687,19.0696,18.9742,18.8832,18.7975,18.7177,18.6445,18.5785,18.5201,18.4697,18.4275,18.3935,18.3675,18.349,18.3376,18.3321,18.3314,18.3339,18.3378,18.341,18.3409,18.3351,18.3209,18.2957,18.2571,18.2031,18.1322,18.0436,17.9371,17.8131,17.6729,17.5181,17.3507,17.1732,16.9878,16.7971,16.6031,16.4079,16.2131,16.0203,15.8305,15.6447,15.4634,15.2871,15.1161,14.9505,14.7902,14.6352,14.4853,14.3404,14.2002,14.0644,13.9328,13.8051,13.6811,13.5606,13.4431,13.3286,13.2169,13.1076,13.0006,12.8957,12.7928,12.6916,12.592,12.494,12.3973,12.3018,12.2075,12.1142,12.0219,
 ,-120,13.4655,13.5147,13.5622,13.6081,13.6524,13.695,13.736,13.7754,13.8131,13.8493,13.884,13.9171,13.9488,13.979,14.0078,14.0352,14.0614,14.0862,14.1099,14.1325,14.1539,14.1744,14.1939,14.2125,14.2303,14.2474,14.2638,14.2796,14.295,14.3099,14.3245,14.3388,14.353,14.3671,14.3812,14.3954,14.4098,14.4245,14.4396,14.4551,14.4711,14.4879,14.5053,14.5236,14.5429,14.5631,14.5845,14.6071,14.631,14.6562,14.683,14.7114,14.7415,14.7733,14.8071,14.8428,14.8806,14.9206,14.9629,15.0075,15.0547,15.1044,15.1568,15.2121,15.2702,15.3314,15.3958,15.4633,15.5343,15.6088,15.6869,15.7687,15.8545,15.9442,16.0382,16.1364,16.2391,16.3464,16.4585,16.5756,16.6977,16.8252,16.9582,17.0969,17.2414,17.3921,17.5491,17.7127,17.8831,18.0606,18.2455,18.438,18.6384,18.8471,19.0644,19.2907,19.5263,19.7716,20.027,20.293,20.57,20.8586,21.1591,21.4723,21.7987,22.1388,22.4935,22.8632,23.2489,23.6512,24.071,24.5092,24.9668,25.4447,25.9441,26.4659,27.0115,27.5821,28.1789,28.8035,29.4573,30.1419,30.8587,31.6096,32.3961,33.2201,34.0831,34.9869,35.9332,36.9232,37.9583,39.0395,40.1672,41.3415,42.5616,43.826,45.1318,46.4752,47.8504,49.25,50.6643,52.0814,53.4871,54.8646,56.1946,57.4562,58.6266,59.6824,60.6005,61.3591,61.939,62.3247,62.5057,62.4771,62.2397,61.8004,61.1714,60.3696,59.4154,58.3312,57.1407,55.8675,54.5342,53.1617,51.7687,50.3716,48.9842,47.6179,46.2817,44.9828,43.7262,42.5155,41.3531,40.2402,39.177,38.1631,37.1977,36.2792,35.4061,34.5764,33.7881,33.039,32.3269,31.6497,31.0053,30.3915,29.8064,29.2482,28.7151,28.2056,27.7182,27.2517,26.8049,26.3769,25.9668,25.5739,25.1976,24.8373,24.4927,24.1633,23.8488,23.5489,23.2633,22.9916,22.7335,22.4887,22.2567,22.0372,21.8296,21.6334,21.4479,21.2727,21.1068,20.9497,20.8003,20.6581,20.522,20.3912,20.265,20.1424,20.0229,19.9058,19.7906,19.6768,19.5643,19.4529,19.3428,19.2339,19.1268,19.0217,18.9192,18.8198,18.7242,18.6328,18.5463,18.4652,18.39,18.3211,18.2588,18.2034,18.1549,18.1132,18.0782,18.0493,18.026,18.0074,17.9924,17.9797,17.9677,17.9547,17.9386,17.9176,17.8894,17.8522,17.804,17.7435,17.6693,17.5809,17.4782,17.3614,17.2314,17.0894,16.937,16.776,16.6081,16.4352,16.259,16.0813,15.9034,15.7264,15.5516,15.3795,15.2109,15.0462,14.8856,14.7294,14.5776,14.4302,14.2872,14.1483,14.0135,13.8826,13.7554,13.6316,13.5112,13.3937,13.2792,13.1672,13.0578,12.9507,12.8457,12.7426,12.6414,12.5418,12.4438,12.3472,12.2519,12.1577,12.0647,11.9727,11.8816,
 ,-121,13.2626,13.3113,13.3584,13.404,13.448,13.4904,13.5314,13.5708,13.6087,13.6451,13.6801,13.7136,13.7458,13.7766,13.8061,13.8343,13.8613,13.8872,13.9119,13.9355,13.9582,13.9799,14.0007,14.0207,14.04,14.0586,14.0766,14.094,14.1111,14.1277,14.1441,14.1602,14.1763,14.1923,14.2083,14.2245,14.2409,14.2576,14.2747,14.2923,14.3105,14.3293,14.3489,14.3693,14.3907,14.4131,14.4366,14.4613,14.4874,14.5148,14.5438,14.5743,14.6065,14.6406,14.6765,14.7143,14.7543,14.7964,14.8408,14.8877,14.9369,14.9888,15.0434,15.1008,15.1611,15.2245,15.291,15.3608,15.4339,15.5106,15.5909,15.675,15.7631,15.8551,15.9514,16.052,16.1572,16.267,16.3816,16.5012,16.6261,16.7563,16.8921,17.0337,17.1812,17.335,17.4953,17.6623,17.8363,18.0175,18.2062,18.4028,18.6075,18.8207,19.0428,19.2741,19.515,19.7659,20.0273,20.2997,20.5835,20.8793,21.1877,21.5091,21.8443,22.194,22.5588,22.9395,23.337,23.752,24.1856,24.6386,25.1122,25.6075,26.1257,26.668,27.2358,27.8306,28.4539,29.1074,29.7927,30.5118,31.2665,32.0589,32.8911,33.7652,34.6835,35.6482,36.6616,37.7256,38.8424,40.0136,41.2405,42.5239,43.864,45.2597,46.7091,48.2085,49.7525,51.3335,52.9411,54.5623,56.1807,57.7769,59.3279,60.808,62.1891,63.4418,64.5362,65.4443,66.1408,66.6055,66.8241,66.7901,66.5046,65.9767,65.2226,64.2644,63.1286,61.8443,60.4415,58.9498,57.3972,55.8089,54.2071,52.6107,51.0354,49.4937,47.9951,46.5468,45.1535,43.8185,42.5434,41.3285,40.1734,39.0768,38.0369,37.0516,36.1184,35.2347,34.3977,33.6047,32.8529,32.1396,31.4621,30.8179,30.2047,29.6203,29.0625,28.5296,28.0198,27.5317,27.0641,26.6157,26.1857,25.7732,25.3777,24.9985,24.6352,24.2874,23.9549,23.6371,23.3339,23.0449,22.7698,22.5082,22.2598,22.024,21.8005,21.5886,21.3878,21.1975,21.017,20.8455,20.6824,20.5268,20.378,20.2352,20.0977,19.9647,19.8357,19.71,19.5872,19.4669,19.3489,19.233,19.1191,19.0074,18.8981,18.7913,18.6876,18.5871,18.4905,18.398,18.3101,18.2273,18.1497,18.0778,18.0117,17.9515,17.8973,17.8488,17.8058,17.7679,17.7345,17.7049,17.678,17.6527,17.6278,17.6017,17.5729,17.5397,17.5006,17.454,17.3985,17.3328,17.2562,17.1681,17.0684,16.9573,16.8354,16.7036,16.5632,16.4153,16.2615,16.1032,15.9418,15.7786,15.6147,15.4513,15.2892,15.129,14.9714,14.8168,14.6655,14.5178,14.3736,14.2331,14.0963,13.9631,13.8333,13.7069,13.5838,13.4637,13.3465,13.2321,13.1202,13.0108,12.9036,12.7985,12.6954,12.5941,12.4946,12.3965,12.3,12.2047,12.1108,12.0179,11.9261,11.8353,11.7455,
 ,-122,13.0656,13.1138,13.1605,13.2057,13.2495,13.2918,13.3327,13.3721,13.4101,13.4468,13.4821,13.516,13.5486,13.58,13.6101,13.6391,13.6669,13.6936,13.7193,13.744,13.7678,13.7906,13.8127,13.834,13.8547,13.8747,13.8942,13.9132,13.9319,13.9502,13.9682,13.9861,14.0039,14.0217,14.0396,14.0577,14.076,14.0946,14.1137,14.1332,14.1534,14.1742,14.1958,14.2182,14.2417,14.2661,14.2917,14.3185,14.3466,14.3761,14.4071,14.4397,14.474,14.5101,14.5481,14.588,14.63,14.6743,14.7207,14.7696,14.821,14.8749,14.9316,14.9911,15.0535,15.1189,15.1875,15.2594,15.3347,15.4135,15.496,15.5823,15.6726,15.7669,15.8655,15.9684,16.0759,16.1881,16.3052,16.4274,16.5549,16.6878,16.8263,16.9708,17.1213,17.2782,17.4417,17.612,17.7894,17.9743,18.1669,18.3674,18.5764,18.7941,19.0208,19.2571,19.5033,19.7598,20.0272,20.3059,20.5964,20.8994,21.2154,21.5451,21.8891,22.2482,22.6232,23.0149,23.4241,23.8519,24.2992,24.7671,25.2568,25.7696,26.3068,26.8698,27.4601,28.0795,28.7296,29.4125,30.13,30.8845,31.6781,32.5133,33.3927,34.319,35.295,36.3236,37.4077,38.5502,39.754,41.0218,42.3557,43.7579,45.2292,46.7701,48.3792,50.054,51.7893,53.5778,55.4089,57.2682,59.1375,60.9941,62.8109,64.5565,66.1959,67.6917,69.0059,70.1013,70.9448,71.5092,71.7754,71.7345,71.388,70.748,69.8363,68.6822,67.3204,65.789,64.1264,62.3699,60.5538,58.7088,56.8612,55.0327,53.2406,51.4985,49.8161,48.2002,46.6552,45.1832,43.7848,42.4595,41.2056,40.0207,38.902,37.8465,36.8506,35.9109,35.0239,34.186,33.3938,32.6439,31.9333,31.2587,30.6174,30.0068,29.4243,28.868,28.3357,27.8259,27.337,26.868,26.4176,25.9851,25.5698,25.1712,24.7887,24.422,24.0708,23.7348,23.4136,23.1071,22.8147,22.5363,22.2714,22.0196,21.7803,21.5532,21.3375,21.1327,20.9381,20.753,20.5768,20.4087,20.248,20.094,19.946,19.8033,19.6653,19.5316,19.4016,19.275,19.1515,19.0309,18.9132,18.7983,18.6864,18.5775,18.4719,18.3699,18.2717,18.1777,18.088,18.0031,17.923,17.848,17.7782,17.7135,17.654,17.5994,17.5495,17.5039,17.4619,17.4229,17.3861,17.3505,17.3149,17.2782,17.2392,17.1964,17.1487,17.0947,17.0334,16.9638,16.8853,16.7975,16.7003,16.5937,16.4783,16.3547,16.2239,16.0867,15.9444,15.7981,15.6488,15.4977,15.3457,15.1937,15.0424,14.8925,14.7445,14.5988,14.4557,14.3154,14.1781,14.0439,13.9127,13.7846,13.6595,13.5373,13.4179,13.3012,13.1871,13.0755,12.9662,12.8591,12.7541,12.651,12.5497,12.4501,12.3521,12.2556,12.1604,12.0665,11.9738,11.8822,11.7917,11.702,11.6133,
 ,-123,12.8743,12.922,12.9683,13.0132,13.0567,13.0989,13.1397,13.1791,13.2173,13.2541,13.2897,13.324,13.357,13.3889,13.4197,13.4493,13.4779,13.5054,13.532,13.5577,13.5825,13.6065,13.6298,13.6523,13.6743,13.6957,13.7166,13.7371,13.7572,13.7771,13.7967,13.8163,13.8358,13.8553,13.8749,13.8947,13.9148,13.9353,13.9562,13.9776,13.9997,14.0224,14.0459,14.0703,14.0957,14.1221,14.1496,14.1784,14.2085,14.2399,14.2729,14.3075,14.3438,14.3819,14.4219,14.4638,14.5078,14.554,14.6025,14.6534,14.7067,14.7627,14.8213,14.8828,14.9472,15.0147,15.0854,15.1593,15.2366,15.3176,15.4022,15.4906,15.583,15.6795,15.7803,15.8855,15.9953,16.1099,16.2294,16.3541,16.4841,16.6196,16.7608,16.9081,17.0615,17.2214,17.3881,17.5616,17.7425,17.9309,18.1272,18.3318,18.5449,18.7669,18.9983,19.2395,19.4909,19.7529,20.0261,20.3111,20.6083,20.9184,21.242,21.5798,21.9326,22.3011,22.6862,23.0887,23.5097,23.9501,24.4112,24.8939,25.3998,25.9301,26.4863,27.07,27.683,28.3272,29.0045,29.7172,30.4675,31.258,32.0914,32.9706,33.8986,34.8789,35.9148,37.01,38.1683,39.3935,40.6896,42.0604,43.5095,45.0401,46.6548,48.3552,50.1417,52.0127,53.9645,55.9902,58.0793,60.2166,62.382,64.5495,66.687,68.7563,70.714,72.5125,74.1022,75.4344,76.4648,77.1565,77.4836,77.4338,77.0091,76.226,75.114,73.7124,72.0677,70.2294,68.2472,66.1682,64.0349,61.8842,59.747,57.648,55.6061,53.6354,51.7454,49.9423,48.2291,46.6068,45.0745,43.63,42.2704,40.9918,39.7902,38.6613,37.6004,36.6032,35.6651,34.7817,33.9489,33.1626,32.4189,31.7142,31.0451,30.4085,29.8017,29.222,28.6673,28.1356,27.6253,27.1352,26.664,26.2109,25.7752,25.3564,24.954,24.5677,24.1973,23.8424,23.5028,23.1782,22.8684,22.5729,22.2914,22.0235,21.7687,21.5264,21.2962,21.0773,20.8691,20.6711,20.4824,20.3024,20.1305,19.9659,19.808,19.6561,19.5097,19.3683,19.2314,19.0987,18.9699,18.8447,18.7229,18.6047,18.4898,18.3785,18.2707,18.1667,18.0666,17.9707,17.879,17.7917,17.709,17.6309,17.5575,17.4887,17.4244,17.3645,17.3085,17.2561,17.2068,17.16,17.1149,17.0707,17.0264,16.9812,16.9338,16.8834,16.8287,16.7689,16.7031,16.6305,16.5506,16.4631,16.3679,16.265,16.1548,16.0378,15.9147,15.7863,15.6534,15.5169,15.3777,15.2367,15.0947,14.9523,14.8103,14.6693,14.5296,14.3917,14.2558,14.1222,13.991,13.8624,13.7363,13.6128,13.4919,13.3736,13.2577,13.1442,13.033,12.924,12.8172,12.7122,12.6092,12.508,12.4085,12.3105,12.214,12.1189,12.0251,11.9325,11.841,11.7506,11.6611,11.5726,11.485,
 ,-124,12.6884,12.7356,12.7815,12.8261,12.8694,12.9114,12.9521,12.9916,13.0298,13.0669,13.1027,13.1373,13.1708,13.2032,13.2345,13.2648,13.2941,13.3224,13.3498,13.3764,13.4022,13.4273,13.4516,13.4754,13.4986,13.5212,13.5435,13.5653,13.5869,13.6082,13.6294,13.6505,13.6716,13.6928,13.714,13.7356,13.7574,13.7796,13.8022,13.8255,13.8493,13.8738,13.8992,13.9254,13.9526,13.9809,14.0103,14.041,14.0729,14.1063,14.1412,14.1777,14.2159,14.2559,14.2977,14.3416,14.3875,14.4356,14.486,14.5388,14.5941,14.652,14.7125,14.776,14.8423,14.9118,14.9844,15.0603,15.1396,15.2226,15.3092,15.3997,15.4942,15.5928,15.6958,15.8032,15.9152,16.0321,16.154,16.281,16.4135,16.5516,16.6955,16.8455,17.0018,17.1646,17.3343,17.5111,17.6953,17.8872,18.0872,18.2956,18.5128,18.7391,18.9751,19.221,19.4775,19.745,20.024,20.315,20.6188,20.9359,21.267,21.6129,21.9743,22.3521,22.7471,23.1605,23.593,24.0461,24.5207,25.0182,25.5401,26.0878,26.6631,27.2676,27.9033,28.5723,29.277,30.0197,30.8031,31.6302,32.504,33.4281,34.4059,35.4417,36.5394,37.7037,38.9393,40.2513,41.6447,43.1249,44.697,46.3659,48.1362,50.0113,51.9937,54.0839,56.2797,58.5758,60.9623,63.4239,65.9389,68.4779,71.0033,73.469,75.8209,77.9982,79.9362,81.5704,82.8406,83.6965,84.1024,84.041,83.5151,82.5475,81.1786,79.4621,77.4603,75.2387,72.8616,70.3887,67.8726,65.3575,62.8793,60.4654,58.1361,55.9054,53.7819,51.7703,49.8718,48.0853,46.408,44.8358,43.3638,41.9865,40.6982,39.4931,38.3655,37.3096,36.3198,35.3909,34.5177,33.6953,32.9191,32.1849,31.4887,30.8268,30.1959,29.5933,29.0162,28.4626,27.9307,27.419,26.9265,26.452,25.9952,25.5553,25.1322,24.7255,24.335,23.9604,23.6017,23.2586,22.9307,22.6179,22.3196,22.0355,21.7651,21.5078,21.2632,21.0305,20.8092,20.5985,20.3979,20.2066,20.0239,19.8493,19.6819,19.5214,19.367,19.2183,19.0748,18.9362,18.8021,18.6723,18.5465,18.4247,18.3068,18.1927,18.0826,17.9763,17.8741,17.776,17.6821,17.5924,17.507,17.426,17.3492,17.2766,17.208,17.1432,17.0819,17.0237,16.9681,16.9147,16.8626,16.8113,16.76,16.7077,16.6537,16.597,16.5368,16.4724,16.403,16.328,16.2471,16.1599,16.0663,15.9664,15.8605,15.7489,15.6322,15.5109,15.3857,15.2573,15.1265,14.9939,14.8603,14.7262,14.5922,14.4587,14.3262,14.1951,14.0655,13.9378,13.8121,13.6884,13.567,13.4477,13.3307,13.2159,13.1032,12.9927,12.8841,12.7776,12.6729,12.5701,12.469,12.3695,12.2716,12.1752,12.0801,11.9863,11.8938,11.8024,11.7121,11.6228,11.5345,11.447,11.3605,
 ,-125,12.5077,12.5545,12.6,12.6443,12.6873,12.7292,12.7699,12.8093,12.8476,12.8848,12.9208,12.9558,12.9897,13.0225,13.0543,13.0852,13.1152,13.1443,13.1725,13.2,13.2267,13.2527,13.2782,13.303,13.3273,13.3512,13.3747,13.3979,13.4208,13.4435,13.4662,13.4887,13.5113,13.534,13.5569,13.58,13.6034,13.6273,13.6516,13.6765,13.7021,13.7284,13.7555,13.7835,13.8124,13.8425,13.8737,13.9061,13.9399,13.9751,14.0118,14.0501,14.0901,14.1319,14.1756,14.2213,14.2691,14.319,14.3712,14.4259,14.483,14.5427,14.6052,14.6705,14.7387,14.81,14.8845,14.9624,15.0436,15.1285,15.2171,15.3096,15.4061,15.5068,15.6118,15.7214,15.8356,15.9547,16.0788,16.2083,16.3431,16.4837,16.6302,16.7828,16.9419,17.1076,17.2803,17.4602,17.6476,17.843,18.0466,18.2587,18.4799,18.7104,18.9508,19.2015,19.4629,19.7357,20.0203,20.3174,20.6276,20.9516,21.2901,21.6438,22.0137,22.4006,22.8055,23.2294,23.6735,24.1389,24.6269,25.1391,25.6768,26.2419,26.836,27.4611,28.1195,28.8134,29.5453,30.3181,31.1348,31.9987,32.9135,33.883,34.9115,36.0039,37.1651,38.4006,39.7163,41.1186,42.614,44.2095,45.9122,47.7291,49.6672,51.7326,53.9304,56.2639,58.7336,61.3367,64.0651,66.9042,69.8314,72.8145,75.81,78.7625,81.6046,84.2589,86.6406,88.663,90.2439,91.3138,91.8226,91.746,91.0877,89.8799,88.1786,86.0581,83.6027,80.8996,78.0328,75.0777,72.0991,69.1496,66.2702,63.4908,60.832,58.3067,55.9217,53.6791,51.5774,49.6127,47.7796,46.0713,44.4806,42.9999,41.6217,40.3385,39.1428,38.0277,36.9863,36.0123,35.0994,34.2419,33.4344,32.6718,31.9495,31.2632,30.6091,29.9839,29.3848,28.8093,28.2555,27.7219,27.2072,26.7106,26.2315,25.7696,25.3246,24.8963,24.4847,24.0896,23.7109,23.3484,23.002,22.6712,22.3557,22.0552,21.7691,21.4969,21.2379,20.9917,20.7574,20.5345,20.3223,20.12,19.9271,19.7428,19.5665,19.3977,19.2357,19.08,18.9302,18.7859,18.6466,18.5122,18.3824,18.2571,18.136,18.0191,17.9063,17.7977,17.6932,17.5928,17.4965,17.4044,17.3164,17.2325,17.1525,17.0764,17.0039,16.9348,16.8689,16.8057,16.7448,16.6857,16.6279,16.5707,16.5134,16.4554,16.3959,16.3342,16.2696,16.2015,16.1293,16.0525,15.9708,15.8838,15.7917,15.6943,15.5918,15.4846,15.3731,15.2576,15.1388,15.0172,14.8934,14.7679,14.6414,14.5142,14.387,14.2601,14.1338,14.0086,13.8846,13.7621,13.6412,13.522,13.4047,13.2892,13.1757,13.064,12.9543,12.8464,12.7404,12.6361,12.5335,12.4326,12.3333,12.2355,12.1391,12.0441,11.9503,11.8578,11.7665,11.6763,11.5871,11.4988,11.4115,11.3251,11.2395,
 ,-126,12.332,12.3783,12.4235,12.4675,12.5103,12.552,12.5926,12.6321,12.6704,12.7077,12.744,12.7792,12.8135,12.8467,12.8791,12.9105,12.9411,12.9709,12.9999,13.0281,13.0557,13.0827,13.1091,13.135,13.1604,13.1855,13.2102,13.2346,13.2588,13.2828,13.3068,13.3308,13.3548,13.3789,13.4033,13.4279,13.4529,13.4784,13.5043,13.5308,13.558,13.5859,13.6147,13.6443,13.675,13.7067,13.7396,13.7738,13.8093,13.8462,13.8847,13.9247,13.9665,14.01,14.0555,14.1029,14.1524,14.2041,14.2581,14.3145,14.3734,14.4349,14.4992,14.5663,14.6363,14.7094,14.7858,14.8654,14.9486,15.0353,15.1258,15.2202,15.3187,15.4214,15.5284,15.64,15.7564,15.8776,16.004,16.1356,16.2729,16.4158,16.5648,16.72,16.8817,17.0502,17.2258,17.4087,17.5994,17.798,18.0051,18.221,18.446,18.6806,18.9253,19.1806,19.4469,19.7248,20.0149,20.3179,20.6344,20.9651,21.3107,21.6722,22.0504,22.4462,22.8607,23.295,23.7503,24.2279,24.7291,25.2556,25.809,26.3911,27.0039,27.6494,28.3302,29.0487,29.8078,30.6106,31.4605,32.3612,33.317,34.3322,35.412,36.5618,37.7875,39.0958,40.4939,41.9895,43.5909,45.3071,47.1474,49.1216,51.2395,53.5105,55.9434,58.5452,61.3208,64.2707,67.3902,70.6673,74.0797,77.593,81.1582,84.7094,88.1636,91.4217,94.372,96.8975,98.885,100.237,100.882,100.785,99.9515,98.4276,96.2924,93.6493,90.6141,87.3037,83.8275,80.2813,76.7441,73.2777,69.9277,66.7255,63.6906,60.8334,58.1573,55.6605,53.3376,51.1809,49.1815,47.3294,45.6144,44.0266,42.556,41.1932,39.929,38.7549,37.6627,36.6446,35.6936,34.8026,33.9654,33.1761,32.4292,31.7199,31.0437,30.3968,29.776,29.1787,28.6027,28.0464,27.5087,26.9888,26.4863,26.0009,25.5326,25.0814,24.6474,24.2305,23.8307,23.448,23.0821,22.7327,22.3996,22.0823,21.7803,21.493,21.2198,20.96,20.713,20.4781,20.2546,20.0417,19.8389,19.6453,19.4605,19.2836,19.1143,18.9519,18.796,18.6462,18.502,18.3631,18.2293,18.1004,17.9761,17.8563,17.7408,17.6297,17.5228,17.4201,17.3216,17.227,17.1365,17.0498,16.9669,16.8875,16.8116,16.7388,16.6688,16.6013,16.5358,16.472,16.4093,16.3472,16.2851,16.2223,16.1584,16.0926,16.0245,15.9534,15.8789,15.8007,15.7183,15.6317,15.5407,15.4454,15.3458,15.2422,15.135,15.0243,14.9108,14.7948,14.6768,14.5573,14.4367,14.3155,14.1941,14.0728,13.9519,13.8318,13.7127,13.5947,13.478,13.3628,13.2492,13.1372,13.0268,12.918,12.8109,12.7055,12.6017,12.4995,12.3989,12.2997,12.202,12.1057,12.0108,11.9171,11.8246,11.7333,11.6431,11.5539,11.4658,11.3786,11.2923,11.2068,11.1221,
 ,-127,12.1611,12.207,12.2518,12.2955,12.3381,12.3797,12.4202,12.4596,12.4981,12.5355,12.5719,12.6074,12.642,12.6756,12.7084,12.7404,12.7716,12.802,12.8317,12.8608,12.8892,12.917,12.9444,12.9712,12.9977,13.0238,13.0496,13.0752,13.1006,13.1259,13.1512,13.1765,13.2018,13.2274,13.2532,13.2792,13.3057,13.3326,13.3601,13.3881,13.4168,13.4463,13.4767,13.5079,13.5402,13.5736,13.6081,13.6439,13.681,13.7196,13.7597,13.8014,13.8449,13.8901,13.9372,13.9863,14.0375,14.0909,14.1466,14.2047,14.2653,14.3285,14.3945,14.4633,14.535,14.6099,14.688,14.7694,14.8544,14.9429,15.0353,15.1315,15.2319,15.3365,15.4455,15.559,15.6774,15.8007,15.9292,16.0631,16.2026,16.3479,16.4993,16.657,16.8213,16.9925,17.1708,17.3567,17.5504,17.7523,17.9627,18.1821,18.4109,18.6495,18.8984,19.158,19.4291,19.712,20.0075,20.3162,20.6387,20.9759,21.3286,21.6975,22.0838,22.4883,22.9122,23.3566,23.8228,24.3123,24.8265,25.367,25.9357,26.5345,27.1655,27.8311,28.5339,29.2766,30.0625,30.8949,31.7777,32.7151,33.7117,34.7726,35.9037,37.1112,38.4021,39.7843,41.2662,42.8573,44.5679,46.4093,48.3934,50.5331,52.8418,55.3332,58.0206,60.9162,64.0303,67.3693,70.9338,74.7162,78.6971,82.8418,87.0964,91.3844,95.6042,99.6294,103.313,106.496,109.02,110.747,111.573,111.449,110.382,108.438,105.732,102.408,98.628,94.5487,90.3134,86.0426,81.8319,77.7523,73.8528,70.1642,66.7029,63.4745,60.4768,57.7026,55.1409,52.7793,50.604,48.6014,46.7577,45.0598,43.4954,42.0525,40.7203,39.4882,38.3467,37.2867,36.2997,35.3777,34.5133,33.6996,32.9303,32.1998,31.5029,30.8354,30.1936,29.5745,28.9759,28.3962,27.8343,27.2896,26.762,26.2515,25.7581,25.2823,24.8241,24.3839,23.9617,23.5575,23.1712,22.8025,22.4511,22.1165,21.7982,21.4956,21.208,20.9348,20.6752,20.4284,20.1939,19.9707,19.7582,19.5557,19.3626,19.1781,19.0018,18.8329,18.6712,18.516,18.367,18.2238,18.0861,17.9536,17.826,17.7033,17.5852,17.4716,17.3624,17.2573,17.1565,17.0596,16.9666,16.8774,16.7917,16.7095,16.6304,16.5543,16.4808,16.4095,16.3402,16.2724,16.2056,16.1394,16.0733,16.0067,15.9391,15.87,15.799,15.7256,15.6493,15.5699,15.4871,15.4008,15.3108,15.2172,15.12,15.0194,14.9156,14.809,14.6999,14.5886,14.4755,14.361,14.2454,14.1293,14.0128,13.8963,13.7801,13.6644,13.5495,13.4355,13.3226,13.2109,13.1005,12.9914,12.8839,12.7777,12.673,12.5698,12.4681,12.3678,12.2689,12.1714,12.0752,11.9803,11.8866,11.7942,11.7029,11.6127,11.5235,11.4354,11.3482,11.2619,11.1765,11.0919,11.0082,
 ,-128,11.9948,12.0403,12.0847,12.1281,12.1705,12.2119,12.2524,12.2918,12.3303,12.3678,12.4044,12.4402,12.475,12.5091,12.5423,12.5748,12.6065,12.6375,12.6679,12.6976,12.7268,12.7555,12.7837,12.8115,12.839,12.8661,12.893,12.9197,12.9462,12.9727,12.9992,13.0257,13.0524,13.0792,13.1064,13.1338,13.1617,13.19,13.2189,13.2484,13.2786,13.3096,13.3414,13.3742,13.408,13.4429,13.479,13.5163,13.555,13.5952,13.6369,13.6802,13.7252,13.772,13.8207,13.8714,13.9242,13.9793,14.0366,14.0963,14.1585,14.2234,14.291,14.3614,14.4349,14.5114,14.5912,14.6743,14.761,14.8513,14.9454,15.0434,15.1456,15.252,15.3629,15.4784,15.5987,15.724,15.8546,15.9905,16.1322,16.2797,16.4334,16.5935,16.7603,16.9341,17.1152,17.3039,17.5005,17.7055,17.9192,18.142,18.3744,18.6168,18.8697,19.1337,19.4093,19.6971,19.9977,20.3119,20.6403,20.9838,21.3432,21.7194,22.1135,22.5264,22.9593,23.4136,23.8904,24.3914,24.9181,25.4722,26.0558,26.6708,27.3196,28.0048,28.729,29.4955,30.3076,31.1691,32.0842,33.0576,34.0945,35.2007,36.3826,37.6476,39.0037,40.46,42.0266,43.7146,45.5366,47.5064,49.6391,51.9512,54.4604,57.1855,60.1455,63.3595,66.845,70.6164,74.6827,79.0438,83.6864,88.5789,93.6651,98.8581,104.036,109.038,113.671,117.718,120.956,123.187,124.259,124.098,122.716,120.209,116.744,112.529,107.787,102.733,97.5525,92.3957,87.3764,82.5734,78.0367,73.7931,69.8525,66.2127,62.8633,59.7893,56.9727,54.3944,52.0354,49.877,47.9013,46.092,44.4333,42.9112,41.5123,40.2245,39.0364,37.9374,36.9176,35.9679,35.0795,34.2446,33.4559,32.7067,31.9912,31.3044,30.6422,30.0014,29.3797,28.7755,28.1879,27.6166,27.0618,26.5238,26.0031,25.5004,25.0161,24.5507,24.1044,23.6773,23.2693,22.8802,22.5097,22.1573,21.8223,21.5041,21.202,20.9153,20.6431,20.3847,20.1392,19.906,19.6841,19.473,19.2719,19.08,18.8969,18.7219,18.5545,18.3942,18.2405,18.0931,17.9516,17.8156,17.685,17.5594,17.4386,17.3226,17.211,17.1037,17.0006,16.9015,16.8062,16.7146,16.6265,16.5416,16.4598,16.3808,16.3042,16.2298,16.1572,16.086,16.0158,15.9462,15.8767,15.8069,15.7364,15.6646,15.5913,15.516,15.4383,15.358,15.2749,15.1888,15.0997,15.0075,14.9123,14.8142,14.7134,14.6101,14.5046,14.3972,14.2882,14.1779,14.0666,13.9547,13.8424,13.73,13.6178,13.5059,13.3946,13.2841,13.1745,13.0658,12.9583,12.852,12.7469,12.6431,12.5405,12.4393,12.3394,12.2408,12.1435,12.0474,11.9526,11.859,11.7666,11.6752,11.585,11.4958,11.4076,11.3204,11.2341,11.1487,11.0642,10.9805,10.8975,
 ,-129,11.8329,11.878,11.9221,11.9652,12.0074,12.0487,12.089,12.1284,12.1669,12.2046,12.2414,12.2773,12.3125,12.3468,12.3805,12.4134,12.4456,12.4772,12.5082,12.5386,12.5686,12.598,12.6271,12.6557,12.6841,12.7122,12.7401,12.7678,12.7954,12.823,12.8507,12.8784,12.9063,12.9344,12.9628,12.9915,13.0207,13.0503,13.0806,13.1115,13.1431,13.1755,13.2088,13.243,13.2783,13.3146,13.3522,13.391,13.4312,13.4729,13.5161,13.5609,13.6074,13.6557,13.706,13.7582,13.8126,13.8691,13.928,13.9893,14.0531,14.1195,14.1887,14.2607,14.3357,14.4139,14.4953,14.5801,14.6683,14.7603,14.8561,14.9558,15.0597,15.1679,15.2806,15.3979,15.5201,15.6474,15.7799,15.9179,16.0616,16.2113,16.3672,16.5296,16.6988,16.8751,17.0587,17.2501,17.4496,17.6576,17.8744,18.1005,18.3364,18.5824,18.8392,19.1073,19.3873,19.6797,19.9853,20.3047,20.6388,20.9883,21.3542,21.7374,22.139,22.56,23.0016,23.4653,23.9524,24.4644,25.0032,25.5705,26.1683,26.799,27.4651,28.1691,28.9142,29.7036,30.5411,31.4309,32.3775,33.386,34.4623,35.6128,36.8447,38.1664,39.587,41.1169,42.7678,44.553,46.4872,48.5873,50.8717,53.3611,56.0784,59.0481,62.2966,65.8512,69.7392,73.9857,78.6115,83.6284,89.0342,94.8052,100.888,107.187,113.56,119.806,125.672,130.86,135.055,137.968,139.376,139.164,137.352,134.084,129.606,124.219,118.236,111.947,105.592,99.3577,93.3742,87.7253,82.4567,77.5866,73.1133,69.0229,65.2936,61.8998,58.8144,56.0103,53.4616,51.1441,49.0351,47.1142,45.3627,43.7633,42.3006,40.9604,39.7294,38.5955,37.5473,36.5743,35.6664,34.8145,34.0101,33.2454,32.5139,31.8096,31.128,30.4657,29.8201,29.1899,28.5745,27.9741,27.3892,26.8209,26.27,25.7377,25.2247,24.7318,24.2593,23.8076,23.3765,22.9659,22.5753,22.2043,21.8521,21.518,21.2012,20.9009,20.6161,20.3461,20.0899,19.8468,19.6158,19.3963,19.1874,18.9885,18.7989,18.6179,18.4451,18.2798,18.1217,17.9702,17.825,17.6857,17.552,17.4236,17.3003,17.1819,17.068,16.9586,16.8533,16.7521,16.6547,16.561,16.4706,16.3835,16.2992,16.2176,16.1384,16.0613,15.9859,15.9119,15.8388,15.7664,15.6942,15.6218,15.5489,15.475,15.3998,15.3229,15.2441,15.1632,15.0798,14.994,14.9056,14.8146,14.721,14.625,14.5266,14.4261,14.3236,14.2195,14.1139,14.0071,13.8994,13.7911,13.6823,13.5734,13.4646,13.356,13.2479,13.1404,13.0336,12.9276,12.8226,12.7186,12.6157,12.5139,12.4133,12.3139,12.2156,12.1185,12.0226,11.9279,11.8343,11.7419,11.6505,11.5602,11.471,11.3827,11.2954,11.2091,11.1236,11.039,10.9553,10.8723,10.7901,
 ,-130,11.6753,11.72,11.7637,11.8066,11.8486,11.8897,11.9299,11.9693,12.0079,12.0456,12.0825,12.1187,12.1541,12.1888,12.2228,12.2561,12.2888,12.3209,12.3525,12.3836,12.4142,12.4444,12.4742,12.5037,12.5329,12.5619,12.5908,12.6195,12.6481,12.6768,12.7055,12.7343,12.7634,12.7926,12.8222,12.8522,12.8826,12.9136,12.9451,12.9773,13.0103,13.044,13.0786,13.1142,13.1509,13.1887,13.2276,13.2679,13.3095,13.3526,13.3972,13.4435,13.4914,13.5412,13.5929,13.6467,13.7025,13.7605,13.8208,13.8836,13.9489,14.0168,14.0875,14.161,14.2376,14.3173,14.4002,14.4865,14.5764,14.67,14.7673,14.8687,14.9743,15.0841,15.1985,15.3176,15.4416,15.5707,15.7051,15.845,15.9907,16.1425,16.3005,16.4651,16.6366,16.8153,17.0014,17.1954,17.3976,17.6084,17.8282,18.0574,18.2966,18.5461,18.8066,19.0787,19.3628,19.6596,19.9699,20.2944,20.6339,20.9892,21.3613,21.7511,22.1598,22.5885,23.0385,23.5112,24.008,24.5307,25.0809,25.6608,26.2724,26.9181,27.6006,28.3227,29.0877,29.8992,30.7612,31.6781,32.655,33.6974,34.8118,36.0052,37.2858,38.6626,40.1462,41.7482,43.4822,45.3635,47.4093,49.6396,52.0767,54.7459,57.6758,60.8979,64.447,68.3606,72.6781,77.4388,82.6794,88.4292,94.7037,101.495,108.758,116.399,124.254,132.079,139.543,146.239,151.722,155.565,157.432,157.151,154.749,150.447,144.612,137.682,130.099,122.252,114.451,106.917,99.7964,93.17,87.0722,81.5045,76.448,71.8716,67.7381,64.0084,60.6438,57.6078,54.8665,52.3889,50.1474,48.117,46.2754,44.6024,43.0802,41.6921,40.4234,39.26,38.1892,37.1986,36.2769,35.4134,34.5982,33.8224,33.078,32.3586,31.6588,30.9748,30.3042,29.646,29,28.3672,27.7487,27.1463,26.5616,25.9961,25.4513,24.928,24.427,23.9485,23.4926,23.0591,22.6474,22.2569,21.8869,21.5365,21.2047,20.8907,20.5933,20.3118,20.045,19.7922,19.5523,19.3246,19.1083,18.9025,18.7067,18.52,18.342,18.172,18.0096,17.8542,17.7055,17.563,17.4264,17.2954,17.1696,17.0489,16.9329,16.8214,16.7142,16.611,16.5117,16.416,16.3237,16.2344,16.1481,16.0643,15.9829,15.9035,15.8257,15.7493,15.6739,15.5992,15.5248,15.4503,15.3754,15.2997,15.223,15.145,15.0653,14.9838,14.9003,14.8147,14.727,14.637,14.5448,14.4504,14.3541,14.2559,14.1559,14.0545,13.9517,13.8479,13.7432,13.6379,13.5321,13.4262,13.3202,13.2145,13.109,13.004,12.8997,12.796,12.6932,12.5913,12.4902,12.3903,12.2913,12.1934,12.0966,12.0008,11.9062,11.8126,11.7202,11.6288,11.5384,11.449,11.3606,11.2732,11.1867,11.1012,11.0165,10.9326,10.8496,10.7673,10.6859,
 ,-131,11.5218,11.5661,11.6095,11.6521,11.6939,11.7348,11.775,11.8143,11.8529,11.8907,11.9277,11.9641,11.9997,12.0347,12.069,12.1028,12.1359,12.1686,12.2007,12.2324,12.2636,12.2945,12.325,12.3553,12.3853,12.4152,12.4449,12.4746,12.5042,12.5338,12.5636,12.5935,12.6236,12.654,12.6847,12.7159,12.7475,12.7796,12.8124,12.8458,12.88,12.9151,12.951,12.9879,13.0258,13.0649,13.1052,13.1468,13.1898,13.2343,13.2803,13.3279,13.3772,13.4284,13.4815,13.5366,13.5938,13.6533,13.715,13.7792,13.8459,13.9152,13.9873,14.0623,14.1403,14.2215,14.3059,14.3937,14.4851,14.5802,14.6791,14.782,14.8891,15.0006,15.1167,15.2374,15.3631,15.4939,15.6301,15.7719,15.9195,16.0732,16.2333,16.4,16.5736,16.7545,16.943,17.1395,17.3442,17.5577,17.7803,18.0126,18.2549,18.5077,18.7718,19.0475,19.3355,19.6366,19.9514,20.2806,20.6252,20.986,21.3639,21.7601,22.1755,22.6116,23.0695,23.5506,24.0567,24.5894,25.1506,25.7424,26.3669,27.0269,27.725,28.4643,29.2482,30.0806,30.9658,31.9086,32.9143,33.9891,35.1398,36.3743,37.7014,39.1313,40.6755,42.3472,44.1618,46.1365,48.2915,50.6499,53.238,56.0864,59.2298,62.7075,66.5642,70.8493,75.6167,80.9234,86.8272,93.3813,100.627,108.583,117.225,126.47,136.142,145.951,155.474,164.16,171.374,176.485,178.986,178.608,175.395,169.687,162.035,153.084,143.452,133.659,124.095,115.018,106.577,98.8408,91.8197,85.4897,79.8064,74.7155,70.1599,66.0838,62.4348,59.165,56.2316,53.5963,51.2256,49.0899,47.1629,45.4217,43.8456,42.416,41.1161,39.9303,38.8439,37.8431,36.9148,36.0466,35.2271,34.4455,33.6927,32.961,32.2443,31.5385,30.8413,30.1522,29.4719,28.8021,28.1453,27.504,26.8807,26.2779,25.6973,25.1403,24.6078,24.1002,23.6175,23.1595,22.7254,22.3146,21.9261,21.5589,21.2119,20.884,20.5741,20.281,20.0038,19.7415,19.4929,19.2573,19.0338,18.8214,18.6196,18.4275,18.2445,18.0701,17.9036,17.7445,17.5924,17.4469,17.3076,17.174,17.0459,16.9231,16.8051,16.6917,16.5827,16.4777,16.3767,16.2792,16.1851,16.0942,16.006,15.9204,15.8371,15.7557,15.676,15.5977,15.5204,15.4438,15.3675,15.2914,15.2149,15.1379,15.06,14.981,14.9006,14.8188,14.7352,14.6498,14.5626,14.4734,14.3824,14.2895,14.1948,14.0984,14.0006,13.9013,13.801,13.6996,13.5974,13.4945,13.3913,13.2879,13.1843,13.0809,12.9777,12.8749,12.7726,12.6709,12.57,12.4698,12.3704,12.2719,12.1744,12.0778,11.9823,11.8877,11.7942,11.7017,11.6101,11.5196,11.4301,11.3416,11.254,11.1673,11.0815,10.9967,10.9127,10.8295,10.7471,10.6655,10.5847,
 ,-132,11.3721,11.4161,11.4592,11.5016,11.5431,11.5839,11.624,11.6633,11.7018,11.7397,11.7769,11.8134,11.8492,11.8845,11.9191,11.9532,11.9868,12.0199,12.0526,12.0848,12.1166,12.1482,12.1794,12.2104,12.2412,12.2718,12.3024,12.3329,12.3634,12.394,12.4248,12.4557,12.4868,12.5183,12.5501,12.5823,12.615,12.6483,12.6823,12.7169,12.7523,12.7885,12.8257,12.8638,12.903,12.9434,12.9849,13.0278,13.0721,13.1178,13.1651,13.214,13.2647,13.3172,13.3716,13.4281,13.4866,13.5474,13.6105,13.676,13.744,13.8147,13.8882,13.9646,14.044,14.1265,14.2123,14.3015,14.3943,14.4909,14.5912,14.6957,14.8043,14.9173,15.0349,15.1572,15.2845,15.417,15.5549,15.6984,15.8478,16.0034,16.1653,16.334,16.5097,16.6928,16.8835,17.0823,17.2894,17.5055,17.7308,17.9658,18.2111,18.4671,18.7344,19.0136,19.3054,19.6104,19.9294,20.2631,20.6125,20.9784,21.3619,21.7639,22.1858,22.6286,23.0939,23.5831,24.0979,24.64,25.2114,25.8143,26.4511,27.1244,27.8371,28.5925,29.3942,30.2462,31.1532,32.1202,33.1531,34.2582,35.4431,36.7163,38.0873,39.5673,41.1689,42.9069,44.7981,46.8623,49.1221,51.6039,54.3386,57.3619,60.7151,64.4463,68.6107,73.2713,78.4991,84.3725,90.9748,98.3908,106.698,115.953,126.17,137.293,149.152,161.416,173.557,184.84,194.365,201.199,204.568,204.058,199.733,192.122,182.06,170.487,158.268,146.087,134.417,123.543,113.603,104.635,96.6096,89.466,83.1247,77.5017,72.5156,68.0905,64.158,60.6579,57.5371,54.7498,52.2561,50.0215,48.0161,46.2137,44.5913,43.128,41.8052,40.6055,39.5126,38.5107,37.585,36.7211,35.9053,35.125,34.3693,33.6289,32.8969,32.1688,31.4428,30.7188,29.9989,29.2863,28.5848,27.8984,27.2308,26.5852,25.9641,25.3693,24.8019,24.2624,23.7507,23.2664,22.8086,22.3765,21.9688,21.5844,21.2218,20.88,20.5574,20.253,19.9655,19.6938,19.4368,19.1935,18.963,18.7444,18.5368,18.3396,18.1519,17.9732,17.8028,17.6403,17.4851,17.3367,17.1948,17.0589,16.9287,16.8039,16.684,16.5689,16.4583,16.3518,16.2492,16.1503,16.0547,15.9622,15.8725,15.7854,15.7005,15.6176,15.5363,15.4564,15.3776,15.2995,15.2218,15.1442,15.0666,14.9884,14.9096,14.8299,14.7491,14.6669,14.5833,14.4982,14.4114,14.323,14.2329,14.1411,14.0478,13.953,13.8568,13.7594,13.661,13.5616,13.4614,13.3607,13.2595,13.1581,13.0566,12.9551,12.8538,12.7528,12.6522,12.5522,12.4528,12.354,12.256,12.1589,12.0626,11.9671,11.8726,11.7791,11.6865,11.5948,11.5041,11.4144,11.3257,11.2378,11.1509,11.0649,10.9798,10.8955,10.8121,10.7295,10.6477,10.5667,10.4865,
 ,-133,11.2263,11.2699,11.3127,11.3548,11.3962,11.4368,11.4768,11.516,11.5546,11.5925,11.6298,11.6664,11.7025,11.738,11.7729,11.8074,11.8413,11.8749,11.908,11.9407,11.9731,12.0053,12.0371,12.0688,12.1003,12.1318,12.1631,12.1944,12.2258,12.2573,12.289,12.3208,12.3529,12.3854,12.4182,12.4515,12.4853,12.5196,12.5547,12.5904,12.6269,12.6643,12.7026,12.742,12.7823,12.8239,12.8667,12.9108,12.9562,13.0032,13.0517,13.1019,13.1538,13.2076,13.2632,13.3209,13.3807,13.4428,13.5071,13.5739,13.6433,13.7153,13.79,13.8677,13.9484,14.0322,14.1194,14.21,14.3041,14.402,14.5038,14.6096,14.7196,14.8341,14.9531,15.077,15.2058,15.3399,15.4793,15.6245,15.7756,15.9329,16.0967,16.2672,16.4449,16.6299,16.8227,17.0237,17.2331,17.4515,17.6793,17.917,18.165,18.424,18.6944,18.9769,19.2721,19.5808,19.9037,20.2416,20.5955,20.9662,21.3548,21.7623,22.1901,22.6393,23.1115,23.6081,24.1309,24.6817,25.2627,25.8759,26.5239,27.2095,27.9358,28.7061,29.5242,30.3944,31.3215,32.3109,33.3688,34.5021,35.7186,37.0275,38.4392,39.9657,41.6206,43.4202,45.383,47.5308,49.8889,52.4871,55.3605,58.5502,62.1046,66.0804,70.5444,75.5744,81.2601,87.7041,95.0206,103.332,112.763,123.424,135.387,148.647,163.063,178.286,193.68,208.281,220.836,229.976,234.521,233.828,228.002,217.857,204.655,189.757,174.351,159.313,145.197,132.294,120.703,110.407,101.324,93.3375,86.3258,80.1685,74.7555,69.9884,65.7813,62.0603,58.7618,55.8319,53.2245,50.9003,48.8255,46.971,45.3114,43.824,42.4883,41.2852,40.1967,39.2052,38.2936,37.4451,36.6434,35.8736,35.122,34.3775,33.6321,32.881,32.1225,31.3581,30.5917,29.8283,29.074,28.3345,27.6151,26.9201,26.2528,25.6154,25.0092,24.4346,23.8914,23.379,22.8961,22.4417,22.0141,21.612,21.2337,20.8777,20.5426,20.2269,19.9292,19.6484,19.3832,19.1326,18.8954,18.6707,18.4577,18.2556,18.0635,17.8808,17.7068,17.5411,17.3829,17.2319,17.0876,16.9496,16.8174,16.6908,16.5693,16.4527,16.3406,16.2328,16.1289,16.0287,15.9318,15.8381,15.7472,15.6588,15.5727,15.4886,15.4061,15.3249,15.2449,15.1656,15.0869,15.0083,14.9297,14.8507,14.7713,14.691,14.6098,14.5275,14.4439,14.359,14.2726,14.1847,14.0954,14.0046,13.9124,13.8189,13.7241,13.6282,13.5312,13.4334,13.3349,13.2359,13.1364,13.0366,12.9367,12.8368,12.737,12.6375,12.5384,12.4397,12.3415,12.244,12.1471,12.051,11.9557,11.8612,11.7676,11.6748,11.583,11.4921,11.4021,11.3131,11.2249,11.1377,11.0513,10.9659,10.8813,10.7976,10.7147,10.6326,10.5514,10.4709,10.3912,
 ,-134,11.0842,11.1274,11.1699,11.2118,11.2529,11.2934,11.3332,11.3724,11.411,11.4489,11.4863,11.5231,11.5593,11.595,11.6302,11.665,11.6993,11.7333,11.7668,11.8001,11.833,11.8657,11.8982,11.9305,11.9627,11.9948,12.0269,12.059,12.0912,12.1235,12.156,12.1888,12.2218,12.2552,12.289,12.3233,12.3581,12.3935,12.4295,12.4663,12.5039,12.5424,12.5818,12.6222,12.6637,12.7064,12.7503,12.7956,12.8422,12.8903,12.94,12.9914,13.0445,13.0994,13.1563,13.2152,13.2762,13.3394,13.405,13.473,13.5435,13.6168,13.6928,13.7717,13.8536,13.9387,14.0271,14.1189,14.2144,14.3135,14.4166,14.5238,14.6351,14.751,14.8714,14.9966,15.1269,15.2624,15.4034,15.5501,15.7028,15.8617,16.0272,16.1995,16.3789,16.5658,16.7606,16.9636,17.1751,17.3958,17.6259,17.866,18.1166,18.3782,18.6515,18.937,19.2354,19.5476,19.8741,20.2159,20.5738,20.9489,21.3422,21.7549,22.188,22.6431,23.1216,23.6251,24.1552,24.714,25.3036,25.9263,26.5846,27.2815,28.0201,28.8039,29.6369,30.5236,31.469,32.4788,33.5594,34.7181,35.9633,37.3046,38.7532,40.3217,42.025,43.8805,45.9083,48.1322,50.58,53.2849,56.2858,59.6291,63.3702,67.5746,72.3206,77.7012,83.8262,90.8241,98.8433,108.05,118.625,130.746,144.564,160.156,177.444,196.093,215.375,234.069,250.467,262.594,268.685,267.752,259.956,246.544,229.389,210.425,191.242,172.922,156.081,140.976,127.64,115.973,105.817,96.9911,89.3215,82.6471,76.8258,71.7352,67.271,63.3453,59.884,56.8252,54.1166,51.7144,49.5814,47.6857,45.9999,44.4995,43.1626,41.9686,40.8978,39.9305,39.0473,38.2285,37.4545,36.7067,35.9685,35.226,34.4694,33.6935,32.8977,32.0852,31.2625,30.4378,29.62,28.8172,28.0368,27.2844,26.5641,25.8786,25.2291,24.616,24.0387,23.4961,22.9867,22.5089,22.0608,21.6406,21.2463,20.8762,20.5286,20.2017,19.8942,19.6045,19.3315,19.0737,18.8302,18.5998,18.3817,18.1749,17.9786,17.7922,17.615,17.4462,17.2854,17.132,16.9855,16.8456,16.7117,16.5835,16.4606,16.3426,16.2293,16.1204,16.0154,15.9142,15.8163,15.7216,15.6298,15.5405,15.4534,15.3683,15.2849,15.2029,15.1219,15.0418,14.9623,14.883,14.8037,14.7242,14.6442,14.5636,14.4822,14.3998,14.3162,14.2315,14.1454,14.0581,13.9694,13.8793,13.788,13.6955,13.6018,13.507,13.4113,13.3148,13.2176,13.1198,13.0216,12.9231,12.8245,12.7258,12.6273,12.5289,12.4309,12.3332,12.236,12.1395,12.0435,11.9482,11.8537,11.76,11.667,11.575,11.4837,11.3934,11.304,11.2155,11.1278,11.0411,10.9552,10.8702,10.7861,10.7029,10.6204,10.5388,10.458,10.378,10.2987,
 ,-135,10.9455,10.9884,11.0306,11.0722,11.1132,11.1535,11.1932,11.2324,11.2709,11.3089,11.3463,11.3832,11.4196,11.4555,11.491,11.526,11.5607,11.595,11.629,11.6627,11.6961,11.7293,11.7624,11.7953,11.8281,11.8609,11.8937,11.9266,11.9595,11.9926,12.0259,12.0595,12.0934,12.1277,12.1624,12.1976,12.2333,12.2697,12.3067,12.3445,12.3832,12.4227,12.4631,12.5046,12.5471,12.5909,12.6359,12.6822,12.73,12.7792,12.83,12.8824,12.9367,12.9927,13.0507,13.1107,13.1729,13.2372,13.3039,13.3731,13.4448,13.5192,13.5963,13.6764,13.7595,13.8458,13.9354,14.0284,14.125,14.2254,14.3297,14.4381,14.5508,14.6678,14.7896,14.9161,15.0477,15.1846,15.327,15.4752,15.6293,15.7898,15.9568,16.1307,16.3118,16.5004,16.697,16.9018,17.1154,17.338,17.5703,17.8126,18.0656,18.3297,18.6056,18.8939,19.1953,19.5105,19.8403,20.1856,20.5473,20.9265,21.324,21.7412,22.1793,22.6397,23.1239,23.6335,24.1703,24.7363,25.3337,25.9648,26.6324,27.3393,28.0889,28.8848,29.7312,30.6326,31.5942,32.622,33.7227,34.9039,36.1744,37.5443,39.0253,40.6309,42.3768,44.2814,46.3664,48.6573,51.1843,53.9832,57.0969,60.5767,64.4842,68.8934,73.8936,79.5926,86.1199,93.6302,102.307,112.364,124.043,137.599,153.282,171.274,191.604,213.992,237.656,261.113,282.115,297.909,305.925,304.691,294.45,277.054,255.2,231.546,208.141,186.268,166.56,149.203,134.121,121.111,109.922,100.301,92.0169,84.865,78.6708,73.2877,68.5933,64.4861,60.8822,57.7121,54.918,52.452,50.2739,48.3496,46.6501,45.1496,43.8251,42.6547,41.6172,40.6911,39.854,39.0827,38.3536,37.6432,36.9304,36.1975,35.4324,34.6293,33.7888,32.9174,32.0254,31.1254,30.2301,29.3513,28.4985,27.6791,26.898,26.158,25.4604,24.805,24.1908,23.6161,23.0789,22.5768,22.1077,21.669,21.2587,20.8745,20.5145,20.1768,19.8596,19.5614,19.2807,19.0162,18.7667,18.5309,18.308,18.0969,17.8969,17.707,17.5267,17.3552,17.192,17.0365,16.8881,16.7464,16.611,16.4815,16.3574,16.2383,16.1241,16.0142,15.9084,15.8064,15.7078,15.6124,15.5199,15.4299,15.3422,15.2565,15.1725,15.0898,15.0083,14.9277,14.8476,14.7678,14.6881,14.6082,14.528,14.4472,14.3656,14.2832,14.1997,14.1152,14.0294,13.9425,13.8543,13.7648,13.6742,13.5824,13.4895,13.3956,13.3008,13.2052,13.109,13.0122,12.915,12.8175,12.7198,12.622,12.5244,12.4269,12.3296,12.2327,12.1363,12.0404,11.9451,11.8505,11.7565,11.6633,11.5709,11.4793,11.3886,11.2987,11.2097,11.1216,11.0343,10.948,10.8625,10.7779,10.6941,10.6112,10.5292,10.4479,10.3675,10.2879,10.209,
 ,-136,10.8102,10.8528,10.8947,10.9361,10.9768,11.017,11.0566,11.0957,11.1342,11.1722,11.2096,11.2466,11.2832,11.3193,11.355,11.3903,11.4253,11.4599,11.4943,11.5284,11.5623,11.596,11.6296,11.6631,11.6965,11.7299,11.7634,11.7969,11.8306,11.8644,11.8985,11.9329,11.9676,12.0027,12.0382,12.0743,12.111,12.1482,12.1862,12.225,12.2645,12.305,12.3464,12.3889,12.4325,12.4772,12.5233,12.5706,12.6194,12.6697,12.7215,12.775,12.8303,12.8874,12.9464,13.0075,13.0707,13.1362,13.204,13.2742,13.347,13.4224,13.5007,13.5819,13.6661,13.7534,13.8441,13.9383,14.0361,14.1376,14.243,14.3526,14.4664,14.5847,14.7076,14.8354,14.9683,15.1064,15.2501,15.3996,15.5551,15.717,15.8854,16.0608,16.2434,16.4337,16.6319,16.8384,17.0537,17.2783,17.5125,17.7568,18.0119,18.2783,18.5566,18.8473,19.1514,19.4694,19.8022,20.1507,20.5157,20.8984,21.2998,21.7211,22.1636,22.6287,23.118,23.633,24.1757,24.748,25.3523,25.9909,26.6666,27.3823,28.1415,28.9479,29.8058,30.7199,31.6956,32.7389,33.8569,35.0573,36.3494,37.7437,39.2522,40.8892,42.6711,44.6172,46.7504,49.0977,51.6912,54.5692,57.7779,61.3727,65.4206,70.0033,75.2197,81.1909,88.0642,96.019,105.272,116.082,128.751,143.617,161.031,181.304,204.594,230.725,258.909,287.43,313.47,333.37,343.575,341.998,328.991,307.163,280.209,251.61,223.885,198.479,175.996,156.508,139.809,125.576,113.462,103.138,94.3159,86.7505,80.2364,74.6044,69.7159,65.4575,61.7362,58.4762,55.6151,53.1017,50.8934,48.9546,47.2552,45.7688,44.4717,43.3414,42.3556,41.4906,40.7213,40.0201,39.3579,38.7049,38.0334,37.3202,36.5497,35.7153,34.8199,33.8746,32.8956,31.9018,30.9114,29.9405,29.0018,28.1041,27.2531,26.4519,25.7009,24.9995,24.3457,23.7371,23.1707,22.6437,22.153,21.6959,21.2695,20.8715,20.4993,20.151,19.8246,19.5182,19.2304,18.9595,18.7043,18.4636,18.2362,18.0212,17.8176,17.6247,17.4416,17.2677,17.1024,16.9449,16.7949,16.6518,16.5151,16.3845,16.2594,16.1396,16.0245,15.914,15.8077,15.7051,15.6061,15.5103,15.4174,15.327,15.2389,15.1529,15.0685,14.9856,14.9038,14.8228,14.7425,14.6624,14.5825,14.5025,14.4222,14.3413,14.2597,14.1774,14.094,14.0097,13.9242,13.8375,13.7497,13.6607,13.5705,13.4792,13.3869,13.2937,13.1995,13.1046,13.009,12.9129,12.8163,12.7194,12.6224,12.5253,12.4282,12.3312,12.2345,12.1382,12.0422,11.9468,11.8519,11.7577,11.6641,11.5713,11.4792,11.3879,11.2975,11.2079,11.1192,11.0313,10.9444,10.8583,10.7731,10.6887,10.6053,10.5226,10.4409,10.3599,10.2798,10.2005,10.122,
 ,-137,10.6782,10.7204,10.7621,10.8032,10.8437,10.8838,10.9233,10.9622,11.0007,11.0387,11.0762,11.1133,11.15,11.1863,11.2222,11.2577,11.293,11.328,11.3627,11.3972,11.4315,11.4657,11.4998,11.5338,11.5678,11.6018,11.6358,11.67,11.7043,11.7389,11.7737,11.8088,11.8443,11.8802,11.9165,11.9534,11.9909,12.0291,12.0679,12.1075,12.148,12.1894,12.2318,12.2752,12.3197,12.3654,12.4124,12.4607,12.5104,12.5617,12.6145,12.669,12.7253,12.7834,12.8435,12.9055,12.9698,13.0362,13.105,13.1763,13.2501,13.3265,13.4058,13.488,13.5732,13.6617,13.7534,13.8486,13.9474,14.05,14.1565,14.2671,14.382,14.5014,14.6255,14.7544,14.8884,15.0277,15.1726,15.3233,15.4801,15.6432,15.813,15.9897,16.1737,16.3654,16.5651,16.7732,16.9901,17.2163,17.4523,17.6985,17.9555,18.2239,18.5042,18.7972,19.1036,19.4241,19.7595,20.1108,20.4788,20.8647,21.2694,21.6943,22.1406,22.6098,23.1034,23.6232,24.171,24.7488,25.3589,26.0039,26.6864,27.4097,28.177,28.9923,29.8599,30.7846,31.7719,32.8281,33.9603,35.1765,36.4863,37.9003,39.4311,41.0932,42.9038,44.883,47.0543,49.4461,52.0918,55.0319,58.3147,61.9992,66.1567,70.8746,76.2598,82.444,89.5891,97.8945,107.605,119.017,132.485,148.421,167.271,189.464,215.297,244.716,276.968,310.167,340.976,364.845,377.196,375.29,359.593,333.514,301.769,268.633,237.042,208.546,183.684,162.403,144.364,129.13,116.267,105.379,96.1297,88.2381,81.4734,75.6481,70.6103,66.2367,62.4278,59.1027,56.1955,53.6528,51.4305,49.4922,47.8077,46.3505,45.0972,44.0252,43.1116,42.3313,41.6558,41.0526,40.4854,39.9157,39.3064,38.6261,37.8539,36.9822,36.0175,34.9778,33.8883,32.7767,31.669,30.5866,29.5458,28.5571,27.6267,26.7568,25.9474,25.1963,24.5005,23.8564,23.26,22.7076,22.1953,21.7197,21.2775,20.8659,20.4821,20.1236,19.7883,19.4743,19.1796,18.9028,18.6424,18.3971,18.1657,17.9471,17.7404,17.5447,17.3592,17.1832,17.016,16.857,16.7056,16.5613,16.4237,16.2922,16.1664,16.046,15.9305,15.8196,15.7129,15.6101,15.5109,15.4149,15.3219,15.2315,15.1433,15.0572,14.9728,14.8898,14.808,14.727,14.6467,14.5667,14.4868,14.4068,14.3265,14.2457,14.1642,14.082,13.9988,13.9146,13.8293,13.7429,13.6554,13.5666,13.4768,13.3859,13.2939,13.201,13.1072,13.0126,12.9174,12.8217,12.7255,12.6289,12.5322,12.4354,12.3386,12.242,12.1455,12.0494,11.9537,11.8585,11.7638,11.6698,11.5764,11.4837,11.3918,11.3007,11.2104,11.121,11.0324,10.9447,10.8579,10.7719,10.6869,10.6027,10.5194,10.437,10.3555,10.2748,10.1949,10.1158,10.0376,
 ,-138,10.5493,10.5912,10.6326,10.6735,10.7138,10.7537,10.793,10.8319,10.8704,10.9084,10.9459,10.9831,11.0199,11.0563,11.0924,11.1282,11.1637,11.199,11.234,11.2689,11.3036,11.3382,11.3727,11.4072,11.4417,11.4763,11.5109,11.5457,11.5807,11.6159,11.6514,11.6872,11.7234,11.76,11.7971,11.8348,11.8731,11.912,11.9517,11.9922,12.0335,12.0757,12.119,12.1633,12.2087,12.2553,12.3032,12.3524,12.4031,12.4552,12.509,12.5644,12.6216,12.6807,12.7417,12.8047,12.8699,12.9373,13.007,13.0792,13.154,13.2314,13.3116,13.3948,13.481,13.5704,13.6631,13.7592,13.859,13.9626,14.0701,14.1817,14.2976,14.418,14.5431,14.6731,14.8081,14.9485,15.0945,15.2463,15.4042,15.5685,15.7394,15.9174,16.1027,16.2956,16.4966,16.7061,16.9245,17.1521,17.3896,17.6375,17.8961,18.1663,18.4485,18.7434,19.0518,19.3745,19.7122,20.0659,20.4364,20.825,21.2326,21.6605,22.1101,22.5827,23.08,23.6037,24.1557,24.7381,25.3531,26.0033,26.6915,27.4209,28.1948,29.0172,29.8925,30.8257,31.8222,32.8884,34.0316,35.26,36.5831,38.012,39.5594,41.2402,43.0718,45.0747,47.2734,49.6967,52.3791,55.3622,58.6962,62.4421,66.6741,71.4835,76.9825,83.3097,90.637,99.1774,109.194,121.011,135.019,151.68,171.509,195.024,222.625,254.36,289.52,326.117,360.448,387.292,401.276,399.141,381.437,352.205,316.945,280.525,246.171,215.492,188.968,166.444,147.483,131.565,118.192,106.922,97.3849,89.2741,82.342,76.3886,71.2529,66.8054,62.9421,59.5789,56.6483,54.0955,51.8761,49.954,48.2993,46.8869,45.6942,44.6998,43.8809,43.2116,42.6606,42.1894,41.7525,41.2995,40.7798,40.1498,39.3803,38.4626,37.4085,36.2468,35.016,33.7564,32.5041,31.2876,30.1266,29.0333,28.0133,27.068,26.1952,25.3914,24.6516,23.9709,23.3441,22.7661,22.2324,21.7387,21.2813,20.8566,20.4616,20.0935,19.75,19.4288,19.1279,18.8457,18.5805,18.331,18.096,17.8743,17.6648,17.4667,17.2792,17.1014,16.9327,16.7724,16.6199,16.4747,16.3363,16.2043,16.0781,15.9573,15.8416,15.7306,15.6239,15.5212,15.4221,15.3262,15.2334,15.1431,15.0552,14.9694,14.8852,14.8025,14.7209,14.6402,14.5601,14.4803,14.4007,14.3209,14.2408,14.1602,14.079,13.9969,13.9139,13.8299,13.7448,13.6585,13.5711,13.4825,13.3928,13.302,13.2102,13.1174,13.0237,12.9293,12.8341,12.7385,12.6423,12.5459,12.4492,12.3524,12.2556,12.159,12.0626,11.9664,11.8707,11.7755,11.6808,11.5867,11.4933,11.4006,11.3087,11.2175,11.1272,11.0378,10.9492,10.8616,10.7748,10.6889,10.6039,10.5198,10.4366,10.3543,10.2729,10.1924,10.1126,10.0338,9.95573,
 ,-139,10.4234,10.465,10.5061,10.5468,10.5869,10.6266,10.6659,10.7047,10.7431,10.781,10.8186,10.8558,10.8927,10.9293,10.9656,11.0015,11.0373,11.0728,11.1082,11.1434,11.1785,11.2135,11.2485,11.2834,11.3184,11.3535,11.3887,11.424,11.4596,11.4954,11.5315,11.5679,11.6048,11.6421,11.68,11.7184,11.7574,11.7971,11.8376,11.8788,11.9209,11.964,12.008,12.0531,12.0994,12.1469,12.1956,12.2457,12.2972,12.3503,12.4049,12.4612,12.5193,12.5792,12.6411,12.705,12.7711,12.8393,12.91,12.9831,13.0587,13.137,13.2181,13.3022,13.3893,13.4795,13.5731,13.6702,13.7709,13.8754,13.9838,14.0963,14.2131,14.3345,14.4605,14.5914,14.7274,14.8687,15.0157,15.1685,15.3274,15.4927,15.6647,15.8437,16.0301,16.2242,16.4264,16.6371,16.8567,17.0856,17.3245,17.5737,17.8338,18.1054,18.3892,18.6858,18.9959,19.3204,19.66,20.0156,20.3883,20.7791,21.1891,21.6195,22.0717,22.5472,23.0475,23.5743,24.1297,24.7156,25.3345,25.9888,26.6813,27.4153,28.1943,29.022,29.9031,30.8424,31.8455,32.9189,34.0697,35.3065,36.6386,38.0773,39.6354,41.3279,43.1724,45.1896,47.4042,49.8453,52.5479,55.5541,58.9147,62.6917,66.9605,71.8139,77.3663,83.7595,91.1692,99.8141,109.965,121.957,136.195,153.161,173.398,197.458,225.781,258.451,294.777,332.73,368.465,396.505,411.167,408.984,390.53,360.078,323.429,285.686,250.198,218.608,191.379,168.32,148.957,132.738,119.138,107.698,98.0307,89.8215,82.8146,76.8047,71.6271,67.1501,63.2677,59.8953,56.9646,54.4214,52.2219,50.3311,48.721,47.3682,46.2526,45.3549,44.6541,44.1244,43.7321,43.4325,43.169,42.8747,42.4799,41.9225,41.1613,40.1853,39.0147,37.6951,36.2842,34.8399,33.4116,32.0356,30.7356,29.5239,28.4051,27.378,26.4381,25.5793,24.7947,24.0771,23.4198,22.8168,22.2623,21.7512,21.2792,20.8422,20.4368,20.0599,19.7087,19.3809,19.0744,18.7873,18.518,18.2649,18.0267,17.8022,17.5904,17.3903,17.2011,17.0218,16.8519,16.6906,16.5374,16.3917,16.2529,16.1205,15.9942,15.8734,15.7578,15.647,15.5405,15.4381,15.3394,15.244,15.1516,15.0619,14.9745,14.8892,14.8056,14.7234,14.6423,14.5622,14.4825,14.4033,14.324,14.2447,14.165,14.0847,14.0038,13.922,13.8392,13.7553,13.6704,13.5842,13.4969,13.4083,13.3186,13.2277,13.1358,13.0429,12.9491,12.8544,12.7591,12.6632,12.5669,12.4702,12.3732,12.2762,12.1792,12.0823,11.9856,11.8892,11.7932,11.6977,11.6027,11.5084,11.4148,11.3219,11.2298,11.1384,11.048,10.9584,10.8697,10.7819,10.695,10.6091,10.5241,10.44,10.3568,10.2745,10.1931,10.1126,10.033,9.95426,9.87636,
 ,-140,10.3004,10.3418,10.3826,10.423,10.463,10.5025,10.5416,10.5803,10.6186,10.6566,10.6942,10.7315,10.7685,10.8051,10.8415,10.8777,10.9137,10.9495,10.9851,11.0206,11.0561,11.0914,11.1268,11.1622,11.1976,11.2332,11.2689,11.3047,11.3408,11.3772,11.4139,11.451,11.4885,11.5265,11.565,11.6041,11.6438,11.6842,11.7254,11.7674,11.8102,11.8541,11.8989,11.9448,11.9918,12.04,12.0896,12.1405,12.1928,12.2467,12.3021,12.3592,12.4181,12.4789,12.5416,12.6063,12.6732,12.7423,12.8138,12.8877,12.9642,13.0433,13.1253,13.2101,13.298,13.3891,13.4836,13.5814,13.683,13.7883,13.8975,14.0108,14.1285,14.2507,14.3775,14.5092,14.6461,14.7883,14.9362,15.0898,15.2496,15.4158,15.5888,15.7687,15.9561,16.1511,16.3543,16.566,16.7867,17.0167,17.2567,17.507,17.7683,18.0412,18.3263,18.6242,18.9358,19.2617,19.6028,19.9601,20.3344,20.727,21.1388,21.5711,22.0254,22.503,23.0055,23.5347,24.0926,24.6812,25.3027,25.9599,26.6556,27.3927,28.175,29.0063,29.891,30.8342,31.8413,32.9188,34.074,35.3151,36.6518,38.0951,39.6579,41.355,43.2041,45.2259,47.4447,49.8896,52.5955,55.6042,58.9663,62.7431,67.0097,71.8582,77.4018,83.7808,91.1691,99.7821,109.887,121.811,135.952,152.778,172.812,196.579,224.485,256.577,292.138,329.158,363.901,391.106,405.353,403.338,385.577,356.105,320.46,283.579,248.753,217.641,190.744,167.912,148.703,132.59,119.064,107.675,98.0451,89.8634,82.878,76.8859,71.7245,67.2633,63.398,60.0451,57.1379,54.6235,52.4601,50.615,49.0625,47.7827,46.7589,45.9754,45.4146,45.0528,44.8552,44.771,44.7303,44.6452,44.4187,43.9621,43.2157,42.165,40.8437,39.3216,37.6844,36.0138,34.3755,32.8146,31.3574,30.0156,28.7905,27.6774,26.6684,25.7539,24.9244,24.1706,23.484,22.8569,22.2827,21.7554,21.2699,20.8216,20.4067,20.0217,19.6637,19.3302,19.0187,18.7273,18.4543,18.1981,17.9572,17.7305,17.5168,17.3151,17.1245,16.9443,16.7735,16.6116,16.4579,16.3119,16.173,16.0407,15.9145,15.7941,15.6788,15.5685,15.4626,15.3609,15.2628,15.1682,15.0766,14.9877,14.9012,14.8167,14.7339,14.6526,14.5723,14.493,14.4141,14.3355,14.257,14.1783,14.0991,14.0193,13.9388,13.8573,13.7748,13.6911,13.6062,13.5201,13.4327,13.344,13.2541,13.163,13.0707,12.9774,12.8832,12.7882,12.6924,12.596,12.4991,12.4019,12.3044,12.2068,12.1092,12.0117,11.9145,11.8176,11.7211,11.6251,11.5297,11.4349,11.3408,11.2475,11.155,11.0634,10.9726,10.8827,10.7937,10.7057,10.6186,10.5325,10.4473,10.3631,10.2798,10.1974,10.116,10.0355,9.95592,9.87723,9.7994,
 ,-141,10.1803,10.2213,10.2619,10.3021,10.3418,10.3812,10.4202,10.4588,10.497,10.535,10.5726,10.6099,10.6469,10.6837,10.7203,10.7566,10.7928,10.8288,10.8647,10.9005,10.9362,10.9719,11.0077,11.0434,11.0793,11.1153,11.1515,11.1878,11.2244,11.2614,11.2986,11.3363,11.3744,11.4129,11.4521,11.4918,11.5322,11.5733,11.6151,11.6578,11.7014,11.7459,11.7914,11.838,11.8858,11.9348,11.9851,12.0367,12.0898,12.1444,12.2007,12.2585,12.3182,12.3797,12.4432,12.5087,12.5763,12.6462,12.7185,12.7931,12.8704,12.9503,13.033,13.1186,13.2072,13.2991,13.3943,13.4929,13.5952,13.7012,13.8112,13.9253,14.0437,14.1666,14.2942,14.4267,14.5643,14.7073,14.8558,15.0103,15.1708,15.3378,15.5115,15.6923,15.8804,16.0763,16.2803,16.4929,16.7144,16.9453,17.1862,17.4375,17.6997,17.9736,18.2597,18.5587,18.8713,19.1983,19.5406,19.899,20.2746,20.6684,21.0815,21.5152,21.9709,22.4499,22.954,23.4848,24.0442,24.6344,25.2577,25.9166,26.6139,27.3528,28.1368,28.9697,29.8561,30.8007,31.8092,32.8878,34.0439,35.2855,36.6223,38.065,39.6264,41.3211,43.1666,45.183,47.3944,49.8293,52.5217,55.5125,58.8509,62.5968,66.8228,71.618,77.0916,83.3782,90.6436,99.0926,108.977,120.602,134.335,150.6,169.864,192.573,219.046,249.238,282.395,316.6,348.441,373.241,386.253,384.583,368.625,341.847,309.12,274.902,242.268,212.851,187.218,165.313,146.778,131.157,117.99,106.867,97.4359,89.4046,82.5347,76.6333,71.5447,67.144,63.3309,60.0254,57.164,54.6965,52.584,50.7968,49.313,48.1165,47.1956,46.5398,46.1368,45.9672,45.9973,46.1716,46.4056,46.585,46.5766,46.2537,45.5294,44.3844,42.872,41.0973,39.1841,37.2452,35.365,33.5973,31.9693,30.4894,29.1544,27.9543,26.8765,25.9077,25.0351,24.247,23.5329,22.8837,22.2914,21.7494,21.2517,20.7934,20.3701,19.9781,19.6143,19.2757,18.96,18.6651,18.3891,18.1303,17.8873,17.6588,17.4437,17.2408,17.0493,16.8684,16.6972,16.535,16.3812,16.2353,16.0966,15.9646,15.8389,15.7191,15.6046,15.495,15.39,15.2892,15.1922,15.0987,15.0082,14.9204,14.8351,14.7518,14.6702,14.59,14.5109,14.4326,14.3548,14.2772,14.1996,14.1217,14.0432,13.9641,13.884,13.803,13.7207,13.6372,13.5524,13.4662,13.3786,13.2897,13.1994,13.1078,13.0151,12.9212,12.8263,12.7305,12.6339,12.5367,12.439,12.341,12.2426,12.1442,12.0458,11.9475,11.8494,11.7517,11.6544,11.5577,11.4616,11.3661,11.2714,11.1775,11.0844,10.9922,10.9009,10.8106,10.7212,10.6328,10.5454,10.4589,10.3735,10.2891,10.2056,10.1231,10.0415,9.96097,9.88133,9.80261,9.7248,
 ,-142,10.0629,10.1036,10.1439,10.1838,10.2234,10.2626,10.3014,10.34,10.3781,10.416,10.4536,10.491,10.5281,10.5649,10.6016,10.6381,10.6744,10.7107,10.7468,10.7828,10.8189,10.8549,10.891,10.9271,10.9634,10.9998,11.0364,11.0732,11.1103,11.1477,11.1855,11.2237,11.2623,11.3015,11.3412,11.3815,11.4225,11.4642,11.5067,11.55,11.5942,11.6394,11.6856,11.7329,11.7814,11.8311,11.882,11.9344,11.9882,12.0435,12.1004,12.159,12.2194,12.2816,12.3458,12.412,12.4804,12.551,12.6239,12.6993,12.7772,12.8578,12.9412,13.0275,13.1169,13.2094,13.3053,13.4046,13.5075,13.6142,13.7249,13.8396,13.9587,14.0822,14.2105,14.3436,14.4819,14.6255,14.7747,14.9298,15.091,15.2587,15.433,15.6144,15.8032,15.9998,16.2044,16.4176,16.6398,16.8714,17.113,17.3649,17.6279,17.9025,18.1893,18.489,18.8023,19.1301,19.4732,19.8324,20.2087,20.6033,21.0172,21.4517,21.9082,22.388,22.8928,23.4243,23.9845,24.5753,25.1991,25.8585,26.5562,27.2953,28.0794,28.9121,29.798,30.7418,31.749,32.8258,33.9793,35.2176,36.5499,37.987,39.541,41.2265,43.0602,45.0618,47.2544,49.6657,52.3284,55.2816,58.5726,62.2582,66.4073,71.104,76.4505,82.5722,89.6224,97.7881,107.297,118.42,131.48,146.837,164.875,185.94,210.235,237.625,267.347,297.662,325.625,347.306,358.751,357.518,343.851,320.57,291.756,261.245,231.782,204.905,181.229,160.797,143.361,128.555,115.996,105.328,96.2398,88.4702,81.8023,76.0588,71.0957,66.7969,63.0689,59.8369,57.0417,54.6371,52.588,50.8685,49.4608,48.3539,47.5416,47.0203,46.7847,46.8223,47.1034,47.57,48.1231,48.6184,48.8769,48.7209,48.0261,46.7667,45.0229,42.9482,40.7157,38.4749,36.3309,34.3441,32.54,30.9215,29.4785,28.1947,27.052,26.0328,25.1208,24.3016,23.563,22.8942,22.2862,21.7314,21.2234,20.7565,20.3262,19.9284,19.5596,19.217,18.898,18.6002,18.3219,18.0612,17.8166,17.5869,17.3707,17.1672,16.9752,16.7939,16.6226,16.4606,16.3071,16.1615,16.0234,15.8921,15.7673,15.6483,15.5349,15.4265,15.3227,15.2232,15.1276,15.0355,14.9465,14.8602,14.7764,14.6946,14.6146,14.5359,14.4582,14.3813,14.3049,14.2285,14.152,14.0751,13.9976,13.9192,13.8398,13.7592,13.6773,13.594,13.5092,13.4229,13.335,13.2457,13.1548,13.0626,12.969,12.8743,12.7784,12.6816,12.584,12.4857,12.3868,12.2876,12.1881,12.0885,11.9889,11.8895,11.7903,11.6915,11.5932,11.4955,11.3984,11.302,11.2065,11.1117,11.0179,10.925,10.833,10.7421,10.6521,10.5632,10.4754,10.3885,10.3027,10.2179,10.1341,10.0514,9.96966,9.88892,9.80915,9.73035,9.65249,
 ,-143,9.94804,9.98846,10.0285,10.0682,10.1076,10.1466,10.1853,10.2237,10.2619,10.2997,10.3373,10.3746,10.4118,10.4487,10.4855,10.5221,10.5586,10.595,10.6314,10.6677,10.704,10.7403,10.7767,10.8131,10.8498,10.8865,10.9235,10.9608,10.9983,11.0362,11.0744,11.1131,11.1523,11.192,11.2322,11.2731,11.3147,11.357,11.4,11.444,11.4888,11.5346,11.5814,11.6294,11.6785,11.7288,11.7804,11.8334,11.8879,11.9438,12.0014,12.0607,12.1217,12.1846,12.2494,12.3163,12.3853,12.4565,12.5301,12.6061,12.6847,12.7659,12.85,12.9369,13.0269,13.12,13.2165,13.3164,13.4199,13.5272,13.6384,13.7538,13.8734,13.9975,14.1263,14.26,14.3988,14.543,14.6928,14.8484,15.0101,15.1783,15.3531,15.535,15.7243,15.9214,16.1265,16.3402,16.5629,16.795,17.037,17.2894,17.5528,17.8278,18.1151,18.4152,18.729,19.0571,19.4005,19.7601,20.1368,20.5317,20.9458,21.3805,21.8371,22.317,22.8218,23.3533,23.9132,24.5037,25.127,25.7857,26.4824,27.2203,28.0028,28.8335,29.7168,30.6575,31.6608,32.7329,33.8806,35.1117,36.4353,37.8616,39.4027,41.0722,42.8864,44.864,47.0272,49.4022,52.0199,54.9174,58.1389,61.7373,65.7767,70.3343,75.5035,81.3976,88.1536,95.9366,104.944,115.407,127.592,141.79,158.294,177.347,199.048,223.199,249.085,275.216,299.17,317.745,327.683,326.891,315.467,295.691,270.944,244.453,218.57,194.669,173.359,154.757,138.715,124.964,113.204,103.142,94.5168,87.103,80.7111,75.1841,70.3931,66.2331,62.6192,59.4836,56.7724,54.4442,52.4682,50.8228,49.4948,48.4784,47.7736,47.3842,47.3134,47.5574,48.0934,48.864,49.7582,50.6,51.1582,51.1932,50.534,49.146,47.1441,44.7409,42.1678,39.6142,37.2046,35.0034,33.0314,31.2838,29.7423,28.3836,27.1839,26.1209,25.1752,24.3299,23.5707,22.8857,22.2649,21.6998,21.1834,20.7098,20.274,19.8716,19.4992,19.1535,18.832,18.5322,18.2522,17.9903,17.7447,17.5143,17.2977,17.0939,16.9018,16.7207,16.5497,16.3881,16.2353,16.0905,15.9533,15.8231,15.6994,15.5817,15.4697,15.3627,15.2606,15.1628,15.0689,14.9785,14.8914,14.807,14.7251,14.6453,14.5671,14.4903,14.4145,14.3393,14.2645,14.1897,14.1146,14.039,13.9626,13.8852,13.8065,13.7265,13.645,13.5618,13.477,13.3904,13.3022,13.2122,13.1206,13.0275,12.9329,12.837,12.7399,12.6417,12.5427,12.4429,12.3426,12.2418,12.1408,12.0397,11.9387,11.8378,11.7372,11.6371,11.5374,11.4384,11.3401,11.2426,11.146,11.0502,10.9554,10.8616,10.7689,10.6771,10.5865,10.4969,10.4084,10.321,10.2347,10.1495,10.0654,9.98231,9.90029,9.81931,9.73934,9.66038,9.58241,
 ,-144,9.83575,9.87588,9.91569,9.95517,9.99433,10.0332,10.0718,10.1101,10.1481,10.1859,10.2235,10.2608,10.298,10.335,10.3718,10.4086,10.4452,10.4818,10.5183,10.5548,10.5914,10.6279,10.6646,10.7014,10.7384,10.7755,10.8129,10.8505,10.8884,10.9267,10.9654,11.0046,11.0442,11.0844,11.1252,11.1665,11.2086,11.2515,11.2951,11.3396,11.385,11.4314,11.4788,11.5273,11.577,11.6279,11.6801,11.7337,11.7888,11.8454,11.9036,11.9634,12.0251,12.0886,12.154,12.2215,12.2911,12.3629,12.4371,12.5137,12.5928,12.6746,12.7592,12.8467,12.9372,13.0309,13.1279,13.2284,13.3324,13.4402,13.5519,13.6678,13.7879,13.9125,14.0417,14.1759,14.3152,14.4597,14.6099,14.7659,14.9281,15.0966,15.2719,15.4541,15.6438,15.8411,16.0466,16.2606,16.4836,16.7159,16.9582,17.2108,17.4744,17.7496,18.037,18.3372,18.6511,18.9792,19.3226,19.6821,20.0587,20.4534,20.8673,21.3016,21.7577,22.2371,22.7411,23.2717,23.8305,24.4197,25.0414,25.6982,26.3926,27.1278,27.907,28.734,29.6128,30.5481,31.545,32.6095,33.7481,34.9685,36.2792,37.6902,39.2127,40.86,42.6474,44.5926,46.7164,49.0435,51.6026,54.428,57.5603,61.0482,64.9495,69.3337,74.2838,79.8995,86.2992,93.6237,102.038,111.73,122.911,135.801,150.61,167.489,186.461,207.304,229.393,251.519,271.757,287.534,296.138,295.719,286.262,269.644,248.694,226.098,203.811,182.999,164.216,147.62,133.142,120.598,109.765,100.417,92.3438,85.3584,79.3015,74.0388,69.4583,65.468,61.9929,58.9728,56.3603,54.119,52.2227,50.6543,49.4051,48.4744,47.868,47.5968,47.6728,48.1012,48.8678,49.9184,51.1339,52.3097,53.1629,53.3894,52.7675,51.2532,48.9993,46.281,43.3886,40.5494,37.9036,35.5162,33.4019,31.5471,29.9253,28.5065,27.2616,26.1645,25.1929,24.3276,23.553,22.856,22.2257,21.6531,21.1308,20.6524,20.2127,19.8073,19.4324,19.0848,18.7617,18.4608,18.1799,17.9173,17.6714,17.4408,17.2243,17.0207,16.8291,16.6485,16.4783,16.3175,16.1657,16.0221,15.8861,15.7573,15.6352,15.5192,15.4089,15.3038,15.2036,15.1079,15.0161,14.928,14.8431,14.761,14.6814,14.6039,14.528,14.4535,14.3799,14.3068,14.234,14.1611,14.0878,14.0137,13.9386,13.8623,13.7846,13.7053,13.6241,13.5412,13.4562,13.3694,13.2806,13.1898,13.0972,13.0029,12.907,12.8096,12.7109,12.6111,12.5102,12.4086,12.3064,12.2038,12.101,11.998,11.8951,11.7925,11.6902,11.5883,11.4871,11.3866,11.2868,11.1879,11.09,10.993,10.897,10.8021,10.7083,10.6157,10.5242,10.4338,10.3446,10.2565,10.1696,10.0839,9.99927,9.91577,9.83337,9.75207,9.67183,9.59265,9.51449,
 ,-145,9.72589,9.76574,9.80529,9.84455,9.88351,9.9222,9.96064,9.99881,10.0368,10.0745,10.112,10.1494,10.1866,10.2236,10.2605,10.2974,10.3341,10.3708,10.4075,10.4442,10.481,10.5178,10.5548,10.5918,10.6291,10.6666,10.7043,10.7423,10.7806,10.8193,10.8584,10.898,10.9381,10.9787,11.0199,11.0618,11.1043,11.1477,11.1918,11.2368,11.2828,11.3297,11.3776,11.4267,11.4769,11.5284,11.5812,11.6353,11.6909,11.7481,11.8068,11.8672,11.9294,11.9935,12.0595,12.1275,12.1976,12.27,12.3447,12.4218,12.5015,12.5838,12.6689,12.7569,12.8479,12.942,13.0395,13.1404,13.2449,13.3531,13.4653,13.5816,13.7021,13.827,13.9567,14.0912,14.2308,14.3757,14.5262,14.6825,14.8449,15.0137,15.1892,15.3717,15.5615,15.759,15.9647,16.1788,16.4018,16.6342,16.8765,17.1291,17.3927,17.6678,17.955,18.2551,18.5686,18.8965,19.2395,19.5985,19.9745,20.3685,20.7816,21.215,21.67,22.1481,22.6507,23.1795,23.7363,24.3232,24.9423,25.596,26.2869,27.018,27.7925,28.6139,29.4862,30.414,31.4021,32.4563,33.5828,34.789,36.0829,37.474,38.9731,40.5924,42.3463,44.2514,46.3271,48.5958,51.0842,53.8233,56.85,60.2077,63.9478,68.1313,72.8302,78.1295,84.1288,90.944,98.7073,107.566,117.679,129.204,142.278,156.982,173.288,190.975,209.521,227.976,244.839,258.062,265.4,265.241,257.503,243.725,226.255,207.293,188.428,170.622,154.355,139.799,126.943,115.675,105.84,97.2712,89.8069,83.3,77.6208,72.6581,68.3177,64.5212,61.2042,58.3148,55.812,53.6649,51.852,50.36,49.1846,48.3291,47.8043,47.6268,47.8154,48.383,49.323,50.5856,52.0472,53.4829,54.5694,54.9501,54.3605,52.749,50.3001,47.3412,44.2093,41.1601,38.3441,35.8255,33.6125,31.6846,30.009,28.5505,27.2763,26.1573,25.1692,24.2915,23.5075,22.8032,22.1673,21.5903,21.0646,20.5836,20.1419,19.7349,19.3589,19.0104,18.6868,18.3856,18.1046,17.8421,17.5965,17.3663,17.1504,16.9475,16.7567,16.5772,16.4081,16.2486,16.0982,15.9561,15.8218,15.6948,15.5746,15.4606,15.3524,15.2497,15.1519,15.0585,14.9694,14.8839,14.8017,14.7223,14.6455,14.5707,14.4976,14.4258,14.3548,14.2843,14.2139,14.1432,14.0719,13.9997,13.9263,13.8514,13.7747,13.6961,13.6155,13.5327,13.4476,13.3603,13.2708,13.179,13.0852,12.9895,12.8919,12.7926,12.692,12.59,12.487,12.3832,12.2787,12.1738,12.0687,11.9635,11.8584,11.7536,11.6493,11.5454,11.4423,11.3399,11.2384,11.1379,11.0384,10.9399,10.8426,10.7464,10.6514,10.5577,10.4651,10.3738,10.2838,10.1949,10.1073,10.0209,9.93572,9.8517,9.76885,9.68714,9.60656,9.52708,9.44868,
 ,-146,9.61839,9.65797,9.69727,9.73629,9.77506,9.81358,9.85186,9.88992,9.92777,9.96543,10.0029,10.0402,10.0774,10.1145,10.1515,10.1884,10.2253,10.2621,10.299,10.3359,10.3728,10.4099,10.447,10.4844,10.5219,10.5597,10.5977,10.636,10.6747,10.7138,10.7533,10.7932,10.8337,10.8747,10.9164,10.9587,11.0017,11.0455,11.0901,11.1356,11.182,11.2294,11.2779,11.3275,11.3782,11.4302,11.4835,11.5381,11.5943,11.6519,11.7111,11.7721,11.8348,11.8993,11.9658,12.0343,12.1049,12.1778,12.2529,12.3305,12.4107,12.4934,12.579,12.6674,12.7588,12.8534,12.9513,13.0525,13.1574,13.266,13.3785,13.4951,13.6159,13.7412,13.8711,14.0059,14.1457,14.2909,14.4415,14.598,14.7606,14.9295,15.1051,15.2876,15.4775,15.6751,15.8807,16.0947,16.3176,16.5499,16.792,17.0444,17.3076,17.5824,17.8692,18.1687,18.4817,18.8089,19.1511,19.5092,19.8842,20.277,20.6888,21.1207,21.574,22.0501,22.5505,23.0768,23.6309,24.2145,24.8299,25.4794,26.1656,26.8912,27.6593,28.4735,29.3376,30.2557,31.2328,32.2741,33.3858,34.5745,35.8481,37.2153,38.6862,40.2723,41.9869,43.8451,45.8648,48.0664,50.4739,53.115,56.0226,59.2347,62.7961,66.7588,71.184,76.1421,81.7143,87.9927,95.0796,103.085,112.122,122.296,133.685,146.32,160.138,174.93,190.264,205.392,219.149,229.938,235.976,235.955,229.773,218.632,204.387,188.784,173.096,158.106,144.232,131.651,120.393,110.403,101.584,93.8204,86.9943,80.9943,75.7193,71.0802,67.0003,63.4149,60.27,57.5221,55.1367,53.0882,51.3591,49.9402,48.83,48.035,47.5689,47.4518,47.7059,48.3484,49.3766,50.7433,52.3239,53.8848,55.0847,55.5421,54.9727,53.3212,50.7873,47.723,44.4872,41.3481,38.4604,35.8873,33.6342,31.6772,29.9805,28.5069,27.2217,26.0949,25.1011,24.2194,23.4323,22.7259,22.0885,21.5106,20.9842,20.5028,20.061,19.6541,19.2783,18.9302,18.607,18.3064,18.0261,17.7644,17.5197,17.2906,17.0757,16.8741,16.6847,16.5066,16.339,16.1812,16.0326,15.8924,15.7602,15.6354,15.5175,15.406,15.3004,15.2003,15.1053,15.0149,14.9287,14.8463,14.7673,14.6912,14.6176,14.5461,14.4762,14.4075,14.3397,14.2722,14.2047,14.1367,14.0679,13.9978,13.9263,13.853,13.7776,13.6999,13.6198,13.5372,13.4519,13.364,13.2736,13.1806,13.0853,12.9877,12.8881,12.7866,12.6835,12.579,12.4734,12.3669,12.2597,12.1521,12.0443,11.9364,11.8287,11.7214,11.6146,11.5084,11.403,11.2985,11.195,11.0925,10.9912,10.891,10.7921,10.6945,10.5981,10.5031,10.4094,10.317,10.2259,10.1362,10.0477,9.96055,9.87467,9.79005,9.70665,9.62446,9.54346,9.46362,9.38492,
 ,-147,9.51317,9.55247,9.59152,9.63032,9.66888,9.70723,9.74536,9.78329,9.82105,9.85863,9.89607,9.93337,9.97056,10.0077,10.0447,10.0817,10.1186,10.1556,10.1926,10.2296,10.2667,10.304,10.3414,10.3789,10.4167,10.4548,10.4931,10.5317,10.5707,10.6101,10.6499,10.6903,10.7311,10.7725,10.8146,10.8573,10.9008,10.945,10.99,11.0359,11.0828,11.1307,11.1796,11.2296,11.2808,11.3332,11.387,11.4421,11.4987,11.5568,11.6165,11.6779,11.7411,11.806,11.873,11.9419,12.013,12.0863,12.1618,12.2399,12.3204,12.4035,12.4895,12.5782,12.67,12.765,12.8631,12.9647,13.0699,13.1788,13.2916,13.4084,13.5294,13.6549,13.785,13.92,14.0599,14.2052,14.356,14.5125,14.6751,14.844,15.0196,15.202,15.3918,15.5892,15.7946,16.0084,16.231,16.4629,16.7046,16.9565,17.2192,17.4933,17.7794,18.0781,18.3902,18.7164,19.0574,19.4143,19.7878,20.179,20.5889,21.0188,21.4698,21.9433,22.4408,22.9639,23.5142,24.0938,24.7045,25.3487,26.0289,26.7477,27.5082,28.3136,29.1676,30.0742,31.0381,32.0642,33.1582,34.3266,35.5766,36.9162,38.3549,39.9033,41.5733,43.3789,45.3361,47.4632,49.7816,52.3157,55.0939,58.1493,61.5197,65.2488,69.387,73.991,79.1251,84.8599,91.2711,98.437,106.432,115.32,125.136,135.872,147.443,159.652,172.134,184.293,195.227,203.727,208.469,208.491,203.707,194.98,183.677,171.12,158.307,145.881,134.208,123.468,113.724,104.965,97.1393,90.1746,83.9906,78.5067,73.6475,69.3442,65.5367,62.1727,59.2088,56.6091,54.3455,52.3971,50.7504,49.3989,48.3433,47.5915,47.1582,47.0638,47.3303,47.9741,48.9915,50.335,51.8811,53.4014,54.5638,54.9995,54.4342,52.8148,50.3337,47.3311,44.1551,41.068,38.2224,35.6821,33.4542,31.5163,29.8342,28.3718,27.0954,25.9756,24.9874,24.1102,23.327,22.6238,21.9891,21.4136,20.8894,20.41,19.9699,19.5647,19.1905,18.8439,18.5223,18.2231,17.9443,17.6842,17.441,17.2134,17.0002,16.8003,16.6127,16.4365,16.271,16.1153,15.9689,15.8311,15.7013,15.5791,15.4639,15.3552,15.2527,15.1557,15.0639,14.9769,14.8942,14.8154,14.7401,14.6677,14.598,14.5303,14.4642,14.3993,14.3351,14.2712,14.207,14.1422,14.0763,14.0089,13.9396,13.8681,13.7942,13.7176,13.6381,13.5556,13.4701,13.3815,13.2899,13.1954,13.0982,12.9984,12.8963,12.7921,12.6861,12.5786,12.4699,12.3602,12.2498,12.1389,12.0279,11.9169,11.8062,11.6959,11.5862,11.4773,11.3694,11.2624,11.1565,11.0518,10.9484,10.8463,10.7456,10.6463,10.5483,10.4518,10.3568,10.2631,10.1709,10.0801,9.99075,9.90274,9.81607,9.73074,9.64672,9.56397,9.48248,9.40221,9.32313,
 ,-148,9.41015,9.44918,9.48798,9.52655,9.56492,9.60308,9.64106,9.67886,9.71651,9.75401,9.79139,9.82865,9.86583,9.90294,9.94,9.97703,10.0141,10.0511,10.0882,10.1254,10.1627,10.2001,10.2377,10.2755,10.3135,10.3518,10.3903,10.4292,10.4685,10.5082,10.5484,10.589,10.6302,10.672,10.7144,10.7575,10.8014,10.846,10.8914,10.9377,10.985,11.0332,11.0826,11.133,11.1846,11.2375,11.2917,11.3472,11.4042,11.4627,11.5229,11.5847,11.6482,11.7136,11.781,11.8503,11.9217,11.9954,12.0713,12.1497,12.2306,12.3141,12.4003,12.4894,12.5815,12.6767,12.7751,12.877,12.9824,13.0915,13.2044,13.3214,13.4426,13.5682,13.6984,13.8334,13.9734,14.1187,14.2694,14.4259,14.5884,14.7572,14.9326,15.1149,15.3044,15.5014,15.7065,15.9199,16.142,16.3734,16.6144,16.8656,17.1275,17.4007,17.6858,17.9834,18.2943,18.6191,18.9586,19.3137,19.6854,20.0745,20.4821,20.9093,21.3575,21.8278,22.3217,22.8408,23.3867,23.9612,24.5663,25.2043,25.8773,26.5881,27.3395,28.1346,28.9769,29.8703,30.819,31.8277,32.9018,34.0472,35.2706,36.5795,37.9824,39.489,41.1102,42.8584,44.7478,46.7948,49.0178,51.4381,54.0801,56.9715,60.1438,63.6329,67.479,71.7268,76.4251,81.6259,87.3828,93.7474,100.765,108.465,116.854,125.894,135.49,145.454,155.474,165.07,173.553,180.044,183.62,183.636,180.031,173.382,164.626,154.72,144.423,134.258,124.548,115.475,107.122,99.5111,92.6271,86.4308,80.8725,75.8979,71.4534,67.4883,63.957,60.819,58.04,55.5915,53.4512,51.6024,50.0347,48.7438,47.7313,47.0054,46.5795,46.4714,46.6994,47.2748,48.1889,49.3912,50.7625,52.0916,53.0809,53.4066,52.8311,51.3084,49.0038,46.2138,43.2472,40.3429,37.6456,35.2202,33.0791,31.2063,29.5731,28.1473,26.8988,25.8003,24.8286,23.9645,23.1917,22.497,21.8693,21.2995,20.7802,20.305,19.8686,19.4667,19.0954,18.7515,18.4324,18.1356,17.8591,17.6012,17.3602,17.1348,16.9238,16.7262,16.5408,16.367,16.2039,16.0507,15.907,15.7719,15.645,15.5258,15.4138,15.3084,15.2093,15.1159,15.0279,14.9448,14.8662,14.7915,14.7204,14.6524,14.587,14.5238,14.4621,14.4016,14.3418,14.282,14.2218,14.1607,14.0982,14.0338,13.9672,13.898,13.8258,13.7504,13.6716,13.5892,13.5033,13.4138,13.3208,13.2244,13.1249,13.0225,12.9174,12.81,12.7006,12.5894,12.477,12.3635,12.2493,12.1347,12.0199,11.9053,11.791,11.6773,11.5644,11.4523,11.3414,11.2316,11.123,11.0158,10.9101,10.8058,10.703,10.6017,10.502,10.4039,10.3073,10.2123,10.1188,10.0269,9.93639,9.8474,9.75985,9.67373,9.58899,9.50561,9.42355,9.34278,9.26326,
 ,-149,9.30925,9.34801,9.38656,9.42491,9.46307,9.50106,9.53888,9.57655,9.61409,9.6515,9.68881,9.72603,9.76318,9.80029,9.83737,9.87444,9.91153,9.94866,9.98587,10.0232,10.0606,10.0982,10.1359,10.1739,10.2121,10.2506,10.2894,10.3286,10.3681,10.4081,10.4485,10.4895,10.531,10.5731,10.6159,10.6593,10.7035,10.7484,10.7942,10.8409,10.8885,10.9372,10.9869,11.0377,11.0897,11.1429,11.1975,11.2534,11.3108,11.3697,11.4302,11.4924,11.5563,11.622,11.6897,11.7594,11.8312,11.9051,11.9814,12.0601,12.1412,12.225,12.3115,12.4008,12.4931,12.5885,12.6872,12.7892,12.8948,13.004,13.1171,13.2341,13.3554,13.481,13.6112,13.7462,13.8862,14.0313,14.1819,14.3383,14.5006,14.6691,14.8442,15.0261,15.2152,15.4118,15.6163,15.8291,16.0506,16.2812,16.5214,16.7716,17.0325,17.3046,17.5884,17.8846,18.1939,18.517,18.8546,19.2077,19.577,19.9636,20.3684,20.7926,21.2373,21.7038,22.1935,22.7078,23.2485,23.8172,24.4158,25.0464,25.7113,26.4129,27.154,27.9374,28.7666,29.645,30.5767,31.5661,32.6181,33.7382,34.9325,36.2079,37.572,39.0336,40.6024,42.2894,44.1071,46.0697,48.1931,50.4953,52.9969,55.7208,58.6925,61.9408,65.4969,69.3947,73.67,78.3592,83.4977,89.1164,95.2374,101.868,108.99,116.553,124.452,132.516,140.478,147.955,154.432,159.291,161.923,161.918,159.239,154.252,147.572,139.86,131.679,123.446,115.439,107.834,100.726,94.1608,88.1464,82.6705,77.7066,73.222,69.181,65.5481,62.2903,59.3774,56.7832,54.4858,52.4677,50.7163,49.2234,47.9861,47.0063,46.2907,45.8503,45.6983,45.8469,46.3001,47.0419,48.0189,49.1199,50.1604,50.8927,51.0558,50.4621,49.0749,47.0233,44.5426,41.8859,39.2567,36.7857,34.5383,32.5335,30.7637,29.208,27.8409,26.6368,25.5725,24.6274,23.7841,23.0279,22.3465,21.7296,21.1689,20.6571,20.1882,19.7574,19.3602,18.9932,18.6532,18.3375,18.044,17.7705,17.5155,17.2773,17.0547,16.8465,16.6515,16.4689,16.2979,16.1377,15.9875,15.8468,15.7149,15.5913,15.4756,15.3671,15.2655,15.1703,15.0811,14.9973,14.9187,14.8446,14.7747,14.7085,14.6455,14.5852,14.5271,14.4706,14.4152,14.3603,14.3054,14.2499,14.1932,14.1347,14.074,14.0105,13.9439,13.8737,13.7997,13.7217,13.6395,13.5531,13.4624,13.3677,13.2691,13.1668,13.0611,12.9525,12.8412,12.7276,12.6122,12.4953,12.3774,12.2587,12.1397,12.0206,11.9018,11.7834,11.6658,11.5491,11.4335,11.3191,11.2061,11.0945,10.9845,10.8761,10.7694,10.6643,10.5609,10.4592,10.3592,10.261,10.1644,10.0695,9.97621,9.88455,9.79448,9.70595,9.61893,9.53339,9.44929,9.3666,9.28526,9.20525,
 ,-150,9.2104,9.2489,9.2872,9.32533,9.36329,9.4011,9.43876,9.47629,9.51371,9.55102,9.58826,9.62543,9.66254,9.69964,9.73673,9.77383,9.81096,9.84816,9.88545,9.92285,9.96038,9.99809,10.036,10.0741,10.1125,10.1512,10.1902,10.2296,10.2694,10.3096,10.3504,10.3916,10.4334,10.4758,10.5188,10.5625,10.607,10.6523,10.6984,10.7454,10.7934,10.8424,10.8924,10.9436,10.9959,11.0495,11.1044,11.1607,11.2184,11.2776,11.3384,11.4009,11.4652,11.5312,11.5992,11.6692,11.7412,11.8155,11.892,11.9709,12.0523,12.1363,12.223,12.3125,12.405,12.5006,12.5993,12.7015,12.8071,12.9164,13.0295,13.1466,13.2678,13.3934,13.5235,13.6584,13.7982,13.9431,14.0935,14.2496,14.4115,14.5797,14.7543,14.9357,15.1243,15.3203,15.5241,15.7361,15.9567,16.1864,16.4255,16.6747,16.9343,17.2049,17.4872,17.7818,18.0892,18.4102,18.7457,19.0963,19.4629,19.8465,20.248,20.6686,21.1093,21.5714,22.0563,22.5653,23.0999,23.662,24.2533,24.8757,25.5314,26.2228,26.9523,27.7229,28.5375,29.3995,30.3126,31.2809,32.309,33.4017,34.5648,35.8043,37.1272,38.5412,40.0548,41.6779,43.4211,45.2965,47.3177,49.4997,51.8595,54.4154,57.188,60.1994,63.4731,67.0338,70.9066,75.1153,79.6809,84.6186,89.934,95.6179,101.64,107.938,114.413,120.907,127.2,132.992,137.906,141.52,143.441,143.416,141.427,137.699,132.627,126.656,120.193,113.561,106.995,100.653,94.6365,89.0012,83.7736,78.9588,74.5483,70.5254,66.8689,63.5558,60.5634,57.8704,55.4574,53.3083,51.4099,49.7524,48.3298,47.1398,46.1838,45.4667,44.9957,44.7791,44.822,45.1207,45.6529,46.3646,47.156,47.8746,48.3263,48.3146,47.7016,46.4602,44.6831,42.5444,40.2375,37.9263,35.7232,33.6909,31.8539,30.2131,28.7559,27.4641,26.3179,25.2982,24.388,23.5721,22.8377,22.1739,21.5714,21.0225,20.5206,20.0602,19.6365,19.2456,18.884,18.5489,18.2377,17.9482,17.6786,17.4271,17.1924,16.9731,16.768,16.5763,16.397,16.2292,16.0722,15.9255,15.7882,15.66,15.5402,15.4283,15.3239,15.2266,15.1358,15.0512,14.9723,14.8987,14.8298,14.7653,14.7047,14.6474,14.593,14.5408,14.4903,14.4408,14.3918,14.3426,14.2925,14.2409,14.1872,14.1307,14.071,14.0075,13.9397,13.8674,13.7903,13.7082,13.6211,13.529,13.4322,13.3307,13.2251,13.1156,13.0026,12.8867,12.7682,12.6477,12.5257,12.4025,12.2787,12.1545,12.0304,11.9067,11.7837,11.6616,11.5406,11.4209,11.3027,11.1861,11.0711,10.9579,10.8466,10.737,10.6294,10.5236,10.4198,10.3178,10.2176,10.1193,10.0229,9.92815,9.83518,9.74391,9.65429,9.5663,9.47987,9.39498,9.31157,9.2296,9.14903,
