Test sample,DieID,ID,X position,Y position,Diameter (um),% Roundness,Area,% Overall Void,% Largest Void,Result
D86-09,165,1,-2.1431,143.0480,86.7357,97.3149,5908.6200,0.0000,0.0000,Pass
D86-09,165,2,-1.8427,143.0490,86.9890,98.4178,5943.1700,0.0000,0.0000,Pass
D86-09,165,3,-0.7887,143.0540,87.4653,96.7732,6008.4400,0.0000,0.0000,Pass
D86-09,165,7,-3.6467,143.0420,86.7780,96.3162,5914.3800,0.0000,0.0000,Pass
D86-09,165,8,-3.4962,143.0430,86.9749,97.9569,5941.2500,0.0000,0.0000,Pass
D86-09,165,9,-3.3462,143.0430,86.9796,97.0904,5941.9000,0.0000,0.0000,Pass
D86-09,165,10,-3.1956,143.0430,86.7921,96.2832,5916.3000,0.0000,0.0000,Pass
D86-09,165,11,-3.0461,143.0430,86.5289,97.3697,5880.4700,0.0000,0.0000,Pass
D86-09,165,12,-2.8952,143.0440,86.4441,97.3238,5868.9500,0.0000,0.0000,Pass
D86-09,165,13,-2.7449,143.0450,86.7827,97.2958,5915.0200,0.0000,0.0000,Pass
D86-09,165,14,-2.5944,143.0450,86.7592,97.5802,5911.8200,0.0000,0.0000,Pass
D86-09,165,15,-2.4435,143.0460,86.0994,97.4080,5822.2400,0.0000,0.0000,Pass
D86-09,165,16,-2.2940,143.0460,86.8484,99.0352,5923.9800,0.0000,0.0000,Pass
D86-09,165,17,-1.9934,143.0480,86.2506,96.7274,5842.7100,0.0000,0.0000,Pass
D86-09,165,18,-1.6920,143.0500,86.7404,97.6076,5909.2600,0.0000,0.0000,Pass
D86-09,165,19,-1.5418,143.0510,86.6183,96.3951,5892.6200,0.0000,0.0000,Pass
D86-09,165,20,-1.3910,143.0500,87.0686,97.1125,5954.0500,0.0000,0.0000,Pass
D86-09,165,21,-1.2407,143.0510,87.0732,97.8323,5954.6900,0.0000,0.0000,Pass
D86-09,165,22,-1.0905,143.0520,87.5584,97.1691,6021.2400,0.0000,0.0000,Pass
D86-09,165,23,-0.9397,143.0530,87.5212,96.2962,6016.1200,0.0000,0.0000,Pass
D86-09,165,31,-3.3453,142.8920,86.6465,96.8785,5896.4600,0.0000,0.0000,Pass
D86-09,165,32,-2.5937,142.8950,86.2318,98.0509,5840.1500,0.0000,0.0000,Pass
D86-09,165,33,-2.1431,142.8980,85.9147,97.6227,5797.2800,0.0000,0.0000,Pass
D86-09,165,34,-1.8420,142.8990,86.4064,98.4571,5863.8300,0.0000,0.0000,Pass
D86-09,165,35,-1.6920,142.8990,86.1183,98.5618,5824.8000,0.0000,0.0000,Pass
D86-09,165,36,-1.5415,142.9000,86.1987,97.9680,5835.6800,0.0000,0.0000,Pass
D86-09,165,37,-1.0898,142.9020,86.6371,97.5835,5895.1800,0.0000,0.0000,Pass
D86-09,165,38,-0.9391,142.9020,87.3255,96.9805,5989.2500,0.0000,0.0000,Pass
D86-09,165,40,-3.6467,142.8920,85.9526,96.7727,5802.4000,0.0000,0.0000,Pass
D86-09,165,41,-3.4960,142.8920,86.4629,97.0852,5871.5100,0.0000,0.0000,Pass
D86-09,165,42,-3.1952,142.8930,86.6088,97.0047,5891.3400,0.0000,0.0000,Pass
D86-09,165,43,-3.0451,142.8930,86.1325,97.0336,5826.7200,0.0000,0.0000,Pass
D86-09,165,44,-2.8944,142.8940,85.9099,98.2613,5796.6400,0.0000,0.0000,Pass
D86-09,165,45,-2.7447,142.8940,86.2223,97.5080,5838.8700,0.0000,0.0000,Pass
D86-09,165,46,-2.4432,142.8960,85.7248,98.1534,5771.6900,0.0000,0.0000,Pass
D86-09,165,47,-2.2935,142.8960,86.0568,97.8466,5816.4800,0.0000,0.0000,Pass
D86-09,165,48,-1.9928,142.8970,85.9621,98.2419,5803.6800,0.0000,0.0000,Pass
D86-09,165,49,-1.3908,142.9010,86.6183,98.8251,5892.6200,0.0000,0.0000,Pass
D86-09,165,50,-1.2395,142.9010,86.7874,97.3078,5915.6600,0.0000,0.0000,Pass
D86-09,165,51,-0.7882,142.9030,87.1527,96.7457,5965.5700,0.0000,0.0000,Pass
D86-09,165,59,-3.6458,142.7410,86.2790,96.6303,5846.5500,0.0000,0.0000,Pass
D86-09,165,60,-3.4953,142.7410,85.8862,98.8319,5793.4400,0.0000,0.0000,Pass
D86-09,165,61,-3.3455,142.7420,86.0000,97.0359,5808.8000,0.0000,0.0000,Pass
D86-09,165,62,-3.0449,142.7430,85.6059,97.8489,5755.6900,0.0000,0.0000,Pass
D86-09,165,63,-2.8942,142.7430,85.8008,97.7853,5781.9300,0.0000,0.0000,Pass
D86-09,165,64,-2.7443,142.7440,85.3915,98.4586,5726.9000,0.0000,0.0000,Pass
D86-09,165,65,-2.2927,142.7450,85.5059,97.2249,5742.2500,0.0000,0.0000,Pass
D86-09,165,66,-2.1427,142.7470,85.5631,98.9520,5749.9300,0.0000,0.0000,Pass
D86-09,165,67,-1.9916,142.7470,85.8910,98.2341,5794.0800,0.0000,0.0000,Pass
D86-09,165,68,-1.8419,142.7480,85.5155,99.1305,5743.5300,0.0000,0.0000,Pass
D86-09,165,69,-1.6915,142.7480,85.5678,97.5881,5750.5700,0.0000,0.0000,Pass
D86-09,165,70,-1.5408,142.7490,86.0804,98.3531,5819.6800,0.0000,0.0000,Pass
D86-09,165,71,-1.3895,142.7500,86.4488,98.2276,5869.5900,0.0000,0.0000,Pass
D86-09,165,72,-0.9387,142.7510,86.5336,97.0910,5881.1100,0.0000,0.0000,Pass
D86-09,165,73,-0.7879,142.7520,86.6841,97.3970,5901.5800,0.0000,0.0000,Pass
D86-09,165,77,-3.1948,142.7420,85.8483,97.4083,5788.3200,0.0000,0.0000,Pass
D86-09,165,78,-2.5933,142.7450,86.0000,98.0664,5808.8000,0.0000,0.0000,Pass
D86-09,165,79,-2.4430,142.7450,85.3247,98.4938,5717.9400,0.0000,0.0000,Pass
D86-09,165,80,-1.2390,142.7510,85.9336,98.3226,5799.8400,0.0000,0.0000,Pass
D86-09,165,81,-1.0891,142.7510,86.6935,97.8112,5902.8600,0.0000,0.0000,Pass
D86-09,165,85,-1.2395,142.5990,86.1136,97.7177,5824.1600,0.0000,0.0000,Pass
D86-09,165,89,-3.6449,142.5900,85.6059,96.8820,5755.6900,0.0000,0.0000,Pass
D86-09,165,90,-3.4947,142.5910,85.7771,98.1264,5778.7300,0.0000,0.0000,Pass
D86-09,165,91,-3.3449,142.5920,86.0615,98.3615,5817.1200,0.0000,0.0000,Pass
D86-09,165,92,-3.1941,142.5920,85.6392,98.1458,5760.1700,0.0000,0.0000,Pass
D86-09,165,93,-3.0438,142.5920,85.2435,98.0469,5707.0600,0.0000,0.0000,Pass
D86-09,165,94,-2.8937,142.5930,85.6963,97.8570,5767.8500,0.0000,0.0000,Pass
D86-09,165,95,-2.7430,142.5930,85.5869,98.0684,5753.1300,0.0000,0.0000,Pass
D86-09,165,96,-2.5927,142.5940,85.6820,98.4399,5765.9300,0.0000,0.0000,Pass
D86-09,165,97,-2.4425,142.5950,85.3056,98.3994,5715.3800,0.0000,0.0000,Pass
D86-09,165,98,-2.2926,142.5950,85.3963,98.6169,5727.5400,0.0000,0.0000,Pass
D86-09,165,99,-2.1419,142.5960,85.1574,98.7324,5695.5400,0.0000,0.0000,Pass
D86-09,165,100,-1.9918,142.5970,85.6487,99.3440,5761.4500,0.0000,0.0000,Pass
D86-09,165,101,-1.8410,142.5980,85.4154,98.2968,5730.1000,0.0000,0.0000,Pass
D86-09,165,102,-1.6904,142.5980,85.4583,98.2307,5735.8500,0.0000,0.0000,Pass
D86-09,165,103,-1.5408,142.5980,85.5059,98.3925,5742.2500,0.0000,0.0000,Pass
D86-09,165,104,-1.3892,142.6000,85.7580,99.1048,5776.1700,0.0000,0.0000,Pass
D86-09,165,105,-1.0893,142.6000,86.3262,98.0342,5852.9500,0.0000,0.0000,Pass
D86-09,165,106,-0.9383,142.6010,86.4771,97.7549,5873.4300,0.0000,0.0000,Pass
D86-09,165,107,-0.7871,142.6020,86.1514,97.9050,5829.2800,0.0000,0.0000,Pass
D86-09,165,115,-3.4934,142.4400,85.6202,98.1377,5757.6100,0.0000,0.0000,Pass
D86-09,165,116,-3.3440,142.4400,86.2459,98.0289,5842.0700,0.0000,0.0000,Pass
D86-09,165,117,-3.1936,142.4410,86.2318,98.3218,5840.1500,0.0000,0.0000,Pass
D86-09,165,118,-3.0431,142.4420,85.4726,98.7238,5737.7700,0.0000,0.0000,Pass
D86-09,165,119,-2.7429,142.4430,85.5869,99.1977,5753.1300,0.0000,0.0000,Pass
D86-09,165,120,-2.5921,142.4440,85.8815,98.8961,5792.8000,0.0000,0.0000,Pass
D86-09,165,121,-2.1415,142.4460,85.5059,99.3514,5742.2500,0.0000,0.0000,Pass
D86-09,165,122,-1.9908,142.4460,85.2005,98.2975,5701.3000,0.0000,0.0000,Pass
D86-09,165,123,-1.6903,142.4470,85.4011,98.5207,5728.1800,0.0000,0.0000,Pass
D86-09,165,124,-1.5397,142.4480,85.7295,97.8752,5772.3300,0.0000,0.0000,Pass
D86-09,165,125,-1.3892,142.4490,85.6202,98.0603,5757.6100,0.0000,0.0000,Pass
D86-09,165,126,-0.7869,142.4520,85.8483,98.6606,5788.3200,0.0000,0.0000,Pass
D86-09,165,128,-3.6442,142.4400,85.4058,97.0710,5728.8200,0.0000,0.0000,Pass
D86-09,165,129,-2.8931,142.4420,85.4773,97.8850,5738.4100,0.0000,0.0000,Pass
D86-09,165,130,-2.4418,142.4440,85.1335,99.2174,5692.3400,0.0000,0.0000,Pass
D86-09,165,131,-2.2919,142.4450,85.7105,97.5212,5769.7700,0.0000,0.0000,Pass
D86-09,165,132,-1.8405,142.4470,85.3343,98.5951,5719.2200,0.0000,0.0000,Pass
D86-09,165,133,-1.2385,142.4490,86.0852,98.4040,5820.3200,0.0000,0.0000,Pass
D86-09,165,134,-1.0880,142.4500,86.2365,98.7562,5840.7900,0.0000,0.0000,Pass
D86-09,165,135,-0.9375,142.4510,86.1278,98.8966,5826.0800,0.0000,0.0000,Pass
D86-09,165,143,-3.6434,142.2890,85.1574,97.7111,5695.5400,0.0000,0.0000,Pass
D86-09,165,144,-0.7861,142.3010,85.3724,97.3565,5724.3400,0.0000,0.0000,Pass
D86-09,165,153,-3.6427,142.1390,85.3820,98.0890,5725.6200,0.0000,0.0000,Pass
D86-09,165,154,-0.7856,142.1500,85.9526,97.3634,5802.4000,0.0000,0.0000,Pass
D86-09,165,159,-3.1155,142.0330,85.1383,98.6899,5692.9800,0.0000,0.0000,Pass
D86-09,165,160,-2.1258,142.0370,85.0569,99.6766,5682.1000,0.0000,0.0000,Pass
D86-09,165,161,-1.6301,142.0390,85.6915,99.3818,5767.2100,0.0000,0.0000,Pass
D86-09,165,162,-2.9503,142.0340,84.9851,99.5922,5672.5100,0.0000,0.0000,Pass
D86-09,165,163,-2.7853,142.0340,85.4344,98.3495,5732.6600,0.0000,0.0000,Pass
D86-09,165,164,-2.6204,142.0350,85.2483,99.5110,5707.7000,0.0000,0.0000,Pass
D86-09,165,165,-2.4556,142.0350,84.9275,98.4060,5664.8300,0.0000,0.0000,Pass
D86-09,165,166,-2.2906,142.0360,85.3056,99.6586,5715.3800,0.0000,0.0000,Pass
D86-09,165,167,-1.9606,142.0380,85.1192,99.2162,5690.4200,0.0000,0.0000,Pass
D86-09,165,168,-1.7956,142.0390,85.5155,99.4194,5743.5300,0.0000,0.0000,Pass
D86-09,165,169,-1.4652,142.0400,85.0617,97.4287,5682.7400,0.0000,0.0000,Pass
D86-09,165,170,-1.3003,142.0400,85.1192,98.7480,5690.4200,0.0000,0.0000,Pass
D86-09,165,171,-1.1346,142.0410,85.9715,99.3764,5804.9600,0.0000,0.0000,Pass
D86-09,165,176,-3.6417,141.9890,85.3438,97.8771,5720.5000,0.0000,0.0000,Pass
D86-09,165,178,-0.7857,142.0000,85.3104,97.6211,5716.0200,0.0000,0.0000,Pass
D86-09,165,182,-3.2797,141.8670,84.4561,99.0714,5602.1200,0.0000,0.0000,Pass
D86-09,165,183,-3.1150,141.8670,84.7979,97.8633,5647.5500,0.0000,0.0000,Pass
D86-09,165,184,-2.9492,141.8680,84.6344,98.3158,5625.8000,0.0000,0.0000,Pass
D86-09,165,185,-2.7844,141.8690,85.1574,99.2485,5695.5400,0.0000,0.0000,Pass
D86-09,165,186,-2.6195,141.8700,84.6874,97.5522,5632.8300,0.0000,0.0000,Pass
D86-09,165,187,-2.4550,141.8700,84.7450,98.7162,5640.5100,0.0000,0.0000,Pass
D86-09,165,188,-2.2901,141.8710,85.0809,99.5453,5685.3000,0.0000,0.0000,Pass
D86-09,165,189,-2.1247,141.8720,84.6825,99.4453,5632.1900,0.0000,0.0000,Pass
D86-09,165,190,-1.9604,141.8720,84.4224,98.5515,5597.6400,0.0000,0.0000,Pass
D86-09,165,191,-1.7951,141.8740,85.0521,98.9608,5681.4600,0.0000,0.0000,Pass
D86-09,165,192,-1.6295,141.8740,85.0282,98.7245,5678.2700,0.0000,0.0000,Pass
D86-09,165,193,-1.4640,141.8750,85.0713,99.1955,5684.0200,0.0000,0.0000,Pass
D86-09,165,194,-1.1339,141.8770,85.4773,99.5066,5738.4100,0.0000,0.0000,Pass
D86-09,165,195,-1.2993,141.8750,85.1144,98.7623,5689.7800,0.0000,0.0000,Pass
D86-09,165,200,-3.6412,141.8380,84.8171,99.1298,5650.1100,0.0000,0.0000,Pass
D86-09,165,201,-0.7845,141.8490,85.2865,97.8762,5712.8200,0.0000,0.0000,Pass
D86-09,165,206,-3.2790,141.7020,84.4224,99.5798,5597.6400,0.0000,0.0000,Pass
D86-09,165,207,-3.1142,141.7030,84.3886,99.7808,5593.1600,0.0000,0.0000,Pass
D86-09,165,208,-2.9487,141.7030,84.3982,97.5853,5594.4400,0.0000,0.0000,Pass
D86-09,165,209,-2.4534,141.7060,84.1469,99.8638,5561.1700,0.0000,0.0000,Pass
D86-09,165,210,-2.1245,141.7070,83.7003,98.3415,5502.3000,0.0000,0.0000,Pass
D86-09,165,211,-1.6290,141.7090,84.6874,97.9396,5632.8300,0.0000,0.0000,Pass
D86-09,165,212,-1.4636,141.7090,85.2817,99.4374,5712.1800,0.0000,0.0000,Pass
D86-09,165,213,-1.2989,141.7100,84.4417,98.5752,5600.2000,0.0000,0.0000,Pass
D86-09,165,214,-2.7839,141.7040,84.5429,99.1424,5613.6400,0.0000,0.0000,Pass
D86-09,165,215,-2.6196,141.7040,84.3113,99.3318,5582.9200,0.0000,0.0000,Pass
D86-09,165,216,-2.2892,141.7050,84.3838,99.8399,5592.5200,0.0000,0.0000,Pass
D86-09,165,217,-1.9594,141.7070,84.1904,99.0495,5566.9300,0.0000,0.0000,Pass
D86-09,165,218,-1.7940,141.7080,84.6344,98.1598,5625.8000,0.0000,0.0000,Pass
D86-09,165,219,-1.1335,141.7110,85.1527,98.9288,5694.9000,0.0000,0.0000,Pass
D86-09,165,224,-3.6406,141.6870,84.8555,98.5344,5655.2300,0.0000,0.0000,Pass
D86-09,165,225,-0.7840,141.7000,84.9323,97.9903,5665.4700,0.0000,0.0000,Pass
D86-09,165,232,-3.6400,141.5370,84.9419,98.7816,5666.7500,0.0000,0.0000,Pass
D86-09,165,233,-1.9588,141.5430,84.3307,99.1725,5585.4800,0.0000,0.0000,Pass
D86-09,165,234,-0.7835,141.5490,84.9179,97.9811,5663.5500,0.0000,0.0000,Pass
D86-09,165,239,-3.2783,141.5370,84.1372,99.5024,5559.8900,0.0000,0.0000,Pass
D86-09,165,240,-3.1126,141.5370,84.0888,98.7605,5553.4900,0.0000,0.0000,Pass
D86-09,165,241,-2.9488,141.5390,84.8315,99.0729,5652.0300,0.0000,0.0000,Pass
D86-09,165,242,-2.7832,141.5380,84.6007,99.2588,5621.3200,0.0000,0.0000,Pass
D86-09,165,243,-2.6183,141.5400,84.0791,99.5391,5552.2100,0.0000,0.0000,Pass
D86-09,165,244,-2.4537,141.5400,84.0839,99.5814,5552.8500,0.0000,0.0000,Pass
D86-09,165,245,-2.1230,141.5420,83.4908,98.0178,5474.7800,0.0000,0.0000,Pass
D86-09,165,246,-1.7941,141.5440,84.7258,99.2518,5637.9500,0.0000,0.0000,Pass
D86-09,165,247,-1.6287,141.5440,84.5574,98.6184,5615.5600,0.0000,0.0000,Pass
D86-09,165,248,-1.4639,141.5450,84.5863,99.1526,5619.4000,0.0000,0.0000,Pass
D86-09,165,249,-1.2980,141.5450,84.2146,98.8230,5570.1300,0.0000,0.0000,Pass
D86-09,165,250,-1.1331,141.5460,85.3486,99.3794,5721.1400,0.0000,0.0000,Pass
D86-09,165,251,-2.2884,141.5410,84.2630,99.2725,5576.5300,0.0000,0.0000,Pass
D86-09,165,256,-3.6398,141.3870,84.7018,99.6494,5634.7500,0.0000,0.0000,Pass
D86-09,165,257,-0.7830,141.3990,84.3644,97.4671,5589.9600,0.0000,0.0000,Pass
D86-09,165,262,-3.2774,141.3720,84.2775,99.5723,5578.4400,0.0000,0.0000,Pass
D86-09,165,263,-2.9478,141.3740,84.3307,98.0290,5585.4800,0.0000,0.0000,Pass
D86-09,165,264,-2.7822,141.3740,84.4417,99.1050,5600.2000,0.0000,0.0000,Pass
D86-09,165,265,-2.6178,141.3740,84.3065,98.9732,5582.2800,0.0000,0.0000,Pass
D86-09,165,266,-2.4532,141.3760,83.8559,98.8689,5522.7800,0.0000,0.0000,Pass
D86-09,165,267,-2.2877,141.3760,84.0403,98.9283,5547.0900,0.0000,0.0000,Pass
D86-09,165,268,-2.1225,141.3780,83.6663,99.5584,5497.8200,0.0000,0.0000,Pass
D86-09,165,269,-1.7930,141.3790,84.3113,98.7885,5582.9200,0.0000,0.0000,Pass
D86-09,165,270,-1.6278,141.3790,84.7354,99.6663,5639.2300,0.0000,0.0000,Pass
D86-09,165,271,-1.4628,141.3800,84.6922,98.7989,5633.4700,0.0000,0.0000,Pass
D86-09,165,272,-1.2975,141.3810,84.5815,99.1915,5618.7600,0.0000,0.0000,Pass
D86-09,165,273,-3.1127,141.3730,84.6970,99.5599,5634.1100,0.0000,0.0000,Pass
D86-09,165,274,-1.9581,141.3780,84.4706,99.4344,5604.0400,0.0000,0.0000,Pass
D86-09,165,275,-1.1325,141.3820,84.8171,99.1733,5650.1100,0.0000,0.0000,Pass
D86-09,165,280,-3.6383,141.2370,84.3258,97.9735,5584.8400,0.0000,0.0000,Pass
D86-09,165,281,-0.7821,141.2490,84.4031,97.8224,5595.0800,0.0000,0.0000,Pass
D86-09,165,286,-2.7820,141.2090,84.5766,99.8607,5618.1200,0.0000,0.0000,Pass
D86-09,165,287,-2.1221,141.2120,84.1275,99.6875,5558.6100,0.0000,0.0000,Pass
D86-09,165,288,-1.7918,141.2140,84.7499,99.8467,5641.1500,0.0000,0.0000,Pass
D86-09,165,289,-3.2768,141.2080,84.0936,99.6439,5554.1300,0.0000,0.0000,Pass
D86-09,165,290,-3.1120,141.2080,84.3838,99.3342,5592.5200,0.0000,0.0000,Pass
D86-09,165,291,-2.9467,141.2090,84.5333,99.6317,5612.3600,0.0000,0.0000,Pass
D86-09,165,292,-2.6167,141.2100,84.3838,99.2951,5592.5200,0.0000,0.0000,Pass
D86-09,165,293,-2.4528,141.2100,84.1082,98.7060,5556.0500,0.0000,0.0000,Pass
D86-09,165,294,-2.2869,141.2110,84.4079,99.3752,5595.7200,0.0000,0.0000,Pass
D86-09,165,295,-1.9576,141.2140,84.1275,99.1780,5558.6100,0.0000,0.0000,Pass
D86-09,165,296,-1.6268,141.2150,84.5766,98.6168,5618.1200,0.0000,0.0000,Pass
D86-09,165,297,-1.4621,141.2160,84.7306,98.5731,5638.5900,0.0000,0.0000,Pass
D86-09,165,298,-1.2965,141.2160,84.2872,97.9138,5579.7200,0.0000,0.0000,Pass
D86-09,165,299,-1.1312,141.2170,84.7306,99.8092,5638.5900,0.0000,0.0000,Pass
D86-09,165,304,-3.6376,141.0870,85.0042,98.8931,5675.0700,0.0000,0.0000,Pass
D86-09,165,305,-0.7815,141.0990,84.6585,97.7087,5629.0000,0.0000,0.0000,Pass
D86-09,165,310,-3.2763,141.0420,84.1953,99.5278,5567.5700,0.0000,0.0000,Pass
D86-09,165,311,-3.1112,141.0420,84.2485,99.5755,5574.6100,0.0000,0.0000,Pass
D86-09,165,312,-2.9458,141.0440,84.0742,99.3064,5551.5700,0.0000,0.0000,Pass
D86-09,165,313,-2.7811,141.0440,84.3644,98.2756,5589.9600,0.0000,0.0000,Pass
D86-09,165,314,-2.6159,141.0450,84.0839,98.8855,5552.8500,0.0000,0.0000,Pass
D86-09,165,315,-2.4517,141.0460,84.3210,99.4209,5584.2000,0.0000,0.0000,Pass
D86-09,165,316,-2.1216,141.0480,83.9627,99.2508,5536.8500,0.0000,0.0000,Pass
D86-09,165,317,-1.9567,141.0480,84.5381,98.7158,5613.0000,0.0000,0.0000,Pass
D86-09,165,318,-1.7916,141.0490,84.7691,98.9130,5643.7100,0.0000,0.0000,Pass
D86-09,165,319,-1.6267,141.0500,84.6055,98.0751,5621.9600,0.0000,0.0000,Pass
D86-09,165,320,-1.4610,141.0500,84.4513,98.8791,5601.4800,0.0000,0.0000,Pass
D86-09,165,321,-1.2961,141.0510,84.2727,99.1802,5577.8100,0.0000,0.0000,Pass
D86-09,165,322,-1.1308,141.0520,84.7547,98.9344,5641.7900,0.0000,0.0000,Pass
D86-09,165,323,-2.2859,141.0460,84.4320,98.7833,5598.9200,0.0000,0.0000,Pass
D86-09,165,328,-3.6374,140.9360,84.2727,98.0016,5577.8100,0.0000,0.0000,Pass
D86-09,165,329,-0.7810,140.9480,84.5766,98.2532,5618.1200,0.0000,0.0000,Pass
D86-09,165,334,-3.2751,140.8770,84.2872,99.0853,5579.7200,0.0000,0.0000,Pass
D86-09,165,335,-3.1103,140.8780,84.3693,99.7691,5590.6000,0.0000,0.0000,Pass
D86-09,165,336,-2.9454,140.8790,84.3548,99.1111,5588.6800,0.0000,0.0000,Pass
D86-09,165,337,-2.7804,140.8790,84.1324,98.1589,5559.2500,0.0000,0.0000,Pass
D86-09,165,338,-2.6153,140.8800,84.2630,98.2801,5576.5300,0.0000,0.0000,Pass
D86-09,165,339,-2.1210,140.8830,84.5429,99.3969,5613.6400,0.0000,0.0000,Pass
D86-09,165,340,-1.9560,140.8830,85.0138,98.9149,5676.3500,0.0000,0.0000,Pass
D86-09,165,341,-1.7908,140.8840,85.0809,99.4157,5685.3000,0.0000,0.0000,Pass
D86-09,165,342,-1.6255,140.8850,84.8411,99.2491,5653.3100,0.0000,0.0000,Pass
D86-09,165,343,-1.4605,140.8860,84.8843,97.9199,5659.0700,0.0000,0.0000,Pass
D86-09,165,344,-1.2953,140.8860,84.4610,98.7099,5602.7600,0.0000,0.0000,Pass
D86-09,165,345,-2.4504,140.8810,84.4899,99.5125,5606.6000,0.0000,0.0000,Pass
D86-09,165,346,-2.2853,140.8810,84.6200,98.6118,5623.8800,0.0000,0.0000,Pass
D86-09,165,347,-1.1302,140.8870,85.1861,98.1189,5699.3800,0.0000,0.0000,Pass
D86-09,165,352,-3.6367,140.7860,84.0549,98.1311,5549.0100,0.0000,0.0000,Pass
D86-09,165,353,-0.7807,140.7990,84.6874,98.1756,5632.8300,0.0000,0.0000,Pass
D86-09,165,362,-3.6355,140.6350,84.1178,98.8245,5557.3300,0.0000,0.0000,Pass
D86-09,165,363,-0.7795,140.6480,84.5140,97.0891,5609.8000,0.0000,0.0000,Pass
D86-09,165,370,-3.4856,140.4860,84.0936,97.8199,5554.1300,0.0000,0.0000,Pass
D86-09,165,371,-2.4344,140.4900,83.9918,98.0692,5540.6900,0.0000,0.0000,Pass
D86-09,165,372,-2.1332,140.4920,83.5542,99.0817,5483.1000,0.0000,0.0000,Pass
D86-09,165,373,-1.9831,140.4920,83.7587,99.1924,5509.9800,0.0000,0.0000,Pass
D86-09,165,374,-1.5323,140.4940,84.1663,98.0281,5563.7300,0.0000,0.0000,Pass
D86-09,165,377,-3.6349,140.4850,84.1178,98.2935,5557.3300,0.0000,0.0000,Pass
D86-09,165,378,-3.3349,140.4860,83.8365,97.8848,5520.2200,0.0000,0.0000,Pass
D86-09,165,379,-3.1849,140.4870,84.0549,98.4164,5549.0100,0.0000,0.0000,Pass
D86-09,165,380,-3.0349,140.4880,83.8316,98.4038,5519.5800,0.0000,0.0000,Pass
D86-09,165,381,-2.8841,140.4880,83.8365,97.5153,5520.2200,0.0000,0.0000,Pass
D86-09,165,382,-2.7344,140.4890,83.7344,98.7169,5506.7800,0.0000,0.0000,Pass
D86-09,165,383,-2.5837,140.4890,83.6663,98.7477,5497.8200,0.0000,0.0000,Pass
D86-09,165,384,-2.2833,140.4900,83.7003,98.9201,5502.3000,0.0000,0.0000,Pass
D86-09,165,385,-1.8329,140.4930,83.9336,98.2228,5533.0100,0.0000,0.0000,Pass
D86-09,165,386,-1.6824,140.4940,83.9918,98.4815,5540.6900,0.0000,0.0000,Pass
D86-09,165,387,-1.3817,140.4950,84.1130,98.7292,5556.6900,0.0000,0.0000,Pass
D86-09,165,388,-1.2304,140.4960,84.4995,97.4482,5607.8800,0.0000,0.0000,Pass
D86-09,165,389,-1.0808,140.4960,84.3113,97.3665,5582.9200,0.0000,0.0000,Pass
D86-09,165,390,-0.9305,140.4970,85.0330,97.9424,5678.9100,0.0000,0.0000,Pass
D86-09,165,391,-0.7796,140.4980,84.7547,96.8606,5641.7900,0.0000,0.0000,Pass
D86-09,165,397,-3.3344,140.3360,83.8462,98.8015,5521.5000,0.0000,0.0000,Pass
D86-09,165,398,-1.6821,140.3440,83.8414,98.3754,5520.8600,0.0000,0.0000,Pass
D86-09,165,402,-3.6340,140.3350,83.7684,98.8148,5511.2600,0.0000,0.0000,Pass
D86-09,165,403,-3.4846,140.3350,84.0985,97.2485,5554.7700,0.0000,0.0000,Pass
D86-09,165,404,-3.1840,140.3370,84.0112,98.7576,5543.2500,0.0000,0.0000,Pass
D86-09,165,405,-3.0338,140.3370,83.9773,97.9342,5538.7700,0.0000,0.0000,Pass
D86-09,165,406,-2.8835,140.3380,83.9093,98.6101,5529.8100,0.0000,0.0000,Pass
D86-09,165,407,-2.7337,140.3390,83.7684,98.8946,5511.2600,0.0000,0.0000,Pass
D86-09,165,408,-2.5833,140.3390,83.1486,97.5228,5429.9900,0.0000,0.0000,Pass
D86-09,165,409,-2.4328,140.3400,83.6857,98.8888,5500.3800,0.0000,0.0000,Pass
D86-09,165,410,-2.2825,140.3400,83.2856,98.2634,5447.9100,0.0000,0.0000,Pass
D86-09,165,411,-2.1328,140.3410,83.5688,97.9405,5485.0200,0.0000,0.0000,Pass
D86-09,165,412,-1.9825,140.3420,83.6857,98.2253,5500.3800,0.0000,0.0000,Pass
D86-09,165,413,-1.8321,140.3430,83.8899,98.3481,5527.2500,0.0000,0.0000,Pass
D86-09,165,414,-1.5316,140.3440,83.8851,97.9971,5526.6100,0.0000,0.0000,Pass
D86-09,165,415,-1.3813,140.3450,84.0258,96.7937,5545.1700,0.0000,0.0000,Pass
D86-09,165,416,-1.2301,140.3450,84.2050,97.2828,5568.8500,0.0000,0.0000,Pass
D86-09,165,417,-1.0800,140.3460,83.6565,96.4273,5496.5400,0.0000,0.0000,Pass
D86-09,165,418,-0.7787,140.3470,84.6777,96.8974,5631.5500,0.0000,0.0000,Pass
D86-09,165,419,-0.9292,140.3470,84.4127,98.3186,5596.3600,0.0000,0.0000,Pass
D86-09,165,424,-2.1322,140.1910,83.6906,98.7714,5501.0200,0.0000,0.0000,Pass
D86-09,165,426,-3.6335,140.1850,84.3838,97.5446,5592.5200,0.0000,0.0000,Pass
D86-09,165,427,-3.3339,140.1860,83.9191,98.5435,5531.0900,0.0000,0.0000,Pass
D86-09,165,428,-2.7330,140.1880,84.1130,98.0308,5556.6900,0.0000,0.0000,Pass
D86-09,165,429,-2.4322,140.1890,84.0015,98.2627,5541.9700,0.0000,0.0000,Pass
D86-09,165,430,-1.9817,140.1920,83.9433,97.7272,5534.2900,0.0000,0.0000,Pass
D86-09,165,431,-1.8312,140.1930,83.5152,98.8279,5477.9800,0.0000,0.0000,Pass
D86-09,165,432,-1.6807,140.1930,83.9724,98.5938,5538.1300,0.0000,0.0000,Pass
D86-09,165,433,-1.5305,140.1940,83.6224,98.7101,5492.0600,0.0000,0.0000,Pass
D86-09,165,434,-1.3800,140.1950,84.1033,97.5936,5555.4100,0.0000,0.0000,Pass
D86-09,165,435,-1.0793,140.1960,84.2001,96.9755,5568.2100,0.0000,0.0000,Pass
D86-09,165,437,-3.4840,140.1850,84.1856,97.2984,5566.2900,0.0000,0.0000,Pass
D86-09,165,438,-3.1837,140.1860,83.8948,97.0524,5527.8900,0.0000,0.0000,Pass
D86-09,165,439,-3.0329,140.1870,83.9870,96.8293,5540.0500,0.0000,0.0000,Pass
D86-09,165,440,-2.8834,140.1880,83.6078,97.5890,5490.1400,0.0000,0.0000,Pass
D86-09,165,441,-2.5825,140.1890,83.2612,98.1590,5444.7100,0.0000,0.0000,Pass
D86-09,165,442,-2.2819,140.1900,83.9288,98.5508,5532.3700,0.0000,0.0000,Pass
D86-09,165,443,-1.2295,140.1950,84.4754,97.0753,5604.6800,0.0000,0.0000,Pass
D86-09,165,444,-0.9286,140.1960,84.6681,97.4349,5630.2700,0.0000,0.0000,Pass
D86-09,165,445,-0.7783,140.1970,84.4947,95.7474,5607.2400,0.0000,0.0000,Pass
D86-09,165,451,-3.3330,140.0350,84.3355,97.1440,5586.1200,0.0000,0.0000,Pass
D86-09,165,452,-1.8297,140.0430,83.8414,97.4925,5520.8600,0.0000,0.0000,Pass
D86-09,165,456,-3.6330,140.0340,84.4899,97.2455,5606.6000,0.0000,0.0000,Pass
D86-09,165,457,-3.4836,140.0350,84.1372,97.2850,5559.8900,0.0000,0.0000,Pass
D86-09,165,458,-3.1829,140.0360,84.1130,97.2733,5556.6900,0.0000,0.0000,Pass
D86-09,165,459,-3.0322,140.0360,84.1759,97.9883,5565.0100,0.0000,0.0000,Pass
D86-09,165,460,-2.8825,140.0370,84.1517,97.4716,5561.8100,0.0000,0.0000,Pass
D86-09,165,461,-2.7321,140.0380,84.2437,97.4862,5573.9700,0.0000,0.0000,Pass
D86-09,165,462,-2.5824,140.0390,83.8754,96.9938,5525.3300,0.0000,0.0000,Pass
D86-09,165,463,-2.4314,140.0400,84.0597,98.1920,5549.6500,0.0000,0.0000,Pass
D86-09,165,464,-2.2813,140.0400,83.9579,98.3235,5536.2100,0.0000,0.0000,Pass
D86-09,165,465,-2.1309,140.0410,84.0985,97.0922,5554.7700,0.0000,0.0000,Pass
D86-09,165,466,-1.9811,140.0420,84.1566,98.0632,5562.4500,0.0000,0.0000,Pass
D86-09,165,467,-1.6809,140.0430,84.4465,98.2864,5600.8400,0.0000,0.0000,Pass
D86-09,165,468,-1.5300,140.0440,84.3162,97.4758,5583.5600,0.0000,0.0000,Pass
D86-09,165,469,-1.3796,140.0440,84.7066,97.7777,5635.3900,0.0000,0.0000,Pass
D86-09,165,470,-1.2291,140.0450,84.5429,96.8296,5613.6400,0.0000,0.0000,Pass
D86-09,165,471,-1.0786,140.0460,84.7066,97.3856,5635.3900,0.0000,0.0000,Pass
D86-09,165,474,-0.9279,140.0460,84.7739,96.6424,5644.3500,0.0000,0.0000,Pass
D86-09,165,475,-0.7774,140.0470,84.9083,96.5854,5662.2700,0.0000,0.0000,Pass
D86-09,165,481,-3.6326,139.8840,84.6970,96.7891,5634.1100,0.0000,0.0000,Pass
D86-09,165,482,-3.4819,139.8850,84.6537,96.8082,5628.3600,0.0000,0.0000,Pass
D86-09,165,483,-3.3323,139.8850,84.7979,97.0255,5647.5500,0.0000,0.0000,Pass
D86-09,165,484,-3.0317,139.8860,84.7306,97.0504,5638.5900,0.0000,0.0000,Pass
D86-09,165,485,-2.4310,139.8890,84.9371,97.1758,5666.1100,0.0000,0.0000,Pass
D86-09,165,486,-2.2807,139.8890,84.7691,97.9263,5643.7100,0.0000,0.0000,Pass
D86-09,165,487,-2.1311,139.8910,84.4127,97.0313,5596.3600,0.0000,0.0000,Pass
D86-09,165,488,-1.9807,139.8910,84.8987,97.2955,5660.9900,0.0000,0.0000,Pass
D86-09,165,489,-1.8302,139.8920,84.2243,97.5534,5571.4100,0.0000,0.0000,Pass
D86-09,165,490,-1.6795,139.8920,84.9035,97.2132,5661.6300,0.0000,0.0000,Pass
D86-09,165,491,-1.3786,139.8940,85.3772,97.1551,5724.9800,0.0000,0.0000,Pass
D86-09,165,492,-1.2282,139.8940,85.0617,96.7458,5682.7400,0.0000,0.0000,Pass
D86-09,165,493,-1.0778,139.8950,85.4201,97.1189,5730.7400,0.0000,0.0000,Pass
D86-09,165,494,-3.1820,139.8860,84.2630,96.4146,5576.5300,0.0000,0.0000,Pass
D86-09,165,495,-2.8821,139.8870,84.6441,97.4046,5627.0800,0.0000,0.0000,Pass
D86-09,165,496,-2.7315,139.8880,84.7450,97.0114,5640.5100,0.0000,0.0000,Pass
D86-09,165,497,-2.5811,139.8880,84.3162,97.9541,5583.5600,0.0000,0.0000,Pass
D86-09,165,498,-1.5288,139.8930,85.1096,96.7150,5689.1400,0.0000,0.0000,Pass
D86-09,165,499,-0.9273,139.8960,85.4773,96.3949,5738.4100,0.0000,0.0000,Pass
D86-09,165,500,-0.7770,139.8960,85.3390,95.9496,5719.8600,0.0000,0.0000,Pass
D86-09,2444,1,144.0950,6.6459,84.9755,97.7146,5671.2300,0.0000,0.0000,Pass
D86-09,2444,2,144.3950,6.6476,85.8245,98.0730,5785.1300,0.0000,0.0000,Pass
D86-09,2444,3,145.4500,6.6528,87.5398,97.0134,6018.6800,0.0000,0.0000,Pass
D86-09,2444,7,142.5940,6.6393,84.6729,96.5059,5630.9100,0.0000,0.0000,Pass
D86-09,2444,8,142.7430,6.6404,84.8747,97.0408,5657.7900,0.0000,0.0000,Pass
D86-09,2444,9,142.8930,6.6407,85.0761,96.9808,5684.6600,0.0000,0.0000,Pass
D86-09,2444,10,143.0430,6.6414,84.8363,97.2960,5652.6700,0.0000,0.0000,Pass
D86-09,2444,11,143.1930,6.6421,84.8939,97.1828,5660.3500,0.0000,0.0000,Pass
D86-09,2444,12,143.3430,6.6424,84.6104,97.9732,5622.6000,0.0000,0.0000,Pass
D86-09,2444,13,143.4940,6.6433,84.7450,97.0603,5640.5100,0.0000,0.0000,Pass
D86-09,2444,14,143.6440,6.6439,84.5526,97.6954,5614.9200,0.0000,0.0000,Pass
D86-09,2444,15,143.7940,6.6443,85.0186,97.2600,5676.9900,0.0000,0.0000,Pass
D86-09,2444,16,143.9450,6.6449,84.9323,99.1561,5665.4700,0.0000,0.0000,Pass
D86-09,2444,17,144.2450,6.6470,85.7010,97.8962,5768.4900,0.0000,0.0000,Pass
D86-09,2444,18,144.5460,6.6482,85.9241,98.0674,5798.5600,0.0000,0.0000,Pass
D86-09,2444,19,144.6970,6.6491,86.5289,97.9976,5880.4700,0.0000,0.0000,Pass
D86-09,2444,20,144.8470,6.6500,86.9093,97.6954,5932.3000,0.0000,0.0000,Pass
D86-09,2444,21,144.9980,6.6507,86.8672,97.4500,5926.5400,0.0000,0.0000,Pass
D86-09,2444,22,145.1480,6.6511,87.2602,97.9647,5980.2900,0.0000,0.0000,Pass
D86-09,2444,23,145.2990,6.6520,87.3628,97.5167,5994.3600,0.0000,0.0000,Pass
D86-09,2444,31,142.8940,6.4902,84.7499,97.1704,5641.1500,0.0000,0.0000,Pass
D86-09,2444,32,143.6440,6.4936,85.0857,97.8596,5685.9400,0.0000,0.0000,Pass
D86-09,2444,33,144.0950,6.4958,85.2722,97.6407,5710.9000,0.0000,0.0000,Pass
D86-09,2444,34,144.3960,6.4978,85.4011,98.3143,5728.1800,0.0000,0.0000,Pass
D86-09,2444,35,144.5460,6.4983,85.2100,98.5297,5702.5800,0.0000,0.0000,Pass
D86-09,2444,36,144.6970,6.4989,85.8245,98.2517,5785.1300,0.0000,0.0000,Pass
D86-09,2444,37,145.1490,6.5011,86.3403,97.4935,5854.8700,0.0000,0.0000,Pass
D86-09,2444,38,145.3000,6.5020,86.5194,97.5030,5879.1900,0.0000,0.0000,Pass
D86-09,2444,40,142.5940,6.4890,84.8123,97.0521,5649.4700,0.0000,0.0000,Pass
D86-09,2444,41,142.7440,6.4896,84.4706,97.1738,5604.0400,0.0000,0.0000,Pass
D86-09,2444,42,143.0440,6.4908,84.9563,97.6820,5668.6700,0.0000,0.0000,Pass
D86-09,2444,43,143.1940,6.4913,84.5670,98.0082,5616.8400,0.0000,0.0000,Pass
D86-09,2444,44,143.3440,6.4926,85.2053,97.1853,5701.9400,0.0000,0.0000,Pass
D86-09,2444,45,143.4940,6.4931,84.9946,98.0330,5673.7900,0.0000,0.0000,Pass
D86-09,2444,46,143.7950,6.4943,84.9946,97.7706,5673.7900,0.0000,0.0000,Pass
D86-09,2444,47,143.9450,6.4947,84.8747,97.6690,5657.7900,0.0000,0.0000,Pass
D86-09,2444,48,144.2460,6.4969,84.9515,98.2663,5668.0300,0.0000,0.0000,Pass
D86-09,2444,49,144.8470,6.4996,85.8293,98.6759,5785.7600,0.0000,0.0000,Pass
D86-09,2444,50,144.9980,6.5004,86.0568,98.2873,5816.4800,0.0000,0.0000,Pass
D86-09,2444,51,145.4500,6.5022,86.5759,97.9228,5886.8700,0.0000,0.0000,Pass
D86-09,2444,59,142.5950,6.3387,84.2968,97.2788,5581.0000,0.0000,0.0000,Pass
D86-09,2444,60,142.7440,6.3394,84.2678,97.5102,5577.1700,0.0000,0.0000,Pass
D86-09,2444,61,142.8940,6.3397,84.3307,97.4156,5585.4800,0.0000,0.0000,Pass
D86-09,2444,62,143.1940,6.3410,84.4224,98.0447,5597.6400,0.0000,0.0000,Pass
D86-09,2444,63,143.3450,6.3416,84.4658,98.0245,5603.4000,0.0000,0.0000,Pass
D86-09,2444,64,143.4950,6.3423,84.5140,98.3121,5609.8000,0.0000,0.0000,Pass
D86-09,2444,65,143.9460,6.3442,84.7499,97.7965,5641.1500,0.0000,0.0000,Pass
D86-09,2444,66,144.0960,6.3452,84.4658,98.1474,5603.4000,0.0000,0.0000,Pass
D86-09,2444,67,144.2460,6.3464,85.0378,98.7627,5679.5500,0.0000,0.0000,Pass
D86-09,2444,68,144.3960,6.3469,85.3963,98.6156,5727.5400,0.0000,0.0000,Pass
D86-09,2444,69,144.5470,6.3476,85.2961,98.2478,5714.1000,0.0000,0.0000,Pass
D86-09,2444,70,144.6970,6.3484,85.2626,98.6803,5709.6200,0.0000,0.0000,Pass
D86-09,2444,71,144.8480,6.3490,85.9431,98.6895,5801.1200,0.0000,0.0000,Pass
D86-09,2444,72,145.3000,6.3512,86.8906,98.1475,5929.7400,0.0000,0.0000,Pass
D86-09,2444,73,145.4510,6.3519,86.9703,98.0119,5940.6200,0.0000,0.0000,Pass
D86-09,2444,77,143.0440,6.3403,84.4465,97.1408,5600.8400,0.0000,0.0000,Pass
D86-09,2444,78,143.6450,6.3429,84.5381,98.0099,5613.0000,0.0000,0.0000,Pass
D86-09,2444,79,143.7960,6.3436,84.5140,97.3613,5609.8000,0.0000,0.0000,Pass
D86-09,2444,80,144.9990,6.3497,85.9289,98.1950,5799.2000,0.0000,0.0000,Pass
D86-09,2444,81,145.1490,6.3505,86.5571,98.1325,5884.3100,0.0000,0.0000,Pass
D86-09,2444,85,145.0000,6.1993,85.7391,97.8526,5773.6100,0.0000,0.0000,Pass
D86-09,2444,89,142.5950,6.1884,84.2533,98.1283,5575.2500,0.0000,0.0000,Pass
D86-09,2444,90,142.7450,6.1889,84.3113,97.4415,5582.9200,0.0000,0.0000,Pass
D86-09,2444,91,142.8960,6.1901,84.5911,98.0352,5620.0400,0.0000,0.0000,Pass
D86-09,2444,92,143.0450,6.1905,84.5140,96.9283,5609.8000,0.0000,0.0000,Pass
D86-09,2444,93,143.1950,6.1910,84.6007,98.3997,5621.3200,0.0000,0.0000,Pass
D86-09,2444,94,143.3450,6.1913,84.3403,97.8077,5586.7600,0.0000,0.0000,Pass
D86-09,2444,95,143.4950,6.1924,84.6537,98.1885,5628.3600,0.0000,0.0000,Pass
D86-09,2444,96,143.6450,6.1928,84.4272,98.4537,5598.2800,0.0000,0.0000,Pass
D86-09,2444,97,143.7960,6.1935,84.4851,98.8843,5605.9600,0.0000,0.0000,Pass
D86-09,2444,98,143.9460,6.1942,84.7787,98.9686,5644.9900,0.0000,0.0000,Pass
D86-09,2444,99,144.0960,6.1947,84.5092,98.1840,5609.1600,0.0000,0.0000,Pass
D86-09,2444,100,144.2470,6.1959,85.0186,99.0489,5676.9900,0.0000,0.0000,Pass
D86-09,2444,101,144.3970,6.1965,85.1718,98.5169,5697.4600,0.0000,0.0000,Pass
D86-09,2444,102,144.5480,6.1973,84.9563,99.9637,5668.6700,0.0000,0.0000,Pass
D86-09,2444,103,144.6980,6.1978,85.5821,98.8924,5752.4900,0.0000,0.0000,Pass
D86-09,2444,104,144.8490,6.1983,85.6630,98.5450,5763.3700,0.0000,0.0000,Pass
D86-09,2444,105,145.1500,6.1997,86.1183,98.8796,5824.8000,0.0000,0.0000,Pass
D86-09,2444,106,145.3010,6.2002,86.3781,97.5916,5859.9900,0.0000,0.0000,Pass
D86-09,2444,107,145.4510,6.2011,86.7733,98.1788,5913.7400,0.0000,0.0000,Pass
D86-09,2444,115,142.7460,6.0387,84.4754,96.9751,5604.6800,0.0000,0.0000,Pass
D86-09,2444,116,142.8960,6.0392,84.6777,98.6439,5631.5500,0.0000,0.0000,Pass
D86-09,2444,117,143.0460,6.0401,84.8219,98.1792,5650.7500,0.0000,0.0000,Pass
D86-09,2444,118,143.1960,6.0404,84.9994,98.0548,5674.4300,0.0000,0.0000,Pass
D86-09,2444,119,143.4960,6.0420,84.6633,98.3473,5629.6300,0.0000,0.0000,Pass
D86-09,2444,120,143.6460,6.0427,84.6585,99.1679,5629.0000,0.0000,0.0000,Pass
D86-09,2444,121,144.0970,6.0447,84.8123,98.8036,5649.4700,0.0000,0.0000,Pass
D86-09,2444,122,144.2470,6.0460,85.4344,99.3603,5732.6600,0.0000,0.0000,Pass
D86-09,2444,123,144.5480,6.0466,85.4249,98.8947,5731.3800,0.0000,0.0000,Pass
D86-09,2444,124,144.6990,6.0473,85.5012,98.9535,5741.6100,0.0000,0.0000,Pass
D86-09,2444,125,144.8490,6.0481,85.8055,99.1989,5782.5700,0.0000,0.0000,Pass
D86-09,2444,126,145.4520,6.0506,86.8062,98.4030,5918.2200,0.0000,0.0000,Pass
D86-09,2444,128,142.5960,6.0383,84.1566,98.4209,5562.4500,0.0000,0.0000,Pass
D86-09,2444,129,143.3460,6.0412,84.8507,98.0907,5654.5900,0.0000,0.0000,Pass
D86-09,2444,130,143.7960,6.0429,85.0186,99.0248,5676.9900,0.0000,0.0000,Pass
D86-09,2444,131,143.9470,6.0436,84.9131,99.6909,5662.9100,0.0000,0.0000,Pass
D86-09,2444,132,144.3980,6.0461,85.4916,99.5320,5740.3300,0.0000,0.0000,Pass
D86-09,2444,133,145.0000,6.0484,86.3639,98.8851,5858.0700,0.0000,0.0000,Pass
D86-09,2444,134,145.1500,6.0493,86.2837,98.7609,5847.1900,0.0000,0.0000,Pass
D86-09,2444,135,145.3010,6.0500,86.7780,98.3453,5914.3800,0.0000,0.0000,Pass
D86-09,2444,143,142.5970,5.8880,84.1663,97.4722,5563.7300,0.0000,0.0000,Pass
D86-09,2444,144,145.4520,5.9005,87.0311,98.0528,5948.9300,0.0000,0.0000,Pass
D86-09,2444,153,142.5970,5.7374,83.9967,97.4405,5541.3300,0.0000,0.0000,Pass
D86-09,2444,154,145.4530,5.7499,86.6700,98.3775,5899.6600,0.0000,0.0000,Pass
D86-09,2444,159,143.1230,5.6316,84.2437,99.3712,5573.9700,0.0000,0.0000,Pass
D86-09,2444,160,144.1130,5.6361,85.2244,99.1260,5704.5000,0.0000,0.0000,Pass
D86-09,2444,161,144.6080,5.6383,86.0947,98.7787,5821.6000,0.0000,0.0000,Pass
D86-09,2444,162,143.2880,5.6323,84.1469,98.6067,5561.1700,0.0000,0.0000,Pass
D86-09,2444,163,143.4530,5.6327,84.6152,99.2118,5623.2400,0.0000,0.0000,Pass
D86-09,2444,164,143.6170,5.6331,84.9179,99.7348,5663.5500,0.0000,0.0000,Pass
D86-09,2444,165,143.7830,5.6340,84.8747,98.9784,5657.7900,0.0000,0.0000,Pass
D86-09,2444,166,143.9480,5.6347,85.2626,99.4377,5709.6200,0.0000,0.0000,Pass
D86-09,2444,167,144.2780,5.6369,85.4630,99.7627,5736.4900,0.0000,0.0000,Pass
D86-09,2444,168,144.4430,5.6380,85.8293,99.5225,5785.7600,0.0000,0.0000,Pass
D86-09,2444,169,144.7730,5.6391,86.1940,99.4854,5835.0400,0.0000,0.0000,Pass
D86-09,2444,170,144.9380,5.6398,86.4818,99.4082,5874.0700,0.0000,0.0000,Pass
D86-09,2444,171,145.1040,5.6405,86.3215,98.8620,5852.3100,0.0000,0.0000,Pass
D86-09,2444,176,142.5980,5.5870,84.3451,98.4477,5587.4000,0.0000,0.0000,Pass
D86-09,2444,178,145.4540,5.5995,86.3356,98.1625,5854.2300,0.0000,0.0000,Pass
D86-09,2444,182,142.9590,5.4659,84.7931,99.4332,5646.9100,0.0000,0.0000,Pass
D86-09,2444,183,143.1240,5.4666,84.3065,98.4764,5582.2800,0.0000,0.0000,Pass
D86-09,2444,184,143.2890,5.4670,84.5959,99.3057,5620.6800,0.0000,0.0000,Pass
D86-09,2444,185,143.4540,5.4677,85.0473,99.5430,5680.8300,0.0000,0.0000,Pass
D86-09,2444,186,143.6190,5.4688,84.5959,98.0227,5620.6800,0.0000,0.0000,Pass
D86-09,2444,187,143.7840,5.4694,84.8075,99.5842,5648.8300,0.0000,0.0000,Pass
D86-09,2444,188,143.9490,5.4702,84.7691,99.7168,5643.7100,0.0000,0.0000,Pass
D86-09,2444,189,144.1130,5.4711,84.5526,98.8847,5614.9200,0.0000,0.0000,Pass
D86-09,2444,190,144.2780,5.4721,84.4320,99.7846,5598.9200,0.0000,0.0000,Pass
D86-09,2444,191,144.4440,5.4727,84.8987,99.8480,5660.9900,0.0000,0.0000,Pass
D86-09,2444,192,144.6080,5.4732,85.2531,99.8337,5708.3400,0.0000,0.0000,Pass
D86-09,2444,193,144.7740,5.4739,85.3199,98.9364,5717.3000,0.0000,0.0000,Pass
D86-09,2444,194,145.1040,5.4750,85.7200,99.0703,5771.0500,0.0000,0.0000,Pass
D86-09,2444,195,144.9390,5.4741,85.8388,99.3521,5787.0400,0.0000,0.0000,Pass
D86-09,2444,200,142.5980,5.4368,84.0839,98.3806,5552.8500,0.0000,0.0000,Pass
D86-09,2444,201,145.4540,5.4489,86.7545,98.5448,5911.1800,0.0000,0.0000,Pass
D86-09,2444,206,142.9600,5.3007,84.2968,99.2739,5581.0000,0.0000,0.0000,Pass
D86-09,2444,207,143.1250,5.3016,84.2823,98.9546,5579.0800,0.0000,0.0000,Pass
D86-09,2444,208,143.2900,5.3020,84.2485,99.3458,5574.6100,0.0000,0.0000,Pass
D86-09,2444,209,143.7840,5.3041,84.9083,99.9302,5662.2700,0.0000,0.0000,Pass
D86-09,2444,210,144.1140,5.3059,84.6777,98.8359,5631.5500,0.0000,0.0000,Pass
D86-09,2444,211,144.6090,5.3082,85.7723,99.9847,5778.0900,0.0000,0.0000,Pass
D86-09,2444,212,144.7740,5.3088,86.2884,99.6576,5847.8300,0.0000,0.0000,Pass
D86-09,2444,213,144.9400,5.3094,85.7961,99.6422,5781.2900,0.0000,0.0000,Pass
D86-09,2444,214,143.4540,5.3025,84.9227,99.6400,5664.1900,0.0000,0.0000,Pass
D86-09,2444,215,143.6190,5.3035,84.5092,99.3699,5609.1600,0.0000,0.0000,Pass
D86-09,2444,216,143.9490,5.3048,84.6537,99.4785,5628.3600,0.0000,0.0000,Pass
D86-09,2444,217,144.2790,5.3069,84.7931,99.6033,5646.9100,0.0000,0.0000,Pass
D86-09,2444,218,144.4440,5.3075,85.2531,99.5515,5708.3400,0.0000,0.0000,Pass
D86-09,2444,219,145.1050,5.3104,85.9668,99.5092,5804.3200,0.0000,0.0000,Pass
D86-09,2444,224,142.5990,5.2868,84.3693,98.9665,5590.6000,0.0000,0.0000,Pass
D86-09,2444,225,145.4550,5.2984,87.2041,99.0231,5972.6100,0.0000,0.0000,Pass
D86-09,2444,232,142.6000,5.1365,83.8802,98.2490,5525.9800,0.0000,0.0000,Pass
D86-09,2444,233,144.2790,5.1420,84.0403,99.5116,5547.0900,0.0000,0.0000,Pass
D86-09,2444,234,145.4560,5.1480,92.7414,96.8195,6755.1800,0.0000,0.0000,Pass
D86-09,2444,239,142.9610,5.1359,84.2243,98.6662,5571.4100,0.0000,0.0000,Pass
D86-09,2444,240,143.1250,5.1368,83.9870,98.6191,5540.0500,0.0000,0.0000,Pass
D86-09,2444,241,143.2900,5.1375,84.2920,98.9308,5580.3600,0.0000,0.0000,Pass
D86-09,2444,242,143.4550,5.1380,84.9083,98.9900,5662.2700,0.0000,0.0000,Pass
D86-09,2444,243,143.6200,5.1388,84.4175,99.3060,5597.0000,0.0000,0.0000,Pass
D86-09,2444,244,143.7850,5.1396,84.4754,99.1193,5604.6800,0.0000,0.0000,Pass
D86-09,2444,245,144.1140,5.1414,83.6273,98.9246,5492.7000,0.0000,0.0000,Pass
D86-09,2444,246,144.4450,5.1427,84.7114,99.3170,5636.0300,0.0000,0.0000,Pass
D86-09,2444,247,144.6100,5.1433,84.7210,99.2491,5637.3100,0.0000,0.0000,Pass
D86-09,2444,248,144.7750,5.1433,85.6630,98.5476,5763.3700,0.0000,0.0000,Pass
D86-09,2444,249,144.9410,5.1440,87.0592,98.6419,5952.7700,0.0000,0.0000,Pass
D86-09,2444,250,145.1060,5.1445,88.6772,98.4713,6176.0900,0.0000,0.0000,Pass
D86-09,2444,251,143.9500,5.1400,84.1904,99.4424,5566.9300,0.0000,0.0000,Pass
D86-09,2444,256,142.6000,4.9860,83.9142,98.7738,5530.4500,0.0000,0.0000,Pass
D86-09,2444,257,145.4560,4.9991,91.8809,97.6652,6630.4000,0.0000,0.0000,Pass
D86-09,2444,262,142.9620,4.9714,84.5477,99.0828,5614.2800,0.0000,0.0000,Pass
D86-09,2444,263,143.2910,4.9724,84.3886,99.7596,5593.1600,0.0000,0.0000,Pass
D86-09,2444,264,143.4560,4.9729,84.8603,99.5668,5655.8700,0.0000,0.0000,Pass
D86-09,2444,265,143.6210,4.9736,84.6537,99.1286,5628.3600,0.0000,0.0000,Pass
D86-09,2444,266,143.7860,4.9743,84.7931,99.8063,5646.9100,0.0000,0.0000,Pass
D86-09,2444,267,143.9510,4.9751,85.0234,99.3806,5677.6300,0.0000,0.0000,Pass
D86-09,2444,268,144.1150,4.9762,84.6104,99.2623,5622.6000,0.0000,0.0000,Pass
D86-09,2444,269,144.4460,4.9770,88.9982,99.5887,6220.8800,0.0000,0.0000,Pass
D86-09,2444,270,144.6110,4.9778,90.3789,99.4344,6415.4000,0.0000,0.0000,Pass
D86-09,2444,271,144.7760,4.9789,91.4364,99.3082,6566.4100,0.0000,0.0000,Pass
D86-09,2444,272,144.9410,4.9801,91.9340,99.2172,6638.0800,0.0000,0.0000,Pass
D86-09,2444,273,143.1260,4.9721,84.3258,99.3034,5584.8400,0.0000,0.0000,Pass
D86-09,2444,274,144.2810,4.9767,86.2223,98.2032,5838.8700,0.0000,0.0000,Pass
D86-09,2444,275,145.1070,4.9810,91.6545,97.6568,6597.7700,0.0000,0.0000,Pass
D86-09,2444,280,142.6010,4.8360,84.0112,97.1145,5543.2500,0.0000,0.0000,Pass
D86-09,2444,281,145.4570,4.8480,87.3068,98.1373,5986.6900,0.0000,0.0000,Pass
D86-09,2444,286,143.4570,4.8085,85.0282,99.7677,5678.2700,0.0000,0.0000,Pass
D86-09,2444,287,144.1160,4.8107,89.2495,98.0756,6256.0700,0.0000,0.0000,Pass
D86-09,2444,288,144.4460,4.8133,91.1955,99.2801,6531.8600,0.0000,0.0000,Pass
D86-09,2444,289,142.9620,4.8067,84.9179,99.0812,5663.5500,0.0000,0.0000,Pass
D86-09,2444,290,143.1270,4.8072,85.0042,99.3542,5675.0700,0.0000,0.0000,Pass
D86-09,2444,291,143.2920,4.8078,84.7739,99.2808,5644.3500,0.0000,0.0000,Pass
D86-09,2444,292,143.6210,4.8090,85.3677,99.8793,5723.7000,0.0000,0.0000,Pass
D86-09,2444,293,143.7860,4.8096,85.1622,99.2697,5696.1800,0.0000,0.0000,Pass
D86-09,2444,294,143.9520,4.8097,86.7921,99.0514,5916.3000,0.0000,0.0000,Pass
D86-09,2444,295,144.2810,4.8123,91.2447,99.6568,6538.9000,0.0000,0.0000,Pass
D86-09,2444,296,144.6110,4.8136,89.9180,98.8985,6350.1400,0.0000,0.0000,Pass
D86-09,2444,297,144.7760,4.8148,89.5503,99.2758,6298.3100,0.0000,0.0000,Pass
D86-09,2444,298,144.9410,4.8155,88.1381,99.1854,6101.2200,0.0000,0.0000,Pass
D86-09,2444,299,145.1070,4.8159,87.0077,98.4312,5945.7300,0.0000,0.0000,Pass
D86-09,2444,304,142.6020,4.6858,84.3210,98.6835,5584.2000,0.0000,0.0000,Pass
D86-09,2444,305,145.4580,4.6974,86.9187,98.2953,5933.5800,0.0000,0.0000,Pass
D86-09,2444,310,142.9630,4.6413,84.2968,98.2137,5581.0000,0.0000,0.0000,Pass
D86-09,2444,311,143.1280,4.6422,84.3355,99.5995,5586.1200,0.0000,0.0000,Pass
D86-09,2444,312,143.2920,4.6420,84.7402,99.7912,5639.8700,0.0000,0.0000,Pass
D86-09,2444,313,143.4570,4.6431,84.6392,98.7717,5626.4400,0.0000,0.0000,Pass
D86-09,2444,314,143.6220,4.6430,85.9099,99.1918,5796.6400,0.0000,0.0000,Pass
D86-09,2444,315,143.7880,4.6435,89.7139,99.6749,6321.3400,0.0000,0.0000,Pass
D86-09,2444,316,144.1170,4.6464,91.6456,98.5824,6596.4900,0.0000,0.0000,Pass
D86-09,2444,317,144.2810,4.6478,89.3955,99.7038,6276.5500,0.0000,0.0000,Pass
D86-09,2444,318,144.4460,4.6483,87.8232,99.7704,6057.7100,0.0000,0.0000,Pass
D86-09,2444,319,144.6120,4.6483,86.8015,96.8510,5917.5800,0.0000,0.0000,Pass
D86-09,2444,320,144.7770,4.6491,86.9422,99.0280,5936.7800,0.0000,0.0000,Pass
D86-09,2444,321,144.9420,4.6497,86.2648,99.1524,5844.6300,0.0000,0.0000,Pass
D86-09,2444,322,145.1080,4.6504,86.4582,98.8407,5870.8700,0.0000,0.0000,Pass
D86-09,2444,323,143.9520,4.6450,92.4069,99.6124,6706.5500,0.0000,0.0000,Pass
D86-09,2444,328,142.6020,4.5356,84.9611,98.3655,5669.3100,0.0000,0.0000,Pass
D86-09,2444,329,145.4580,4.5467,86.8156,97.8221,5919.5000,0.0000,0.0000,Pass
D86-09,2444,334,142.9640,4.4763,85.1814,98.6702,5698.7400,0.0000,0.0000,Pass
D86-09,2444,335,143.1280,4.4769,84.7595,98.4788,5642.4300,0.0000,0.0000,Pass
D86-09,2444,336,143.2930,4.4778,84.6248,99.0164,5624.5200,0.0000,0.0000,Pass
D86-09,2444,337,143.4580,4.4780,87.0545,98.5154,5952.1300,0.0000,0.0000,Pass
D86-09,2444,338,143.6240,4.4779,90.1894,98.2010,6388.5300,0.0000,0.0000,Pass
D86-09,2444,339,144.1170,4.4814,86.8156,98.2533,5919.5000,0.0000,0.0000,Pass
D86-09,2444,340,144.2820,4.4820,86.5383,98.5885,5881.7500,0.0000,0.0000,Pass
D86-09,2444,341,144.4470,4.4826,86.3969,99.1707,5862.5500,0.0000,0.0000,Pass
D86-09,2444,342,144.6130,4.4833,86.7404,99.0426,5909.2600,0.0000,0.0000,Pass
D86-09,2444,343,144.7780,4.4839,86.3498,98.7553,5856.1500,0.0000,0.0000,Pass
D86-09,2444,344,144.9430,4.4844,86.6418,98.9245,5895.8200,0.0000,0.0000,Pass
D86-09,2444,345,143.7880,4.4796,92.8555,98.8032,6771.8100,0.0000,0.0000,Pass
D86-09,2444,346,143.9520,4.4810,89.0622,99.3855,6229.8400,0.0000,0.0000,Pass
D86-09,2444,347,145.1080,4.4851,86.6277,98.3761,5893.9000,0.0000,0.0000,Pass
D86-09,2444,352,142.6030,4.3850,84.5140,98.1368,5609.8000,0.0000,0.0000,Pass
D86-09,2444,353,145.4590,4.3963,87.8464,98.0356,6060.9100,0.0000,0.0000,Pass
D86-09,2444,362,142.6030,4.2349,84.7691,98.8004,5643.7100,0.0000,0.0000,Pass
D86-09,2444,363,145.4600,4.2456,89.7956,97.6536,6332.8600,0.0000,0.0000,Pass
D86-09,2444,370,142.7540,4.0847,85.1431,97.4858,5693.6200,0.0000,0.0000,Pass
D86-09,2444,371,143.8050,4.0889,85.4297,98.8911,5732.0200,0.0000,0.0000,Pass
D86-09,2444,372,144.1050,4.0900,86.2601,97.9049,5843.9900,0.0000,0.0000,Pass
D86-09,2444,373,144.2550,4.0909,87.6421,98.9452,6032.7600,0.0000,0.0000,Pass
D86-09,2444,374,144.7070,4.0935,87.6375,97.3506,6032.1200,0.0000,0.0000,Pass
D86-09,2444,377,142.6030,4.0848,84.7931,96.4461,5646.9100,0.0000,0.0000,Pass
D86-09,2444,378,142.9040,4.0851,86.0426,99.5887,5814.5600,0.0000,0.0000,Pass
D86-09,2444,379,143.0540,4.0859,88.1797,97.8409,6106.9800,0.0000,0.0000,Pass
D86-09,2444,380,143.2040,4.0869,87.2788,98.6913,5982.8500,0.0000,0.0000,Pass
D86-09,2444,381,143.3540,4.0856,97.9370,94.9533,7533.2700,0.0000,0.0000,Pass
D86-09,2444,382,143.5030,4.0892,91.8055,98.6702,6619.5200,0.0000,0.0000,Pass
D86-09,2444,383,143.6540,4.0888,85.6392,97.5961,5760.1700,0.0000,0.0000,Pass
D86-09,2444,384,143.9550,4.0894,85.5345,98.6601,5746.0900,0.0000,0.0000,Pass
D86-09,2444,385,144.4060,4.0916,88.3643,98.3836,6132.5800,0.0000,0.0000,Pass
D86-09,2444,386,144.5560,4.0925,87.9113,99.1642,6069.8700,0.0000,0.0000,Pass
D86-09,2444,387,144.8580,4.0944,87.4234,99.3707,6002.6800,0.0000,0.0000,Pass
D86-09,2444,388,145.0080,4.0947,86.7264,97.4129,5907.3400,0.0000,0.0000,Pass
D86-09,2444,389,145.1590,4.0950,86.1420,97.8732,5828.0000,0.0000,0.0000,Pass
D86-09,2444,390,145.3100,4.0956,86.1845,96.1651,5833.7600,0.0000,0.0000,Pass
D86-09,2444,391,145.4600,4.0959,86.6982,97.4753,5903.5000,0.0000,0.0000,Pass
D86-09,2444,397,142.9040,3.9352,88.1473,97.5631,6102.5000,0.0000,0.0000,Pass
D86-09,2444,398,144.5570,3.9419,85.7248,98.2613,5771.6900,0.0000,0.0000,Pass
D86-09,2444,402,142.6050,3.9343,84.6874,97.1075,5632.8300,0.0000,0.0000,Pass
D86-09,2444,403,142.7540,3.9347,85.1670,98.3940,5696.8200,0.0000,0.0000,Pass
D86-09,2444,404,143.0540,3.9358,86.8718,97.4107,5927.1800,0.0000,0.0000,Pass
D86-09,2444,405,143.2080,3.9345,94.6887,93.0176,7041.8400,0.0000,0.0000,Pass
D86-09,2444,406,143.3530,3.9380,93.6201,99.6645,6883.7900,0.0000,0.0000,Pass
D86-09,2444,407,143.5040,3.9375,85.2100,99.0767,5702.5800,0.0000,0.0000,Pass
D86-09,2444,408,143.6550,3.9374,84.8603,97.6179,5655.8700,0.0000,0.0000,Pass
D86-09,2444,409,143.8050,3.9384,84.6825,99.2555,5632.1900,0.0000,0.0000,Pass
D86-09,2444,410,143.9560,3.9385,86.4064,98.2028,5863.8300,0.0000,0.0000,Pass
D86-09,2444,411,144.1060,3.9395,87.3255,97.9411,5989.2500,0.0000,0.0000,Pass
D86-09,2444,412,144.2560,3.9409,87.9298,98.5437,6072.4300,0.0000,0.0000,Pass
D86-09,2444,413,144.4060,3.9413,86.8718,98.3813,5927.1800,0.0000,0.0000,Pass
D86-09,2444,414,144.7080,3.9424,85.6725,98.1630,5764.6500,0.0000,0.0000,Pass
D86-09,2444,415,144.8580,3.9426,85.8530,97.8394,5788.9600,0.0000,0.0000,Pass
D86-09,2444,416,145.0090,3.9432,86.0473,97.6549,5815.2000,0.0000,0.0000,Pass
D86-09,2444,417,145.1590,3.9437,85.8055,97.7491,5782.5700,0.0000,0.0000,Pass
D86-09,2444,418,145.4610,3.9449,86.5289,97.1774,5880.4700,0.0000,0.0000,Pass
D86-09,2444,419,145.3100,3.9435,86.5477,98.3791,5883.0300,0.0000,0.0000,Pass
D86-09,2444,424,144.1060,3.7898,87.2788,97.6647,5982.8500,0.0000,0.0000,Pass
D86-09,2444,426,142.6050,3.7841,85.0665,96.0712,5683.3800,0.0000,0.0000,Pass
D86-09,2444,427,142.9050,3.7853,87.0639,97.4648,5953.4100,0.0000,0.0000,Pass
D86-09,2444,428,143.5050,3.7873,85.0426,97.5018,5680.1900,0.0000,0.0000,Pass
D86-09,2444,429,143.8060,3.7879,86.6794,98.1109,5900.9400,0.0000,0.0000,Pass
D86-09,2444,430,144.2560,3.7904,85.6345,97.5962,5759.5300,0.0000,0.0000,Pass
D86-09,2444,431,144.4070,3.7908,85.7961,97.6235,5781.2900,0.0000,0.0000,Pass
D86-09,2444,432,144.5580,3.7910,86.2365,97.6545,5840.7900,0.0000,0.0000,Pass
D86-09,2444,433,144.7080,3.7914,86.5430,97.5872,5882.3900,0.0000,0.0000,Pass
D86-09,2444,434,144.8590,3.7920,87.7583,97.4147,6048.7500,0.0000,0.0000,Pass
D86-09,2444,435,145.1600,3.7926,88.8332,97.0480,6197.8500,0.0000,0.0000,Pass
D86-09,2444,437,142.7550,3.7846,87.7165,96.4701,6043.0000,0.0000,0.0000,Pass
D86-09,2444,438,143.0560,3.7845,88.5485,98.7493,6158.1700,0.0000,0.0000,Pass
D86-09,2444,439,143.2040,3.7874,95.5367,97.1550,7168.5400,0.0000,0.0000,Pass
D86-09,2444,440,143.3540,3.7870,86.8343,98.2160,5922.0600,0.0000,0.0000,Pass
D86-09,2444,441,143.6560,3.7876,85.0857,97.6863,5685.9400,0.0000,0.0000,Pass
D86-09,2444,442,143.9560,3.7883,88.1889,97.9524,6108.2600,0.0000,0.0000,Pass
D86-09,2444,443,145.0090,3.7923,88.1843,96.9443,6107.6200,0.0000,0.0000,Pass
D86-09,2444,444,145.3110,3.7931,88.7231,97.4012,6182.4900,0.0000,0.0000,Pass
D86-09,2444,445,145.4610,3.7937,87.8139,97.0134,6056.4300,0.0000,0.0000,Pass
D86-09,2444,451,142.9060,3.6349,86.1798,97.1814,5833.1200,0.0000,0.0000,Pass
D86-09,2444,452,144.4080,3.6399,88.2535,97.6079,6117.2200,0.0000,0.0000,Pass
D86-09,2444,456,142.6060,3.6334,87.6561,95.6758,6034.6800,0.0000,0.0000,Pass
D86-09,2444,457,142.7560,3.6344,87.5212,96.2428,6016.1200,0.0000,0.0000,Pass
D86-09,2444,458,143.0570,3.6352,92.6359,96.2775,6739.8200,0.0000,0.0000,Pass
D86-09,2444,459,143.2040,3.6361,90.1035,97.3460,6376.3700,0.0000,0.0000,Pass
D86-09,2444,460,143.3560,3.6363,85.7058,98.3141,5769.1300,0.0000,0.0000,Pass
D86-09,2444,461,143.5060,3.6367,85.7248,97.6828,5771.6900,0.0000,0.0000,Pass
D86-09,2444,462,143.6570,3.6367,86.6841,97.6960,5901.5800,0.0000,0.0000,Pass
D86-09,2444,463,143.8070,3.6375,89.0988,97.4593,6234.9600,0.0000,0.0000,Pass
D86-09,2444,464,143.9570,3.6383,87.3768,97.8638,5996.2800,0.0000,0.0000,Pass
D86-09,2444,465,144.1070,3.6391,85.4726,97.3128,5737.7700,0.0000,0.0000,Pass
D86-09,2444,466,144.2580,3.6397,86.2790,97.9315,5846.5500,0.0000,0.0000,Pass
D86-09,2444,467,144.5580,3.6404,89.2541,97.4991,6256.7100,0.0000,0.0000,Pass
D86-09,2444,468,144.7090,3.6415,90.3834,98.3394,6416.0400,0.0000,0.0000,Pass
D86-09,2444,469,144.8590,3.6432,89.6685,97.5814,6314.9400,0.0000,0.0000,Pass
D86-09,2444,470,145.0100,3.6431,89.4091,96.9083,6278.4700,0.0000,0.0000,Pass
D86-09,2444,471,145.1610,3.6435,89.7593,96.6192,6327.7400,0.0000,0.0000,Pass
D86-09,2444,474,145.3120,3.6441,91.1777,96.2835,6529.3000,0.0000,0.0000,Pass
D86-09,2444,475,145.4620,3.6439,92.1730,96.2486,6672.6300,0.0000,0.0000,Pass
D86-09,2444,481,142.6060,3.4835,88.6542,95.9252,6172.8900,0.0000,0.0000,Pass
D86-09,2444,482,142.7560,3.4842,86.2884,96.3850,5847.8300,0.0000,0.0000,Pass
D86-09,2444,483,142.9070,3.4840,88.9936,95.8700,6220.2400,0.0000,0.0000,Pass
D86-09,2444,484,143.2060,3.4857,87.8371,96.9644,6059.6300,0.0000,0.0000,Pass
D86-09,2444,485,143.8070,3.4876,88.3089,97.0210,6124.9000,0.0000,0.0000,Pass
D86-09,2444,486,143.9580,3.4880,85.5583,97.2141,5749.2900,0.0000,0.0000,Pass
D86-09,2444,487,144.1080,3.4882,86.0426,96.4629,5814.5600,0.0000,0.0000,Pass
D86-09,2444,488,144.2590,3.4888,89.6003,97.2318,6305.3400,0.0000,0.0000,Pass
D86-09,2444,489,144.4080,3.4900,90.9316,97.8440,6494.1100,0.0000,0.0000,Pass
D86-09,2444,490,144.5590,3.4906,88.6174,96.3272,6167.7700,0.0000,0.0000,Pass
D86-09,2444,491,144.8600,3.4912,88.6450,96.5422,6171.6100,0.0000,0.0000,Pass
D86-09,2444,492,145.0110,3.4918,88.5485,96.3751,6158.1700,0.0000,0.0000,Pass
D86-09,2444,493,145.1610,3.4922,88.4426,96.5953,6143.4600,0.0000,0.0000,Pass
D86-09,2444,494,143.0560,3.4855,92.3011,96.1946,6691.1900,0.0000,0.0000,Pass
D86-09,2444,495,143.3570,3.4860,86.5759,97.2660,5886.8700,0.0000,0.0000,Pass
D86-09,2444,496,143.5070,3.4863,86.5665,98.1440,5885.5900,0.0000,0.0000,Pass
D86-09,2444,497,143.6570,3.4863,90.5770,96.7224,6443.5600,0.0000,0.0000,Pass
D86-09,2444,498,144.7100,3.4910,88.3043,97.0257,6124.2600,0.0000,0.0000,Pass
D86-09,2444,499,145.3120,3.4929,88.5163,95.9606,6153.6900,0.0000,0.0000,Pass
D86-09,2444,500,145.4630,3.4939,91.0793,94.6781,6515.2200,0.0000,0.0000,Pass
D86-09,2479,1,-15.8963,6.6963,85.2674,96.6554,5710.2600,0.0000,0.0000,Pass
D86-09,2479,2,-15.5951,6.6976,85.1431,97.0511,5693.6200,0.0000,0.0000,Pass
D86-09,2479,3,-14.5413,6.7011,85.5250,97.3712,5744.8100,0.0000,0.0000,Pass
D86-09,2479,7,-17.3983,6.6899,85.5488,96.7579,5748.0100,0.0000,0.0000,Pass
D86-09,2479,8,-17.2482,6.6901,85.5488,96.1447,5748.0100,0.0000,0.0000,Pass
D86-09,2479,9,-17.0981,6.6913,85.4678,98.0752,5737.1300,0.0000,0.0000,Pass
D86-09,2479,10,-16.9480,6.6912,84.7306,98.3970,5638.5900,0.0000,0.0000,Pass
D86-09,2479,11,-16.7978,6.6922,85.3056,98.1467,5715.3800,0.0000,0.0000,Pass
D86-09,2479,12,-16.6472,6.6924,85.7391,97.8947,5773.6100,0.0000,0.0000,Pass
D86-09,2479,13,-16.4974,6.6932,84.7402,97.0280,5639.8700,0.0000,0.0000,Pass
D86-09,2479,14,-16.3468,6.6935,84.9803,97.5852,5671.8700,0.0000,0.0000,Pass
D86-09,2479,15,-16.1963,6.6943,84.8603,97.8948,5655.8700,0.0000,0.0000,Pass
D86-09,2479,16,-16.0465,6.6948,84.8075,98.6686,5648.8300,0.0000,0.0000,Pass
D86-09,2479,17,-15.7457,6.6970,85.3247,97.6590,5717.9400,0.0000,0.0000,Pass
D86-09,2479,18,-15.4444,6.6975,85.0473,97.7784,5680.8300,0.0000,0.0000,Pass
D86-09,2479,19,-15.2940,6.6981,85.4535,97.9894,5735.2100,0.0000,0.0000,Pass
D86-09,2479,20,-15.1441,6.6992,84.9851,97.7483,5672.5100,0.0000,0.0000,Pass
D86-09,2479,21,-14.9933,6.7000,85.2865,96.8579,5712.8200,0.0000,0.0000,Pass
D86-09,2479,22,-14.8426,6.7004,85.4821,97.2818,5739.0500,0.0000,0.0000,Pass
D86-09,2479,23,-14.6919,6.7005,86.1278,97.4903,5826.0800,0.0000,0.0000,Pass
D86-09,2479,31,-17.0972,6.5406,85.1144,97.5351,5689.7800,0.0000,0.0000,Pass
D86-09,2479,32,-16.3462,6.5436,84.7018,98.7113,5634.7500,0.0000,0.0000,Pass
D86-09,2479,33,-15.8956,6.5455,84.4465,98.1561,5600.8400,0.0000,0.0000,Pass
D86-09,2479,34,-15.5948,6.5469,85.1192,98.0908,5690.4200,0.0000,0.0000,Pass
D86-09,2479,35,-15.4444,6.5473,84.6922,97.8163,5633.4700,0.0000,0.0000,Pass
D86-09,2479,36,-15.2942,6.5483,84.6537,97.0077,5628.3600,0.0000,0.0000,Pass
D86-09,2479,37,-14.8422,6.5496,84.9899,98.0214,5673.1500,0.0000,0.0000,Pass
D86-09,2479,38,-14.6915,6.5509,85.8245,97.9069,5785.1300,0.0000,0.0000,Pass
D86-09,2479,40,-17.3976,6.5392,85.5202,97.9502,5744.1700,0.0000,0.0000,Pass
D86-09,2479,41,-17.2475,6.5402,84.8459,97.6200,5653.9500,0.0000,0.0000,Pass
D86-09,2479,42,-16.9472,6.5409,84.6633,96.1555,5629.6300,0.0000,0.0000,Pass
D86-09,2479,43,-16.7971,6.5418,84.6922,97.5507,5633.4700,0.0000,0.0000,Pass
D86-09,2479,44,-16.6469,6.5420,84.5863,98.1928,5619.4000,0.0000,0.0000,Pass
D86-09,2479,45,-16.4967,6.5425,84.7354,98.1246,5639.2300,0.0000,0.0000,Pass
D86-09,2479,46,-16.1959,6.5436,84.4417,97.1575,5600.2000,0.0000,0.0000,Pass
D86-09,2479,47,-16.0455,6.5441,84.8315,98.3022,5652.0300,0.0000,0.0000,Pass
D86-09,2479,48,-15.7448,6.5464,85.1048,98.2657,5688.5000,0.0000,0.0000,Pass
D86-09,2479,49,-15.1432,6.5490,85.0665,98.8868,5683.3800,0.0000,0.0000,Pass
D86-09,2479,50,-14.9926,6.5489,85.0234,98.4420,5677.6300,0.0000,0.0000,Pass
D86-09,2479,51,-14.5413,6.5519,84.3886,97.3916,5593.1600,0.0000,0.0000,Pass
D86-09,2479,59,-17.3971,6.3889,84.6007,96.6985,5621.3200,0.0000,0.0000,Pass
D86-09,2479,60,-17.2471,6.3900,84.7883,96.8450,5646.2700,0.0000,0.0000,Pass
D86-09,2479,61,-17.0969,6.3900,84.7450,98.0123,5640.5100,0.0000,0.0000,Pass
D86-09,2479,62,-16.7962,6.3916,84.5670,97.3560,5616.8400,0.0000,0.0000,Pass
D86-09,2479,63,-16.6466,6.3917,84.5477,96.8791,5614.2800,0.0000,0.0000,Pass
D86-09,2479,64,-16.4961,6.3922,84.7306,98.3958,5638.5900,0.0000,0.0000,Pass
D86-09,2479,65,-16.0452,6.3933,84.1178,97.7904,5557.3300,0.0000,0.0000,Pass
D86-09,2479,66,-15.8951,6.3951,84.4272,97.4219,5598.2800,0.0000,0.0000,Pass
D86-09,2479,67,-15.7448,6.3960,84.2678,98.9177,5577.1700,0.0000,0.0000,Pass
D86-09,2479,68,-15.5941,6.3962,84.3307,98.9417,5585.4800,0.0000,0.0000,Pass
D86-09,2479,69,-15.4438,6.3969,84.6055,98.1472,5621.9600,0.0000,0.0000,Pass
D86-09,2479,70,-15.2931,6.3977,84.7691,98.8984,5643.7100,0.0000,0.0000,Pass
D86-09,2479,71,-15.1430,6.3978,85.0330,98.0458,5678.9100,0.0000,0.0000,Pass
D86-09,2479,72,-14.6910,6.3998,85.0904,97.2806,5686.5800,0.0000,0.0000,Pass
D86-09,2479,73,-14.5400,6.4007,85.4106,97.2491,5729.4600,0.0000,0.0000,Pass
D86-09,2479,77,-16.9471,6.3904,84.9851,97.5706,5672.5100,0.0000,0.0000,Pass
D86-09,2479,78,-16.3454,6.3923,84.2001,98.5998,5568.2100,0.0000,0.0000,Pass
D86-09,2479,79,-16.1956,6.3932,83.9530,98.8298,5535.5700,0.0000,0.0000,Pass
D86-09,2479,80,-14.9922,6.3983,85.0569,97.3963,5682.1000,0.0000,0.0000,Pass
D86-09,2479,81,-14.8417,6.3994,85.0234,96.8058,5677.6300,0.0000,0.0000,Pass
D86-09,2479,85,-14.9919,6.2483,84.7402,97.6587,5639.8700,0.0000,0.0000,Pass
D86-09,2479,89,-17.3961,6.2384,84.5429,97.8846,5613.6400,0.0000,0.0000,Pass
D86-09,2479,90,-17.2467,6.2390,84.6681,95.9653,5630.2700,0.0000,0.0000,Pass
D86-09,2479,91,-17.0961,6.2401,84.8459,97.3599,5653.9500,0.0000,0.0000,Pass
D86-09,2479,92,-16.9467,6.2408,84.8699,98.2543,5657.1500,0.0000,0.0000,Pass
D86-09,2479,93,-16.7958,6.2412,84.4369,97.5621,5599.5600,0.0000,0.0000,Pass
D86-09,2479,94,-16.6457,6.2407,85.0378,98.3559,5679.5500,0.0000,0.0000,Pass
D86-09,2479,95,-16.4956,6.2420,84.2775,98.1855,5578.4400,0.0000,0.0000,Pass
D86-09,2479,96,-16.3456,6.2427,84.5670,98.9944,5616.8400,0.0000,0.0000,Pass
D86-09,2479,97,-16.1950,6.2430,84.3596,98.9352,5589.3200,0.0000,0.0000,Pass
D86-09,2479,98,-16.0446,6.2435,84.4803,98.7639,5605.3200,0.0000,0.0000,Pass
D86-09,2479,99,-15.8946,6.2445,84.6007,98.6689,5621.3200,0.0000,0.0000,Pass
D86-09,2479,100,-15.7442,6.2455,84.3548,97.8179,5588.6800,0.0000,0.0000,Pass
D86-09,2479,101,-15.5938,6.2460,84.5140,98.8007,5609.8000,0.0000,0.0000,Pass
D86-09,2479,102,-15.4433,6.2472,84.8411,99.2969,5653.3100,0.0000,0.0000,Pass
D86-09,2479,103,-15.2925,6.2470,85.1144,98.5313,5689.7800,0.0000,0.0000,Pass
D86-09,2479,104,-15.1421,6.2474,84.8939,98.5058,5660.3500,0.0000,0.0000,Pass
D86-09,2479,105,-14.8414,6.2492,85.4630,98.9639,5736.4900,0.0000,0.0000,Pass
D86-09,2479,106,-14.6909,6.2497,85.2626,98.3586,5709.6200,0.0000,0.0000,Pass
D86-09,2479,107,-14.5396,6.2508,85.2817,98.3027,5712.1800,0.0000,0.0000,Pass
D86-09,2479,115,-17.2456,6.0884,85.0809,98.0631,5685.3000,0.0000,0.0000,Pass
D86-09,2479,116,-17.0959,6.0890,85.1718,98.4037,5697.4600,0.0000,0.0000,Pass
D86-09,2479,117,-16.9457,6.0895,84.6007,97.1280,5621.3200,0.0000,0.0000,Pass
D86-09,2479,118,-16.7956,6.0899,84.7979,98.3706,5647.5500,0.0000,0.0000,Pass
D86-09,2479,119,-16.4948,6.0919,84.4610,98.9622,5602.7600,0.0000,0.0000,Pass
D86-09,2479,120,-16.3448,6.0920,84.8411,99.0463,5653.3100,0.0000,0.0000,Pass
D86-09,2479,121,-15.8942,6.0944,85.0426,98.8962,5680.1900,0.0000,0.0000,Pass
D86-09,2479,122,-15.7432,6.0951,85.2865,99.1377,5712.8200,0.0000,0.0000,Pass
D86-09,2479,123,-15.4429,6.0963,84.9323,99.1888,5665.4700,0.0000,0.0000,Pass
D86-09,2479,124,-15.2919,6.0961,84.9851,98.6571,5672.5100,0.0000,0.0000,Pass
D86-09,2479,125,-15.1412,6.0977,85.3820,99.1210,5725.6200,0.0000,0.0000,Pass
D86-09,2479,126,-14.5396,6.0999,84.6777,97.7346,5631.5500,0.0000,0.0000,Pass
D86-09,2479,128,-17.3951,6.0883,84.4561,99.1108,5602.1200,0.0000,0.0000,Pass
D86-09,2479,129,-16.6454,6.0910,84.7402,98.3505,5639.8700,0.0000,0.0000,Pass
D86-09,2479,130,-16.1942,6.0922,84.6585,99.0753,5629.0000,0.0000,0.0000,Pass
D86-09,2479,131,-16.0444,6.0929,84.4803,99.2777,5605.3200,0.0000,0.0000,Pass
D86-09,2479,132,-15.5926,6.0957,85.0761,98.8641,5684.6600,0.0000,0.0000,Pass
D86-09,2479,133,-14.9911,6.0980,84.8411,97.7463,5653.3100,0.0000,0.0000,Pass
D86-09,2479,134,-14.8408,6.0986,85.3295,98.5173,5718.5800,0.0000,0.0000,Pass
D86-09,2479,135,-14.6902,6.0996,85.3629,98.4162,5723.0600,0.0000,0.0000,Pass
D86-09,2479,143,-17.3953,5.9373,84.8507,97.7761,5654.5900,0.0000,0.0000,Pass
D86-09,2479,144,-14.5389,5.9502,85.5536,98.6712,5748.6500,0.0000,0.0000,Pass
D86-09,2479,153,-17.3944,5.7870,84.5815,98.9414,5618.7600,0.0000,0.0000,Pass
D86-09,2479,154,-14.5381,5.7989,84.8315,97.5697,5652.0300,0.0000,0.0000,Pass
D86-09,2479,159,-16.8682,5.6815,84.3210,98.1559,5584.2000,0.0000,0.0000,Pass
D86-09,2479,160,-15.8782,5.6855,84.5911,99.3879,5620.0400,0.0000,0.0000,Pass
D86-09,2479,161,-15.3827,5.6876,85.0809,99.5304,5685.3000,0.0000,0.0000,Pass
D86-09,2479,162,-16.7028,5.6824,84.7787,99.1416,5644.9900,0.0000,0.0000,Pass
D86-09,2479,163,-16.5380,5.6825,84.8459,98.8962,5653.9500,0.0000,0.0000,Pass
D86-09,2479,164,-16.3730,5.6833,84.8219,99.0948,5650.7500,0.0000,0.0000,Pass
D86-09,2479,165,-16.2079,5.6840,84.8651,99.5893,5656.5100,0.0000,0.0000,Pass
D86-09,2479,166,-16.0433,5.6847,84.9371,99.7206,5666.1100,0.0000,0.0000,Pass
D86-09,2479,167,-15.7124,5.6863,85.0521,98.5330,5681.4600,0.0000,0.0000,Pass
D86-09,2479,168,-15.5475,5.6869,85.0713,99.5051,5684.0200,0.0000,0.0000,Pass
D86-09,2479,169,-15.2176,5.6887,85.0665,97.9308,5683.3800,0.0000,0.0000,Pass
D86-09,2479,170,-15.0521,5.6888,84.8171,99.7864,5650.1100,0.0000,0.0000,Pass
D86-09,2479,171,-14.8873,5.6895,85.2722,99.0520,5710.9000,0.0000,0.0000,Pass
D86-09,2479,176,-17.3935,5.6370,85.3199,98.1856,5717.3000,0.0000,0.0000,Pass
D86-09,2479,178,-14.5373,5.6491,84.8747,98.4280,5657.7900,0.0000,0.0000,Pass
D86-09,2479,182,-17.0316,5.5148,84.2485,99.7153,5574.6100,0.0000,0.0000,Pass
D86-09,2479,183,-16.8673,5.5165,84.1033,98.7506,5555.4100,0.0000,0.0000,Pass
D86-09,2479,184,-16.7024,5.5164,84.0985,99.4733,5554.7700,0.0000,0.0000,Pass
D86-09,2479,185,-16.5371,5.5174,84.6392,99.6032,5626.4400,0.0000,0.0000,Pass
D86-09,2479,186,-16.3718,5.5181,84.0306,97.9656,5545.8100,0.0000,0.0000,Pass
D86-09,2479,187,-16.2067,5.5186,84.3693,98.0378,5590.6000,0.0000,0.0000,Pass
D86-09,2479,188,-16.0423,5.5192,84.0549,99.4370,5549.0100,0.0000,0.0000,Pass
D86-09,2479,189,-15.8781,5.5208,84.4803,98.4681,5605.3200,0.0000,0.0000,Pass
D86-09,2479,190,-15.7125,5.5214,84.2243,99.5398,5571.4100,0.0000,0.0000,Pass
D86-09,2479,191,-15.5466,5.5224,84.2146,98.4881,5570.1300,0.0000,0.0000,Pass
D86-09,2479,192,-15.3823,5.5225,85.1527,99.5399,5694.9000,0.0000,0.0000,Pass
D86-09,2479,193,-15.2175,5.5230,84.8795,99.5126,5658.4300,0.0000,0.0000,Pass
D86-09,2479,194,-14.8867,5.5249,84.5526,99.1224,5614.9200,0.0000,0.0000,Pass
D86-09,2479,195,-15.0518,5.5241,84.6296,98.9806,5625.1600,0.0000,0.0000,Pass
D86-09,2479,200,-17.3931,5.4864,85.0138,98.5226,5676.3500,0.0000,0.0000,Pass
D86-09,2479,201,-14.5372,5.4983,84.9227,99.3753,5664.1900,0.0000,0.0000,Pass
D86-09,2479,206,-17.0309,5.3506,84.0742,99.0393,5551.5700,0.0000,0.0000,Pass
D86-09,2479,207,-16.8662,5.3509,84.5766,98.9827,5618.1200,0.0000,0.0000,Pass
D86-09,2479,208,-16.7013,5.3516,84.2243,98.4903,5571.4100,0.0000,0.0000,Pass
D86-09,2479,209,-16.2069,5.3536,84.4127,99.0333,5596.3600,0.0000,0.0000,Pass
D86-09,2479,210,-15.8768,5.3564,84.1517,98.7466,5561.8100,0.0000,0.0000,Pass
D86-09,2479,211,-15.3813,5.3573,84.2727,99.6000,5577.8100,0.0000,0.0000,Pass
D86-09,2479,212,-15.2162,5.3585,84.5815,98.8242,5618.7600,0.0000,0.0000,Pass
D86-09,2479,213,-15.0512,5.3591,85.0617,99.7496,5682.7400,0.0000,0.0000,Pass
D86-09,2479,214,-16.5364,5.3525,83.9870,97.9028,5540.0500,0.0000,0.0000,Pass
D86-09,2479,215,-16.3715,5.3534,84.7787,98.7811,5644.9900,0.0000,0.0000,Pass
D86-09,2479,216,-16.0414,5.3539,83.4908,98.7452,5474.7800,0.0000,0.0000,Pass
D86-09,2479,217,-15.7116,5.3564,84.3500,99.2565,5588.0400,0.0000,0.0000,Pass
D86-09,2479,218,-15.5466,5.3562,84.2727,98.5602,5577.8100,0.0000,0.0000,Pass
D86-09,2479,219,-14.8866,5.3602,84.9083,99.4157,5662.2700,0.0000,0.0000,Pass
D86-09,2479,224,-17.3923,5.3360,84.7595,98.7212,5642.4300,0.0000,0.0000,Pass
D86-09,2479,225,-14.5366,5.3479,84.3258,98.3050,5584.8400,0.0000,0.0000,Pass
D86-09,2479,232,-17.3917,5.1857,84.2388,98.2266,5573.3300,0.0000,0.0000,Pass
D86-09,2479,233,-15.7111,5.1909,83.7879,99.0280,5513.8200,0.0000,0.0000,Pass
D86-09,2479,234,-14.5356,5.1982,84.7450,97.6715,5640.5100,0.0000,0.0000,Pass
D86-09,2479,239,-17.0305,5.1861,84.3065,99.2775,5582.2800,0.0000,0.0000,Pass
D86-09,2479,240,-16.8660,5.1863,83.8996,98.3621,5528.5300,0.0000,0.0000,Pass
D86-09,2479,241,-16.7003,5.1872,84.4803,99.5155,5605.3200,0.0000,0.0000,Pass
D86-09,2479,242,-16.5357,5.1881,84.2727,99.4763,5577.8100,0.0000,0.0000,Pass
D86-09,2479,243,-16.3711,5.1878,84.5092,98.3655,5609.1600,0.0000,0.0000,Pass
D86-09,2479,244,-16.2059,5.1887,83.5883,99.1990,5487.5800,0.0000,0.0000,Pass
D86-09,2479,245,-15.8764,5.1904,83.7295,98.6736,5506.1400,0.0000,0.0000,Pass
D86-09,2479,246,-15.5457,5.1922,83.7782,98.5169,5512.5400,0.0000,0.0000,Pass
D86-09,2479,247,-15.3811,5.1928,84.1372,98.8026,5559.8900,0.0000,0.0000,Pass
D86-09,2479,248,-15.2158,5.1933,83.8365,99.1507,5520.2200,0.0000,0.0000,Pass
D86-09,2479,249,-15.0509,5.1945,84.5237,99.3143,5611.0800,0.0000,0.0000,Pass
D86-09,2479,250,-14.8854,5.1951,84.5574,98.1707,5615.5600,0.0000,0.0000,Pass
D86-09,2479,251,-16.0408,5.1894,83.7198,98.7074,5504.8600,0.0000,0.0000,Pass
D86-09,2479,256,-17.3910,5.0360,84.7979,99.2006,5647.5500,0.0000,0.0000,Pass
D86-09,2479,257,-14.5348,5.0480,84.9419,98.6063,5666.7500,0.0000,0.0000,Pass
D86-09,2479,262,-17.0297,5.0202,84.8699,98.8973,5657.1500,0.0000,0.0000,Pass
D86-09,2479,263,-16.6999,5.0229,84.7018,99.6641,5634.7500,0.0000,0.0000,Pass
D86-09,2479,264,-16.5343,5.0228,84.2195,98.7349,5570.7700,0.0000,0.0000,Pass
D86-09,2479,265,-16.3700,5.0239,84.4320,98.5464,5598.9200,0.0000,0.0000,Pass
D86-09,2479,266,-16.2049,5.0242,84.6922,99.3924,5633.4700,0.0000,0.0000,Pass
D86-09,2479,267,-16.0402,5.0246,84.4272,99.6516,5598.2800,0.0000,0.0000,Pass
D86-09,2479,268,-15.8754,5.0258,84.1082,99.2906,5556.0500,0.0000,0.0000,Pass
D86-09,2479,269,-15.5450,5.0273,84.5622,99.7969,5616.2000,0.0000,0.0000,Pass
D86-09,2479,270,-15.3809,5.0284,84.6633,99.7999,5629.6300,0.0000,0.0000,Pass
D86-09,2479,271,-15.2156,5.0288,84.4224,99.4166,5597.6400,0.0000,0.0000,Pass
D86-09,2479,272,-15.0490,5.0296,85.0809,98.5666,5685.3000,0.0000,0.0000,Pass
D86-09,2479,273,-16.8647,5.0218,84.3210,98.5520,5584.2000,0.0000,0.0000,Pass
D86-09,2479,274,-15.7105,5.0269,84.1614,99.0469,5563.0900,0.0000,0.0000,Pass
D86-09,2479,275,-14.8846,5.0297,85.2578,97.9384,5708.9800,0.0000,0.0000,Pass
D86-09,2479,280,-17.3909,4.8853,85.1574,98.7857,5695.5400,0.0000,0.0000,Pass
D86-09,2479,281,-14.5341,4.8977,84.8795,97.6777,5658.4300,0.0000,0.0000,Pass
D86-09,2479,286,-16.5344,4.8581,84.5285,99.0363,5611.7200,0.0000,0.0000,Pass
D86-09,2479,287,-15.8743,4.8611,84.3258,99.3605,5584.8400,0.0000,0.0000,Pass
D86-09,2479,288,-15.5445,4.8625,84.8123,99.5872,5649.4700,0.0000,0.0000,Pass
D86-09,2479,289,-17.0289,4.8549,84.9035,99.5511,5661.6300,0.0000,0.0000,Pass
D86-09,2479,290,-16.8645,4.8564,84.5622,98.8263,5616.2000,0.0000,0.0000,Pass
D86-09,2479,291,-16.6990,4.8570,84.6248,99.0891,5624.5200,0.0000,0.0000,Pass
D86-09,2479,292,-16.3695,4.8583,84.7114,98.5077,5636.0300,0.0000,0.0000,Pass
D86-09,2479,293,-16.2043,4.8583,84.5526,99.0160,5614.9200,0.0000,0.0000,Pass
D86-09,2479,294,-16.0390,4.8591,84.5429,99.1991,5613.6400,0.0000,0.0000,Pass
D86-09,2479,295,-15.7097,4.8624,84.5044,97.6781,5608.5200,0.0000,0.0000,Pass
D86-09,2479,296,-15.3794,4.8630,84.9035,99.4156,5661.6300,0.0000,0.0000,Pass
D86-09,2479,297,-15.2137,4.8639,84.8267,99.2287,5651.3900,0.0000,0.0000,Pass
D86-09,2479,298,-15.0497,4.8648,84.6681,99.5522,5630.2700,0.0000,0.0000,Pass
D86-09,2479,299,-14.8833,4.8650,85.2196,98.7850,5703.8600,0.0000,0.0000,Pass
D86-09,2479,304,-17.3897,4.7350,84.7258,98.7785,5637.9500,0.0000,0.0000,Pass
D86-09,2479,305,-14.5340,4.7473,85.1192,96.9801,5690.4200,0.0000,0.0000,Pass
D86-09,2479,310,-17.0289,4.6904,84.7835,99.7629,5645.6300,0.0000,0.0000,Pass
D86-09,2479,311,-16.8637,4.6910,84.9131,99.4435,5662.9100,0.0000,0.0000,Pass
D86-09,2479,312,-16.6985,4.6919,84.6489,99.6331,5627.7200,0.0000,0.0000,Pass
D86-09,2479,313,-16.5341,4.6932,84.3403,98.7780,5586.7600,0.0000,0.0000,Pass
D86-09,2479,314,-16.3688,4.6932,84.8459,99.5766,5653.9500,0.0000,0.0000,Pass
D86-09,2479,315,-16.2034,4.6936,84.9611,99.3079,5669.3100,0.0000,0.0000,Pass
D86-09,2479,316,-15.8740,4.6967,84.6344,99.0920,5625.8000,0.0000,0.0000,Pass
D86-09,2479,317,-15.7092,4.6967,84.5188,99.7085,5610.4400,0.0000,0.0000,Pass
D86-09,2479,318,-15.5442,4.6972,85.0473,98.7990,5680.8300,0.0000,0.0000,Pass
D86-09,2479,319,-15.3785,4.6980,85.0426,98.4730,5680.1900,0.0000,0.0000,Pass
D86-09,2479,320,-15.2137,4.6988,84.6585,98.6366,5629.0000,0.0000,0.0000,Pass
D86-09,2479,321,-15.0485,4.6995,84.7931,99.5702,5646.9100,0.0000,0.0000,Pass
D86-09,2479,322,-14.8837,4.7004,85.1622,99.3939,5696.1800,0.0000,0.0000,Pass
D86-09,2479,323,-16.0385,4.6953,84.9131,98.9068,5662.9100,0.0000,0.0000,Pass
D86-09,2479,328,-17.3893,4.5848,85.1144,98.7233,5689.7800,0.0000,0.0000,Pass
D86-09,2479,329,-14.5333,4.5966,85.1000,98.1216,5687.8600,0.0000,0.0000,Pass
D86-09,2479,334,-17.0277,4.5264,84.4658,98.9924,5603.4000,0.0000,0.0000,Pass
D86-09,2479,335,-16.8628,4.5260,85.7058,99.4900,5769.1300,0.0000,0.0000,Pass
D86-09,2479,336,-16.6981,4.5268,84.6344,98.9049,5625.8000,0.0000,0.0000,Pass
D86-09,2479,337,-16.5328,4.5276,84.6248,98.2452,5624.5200,0.0000,0.0000,Pass
D86-09,2479,338,-16.3677,4.5288,85.1096,99.5646,5689.1400,0.0000,0.0000,Pass
D86-09,2479,339,-15.8735,4.5310,84.9035,98.9465,5661.6300,0.0000,0.0000,Pass
D86-09,2479,340,-15.7078,4.5315,85.4487,98.3642,5734.5700,0.0000,0.0000,Pass
D86-09,2479,341,-15.5433,4.5320,85.0138,99.1000,5676.3500,0.0000,0.0000,Pass
D86-09,2479,342,-15.3778,4.5337,84.7835,98.4425,5645.6300,0.0000,0.0000,Pass
D86-09,2479,343,-15.2123,4.5336,85.0521,98.7186,5681.4600,0.0000,0.0000,Pass
D86-09,2479,344,-15.0481,4.5350,84.9083,98.4615,5662.2700,0.0000,0.0000,Pass
D86-09,2479,345,-16.2030,4.5293,85.0138,99.2517,5676.3500,0.0000,0.0000,Pass
D86-09,2479,346,-16.0383,4.5296,85.1000,99.4144,5687.8600,0.0000,0.0000,Pass
D86-09,2479,347,-14.8826,4.5349,85.1048,97.2724,5688.5000,0.0000,0.0000,Pass
D86-09,2479,352,-17.3887,4.4337,85.0713,97.9742,5684.0200,0.0000,0.0000,Pass
D86-09,2479,353,-14.5327,4.4464,84.9035,97.3163,5661.6300,0.0000,0.0000,Pass
D86-09,2479,362,-17.3879,4.2842,84.7595,98.5055,5642.4300,0.0000,0.0000,Pass
D86-09,2479,363,-14.5320,4.2957,85.2674,97.4399,5710.2600,0.0000,0.0000,Pass
D86-09,2479,370,-17.2374,4.1343,85.2674,98.3216,5710.2600,0.0000,0.0000,Pass
D86-09,2479,371,-16.1866,4.1384,84.2437,98.0326,5573.9700,0.0000,0.0000,Pass
D86-09,2479,372,-15.8858,4.1402,84.5381,98.5295,5613.0000,0.0000,0.0000,Pass
D86-09,2479,373,-15.7358,4.1412,84.6296,98.2859,5625.1600,0.0000,0.0000,Pass
D86-09,2479,374,-15.2842,4.1428,85.0713,98.2012,5684.0200,0.0000,0.0000,Pass
D86-09,2479,377,-17.3876,4.1342,84.7979,96.5971,5647.5500,0.0000,0.0000,Pass
D86-09,2479,378,-17.0879,4.1342,85.0904,98.0267,5686.5800,0.0000,0.0000,Pass
D86-09,2479,379,-16.9374,4.1355,84.7450,97.0734,5640.5100,0.0000,0.0000,Pass
D86-09,2479,380,-16.7877,4.1360,84.2630,98.2672,5576.5300,0.0000,0.0000,Pass
D86-09,2479,381,-16.6372,4.1368,84.7066,98.5699,5635.3900,0.0000,0.0000,Pass
D86-09,2479,382,-16.4873,4.1374,84.5140,98.9536,5609.8000,0.0000,0.0000,Pass
D86-09,2479,383,-16.3368,4.1373,84.6200,99.1134,5623.8800,0.0000,0.0000,Pass
D86-09,2479,384,-16.0356,4.1390,84.5959,98.7984,5620.6800,0.0000,0.0000,Pass
D86-09,2479,385,-15.5849,4.1420,84.4851,98.5682,5605.9600,0.0000,0.0000,Pass
D86-09,2479,386,-15.4347,4.1424,84.8603,98.7132,5655.8700,0.0000,0.0000,Pass
D86-09,2479,387,-15.1326,4.1436,84.6055,97.1500,5621.9600,0.0000,0.0000,Pass
D86-09,2479,388,-14.9830,4.1442,84.5381,97.0975,5613.0000,0.0000,0.0000,Pass
D86-09,2479,389,-14.8327,4.1447,84.7595,97.8845,5642.4300,0.0000,0.0000,Pass
D86-09,2479,390,-14.6824,4.1456,85.0617,97.4533,5682.7400,0.0000,0.0000,Pass
D86-09,2479,391,-14.5310,4.1456,85.2339,97.0089,5705.7800,0.0000,0.0000,Pass
D86-09,2479,397,-17.0866,3.9842,84.1324,98.9889,5559.2500,0.0000,0.0000,Pass
D86-09,2479,398,-15.4334,3.9916,84.8315,97.3585,5652.0300,0.0000,0.0000,Pass
D86-09,2479,402,-17.3869,3.9824,84.8843,96.7966,5659.0700,0.0000,0.0000,Pass
D86-09,2479,403,-17.2368,3.9844,84.7547,98.2962,5641.7900,0.0000,0.0000,Pass
D86-09,2479,404,-16.9372,3.9847,84.3693,96.6969,5590.6000,0.0000,0.0000,Pass
D86-09,2479,405,-16.7870,3.9855,84.4465,98.8781,5600.8400,0.0000,0.0000,Pass
D86-09,2479,406,-16.6372,3.9858,84.2630,98.5416,5576.5300,0.0000,0.0000,Pass
D86-09,2479,407,-16.4860,3.9867,84.2775,99.5350,5578.4400,0.0000,0.0000,Pass
D86-09,2479,408,-16.3353,3.9880,84.4079,98.5800,5595.7200,0.0000,0.0000,Pass
D86-09,2479,409,-16.1852,3.9879,83.9627,97.2002,5536.8500,0.0000,0.0000,Pass
D86-09,2479,410,-16.0353,3.9888,84.1663,97.7655,5563.7300,0.0000,0.0000,Pass
D86-09,2479,411,-15.8854,3.9900,84.2727,97.6617,5577.8100,0.0000,0.0000,Pass
D86-09,2479,412,-15.7345,3.9903,84.5140,97.8829,5609.8000,0.0000,0.0000,Pass
D86-09,2479,413,-15.5838,3.9903,84.3307,98.4535,5585.4800,0.0000,0.0000,Pass
D86-09,2479,414,-15.2830,3.9922,84.7787,97.7603,5644.9900,0.0000,0.0000,Pass
D86-09,2479,415,-15.1334,3.9929,84.6633,98.9329,5629.6300,0.0000,0.0000,Pass
D86-09,2479,416,-14.9826,3.9939,85.2053,97.7836,5701.9400,0.0000,0.0000,Pass
D86-09,2479,417,-14.8319,3.9939,84.9803,96.3557,5671.8700,0.0000,0.0000,Pass
D86-09,2479,418,-14.5311,3.9948,85.0569,96.4094,5682.1000,0.0000,0.0000,Pass
D86-09,2479,419,-14.6811,3.9948,84.7547,95.9742,5641.7900,0.0000,0.0000,Pass
D86-09,2479,424,-15.8843,3.8401,84.3017,98.1126,5581.6400,0.0000,0.0000,Pass
D86-09,2479,426,-17.3866,3.8327,85.2674,97.0800,5710.2600,0.0000,0.0000,Pass
D86-09,2479,427,-17.0867,3.8341,84.7787,96.5645,5644.9900,0.0000,0.0000,Pass
D86-09,2479,428,-16.4854,3.8365,84.9227,98.1114,5664.1900,0.0000,0.0000,Pass
D86-09,2479,429,-16.1849,3.8377,84.6104,99.1501,5622.6000,0.0000,0.0000,Pass
D86-09,2479,430,-15.7339,3.8408,84.6392,97.9197,5626.4400,0.0000,0.0000,Pass
D86-09,2479,431,-15.5829,3.8408,84.8267,98.6774,5651.3900,0.0000,0.0000,Pass
D86-09,2479,432,-15.4330,3.8415,85.1144,98.2457,5689.7800,0.0000,0.0000,Pass
D86-09,2479,433,-15.2822,3.8418,84.8891,97.8896,5659.7100,0.0000,0.0000,Pass
D86-09,2479,434,-15.1321,3.8424,85.2005,97.8661,5701.3000,0.0000,0.0000,Pass
D86-09,2479,435,-14.8315,3.8439,84.8891,97.3049,5659.7100,0.0000,0.0000,Pass
D86-09,2479,437,-17.2361,3.8333,85.1000,98.1722,5687.8600,0.0000,0.0000,Pass
D86-09,2479,438,-16.9360,3.8341,84.4465,97.8288,5600.8400,0.0000,0.0000,Pass
D86-09,2479,439,-16.7857,3.8351,84.4899,96.9131,5606.6000,0.0000,0.0000,Pass
D86-09,2479,440,-16.6358,3.8358,85.0042,98.3565,5675.0700,0.0000,0.0000,Pass
D86-09,2479,441,-16.3350,3.8367,84.9035,98.5920,5661.6300,0.0000,0.0000,Pass
D86-09,2479,442,-16.0345,3.8380,84.7547,97.6848,5641.7900,0.0000,0.0000,Pass
D86-09,2479,443,-14.9815,3.8429,84.8747,96.5252,5657.7900,0.0000,0.0000,Pass
D86-09,2479,444,-14.6805,3.8440,85.1431,96.1631,5693.6200,0.0000,0.0000,Pass
D86-09,2479,445,-14.5300,3.8444,85.5821,96.2163,5752.4900,0.0000,0.0000,Pass
D86-09,2479,451,-17.0858,3.6836,85.1814,97.3238,5698.7400,0.0000,0.0000,Pass
D86-09,2479,452,-15.5835,3.6899,85.1048,98.2984,5688.5000,0.0000,0.0000,Pass
D86-09,2479,456,-17.3855,3.6822,85.2913,97.0269,5713.4600,0.0000,0.0000,Pass
D86-09,2479,457,-17.2360,3.6823,84.9659,96.4858,5669.9500,0.0000,0.0000,Pass
D86-09,2479,458,-16.9354,3.6845,85.2769,97.7262,5711.5400,0.0000,0.0000,Pass
D86-09,2479,459,-16.7852,3.6850,85.1239,98.0106,5691.0600,0.0000,0.0000,Pass
D86-09,2479,460,-16.6352,3.6851,84.8027,97.5557,5648.1900,0.0000,0.0000,Pass
D86-09,2479,461,-16.4847,3.6857,85.0186,96.9924,5676.9900,0.0000,0.0000,Pass
D86-09,2479,462,-16.3345,3.6866,84.6874,96.9350,5632.8300,0.0000,0.0000,Pass
D86-09,2479,463,-16.1839,3.6871,84.9371,97.7184,5666.1100,0.0000,0.0000,Pass
D86-09,2479,464,-16.0337,3.6879,84.9994,97.6649,5674.4300,0.0000,0.0000,Pass
D86-09,2479,465,-15.8836,3.6895,84.9323,97.8420,5665.4700,0.0000,0.0000,Pass
D86-09,2479,466,-15.7334,3.6898,84.6055,96.5779,5621.9600,0.0000,0.0000,Pass
D86-09,2479,467,-15.4323,3.6909,84.6392,96.9898,5626.4400,0.0000,0.0000,Pass
D86-09,2479,468,-15.2815,3.6911,85.2005,97.5331,5701.3000,0.0000,0.0000,Pass
D86-09,2479,469,-15.1312,3.6921,84.9467,97.5939,5667.3900,0.0000,0.0000,Pass
D86-09,2479,470,-14.9808,3.6926,85.3963,95.3474,5727.5400,0.0000,0.0000,Pass
D86-09,2479,471,-14.8304,3.6935,85.4297,96.3055,5732.0200,0.0000,0.0000,Pass
D86-09,2479,474,-14.6796,3.6935,85.5250,96.5502,5744.8100,0.0000,0.0000,Pass
D86-09,2479,475,-14.5291,3.6941,85.5916,96.4316,5753.7700,0.0000,0.0000,Pass
D86-09,2479,481,-17.3853,3.5319,85.8672,95.7663,5790.8800,0.0000,0.0000,Pass
D86-09,2479,482,-17.2349,3.5324,85.6249,95.5132,5758.2500,0.0000,0.0000,Pass
D86-09,2479,483,-17.0845,3.5337,85.5250,96.0046,5744.8100,0.0000,0.0000,Pass
D86-09,2479,484,-16.7847,3.5343,85.7295,97.6810,5772.3300,0.0000,0.0000,Pass
D86-09,2479,485,-16.1832,3.5368,85.2435,96.5167,5707.0600,0.0000,0.0000,Pass
D86-09,2479,486,-16.0333,3.5373,85.5774,97.3615,5751.8500,0.0000,0.0000,Pass
D86-09,2479,487,-15.8829,3.5384,85.2961,97.5943,5714.1000,0.0000,0.0000,Pass
D86-09,2479,488,-15.7330,3.5389,85.7010,97.7095,5768.4900,0.0000,0.0000,Pass
D86-09,2479,489,-15.5827,3.5395,85.2531,97.3068,5708.3400,0.0000,0.0000,Pass
D86-09,2479,490,-15.4312,3.5402,85.8910,97.2072,5794.0800,0.0000,0.0000,Pass
D86-09,2479,491,-15.1308,3.5409,85.7628,96.7368,5776.8100,0.0000,0.0000,Pass
D86-09,2479,492,-14.9801,3.5423,86.0000,96.0369,5808.8000,0.0000,0.0000,Pass
D86-09,2479,493,-14.8294,3.5427,85.4726,96.6927,5737.7700,0.0000,0.0000,Pass
D86-09,2479,494,-16.9342,3.5334,85.9526,97.8559,5802.4000,0.0000,0.0000,Pass
D86-09,2479,495,-16.6341,3.5350,85.4344,97.4240,5732.6600,0.0000,0.0000,Pass
D86-09,2479,496,-16.4844,3.5350,85.5155,97.5772,5743.5300,0.0000,0.0000,Pass
D86-09,2479,497,-16.3336,3.5363,85.2292,97.2268,5705.1400,0.0000,0.0000,Pass
D86-09,2479,498,-15.2811,3.5414,85.8388,97.8384,5787.0400,0.0000,0.0000,Pass
D86-09,2479,499,-14.6785,3.5433,85.7200,95.7750,5771.0500,0.0000,0.0000,Pass
D86-09,2479,500,-14.5284,3.5439,86.3969,96.4120,5862.5500,0.0000,0.0000,Pass
D86-09,2639,1,-143.8890,-1.0597,85.9621,98.1660,5803.6800,0.0000,0.0000,Pass
D86-09,2639,2,-143.5890,-1.0585,85.9858,97.8130,5806.8800,0.0000,0.0000,Pass
D86-09,2639,3,-142.5350,-1.0542,86.2648,97.4566,5844.6300,0.0000,0.0000,Pass
D86-09,2639,7,-145.3920,-1.0654,87.4141,96.4077,6001.4000,0.0000,0.0000,Pass
D86-09,2639,8,-145.2420,-1.0652,86.9749,97.5543,5941.2500,0.0000,0.0000,Pass
D86-09,2639,9,-145.0910,-1.0641,86.9000,96.7395,5931.0200,0.0000,0.0000,Pass
D86-09,2639,10,-144.9410,-1.0637,86.8484,96.6208,5923.9800,0.0000,0.0000,Pass
D86-09,2639,11,-144.7910,-1.0631,86.8015,97.5080,5917.5800,0.0000,0.0000,Pass
D86-09,2639,12,-144.6410,-1.0627,86.2412,96.7566,5841.4300,0.0000,0.0000,Pass
D86-09,2639,13,-144.4900,-1.0624,86.1609,97.6330,5830.5600,0.0000,0.0000,Pass
D86-09,2639,14,-144.3400,-1.0614,86.6418,97.8819,5895.8200,0.0000,0.0000,Pass
D86-09,2639,15,-144.1900,-1.0611,86.2931,97.4667,5848.4700,0.0000,0.0000,Pass
D86-09,2639,16,-144.0400,-1.0606,86.3120,97.9848,5851.0300,0.0000,0.0000,Pass
D86-09,2639,17,-143.7390,-1.0593,86.1750,97.4784,5832.4800,0.0000,0.0000,Pass
D86-09,2639,18,-143.4380,-1.0578,85.8625,97.5040,5790.2400,0.0000,0.0000,Pass
D86-09,2639,19,-143.2880,-1.0574,85.8483,97.5493,5788.3200,0.0000,0.0000,Pass
D86-09,2639,20,-143.1370,-1.0569,85.8198,97.4918,5784.4800,0.0000,0.0000,Pass
D86-09,2639,21,-142.9870,-1.0560,85.7533,97.6441,5775.5300,0.0000,0.0000,Pass
D86-09,2639,22,-142.8360,-1.0557,85.8150,96.9138,5783.8500,0.0000,0.0000,Pass
D86-09,2639,23,-142.6860,-1.0549,86.1325,97.4294,5826.7200,0.0000,0.0000,Pass
D86-09,2639,31,-145.0910,-1.2149,87.2322,98.0374,5976.4500,0.0000,0.0000,Pass
D86-09,2639,32,-144.3390,-1.2120,86.3403,98.8130,5854.8700,0.0000,0.0000,Pass
D86-09,2639,33,-143.8890,-1.2094,85.9858,98.7392,5806.8800,0.0000,0.0000,Pass
D86-09,2639,34,-143.5880,-1.2079,85.6107,98.4938,5756.3300,0.0000,0.0000,Pass
D86-09,2639,35,-143.4380,-1.2078,85.6487,98.2508,5761.4500,0.0000,0.0000,Pass
D86-09,2639,36,-143.2870,-1.2065,85.7913,97.7872,5780.6500,0.0000,0.0000,Pass
D86-09,2639,37,-142.8360,-1.2051,85.5916,98.0975,5753.7700,0.0000,0.0000,Pass
D86-09,2639,38,-142.6850,-1.2049,85.2674,98.0378,5710.2600,0.0000,0.0000,Pass
D86-09,2639,40,-145.3910,-1.2158,87.3675,96.9219,5995.0000,0.0000,0.0000,Pass
D86-09,2639,41,-145.2410,-1.2154,87.4747,97.2653,6009.7200,0.0000,0.0000,Pass
D86-09,2639,42,-144.9410,-1.2145,86.9093,97.0299,5932.3000,0.0000,0.0000,Pass
D86-09,2639,43,-144.7910,-1.2138,86.9375,98.0304,5936.1400,0.0000,0.0000,Pass
D86-09,2639,44,-144.6400,-1.2131,86.7264,98.3089,5907.3400,0.0000,0.0000,Pass
D86-09,2639,45,-144.4900,-1.2126,86.4959,98.2379,5875.9900,0.0000,0.0000,Pass
D86-09,2639,46,-144.1890,-1.2113,86.3498,98.0541,5856.1500,0.0000,0.0000,Pass
D86-09,2639,47,-144.0390,-1.2109,86.6183,98.9197,5892.6200,0.0000,0.0000,Pass
D86-09,2639,48,-143.7390,-1.2090,85.3152,97.9245,5716.6600,0.0000,0.0000,Pass
D86-09,2639,49,-143.1370,-1.2069,85.5345,97.5728,5746.0900,0.0000,0.0000,Pass
D86-09,2639,50,-142.9860,-1.2059,85.3772,97.5262,5724.9800,0.0000,0.0000,Pass
D86-09,2639,51,-142.5340,-1.2043,85.4058,97.1271,5728.8200,0.0000,0.0000,Pass
D86-09,2639,59,-145.3900,-1.3666,86.9328,97.5885,5935.5000,0.0000,0.0000,Pass
D86-09,2639,60,-145.2410,-1.3662,86.8296,97.0737,5921.4200,0.0000,0.0000,Pass
D86-09,2639,61,-145.0910,-1.3656,86.6606,98.0536,5898.3800,0.0000,0.0000,Pass
D86-09,2639,62,-144.7900,-1.3643,86.8015,97.6126,5917.5800,0.0000,0.0000,Pass
D86-09,2639,63,-144.6400,-1.3640,86.3498,98.1775,5856.1500,0.0000,0.0000,Pass
D86-09,2639,64,-144.4900,-1.3634,86.6183,98.8654,5892.6200,0.0000,0.0000,Pass
D86-09,2639,65,-144.0390,-1.3617,86.2412,98.7517,5841.4300,0.0000,0.0000,Pass
D86-09,2639,66,-143.8880,-1.3603,86.3026,98.0181,5849.7500,0.0000,0.0000,Pass
D86-09,2639,67,-143.7380,-1.3600,86.3026,98.2095,5849.7500,0.0000,0.0000,Pass
D86-09,2639,68,-143.5880,-1.3591,85.9336,99.2384,5799.8400,0.0000,0.0000,Pass
D86-09,2639,69,-143.4360,-1.3584,85.6868,98.6930,5766.5700,0.0000,0.0000,Pass
D86-09,2639,70,-143.2870,-1.3579,85.6392,97.9986,5760.1700,0.0000,0.0000,Pass
D86-09,2639,71,-143.1360,-1.3572,85.7580,97.9941,5776.1700,0.0000,0.0000,Pass
D86-09,2639,72,-142.6850,-1.3556,85.5012,96.4611,5741.6100,0.0000,0.0000,Pass
D86-09,2639,73,-142.5340,-1.3551,85.6012,97.4323,5755.0500,0.0000,0.0000,Pass
D86-09,2639,77,-144.9400,-1.3654,87.0171,97.4008,5947.0100,0.0000,0.0000,Pass
D86-09,2639,78,-144.3390,-1.3631,86.3451,98.2318,5855.5100,0.0000,0.0000,Pass
D86-09,2639,79,-144.1890,-1.3624,86.4158,98.1279,5865.1100,0.0000,0.0000,Pass
D86-09,2639,80,-142.9860,-1.3568,85.3438,97.6131,5720.5000,0.0000,0.0000,Pass
D86-09,2639,81,-142.8350,-1.3560,85.4869,98.0934,5739.6900,0.0000,0.0000,Pass
D86-09,2639,85,-142.9850,-1.5072,85.3390,98.2353,5719.8600,0.0000,0.0000,Pass
D86-09,2639,89,-145.3900,-1.5161,86.7357,97.5273,5908.6200,0.0000,0.0000,Pass
D86-09,2639,90,-145.2400,-1.5160,86.7404,98.0581,5909.2600,0.0000,0.0000,Pass
D86-09,2639,91,-145.0900,-1.5155,86.2790,97.7883,5846.5500,0.0000,0.0000,Pass
D86-09,2639,92,-144.9400,-1.5150,86.2648,98.2032,5844.6300,0.0000,0.0000,Pass
D86-09,2639,93,-144.7890,-1.5146,86.2601,97.9220,5843.9900,0.0000,0.0000,Pass
D86-09,2639,94,-144.6390,-1.5140,86.0094,98.1536,5810.0800,0.0000,0.0000,Pass
D86-09,2639,95,-144.4890,-1.5135,85.9289,98.2505,5799.2000,0.0000,0.0000,Pass
D86-09,2639,96,-144.3390,-1.5132,85.8815,98.3862,5792.8000,0.0000,0.0000,Pass
D86-09,2639,97,-144.1880,-1.5127,86.2837,98.8622,5847.1900,0.0000,0.0000,Pass
D86-09,2639,98,-144.0380,-1.5119,85.4440,99.1430,5733.9300,0.0000,0.0000,Pass
D86-09,2639,99,-143.8880,-1.5108,85.5964,98.6161,5754.4100,0.0000,0.0000,Pass
D86-09,2639,100,-143.7370,-1.5102,85.5821,98.2709,5752.4900,0.0000,0.0000,Pass
D86-09,2639,101,-143.5870,-1.5098,85.1766,98.8802,5698.1000,0.0000,0.0000,Pass
D86-09,2639,102,-143.4360,-1.5089,85.3867,99.1249,5726.2600,0.0000,0.0000,Pass
D86-09,2639,103,-143.2860,-1.5084,85.5583,98.2576,5749.2900,0.0000,0.0000,Pass
D86-09,2639,104,-143.1350,-1.5075,85.2005,99.1165,5701.3000,0.0000,0.0000,Pass
D86-09,2639,105,-142.8350,-1.5068,85.6249,97.8532,5758.2500,0.0000,0.0000,Pass
D86-09,2639,106,-142.6840,-1.5060,85.1335,98.4928,5692.3400,0.0000,0.0000,Pass
D86-09,2639,107,-142.5330,-1.5054,84.9899,97.4700,5673.1500,0.0000,0.0000,Pass
D86-09,2639,115,-145.2390,-1.6667,87.5398,98.0694,6018.6800,0.0000,0.0000,Pass
D86-09,2639,116,-145.0890,-1.6660,86.8953,98.2442,5930.3800,0.0000,0.0000,Pass
D86-09,2639,117,-144.9390,-1.6653,86.9749,98.2983,5941.2500,0.0000,0.0000,Pass
D86-09,2639,118,-144.7880,-1.6646,86.6512,98.6663,5897.1000,0.0000,0.0000,Pass
D86-09,2639,119,-144.4880,-1.6636,86.5900,99.3599,5888.7800,0.0000,0.0000,Pass
D86-09,2639,120,-144.3380,-1.6632,86.5053,99.2937,5877.2700,0.0000,0.0000,Pass
D86-09,2639,121,-143.8870,-1.6609,85.9052,98.8104,5796.0000,0.0000,0.0000,Pass
D86-09,2639,122,-143.7370,-1.6603,85.9289,98.7915,5799.2000,0.0000,0.0000,Pass
D86-09,2639,123,-143.4360,-1.6590,85.8530,99.2979,5788.9600,0.0000,0.0000,Pass
D86-09,2639,124,-143.2850,-1.6584,85.7200,98.2286,5771.0500,0.0000,0.0000,Pass
D86-09,2639,125,-143.1350,-1.6579,85.3343,98.5904,5719.2200,0.0000,0.0000,Pass
D86-09,2639,126,-142.5330,-1.6556,85.3724,96.6894,5724.3400,0.0000,0.0000,Pass
D86-09,2639,128,-145.3890,-1.6673,86.8625,98.1754,5925.9000,0.0000,0.0000,Pass
D86-09,2639,129,-144.6390,-1.6643,86.4488,99.1506,5869.5900,0.0000,0.0000,Pass
D86-09,2639,130,-144.1880,-1.6627,86.4629,98.2365,5871.5100,0.0000,0.0000,Pass
D86-09,2639,131,-144.0370,-1.6620,86.3498,99.4559,5856.1500,0.0000,0.0000,Pass
D86-09,2639,132,-143.5860,-1.6595,85.9052,99.4041,5796.0000,0.0000,0.0000,Pass
D86-09,2639,133,-142.9850,-1.6574,85.6297,99.3339,5758.8900,0.0000,0.0000,Pass
D86-09,2639,134,-142.8340,-1.6568,85.6012,99.8446,5755.0500,0.0000,0.0000,Pass
D86-09,2639,135,-142.6840,-1.6558,85.1431,99.7567,5693.6200,0.0000,0.0000,Pass
D86-09,2639,143,-145.3880,-1.8177,86.8812,97.8173,5928.4600,0.0000,0.0000,Pass
D86-09,2639,144,-142.5320,-1.8063,85.2005,97.9361,5701.3000,0.0000,0.0000,Pass
D86-09,2639,153,-145.3880,-1.9679,87.2882,97.7305,5984.1300,0.0000,0.0000,Pass
D86-09,2639,154,-142.5320,-1.9563,85.3390,97.9407,5719.8600,0.0000,0.0000,Pass
D86-09,2639,159,-144.8610,-2.0745,86.5994,98.4123,5890.0600,0.0000,0.0000,Pass
D86-09,2639,160,-143.8710,-2.0697,85.9573,99.2126,5803.0400,0.0000,0.0000,Pass
D86-09,2639,161,-143.3760,-2.0677,85.7866,99.3031,5780.0100,0.0000,0.0000,Pass
D86-09,2639,162,-144.6960,-2.0738,86.5477,99.2342,5883.0300,0.0000,0.0000,Pass
D86-09,2639,163,-144.5310,-2.0728,86.9562,99.2632,5938.7000,0.0000,0.0000,Pass
D86-09,2639,164,-144.3660,-2.0724,86.7357,99.5324,5908.6200,0.0000,0.0000,Pass
D86-09,2639,165,-144.2010,-2.0717,86.4441,97.6572,5868.9500,0.0000,0.0000,Pass
D86-09,2639,166,-144.0360,-2.0711,86.0000,98.8721,5808.8000,0.0000,0.0000,Pass
D86-09,2639,167,-143.7060,-2.0689,86.1088,99.4001,5823.5200,0.0000,0.0000,Pass
D86-09,2639,168,-143.5420,-2.0681,85.6868,99.4933,5766.5700,0.0000,0.0000,Pass
D86-09,2639,169,-143.2110,-2.0671,85.7580,99.3763,5776.1700,0.0000,0.0000,Pass
D86-09,2639,170,-143.0460,-2.0665,85.4869,99.2619,5739.6900,0.0000,0.0000,Pass
D86-09,2639,171,-142.8810,-2.0655,85.7723,99.1093,5778.0900,0.0000,0.0000,Pass
D86-09,2639,176,-145.3870,-2.1188,87.2368,98.6306,5977.0900,0.0000,0.0000,Pass
D86-09,2639,178,-142.5310,-2.1064,84.7595,98.3486,5642.4300,0.0000,0.0000,Pass
D86-09,2639,182,-145.0260,-2.2393,86.5618,98.9447,5884.9500,0.0000,0.0000,Pass
D86-09,2639,183,-144.8600,-2.2387,86.0378,98.8890,5813.9200,0.0000,0.0000,Pass
D86-09,2639,184,-144.6960,-2.2382,86.2884,99.5514,5847.8300,0.0000,0.0000,Pass
D86-09,2639,185,-144.5300,-2.2373,86.3545,99.6469,5856.7900,0.0000,0.0000,Pass
D86-09,2639,186,-144.3660,-2.2372,85.6630,98.0025,5763.3700,0.0000,0.0000,Pass
D86-09,2639,187,-144.2010,-2.2364,85.6059,99.3296,5755.6900,0.0000,0.0000,Pass
D86-09,2639,188,-144.0360,-2.2354,85.6297,99.0031,5758.8900,0.0000,0.0000,Pass
D86-09,2639,189,-143.8720,-2.2346,85.1861,98.9906,5699.3800,0.0000,0.0000,Pass
D86-09,2639,190,-143.7060,-2.2339,85.3772,99.2187,5724.9800,0.0000,0.0000,Pass
D86-09,2639,191,-143.5400,-2.2328,85.2626,98.4904,5709.6200,0.0000,0.0000,Pass
D86-09,2639,192,-143.3760,-2.2322,85.6345,99.8153,5759.5300,0.0000,0.0000,Pass
D86-09,2639,193,-143.2100,-2.2317,85.2769,99.2258,5711.5400,0.0000,0.0000,Pass
D86-09,2639,194,-142.8800,-2.2309,85.6963,99.3973,5767.8500,0.0000,0.0000,Pass
D86-09,2639,195,-143.0440,-2.2314,85.2339,99.6624,5705.7800,0.0000,0.0000,Pass
D86-09,2639,200,-145.3870,-2.2685,86.6183,98.8740,5892.6200,0.0000,0.0000,Pass
D86-09,2639,201,-142.5300,-2.2572,85.5488,98.3218,5748.0100,0.0000,0.0000,Pass
D86-09,2639,206,-145.0250,-2.4047,86.5289,99.2979,5880.4700,0.0000,0.0000,Pass
D86-09,2639,207,-144.8600,-2.4044,86.6700,99.9396,5899.6600,0.0000,0.0000,Pass
D86-09,2639,208,-144.6940,-2.4037,86.7451,99.5490,5909.9000,0.0000,0.0000,Pass
D86-09,2639,209,-144.2000,-2.4015,86.1372,99.3637,5827.3600,0.0000,0.0000,Pass
D86-09,2639,210,-143.8710,-2.3995,85.5012,99.3906,5741.6100,0.0000,0.0000,Pass
D86-09,2639,211,-143.3740,-2.3975,85.8198,99.7420,5784.4800,0.0000,0.0000,Pass
D86-09,2639,212,-143.2100,-2.3967,85.7913,99.5745,5780.6500,0.0000,0.0000,Pass
D86-09,2639,213,-143.0440,-2.3965,85.8530,98.5927,5788.9600,0.0000,0.0000,Pass
D86-09,2639,214,-144.5300,-2.4032,86.6982,99.6125,5903.5000,0.0000,0.0000,Pass
D86-09,2639,215,-144.3650,-2.4023,86.3592,98.9852,5857.4300,0.0000,0.0000,Pass
D86-09,2639,216,-144.0350,-2.4008,85.5821,99.4233,5752.4900,0.0000,0.0000,Pass
D86-09,2639,217,-143.7050,-2.3991,85.7771,99.5899,5778.7300,0.0000,0.0000,Pass
D86-09,2639,218,-143.5400,-2.3981,85.5393,99.8067,5746.7300,0.0000,0.0000,Pass
D86-09,2639,219,-142.8790,-2.3952,85.2769,99.2158,5711.5400,0.0000,0.0000,Pass
D86-09,2639,224,-145.3870,-2.4192,87.3908,98.8093,5998.2000,0.0000,0.0000,Pass
D86-09,2639,225,-142.5300,-2.4076,84.7739,97.2638,5644.3500,0.0000,0.0000,Pass
D86-09,2639,232,-145.3850,-2.5696,86.5947,98.7659,5889.4300,0.0000,0.0000,Pass
D86-09,2639,233,-143.7050,-2.5644,85.7628,99.5767,5776.8100,0.0000,0.0000,Pass
D86-09,2639,234,-142.5290,-2.5573,84.8699,99.5808,5657.1500,0.0000,0.0000,Pass
D86-09,2639,239,-145.0240,-2.5702,86.2837,99.3079,5847.1900,0.0000,0.0000,Pass
D86-09,2639,240,-144.8590,-2.5700,85.6868,98.5897,5766.5700,0.0000,0.0000,Pass
D86-09,2639,241,-144.6950,-2.5686,86.0189,98.4934,5811.3600,0.0000,0.0000,Pass
D86-09,2639,242,-144.5290,-2.5684,85.7580,99.6628,5776.1700,0.0000,0.0000,Pass
D86-09,2639,243,-144.3640,-2.5681,85.6582,99.2686,5762.7300,0.0000,0.0000,Pass
D86-09,2639,244,-144.2000,-2.5671,85.8483,98.8004,5788.3200,0.0000,0.0000,Pass
D86-09,2639,245,-143.8690,-2.5652,85.4678,99.3242,5737.1300,0.0000,0.0000,Pass
D86-09,2639,246,-143.5390,-2.5637,85.3581,99.5048,5722.4200,0.0000,0.0000,Pass
D86-09,2639,247,-143.3740,-2.5628,85.6678,99.8323,5764.0100,0.0000,0.0000,Pass
D86-09,2639,248,-143.2090,-2.5621,85.9810,99.9298,5806.2400,0.0000,0.0000,Pass
D86-09,2639,249,-143.0440,-2.5614,85.6487,98.6530,5761.4500,0.0000,0.0000,Pass
D86-09,2639,250,-142.8790,-2.5607,85.8198,98.2219,5784.4800,0.0000,0.0000,Pass
D86-09,2639,251,-144.0340,-2.5671,85.3677,99.5615,5723.7000,0.0000,0.0000,Pass
D86-09,2639,256,-145.3850,-2.7194,87.1854,99.4357,5970.0500,0.0000,0.0000,Pass
D86-09,2639,257,-142.5290,-2.7075,85.0473,97.8834,5680.8300,0.0000,0.0000,Pass
D86-09,2639,262,-145.0230,-2.7348,86.8625,99.2738,5925.9000,0.0000,0.0000,Pass
D86-09,2639,263,-144.6930,-2.7329,86.7170,99.6233,5906.0600,0.0000,0.0000,Pass
D86-09,2639,264,-144.5280,-2.7327,86.3403,99.7718,5854.8700,0.0000,0.0000,Pass
D86-09,2639,265,-144.3630,-2.7318,85.6630,98.8690,5763.3700,0.0000,0.0000,Pass
D86-09,2639,266,-144.1980,-2.7308,85.9668,99.5666,5804.3200,0.0000,0.0000,Pass
D86-09,2639,267,-144.0340,-2.7304,85.3438,99.5020,5720.5000,0.0000,0.0000,Pass
D86-09,2639,268,-143.8690,-2.7291,85.2244,99.3984,5704.5000,0.0000,0.0000,Pass
D86-09,2639,269,-143.5390,-2.7276,85.3533,99.0980,5721.7800,0.0000,0.0000,Pass
D86-09,2639,270,-143.3730,-2.7266,85.6249,98.6132,5758.2500,0.0000,0.0000,Pass
D86-09,2639,271,-143.2080,-2.7262,85.7010,99.8358,5768.4900,0.0000,0.0000,Pass
D86-09,2639,272,-143.0430,-2.7260,85.3486,99.1392,5721.1400,0.0000,0.0000,Pass
D86-09,2639,273,-144.8580,-2.7342,86.4488,99.6816,5869.5900,0.0000,0.0000,Pass
D86-09,2639,274,-143.7040,-2.7283,85.5440,99.6984,5747.3700,0.0000,0.0000,Pass
D86-09,2639,275,-142.8780,-2.7253,85.0186,98.8230,5676.9900,0.0000,0.0000,Pass
D86-09,2639,280,-145.3840,-2.8702,86.6183,98.6781,5892.6200,0.0000,0.0000,Pass
D86-09,2639,281,-142.5280,-2.8574,85.2292,98.3849,5705.1400,0.0000,0.0000,Pass
D86-09,2639,286,-144.5280,-2.8978,86.6465,99.2840,5896.4600,0.0000,0.0000,Pass
D86-09,2639,287,-143.8680,-2.8941,85.6725,99.7156,5764.6500,0.0000,0.0000,Pass
D86-09,2639,288,-143.5380,-2.8922,86.1609,99.1469,5830.5600,0.0000,0.0000,Pass
D86-09,2639,289,-145.0230,-2.8997,86.3120,99.5285,5851.0300,0.0000,0.0000,Pass
D86-09,2639,290,-144.8570,-2.8999,85.9478,99.1863,5801.7600,0.0000,0.0000,Pass
D86-09,2639,291,-144.6930,-2.8991,86.0757,98.3973,5819.0400,0.0000,0.0000,Pass
D86-09,2639,292,-144.3630,-2.8971,86.2884,99.5021,5847.8300,0.0000,0.0000,Pass
D86-09,2639,293,-144.1980,-2.8956,86.0804,99.4917,5819.6800,0.0000,0.0000,Pass
D86-09,2639,294,-144.0330,-2.8953,85.6487,98.5995,5761.4500,0.0000,0.0000,Pass
D86-09,2639,295,-143.7030,-2.8933,85.6868,99.5870,5766.5700,0.0000,0.0000,Pass
D86-09,2639,296,-143.3730,-2.8918,85.9241,99.3898,5798.5600,0.0000,0.0000,Pass
D86-09,2639,297,-143.2080,-2.8914,85.7533,98.9599,5775.5300,0.0000,0.0000,Pass
D86-09,2639,298,-143.0420,-2.8909,85.6249,99.6160,5758.2500,0.0000,0.0000,Pass
D86-09,2639,299,-142.8770,-2.8897,85.5345,98.8687,5746.0900,0.0000,0.0000,Pass
D86-09,2639,304,-145.3840,-3.0202,87.0077,98.3166,5945.7300,0.0000,0.0000,Pass
D86-09,2639,305,-142.5280,-3.0084,85.5488,97.6242,5748.0100,0.0000,0.0000,Pass
D86-09,2639,310,-145.0220,-3.0648,86.3922,98.6953,5861.9100,0.0000,0.0000,Pass
D86-09,2639,311,-144.8570,-3.0639,86.1656,99.2281,5831.2000,0.0000,0.0000,Pass
D86-09,2639,312,-144.6920,-3.0637,85.9763,98.8082,5805.6000,0.0000,0.0000,Pass
D86-09,2639,313,-144.5270,-3.0628,86.2081,99.2979,5836.9500,0.0000,0.0000,Pass
D86-09,2639,314,-144.3620,-3.0625,86.4676,99.7720,5872.1500,0.0000,0.0000,Pass
D86-09,2639,315,-144.1970,-3.0616,85.9526,99.6800,5802.4000,0.0000,0.0000,Pass
D86-09,2639,316,-143.8670,-3.0592,85.9715,99.5059,5804.9600,0.0000,0.0000,Pass
D86-09,2639,317,-143.7020,-3.0586,85.8910,99.3070,5794.0800,0.0000,0.0000,Pass
D86-09,2639,318,-143.5370,-3.0576,86.0615,99.2514,5817.1200,0.0000,0.0000,Pass
D86-09,2639,319,-143.3720,-3.0570,86.1798,99.5344,5833.1200,0.0000,0.0000,Pass
D86-09,2639,320,-143.2070,-3.0565,85.7391,99.6943,5773.6100,0.0000,0.0000,Pass
D86-09,2639,321,-143.0420,-3.0559,85.7533,98.6657,5775.5300,0.0000,0.0000,Pass
D86-09,2639,322,-142.8770,-3.0553,85.7295,99.5958,5772.3300,0.0000,0.0000,Pass
D86-09,2639,323,-144.0320,-3.0610,86.1514,99.2185,5829.2800,0.0000,0.0000,Pass
D86-09,2639,328,-145.3830,-3.1704,87.1340,97.9018,5963.0100,0.0000,0.0000,Pass
D86-09,2639,329,-142.5270,-3.1588,85.1909,97.5492,5700.0200,0.0000,0.0000,Pass
D86-09,2639,334,-145.0210,-3.2298,86.7217,99.0063,5906.7000,0.0000,0.0000,Pass
D86-09,2639,335,-144.8560,-3.2292,86.5853,99.2764,5888.1500,0.0000,0.0000,Pass
D86-09,2639,336,-144.6910,-3.2281,86.6653,99.7077,5899.0200,0.0000,0.0000,Pass
D86-09,2639,337,-144.5270,-3.2275,86.4912,99.5161,5875.3500,0.0000,0.0000,Pass
D86-09,2639,338,-144.3610,-3.2271,86.6135,99.0247,5891.9800,0.0000,0.0000,Pass
D86-09,2639,339,-143.8670,-3.2240,86.4158,99.1193,5865.1100,0.0000,0.0000,Pass
D86-09,2639,340,-143.7020,-3.2234,86.0899,99.5675,5820.9600,0.0000,0.0000,Pass
D86-09,2639,341,-143.5370,-3.2217,85.9194,98.6955,5797.9200,0.0000,0.0000,Pass
D86-09,2639,342,-143.3720,-3.2220,85.7153,98.4807,5770.4100,0.0000,0.0000,Pass
D86-09,2639,343,-143.2060,-3.2213,85.5964,98.4772,5754.4100,0.0000,0.0000,Pass
D86-09,2639,344,-143.0410,-3.2206,85.2053,98.2229,5701.9400,0.0000,0.0000,Pass
D86-09,2639,345,-144.1960,-3.2262,86.4299,99.8039,5867.0300,0.0000,0.0000,Pass
D86-09,2639,346,-144.0320,-3.2253,86.2459,98.8205,5842.0700,0.0000,0.0000,Pass
D86-09,2639,347,-142.8760,-3.2204,85.4440,98.6454,5733.9300,0.0000,0.0000,Pass
D86-09,2639,352,-145.3830,-3.3213,86.7827,99.2000,5915.0200,0.0000,0.0000,Pass
D86-09,2639,353,-142.5260,-3.3088,85.6249,98.1037,5758.2500,0.0000,0.0000,Pass
D86-09,2639,362,-145.3820,-3.4718,87.2835,98.2492,5983.4900,0.0000,0.0000,Pass
D86-09,2639,363,-142.5260,-3.4587,85.5726,97.9364,5751.2100,0.0000,0.0000,Pass
D86-09,2639,370,-145.2310,-3.6212,86.6324,98.8315,5894.5400,0.0000,0.0000,Pass
D86-09,2639,371,-144.1790,-3.6171,85.9099,98.6701,5796.6400,0.0000,0.0000,Pass
D86-09,2639,372,-143.8790,-3.6155,85.8530,99.2254,5788.9600,0.0000,0.0000,Pass
D86-09,2639,373,-143.7290,-3.6149,85.8530,98.5186,5788.9600,0.0000,0.0000,Pass
D86-09,2639,374,-143.2780,-3.6131,85.5536,98.2902,5748.6500,0.0000,0.0000,Pass
D86-09,2639,377,-145.3810,-3.6219,86.8672,97.5801,5926.5400,0.0000,0.0000,Pass
D86-09,2639,378,-145.0810,-3.6208,86.7827,98.1446,5915.0200,0.0000,0.0000,Pass
D86-09,2639,379,-144.9310,-3.6202,86.7498,98.3534,5910.5400,0.0000,0.0000,Pass
D86-09,2639,380,-144.7810,-3.6196,86.4488,98.6046,5869.5900,0.0000,0.0000,Pass
D86-09,2639,381,-144.6300,-3.6191,86.2081,99.0783,5836.9500,0.0000,0.0000,Pass
D86-09,2639,382,-144.4800,-3.6185,85.9763,98.5644,5805.6000,0.0000,0.0000,Pass
D86-09,2639,383,-144.3300,-3.6179,86.0947,98.9113,5821.6000,0.0000,0.0000,Pass
D86-09,2639,384,-144.0290,-3.6163,85.5916,98.4526,5753.7700,0.0000,0.0000,Pass
D86-09,2639,385,-143.5790,-3.6141,85.4487,97.9896,5734.5700,0.0000,0.0000,Pass
D86-09,2639,386,-143.4280,-3.6135,85.6582,98.4789,5762.7300,0.0000,0.0000,Pass
D86-09,2639,387,-143.1270,-3.6121,85.8672,98.0987,5790.8800,0.0000,0.0000,Pass
D86-09,2639,388,-142.9770,-3.6116,85.9194,97.8389,5797.9200,0.0000,0.0000,Pass
D86-09,2639,389,-142.8260,-3.6109,85.9289,97.6276,5799.2000,0.0000,0.0000,Pass
D86-09,2639,390,-142.6750,-3.6107,85.5012,95.8864,5741.6100,0.0000,0.0000,Pass
D86-09,2639,391,-142.5250,-3.6098,85.9715,97.5164,5804.9600,0.0000,0.0000,Pass
D86-09,2639,397,-145.0810,-3.7712,86.4252,98.0897,5866.3900,0.0000,0.0000,Pass
D86-09,2639,398,-143.4270,-3.7632,85.4916,99.0134,5740.3300,0.0000,0.0000,Pass
D86-09,2639,402,-145.3810,-3.7722,86.8343,97.6675,5922.0600,0.0000,0.0000,Pass
D86-09,2639,403,-145.2300,-3.7719,86.5194,98.0164,5879.1900,0.0000,0.0000,Pass
D86-09,2639,404,-144.9310,-3.7710,86.3120,98.2331,5851.0300,0.0000,0.0000,Pass
D86-09,2639,405,-144.7800,-3.7699,86.1420,97.9860,5828.0000,0.0000,0.0000,Pass
D86-09,2639,406,-144.6300,-3.7694,86.0142,98.8231,5810.7200,0.0000,0.0000,Pass
D86-09,2639,407,-144.4800,-3.7687,86.1278,98.6274,5826.0800,0.0000,0.0000,Pass
D86-09,2639,408,-144.3290,-3.7681,86.2223,98.5848,5838.8700,0.0000,0.0000,Pass
D86-09,2639,409,-144.1790,-3.7675,86.1987,99.5828,5835.6800,0.0000,0.0000,Pass
D86-09,2639,410,-144.0290,-3.7666,85.5107,97.8724,5742.8900,0.0000,0.0000,Pass
D86-09,2639,411,-143.8790,-3.7656,85.8293,97.4858,5785.7600,0.0000,0.0000,Pass
D86-09,2639,412,-143.7280,-3.7647,86.1798,99.1450,5833.1200,0.0000,0.0000,Pass
D86-09,2639,413,-143.5780,-3.7640,85.5250,98.0336,5744.8100,0.0000,0.0000,Pass
D86-09,2639,414,-143.2770,-3.7629,85.8720,97.7263,5791.5200,0.0000,0.0000,Pass
D86-09,2639,415,-143.1270,-3.7621,85.3390,97.8486,5719.8600,0.0000,0.0000,Pass
D86-09,2639,416,-142.9760,-3.7613,85.5583,97.3887,5749.2900,0.0000,0.0000,Pass
D86-09,2639,417,-142.8250,-3.7607,85.6107,97.0298,5756.3300,0.0000,0.0000,Pass
D86-09,2639,418,-142.5240,-3.7598,85.5726,97.4758,5751.2100,0.0000,0.0000,Pass
D86-09,2639,419,-142.6740,-3.7604,85.3486,96.9015,5721.1400,0.0000,0.0000,Pass
D86-09,2639,424,-143.8780,-3.9156,85.6963,98.5482,5767.8500,0.0000,0.0000,Pass
D86-09,2639,426,-145.3800,-3.9226,87.0732,97.5331,5954.6900,0.0000,0.0000,Pass
D86-09,2639,427,-145.0800,-3.9213,86.9890,97.6706,5943.1700,0.0000,0.0000,Pass
D86-09,2639,428,-144.4790,-3.9186,86.3356,98.8208,5854.2300,0.0000,0.0000,Pass
D86-09,2639,429,-144.1780,-3.9176,86.0426,97.6061,5814.5600,0.0000,0.0000,Pass
D86-09,2639,430,-143.7270,-3.9151,85.6820,98.3721,5765.9300,0.0000,0.0000,Pass
D86-09,2639,431,-143.5770,-3.9150,85.7771,97.9837,5778.7300,0.0000,0.0000,Pass
D86-09,2639,432,-143.4270,-3.9141,85.6773,98.1213,5765.2900,0.0000,0.0000,Pass
D86-09,2639,433,-143.2760,-3.9135,85.6582,96.7725,5762.7300,0.0000,0.0000,Pass
D86-09,2639,434,-143.1260,-3.9135,85.4916,97.8992,5740.3300,0.0000,0.0000,Pass
D86-09,2639,435,-142.8250,-3.9116,85.7580,96.8618,5776.1700,0.0000,0.0000,Pass
D86-09,2639,437,-145.2300,-3.9221,87.3208,97.7427,5988.6100,0.0000,0.0000,Pass
D86-09,2639,438,-144.9300,-3.9209,86.8672,97.7136,5926.5400,0.0000,0.0000,Pass
D86-09,2639,439,-144.7800,-3.9207,86.4676,98.3043,5872.1500,0.0000,0.0000,Pass
D86-09,2639,440,-144.6290,-3.9190,86.1750,97.9860,5832.4800,0.0000,0.0000,Pass
D86-09,2639,441,-144.3280,-3.9181,86.0047,98.7107,5809.4400,0.0000,0.0000,Pass
D86-09,2639,442,-144.0280,-3.9169,85.5869,97.5501,5753.1300,0.0000,0.0000,Pass
D86-09,2639,443,-142.9750,-3.9120,85.2339,97.2745,5705.7800,0.0000,0.0000,Pass
D86-09,2639,444,-142.6730,-3.9108,85.8150,95.8214,5783.8500,0.0000,0.0000,Pass
D86-09,2639,445,-142.5240,-3.9102,85.8198,97.1383,5784.4800,0.0000,0.0000,Pass
D86-09,2639,451,-145.0790,-4.0722,87.3208,97.5804,5988.6100,0.0000,0.0000,Pass
D86-09,2639,452,-143.5770,-4.0647,86.1940,97.3760,5835.0400,0.0000,0.0000,Pass
D86-09,2639,456,-145.3790,-4.0732,87.5026,96.8395,6013.5600,0.0000,0.0000,Pass
D86-09,2639,457,-145.2300,-4.0730,87.1200,97.1759,5961.0900,0.0000,0.0000,Pass
D86-09,2639,458,-144.9290,-4.0714,86.7780,96.7343,5914.3800,0.0000,0.0000,Pass
D86-09,2639,459,-144.7790,-4.0707,86.8390,97.3173,5922.7000,0.0000,0.0000,Pass
D86-09,2639,460,-144.6290,-4.0704,86.7217,97.9526,5906.7000,0.0000,0.0000,Pass
D86-09,2639,461,-144.4790,-4.0698,86.5194,97.7099,5879.1900,0.0000,0.0000,Pass
D86-09,2639,462,-144.3280,-4.0681,86.5947,98.6478,5889.4300,0.0000,0.0000,Pass
D86-09,2639,463,-144.1780,-4.0682,86.2318,97.7299,5840.1500,0.0000,0.0000,Pass
D86-09,2639,464,-144.0270,-4.0673,86.0378,97.7378,5813.9200,0.0000,0.0000,Pass
D86-09,2639,465,-143.8770,-4.0660,86.1892,97.8773,5834.4000,0.0000,0.0000,Pass
D86-09,2639,466,-143.7270,-4.0653,85.6535,97.8845,5762.0900,0.0000,0.0000,Pass
D86-09,2639,467,-143.4260,-4.0640,86.0994,97.5196,5822.2400,0.0000,0.0000,Pass
D86-09,2639,468,-143.2750,-4.0637,85.8435,97.2890,5787.6800,0.0000,0.0000,Pass
D86-09,2639,469,-143.1250,-4.0630,85.5916,98.3324,5753.7700,0.0000,0.0000,Pass
D86-09,2639,470,-142.9750,-4.0626,85.5012,96.2752,5741.6100,0.0000,0.0000,Pass
D86-09,2639,471,-142.8240,-4.0618,85.7105,97.3074,5769.7700,0.0000,0.0000,Pass
D86-09,2639,474,-142.6730,-4.0608,85.7580,96.1370,5776.1700,0.0000,0.0000,Pass
D86-09,2639,475,-142.5230,-4.0604,85.4821,96.2927,5739.0500,0.0000,0.0000,Pass
D86-09,2639,481,-145.3790,-4.2234,87.4607,96.5724,6007.8000,0.0000,0.0000,Pass
D86-09,2639,482,-145.2290,-4.2229,87.3721,96.2952,5995.6400,0.0000,0.0000,Pass
D86-09,2639,483,-145.0780,-4.2222,86.9375,96.9065,5936.1400,0.0000,0.0000,Pass
D86-09,2639,484,-144.7780,-4.2209,86.9047,97.5364,5931.6600,0.0000,0.0000,Pass
D86-09,2639,485,-144.1770,-4.2188,86.5006,97.6050,5876.6300,0.0000,0.0000,Pass
D86-09,2639,486,-144.0260,-4.2184,86.3592,97.0764,5857.4300,0.0000,0.0000,Pass
D86-09,2639,487,-143.8760,-4.2173,86.4582,96.0277,5870.8700,0.0000,0.0000,Pass
D86-09,2639,488,-143.7260,-4.2166,86.1278,97.5951,5826.0800,0.0000,0.0000,Pass
D86-09,2639,489,-143.5760,-4.2155,86.0994,97.6539,5822.2400,0.0000,0.0000,Pass
D86-09,2639,490,-143.4250,-4.2151,86.2459,97.1740,5842.0700,0.0000,0.0000,Pass
D86-09,2639,491,-143.1240,-4.2138,85.9147,96.8079,5797.2800,0.0000,0.0000,Pass
D86-09,2639,492,-142.9740,-4.2133,86.0142,95.8276,5810.7200,0.0000,0.0000,Pass
D86-09,2639,493,-142.8230,-4.2124,86.4912,96.3436,5875.3500,0.0000,0.0000,Pass
D86-09,2639,494,-144.9280,-4.2219,87.2368,97.1898,5977.0900,0.0000,0.0000,Pass
D86-09,2639,495,-144.6280,-4.2207,86.6653,97.4007,5899.0200,0.0000,0.0000,Pass
D86-09,2639,496,-144.4780,-4.2197,86.5289,97.5668,5880.4700,0.0000,0.0000,Pass
D86-09,2639,497,-144.3270,-4.2194,86.8765,97.9360,5927.8200,0.0000,0.0000,Pass
D86-09,2639,498,-143.2740,-4.2146,86.1561,97.3438,5829.9200,0.0000,0.0000,Pass
D86-09,2639,499,-142.6730,-4.2122,86.2884,95.4077,5847.8300,0.0000,0.0000,Pass
D86-09,2639,500,-142.5220,-4.2110,86.5712,95.6778,5886.2300,0.0000,0.0000,Pass
D86-09,2737,1,11.5268,-8.8965,84.8123,98.4487,5649.4700,0.0000,0.0000,Pass
D86-09,2737,2,11.8274,-8.8950,85.1861,97.0566,5699.3800,0.0000,0.0000,Pass
D86-09,2737,3,12.8806,-8.8909,86.0047,96.9116,5809.4400,0.0000,0.0000,Pass
D86-09,2737,7,10.0245,-8.9034,85.1670,96.8950,5696.8200,0.0000,0.0000,Pass
D86-09,2737,8,10.1747,-8.9025,84.9035,96.5367,5661.6300,0.0000,0.0000,Pass
D86-09,2737,9,10.3246,-8.9021,85.1431,97.8142,5693.6200,0.0000,0.0000,Pass
D86-09,2737,10,10.4744,-8.9009,84.8219,96.3937,5650.7500,0.0000,0.0000,Pass
D86-09,2737,11,10.6249,-8.9007,84.4851,96.7979,5605.9600,0.0000,0.0000,Pass
D86-09,2737,12,10.7750,-8.9000,85.2531,97.9868,5708.3400,0.0000,0.0000,Pass
D86-09,2737,13,10.9251,-8.9002,84.6874,97.2043,5632.8300,0.0000,0.0000,Pass
D86-09,2737,14,11.0758,-8.8990,84.8219,97.6699,5650.7500,0.0000,0.0000,Pass
D86-09,2737,15,11.2262,-8.8989,84.9563,97.4758,5668.6700,0.0000,0.0000,Pass
D86-09,2737,16,11.3766,-8.8972,84.5526,98.3361,5614.9200,0.0000,0.0000,Pass
D86-09,2737,17,11.6775,-8.8961,85.1527,97.6934,5694.9000,0.0000,0.0000,Pass
D86-09,2737,18,11.9779,-8.8946,85.2865,97.5179,5712.8200,0.0000,0.0000,Pass
D86-09,2737,19,12.1279,-8.8939,84.8267,98.9693,5651.3900,0.0000,0.0000,Pass
D86-09,2737,20,12.2789,-8.8931,85.7153,97.9670,5770.4100,0.0000,0.0000,Pass
D86-09,2737,21,12.4292,-8.8927,85.3677,97.8492,5723.7000,0.0000,0.0000,Pass
D86-09,2737,22,12.5793,-8.8928,85.8435,97.8896,5787.6800,0.0000,0.0000,Pass
D86-09,2737,23,12.7309,-8.8912,85.6725,96.4893,5764.6500,0.0000,0.0000,Pass
D86-09,2737,31,10.3252,-9.0521,84.5718,97.0377,5617.4800,0.0000,0.0000,Pass
D86-09,2737,32,11.0766,-9.0493,83.9045,98.1876,5529.1700,0.0000,0.0000,Pass
D86-09,2737,33,11.5267,-9.0470,84.4079,97.8993,5595.7200,0.0000,0.0000,Pass
D86-09,2737,34,11.8277,-9.0457,84.8027,98.1816,5648.1900,0.0000,0.0000,Pass
D86-09,2737,35,11.9783,-9.0450,84.7835,98.9644,5645.6300,0.0000,0.0000,Pass
D86-09,2737,36,12.1287,-9.0440,84.8459,98.1306,5653.9500,0.0000,0.0000,Pass
D86-09,2737,37,12.5811,-9.0428,84.7210,97.4471,5637.3100,0.0000,0.0000,Pass
D86-09,2737,38,12.7307,-9.0423,84.6729,98.0588,5630.9100,0.0000,0.0000,Pass
D86-09,2737,40,10.0252,-9.0534,84.9851,97.1134,5672.5100,0.0000,0.0000,Pass
D86-09,2737,41,10.1750,-9.0527,84.5285,96.8805,5611.7200,0.0000,0.0000,Pass
D86-09,2737,42,10.4754,-9.0519,85.0809,98.2630,5685.3000,0.0000,0.0000,Pass
D86-09,2737,43,10.6254,-9.0513,84.3644,97.2308,5589.9600,0.0000,0.0000,Pass
D86-09,2737,44,10.7757,-9.0506,84.6392,98.5167,5626.4400,0.0000,0.0000,Pass
D86-09,2737,45,10.9254,-9.0497,84.4851,97.4174,5605.9600,0.0000,0.0000,Pass
D86-09,2737,46,11.2264,-9.0485,84.5622,97.8704,5616.2000,0.0000,0.0000,Pass
D86-09,2737,47,11.3767,-9.0485,84.5911,99.1100,5620.0400,0.0000,0.0000,Pass
D86-09,2737,48,11.6772,-9.0464,84.2968,97.6025,5581.0000,0.0000,0.0000,Pass
D86-09,2737,49,12.2793,-9.0439,84.6296,98.5079,5625.1600,0.0000,0.0000,Pass
D86-09,2737,50,12.4295,-9.0435,84.7066,97.1789,5635.3900,0.0000,0.0000,Pass
D86-09,2737,51,12.8818,-9.0418,85.6535,97.8299,5762.0900,0.0000,0.0000,Pass
D86-09,2737,59,10.0256,-9.2041,84.4754,96.6594,5604.6800,0.0000,0.0000,Pass
D86-09,2737,60,10.1756,-9.2029,84.3403,97.2573,5586.7600,0.0000,0.0000,Pass
D86-09,2737,61,10.3262,-9.2028,84.5911,97.5481,5620.0400,0.0000,0.0000,Pass
D86-09,2737,62,10.6258,-9.2015,84.3355,98.7043,5586.1200,0.0000,0.0000,Pass
D86-09,2737,63,10.7759,-9.2011,84.5766,97.7703,5618.1200,0.0000,0.0000,Pass
D86-09,2737,64,10.9267,-9.2003,83.8073,98.4857,5516.3800,0.0000,0.0000,Pass
D86-09,2737,65,11.3780,-9.1989,83.4615,99.8829,5470.9500,0.0000,0.0000,Pass
D86-09,2737,66,11.5278,-9.1965,84.4803,98.5654,5605.3200,0.0000,0.0000,Pass
D86-09,2737,67,11.6783,-9.1969,83.9918,97.1503,5540.6900,0.0000,0.0000,Pass
D86-09,2737,68,11.8283,-9.1960,84.3596,98.4679,5589.3200,0.0000,0.0000,Pass
D86-09,2737,69,11.9792,-9.1954,84.5140,97.9626,5609.8000,0.0000,0.0000,Pass
D86-09,2737,70,12.1286,-9.1948,84.3982,97.4683,5594.4400,0.0000,0.0000,Pass
D86-09,2737,71,12.2802,-9.1946,84.4031,97.4677,5595.0800,0.0000,0.0000,Pass
D86-09,2737,72,12.7311,-9.1923,85.0569,97.6743,5682.1000,0.0000,0.0000,Pass
D86-09,2737,73,12.8822,-9.1918,85.4011,97.6295,5728.1800,0.0000,0.0000,Pass
D86-09,2737,77,10.4754,-9.2020,83.9482,96.4272,5534.9300,0.0000,0.0000,Pass
D86-09,2737,78,11.0764,-9.1999,83.7879,98.2136,5513.8200,0.0000,0.0000,Pass
D86-09,2737,79,11.2280,-9.1993,84.2050,98.3440,5568.8500,0.0000,0.0000,Pass
D86-09,2737,80,12.4302,-9.1937,84.9419,98.4080,5666.7500,0.0000,0.0000,Pass
D86-09,2737,81,12.5809,-9.1926,84.9515,97.5509,5668.0300,0.0000,0.0000,Pass
D86-09,2737,85,12.4311,-9.3440,84.8699,98.6662,5657.1500,0.0000,0.0000,Pass
D86-09,2737,89,10.0263,-9.3539,83.9336,98.5267,5533.0100,0.0000,0.0000,Pass
D86-09,2737,90,10.1759,-9.3538,84.0791,97.7856,5552.2100,0.0000,0.0000,Pass
D86-09,2737,91,10.3259,-9.3529,84.5429,97.2108,5613.6400,0.0000,0.0000,Pass
D86-09,2737,92,10.4762,-9.3527,84.2001,98.3628,5568.2100,0.0000,0.0000,Pass
D86-09,2737,93,10.6267,-9.3521,83.9045,98.9886,5529.1700,0.0000,0.0000,Pass
D86-09,2737,94,10.7769,-9.3511,83.8754,98.0740,5525.3300,0.0000,0.0000,Pass
D86-09,2737,95,10.9267,-9.3504,84.3838,98.4754,5592.5200,0.0000,0.0000,Pass
D86-09,2737,96,11.0772,-9.3506,83.8365,99.0037,5520.2200,0.0000,0.0000,Pass
D86-09,2737,97,11.2275,-9.3496,84.1904,98.4111,5566.9300,0.0000,0.0000,Pass
D86-09,2737,98,11.3783,-9.3487,83.8511,98.7977,5522.1400,0.0000,0.0000,Pass
D86-09,2737,99,11.5277,-9.3475,84.2146,99.1535,5570.1300,0.0000,0.0000,Pass
D86-09,2737,100,11.6782,-9.3473,84.3789,99.4765,5591.8800,0.0000,0.0000,Pass
D86-09,2737,101,11.8285,-9.3464,84.0258,99.6655,5545.1700,0.0000,0.0000,Pass
D86-09,2737,102,11.9793,-9.3453,84.7210,99.2961,5637.3100,0.0000,0.0000,Pass
D86-09,2737,103,12.1298,-9.3450,84.4754,99.2242,5604.6800,0.0000,0.0000,Pass
D86-09,2737,104,12.2808,-9.3449,84.5959,97.8817,5620.6800,0.0000,0.0000,Pass
D86-09,2737,105,12.5816,-9.3436,84.8459,97.1791,5653.9500,0.0000,0.0000,Pass
D86-09,2737,106,12.7316,-9.3425,84.6922,97.5068,5633.4700,0.0000,0.0000,Pass
D86-09,2737,107,12.8820,-9.3422,84.7210,96.9077,5637.3100,0.0000,0.0000,Pass
D86-09,2737,115,10.1767,-9.5047,83.8025,98.3803,5515.7400,0.0000,0.0000,Pass
D86-09,2737,116,10.3268,-9.5034,84.8219,98.5712,5650.7500,0.0000,0.0000,Pass
D86-09,2737,117,10.4768,-9.5024,84.3838,98.4889,5592.5200,0.0000,0.0000,Pass
D86-09,2737,118,10.6274,-9.5024,84.1517,98.0842,5561.8100,0.0000,0.0000,Pass
D86-09,2737,119,10.9272,-9.5015,83.4078,97.7078,5463.9100,0.0000,0.0000,Pass
D86-09,2737,120,11.0779,-9.5003,84.0936,98.2011,5554.1300,0.0000,0.0000,Pass
D86-09,2737,121,11.5293,-9.4985,84.2098,98.9765,5569.4900,0.0000,0.0000,Pass
D86-09,2737,122,11.6785,-9.4978,84.3838,98.5713,5592.5200,0.0000,0.0000,Pass
D86-09,2737,123,11.9801,-9.4967,84.5959,99.2849,5620.6800,0.0000,0.0000,Pass
D86-09,2737,124,12.1311,-9.4957,84.4175,98.1450,5597.0000,0.0000,0.0000,Pass
D86-09,2737,125,12.2801,-9.4945,85.0234,98.7615,5677.6300,0.0000,0.0000,Pass
D86-09,2737,126,12.8834,-9.4932,84.7931,96.8141,5646.9100,0.0000,0.0000,Pass
D86-09,2737,128,10.0270,-9.5048,83.9142,97.9658,5530.4500,0.0000,0.0000,Pass
D86-09,2737,129,10.7774,-9.5017,84.1953,97.7857,5567.5700,0.0000,0.0000,Pass
D86-09,2737,130,11.2288,-9.5001,83.9288,99.0453,5532.3700,0.0000,0.0000,Pass
D86-09,2737,131,11.3786,-9.4993,84.8411,99.2794,5653.3100,0.0000,0.0000,Pass
D86-09,2737,132,11.8297,-9.4968,84.7595,99.2044,5642.4300,0.0000,0.0000,Pass
D86-09,2737,133,12.4311,-9.4944,84.8267,99.2309,5651.3900,0.0000,0.0000,Pass
D86-09,2737,134,12.5818,-9.4936,85.3199,98.7328,5717.3000,0.0000,0.0000,Pass
D86-09,2737,135,12.7327,-9.4932,84.8267,97.7905,5651.3900,0.0000,0.0000,Pass
D86-09,2737,143,10.0277,-9.6553,84.3258,97.9746,5584.8400,0.0000,0.0000,Pass
D86-09,2737,144,12.8841,-9.6429,85.2387,98.2740,5706.4200,0.0000,0.0000,Pass
D86-09,2737,153,10.0286,-9.8057,84.2098,98.1441,5569.4900,0.0000,0.0000,Pass
D86-09,2737,154,12.8845,-9.7939,84.7258,98.1533,5637.9500,0.0000,0.0000,Pass
D86-09,2737,159,10.5545,-9.9115,84.0936,98.5607,5554.1300,0.0000,0.0000,Pass
D86-09,2737,160,11.5445,-9.9069,84.5140,99.4600,5609.8000,0.0000,0.0000,Pass
D86-09,2737,161,12.0398,-9.9048,84.7547,99.3954,5641.7900,0.0000,0.0000,Pass
D86-09,2737,162,10.7201,-9.9105,83.9288,98.2444,5532.3700,0.0000,0.0000,Pass
D86-09,2737,163,10.8843,-9.9100,84.7258,99.2176,5637.9500,0.0000,0.0000,Pass
D86-09,2737,164,11.0498,-9.9093,84.1808,98.9299,5565.6500,0.0000,0.0000,Pass
D86-09,2737,165,11.2149,-9.9086,85.0186,99.1009,5676.9900,0.0000,0.0000,Pass
D86-09,2737,166,11.3798,-9.9078,84.3789,99.2347,5591.8800,0.0000,0.0000,Pass
D86-09,2737,167,11.7097,-9.9059,84.5237,99.3200,5611.0800,0.0000,0.0000,Pass
D86-09,2737,168,11.8751,-9.9048,85.3724,99.7896,5724.3400,0.0000,0.0000,Pass
D86-09,2737,169,12.2051,-9.9044,85.0952,99.6406,5687.2200,0.0000,0.0000,Pass
D86-09,2737,170,12.3696,-9.9031,84.9563,99.5317,5668.6700,0.0000,0.0000,Pass
D86-09,2737,171,12.5356,-9.9028,84.7499,98.6581,5641.1500,0.0000,0.0000,Pass
D86-09,2737,176,10.0285,-9.9556,84.3162,98.4119,5583.5600,0.0000,0.0000,Pass
D86-09,2737,178,12.8853,-9.9437,84.6633,97.5165,5629.6300,0.0000,0.0000,Pass
D86-09,2737,182,10.3911,-10.0770,84.3548,99.9114,5588.6800,0.0000,0.0000,Pass
D86-09,2737,183,10.5552,-10.0761,84.1904,99.6777,5566.9300,0.0000,0.0000,Pass
D86-09,2737,184,10.7201,-10.0758,84.0742,99.2700,5551.5700,0.0000,0.0000,Pass
D86-09,2737,185,10.8860,-10.0754,84.3838,98.4725,5592.5200,0.0000,0.0000,Pass
D86-09,2737,186,11.0504,-10.0750,84.2823,99.2803,5579.0800,0.0000,0.0000,Pass
D86-09,2737,187,11.2156,-10.0736,84.0355,99.0788,5546.4500,0.0000,0.0000,Pass
D86-09,2737,188,11.3799,-10.0727,83.8462,97.8168,5521.5000,0.0000,0.0000,Pass
D86-09,2737,189,11.5445,-10.0717,84.2195,98.7413,5570.7700,0.0000,0.0000,Pass
D86-09,2737,190,11.7109,-10.0715,84.4417,99.5790,5600.2000,0.0000,0.0000,Pass
D86-09,2737,191,11.8750,-10.0705,84.2678,99.0704,5577.1700,0.0000,0.0000,Pass
D86-09,2737,192,12.0400,-10.0695,85.1239,99.1088,5691.0600,0.0000,0.0000,Pass
D86-09,2737,193,12.2055,-10.0687,84.5959,98.6877,5620.6800,0.0000,0.0000,Pass
D86-09,2737,194,12.5361,-10.0675,84.1517,99.2603,5561.8100,0.0000,0.0000,Pass
D86-09,2737,195,12.3704,-10.0689,84.3693,99.1306,5590.6000,0.0000,0.0000,Pass
D86-09,2737,200,10.0294,-10.1058,84.6777,97.7402,5631.5500,0.0000,0.0000,Pass
D86-09,2737,201,12.8860,-10.0940,85.5012,98.6603,5741.6100,0.0000,0.0000,Pass
D86-09,2737,206,10.3919,-10.2425,84.1324,99.4307,5559.2500,0.0000,0.0000,Pass
D86-09,2737,207,10.5566,-10.2411,83.7198,97.8448,5504.8600,0.0000,0.0000,Pass
D86-09,2737,208,10.7213,-10.2407,84.1275,99.4934,5558.6100,0.0000,0.0000,Pass
D86-09,2737,209,11.2162,-10.2389,83.9870,99.1296,5540.0500,0.0000,0.0000,Pass
D86-09,2737,210,11.5454,-10.2366,84.1711,99.3714,5564.3700,0.0000,0.0000,Pass
D86-09,2737,211,12.0409,-10.2342,83.8462,98.6119,5521.5000,0.0000,0.0000,Pass
D86-09,2737,212,12.2065,-10.2342,84.4079,99.3591,5595.7200,0.0000,0.0000,Pass
D86-09,2737,213,12.3720,-10.2334,84.2437,98.2776,5573.9700,0.0000,0.0000,Pass
D86-09,2737,214,10.8862,-10.2402,84.2823,99.3017,5579.0800,0.0000,0.0000,Pass
D86-09,2737,215,11.0512,-10.2391,83.8802,98.2550,5525.9800,0.0000,0.0000,Pass
D86-09,2737,216,11.3808,-10.2377,83.5152,99.4437,5477.9800,0.0000,0.0000,Pass
D86-09,2737,217,11.7103,-10.2364,83.8219,98.9043,5518.3000,0.0000,0.0000,Pass
D86-09,2737,218,11.8754,-10.2352,84.1614,99.1744,5563.0900,0.0000,0.0000,Pass
D86-09,2737,219,12.5366,-10.2328,84.6489,99.9509,5627.7200,0.0000,0.0000,Pass
D86-09,2737,224,10.0301,-10.2569,83.9191,97.7616,5531.0900,0.0000,0.0000,Pass
D86-09,2737,225,12.8867,-10.2447,84.8555,99.2466,5655.2300,0.0000,0.0000,Pass
D86-09,2737,232,10.0307,-10.4072,84.2291,98.4628,5572.0500,0.0000,0.0000,Pass
D86-09,2737,233,11.7114,-10.4016,83.7782,99.1410,5512.5400,0.0000,0.0000,Pass
D86-09,2737,234,12.8861,-10.3940,84.7835,97.7739,5645.6300,0.0000,0.0000,Pass
D86-09,2737,239,10.3927,-10.4074,83.8365,99.3730,5520.2200,0.0000,0.0000,Pass
D86-09,2737,240,10.5574,-10.4062,83.9142,99.5087,5530.4500,0.0000,0.0000,Pass
D86-09,2737,241,10.7221,-10.4057,83.4225,99.2460,5465.8300,0.0000,0.0000,Pass
D86-09,2737,242,10.8868,-10.4052,84.2340,99.2483,5572.6900,0.0000,0.0000,Pass
D86-09,2737,243,11.0514,-10.4037,83.9579,98.5128,5536.2100,0.0000,0.0000,Pass
D86-09,2737,244,11.2164,-10.4026,83.6906,99.0557,5501.0200,0.0000,0.0000,Pass
D86-09,2737,245,11.5463,-10.4016,83.1877,98.8972,5435.1100,0.0000,0.0000,Pass
D86-09,2737,246,11.8768,-10.4000,83.5640,99.7728,5484.3800,0.0000,0.0000,Pass
D86-09,2737,247,12.0410,-10.4002,83.9918,98.4184,5540.6900,0.0000,0.0000,Pass
D86-09,2737,248,12.2073,-10.3992,83.7636,99.3120,5510.6200,0.0000,0.0000,Pass
D86-09,2737,249,12.3721,-10.3984,84.0112,98.0402,5543.2500,0.0000,0.0000,Pass
D86-09,2737,250,12.5372,-10.3973,84.5285,98.2081,5611.7200,0.0000,0.0000,Pass
D86-09,2737,251,11.3814,-10.4035,83.1779,98.9084,5433.8300,0.0000,0.0000,Pass
D86-09,2737,256,10.0315,-10.5567,84.5044,98.5514,5608.5200,0.0000,0.0000,Pass
D86-09,2737,257,12.8877,-10.5444,84.4079,98.6341,5595.7200,0.0000,0.0000,Pass
D86-09,2737,262,10.3932,-10.5715,84.4417,99.2754,5600.2000,0.0000,0.0000,Pass
D86-09,2737,263,10.7229,-10.5702,84.1856,99.3936,5566.2900,0.0000,0.0000,Pass
D86-09,2737,264,10.8874,-10.5693,84.1227,99.6930,5557.9700,0.0000,0.0000,Pass
D86-09,2737,265,11.0521,-10.5691,84.6489,99.0174,5627.7200,0.0000,0.0000,Pass
D86-09,2737,266,11.2173,-10.5686,83.8754,99.1217,5525.3300,0.0000,0.0000,Pass
D86-09,2737,267,11.3823,-10.5673,83.8316,98.8827,5519.5800,0.0000,0.0000,Pass
D86-09,2737,268,11.5467,-10.5662,83.5640,99.2344,5484.3800,0.0000,0.0000,Pass
D86-09,2737,269,11.8772,-10.5650,84.0452,99.7896,5547.7300,0.0000,0.0000,Pass
D86-09,2737,270,12.0423,-10.5642,84.2775,98.5255,5578.4400,0.0000,0.0000,Pass
D86-09,2737,271,12.2074,-10.5637,84.1324,99.4283,5559.2500,0.0000,0.0000,Pass
D86-09,2737,272,12.3730,-10.5634,84.6007,99.5562,5621.3200,0.0000,0.0000,Pass
D86-09,2737,273,10.5576,-10.5711,84.0888,99.4917,5553.4900,0.0000,0.0000,Pass
D86-09,2737,274,11.7127,-10.5657,83.6955,99.0006,5501.6600,0.0000,0.0000,Pass
D86-09,2737,275,12.5376,-10.5617,84.4465,98.5529,5600.8400,0.0000,0.0000,Pass
D86-09,2737,280,10.0319,-10.7071,84.0500,98.6363,5548.3700,0.0000,0.0000,Pass
D86-09,2737,281,12.8883,-10.6947,84.8363,98.3454,5652.6700,0.0000,0.0000,Pass
D86-09,2737,286,10.8877,-10.7347,84.2195,99.2058,5570.7700,0.0000,0.0000,Pass
D86-09,2737,287,11.5477,-10.7314,83.9627,98.7315,5536.8500,0.0000,0.0000,Pass
D86-09,2737,288,11.8779,-10.7303,84.2437,98.9966,5573.9700,0.0000,0.0000,Pass
D86-09,2737,289,10.3941,-10.7366,84.3451,98.6474,5587.4000,0.0000,0.0000,Pass
D86-09,2737,290,10.5585,-10.7367,84.3741,99.7744,5591.2400,0.0000,0.0000,Pass
D86-09,2737,291,10.7238,-10.7355,84.2872,99.4760,5579.7200,0.0000,0.0000,Pass
D86-09,2737,292,11.0536,-10.7342,84.4513,99.0932,5601.4800,0.0000,0.0000,Pass
D86-09,2737,293,11.2181,-10.7335,83.9336,98.7317,5533.0100,0.0000,0.0000,Pass
D86-09,2737,294,11.3830,-10.7322,83.8608,98.5429,5523.4200,0.0000,0.0000,Pass
D86-09,2737,295,11.7128,-10.7310,84.2582,99.7401,5575.8900,0.0000,0.0000,Pass
D86-09,2737,296,12.0430,-10.7294,84.3982,98.9854,5594.4400,0.0000,0.0000,Pass
D86-09,2737,297,12.2081,-10.7287,84.4899,98.5852,5606.6000,0.0000,0.0000,Pass
D86-09,2737,298,12.3735,-10.7279,84.4947,99.1745,5607.2400,0.0000,0.0000,Pass
D86-09,2737,299,12.5387,-10.7272,84.8747,98.1250,5657.7900,0.0000,0.0000,Pass
D86-09,2737,304,10.0325,-10.8576,84.0500,99.0168,5548.3700,0.0000,0.0000,Pass
D86-09,2737,305,12.8889,-10.8456,84.8507,98.3162,5654.5900,0.0000,0.0000,Pass
D86-09,2737,310,10.3944,-10.9021,84.4706,98.7212,5604.0400,0.0000,0.0000,Pass
D86-09,2737,311,10.5593,-10.9012,84.0839,99.1899,5552.8500,0.0000,0.0000,Pass
D86-09,2737,312,10.7238,-10.9003,83.6711,99.1904,5498.4600,0.0000,0.0000,Pass
D86-09,2737,313,10.8887,-10.8993,84.0549,99.1447,5549.0100,0.0000,0.0000,Pass
D86-09,2737,314,11.0537,-10.8991,84.1759,98.4661,5565.0100,0.0000,0.0000,Pass
D86-09,2737,315,11.2188,-10.8979,84.7691,99.5300,5643.7100,0.0000,0.0000,Pass
D86-09,2737,316,11.5485,-10.8965,83.9385,98.7164,5533.6500,0.0000,0.0000,Pass
D86-09,2737,317,11.7131,-10.8961,84.4995,99.4692,5607.8800,0.0000,0.0000,Pass
D86-09,2737,318,11.8784,-10.8950,84.3500,99.8771,5588.0400,0.0000,0.0000,Pass
D86-09,2737,319,12.0436,-10.8941,85.1192,99.3647,5690.4200,0.0000,0.0000,Pass
D86-09,2737,320,12.2086,-10.8938,84.4851,98.9517,5605.9600,0.0000,0.0000,Pass
D86-09,2737,321,12.3740,-10.8928,84.8267,99.3624,5651.3900,0.0000,0.0000,Pass
D86-09,2737,322,12.5395,-10.8920,84.7643,98.0485,5643.0700,0.0000,0.0000,Pass
D86-09,2737,323,11.3835,-10.8978,84.7931,99.4730,5646.9100,0.0000,0.0000,Pass
D86-09,2737,328,10.0335,-11.0078,84.3451,98.5042,5587.4000,0.0000,0.0000,Pass
D86-09,2737,329,12.8893,-10.9957,85.5869,97.8235,5753.1300,0.0000,0.0000,Pass
D86-09,2737,334,10.3950,-11.0666,84.0985,98.1956,5554.7700,0.0000,0.0000,Pass
D86-09,2737,335,10.5596,-11.0661,84.6007,98.8923,5621.3200,0.0000,0.0000,Pass
D86-09,2737,336,10.7251,-11.0652,84.6104,98.1329,5622.6000,0.0000,0.0000,Pass
D86-09,2737,337,10.8895,-11.0650,84.4417,98.6705,5600.2000,0.0000,0.0000,Pass
D86-09,2737,338,11.0549,-11.0641,84.7547,99.4630,5641.7900,0.0000,0.0000,Pass
D86-09,2737,339,11.5493,-11.0614,84.6825,99.2197,5632.1900,0.0000,0.0000,Pass
D86-09,2737,340,11.7140,-11.0607,85.0426,99.8708,5680.1900,0.0000,0.0000,Pass
D86-09,2737,341,11.8796,-11.0606,84.7979,99.7436,5647.5500,0.0000,0.0000,Pass
D86-09,2737,342,12.0447,-11.0593,84.7691,99.3957,5643.7100,0.0000,0.0000,Pass
D86-09,2737,343,12.2096,-11.0588,85.1048,98.5949,5688.5000,0.0000,0.0000,Pass
D86-09,2737,344,12.3750,-11.0584,84.3355,98.7865,5586.1200,0.0000,0.0000,Pass
D86-09,2737,345,11.2189,-11.0634,84.4031,97.9414,5595.0800,0.0000,0.0000,Pass
D86-09,2737,346,11.3850,-11.0629,85.2769,99.3359,5711.5400,0.0000,0.0000,Pass
D86-09,2737,347,12.5402,-11.0574,84.7066,97.4004,5635.3900,0.0000,0.0000,Pass
D86-09,2737,352,10.0336,-11.1581,84.1227,99.1217,5557.9700,0.0000,0.0000,Pass
D86-09,2737,353,12.8899,-11.1464,84.9851,97.3838,5672.5100,0.0000,0.0000,Pass
D86-09,2737,362,10.0348,-11.3085,83.8802,99.2552,5525.9800,0.0000,0.0000,Pass
D86-09,2737,363,12.8903,-11.2969,84.9707,97.2729,5670.5900,0.0000,0.0000,Pass
D86-09,2737,370,10.1850,-11.4586,84.3113,98.4331,5582.9200,0.0000,0.0000,Pass
D86-09,2737,371,11.2368,-11.4542,84.1469,98.3716,5561.1700,0.0000,0.0000,Pass
D86-09,2737,372,11.5366,-11.4522,84.4417,98.3045,5600.2000,0.0000,0.0000,Pass
D86-09,2737,373,11.6869,-11.4520,84.1469,98.8093,5561.1700,0.0000,0.0000,Pass
D86-09,2737,374,12.1382,-11.4491,84.3886,98.8724,5593.1600,0.0000,0.0000,Pass
D86-09,2737,377,10.0350,-11.4591,84.3741,97.3160,5591.2400,0.0000,0.0000,Pass
D86-09,2737,378,10.3349,-11.4576,84.0549,96.7024,5549.0100,0.0000,0.0000,Pass
D86-09,2737,379,10.4853,-11.4574,84.1904,98.3915,5566.9300,0.0000,0.0000,Pass
D86-09,2737,380,10.6350,-11.4562,84.3982,98.7445,5594.4400,0.0000,0.0000,Pass
D86-09,2737,381,10.7860,-11.4560,83.5005,98.6641,5476.0600,0.0000,0.0000,Pass
D86-09,2737,382,10.9357,-11.4543,83.9288,99.3299,5532.3700,0.0000,0.0000,Pass
D86-09,2737,383,11.0865,-11.4547,84.1517,98.7200,5561.8100,0.0000,0.0000,Pass
D86-09,2737,384,11.3866,-11.4532,84.2146,99.3132,5570.1300,0.0000,0.0000,Pass
D86-09,2737,385,11.8379,-11.4509,84.4417,98.5945,5600.2000,0.0000,0.0000,Pass
D86-09,2737,386,11.9885,-11.4506,84.0742,98.1809,5551.5700,0.0000,0.0000,Pass
D86-09,2737,387,12.2895,-11.4494,84.6104,99.4475,5622.6000,0.0000,0.0000,Pass
D86-09,2737,388,12.4394,-11.4490,84.9707,97.7422,5670.5900,0.0000,0.0000,Pass
D86-09,2737,389,12.5907,-11.4485,84.6152,99.2883,5623.2400,0.0000,0.0000,Pass
D86-09,2737,390,12.7402,-11.4470,85.0282,97.8665,5678.2700,0.0000,0.0000,Pass
D86-09,2737,391,12.8913,-11.4460,85.2674,97.1073,5710.2600,0.0000,0.0000,Pass
D86-09,2737,397,10.3352,-11.6079,84.3113,97.2139,5582.9200,0.0000,0.0000,Pass
D86-09,2737,398,11.9885,-11.6007,84.2968,99.1471,5581.0000,0.0000,0.0000,Pass
D86-09,2737,402,10.0356,-11.6088,84.6007,97.3225,5621.3200,0.0000,0.0000,Pass
D86-09,2737,403,10.1861,-11.6088,84.5670,97.5002,5616.8400,0.0000,0.0000,Pass
D86-09,2737,404,10.4863,-11.6077,83.9530,98.8498,5535.5700,0.0000,0.0000,Pass
D86-09,2737,405,10.6363,-11.6068,83.7003,99.2892,5502.3000,0.0000,0.0000,Pass
D86-09,2737,406,10.7864,-11.6065,84.1711,97.5208,5564.3700,0.0000,0.0000,Pass
D86-09,2737,407,10.9363,-11.6054,83.6176,98.3466,5491.4200,0.0000,0.0000,Pass
D86-09,2737,408,11.0867,-11.6050,84.0112,98.5401,5543.2500,0.0000,0.0000,Pass
D86-09,2737,409,11.2379,-11.6044,84.1178,97.6335,5557.3300,0.0000,0.0000,Pass
D86-09,2737,410,11.3872,-11.6043,84.3596,98.9980,5589.3200,0.0000,0.0000,Pass
D86-09,2737,411,11.5375,-11.6028,84.3258,98.2468,5584.8400,0.0000,0.0000,Pass
D86-09,2737,412,11.6877,-11.6023,84.3307,98.4379,5585.4800,0.0000,0.0000,Pass
D86-09,2737,413,11.8380,-11.6016,84.2388,97.7518,5573.3300,0.0000,0.0000,Pass
D86-09,2737,414,12.1390,-11.6002,84.6392,98.1238,5626.4400,0.0000,0.0000,Pass
D86-09,2737,415,12.2890,-11.5995,84.2388,99.0038,5573.3300,0.0000,0.0000,Pass
D86-09,2737,416,12.4400,-11.5984,84.7595,96.6205,5642.4300,0.0000,0.0000,Pass
D86-09,2737,417,12.5908,-11.5983,84.8699,97.7344,5657.1500,0.0000,0.0000,Pass
D86-09,2737,418,12.8921,-11.5973,85.0090,95.3207,5675.7100,0.0000,0.0000,Pass
D86-09,2737,419,12.7414,-11.5981,84.6104,97.2885,5622.6000,0.0000,0.0000,Pass
D86-09,2737,424,11.5385,-11.7530,84.5574,98.2250,5615.5600,0.0000,0.0000,Pass
D86-09,2737,426,10.0365,-11.7594,84.9803,97.9784,5671.8700,0.0000,0.0000,Pass
D86-09,2737,427,10.3361,-11.7576,84.7066,97.6988,5635.3900,0.0000,0.0000,Pass
D86-09,2737,428,10.9369,-11.7558,84.4610,97.4126,5602.7600,0.0000,0.0000,Pass
D86-09,2737,429,11.2381,-11.7552,84.3162,98.9255,5583.5600,0.0000,0.0000,Pass
D86-09,2737,430,11.6885,-11.7520,84.1421,98.8688,5560.5300,0.0000,0.0000,Pass
D86-09,2737,431,11.8393,-11.7518,84.3548,97.4047,5588.6800,0.0000,0.0000,Pass
D86-09,2737,432,11.9889,-11.7514,84.1904,97.3278,5566.9300,0.0000,0.0000,Pass
D86-09,2737,433,12.1396,-11.7508,84.5863,97.9416,5619.4000,0.0000,0.0000,Pass
D86-09,2737,434,12.2905,-11.7502,84.7066,96.7930,5635.3900,0.0000,0.0000,Pass
D86-09,2737,435,12.5912,-11.7486,85.1431,97.7725,5693.6200,0.0000,0.0000,Pass
D86-09,2737,437,10.1861,-11.7592,84.0791,95.5308,5552.2100,0.0000,0.0000,Pass
D86-09,2737,438,10.4863,-11.7581,84.4272,98.1368,5598.2800,0.0000,0.0000,Pass
D86-09,2737,439,10.6373,-11.7573,84.1953,97.9108,5567.5700,0.0000,0.0000,Pass
D86-09,2737,440,10.7869,-11.7571,84.0791,97.8686,5552.2100,0.0000,0.0000,Pass
D86-09,2737,441,11.0877,-11.7550,83.8073,98.9794,5516.3800,0.0000,0.0000,Pass
D86-09,2737,442,11.3888,-11.7544,84.2968,98.6093,5581.0000,0.0000,0.0000,Pass
D86-09,2737,443,12.4409,-11.7502,84.6922,97.9638,5633.4700,0.0000,0.0000,Pass
D86-09,2737,444,12.7421,-11.7482,84.9563,97.0655,5668.6700,0.0000,0.0000,Pass
D86-09,2737,445,12.8928,-11.7471,84.9946,96.5904,5673.7900,0.0000,0.0000,Pass
D86-09,2737,451,10.3368,-11.9095,84.7354,97.6540,5639.2300,0.0000,0.0000,Pass
D86-09,2737,452,11.8393,-11.9025,84.9419,97.7893,5666.7500,0.0000,0.0000,Pass
D86-09,2737,456,10.0370,-11.9096,85.2722,96.6027,5710.9000,0.0000,0.0000,Pass
D86-09,2737,457,10.1866,-11.9097,84.6055,96.8932,5621.9600,0.0000,0.0000,Pass
D86-09,2737,458,10.4873,-11.9083,84.4851,97.1252,5605.9600,0.0000,0.0000,Pass
D86-09,2737,459,10.6376,-11.9075,84.6007,97.9341,5621.3200,0.0000,0.0000,Pass
D86-09,2737,460,10.7877,-11.9069,83.9821,98.4101,5539.4100,0.0000,0.0000,Pass
D86-09,2737,461,10.9377,-11.9065,84.1130,97.4862,5556.6900,0.0000,0.0000,Pass
D86-09,2737,462,11.0876,-11.9059,84.7162,97.3020,5636.6700,0.0000,0.0000,Pass
D86-09,2737,463,11.2387,-11.9050,84.0742,98.3124,5551.5700,0.0000,0.0000,Pass
D86-09,2737,464,11.3888,-11.9043,84.2630,98.9567,5576.5300,0.0000,0.0000,Pass
D86-09,2737,465,11.5389,-11.9038,84.4851,97.7318,5605.9600,0.0000,0.0000,Pass
D86-09,2737,466,11.6894,-11.9026,84.8651,97.6256,5656.5100,0.0000,0.0000,Pass
D86-09,2737,467,11.9902,-11.9018,84.3644,97.5881,5589.9600,0.0000,0.0000,Pass
D86-09,2737,468,12.1405,-11.9012,84.4658,97.2262,5603.4000,0.0000,0.0000,Pass
D86-09,2737,469,12.2905,-11.9007,84.5815,97.8207,5618.7600,0.0000,0.0000,Pass
D86-09,2737,470,12.4421,-11.8997,85.1287,98.6518,5691.7000,0.0000,0.0000,Pass
D86-09,2737,471,12.5924,-11.8996,84.7162,97.4783,5636.6700,0.0000,0.0000,Pass
D86-09,2737,474,12.7428,-11.8987,85.1383,97.0276,5692.9800,0.0000,0.0000,Pass
D86-09,2737,475,12.8938,-11.8981,85.5964,96.4322,5754.4100,0.0000,0.0000,Pass
D86-09,2737,481,10.0371,-12.0608,85.4201,97.2960,5730.7400,0.0000,0.0000,Pass
D86-09,2737,482,10.1869,-12.0599,85.4106,97.0615,5729.4600,0.0000,0.0000,Pass
D86-09,2737,483,10.3375,-12.0595,85.3008,97.0432,5714.7400,0.0000,0.0000,Pass
D86-09,2737,484,10.6370,-12.0586,85.2961,96.5501,5714.1000,0.0000,0.0000,Pass
D86-09,2737,485,11.2392,-12.0555,84.7931,96.4933,5646.9100,0.0000,0.0000,Pass
D86-09,2737,486,11.3892,-12.0548,85.2531,97.8510,5708.3400,0.0000,0.0000,Pass
D86-09,2737,487,11.5396,-12.0542,84.5092,98.1545,5609.1600,0.0000,0.0000,Pass
D86-09,2737,488,11.6898,-12.0532,84.7210,98.0432,5637.3100,0.0000,0.0000,Pass
D86-09,2737,489,11.8405,-12.0528,85.0473,97.3272,5680.8300,0.0000,0.0000,Pass
D86-09,2737,490,11.9911,-12.0521,85.0426,96.8329,5680.1900,0.0000,0.0000,Pass
D86-09,2737,491,12.2924,-12.0509,85.6773,96.7446,5765.2900,0.0000,0.0000,Pass
D86-09,2737,492,12.4423,-12.0507,85.2053,96.4929,5701.9400,0.0000,0.0000,Pass
D86-09,2737,493,12.5930,-12.0497,85.8483,96.5534,5788.3200,0.0000,0.0000,Pass
D86-09,2737,494,10.4879,-12.0588,84.7643,95.8064,5643.0700,0.0000,0.0000,Pass
D86-09,2737,495,10.7888,-12.0568,84.8987,97.4339,5660.9900,0.0000,0.0000,Pass
D86-09,2737,496,10.9379,-12.0574,84.6392,97.3051,5626.4400,0.0000,0.0000,Pass
D86-09,2737,497,11.0897,-12.0559,84.7739,96.0443,5644.3500,0.0000,0.0000,Pass
D86-09,2737,498,12.1413,-12.0516,85.0761,97.4910,5684.6600,0.0000,0.0000,Pass
D86-09,2737,499,12.7438,-12.0493,85.3343,96.1352,5719.2200,0.0000,0.0000,Pass
D86-09,2737,500,12.8942,-12.0492,85.3295,96.1051,5718.5800,0.0000,0.0000,Pass
D86-09,4918,1,2.3472,-137.4620,84.7547,96.7223,5641.7900,0.0000,0.0000,Pass
D86-09,4918,2,2.6476,-137.4610,85.0857,97.6485,5685.9400,0.0000,0.0000,Pass
D86-09,4918,3,3.7007,-137.4570,85.4821,96.5662,5739.0500,0.0000,0.0000,Pass
D86-09,4918,7,0.8450,-137.4680,84.8411,96.3947,5653.3100,0.0000,0.0000,Pass
D86-09,4918,8,0.9952,-137.4670,85.3867,97.1475,5726.2600,0.0000,0.0000,Pass
D86-09,4918,9,1.1454,-137.4670,85.3056,97.3387,5715.3800,0.0000,0.0000,Pass
D86-09,4918,10,1.2951,-137.4660,84.8843,97.1026,5659.0700,0.0000,0.0000,Pass
D86-09,4918,11,1.4455,-137.4660,85.0904,97.6832,5686.5800,0.0000,0.0000,Pass
D86-09,4918,12,1.5955,-137.4650,84.4803,97.6608,5605.3200,0.0000,0.0000,Pass
D86-09,4918,13,1.7459,-137.4650,84.7595,98.1944,5642.4300,0.0000,0.0000,Pass
D86-09,4918,14,1.8960,-137.4640,84.7499,97.8165,5641.1500,0.0000,0.0000,Pass
D86-09,4918,15,2.0467,-137.4640,84.6055,97.7269,5621.9600,0.0000,0.0000,Pass
D86-09,4918,16,2.1972,-137.4630,85.0857,98.3978,5685.9400,0.0000,0.0000,Pass
D86-09,4918,17,2.4971,-137.4610,84.9515,98.4525,5668.0300,0.0000,0.0000,Pass
D86-09,4918,18,2.7979,-137.4600,85.0042,98.5246,5675.0700,0.0000,0.0000,Pass
D86-09,4918,19,2.9479,-137.4600,84.8651,98.2143,5656.5100,0.0000,0.0000,Pass
D86-09,4918,20,3.0983,-137.4590,85.5059,97.2683,5742.2500,0.0000,0.0000,Pass
D86-09,4918,21,3.2494,-137.4590,85.3343,97.7914,5719.2200,0.0000,0.0000,Pass
D86-09,4918,22,3.3996,-137.4580,85.2817,97.5178,5712.1800,0.0000,0.0000,Pass
D86-09,4918,23,3.5500,-137.4570,85.9336,97.1941,5799.8400,0.0000,0.0000,Pass
D86-09,4918,31,1.1456,-137.6170,84.8987,96.9601,5660.9900,0.0000,0.0000,Pass
D86-09,4918,32,1.8968,-137.6150,84.5092,98.1615,5609.1600,0.0000,0.0000,Pass
D86-09,4918,33,2.3472,-137.6130,84.5285,97.6479,5611.7200,0.0000,0.0000,Pass
D86-09,4918,34,2.6480,-137.6110,84.3113,98.2450,5582.9200,0.0000,0.0000,Pass
D86-09,4918,35,2.7984,-137.6110,84.7306,98.1853,5638.5900,0.0000,0.0000,Pass
D86-09,4918,36,2.9487,-137.6100,84.4224,98.1269,5597.6400,0.0000,0.0000,Pass
D86-09,4918,37,3.3999,-137.6080,84.9131,97.5917,5662.9100,0.0000,0.0000,Pass
D86-09,4918,38,3.5506,-137.6080,85.0904,97.0271,5686.5800,0.0000,0.0000,Pass
D86-09,4918,40,0.8449,-137.6180,84.8555,95.6567,5655.2300,0.0000,0.0000,Pass
D86-09,4918,41,0.9960,-137.6180,84.8747,97.7220,5657.7900,0.0000,0.0000,Pass
D86-09,4918,42,1.2957,-137.6170,84.8171,97.1275,5650.1100,0.0000,0.0000,Pass
D86-09,4918,43,1.4457,-137.6160,85.0809,97.5837,5685.3000,0.0000,0.0000,Pass
D86-09,4918,44,1.5961,-137.6150,84.3017,97.9067,5581.6400,0.0000,0.0000,Pass
D86-09,4918,45,1.7464,-137.6150,84.5092,97.7315,5609.1600,0.0000,0.0000,Pass
D86-09,4918,46,2.0474,-137.6140,84.5285,98.1377,5611.7200,0.0000,0.0000,Pass
D86-09,4918,47,2.1973,-137.6140,84.4320,98.6115,5598.9200,0.0000,0.0000,Pass
D86-09,4918,48,2.4980,-137.6120,84.5044,98.9197,5608.5200,0.0000,0.0000,Pass
D86-09,4918,49,3.0992,-137.6090,84.9467,98.1545,5667.3900,0.0000,0.0000,Pass
D86-09,4918,50,3.2497,-137.6090,85.0761,97.4721,5684.6600,0.0000,0.0000,Pass
D86-09,4918,51,3.7013,-137.6070,85.1814,96.7323,5698.7400,0.0000,0.0000,Pass
D86-09,4918,59,0.8464,-137.7690,84.8843,96.3074,5659.0700,0.0000,0.0000,Pass
D86-09,4918,60,0.9963,-137.7680,84.8555,97.7133,5655.2300,0.0000,0.0000,Pass
D86-09,4918,61,1.1464,-137.7680,84.6248,97.4016,5624.5200,0.0000,0.0000,Pass
D86-09,4918,62,1.4461,-137.7670,84.5333,98.9541,5612.3600,0.0000,0.0000,Pass
D86-09,4918,63,1.5966,-137.7660,84.3162,98.6341,5583.5600,0.0000,0.0000,Pass
D86-09,4918,64,1.7467,-137.7660,84.0985,98.9084,5554.7700,0.0000,0.0000,Pass
D86-09,4918,65,2.1978,-137.7640,84.2437,98.4341,5573.9700,0.0000,0.0000,Pass
D86-09,4918,66,2.3483,-137.7630,84.3934,97.9394,5593.8000,0.0000,0.0000,Pass
D86-09,4918,67,2.4978,-137.7620,84.2050,99.3499,5568.8500,0.0000,0.0000,Pass
D86-09,4918,68,2.6484,-137.7610,84.5092,98.7713,5609.1600,0.0000,0.0000,Pass
D86-09,4918,69,2.7990,-137.7610,84.4320,98.3784,5598.9200,0.0000,0.0000,Pass
D86-09,4918,70,2.9486,-137.7600,83.7587,97.0977,5509.9800,0.0000,0.0000,Pass
D86-09,4918,71,3.0997,-137.7590,84.6825,98.3555,5632.1900,0.0000,0.0000,Pass
D86-09,4918,72,3.5511,-137.7580,84.9946,97.8096,5673.7900,0.0000,0.0000,Pass
D86-09,4918,73,3.7014,-137.7570,85.1144,97.7840,5689.7800,0.0000,0.0000,Pass
D86-09,4918,77,1.2962,-137.7670,84.4513,98.1636,5601.4800,0.0000,0.0000,Pass
D86-09,4918,78,1.8971,-137.7650,84.2823,98.7102,5579.0800,0.0000,0.0000,Pass
D86-09,4918,79,2.0474,-137.7650,84.2727,98.9385,5577.8100,0.0000,0.0000,Pass
D86-09,4918,80,3.2500,-137.7600,84.7066,98.4252,5635.3900,0.0000,0.0000,Pass
D86-09,4918,81,3.4005,-137.7580,84.5670,97.3511,5616.8400,0.0000,0.0000,Pass
D86-09,4918,85,3.2506,-137.9090,84.4851,98.7044,5605.9600,0.0000,0.0000,Pass
D86-09,4918,89,0.8460,-137.9200,84.9659,96.9546,5669.9500,0.0000,0.0000,Pass
D86-09,4918,90,0.9971,-137.9180,84.9179,97.9124,5663.5500,0.0000,0.0000,Pass
D86-09,4918,91,1.1471,-137.9180,84.6248,97.7604,5624.5200,0.0000,0.0000,Pass
D86-09,4918,92,1.2971,-137.9170,84.2727,98.0133,5577.8100,0.0000,0.0000,Pass
D86-09,4918,93,1.4470,-137.9170,84.4803,98.6524,5605.3200,0.0000,0.0000,Pass
D86-09,4918,94,1.5972,-137.9160,84.0112,98.6792,5543.2500,0.0000,0.0000,Pass
D86-09,4918,95,1.7476,-137.9160,84.0646,98.5623,5550.2900,0.0000,0.0000,Pass
D86-09,4918,96,1.8978,-137.9150,84.0161,96.8534,5543.8900,0.0000,0.0000,Pass
D86-09,4918,97,2.0484,-137.9140,84.1808,98.4549,5565.6500,0.0000,0.0000,Pass
D86-09,4918,98,2.1983,-137.9140,83.9676,98.8679,5537.4900,0.0000,0.0000,Pass
D86-09,4918,99,2.3486,-137.9130,83.8948,98.1550,5527.8900,0.0000,0.0000,Pass
D86-09,4918,100,2.4986,-137.9120,84.0839,98.6602,5552.8500,0.0000,0.0000,Pass
D86-09,4918,101,2.6490,-137.9120,84.4127,97.6097,5596.3600,0.0000,0.0000,Pass
D86-09,4918,102,2.7998,-137.9110,84.1711,98.7849,5564.3700,0.0000,0.0000,Pass
D86-09,4918,103,2.9496,-137.9110,83.8414,98.1230,5520.8600,0.0000,0.0000,Pass
D86-09,4918,104,3.1003,-137.9100,84.4754,98.7254,5604.6800,0.0000,0.0000,Pass
D86-09,4918,105,3.4010,-137.9090,84.8315,98.0374,5652.0300,0.0000,0.0000,Pass
D86-09,4918,106,3.5520,-137.9090,85.2292,98.5241,5705.1400,0.0000,0.0000,Pass
D86-09,4918,107,3.7023,-137.9080,84.8219,98.0024,5650.7500,0.0000,0.0000,Pass
D86-09,4918,115,0.9972,-138.0690,84.7787,97.4934,5644.9900,0.0000,0.0000,Pass
D86-09,4918,116,1.1472,-138.0680,84.4803,96.8834,5605.3200,0.0000,0.0000,Pass
D86-09,4918,117,1.2973,-138.0680,84.6922,98.1242,5633.4700,0.0000,0.0000,Pass
D86-09,4918,118,1.4476,-138.0670,84.5815,97.4649,5618.7600,0.0000,0.0000,Pass
D86-09,4918,119,1.7480,-138.0660,84.1614,99.0156,5563.0900,0.0000,0.0000,Pass
D86-09,4918,120,1.8981,-138.0660,84.1275,99.5252,5558.6100,0.0000,0.0000,Pass
D86-09,4918,121,2.3490,-138.0640,84.2485,98.3472,5574.6100,0.0000,0.0000,Pass
D86-09,4918,122,2.4995,-138.0630,83.9870,98.0637,5540.0500,0.0000,0.0000,Pass
D86-09,4918,123,2.8001,-138.0620,84.4658,98.2307,5603.4000,0.0000,0.0000,Pass
D86-09,4918,124,2.9505,-138.0610,84.1663,99.0738,5563.7300,0.0000,0.0000,Pass
D86-09,4918,125,3.1009,-138.0600,84.5718,98.6518,5617.4800,0.0000,0.0000,Pass
D86-09,4918,126,3.7027,-138.0580,84.8171,98.0540,5650.1100,0.0000,0.0000,Pass
D86-09,4918,128,0.8473,-138.0700,84.8555,97.7689,5655.2300,0.0000,0.0000,Pass
D86-09,4918,129,1.5974,-138.0670,84.2775,98.6645,5578.4400,0.0000,0.0000,Pass
D86-09,4918,130,2.0488,-138.0650,83.9870,99.6069,5540.0500,0.0000,0.0000,Pass
D86-09,4918,131,2.1989,-138.0640,84.1663,99.4640,5563.7300,0.0000,0.0000,Pass
D86-09,4918,132,2.6498,-138.0620,84.5044,99.3546,5608.5200,0.0000,0.0000,Pass
D86-09,4918,133,3.2512,-138.0600,84.8555,98.4837,5655.2300,0.0000,0.0000,Pass
D86-09,4918,134,3.4019,-138.0590,84.8699,98.2635,5657.1500,0.0000,0.0000,Pass
D86-09,4918,135,3.5524,-138.0580,84.9851,98.2257,5672.5100,0.0000,0.0000,Pass
D86-09,4918,143,0.8478,-138.2200,84.6874,97.8741,5632.8300,0.0000,0.0000,Pass
D86-09,4918,144,3.7036,-138.2090,84.9563,98.0918,5668.6700,0.0000,0.0000,Pass
D86-09,4918,153,0.8487,-138.3700,84.7450,98.6656,5640.5100,0.0000,0.0000,Pass
D86-09,4918,154,3.7040,-138.3580,85.0138,98.4983,5676.3500,0.0000,0.0000,Pass
D86-09,4918,159,1.3755,-138.4760,84.5381,99.5048,5613.0000,0.0000,0.0000,Pass
D86-09,4918,160,2.3647,-138.4720,84.6777,99.2377,5631.5500,0.0000,0.0000,Pass
D86-09,4918,161,2.8600,-138.4700,85.0857,99.2277,5685.9400,0.0000,0.0000,Pass
D86-09,4918,162,1.5405,-138.4760,84.6248,99.2302,5624.5200,0.0000,0.0000,Pass
D86-09,4918,163,1.7054,-138.4750,84.4754,98.8887,5604.6800,0.0000,0.0000,Pass
D86-09,4918,164,1.8705,-138.4740,84.8843,98.7767,5659.0700,0.0000,0.0000,Pass
D86-09,4918,165,2.0352,-138.4740,84.9515,99.7634,5668.0300,0.0000,0.0000,Pass
D86-09,4918,166,2.1998,-138.4730,84.8123,99.7379,5649.4700,0.0000,0.0000,Pass
D86-09,4918,167,2.5298,-138.4710,84.4803,99.3778,5605.3200,0.0000,0.0000,Pass
D86-09,4918,168,2.6946,-138.4710,84.8267,99.4102,5651.3900,0.0000,0.0000,Pass
D86-09,4918,169,3.0250,-138.4690,84.9515,99.1315,5668.0300,0.0000,0.0000,Pass
D86-09,4918,170,3.1900,-138.4680,85.0617,99.2148,5682.7400,0.0000,0.0000,Pass
D86-09,4918,171,3.3553,-138.4680,85.0617,99.3748,5682.7400,0.0000,0.0000,Pass
D86-09,4918,176,0.8489,-138.5200,84.5237,97.7534,5611.0800,0.0000,0.0000,Pass
D86-09,4918,178,3.7049,-138.5090,84.7931,97.9939,5646.9100,0.0000,0.0000,Pass
D86-09,4918,182,1.2113,-138.6420,84.9419,99.0777,5666.7500,0.0000,0.0000,Pass
D86-09,4918,183,1.3757,-138.6410,84.4272,99.0439,5598.2800,0.0000,0.0000,Pass
D86-09,4918,184,1.5409,-138.6400,84.4899,99.3652,5606.6000,0.0000,0.0000,Pass
D86-09,4918,185,1.7058,-138.6400,84.3934,98.9929,5593.8000,0.0000,0.0000,Pass
D86-09,4918,186,1.8707,-138.6390,84.7835,99.6077,5645.6300,0.0000,0.0000,Pass
D86-09,4918,187,2.0357,-138.6390,84.5237,98.4797,5611.0800,0.0000,0.0000,Pass
D86-09,4918,188,2.2009,-138.6380,84.3548,99.7332,5588.6800,0.0000,0.0000,Pass
D86-09,4918,189,2.3656,-138.6370,84.2872,98.8810,5579.7200,0.0000,0.0000,Pass
D86-09,4918,190,2.5304,-138.6370,84.1904,99.2302,5566.9300,0.0000,0.0000,Pass
D86-09,4918,191,2.6958,-138.6360,84.5477,99.5568,5614.2800,0.0000,0.0000,Pass
D86-09,4918,192,2.8607,-138.6350,84.7258,99.4465,5637.9500,0.0000,0.0000,Pass
D86-09,4918,193,3.0256,-138.6340,84.7739,99.2536,5644.3500,0.0000,0.0000,Pass
D86-09,4918,194,3.3561,-138.6330,84.8987,99.1693,5660.9900,0.0000,0.0000,Pass
D86-09,4918,195,3.1905,-138.6330,84.9179,99.7914,5663.5500,0.0000,0.0000,Pass
D86-09,4918,200,0.8493,-138.6710,84.7306,98.0200,5638.5900,0.0000,0.0000,Pass
D86-09,4918,201,3.7051,-138.6590,85.0952,97.9559,5687.2200,0.0000,0.0000,Pass
D86-09,4918,206,1.2119,-138.8070,84.6007,99.3881,5621.3200,0.0000,0.0000,Pass
D86-09,4918,207,1.3765,-138.8060,84.2098,99.4599,5569.4900,0.0000,0.0000,Pass
D86-09,4918,208,1.5418,-138.8060,84.9275,98.5116,5664.8300,0.0000,0.0000,Pass
D86-09,4918,209,2.0365,-138.8040,84.5574,99.6884,5615.5600,0.0000,0.0000,Pass
D86-09,4918,210,2.3660,-138.8020,84.1033,98.7161,5555.4100,0.0000,0.0000,Pass
D86-09,4918,211,2.8612,-138.8000,84.6248,99.1635,5624.5200,0.0000,0.0000,Pass
D86-09,4918,212,3.0264,-138.7990,84.5429,99.1362,5613.6400,0.0000,0.0000,Pass
D86-09,4918,213,3.1914,-138.7980,84.7979,99.4576,5647.5500,0.0000,0.0000,Pass
D86-09,4918,214,1.7063,-138.8050,84.4561,99.4220,5602.1200,0.0000,0.0000,Pass
D86-09,4918,215,1.8715,-138.8050,84.7018,99.6539,5634.7500,0.0000,0.0000,Pass
D86-09,4918,216,2.2013,-138.8030,83.9385,99.7780,5533.6500,0.0000,0.0000,Pass
D86-09,4918,217,2.5311,-138.8010,83.9385,99.3984,5533.6500,0.0000,0.0000,Pass
D86-09,4918,218,2.6963,-138.8000,84.4127,99.8874,5596.3600,0.0000,0.0000,Pass
D86-09,4918,219,3.3566,-138.7980,84.6489,98.9232,5627.7200,0.0000,0.0000,Pass
D86-09,4918,224,0.8504,-138.8210,84.8171,98.5399,5650.1100,0.0000,0.0000,Pass
D86-09,4918,225,3.7061,-138.8090,84.7979,98.9344,5647.5500,0.0000,0.0000,Pass
D86-09,4918,232,0.8510,-138.9710,84.5333,98.1079,5612.3600,0.0000,0.0000,Pass
D86-09,4918,233,2.5317,-138.9660,83.7587,98.8999,5509.9800,0.0000,0.0000,Pass
D86-09,4918,234,3.7062,-138.9600,84.5044,98.4928,5608.5200,0.0000,0.0000,Pass
D86-09,4918,239,1.2124,-138.9720,84.0985,96.5684,5554.7700,0.0000,0.0000,Pass
D86-09,4918,240,1.3770,-138.9710,83.9967,97.3235,5541.3300,0.0000,0.0000,Pass
D86-09,4918,241,1.5425,-138.9710,84.2388,99.0274,5573.3300,0.0000,0.0000,Pass
D86-09,4918,242,1.7071,-138.9700,84.1324,97.4026,5559.2500,0.0000,0.0000,Pass
D86-09,4918,243,1.8722,-138.9690,84.1856,99.3796,5566.2900,0.0000,0.0000,Pass
D86-09,4918,244,2.0372,-138.9690,83.9967,99.7505,5541.3300,0.0000,0.0000,Pass
D86-09,4918,245,2.3671,-138.9670,83.2612,99.2612,5444.7100,0.0000,0.0000,Pass
D86-09,4918,246,2.6964,-138.9650,84.1421,99.5023,5560.5300,0.0000,0.0000,Pass
D86-09,4918,247,2.8620,-138.9640,84.2437,98.9898,5573.9700,0.0000,0.0000,Pass
D86-09,4918,248,3.0270,-138.9630,83.9870,98.8555,5540.0500,0.0000,0.0000,Pass
D86-09,4918,249,3.1921,-138.9630,84.4079,98.5783,5595.7200,0.0000,0.0000,Pass
D86-09,4918,250,3.3575,-138.9630,84.2146,97.9772,5570.1300,0.0000,0.0000,Pass
D86-09,4918,251,2.2019,-138.9670,83.5591,98.7655,5483.7400,0.0000,0.0000,Pass
D86-09,4918,256,0.8507,-139.1220,84.7547,98.7618,5641.7900,0.0000,0.0000,Pass
D86-09,4918,257,3.7069,-139.1100,85.0569,97.6807,5682.1000,0.0000,0.0000,Pass
D86-09,4918,262,1.2134,-139.1370,84.4899,98.9837,5606.6000,0.0000,0.0000,Pass
D86-09,4918,263,1.5426,-139.1350,84.4947,99.6283,5607.2400,0.0000,0.0000,Pass
D86-09,4918,264,1.7080,-139.1350,84.7499,99.8119,5641.1500,0.0000,0.0000,Pass
D86-09,4918,265,1.8727,-139.1340,84.5863,98.6758,5619.4000,0.0000,0.0000,Pass
D86-09,4918,266,2.0377,-139.1330,84.6922,99.4849,5633.4700,0.0000,0.0000,Pass
D86-09,4918,267,2.2027,-139.1330,84.6777,99.2451,5631.5500,0.0000,0.0000,Pass
D86-09,4918,268,2.3675,-139.1310,84.4513,99.5428,5601.4800,0.0000,0.0000,Pass
D86-09,4918,269,2.6976,-139.1300,84.3500,99.0984,5588.0400,0.0000,0.0000,Pass
D86-09,4918,270,2.8629,-139.1290,85.0473,99.3578,5680.8300,0.0000,0.0000,Pass
D86-09,4918,271,3.0276,-139.1280,84.4127,99.0047,5596.3600,0.0000,0.0000,Pass
D86-09,4918,272,3.1930,-139.1280,84.6055,98.9830,5621.9600,0.0000,0.0000,Pass
D86-09,4918,273,1.3782,-139.1360,84.3162,99.4747,5583.5600,0.0000,0.0000,Pass
D86-09,4918,274,2.5326,-139.1310,84.3451,99.4956,5587.4000,0.0000,0.0000,Pass
D86-09,4918,275,3.3581,-139.1270,84.7114,99.4066,5636.0300,0.0000,0.0000,Pass
D86-09,4918,280,0.8521,-139.2720,85.1814,98.2541,5698.7400,0.0000,0.0000,Pass
D86-09,4918,281,3.7077,-139.2600,85.0617,98.6377,5682.7400,0.0000,0.0000,Pass
D86-09,4918,286,1.7087,-139.3000,84.4658,99.3353,5603.4000,0.0000,0.0000,Pass
D86-09,4918,287,2.3684,-139.2960,84.5574,99.5870,5615.5600,0.0000,0.0000,Pass
D86-09,4918,288,2.6982,-139.2950,84.9083,98.9440,5662.2700,0.0000,0.0000,Pass
D86-09,4918,289,1.2140,-139.3020,84.8939,98.8937,5660.3500,0.0000,0.0000,Pass
D86-09,4918,290,1.3791,-139.3010,84.5766,99.4499,5618.1200,0.0000,0.0000,Pass
D86-09,4918,291,1.5434,-139.3000,84.7306,99.8517,5638.5900,0.0000,0.0000,Pass
D86-09,4918,292,1.8735,-139.2990,84.7835,99.7528,5645.6300,0.0000,0.0000,Pass
D86-09,4918,293,2.0383,-139.2980,84.7354,99.7939,5639.2300,0.0000,0.0000,Pass
D86-09,4918,294,2.2035,-139.2970,84.6825,99.2260,5632.1900,0.0000,0.0000,Pass
D86-09,4918,295,2.5329,-139.2960,84.3741,99.1347,5591.2400,0.0000,0.0000,Pass
D86-09,4918,296,2.8640,-139.2940,84.9803,97.1610,5671.8700,0.0000,0.0000,Pass
D86-09,4918,297,3.0286,-139.2940,84.8603,99.0109,5655.8700,0.0000,0.0000,Pass
D86-09,4918,298,3.1938,-139.2930,84.8747,98.8644,5657.7900,0.0000,0.0000,Pass
D86-09,4918,299,3.3590,-139.2920,84.9659,98.7656,5669.9500,0.0000,0.0000,Pass
D86-09,4918,304,0.8529,-139.4220,85.0234,98.5768,5677.6300,0.0000,0.0000,Pass
D86-09,4918,305,3.7086,-139.4100,85.1144,98.6234,5689.7800,0.0000,0.0000,Pass
D86-09,4918,310,1.2145,-139.4670,84.8843,98.8204,5659.0700,0.0000,0.0000,Pass
D86-09,4918,311,1.3793,-139.4660,84.8219,99.5343,5650.7500,0.0000,0.0000,Pass
D86-09,4918,312,1.5442,-139.4650,84.4175,99.3129,5597.0000,0.0000,0.0000,Pass
D86-09,4918,313,1.7093,-139.4650,84.2533,98.7750,5575.2500,0.0000,0.0000,Pass
D86-09,4918,314,1.8740,-139.4640,85.0904,99.1350,5686.5800,0.0000,0.0000,Pass
D86-09,4918,315,2.0392,-139.4630,84.6296,99.0050,5625.1600,0.0000,0.0000,Pass
D86-09,4918,316,2.3690,-139.4620,84.4754,99.1741,5604.6800,0.0000,0.0000,Pass
D86-09,4918,317,2.5339,-139.4610,84.7931,99.5714,5646.9100,0.0000,0.0000,Pass
D86-09,4918,318,2.6986,-139.4600,85.2196,99.0581,5703.8600,0.0000,0.0000,Pass
D86-09,4918,319,2.8640,-139.4590,84.9515,99.4250,5668.0300,0.0000,0.0000,Pass
D86-09,4918,320,3.0292,-139.4580,84.7739,99.4473,5644.3500,0.0000,0.0000,Pass
D86-09,4918,321,3.1941,-139.4570,85.0282,98.8623,5678.2700,0.0000,0.0000,Pass
D86-09,4918,322,3.3596,-139.4570,85.0042,98.0777,5675.0700,0.0000,0.0000,Pass
D86-09,4918,323,2.2044,-139.4630,84.4417,99.0874,5600.2000,0.0000,0.0000,Pass
D86-09,4918,328,0.8530,-139.5730,84.9946,98.0090,5673.7900,0.0000,0.0000,Pass
D86-09,4918,329,3.7092,-139.5600,85.3390,96.8952,5719.8600,0.0000,0.0000,Pass
D86-09,4918,334,1.2151,-139.6320,85.1239,98.7508,5691.0600,0.0000,0.0000,Pass
D86-09,4918,335,1.3799,-139.6310,84.8459,98.6956,5653.9500,0.0000,0.0000,Pass
D86-09,4918,336,1.5447,-139.6300,84.9563,97.9949,5668.6700,0.0000,0.0000,Pass
D86-09,4918,337,1.7101,-139.6300,84.8459,99.7913,5653.9500,0.0000,0.0000,Pass
D86-09,4918,338,1.8746,-139.6290,84.7883,99.3584,5646.2700,0.0000,0.0000,Pass
D86-09,4918,339,2.3700,-139.6270,85.2053,99.2581,5701.9400,0.0000,0.0000,Pass
D86-09,4918,340,2.5347,-139.6260,85.1527,99.7378,5694.9000,0.0000,0.0000,Pass
D86-09,4918,341,2.6997,-139.6250,85.4011,99.0919,5728.1800,0.0000,0.0000,Pass
D86-09,4918,342,2.8648,-139.6240,84.9371,98.8354,5666.1100,0.0000,0.0000,Pass
D86-09,4918,343,3.0300,-139.6240,84.9035,98.9151,5661.6300,0.0000,0.0000,Pass
D86-09,4918,344,3.1950,-139.6230,85.2100,99.0309,5702.5800,0.0000,0.0000,Pass
D86-09,4918,345,2.0400,-139.6290,84.9275,99.3216,5664.8300,0.0000,0.0000,Pass
D86-09,4918,346,2.2047,-139.6280,84.9323,99.3035,5665.4700,0.0000,0.0000,Pass
D86-09,4918,347,3.3603,-139.6220,85.1096,98.7271,5689.1400,0.0000,0.0000,Pass
D86-09,4918,352,0.8535,-139.7240,85.0282,96.1000,5678.2700,0.0000,0.0000,Pass
D86-09,4918,353,3.7100,-139.7110,85.2005,97.8091,5701.3000,0.0000,0.0000,Pass
D86-09,4918,362,0.8541,-139.8740,85.5440,97.9482,5747.3700,0.0000,0.0000,Pass
D86-09,4918,363,3.7102,-139.8610,85.7628,97.5537,5776.8100,0.0000,0.0000,Pass
D86-09,4918,370,1.0054,-140.0230,85.4011,97.8001,5728.1800,0.0000,0.0000,Pass
D86-09,4918,371,2.0565,-140.0190,85.0426,98.0860,5680.1900,0.0000,0.0000,Pass
D86-09,4918,372,2.3578,-140.0180,85.1718,97.7197,5697.4600,0.0000,0.0000,Pass
D86-09,4918,373,2.5075,-140.0170,84.8747,99.4821,5657.7900,0.0000,0.0000,Pass
D86-09,4918,374,2.9589,-140.0150,85.0617,97.8292,5682.7400,0.0000,0.0000,Pass
D86-09,4918,377,0.8546,-140.0240,85.2292,97.6116,5705.1400,0.0000,0.0000,Pass
D86-09,4918,378,1.1550,-140.0230,85.4869,97.9017,5739.6900,0.0000,0.0000,Pass
D86-09,4918,379,1.3054,-140.0220,85.3867,97.9745,5726.2600,0.0000,0.0000,Pass
D86-09,4918,380,1.4557,-140.0220,84.8939,97.7819,5660.3500,0.0000,0.0000,Pass
D86-09,4918,381,1.6058,-140.0210,85.2578,98.5504,5708.9800,0.0000,0.0000,Pass
D86-09,4918,382,1.7561,-140.0210,85.3008,98.3807,5714.7400,0.0000,0.0000,Pass
D86-09,4918,383,1.9064,-140.0200,84.9515,98.5022,5668.0300,0.0000,0.0000,Pass
D86-09,4918,384,2.2070,-140.0190,85.1096,98.3100,5689.1400,0.0000,0.0000,Pass
D86-09,4918,385,2.6582,-140.0160,84.9994,98.6052,5674.4300,0.0000,0.0000,Pass
D86-09,4918,386,2.8081,-140.0150,85.2626,98.3612,5709.6200,0.0000,0.0000,Pass
D86-09,4918,387,3.1091,-140.0150,85.3963,98.5811,5727.5400,0.0000,0.0000,Pass
D86-09,4918,388,3.2597,-140.0140,85.3056,98.7199,5715.3800,0.0000,0.0000,Pass
D86-09,4918,389,3.4106,-140.0120,85.4201,97.9111,5730.7400,0.0000,0.0000,Pass
D86-09,4918,390,3.5606,-140.0120,85.5631,97.8008,5749.9300,0.0000,0.0000,Pass
D86-09,4918,391,3.7115,-140.0110,85.6392,97.2787,5760.1700,0.0000,0.0000,Pass
D86-09,4918,397,1.1555,-140.1740,85.3581,97.5972,5722.4200,0.0000,0.0000,Pass
D86-09,4918,398,2.8093,-140.1660,85.1479,99.2973,5694.2600,0.0000,0.0000,Pass
D86-09,4918,402,0.8555,-140.1740,85.4392,96.8355,5733.2900,0.0000,0.0000,Pass
D86-09,4918,403,1.0060,-140.1740,85.0330,98.1990,5678.9100,0.0000,0.0000,Pass
D86-09,4918,404,1.3058,-140.1730,85.2626,96.8670,5709.6200,0.0000,0.0000,Pass
D86-09,4918,405,1.4562,-140.1730,85.0809,98.2897,5685.3000,0.0000,0.0000,Pass
D86-09,4918,406,1.6063,-140.1710,85.0426,98.0517,5680.1900,0.0000,0.0000,Pass
D86-09,4918,407,1.7568,-140.1710,85.1144,98.5216,5689.7800,0.0000,0.0000,Pass
D86-09,4918,408,1.9072,-140.1700,84.8027,98.5883,5648.1900,0.0000,0.0000,Pass
D86-09,4918,409,2.0573,-140.1700,84.8507,98.0657,5654.5900,0.0000,0.0000,Pass
D86-09,4918,410,2.2081,-140.1690,84.9803,98.5095,5671.8700,0.0000,0.0000,Pass
D86-09,4918,411,2.3583,-140.1680,84.6392,98.1137,5626.4400,0.0000,0.0000,Pass
D86-09,4918,412,2.5084,-140.1670,84.8699,98.7939,5657.1500,0.0000,0.0000,Pass
D86-09,4918,413,2.6585,-140.1660,85.0521,98.0517,5681.4600,0.0000,0.0000,Pass
D86-09,4918,414,2.9596,-140.1650,84.9707,98.2142,5670.5900,0.0000,0.0000,Pass
D86-09,4918,415,3.1097,-140.1650,84.9659,98.1467,5669.9500,0.0000,0.0000,Pass
D86-09,4918,416,3.2597,-140.1640,85.5393,97.0351,5746.7300,0.0000,0.0000,Pass
D86-09,4918,417,3.4113,-140.1640,85.2100,96.5447,5702.5800,0.0000,0.0000,Pass
D86-09,4918,418,3.7121,-140.1620,86.1183,96.9560,5824.8000,0.0000,0.0000,Pass
D86-09,4918,419,3.5613,-140.1630,85.2769,97.5876,5711.5400,0.0000,0.0000,Pass
D86-09,4918,424,2.3588,-140.3180,84.9563,97.7200,5668.6700,0.0000,0.0000,Pass
D86-09,4918,426,0.8564,-140.3250,85.6678,96.0280,5764.0100,0.0000,0.0000,Pass
D86-09,4918,427,1.1561,-140.3240,85.3581,96.8248,5722.4200,0.0000,0.0000,Pass
D86-09,4918,428,1.7577,-140.3210,85.1957,97.7486,5700.6600,0.0000,0.0000,Pass
D86-09,4918,429,2.0580,-140.3200,85.2531,98.4066,5708.3400,0.0000,0.0000,Pass
D86-09,4918,430,2.5090,-140.3180,85.1096,98.1095,5689.1400,0.0000,0.0000,Pass
D86-09,4918,431,2.6594,-140.3170,85.2339,98.8719,5705.7800,0.0000,0.0000,Pass
D86-09,4918,432,2.8098,-140.3160,85.2196,97.9227,5703.8600,0.0000,0.0000,Pass
D86-09,4918,433,2.9604,-140.3160,85.0713,97.7807,5684.0200,0.0000,0.0000,Pass
D86-09,4918,434,3.1105,-140.3150,85.1383,97.3703,5692.9800,0.0000,0.0000,Pass
D86-09,4918,435,3.4118,-140.3140,85.3295,96.9650,5718.5800,0.0000,0.0000,Pass
D86-09,4918,437,1.0060,-140.3240,85.3677,96.9456,5723.7000,0.0000,0.0000,Pass
D86-09,4918,438,1.3064,-140.3230,85.4916,98.1550,5740.3300,0.0000,0.0000,Pass
D86-09,4918,439,1.4566,-140.3220,85.0617,98.0186,5682.7400,0.0000,0.0000,Pass
D86-09,4918,440,1.6070,-140.3220,85.2817,97.5574,5712.1800,0.0000,0.0000,Pass
D86-09,4918,441,1.9077,-140.3210,85.0665,97.3087,5683.3800,0.0000,0.0000,Pass
D86-09,4918,442,2.2085,-140.3200,85.0952,98.5480,5687.2200,0.0000,0.0000,Pass
D86-09,4918,443,3.2611,-140.3140,85.6059,97.4850,5755.6900,0.0000,0.0000,Pass
D86-09,4918,444,3.5622,-140.3130,85.9241,97.7656,5798.5600,0.0000,0.0000,Pass
D86-09,4918,445,3.7128,-140.3130,86.0331,97.0104,5813.2800,0.0000,0.0000,Pass
D86-09,4918,451,1.1565,-140.4740,85.8435,96.7548,5787.6800,0.0000,0.0000,Pass
D86-09,4918,452,2.6601,-140.4670,85.2722,97.4058,5710.9000,0.0000,0.0000,Pass
D86-09,4918,456,0.8566,-140.4750,85.8672,96.5258,5790.8800,0.0000,0.0000,Pass
D86-09,4918,457,1.0067,-140.4750,85.8435,96.6067,5787.6800,0.0000,0.0000,Pass
D86-09,4918,458,1.3069,-140.4740,85.8577,97.3992,5789.6000,0.0000,0.0000,Pass
D86-09,4918,459,1.4575,-140.4730,85.3056,96.7862,5715.3800,0.0000,0.0000,Pass
D86-09,4918,460,1.6076,-140.4730,85.1718,97.2580,5697.4600,0.0000,0.0000,Pass
D86-09,4918,461,1.7582,-140.4720,85.5631,98.2298,5749.9300,0.0000,0.0000,Pass
D86-09,4918,462,1.9088,-140.4710,84.8795,98.0101,5658.4300,0.0000,0.0000,Pass
D86-09,4918,463,2.0584,-140.4710,85.3486,97.8897,5721.1400,0.0000,0.0000,Pass
D86-09,4918,464,2.2092,-140.4700,85.1192,98.1723,5690.4200,0.0000,0.0000,Pass
D86-09,4918,465,2.3595,-140.4680,84.9946,97.3886,5673.7900,0.0000,0.0000,Pass
D86-09,4918,466,2.5095,-140.4680,85.3438,97.5237,5720.5000,0.0000,0.0000,Pass
D86-09,4918,467,2.8103,-140.4670,85.4154,97.7645,5730.1000,0.0000,0.0000,Pass
D86-09,4918,468,2.9616,-140.4660,85.2769,96.1560,5711.5400,0.0000,0.0000,Pass
D86-09,4918,469,3.1109,-140.4650,85.0426,97.7930,5680.1900,0.0000,0.0000,Pass
D86-09,4918,470,3.2618,-140.4650,85.9004,97.0833,5795.3600,0.0000,0.0000,Pass
D86-09,4918,471,3.4127,-140.4640,85.6107,97.1888,5756.3300,0.0000,0.0000,Pass
D86-09,4918,474,3.5628,-140.4630,85.7391,96.5178,5773.6100,0.0000,0.0000,Pass
D86-09,4918,475,3.7136,-140.4630,86.4582,96.1006,5870.8700,0.0000,0.0000,Pass
D86-09,4918,481,0.8572,-140.6260,86.2884,95.6710,5847.8300,0.0000,0.0000,Pass
D86-09,4918,482,1.0075,-140.6250,86.1136,96.7113,5824.1600,0.0000,0.0000,Pass
D86-09,4918,483,1.1573,-140.6250,85.7486,96.6032,5774.8900,0.0000,0.0000,Pass
D86-09,4918,484,1.4585,-140.6240,85.6963,96.6628,5767.8500,0.0000,0.0000,Pass
D86-09,4918,485,2.0595,-140.6210,85.8483,97.6893,5788.3200,0.0000,0.0000,Pass
D86-09,4918,486,2.2102,-140.6200,85.6915,97.7633,5767.2100,0.0000,0.0000,Pass
D86-09,4918,487,2.3601,-140.6190,85.5059,97.2846,5742.2500,0.0000,0.0000,Pass
D86-09,4918,488,2.5105,-140.6180,85.6249,97.1534,5758.2500,0.0000,0.0000,Pass
D86-09,4918,489,2.6608,-140.6180,85.8672,97.3633,5790.8800,0.0000,0.0000,Pass
D86-09,4918,490,2.8115,-140.6170,85.9289,97.3604,5799.2000,0.0000,0.0000,Pass
D86-09,4918,491,3.1117,-140.6150,85.7343,97.2766,5772.9700,0.0000,0.0000,Pass
D86-09,4918,492,3.2623,-140.6160,85.9810,96.6768,5806.2400,0.0000,0.0000,Pass
D86-09,4918,493,3.4132,-140.6150,85.7818,96.7462,5779.3700,0.0000,0.0000,Pass
D86-09,4918,494,1.3079,-140.6240,85.6059,97.6494,5755.6900,0.0000,0.0000,Pass
D86-09,4918,495,1.6083,-140.6230,85.5631,97.1893,5749.9300,0.0000,0.0000,Pass
D86-09,4918,496,1.7592,-140.6220,85.8767,96.8233,5792.1600,0.0000,0.0000,Pass
D86-09,4918,497,1.9091,-140.6220,85.4773,96.9746,5738.4100,0.0000,0.0000,Pass
D86-09,4918,498,2.9619,-140.6170,85.6440,97.2687,5760.8100,0.0000,0.0000,Pass
D86-09,4918,499,3.5633,-140.6140,86.0899,94.9572,5820.9600,0.0000,0.0000,Pass
D86-09,4918,500,3.7146,-140.6140,86.7357,95.6926,5908.6200,0.0000,0.0000,Pass
