Test sample,DieID,ID,X position,Y position,Diameter (um),% Roundness,Area,% Overall Void,% Largest Void,Result
W6,165,1,-2.1023,143.0320,87.1762,97.1099,5968.7800,0.0000,0.0000,Pass
W6,165,2,-1.8018,143.0320,87.4226,98.0637,6002.5800,0.0000,0.0000,Pass
W6,165,8,-3.4554,143.0270,87.2238,98.1879,5975.3000,0.0000,0.0000,Pass
W6,165,9,-3.3054,143.0280,87.2411,97.1084,5977.6800,0.0000,0.0000,Pass
W6,165,10,-3.1549,143.0280,87.0636,95.9650,5953.3700,0.0000,0.0000,Pass
W6,165,11,-3.0053,143.0280,86.9334,96.8770,5935.5800,0.0000,0.0000,Pass
W6,165,12,-2.8544,143.0280,86.7508,97.1556,5910.6800,0.0000,0.0000,Pass
W6,165,13,-2.7042,143.0290,87.0722,97.2753,5954.5500,0.0000,0.0000,Pass
W6,165,14,-2.5536,143.0290,87.1242,97.7110,5961.6700,0.0000,0.0000,Pass
W6,165,15,-2.4028,143.0300,86.5810,97.2049,5887.5500,0.0000,0.0000,Pass
W6,165,16,-2.2533,143.0300,87.0462,98.5942,5950.9900,0.0000,0.0000,Pass
W6,165,17,-1.9527,143.0320,86.6333,96.4309,5894.6700,0.0000,0.0000,Pass
W6,165,18,-1.6512,143.0330,87.1849,97.5519,5969.9700,0.0000,0.0000,Pass
W6,165,19,-1.5010,143.0340,87.0375,96.3233,5949.8100,0.0000,0.0000,Pass
W6,165,20,-1.3503,143.0330,87.3967,96.8627,5999.0200,0.0000,0.0000,Pass
W6,165,21,-1.2000,143.0340,87.5521,97.5014,6020.3600,0.0000,0.0000,Pass
W6,165,22,-1.0497,143.0350,87.8877,96.8625,6066.6100,0.0000,0.0000,Pass
W6,165,23,-0.8989,143.0350,87.9306,96.0875,6072.5400,0.0000,0.0000,Pass
W6,165,31,-3.3047,142.8770,86.9204,96.6712,5933.8000,0.0000,0.0000,Pass
W6,165,32,-2.5531,142.8790,86.6812,98.0740,5901.1900,0.0000,0.0000,Pass
W6,165,33,-2.1025,142.8810,86.3015,97.5310,5849.6100,0.0000,0.0000,Pass
W6,165,34,-1.8013,142.8820,86.7639,98.2685,5912.4600,0.0000,0.0000,Pass
W6,165,35,-1.6513,142.8820,86.4632,98.2682,5871.5400,0.0000,0.0000,Pass
W6,165,36,-1.5009,142.8830,86.6159,97.5731,5892.3000,0.0000,0.0000,Pass
W6,165,37,-1.0492,142.8840,87.0462,97.2461,5950.9900,0.0000,0.0000,Pass
W6,165,38,-0.8985,142.8850,87.7287,96.6224,6044.6700,0.0000,0.0000,Pass
W6,165,41,-3.4553,142.8770,86.7900,97.2101,5916.0100,0.0000,0.0000,Pass
W6,165,42,-3.1546,142.8770,86.9508,96.5730,5937.9500,0.0000,0.0000,Pass
W6,165,43,-3.0045,142.8780,86.4807,97.1247,5873.9200,0.0000,0.0000,Pass
W6,165,44,-2.8538,142.8780,86.1790,97.8907,5833.0100,0.0000,0.0000,Pass
W6,165,45,-2.7041,142.8790,86.6943,97.1973,5902.9700,0.0000,0.0000,Pass
W6,165,46,-2.4026,142.8790,86.0957,98.1997,5821.7400,0.0000,0.0000,Pass
W6,165,47,-2.2529,142.8800,86.3278,97.5189,5853.1700,0.0000,0.0000,Pass
W6,165,48,-1.9522,142.8810,86.3059,98.2340,5850.2000,0.0000,0.0000,Pass
W6,165,49,-1.3502,142.8830,87.0722,98.7569,5954.5500,0.0000,0.0000,Pass
W6,165,50,-1.1988,142.8840,87.1372,97.0855,5963.4500,0.0000,0.0000,Pass
W6,165,60,-3.4548,142.7260,86.1001,98.8665,5822.3300,0.0000,0.0000,Pass
W6,165,61,-3.3049,142.7270,86.3234,96.7817,5852.5700,0.0000,0.0000,Pass
W6,165,62,-3.0044,142.7270,85.9904,97.8786,5807.5100,0.0000,0.0000,Pass
W6,165,63,-2.8537,142.7280,86.0738,97.8786,5818.7800,0.0000,0.0000,Pass
W6,165,64,-2.7038,142.7280,85.8323,98.4161,5786.1700,0.0000,0.0000,Pass
W6,165,65,-2.2523,142.7290,85.8191,96.8430,5784.3900,0.0000,0.0000,Pass
W6,165,66,-2.1022,142.7300,85.8982,99.2221,5795.0600,0.0000,0.0000,Pass
W6,165,67,-1.9511,142.7310,86.2578,98.3155,5843.6800,0.0000,0.0000,Pass
W6,165,68,-1.8014,142.7310,85.9070,99.2734,5796.2500,0.0000,0.0000,Pass
W6,165,69,-1.6510,142.7310,85.8279,97.6358,5785.5700,0.0000,0.0000,Pass
W6,165,70,-1.5003,142.7320,86.3889,98.2932,5861.4700,0.0000,0.0000,Pass
W6,165,71,-1.3490,142.7330,86.8248,97.8763,5920.7600,0.0000,0.0000,Pass
W6,165,72,-0.8982,142.7340,86.8769,96.6662,5927.8700,0.0000,0.0000,Pass
W6,165,77,-3.1542,142.7270,86.2796,97.5097,5846.6400,0.0000,0.0000,Pass
W6,165,78,-2.5529,142.7290,86.4152,97.9379,5865.0200,0.0000,0.0000,Pass
W6,165,79,-2.4025,142.7290,85.8367,98.4893,5786.7600,0.0000,0.0000,Pass
W6,165,80,-1.1986,142.7330,86.3321,98.2805,5853.7600,0.0000,0.0000,Pass
W6,165,81,-1.0486,142.7340,87.1849,97.6728,5969.9700,0.0000,0.0000,Pass
W6,165,85,-1.1991,142.5820,86.5505,97.4250,5883.4000,0.0000,0.0000,Pass
W6,165,90,-3.4543,142.5750,86.2315,98.1426,5840.1200,0.0000,0.0000,Pass
W6,165,91,-3.3045,142.5760,86.4326,98.1461,5867.4000,0.0000,0.0000,Pass
W6,165,92,-3.1537,142.5760,85.9597,98.2234,5803.3600,0.0000,0.0000,Pass
W6,165,93,-3.0035,142.5760,85.5680,98.1770,5750.5900,0.0000,0.0000,Pass
W6,165,94,-2.8534,142.5770,85.9948,97.8863,5808.1000,0.0000,0.0000,Pass
W6,165,95,-2.7026,142.5770,86.0036,98.0396,5809.2900,0.0000,0.0000,Pass
W6,165,96,-2.5523,142.5780,86.0562,98.4704,5816.4100,0.0000,0.0000,Pass
W6,165,97,-2.4021,142.5790,85.6826,98.1798,5766.0100,0.0000,0.0000,Pass
W6,165,98,-2.2523,142.5790,85.6826,98.4208,5766.0100,0.0000,0.0000,Pass
W6,165,99,-2.1016,142.5800,85.5327,98.7133,5745.8500,0.0000,0.0000,Pass
W6,165,100,-1.9514,142.5810,86.0036,98.9758,5809.2900,0.0000,0.0000,Pass
W6,165,101,-1.8007,142.5810,85.8718,98.1582,5791.5000,0.0000,0.0000,Pass
W6,165,102,-1.6502,142.5810,85.8455,98.1835,5787.9500,0.0000,0.0000,Pass
W6,165,103,-1.5005,142.5810,85.9421,98.0201,5800.9900,0.0000,0.0000,Pass
W6,165,104,-1.3489,142.5830,86.2140,99.1290,5837.7500,0.0000,0.0000,Pass
W6,165,105,-1.0490,142.5830,86.7334,97.6726,5908.3100,0.0000,0.0000,Pass
W6,165,106,-0.8979,142.5830,86.8856,97.4877,5929.0600,0.0000,0.0000,Pass
W6,165,115,-3.4532,142.4250,85.9948,97.9376,5808.1000,0.0000,0.0000,Pass
W6,165,116,-3.3038,142.4250,86.6507,98.1102,5897.0400,0.0000,0.0000,Pass
W6,165,117,-3.1534,142.4260,86.5679,98.3584,5885.7800,0.0000,0.0000,Pass
W6,165,118,-3.0029,142.4260,85.8850,98.8075,5793.2800,0.0000,0.0000,Pass
W6,165,119,-2.7027,142.4270,85.9773,99.0679,5805.7300,0.0000,0.0000,Pass
W6,165,120,-2.5520,142.4280,86.3627,99.0353,5857.9100,0.0000,0.0000,Pass
W6,165,121,-2.1013,142.4290,85.8455,99.0876,5787.9500,0.0000,0.0000,Pass
W6,165,122,-1.9506,142.4300,85.6297,98.4243,5758.8900,0.0000,0.0000,Pass
W6,165,123,-1.6502,142.4310,85.8367,98.3519,5786.7600,0.0000,0.0000,Pass
W6,165,124,-1.4995,142.4310,86.1045,97.7367,5822.9300,0.0000,0.0000,Pass
W6,165,125,-1.3490,142.4320,86.1001,97.9381,5822.3300,0.0000,0.0000,Pass
W6,165,129,-2.8529,142.4270,85.8586,98.1167,5789.7200,0.0000,0.0000,Pass
W6,165,130,-2.4016,142.4280,85.5195,99.2011,5744.0700,0.0000,0.0000,Pass
W6,165,131,-2.2518,142.4280,85.9948,97.2538,5808.1000,0.0000,0.0000,Pass
W6,165,132,-1.8003,142.4300,85.7399,98.7205,5773.7200,0.0000,0.0000,Pass
W6,165,133,-1.1982,142.4320,86.4763,98.3237,5873.3200,0.0000,0.0000,Pass
W6,165,134,-1.0477,142.4330,86.7595,98.2485,5911.8600,0.0000,0.0000,Pass
W6,165,135,-0.8973,142.4340,86.5723,98.5172,5886.3700,0.0000,0.0000,Pass
W6,165,159,-3.0758,142.0180,85.5812,98.4538,5752.3700,0.0000,0.0000,Pass
W6,165,160,-2.0860,142.0210,85.3869,99.5829,5726.2800,0.0000,0.0000,Pass
W6,165,161,-1.5903,142.0220,85.9685,99.3409,5804.5500,0.0000,0.0000,Pass
W6,165,162,-2.9104,142.0180,85.4179,99.5362,5730.4300,0.0000,0.0000,Pass
W6,165,163,-2.7455,142.0180,85.8367,98.3449,5786.7600,0.0000,0.0000,Pass
W6,165,164,-2.5806,142.0190,85.5592,99.5840,5749.4100,0.0000,0.0000,Pass
W6,165,165,-2.4158,142.0190,85.3427,98.4608,5720.3500,0.0000,0.0000,Pass
W6,165,166,-2.2509,142.0200,85.4356,99.0559,5732.8100,0.0000,0.0000,Pass
W6,165,167,-1.9209,142.0220,85.4576,99.0540,5735.7700,0.0000,0.0000,Pass
W6,165,168,-1.7559,142.0220,86.0036,99.4837,5809.2900,0.0000,0.0000,Pass
W6,165,169,-1.4253,142.0220,85.4841,97.5275,5739.3300,0.0000,0.0000,Pass
W6,165,170,-1.2605,142.0230,85.5062,98.5113,5742.2900,0.0000,0.0000,Pass
W6,165,171,-1.0948,142.0230,86.4414,99.4295,5868.5800,0.0000,0.0000,Pass
W6,165,182,-3.2400,141.8520,84.8771,99.0772,5658.1000,0.0000,0.0000,Pass
W6,165,183,-3.0753,141.8520,85.1878,97.8164,5699.6000,0.0000,0.0000,Pass
W6,165,184,-2.9095,141.8530,85.0459,98.1534,5680.6300,0.0000,0.0000,Pass
W6,165,185,-2.7447,141.8530,85.4797,99.1324,5738.7300,0.0000,0.0000,Pass
W6,165,186,-2.5799,141.8540,85.0858,97.4733,5685.9700,0.0000,0.0000,Pass
W6,165,187,-2.4153,141.8540,84.9437,98.7890,5666.9900,0.0000,0.0000,Pass
W6,165,188,-2.2506,141.8550,85.2277,99.1370,5704.9400,0.0000,0.0000,Pass
W6,165,189,-2.0850,141.8550,85.0237,99.3964,5677.6700,0.0000,0.0000,Pass
W6,165,190,-1.9207,141.8560,84.7792,98.4891,5645.0600,0.0000,0.0000,Pass
W6,165,191,-1.7555,141.8570,85.4356,98.7955,5732.8100,0.0000,0.0000,Pass
W6,165,192,-1.5898,141.8570,85.3295,98.2290,5718.5800,0.0000,0.0000,Pass
W6,165,193,-1.4243,141.8580,85.5239,99.3533,5744.6600,0.0000,0.0000,Pass
W6,165,194,-1.0943,141.8590,85.9333,99.4603,5799.8000,0.0000,0.0000,Pass
W6,165,195,-1.2596,141.8580,85.4841,98.6511,5739.3300,0.0000,0.0000,Pass
W6,165,206,-3.2396,141.6870,84.8459,99.4843,5653.9500,0.0000,0.0000,Pass
W6,165,207,-3.0747,141.6870,84.7970,99.8145,5647.4300,0.0000,0.0000,Pass
W6,165,208,-2.9092,141.6880,84.7569,97.9753,5642.0900,0.0000,0.0000,Pass
W6,165,209,-2.4139,141.6890,84.3865,99.9598,5592.8800,0.0000,0.0000,Pass
W6,165,210,-2.0850,141.6910,84.0773,98.2568,5551.9700,0.0000,0.0000,Pass
W6,165,211,-1.5896,141.6920,84.9882,97.9341,5672.9200,0.0000,0.0000,Pass
W6,165,212,-1.4242,141.6920,85.5680,99.4526,5750.5900,0.0000,0.0000,Pass
W6,165,213,-1.2594,141.6930,84.7703,98.5254,5643.8700,0.0000,0.0000,Pass
W6,165,214,-2.7444,141.6880,84.9304,99.1069,5665.2100,0.0000,0.0000,Pass
W6,165,215,-2.5801,141.6880,84.6098,99.2900,5622.5200,0.0000,0.0000,Pass
W6,165,216,-2.2498,141.6890,84.4669,98.4594,5603.5500,0.0000,0.0000,Pass
W6,165,217,-1.9198,141.6910,84.5830,98.8282,5618.9700,0.0000,0.0000,Pass
W6,165,218,-1.7545,141.6910,85.0192,97.9887,5677.0700,0.0000,0.0000,Pass
W6,165,219,-1.0940,141.6930,85.5371,98.7745,5746.4400,0.0000,0.0000,Pass
W6,165,233,-1.9194,141.5260,84.5607,99.3061,5616.0000,0.0000,0.0000,Pass
W6,165,239,-3.2390,141.5220,84.3686,98.6492,5590.5100,0.0000,0.0000,Pass
W6,165,240,-3.0732,141.5220,84.2925,98.0072,5580.4300,0.0000,0.0000,Pass
W6,165,241,-2.9094,141.5230,85.0592,98.4611,5682.4100,0.0000,0.0000,Pass
W6,165,242,-2.7438,141.5230,84.7124,99.8660,5636.1600,0.0000,0.0000,Pass
W6,165,243,-2.5790,141.5240,84.2477,98.8719,5574.5000,0.0000,0.0000,Pass
W6,165,244,-2.4144,141.5240,84.2163,99.5622,5570.3500,0.0000,0.0000,Pass
W6,165,245,-2.0836,141.5260,83.8345,97.7191,5519.9500,0.0000,0.0000,Pass
W6,165,246,-1.7547,141.5270,85.0104,99.4548,5675.8900,0.0000,0.0000,Pass
W6,165,247,-1.5894,141.5270,84.8459,98.7295,5653.9500,0.0000,0.0000,Pass
W6,165,248,-1.4245,141.5280,84.9615,99.2079,5669.3600,0.0000,0.0000,Pass
W6,165,249,-1.2586,141.5280,84.5830,98.6326,5618.9700,0.0000,0.0000,Pass
W6,165,250,-1.0938,141.5290,85.7531,99.0184,5775.4900,0.0000,0.0000,Pass
W6,165,251,-2.2492,141.5250,84.1760,98.1826,5565.0100,0.0000,0.0000,Pass
W6,165,262,-3.2383,141.3570,84.6410,99.4803,5626.6800,0.0000,0.0000,Pass
W6,165,263,-2.9086,141.3580,84.6722,97.6143,5630.8300,0.0000,0.0000,Pass
W6,165,264,-2.7430,141.3580,84.7480,99.2028,5640.9000,0.0000,0.0000,Pass
W6,165,265,-2.5786,141.3580,84.5607,98.8925,5616.0000,0.0000,0.0000,Pass
W6,165,266,-2.4140,141.3600,84.1222,98.9032,5557.9000,0.0000,0.0000,Pass
W6,165,267,-2.2487,141.3600,84.1222,97.5633,5557.9000,0.0000,0.0000,Pass
W6,165,268,-2.0834,141.3610,84.1849,99.5027,5566.2000,0.0000,0.0000,Pass
W6,165,269,-1.7538,141.3620,84.7658,98.8038,5643.2800,0.0000,0.0000,Pass
W6,165,270,-1.5886,141.3620,85.1257,99.4160,5691.3000,0.0000,0.0000,Pass
W6,165,271,-1.4236,141.3630,84.9970,98.7551,5674.1100,0.0000,0.0000,Pass
W6,165,272,-1.2583,141.3640,85.0059,99.1794,5675.2900,0.0000,0.0000,Pass
W6,165,273,-3.0735,141.3580,85.0725,99.4398,5684.1900,0.0000,0.0000,Pass
W6,165,274,-1.9189,141.3610,84.9215,99.5417,5664.0300,0.0000,0.0000,Pass
W6,165,275,-1.0933,141.3640,85.3648,99.1276,5723.3200,0.0000,0.0000,Pass
W6,165,286,-2.7429,141.1930,84.9437,99.6498,5666.9900,0.0000,0.0000,Pass
W6,165,287,-2.0831,141.1960,84.5429,99.4741,5613.6300,0.0000,0.0000,Pass
W6,165,288,-1.7528,141.1970,85.2808,99.6441,5712.0500,0.0000,0.0000,Pass
W6,165,289,-3.2377,141.1920,84.4759,99.4447,5604.7400,0.0000,0.0000,Pass
W6,165,290,-3.0729,141.1920,84.7346,99.3582,5639.1300,0.0000,0.0000,Pass
W6,165,291,-2.9076,141.1930,84.8326,99.8230,5652.1700,0.0000,0.0000,Pass
W6,165,292,-2.5777,141.1940,84.7658,99.5300,5643.2800,0.0000,0.0000,Pass
W6,165,293,-2.4137,141.1940,84.3014,98.6716,5581.6100,0.0000,0.0000,Pass
W6,165,294,-2.2481,141.1950,84.3909,98.9538,5593.4700,0.0000,0.0000,Pass
W6,165,295,-1.9186,141.1970,84.5920,99.1745,5620.1500,0.0000,0.0000,Pass
W6,165,296,-1.5878,141.1980,84.9304,98.3192,5665.2100,0.0000,0.0000,Pass
W6,165,297,-1.4231,141.1980,85.0059,98.3787,5675.2900,0.0000,0.0000,Pass
W6,165,298,-1.2575,141.1990,84.5875,98.0014,5619.5600,0.0000,0.0000,Pass
W6,165,299,-1.0921,141.1990,85.2409,99.4556,5706.7200,0.0000,0.0000,Pass
W6,165,310,-3.2375,141.0270,84.5830,99.2040,5618.9700,0.0000,0.0000,Pass
W6,165,311,-3.0723,141.0270,84.6187,99.5838,5623.7100,0.0000,0.0000,Pass
W6,165,312,-2.9069,141.0280,84.4446,99.2806,5600.5900,0.0000,0.0000,Pass
W6,165,313,-2.7423,141.0280,84.6767,98.3004,5631.4200,0.0000,0.0000,Pass
W6,165,314,-2.5770,141.0290,84.4267,98.7891,5598.2200,0.0000,0.0000,Pass
W6,165,315,-2.4127,141.0300,84.6232,99.2795,5624.3000,0.0000,0.0000,Pass
W6,165,316,-2.0828,141.0310,84.3328,99.3328,5585.7600,0.0000,0.0000,Pass
W6,165,317,-1.9178,141.0310,84.9082,98.6349,5662.2500,0.0000,0.0000,Pass
W6,165,318,-1.7528,141.0330,85.1922,98.8229,5700.2000,0.0000,0.0000,Pass
W6,165,319,-1.5877,141.0330,84.8326,98.1059,5652.1700,0.0000,0.0000,Pass
W6,165,320,-1.4222,141.0330,84.7346,98.7314,5639.1300,0.0000,0.0000,Pass
W6,165,321,-1.2572,141.0340,84.5652,99.2003,5616.6000,0.0000,0.0000,Pass
W6,165,322,-1.0919,141.0340,85.2587,98.7339,5709.0900,0.0000,0.0000,Pass
W6,165,323,-2.2473,141.0300,84.4803,98.4335,5605.3300,0.0000,0.0000,Pass
W6,165,334,-3.2363,140.8620,84.7168,99.4193,5636.7500,0.0000,0.0000,Pass
W6,165,335,-3.0716,140.8620,84.8148,99.9316,5649.8000,0.0000,0.0000,Pass
W6,165,336,-2.9067,140.8630,84.7703,99.1589,5643.8700,0.0000,0.0000,Pass
W6,165,337,-2.7416,140.8630,84.4222,98.3364,5597.6200,0.0000,0.0000,Pass
W6,165,338,-2.5767,140.8640,84.6009,98.2434,5621.3400,0.0000,0.0000,Pass
W6,165,339,-2.0823,140.8660,84.9526,99.1969,5668.1800,0.0000,0.0000,Pass
W6,165,340,-1.9173,140.8670,85.4267,98.9707,5731.6200,0.0000,0.0000,Pass
W6,165,341,-1.7521,140.8670,85.4223,99.0961,5731.0300,0.0000,0.0000,Pass
W6,165,342,-1.5869,140.8680,85.1479,99.1037,5694.2700,0.0000,0.0000,Pass
W6,165,343,-1.4217,140.8690,85.3118,97.5373,5716.2000,0.0000,0.0000,Pass
W6,165,344,-1.2565,140.8690,84.8504,98.8780,5654.5400,0.0000,0.0000,Pass
W6,165,345,-2.4117,140.8650,84.9171,99.3226,5663.4400,0.0000,0.0000,Pass
W6,165,346,-2.2468,140.8650,84.5920,99.4702,5620.1500,0.0000,0.0000,Pass
W6,165,347,-1.0914,140.8690,85.7222,97.9126,5771.3400,0.0000,0.0000,Pass
W6,165,370,-3.4471,140.4710,84.4267,97.5442,5598.2200,0.0000,0.0000,Pass
W6,165,371,-2.3959,140.4740,84.4625,97.7861,5602.9600,0.0000,0.0000,Pass
W6,165,372,-2.0949,140.4760,84.0593,98.9080,5549.6000,0.0000,0.0000,Pass
W6,165,373,-1.9447,140.4760,84.2342,99.2937,5572.7200,0.0000,0.0000,Pass
W6,165,374,-1.4940,140.4780,84.5384,97.8789,5613.0400,0.0000,0.0000,Pass
W6,165,378,-3.2965,140.4710,84.2835,97.6093,5579.2400,0.0000,0.0000,Pass
W6,165,379,-3.1465,140.4710,84.3686,98.5485,5590.5100,0.0000,0.0000,Pass
W6,165,380,-2.9966,140.4720,84.1715,98.3737,5564.4200,0.0000,0.0000,Pass
W6,165,381,-2.8456,140.4720,84.2522,97.6050,5575.0900,0.0000,0.0000,Pass
W6,165,382,-2.6959,140.4730,84.1715,98.7101,5564.4200,0.0000,0.0000,Pass
W6,165,383,-2.5454,140.4740,84.0234,98.6514,5544.8500,0.0000,0.0000,Pass
W6,165,384,-2.2451,140.4740,83.8435,98.9222,5521.1400,0.0000,0.0000,Pass
W6,165,385,-1.7945,140.4770,84.5116,98.1038,5609.4800,0.0000,0.0000,Pass
W6,165,386,-1.6440,140.4770,84.3596,98.1928,5589.3200,0.0000,0.0000,Pass
W6,165,387,-1.3433,140.4780,84.5786,98.8204,5618.3700,0.0000,0.0000,Pass
W6,165,388,-1.1921,140.4790,84.8459,97.2904,5653.9500,0.0000,0.0000,Pass
W6,165,389,-1.0424,140.4790,84.6945,97.1883,5633.7900,0.0000,0.0000,Pass
W6,165,390,-0.8922,140.4790,85.4135,97.7322,5729.8400,0.0000,0.0000,Pass
W6,165,397,-3.2961,140.3200,84.2746,98.4868,5578.0600,0.0000,0.0000,Pass
W6,165,398,-1.6438,140.3270,84.2163,98.1209,5570.3500,0.0000,0.0000,Pass
W6,165,403,-3.4463,140.3200,84.3909,96.9203,5593.4700,0.0000,0.0000,Pass
W6,165,404,-3.1457,140.3210,84.4044,98.5931,5595.2500,0.0000,0.0000,Pass
W6,165,405,-2.9956,140.3220,84.3820,98.0246,5592.2900,0.0000,0.0000,Pass
W6,165,406,-2.8453,140.3220,84.1984,98.2305,5567.9800,0.0000,0.0000,Pass
W6,165,407,-2.6955,140.3230,84.2298,98.7377,5572.1300,0.0000,0.0000,Pass
W6,165,408,-2.5451,140.3230,83.5278,97.2073,5479.6300,0.0000,0.0000,Pass
W6,165,409,-2.3945,140.3240,84.2208,98.9227,5570.9400,0.0000,0.0000,Pass
W6,165,410,-2.2445,140.3250,83.4871,97.3634,5474.3000,0.0000,0.0000,Pass
W6,165,411,-2.0946,140.3250,84.1401,98.0503,5560.2700,0.0000,0.0000,Pass
W6,165,412,-1.9443,140.3260,84.1356,97.7464,5559.6800,0.0000,0.0000,Pass
W6,165,413,-1.7939,140.3260,84.3641,98.1188,5589.9200,0.0000,0.0000,Pass
W6,165,414,-1.4934,140.3270,84.2118,97.7459,5569.7600,0.0000,0.0000,Pass
W6,165,415,-1.3431,140.3280,84.5205,96.7233,5610.6700,0.0000,0.0000,Pass
W6,165,416,-1.1919,140.3280,84.5875,97.2390,5619.5600,0.0000,0.0000,Pass
W6,165,417,-1.0418,140.3290,84.1266,96.1422,5558.4900,0.0000,0.0000,Pass
W6,165,419,-0.8910,140.3300,84.9082,97.7701,5662.2500,0.0000,0.0000,Pass
W6,165,424,-2.0941,140.1750,84.1446,98.6921,5560.8600,0.0000,0.0000,Pass
W6,165,427,-3.2958,140.1710,84.2522,98.5773,5575.0900,0.0000,0.0000,Pass
W6,165,428,-2.6949,140.1720,84.4714,97.7536,5604.1400,0.0000,0.0000,Pass
W6,165,429,-2.3940,140.1730,84.3372,98.0173,5586.3600,0.0000,0.0000,Pass
W6,165,430,-1.9436,140.1750,84.3865,97.3554,5592.8800,0.0000,0.0000,Pass
W6,165,431,-1.7931,140.1760,83.9829,98.4647,5539.5200,0.0000,0.0000,Pass
W6,165,432,-1.6427,140.1760,84.3283,98.2537,5585.1700,0.0000,0.0000,Pass
W6,165,433,-1.4924,140.1780,84.1087,98.4675,5556.1200,0.0000,0.0000,Pass
W6,165,434,-1.3420,140.1780,84.5027,97.4233,5608.2900,0.0000,0.0000,Pass
W6,165,435,-1.0412,140.1780,84.6321,96.6139,5625.4900,0.0000,0.0000,Pass
W6,165,437,-3.4459,140.1700,84.6321,97.2023,5625.4900,0.0000,0.0000,Pass
W6,165,438,-3.1456,140.1710,84.3014,96.9068,5581.6100,0.0000,0.0000,Pass
W6,165,439,-2.9947,140.1720,84.4178,96.6908,5597.0300,0.0000,0.0000,Pass
W6,165,440,-2.8453,140.1720,83.9335,97.6410,5533.0000,0.0000,0.0000,Pass
W6,165,441,-2.5444,140.1730,83.6813,98.1084,5499.7900,0.0000,0.0000,Pass
W6,165,442,-2.2440,140.1740,84.0593,97.7888,5549.6000,0.0000,0.0000,Pass
W6,165,443,-1.1914,140.1780,84.8637,96.6733,5656.3200,0.0000,0.0000,Pass
W6,165,444,-0.8905,140.1790,85.0592,97.2013,5682.4100,0.0000,0.0000,Pass
W6,165,451,-3.2949,140.0200,84.7658,96.9989,5643.2800,0.0000,0.0000,Pass
W6,165,452,-1.7917,140.0260,84.2522,96.8841,5575.0900,0.0000,0.0000,Pass
W6,165,457,-3.4455,140.0200,84.6767,96.7759,5631.4200,0.0000,0.0000,Pass
W6,165,458,-3.1449,140.0210,84.5205,96.8064,5610.6700,0.0000,0.0000,Pass
W6,165,459,-2.9943,140.0210,84.6410,97.8491,5626.6800,0.0000,0.0000,Pass
W6,165,460,-2.8445,140.0220,84.5875,97.1938,5619.5600,0.0000,0.0000,Pass
W6,165,461,-2.6941,140.0220,84.6544,97.3256,5628.4500,0.0000,0.0000,Pass
W6,165,462,-2.5444,140.0230,84.3551,97.1102,5588.7300,0.0000,0.0000,Pass
W6,165,463,-2.3934,140.0240,84.5071,97.9439,5608.8900,0.0000,0.0000,Pass
W6,165,464,-2.2435,140.0240,84.1805,97.3942,5565.6100,0.0000,0.0000,Pass
W6,165,465,-2.0930,140.0250,84.5830,97.1437,5618.9700,0.0000,0.0000,Pass
W6,165,466,-1.9431,140.0250,84.6098,97.8543,5622.5200,0.0000,0.0000,Pass
W6,165,467,-1.6429,140.0260,84.7658,98.0570,5643.2800,0.0000,0.0000,Pass
W6,165,468,-1.4920,140.0270,84.7302,97.2492,5638.5300,0.0000,0.0000,Pass
W6,165,469,-1.3416,140.0270,85.0814,97.4825,5685.3700,0.0000,0.0000,Pass
W6,165,470,-1.1912,140.0280,85.0592,96.4173,5682.4100,0.0000,0.0000,Pass
W6,165,471,-1.0407,140.0290,85.0991,96.8601,5687.7400,0.0000,0.0000,Pass
W6,165,474,-0.8900,140.0290,85.1390,96.2511,5693.0800,0.0000,0.0000,Pass
W6,165,482,-3.4440,139.8700,85.0991,96.6641,5687.7400,0.0000,0.0000,Pass
W6,165,483,-3.2943,139.8700,85.2409,96.7188,5706.7200,0.0000,0.0000,Pass
W6,165,484,-2.9939,139.8710,85.1213,96.7061,5690.7100,0.0000,0.0000,Pass
W6,165,485,-2.3930,139.8730,85.4444,97.2083,5733.9900,0.0000,0.0000,Pass
W6,165,486,-2.2431,139.8740,84.9748,96.7126,5671.1400,0.0000,0.0000,Pass
W6,165,487,-2.0933,139.8750,84.8593,97.0061,5655.7300,0.0000,0.0000,Pass
W6,165,488,-1.9429,139.8750,85.2409,96.9405,5706.7200,0.0000,0.0000,Pass
W6,165,489,-1.7924,139.8760,84.6544,97.4098,5628.4500,0.0000,0.0000,Pass
W6,165,490,-1.6417,139.8760,85.2764,96.7877,5711.4600,0.0000,0.0000,Pass
W6,165,491,-1.3408,139.8770,85.7663,96.6259,5777.2700,0.0000,0.0000,Pass
W6,165,492,-1.1904,139.8770,85.4930,96.4389,5740.5100,0.0000,0.0000,Pass
W6,165,493,-1.0400,139.8780,85.8938,96.8069,5794.4700,0.0000,0.0000,Pass
W6,165,494,-3.1442,139.8710,84.5920,96.3048,5620.1500,0.0000,0.0000,Pass
W6,165,495,-2.8442,139.8710,85.0015,97.3447,5674.7000,0.0000,0.0000,Pass
W6,165,496,-2.6936,139.8720,85.2498,97.0504,5707.9000,0.0000,0.0000,Pass
W6,165,497,-2.5432,139.8720,84.6633,97.8441,5629.6400,0.0000,0.0000,Pass
W6,165,498,-1.4910,139.8760,85.5327,96.4065,5745.8500,0.0000,0.0000,Pass
W6,165,499,-0.8895,139.8780,85.8982,96.0626,5795.0600,0.0000,0.0000,Pass
W6,2444,1,144.1350,6.6302,85.6782,97.7717,5765.4200,0.0000,0.0000,Pass
W6,2444,2,144.4360,6.6314,86.3059,97.9690,5850.2000,0.0000,0.0000,Pass
W6,2444,8,142.7840,6.6255,85.3472,96.8097,5720.9500,0.0000,0.0000,Pass
W6,2444,9,142.9340,6.6256,85.4002,96.6410,5728.0600,0.0000,0.0000,Pass
W6,2444,10,143.0840,6.6262,85.2719,96.8068,5710.8700,0.0000,0.0000,Pass
W6,2444,11,143.2340,6.6268,85.3206,96.8301,5717.3900,0.0000,0.0000,Pass
W6,2444,12,143.3840,6.6270,85.0991,97.7782,5687.7400,0.0000,0.0000,Pass
W6,2444,13,143.5350,6.6277,85.1789,96.7487,5698.4200,0.0000,0.0000,Pass
W6,2444,14,143.6850,6.6282,85.1036,97.7156,5688.3400,0.0000,0.0000,Pass
W6,2444,15,143.8350,6.6285,85.5150,97.0644,5743.4800,0.0000,0.0000,Pass
W6,2444,16,143.9850,6.6290,85.5283,98.9021,5745.2600,0.0000,0.0000,Pass
W6,2444,17,144.2860,6.6307,86.2359,97.8498,5840.7100,0.0000,0.0000,Pass
W6,2444,18,144.5870,6.6317,86.4326,97.8097,5867.4000,0.0000,0.0000,Pass
W6,2444,19,144.7370,6.6325,87.0722,97.9739,5954.5500,0.0000,0.0000,Pass
W6,2444,20,144.8880,6.6333,87.2627,97.2627,5980.6400,0.0000,0.0000,Pass
W6,2444,21,145.0380,6.6338,87.4097,97.1924,6000.8000,0.0000,0.0000,Pass
W6,2444,22,145.1890,6.6340,87.8491,97.6652,6061.2700,0.0000,0.0000,Pass
W6,2444,23,145.3400,6.6349,87.9178,96.9989,6070.7600,0.0000,0.0000,Pass
W6,2444,31,142.9340,6.4752,85.1213,97.1813,5690.7100,0.0000,0.0000,Pass
W6,2444,32,143.6850,6.4779,85.5548,97.8748,5748.8100,0.0000,0.0000,Pass
W6,2444,33,144.1360,6.4801,85.9026,97.5538,5795.6500,0.0000,0.0000,Pass
W6,2444,34,144.4360,6.4814,85.8894,98.1045,5793.8700,0.0000,0.0000,Pass
W6,2444,35,144.5870,6.4818,85.8279,98.4656,5785.5700,0.0000,0.0000,Pass
W6,2444,36,144.7380,6.4823,86.2796,98.0995,5846.6400,0.0000,0.0000,Pass
W6,2444,37,145.1890,6.4841,86.8465,97.2574,5923.7200,0.0000,0.0000,Pass
W6,2444,38,145.3400,6.4848,87.0852,97.3786,5956.3300,0.0000,0.0000,Pass
W6,2444,41,142.7850,6.4747,84.8593,96.8264,5655.7300,0.0000,0.0000,Pass
W6,2444,42,143.0840,6.4757,85.3516,97.4527,5721.5400,0.0000,0.0000,Pass
W6,2444,43,143.2350,6.4760,85.0237,97.9648,5677.6700,0.0000,0.0000,Pass
W6,2444,44,143.3840,6.4772,85.6341,97.2064,5759.4900,0.0000,0.0000,Pass
W6,2444,45,143.5350,6.4775,85.4267,97.9588,5731.6200,0.0000,0.0000,Pass
W6,2444,46,143.8350,6.4785,85.4311,97.9492,5732.2100,0.0000,0.0000,Pass
W6,2444,47,143.9850,6.4788,85.4797,97.6249,5738.7300,0.0000,0.0000,Pass
W6,2444,48,144.2860,6.4806,85.5018,98.0135,5741.7000,0.0000,0.0000,Pass
W6,2444,49,144.8880,6.4828,86.3234,98.4426,5852.5700,0.0000,0.0000,Pass
W6,2444,50,145.0390,6.4835,86.5330,98.2515,5881.0300,0.0000,0.0000,Pass
W6,2444,60,142.7850,6.3245,84.6366,97.4129,5626.0800,0.0000,0.0000,Pass
W6,2444,61,142.9350,6.3248,84.7168,97.3008,5636.7500,0.0000,0.0000,Pass
W6,2444,62,143.2350,6.3257,84.9748,97.8930,5671.1400,0.0000,0.0000,Pass
W6,2444,63,143.3850,6.3262,84.8548,97.9829,5655.1300,0.0000,0.0000,Pass
W6,2444,64,143.5350,6.3268,84.9660,98.3658,5669.9600,0.0000,0.0000,Pass
W6,2444,65,143.9860,6.3283,85.2719,97.9535,5710.8700,0.0000,0.0000,Pass
W6,2444,66,144.1360,6.3295,85.0281,98.0487,5678.2600,0.0000,0.0000,Pass
W6,2444,67,144.2860,6.3302,85.4709,98.4922,5737.5500,0.0000,0.0000,Pass
W6,2444,68,144.4370,6.3306,85.8235,98.7854,5784.9800,0.0000,0.0000,Pass
W6,2444,69,144.5870,6.3312,85.8455,98.0404,5787.9500,0.0000,0.0000,Pass
W6,2444,70,144.7380,6.3318,85.7531,98.4920,5775.4900,0.0000,0.0000,Pass
W6,2444,71,144.8880,6.3322,86.4807,98.1926,5873.9200,0.0000,0.0000,Pass
W6,2444,72,145.3400,6.3341,87.4270,98.0352,6003.1700,0.0000,0.0000,Pass
W6,2444,77,143.0850,6.3252,84.8637,96.9234,5656.3200,0.0000,0.0000,Pass
W6,2444,78,143.6850,6.3272,84.9748,97.9630,5671.1400,0.0000,0.0000,Pass
W6,2444,79,143.8360,6.3278,84.9615,97.1385,5669.3600,0.0000,0.0000,Pass
W6,2444,80,145.0390,6.3328,86.5635,97.7753,5885.1800,0.0000,0.0000,Pass
W6,2444,81,145.1890,6.3335,87.1415,97.7612,5964.0400,0.0000,0.0000,Pass
W6,2444,85,145.0400,6.1825,86.2971,97.4673,5849.0200,0.0000,0.0000,Pass
W6,2444,90,142.7860,6.1741,84.6812,97.4315,5632.0100,0.0000,0.0000,Pass
W6,2444,91,142.9360,6.1751,85.0681,97.9248,5683.5900,0.0000,0.0000,Pass
W6,2444,92,143.0850,6.1755,84.9526,96.9045,5668.1800,0.0000,0.0000,Pass
W6,2444,93,143.2350,6.1758,85.1124,98.5581,5689.5200,0.0000,0.0000,Pass
W6,2444,94,143.3850,6.1760,84.8682,97.5754,5656.9100,0.0000,0.0000,Pass
W6,2444,95,143.5350,6.1769,85.1612,97.9189,5696.0500,0.0000,0.0000,Pass
W6,2444,96,143.6850,6.1772,84.9793,98.5666,5671.7400,0.0000,0.0000,Pass
W6,2444,97,143.8360,6.1777,84.9304,98.8738,5665.2100,0.0000,0.0000,Pass
W6,2444,98,143.9860,6.1783,85.1701,98.5434,5697.2300,0.0000,0.0000,Pass
W6,2444,99,144.1360,6.1790,85.1036,98.4671,5688.3400,0.0000,0.0000,Pass
W6,2444,100,144.2870,6.1796,85.4709,98.9206,5737.5500,0.0000,0.0000,Pass
W6,2444,101,144.4370,6.1801,85.5327,98.5737,5745.8500,0.0000,0.0000,Pass
W6,2444,102,144.5880,6.1809,85.4179,99.9726,5730.4300,0.0000,0.0000,Pass
W6,2444,103,144.7380,6.1813,86.1746,98.7671,5832.4100,0.0000,0.0000,Pass
W6,2444,104,144.8890,6.1816,86.2096,98.4207,5837.1600,0.0000,0.0000,Pass
W6,2444,105,145.1900,6.1826,86.5941,98.7002,5889.3300,0.0000,0.0000,Pass
W6,2444,106,145.3410,6.1831,86.9421,97.3256,5936.7700,0.0000,0.0000,Pass
W6,2444,115,142.7860,6.0240,85.0104,96.8232,5675.8900,0.0000,0.0000,Pass
W6,2444,116,142.9360,6.0243,85.2055,98.2192,5701.9700,0.0000,0.0000,Pass
W6,2444,117,143.0860,6.0249,85.2941,98.1502,5713.8300,0.0000,0.0000,Pass
W6,2444,118,143.2360,6.0251,85.5592,98.2544,5749.4100,0.0000,0.0000,Pass
W6,2444,119,143.5360,6.0266,85.1080,98.2460,5688.9300,0.0000,0.0000,Pass
W6,2444,120,143.6860,6.0271,85.1568,98.9685,5695.4500,0.0000,0.0000,Pass
W6,2444,121,144.1370,6.0290,85.5018,98.5587,5741.7000,0.0000,0.0000,Pass
W6,2444,122,144.2870,6.0299,85.9509,98.9328,5802.1800,0.0000,0.0000,Pass
W6,2444,123,144.5880,6.0302,85.9202,99.0755,5798.0200,0.0000,0.0000,Pass
W6,2444,124,144.7390,6.0308,85.9773,99.0089,5805.7300,0.0000,0.0000,Pass
W6,2444,125,144.8890,6.0314,86.3409,99.2054,5854.9400,0.0000,0.0000,Pass
W6,2444,129,143.3860,6.0259,85.3648,98.2316,5723.3200,0.0000,0.0000,Pass
W6,2444,130,143.8360,6.0272,85.5283,99.0705,5745.2600,0.0000,0.0000,Pass
W6,2444,131,143.9870,6.0278,85.3648,99.7189,5723.3200,0.0000,0.0000,Pass
W6,2444,132,144.4380,6.0298,86.0036,99.4221,5809.2900,0.0000,0.0000,Pass
W6,2444,133,145.0400,6.0316,86.8509,98.6478,5924.3100,0.0000,0.0000,Pass
W6,2444,134,145.1900,6.0323,86.7943,98.2470,5916.6100,0.0000,0.0000,Pass
W6,2444,135,145.3410,6.0329,87.2281,98.2412,5975.9000,0.0000,0.0000,Pass
W6,2444,159,143.1630,5.6165,84.7257,99.2851,5637.9400,0.0000,0.0000,Pass
W6,2444,160,144.1520,5.6204,85.8498,99.3238,5788.5400,0.0000,0.0000,Pass
W6,2444,161,144.6480,5.6219,86.5025,98.7441,5876.8800,0.0000,0.0000,Pass
W6,2444,162,143.3280,5.6171,84.6678,98.6830,5630.2300,0.0000,0.0000,Pass
W6,2444,163,143.4930,5.6174,85.2011,99.2910,5701.3800,0.0000,0.0000,Pass
W6,2444,164,143.6570,5.6176,85.3781,99.7918,5725.1000,0.0000,0.0000,Pass
W6,2444,165,143.8220,5.6184,85.3250,98.9520,5717.9800,0.0000,0.0000,Pass
W6,2444,166,143.9880,5.6190,85.6165,99.7552,5757.1100,0.0000,0.0000,Pass
W6,2444,167,144.3170,5.6208,85.8630,99.7001,5790.3200,0.0000,0.0000,Pass
W6,2444,168,144.4820,5.6218,86.2228,99.7938,5838.9400,0.0000,0.0000,Pass
W6,2444,169,144.8130,5.6226,86.5853,99.1825,5888.1500,0.0000,0.0000,Pass
W6,2444,170,144.9780,5.6232,86.8291,99.4718,5921.3500,0.0000,0.0000,Pass
W6,2444,171,145.1430,5.6237,86.8639,99.2019,5926.0900,0.0000,0.0000,Pass
W6,2444,182,142.9990,5.4510,85.3693,99.3348,5723.9100,0.0000,0.0000,Pass
W6,2444,183,143.1630,5.4516,84.9260,98.4810,5664.6200,0.0000,0.0000,Pass
W6,2444,184,143.3280,5.4518,85.0636,99.4526,5683.0000,0.0000,0.0000,Pass
W6,2444,185,143.4930,5.4524,85.4841,99.5457,5739.3300,0.0000,0.0000,Pass
W6,2444,186,143.6580,5.4534,84.9793,97.8057,5671.7400,0.0000,0.0000,Pass
W6,2444,187,143.8230,5.4537,85.1479,99.8108,5694.2700,0.0000,0.0000,Pass
W6,2444,188,143.9880,5.4544,85.0681,99.3859,5683.5900,0.0000,0.0000,Pass
W6,2444,189,144.1530,5.4554,85.2498,99.7731,5707.9000,0.0000,0.0000,Pass
W6,2444,190,144.3180,5.4560,84.8637,99.8859,5656.3200,0.0000,0.0000,Pass
W6,2444,191,144.4830,5.4564,85.2719,99.7024,5710.8700,0.0000,0.0000,Pass
W6,2444,192,144.6480,5.4567,85.7046,99.8507,5768.9700,0.0000,0.0000,Pass
W6,2444,193,144.8130,5.4572,85.7355,98.9288,5773.1200,0.0000,0.0000,Pass
W6,2444,194,145.1440,5.4581,86.2928,99.0893,5848.4200,0.0000,0.0000,Pass
W6,2444,195,144.9780,5.4574,86.1965,99.2796,5835.3800,0.0000,0.0000,Pass
W6,2444,206,143.0000,5.2859,84.8815,99.3006,5658.6900,0.0000,0.0000,Pass
W6,2444,207,143.1640,5.2866,84.7525,98.9995,5641.5000,0.0000,0.0000,Pass
W6,2444,208,143.3290,5.2869,84.8192,99.4314,5650.3900,0.0000,0.0000,Pass
W6,2444,209,143.8240,5.2885,85.3781,99.8352,5725.1000,0.0000,0.0000,Pass
W6,2444,210,144.1530,5.2902,85.2896,99.6924,5713.2400,0.0000,0.0000,Pass
W6,2444,211,144.6490,5.2918,86.1527,99.8334,5829.4500,0.0000,0.0000,Pass
W6,2444,212,144.8140,5.2920,87.0939,99.5035,5957.5200,0.0000,0.0000,Pass
W6,2444,213,144.9790,5.2919,87.3924,99.4139,5998.4300,0.0000,0.0000,Pass
W6,2444,214,143.4940,5.2872,85.4532,99.7831,5735.1800,0.0000,0.0000,Pass
W6,2444,215,143.6590,5.2880,84.9437,99.2108,5666.9900,0.0000,0.0000,Pass
W6,2444,216,143.9880,5.2890,85.0148,99.4924,5676.4800,0.0000,0.0000,Pass
W6,2444,217,144.3180,5.2908,85.3295,99.4903,5718.5800,0.0000,0.0000,Pass
W6,2444,218,144.4840,5.2912,85.7002,99.5467,5768.3800,0.0000,0.0000,Pass
W6,2444,219,145.1440,5.2930,88.5381,97.3726,6156.7300,0.0000,0.0000,Pass
W6,2444,233,144.3190,5.1254,85.5415,99.4674,5747.0400,0.0000,0.0000,Pass
W6,2444,239,143.0000,5.1212,84.8904,98.8551,5659.8800,0.0000,0.0000,Pass
W6,2444,240,143.1650,5.1219,84.6722,98.9395,5630.8300,0.0000,0.0000,Pass
W6,2444,241,143.3300,5.1225,84.9082,99.1985,5662.2500,0.0000,0.0000,Pass
W6,2444,242,143.4940,5.1228,85.4532,99.1304,5735.1800,0.0000,0.0000,Pass
W6,2444,243,143.6590,5.1235,84.9260,99.5677,5664.6200,0.0000,0.0000,Pass
W6,2444,244,143.8240,5.1241,85.0237,99.0202,5677.6700,0.0000,0.0000,Pass
W6,2444,245,144.1540,5.1258,84.3865,99.7100,5592.8800,0.0000,0.0000,Pass
W6,2444,246,144.4840,5.1263,87.4183,98.7709,6001.9800,0.0000,0.0000,Pass
W6,2444,247,144.6490,5.1271,87.6727,99.0469,6036.9700,0.0000,0.0000,Pass
W6,2444,248,144.8140,5.1269,88.7340,98.5667,6184.0100,0.0000,0.0000,Pass
W6,2444,249,144.9800,5.1274,90.2691,98.0515,6399.8200,0.0000,0.0000,Pass
W6,2444,250,145.1450,5.1283,90.9979,97.6857,6503.5800,0.0000,0.0000,Pass
W6,2444,251,143.9890,5.1244,84.7302,99.4627,5638.5300,0.0000,0.0000,Pass
W6,2444,262,143.0010,4.9566,85.0503,99.0945,5681.2200,0.0000,0.0000,Pass
W6,2444,263,143.3300,4.9572,84.8370,99.8499,5652.7600,0.0000,0.0000,Pass
W6,2444,264,143.4950,4.9576,85.2321,99.3969,5705.5300,0.0000,0.0000,Pass
W6,2444,265,143.6600,4.9582,85.0281,99.2089,5678.2600,0.0000,0.0000,Pass
W6,2444,266,143.8250,4.9587,85.2055,99.7189,5701.9700,0.0000,0.0000,Pass
W6,2444,267,143.9900,4.9588,86.6768,99.3024,5900.6000,0.0000,0.0000,Pass
W6,2444,268,144.1540,4.9601,88.4272,98.6812,6141.3200,0.0000,0.0000,Pass
W6,2444,269,144.4840,4.9613,91.6386,99.2468,6595.4800,0.0000,0.0000,Pass
W6,2444,270,144.6490,4.9622,92.1807,99.0744,6673.7500,0.0000,0.0000,Pass
W6,2444,271,144.8150,4.9630,91.2589,98.9879,6540.9400,0.0000,0.0000,Pass
W6,2444,272,144.9800,4.9642,90.7237,99.2675,6464.4500,0.0000,0.0000,Pass
W6,2444,273,143.1660,4.9570,84.7435,99.8094,5640.3100,0.0000,0.0000,Pass
W6,2444,274,144.3200,4.9603,90.0640,98.5717,6370.7700,0.0000,0.0000,Pass
W6,2444,275,145.1460,4.9647,89.0016,98.3048,6221.3600,0.0000,0.0000,Pass
W6,2444,286,143.4960,4.7932,85.4709,99.8568,5737.5500,0.0000,0.0000,Pass
W6,2444,287,144.1550,4.7958,90.6405,99.2308,6452.5900,0.0000,0.0000,Pass
W6,2444,288,144.4850,4.7976,88.2349,98.7452,6114.6400,0.0000,0.0000,Pass
W6,2444,289,143.0010,4.7918,85.4179,99.0692,5730.4300,0.0000,0.0000,Pass
W6,2444,290,143.1660,4.7922,85.4090,99.3283,5729.2500,0.0000,0.0000,Pass
W6,2444,291,143.3300,4.7927,85.2321,99.1866,5705.5300,0.0000,0.0000,Pass
W6,2444,292,143.6600,4.7930,86.6246,98.8685,5893.4800,0.0000,0.0000,Pass
W6,2444,293,143.8250,4.7939,88.2306,98.8079,6114.0400,0.0000,0.0000,Pass
W6,2444,294,143.9910,4.7942,90.7029,99.8350,6461.4900,0.0000,0.0000,Pass
W6,2444,295,144.3190,4.7969,90.3527,99.6947,6411.6800,0.0000,0.0000,Pass
W6,2444,296,144.6500,4.7974,86.9508,98.8190,5937.9500,0.0000,0.0000,Pass
W6,2444,297,144.8150,4.7978,86.2665,99.1258,5844.8600,0.0000,0.0000,Pass
W6,2444,298,144.9810,4.7983,85.8762,99.2246,5792.1000,0.0000,0.0000,Pass
W6,2444,299,145.1460,4.7986,85.4797,98.4483,5738.7300,0.0000,0.0000,Pass
W6,2444,310,143.0020,4.6265,84.7435,98.3771,5640.3100,0.0000,0.0000,Pass
W6,2444,311,143.1670,4.6272,84.9260,99.8577,5664.6200,0.0000,0.0000,Pass
W6,2444,312,143.3310,4.6268,85.3914,99.6417,5726.8800,0.0000,0.0000,Pass
W6,2444,313,143.4960,4.6275,87.0375,98.5101,5949.8100,0.0000,0.0000,Pass
W6,2444,314,143.6610,4.6275,88.6617,99.3532,6173.9300,0.0000,0.0000,Pass
W6,2444,315,143.8260,4.6287,92.3198,99.0375,6693.9100,0.0000,0.0000,Pass
W6,2444,316,144.1550,4.6311,88.1279,98.7666,6099.8100,0.0000,0.0000,Pass
W6,2444,317,144.3200,4.6315,86.2228,99.0405,5838.9400,0.0000,0.0000,Pass
W6,2444,318,144.4850,4.6316,86.2140,99.5159,5837.7500,0.0000,0.0000,Pass
W6,2444,319,144.6510,4.6317,85.9070,96.8004,5796.2500,0.0000,0.0000,Pass
W6,2444,320,144.8160,4.6326,86.5505,98.9004,5883.4000,0.0000,0.0000,Pass
W6,2444,321,144.9810,4.6330,86.4195,98.9787,5865.6200,0.0000,0.0000,Pass
W6,2444,322,145.1470,4.6336,87.0332,98.5185,5949.2200,0.0000,0.0000,Pass
W6,2444,323,143.9900,4.6302,91.2423,99.4075,6538.5600,0.0000,0.0000,Pass
W6,2444,334,143.0020,4.4615,86.0869,98.5993,5820.5600,0.0000,0.0000,Pass
W6,2444,335,143.1670,4.4621,85.4311,97.8009,5732.2100,0.0000,0.0000,Pass
W6,2444,336,143.3320,4.4627,88.0422,99.1882,6087.9600,0.0000,0.0000,Pass
W6,2444,337,143.4980,4.4625,89.0397,98.6882,6226.7000,0.0000,0.0000,Pass
W6,2444,338,143.6610,4.4632,92.8335,97.8460,6768.6100,0.0000,0.0000,Pass
W6,2444,339,144.1560,4.4654,86.2009,98.7378,5835.9700,0.0000,0.0000,Pass
W6,2444,340,144.3210,4.4658,85.9070,98.5775,5796.2500,0.0000,0.0000,Pass
W6,2444,341,144.4860,4.4665,85.8015,99.2219,5782.0200,0.0000,0.0000,Pass
W6,2444,342,144.6510,4.4666,86.5548,97.9491,5884.0000,0.0000,0.0000,Pass
W6,2444,343,144.8170,4.4669,86.6681,98.5585,5899.4100,0.0000,0.0000,Pass
W6,2444,344,144.9820,4.4669,87.9221,98.5740,6071.3500,0.0000,0.0000,Pass
W6,2444,345,143.8260,4.4650,89.1626,99.3912,6243.8900,0.0000,0.0000,Pass
W6,2444,346,143.9910,4.4646,85.8103,99.2221,5783.2000,0.0000,0.0000,Pass
W6,2444,347,145.1470,4.4677,87.5262,98.2367,6016.8100,0.0000,0.0000,Pass
W6,2444,370,142.7930,4.0700,85.7355,98.3617,5773.1200,0.0000,0.0000,Pass
W6,2444,371,143.8430,4.0734,85.4930,98.9955,5740.5100,0.0000,0.0000,Pass
W6,2444,372,144.1440,4.0745,88.1450,98.5710,6102.1900,0.0000,0.0000,Pass
W6,2444,373,144.2930,4.0755,88.5424,99.1477,6157.3300,0.0000,0.0000,Pass
W6,2444,374,144.7450,4.0767,85.4576,96.8767,5735.7700,0.0000,0.0000,Pass
W6,2444,378,142.9420,4.0711,88.2905,97.2173,6122.3400,0.0000,0.0000,Pass
W6,2444,379,143.0920,4.0714,87.3838,98.0107,5997.2400,0.0000,0.0000,Pass
W6,2444,380,143.2460,4.0701,94.1216,94.8940,6957.7500,0.0000,0.0000,Pass
W6,2444,381,143.3910,4.0738,94.8925,98.6795,7072.1800,0.0000,0.0000,Pass
W6,2444,382,143.5420,4.0731,85.7927,98.4636,5780.8300,0.0000,0.0000,Pass
W6,2444,383,143.6920,4.0730,84.9882,97.7971,5672.9200,0.0000,0.0000,Pass
W6,2444,384,143.9930,4.0735,86.7595,98.4816,5911.8600,0.0000,0.0000,Pass
W6,2444,385,144.4440,4.0761,87.7071,98.6202,6041.7100,0.0000,0.0000,Pass
W6,2444,386,144.5940,4.0763,85.9641,98.4189,5803.9500,0.0000,0.0000,Pass
W6,2444,387,144.8960,4.0775,85.5989,99.1272,5754.7400,0.0000,0.0000,Pass
W6,2444,388,145.0460,4.0775,85.7355,97.4436,5773.1200,0.0000,0.0000,Pass
W6,2444,389,145.1970,4.0779,85.5503,97.5093,5748.2200,0.0000,0.0000,Pass
W6,2444,390,145.3480,4.0781,85.5592,96.0676,5749.4100,0.0000,0.0000,Pass
W6,2444,397,142.9420,3.9208,86.4326,97.4899,5867.4000,0.0000,0.0000,Pass
W6,2444,398,144.5950,3.9253,85.7795,97.9028,5779.0500,0.0000,0.0000,Pass
W6,2444,403,142.7930,3.9205,87.5003,96.9557,6013.2500,0.0000,0.0000,Pass
W6,2444,404,143.0940,3.9201,88.1322,99.5150,6100.4100,0.0000,0.0000,Pass
W6,2444,405,143.2420,3.9221,94.9998,96.0829,7088.1900,0.0000,0.0000,Pass
W6,2444,406,143.3920,3.9219,86.2840,99.0829,5847.2400,0.0000,0.0000,Pass
W6,2444,407,143.5430,3.9219,84.7925,97.8235,5646.8300,0.0000,0.0000,Pass
W6,2444,408,143.6930,3.9222,84.9482,97.5410,5667.5900,0.0000,0.0000,Pass
W6,2444,409,143.8440,3.9227,86.1001,98.5641,5822.3300,0.0000,0.0000,Pass
W6,2444,410,143.9940,3.9230,88.2477,98.5109,6116.4200,0.0000,0.0000,Pass
W6,2444,411,144.1430,3.9245,86.8030,97.9659,5917.7900,0.0000,0.0000,Pass
W6,2444,412,144.2940,3.9249,85.5062,97.6992,5742.2900,0.0000,0.0000,Pass
W6,2444,413,144.4440,3.9249,85.1612,97.7470,5696.0500,0.0000,0.0000,Pass
W6,2444,414,144.7460,3.9254,86.4414,98.0585,5868.5800,0.0000,0.0000,Pass
W6,2444,415,144.8960,3.9256,87.0115,97.5647,5946.2500,0.0000,0.0000,Pass
W6,2444,416,145.0470,3.9258,87.8362,97.3248,6059.5000,0.0000,0.0000,Pass
W6,2444,417,145.1970,3.9262,87.6813,96.8553,6038.1500,0.0000,0.0000,Pass
W6,2444,419,145.3480,3.9261,87.9221,98.1606,6071.3500,0.0000,0.0000,Pass
W6,2444,424,144.1440,3.7742,85.1656,97.3765,5696.6400,0.0000,0.0000,Pass
W6,2444,427,142.9430,3.7705,86.0036,97.7655,5809.2900,0.0000,0.0000,Pass
W6,2444,428,143.5440,3.7722,85.4046,97.5501,5728.6500,0.0000,0.0000,Pass
W6,2444,429,143.8440,3.7727,88.8360,97.6743,6198.2400,0.0000,0.0000,Pass
W6,2444,430,144.2950,3.7741,85.1656,97.3257,5696.6400,0.0000,0.0000,Pass
W6,2444,431,144.4450,3.7743,87.0982,97.9558,5958.1100,0.0000,0.0000,Pass
W6,2444,432,144.5960,3.7747,88.8275,97.9726,6197.0500,0.0000,0.0000,Pass
W6,2444,433,144.7460,3.7754,89.1753,98.6037,6245.6700,0.0000,0.0000,Pass
W6,2444,434,144.8960,3.7763,89.4584,97.8923,6285.3900,0.0000,0.0000,Pass
W6,2444,435,145.1980,3.7772,90.2189,97.2866,6392.7100,0.0000,0.0000,Pass
W6,2444,437,142.7930,3.7704,86.6028,96.6907,5890.5200,0.0000,0.0000,Pass
W6,2444,438,143.0930,3.7704,91.6386,97.2639,6595.4800,0.0000,0.0000,Pass
W6,2444,439,143.2420,3.7720,89.6649,97.9502,6314.4500,0.0000,0.0000,Pass
W6,2444,440,143.3930,3.7717,85.3781,97.7769,5725.1000,0.0000,0.0000,Pass
W6,2444,441,143.6940,3.7717,86.7769,97.5636,5914.2300,0.0000,0.0000,Pass
W6,2444,442,143.9940,3.7734,86.6768,97.8832,5900.6000,0.0000,0.0000,Pass
W6,2444,443,145.0470,3.7767,89.3698,97.1281,6272.9400,0.0000,0.0000,Pass
W6,2444,444,145.3480,3.7770,91.0269,97.0860,6507.7300,0.0000,0.0000,Pass
W6,2444,451,142.9450,3.6199,88.5552,96.0267,6159.1000,0.0000,0.0000,Pass
W6,2444,452,144.4450,3.6247,90.1561,98.1250,6383.8200,0.0000,0.0000,Pass
W6,2444,457,142.7940,3.6198,85.8059,96.6512,5782.6100,0.0000,0.0000,Pass
W6,2444,458,143.0940,3.6210,91.4448,96.3783,6567.6200,0.0000,0.0000,Pass
W6,2444,459,143.2430,3.6209,86.9594,97.3825,5939.1400,0.0000,0.0000,Pass
W6,2444,460,143.3940,3.6212,85.8059,97.8581,5782.6100,0.0000,0.0000,Pass
W6,2444,461,143.5440,3.6215,86.3321,98.6272,5853.7600,0.0000,0.0000,Pass
W6,2444,462,143.6940,3.6219,89.7869,96.5875,6331.6400,0.0000,0.0000,Pass
W6,2444,463,143.8440,3.6227,86.6725,97.4305,5900.0000,0.0000,0.0000,Pass
W6,2444,464,143.9950,3.6223,84.7302,97.7424,5638.5300,0.0000,0.0000,Pass
W6,2444,465,144.1450,3.6232,85.4753,98.2607,5738.1400,0.0000,0.0000,Pass
W6,2444,466,144.2960,3.6233,89.1372,97.5487,6240.3300,0.0000,0.0000,Pass
W6,2444,467,144.5960,3.6248,88.3119,97.0560,6125.3100,0.0000,0.0000,Pass
W6,2444,468,144.7470,3.6251,88.3503,96.9435,6130.6500,0.0000,0.0000,Pass
W6,2444,469,144.8970,3.6262,87.7244,97.0525,6044.0800,0.0000,0.0000,Pass
W6,2444,470,145.0480,3.6259,87.9135,96.3507,6070.1700,0.0000,0.0000,Pass
W6,2444,471,145.1990,3.6264,87.8576,96.6194,6062.4600,0.0000,0.0000,Pass
W6,2444,474,145.3500,3.6271,88.8785,97.2585,6204.1700,0.0000,0.0000,Pass
W6,2444,482,142.7950,3.4695,86.8769,96.7728,5927.8700,0.0000,0.0000,Pass
W6,2444,483,142.9440,3.4699,90.5822,95.6674,6444.2900,0.0000,0.0000,Pass
W6,2444,484,143.2440,3.4705,87.5521,96.5510,6020.3600,0.0000,0.0000,Pass
W6,2444,485,143.8450,3.4717,85.4046,96.7142,5728.6500,0.0000,0.0000,Pass
W6,2444,486,143.9960,3.4719,85.7795,96.6856,5779.0500,0.0000,0.0000,Pass
W6,2444,487,144.1460,3.4724,89.7575,96.7314,6327.4900,0.0000,0.0000,Pass
W6,2444,488,144.2950,3.4741,90.0220,96.9244,6364.8400,0.0000,0.0000,Pass
W6,2444,489,144.4460,3.4739,88.4955,96.8969,6150.8000,0.0000,0.0000,Pass
W6,2444,490,144.5970,3.4738,88.2049,96.0464,6110.4900,0.0000,0.0000,Pass
W6,2444,491,144.8980,3.4746,89.2049,96.3059,6249.8200,0.0000,0.0000,Pass
W6,2444,492,145.0480,3.4748,89.4416,96.5285,6283.0200,0.0000,0.0000,Pass
W6,2444,493,145.1990,3.4751,89.6649,96.3956,6314.4500,0.0000,0.0000,Pass
W6,2444,494,143.0940,3.4706,89.7827,96.5811,6331.0500,0.0000,0.0000,Pass
W6,2444,495,143.3950,3.4707,87.6770,97.0352,6037.5600,0.0000,0.0000,Pass
W6,2444,496,143.5450,3.4708,90.2147,95.1414,6392.1200,0.0000,0.0000,Pass
W6,2444,497,143.6940,3.4718,88.6872,96.8917,6177.4800,0.0000,0.0000,Pass
W6,2444,498,144.7470,3.4744,88.8275,97.3698,6197.0500,0.0000,0.0000,Pass
W6,2444,499,145.3500,3.4753,90.2942,95.7674,6403.3800,0.0000,0.0000,Pass
W6,2479,1,-15.8553,6.6788,85.5503,96.4616,5748.2200,0.0000,0.0000,Pass
W6,2479,2,-15.5540,6.6799,85.4621,96.9895,5736.3600,0.0000,0.0000,Pass
W6,2479,8,-17.2070,6.6739,85.7134,96.2110,5770.1600,0.0000,0.0000,Pass
W6,2479,9,-17.0569,6.6750,85.6165,97.8996,5757.1100,0.0000,0.0000,Pass
W6,2479,10,-16.9068,6.6748,84.9482,98.4455,5667.5900,0.0000,0.0000,Pass
W6,2479,11,-16.7566,6.6756,85.5503,97.9918,5748.2200,0.0000,0.0000,Pass
W6,2479,12,-16.6060,6.6757,86.0036,97.8939,5809.2900,0.0000,0.0000,Pass
W6,2479,13,-16.4562,6.6764,85.0237,96.9720,5677.6700,0.0000,0.0000,Pass
W6,2479,14,-16.3057,6.6765,85.3250,97.5440,5717.9800,0.0000,0.0000,Pass
W6,2479,15,-16.1551,6.6771,85.1656,97.7833,5696.6400,0.0000,0.0000,Pass
W6,2479,16,-16.0054,6.6776,85.2852,98.5066,5712.6500,0.0000,0.0000,Pass
W6,2479,17,-15.7046,6.6794,85.5724,97.2460,5751.1900,0.0000,0.0000,Pass
W6,2479,18,-15.4033,6.6797,85.2675,97.5962,5710.2700,0.0000,0.0000,Pass
W6,2479,19,-15.2530,6.6801,85.8059,98.0117,5782.6100,0.0000,0.0000,Pass
W6,2479,20,-15.1031,6.6812,85.2631,97.6245,5709.6800,0.0000,0.0000,Pass
W6,2479,21,-14.9523,6.6817,85.6165,96.7605,5757.1100,0.0000,0.0000,Pass
W6,2479,22,-14.8017,6.6821,85.9026,96.9661,5795.6500,0.0000,0.0000,Pass
W6,2479,23,-14.6509,6.6820,86.3889,97.2035,5861.4700,0.0000,0.0000,Pass
W6,2479,31,-17.0561,6.5244,85.4311,97.5417,5732.2100,0.0000,0.0000,Pass
W6,2479,32,-16.3052,6.5266,85.1036,98.7736,5688.3400,0.0000,0.0000,Pass
W6,2479,33,-15.8547,6.5280,84.8637,97.9053,5656.3200,0.0000,0.0000,Pass
W6,2479,34,-15.5539,6.5293,85.4179,98.2592,5730.4300,0.0000,0.0000,Pass
W6,2479,35,-15.4034,6.5295,84.9837,97.5680,5672.3300,0.0000,0.0000,Pass
W6,2479,36,-15.2533,6.5304,84.9748,96.5858,5671.1400,0.0000,0.0000,Pass
W6,2479,37,-14.8014,6.5313,85.3206,97.6444,5717.3900,0.0000,0.0000,Pass
W6,2479,38,-14.6506,6.5324,86.1790,97.7073,5833.0100,0.0000,0.0000,Pass
W6,2479,41,-17.2064,6.5241,85.0636,97.5043,5683.0000,0.0000,0.0000,Pass
W6,2479,42,-16.9062,6.5245,84.8771,96.1332,5658.1000,0.0000,0.0000,Pass
W6,2479,43,-16.7561,6.5252,84.9926,97.6685,5673.5100,0.0000,0.0000,Pass
W6,2479,44,-16.6059,6.5252,84.8993,97.6683,5661.0600,0.0000,0.0000,Pass
W6,2479,45,-16.4557,6.5256,85.1213,98.1893,5690.7100,0.0000,0.0000,Pass
W6,2479,46,-16.1549,6.5265,84.9304,97.1174,5665.2100,0.0000,0.0000,Pass
W6,2479,47,-16.0045,6.5269,85.2852,98.3812,5712.6500,0.0000,0.0000,Pass
W6,2479,48,-15.7040,6.5289,85.4179,98.1657,5730.4300,0.0000,0.0000,Pass
W6,2479,49,-15.1024,6.5309,85.4135,98.7385,5729.8400,0.0000,0.0000,Pass
W6,2479,50,-14.9517,6.5307,85.3914,98.2662,5726.8800,0.0000,0.0000,Pass
W6,2479,60,-17.2062,6.3739,84.9571,96.8442,5668.7700,0.0000,0.0000,Pass
W6,2479,61,-17.0560,6.3738,84.9748,97.8365,5671.1400,0.0000,0.0000,Pass
W6,2479,62,-16.7553,6.3751,84.8504,97.0750,5654.5400,0.0000,0.0000,Pass
W6,2479,63,-16.6057,6.3751,84.8860,96.6558,5659.2900,0.0000,0.0000,Pass
W6,2479,64,-16.4552,6.3754,85.0814,98.2200,5685.3700,0.0000,0.0000,Pass
W6,2479,65,-16.0044,6.3761,84.4938,97.8512,5607.1100,0.0000,0.0000,Pass
W6,2479,66,-15.8544,6.3777,84.7302,97.3869,5638.5300,0.0000,0.0000,Pass
W6,2479,67,-15.7041,6.3786,84.5786,98.7782,5618.3700,0.0000,0.0000,Pass
W6,2479,68,-15.5533,6.3785,84.7079,98.6221,5635.5700,0.0000,0.0000,Pass
W6,2479,69,-15.4031,6.3791,84.9660,98.2811,5669.9600,0.0000,0.0000,Pass
W6,2479,70,-15.2524,6.3798,85.0370,98.4515,5679.4400,0.0000,0.0000,Pass
W6,2479,71,-15.1022,6.3799,85.3560,98.1413,5722.1300,0.0000,0.0000,Pass
W6,2479,72,-14.6503,6.3814,85.4002,96.9515,5728.0600,0.0000,0.0000,Pass
W6,2479,77,-16.9061,6.3740,85.2631,97.4126,5709.6800,0.0000,0.0000,Pass
W6,2479,78,-16.3045,6.3754,84.6232,98.4727,5624.3000,0.0000,0.0000,Pass
W6,2479,79,-16.1548,6.3761,84.2611,98.9247,5576.2800,0.0000,0.0000,Pass
W6,2479,80,-14.9515,6.3802,85.3604,97.2043,5722.7300,0.0000,0.0000,Pass
W6,2479,81,-14.8010,6.3811,85.3472,96.4828,5720.9500,0.0000,0.0000,Pass
W6,2479,85,-14.9514,6.2301,84.9926,97.5666,5673.5100,0.0000,0.0000,Pass
W6,2479,90,-17.2058,6.2230,84.9393,95.6206,5666.4000,0.0000,0.0000,Pass
W6,2479,91,-17.0553,6.2239,85.2011,97.5063,5701.3800,0.0000,0.0000,Pass
W6,2479,92,-16.9059,6.2245,85.0858,98.4565,5685.9700,0.0000,0.0000,Pass
W6,2479,93,-16.7550,6.2247,84.7257,97.5931,5637.9400,0.0000,0.0000,Pass
W6,2479,94,-16.6049,6.2241,85.3825,98.3986,5725.6900,0.0000,0.0000,Pass
W6,2479,95,-16.4549,6.2252,84.5875,98.1439,5619.5600,0.0000,0.0000,Pass
W6,2479,96,-16.3048,6.2257,84.9126,99.0819,5662.8400,0.0000,0.0000,Pass
W6,2479,97,-16.1544,6.2260,84.8415,99.1783,5653.3600,0.0000,0.0000,Pass
W6,2479,98,-16.0040,6.2263,84.8059,98.8624,5648.6100,0.0000,0.0000,Pass
W6,2479,99,-15.8539,6.2272,84.9260,98.6067,5664.6200,0.0000,0.0000,Pass
W6,2479,100,-15.7036,6.2280,84.6410,97.5627,5626.6800,0.0000,0.0000,Pass
W6,2479,101,-15.5532,6.2284,84.8548,98.7445,5655.1300,0.0000,0.0000,Pass
W6,2479,102,-15.4027,6.2294,85.1612,99.0919,5696.0500,0.0000,0.0000,Pass
W6,2479,103,-15.2519,6.2291,85.5548,98.4183,5748.8100,0.0000,0.0000,Pass
W6,2479,104,-15.1015,6.2294,85.2099,98.6183,5702.5700,0.0000,0.0000,Pass
W6,2479,105,-14.8009,6.2310,85.7927,98.7124,5780.8300,0.0000,0.0000,Pass
W6,2479,106,-14.6503,6.2313,85.6474,98.2046,5761.2600,0.0000,0.0000,Pass
W6,2479,115,-17.2049,6.0724,85.4046,97.8681,5728.6500,0.0000,0.0000,Pass
W6,2479,116,-17.0553,6.0728,85.4135,98.3159,5729.8400,0.0000,0.0000,Pass
W6,2479,117,-16.9051,6.0731,84.9526,97.1816,5668.1800,0.0000,0.0000,Pass
W6,2479,118,-16.7550,6.0734,85.1080,98.3969,5688.9300,0.0000,0.0000,Pass
W6,2479,119,-16.4542,6.0751,84.8237,98.9265,5650.9800,0.0000,0.0000,Pass
W6,2479,120,-16.3042,6.0751,85.2542,98.9401,5708.5000,0.0000,0.0000,Pass
W6,2479,121,-15.8537,6.0771,85.3737,99.1463,5724.5000,0.0000,0.0000,Pass
W6,2479,122,-15.7028,6.0777,85.6562,99.0034,5762.4500,0.0000,0.0000,Pass
W6,2479,123,-15.4024,6.0786,85.2675,99.0670,5710.2700,0.0000,0.0000,Pass
W6,2479,124,-15.2514,6.0782,85.2941,98.4718,5713.8300,0.0000,0.0000,Pass
W6,2479,125,-15.1008,6.0797,85.6870,98.8890,5766.6000,0.0000,0.0000,Pass
W6,2479,129,-16.6048,6.0743,85.1257,98.3805,5691.3000,0.0000,0.0000,Pass
W6,2479,130,-16.1537,6.0752,84.9970,99.1886,5674.1100,0.0000,0.0000,Pass
W6,2479,131,-16.0038,6.0757,84.8815,99.0146,5658.6900,0.0000,0.0000,Pass
W6,2479,132,-15.5521,6.0781,85.3781,98.5530,5725.1000,0.0000,0.0000,Pass
W6,2479,133,-14.9506,6.0799,85.1656,97.4591,5696.6400,0.0000,0.0000,Pass
W6,2479,134,-14.8004,6.0803,85.7134,98.5422,5770.1600,0.0000,0.0000,Pass
W6,2479,135,-14.6498,6.0812,85.7178,98.3250,5770.7500,0.0000,0.0000,Pass
W6,2479,159,-16.8279,5.6651,84.5920,98.0514,5620.1500,0.0000,0.0000,Pass
W6,2479,160,-15.8380,5.6683,84.7925,99.3712,5646.8300,0.0000,0.0000,Pass
W6,2479,161,-15.3426,5.6699,85.3869,99.5666,5726.2800,0.0000,0.0000,Pass
W6,2479,162,-16.6626,5.6659,85.2011,99.1922,5701.3800,0.0000,0.0000,Pass
W6,2479,163,-16.4978,5.6658,85.2055,98.9413,5701.9700,0.0000,0.0000,Pass
W6,2479,164,-16.3328,5.6666,85.2011,99.0116,5701.3800,0.0000,0.0000,Pass
W6,2479,165,-16.1678,5.6671,85.1701,99.4157,5697.2300,0.0000,0.0000,Pass
W6,2479,166,-16.0031,5.6676,85.2099,99.8403,5702.5700,0.0000,0.0000,Pass
W6,2479,167,-15.6724,5.6690,85.3118,98.6287,5716.2000,0.0000,0.0000,Pass
W6,2479,168,-15.5074,5.6693,85.3958,99.4935,5727.4700,0.0000,0.0000,Pass
W6,2479,169,-15.1775,5.6708,85.3472,97.8315,5720.9500,0.0000,0.0000,Pass
W6,2479,170,-15.0119,5.6708,85.1701,99.6475,5697.2300,0.0000,0.0000,Pass
W6,2479,171,-14.8472,5.6713,85.6474,98.7183,5761.2600,0.0000,0.0000,Pass
W6,2479,182,-16.9915,5.4986,84.6143,99.5381,5623.1200,0.0000,0.0000,Pass
W6,2479,183,-16.8271,5.5003,84.5339,98.7800,5612.4500,0.0000,0.0000,Pass
W6,2479,184,-16.6623,5.5000,84.4893,99.6618,5606.5200,0.0000,0.0000,Pass
W6,2479,185,-16.4971,5.5008,84.9126,99.7618,5662.8400,0.0000,0.0000,Pass
W6,2479,186,-16.3319,5.5013,84.2970,98.0903,5581.0200,0.0000,0.0000,Pass
W6,2479,187,-16.1667,5.5017,84.6410,98.2915,5626.6800,0.0000,0.0000,Pass
W6,2479,188,-16.0024,5.5021,84.2567,99.4577,5575.6900,0.0000,0.0000,Pass
W6,2479,189,-15.8381,5.5037,84.7480,98.4692,5640.9000,0.0000,0.0000,Pass
W6,2479,190,-15.6725,5.5040,84.5697,99.6377,5617.1900,0.0000,0.0000,Pass
W6,2479,191,-15.5067,5.5048,84.4848,98.8992,5605.9200,0.0000,0.0000,Pass
W6,2479,192,-15.3423,5.5049,85.4444,99.6085,5733.9900,0.0000,0.0000,Pass
W6,2479,193,-15.1776,5.5052,85.1612,99.5924,5696.0500,0.0000,0.0000,Pass
W6,2479,194,-14.8468,5.5068,84.8771,99.3474,5658.1000,0.0000,0.0000,Pass
W6,2479,195,-15.0118,5.5062,84.9171,98.8735,5663.4400,0.0000,0.0000,Pass
W6,2479,206,-16.9910,5.3345,84.4714,99.3481,5604.1400,0.0000,0.0000,Pass
W6,2479,207,-16.8263,5.3346,84.9349,99.1949,5665.8100,0.0000,0.0000,Pass
W6,2479,208,-16.6614,5.3353,84.6143,98.1170,5623.1200,0.0000,0.0000,Pass
W6,2479,209,-16.1670,5.3367,84.6589,98.8557,5629.0500,0.0000,0.0000,Pass
W6,2479,210,-15.8370,5.3393,84.4088,98.7952,5595.8400,0.0000,0.0000,Pass
W6,2479,211,-15.3415,5.3397,84.5697,99.2386,5617.1900,0.0000,0.0000,Pass
W6,2479,212,-15.1765,5.3407,84.9437,98.8241,5666.9900,0.0000,0.0000,Pass
W6,2479,213,-15.0114,5.3411,85.2985,99.5450,5714.4300,0.0000,0.0000,Pass
W6,2479,214,-16.4964,5.3360,84.3462,97.9907,5587.5400,0.0000,0.0000,Pass
W6,2479,215,-16.3316,5.3366,85.0414,98.6127,5680.0400,0.0000,0.0000,Pass
W6,2479,216,-16.0015,5.3369,83.7489,98.8920,5508.6900,0.0000,0.0000,Pass
W6,2479,217,-15.6718,5.3391,84.6722,99.2770,5630.8300,0.0000,0.0000,Pass
W6,2479,218,-15.5069,5.3387,84.5205,98.5440,5610.6700,0.0000,0.0000,Pass
W6,2479,219,-14.8468,5.3421,85.3206,99.3173,5717.3900,0.0000,0.0000,Pass
W6,2479,233,-15.6715,5.1736,84.0009,98.9730,5541.8900,0.0000,0.0000,Pass
W6,2479,239,-16.9906,5.1701,84.6767,99.2828,5631.4200,0.0000,0.0000,Pass
W6,2479,240,-16.8261,5.1701,84.3014,98.3620,5581.6100,0.0000,0.0000,Pass
W6,2479,241,-16.6605,5.1708,84.8148,99.6118,5649.8000,0.0000,0.0000,Pass
W6,2479,242,-16.4960,5.1716,84.4759,99.1762,5604.7400,0.0000,0.0000,Pass
W6,2479,243,-16.3313,5.1711,84.7569,98.4138,5642.0900,0.0000,0.0000,Pass
W6,2479,244,-16.1662,5.1719,83.7264,99.4341,5505.7200,0.0000,0.0000,Pass
W6,2479,245,-15.8366,5.1733,83.9515,99.0983,5535.3700,0.0000,0.0000,Pass
W6,2479,246,-15.5061,5.1748,84.0638,98.6610,5550.1900,0.0000,0.0000,Pass
W6,2479,247,-15.3414,5.1752,84.4044,99.0783,5595.2500,0.0000,0.0000,Pass
W6,2479,248,-15.1762,5.1756,84.0773,99.6798,5551.9700,0.0000,0.0000,Pass
W6,2479,249,-15.0113,5.1767,84.7302,99.3435,5638.5300,0.0000,0.0000,Pass
W6,2479,250,-14.8459,5.1771,84.7703,98.2738,5643.8700,0.0000,0.0000,Pass
W6,2479,251,-16.0011,5.1725,83.9155,99.0465,5530.6200,0.0000,0.0000,Pass
W6,2479,262,-16.9901,5.0042,85.2852,99.1846,5712.6500,0.0000,0.0000,Pass
W6,2479,263,-16.6602,5.0065,85.0326,99.4592,5678.8500,0.0000,0.0000,Pass
W6,2479,264,-16.4947,5.0062,84.4357,98.8141,5599.4000,0.0000,0.0000,Pass
W6,2479,265,-16.3305,5.0073,84.6143,98.6889,5623.1200,0.0000,0.0000,Pass
W6,2479,266,-16.1654,5.0074,84.8949,99.4515,5660.4700,0.0000,0.0000,Pass
W6,2479,267,-16.0006,5.0076,84.6812,99.6349,5632.0100,0.0000,0.0000,Pass
W6,2479,268,-15.8359,5.0086,84.5116,99.2865,5609.4800,0.0000,0.0000,Pass
W6,2479,269,-15.5054,5.0098,84.8904,99.8465,5659.8800,0.0000,0.0000,Pass
W6,2479,270,-15.3414,5.0108,84.9393,99.7321,5666.4000,0.0000,0.0000,Pass
W6,2479,271,-15.1761,5.0110,84.6410,99.1368,5626.6800,0.0000,0.0000,Pass
W6,2479,272,-15.0095,5.0117,85.3914,98.3764,5726.8800,0.0000,0.0000,Pass
W6,2479,273,-16.8250,5.0056,84.6098,98.7108,5622.5200,0.0000,0.0000,Pass
W6,2479,274,-15.6708,5.0096,84.4938,99.1602,5607.1100,0.0000,0.0000,Pass
W6,2479,275,-14.8451,5.0117,85.6826,97.6996,5766.0100,0.0000,0.0000,Pass
W6,2479,286,-16.4949,4.8416,84.7525,99.1054,5641.5000,0.0000,0.0000,Pass
W6,2479,287,-15.8350,4.8440,84.6187,99.5262,5623.7100,0.0000,0.0000,Pass
W6,2479,288,-15.5052,4.8450,85.1612,99.3607,5696.0500,0.0000,0.0000,Pass
W6,2479,289,-16.9894,4.8388,85.1878,99.5034,5699.6000,0.0000,0.0000,Pass
W6,2479,290,-16.8249,4.8403,84.9037,98.8576,5661.6600,0.0000,0.0000,Pass
W6,2479,291,-16.6595,4.8407,84.9260,99.0598,5664.6200,0.0000,0.0000,Pass
W6,2479,292,-16.3300,4.8416,84.9082,98.3190,5662.2500,0.0000,0.0000,Pass
W6,2479,293,-16.1648,4.8415,84.8459,99.2212,5653.9500,0.0000,0.0000,Pass
W6,2479,294,-15.9997,4.8422,84.9393,99.4282,5666.4000,0.0000,0.0000,Pass
W6,2479,295,-15.6704,4.8451,84.7168,97.7253,5636.7500,0.0000,0.0000,Pass
W6,2479,296,-15.3401,4.8454,85.2719,99.5319,5710.8700,0.0000,0.0000,Pass
W6,2479,297,-15.1743,4.8462,85.0459,99.1900,5680.6300,0.0000,0.0000,Pass
W6,2479,298,-15.0103,4.8469,84.9571,99.6811,5668.7700,0.0000,0.0000,Pass
W6,2479,299,-14.8440,4.8470,85.5415,98.2830,5747.0400,0.0000,0.0000,Pass
W6,2479,310,-16.9896,4.6743,85.0326,99.2876,5678.8500,0.0000,0.0000,Pass
W6,2479,311,-16.8243,4.6749,85.1745,99.4510,5697.8200,0.0000,0.0000,Pass
W6,2479,312,-16.6591,4.6755,84.9748,99.7640,5671.1400,0.0000,0.0000,Pass
W6,2479,313,-16.4948,4.6767,84.6143,98.5512,5623.1200,0.0000,0.0000,Pass
W6,2479,314,-16.3296,4.6765,85.1036,99.3454,5688.3400,0.0000,0.0000,Pass
W6,2479,315,-16.1641,4.6769,85.2587,98.8864,5709.0900,0.0000,0.0000,Pass
W6,2479,316,-15.8348,4.6796,85.0503,98.9367,5681.2200,0.0000,0.0000,Pass
W6,2479,317,-15.6700,4.6794,84.9215,99.5769,5664.0300,0.0000,0.0000,Pass
W6,2479,318,-15.5049,4.6797,85.3250,98.8006,5717.9800,0.0000,0.0000,Pass
W6,2479,319,-15.3393,4.6805,85.1435,98.3129,5693.6700,0.0000,0.0000,Pass
W6,2479,320,-15.1745,4.6810,84.8548,98.6099,5655.1300,0.0000,0.0000,Pass
W6,2479,321,-15.0094,4.6815,85.1479,99.4514,5694.2700,0.0000,0.0000,Pass
W6,2479,322,-14.8447,4.6823,85.6297,99.3124,5758.8900,0.0000,0.0000,Pass
W6,2479,323,-15.9992,4.6783,85.2852,98.8018,5712.6500,0.0000,0.0000,Pass
W6,2479,334,-16.9885,4.5103,84.8014,99.2472,5648.0200,0.0000,0.0000,Pass
W6,2479,335,-16.8236,4.5099,85.9773,99.2610,5805.7300,0.0000,0.0000,Pass
W6,2479,336,-16.6589,4.5104,85.0237,98.9090,5677.6700,0.0000,0.0000,Pass
W6,2479,337,-16.4936,4.5111,84.9171,98.3869,5663.4400,0.0000,0.0000,Pass
W6,2479,338,-16.3286,4.5122,85.3693,99.4283,5723.9100,0.0000,0.0000,Pass
W6,2479,339,-15.8343,4.5138,85.1789,98.6961,5698.4200,0.0000,0.0000,Pass
W6,2479,340,-15.6687,4.5142,85.7267,98.2779,5771.9400,0.0000,0.0000,Pass
W6,2479,341,-15.5043,4.5146,85.2675,98.9292,5710.2700,0.0000,0.0000,Pass
W6,2479,342,-15.3387,4.5161,85.0814,98.0629,5685.3700,0.0000,0.0000,Pass
W6,2479,343,-15.1733,4.5159,85.3073,98.4111,5715.6100,0.0000,0.0000,Pass
W6,2479,344,-15.0090,4.5171,85.3073,98.2227,5715.6100,0.0000,0.0000,Pass
W6,2479,345,-16.1638,4.5125,85.3648,99.0461,5723.3200,0.0000,0.0000,Pass
W6,2479,346,-15.9992,4.5127,85.5062,99.5165,5742.2900,0.0000,0.0000,Pass
W6,2479,347,-14.8436,4.5168,85.4753,96.8461,5738.1400,0.0000,0.0000,Pass
W6,2479,370,-17.1985,4.1185,85.6341,97.9770,5759.4900,0.0000,0.0000,Pass
W6,2479,371,-16.1479,4.1217,84.5964,97.5906,5620.7500,0.0000,0.0000,Pass
W6,2479,372,-15.8470,4.1232,84.7836,98.4668,5645.6500,0.0000,0.0000,Pass
W6,2479,373,-15.6970,4.1241,84.8904,98.2240,5659.8800,0.0000,0.0000,Pass
W6,2479,374,-15.2455,4.1252,85.3825,98.0059,5725.6900,0.0000,0.0000,Pass
W6,2479,378,-17.0490,4.1183,85.3914,97.7440,5726.8800,0.0000,0.0000,Pass
W6,2479,379,-16.8986,4.1195,84.9260,97.0210,5664.6200,0.0000,0.0000,Pass
W6,2479,380,-16.7490,4.1198,84.6009,98.4190,5621.3400,0.0000,0.0000,Pass
W6,2479,381,-16.5984,4.1205,84.8949,98.6966,5660.4700,0.0000,0.0000,Pass
W6,2479,382,-16.4485,4.1209,84.8504,98.9322,5654.5400,0.0000,0.0000,Pass
W6,2479,383,-16.2979,4.1208,84.9037,99.0411,5661.6600,0.0000,0.0000,Pass
W6,2479,384,-15.9968,4.1221,85.2896,98.9133,5713.2400,0.0000,0.0000,Pass
W6,2479,385,-15.5462,4.1246,84.8459,98.4609,5653.9500,0.0000,0.0000,Pass
W6,2479,386,-15.3961,4.1249,85.0858,98.6308,5685.9700,0.0000,0.0000,Pass
W6,2479,387,-15.0939,4.1258,84.8771,96.9271,5658.1000,0.0000,0.0000,Pass
W6,2479,388,-14.9443,4.1263,84.7792,96.8038,5645.0600,0.0000,0.0000,Pass
W6,2479,389,-14.7940,4.1266,85.0104,97.6564,5675.8900,0.0000,0.0000,Pass
W6,2479,390,-14.6437,4.1274,85.3162,97.3120,5716.8000,0.0000,0.0000,Pass
W6,2479,397,-17.0479,3.9683,84.4669,98.7182,5603.5500,0.0000,0.0000,Pass
W6,2479,398,-15.3949,3.9743,85.0991,97.3686,5687.7400,0.0000,0.0000,Pass
W6,2479,403,-17.1981,3.9687,84.9970,98.1289,5674.1100,0.0000,0.0000,Pass
W6,2479,404,-16.8984,3.9687,84.6098,97.0209,5622.5200,0.0000,0.0000,Pass
W6,2479,405,-16.7483,3.9693,84.7881,98.7925,5646.2400,0.0000,0.0000,Pass
W6,2479,406,-16.5985,3.9695,84.6187,98.2441,5623.7100,0.0000,0.0000,Pass
W6,2479,407,-16.4473,3.9702,84.5920,99.5200,5620.1500,0.0000,0.0000,Pass
W6,2479,408,-16.2966,3.9714,84.7391,98.6188,5639.7200,0.0000,0.0000,Pass
W6,2479,409,-16.1465,3.9712,84.3014,97.1002,5581.6100,0.0000,0.0000,Pass
W6,2479,410,-15.9966,3.9719,84.8682,97.8487,5656.9100,0.0000,0.0000,Pass
W6,2479,411,-15.8468,3.9730,84.6143,97.5743,5623.1200,0.0000,0.0000,Pass
W6,2479,412,-15.6959,3.9732,84.8593,98.0804,5655.7300,0.0000,0.0000,Pass
W6,2479,413,-15.5452,3.9731,84.5875,98.1677,5619.5600,0.0000,0.0000,Pass
W6,2479,414,-15.2444,3.9746,85.0991,97.6445,5687.7400,0.0000,0.0000,Pass
W6,2479,415,-15.0949,3.9751,84.9393,98.7925,5666.4000,0.0000,0.0000,Pass
W6,2479,416,-14.9440,3.9760,85.5195,97.5518,5744.0700,0.0000,0.0000,Pass
W6,2479,417,-14.7933,3.9760,85.2542,96.0649,5708.5000,0.0000,0.0000,Pass
W6,2479,419,-14.6425,3.9766,85.0281,95.7534,5678.2600,0.0000,0.0000,Pass
W6,2479,424,-15.8459,3.8230,84.7124,97.8729,5636.1600,0.0000,0.0000,Pass
W6,2479,427,-17.0480,3.8182,84.9926,96.5180,5673.5100,0.0000,0.0000,Pass
W6,2479,428,-16.4469,3.8201,85.2941,97.7571,5713.8300,0.0000,0.0000,Pass
W6,2479,429,-16.1464,3.8210,85.0414,99.0871,5680.0400,0.0000,0.0000,Pass
W6,2479,430,-15.6955,3.8237,84.8548,97.8295,5655.1300,0.0000,0.0000,Pass
W6,2479,431,-15.5444,3.8235,85.1479,98.1556,5694.2700,0.0000,0.0000,Pass
W6,2479,432,-15.3946,3.8240,85.4311,97.8314,5732.2100,0.0000,0.0000,Pass
W6,2479,433,-15.2438,3.8242,85.1834,98.0086,5699.0100,0.0000,0.0000,Pass
W6,2479,434,-15.0936,3.8247,85.5239,97.6214,5744.6600,0.0000,0.0000,Pass
W6,2479,435,-14.7932,3.8259,85.1257,96.9891,5691.3000,0.0000,0.0000,Pass
W6,2479,437,-17.1975,3.8176,85.3472,98.1337,5720.9500,0.0000,0.0000,Pass
W6,2479,438,-16.8974,3.8180,84.6767,97.6331,5631.4200,0.0000,0.0000,Pass
W6,2479,439,-16.7472,3.8189,84.9215,96.8965,5664.0300,0.0000,0.0000,Pass
W6,2479,440,-16.5973,3.8196,85.3383,98.2086,5719.7600,0.0000,0.0000,Pass
W6,2479,441,-16.2966,3.8202,85.2454,98.0685,5707.3100,0.0000,0.0000,Pass
W6,2479,442,-15.9959,3.8213,85.5062,98.0603,5742.2900,0.0000,0.0000,Pass
W6,2479,443,-14.9430,3.8250,85.1656,96.1450,5696.6400,0.0000,0.0000,Pass
W6,2479,444,-14.6421,3.8259,85.4002,95.7836,5728.0600,0.0000,0.0000,Pass
W6,2479,451,-17.0472,3.6678,85.4135,97.1218,5729.8400,0.0000,0.0000,Pass
W6,2479,452,-15.5451,3.6726,85.4090,97.8129,5729.2500,0.0000,0.0000,Pass
W6,2479,457,-17.1974,3.6666,85.2852,96.1766,5712.6500,0.0000,0.0000,Pass
W6,2479,458,-16.8969,3.6686,85.5106,97.5222,5742.8800,0.0000,0.0000,Pass
W6,2479,459,-16.7468,3.6690,85.4223,97.6647,5731.0300,0.0000,0.0000,Pass
W6,2479,460,-16.5968,3.6688,85.1878,97.5362,5699.6000,0.0000,0.0000,Pass
W6,2479,461,-16.4464,3.6693,85.2941,97.0467,5713.8300,0.0000,0.0000,Pass
W6,2479,462,-16.2961,3.6701,85.0769,96.7206,5684.7800,0.0000,0.0000,Pass
W6,2479,463,-16.1456,3.6704,85.2232,97.6642,5704.3500,0.0000,0.0000,Pass
W6,2479,464,-15.9953,3.6711,85.8455,97.7423,5787.9500,0.0000,0.0000,Pass
W6,2479,465,-15.8452,3.6726,85.1568,97.7533,5695.4500,0.0000,0.0000,Pass
W6,2479,466,-15.6950,3.6727,84.9571,96.2621,5668.7700,0.0000,0.0000,Pass
W6,2479,467,-15.3939,3.6735,84.9571,96.4795,5668.7700,0.0000,0.0000,Pass
W6,2479,468,-15.2432,3.6735,85.5592,97.3565,5749.4100,0.0000,0.0000,Pass
W6,2479,469,-15.0930,3.6743,85.2321,96.8783,5705.5300,0.0000,0.0000,Pass
W6,2479,470,-14.9425,3.6747,85.6606,95.1825,5763.0400,0.0000,0.0000,Pass
W6,2479,471,-14.7922,3.6755,85.7222,95.7971,5771.3400,0.0000,0.0000,Pass
W6,2479,474,-14.6413,3.6754,85.9333,96.5429,5799.8000,0.0000,0.0000,Pass
W6,2479,482,-17.1966,3.5168,85.9509,95.2315,5802.1800,0.0000,0.0000,Pass
W6,2479,483,-17.0461,3.5179,85.8542,95.7129,5789.1300,0.0000,0.0000,Pass
W6,2479,484,-16.7463,3.5181,85.9729,97.4526,5805.1400,0.0000,0.0000,Pass
W6,2479,485,-16.1449,3.5201,85.6209,96.2587,5757.7100,0.0000,0.0000,Pass
W6,2479,486,-15.9950,3.5205,86.3584,97.0987,5857.3200,0.0000,0.0000,Pass
W6,2479,487,-15.8446,3.5213,85.6253,97.4724,5758.3000,0.0000,0.0000,Pass
W6,2479,488,-15.6948,3.5218,86.0124,97.4110,5810.4800,0.0000,0.0000,Pass
W6,2479,489,-15.5444,3.5222,85.5636,97.0933,5750.0000,0.0000,0.0000,Pass
W6,2479,490,-15.3930,3.5228,86.1264,96.8595,5825.8900,0.0000,0.0000,Pass
W6,2479,491,-15.0927,3.5233,86.1220,96.6320,5825.3000,0.0000,0.0000,Pass
W6,2479,492,-14.9420,3.5244,86.3933,95.7559,5862.0600,0.0000,0.0000,Pass
W6,2479,493,-14.7912,3.5247,85.7927,96.4145,5780.8300,0.0000,0.0000,Pass
W6,2479,494,-16.8959,3.5174,86.2971,97.4272,5849.0200,0.0000,0.0000,Pass
W6,2479,495,-16.5959,3.5187,85.8059,97.3062,5782.6100,0.0000,0.0000,Pass
W6,2479,496,-16.4462,3.5186,85.8455,97.6270,5787.9500,0.0000,0.0000,Pass
W6,2479,497,-16.2953,3.5198,85.5989,97.1457,5754.7400,0.0000,0.0000,Pass
W6,2479,498,-15.2429,3.5239,86.1702,97.6111,5831.8200,0.0000,0.0000,Pass
W6,2479,499,-14.6404,3.5250,86.0650,95.4798,5817.5900,0.0000,0.0000,Pass
W6,2639,1,-143.8470,-1.0771,86.3234,98.2239,5852.5700,0.0000,0.0000,Pass
W6,2639,2,-143.5470,-1.0762,86.4457,97.5159,5869.1700,0.0000,0.0000,Pass
W6,2639,8,-145.2000,-1.0815,87.4529,97.3910,6006.7300,0.0000,0.0000,Pass
W6,2639,9,-145.0500,-1.0805,87.3363,96.5652,5990.7200,0.0000,0.0000,Pass
W6,2639,10,-144.9000,-1.0802,87.3233,96.6061,5988.9400,0.0000,0.0000,Pass
W6,2639,11,-144.7490,-1.0797,87.1978,97.3528,5971.7500,0.0000,0.0000,Pass
W6,2639,12,-144.5990,-1.0794,86.7769,96.7547,5914.2300,0.0000,0.0000,Pass
W6,2639,13,-144.4490,-1.0793,86.5766,97.4561,5886.9600,0.0000,0.0000,Pass
W6,2639,14,-144.2980,-1.0785,86.9247,97.9526,5934.3900,0.0000,0.0000,Pass
W6,2639,15,-144.1480,-1.0783,86.7204,97.3193,5906.5300,0.0000,0.0000,Pass
W6,2639,16,-143.9980,-1.0777,86.3889,96.9154,5861.4700,0.0000,0.0000,Pass
W6,2639,17,-143.6970,-1.0770,86.7160,97.2409,5905.9300,0.0000,0.0000,Pass
W6,2639,18,-143.3960,-1.0758,86.3627,97.4508,5857.9100,0.0000,0.0000,Pass
W6,2639,19,-143.2460,-1.0754,86.3671,97.3112,5858.5000,0.0000,0.0000,Pass
W6,2639,20,-143.0960,-1.0751,86.2359,97.0621,5840.7100,0.0000,0.0000,Pass
W6,2639,21,-142.9460,-1.0743,86.2884,97.2298,5847.8300,0.0000,0.0000,Pass
W6,2639,22,-142.7940,-1.0741,86.3933,96.6976,5862.0600,0.0000,0.0000,Pass
W6,2639,23,-142.6440,-1.0735,86.7378,97.0332,5908.9000,0.0000,0.0000,Pass
W6,2639,31,-145.0500,-1.2313,87.6727,97.7228,6036.9700,0.0000,0.0000,Pass
W6,2639,32,-144.2980,-1.2291,86.7204,98.4955,5906.5300,0.0000,0.0000,Pass
W6,2639,33,-143.8470,-1.2269,86.3977,98.3800,5862.6500,0.0000,0.0000,Pass
W6,2639,34,-143.5460,-1.2257,86.0913,98.4085,5821.1500,0.0000,0.0000,Pass
W6,2639,35,-143.3960,-1.2257,85.9904,98.1929,5807.5100,0.0000,0.0000,Pass
W6,2639,36,-143.2450,-1.2245,86.2709,97.4329,5845.4600,0.0000,0.0000,Pass
W6,2639,37,-142.7940,-1.2236,86.1527,97.5084,5829.4500,0.0000,0.0000,Pass
W6,2639,38,-142.6440,-1.2235,85.8718,97.6854,5791.5000,0.0000,0.0000,Pass
W6,2639,41,-145.2000,-1.2316,87.9006,97.0420,6068.3900,0.0000,0.0000,Pass
W6,2639,42,-144.9000,-1.2311,87.2714,96.6617,5981.8300,0.0000,0.0000,Pass
W6,2639,43,-144.7490,-1.2303,87.1719,98.0557,5968.1900,0.0000,0.0000,Pass
W6,2639,44,-144.5990,-1.2299,87.0549,98.2820,5952.1800,0.0000,0.0000,Pass
W6,2639,45,-144.4480,-1.2295,86.9464,97.8776,5937.3600,0.0000,0.0000,Pass
W6,2639,46,-144.1480,-1.2285,86.6463,97.5501,5896.4500,0.0000,0.0000,Pass
W6,2639,47,-143.9980,-1.2279,86.6768,97.9346,5900.6000,0.0000,0.0000,Pass
W6,2639,48,-143.6970,-1.2267,85.8410,97.4300,5787.3500,0.0000,0.0000,Pass
W6,2639,49,-143.0950,-1.2251,86.1045,97.3423,5822.9300,0.0000,0.0000,Pass
W6,2639,50,-142.9440,-1.2242,86.0124,97.0107,5810.4800,0.0000,0.0000,Pass
W6,2639,60,-145.1990,-1.3824,87.2411,96.9626,5977.6800,0.0000,0.0000,Pass
W6,2639,61,-145.0490,-1.3819,87.1242,97.5207,5961.6700,0.0000,0.0000,Pass
W6,2639,62,-144.7490,-1.3809,87.2281,97.1356,5975.9000,0.0000,0.0000,Pass
W6,2639,63,-144.5980,-1.3808,86.7117,98.1038,5905.3400,0.0000,0.0000,Pass
W6,2639,64,-144.4480,-1.3803,86.9030,98.8065,5931.4300,0.0000,0.0000,Pass
W6,2639,65,-143.9970,-1.3787,86.3627,97.9279,5857.9100,0.0000,0.0000,Pass
W6,2639,66,-143.8470,-1.3778,86.6725,98.0309,5900.0000,0.0000,0.0000,Pass
W6,2639,67,-143.6960,-1.3777,86.7160,98.2065,5905.9300,0.0000,0.0000,Pass
W6,2639,68,-143.5460,-1.3768,86.3802,99.1385,5860.2800,0.0000,0.0000,Pass
W6,2639,69,-143.3950,-1.3763,86.0869,98.6358,5820.5600,0.0000,0.0000,Pass
W6,2639,70,-143.2450,-1.3759,86.1965,97.6520,5835.3800,0.0000,0.0000,Pass
W6,2639,71,-143.0950,-1.3754,86.3540,97.6514,5856.7200,0.0000,0.0000,Pass
W6,2639,72,-142.6430,-1.3742,86.0913,96.1217,5821.1500,0.0000,0.0000,Pass
W6,2639,77,-144.8990,-1.3819,87.4399,97.3573,6004.9500,0.0000,0.0000,Pass
W6,2639,78,-144.2970,-1.3801,86.6376,98.1980,5895.2600,0.0000,0.0000,Pass
W6,2639,79,-144.1470,-1.3796,86.7639,97.7006,5912.4600,0.0000,0.0000,Pass
W6,2639,80,-142.9450,-1.3751,85.8542,97.6402,5789.1300,0.0000,0.0000,Pass
W6,2639,81,-142.7940,-1.3744,85.9158,97.6954,5797.4300,0.0000,0.0000,Pass
W6,2639,85,-142.9440,-1.5255,85.8498,97.9607,5788.5400,0.0000,0.0000,Pass
W6,2639,90,-145.1990,-1.5321,87.1329,98.0282,5962.8500,0.0000,0.0000,Pass
W6,2639,91,-145.0490,-1.5318,86.7117,97.6004,5905.3400,0.0000,0.0000,Pass
W6,2639,92,-144.8990,-1.5315,86.6768,98.0464,5900.6000,0.0000,0.0000,Pass
W6,2639,93,-144.7480,-1.5312,86.6420,97.8199,5895.8500,0.0000,0.0000,Pass
W6,2639,94,-144.5980,-1.5307,86.3802,98.2368,5860.2800,0.0000,0.0000,Pass
W6,2639,95,-144.4480,-1.5303,86.2621,98.0694,5844.2700,0.0000,0.0000,Pass
W6,2639,96,-144.2970,-1.5302,86.2228,98.3151,5838.9400,0.0000,0.0000,Pass
W6,2639,97,-144.1470,-1.5300,86.5330,98.3437,5881.0300,0.0000,0.0000,Pass
W6,2639,98,-143.9970,-1.5288,85.7310,99.2466,5772.5300,0.0000,0.0000,Pass
W6,2639,99,-143.8470,-1.5283,86.0211,98.5006,5811.6600,0.0000,0.0000,Pass
W6,2639,100,-143.6960,-1.5278,86.0080,98.4973,5809.8800,0.0000,0.0000,Pass
W6,2639,101,-143.5460,-1.5275,85.6430,98.7503,5760.6700,0.0000,0.0000,Pass
W6,2639,102,-143.3950,-1.5267,85.8410,98.7865,5787.3500,0.0000,0.0000,Pass
W6,2639,103,-143.2450,-1.5264,86.0475,97.9524,5815.2200,0.0000,0.0000,Pass
W6,2639,104,-143.0940,-1.5257,85.7751,99.0373,5778.4600,0.0000,0.0000,Pass
W6,2639,105,-142.7940,-1.5252,86.2578,97.3755,5843.6800,0.0000,0.0000,Pass
W6,2639,106,-142.6430,-1.5246,85.6958,98.2988,5767.7900,0.0000,0.0000,Pass
W6,2639,115,-145.1980,-1.6829,87.8362,98.0036,6059.5000,0.0000,0.0000,Pass
W6,2639,116,-145.0480,-1.6823,87.2238,98.1562,5975.3000,0.0000,0.0000,Pass
W6,2639,117,-144.8980,-1.6818,87.3319,98.3615,5990.1300,0.0000,0.0000,Pass
W6,2639,118,-144.7470,-1.6811,87.0766,98.6905,5955.1400,0.0000,0.0000,Pass
W6,2639,119,-144.4470,-1.6805,86.8900,99.3560,5929.6500,0.0000,0.0000,Pass
W6,2639,120,-144.2970,-1.6803,86.7508,99.1908,5910.6800,0.0000,0.0000,Pass
W6,2639,121,-143.8460,-1.6784,86.2052,98.8740,5836.5600,0.0000,0.0000,Pass
W6,2639,122,-143.6960,-1.6779,86.3146,98.8557,5851.3900,0.0000,0.0000,Pass
W6,2639,123,-143.3950,-1.6768,86.2928,99.6237,5848.4200,0.0000,0.0000,Pass
W6,2639,124,-143.2440,-1.6763,86.1702,97.9601,5831.8200,0.0000,0.0000,Pass
W6,2639,125,-143.0940,-1.6760,85.8235,98.7459,5784.9800,0.0000,0.0000,Pass
W6,2639,129,-144.5980,-1.6810,86.8074,99.1020,5918.3800,0.0000,0.0000,Pass
W6,2639,130,-144.1470,-1.6798,86.7030,98.3787,5904.1600,0.0000,0.0000,Pass
W6,2639,131,-143.9960,-1.6789,86.6115,98.3256,5891.7000,0.0000,0.0000,Pass
W6,2639,132,-143.5450,-1.6771,86.3190,99.0727,5851.9800,0.0000,0.0000,Pass
W6,2639,133,-142.9440,-1.6757,86.1089,99.3666,5823.5200,0.0000,0.0000,Pass
W6,2639,134,-142.7930,-1.6752,86.1352,99.4570,5827.0800,0.0000,0.0000,Pass
W6,2639,135,-142.6430,-1.6743,85.6518,99.2694,5761.8600,0.0000,0.0000,Pass
W6,2639,159,-144.8200,-2.0910,86.9030,98.4862,5931.4300,0.0000,0.0000,Pass
W6,2639,160,-143.8310,-2.0871,86.4239,99.5241,5866.2100,0.0000,0.0000,Pass
W6,2639,161,-143.3360,-2.0855,85.9992,99.4617,5808.7000,0.0000,0.0000,Pass
W6,2639,162,-144.6550,-2.0903,86.7204,99.1933,5906.5300,0.0000,0.0000,Pass
W6,2639,163,-144.4900,-2.0895,87.2022,99.2268,5972.3400,0.0000,0.0000,Pass
W6,2639,164,-144.3250,-2.0893,86.9334,99.8400,5935.5800,0.0000,0.0000,Pass
W6,2639,165,-144.1600,-2.0888,86.6899,97.8033,5902.3800,0.0000,0.0000,Pass
W6,2639,166,-143.9960,-2.0879,86.1395,97.8409,5827.6700,0.0000,0.0000,Pass
W6,2639,167,-143.6650,-2.0865,86.5505,99.4884,5883.4000,0.0000,0.0000,Pass
W6,2639,168,-143.5010,-2.0858,86.0694,99.1645,5818.1800,0.0000,0.0000,Pass
W6,2639,169,-143.1700,-2.0851,85.9685,99.2401,5804.5500,0.0000,0.0000,Pass
W6,2639,170,-143.0060,-2.0847,85.7839,99.2756,5779.6500,0.0000,0.0000,Pass
W6,2639,171,-142.8400,-2.0838,86.2928,98.8073,5848.4200,0.0000,0.0000,Pass
W6,2639,182,-144.9850,-2.2556,86.8726,98.9873,5927.2800,0.0000,0.0000,Pass
W6,2639,183,-144.8200,-2.2552,86.3365,98.7514,5854.3500,0.0000,0.0000,Pass
W6,2639,184,-144.6550,-2.2548,86.4501,99.4764,5869.7700,0.0000,0.0000,Pass
W6,2639,185,-144.4900,-2.2540,86.5112,99.6197,5878.0700,0.0000,0.0000,Pass
W6,2639,186,-144.3250,-2.2541,85.8191,97.7900,5784.3900,0.0000,0.0000,Pass
W6,2639,187,-144.1600,-2.2535,85.9992,99.0152,5808.7000,0.0000,0.0000,Pass
W6,2639,188,-143.9950,-2.2522,85.8059,98.2233,5782.6100,0.0000,0.0000,Pass
W6,2639,189,-143.8310,-2.2519,85.6474,99.3648,5761.2600,0.0000,0.0000,Pass
W6,2639,190,-143.6650,-2.2515,85.8674,99.1445,5790.9100,0.0000,0.0000,Pass
W6,2639,191,-143.5000,-2.2505,85.7575,98.4660,5776.0900,0.0000,0.0000,Pass
W6,2639,192,-143.3350,-2.2501,85.9641,99.4903,5803.9500,0.0000,0.0000,Pass
W6,2639,193,-143.1700,-2.2497,85.3825,98.8380,5725.6900,0.0000,0.0000,Pass
W6,2639,194,-142.8390,-2.2492,86.0694,99.0712,5818.1800,0.0000,0.0000,Pass
W6,2639,195,-143.0040,-2.2495,85.4356,99.8723,5732.8100,0.0000,0.0000,Pass
W6,2639,206,-144.9840,-2.4210,86.8465,99.1874,5923.7200,0.0000,0.0000,Pass
W6,2639,207,-144.8190,-2.4208,86.8552,99.8893,5924.9100,0.0000,0.0000,Pass
W6,2639,208,-144.6540,-2.4202,87.0289,99.5134,5948.6200,0.0000,0.0000,Pass
W6,2639,209,-144.1600,-2.4185,86.2928,99.4000,5848.4200,0.0000,0.0000,Pass
W6,2639,210,-143.8300,-2.4168,85.7751,99.2676,5778.4600,0.0000,0.0000,Pass
W6,2639,211,-143.3340,-2.4153,86.2315,99.9446,5840.1200,0.0000,0.0000,Pass
W6,2639,212,-143.1700,-2.4146,86.0606,99.4841,5817.0000,0.0000,0.0000,Pass
W6,2639,213,-143.0040,-2.4145,86.1571,98.3205,5830.0400,0.0000,0.0000,Pass
W6,2639,214,-144.4890,-2.4200,86.9377,99.6081,5936.1700,0.0000,0.0000,Pass
W6,2639,215,-144.3240,-2.4192,86.7291,99.1506,5907.7100,0.0000,0.0000,Pass
W6,2639,216,-143.9950,-2.4175,85.7619,99.0224,5776.6800,0.0000,0.0000,Pass
W6,2639,217,-143.6650,-2.4166,86.1527,99.4631,5829.4500,0.0000,0.0000,Pass
W6,2639,218,-143.5000,-2.4157,86.0650,99.9472,5817.5900,0.0000,0.0000,Pass
W6,2639,219,-142.8390,-2.4135,85.8323,98.9325,5786.1700,0.0000,0.0000,Pass
W6,2639,233,-143.6640,-2.5819,86.2359,99.5696,5840.7100,0.0000,0.0000,Pass
W6,2639,239,-144.9840,-2.5865,86.5679,99.2980,5885.7800,0.0000,0.0000,Pass
W6,2639,240,-144.8190,-2.5864,86.0168,98.7188,5811.0700,0.0000,0.0000,Pass
W6,2639,241,-144.6540,-2.5852,86.2796,98.5315,5846.6400,0.0000,0.0000,Pass
W6,2639,242,-144.4890,-2.5852,86.0387,99.8223,5814.0300,0.0000,0.0000,Pass
W6,2639,243,-144.3240,-2.5850,85.8542,99.1040,5789.1300,0.0000,0.0000,Pass
W6,2639,244,-144.1590,-2.5841,86.1483,98.8748,5828.8600,0.0000,0.0000,Pass
W6,2639,245,-143.8290,-2.5825,85.8498,99.4728,5788.5400,0.0000,0.0000,Pass
W6,2639,246,-143.4990,-2.5814,85.8718,99.6539,5791.5000,0.0000,0.0000,Pass
W6,2639,247,-143.3340,-2.5806,86.1395,99.7206,5827.6700,0.0000,0.0000,Pass
W6,2639,248,-143.1690,-2.5801,86.2359,99.7962,5840.7100,0.0000,0.0000,Pass
W6,2639,249,-143.0040,-2.5795,85.9421,98.7802,5800.9900,0.0000,0.0000,Pass
W6,2639,250,-142.8390,-2.5790,86.2490,97.9118,5842.4900,0.0000,0.0000,Pass
W6,2639,251,-143.9940,-2.5840,85.4488,98.6226,5734.5800,0.0000,0.0000,Pass
W6,2639,262,-144.9830,-2.7511,87.2281,99.3937,5975.9000,0.0000,0.0000,Pass
W6,2639,263,-144.6530,-2.7495,86.8900,99.5879,5929.6500,0.0000,0.0000,Pass
W6,2639,264,-144.4880,-2.7494,86.6202,99.8044,5892.8900,0.0000,0.0000,Pass
W6,2639,265,-144.3230,-2.7486,85.9246,98.9219,5798.6200,0.0000,0.0000,Pass
W6,2639,266,-144.1580,-2.7479,86.2490,99.5810,5842.4900,0.0000,0.0000,Pass
W6,2639,267,-143.9930,-2.7472,85.5018,98.7630,5741.7000,0.0000,0.0000,Pass
W6,2639,268,-143.8290,-2.7464,85.5724,99.2705,5751.1900,0.0000,0.0000,Pass
W6,2639,269,-143.4990,-2.7452,85.7178,99.0700,5770.7500,0.0000,0.0000,Pass
W6,2639,270,-143.3330,-2.7443,85.9333,98.6607,5799.8000,0.0000,0.0000,Pass
W6,2639,271,-143.1680,-2.7441,85.9377,99.7005,5800.4000,0.0000,0.0000,Pass
W6,2639,272,-143.0030,-2.7440,85.5812,99.2477,5752.3700,0.0000,0.0000,Pass
W6,2639,273,-144.8180,-2.7506,86.7900,99.4666,5916.0100,0.0000,0.0000,Pass
W6,2639,274,-143.6640,-2.7457,86.0299,99.6007,5812.8500,0.0000,0.0000,Pass
W6,2639,275,-142.8380,-2.7435,85.5018,98.3859,5741.7000,0.0000,0.0000,Pass
W6,2639,286,-144.4880,-2.9145,86.9941,99.0247,5943.8800,0.0000,0.0000,Pass
W6,2639,287,-143.8280,-2.9114,86.1395,99.7639,5827.6700,0.0000,0.0000,Pass
W6,2639,288,-143.4980,-2.9098,86.6507,98.9555,5897.0400,0.0000,0.0000,Pass
W6,2639,289,-144.9830,-2.9160,86.6943,99.4533,5902.9700,0.0000,0.0000,Pass
W6,2639,290,-144.8170,-2.9163,86.3234,99.2135,5852.5700,0.0000,0.0000,Pass
W6,2639,291,-144.6530,-2.9156,86.4064,98.4760,5863.8400,0.0000,0.0000,Pass
W6,2639,292,-144.3230,-2.9139,86.5941,99.7509,5889.3300,0.0000,0.0000,Pass
W6,2639,293,-144.1580,-2.9126,86.5068,99.6124,5877.4700,0.0000,0.0000,Pass
W6,2639,294,-143.9930,-2.9121,85.7531,97.7600,5775.4900,0.0000,0.0000,Pass
W6,2639,295,-143.6630,-2.9108,86.1176,99.6198,5824.7100,0.0000,0.0000,Pass
W6,2639,296,-143.3330,-2.9095,86.1790,99.4001,5833.0100,0.0000,0.0000,Pass
W6,2639,297,-143.1680,-2.9093,85.9070,98.8258,5796.2500,0.0000,0.0000,Pass
W6,2639,298,-143.0020,-2.9090,85.9553,99.8423,5802.7700,0.0000,0.0000,Pass
W6,2639,299,-142.8370,-2.9080,85.9509,98.5981,5802.1800,0.0000,0.0000,Pass
W6,2639,310,-144.9820,-3.0810,86.7247,98.6675,5907.1200,0.0000,0.0000,Pass
W6,2639,311,-144.8170,-3.0802,86.4981,99.3638,5876.2900,0.0000,0.0000,Pass
W6,2639,312,-144.6520,-3.0802,86.2446,98.9099,5841.9000,0.0000,0.0000,Pass
W6,2639,313,-144.4870,-3.0794,86.5330,99.0953,5881.0300,0.0000,0.0000,Pass
W6,2639,314,-144.3220,-3.0792,86.6725,99.7905,5900.0000,0.0000,0.0000,Pass
W6,2639,315,-144.1570,-3.0786,86.3059,99.6913,5850.2000,0.0000,0.0000,Pass
W6,2639,316,-143.8270,-3.0765,86.3409,99.3976,5854.9400,0.0000,0.0000,Pass
W6,2639,317,-143.6630,-3.0761,86.3059,99.2204,5850.2000,0.0000,0.0000,Pass
W6,2639,318,-143.4980,-3.0752,86.5505,99.3298,5883.4000,0.0000,0.0000,Pass
W6,2639,319,-143.3320,-3.0748,86.3802,99.6419,5860.2800,0.0000,0.0000,Pass
W6,2639,320,-143.1670,-3.0744,85.9992,99.8282,5808.7000,0.0000,0.0000,Pass
W6,2639,321,-143.0020,-3.0740,86.1264,98.5380,5825.8900,0.0000,0.0000,Pass
W6,2639,322,-142.8370,-3.0735,86.1308,99.1951,5826.4800,0.0000,0.0000,Pass
W6,2639,323,-143.9920,-3.0778,86.3758,98.7833,5859.6900,0.0000,0.0000,Pass
W6,2639,334,-144.9810,-3.2459,87.1545,99.0135,5965.8200,0.0000,0.0000,Pass
W6,2639,335,-144.8160,-3.2455,87.0158,99.0893,5946.8400,0.0000,0.0000,Pass
W6,2639,336,-144.6520,-3.2446,87.0722,99.8240,5954.5500,0.0000,0.0000,Pass
W6,2639,337,-144.4870,-3.2441,86.7682,99.5050,5913.0500,0.0000,0.0000,Pass
W6,2639,338,-144.3220,-3.2438,86.9117,99.0721,5932.6100,0.0000,0.0000,Pass
W6,2639,339,-143.8270,-3.2413,86.7247,99.0531,5907.1200,0.0000,0.0000,Pass
W6,2639,340,-143.6620,-3.2408,86.3146,99.2915,5851.3900,0.0000,0.0000,Pass
W6,2639,341,-143.4970,-3.2393,86.0694,98.5067,5818.1800,0.0000,0.0000,Pass
W6,2639,342,-143.3320,-3.2398,85.8718,98.1908,5791.5000,0.0000,0.0000,Pass
W6,2639,343,-143.1660,-3.2391,85.9421,98.4475,5800.9900,0.0000,0.0000,Pass
W6,2639,344,-143.0010,-3.2387,85.7310,98.0569,5772.5300,0.0000,0.0000,Pass
W6,2639,345,-144.1560,-3.2432,86.7117,99.6649,5905.3400,0.0000,0.0000,Pass
W6,2639,346,-143.9920,-3.2420,86.3627,98.7209,5857.9100,0.0000,0.0000,Pass
W6,2639,347,-142.8360,-3.2386,85.8982,98.1946,5795.0600,0.0000,0.0000,Pass
W6,2639,370,-145.1920,-3.6372,86.9551,98.7182,5938.5400,0.0000,0.0000,Pass
W6,2639,371,-144.1400,-3.6340,86.2884,98.7251,5847.8300,0.0000,0.0000,Pass
W6,2639,372,-143.8400,-3.6327,86.1352,99.0965,5827.0800,0.0000,0.0000,Pass
W6,2639,373,-143.6890,-3.6323,86.2403,98.2992,5841.3100,0.0000,0.0000,Pass
W6,2639,374,-143.2380,-3.6309,85.9685,97.8822,5804.5500,0.0000,0.0000,Pass
W6,2639,378,-145.0420,-3.6370,87.1545,98.1623,5965.8200,0.0000,0.0000,Pass
W6,2639,379,-144.8920,-3.6365,87.0592,98.1064,5952.7700,0.0000,0.0000,Pass
W6,2639,380,-144.7410,-3.6360,86.8639,98.1796,5926.0900,0.0000,0.0000,Pass
W6,2639,381,-144.5910,-3.6356,86.5592,99.0244,5884.5900,0.0000,0.0000,Pass
W6,2639,382,-144.4410,-3.6351,86.3933,98.6441,5862.0600,0.0000,0.0000,Pass
W6,2639,383,-144.2900,-3.6347,86.4981,98.6708,5876.2900,0.0000,0.0000,Pass
W6,2639,384,-143.9900,-3.6330,85.8674,98.8349,5790.9100,0.0000,0.0000,Pass
W6,2639,385,-143.5390,-3.6315,85.8630,97.8190,5790.3200,0.0000,0.0000,Pass
W6,2639,386,-143.3890,-3.6311,86.0299,98.5614,5812.8500,0.0000,0.0000,Pass
W6,2639,387,-143.0880,-3.6301,86.3234,97.6198,5852.5700,0.0000,0.0000,Pass
W6,2639,388,-142.9370,-3.6296,86.3758,97.7708,5859.6900,0.0000,0.0000,Pass
W6,2639,389,-142.7860,-3.6291,86.3889,97.3433,5861.4700,0.0000,0.0000,Pass
W6,2639,390,-142.6360,-3.6290,86.1089,95.6155,5823.5200,0.0000,0.0000,Pass
W6,2639,397,-145.0410,-3.7873,86.8552,97.7422,5924.9100,0.0000,0.0000,Pass
W6,2639,398,-143.3880,-3.7808,85.9026,98.9983,5795.6500,0.0000,0.0000,Pass
W6,2639,403,-145.1910,-3.7878,86.9855,97.9529,5942.6900,0.0000,0.0000,Pass
W6,2639,404,-144.8910,-3.7872,86.7987,97.9764,5917.2000,0.0000,0.0000,Pass
W6,2639,405,-144.7410,-3.7863,86.5592,97.9097,5884.5900,0.0000,0.0000,Pass
W6,2639,406,-144.5910,-3.7859,86.4807,98.8217,5873.9200,0.0000,0.0000,Pass
W6,2639,407,-144.4400,-3.7853,86.5766,98.3566,5886.9600,0.0000,0.0000,Pass
W6,2639,408,-144.2900,-3.7849,86.5897,98.3904,5888.7400,0.0000,0.0000,Pass
W6,2639,409,-144.1400,-3.7843,86.7030,99.4742,5904.1600,0.0000,0.0000,Pass
W6,2639,410,-143.9900,-3.7832,85.8982,97.5090,5795.0600,0.0000,0.0000,Pass
W6,2639,411,-143.8390,-3.7828,86.3321,97.3252,5853.7600,0.0000,0.0000,Pass
W6,2639,412,-143.6890,-3.7821,86.5330,98.9156,5881.0300,0.0000,0.0000,Pass
W6,2639,413,-143.5380,-3.7814,86.0036,97.6648,5809.2900,0.0000,0.0000,Pass
W6,2639,414,-143.2380,-3.7807,86.3365,97.8195,5854.3500,0.0000,0.0000,Pass
W6,2639,415,-143.0870,-3.7799,85.8279,97.5468,5785.5700,0.0000,0.0000,Pass
W6,2639,416,-142.9370,-3.7793,86.0957,97.2697,5821.7400,0.0000,0.0000,Pass
W6,2639,417,-142.7860,-3.7788,86.1308,96.7816,5826.4800,0.0000,0.0000,Pass
W6,2639,419,-142.6350,-3.7787,85.9421,96.5623,5800.9900,0.0000,0.0000,Pass
W6,2639,424,-143.8390,-3.9329,86.1176,98.4962,5824.7100,0.0000,0.0000,Pass
W6,2639,427,-145.0410,-3.9374,87.4917,97.5709,6012.0600,0.0000,0.0000,Pass
W6,2639,428,-144.4400,-3.9352,86.7421,98.6673,5909.4900,0.0000,0.0000,Pass
W6,2639,429,-144.1390,-3.9345,86.5199,97.4057,5879.2500,0.0000,0.0000,Pass
W6,2639,430,-143.6880,-3.9324,86.2052,98.2642,5836.5600,0.0000,0.0000,Pass
W6,2639,431,-143.5380,-3.9325,86.3365,97.9529,5854.3500,0.0000,0.0000,Pass
W6,2639,432,-143.3880,-3.9318,86.0211,98.1727,5811.6600,0.0000,0.0000,Pass
W6,2639,433,-143.2370,-3.9313,86.0606,96.3181,5817.0000,0.0000,0.0000,Pass
W6,2639,434,-143.0870,-3.9314,85.9816,97.2935,5806.3300,0.0000,0.0000,Pass
W6,2639,435,-142.7860,-3.9299,86.2621,96.4596,5844.2700,0.0000,0.0000,Pass
W6,2639,437,-145.1910,-3.9380,87.8533,97.7142,6061.8700,0.0000,0.0000,Pass
W6,2639,438,-144.8910,-3.9371,87.3363,97.6039,5990.7200,0.0000,0.0000,Pass
W6,2639,439,-144.7410,-3.9370,86.9855,97.9115,5942.6900,0.0000,0.0000,Pass
W6,2639,440,-144.5900,-3.9354,86.5810,97.4847,5887.5500,0.0000,0.0000,Pass
W6,2639,441,-144.2890,-3.9349,86.4545,98.5400,5870.3600,0.0000,0.0000,Pass
W6,2639,442,-143.9890,-3.9336,86.0080,97.4400,5809.8800,0.0000,0.0000,Pass
W6,2639,443,-142.9360,-3.9301,85.7134,96.9684,5770.1600,0.0000,0.0000,Pass
W6,2639,444,-142.6340,-3.9291,86.4588,95.6710,5870.9500,0.0000,0.0000,Pass
W6,2639,451,-145.0400,-4.0883,87.8233,97.3323,6057.7200,0.0000,0.0000,Pass
W6,2639,452,-143.5380,-4.0822,86.6725,97.1785,5900.0000,0.0000,0.0000,Pass
W6,2639,457,-145.1910,-4.0889,87.5909,96.7726,6025.7000,0.0000,0.0000,Pass
W6,2639,458,-144.8900,-4.0876,87.2844,96.6234,5983.6000,0.0000,0.0000,Pass
W6,2639,459,-144.7400,-4.0870,87.3017,97.1814,5985.9800,0.0000,0.0000,Pass
W6,2639,460,-144.5890,-4.0869,87.2541,97.6510,5979.4500,0.0000,0.0000,Pass
W6,2639,461,-144.4400,-4.0864,87.0679,97.5922,5953.9600,0.0000,0.0000,Pass
W6,2639,462,-144.2890,-4.0848,87.0245,98.6606,5948.0300,0.0000,0.0000,Pass
W6,2639,463,-144.1390,-4.0850,86.7726,97.7478,5913.6400,0.0000,0.0000,Pass
W6,2639,464,-143.9890,-4.0839,86.4283,97.8922,5866.8000,0.0000,0.0000,Pass
W6,2639,465,-143.8380,-4.0831,86.5723,97.4395,5886.3700,0.0000,0.0000,Pass
W6,2639,466,-143.6880,-4.0827,86.2184,97.5321,5838.3400,0.0000,0.0000,Pass
W6,2639,467,-143.3870,-4.0816,86.5156,97.1420,5878.6600,0.0000,0.0000,Pass
W6,2639,468,-143.2360,-4.0813,86.3496,97.1207,5856.1300,0.0000,0.0000,Pass
W6,2639,469,-143.0860,-4.0809,86.0826,98.2806,5819.9600,0.0000,0.0000,Pass
W6,2639,470,-142.9360,-4.0806,86.0957,95.7736,5821.7400,0.0000,0.0000,Pass
W6,2639,471,-142.7850,-4.0800,86.1965,96.8379,5835.3800,0.0000,0.0000,Pass
W6,2639,474,-142.6340,-4.0791,86.3496,95.6872,5856.1300,0.0000,0.0000,Pass
W6,2639,482,-145.1900,-4.2387,87.8619,95.6307,6063.0500,0.0000,0.0000,Pass
W6,2639,483,-145.0400,-4.2383,87.3881,96.7013,5997.8300,0.0000,0.0000,Pass
W6,2639,484,-144.7390,-4.2372,87.3751,97.4597,5996.0600,0.0000,0.0000,Pass
W6,2639,485,-144.1380,-4.2357,87.0375,97.4146,5949.8100,0.0000,0.0000,Pass
W6,2639,486,-143.9880,-4.2351,86.7769,96.8711,5914.2300,0.0000,0.0000,Pass
W6,2639,487,-143.8370,-4.2345,86.8030,95.3872,5917.7900,0.0000,0.0000,Pass
W6,2639,488,-143.6870,-4.2339,86.6333,97.1372,5894.6700,0.0000,0.0000,Pass
W6,2639,489,-143.5370,-4.2330,86.6507,97.1309,5897.0400,0.0000,0.0000,Pass
W6,2639,490,-143.3860,-4.2327,86.7943,96.7927,5916.6100,0.0000,0.0000,Pass
W6,2639,491,-143.0850,-4.2317,86.3846,96.5855,5860.8700,0.0000,0.0000,Pass
W6,2639,492,-142.9350,-4.2313,86.5679,95.3492,5885.7800,0.0000,0.0000,Pass
W6,2639,493,-142.7840,-4.2305,87.0722,95.7413,5954.5500,0.0000,0.0000,Pass
W6,2639,494,-144.8890,-4.2381,87.6167,97.1033,6029.2600,0.0000,0.0000,Pass
W6,2639,495,-144.5890,-4.2371,87.1545,97.2006,5965.8200,0.0000,0.0000,Pass
W6,2639,496,-144.4390,-4.2363,86.9811,97.2471,5942.1000,0.0000,0.0000,Pass
W6,2639,497,-144.2880,-4.2361,87.3190,97.4471,5988.3500,0.0000,0.0000,Pass
W6,2639,498,-143.2350,-4.2323,86.6420,96.9809,5895.8500,0.0000,0.0000,Pass
W6,2639,499,-142.6340,-4.2305,86.8682,95.0464,5926.6900,0.0000,0.0000,Pass
W6,2737,1,11.5677,-8.9137,85.2365,98.4889,5706.1200,0.0000,0.0000,Pass
W6,2737,2,11.8685,-8.9126,85.4709,97.2668,5737.5500,0.0000,0.0000,Pass
W6,2737,8,10.2158,-8.9186,85.1701,96.2495,5697.2300,0.0000,0.0000,Pass
W6,2737,9,10.3658,-8.9182,85.4046,97.6883,5728.6500,0.0000,0.0000,Pass
W6,2737,10,10.5155,-8.9172,85.2365,96.2000,5706.1200,0.0000,0.0000,Pass
W6,2737,11,10.6661,-8.9172,84.8504,96.6261,5654.5400,0.0000,0.0000,Pass
W6,2737,12,10.8162,-8.9166,85.5989,97.5364,5754.7400,0.0000,0.0000,Pass
W6,2737,13,10.9663,-8.9168,85.0015,97.2522,5674.7000,0.0000,0.0000,Pass
W6,2737,14,11.1169,-8.9158,85.2454,97.4189,5707.3100,0.0000,0.0000,Pass
W6,2737,15,11.2674,-8.9158,85.3472,97.4734,5720.9500,0.0000,0.0000,Pass
W6,2737,16,11.4178,-8.9144,84.9304,98.1153,5665.2100,0.0000,0.0000,Pass
W6,2737,17,11.7187,-8.9136,85.5989,97.2749,5754.7400,0.0000,0.0000,Pass
W6,2737,18,12.0189,-8.9122,85.5150,97.5680,5743.4800,0.0000,0.0000,Pass
W6,2737,19,12.1690,-8.9116,85.2365,98.8133,5706.1200,0.0000,0.0000,Pass
W6,2737,20,12.3201,-8.9110,86.0343,97.6790,5813.4400,0.0000,0.0000,Pass
W6,2737,21,12.4703,-8.9108,85.7619,97.4741,5776.6800,0.0000,0.0000,Pass
W6,2737,22,12.6204,-8.9109,86.2665,97.4957,5844.8600,0.0000,0.0000,Pass
W6,2737,23,12.7720,-8.9095,86.1176,96.1432,5824.7100,0.0000,0.0000,Pass
W6,2737,31,10.3662,-9.0683,84.8326,96.9893,5652.1700,0.0000,0.0000,Pass
W6,2737,32,11.1176,-9.0661,84.3283,98.3235,5585.1700,0.0000,0.0000,Pass
W6,2737,33,11.5678,-9.0643,84.7391,98.0020,5639.7200,0.0000,0.0000,Pass
W6,2737,34,11.8687,-9.0632,85.1257,97.9895,5691.3000,0.0000,0.0000,Pass
W6,2737,35,12.0192,-9.0625,85.1834,99.1152,5699.0100,0.0000,0.0000,Pass
W6,2737,36,12.1696,-9.0619,85.2144,97.8830,5703.1600,0.0000,0.0000,Pass
W6,2737,37,12.6220,-9.0610,85.0903,97.1455,5686.5600,0.0000,0.0000,Pass
W6,2737,38,12.7717,-9.0606,85.0725,97.8703,5684.1900,0.0000,0.0000,Pass
W6,2737,41,10.2160,-9.0686,84.7792,96.8683,5645.0600,0.0000,0.0000,Pass
W6,2737,42,10.5164,-9.0682,85.3781,97.9737,5725.1000,0.0000,0.0000,Pass
W6,2737,43,10.6663,-9.0677,84.7614,97.0350,5642.6800,0.0000,0.0000,Pass
W6,2737,44,10.8167,-9.0671,84.9837,98.4290,5672.3300,0.0000,0.0000,Pass
W6,2737,45,10.9664,-9.0665,84.8281,97.3119,5651.5800,0.0000,0.0000,Pass
W6,2737,46,11.2674,-9.0655,84.8682,97.8614,5656.9100,0.0000,0.0000,Pass
W6,2737,47,11.4176,-9.0656,84.9793,98.7789,5671.7400,0.0000,0.0000,Pass
W6,2737,48,11.7181,-9.0638,84.6722,97.5481,5630.8300,0.0000,0.0000,Pass
W6,2737,49,12.3203,-9.0618,85.0148,98.2790,5676.4800,0.0000,0.0000,Pass
W6,2737,50,12.4705,-9.0615,85.0903,97.1105,5686.5600,0.0000,0.0000,Pass
W6,2737,60,10.2165,-9.2189,84.5920,97.1868,5620.1500,0.0000,0.0000,Pass
W6,2737,61,10.3671,-9.2189,84.8682,97.6314,5656.9100,0.0000,0.0000,Pass
W6,2737,62,10.6666,-9.2178,84.7257,98.5079,5637.9400,0.0000,0.0000,Pass
W6,2737,63,10.8168,-9.2177,84.9393,97.6598,5666.4000,0.0000,0.0000,Pass
W6,2737,64,10.9676,-9.2169,84.1356,98.3414,5559.6800,0.0000,0.0000,Pass
W6,2737,65,11.4188,-9.2159,83.8075,99.7797,5516.4000,0.0000,0.0000,Pass
W6,2737,66,11.5686,-9.2137,84.7970,98.3069,5647.4300,0.0000,0.0000,Pass
W6,2737,67,11.7191,-9.2142,84.4401,97.0733,5599.9900,0.0000,0.0000,Pass
W6,2737,68,11.8691,-9.2134,84.7168,98.2743,5636.7500,0.0000,0.0000,Pass
W6,2737,69,12.0199,-9.2132,84.9304,97.8749,5665.2100,0.0000,0.0000,Pass
W6,2737,70,12.1695,-9.2126,84.8148,97.4861,5649.8000,0.0000,0.0000,Pass
W6,2737,71,12.3209,-9.2126,84.7480,97.0215,5640.9000,0.0000,0.0000,Pass
W6,2737,72,12.7719,-9.2107,85.4797,97.4322,5738.7300,0.0000,0.0000,Pass
W6,2737,77,10.5163,-9.2183,84.2432,96.1534,5573.9100,0.0000,0.0000,Pass
W6,2737,78,11.1173,-9.2166,84.1446,97.9596,5560.8600,0.0000,0.0000,Pass
W6,2737,79,11.2688,-9.2163,84.6633,98.0687,5629.6400,0.0000,0.0000,Pass
W6,2737,80,12.4709,-9.2118,85.4576,98.4261,5735.7700,0.0000,0.0000,Pass
W6,2737,81,12.6217,-9.2109,85.2985,97.5420,5714.4300,0.0000,0.0000,Pass
W6,2737,85,12.4718,-9.3621,85.2409,98.3849,5706.7200,0.0000,0.0000,Pass
W6,2737,90,10.2167,-9.3697,84.4312,97.7303,5598.8100,0.0000,0.0000,Pass
W6,2737,91,10.3667,-9.3690,84.8370,97.2161,5652.7600,0.0000,0.0000,Pass
W6,2737,92,10.5169,-9.3690,84.5652,98.2122,5616.6000,0.0000,0.0000,Pass
W6,2737,93,10.6674,-9.3685,84.3283,99.1738,5585.1700,0.0000,0.0000,Pass
W6,2737,94,10.8176,-9.3676,84.2432,98.0869,5573.9100,0.0000,0.0000,Pass
W6,2737,95,10.9674,-9.3670,84.7569,98.4363,5642.0900,0.0000,0.0000,Pass
W6,2737,96,11.1179,-9.3674,84.2746,99.1356,5578.0600,0.0000,0.0000,Pass
W6,2737,97,11.2681,-9.3665,84.5786,98.0313,5618.3700,0.0000,0.0000,Pass
W6,2737,98,11.4190,-9.3658,84.2880,98.9401,5579.8400,0.0000,0.0000,Pass
W6,2737,99,11.5684,-9.3647,84.5071,99.1328,5608.8900,0.0000,0.0000,Pass
W6,2737,100,11.7189,-9.3647,84.7703,99.1107,5643.8700,0.0000,0.0000,Pass
W6,2737,101,11.8692,-9.3638,84.3954,99.6787,5594.0700,0.0000,0.0000,Pass
W6,2737,102,12.0200,-9.3629,85.0814,99.0876,5685.3700,0.0000,0.0000,Pass
W6,2737,103,12.1704,-9.3628,84.9126,98.8693,5662.8400,0.0000,0.0000,Pass
W6,2737,104,12.3215,-9.3628,85.0015,97.5983,5674.7000,0.0000,0.0000,Pass
W6,2737,105,12.6222,-9.3618,85.2542,96.9072,5708.5000,0.0000,0.0000,Pass
W6,2737,106,12.7723,-9.3608,85.1302,97.5901,5691.9000,0.0000,0.0000,Pass
W6,2737,115,10.2173,-9.5207,84.1042,98.2401,5555.5300,0.0000,0.0000,Pass
W6,2737,116,10.3673,-9.5194,85.1124,98.3904,5689.5200,0.0000,0.0000,Pass
W6,2737,117,10.5174,-9.5186,84.8637,98.3829,5656.3200,0.0000,0.0000,Pass
W6,2737,118,10.6679,-9.5188,84.5563,98.0484,5615.4100,0.0000,0.0000,Pass
W6,2737,119,10.9677,-9.5181,83.8435,97.8730,5521.1400,0.0000,0.0000,Pass
W6,2737,120,11.1185,-9.5170,84.4267,98.2766,5598.2200,0.0000,0.0000,Pass
W6,2737,121,11.5698,-9.5158,84.5473,98.6964,5614.2200,0.0000,0.0000,Pass
W6,2737,122,11.7190,-9.5151,84.7658,98.3306,5643.2800,0.0000,0.0000,Pass
W6,2737,123,12.0206,-9.5144,84.9926,99.2625,5673.5100,0.0000,0.0000,Pass
W6,2737,124,12.1716,-9.5135,84.7836,98.0360,5645.6500,0.0000,0.0000,Pass
W6,2737,125,12.3206,-9.5123,85.3781,98.3360,5725.1000,0.0000,0.0000,Pass
W6,2737,129,10.8179,-9.5182,84.6366,97.8041,5626.0800,0.0000,0.0000,Pass
W6,2737,130,11.2693,-9.5171,84.2790,99.0655,5578.6500,0.0000,0.0000,Pass
W6,2737,131,11.4191,-9.5163,85.1656,99.4854,5696.6400,0.0000,0.0000,Pass
W6,2737,132,11.8702,-9.5143,85.0414,98.9978,5680.0400,0.0000,0.0000,Pass
W6,2737,133,12.4717,-9.5125,85.2852,99.2272,5712.6500,0.0000,0.0000,Pass
W6,2737,134,12.6223,-9.5118,85.7355,98.9049,5773.1200,0.0000,0.0000,Pass
W6,2737,135,12.7732,-9.5115,85.1656,97.4366,5696.6400,0.0000,0.0000,Pass
W6,2737,159,10.5948,-9.9278,84.4446,98.3694,5600.5900,0.0000,0.0000,Pass
W6,2737,160,11.5847,-9.9240,84.9037,99.4997,5661.6600,0.0000,0.0000,Pass
W6,2737,161,12.0800,-9.9224,85.1834,99.3590,5699.0100,0.0000,0.0000,Pass
W6,2737,162,10.7603,-9.9268,84.2925,98.1223,5580.4300,0.0000,0.0000,Pass
W6,2737,163,10.9245,-9.9267,85.1346,99.2578,5692.4900,0.0000,0.0000,Pass
W6,2737,164,11.0900,-9.9260,84.4088,98.8544,5595.8400,0.0000,0.0000,Pass
W6,2737,165,11.2550,-9.9255,85.2675,99.1456,5710.2700,0.0000,0.0000,Pass
W6,2737,166,11.4200,-9.9249,84.7525,99.0255,5641.5000,0.0000,0.0000,Pass
W6,2737,167,11.7499,-9.9232,84.8370,99.5030,5652.7600,0.0000,0.0000,Pass
W6,2737,168,11.9153,-9.9223,85.7090,99.8618,5769.5700,0.0000,0.0000,Pass
W6,2737,169,12.2452,-9.9222,85.3914,99.4298,5726.8800,0.0000,0.0000,Pass
W6,2737,170,12.4097,-9.9210,85.4002,99.1929,5728.0600,0.0000,0.0000,Pass
W6,2737,171,12.5757,-9.9209,85.2055,98.5775,5701.9700,0.0000,0.0000,Pass
W6,2737,182,10.4312,-10.0931,84.7525,99.8346,5641.5000,0.0000,0.0000,Pass
W6,2737,183,10.5952,-10.0924,84.4759,99.8034,5604.7400,0.0000,0.0000,Pass
W6,2737,184,10.7602,-10.0922,84.5116,99.4575,5609.4800,0.0000,0.0000,Pass
W6,2737,185,10.9260,-10.0920,84.6589,98.6614,5629.0500,0.0000,0.0000,Pass
W6,2737,186,11.0905,-10.0917,84.6054,98.9975,5621.9300,0.0000,0.0000,Pass
W6,2737,187,11.2557,-10.0904,84.2611,99.1736,5576.2800,0.0000,0.0000,Pass
W6,2737,188,11.4199,-10.0897,84.1311,97.6383,5559.0800,0.0000,0.0000,Pass
W6,2737,189,11.5845,-10.0889,84.5920,98.9194,5620.1500,0.0000,0.0000,Pass
W6,2737,190,11.7510,-10.0888,84.7079,99.4151,5635.5700,0.0000,0.0000,Pass
W6,2737,191,11.9150,-10.0880,84.5518,99.0628,5614.8200,0.0000,0.0000,Pass
W6,2737,192,12.0800,-10.0871,85.3781,98.9465,5725.1000,0.0000,0.0000,Pass
W6,2737,193,12.2454,-10.0865,84.8682,98.4348,5656.9100,0.0000,0.0000,Pass
W6,2737,194,12.5762,-10.0856,84.6633,99.1204,5629.6400,0.0000,0.0000,Pass
W6,2737,195,12.4104,-10.0869,84.6722,99.2716,5630.8300,0.0000,0.0000,Pass
W6,2737,206,10.4318,-10.2586,84.5741,99.4246,5617.7800,0.0000,0.0000,Pass
W6,2737,207,10.5964,-10.2574,84.1715,97.9602,5564.4200,0.0000,0.0000,Pass
W6,2737,208,10.7613,-10.2571,84.5473,99.2346,5614.2200,0.0000,0.0000,Pass
W6,2737,209,11.2561,-10.2558,84.1805,99.2020,5565.6100,0.0000,0.0000,Pass
W6,2737,210,11.5852,-10.2539,84.4580,99.1435,5602.3700,0.0000,0.0000,Pass
W6,2737,211,12.0807,-10.2518,84.2432,98.7252,5573.9100,0.0000,0.0000,Pass
W6,2737,212,12.2463,-10.2520,84.6767,98.9129,5631.4200,0.0000,0.0000,Pass
W6,2737,213,12.4118,-10.2512,84.4803,98.0276,5605.3300,0.0000,0.0000,Pass
W6,2737,214,10.9261,-10.2568,84.6812,99.5472,5632.0100,0.0000,0.0000,Pass
W6,2737,215,11.0910,-10.2557,84.1580,98.0660,5562.6400,0.0000,0.0000,Pass
W6,2737,216,11.4205,-10.2547,83.7173,99.3681,5504.5400,0.0000,0.0000,Pass
W6,2737,217,11.7502,-10.2537,84.1401,99.0417,5560.2700,0.0000,0.0000,Pass
W6,2737,218,11.9152,-10.2527,84.5429,99.1513,5613.6300,0.0000,0.0000,Pass
W6,2737,219,12.5765,-10.2508,85.1124,99.6014,5689.5200,0.0000,0.0000,Pass
W6,2737,233,11.7511,-10.4189,84.1760,99.2580,5565.0100,0.0000,0.0000,Pass
W6,2737,239,10.4324,-10.4234,84.2342,99.1768,5572.7200,0.0000,0.0000,Pass
W6,2737,240,10.5972,-10.4224,84.3417,99.5442,5586.9500,0.0000,0.0000,Pass
W6,2737,241,10.7619,-10.4221,83.7940,99.3622,5514.6200,0.0000,0.0000,Pass
W6,2737,242,10.9265,-10.4217,84.4759,99.5045,5604.7400,0.0000,0.0000,Pass
W6,2737,243,11.0912,-10.4204,84.1849,98.7452,5566.2000,0.0000,0.0000,Pass
W6,2737,244,11.2561,-10.4195,83.9470,98.8566,5534.7700,0.0000,0.0000,Pass
W6,2737,245,11.5860,-10.4187,83.5775,99.1642,5486.1600,0.0000,0.0000,Pass
W6,2737,246,11.9165,-10.4174,83.9515,99.8595,5535.3700,0.0000,0.0000,Pass
W6,2737,247,12.0808,-10.4177,84.2567,98.6147,5575.6900,0.0000,0.0000,Pass
W6,2737,248,12.2470,-10.4169,84.1849,99.2849,5566.2000,0.0000,0.0000,Pass
W6,2737,249,12.4119,-10.4162,84.2342,98.0911,5572.7200,0.0000,0.0000,Pass
W6,2737,250,12.5769,-10.4154,84.8192,97.8343,5650.3900,0.0000,0.0000,Pass
W6,2737,251,11.4211,-10.4204,83.3513,98.8211,5456.5100,0.0000,0.0000,Pass
W6,2737,262,10.4328,-10.5877,84.7124,99.0066,5636.1600,0.0000,0.0000,Pass
W6,2737,263,10.7625,-10.5865,84.5518,99.2613,5614.8200,0.0000,0.0000,Pass
W6,2737,264,10.9270,-10.5858,84.4312,99.2559,5598.8100,0.0000,0.0000,Pass
W6,2737,265,11.0917,-10.5857,84.9215,99.2435,5664.0300,0.0000,0.0000,Pass
W6,2737,266,11.2569,-10.5854,84.0907,99.2512,5553.7500,0.0000,0.0000,Pass
W6,2737,267,11.4219,-10.5843,84.2074,98.9924,5569.1600,0.0000,0.0000,Pass
W6,2737,268,11.5863,-10.5833,83.9695,99.1647,5537.7400,0.0000,0.0000,Pass
W6,2737,269,11.9168,-10.5825,84.3283,99.7868,5585.1700,0.0000,0.0000,Pass
W6,2737,270,12.0819,-10.5819,84.7213,98.8241,5637.3500,0.0000,0.0000,Pass
W6,2737,271,12.2469,-10.5814,84.4848,99.6333,5605.9200,0.0000,0.0000,Pass
W6,2737,272,12.4126,-10.5814,84.8059,99.0929,5648.6100,0.0000,0.0000,Pass
W6,2737,273,10.5971,-10.5873,84.3507,99.4215,5588.1400,0.0000,0.0000,Pass
W6,2737,274,11.7523,-10.5830,84.0279,99.0925,5545.4500,0.0000,0.0000,Pass
W6,2737,275,12.5771,-10.5798,84.8548,98.6355,5655.1300,0.0000,0.0000,Pass
W6,2737,286,10.9272,-10.7511,84.5429,99.2357,5613.6300,0.0000,0.0000,Pass
W6,2737,287,11.5871,-10.7485,84.2970,98.6801,5581.0200,0.0000,0.0000,Pass
W6,2737,288,11.9174,-10.7478,84.6098,98.8205,5622.5200,0.0000,0.0000,Pass
W6,2737,289,10.4337,-10.7527,84.6990,98.6997,5634.3800,0.0000,0.0000,Pass
W6,2737,290,10.5980,-10.7529,84.7480,99.8600,5640.9000,0.0000,0.0000,Pass
W6,2737,291,10.7633,-10.7519,84.6009,99.5163,5621.3400,0.0000,0.0000,Pass
W6,2737,292,11.0930,-10.7508,84.7302,99.0785,5638.5300,0.0000,0.0000,Pass
W6,2737,293,11.2575,-10.7504,84.2432,98.6899,5573.9100,0.0000,0.0000,Pass
W6,2737,294,11.4224,-10.7492,84.1805,98.6021,5565.6100,0.0000,0.0000,Pass
W6,2737,295,11.7524,-10.7482,84.5830,99.6914,5618.9700,0.0000,0.0000,Pass
W6,2737,296,12.0824,-10.7470,84.7881,98.9220,5646.2400,0.0000,0.0000,Pass
W6,2737,297,12.2475,-10.7464,84.7079,98.3890,5635.5700,0.0000,0.0000,Pass
W6,2737,298,12.4129,-10.7458,84.8192,98.9040,5650.3900,0.0000,0.0000,Pass
W6,2737,299,12.5780,-10.7453,85.4046,98.3189,5728.6500,0.0000,0.0000,Pass
W6,2737,310,10.4337,-10.9181,84.8059,98.4345,5648.6100,0.0000,0.0000,Pass
W6,2737,311,10.5986,-10.9173,84.4401,98.9199,5599.9900,0.0000,0.0000,Pass
W6,2737,312,10.7631,-10.9166,84.0458,98.9985,5547.8200,0.0000,0.0000,Pass
W6,2737,313,10.9280,-10.9159,84.3551,98.9938,5588.7300,0.0000,0.0000,Pass
W6,2737,314,11.0929,-10.9157,84.3775,98.3111,5591.6900,0.0000,0.0000,Pass
W6,2737,315,11.2581,-10.9147,85.0769,99.3125,5684.7800,0.0000,0.0000,Pass
W6,2737,316,11.5877,-10.9137,84.2611,98.7524,5576.2800,0.0000,0.0000,Pass
W6,2737,317,11.7524,-10.9134,84.8148,99.5351,5649.8000,0.0000,0.0000,Pass
W6,2737,318,11.9177,-10.9124,84.6277,99.7802,5624.9000,0.0000,0.0000,Pass
W6,2737,319,12.0829,-10.9117,85.4046,99.0705,5728.6500,0.0000,0.0000,Pass
W6,2737,320,12.2478,-10.9115,84.8726,99.1290,5657.5100,0.0000,0.0000,Pass
W6,2737,321,12.4133,-10.9106,85.0947,99.1924,5687.1500,0.0000,0.0000,Pass
W6,2737,322,12.5787,-10.9100,85.1789,97.7460,5698.4200,0.0000,0.0000,Pass
W6,2737,323,11.4227,-10.9146,85.0148,99.4847,5676.4800,0.0000,0.0000,Pass
W6,2737,334,10.4341,-11.0827,84.3730,98.1983,5591.1000,0.0000,0.0000,Pass
W6,2737,335,10.5987,-11.0823,84.9037,98.7900,5661.6600,0.0000,0.0000,Pass
W6,2737,336,10.7642,-11.0815,84.9482,98.0500,5667.5900,0.0000,0.0000,Pass
W6,2737,337,10.9287,-11.0815,84.6856,98.7118,5632.6000,0.0000,0.0000,Pass
W6,2737,338,11.0940,-11.0808,84.9526,99.3201,5668.1800,0.0000,0.0000,Pass
W6,2737,339,11.5885,-11.0785,85.0636,99.2592,5683.0000,0.0000,0.0000,Pass
W6,2737,340,11.7531,-11.0779,85.3693,99.7842,5723.9100,0.0000,0.0000,Pass
W6,2737,341,11.9187,-11.0779,85.0548,99.5800,5681.8200,0.0000,0.0000,Pass
W6,2737,342,12.0838,-11.0769,85.0858,99.5379,5685.9700,0.0000,0.0000,Pass
W6,2737,343,12.2487,-11.0764,85.4311,98.4614,5732.2100,0.0000,0.0000,Pass
W6,2737,344,12.4141,-11.0762,84.8014,98.5589,5648.0200,0.0000,0.0000,Pass
W6,2737,345,11.2580,-11.0802,84.7480,97.9523,5640.9000,0.0000,0.0000,Pass
W6,2737,346,11.4241,-11.0798,85.5150,99.4010,5743.4800,0.0000,0.0000,Pass
W6,2737,347,12.5793,-11.0755,85.0725,97.4056,5684.1900,0.0000,0.0000,Pass
W6,2737,370,10.2238,-11.4743,84.6500,98.2772,5627.8600,0.0000,0.0000,Pass
W6,2737,371,11.2756,-11.4709,84.4803,98.4643,5605.3300,0.0000,0.0000,Pass
W6,2737,372,11.5754,-11.4692,84.7435,98.3249,5640.3100,0.0000,0.0000,Pass
W6,2737,373,11.7257,-11.4692,84.4133,98.8929,5596.4400,0.0000,0.0000,Pass
W6,2737,374,12.1770,-11.4668,84.6990,98.6824,5634.3800,0.0000,0.0000,Pass
W6,2737,378,10.3738,-11.4735,84.3238,96.7200,5584.5800,0.0000,0.0000,Pass
W6,2737,379,10.5242,-11.4735,84.5384,98.0843,5613.0400,0.0000,0.0000,Pass
W6,2737,380,10.6738,-11.4723,84.6901,98.4035,5633.2000,0.0000,0.0000,Pass
W6,2737,381,10.8247,-11.4723,83.7804,98.3026,5512.8400,0.0000,0.0000,Pass
W6,2737,382,10.9745,-11.4708,84.2701,99.2644,5577.4600,0.0000,0.0000,Pass
W6,2737,383,11.1252,-11.4713,84.4714,98.7877,5604.1400,0.0000,0.0000,Pass
W6,2737,384,11.4253,-11.4701,84.6277,99.3204,5624.9000,0.0000,0.0000,Pass
W6,2737,385,11.8766,-11.4682,84.8059,98.3284,5648.6100,0.0000,0.0000,Pass
W6,2737,386,12.0273,-11.4681,84.4312,98.2924,5598.8100,0.0000,0.0000,Pass
W6,2737,387,12.3283,-11.4671,85.0592,99.1171,5682.4100,0.0000,0.0000,Pass
W6,2737,388,12.4781,-11.4669,85.3339,97.3891,5719.1700,0.0000,0.0000,Pass
W6,2737,389,12.6294,-11.4665,85.0192,98.8884,5677.0700,0.0000,0.0000,Pass
W6,2737,390,12.7790,-11.4652,85.3604,97.6530,5722.7300,0.0000,0.0000,Pass
W6,2737,397,10.3739,-11.6239,84.7302,97.0068,5638.5300,0.0000,0.0000,Pass
W6,2737,398,12.0271,-11.6182,84.6321,99.2426,5625.4900,0.0000,0.0000,Pass
W6,2737,403,10.2247,-11.6246,84.8682,97.6204,5656.9100,0.0000,0.0000,Pass
W6,2737,404,10.5250,-11.6237,84.2477,98.6118,5574.5000,0.0000,0.0000,Pass
W6,2737,405,10.6749,-11.6231,84.0952,99.1648,5554.3400,0.0000,0.0000,Pass
W6,2737,406,10.8250,-11.6228,84.5071,97.2069,5608.8900,0.0000,0.0000,Pass
W6,2737,407,10.9750,-11.6218,84.0503,98.4113,5548.4100,0.0000,0.0000,Pass
W6,2737,408,11.1254,-11.6215,84.3283,98.5816,5585.1700,0.0000,0.0000,Pass
W6,2737,409,11.2765,-11.6212,84.3954,97.5229,5594.0700,0.0000,0.0000,Pass
W6,2737,410,11.4258,-11.6212,84.7213,98.9363,5637.3500,0.0000,0.0000,Pass
W6,2737,411,11.5761,-11.6198,84.5920,98.2752,5620.1500,0.0000,0.0000,Pass
W6,2737,412,11.7264,-11.6195,84.6187,98.2884,5623.7100,0.0000,0.0000,Pass
W6,2737,413,11.8767,-11.6189,84.7435,97.6206,5640.3100,0.0000,0.0000,Pass
W6,2737,414,12.1777,-11.6179,84.9970,97.8837,5674.1100,0.0000,0.0000,Pass
W6,2737,415,12.3276,-11.6172,84.5875,99.2237,5619.5600,0.0000,0.0000,Pass
W6,2737,416,12.4787,-11.6162,85.1568,96.3216,5695.4500,0.0000,0.0000,Pass
W6,2737,417,12.6294,-11.6163,85.3427,97.6265,5720.3500,0.0000,0.0000,Pass
W6,2737,419,12.7801,-11.6163,85.0858,97.1154,5685.9700,0.0000,0.0000,Pass
W6,2737,424,11.5770,-11.7700,84.9215,98.0923,5664.0300,0.0000,0.0000,Pass
W6,2737,427,10.3747,-11.7735,85.0903,97.5331,5686.5600,0.0000,0.0000,Pass
W6,2737,428,10.9754,-11.7723,84.8326,96.9419,5652.1700,0.0000,0.0000,Pass
W6,2737,429,11.2766,-11.7720,84.7391,98.6425,5639.7200,0.0000,0.0000,Pass
W6,2737,430,11.7270,-11.7692,84.3954,98.7523,5594.0700,0.0000,0.0000,Pass
W6,2737,431,11.8778,-11.7692,84.5920,97.3884,5620.1500,0.0000,0.0000,Pass
W6,2737,432,12.0274,-11.7689,84.4625,97.1196,5602.9600,0.0000,0.0000,Pass
W6,2737,433,12.1780,-11.7685,84.8771,97.5471,5658.1000,0.0000,0.0000,Pass
W6,2737,434,12.3290,-11.7680,84.9837,96.6340,5672.3300,0.0000,0.0000,Pass
W6,2737,435,12.6297,-11.7667,85.4621,97.7572,5736.3600,0.0000,0.0000,Pass
W6,2737,437,10.2247,-11.7750,84.4625,95.2816,5602.9600,0.0000,0.0000,Pass
W6,2737,438,10.5248,-11.7741,84.7970,97.9149,5647.4300,0.0000,0.0000,Pass
W6,2737,439,10.6758,-11.7735,84.5295,97.6283,5611.8500,0.0000,0.0000,Pass
W6,2737,440,10.8254,-11.7734,84.3417,97.8616,5586.9500,0.0000,0.0000,Pass
W6,2737,441,11.1262,-11.7716,84.1491,98.8622,5561.4600,0.0000,0.0000,Pass
W6,2737,442,11.4273,-11.7713,84.6277,98.3104,5624.9000,0.0000,0.0000,Pass
W6,2737,443,12.4794,-11.7680,85.0991,97.2694,5687.7400,0.0000,0.0000,Pass
W6,2737,444,12.7806,-11.7664,85.4488,96.7838,5734.5800,0.0000,0.0000,Pass
W6,2737,451,10.3753,-11.9253,85.0681,97.4179,5683.5900,0.0000,0.0000,Pass
W6,2737,452,11.8777,-11.9198,85.3339,97.6650,5719.1700,0.0000,0.0000,Pass
W6,2737,457,10.2250,-11.9254,84.8860,96.4239,5659.2900,0.0000,0.0000,Pass
W6,2737,458,10.5257,-11.9243,84.8993,97.1420,5661.0600,0.0000,0.0000,Pass
W6,2737,459,10.6760,-11.9237,84.8726,97.7187,5657.5100,0.0000,0.0000,Pass
W6,2737,460,10.8261,-11.9232,84.3686,98.2709,5590.5100,0.0000,0.0000,Pass
W6,2737,461,10.9760,-11.9229,84.4938,97.2825,5607.1100,0.0000,0.0000,Pass
W6,2737,462,11.1259,-11.9225,85.1036,97.2198,5688.3400,0.0000,0.0000,Pass
W6,2737,463,11.2770,-11.9217,84.3909,98.2058,5593.4700,0.0000,0.0000,Pass
W6,2737,464,11.4271,-11.9212,84.7346,98.5382,5639.1300,0.0000,0.0000,Pass
W6,2737,465,11.5773,-11.9208,84.9437,97.4549,5666.9900,0.0000,0.0000,Pass
W6,2737,466,11.7278,-11.9198,85.2232,97.2761,5704.3500,0.0000,0.0000,Pass
W6,2737,467,12.0286,-11.9192,84.7391,97.3887,5639.7200,0.0000,0.0000,Pass
W6,2737,468,12.1789,-11.9188,84.8103,97.0390,5649.2100,0.0000,0.0000,Pass
W6,2737,469,12.3290,-11.9184,85.0015,97.4599,5674.7000,0.0000,0.0000,Pass
W6,2737,470,12.4805,-11.9176,85.5371,98.1301,5746.4400,0.0000,0.0000,Pass
W6,2737,471,12.6307,-11.9177,85.0548,97.0130,5681.8200,0.0000,0.0000,Pass
W6,2737,474,12.7812,-11.9168,85.5327,96.6201,5745.8500,0.0000,0.0000,Pass
W6,2737,482,10.2252,-12.0756,85.7487,96.8588,5774.9000,0.0000,0.0000,Pass
W6,2737,483,10.3758,-12.0754,85.6385,97.2358,5760.0800,0.0000,0.0000,Pass
W6,2737,484,10.6753,-12.0748,85.5459,96.2606,5747.6300,0.0000,0.0000,Pass
W6,2737,485,11.2775,-12.0722,85.2188,96.1946,5703.7500,0.0000,0.0000,Pass
W6,2737,486,11.4274,-12.0716,85.7090,97.4284,5769.5700,0.0000,0.0000,Pass
W6,2737,487,11.5778,-12.0713,84.9126,98.1127,5662.8400,0.0000,0.0000,Pass
W6,2737,488,11.7281,-12.0704,85.0592,97.5737,5682.4100,0.0000,0.0000,Pass
W6,2737,489,11.8788,-12.0701,85.3958,97.2878,5727.4700,0.0000,0.0000,Pass
W6,2737,490,12.0293,-12.0695,85.3029,96.8662,5715.0200,0.0000,0.0000,Pass
W6,2737,491,12.3307,-12.0687,86.0255,96.3172,5812.2500,0.0000,0.0000,Pass
W6,2737,492,12.4806,-12.0686,85.6033,96.2254,5755.3400,0.0000,0.0000,Pass
W6,2737,493,12.6312,-12.0678,86.1877,96.2024,5834.1900,0.0000,0.0000,Pass
W6,2737,494,10.5262,-12.0749,85.0991,95.3231,5687.7400,0.0000,0.0000,Pass
W6,2737,495,10.8271,-12.0731,85.2764,97.1914,5711.4600,0.0000,0.0000,Pass
W6,2737,496,10.9762,-12.0739,85.1036,96.9581,5688.3400,0.0000,0.0000,Pass
W6,2737,497,11.1279,-12.0725,85.1257,95.9137,5691.3000,0.0000,0.0000,Pass
W6,2737,498,12.1795,-12.0693,85.4400,97.1541,5733.4000,0.0000,0.0000,Pass
W6,2737,499,12.7820,-12.0675,85.6606,95.6398,5763.0400,0.0000,0.0000,Pass
W6,4918,1,2.3887,-137.4790,85.3250,96.4641,5717.9800,0.0000,0.0000,Pass
W6,4918,2,2.6893,-137.4780,85.3118,97.4356,5716.2000,0.0000,0.0000,Pass
W6,4918,8,1.0369,-137.4830,85.6077,97.0137,5755.9300,0.0000,0.0000,Pass
W6,4918,9,1.1870,-137.4830,85.5680,97.2830,5750.5900,0.0000,0.0000,Pass
W6,4918,10,1.3367,-137.4820,85.1390,97.2149,5693.0800,0.0000,0.0000,Pass
W6,4918,11,1.4872,-137.4820,85.3339,97.5250,5719.1700,0.0000,0.0000,Pass
W6,4918,12,1.6372,-137.4810,84.8192,97.5826,5650.3900,0.0000,0.0000,Pass
W6,4918,13,1.7877,-137.4810,85.1302,98.1605,5691.9000,0.0000,0.0000,Pass
W6,4918,14,1.9377,-137.4810,85.0636,97.8909,5683.0000,0.0000,0.0000,Pass
W6,4918,15,2.0885,-137.4800,84.9704,97.6397,5670.5500,0.0000,0.0000,Pass
W6,4918,16,2.2388,-137.4800,85.3825,98.2408,5725.6900,0.0000,0.0000,Pass
W6,4918,17,2.5387,-137.4780,85.2232,98.4785,5704.3500,0.0000,0.0000,Pass
W6,4918,18,2.8397,-137.4770,85.2764,98.5459,5711.4600,0.0000,0.0000,Pass
W6,4918,19,2.9896,-137.4770,85.1612,98.1475,5696.0500,0.0000,0.0000,Pass
W6,4918,20,3.1400,-137.4770,85.7619,96.9551,5776.6800,0.0000,0.0000,Pass
W6,4918,21,3.2911,-137.4760,85.6253,97.5415,5758.3000,0.0000,0.0000,Pass
W6,4918,22,3.4413,-137.4760,85.6606,97.1699,5763.0400,0.0000,0.0000,Pass
W6,4918,23,3.5917,-137.4750,86.2709,96.8404,5845.4600,0.0000,0.0000,Pass
W6,4918,31,1.1871,-137.6330,85.1124,96.5771,5689.5200,0.0000,0.0000,Pass
W6,4918,32,1.9383,-137.6310,84.9126,98.3177,5662.8400,0.0000,0.0000,Pass
W6,4918,33,2.3886,-137.6290,85.0725,98.4011,5684.1900,0.0000,0.0000,Pass
W6,4918,34,2.6896,-137.6280,84.6722,98.3600,5630.8300,0.0000,0.0000,Pass
W6,4918,35,2.8399,-137.6280,85.0104,98.1115,5675.8900,0.0000,0.0000,Pass
W6,4918,36,2.9902,-137.6270,84.7836,98.2860,5645.6500,0.0000,0.0000,Pass
W6,4918,37,3.4415,-137.6260,85.2631,97.3245,5709.6800,0.0000,0.0000,Pass
W6,4918,38,3.5922,-137.6260,85.3339,96.9001,5719.1700,0.0000,0.0000,Pass
W6,4918,41,1.0375,-137.6330,85.1701,97.4000,5697.2300,0.0000,0.0000,Pass
W6,4918,42,1.3373,-137.6320,85.0503,96.9557,5681.2200,0.0000,0.0000,Pass
W6,4918,43,1.4873,-137.6320,85.3206,97.5228,5717.3900,0.0000,0.0000,Pass
W6,4918,44,1.6377,-137.6310,84.6232,97.8937,5624.3000,0.0000,0.0000,Pass
W6,4918,45,1.7880,-137.6310,84.8326,97.8273,5652.1700,0.0000,0.0000,Pass
W6,4918,46,2.0888,-137.6310,84.8103,98.0869,5649.2100,0.0000,0.0000,Pass
W6,4918,47,2.2388,-137.6300,84.7168,98.3752,5636.7500,0.0000,0.0000,Pass
W6,4918,48,2.5395,-137.6290,84.9437,98.5151,5666.9900,0.0000,0.0000,Pass
W6,4918,49,3.1407,-137.6260,85.2764,97.9813,5711.4600,0.0000,0.0000,Pass
W6,4918,50,3.2913,-137.6270,85.4311,97.4096,5732.2100,0.0000,0.0000,Pass
W6,4918,60,1.0378,-137.7840,85.1390,97.7299,5693.0800,0.0000,0.0000,Pass
W6,4918,61,1.1879,-137.7830,84.8682,97.6194,5656.9100,0.0000,0.0000,Pass
W6,4918,62,1.4875,-137.7830,84.8949,98.8556,5660.4700,0.0000,0.0000,Pass
W6,4918,63,1.6380,-137.7820,84.6187,98.3081,5623.7100,0.0000,0.0000,Pass
W6,4918,64,1.7881,-137.7820,84.4222,98.7717,5597.6200,0.0000,0.0000,Pass
W6,4918,65,2.2392,-137.7810,84.5697,98.1606,5617.1900,0.0000,0.0000,Pass
W6,4918,66,2.3896,-137.7800,84.8860,98.2877,5659.2900,0.0000,0.0000,Pass
W6,4918,67,2.5392,-137.7790,84.5116,99.3766,5609.4800,0.0000,0.0000,Pass
W6,4918,68,2.6898,-137.7780,84.7658,98.7908,5643.2800,0.0000,0.0000,Pass
W6,4918,69,2.8404,-137.7780,84.7525,98.2826,5641.5000,0.0000,0.0000,Pass
W6,4918,70,2.9901,-137.7780,83.9919,97.1353,5540.7000,0.0000,0.0000,Pass
W6,4918,71,3.1411,-137.7770,85.0592,98.3247,5682.4100,0.0000,0.0000,Pass
W6,4918,72,3.5926,-137.7760,85.4709,97.3758,5737.5500,0.0000,0.0000,Pass
W6,4918,77,1.3376,-137.7830,84.7658,97.9865,5643.2800,0.0000,0.0000,Pass
W6,4918,78,1.9384,-137.7810,84.5920,98.8872,5620.1500,0.0000,0.0000,Pass
W6,4918,79,2.0888,-137.7810,84.6143,98.6157,5623.1200,0.0000,0.0000,Pass
W6,4918,80,3.2915,-137.7770,85.0281,98.4607,5678.2600,0.0000,0.0000,Pass
W6,4918,81,3.4420,-137.7760,84.9882,96.7809,5672.9200,0.0000,0.0000,Pass
W6,4918,85,3.2919,-137.9270,84.9349,98.6858,5665.8100,0.0000,0.0000,Pass
W6,4918,90,1.0385,-137.9340,85.1967,97.7198,5700.7900,0.0000,0.0000,Pass
W6,4918,91,1.1883,-137.9330,84.9037,97.6831,5661.6600,0.0000,0.0000,Pass
W6,4918,92,1.3384,-137.9330,84.5607,98.2054,5616.0000,0.0000,0.0000,Pass
W6,4918,93,1.4882,-137.9330,84.8281,98.5745,5651.5800,0.0000,0.0000,Pass
W6,4918,94,1.6385,-137.9320,84.3551,98.6331,5588.7300,0.0000,0.0000,Pass
W6,4918,95,1.7889,-137.9320,84.3641,98.5404,5589.9200,0.0000,0.0000,Pass
W6,4918,96,1.9390,-137.9320,84.2790,96.8058,5578.6500,0.0000,0.0000,Pass
W6,4918,97,2.0897,-137.9310,84.4848,98.5504,5605.9200,0.0000,0.0000,Pass
W6,4918,98,2.2396,-137.9310,84.3417,98.7912,5586.9500,0.0000,0.0000,Pass
W6,4918,99,2.3897,-137.9300,84.3462,98.9364,5587.5400,0.0000,0.0000,Pass
W6,4918,100,2.5400,-137.9290,84.4535,98.4653,5601.7700,0.0000,0.0000,Pass
W6,4918,101,2.6903,-137.9290,84.6143,97.7506,5623.1200,0.0000,0.0000,Pass
W6,4918,102,2.8410,-137.9290,84.4669,98.6989,5603.5500,0.0000,0.0000,Pass
W6,4918,103,2.9909,-137.9280,84.2522,98.2441,5575.0900,0.0000,0.0000,Pass
W6,4918,104,3.1416,-137.9280,84.8370,98.7297,5652.7600,0.0000,0.0000,Pass
W6,4918,105,3.4423,-137.9260,85.2188,97.7735,5703.7500,0.0000,0.0000,Pass
W6,4918,106,3.5932,-137.9270,85.6341,98.3454,5759.4900,0.0000,0.0000,Pass
W6,4918,115,1.0383,-138.0840,85.0769,97.3964,5684.7800,0.0000,0.0000,Pass
W6,4918,116,1.1883,-138.0840,84.8148,96.9090,5649.8000,0.0000,0.0000,Pass
W6,4918,117,1.3384,-138.0840,84.9660,98.3181,5669.9600,0.0000,0.0000,Pass
W6,4918,118,1.4887,-138.0830,84.8949,97.3778,5660.4700,0.0000,0.0000,Pass
W6,4918,119,1.7891,-138.0820,84.4982,99.0927,5607.7000,0.0000,0.0000,Pass
W6,4918,120,1.9393,-138.0820,84.4401,99.2590,5599.9900,0.0000,0.0000,Pass
W6,4918,121,2.3900,-138.0800,84.7925,99.0332,5646.8300,0.0000,0.0000,Pass
W6,4918,122,2.5406,-138.0800,84.2925,98.3875,5580.4300,0.0000,0.0000,Pass
W6,4918,123,2.8413,-138.0790,84.6767,98.2981,5631.4200,0.0000,0.0000,Pass
W6,4918,124,2.9917,-138.0780,84.5920,98.8597,5620.1500,0.0000,0.0000,Pass
W6,4918,125,3.1420,-138.0780,84.9349,98.7325,5665.8100,0.0000,0.0000,Pass
W6,4918,129,1.6385,-138.0830,84.6633,98.5834,5629.6400,0.0000,0.0000,Pass
W6,4918,130,2.0900,-138.0820,84.2790,99.5541,5578.6500,0.0000,0.0000,Pass
W6,4918,131,2.2400,-138.0810,84.5205,99.7730,5610.6700,0.0000,0.0000,Pass
W6,4918,132,2.6910,-138.0790,84.9082,99.3443,5662.2500,0.0000,0.0000,Pass
W6,4918,133,3.2924,-138.0770,85.2896,98.3666,5713.2400,0.0000,0.0000,Pass
W6,4918,134,3.4431,-138.0770,85.2409,97.8989,5706.7200,0.0000,0.0000,Pass
W6,4918,135,3.5937,-138.0760,85.3781,97.9287,5725.1000,0.0000,0.0000,Pass
W6,4918,159,1.4162,-138.4920,84.8682,99.3744,5656.9100,0.0000,0.0000,Pass
W6,4918,160,2.4053,-138.4880,85.1523,99.7212,5694.8600,0.0000,0.0000,Pass
W6,4918,161,2.9008,-138.4870,85.3869,98.9803,5726.2800,0.0000,0.0000,Pass
W6,4918,162,1.5812,-138.4920,85.0237,99.0771,5677.6700,0.0000,0.0000,Pass
W6,4918,163,1.7462,-138.4910,84.8192,99.1026,5650.3900,0.0000,0.0000,Pass
W6,4918,164,1.9112,-138.4900,85.1435,98.9124,5693.6700,0.0000,0.0000,Pass
W6,4918,165,2.0759,-138.4900,85.2055,99.8370,5701.9700,0.0000,0.0000,Pass
W6,4918,166,2.2405,-138.4890,85.0814,99.6066,5685.3700,0.0000,0.0000,Pass
W6,4918,167,2.5705,-138.4880,84.8326,99.4943,5652.1700,0.0000,0.0000,Pass
W6,4918,168,2.7354,-138.4880,85.1745,99.5662,5697.8200,0.0000,0.0000,Pass
W6,4918,169,3.0658,-138.4860,85.1390,99.3200,5693.0800,0.0000,0.0000,Pass
W6,4918,170,3.2309,-138.4860,85.3737,99.0211,5724.5000,0.0000,0.0000,Pass
W6,4918,171,3.3962,-138.4860,85.4444,99.0300,5733.9900,0.0000,0.0000,Pass
W6,4918,182,1.2519,-138.6570,85.2587,99.0156,5709.0900,0.0000,0.0000,Pass
W6,4918,183,1.4163,-138.6570,84.7569,98.8700,5642.0900,0.0000,0.0000,Pass
W6,4918,184,1.5815,-138.6560,84.9304,99.4549,5665.2100,0.0000,0.0000,Pass
W6,4918,185,1.7464,-138.6560,84.7569,99.1758,5642.0900,0.0000,0.0000,Pass
W6,4918,186,1.9113,-138.6560,85.1124,99.4548,5689.5200,0.0000,0.0000,Pass
W6,4918,187,2.0763,-138.6550,84.7302,98.5135,5638.5300,0.0000,0.0000,Pass
W6,4918,188,2.2414,-138.6550,84.5027,99.6617,5608.2900,0.0000,0.0000,Pass
W6,4918,189,2.4060,-138.6530,84.8059,99.5217,5648.6100,0.0000,0.0000,Pass
W6,4918,190,2.5710,-138.6540,84.5161,99.2745,5610.0700,0.0000,0.0000,Pass
W6,4918,191,2.7364,-138.6530,84.7703,99.5534,5643.8700,0.0000,0.0000,Pass
W6,4918,192,2.9014,-138.6520,84.9704,99.6930,5670.5500,0.0000,0.0000,Pass
W6,4918,193,3.0663,-138.6510,85.0681,99.3209,5683.5900,0.0000,0.0000,Pass
W6,4918,194,3.3968,-138.6510,85.2587,99.0609,5709.0900,0.0000,0.0000,Pass
W6,4918,195,3.2312,-138.6510,85.1612,99.4920,5696.0500,0.0000,0.0000,Pass
W6,4918,206,1.2523,-138.8220,84.9393,99.2933,5666.4000,0.0000,0.0000,Pass
W6,4918,207,1.4170,-138.8220,84.5786,99.5228,5618.3700,0.0000,0.0000,Pass
W6,4918,208,1.5821,-138.8220,85.3383,98.5828,5719.7600,0.0000,0.0000,Pass
W6,4918,209,2.0770,-138.8200,84.7480,99.6188,5640.9000,0.0000,0.0000,Pass
W6,4918,210,2.4062,-138.8180,84.6054,99.4258,5621.9300,0.0000,0.0000,Pass
W6,4918,211,2.9017,-138.8170,84.9704,98.8107,5670.5500,0.0000,0.0000,Pass
W6,4918,212,3.0669,-138.8160,84.7658,99.0342,5643.2800,0.0000,0.0000,Pass
W6,4918,213,3.2319,-138.8160,85.1346,99.3653,5692.4900,0.0000,0.0000,Pass
W6,4918,214,1.7468,-138.8210,84.7480,99.6972,5640.9000,0.0000,0.0000,Pass
W6,4918,215,1.9120,-138.8210,84.9704,99.4309,5670.5500,0.0000,0.0000,Pass
W6,4918,216,2.2419,-138.8200,84.1894,99.6201,5566.7900,0.0000,0.0000,Pass
W6,4918,217,2.5716,-138.8180,84.3328,99.3131,5585.7600,0.0000,0.0000,Pass
W6,4918,218,2.7367,-138.8170,84.6722,99.7289,5630.8300,0.0000,0.0000,Pass
W6,4918,219,3.3971,-138.8150,84.9171,99.0876,5663.4400,0.0000,0.0000,Pass
W6,4918,233,2.5721,-138.9830,84.1849,98.9024,5566.2000,0.0000,0.0000,Pass
W6,4918,239,1.2527,-138.9880,84.4759,96.5269,5604.7400,0.0000,0.0000,Pass
W6,4918,240,1.4174,-138.9870,84.4535,97.4335,5601.7700,0.0000,0.0000,Pass
W6,4918,241,1.5829,-138.9860,84.7480,98.9429,5640.9000,0.0000,0.0000,Pass
W6,4918,242,1.7474,-138.9860,84.4401,97.5210,5599.9900,0.0000,0.0000,Pass
W6,4918,243,1.9125,-138.9850,84.4714,99.0995,5604.1400,0.0000,0.0000,Pass
W6,4918,244,2.0775,-138.9850,84.3462,99.7078,5587.5400,0.0000,0.0000,Pass
W6,4918,245,2.4073,-138.9830,83.9110,98.7079,5530.0300,0.0000,0.0000,Pass
W6,4918,246,2.7367,-138.9820,84.4535,99.2908,5601.7700,0.0000,0.0000,Pass
W6,4918,247,2.9023,-138.9820,84.5964,98.5302,5620.7500,0.0000,0.0000,Pass
W6,4918,248,3.0673,-138.9810,84.4803,98.4104,5605.3300,0.0000,0.0000,Pass
W6,4918,249,3.2325,-138.9810,84.7836,98.2535,5645.6500,0.0000,0.0000,Pass
W6,4918,250,3.3979,-138.9800,84.5830,97.8244,5618.9700,0.0000,0.0000,Pass
W6,4918,251,2.2423,-138.9840,83.9335,98.6142,5533.0000,0.0000,0.0000,Pass
W6,4918,262,1.2535,-139.1520,84.8281,99.1969,5651.5800,0.0000,0.0000,Pass
W6,4918,263,1.5826,-139.1510,84.8504,99.5043,5654.5400,0.0000,0.0000,Pass
W6,4918,264,1.7482,-139.1510,85.0459,99.8231,5680.6300,0.0000,0.0000,Pass
W6,4918,265,1.9128,-139.1500,84.8637,98.7248,5656.3200,0.0000,0.0000,Pass
W6,4918,266,2.0779,-139.1500,84.8904,99.6572,5659.8800,0.0000,0.0000,Pass
W6,4918,267,2.2428,-139.1490,84.8415,99.4049,5653.3600,0.0000,0.0000,Pass
W6,4918,268,2.4076,-139.1480,84.9349,99.9150,5665.8100,0.0000,0.0000,Pass
W6,4918,269,2.7378,-139.1470,84.6990,98.8527,5634.3800,0.0000,0.0000,Pass
W6,4918,270,2.9031,-139.1460,85.4135,99.4961,5729.8400,0.0000,0.0000,Pass
W6,4918,271,3.0678,-139.1460,84.7435,98.8989,5640.3100,0.0000,0.0000,Pass
W6,4918,272,3.2332,-139.1450,84.8904,98.8806,5659.8800,0.0000,0.0000,Pass
W6,4918,273,1.4183,-139.1520,84.6767,99.4628,5631.4200,0.0000,0.0000,Pass
W6,4918,274,2.5728,-139.1470,84.5920,99.5066,5620.1500,0.0000,0.0000,Pass
W6,4918,275,3.3983,-139.1450,85.1834,99.2721,5699.0100,0.0000,0.0000,Pass
W6,4918,286,1.7487,-139.3160,84.7168,99.0834,5636.7500,0.0000,0.0000,Pass
W6,4918,287,2.4083,-139.3130,85.0370,99.5514,5679.4400,0.0000,0.0000,Pass
W6,4918,288,2.7383,-139.3120,85.2896,99.1494,5713.2400,0.0000,0.0000,Pass
W6,4918,289,1.2540,-139.3170,85.1435,98.9209,5693.6700,0.0000,0.0000,Pass
W6,4918,290,1.4190,-139.3170,84.8281,99.7468,5651.5800,0.0000,0.0000,Pass
W6,4918,291,1.5834,-139.3160,85.0503,99.7290,5681.2200,0.0000,0.0000,Pass
W6,4918,292,1.9134,-139.3150,84.9526,99.6286,5668.1800,0.0000,0.0000,Pass
W6,4918,293,2.0783,-139.3150,84.9748,99.9017,5671.1400,0.0000,0.0000,Pass
W6,4918,294,2.2435,-139.3140,84.9882,99.5062,5672.9200,0.0000,0.0000,Pass
W6,4918,295,2.5729,-139.3130,84.6143,99.0993,5623.1200,0.0000,0.0000,Pass
W6,4918,296,2.9040,-139.3110,85.3560,97.3347,5722.1300,0.0000,0.0000,Pass
W6,4918,297,3.0687,-139.3110,85.1568,98.7993,5695.4500,0.0000,0.0000,Pass
W6,4918,298,3.2338,-139.3100,85.0991,98.6048,5687.7400,0.0000,0.0000,Pass
W6,4918,299,3.3991,-139.3100,85.2985,98.5784,5714.4300,0.0000,0.0000,Pass
W6,4918,310,1.2543,-139.4820,85.1124,98.7142,5689.5200,0.0000,0.0000,Pass
W6,4918,311,1.4191,-139.4820,85.1479,99.4267,5694.2700,0.0000,0.0000,Pass
W6,4918,312,1.5840,-139.4810,84.7168,99.3265,5636.7500,0.0000,0.0000,Pass
W6,4918,313,1.7492,-139.4810,84.4803,98.6520,5605.3300,0.0000,0.0000,Pass
W6,4918,314,1.9139,-139.4810,85.4400,99.1754,5733.4000,0.0000,0.0000,Pass
W6,4918,315,2.0791,-139.4800,84.9215,99.3186,5664.0300,0.0000,0.0000,Pass
W6,4918,316,2.4088,-139.4780,85.0015,98.8674,5674.7000,0.0000,0.0000,Pass
W6,4918,317,2.5738,-139.4780,85.0326,99.6473,5678.8500,0.0000,0.0000,Pass
W6,4918,318,2.7385,-139.4770,85.5062,99.1160,5742.2900,0.0000,0.0000,Pass
W6,4918,319,2.9040,-139.4770,85.0991,99.4835,5687.7400,0.0000,0.0000,Pass
W6,4918,320,3.0691,-139.4760,85.0814,99.1958,5685.3700,0.0000,0.0000,Pass
W6,4918,321,3.2340,-139.4750,85.3737,98.8673,5724.5000,0.0000,0.0000,Pass
W6,4918,322,3.3995,-139.4750,85.4090,97.9216,5729.2500,0.0000,0.0000,Pass
W6,4918,323,2.2443,-139.4790,84.7168,99.2222,5636.7500,0.0000,0.0000,Pass
W6,4918,334,1.2548,-139.6470,85.3693,98.8819,5723.9100,0.0000,0.0000,Pass
W6,4918,335,1.4196,-139.6470,85.0414,98.8730,5680.0400,0.0000,0.0000,Pass
W6,4918,336,1.5844,-139.6460,85.2321,97.5973,5705.5300,0.0000,0.0000,Pass
W6,4918,337,1.7498,-139.6460,85.1656,99.8687,5696.6400,0.0000,0.0000,Pass
W6,4918,338,1.9143,-139.6450,85.0858,99.5205,5685.9700,0.0000,0.0000,Pass
W6,4918,339,2.4095,-139.6430,85.6341,99.4165,5759.4900,0.0000,0.0000,Pass
W6,4918,340,2.5745,-139.6430,85.2852,99.5226,5712.6500,0.0000,0.0000,Pass
W6,4918,341,2.7394,-139.6420,85.5900,98.9254,5753.5600,0.0000,0.0000,Pass
W6,4918,342,2.9045,-139.6420,85.1612,98.7558,5696.0500,0.0000,0.0000,Pass
W6,4918,343,3.0697,-139.6410,85.2011,98.9393,5701.3800,0.0000,0.0000,Pass
W6,4918,344,3.2347,-139.6400,85.5812,98.8224,5752.3700,0.0000,0.0000,Pass
W6,4918,345,2.0797,-139.6450,85.1701,99.3809,5697.2300,0.0000,0.0000,Pass
W6,4918,346,2.2444,-139.6440,85.2055,99.3460,5701.9700,0.0000,0.0000,Pass
W6,4918,347,3.4000,-139.6400,85.4621,98.7366,5736.3600,0.0000,0.0000,Pass
W6,4918,370,1.0448,-140.0390,85.7178,97.6431,5770.7500,0.0000,0.0000,Pass
W6,4918,371,2.0959,-140.0350,85.4046,98.1495,5728.6500,0.0000,0.0000,Pass
W6,4918,372,2.3970,-140.0340,85.6694,98.2180,5764.2300,0.0000,0.0000,Pass
W6,4918,373,2.5469,-140.0340,85.1656,99.3736,5696.6400,0.0000,0.0000,Pass
W6,4918,374,2.9983,-140.0320,85.3472,97.8412,5720.9500,0.0000,0.0000,Pass
W6,4918,378,1.1944,-140.0390,85.7355,97.7636,5773.1200,0.0000,0.0000,Pass
W6,4918,379,1.3447,-140.0380,85.7355,97.7128,5773.1200,0.0000,0.0000,Pass
W6,4918,380,1.4950,-140.0380,85.0991,97.6997,5687.7400,0.0000,0.0000,Pass
W6,4918,381,1.6452,-140.0370,85.4841,98.6095,5739.3300,0.0000,0.0000,Pass
W6,4918,382,1.7955,-140.0370,85.5900,98.2222,5753.5600,0.0000,0.0000,Pass
W6,4918,383,1.9457,-140.0360,85.2852,98.2412,5712.6500,0.0000,0.0000,Pass
W6,4918,384,2.2463,-140.0350,85.3118,98.3484,5716.2000,0.0000,0.0000,Pass
W6,4918,385,2.6975,-140.0330,85.3869,98.4703,5726.2800,0.0000,0.0000,Pass
W6,4918,386,2.8476,-140.0320,85.5945,98.3365,5754.1500,0.0000,0.0000,Pass
W6,4918,387,3.1485,-140.0320,85.7751,98.3986,5778.4600,0.0000,0.0000,Pass
W6,4918,388,3.2991,-140.0310,85.7310,98.4171,5772.5300,0.0000,0.0000,Pass
W6,4918,389,3.4500,-140.0300,85.7443,97.8132,5774.3100,0.0000,0.0000,Pass
W6,4918,390,3.6000,-140.0300,85.8323,97.5897,5786.1700,0.0000,0.0000,Pass
W6,4918,397,1.1947,-140.1890,85.6738,97.3127,5764.8200,0.0000,0.0000,Pass
W6,4918,398,2.8485,-140.1830,85.4488,99.1694,5734.5800,0.0000,0.0000,Pass
W6,4918,403,1.0452,-140.1900,85.3516,98.0805,5721.5400,0.0000,0.0000,Pass
W6,4918,404,1.3450,-140.1890,85.5459,96.8884,5747.6300,0.0000,0.0000,Pass
W6,4918,405,1.4954,-140.1890,85.4179,98.0747,5730.4300,0.0000,0.0000,Pass
W6,4918,406,1.6455,-140.1870,85.2764,98.0852,5711.4600,0.0000,0.0000,Pass
W6,4918,407,1.7960,-140.1870,85.2985,98.2091,5714.4300,0.0000,0.0000,Pass
W6,4918,408,1.9465,-140.1870,85.1257,98.5198,5691.3000,0.0000,0.0000,Pass
W6,4918,409,2.0966,-140.1860,85.1967,97.9455,5700.7900,0.0000,0.0000,Pass
W6,4918,410,2.2474,-140.1860,85.3029,98.4020,5715.0200,0.0000,0.0000,Pass
W6,4918,411,2.3973,-140.1850,85.1435,98.3647,5693.6700,0.0000,0.0000,Pass
W6,4918,412,2.5477,-140.1840,85.3383,98.7215,5719.7600,0.0000,0.0000,Pass
W6,4918,413,2.6978,-140.1830,85.4046,98.1673,5728.6500,0.0000,0.0000,Pass
W6,4918,414,2.9990,-140.1830,85.2985,97.9425,5714.4300,0.0000,0.0000,Pass
W6,4918,415,3.1490,-140.1820,85.2808,97.9417,5712.0500,0.0000,0.0000,Pass
W6,4918,416,3.2990,-140.1820,85.8586,97.0087,5789.7200,0.0000,0.0000,Pass
W6,4918,417,3.4505,-140.1810,85.4621,95.8032,5736.3600,0.0000,0.0000,Pass
W6,4918,419,3.6006,-140.1810,85.7267,97.3210,5771.9400,0.0000,0.0000,Pass
W6,4918,424,2.3977,-140.3350,85.4974,98.2754,5741.1100,0.0000,0.0000,Pass
W6,4918,427,1.1952,-140.3400,85.6385,96.8390,5760.0800,0.0000,0.0000,Pass
W6,4918,428,1.7968,-140.3370,85.4532,97.4915,5735.1800,0.0000,0.0000,Pass
W6,4918,429,2.0971,-140.3370,85.5724,98.6319,5751.1900,0.0000,0.0000,Pass
W6,4918,430,2.5481,-140.3340,85.4621,98.0292,5736.3600,0.0000,0.0000,Pass
W6,4918,431,2.6986,-140.3340,85.5150,98.7034,5743.4800,0.0000,0.0000,Pass
W6,4918,432,2.8490,-140.3340,85.5768,97.7355,5751.7800,0.0000,0.0000,Pass
W6,4918,433,2.9995,-140.3330,85.3472,97.9235,5720.9500,0.0000,0.0000,Pass
W6,4918,434,3.1496,-140.3320,85.3737,97.3902,5724.5000,0.0000,0.0000,Pass
W6,4918,435,3.4510,-140.3320,85.6033,96.5907,5755.3400,0.0000,0.0000,Pass
W6,4918,437,1.0451,-140.3400,85.6914,96.7979,5767.1900,0.0000,0.0000,Pass
W6,4918,438,1.3454,-140.3390,85.8718,97.9219,5791.5000,0.0000,0.0000,Pass
W6,4918,439,1.4958,-140.3380,85.3869,97.9809,5726.2800,0.0000,0.0000,Pass
W6,4918,440,1.6461,-140.3380,85.5150,97.0838,5743.4800,0.0000,0.0000,Pass
W6,4918,441,1.9468,-140.3370,85.3162,97.4253,5716.8000,0.0000,0.0000,Pass
W6,4918,442,2.2476,-140.3360,85.4665,98.4857,5736.9600,0.0000,0.0000,Pass
W6,4918,443,3.3003,-140.3320,85.8894,96.7627,5793.8700,0.0000,0.0000,Pass
W6,4918,444,3.6014,-140.3310,86.2271,97.3162,5839.5300,0.0000,0.0000,Pass
W6,4918,451,1.1955,-140.4900,86.1527,96.6801,5829.4500,0.0000,0.0000,Pass
W6,4918,452,2.6991,-140.4840,85.6121,97.1577,5756.5200,0.0000,0.0000,Pass
W6,4918,457,1.0457,-140.4900,86.2052,96.3310,5836.5600,0.0000,0.0000,Pass
W6,4918,458,1.3458,-140.4900,86.0957,97.1940,5821.7400,0.0000,0.0000,Pass
W6,4918,459,1.4965,-140.4890,85.5636,96.5760,5750.0000,0.0000,0.0000,Pass
W6,4918,460,1.6465,-140.4890,85.4709,97.3053,5737.5500,0.0000,0.0000,Pass
W6,4918,461,1.7972,-140.4880,85.8542,98.2168,5789.1300,0.0000,0.0000,Pass
W6,4918,462,1.9478,-140.4870,85.2277,97.7411,5704.9400,0.0000,0.0000,Pass
W6,4918,463,2.0973,-140.4870,85.6870,97.2925,5766.6000,0.0000,0.0000,Pass
W6,4918,464,2.2480,-140.4860,85.3737,97.8779,5724.5000,0.0000,0.0000,Pass
W6,4918,465,2.3983,-140.4850,85.5371,97.3206,5746.4400,0.0000,0.0000,Pass
W6,4918,466,2.5485,-140.4850,85.6033,97.4689,5755.3400,0.0000,0.0000,Pass
W6,4918,467,2.8493,-140.4840,85.7178,97.7611,5770.7500,0.0000,0.0000,Pass
W6,4918,468,3.0007,-140.4840,85.5459,95.8135,5747.6300,0.0000,0.0000,Pass
W6,4918,469,3.1499,-140.4830,85.4046,97.7875,5728.6500,0.0000,0.0000,Pass
W6,4918,470,3.3008,-140.4820,86.1571,96.6696,5830.0400,0.0000,0.0000,Pass
W6,4918,471,3.4517,-140.4820,85.8630,96.8646,5790.3200,0.0000,0.0000,Pass
W6,4918,474,3.6019,-140.4810,86.0124,96.1796,5810.4800,0.0000,0.0000,Pass
W6,4918,482,1.0463,-140.6410,86.4152,96.5417,5865.0200,0.0000,0.0000,Pass
W6,4918,483,1.1961,-140.6400,86.1220,96.3285,5825.3000,0.0000,0.0000,Pass
W6,4918,484,1.4973,-140.6400,86.0826,96.6921,5819.9600,0.0000,0.0000,Pass
W6,4918,485,2.0983,-140.6370,86.2228,97.2276,5838.9400,0.0000,0.0000,Pass
W6,4918,486,2.2490,-140.6370,86.0211,97.2584,5811.6600,0.0000,0.0000,Pass
W6,4918,487,2.3987,-140.6360,86.0606,97.3835,5817.0000,0.0000,0.0000,Pass
W6,4918,488,2.5493,-140.6350,85.9158,96.7532,5797.4300,0.0000,0.0000,Pass
W6,4918,489,2.6997,-140.6350,86.0650,97.0796,5817.5900,0.0000,0.0000,Pass
W6,4918,490,2.8504,-140.6340,86.1001,97.0536,5822.3300,0.0000,0.0000,Pass
W6,4918,491,3.1506,-140.6330,86.0869,96.8442,5820.5600,0.0000,0.0000,Pass
W6,4918,492,3.3012,-140.6330,86.2665,96.3943,5844.8600,0.0000,0.0000,Pass
W6,4918,493,3.4521,-140.6330,86.1132,96.3698,5824.1100,0.0000,0.0000,Pass
W6,4918,494,1.3468,-140.6400,85.9465,97.4645,5801.5800,0.0000,0.0000,Pass
W6,4918,495,1.6471,-140.6390,85.9509,97.2555,5802.1800,0.0000,0.0000,Pass
W6,4918,496,1.7980,-140.6380,86.1089,96.8764,5823.5200,0.0000,0.0000,Pass
W6,4918,497,1.9480,-140.6380,85.8191,96.9518,5784.3900,0.0000,0.0000,Pass
W6,4918,498,3.0008,-140.6340,85.9509,97.0088,5802.1800,0.0000,0.0000,Pass
W6,4918,499,3.6022,-140.6320,86.4283,94.6547,5866.8000,0.0000,0.0000,Pass
