Test sample,DieID,ID,X position,Y position,Diameter (um),% Roundness,Area,% Overall Void,% Largest Void,Result
W6,165,1,-2.0991,143.0340,87.1849,96.9075,5969.9700,0.0000,0.0000,Pass
W6,165,2,-1.7986,143.0340,87.4874,98.1297,6011.4700,0.0000,0.0000,Pass
W6,165,8,-3.4522,143.0300,87.3881,98.0085,5997.8300,0.0000,0.0000,Pass
W6,165,9,-3.3022,143.0300,87.4183,97.1335,6001.9800,0.0000,0.0000,Pass
W6,165,10,-3.1517,143.0300,87.2108,96.1437,5973.5200,0.0000,0.0000,Pass
W6,165,11,-3.0021,143.0300,87.0028,97.2217,5945.0700,0.0000,0.0000,Pass
W6,165,12,-2.8512,143.0310,86.7943,97.2379,5916.6100,0.0000,0.0000,Pass
W6,165,13,-2.7010,143.0320,87.1372,97.1418,5963.4500,0.0000,0.0000,Pass
W6,165,14,-2.5504,143.0320,87.2584,97.7517,5980.0500,0.0000,0.0000,Pass
W6,165,15,-2.3996,143.0320,86.7421,97.2395,5909.4900,0.0000,0.0000,Pass
W6,165,16,-2.2502,143.0320,87.2108,98.3766,5973.5200,0.0000,0.0000,Pass
W6,165,17,-1.9494,143.0340,86.6463,96.5455,5896.4500,0.0000,0.0000,Pass
W6,165,18,-1.6480,143.0350,87.2411,97.4233,5977.6800,0.0000,0.0000,Pass
W6,165,19,-1.4977,143.0360,87.0766,96.0651,5955.1400,0.0000,0.0000,Pass
W6,165,20,-1.3470,143.0350,87.5952,96.8899,6026.2900,0.0000,0.0000,Pass
W6,165,21,-1.1967,143.0360,87.5822,97.3976,6024.5100,0.0000,0.0000,Pass
W6,165,22,-1.0465,143.0370,87.9864,97.0535,6080.2500,0.0000,0.0000,Pass
W6,165,23,-0.8956,143.0370,88.0122,96.0830,6083.8100,0.0000,0.0000,Pass
W6,165,31,-3.3014,142.8790,87.0332,96.8252,5949.2200,0.0000,0.0000,Pass
W6,165,32,-2.5499,142.8810,86.7856,97.8879,5915.4200,0.0000,0.0000,Pass
W6,165,33,-2.0993,142.8830,86.3234,97.5321,5852.5700,0.0000,0.0000,Pass
W6,165,34,-1.7981,142.8840,86.8986,98.3264,5930.8400,0.0000,0.0000,Pass
W6,165,35,-1.6481,142.8850,86.6028,98.5554,5890.5200,0.0000,0.0000,Pass
W6,165,36,-1.4977,142.8850,86.6638,97.6343,5898.8200,0.0000,0.0000,Pass
W6,165,37,-1.0459,142.8870,87.0852,97.0255,5956.3300,0.0000,0.0000,Pass
W6,165,38,-0.8952,142.8870,87.8576,96.6781,6062.4600,0.0000,0.0000,Pass
W6,165,41,-3.4522,142.8790,86.9247,97.1006,5934.3900,0.0000,0.0000,Pass
W6,165,42,-3.1514,142.8800,87.0375,96.8710,5949.8100,0.0000,0.0000,Pass
W6,165,43,-3.0014,142.8800,86.5374,97.3134,5881.6300,0.0000,0.0000,Pass
W6,165,44,-2.8506,142.8800,86.2884,98.2254,5847.8300,0.0000,0.0000,Pass
W6,165,45,-2.7009,142.8810,86.6812,97.2699,5901.1900,0.0000,0.0000,Pass
W6,165,46,-2.3994,142.8820,86.2009,98.1545,5835.9700,0.0000,0.0000,Pass
W6,165,47,-2.2497,142.8820,86.5068,97.5151,5877.4700,0.0000,0.0000,Pass
W6,165,48,-1.9489,142.8830,86.5417,98.1141,5882.2200,0.0000,0.0000,Pass
W6,165,49,-1.3470,142.8860,87.0852,98.7369,5956.3300,0.0000,0.0000,Pass
W6,165,50,-1.1956,142.8860,87.2195,97.1443,5974.7100,0.0000,0.0000,Pass
W6,165,60,-3.4516,142.7280,86.2578,98.8874,5843.6800,0.0000,0.0000,Pass
W6,165,61,-3.3017,142.7290,86.4283,96.8621,5866.8000,0.0000,0.0000,Pass
W6,165,62,-3.0011,142.7290,86.0519,97.7647,5815.8100,0.0000,0.0000,Pass
W6,165,63,-2.8506,142.7300,86.2578,97.5661,5843.6800,0.0000,0.0000,Pass
W6,165,64,-2.7006,142.7300,85.9202,98.6019,5798.0200,0.0000,0.0000,Pass
W6,165,65,-2.2492,142.7310,85.9553,96.7038,5802.7700,0.0000,0.0000,Pass
W6,165,66,-2.0989,142.7320,86.0957,99.2356,5821.7400,0.0000,0.0000,Pass
W6,165,67,-1.9479,142.7330,86.4064,98.3546,5863.8400,0.0000,0.0000,Pass
W6,165,68,-1.7981,142.7330,86.2096,99.0525,5837.1600,0.0000,0.0000,Pass
W6,165,69,-1.6478,142.7340,86.0036,97.5310,5809.2900,0.0000,0.0000,Pass
W6,165,70,-1.4971,142.7340,86.5897,98.0235,5888.7400,0.0000,0.0000,Pass
W6,165,71,-1.3458,142.7350,86.9941,98.1100,5943.8800,0.0000,0.0000,Pass
W6,165,72,-0.8950,142.7360,87.0679,96.7602,5953.9600,0.0000,0.0000,Pass
W6,165,77,-3.1511,142.7290,86.3802,97.3964,5860.2800,0.0000,0.0000,Pass
W6,165,78,-2.5496,142.7310,86.5505,98.0981,5883.4000,0.0000,0.0000,Pass
W6,165,79,-2.3994,142.7310,86.0606,98.6279,5817.0000,0.0000,0.0000,Pass
W6,165,80,-1.1953,142.7350,86.4370,98.2806,5867.9900,0.0000,0.0000,Pass
W6,165,81,-1.0454,142.7360,87.2281,97.8043,5975.9000,0.0000,0.0000,Pass
W6,165,85,-1.1959,142.5840,86.5941,97.6428,5889.3300,0.0000,0.0000,Pass
W6,165,90,-3.4511,142.5770,86.2403,98.1279,5841.3100,0.0000,0.0000,Pass
W6,165,91,-3.3013,142.5790,86.4326,98.3426,5867.4000,0.0000,0.0000,Pass
W6,165,92,-3.1505,142.5780,86.1658,98.0185,5831.2300,0.0000,0.0000,Pass
W6,165,93,-3.0003,142.5790,85.6826,97.9377,5766.0100,0.0000,0.0000,Pass
W6,165,94,-2.8502,142.5790,86.1001,97.9758,5822.3300,0.0000,0.0000,Pass
W6,165,95,-2.6994,142.5800,86.1352,97.9263,5827.0800,0.0000,0.0000,Pass
W6,165,96,-2.5492,142.5800,86.2971,98.5385,5849.0200,0.0000,0.0000,Pass
W6,165,97,-2.3990,142.5810,85.8762,98.3489,5792.1000,0.0000,0.0000,Pass
W6,165,98,-2.2491,142.5810,85.8630,98.3094,5790.3200,0.0000,0.0000,Pass
W6,165,99,-2.0984,142.5820,85.6694,98.6936,5764.2300,0.0000,0.0000,Pass
W6,165,100,-1.9482,142.5830,86.2578,99.1254,5843.6800,0.0000,0.0000,Pass
W6,165,101,-1.7975,142.5830,85.9509,98.3364,5802.1800,0.0000,0.0000,Pass
W6,165,102,-1.6469,142.5830,85.9685,98.2011,5804.5500,0.0000,0.0000,Pass
W6,165,103,-1.4973,142.5840,86.0387,98.1375,5814.0300,0.0000,0.0000,Pass
W6,165,104,-1.3456,142.5850,86.2753,98.7564,5846.0500,0.0000,0.0000,Pass
W6,165,105,-1.0458,142.5850,86.8465,97.6872,5923.7200,0.0000,0.0000,Pass
W6,165,106,-0.8946,142.5860,87.0852,97.5927,5956.3300,0.0000,0.0000,Pass
W6,165,115,-3.4500,142.4270,86.1439,97.9744,5828.2600,0.0000,0.0000,Pass
W6,165,116,-3.3005,142.4270,86.8422,98.0669,5923.1300,0.0000,0.0000,Pass
W6,165,117,-3.1502,142.4280,86.7900,98.2113,5916.0100,0.0000,0.0000,Pass
W6,165,118,-2.9998,142.4280,86.0124,98.7038,5810.4800,0.0000,0.0000,Pass
W6,165,119,-2.6995,142.4290,86.1220,98.8862,5825.3000,0.0000,0.0000,Pass
W6,165,120,-2.5488,142.4300,86.4676,99.0827,5872.1400,0.0000,0.0000,Pass
W6,165,121,-2.0981,142.4320,86.0168,99.0279,5811.0700,0.0000,0.0000,Pass
W6,165,122,-1.9474,142.4320,85.7575,98.2492,5776.0900,0.0000,0.0000,Pass
W6,165,123,-1.6469,142.4330,86.0211,98.2841,5811.6600,0.0000,0.0000,Pass
W6,165,124,-1.4962,142.4340,86.4152,97.6113,5865.0200,0.0000,0.0000,Pass
W6,165,125,-1.3458,142.4340,86.2315,98.0169,5840.1200,0.0000,0.0000,Pass
W6,165,129,-2.8497,142.4290,85.9948,98.1528,5808.1000,0.0000,0.0000,Pass
W6,165,130,-2.3984,142.4300,85.8015,99.3074,5782.0200,0.0000,0.0000,Pass
W6,165,131,-2.2486,142.4310,86.2490,97.4458,5842.4900,0.0000,0.0000,Pass
W6,165,132,-1.7970,142.4320,85.7839,98.6680,5779.6500,0.0000,0.0000,Pass
W6,165,133,-1.1950,142.4340,86.6899,98.1954,5902.3800,0.0000,0.0000,Pass
W6,165,134,-1.0446,142.4350,86.8856,98.3269,5929.0600,0.0000,0.0000,Pass
W6,165,135,-0.8940,142.4360,86.6681,98.1737,5899.4100,0.0000,0.0000,Pass
W6,165,159,-3.0725,142.0200,85.7927,98.4200,5780.8300,0.0000,0.0000,Pass
W6,165,160,-2.0828,142.0230,85.4841,99.7872,5739.3300,0.0000,0.0000,Pass
W6,165,161,-1.5871,142.0240,86.2184,99.2532,5838.3400,0.0000,0.0000,Pass
W6,165,162,-2.9072,142.0200,85.6606,99.4090,5763.0400,0.0000,0.0000,Pass
W6,165,163,-2.7423,142.0200,86.1045,98.5042,5822.9300,0.0000,0.0000,Pass
W6,165,164,-2.5774,142.0210,85.8850,99.5364,5793.2800,0.0000,0.0000,Pass
W6,165,165,-2.4126,142.0210,85.4797,98.5245,5738.7300,0.0000,0.0000,Pass
W6,165,166,-2.2477,142.0220,85.6562,99.0011,5762.4500,0.0000,0.0000,Pass
W6,165,167,-1.9176,142.0240,85.5503,99.0993,5748.2200,0.0000,0.0000,Pass
W6,165,168,-1.7526,142.0240,86.1395,99.5446,5827.6700,0.0000,0.0000,Pass
W6,165,169,-1.4222,142.0250,85.6165,97.4049,5757.1100,0.0000,0.0000,Pass
W6,165,170,-1.2573,142.0250,85.6121,98.5813,5756.5200,0.0000,0.0000,Pass
W6,165,171,-1.0916,142.0250,86.5897,99.2916,5888.7400,0.0000,0.0000,Pass
W6,165,182,-3.2368,141.8540,85.1080,98.9748,5688.9300,0.0000,0.0000,Pass
W6,165,183,-3.0721,141.8540,85.3427,98.0689,5720.3500,0.0000,0.0000,Pass
W6,165,184,-2.9064,141.8550,85.3604,98.4303,5722.7300,0.0000,0.0000,Pass
W6,165,185,-2.7415,141.8550,85.6474,99.3424,5761.2600,0.0000,0.0000,Pass
W6,165,186,-2.5767,141.8560,85.1479,97.7064,5694.2700,0.0000,0.0000,Pass
W6,165,187,-2.4121,141.8560,85.2055,98.7309,5701.9700,0.0000,0.0000,Pass
W6,165,188,-2.2474,141.8570,85.5459,99.2524,5747.6300,0.0000,0.0000,Pass
W6,165,189,-2.0818,141.8580,85.1080,99.4128,5688.9300,0.0000,0.0000,Pass
W6,165,190,-1.9175,141.8580,84.8326,98.6219,5652.1700,0.0000,0.0000,Pass
W6,165,191,-1.7522,141.8590,85.5768,98.9060,5751.7800,0.0000,0.0000,Pass
W6,165,192,-1.5866,141.8600,85.4974,98.5066,5741.1100,0.0000,0.0000,Pass
W6,165,193,-1.4211,141.8600,85.6077,99.4651,5755.9300,0.0000,0.0000,Pass
W6,165,194,-1.0911,141.8610,86.0255,99.3608,5812.2500,0.0000,0.0000,Pass
W6,165,195,-1.2564,141.8600,85.5548,98.4619,5748.8100,0.0000,0.0000,Pass
W6,165,206,-3.2363,141.6890,85.0192,99.3567,5677.0700,0.0000,0.0000,Pass
W6,165,207,-3.0715,141.6890,85.1036,99.8179,5688.3400,0.0000,0.0000,Pass
W6,165,208,-2.9060,141.6900,85.0326,97.5834,5678.8500,0.0000,0.0000,Pass
W6,165,209,-2.4107,141.6920,84.6678,99.8648,5630.2300,0.0000,0.0000,Pass
W6,165,210,-2.0819,141.6930,84.1849,98.3313,5566.2000,0.0000,0.0000,Pass
W6,165,211,-1.5863,141.6940,85.1346,97.9022,5692.4900,0.0000,0.0000,Pass
W6,165,212,-1.4209,141.6950,85.7619,99.1954,5776.6800,0.0000,0.0000,Pass
W6,165,213,-1.2561,141.6950,84.8593,98.4845,5655.7300,0.0000,0.0000,Pass
W6,165,214,-2.7413,141.6900,85.0725,99.0094,5684.1900,0.0000,0.0000,Pass
W6,165,215,-2.5769,141.6910,84.7435,99.3039,5640.3100,0.0000,0.0000,Pass
W6,165,216,-2.2466,141.6920,84.7569,98.2482,5642.0900,0.0000,0.0000,Pass
W6,165,217,-1.9166,141.6930,84.6455,99.0606,5627.2700,0.0000,0.0000,Pass
W6,165,218,-1.7513,141.6940,85.1701,98.4108,5697.2300,0.0000,0.0000,Pass
W6,165,219,-1.0907,141.6960,85.6914,98.9260,5767.1900,0.0000,0.0000,Pass
W6,165,233,-1.9162,141.5280,84.8014,98.7396,5648.0200,0.0000,0.0000,Pass
W6,165,239,-3.2358,141.5240,84.5607,98.6631,5616.0000,0.0000,0.0000,Pass
W6,165,240,-3.0700,141.5240,84.5920,98.0649,5620.1500,0.0000,0.0000,Pass
W6,165,241,-2.9062,141.5260,85.2764,98.1545,5711.4600,0.0000,0.0000,Pass
W6,165,242,-2.7406,141.5250,84.9615,99.7134,5669.3600,0.0000,0.0000,Pass
W6,165,243,-2.5758,141.5260,84.4178,98.8552,5597.0300,0.0000,0.0000,Pass
W6,165,244,-2.4111,141.5270,84.5339,99.7757,5612.4500,0.0000,0.0000,Pass
W6,165,245,-2.0804,141.5280,84.0593,97.9702,5549.6000,0.0000,0.0000,Pass
W6,165,246,-1.7515,141.5300,85.2365,99.2343,5706.1200,0.0000,0.0000,Pass
W6,165,247,-1.5861,141.5290,85.0725,98.4777,5684.1900,0.0000,0.0000,Pass
W6,165,248,-1.4213,141.5300,85.1612,99.0643,5696.0500,0.0000,0.0000,Pass
W6,165,249,-1.2554,141.5300,84.7213,98.7384,5637.3500,0.0000,0.0000,Pass
W6,165,250,-1.0906,141.5310,85.8103,98.9836,5783.2000,0.0000,0.0000,Pass
W6,165,251,-2.2460,141.5270,84.3104,98.5176,5582.8000,0.0000,0.0000,Pass
W6,165,262,-3.2351,141.3590,84.8014,99.5857,5648.0200,0.0000,0.0000,Pass
W6,165,263,-2.9054,141.3600,84.8014,97.7402,5648.0200,0.0000,0.0000,Pass
W6,165,264,-2.7398,141.3600,84.8192,99.2285,5650.3900,0.0000,0.0000,Pass
W6,165,265,-2.5755,141.3610,84.6856,99.0375,5632.6000,0.0000,0.0000,Pass
W6,165,266,-2.4108,141.3620,84.3193,98.8972,5583.9900,0.0000,0.0000,Pass
W6,165,267,-2.2454,141.3620,84.3551,97.6039,5588.7300,0.0000,0.0000,Pass
W6,165,268,-2.0802,141.3630,84.2746,99.5725,5578.0600,0.0000,0.0000,Pass
W6,165,269,-1.7506,141.3640,84.9126,98.8754,5662.8400,0.0000,0.0000,Pass
W6,165,270,-1.5854,141.3650,85.3118,99.5365,5716.2000,0.0000,0.0000,Pass
W6,165,271,-1.4204,141.3660,85.1834,98.7550,5699.0100,0.0000,0.0000,Pass
W6,165,272,-1.2551,141.3660,85.1346,98.8344,5692.4900,0.0000,0.0000,Pass
W6,165,273,-3.0703,141.3600,85.1967,99.6498,5700.7900,0.0000,0.0000,Pass
W6,165,274,-1.9157,141.3640,85.0503,99.3794,5681.2200,0.0000,0.0000,Pass
W6,165,275,-1.0900,141.3670,85.5150,99.0343,5743.4800,0.0000,0.0000,Pass
W6,165,286,-2.7397,141.1950,85.0769,99.7594,5684.7800,0.0000,0.0000,Pass
W6,165,287,-2.0799,141.1980,84.7168,99.6255,5636.7500,0.0000,0.0000,Pass
W6,165,288,-1.7495,141.1990,85.2409,99.6671,5706.7200,0.0000,0.0000,Pass
W6,165,289,-3.2345,141.1940,84.5830,99.6961,5618.9700,0.0000,0.0000,Pass
W6,165,290,-3.0697,141.1950,84.8637,99.2585,5656.3200,0.0000,0.0000,Pass
W6,165,291,-2.9045,141.1950,85.0814,99.9080,5685.3700,0.0000,0.0000,Pass
W6,165,292,-2.5744,141.1960,84.7257,99.4327,5637.9400,0.0000,0.0000,Pass
W6,165,293,-2.4105,141.1960,84.3999,98.6121,5594.6600,0.0000,0.0000,Pass
W6,165,294,-2.2449,141.1970,84.6009,98.5214,5621.3400,0.0000,0.0000,Pass
W6,165,295,-1.9154,141.1990,84.7658,99.3160,5643.2800,0.0000,0.0000,Pass
W6,165,296,-1.5846,141.2000,85.0148,98.5118,5676.4800,0.0000,0.0000,Pass
W6,165,297,-1.4198,141.2010,85.2631,98.2700,5709.6800,0.0000,0.0000,Pass
W6,165,298,-1.2542,141.2010,84.8637,97.8233,5656.3200,0.0000,0.0000,Pass
W6,165,299,-1.0889,141.2010,85.4753,99.4811,5738.1400,0.0000,0.0000,Pass
W6,165,310,-3.2342,141.0290,84.7124,99.2533,5636.1600,0.0000,0.0000,Pass
W6,165,311,-3.0691,141.0290,84.6277,99.4198,5624.9000,0.0000,0.0000,Pass
W6,165,312,-2.9037,141.0300,84.6277,99.4866,5624.9000,0.0000,0.0000,Pass
W6,165,313,-2.7391,141.0300,84.8192,97.9648,5650.3900,0.0000,0.0000,Pass
W6,165,314,-2.5738,141.0310,84.5429,98.7771,5613.6300,0.0000,0.0000,Pass
W6,165,315,-2.4095,141.0320,84.6767,99.6511,5631.4200,0.0000,0.0000,Pass
W6,165,316,-2.0795,141.0330,84.4803,99.0755,5605.3300,0.0000,0.0000,Pass
W6,165,317,-1.9146,141.0340,85.0459,99.0014,5680.6300,0.0000,0.0000,Pass
W6,165,318,-1.7495,141.0350,85.3560,98.9767,5722.1300,0.0000,0.0000,Pass
W6,165,319,-1.5845,141.0350,85.0104,98.0695,5675.8900,0.0000,0.0000,Pass
W6,165,320,-1.4188,141.0360,84.9837,98.4384,5672.3300,0.0000,0.0000,Pass
W6,165,321,-1.2540,141.0360,84.8059,99.2966,5648.6100,0.0000,0.0000,Pass
W6,165,322,-1.0886,141.0360,85.3693,98.5665,5723.9100,0.0000,0.0000,Pass
W6,165,323,-2.2439,141.0320,84.6054,98.4651,5621.9300,0.0000,0.0000,Pass
W6,165,334,-3.2331,140.8640,84.7925,99.4799,5646.8300,0.0000,0.0000,Pass
W6,165,335,-3.0684,140.8650,84.8103,99.7159,5649.2100,0.0000,0.0000,Pass
W6,165,336,-2.9034,140.8650,84.8771,98.7919,5658.1000,0.0000,0.0000,Pass
W6,165,337,-2.7385,140.8650,84.5607,98.2786,5616.0000,0.0000,0.0000,Pass
W6,165,338,-2.5733,140.8660,84.7213,98.2542,5637.3500,0.0000,0.0000,Pass
W6,165,339,-2.0792,140.8680,85.0903,99.4603,5686.5600,0.0000,0.0000,Pass
W6,165,340,-1.9140,140.8690,85.6341,99.0855,5759.4900,0.0000,0.0000,Pass
W6,165,341,-1.7489,140.8690,85.5283,99.3133,5745.2600,0.0000,0.0000,Pass
W6,165,342,-1.5836,140.8700,85.3295,99.0399,5718.5800,0.0000,0.0000,Pass
W6,165,343,-1.4185,140.8710,85.3914,97.8848,5726.8800,0.0000,0.0000,Pass
W6,165,344,-1.2532,140.8710,85.0326,98.2928,5678.8500,0.0000,0.0000,Pass
W6,165,345,-2.4085,140.8670,85.0592,99.3381,5682.4100,0.0000,0.0000,Pass
W6,165,346,-2.2436,140.8670,84.7792,99.4108,5645.0600,0.0000,0.0000,Pass
W6,165,347,-1.0882,140.8720,85.8279,97.9388,5785.5700,0.0000,0.0000,Pass
W6,165,370,-3.4439,140.4730,84.5830,97.6575,5618.9700,0.0000,0.0000,Pass
W6,165,371,-2.3928,140.4760,84.5027,97.8096,5608.2900,0.0000,0.0000,Pass
W6,165,372,-2.0917,140.4780,84.1939,98.9732,5567.3800,0.0000,0.0000,Pass
W6,165,373,-1.9415,140.4780,84.3730,99.3138,5591.1000,0.0000,0.0000,Pass
W6,165,374,-1.4907,140.4800,84.7168,98.3468,5636.7500,0.0000,0.0000,Pass
W6,165,378,-3.2933,140.4730,84.2656,97.6049,5576.8700,0.0000,0.0000,Pass
W6,165,379,-3.1433,140.4730,84.3954,98.4147,5594.0700,0.0000,0.0000,Pass
W6,165,380,-2.9934,140.4740,84.3551,97.9379,5588.7300,0.0000,0.0000,Pass
W6,165,381,-2.8425,140.4740,84.2298,97.4549,5572.1300,0.0000,0.0000,Pass
W6,165,382,-2.6927,140.4750,84.2656,98.6828,5576.8700,0.0000,0.0000,Pass
W6,165,383,-2.5421,140.4760,84.1177,98.6713,5557.3100,0.0000,0.0000,Pass
W6,165,384,-2.2419,140.4770,83.8885,99.1491,5527.0700,0.0000,0.0000,Pass
W6,165,385,-1.7913,140.4790,84.6856,97.9917,5632.6000,0.0000,0.0000,Pass
W6,165,386,-1.6408,140.4790,84.4848,98.6048,5605.9200,0.0000,0.0000,Pass
W6,165,387,-1.3402,140.4800,84.6633,98.7884,5629.6400,0.0000,0.0000,Pass
W6,165,388,-1.1889,140.4810,84.9882,97.4160,5672.9200,0.0000,0.0000,Pass
W6,165,389,-1.0392,140.4810,84.7970,97.1989,5647.4300,0.0000,0.0000,Pass
W6,165,390,-0.8889,140.4820,85.5548,97.9518,5748.8100,0.0000,0.0000,Pass
W6,165,397,-3.2929,140.3230,84.3507,98.6895,5588.1400,0.0000,0.0000,Pass
W6,165,398,-1.6406,140.3290,84.3641,98.0027,5589.9200,0.0000,0.0000,Pass
W6,165,403,-3.4431,140.3220,84.4803,96.9430,5605.3300,0.0000,0.0000,Pass
W6,165,404,-3.1425,140.3230,84.4669,98.3708,5603.5500,0.0000,0.0000,Pass
W6,165,405,-2.9923,140.3240,84.3865,98.0571,5592.8800,0.0000,0.0000,Pass
W6,165,406,-2.8421,140.3240,84.2970,98.4876,5581.0200,0.0000,0.0000,Pass
W6,165,407,-2.6922,140.3250,84.2970,98.9289,5581.0200,0.0000,0.0000,Pass
W6,165,408,-2.5418,140.3250,83.6361,97.2549,5493.8600,0.0000,0.0000,Pass
W6,165,409,-2.3913,140.3260,84.1849,98.7598,5566.2000,0.0000,0.0000,Pass
W6,165,410,-2.2411,140.3270,83.4645,97.5918,5471.3300,0.0000,0.0000,Pass
W6,165,411,-2.0914,140.3270,84.2925,97.8322,5580.4300,0.0000,0.0000,Pass
W6,165,412,-1.9410,140.3280,84.2522,97.8304,5575.0900,0.0000,0.0000,Pass
W6,165,413,-1.7907,140.3280,84.4848,98.2177,5605.9200,0.0000,0.0000,Pass
W6,165,414,-1.4902,140.3300,84.3686,97.6474,5590.5100,0.0000,0.0000,Pass
W6,165,415,-1.3398,140.3300,84.5071,96.6921,5608.8900,0.0000,0.0000,Pass
W6,165,416,-1.1887,140.3300,84.7435,97.1926,5640.3100,0.0000,0.0000,Pass
W6,165,417,-1.0386,140.3310,84.0683,96.3387,5550.7800,0.0000,0.0000,Pass
W6,165,419,-0.8878,140.3320,84.9260,97.8355,5664.6200,0.0000,0.0000,Pass
W6,165,424,-2.0909,140.1770,84.3104,98.7737,5582.8000,0.0000,0.0000,Pass
W6,165,427,-3.2926,140.1730,84.4759,98.4230,5604.7400,0.0000,0.0000,Pass
W6,165,428,-2.6917,140.1750,84.6455,98.0615,5627.2700,0.0000,0.0000,Pass
W6,165,429,-2.3908,140.1760,84.4312,97.9332,5598.8100,0.0000,0.0000,Pass
W6,165,430,-1.9404,140.1780,84.5384,97.3901,5613.0400,0.0000,0.0000,Pass
W6,165,431,-1.7899,140.1780,84.0503,98.6222,5548.4100,0.0000,0.0000,Pass
W6,165,432,-1.6394,140.1790,84.3596,98.1018,5589.3200,0.0000,0.0000,Pass
W6,165,433,-1.4892,140.1800,84.1446,98.3052,5560.8600,0.0000,0.0000,Pass
W6,165,434,-1.3387,140.1800,84.5741,97.1573,5617.7800,0.0000,0.0000,Pass
W6,165,435,-1.0380,140.1810,84.6232,96.7046,5624.3000,0.0000,0.0000,Pass
W6,165,437,-3.4427,140.1720,84.7079,97.1280,5635.5700,0.0000,0.0000,Pass
W6,165,438,-3.1424,140.1730,84.2925,97.0847,5580.4300,0.0000,0.0000,Pass
W6,165,439,-2.9915,140.1740,84.4401,96.5336,5599.9900,0.0000,0.0000,Pass
W6,165,440,-2.8421,140.1740,84.0279,97.4872,5545.4500,0.0000,0.0000,Pass
W6,165,441,-2.5411,140.1750,83.6858,98.2321,5500.3900,0.0000,0.0000,Pass
W6,165,442,-2.2407,140.1760,84.2118,97.5915,5569.7600,0.0000,0.0000,Pass
W6,165,443,-1.1883,140.1800,84.9793,96.8491,5671.7400,0.0000,0.0000,Pass
W6,165,444,-0.8873,140.1810,85.1523,97.1112,5694.8600,0.0000,0.0000,Pass
W6,165,451,-3.2917,140.0220,84.8459,96.7636,5653.9500,0.0000,0.0000,Pass
W6,165,452,-1.7885,140.0280,84.3417,97.0832,5586.9500,0.0000,0.0000,Pass
W6,165,457,-3.4423,140.0220,84.7079,96.7964,5635.5700,0.0000,0.0000,Pass
W6,165,458,-3.1417,140.0230,84.5964,97.0086,5620.7500,0.0000,0.0000,Pass
W6,165,459,-2.9910,140.0230,84.7658,97.5353,5643.2800,0.0000,0.0000,Pass
W6,165,460,-2.8413,140.0240,84.6232,97.2720,5624.3000,0.0000,0.0000,Pass
W6,165,461,-2.6909,140.0250,84.7079,97.5827,5635.5700,0.0000,0.0000,Pass
W6,165,462,-2.5411,140.0250,84.3954,96.7153,5594.0700,0.0000,0.0000,Pass
W6,165,463,-2.3902,140.0260,84.4803,97.9525,5605.3300,0.0000,0.0000,Pass
W6,165,464,-2.2401,140.0260,84.2029,97.6109,5568.5700,0.0000,0.0000,Pass
W6,165,465,-2.0897,140.0270,84.7747,97.3279,5644.4600,0.0000,0.0000,Pass
W6,165,466,-1.9399,140.0280,84.7079,97.8759,5635.5700,0.0000,0.0000,Pass
W6,165,467,-1.6397,140.0280,84.9171,97.9335,5663.4400,0.0000,0.0000,Pass
W6,165,468,-1.4889,140.0290,84.8014,97.2912,5648.0200,0.0000,0.0000,Pass
W6,165,469,-1.3384,140.0290,85.2144,97.6672,5703.1600,0.0000,0.0000,Pass
W6,165,470,-1.1880,140.0300,85.0769,96.4728,5684.7800,0.0000,0.0000,Pass
W6,165,471,-1.0375,140.0310,85.1701,96.9029,5697.2300,0.0000,0.0000,Pass
W6,165,474,-0.8868,140.0310,85.2896,96.2584,5713.2400,0.0000,0.0000,Pass
W6,165,482,-3.4408,139.8720,85.1922,96.8019,5700.2000,0.0000,0.0000,Pass
W6,165,483,-3.2912,139.8720,85.3560,96.8864,5722.1300,0.0000,0.0000,Pass
W6,165,484,-2.9907,139.8730,85.1878,96.3881,5699.6000,0.0000,0.0000,Pass
W6,165,485,-2.3899,139.8750,85.4665,96.8638,5736.9600,0.0000,0.0000,Pass
W6,165,486,-2.2397,139.8760,85.1435,97.2596,5693.6700,0.0000,0.0000,Pass
W6,165,487,-2.0901,139.8770,85.0503,97.1402,5681.2200,0.0000,0.0000,Pass
W6,165,488,-1.9397,139.8770,85.3869,97.1540,5726.2800,0.0000,0.0000,Pass
W6,165,489,-1.7892,139.8780,84.7703,97.3660,5643.8700,0.0000,0.0000,Pass
W6,165,490,-1.6384,139.8780,85.3206,97.1752,5717.3900,0.0000,0.0000,Pass
W6,165,491,-1.3376,139.8790,85.8586,96.6253,5789.7200,0.0000,0.0000,Pass
W6,165,492,-1.1872,139.8790,85.6518,96.3390,5761.8600,0.0000,0.0000,Pass
W6,165,493,-1.0368,139.8800,85.8762,96.7503,5792.1000,0.0000,0.0000,Pass
W6,165,494,-3.1410,139.8730,84.6544,96.1403,5628.4500,0.0000,0.0000,Pass
W6,165,495,-2.8410,139.8730,85.1036,97.3404,5688.3400,0.0000,0.0000,Pass
W6,165,496,-2.6904,139.8740,85.2454,96.6628,5707.3100,0.0000,0.0000,Pass
W6,165,497,-2.5400,139.8740,84.8993,97.7382,5661.0600,0.0000,0.0000,Pass
W6,165,498,-1.4878,139.8780,85.5724,96.2305,5751.1900,0.0000,0.0000,Pass
W6,165,499,-0.8862,139.8800,86.0343,95.9044,5813.4400,0.0000,0.0000,Pass
W6,2444,1,144.1370,6.6304,85.9289,97.8900,5799.2100,0.0000,0.0000,Pass
W6,2444,2,144.4380,6.6315,86.5592,97.9428,5884.5900,0.0000,0.0000,Pass
W6,2444,8,142.7860,6.6257,85.4974,96.7621,5741.1100,0.0000,0.0000,Pass
W6,2444,9,142.9360,6.6259,85.7575,96.9134,5776.0900,0.0000,0.0000,Pass
W6,2444,10,143.0860,6.6263,85.5327,96.8007,5745.8500,0.0000,0.0000,Pass
W6,2444,11,143.2360,6.6270,85.6033,97.0495,5755.3400,0.0000,0.0000,Pass
W6,2444,12,143.3860,6.6272,85.3339,97.8784,5719.1700,0.0000,0.0000,Pass
W6,2444,13,143.5370,6.6280,85.4886,96.6468,5739.9200,0.0000,0.0000,Pass
W6,2444,14,143.6860,6.6284,85.3648,97.9020,5723.3200,0.0000,0.0000,Pass
W6,2444,15,143.8360,6.6287,85.7971,97.0639,5781.4200,0.0000,0.0000,Pass
W6,2444,16,143.9870,6.6292,85.9026,98.9258,5795.6500,0.0000,0.0000,Pass
W6,2444,17,144.2870,6.6309,86.5548,97.8312,5884.0000,0.0000,0.0000,Pass
W6,2444,18,144.5890,6.6319,86.7117,97.7974,5905.3400,0.0000,0.0000,Pass
W6,2444,19,144.7390,6.6327,87.2195,97.9212,5974.7100,0.0000,0.0000,Pass
W6,2444,20,144.8890,6.6334,87.6469,97.5695,6033.4100,0.0000,0.0000,Pass
W6,2444,21,145.0400,6.6340,87.6210,96.9665,6029.8500,0.0000,0.0000,Pass
W6,2444,22,145.1910,6.6342,88.0722,97.7542,6092.1100,0.0000,0.0000,Pass
W6,2444,23,145.3410,6.6350,88.2092,97.1370,6111.0800,0.0000,0.0000,Pass
W6,2444,31,142.9360,6.4755,85.3958,96.8650,5727.4700,0.0000,0.0000,Pass
W6,2444,32,143.6870,6.4782,85.8542,97.9422,5789.1300,0.0000,0.0000,Pass
W6,2444,33,144.1380,6.4803,86.1921,97.8074,5834.7900,0.0000,0.0000,Pass
W6,2444,34,144.4380,6.4816,86.1921,98.0503,5834.7900,0.0000,0.0000,Pass
W6,2444,35,144.5890,6.4821,86.0519,98.5711,5815.8100,0.0000,0.0000,Pass
W6,2444,36,144.7390,6.4825,86.5374,98.1096,5881.6300,0.0000,0.0000,Pass
W6,2444,37,145.1910,6.4843,87.1805,97.4355,5969.3800,0.0000,0.0000,Pass
W6,2444,38,145.3420,6.4850,87.3319,97.3309,5990.1300,0.0000,0.0000,Pass
W6,2444,41,142.7870,6.4749,85.0947,97.0464,5687.1500,0.0000,0.0000,Pass
W6,2444,42,143.0860,6.4759,85.6870,97.5941,5766.6000,0.0000,0.0000,Pass
W6,2444,43,143.2370,6.4762,85.3383,98.0101,5719.7600,0.0000,0.0000,Pass
W6,2444,44,143.3860,6.4774,85.9070,97.2457,5796.2500,0.0000,0.0000,Pass
W6,2444,45,143.5360,6.4777,85.6738,97.6713,5764.8200,0.0000,0.0000,Pass
W6,2444,46,143.8370,6.4787,85.8498,97.8717,5788.5400,0.0000,0.0000,Pass
W6,2444,47,143.9870,6.4789,85.7531,97.6329,5775.4900,0.0000,0.0000,Pass
W6,2444,48,144.2880,6.4809,85.7663,98.3203,5777.2700,0.0000,0.0000,Pass
W6,2444,49,144.8900,6.4830,86.5243,98.3131,5879.8500,0.0000,0.0000,Pass
W6,2444,50,145.0400,6.4837,86.7726,98.2285,5913.6400,0.0000,0.0000,Pass
W6,2444,60,142.7870,6.3247,84.8860,97.2871,5659.2900,0.0000,0.0000,Pass
W6,2444,61,142.9370,6.3250,84.9970,97.4011,5674.1100,0.0000,0.0000,Pass
W6,2444,62,143.2360,6.3259,85.1967,97.8700,5700.7900,0.0000,0.0000,Pass
W6,2444,63,143.3870,6.3264,85.2764,97.9303,5711.4600,0.0000,0.0000,Pass
W6,2444,64,143.5370,6.3269,85.2719,98.3981,5710.8700,0.0000,0.0000,Pass
W6,2444,65,143.9880,6.3285,85.6606,97.7253,5763.0400,0.0000,0.0000,Pass
W6,2444,66,144.1380,6.3297,85.4267,98.4636,5731.6200,0.0000,0.0000,Pass
W6,2444,67,144.2880,6.3304,85.8586,98.6040,5789.7200,0.0000,0.0000,Pass
W6,2444,68,144.4390,6.3308,86.1176,98.4916,5824.7100,0.0000,0.0000,Pass
W6,2444,69,144.5890,6.3314,86.0957,97.9890,5821.7400,0.0000,0.0000,Pass
W6,2444,70,144.7400,6.3320,86.0431,98.4438,5814.6300,0.0000,0.0000,Pass
W6,2444,71,144.8900,6.3324,86.7552,98.2878,5911.2700,0.0000,0.0000,Pass
W6,2444,72,145.3420,6.3342,87.7071,98.1353,6041.7100,0.0000,0.0000,Pass
W6,2444,77,143.0870,6.3254,85.2055,96.8568,5701.9700,0.0000,0.0000,Pass
W6,2444,78,143.6870,6.3274,85.4090,97.8710,5729.2500,0.0000,0.0000,Pass
W6,2444,79,143.8380,6.3280,85.3295,97.0049,5718.5800,0.0000,0.0000,Pass
W6,2444,80,145.0410,6.3331,86.7160,98.2959,5905.9300,0.0000,0.0000,Pass
W6,2444,81,145.1910,6.3338,87.2498,97.7581,5978.8600,0.0000,0.0000,Pass
W6,2444,85,145.0420,6.1827,86.5461,97.5915,5882.8100,0.0000,0.0000,Pass
W6,2444,90,142.7870,6.1744,84.9926,97.4789,5673.5100,0.0000,0.0000,Pass
W6,2444,91,142.9380,6.1752,85.3781,98.0179,5725.1000,0.0000,0.0000,Pass
W6,2444,92,143.0870,6.1757,85.3339,96.9327,5719.1700,0.0000,0.0000,Pass
W6,2444,93,143.2370,6.1760,85.4267,98.5740,5731.6200,0.0000,0.0000,Pass
W6,2444,94,143.3870,6.1762,85.1435,97.6817,5693.6700,0.0000,0.0000,Pass
W6,2444,95,143.5370,6.1771,85.4400,97.8120,5733.4000,0.0000,0.0000,Pass
W6,2444,96,143.6870,6.1774,85.2985,98.3083,5714.4300,0.0000,0.0000,Pass
W6,2444,97,143.8380,6.1780,85.4311,98.9241,5732.2100,0.0000,0.0000,Pass
W6,2444,98,143.9880,6.1786,85.6033,98.5350,5755.3400,0.0000,0.0000,Pass
W6,2444,99,144.1380,6.1793,85.5106,98.3167,5742.8800,0.0000,0.0000,Pass
W6,2444,100,144.2890,6.1799,85.8059,98.8362,5782.6100,0.0000,0.0000,Pass
W6,2444,101,144.4390,6.1803,85.9333,98.5224,5799.8000,0.0000,0.0000,Pass
W6,2444,102,144.5900,6.1811,85.7971,99.9238,5781.4200,0.0000,0.0000,Pass
W6,2444,103,144.7400,6.1814,86.4108,98.6684,5864.4300,0.0000,0.0000,Pass
W6,2444,104,144.8910,6.1818,86.4719,98.5241,5872.7300,0.0000,0.0000,Pass
W6,2444,105,145.1920,6.1829,86.9855,98.7948,5942.6900,0.0000,0.0000,Pass
W6,2444,106,145.3420,6.1833,87.1762,97.4089,5968.7800,0.0000,0.0000,Pass
W6,2444,115,142.7880,6.0242,85.1257,96.9006,5691.3000,0.0000,0.0000,Pass
W6,2444,116,142.9380,6.0245,85.4444,98.3077,5733.9900,0.0000,0.0000,Pass
W6,2444,117,143.0880,6.0252,85.6826,98.1733,5766.0100,0.0000,0.0000,Pass
W6,2444,118,143.2380,6.0254,85.8367,97.9860,5786.7600,0.0000,0.0000,Pass
W6,2444,119,143.5380,6.0268,85.5239,98.0743,5744.6600,0.0000,0.0000,Pass
W6,2444,120,143.6880,6.0273,85.5592,99.1551,5749.4100,0.0000,0.0000,Pass
W6,2444,121,144.1390,6.0293,85.8191,98.7829,5784.3900,0.0000,0.0000,Pass
W6,2444,122,144.2890,6.0301,86.2534,99.3663,5843.0900,0.0000,0.0000,Pass
W6,2444,123,144.5900,6.0304,86.1527,98.8873,5829.4500,0.0000,0.0000,Pass
W6,2444,124,144.7410,6.0310,86.3758,99.0202,5859.6900,0.0000,0.0000,Pass
W6,2444,125,144.8910,6.0315,86.6159,98.9879,5892.3000,0.0000,0.0000,Pass
W6,2444,129,143.3880,6.0262,85.6077,98.0573,5755.9300,0.0000,0.0000,Pass
W6,2444,130,143.8380,6.0274,85.9597,98.9569,5803.3600,0.0000,0.0000,Pass
W6,2444,131,143.9890,6.0280,85.7619,99.8866,5776.6800,0.0000,0.0000,Pass
W6,2444,132,144.4400,6.0301,86.2928,99.5917,5848.4200,0.0000,0.0000,Pass
W6,2444,133,145.0420,6.0318,87.2108,98.9277,5973.5200,0.0000,0.0000,Pass
W6,2444,134,145.1920,6.0325,87.1112,98.4879,5959.8900,0.0000,0.0000,Pass
W6,2444,135,145.3430,6.0331,87.4744,98.0042,6009.6900,0.0000,0.0000,Pass
W6,2444,159,143.1650,5.6167,85.0592,99.5148,5682.4100,0.0000,0.0000,Pass
W6,2444,160,144.1540,5.6206,86.1132,99.6675,5824.1100,0.0000,0.0000,Pass
W6,2444,161,144.6490,5.6221,86.7943,98.5398,5916.6100,0.0000,0.0000,Pass
W6,2444,162,143.3300,5.6173,85.0636,98.5516,5683.0000,0.0000,0.0000,Pass
W6,2444,163,143.4950,5.6176,85.4709,99.2425,5737.5500,0.0000,0.0000,Pass
W6,2444,164,143.6590,5.6178,85.8015,99.6485,5782.0200,0.0000,0.0000,Pass
W6,2444,165,143.8240,5.6186,85.5945,99.0280,5754.1500,0.0000,0.0000,Pass
W6,2444,166,143.9900,5.6192,85.9289,99.6478,5799.2100,0.0000,0.0000,Pass
W6,2444,167,144.3190,5.6210,86.1439,99.6171,5828.2600,0.0000,0.0000,Pass
W6,2444,168,144.4840,5.6220,86.4326,99.5922,5867.4000,0.0000,0.0000,Pass
W6,2444,169,144.8140,5.6227,86.8986,99.1060,5930.8400,0.0000,0.0000,Pass
W6,2444,170,144.9800,5.6234,87.3017,99.4370,5985.9800,0.0000,0.0000,Pass
W6,2444,171,145.1450,5.6239,87.1286,98.6329,5962.2600,0.0000,0.0000,Pass
W6,2444,182,143.0010,5.4513,85.7575,99.3023,5776.0900,0.0000,0.0000,Pass
W6,2444,183,143.1650,5.4518,85.2542,98.6735,5708.5000,0.0000,0.0000,Pass
W6,2444,184,143.3300,5.4521,85.5239,99.5145,5744.6600,0.0000,0.0000,Pass
W6,2444,185,143.4950,5.4527,85.8718,99.6627,5791.5000,0.0000,0.0000,Pass
W6,2444,186,143.6600,5.4536,85.3118,97.6101,5716.2000,0.0000,0.0000,Pass
W6,2444,187,143.8250,5.4539,85.4532,99.5896,5735.1800,0.0000,0.0000,Pass
W6,2444,188,143.9900,5.4546,85.4576,99.5656,5735.7700,0.0000,0.0000,Pass
W6,2444,189,144.1540,5.4556,85.4709,99.6093,5737.5500,0.0000,0.0000,Pass
W6,2444,190,144.3200,5.4562,85.1568,99.8161,5695.4500,0.0000,0.0000,Pass
W6,2444,191,144.4850,5.4567,85.4400,99.6059,5733.4000,0.0000,0.0000,Pass
W6,2444,192,144.6490,5.4569,85.9377,99.9246,5800.4000,0.0000,0.0000,Pass
W6,2444,193,144.8150,5.4575,86.0475,99.1058,5815.2200,0.0000,0.0000,Pass
W6,2444,194,145.1460,5.4584,86.5243,98.8605,5879.8500,0.0000,0.0000,Pass
W6,2444,195,144.9800,5.4576,86.4763,99.5206,5873.3200,0.0000,0.0000,Pass
W6,2444,206,143.0020,5.2861,85.2896,99.0568,5713.2400,0.0000,0.0000,Pass
W6,2444,207,143.1660,5.2868,85.1346,98.8624,5692.4900,0.0000,0.0000,Pass
W6,2444,208,143.3310,5.2871,85.2409,99.2776,5706.7200,0.0000,0.0000,Pass
W6,2444,209,143.8250,5.2888,85.6297,99.8341,5758.8900,0.0000,0.0000,Pass
W6,2444,210,144.1550,5.2904,85.5636,99.5730,5750.0000,0.0000,0.0000,Pass
W6,2444,211,144.6500,5.2921,86.5068,99.8079,5877.4700,0.0000,0.0000,Pass
W6,2444,212,144.8160,5.2923,87.3319,99.3156,5990.1300,0.0000,0.0000,Pass
W6,2444,213,144.9810,5.2922,87.7717,99.6434,6050.6000,0.0000,0.0000,Pass
W6,2444,214,143.4960,5.2874,85.7046,99.7630,5768.9700,0.0000,0.0000,Pass
W6,2444,215,143.6600,5.2883,85.3250,99.1320,5717.9800,0.0000,0.0000,Pass
W6,2444,216,143.9900,5.2893,85.3604,99.3616,5722.7300,0.0000,0.0000,Pass
W6,2444,217,144.3200,5.2911,85.5503,99.5913,5748.2200,0.0000,0.0000,Pass
W6,2444,218,144.4850,5.2914,85.8806,99.6593,5792.6900,0.0000,0.0000,Pass
W6,2444,219,145.1460,5.2933,88.8530,97.5716,6200.6100,0.0000,0.0000,Pass
W6,2444,233,144.3210,5.1257,85.8279,99.2499,5785.5700,0.0000,0.0000,Pass
W6,2444,239,143.0020,5.1215,85.3206,98.9666,5717.3900,0.0000,0.0000,Pass
W6,2444,240,143.1670,5.1221,84.9970,98.8280,5674.1100,0.0000,0.0000,Pass
W6,2444,241,143.3320,5.1228,85.3825,99.1726,5725.6900,0.0000,0.0000,Pass
W6,2444,242,143.4960,5.1231,85.7839,99.1786,5779.6500,0.0000,0.0000,Pass
W6,2444,243,143.6610,5.1237,85.2144,99.7059,5703.1600,0.0000,0.0000,Pass
W6,2444,244,143.8260,5.1243,85.2454,99.2398,5707.3100,0.0000,0.0000,Pass
W6,2444,245,144.1550,5.1260,84.7703,99.5560,5643.8700,0.0000,0.0000,Pass
W6,2444,246,144.4860,5.1265,87.5305,98.7681,6017.4000,0.0000,0.0000,Pass
W6,2444,247,144.6510,5.1272,87.8276,99.2492,6058.3100,0.0000,0.0000,Pass
W6,2444,248,144.8160,5.1271,88.8785,98.4717,6204.1700,0.0000,0.0000,Pass
W6,2444,249,144.9820,5.1277,90.2231,98.3717,6393.3000,0.0000,0.0000,Pass
W6,2444,250,145.1470,5.1285,90.9564,97.7405,6497.6500,0.0000,0.0000,Pass
W6,2444,251,143.9910,5.1246,85.1036,99.4219,5688.3400,0.0000,0.0000,Pass
W6,2444,262,143.0030,4.9568,85.2188,99.3523,5703.7500,0.0000,0.0000,Pass
W6,2444,263,143.3320,4.9575,85.2099,99.8201,5702.5700,0.0000,0.0000,Pass
W6,2444,264,143.4970,4.9579,85.5548,99.3396,5748.8100,0.0000,0.0000,Pass
W6,2444,265,143.6620,4.9584,85.2365,99.2031,5706.1200,0.0000,0.0000,Pass
W6,2444,266,143.8270,4.9590,85.4576,99.7870,5735.7700,0.0000,0.0000,Pass
W6,2444,267,143.9920,4.9590,86.9725,99.1791,5940.9200,0.0000,0.0000,Pass
W6,2444,268,144.1560,4.9603,88.7510,98.6102,6186.3800,0.0000,0.0000,Pass
W6,2444,269,144.4860,4.9616,91.5933,99.1848,6588.9600,0.0000,0.0000,Pass
W6,2444,270,144.6510,4.9624,92.0824,99.1239,6659.5200,0.0000,0.0000,Pass
W6,2444,271,144.8170,4.9633,91.0021,99.4464,6504.1800,0.0000,0.0000,Pass
W6,2444,272,144.9820,4.9645,90.4529,99.3428,6425.9100,0.0000,0.0000,Pass
W6,2444,273,143.1670,4.9573,85.0725,99.2386,5684.1900,0.0000,0.0000,Pass
W6,2444,274,144.3210,4.9606,90.4195,98.6388,6421.1700,0.0000,0.0000,Pass
W6,2444,275,145.1470,4.9649,88.8870,98.3943,6205.3500,0.0000,0.0000,Pass
W6,2444,286,143.4970,4.7935,85.7707,99.8755,5777.8700,0.0000,0.0000,Pass
W6,2444,287,144.1570,4.7960,90.6238,98.7735,6450.2200,0.0000,0.0000,Pass
W6,2444,288,144.4860,4.7979,87.9864,99.3251,6080.2500,0.0000,0.0000,Pass
W6,2444,289,143.0030,4.7921,85.6914,98.8512,5767.1900,0.0000,0.0000,Pass
W6,2444,290,143.1680,4.7925,85.7002,99.2557,5768.3800,0.0000,0.0000,Pass
W6,2444,291,143.3320,4.7930,85.5680,99.1490,5750.5900,0.0000,0.0000,Pass
W6,2444,292,143.6620,4.7932,86.8422,98.8525,5923.1300,0.0000,0.0000,Pass
W6,2444,293,143.8270,4.7942,88.3973,98.8248,6137.1700,0.0000,0.0000,Pass
W6,2444,294,143.9920,4.7945,90.7404,99.7040,6466.8200,0.0000,0.0000,Pass
W6,2444,295,144.3210,4.7972,90.2356,99.8250,6395.0800,0.0000,0.0000,Pass
W6,2444,296,144.6520,4.7976,86.8639,99.0957,5926.0900,0.0000,0.0000,Pass
W6,2444,297,144.8170,4.7980,86.1089,99.1979,5823.5200,0.0000,0.0000,Pass
W6,2444,298,144.9820,4.7985,85.6297,99.0413,5758.8900,0.0000,0.0000,Pass
W6,2444,299,145.1480,4.7989,85.3427,98.3937,5720.3500,0.0000,0.0000,Pass
W6,2444,310,143.0040,4.6268,85.1523,98.2726,5694.8600,0.0000,0.0000,Pass
W6,2444,311,143.1690,4.6275,85.2941,99.6967,5713.8300,0.0000,0.0000,Pass
W6,2444,312,143.3330,4.6271,85.6694,99.7338,5764.2300,0.0000,0.0000,Pass
W6,2444,313,143.4980,4.6277,87.3492,98.2022,5992.5000,0.0000,0.0000,Pass
W6,2444,314,143.6630,4.6278,88.8955,99.1331,6206.5400,0.0000,0.0000,Pass
W6,2444,315,143.8280,4.6290,92.3934,99.2616,6704.5800,0.0000,0.0000,Pass
W6,2444,316,144.1570,4.6314,87.8147,98.5893,6056.5300,0.0000,0.0000,Pass
W6,2444,317,144.3220,4.6317,86.2009,98.8620,5835.9700,0.0000,0.0000,Pass
W6,2444,318,144.4870,4.6319,86.0738,99.8410,5818.7800,0.0000,0.0000,Pass
W6,2444,319,144.6530,4.6320,85.8542,97.0063,5789.1300,0.0000,0.0000,Pass
W6,2444,320,144.8180,4.6329,86.5766,98.7682,5886.9600,0.0000,0.0000,Pass
W6,2444,321,144.9830,4.6334,86.3146,98.6932,5851.3900,0.0000,0.0000,Pass
W6,2444,322,145.1480,4.6339,86.8769,98.3775,5927.8700,0.0000,0.0000,Pass
W6,2444,323,143.9920,4.6304,91.0062,99.8278,6504.7700,0.0000,0.0000,Pass
W6,2444,334,143.0040,4.4618,86.4326,98.6493,5867.4000,0.0000,0.0000,Pass
W6,2444,335,143.1690,4.4623,85.8059,97.9600,5782.6100,0.0000,0.0000,Pass
W6,2444,336,143.3340,4.4631,88.2520,99.0370,6117.0100,0.0000,0.0000,Pass
W6,2444,337,143.4990,4.4628,89.3022,98.7458,6263.4600,0.0000,0.0000,Pass
W6,2444,338,143.6630,4.4636,92.8295,97.9271,6768.0200,0.0000,0.0000,Pass
W6,2444,339,144.1580,4.4657,86.0562,98.6938,5816.4100,0.0000,0.0000,Pass
W6,2444,340,144.3230,4.4661,85.8542,98.9068,5789.1300,0.0000,0.0000,Pass
W6,2444,341,144.4880,4.4668,85.7927,99.1933,5780.8300,0.0000,0.0000,Pass
W6,2444,342,144.6530,4.4669,86.4937,97.8739,5875.7000,0.0000,0.0000,Pass
W6,2444,343,144.8190,4.4672,86.5679,98.4805,5885.7800,0.0000,0.0000,Pass
W6,2444,344,144.9840,4.4672,87.7201,98.3887,6043.4900,0.0000,0.0000,Pass
W6,2444,345,143.8270,4.4652,89.1880,99.5567,6247.4500,0.0000,0.0000,Pass
W6,2444,346,143.9930,4.4648,85.9377,99.1091,5800.4000,0.0000,0.0000,Pass
W6,2444,347,145.1490,4.4680,87.3924,97.8272,5998.4300,0.0000,0.0000,Pass
W6,2444,370,142.7950,4.0703,85.9816,98.6272,5806.3300,0.0000,0.0000,Pass
W6,2444,371,143.8450,4.0737,85.2941,98.6499,5713.8300,0.0000,0.0000,Pass
W6,2444,372,144.1450,4.0748,87.7373,98.8445,6045.8600,0.0000,0.0000,Pass
W6,2444,373,144.2950,4.0758,88.1579,98.8945,6103.9600,0.0000,0.0000,Pass
W6,2444,374,144.7470,4.0771,85.4002,97.2438,5728.0600,0.0000,0.0000,Pass
W6,2444,378,142.9440,4.0714,88.4272,97.0579,6141.3200,0.0000,0.0000,Pass
W6,2444,379,143.0940,4.0717,87.5090,97.8952,6014.4400,0.0000,0.0000,Pass
W6,2444,380,143.2480,4.0704,94.1216,95.0915,6957.7500,0.0000,0.0000,Pass
W6,2444,381,143.3920,4.0742,94.9123,98.4637,7075.1400,0.0000,0.0000,Pass
W6,2444,382,143.5440,4.0734,85.5503,98.6328,5748.2200,0.0000,0.0000,Pass
W6,2444,383,143.6940,4.0734,84.8370,97.4843,5652.7600,0.0000,0.0000,Pass
W6,2444,384,143.9950,4.0738,86.5897,98.6059,5888.7400,0.0000,0.0000,Pass
W6,2444,385,144.4460,4.0764,87.4831,98.5543,6010.8800,0.0000,0.0000,Pass
W6,2444,386,144.5960,4.0766,85.8015,98.2578,5782.0200,0.0000,0.0000,Pass
W6,2444,387,144.8980,4.0777,85.5768,99.3515,5751.7800,0.0000,0.0000,Pass
W6,2444,388,145.0480,4.0779,85.6121,97.7418,5756.5200,0.0000,0.0000,Pass
W6,2444,389,145.1990,4.0781,85.1967,97.5463,5700.7900,0.0000,0.0000,Pass
W6,2444,390,145.3500,4.0785,85.3472,95.9251,5720.9500,0.0000,0.0000,Pass
W6,2444,397,142.9440,3.9211,86.6899,97.5783,5902.3800,0.0000,0.0000,Pass
W6,2444,398,144.5970,3.9254,85.6518,98.0517,5761.8600,0.0000,0.0000,Pass
W6,2444,403,142.7940,3.9207,87.7588,96.9120,6048.8200,0.0000,0.0000,Pass
W6,2444,404,143.0960,3.9204,88.2392,99.3319,6115.2300,0.0000,0.0000,Pass
W6,2444,405,143.2440,3.9225,95.1507,96.1980,7110.7200,0.0000,0.0000,Pass
W6,2444,406,143.3940,3.9222,86.0387,99.2875,5814.0300,0.0000,0.0000,Pass
W6,2444,407,143.5450,3.9221,84.6321,98.0168,5625.4900,0.0000,0.0000,Pass
W6,2444,408,143.6950,3.9225,84.7658,97.3511,5643.2800,0.0000,0.0000,Pass
W6,2444,409,143.8460,3.9229,85.9509,98.5742,5802.1800,0.0000,0.0000,Pass
W6,2444,410,143.9960,3.9234,87.9349,98.3108,6073.1300,0.0000,0.0000,Pass
W6,2444,411,144.1450,3.9247,86.3278,98.6843,5853.1700,0.0000,0.0000,Pass
W6,2444,412,144.2960,3.9252,85.1523,97.5881,5694.8600,0.0000,0.0000,Pass
W6,2444,413,144.4460,3.9251,85.0503,97.7617,5681.2200,0.0000,0.0000,Pass
W6,2444,414,144.7480,3.9257,86.3146,97.8119,5851.3900,0.0000,0.0000,Pass
W6,2444,415,144.8980,3.9259,86.9855,97.6232,5942.6900,0.0000,0.0000,Pass
W6,2444,416,145.0490,3.9262,87.8533,97.3743,6061.8700,0.0000,0.0000,Pass
W6,2444,417,145.1990,3.9265,87.6339,97.1613,6031.6300,0.0000,0.0000,Pass
W6,2444,419,145.3500,3.9264,87.8319,98.2542,6058.9000,0.0000,0.0000,Pass
W6,2444,424,144.1460,3.7744,84.8726,97.4443,5657.5100,0.0000,0.0000,Pass
W6,2444,427,142.9450,3.7709,86.1615,97.9314,5830.6300,0.0000,0.0000,Pass
W6,2444,428,143.5450,3.7725,85.2896,97.4788,5713.2400,0.0000,0.0000,Pass
W6,2444,429,143.8460,3.7730,88.6446,97.3811,6171.5600,0.0000,0.0000,Pass
W6,2444,430,144.2970,3.7743,85.1036,97.4121,5688.3400,0.0000,0.0000,Pass
W6,2444,431,144.4470,3.7746,86.9681,97.9126,5940.3200,0.0000,0.0000,Pass
W6,2444,432,144.5980,3.7751,88.8233,98.0990,6196.4600,0.0000,0.0000,Pass
W6,2444,433,144.7480,3.7758,89.0101,98.3458,6222.5500,0.0000,0.0000,Pass
W6,2444,434,144.8980,3.7766,89.4458,97.8658,6283.6100,0.0000,0.0000,Pass
W6,2444,435,145.2000,3.7775,90.2147,97.0003,6392.1200,0.0000,0.0000,Pass
W6,2444,437,142.7950,3.7707,86.6855,96.7520,5901.7800,0.0000,0.0000,Pass
W6,2444,438,143.0950,3.7706,91.8361,97.0058,6623.9400,0.0000,0.0000,Pass
W6,2444,439,143.2440,3.7723,89.5048,97.7141,6291.9200,0.0000,0.0000,Pass
W6,2444,440,143.3950,3.7719,85.1878,97.9544,5699.6000,0.0000,0.0000,Pass
W6,2444,441,143.6960,3.7721,86.5984,97.3801,5889.9300,0.0000,0.0000,Pass
W6,2444,442,143.9960,3.7738,86.4283,97.8544,5866.8000,0.0000,0.0000,Pass
W6,2444,443,145.0490,3.7769,89.3571,96.9041,6271.1600,0.0000,0.0000,Pass
W6,2444,444,145.3500,3.7773,91.0228,97.1369,6507.1400,0.0000,0.0000,Pass
W6,2444,451,142.9460,3.6203,88.7510,96.2502,6186.3800,0.0000,0.0000,Pass
W6,2444,452,144.4470,3.6250,90.1310,98.1657,6380.2600,0.0000,0.0000,Pass
W6,2444,457,142.7960,3.6202,86.0124,96.5953,5810.4800,0.0000,0.0000,Pass
W6,2444,458,143.0950,3.6214,91.4654,96.2885,6570.5800,0.0000,0.0000,Pass
W6,2444,459,143.2450,3.6213,86.9377,97.3584,5936.1700,0.0000,0.0000,Pass
W6,2444,460,143.3960,3.6215,85.6694,97.6367,5764.2300,0.0000,0.0000,Pass
W6,2444,461,143.5460,3.6218,86.0255,98.9333,5812.2500,0.0000,0.0000,Pass
W6,2444,462,143.6960,3.6222,89.7407,96.6992,6325.1200,0.0000,0.0000,Pass
W6,2444,463,143.8460,3.6229,86.5374,97.5493,5881.6300,0.0000,0.0000,Pass
W6,2444,464,143.9970,3.6225,84.7168,97.5701,5636.7500,0.0000,0.0000,Pass
W6,2444,465,144.1470,3.6234,85.3073,97.7919,5715.6100,0.0000,0.0000,Pass
W6,2444,466,144.2980,3.6236,89.1372,97.5615,6240.3300,0.0000,0.0000,Pass
W6,2444,467,144.5980,3.6252,88.4443,96.7255,6143.6900,0.0000,0.0000,Pass
W6,2444,468,144.7480,3.6254,88.4101,96.6811,6138.9500,0.0000,0.0000,Pass
W6,2444,469,144.8990,3.6264,87.7760,96.7968,6051.2000,0.0000,0.0000,Pass
W6,2444,470,145.0500,3.6263,88.0207,96.2388,6084.9900,0.0000,0.0000,Pass
W6,2444,471,145.2000,3.6266,87.9306,96.6161,6072.5400,0.0000,0.0000,Pass
W6,2444,474,145.3520,3.6275,88.8912,97.3526,6205.9400,0.0000,0.0000,Pass
W6,2444,482,142.7970,3.4698,87.0245,96.6543,5948.0300,0.0000,0.0000,Pass
W6,2444,483,142.9460,3.4701,90.6738,95.6648,6457.3400,0.0000,0.0000,Pass
W6,2444,484,143.2460,3.4708,87.3708,96.5376,5995.4600,0.0000,0.0000,Pass
W6,2444,485,143.8470,3.4720,85.2764,97.0313,5711.4600,0.0000,0.0000,Pass
W6,2444,486,143.9970,3.4722,86.0782,97.1155,5819.3700,0.0000,0.0000,Pass
W6,2444,487,144.1480,3.4727,89.8206,97.2552,6336.3800,0.0000,0.0000,Pass
W6,2444,488,144.2970,3.4744,89.9214,96.9561,6350.6100,0.0000,0.0000,Pass
W6,2444,489,144.4480,3.4741,88.5637,96.8982,6160.2900,0.0000,0.0000,Pass
W6,2444,490,144.5990,3.4741,88.3247,95.9697,6127.0900,0.0000,0.0000,Pass
W6,2444,491,144.8990,3.4750,89.3275,96.2164,6267.0100,0.0000,0.0000,Pass
W6,2444,492,145.0500,3.4752,89.5386,96.3127,6296.6600,0.0000,0.0000,Pass
W6,2444,493,145.2010,3.4754,89.8878,96.0484,6345.8700,0.0000,0.0000,Pass
W6,2444,494,143.0960,3.4709,89.7407,96.8651,6325.1200,0.0000,0.0000,Pass
W6,2444,495,143.3960,3.4711,87.6124,97.4178,6028.6700,0.0000,0.0000,Pass
W6,2444,496,143.5470,3.4710,89.9969,95.4392,6361.2900,0.0000,0.0000,Pass
W6,2444,497,143.6950,3.4721,88.5679,96.4976,6160.8800,0.0000,0.0000,Pass
W6,2444,498,144.7490,3.4747,88.9719,97.2287,6217.2100,0.0000,0.0000,Pass
W6,2444,499,145.3520,3.4756,90.3443,95.7848,6410.5000,0.0000,0.0000,Pass
W6,2479,1,-15.8531,6.6814,85.7487,96.2097,5774.9000,0.0000,0.0000,Pass
W6,2479,2,-15.5519,6.6824,85.6826,96.7070,5766.0100,0.0000,0.0000,Pass
W6,2479,8,-17.2049,6.6764,85.9597,95.9564,5803.3600,0.0000,0.0000,Pass
W6,2479,9,-17.0549,6.6775,85.7971,97.9367,5781.4200,0.0000,0.0000,Pass
W6,2479,10,-16.9047,6.6773,85.2011,98.5416,5701.3800,0.0000,0.0000,Pass
W6,2479,11,-16.7545,6.6782,85.7927,97.9733,5780.8300,0.0000,0.0000,Pass
W6,2479,12,-16.6039,6.6781,86.1965,97.8482,5835.3800,0.0000,0.0000,Pass
W6,2479,13,-16.4542,6.6789,85.3118,96.8183,5716.2000,0.0000,0.0000,Pass
W6,2479,14,-16.3036,6.6791,85.4797,97.3370,5738.7300,0.0000,0.0000,Pass
W6,2479,15,-16.1531,6.6796,85.3516,97.9496,5721.5400,0.0000,0.0000,Pass
W6,2479,16,-16.0033,6.6801,85.3914,98.6476,5726.8800,0.0000,0.0000,Pass
W6,2479,17,-15.7024,6.6819,85.7839,97.6052,5779.6500,0.0000,0.0000,Pass
W6,2479,18,-15.4012,6.6822,85.4532,97.3119,5735.1800,0.0000,0.0000,Pass
W6,2479,19,-15.2508,6.6828,85.9377,98.1521,5800.4000,0.0000,0.0000,Pass
W6,2479,20,-15.1009,6.6837,85.3383,97.7709,5719.7600,0.0000,0.0000,Pass
W6,2479,21,-14.9501,6.6842,85.8015,96.6662,5782.0200,0.0000,0.0000,Pass
W6,2479,22,-14.7994,6.6846,86.0080,96.6124,5809.8800,0.0000,0.0000,Pass
W6,2479,23,-14.6487,6.6845,86.6115,97.1634,5891.7000,0.0000,0.0000,Pass
W6,2479,31,-17.0540,6.5268,85.5636,97.6658,5750.0000,0.0000,0.0000,Pass
W6,2479,32,-16.3031,6.5291,85.2675,98.8076,5710.2700,0.0000,0.0000,Pass
W6,2479,33,-15.8525,6.5306,84.9615,97.8550,5669.3600,0.0000,0.0000,Pass
W6,2479,34,-15.5518,6.5318,85.5371,97.9029,5746.4400,0.0000,0.0000,Pass
W6,2479,35,-15.4013,6.5320,85.1036,97.5529,5688.3400,0.0000,0.0000,Pass
W6,2479,36,-15.2511,6.5329,85.1568,96.6689,5695.4500,0.0000,0.0000,Pass
W6,2479,37,-14.7991,6.5338,85.4797,97.6135,5738.7300,0.0000,0.0000,Pass
W6,2479,38,-14.6485,6.5349,86.3977,97.6190,5862.6500,0.0000,0.0000,Pass
W6,2479,41,-17.2044,6.5266,85.2099,97.5212,5702.5700,0.0000,0.0000,Pass
W6,2479,42,-16.9041,6.5270,85.0237,95.9482,5677.6700,0.0000,0.0000,Pass
W6,2479,43,-16.7539,6.5277,85.1568,97.5381,5695.4500,0.0000,0.0000,Pass
W6,2479,44,-16.6038,6.5277,85.0148,97.8652,5676.4800,0.0000,0.0000,Pass
W6,2479,45,-16.4536,6.5282,85.2852,98.3183,5712.6500,0.0000,0.0000,Pass
W6,2479,46,-16.1528,6.5290,85.0814,97.0639,5685.3700,0.0000,0.0000,Pass
W6,2479,47,-16.0023,6.5294,85.6165,98.1907,5757.1100,0.0000,0.0000,Pass
W6,2479,48,-15.7018,6.5313,85.5812,98.1101,5752.3700,0.0000,0.0000,Pass
W6,2479,49,-15.1002,6.5334,85.5680,98.5769,5750.5900,0.0000,0.0000,Pass
W6,2479,50,-14.9495,6.5332,85.4488,98.0725,5734.5800,0.0000,0.0000,Pass
W6,2479,60,-17.2040,6.3764,85.2321,96.4694,5705.5300,0.0000,0.0000,Pass
W6,2479,61,-17.0539,6.3763,85.1789,97.9412,5698.4200,0.0000,0.0000,Pass
W6,2479,62,-16.7532,6.3776,84.9304,97.1385,5665.2100,0.0000,0.0000,Pass
W6,2479,63,-16.6036,6.3776,85.0459,96.8036,5680.6300,0.0000,0.0000,Pass
W6,2479,64,-16.4532,6.3779,85.2099,98.3282,5702.5700,0.0000,0.0000,Pass
W6,2479,65,-16.0023,6.3785,84.7881,97.7986,5646.2400,0.0000,0.0000,Pass
W6,2479,66,-15.8522,6.3802,84.9349,97.2187,5665.8100,0.0000,0.0000,Pass
W6,2479,67,-15.7019,6.3810,84.7881,98.8814,5646.2400,0.0000,0.0000,Pass
W6,2479,68,-15.5511,6.3810,84.8815,98.6147,5658.6900,0.0000,0.0000,Pass
W6,2479,69,-15.4009,6.3817,85.1568,98.2805,5695.4500,0.0000,0.0000,Pass
W6,2479,70,-15.2502,6.3823,85.1922,98.4537,5700.2000,0.0000,0.0000,Pass
W6,2479,71,-15.1001,6.3823,85.5327,97.9961,5745.8500,0.0000,0.0000,Pass
W6,2479,72,-14.6481,6.3838,85.5768,97.2338,5751.7800,0.0000,0.0000,Pass
W6,2479,77,-16.9041,6.3765,85.3472,97.4505,5720.9500,0.0000,0.0000,Pass
W6,2479,78,-16.3024,6.3779,84.8993,98.6783,5661.0600,0.0000,0.0000,Pass
W6,2479,79,-16.1527,6.3786,84.5250,98.6683,5611.2600,0.0000,0.0000,Pass
W6,2479,80,-14.9493,6.3826,85.5592,97.3601,5749.4100,0.0000,0.0000,Pass
W6,2479,81,-14.7987,6.3835,85.4488,96.5711,5734.5800,0.0000,0.0000,Pass
W6,2479,85,-14.9492,6.2326,85.2675,97.5074,5710.2700,0.0000,0.0000,Pass
W6,2479,90,-17.2038,6.2254,85.1036,95.6535,5688.3400,0.0000,0.0000,Pass
W6,2479,91,-17.0532,6.2263,85.3693,97.1500,5723.9100,0.0000,0.0000,Pass
W6,2479,92,-16.9039,6.2270,85.3383,98.1059,5719.7600,0.0000,0.0000,Pass
W6,2479,93,-16.7530,6.2271,84.9171,97.8314,5663.4400,0.0000,0.0000,Pass
W6,2479,94,-16.6028,6.2265,85.5327,98.1672,5745.8500,0.0000,0.0000,Pass
W6,2479,95,-16.4529,6.2277,84.7124,98.1694,5636.1600,0.0000,0.0000,Pass
W6,2479,96,-16.3027,6.2282,85.1922,99.1292,5700.2000,0.0000,0.0000,Pass
W6,2479,97,-16.1522,6.2284,85.0592,98.9838,5682.4100,0.0000,0.0000,Pass
W6,2479,98,-16.0019,6.2287,85.1745,98.7165,5697.8200,0.0000,0.0000,Pass
W6,2479,99,-15.8518,6.2296,85.1213,98.6801,5690.7100,0.0000,0.0000,Pass
W6,2479,100,-15.7015,6.2305,84.8415,97.8768,5653.3600,0.0000,0.0000,Pass
W6,2479,101,-15.5510,6.2309,84.9260,98.7473,5664.6200,0.0000,0.0000,Pass
W6,2479,102,-15.4006,6.2319,85.2409,99.2131,5706.7200,0.0000,0.0000,Pass
W6,2479,103,-15.2497,6.2316,85.6562,98.4275,5762.4500,0.0000,0.0000,Pass
W6,2479,104,-15.0993,6.2319,85.4002,98.9281,5728.0600,0.0000,0.0000,Pass
W6,2479,105,-14.7987,6.2334,85.9289,98.6542,5799.2100,0.0000,0.0000,Pass
W6,2479,106,-14.6482,6.2338,85.8455,98.0744,5787.9500,0.0000,0.0000,Pass
W6,2479,115,-17.2028,6.0748,85.6385,97.9973,5760.0800,0.0000,0.0000,Pass
W6,2479,116,-17.0532,6.0753,85.7002,98.3537,5768.3800,0.0000,0.0000,Pass
W6,2479,117,-16.9030,6.0756,85.0769,97.4091,5684.7800,0.0000,0.0000,Pass
W6,2479,118,-16.7529,6.0759,85.2498,98.4433,5707.9000,0.0000,0.0000,Pass
W6,2479,119,-16.4521,6.0775,85.0725,98.9576,5684.1900,0.0000,0.0000,Pass
W6,2479,120,-16.3021,6.0776,85.4974,99.2690,5741.1100,0.0000,0.0000,Pass
W6,2479,121,-15.8516,6.0796,85.6209,98.8026,5757.7100,0.0000,0.0000,Pass
W6,2479,122,-15.7007,6.0802,85.7751,99.0441,5778.4600,0.0000,0.0000,Pass
W6,2479,123,-15.4003,6.0810,85.4090,99.4911,5729.2500,0.0000,0.0000,Pass
W6,2479,124,-15.2493,6.0807,85.5283,98.3241,5745.2600,0.0000,0.0000,Pass
W6,2479,125,-15.0986,6.0822,85.9026,98.8682,5795.6500,0.0000,0.0000,Pass
W6,2479,129,-16.6028,6.0768,85.2232,98.4569,5704.3500,0.0000,0.0000,Pass
W6,2479,130,-16.1515,6.0776,85.2852,98.9006,5712.6500,0.0000,0.0000,Pass
W6,2479,131,-16.0017,6.0782,85.2011,99.4059,5701.3800,0.0000,0.0000,Pass
W6,2479,132,-15.5500,6.0806,85.6209,98.5074,5757.7100,0.0000,0.0000,Pass
W6,2479,133,-14.9485,6.0823,85.3339,97.3970,5719.1700,0.0000,0.0000,Pass
W6,2479,134,-14.7982,6.0827,85.8103,98.3073,5783.2000,0.0000,0.0000,Pass
W6,2479,135,-14.6475,6.0837,85.8235,98.0099,5784.9800,0.0000,0.0000,Pass
W6,2479,159,-16.8259,5.6676,84.8682,98.1025,5656.9100,0.0000,0.0000,Pass
W6,2479,160,-15.8359,5.6708,84.9615,99.4884,5669.3600,0.0000,0.0000,Pass
W6,2479,161,-15.3404,5.6723,85.5856,99.4335,5752.9600,0.0000,0.0000,Pass
W6,2479,162,-16.6604,5.6684,85.4886,99.3441,5739.9200,0.0000,0.0000,Pass
W6,2479,163,-16.4957,5.6683,85.4841,98.8177,5739.3300,0.0000,0.0000,Pass
W6,2479,164,-16.3307,5.6690,85.4621,99.0804,5736.3600,0.0000,0.0000,Pass
W6,2479,165,-16.1657,5.6695,85.3250,99.7254,5717.9800,0.0000,0.0000,Pass
W6,2479,166,-16.0010,5.6701,85.4797,99.8306,5738.7300,0.0000,0.0000,Pass
W6,2479,167,-15.6702,5.6714,85.4576,98.6575,5735.7700,0.0000,0.0000,Pass
W6,2479,168,-15.5052,5.6718,85.7134,99.1619,5770.1600,0.0000,0.0000,Pass
W6,2479,169,-15.1753,5.6732,85.5503,97.9307,5748.2200,0.0000,0.0000,Pass
W6,2479,170,-15.0098,5.6733,85.3516,99.5840,5721.5400,0.0000,0.0000,Pass
W6,2479,171,-14.8450,5.6738,85.8894,98.8375,5793.8700,0.0000,0.0000,Pass
W6,2479,182,-16.9894,5.5011,84.8326,99.3816,5652.1700,0.0000,0.0000,Pass
W6,2479,183,-16.8251,5.5027,84.8014,98.8932,5648.0200,0.0000,0.0000,Pass
W6,2479,184,-16.6602,5.5024,84.7881,99.5543,5646.2400,0.0000,0.0000,Pass
W6,2479,185,-16.4950,5.5033,85.1169,99.9041,5690.1200,0.0000,0.0000,Pass
W6,2479,186,-16.3297,5.5038,84.5384,98.3350,5613.0400,0.0000,0.0000,Pass
W6,2479,187,-16.1646,5.5041,84.8504,98.0807,5654.5400,0.0000,0.0000,Pass
W6,2479,188,-16.0002,5.5045,84.5563,99.5245,5615.4100,0.0000,0.0000,Pass
W6,2479,189,-15.8360,5.5060,84.8771,98.5074,5658.1000,0.0000,0.0000,Pass
W6,2479,190,-15.6704,5.5065,84.7569,99.6915,5642.0900,0.0000,0.0000,Pass
W6,2479,191,-15.5045,5.5072,84.6500,98.9610,5627.8600,0.0000,0.0000,Pass
W6,2479,192,-15.3402,5.5073,85.5989,99.2361,5754.7400,0.0000,0.0000,Pass
W6,2479,193,-15.1754,5.5076,85.4444,99.4427,5733.9900,0.0000,0.0000,Pass
W6,2479,194,-14.8446,5.5092,85.0636,99.1055,5683.0000,0.0000,0.0000,Pass
W6,2479,195,-15.0096,5.5086,85.0725,98.9535,5684.1900,0.0000,0.0000,Pass
W6,2479,206,-16.9888,5.3370,84.6990,99.2981,5634.3800,0.0000,0.0000,Pass
W6,2479,207,-16.8241,5.3370,85.3029,98.8396,5715.0200,0.0000,0.0000,Pass
W6,2479,208,-16.6593,5.3377,84.9615,98.2913,5669.3600,0.0000,0.0000,Pass
W6,2479,209,-16.1649,5.3391,84.7925,98.9332,5646.8300,0.0000,0.0000,Pass
W6,2479,210,-15.8348,5.3417,84.6544,98.6743,5628.4500,0.0000,0.0000,Pass
W6,2479,211,-15.3392,5.3421,84.7569,99.1455,5642.0900,0.0000,0.0000,Pass
W6,2479,212,-15.1743,5.3431,85.1435,98.9173,5693.6700,0.0000,0.0000,Pass
W6,2479,213,-15.0092,5.3435,85.5062,99.3395,5742.2900,0.0000,0.0000,Pass
W6,2479,214,-16.4943,5.3384,84.6054,97.9042,5621.9300,0.0000,0.0000,Pass
W6,2479,215,-16.3295,5.3391,85.2941,98.8753,5713.8300,0.0000,0.0000,Pass
W6,2479,216,-15.9993,5.3393,84.0818,98.8842,5552.5600,0.0000,0.0000,Pass
W6,2479,217,-15.6697,5.3415,84.8593,99.2310,5655.7300,0.0000,0.0000,Pass
W6,2479,218,-15.5047,5.3411,84.6856,98.3538,5632.6000,0.0000,0.0000,Pass
W6,2479,219,-14.8446,5.3445,85.5856,99.4162,5752.9600,0.0000,0.0000,Pass
W6,2479,233,-15.6694,5.1760,84.2432,98.7467,5573.9100,0.0000,0.0000,Pass
W6,2479,239,-16.9885,5.1725,84.9215,99.3681,5664.0300,0.0000,0.0000,Pass
W6,2479,240,-16.8240,5.1725,84.5384,98.2925,5613.0400,0.0000,0.0000,Pass
W6,2479,241,-16.6584,5.1732,85.1701,99.1746,5697.2300,0.0000,0.0000,Pass
W6,2479,242,-16.4939,5.1740,84.6767,99.2307,5631.4200,0.0000,0.0000,Pass
W6,2479,243,-16.3292,5.1735,84.9882,98.8038,5672.9200,0.0000,0.0000,Pass
W6,2479,244,-16.1641,5.1743,83.9739,99.2797,5538.3300,0.0000,0.0000,Pass
W6,2479,245,-15.8345,5.1757,84.2074,98.9803,5569.1600,0.0000,0.0000,Pass
W6,2479,246,-15.5039,5.1772,84.2746,98.6154,5578.0600,0.0000,0.0000,Pass
W6,2479,247,-15.3392,5.1777,84.4938,98.8277,5607.1100,0.0000,0.0000,Pass
W6,2479,248,-15.1740,5.1779,84.2835,99.3800,5579.2400,0.0000,0.0000,Pass
W6,2479,249,-15.0091,5.1791,84.9660,99.2546,5669.9600,0.0000,0.0000,Pass
W6,2479,250,-14.8436,5.1794,84.9704,98.2350,5670.5500,0.0000,0.0000,Pass
W6,2479,251,-15.9989,5.1749,84.1625,98.6482,5563.2300,0.0000,0.0000,Pass
W6,2479,262,-16.9880,5.0065,85.4046,99.0521,5728.6500,0.0000,0.0000,Pass
W6,2479,263,-16.6581,5.0089,85.2631,99.6092,5709.6800,0.0000,0.0000,Pass
W6,2479,264,-16.4926,5.0087,84.6500,98.6561,5627.8600,0.0000,0.0000,Pass
W6,2479,265,-16.3284,5.0097,84.8103,98.7053,5649.2100,0.0000,0.0000,Pass
W6,2479,266,-16.1632,5.0098,85.0414,99.2471,5680.0400,0.0000,0.0000,Pass
W6,2479,267,-15.9985,5.0100,84.9793,99.4694,5671.7400,0.0000,0.0000,Pass
W6,2479,268,-15.8337,5.0110,84.8326,99.3513,5652.1700,0.0000,0.0000,Pass
W6,2479,269,-15.5032,5.0122,85.0192,99.8383,5677.0700,0.0000,0.0000,Pass
W6,2479,270,-15.3393,5.0132,85.1922,99.5253,5700.2000,0.0000,0.0000,Pass
W6,2479,271,-15.1739,5.0135,84.8504,99.6556,5654.5400,0.0000,0.0000,Pass
W6,2479,272,-15.0074,5.0141,85.6562,98.5181,5762.4500,0.0000,0.0000,Pass
W6,2479,273,-16.8229,5.0080,84.8949,98.7531,5660.4700,0.0000,0.0000,Pass
W6,2479,274,-15.6687,5.0121,84.6678,99.2174,5630.2300,0.0000,0.0000,Pass
W6,2479,275,-14.8429,5.0140,85.8718,97.7947,5791.5000,0.0000,0.0000,Pass
W6,2479,286,-16.4928,4.8440,84.9304,99.2213,5665.2100,0.0000,0.0000,Pass
W6,2479,287,-15.8328,4.8465,84.8637,99.3618,5656.3200,0.0000,0.0000,Pass
W6,2479,288,-15.5029,4.8475,85.4179,99.4816,5730.4300,0.0000,0.0000,Pass
W6,2479,289,-16.9873,4.8413,85.3693,99.5114,5723.9100,0.0000,0.0000,Pass
W6,2479,290,-16.8228,4.8426,85.1213,98.8649,5690.7100,0.0000,0.0000,Pass
W6,2479,291,-16.6574,4.8431,85.1390,99.0465,5693.0800,0.0000,0.0000,Pass
W6,2479,292,-16.3280,4.8440,85.1213,98.5412,5690.7100,0.0000,0.0000,Pass
W6,2479,293,-16.1628,4.8438,84.9882,99.0992,5672.9200,0.0000,0.0000,Pass
W6,2479,294,-15.9975,4.8446,84.9793,99.4457,5671.7400,0.0000,0.0000,Pass
W6,2479,295,-15.6682,4.8475,84.9260,97.5725,5664.6200,0.0000,0.0000,Pass
W6,2479,296,-15.3379,4.8478,85.5195,99.3333,5744.0700,0.0000,0.0000,Pass
W6,2479,297,-15.1722,4.8486,85.3206,99.1779,5717.3900,0.0000,0.0000,Pass
W6,2479,298,-15.0081,4.8493,85.2631,99.6518,5709.6800,0.0000,0.0000,Pass
W6,2479,299,-14.8418,4.8494,85.8235,98.4062,5784.9800,0.0000,0.0000,Pass
W6,2479,310,-16.9874,4.6767,85.2542,99.4479,5708.5000,0.0000,0.0000,Pass
W6,2479,311,-16.8222,4.6772,85.4267,99.3684,5731.6200,0.0000,0.0000,Pass
W6,2479,312,-16.6570,4.6779,85.1124,99.4315,5689.5200,0.0000,0.0000,Pass
W6,2479,313,-16.4927,4.6791,84.8370,98.7266,5652.7600,0.0000,0.0000,Pass
W6,2479,314,-16.3275,4.6790,85.1656,99.0037,5696.6400,0.0000,0.0000,Pass
W6,2479,315,-16.1620,4.6792,85.2985,98.9522,5714.4300,0.0000,0.0000,Pass
W6,2479,316,-15.8327,4.6821,85.2675,99.3298,5710.2700,0.0000,0.0000,Pass
W6,2479,317,-15.6678,4.6819,85.1080,99.8644,5688.9300,0.0000,0.0000,Pass
W6,2479,318,-15.5027,4.6821,85.5548,98.8500,5748.8100,0.0000,0.0000,Pass
W6,2479,319,-15.3372,4.6829,85.5415,98.0788,5747.0400,0.0000,0.0000,Pass
W6,2479,320,-15.1723,4.6834,85.1390,98.6146,5693.0800,0.0000,0.0000,Pass
W6,2479,321,-15.0072,4.6840,85.4090,99.3104,5729.2500,0.0000,0.0000,Pass
W6,2479,322,-14.8425,4.6847,85.7619,99.2364,5776.6800,0.0000,0.0000,Pass
W6,2479,323,-15.9970,4.6807,85.3427,98.9881,5720.3500,0.0000,0.0000,Pass
W6,2479,334,-16.9864,4.5127,84.8860,99.3282,5659.2900,0.0000,0.0000,Pass
W6,2479,335,-16.8215,4.5122,86.1658,99.3893,5831.2300,0.0000,0.0000,Pass
W6,2479,336,-16.6567,4.5128,85.1612,98.8675,5696.0500,0.0000,0.0000,Pass
W6,2479,337,-16.4915,4.5135,85.0725,98.2990,5684.1900,0.0000,0.0000,Pass
W6,2479,338,-16.3265,4.5146,85.5592,99.5638,5749.4100,0.0000,0.0000,Pass
W6,2479,339,-15.8322,4.5162,85.6077,98.5820,5755.9300,0.0000,0.0000,Pass
W6,2479,340,-15.6665,4.5166,86.0036,97.8193,5809.2900,0.0000,0.0000,Pass
W6,2479,341,-15.5021,4.5170,85.5415,99.1253,5747.0400,0.0000,0.0000,Pass
W6,2479,342,-15.3366,4.5186,85.2542,98.3414,5708.5000,0.0000,0.0000,Pass
W6,2479,343,-15.1710,4.5183,85.5856,98.7198,5752.9600,0.0000,0.0000,Pass
W6,2479,344,-15.0069,4.5195,85.4665,98.4372,5736.9600,0.0000,0.0000,Pass
W6,2479,345,-16.1616,4.5149,85.5371,99.3179,5746.4400,0.0000,0.0000,Pass
W6,2479,346,-15.9971,4.5151,85.7222,99.4494,5771.3400,0.0000,0.0000,Pass
W6,2479,347,-14.8415,4.5192,85.6033,97.1051,5755.3400,0.0000,0.0000,Pass
W6,2479,370,-17.1963,4.1208,85.6562,98.4547,5762.4500,0.0000,0.0000,Pass
W6,2479,371,-16.1457,4.1240,84.7079,98.0980,5635.5700,0.0000,0.0000,Pass
W6,2479,372,-15.8449,4.1255,85.0814,98.6431,5685.3700,0.0000,0.0000,Pass
W6,2479,373,-15.6949,4.1265,85.1878,98.0400,5699.6000,0.0000,0.0000,Pass
W6,2479,374,-15.2434,4.1276,85.4930,98.1842,5740.5100,0.0000,0.0000,Pass
W6,2479,378,-17.0469,4.1207,85.5459,97.9816,5747.6300,0.0000,0.0000,Pass
W6,2479,379,-16.8965,4.1218,85.0636,96.9297,5683.0000,0.0000,0.0000,Pass
W6,2479,380,-16.7469,4.1222,84.7302,98.0383,5638.5300,0.0000,0.0000,Pass
W6,2479,381,-16.5963,4.1229,85.0858,98.5268,5685.9700,0.0000,0.0000,Pass
W6,2479,382,-16.4465,4.1233,84.9615,98.8274,5669.3600,0.0000,0.0000,Pass
W6,2479,383,-16.2958,4.1231,84.9660,98.8097,5669.9600,0.0000,0.0000,Pass
W6,2479,384,-15.9946,4.1245,85.2498,98.7916,5707.9000,0.0000,0.0000,Pass
W6,2479,385,-15.5440,4.1270,85.1257,98.6576,5691.3000,0.0000,0.0000,Pass
W6,2479,386,-15.3938,4.1273,85.2896,98.4308,5713.2400,0.0000,0.0000,Pass
W6,2479,387,-15.0918,4.1282,85.1169,96.9528,5690.1200,0.0000,0.0000,Pass
W6,2479,388,-14.9422,4.1286,85.0681,96.6628,5683.5900,0.0000,0.0000,Pass
W6,2479,389,-14.7918,4.1290,85.1656,97.6877,5696.6400,0.0000,0.0000,Pass
W6,2479,390,-14.6414,4.1298,85.5592,97.4523,5749.4100,0.0000,0.0000,Pass
W6,2479,397,-17.0458,3.9707,84.6143,98.4957,5623.1200,0.0000,0.0000,Pass
W6,2479,398,-15.3926,3.9767,85.2542,97.3169,5708.5000,0.0000,0.0000,Pass
W6,2479,403,-17.1961,3.9710,85.1302,97.9932,5691.9000,0.0000,0.0000,Pass
W6,2479,404,-16.8964,3.9711,84.6678,96.7412,5630.2300,0.0000,0.0000,Pass
W6,2479,405,-16.7462,3.9718,84.9171,98.6619,5663.4400,0.0000,0.0000,Pass
W6,2479,406,-16.5964,3.9719,84.7480,98.1934,5640.9000,0.0000,0.0000,Pass
W6,2479,407,-16.4452,3.9727,84.5830,99.7274,5618.9700,0.0000,0.0000,Pass
W6,2479,408,-16.2945,3.9737,84.8815,98.9054,5658.6900,0.0000,0.0000,Pass
W6,2479,409,-16.1445,3.9736,84.4491,97.1851,5601.1800,0.0000,0.0000,Pass
W6,2479,410,-15.9945,3.9743,84.9082,97.7559,5662.2500,0.0000,0.0000,Pass
W6,2479,411,-15.8446,3.9753,84.8059,97.7980,5648.6100,0.0000,0.0000,Pass
W6,2479,412,-15.6937,3.9756,85.0947,97.9678,5687.1500,0.0000,0.0000,Pass
W6,2479,413,-15.5430,3.9755,84.7658,98.1303,5643.2800,0.0000,0.0000,Pass
W6,2479,414,-15.2422,3.9770,85.3118,97.4374,5716.2000,0.0000,0.0000,Pass
W6,2479,415,-15.0928,3.9775,85.1834,98.8895,5699.0100,0.0000,0.0000,Pass
W6,2479,416,-14.9418,3.9784,85.7222,97.7337,5771.3400,0.0000,0.0000,Pass
W6,2479,417,-14.7912,3.9783,85.3958,96.0879,5727.4700,0.0000,0.0000,Pass
W6,2479,419,-14.6403,3.9790,85.2764,95.7097,5711.4600,0.0000,0.0000,Pass
W6,2479,424,-15.8437,3.8255,84.8993,97.9200,5661.0600,0.0000,0.0000,Pass
W6,2479,427,-17.0460,3.8206,85.1878,96.3389,5699.6000,0.0000,0.0000,Pass
W6,2479,428,-16.4448,3.8225,85.3339,97.9180,5719.1700,0.0000,0.0000,Pass
W6,2479,429,-16.1443,3.8234,85.0769,98.9490,5684.7800,0.0000,0.0000,Pass
W6,2479,430,-15.6933,3.8260,85.1834,97.9068,5699.0100,0.0000,0.0000,Pass
W6,2479,431,-15.5422,3.8259,85.3648,98.3766,5723.3200,0.0000,0.0000,Pass
W6,2479,432,-15.3924,3.8264,85.5327,97.9038,5745.8500,0.0000,0.0000,Pass
W6,2479,433,-15.2416,3.8266,85.3472,97.8977,5720.9500,0.0000,0.0000,Pass
W6,2479,434,-15.0915,3.8270,85.7222,97.2740,5771.3400,0.0000,0.0000,Pass
W6,2479,435,-14.7910,3.8283,85.3604,96.8966,5722.7300,0.0000,0.0000,Pass
W6,2479,437,-17.1954,3.8199,85.5856,98.1799,5752.9600,0.0000,0.0000,Pass
W6,2479,438,-16.8953,3.8204,84.8281,97.6551,5651.5800,0.0000,0.0000,Pass
W6,2479,439,-16.7451,3.8213,85.0059,96.8245,5675.2900,0.0000,0.0000,Pass
W6,2479,440,-16.5952,3.8219,85.4576,98.4855,5735.7700,0.0000,0.0000,Pass
W6,2479,441,-16.2944,3.8225,85.3958,98.2850,5727.4700,0.0000,0.0000,Pass
W6,2479,442,-15.9938,3.8236,85.4974,97.6177,5741.1100,0.0000,0.0000,Pass
W6,2479,443,-14.9409,3.8274,85.3162,96.0747,5716.8000,0.0000,0.0000,Pass
W6,2479,444,-14.6399,3.8282,85.5548,95.8400,5748.8100,0.0000,0.0000,Pass
W6,2479,451,-17.0453,3.6701,85.6209,96.9659,5757.7100,0.0000,0.0000,Pass
W6,2479,452,-15.5430,3.6750,85.4488,98.0075,5734.5800,0.0000,0.0000,Pass
W6,2479,457,-17.1954,3.6689,85.3914,96.2951,5726.8800,0.0000,0.0000,Pass
W6,2479,458,-16.8949,3.6709,85.7310,97.4989,5772.5300,0.0000,0.0000,Pass
W6,2479,459,-16.7447,3.6713,85.6826,97.7548,5766.0100,0.0000,0.0000,Pass
W6,2479,460,-16.5947,3.6712,85.3383,97.5606,5719.7600,0.0000,0.0000,Pass
W6,2479,461,-16.4442,3.6716,85.3737,97.0720,5724.5000,0.0000,0.0000,Pass
W6,2479,462,-16.2940,3.6725,85.1479,96.8520,5694.2700,0.0000,0.0000,Pass
W6,2479,463,-16.1434,3.6728,85.2719,97.8397,5710.8700,0.0000,0.0000,Pass
W6,2479,464,-15.9933,3.6735,85.6738,97.1341,5764.8200,0.0000,0.0000,Pass
W6,2479,465,-15.8431,3.6749,85.5548,97.6498,5748.8100,0.0000,0.0000,Pass
W6,2479,466,-15.6929,3.6751,85.2188,96.4609,5703.7500,0.0000,0.0000,Pass
W6,2479,467,-15.3918,3.6759,85.1302,96.5949,5691.9000,0.0000,0.0000,Pass
W6,2479,468,-15.2410,3.6759,85.6694,97.3627,5764.2300,0.0000,0.0000,Pass
W6,2479,469,-15.0907,3.6767,85.4444,97.0496,5733.9900,0.0000,0.0000,Pass
W6,2479,470,-14.9403,3.6771,85.8586,94.9966,5789.7200,0.0000,0.0000,Pass
W6,2479,471,-14.7900,3.6779,85.8542,95.6176,5789.1300,0.0000,0.0000,Pass
W6,2479,474,-14.6392,3.6777,86.0475,96.4330,5815.2200,0.0000,0.0000,Pass
W6,2479,482,-17.1945,3.5191,86.1439,95.0584,5828.2600,0.0000,0.0000,Pass
W6,2479,483,-17.0441,3.5201,86.0255,95.8288,5812.2500,0.0000,0.0000,Pass
W6,2479,484,-16.7442,3.5204,86.1483,97.5053,5828.8600,0.0000,0.0000,Pass
W6,2479,485,-16.1428,3.5225,85.8015,96.2348,5782.0200,0.0000,0.0000,Pass
W6,2479,486,-15.9931,3.5229,86.2578,96.5085,5843.6800,0.0000,0.0000,Pass
W6,2479,487,-15.8425,3.5237,85.8410,97.6075,5787.3500,0.0000,0.0000,Pass
W6,2479,488,-15.6926,3.5242,86.2578,97.2086,5843.6800,0.0000,0.0000,Pass
W6,2479,489,-15.5423,3.5246,85.7575,96.8891,5776.0900,0.0000,0.0000,Pass
W6,2479,490,-15.3908,3.5251,86.3015,96.9345,5849.6100,0.0000,0.0000,Pass
W6,2479,491,-15.0905,3.5256,86.2796,96.3786,5846.6400,0.0000,0.0000,Pass
W6,2479,492,-14.9398,3.5268,86.4850,95.5351,5874.5100,0.0000,0.0000,Pass
W6,2479,493,-14.7890,3.5270,86.0431,96.5197,5814.6300,0.0000,0.0000,Pass
W6,2479,494,-16.8938,3.5198,86.4108,97.6888,5864.4300,0.0000,0.0000,Pass
W6,2479,495,-16.5937,3.5211,86.0124,97.3945,5810.4800,0.0000,0.0000,Pass
W6,2479,496,-16.4441,3.5210,85.9860,97.5641,5806.9200,0.0000,0.0000,Pass
W6,2479,497,-16.2932,3.5221,85.7310,97.4745,5772.5300,0.0000,0.0000,Pass
W6,2479,498,-15.2407,3.5263,86.2534,97.5306,5843.0900,0.0000,0.0000,Pass
W6,2479,499,-14.6382,3.5274,86.2271,95.6272,5839.5300,0.0000,0.0000,Pass
W6,2639,1,-143.8450,-1.0741,86.5941,98.2468,5889.3300,0.0000,0.0000,Pass
W6,2639,2,-143.5450,-1.0732,86.7247,97.3658,5907.1200,0.0000,0.0000,Pass
W6,2639,8,-145.1980,-1.0785,87.7201,97.3318,6043.4900,0.0000,0.0000,Pass
W6,2639,9,-145.0470,-1.0776,87.5650,96.5521,6022.1400,0.0000,0.0000,Pass
W6,2639,10,-144.8970,-1.0771,87.4529,96.5280,6006.7300,0.0000,0.0000,Pass
W6,2639,11,-144.7470,-1.0767,87.4140,97.5558,6001.3900,0.0000,0.0000,Pass
W6,2639,12,-144.5970,-1.0764,86.9030,96.7237,5931.4300,0.0000,0.0000,Pass
W6,2639,13,-144.4460,-1.0763,86.9073,97.5248,5932.0200,0.0000,0.0000,Pass
W6,2639,14,-144.2960,-1.0755,87.2152,97.7566,5974.1200,0.0000,0.0000,Pass
W6,2639,15,-144.1460,-1.0754,86.9421,97.3416,5936.7700,0.0000,0.0000,Pass
W6,2639,16,-143.9960,-1.0746,86.6420,96.8152,5895.8500,0.0000,0.0000,Pass
W6,2639,17,-143.6950,-1.0739,86.8986,97.2595,5930.8400,0.0000,0.0000,Pass
W6,2639,18,-143.3940,-1.0727,86.5984,97.2622,5889.9300,0.0000,0.0000,Pass
W6,2639,19,-143.2440,-1.0724,86.5461,97.3087,5882.8100,0.0000,0.0000,Pass
W6,2639,20,-143.0930,-1.0721,86.4326,97.2152,5867.4000,0.0000,0.0000,Pass
W6,2639,21,-142.9440,-1.0713,86.5330,97.4905,5881.0300,0.0000,0.0000,Pass
W6,2639,22,-142.7920,-1.0711,86.5330,96.4201,5881.0300,0.0000,0.0000,Pass
W6,2639,23,-142.6420,-1.0705,86.9421,96.9769,5936.7700,0.0000,0.0000,Pass
W6,2639,31,-145.0470,-1.2283,87.8834,97.9648,6066.0200,0.0000,0.0000,Pass
W6,2639,32,-144.2960,-1.2260,86.9117,98.5507,5932.6100,0.0000,0.0000,Pass
W6,2639,33,-143.8450,-1.2239,86.6899,98.2387,5902.3800,0.0000,0.0000,Pass
W6,2639,34,-143.5440,-1.2228,86.2534,98.5205,5843.0900,0.0000,0.0000,Pass
W6,2639,35,-143.3940,-1.2227,86.2490,98.0675,5842.4900,0.0000,0.0000,Pass
W6,2639,36,-143.2430,-1.2216,86.5374,97.3311,5881.6300,0.0000,0.0000,Pass
W6,2639,37,-142.7920,-1.2206,86.3671,97.4815,5858.5000,0.0000,0.0000,Pass
W6,2639,38,-142.6410,-1.2205,86.0211,97.4337,5811.6600,0.0000,0.0000,Pass
W6,2639,41,-145.1970,-1.2286,88.1150,96.9084,6098.0400,0.0000,0.0000,Pass
W6,2639,42,-144.8970,-1.2280,87.5219,97.2139,6016.2100,0.0000,0.0000,Pass
W6,2639,43,-144.7470,-1.2274,87.5521,97.8061,6020.3600,0.0000,0.0000,Pass
W6,2639,44,-144.5960,-1.2269,87.2411,97.9931,5977.6800,0.0000,0.0000,Pass
W6,2639,45,-144.4460,-1.2265,87.1545,98.2271,5965.8200,0.0000,0.0000,Pass
W6,2639,46,-144.1460,-1.2254,87.0332,97.8844,5949.2200,0.0000,0.0000,Pass
W6,2639,47,-143.9960,-1.2249,86.9594,97.9705,5939.1400,0.0000,0.0000,Pass
W6,2639,48,-143.6950,-1.2237,85.9860,97.3812,5806.9200,0.0000,0.0000,Pass
W6,2639,49,-143.0930,-1.2221,86.2884,97.1320,5847.8300,0.0000,0.0000,Pass
W6,2639,50,-142.9420,-1.2212,86.1571,96.9334,5830.0400,0.0000,0.0000,Pass
W6,2639,60,-145.1970,-1.3794,87.3838,97.0112,5997.2400,0.0000,0.0000,Pass
W6,2639,61,-145.0470,-1.3789,87.3319,97.7742,5990.1300,0.0000,0.0000,Pass
W6,2639,62,-144.7470,-1.3779,87.3924,97.0418,5998.4300,0.0000,0.0000,Pass
W6,2639,63,-144.5960,-1.3778,86.9681,98.0919,5940.3200,0.0000,0.0000,Pass
W6,2639,64,-144.4460,-1.3774,87.2022,98.7681,5972.3400,0.0000,0.0000,Pass
W6,2639,65,-143.9950,-1.3757,86.5679,97.6970,5885.7800,0.0000,0.0000,Pass
W6,2639,66,-143.8450,-1.3748,86.9160,98.0164,5933.2100,0.0000,0.0000,Pass
W6,2639,67,-143.6940,-1.3746,86.9638,98.1176,5939.7300,0.0000,0.0000,Pass
W6,2639,68,-143.5440,-1.3738,86.5592,98.9466,5884.5900,0.0000,0.0000,Pass
W6,2639,69,-143.3930,-1.3733,86.3365,98.6827,5854.3500,0.0000,0.0000,Pass
W6,2639,70,-143.2430,-1.3728,86.4283,97.7993,5866.8000,0.0000,0.0000,Pass
W6,2639,71,-143.0920,-1.3724,86.4981,97.6009,5876.2900,0.0000,0.0000,Pass
W6,2639,72,-142.6410,-1.3712,86.2621,96.1858,5844.2700,0.0000,0.0000,Pass
W6,2639,77,-144.8970,-1.3789,87.6684,97.3318,6036.3700,0.0000,0.0000,Pass
W6,2639,78,-144.2950,-1.3772,87.0072,98.2417,5945.6600,0.0000,0.0000,Pass
W6,2639,79,-144.1450,-1.3766,87.0332,97.7660,5949.2200,0.0000,0.0000,Pass
W6,2639,80,-142.9420,-1.3721,86.1352,97.1992,5827.0800,0.0000,0.0000,Pass
W6,2639,81,-142.7920,-1.3714,86.1395,97.5613,5827.6700,0.0000,0.0000,Pass
W6,2639,85,-142.9420,-1.5224,85.9641,97.6621,5803.9500,0.0000,0.0000,Pass
W6,2639,90,-145.1970,-1.5292,87.3579,98.0480,5993.6800,0.0000,0.0000,Pass
W6,2639,91,-145.0460,-1.5288,86.9551,97.6249,5938.5400,0.0000,0.0000,Pass
W6,2639,92,-144.8960,-1.5285,86.8900,98.0545,5929.6500,0.0000,0.0000,Pass
W6,2639,93,-144.7460,-1.5282,86.8682,97.9098,5926.6900,0.0000,0.0000,Pass
W6,2639,94,-144.5950,-1.5277,86.6507,98.0350,5897.0400,0.0000,0.0000,Pass
W6,2639,95,-144.4450,-1.5273,86.4807,98.2968,5873.9200,0.0000,0.0000,Pass
W6,2639,96,-144.2950,-1.5272,86.4588,98.0699,5870.9500,0.0000,0.0000,Pass
W6,2639,97,-144.1450,-1.5268,86.8682,98.5704,5926.6900,0.0000,0.0000,Pass
W6,2639,98,-143.9950,-1.5258,85.9553,99.2007,5802.7700,0.0000,0.0000,Pass
W6,2639,99,-143.8440,-1.5252,86.2796,98.8149,5846.6400,0.0000,0.0000,Pass
W6,2639,100,-143.6940,-1.5247,86.2271,98.1511,5839.5300,0.0000,0.0000,Pass
W6,2639,101,-143.5440,-1.5245,85.7839,98.7598,5779.6500,0.0000,0.0000,Pass
W6,2639,102,-143.3930,-1.5237,86.0694,98.7205,5818.1800,0.0000,0.0000,Pass
W6,2639,103,-143.2430,-1.5234,86.2578,97.9474,5843.6800,0.0000,0.0000,Pass
W6,2639,104,-143.0920,-1.5227,85.9377,99.0041,5800.4000,0.0000,0.0000,Pass
W6,2639,105,-142.7910,-1.5222,86.3146,97.5752,5851.3900,0.0000,0.0000,Pass
W6,2639,106,-142.6410,-1.5216,85.8718,98.2673,5791.5000,0.0000,0.0000,Pass
W6,2639,115,-145.1960,-1.6798,88.0722,97.9214,6092.1100,0.0000,0.0000,Pass
W6,2639,116,-145.0460,-1.6793,87.4313,98.1457,6003.7600,0.0000,0.0000,Pass
W6,2639,117,-144.8960,-1.6787,87.6296,98.4417,6031.0400,0.0000,0.0000,Pass
W6,2639,118,-144.7450,-1.6782,87.2152,98.5332,5974.1200,0.0000,0.0000,Pass
W6,2639,119,-144.4450,-1.6773,87.1156,99.3558,5960.4800,0.0000,0.0000,Pass
W6,2639,120,-144.2950,-1.6773,87.0505,99.2736,5951.5900,0.0000,0.0000,Pass
W6,2639,121,-143.8440,-1.6753,86.3758,98.6619,5859.6900,0.0000,0.0000,Pass
W6,2639,122,-143.6940,-1.6749,86.5330,99.0279,5881.0300,0.0000,0.0000,Pass
W6,2639,123,-143.3930,-1.6739,86.5330,99.4031,5881.0300,0.0000,0.0000,Pass
W6,2639,124,-143.2420,-1.6733,86.3933,98.0734,5862.0600,0.0000,0.0000,Pass
W6,2639,125,-143.0920,-1.6730,86.0036,98.7872,5809.2900,0.0000,0.0000,Pass
W6,2639,129,-144.5960,-1.6780,87.0462,99.1643,5950.9900,0.0000,0.0000,Pass
W6,2639,130,-144.1440,-1.6769,87.1242,98.3546,5961.6700,0.0000,0.0000,Pass
W6,2639,131,-143.9940,-1.6759,86.9247,98.3899,5934.3900,0.0000,0.0000,Pass
W6,2639,132,-143.5430,-1.6742,86.5679,98.9606,5885.7800,0.0000,0.0000,Pass
W6,2639,133,-142.9410,-1.6727,86.3496,98.9825,5856.1300,0.0000,0.0000,Pass
W6,2639,134,-142.7910,-1.6722,86.2578,99.5351,5843.6800,0.0000,0.0000,Pass
W6,2639,135,-142.6400,-1.6713,85.7971,99.4689,5781.4200,0.0000,0.0000,Pass
W6,2639,159,-144.8180,-2.0880,87.1242,98.6283,5961.6700,0.0000,0.0000,Pass
W6,2639,160,-143.8280,-2.0840,86.6115,99.4271,5891.7000,0.0000,0.0000,Pass
W6,2639,161,-143.3330,-2.0825,86.3190,99.3400,5851.9800,0.0000,0.0000,Pass
W6,2639,162,-144.6530,-2.0874,87.0636,99.2079,5953.3700,0.0000,0.0000,Pass
W6,2639,163,-144.4880,-2.0866,87.4615,99.4985,6007.9100,0.0000,0.0000,Pass
W6,2639,164,-144.3230,-2.0863,87.2368,99.6094,5977.0800,0.0000,0.0000,Pass
W6,2639,165,-144.1580,-2.0858,86.8813,97.8307,5928.4600,0.0000,0.0000,Pass
W6,2639,166,-143.9930,-2.0849,86.4021,97.8471,5863.2400,0.0000,0.0000,Pass
W6,2639,167,-143.6630,-2.0836,86.7813,99.6182,5914.8300,0.0000,0.0000,Pass
W6,2639,168,-143.4990,-2.0828,86.3452,99.5392,5855.5400,0.0000,0.0000,Pass
W6,2639,169,-143.1680,-2.0821,86.3059,99.3260,5850.2000,0.0000,0.0000,Pass
W6,2639,170,-143.0030,-2.0817,86.0562,99.1718,5816.4100,0.0000,0.0000,Pass
W6,2639,171,-142.8380,-2.0808,86.5330,98.7270,5881.0300,0.0000,0.0000,Pass
W6,2639,182,-144.9830,-2.2526,87.1199,98.8675,5961.0700,0.0000,0.0000,Pass
W6,2639,183,-144.8180,-2.2522,86.6638,99.0390,5898.8200,0.0000,0.0000,Pass
W6,2639,184,-144.6530,-2.2518,86.9247,99.4961,5934.3900,0.0000,0.0000,Pass
W6,2639,185,-144.4880,-2.2510,86.8030,99.7215,5917.7900,0.0000,0.0000,Pass
W6,2639,186,-144.3230,-2.2511,86.0826,97.8463,5819.9600,0.0000,0.0000,Pass
W6,2639,187,-144.1580,-2.2504,86.1527,99.2037,5829.4500,0.0000,0.0000,Pass
W6,2639,188,-143.9930,-2.2492,86.0211,98.1493,5811.6600,0.0000,0.0000,Pass
W6,2639,189,-143.8290,-2.2489,85.7663,98.9890,5777.2700,0.0000,0.0000,Pass
W6,2639,190,-143.6630,-2.2484,85.9333,99.2942,5799.8000,0.0000,0.0000,Pass
W6,2639,191,-143.4970,-2.2475,85.8806,98.5373,5792.6900,0.0000,0.0000,Pass
W6,2639,192,-143.3330,-2.2471,86.1483,99.6899,5828.8600,0.0000,0.0000,Pass
W6,2639,193,-143.1680,-2.2466,85.7575,98.5833,5776.0900,0.0000,0.0000,Pass
W6,2639,194,-142.8370,-2.2462,86.3671,99.2766,5858.5000,0.0000,0.0000,Pass
W6,2639,195,-143.0020,-2.2465,85.7971,99.8463,5781.4200,0.0000,0.0000,Pass
W6,2639,206,-144.9820,-2.4179,87.0852,99.3700,5956.3300,0.0000,0.0000,Pass
W6,2639,207,-144.8170,-2.4178,87.3190,99.7358,5988.3500,0.0000,0.0000,Pass
W6,2639,208,-144.6520,-2.4172,87.3751,99.6799,5996.0600,0.0000,0.0000,Pass
W6,2639,209,-144.1570,-2.4155,86.6463,99.3902,5896.4500,0.0000,0.0000,Pass
W6,2639,210,-143.8280,-2.4138,86.1220,99.2139,5825.3000,0.0000,0.0000,Pass
W6,2639,211,-143.3320,-2.4122,86.4763,99.7388,5873.3200,0.0000,0.0000,Pass
W6,2639,212,-143.1670,-2.4115,86.3671,99.5343,5858.5000,0.0000,0.0000,Pass
W6,2639,213,-143.0020,-2.4116,86.3715,98.3464,5859.0900,0.0000,0.0000,Pass
W6,2639,214,-144.4870,-2.4170,87.2281,99.4463,5975.9000,0.0000,0.0000,Pass
W6,2639,215,-144.3220,-2.4161,86.9247,99.0027,5934.3900,0.0000,0.0000,Pass
W6,2639,216,-143.9930,-2.4146,86.0738,98.9737,5818.7800,0.0000,0.0000,Pass
W6,2639,217,-143.6620,-2.4136,86.3802,99.6955,5860.2800,0.0000,0.0000,Pass
W6,2639,218,-143.4980,-2.4127,86.2096,99.7917,5837.1600,0.0000,0.0000,Pass
W6,2639,219,-142.8370,-2.4105,85.9948,99.1153,5808.1000,0.0000,0.0000,Pass
W6,2639,233,-143.6620,-2.5789,86.4763,99.4770,5873.3200,0.0000,0.0000,Pass
W6,2639,239,-144.9810,-2.5835,86.9204,99.2862,5933.8000,0.0000,0.0000,Pass
W6,2639,240,-144.8160,-2.5834,86.3278,98.3603,5853.1700,0.0000,0.0000,Pass
W6,2639,241,-144.6520,-2.5821,86.5810,98.4894,5887.5500,0.0000,0.0000,Pass
W6,2639,242,-144.4870,-2.5821,86.2840,99.5323,5847.2400,0.0000,0.0000,Pass
W6,2639,243,-144.3220,-2.5820,86.1877,99.0204,5834.1900,0.0000,0.0000,Pass
W6,2639,244,-144.1570,-2.5811,86.3933,98.7241,5862.0600,0.0000,0.0000,Pass
W6,2639,245,-143.8270,-2.5795,86.2140,99.5829,5837.7500,0.0000,0.0000,Pass
W6,2639,246,-143.4970,-2.5784,85.9685,99.6972,5804.5500,0.0000,0.0000,Pass
W6,2639,247,-143.3320,-2.5776,86.3321,99.5408,5853.7600,0.0000,0.0000,Pass
W6,2639,248,-143.1670,-2.5770,86.4545,99.6161,5870.3600,0.0000,0.0000,Pass
W6,2639,249,-143.0010,-2.5765,86.2052,98.6862,5836.5600,0.0000,0.0000,Pass
W6,2639,250,-142.8360,-2.5760,86.4763,97.9794,5873.3200,0.0000,0.0000,Pass
W6,2639,251,-143.9920,-2.5809,85.7883,98.6910,5780.2400,0.0000,0.0000,Pass
W6,2639,262,-144.9810,-2.7480,87.4270,99.3429,6003.1700,0.0000,0.0000,Pass
W6,2639,263,-144.6510,-2.7465,87.1459,99.5211,5964.6300,0.0000,0.0000,Pass
W6,2639,264,-144.4860,-2.7464,86.7030,99.6664,5904.1600,0.0000,0.0000,Pass
W6,2639,265,-144.3210,-2.7456,86.0826,98.7679,5819.9600,0.0000,0.0000,Pass
W6,2639,266,-144.1560,-2.7448,86.4064,99.5222,5863.8400,0.0000,0.0000,Pass
W6,2639,267,-143.9910,-2.7442,85.7839,98.8657,5779.6500,0.0000,0.0000,Pass
W6,2639,268,-143.8270,-2.7434,85.8323,99.3368,5786.1700,0.0000,0.0000,Pass
W6,2639,269,-143.4960,-2.7422,85.9729,99.1505,5805.1400,0.0000,0.0000,Pass
W6,2639,270,-143.3310,-2.7413,86.3146,98.4494,5851.3900,0.0000,0.0000,Pass
W6,2639,271,-143.1660,-2.7411,86.1833,99.6031,5833.6000,0.0000,0.0000,Pass
W6,2639,272,-143.0010,-2.7410,85.8850,99.0583,5793.2800,0.0000,0.0000,Pass
W6,2639,273,-144.8160,-2.7475,86.9898,99.3757,5943.2900,0.0000,0.0000,Pass
W6,2639,274,-143.6610,-2.7427,86.2096,99.7496,5837.1600,0.0000,0.0000,Pass
W6,2639,275,-142.8360,-2.7405,85.7751,98.4684,5778.4600,0.0000,0.0000,Pass
W6,2639,286,-144.4860,-2.9115,87.1329,99.1333,5962.8500,0.0000,0.0000,Pass
W6,2639,287,-143.8260,-2.9084,86.3627,99.6215,5857.9100,0.0000,0.0000,Pass
W6,2639,288,-143.4960,-2.9068,86.8856,99.1522,5929.0600,0.0000,0.0000,Pass
W6,2639,289,-144.9800,-2.9130,86.9160,99.1724,5933.2100,0.0000,0.0000,Pass
W6,2639,290,-144.8150,-2.9133,86.5374,98.9934,5881.6300,0.0000,0.0000,Pass
W6,2639,291,-144.6500,-2.9126,86.6159,98.5855,5892.3000,0.0000,0.0000,Pass
W6,2639,292,-144.3210,-2.9109,86.7900,99.5852,5916.0100,0.0000,0.0000,Pass
W6,2639,293,-144.1560,-2.9096,86.5984,99.6368,5889.9300,0.0000,0.0000,Pass
W6,2639,294,-143.9910,-2.9091,85.9992,97.8211,5808.7000,0.0000,0.0000,Pass
W6,2639,295,-143.6610,-2.9078,86.3584,99.4854,5857.3200,0.0000,0.0000,Pass
W6,2639,296,-143.3310,-2.9065,86.5461,99.3819,5882.8100,0.0000,0.0000,Pass
W6,2639,297,-143.1660,-2.9063,86.2184,98.8774,5838.3400,0.0000,0.0000,Pass
W6,2639,298,-143.0000,-2.9059,86.2228,99.7777,5838.9400,0.0000,0.0000,Pass
W6,2639,299,-142.8350,-2.9050,86.2096,98.6441,5837.1600,0.0000,0.0000,Pass
W6,2639,310,-144.9800,-3.0779,86.9421,98.7606,5936.7700,0.0000,0.0000,Pass
W6,2639,311,-144.8150,-3.0772,86.7247,99.2390,5907.1200,0.0000,0.0000,Pass
W6,2639,312,-144.6500,-3.0772,86.4850,98.9287,5874.5100,0.0000,0.0000,Pass
W6,2639,313,-144.4850,-3.0764,86.7900,99.1005,5916.0100,0.0000,0.0000,Pass
W6,2639,314,-144.3200,-3.0762,86.9334,99.6719,5935.5800,0.0000,0.0000,Pass
W6,2639,315,-144.1550,-3.0755,86.6159,99.7110,5892.3000,0.0000,0.0000,Pass
W6,2639,316,-143.8250,-3.0734,86.5505,99.1648,5883.4000,0.0000,0.0000,Pass
W6,2639,317,-143.6600,-3.0731,86.5243,99.2618,5879.8500,0.0000,0.0000,Pass
W6,2639,318,-143.4950,-3.0722,86.7726,99.0122,5913.6400,0.0000,0.0000,Pass
W6,2639,319,-143.3300,-3.0718,86.6899,99.4690,5902.3800,0.0000,0.0000,Pass
W6,2639,320,-143.1650,-3.0714,86.2140,99.8155,5837.7500,0.0000,0.0000,Pass
W6,2639,321,-143.0000,-3.0709,86.4676,98.4903,5872.1400,0.0000,0.0000,Pass
W6,2639,322,-142.8350,-3.0705,86.4195,99.2247,5865.6200,0.0000,0.0000,Pass
W6,2639,323,-143.9900,-3.0748,86.6986,98.8590,5903.5600,0.0000,0.0000,Pass
W6,2639,334,-144.9790,-3.2429,87.1978,98.8827,5971.7500,0.0000,0.0000,Pass
W6,2639,335,-144.8140,-3.2425,87.2325,99.1517,5976.4900,0.0000,0.0000,Pass
W6,2639,336,-144.6490,-3.2415,87.2714,99.6305,5981.8300,0.0000,0.0000,Pass
W6,2639,337,-144.4850,-3.2411,87.0419,99.3763,5950.4000,0.0000,0.0000,Pass
W6,2639,338,-144.3190,-3.2408,87.1675,98.9146,5967.6000,0.0000,0.0000,Pass
W6,2639,339,-143.8250,-3.2383,87.0939,99.3052,5957.5200,0.0000,0.0000,Pass
W6,2639,340,-143.6600,-3.2378,86.6855,99.5008,5901.7800,0.0000,0.0000,Pass
W6,2639,341,-143.4950,-3.2362,86.4414,98.7789,5868.5800,0.0000,0.0000,Pass
W6,2639,342,-143.3300,-3.2368,86.0826,98.5323,5819.9600,0.0000,0.0000,Pass
W6,2639,343,-143.1640,-3.2361,86.2403,98.3219,5841.3100,0.0000,0.0000,Pass
W6,2639,344,-142.9990,-3.2356,85.9860,98.3787,5806.9200,0.0000,0.0000,Pass
W6,2639,345,-144.1540,-3.2401,86.9898,99.9024,5943.2900,0.0000,0.0000,Pass
W6,2639,346,-143.9900,-3.2389,86.7813,98.6540,5914.8300,0.0000,0.0000,Pass
W6,2639,347,-142.8340,-3.2356,86.1877,98.3187,5834.1900,0.0000,0.0000,Pass
W6,2639,370,-145.1900,-3.6341,87.2022,98.6073,5972.3400,0.0000,0.0000,Pass
W6,2639,371,-144.1380,-3.6310,86.7117,98.6848,5905.3400,0.0000,0.0000,Pass
W6,2639,372,-143.8370,-3.6296,86.4414,99.1995,5868.5800,0.0000,0.0000,Pass
W6,2639,373,-143.6870,-3.6293,86.4807,98.5166,5873.9200,0.0000,0.0000,Pass
W6,2639,374,-143.2360,-3.6279,86.1702,98.2162,5831.8200,0.0000,0.0000,Pass
W6,2639,378,-145.0400,-3.6339,87.2584,98.0656,5980.0500,0.0000,0.0000,Pass
W6,2639,379,-144.8890,-3.6335,87.3665,98.2053,5994.8700,0.0000,0.0000,Pass
W6,2639,380,-144.7390,-3.6330,87.0202,98.4073,5947.4400,0.0000,0.0000,Pass
W6,2639,381,-144.5890,-3.6327,86.8509,98.6724,5924.3100,0.0000,0.0000,Pass
W6,2639,382,-144.4390,-3.6320,86.6071,98.3992,5891.1100,0.0000,0.0000,Pass
W6,2639,383,-144.2880,-3.6316,86.6246,98.4678,5893.4800,0.0000,0.0000,Pass
W6,2639,384,-143.9880,-3.6299,86.2928,99.0793,5848.4200,0.0000,0.0000,Pass
W6,2639,385,-143.5370,-3.6285,86.1527,98.0311,5829.4500,0.0000,0.0000,Pass
W6,2639,386,-143.3870,-3.6281,86.2534,98.4229,5843.0900,0.0000,0.0000,Pass
W6,2639,387,-143.0860,-3.6270,86.4850,97.5894,5874.5100,0.0000,0.0000,Pass
W6,2639,388,-142.9350,-3.6266,86.5897,97.8119,5888.7400,0.0000,0.0000,Pass
W6,2639,389,-142.7840,-3.6260,86.5853,97.2921,5888.1500,0.0000,0.0000,Pass
W6,2639,390,-142.6340,-3.6260,86.2096,95.5381,5837.1600,0.0000,0.0000,Pass
W6,2639,397,-145.0390,-3.7842,87.1112,97.8894,5959.8900,0.0000,0.0000,Pass
W6,2639,398,-143.3860,-3.7778,86.1527,98.8316,5829.4500,0.0000,0.0000,Pass
W6,2639,403,-145.1890,-3.7848,87.1675,97.9393,5967.6000,0.0000,0.0000,Pass
W6,2639,404,-144.8890,-3.7842,86.9508,97.8768,5937.9500,0.0000,0.0000,Pass
W6,2639,405,-144.7390,-3.7832,86.7030,97.8911,5904.1600,0.0000,0.0000,Pass
W6,2639,406,-144.5880,-3.7829,86.6899,98.7054,5902.3800,0.0000,0.0000,Pass
W6,2639,407,-144.4380,-3.7823,86.8204,98.1849,5920.1600,0.0000,0.0000,Pass
W6,2639,408,-144.2880,-3.7818,86.8422,98.4899,5923.1300,0.0000,0.0000,Pass
W6,2639,409,-144.1370,-3.7812,86.9638,99.5124,5939.7300,0.0000,0.0000,Pass
W6,2639,410,-143.9880,-3.7802,86.1965,97.4052,5835.3800,0.0000,0.0000,Pass
W6,2639,411,-143.8370,-3.7798,86.5635,97.2099,5885.1800,0.0000,0.0000,Pass
W6,2639,412,-143.6870,-3.7790,86.7552,98.9010,5911.2700,0.0000,0.0000,Pass
W6,2639,413,-143.5360,-3.7784,86.1877,97.7037,5834.1900,0.0000,0.0000,Pass
W6,2639,414,-143.2350,-3.7776,86.5156,97.7332,5878.6600,0.0000,0.0000,Pass
W6,2639,415,-143.0850,-3.7769,86.0519,97.7295,5815.8100,0.0000,0.0000,Pass
W6,2639,416,-142.9340,-3.7763,86.2534,97.2525,5843.0900,0.0000,0.0000,Pass
W6,2639,417,-142.7840,-3.7759,86.3452,96.6856,5855.5400,0.0000,0.0000,Pass
W6,2639,419,-142.6330,-3.7757,86.1615,96.7668,5830.6300,0.0000,0.0000,Pass
W6,2639,424,-143.8370,-3.9298,86.3365,98.4610,5854.3500,0.0000,0.0000,Pass
W6,2639,427,-145.0390,-3.9343,87.6985,97.5076,6040.5200,0.0000,0.0000,Pass
W6,2639,428,-144.4370,-3.9322,86.9594,98.3688,5939.1400,0.0000,0.0000,Pass
W6,2639,429,-144.1370,-3.9315,86.7334,97.4299,5908.3100,0.0000,0.0000,Pass
W6,2639,430,-143.6860,-3.9294,86.3802,98.4121,5860.2800,0.0000,0.0000,Pass
W6,2639,431,-143.5350,-3.9294,86.5025,97.7370,5876.8800,0.0000,0.0000,Pass
W6,2639,432,-143.3850,-3.9287,86.3015,97.9472,5849.6100,0.0000,0.0000,Pass
W6,2639,433,-143.2350,-3.9283,86.3627,96.7309,5857.9100,0.0000,0.0000,Pass
W6,2639,434,-143.0850,-3.9283,86.2140,97.7247,5837.7500,0.0000,0.0000,Pass
W6,2639,435,-142.7830,-3.9267,86.5243,96.7908,5879.8500,0.0000,0.0000,Pass
W6,2639,437,-145.1880,-3.9350,87.9049,97.4898,6068.9800,0.0000,0.0000,Pass
W6,2639,438,-144.8880,-3.9341,87.4658,97.6683,6008.5100,0.0000,0.0000,Pass
W6,2639,439,-144.7380,-3.9339,87.1849,98.0619,5969.9700,0.0000,0.0000,Pass
W6,2639,440,-144.5870,-3.9324,86.7682,97.6750,5913.0500,0.0000,0.0000,Pass
W6,2639,441,-144.2870,-3.9318,86.6202,98.4634,5892.8900,0.0000,0.0000,Pass
W6,2639,442,-143.9870,-3.9305,86.3846,97.7447,5860.8700,0.0000,0.0000,Pass
W6,2639,443,-142.9340,-3.9270,86.0299,96.9045,5812.8500,0.0000,0.0000,Pass
W6,2639,444,-142.6320,-3.9261,86.6725,95.6718,5900.0000,0.0000,0.0000,Pass
W6,2639,451,-145.0380,-4.0852,88.1150,97.3591,6098.0400,0.0000,0.0000,Pass
W6,2639,452,-143.5350,-4.0792,86.8813,97.1675,5928.4600,0.0000,0.0000,Pass
W6,2639,457,-145.1890,-4.0858,87.7502,96.6689,6047.6400,0.0000,0.0000,Pass
W6,2639,458,-144.8880,-4.0845,87.4399,96.6105,6004.9500,0.0000,0.0000,Pass
W6,2639,459,-144.7380,-4.0840,87.4744,97.2360,6009.6900,0.0000,0.0000,Pass
W6,2639,460,-144.5870,-4.0838,87.3103,97.4358,5987.1600,0.0000,0.0000,Pass
W6,2639,461,-144.4370,-4.0833,87.1978,97.4942,5971.7500,0.0000,0.0000,Pass
W6,2639,462,-144.2870,-4.0817,87.2455,98.2682,5978.2700,0.0000,0.0000,Pass
W6,2639,463,-144.1360,-4.0820,87.1762,97.5539,5968.7800,0.0000,0.0000,Pass
W6,2639,464,-143.9860,-4.0808,86.8291,97.8411,5921.3500,0.0000,0.0000,Pass
W6,2639,465,-143.8360,-4.0800,86.7900,97.4134,5916.0100,0.0000,0.0000,Pass
W6,2639,466,-143.6850,-4.0796,86.4108,97.6472,5864.4300,0.0000,0.0000,Pass
W6,2639,467,-143.3850,-4.0785,86.7073,97.3652,5904.7500,0.0000,0.0000,Pass
W6,2639,468,-143.2340,-4.0783,86.5897,97.0056,5888.7400,0.0000,0.0000,Pass
W6,2639,469,-143.0840,-4.0778,86.2884,98.1405,5847.8300,0.0000,0.0000,Pass
W6,2639,470,-142.9340,-4.0775,86.3234,95.7808,5852.5700,0.0000,0.0000,Pass
W6,2639,471,-142.7830,-4.0769,86.4370,96.9710,5867.9900,0.0000,0.0000,Pass
W6,2639,474,-142.6320,-4.0761,86.5984,95.5840,5889.9300,0.0000,0.0000,Pass
W6,2639,482,-145.1880,-4.2356,88.0765,95.8177,6092.7000,0.0000,0.0000,Pass
W6,2639,483,-145.0370,-4.2352,87.6727,96.6345,6036.9700,0.0000,0.0000,Pass
W6,2639,484,-144.7370,-4.2342,87.6038,97.3268,6027.4800,0.0000,0.0000,Pass
W6,2639,485,-144.1360,-4.2325,87.3406,97.2170,5991.3100,0.0000,0.0000,Pass
W6,2639,486,-143.9850,-4.2321,87.2455,96.7740,5978.2700,0.0000,0.0000,Pass
W6,2639,487,-143.8350,-4.2315,87.0592,95.5771,5952.7700,0.0000,0.0000,Pass
W6,2639,488,-143.6850,-4.2309,86.9073,97.3194,5932.0200,0.0000,0.0000,Pass
W6,2639,489,-143.5350,-4.2300,86.7943,97.2152,5916.6100,0.0000,0.0000,Pass
W6,2639,490,-143.3840,-4.2296,86.9508,96.9198,5937.9500,0.0000,0.0000,Pass
W6,2639,491,-143.0830,-4.2286,86.6812,96.4384,5901.1900,0.0000,0.0000,Pass
W6,2639,492,-142.9330,-4.2283,86.8074,95.1820,5918.3800,0.0000,0.0000,Pass
W6,2639,493,-142.7820,-4.2275,87.2671,96.2853,5981.2300,0.0000,0.0000,Pass
W6,2639,494,-144.8870,-4.2350,87.8662,96.9640,6063.6500,0.0000,0.0000,Pass
W6,2639,495,-144.5870,-4.2342,87.3103,97.1072,5987.1600,0.0000,0.0000,Pass
W6,2639,496,-144.4360,-4.2332,87.2757,97.3299,5982.4200,0.0000,0.0000,Pass
W6,2639,497,-144.2860,-4.2330,87.5779,97.7127,6023.9200,0.0000,0.0000,Pass
W6,2639,498,-143.2330,-4.2292,86.8769,96.9884,5927.8700,0.0000,0.0000,Pass
W6,2639,499,-142.6320,-4.2274,87.0592,95.2780,5952.7700,0.0000,0.0000,Pass
W6,2737,1,11.5694,-8.9113,85.5062,98.3185,5742.2900,0.0000,0.0000,Pass
W6,2737,2,11.8701,-8.9102,85.6474,96.9876,5761.2600,0.0000,0.0000,Pass
W6,2737,8,10.2175,-8.9161,85.3693,96.3030,5723.9100,0.0000,0.0000,Pass
W6,2737,9,10.3674,-8.9158,85.5989,97.7334,5754.7400,0.0000,0.0000,Pass
W6,2737,10,10.5171,-8.9147,85.4090,96.1724,5729.2500,0.0000,0.0000,Pass
W6,2737,11,10.6676,-8.9147,85.0414,96.6901,5680.0400,0.0000,0.0000,Pass
W6,2737,12,10.8178,-8.9141,85.8498,97.6629,5788.5400,0.0000,0.0000,Pass
W6,2737,13,10.9679,-8.9144,85.2941,97.1653,5713.8300,0.0000,0.0000,Pass
W6,2737,14,11.1185,-8.9135,85.4621,97.3680,5736.3600,0.0000,0.0000,Pass
W6,2737,15,11.2689,-8.9134,85.6782,97.1287,5765.4200,0.0000,0.0000,Pass
W6,2737,16,11.4194,-8.9120,85.3250,98.0130,5717.9800,0.0000,0.0000,Pass
W6,2737,17,11.7203,-8.9111,85.8059,97.2631,5782.6100,0.0000,0.0000,Pass
W6,2737,18,12.0206,-8.9098,85.8103,97.3514,5783.2000,0.0000,0.0000,Pass
W6,2737,19,12.1706,-8.9093,85.3737,98.4363,5724.5000,0.0000,0.0000,Pass
W6,2737,20,12.3217,-8.9086,86.2490,97.4868,5842.4900,0.0000,0.0000,Pass
W6,2737,21,12.4719,-8.9082,85.9246,97.5932,5798.6200,0.0000,0.0000,Pass
W6,2737,22,12.6220,-8.9086,86.4195,97.3694,5865.6200,0.0000,0.0000,Pass
W6,2737,23,12.7737,-8.9071,86.2534,95.9721,5843.0900,0.0000,0.0000,Pass
W6,2737,31,10.3678,-9.0658,85.0636,96.9016,5683.0000,0.0000,0.0000,Pass
W6,2737,32,11.1192,-9.0637,84.6098,97.9441,5622.5200,0.0000,0.0000,Pass
W6,2737,33,11.5694,-9.0618,84.9748,97.8661,5671.1400,0.0000,0.0000,Pass
W6,2737,34,11.8703,-9.0608,85.2941,97.8308,5713.8300,0.0000,0.0000,Pass
W6,2737,35,12.0209,-9.0602,85.4090,98.7270,5729.2500,0.0000,0.0000,Pass
W6,2737,36,12.1713,-9.0594,85.3118,98.0426,5716.2000,0.0000,0.0000,Pass
W6,2737,37,12.6237,-9.0586,85.3073,97.2667,5715.6100,0.0000,0.0000,Pass
W6,2737,38,12.7734,-9.0582,85.3427,97.8154,5720.3500,0.0000,0.0000,Pass
W6,2737,41,10.2176,-9.0663,84.9615,96.8718,5669.3600,0.0000,0.0000,Pass
W6,2737,42,10.5180,-9.0657,85.5989,97.8380,5754.7400,0.0000,0.0000,Pass
W6,2737,43,10.6679,-9.0652,84.9126,97.2270,5662.8400,0.0000,0.0000,Pass
W6,2737,44,10.8183,-9.0646,85.1922,98.4920,5700.2000,0.0000,0.0000,Pass
W6,2737,45,10.9680,-9.0640,85.0459,97.4325,5680.6300,0.0000,0.0000,Pass
W6,2737,46,11.2690,-9.0632,85.1967,97.6788,5700.7900,0.0000,0.0000,Pass
W6,2737,47,11.4192,-9.0632,85.4179,98.8465,5730.4300,0.0000,0.0000,Pass
W6,2737,48,11.7197,-9.0614,84.8904,97.3343,5659.8800,0.0000,0.0000,Pass
W6,2737,49,12.3219,-9.0593,85.1302,98.4459,5691.9000,0.0000,0.0000,Pass
W6,2737,50,12.4721,-9.0592,85.2542,97.1139,5708.5000,0.0000,0.0000,Pass
W6,2737,60,10.2181,-9.2165,84.9260,97.2403,5664.6200,0.0000,0.0000,Pass
W6,2737,61,10.3687,-9.2165,85.1080,97.6520,5688.9300,0.0000,0.0000,Pass
W6,2737,62,10.6682,-9.2154,84.9304,98.4202,5665.2100,0.0000,0.0000,Pass
W6,2737,63,10.8183,-9.2153,85.1257,97.8958,5691.3000,0.0000,0.0000,Pass
W6,2737,64,10.9692,-9.2145,84.4088,98.6284,5595.8400,0.0000,0.0000,Pass
W6,2737,65,11.4204,-9.2135,84.2477,99.7108,5574.5000,0.0000,0.0000,Pass
W6,2737,66,11.5703,-9.2114,85.1257,98.0000,5691.3000,0.0000,0.0000,Pass
W6,2737,67,11.7207,-9.2118,84.6455,97.2358,5627.2700,0.0000,0.0000,Pass
W6,2737,68,11.8708,-9.2110,84.9926,98.7314,5673.5100,0.0000,0.0000,Pass
W6,2737,69,12.0215,-9.2107,85.1257,97.5836,5691.3000,0.0000,0.0000,Pass
W6,2737,70,12.1711,-9.2102,85.0059,97.2489,5675.2900,0.0000,0.0000,Pass
W6,2737,71,12.3226,-9.2102,84.9660,97.0472,5669.9600,0.0000,0.0000,Pass
W6,2737,72,12.7736,-9.2082,85.7310,97.3493,5772.5300,0.0000,0.0000,Pass
W6,2737,77,10.5179,-9.2159,84.4535,96.3246,5601.7700,0.0000,0.0000,Pass
W6,2737,78,11.1188,-9.2142,84.5027,98.0916,5608.2900,0.0000,0.0000,Pass
W6,2737,79,11.2704,-9.2139,84.9704,98.2163,5670.5500,0.0000,0.0000,Pass
W6,2737,80,12.4726,-9.2094,85.5680,98.3387,5750.5900,0.0000,0.0000,Pass
W6,2737,81,12.6233,-9.2084,85.4930,97.4819,5740.5100,0.0000,0.0000,Pass
W6,2737,85,12.4734,-9.3596,85.4002,98.5792,5728.0600,0.0000,0.0000,Pass
W6,2737,90,10.2182,-9.3673,84.7792,97.7511,5645.0600,0.0000,0.0000,Pass
W6,2737,91,10.3682,-9.3666,85.0326,97.0861,5678.8500,0.0000,0.0000,Pass
W6,2737,92,10.5185,-9.3666,84.8059,98.3469,5648.6100,0.0000,0.0000,Pass
W6,2737,93,10.6690,-9.3661,84.5473,99.0073,5614.2200,0.0000,0.0000,Pass
W6,2737,94,10.8192,-9.3652,84.5473,97.9413,5614.2200,0.0000,0.0000,Pass
W6,2737,95,10.9690,-9.3646,85.0281,98.5030,5678.2600,0.0000,0.0000,Pass
W6,2737,96,11.1195,-9.3650,84.4982,99.0710,5607.7000,0.0000,0.0000,Pass
W6,2737,97,11.2698,-9.3641,84.8904,98.3036,5659.8800,0.0000,0.0000,Pass
W6,2737,98,11.4206,-9.3635,84.6187,98.8843,5623.7100,0.0000,0.0000,Pass
W6,2737,99,11.5700,-9.3624,84.8281,99.0958,5651.5800,0.0000,0.0000,Pass
W6,2737,100,11.7205,-9.3623,84.9748,99.4097,5671.1400,0.0000,0.0000,Pass
W6,2737,101,11.8708,-9.3615,84.5964,99.7165,5620.7500,0.0000,0.0000,Pass
W6,2737,102,12.0216,-9.3605,85.3206,98.8590,5717.3900,0.0000,0.0000,Pass
W6,2737,103,12.1721,-9.3604,85.0725,98.5241,5684.1900,0.0000,0.0000,Pass
W6,2737,104,12.3232,-9.3604,85.2055,97.7657,5701.9700,0.0000,0.0000,Pass
W6,2737,105,12.6239,-9.3594,85.5327,96.7905,5745.8500,0.0000,0.0000,Pass
W6,2737,106,12.7740,-9.3584,85.4400,97.3534,5733.4000,0.0000,0.0000,Pass
W6,2737,115,10.2188,-9.5182,84.3730,98.1325,5591.1000,0.0000,0.0000,Pass
W6,2737,116,10.3689,-9.5170,85.4046,98.2235,5728.6500,0.0000,0.0000,Pass
W6,2737,117,10.5189,-9.5163,85.0636,98.1331,5683.0000,0.0000,0.0000,Pass
W6,2737,118,10.6696,-9.5165,84.8815,98.1153,5658.6900,0.0000,0.0000,Pass
W6,2737,119,10.9694,-9.5157,84.0593,97.6324,5549.6000,0.0000,0.0000,Pass
W6,2737,120,11.1201,-9.5147,84.8860,98.2240,5659.2900,0.0000,0.0000,Pass
W6,2737,121,11.5714,-9.5133,84.8726,98.8645,5657.5100,0.0000,0.0000,Pass
W6,2737,122,11.7206,-9.5127,84.9793,98.3951,5671.7400,0.0000,0.0000,Pass
W6,2737,123,12.0223,-9.5119,85.1568,99.2107,5695.4500,0.0000,0.0000,Pass
W6,2737,124,12.1733,-9.5111,85.1124,98.0613,5689.5200,0.0000,0.0000,Pass
W6,2737,125,12.3223,-9.5099,85.7046,98.4905,5768.9700,0.0000,0.0000,Pass
W6,2737,129,10.8195,-9.5158,84.9126,97.7198,5662.8400,0.0000,0.0000,Pass
W6,2737,130,11.2709,-9.5146,84.6455,99.0719,5627.2700,0.0000,0.0000,Pass
W6,2737,131,11.4207,-9.5140,85.5945,99.5683,5754.1500,0.0000,0.0000,Pass
W6,2737,132,11.8719,-9.5119,85.3781,98.8808,5725.1000,0.0000,0.0000,Pass
W6,2737,133,12.4733,-9.5100,85.4179,99.0151,5730.4300,0.0000,0.0000,Pass
W6,2737,134,12.6239,-9.5094,85.9860,98.6990,5806.9200,0.0000,0.0000,Pass
W6,2737,135,12.7749,-9.5091,85.3118,97.6282,5716.2000,0.0000,0.0000,Pass
W6,2737,159,10.5963,-9.9254,84.7970,98.5396,5647.4300,0.0000,0.0000,Pass
W6,2737,160,11.5862,-9.9217,84.9615,99.5298,5669.3600,0.0000,0.0000,Pass
W6,2737,161,12.0816,-9.9200,85.4532,99.2976,5735.1800,0.0000,0.0000,Pass
W6,2737,162,10.7619,-9.9245,84.7480,98.0857,5640.9000,0.0000,0.0000,Pass
W6,2737,163,10.9261,-9.9243,85.5548,99.2743,5748.8100,0.0000,0.0000,Pass
W6,2737,164,11.0916,-9.9235,84.7970,99.1739,5647.4300,0.0000,0.0000,Pass
W6,2737,165,11.2566,-9.9231,85.6077,98.8400,5755.9300,0.0000,0.0000,Pass
W6,2737,166,11.4216,-9.9225,84.9970,99.3526,5674.1100,0.0000,0.0000,Pass
W6,2737,167,11.7515,-9.9208,85.0148,99.5923,5676.4800,0.0000,0.0000,Pass
W6,2737,168,11.9169,-9.9200,85.9114,99.8297,5796.8400,0.0000,0.0000,Pass
W6,2737,169,12.2469,-9.9199,85.6826,99.8364,5766.0100,0.0000,0.0000,Pass
W6,2737,170,12.4112,-9.9186,85.5768,99.5156,5751.7800,0.0000,0.0000,Pass
W6,2737,171,12.5774,-9.9186,85.4532,98.8503,5735.1800,0.0000,0.0000,Pass
W6,2737,182,10.4328,-10.0907,85.0725,99.5036,5684.1900,0.0000,0.0000,Pass
W6,2737,183,10.5968,-10.0899,84.8860,99.6553,5659.2900,0.0000,0.0000,Pass
W6,2737,184,10.7617,-10.0898,84.9171,99.0982,5663.4400,0.0000,0.0000,Pass
W6,2737,185,10.9277,-10.0896,85.0104,98.6558,5675.8900,0.0000,0.0000,Pass
W6,2737,186,11.0921,-10.0894,84.8593,98.8262,5655.7300,0.0000,0.0000,Pass
W6,2737,187,11.2572,-10.0881,84.6143,98.8938,5623.1200,0.0000,0.0000,Pass
W6,2737,188,11.4215,-10.0873,84.4267,97.6787,5598.2200,0.0000,0.0000,Pass
W6,2737,189,11.5861,-10.0865,84.7213,99.0407,5637.3500,0.0000,0.0000,Pass
W6,2737,190,11.7526,-10.0864,85.0148,99.1842,5676.4800,0.0000,0.0000,Pass
W6,2737,191,11.9167,-10.0856,84.7435,98.7448,5640.3100,0.0000,0.0000,Pass
W6,2737,192,12.0816,-10.0848,85.6165,98.8746,5757.1100,0.0000,0.0000,Pass
W6,2737,193,12.2471,-10.0841,85.2099,98.4398,5702.5700,0.0000,0.0000,Pass
W6,2737,194,12.5778,-10.0832,84.7614,99.1073,5642.6800,0.0000,0.0000,Pass
W6,2737,195,12.4120,-10.0845,84.9748,99.2066,5671.1400,0.0000,0.0000,Pass
W6,2737,206,10.4334,-10.2562,84.8682,99.3121,5656.9100,0.0000,0.0000,Pass
W6,2737,207,10.5980,-10.2549,84.5161,97.7297,5610.0700,0.0000,0.0000,Pass
W6,2737,208,10.7628,-10.2547,84.9615,99.2830,5669.3600,0.0000,0.0000,Pass
W6,2737,209,11.2577,-10.2534,84.4669,99.1534,5603.5500,0.0000,0.0000,Pass
W6,2737,210,11.5869,-10.2514,84.6366,99.0106,5626.0800,0.0000,0.0000,Pass
W6,2737,211,12.0823,-10.2495,84.4357,98.6096,5599.4000,0.0000,0.0000,Pass
W6,2737,212,12.2480,-10.2496,85.1036,99.1683,5688.3400,0.0000,0.0000,Pass
W6,2737,213,12.4135,-10.2489,84.6990,97.9744,5634.3800,0.0000,0.0000,Pass
W6,2737,214,10.9276,-10.2544,84.8637,99.6337,5656.3200,0.0000,0.0000,Pass
W6,2737,215,11.0926,-10.2534,84.4669,98.2376,5603.5500,0.0000,0.0000,Pass
W6,2737,216,11.4222,-10.2522,84.0773,99.3895,5551.9700,0.0000,0.0000,Pass
W6,2737,217,11.7518,-10.2513,84.3149,99.0238,5583.3900,0.0000,0.0000,Pass
W6,2737,218,11.9168,-10.2503,84.6812,98.9269,5632.0100,0.0000,0.0000,Pass
W6,2737,219,12.5781,-10.2485,85.2896,99.5946,5713.2400,0.0000,0.0000,Pass
W6,2737,233,11.7527,-10.4165,84.3865,99.0820,5592.8800,0.0000,0.0000,Pass
W6,2737,239,10.4340,-10.4210,84.4759,99.0807,5604.7400,0.0000,0.0000,Pass
W6,2737,240,10.5988,-10.4200,84.6633,99.4977,5629.6400,0.0000,0.0000,Pass
W6,2737,241,10.7635,-10.4197,84.1356,99.5820,5559.6800,0.0000,0.0000,Pass
W6,2737,242,10.9281,-10.4193,84.7257,99.3575,5637.9400,0.0000,0.0000,Pass
W6,2737,243,11.0927,-10.4179,84.4893,98.7415,5606.5200,0.0000,0.0000,Pass
W6,2737,244,11.2577,-10.4171,84.2163,98.9816,5570.3500,0.0000,0.0000,Pass
W6,2737,245,11.5876,-10.4163,83.8930,99.0655,5527.6600,0.0000,0.0000,Pass
W6,2737,246,11.9181,-10.4151,84.1625,99.5199,5563.2300,0.0000,0.0000,Pass
W6,2737,247,12.0823,-10.4154,84.5384,98.6226,5613.0400,0.0000,0.0000,Pass
W6,2737,248,12.2486,-10.4145,84.4088,99.2444,5595.8400,0.0000,0.0000,Pass
W6,2737,249,12.4135,-10.4139,84.5027,97.9577,5608.2900,0.0000,0.0000,Pass
W6,2737,250,12.5785,-10.4130,85.1878,97.9397,5699.6000,0.0000,0.0000,Pass
W6,2737,251,11.4227,-10.4180,83.6813,98.8125,5499.7900,0.0000,0.0000,Pass
W6,2737,262,10.4344,-10.5853,84.9349,99.0927,5665.8100,0.0000,0.0000,Pass
W6,2737,263,10.7641,-10.5841,84.8415,99.3398,5653.3600,0.0000,0.0000,Pass
W6,2737,264,10.9286,-10.5834,84.6054,99.5278,5621.9300,0.0000,0.0000,Pass
W6,2737,265,11.0933,-10.5834,85.1036,99.2436,5688.3400,0.0000,0.0000,Pass
W6,2737,266,11.2585,-10.5831,84.2522,99.3069,5575.0900,0.0000,0.0000,Pass
W6,2737,267,11.4235,-10.5819,84.3328,98.9016,5585.7600,0.0000,0.0000,Pass
W6,2737,268,11.5879,-10.5809,84.1446,99.4809,5560.8600,0.0000,0.0000,Pass
W6,2737,269,11.9184,-10.5801,84.6321,99.5207,5625.4900,0.0000,0.0000,Pass
W6,2737,270,12.0835,-10.5795,84.9837,98.5103,5672.3300,0.0000,0.0000,Pass
W6,2737,271,12.2486,-10.5791,84.7168,99.2616,5636.7500,0.0000,0.0000,Pass
W6,2737,272,12.4142,-10.5789,85.2454,99.0285,5707.3100,0.0000,0.0000,Pass
W6,2737,273,10.5988,-10.5850,84.6187,99.3753,5623.7100,0.0000,0.0000,Pass
W6,2737,274,11.7539,-10.5806,84.2163,98.9458,5570.3500,0.0000,0.0000,Pass
W6,2737,275,12.5787,-10.5773,85.2011,98.6429,5701.3800,0.0000,0.0000,Pass
W6,2737,286,10.9287,-10.7487,84.7525,99.2954,5641.5000,0.0000,0.0000,Pass
W6,2737,287,11.5887,-10.7461,84.5473,98.6855,5614.2200,0.0000,0.0000,Pass
W6,2737,288,11.9190,-10.7454,84.8059,98.8135,5648.6100,0.0000,0.0000,Pass
W6,2737,289,10.4352,-10.7503,84.8771,98.5477,5658.1000,0.0000,0.0000,Pass
W6,2737,290,10.5995,-10.7506,84.9882,99.5383,5672.9200,0.0000,0.0000,Pass
W6,2737,291,10.7648,-10.7495,84.9126,99.2601,5662.8400,0.0000,0.0000,Pass
W6,2737,292,11.0946,-10.7485,84.8281,98.9566,5651.5800,0.0000,0.0000,Pass
W6,2737,293,11.2592,-10.7480,84.3999,98.7563,5594.6600,0.0000,0.0000,Pass
W6,2737,294,11.4240,-10.7467,84.3865,98.6460,5592.8800,0.0000,0.0000,Pass
W6,2737,295,11.7539,-10.7459,84.8771,99.6684,5658.1000,0.0000,0.0000,Pass
W6,2737,296,12.0841,-10.7446,85.1169,98.8563,5690.1200,0.0000,0.0000,Pass
W6,2737,297,12.2492,-10.7440,85.1789,98.7042,5698.4200,0.0000,0.0000,Pass
W6,2737,298,12.4145,-10.7434,85.1346,98.8997,5692.4900,0.0000,0.0000,Pass
W6,2737,299,12.5797,-10.7428,85.6562,98.1633,5762.4500,0.0000,0.0000,Pass
W6,2737,310,10.4353,-10.9158,85.0192,98.5188,5677.0700,0.0000,0.0000,Pass
W6,2737,311,10.6003,-10.9150,84.6098,98.9653,5622.5200,0.0000,0.0000,Pass
W6,2737,312,10.7647,-10.9142,84.2253,99.2710,5571.5300,0.0000,0.0000,Pass
W6,2737,313,10.9295,-10.9134,84.6812,98.8547,5632.0100,0.0000,0.0000,Pass
W6,2737,314,11.0946,-10.9133,84.6812,98.4046,5632.0100,0.0000,0.0000,Pass
W6,2737,315,11.2597,-10.9123,85.1834,99.4655,5699.0100,0.0000,0.0000,Pass
W6,2737,316,11.5894,-10.9113,84.5697,98.5381,5617.1900,0.0000,0.0000,Pass
W6,2737,317,11.7540,-10.9110,85.1612,99.3952,5696.0500,0.0000,0.0000,Pass
W6,2737,318,11.9193,-10.9100,85.0237,99.7019,5677.6700,0.0000,0.0000,Pass
W6,2737,319,12.0844,-10.9093,85.6650,99.1666,5763.6400,0.0000,0.0000,Pass
W6,2737,320,12.2494,-10.9091,85.2232,98.8574,5704.3500,0.0000,0.0000,Pass
W6,2737,321,12.4149,-10.9083,85.4709,98.8944,5737.5500,0.0000,0.0000,Pass
W6,2737,322,12.5804,-10.9076,85.4532,97.9253,5735.1800,0.0000,0.0000,Pass
W6,2737,323,11.4243,-10.9124,85.3825,99.4995,5725.6900,0.0000,0.0000,Pass
W6,2737,334,10.4358,-11.0803,84.6098,98.1237,5622.5200,0.0000,0.0000,Pass
W6,2737,335,10.6003,-11.0799,85.2099,99.0994,5702.5700,0.0000,0.0000,Pass
W6,2737,336,10.7659,-11.0791,85.1745,98.0013,5697.8200,0.0000,0.0000,Pass
W6,2737,337,10.9303,-11.0792,84.9526,98.6428,5668.1800,0.0000,0.0000,Pass
W6,2737,338,11.0956,-11.0784,85.2542,99.3405,5708.5000,0.0000,0.0000,Pass
W6,2737,339,11.5901,-11.0762,85.3781,99.3686,5725.1000,0.0000,0.0000,Pass
W6,2737,340,11.7548,-11.0755,85.6341,99.8623,5759.4900,0.0000,0.0000,Pass
W6,2737,341,11.9204,-11.0755,85.3516,99.5570,5721.5400,0.0000,0.0000,Pass
W6,2737,342,12.0855,-11.0745,85.4090,99.3963,5729.2500,0.0000,0.0000,Pass
W6,2737,343,12.2503,-11.0741,85.7090,98.7066,5769.5700,0.0000,0.0000,Pass
W6,2737,344,12.4158,-11.0739,85.0414,98.6454,5680.0400,0.0000,0.0000,Pass
W6,2737,345,11.2597,-11.0779,85.0903,98.0638,5686.5600,0.0000,0.0000,Pass
W6,2737,346,11.4258,-11.0775,85.9465,99.4223,5801.5800,0.0000,0.0000,Pass
W6,2737,347,12.5810,-11.0731,85.4046,97.1846,5728.6500,0.0000,0.0000,Pass
W6,2737,370,10.2253,-11.4720,84.8370,98.1977,5652.7600,0.0000,0.0000,Pass
W6,2737,371,11.2772,-11.4686,84.7302,98.2345,5638.5300,0.0000,0.0000,Pass
W6,2737,372,11.5770,-11.4669,85.0148,97.9905,5676.4800,0.0000,0.0000,Pass
W6,2737,373,11.7273,-11.4668,84.6366,98.8371,5626.0800,0.0000,0.0000,Pass
W6,2737,374,12.1786,-11.4644,85.0370,98.6852,5679.4400,0.0000,0.0000,Pass
W6,2737,378,10.3754,-11.4712,84.5205,96.3692,5610.6700,0.0000,0.0000,Pass
W6,2737,379,10.5257,-11.4711,84.6945,98.2923,5633.7900,0.0000,0.0000,Pass
W6,2737,380,10.6754,-11.4700,84.8860,98.6632,5659.2900,0.0000,0.0000,Pass
W6,2737,381,10.8263,-11.4700,83.9335,98.6335,5533.0000,0.0000,0.0000,Pass
W6,2737,382,10.9761,-11.4684,84.4133,99.3284,5596.4400,0.0000,0.0000,Pass
W6,2737,383,11.1268,-11.4689,84.6856,98.7068,5632.6000,0.0000,0.0000,Pass
W6,2737,384,11.4270,-11.4678,85.0769,99.2583,5684.7800,0.0000,0.0000,Pass
W6,2737,385,11.8783,-11.4659,85.1124,98.3765,5689.5200,0.0000,0.0000,Pass
W6,2737,386,12.0289,-11.4657,84.6633,98.2754,5629.6400,0.0000,0.0000,Pass
W6,2737,387,12.3299,-11.4647,85.2277,99.0278,5704.9400,0.0000,0.0000,Pass
W6,2737,388,12.4798,-11.4645,85.5856,97.2048,5752.9600,0.0000,0.0000,Pass
W6,2737,389,12.6311,-11.4641,85.1878,98.8644,5699.6000,0.0000,0.0000,Pass
W6,2737,390,12.7806,-11.4628,85.6474,97.5298,5761.2600,0.0000,0.0000,Pass
W6,2737,397,10.3755,-11.6216,84.9260,97.1832,5664.6200,0.0000,0.0000,Pass
W6,2737,398,12.0287,-11.6158,84.9704,99.2036,5670.5500,0.0000,0.0000,Pass
W6,2737,403,10.2263,-11.6222,85.1124,97.1478,5689.5200,0.0000,0.0000,Pass
W6,2737,404,10.5265,-11.6213,84.4357,98.6673,5599.4000,0.0000,0.0000,Pass
W6,2737,405,10.6766,-11.6207,84.2253,99.1926,5571.5300,0.0000,0.0000,Pass
W6,2737,406,10.8266,-11.6205,84.6455,97.3177,5627.2700,0.0000,0.0000,Pass
W6,2737,407,10.9766,-11.6194,84.1805,98.6194,5565.6100,0.0000,0.0000,Pass
W6,2737,408,11.1269,-11.6193,84.4848,98.3349,5605.9200,0.0000,0.0000,Pass
W6,2737,409,11.2781,-11.6188,84.6500,97.6500,5627.8600,0.0000,0.0000,Pass
W6,2737,410,11.4274,-11.6189,85.2409,98.8274,5706.7200,0.0000,0.0000,Pass
W6,2737,411,11.5777,-11.6175,84.9526,97.9672,5668.1800,0.0000,0.0000,Pass
W6,2737,412,11.7280,-11.6172,84.8682,98.3246,5656.9100,0.0000,0.0000,Pass
W6,2737,413,11.8783,-11.6165,84.9260,97.4282,5664.6200,0.0000,0.0000,Pass
W6,2737,414,12.1792,-11.6154,85.2808,98.0166,5712.0500,0.0000,0.0000,Pass
W6,2737,415,12.3293,-11.6149,84.7970,99.1613,5647.4300,0.0000,0.0000,Pass
W6,2737,416,12.4803,-11.6139,85.3604,96.4284,5722.7300,0.0000,0.0000,Pass
W6,2737,417,12.6311,-11.6139,85.5503,97.4686,5748.2200,0.0000,0.0000,Pass
W6,2737,419,12.7817,-11.6140,85.2896,96.9115,5713.2400,0.0000,0.0000,Pass
W6,2737,424,11.5786,-11.7676,85.3073,97.8595,5715.6100,0.0000,0.0000,Pass
W6,2737,427,10.3763,-11.7712,85.2144,97.6242,5703.1600,0.0000,0.0000,Pass
W6,2737,428,10.9769,-11.7699,85.0858,97.0949,5685.9700,0.0000,0.0000,Pass
W6,2737,429,11.2782,-11.7696,84.8637,98.7898,5656.3200,0.0000,0.0000,Pass
W6,2737,430,11.7286,-11.7669,84.6589,98.7538,5629.0500,0.0000,0.0000,Pass
W6,2737,431,11.8794,-11.7668,84.8637,97.0835,5656.3200,0.0000,0.0000,Pass
W6,2737,432,12.0291,-11.7666,84.7480,97.2621,5640.9000,0.0000,0.0000,Pass
W6,2737,433,12.1797,-11.7661,85.1479,97.5670,5694.2700,0.0000,0.0000,Pass
W6,2737,434,12.3306,-11.7656,85.1302,96.6687,5691.9000,0.0000,0.0000,Pass
W6,2737,435,12.6313,-11.7643,85.7178,97.6010,5770.7500,0.0000,0.0000,Pass
W6,2737,437,10.2262,-11.7726,84.6455,95.2479,5627.2700,0.0000,0.0000,Pass
W6,2737,438,10.5264,-11.7717,84.9837,97.7096,5672.3300,0.0000,0.0000,Pass
W6,2737,439,10.6774,-11.7711,84.7034,97.7863,5634.9800,0.0000,0.0000,Pass
W6,2737,440,10.8270,-11.7711,84.4848,97.4856,5605.9200,0.0000,0.0000,Pass
W6,2737,441,11.1278,-11.7693,84.3999,98.8588,5594.6600,0.0000,0.0000,Pass
W6,2737,442,11.4289,-11.7689,85.1967,98.3532,5700.7900,0.0000,0.0000,Pass
W6,2737,443,12.4811,-11.7657,85.2808,97.2951,5712.0500,0.0000,0.0000,Pass
W6,2737,444,12.7823,-11.7641,85.6253,97.0246,5758.3000,0.0000,0.0000,Pass
W6,2737,451,10.3768,-11.9230,85.3737,97.4925,5724.5000,0.0000,0.0000,Pass
W6,2737,452,11.8793,-11.9174,85.4753,97.6131,5738.1400,0.0000,0.0000,Pass
W6,2737,457,10.2266,-11.9231,85.1257,96.4353,5691.3000,0.0000,0.0000,Pass
W6,2737,458,10.5273,-11.9219,85.0281,96.9396,5678.2600,0.0000,0.0000,Pass
W6,2737,459,10.6776,-11.9214,85.0636,97.7400,5683.0000,0.0000,0.0000,Pass
W6,2737,460,10.8276,-11.9208,84.5563,98.1927,5615.4100,0.0000,0.0000,Pass
W6,2737,461,10.9777,-11.9207,84.6901,97.3049,5633.2000,0.0000,0.0000,Pass
W6,2737,462,11.1276,-11.9202,85.3250,97.2840,5717.9800,0.0000,0.0000,Pass
W6,2737,463,11.2786,-11.9194,84.6500,98.0676,5627.8600,0.0000,0.0000,Pass
W6,2737,464,11.4288,-11.9188,85.2896,98.6286,5713.2400,0.0000,0.0000,Pass
W6,2737,465,11.5788,-11.9185,85.1834,97.3480,5699.0100,0.0000,0.0000,Pass
W6,2737,466,11.7294,-11.9174,85.5018,97.3282,5741.7000,0.0000,0.0000,Pass
W6,2737,467,12.0302,-11.9169,84.9882,97.2995,5672.9200,0.0000,0.0000,Pass
W6,2737,468,12.1806,-11.9165,85.0370,96.8643,5679.4400,0.0000,0.0000,Pass
W6,2737,469,12.3306,-11.9162,85.1878,97.8079,5699.6000,0.0000,0.0000,Pass
W6,2737,470,12.4822,-11.9153,85.7619,98.3140,5776.6800,0.0000,0.0000,Pass
W6,2737,471,12.6324,-11.9153,85.2188,97.0596,5703.7500,0.0000,0.0000,Pass
W6,2737,474,12.7828,-11.9146,85.7663,96.7498,5777.2700,0.0000,0.0000,Pass
W6,2737,482,10.2267,-12.0732,85.9597,96.6727,5803.3600,0.0000,0.0000,Pass
W6,2737,483,10.3774,-12.0729,85.8718,96.7931,5791.5000,0.0000,0.0000,Pass
W6,2737,484,10.6769,-12.0725,85.8323,96.2317,5786.1700,0.0000,0.0000,Pass
W6,2737,485,11.2791,-12.0700,85.3693,96.3524,5723.9100,0.0000,0.0000,Pass
W6,2737,486,11.4291,-12.0693,86.2971,97.4558,5849.0200,0.0000,0.0000,Pass
W6,2737,487,11.5795,-12.0689,85.1479,97.9517,5694.2700,0.0000,0.0000,Pass
W6,2737,488,11.7297,-12.0681,85.2099,97.6075,5702.5700,0.0000,0.0000,Pass
W6,2737,489,11.8804,-12.0678,85.5768,97.2652,5751.7800,0.0000,0.0000,Pass
W6,2737,490,12.0309,-12.0672,85.6606,96.7236,5763.0400,0.0000,0.0000,Pass
W6,2737,491,12.3323,-12.0664,86.2140,96.4273,5837.7500,0.0000,0.0000,Pass
W6,2737,492,12.4823,-12.0662,85.8191,96.1284,5784.3900,0.0000,0.0000,Pass
W6,2737,493,12.6328,-12.0654,86.4108,96.3229,5864.4300,0.0000,0.0000,Pass
W6,2737,494,10.5277,-12.0725,85.2896,95.5722,5713.2400,0.0000,0.0000,Pass
W6,2737,495,10.8286,-12.0707,85.5283,97.2488,5745.2600,0.0000,0.0000,Pass
W6,2737,496,10.9778,-12.0715,85.2985,96.7721,5714.4300,0.0000,0.0000,Pass
W6,2737,497,11.1296,-12.0701,85.3693,95.8106,5723.9100,0.0000,0.0000,Pass
W6,2737,498,12.1811,-12.0669,85.6650,97.1821,5763.6400,0.0000,0.0000,Pass
W6,2737,499,12.7837,-12.0652,85.9948,95.8496,5808.1000,0.0000,0.0000,Pass
W6,4918,1,2.3894,-137.4770,85.5150,96.7769,5743.4800,0.0000,0.0000,Pass
W6,4918,2,2.6900,-137.4770,85.5415,97.6105,5747.0400,0.0000,0.0000,Pass
W6,4918,8,1.0376,-137.4810,85.9202,97.1484,5798.0200,0.0000,0.0000,Pass
W6,4918,9,1.1878,-137.4810,85.7883,97.0505,5780.2400,0.0000,0.0000,Pass
W6,4918,10,1.3374,-137.4800,85.4400,97.2994,5733.4000,0.0000,0.0000,Pass
W6,4918,11,1.4878,-137.4800,85.5900,97.7694,5753.5600,0.0000,0.0000,Pass
W6,4918,12,1.6379,-137.4790,85.0237,97.4585,5677.6700,0.0000,0.0000,Pass
W6,4918,13,1.7884,-137.4790,85.2542,98.3134,5708.5000,0.0000,0.0000,Pass
W6,4918,14,1.9384,-137.4790,85.3560,97.5570,5722.1300,0.0000,0.0000,Pass
W6,4918,15,2.0892,-137.4790,85.1213,97.4647,5690.7100,0.0000,0.0000,Pass
W6,4918,16,2.2395,-137.4780,85.7222,98.4992,5771.3400,0.0000,0.0000,Pass
W6,4918,17,2.5394,-137.4760,85.4797,98.6432,5738.7300,0.0000,0.0000,Pass
W6,4918,18,2.8402,-137.4760,85.5283,98.5541,5745.2600,0.0000,0.0000,Pass
W6,4918,19,2.9902,-137.4750,85.3427,97.9715,5720.3500,0.0000,0.0000,Pass
W6,4918,20,3.1407,-137.4750,85.8455,97.1029,5787.9500,0.0000,0.0000,Pass
W6,4918,21,3.2917,-137.4740,85.8279,97.5525,5785.5700,0.0000,0.0000,Pass
W6,4918,22,3.4419,-137.4740,85.8059,97.1616,5782.6100,0.0000,0.0000,Pass
W6,4918,23,3.5923,-137.4730,86.4850,96.8169,5874.5100,0.0000,0.0000,Pass
W6,4918,31,1.1878,-137.6310,85.3560,96.8930,5722.1300,0.0000,0.0000,Pass
W6,4918,32,1.9390,-137.6300,85.0858,98.2463,5685.9700,0.0000,0.0000,Pass
W6,4918,33,2.3892,-137.6280,85.2277,98.5285,5704.9400,0.0000,0.0000,Pass
W6,4918,34,2.6902,-137.6270,84.9260,98.4888,5664.6200,0.0000,0.0000,Pass
W6,4918,35,2.8406,-137.6260,85.2542,98.0787,5708.5000,0.0000,0.0000,Pass
W6,4918,36,2.9909,-137.6260,84.9037,98.2045,5661.6600,0.0000,0.0000,Pass
W6,4918,37,3.4420,-137.6240,85.4488,97.1987,5734.5800,0.0000,0.0000,Pass
W6,4918,38,3.5927,-137.6240,85.5150,96.8537,5743.4800,0.0000,0.0000,Pass
W6,4918,41,1.0382,-137.6320,85.3206,97.5656,5717.3900,0.0000,0.0000,Pass
W6,4918,42,1.3380,-137.6310,85.2498,97.3168,5707.9000,0.0000,0.0000,Pass
W6,4918,43,1.4880,-137.6300,85.4532,97.4084,5735.1800,0.0000,0.0000,Pass
W6,4918,44,1.6383,-137.6300,84.7302,98.0182,5638.5300,0.0000,0.0000,Pass
W6,4918,45,1.7887,-137.6300,85.0015,97.6723,5674.7000,0.0000,0.0000,Pass
W6,4918,46,2.0896,-137.6290,85.1789,98.2765,5698.4200,0.0000,0.0000,Pass
W6,4918,47,2.2395,-137.6290,85.0503,98.7888,5681.2200,0.0000,0.0000,Pass
W6,4918,48,2.5402,-137.6270,85.0414,98.6551,5680.0400,0.0000,0.0000,Pass
W6,4918,49,3.1414,-137.6250,85.4400,98.1539,5733.4000,0.0000,0.0000,Pass
W6,4918,50,3.2919,-137.6250,85.6650,97.4890,5763.6400,0.0000,0.0000,Pass
W6,4918,60,1.0384,-137.7820,85.2409,97.8834,5706.7200,0.0000,0.0000,Pass
W6,4918,61,1.1885,-137.7820,85.1257,97.3838,5691.3000,0.0000,0.0000,Pass
W6,4918,62,1.4882,-137.7810,85.0015,98.8338,5674.7000,0.0000,0.0000,Pass
W6,4918,63,1.6387,-137.7800,84.8504,98.3979,5654.5400,0.0000,0.0000,Pass
W6,4918,64,1.7889,-137.7800,84.6856,98.9262,5632.6000,0.0000,0.0000,Pass
W6,4918,65,2.2398,-137.7790,84.8860,98.2553,5659.2900,0.0000,0.0000,Pass
W6,4918,66,2.3903,-137.7780,84.9793,98.5677,5671.7400,0.0000,0.0000,Pass
W6,4918,67,2.5399,-137.7770,84.7614,98.9430,5642.6800,0.0000,0.0000,Pass
W6,4918,68,2.6905,-137.7770,85.0414,98.4683,5680.0400,0.0000,0.0000,Pass
W6,4918,69,2.8411,-137.7770,85.0237,98.3795,5677.6700,0.0000,0.0000,Pass
W6,4918,70,2.9907,-137.7760,84.2029,96.9081,5568.5700,0.0000,0.0000,Pass
W6,4918,71,3.1417,-137.7750,85.1568,98.0510,5695.4500,0.0000,0.0000,Pass
W6,4918,72,3.5931,-137.7740,85.5592,97.2603,5749.4100,0.0000,0.0000,Pass
W6,4918,77,1.3383,-137.7810,84.9349,98.1032,5665.8100,0.0000,0.0000,Pass
W6,4918,78,1.9391,-137.7800,84.7881,98.8212,5646.2400,0.0000,0.0000,Pass
W6,4918,79,2.0894,-137.7790,84.9304,99.0833,5665.2100,0.0000,0.0000,Pass
W6,4918,80,3.2920,-137.7750,85.2321,98.1821,5705.5300,0.0000,0.0000,Pass
W6,4918,81,3.4426,-137.7740,85.0370,96.8833,5679.4400,0.0000,0.0000,Pass
W6,4918,85,3.2925,-137.9250,85.0636,98.5048,5683.0000,0.0000,0.0000,Pass
W6,4918,90,1.0391,-137.9320,85.4267,97.7588,5731.6200,0.0000,0.0000,Pass
W6,4918,91,1.1890,-137.9320,85.1346,97.6318,5692.4900,0.0000,0.0000,Pass
W6,4918,92,1.3391,-137.9310,84.8192,98.0171,5650.3900,0.0000,0.0000,Pass
W6,4918,93,1.4889,-137.9310,85.0326,98.6968,5678.8500,0.0000,0.0000,Pass
W6,4918,94,1.6391,-137.9300,84.5697,98.5618,5617.1900,0.0000,0.0000,Pass
W6,4918,95,1.7896,-137.9300,84.6366,98.4854,5626.0800,0.0000,0.0000,Pass
W6,4918,96,1.9397,-137.9300,84.5875,96.9503,5619.5600,0.0000,0.0000,Pass
W6,4918,97,2.0903,-137.9290,84.8326,98.6654,5652.1700,0.0000,0.0000,Pass
W6,4918,98,2.2402,-137.9290,84.6544,98.8863,5628.4500,0.0000,0.0000,Pass
W6,4918,99,2.3903,-137.9280,84.6277,99.1348,5624.9000,0.0000,0.0000,Pass
W6,4918,100,2.5405,-137.9270,84.6410,99.0297,5626.6800,0.0000,0.0000,Pass
W6,4918,101,2.6909,-137.9270,84.8860,97.6968,5659.2900,0.0000,0.0000,Pass
W6,4918,102,2.8417,-137.9270,84.7168,98.7096,5636.7500,0.0000,0.0000,Pass
W6,4918,103,2.9916,-137.9260,84.4312,98.0585,5598.8100,0.0000,0.0000,Pass
W6,4918,104,3.1423,-137.9260,85.0903,98.6527,5686.5600,0.0000,0.0000,Pass
W6,4918,105,3.4429,-137.9250,85.4444,98.1896,5733.9900,0.0000,0.0000,Pass
W6,4918,106,3.5939,-137.9250,85.7971,98.3856,5781.4200,0.0000,0.0000,Pass
W6,4918,115,1.0390,-138.0820,85.2498,97.4503,5707.9000,0.0000,0.0000,Pass
W6,4918,116,1.1890,-138.0820,85.0414,96.7948,5680.0400,0.0000,0.0000,Pass
W6,4918,117,1.3391,-138.0820,85.2631,98.1275,5709.6800,0.0000,0.0000,Pass
W6,4918,118,1.4894,-138.0820,85.1656,97.5761,5696.6400,0.0000,0.0000,Pass
W6,4918,119,1.7898,-138.0810,84.8548,99.2446,5655.1300,0.0000,0.0000,Pass
W6,4918,120,1.9399,-138.0800,84.7792,99.4892,5645.0600,0.0000,0.0000,Pass
W6,4918,121,2.3906,-138.0780,85.0947,99.1072,5687.1500,0.0000,0.0000,Pass
W6,4918,122,2.5413,-138.0780,84.5563,98.3541,5615.4100,0.0000,0.0000,Pass
W6,4918,123,2.8420,-138.0770,84.9571,98.2023,5668.7700,0.0000,0.0000,Pass
W6,4918,124,2.9923,-138.0770,84.8326,98.7950,5652.1700,0.0000,0.0000,Pass
W6,4918,125,3.1427,-138.0760,85.1346,98.5504,5692.4900,0.0000,0.0000,Pass
W6,4918,129,1.6392,-138.0810,84.8949,98.6626,5660.4700,0.0000,0.0000,Pass
W6,4918,130,2.0906,-138.0800,84.6812,99.5985,5632.0100,0.0000,0.0000,Pass
W6,4918,131,2.2407,-138.0790,85.0015,99.4270,5674.7000,0.0000,0.0000,Pass
W6,4918,132,2.6916,-138.0780,85.1435,99.3000,5693.6700,0.0000,0.0000,Pass
W6,4918,133,3.2930,-138.0750,85.5062,98.4793,5742.2900,0.0000,0.0000,Pass
W6,4918,134,3.4436,-138.0750,85.4621,98.2115,5736.3600,0.0000,0.0000,Pass
W6,4918,135,3.5942,-138.0750,85.6209,98.0696,5757.7100,0.0000,0.0000,Pass
W6,4918,159,1.4169,-138.4900,85.2764,99.5913,5711.4600,0.0000,0.0000,Pass
W6,4918,160,2.4059,-138.4870,85.2099,99.6869,5702.5700,0.0000,0.0000,Pass
W6,4918,161,2.9015,-138.4850,85.6606,99.0864,5763.0400,0.0000,0.0000,Pass
W6,4918,162,1.5819,-138.4900,85.3781,99.1186,5725.1000,0.0000,0.0000,Pass
W6,4918,163,1.7468,-138.4890,85.2188,98.9174,5703.7500,0.0000,0.0000,Pass
W6,4918,164,1.9119,-138.4880,85.5724,98.7081,5751.1900,0.0000,0.0000,Pass
W6,4918,165,2.0766,-138.4880,85.5371,99.7077,5746.4400,0.0000,0.0000,Pass
W6,4918,166,2.2412,-138.4880,85.2764,99.5482,5711.4600,0.0000,0.0000,Pass
W6,4918,167,2.5711,-138.4860,84.9615,99.4886,5669.3600,0.0000,0.0000,Pass
W6,4918,168,2.7361,-138.4860,85.4665,99.6452,5736.9600,0.0000,0.0000,Pass
W6,4918,169,3.0665,-138.4850,85.4753,99.1156,5738.1400,0.0000,0.0000,Pass
W6,4918,170,3.2315,-138.4840,85.6650,99.0076,5763.6400,0.0000,0.0000,Pass
W6,4918,171,3.3968,-138.4840,85.7002,99.1721,5768.3800,0.0000,0.0000,Pass
W6,4918,182,1.2526,-138.6560,85.6253,99.0669,5758.3000,0.0000,0.0000,Pass
W6,4918,183,1.4170,-138.6550,85.0858,98.6759,5685.9700,0.0000,0.0000,Pass
W6,4918,184,1.5822,-138.6550,85.2675,99.5397,5710.2700,0.0000,0.0000,Pass
W6,4918,185,1.7471,-138.6550,85.0192,99.0736,5677.0700,0.0000,0.0000,Pass
W6,4918,186,1.9120,-138.6540,85.3737,99.6015,5724.5000,0.0000,0.0000,Pass
W6,4918,187,2.0770,-138.6530,85.1080,98.5214,5688.9300,0.0000,0.0000,Pass
W6,4918,188,2.2420,-138.6530,84.8682,99.7919,5656.9100,0.0000,0.0000,Pass
W6,4918,189,2.4067,-138.6520,85.0370,99.7826,5679.4400,0.0000,0.0000,Pass
W6,4918,190,2.5717,-138.6520,84.6901,99.4370,5633.2000,0.0000,0.0000,Pass
W6,4918,191,2.7370,-138.6510,84.9615,99.6306,5669.3600,0.0000,0.0000,Pass
W6,4918,192,2.9019,-138.6500,85.1435,99.4763,5693.6700,0.0000,0.0000,Pass
W6,4918,193,3.0669,-138.6500,85.2808,99.3183,5712.0500,0.0000,0.0000,Pass
W6,4918,194,3.3974,-138.6490,85.4267,99.1137,5731.6200,0.0000,0.0000,Pass
W6,4918,195,3.2318,-138.6490,85.4090,99.5780,5729.2500,0.0000,0.0000,Pass
W6,4918,206,1.2530,-138.8210,85.1745,99.0690,5697.8200,0.0000,0.0000,Pass
W6,4918,207,1.4177,-138.8200,84.9748,99.5984,5671.1400,0.0000,0.0000,Pass
W6,4918,208,1.5829,-138.8200,85.7443,98.9845,5774.3100,0.0000,0.0000,Pass
W6,4918,209,2.0776,-138.8180,85.0281,99.6776,5678.2600,0.0000,0.0000,Pass
W6,4918,210,2.4069,-138.8160,84.8682,99.4934,5656.9100,0.0000,0.0000,Pass
W6,4918,211,2.9023,-138.8150,85.1435,99.0200,5693.6700,0.0000,0.0000,Pass
W6,4918,212,3.0674,-138.8150,85.0725,99.0303,5684.1900,0.0000,0.0000,Pass
W6,4918,213,3.2325,-138.8140,85.3914,99.6161,5726.8800,0.0000,0.0000,Pass
W6,4918,214,1.7474,-138.8190,85.0503,99.2291,5681.2200,0.0000,0.0000,Pass
W6,4918,215,1.9126,-138.8190,85.1922,99.5710,5700.2000,0.0000,0.0000,Pass
W6,4918,216,2.2425,-138.8180,84.4580,99.6239,5602.3700,0.0000,0.0000,Pass
W6,4918,217,2.5722,-138.8160,84.4669,99.5102,5603.5500,0.0000,0.0000,Pass
W6,4918,218,2.7374,-138.8150,84.8593,99.9365,5655.7300,0.0000,0.0000,Pass
W6,4918,219,3.3977,-138.8140,85.2321,98.6082,5705.5300,0.0000,0.0000,Pass
W6,4918,233,2.5727,-138.9810,84.4938,98.8082,5607.1100,0.0000,0.0000,Pass
W6,4918,239,1.2534,-138.9860,84.7435,96.4324,5640.3100,0.0000,0.0000,Pass
W6,4918,240,1.4180,-138.9850,84.6945,97.4368,5633.7900,0.0000,0.0000,Pass
W6,4918,241,1.5835,-138.9850,85.0548,98.8272,5681.8200,0.0000,0.0000,Pass
W6,4918,242,1.7480,-138.9840,84.6678,97.5580,5630.2300,0.0000,0.0000,Pass
W6,4918,243,1.9132,-138.9840,84.6722,99.3990,5630.8300,0.0000,0.0000,Pass
W6,4918,244,2.0782,-138.9830,84.5205,99.6468,5610.6700,0.0000,0.0000,Pass
W6,4918,245,2.4079,-138.9810,84.1446,98.6407,5560.8600,0.0000,0.0000,Pass
W6,4918,246,2.7373,-138.9810,84.6232,99.1639,5624.3000,0.0000,0.0000,Pass
W6,4918,247,2.9030,-138.9800,84.8370,98.6371,5652.7600,0.0000,0.0000,Pass
W6,4918,248,3.0679,-138.9790,84.7257,98.2185,5637.9400,0.0000,0.0000,Pass
W6,4918,249,3.2331,-138.9790,85.1124,98.5946,5689.5200,0.0000,0.0000,Pass
W6,4918,250,3.3984,-138.9780,84.8014,97.8625,5648.0200,0.0000,0.0000,Pass
W6,4918,251,2.2429,-138.9820,84.2790,98.7509,5578.6500,0.0000,0.0000,Pass
W6,4918,262,1.2542,-139.1500,85.0459,98.9595,5680.6300,0.0000,0.0000,Pass
W6,4918,263,1.5834,-139.1500,85.1124,99.4160,5689.5200,0.0000,0.0000,Pass
W6,4918,264,1.7488,-139.1490,85.2188,99.8390,5703.7500,0.0000,0.0000,Pass
W6,4918,265,1.9135,-139.1480,85.0326,98.5360,5678.8500,0.0000,0.0000,Pass
W6,4918,266,2.0786,-139.1480,85.0725,99.5387,5684.1900,0.0000,0.0000,Pass
W6,4918,267,2.2435,-139.1480,84.9970,99.4647,5674.1100,0.0000,0.0000,Pass
W6,4918,268,2.4083,-139.1460,85.2144,99.8293,5703.1600,0.0000,0.0000,Pass
W6,4918,269,2.7384,-139.1450,84.8103,99.0293,5649.2100,0.0000,0.0000,Pass
W6,4918,270,2.9038,-139.1440,85.5900,99.2787,5753.5600,0.0000,0.0000,Pass
W6,4918,271,3.0684,-139.1440,85.0237,98.9128,5677.6700,0.0000,0.0000,Pass
W6,4918,272,3.2338,-139.1440,85.1745,98.7038,5697.8200,0.0000,0.0000,Pass
W6,4918,273,1.4190,-139.1500,84.8815,99.5031,5658.6900,0.0000,0.0000,Pass
W6,4918,274,2.5734,-139.1460,84.7836,99.5113,5645.6500,0.0000,0.0000,Pass
W6,4918,275,3.3990,-139.1430,85.4179,99.3173,5730.4300,0.0000,0.0000,Pass
W6,4918,286,1.7494,-139.3140,84.9926,99.2713,5673.5100,0.0000,0.0000,Pass
W6,4918,287,2.4089,-139.3110,85.3029,99.8489,5715.0200,0.0000,0.0000,Pass
W6,4918,288,2.7389,-139.3100,85.4090,98.9894,5729.2500,0.0000,0.0000,Pass
W6,4918,289,1.2547,-139.3160,85.3648,98.7816,5723.3200,0.0000,0.0000,Pass
W6,4918,290,1.4197,-139.3150,85.0459,99.6552,5680.6300,0.0000,0.0000,Pass
W6,4918,291,1.5841,-139.3140,85.2985,99.5836,5714.4300,0.0000,0.0000,Pass
W6,4918,292,1.9141,-139.3140,85.1302,99.8013,5691.9000,0.0000,0.0000,Pass
W6,4918,293,2.0789,-139.3130,85.0104,99.7909,5675.8900,0.0000,0.0000,Pass
W6,4918,294,2.2441,-139.3120,85.2808,99.6415,5712.0500,0.0000,0.0000,Pass
W6,4918,295,2.5736,-139.3110,84.8993,98.9690,5661.0600,0.0000,0.0000,Pass
W6,4918,296,2.9046,-139.3100,85.6430,97.0026,5760.6700,0.0000,0.0000,Pass
W6,4918,297,3.0693,-139.3090,85.4974,98.8375,5741.1100,0.0000,0.0000,Pass
W6,4918,298,3.2345,-139.3090,85.3825,98.8002,5725.6900,0.0000,0.0000,Pass
W6,4918,299,3.3996,-139.3080,85.5503,98.6709,5748.2200,0.0000,0.0000,Pass
W6,4918,310,1.2550,-139.4810,85.2719,98.4948,5710.8700,0.0000,0.0000,Pass
W6,4918,311,1.4198,-139.4800,85.3339,99.4274,5719.1700,0.0000,0.0000,Pass
W6,4918,312,1.5847,-139.4790,84.8459,99.3911,5653.9500,0.0000,0.0000,Pass
W6,4918,313,1.7498,-139.4790,84.7391,98.5814,5639.7200,0.0000,0.0000,Pass
W6,4918,314,1.9146,-139.4790,85.6430,99.2705,5760.6700,0.0000,0.0000,Pass
W6,4918,315,2.0797,-139.4780,85.1257,99.3106,5691.3000,0.0000,0.0000,Pass
W6,4918,316,2.4095,-139.4760,85.2011,98.7538,5701.3800,0.0000,0.0000,Pass
W6,4918,317,2.5744,-139.4760,85.3383,99.6487,5719.7600,0.0000,0.0000,Pass
W6,4918,318,2.7392,-139.4750,85.7134,98.9914,5770.1600,0.0000,0.0000,Pass
W6,4918,319,2.9046,-139.4750,85.5195,99.4995,5744.0700,0.0000,0.0000,Pass
W6,4918,320,3.0698,-139.4740,85.3914,99.2552,5726.8800,0.0000,0.0000,Pass
W6,4918,321,3.2345,-139.4730,85.5989,98.6837,5754.7400,0.0000,0.0000,Pass
W6,4918,322,3.4001,-139.4730,85.6606,97.9102,5763.0400,0.0000,0.0000,Pass
W6,4918,323,2.2449,-139.4770,84.9882,99.0657,5672.9200,0.0000,0.0000,Pass
W6,4918,334,1.2555,-139.6450,85.5680,98.7114,5750.5900,0.0000,0.0000,Pass
W6,4918,335,1.4203,-139.6450,85.2675,98.9071,5710.2700,0.0000,0.0000,Pass
W6,4918,336,1.5850,-139.6450,85.4223,97.8533,5731.0300,0.0000,0.0000,Pass
W6,4918,337,1.7505,-139.6440,85.3472,99.9217,5720.9500,0.0000,0.0000,Pass
W6,4918,338,1.9150,-139.6440,85.2232,99.5010,5704.3500,0.0000,0.0000,Pass
W6,4918,339,2.4102,-139.6410,85.9465,99.2075,5801.5800,0.0000,0.0000,Pass
W6,4918,340,2.5751,-139.6410,85.7134,99.8121,5770.1600,0.0000,0.0000,Pass
W6,4918,341,2.7400,-139.6400,85.9377,99.2593,5800.4000,0.0000,0.0000,Pass
W6,4918,342,2.9051,-139.6400,85.4930,98.8859,5740.5100,0.0000,0.0000,Pass
W6,4918,343,3.0703,-139.6390,85.5018,98.7885,5741.7000,0.0000,0.0000,Pass
W6,4918,344,3.2353,-139.6390,85.8015,98.6235,5782.0200,0.0000,0.0000,Pass
W6,4918,345,2.0804,-139.6430,85.4621,99.2749,5736.3600,0.0000,0.0000,Pass
W6,4918,346,2.2450,-139.6430,85.5768,99.3485,5751.7800,0.0000,0.0000,Pass
W6,4918,347,3.4006,-139.6380,85.6562,98.7506,5762.4500,0.0000,0.0000,Pass
W6,4918,370,1.0454,-140.0370,85.9202,97.7025,5798.0200,0.0000,0.0000,Pass
W6,4918,371,2.0965,-140.0340,85.5592,98.3209,5749.4100,0.0000,0.0000,Pass
W6,4918,372,2.3976,-140.0320,85.9641,98.2836,5803.9500,0.0000,0.0000,Pass
W6,4918,373,2.5474,-140.0320,85.5371,99.4438,5746.4400,0.0000,0.0000,Pass
W6,4918,374,2.9990,-140.0300,85.6385,97.7614,5760.0800,0.0000,0.0000,Pass
W6,4918,378,1.1951,-140.0370,85.9729,97.6219,5805.1400,0.0000,0.0000,Pass
W6,4918,379,1.3453,-140.0360,85.8323,97.8914,5786.1700,0.0000,0.0000,Pass
W6,4918,380,1.4956,-140.0360,85.3295,97.5401,5718.5800,0.0000,0.0000,Pass
W6,4918,381,1.6459,-140.0350,85.6826,98.8080,5766.0100,0.0000,0.0000,Pass
W6,4918,382,1.7962,-140.0350,85.8235,98.2210,5784.9800,0.0000,0.0000,Pass
W6,4918,383,1.9464,-140.0340,85.3869,98.3250,5726.2800,0.0000,0.0000,Pass
W6,4918,384,2.2470,-140.0330,85.8674,98.4133,5790.9100,0.0000,0.0000,Pass
W6,4918,385,2.6982,-140.0310,85.6033,98.4538,5755.3400,0.0000,0.0000,Pass
W6,4918,386,2.8482,-140.0310,85.8191,98.1740,5784.3900,0.0000,0.0000,Pass
W6,4918,387,3.1492,-140.0300,86.0124,98.5860,5810.4800,0.0000,0.0000,Pass
W6,4918,388,3.2997,-140.0290,85.8103,98.6052,5783.2000,0.0000,0.0000,Pass
W6,4918,389,3.4506,-140.0280,85.8323,97.5457,5786.1700,0.0000,0.0000,Pass
W6,4918,390,3.6006,-140.0280,85.9773,97.4102,5805.7300,0.0000,0.0000,Pass
W6,4918,397,1.1954,-140.1870,85.8367,97.2959,5786.7600,0.0000,0.0000,Pass
W6,4918,398,2.8491,-140.1810,85.6562,99.1090,5762.4500,0.0000,0.0000,Pass
W6,4918,403,1.0459,-140.1880,85.5283,97.7395,5745.2600,0.0000,0.0000,Pass
W6,4918,404,1.3456,-140.1870,85.6738,96.7826,5764.8200,0.0000,0.0000,Pass
W6,4918,405,1.4961,-140.1870,85.5856,98.1719,5752.9600,0.0000,0.0000,Pass
W6,4918,406,1.6461,-140.1850,85.4797,98.0260,5738.7300,0.0000,0.0000,Pass
W6,4918,407,1.7967,-140.1860,85.5106,98.5536,5742.8800,0.0000,0.0000,Pass
W6,4918,408,1.9472,-140.1850,85.2631,98.5955,5709.6800,0.0000,0.0000,Pass
W6,4918,409,2.0972,-140.1840,85.3914,97.8056,5726.8800,0.0000,0.0000,Pass
W6,4918,410,2.2480,-140.1840,85.7090,98.8008,5769.5700,0.0000,0.0000,Pass
W6,4918,411,2.3980,-140.1830,85.5415,98.3430,5747.0400,0.0000,0.0000,Pass
W6,4918,412,2.5484,-140.1820,85.5283,98.7047,5745.2600,0.0000,0.0000,Pass
W6,4918,413,2.6985,-140.1820,85.5768,98.0945,5751.7800,0.0000,0.0000,Pass
W6,4918,414,2.9996,-140.1810,85.4179,98.2810,5730.4300,0.0000,0.0000,Pass
W6,4918,415,3.1496,-140.1800,85.5856,97.9174,5752.9600,0.0000,0.0000,Pass
W6,4918,416,3.2996,-140.1800,86.1483,96.8877,5828.8600,0.0000,0.0000,Pass
W6,4918,417,3.4511,-140.1800,85.7046,96.0097,5768.9700,0.0000,0.0000,Pass
W6,4918,419,3.6012,-140.1790,85.8410,97.4863,5787.3500,0.0000,0.0000,Pass
W6,4918,424,2.3984,-140.3330,85.7751,98.1252,5778.4600,0.0000,0.0000,Pass
W6,4918,427,1.1960,-140.3380,85.9026,96.7582,5795.6500,0.0000,0.0000,Pass
W6,4918,428,1.7975,-140.3350,85.6606,97.6144,5763.0400,0.0000,0.0000,Pass
W6,4918,429,2.0978,-140.3350,85.7619,98.7771,5776.6800,0.0000,0.0000,Pass
W6,4918,430,2.5488,-140.3330,85.6077,97.9445,5755.9300,0.0000,0.0000,Pass
W6,4918,431,2.6992,-140.3320,85.7134,98.6006,5770.1600,0.0000,0.0000,Pass
W6,4918,432,2.8496,-140.3320,85.7310,97.8100,5772.5300,0.0000,0.0000,Pass
W6,4918,433,3.0002,-140.3310,85.6033,97.7879,5755.3400,0.0000,0.0000,Pass
W6,4918,434,3.1502,-140.3310,85.6430,97.4244,5760.6700,0.0000,0.0000,Pass
W6,4918,435,3.4516,-140.3300,85.7795,96.6576,5779.0500,0.0000,0.0000,Pass
W6,4918,437,1.0458,-140.3380,85.7971,96.6860,5781.4200,0.0000,0.0000,Pass
W6,4918,438,1.3461,-140.3370,86.0299,97.6737,5812.8500,0.0000,0.0000,Pass
W6,4918,439,1.4964,-140.3360,85.5239,97.6217,5744.6600,0.0000,0.0000,Pass
W6,4918,440,1.6467,-140.3360,85.6782,97.4045,5765.4200,0.0000,0.0000,Pass
W6,4918,441,1.9475,-140.3350,85.4046,97.3554,5728.6500,0.0000,0.0000,Pass
W6,4918,442,2.2482,-140.3340,85.7927,98.4431,5780.8300,0.0000,0.0000,Pass
W6,4918,443,3.3009,-140.3300,86.0124,97.3509,5810.4800,0.0000,0.0000,Pass
W6,4918,444,3.6020,-140.3290,86.3758,97.6505,5859.6900,0.0000,0.0000,Pass
W6,4918,451,1.1961,-140.4880,86.3278,96.4913,5853.1700,0.0000,0.0000,Pass
W6,4918,452,2.6997,-140.4820,85.8630,97.4076,5790.3200,0.0000,0.0000,Pass
W6,4918,457,1.0463,-140.4890,86.4588,96.5281,5870.9500,0.0000,0.0000,Pass
W6,4918,458,1.3465,-140.4880,86.3715,97.1837,5859.0900,0.0000,0.0000,Pass
W6,4918,459,1.4971,-140.4870,85.7399,96.4139,5773.7200,0.0000,0.0000,Pass
W6,4918,460,1.6472,-140.4870,85.5945,97.2799,5754.1500,0.0000,0.0000,Pass
W6,4918,461,1.7978,-140.4860,86.0168,97.8758,5811.0700,0.0000,0.0000,Pass
W6,4918,462,1.9484,-140.4860,85.3206,97.7931,5717.3900,0.0000,0.0000,Pass
W6,4918,463,2.0980,-140.4850,85.7927,97.5159,5780.8300,0.0000,0.0000,Pass
W6,4918,464,2.2488,-140.4840,85.8498,97.9211,5788.5400,0.0000,0.0000,Pass
W6,4918,465,2.3990,-140.4830,85.7178,97.1018,5770.7500,0.0000,0.0000,Pass
W6,4918,466,2.5492,-140.4830,85.7707,97.5493,5777.8700,0.0000,0.0000,Pass
W6,4918,467,2.8499,-140.4820,85.9377,97.8800,5800.4000,0.0000,0.0000,Pass
W6,4918,468,3.0012,-140.4820,85.7355,95.8305,5773.1200,0.0000,0.0000,Pass
W6,4918,469,3.1505,-140.4810,85.5856,97.8225,5752.9600,0.0000,0.0000,Pass
W6,4918,470,3.3014,-140.4810,86.3365,96.6327,5854.3500,0.0000,0.0000,Pass
W6,4918,471,3.4523,-140.4800,86.0431,96.9466,5814.6300,0.0000,0.0000,Pass
W6,4918,474,3.6024,-140.4790,86.2534,96.1105,5843.0900,0.0000,0.0000,Pass
W6,4918,482,1.0470,-140.6390,86.6333,96.4442,5894.6700,0.0000,0.0000,Pass
W6,4918,483,1.1968,-140.6380,86.3977,96.2973,5862.6500,0.0000,0.0000,Pass
W6,4918,484,1.4980,-140.6380,86.2446,96.7337,5841.9000,0.0000,0.0000,Pass
W6,4918,485,2.0990,-140.6350,86.3059,97.2637,5850.2000,0.0000,0.0000,Pass
W6,4918,486,2.2497,-140.6350,86.3715,97.3451,5859.0900,0.0000,0.0000,Pass
W6,4918,487,2.3994,-140.6340,86.3496,97.3472,5856.1300,0.0000,0.0000,Pass
W6,4918,488,2.5499,-140.6330,86.1308,96.8613,5826.4800,0.0000,0.0000,Pass
W6,4918,489,2.7003,-140.6330,86.3190,97.0659,5851.9800,0.0000,0.0000,Pass
W6,4918,490,2.8510,-140.6320,86.4326,96.9782,5867.4000,0.0000,0.0000,Pass
W6,4918,491,3.1512,-140.6310,86.2665,97.0509,5844.8600,0.0000,0.0000,Pass
W6,4918,492,3.3019,-140.6310,86.4064,96.4537,5863.8400,0.0000,0.0000,Pass
W6,4918,493,3.4527,-140.6310,86.2884,96.6797,5847.8300,0.0000,0.0000,Pass
W6,4918,494,1.3475,-140.6380,86.1527,97.2922,5829.4500,0.0000,0.0000,Pass
W6,4918,495,1.6478,-140.6370,86.1089,97.2288,5823.5200,0.0000,0.0000,Pass
W6,4918,496,1.7987,-140.6370,86.2490,96.7494,5842.4900,0.0000,0.0000,Pass
W6,4918,497,1.9486,-140.6360,85.9377,97.0938,5800.4000,0.0000,0.0000,Pass
W6,4918,498,3.0014,-140.6320,86.1176,97.0286,5824.7100,0.0000,0.0000,Pass
W6,4918,499,3.6027,-140.6300,86.6551,94.9028,5897.6300,0.0000,0.0000,Pass
