Test sample,DieID,ID,X position,Y position,Diameter (um),% Roundness,Area,% Overall Void,% Largest Void,Result
D86-18,165,1,-2.1653,143.4180,72.3252,99.7083,4108.3700,0.0000,0.0000,Pass
D86-18,165,2,-1.8647,143.4190,72.7990,99.3484,4162.3700,0.0000,0.0000,Pass
D86-18,165,3,-0.8114,143.4220,72.5625,98.3240,4135.3700,0.0000,0.0000,Pass
D86-18,165,4,-4.1196,143.4120,72.6611,97.5258,4146.6200,0.0000,0.0000,Pass
D86-18,165,5,-3.9692,143.4120,72.0872,98.4122,4081.3700,0.0000,0.0000,Pass
D86-18,165,6,-3.8190,143.4120,72.3846,99.6316,4115.1200,0.0000,0.0000,Pass
D86-18,165,7,-3.6691,143.4120,71.9878,98.9196,4070.1200,0.0000,0.0000,Pass
D86-18,165,8,-3.5184,143.4130,72.4242,99.1065,4119.6200,0.0000,0.0000,Pass
D86-18,165,9,-3.3683,143.4130,72.3450,98.2088,4110.6200,0.0000,0.0000,Pass
D86-18,165,10,-3.2177,143.4140,71.9082,99.1301,4061.1200,0.0000,0.0000,Pass
D86-18,165,11,-3.0678,143.4140,71.7287,98.7139,4040.8700,0.0000,0.0000,Pass
D86-18,165,12,-2.9170,143.4140,71.2478,98.3001,3986.8800,0.0000,0.0000,Pass
D86-18,165,13,-2.7669,143.4150,72.1666,98.6737,4090.3700,0.0000,0.0000,Pass
D86-18,165,14,-2.6164,143.4150,71.9082,99.3516,4061.1200,0.0000,0.0000,Pass
D86-18,165,15,-2.4654,143.4160,71.7087,98.3423,4038.6200,0.0000,0.0000,Pass
D86-18,165,16,-2.3161,143.4160,72.3252,98.7726,4108.3700,0.0000,0.0000,Pass
D86-18,165,17,-2.0155,143.4180,72.0475,98.3827,4076.8700,0.0000,0.0000,Pass
D86-18,165,18,-1.7144,143.4190,72.6020,98.6228,4139.8700,0.0000,0.0000,Pass
D86-18,165,19,-1.5640,143.4200,71.9281,98.0126,4063.3700,0.0000,0.0000,Pass
D86-18,165,20,-1.4135,143.4200,72.5033,98.7967,4128.6200,0.0000,0.0000,Pass
D86-18,165,21,-1.2630,143.4200,72.3054,99.9047,4106.1200,0.0000,0.0000,Pass
D86-18,165,22,-1.1128,143.4210,72.6020,98.6476,4139.8700,0.0000,0.0000,Pass
D86-18,165,23,-0.9623,143.4210,72.7399,99.4140,4155.6200,0.0000,0.0000,Pass
D86-18,165,24,-0.6608,143.4220,72.6020,97.6735,4139.8700,0.0000,0.0000,Pass
D86-18,165,25,-0.5102,143.4230,72.9759,97.9200,4182.6200,0.0000,0.0000,Pass
D86-18,165,26,-0.3590,143.4230,73.4454,99.7859,4236.6200,0.0000,0.0000,Pass
D86-18,165,27,-4.2697,143.2600,72.2856,97.1522,4103.8700,0.0000,0.0000,Pass
D86-18,165,28,-4.1191,143.2600,72.3846,98.3253,4115.1200,0.0000,0.0000,Pass
D86-18,165,29,-3.9694,143.2610,71.5087,98.4449,4016.1200,0.0000,0.0000,Pass
D86-18,165,30,-3.8183,143.2610,71.8882,99.3448,4058.8700,0.0000,0.0000,Pass
D86-18,165,31,-3.3674,143.2630,72.1071,98.7711,4083.6200,0.0000,0.0000,Pass
D86-18,165,32,-2.6155,143.2650,71.3884,98.9003,4002.6300,0.0000,0.0000,Pass
D86-18,165,33,-2.1654,143.2680,71.4686,98.5289,4011.6300,0.0000,0.0000,Pass
D86-18,165,34,-1.8642,143.2680,72.0077,99.0773,4072.3700,0.0000,0.0000,Pass
D86-18,165,35,-1.7142,143.2690,71.6487,99.7106,4031.8700,0.0000,0.0000,Pass
D86-18,165,36,-1.5637,143.2690,72.3450,98.6868,4110.6200,0.0000,0.0000,Pass
D86-18,165,37,-1.1123,143.2710,71.7087,98.2511,4038.6200,0.0000,0.0000,Pass
D86-18,165,38,-0.9614,143.2710,72.3648,99.3408,4112.8700,0.0000,0.0000,Pass
D86-18,165,39,-0.3592,143.2730,73.0151,98.3202,4187.1200,0.0000,0.0000,Pass
D86-18,165,40,-3.6694,143.2620,71.1069,98.2447,3971.1300,0.0000,0.0000,Pass
D86-18,165,41,-3.5184,143.2620,71.7486,98.8991,4043.1200,0.0000,0.0000,Pass
D86-18,165,42,-3.2172,143.2630,71.7486,98.5693,4043.1200,0.0000,0.0000,Pass
D86-18,165,43,-3.0670,143.2630,71.0666,98.3539,3966.6300,0.0000,0.0000,Pass
D86-18,165,44,-2.9164,143.2640,70.8244,99.5979,3939.6300,0.0000,0.0000,Pass
D86-18,165,45,-2.7667,143.2640,71.4886,98.1857,4013.8800,0.0000,0.0000,Pass
D86-18,165,46,-2.4652,143.2650,71.0868,99.0733,3968.8800,0.0000,0.0000,Pass
D86-18,165,47,-2.3152,143.2660,71.4686,98.6648,4011.6300,0.0000,0.0000,Pass
D86-18,165,48,-2.0148,143.2670,71.2076,98.8982,3982.3800,0.0000,0.0000,Pass
D86-18,165,49,-1.4130,143.2700,71.9082,99.0295,4061.1200,0.0000,0.0000,Pass
D86-18,165,50,-1.2618,143.2700,71.9679,99.1222,4067.8700,0.0000,0.0000,Pass
D86-18,165,51,-0.8108,143.2720,71.8085,99.6088,4049.8700,0.0000,0.0000,Pass
D86-18,165,52,-0.6602,143.2720,72.0475,98.7265,4076.8700,0.0000,0.0000,Pass
D86-18,165,53,-0.5098,143.2730,72.5230,98.7457,4130.8700,0.0000,0.0000,Pass
D86-18,165,54,-0.2080,143.2740,73.7374,99.8114,4270.3700,0.0000,0.0000,Pass
D86-18,165,55,-4.2691,143.1090,71.7486,98.3307,4043.1200,0.0000,0.0000,Pass
D86-18,165,56,-4.1179,143.1110,71.5487,97.6842,4020.6200,0.0000,0.0000,Pass
D86-18,165,57,-3.9691,143.1110,71.0666,98.1330,3966.6300,0.0000,0.0000,Pass
D86-18,165,58,-3.8181,143.1120,71.0465,99.0462,3964.3800,0.0000,0.0000,Pass
D86-18,165,59,-3.6685,143.1110,71.2679,99.3101,3989.1300,0.0000,0.0000,Pass
D86-18,165,60,-3.5178,143.1110,71.2679,98.1948,3989.1300,0.0000,0.0000,Pass
D86-18,165,61,-3.3678,143.1120,71.2277,98.6934,3984.6300,0.0000,0.0000,Pass
D86-18,165,62,-3.0670,143.1130,70.3984,98.7928,3892.3800,0.0000,0.0000,Pass
D86-18,165,63,-2.9166,143.1130,70.9860,99.2669,3957.6300,0.0000,0.0000,Pass
D86-18,165,64,-2.7662,143.1140,70.7232,98.6878,3928.3800,0.0000,0.0000,Pass
D86-18,165,65,-2.3149,143.1150,71.2679,98.1000,3989.1300,0.0000,0.0000,Pass
D86-18,165,66,-2.1647,143.1170,71.1875,99.1213,3980.1300,0.0000,0.0000,Pass
D86-18,165,67,-2.0138,143.1170,71.5887,98.9858,4025.1200,0.0000,0.0000,Pass
D86-18,165,68,-1.8640,143.1180,71.6887,99.0266,4036.3700,0.0000,0.0000,Pass
D86-18,165,69,-1.7140,143.1180,71.6287,98.6361,4029.6200,0.0000,0.0000,Pass
D86-18,165,70,-1.5629,143.1190,71.7686,99.1703,4045.3700,0.0000,0.0000,Pass
D86-18,165,71,-1.4119,143.1190,71.6487,99.0252,4031.8700,0.0000,0.0000,Pass
D86-18,165,72,-0.9615,143.1200,71.3482,98.3047,3998.1300,0.0000,0.0000,Pass
D86-18,165,73,-0.8108,143.1210,71.6287,99.7270,4029.6200,0.0000,0.0000,Pass
D86-18,165,74,-0.6604,143.1220,71.4686,99.1671,4011.6300,0.0000,0.0000,Pass
D86-18,165,75,-0.5098,143.1220,72.4637,99.5766,4124.1200,0.0000,0.0000,Pass
D86-18,165,76,-0.3589,143.1220,72.6611,98.8464,4146.6200,0.0000,0.0000,Pass
D86-18,165,77,-3.2169,143.1130,70.7029,98.0231,3926.1300,0.0000,0.0000,Pass
D86-18,165,78,-2.6153,143.1150,71.3282,98.5710,3995.8800,0.0000,0.0000,Pass
D86-18,165,79,-2.4649,143.1150,71.5487,98.9830,4020.6200,0.0000,0.0000,Pass
D86-18,165,80,-1.2615,143.1200,71.3081,99.3669,3993.6300,0.0000,0.0000,Pass
D86-18,165,81,-1.1115,143.1200,72.1269,99.2493,4085.8700,0.0000,0.0000,Pass
D86-18,165,82,-0.2081,143.1230,72.5822,98.4671,4137.6200,0.0000,0.0000,Pass
D86-18,165,83,-4.2683,142.9590,71.2076,98.9749,3982.3800,0.0000,0.0000,Pass
D86-18,165,84,-3.9676,142.9600,70.2354,98.8463,3874.3800,0.0000,0.0000,Pass
D86-18,165,85,-1.2621,142.9690,71.5687,97.6568,4022.8700,0.0000,0.0000,Pass
D86-18,165,86,-0.3585,142.9720,71.9878,98.7326,4070.1200,0.0000,0.0000,Pass
D86-18,165,87,-4.1184,142.9590,70.3984,99.0008,3892.3800,0.0000,0.0000,Pass
D86-18,165,88,-3.8173,142.9610,70.3169,97.2281,3883.3800,0.0000,0.0000,Pass
D86-18,165,89,-3.6679,142.9610,70.0925,98.3897,3858.6300,0.0000,0.0000,Pass
D86-18,165,90,-3.5172,142.9610,70.4797,98.0662,3901.3800,0.0000,0.0000,Pass
D86-18,165,91,-3.3672,142.9620,71.5087,98.4363,4016.1200,0.0000,0.0000,Pass
D86-18,165,92,-3.2161,142.9620,70.5000,99.0020,3903.6300,0.0000,0.0000,Pass
D86-18,165,93,-3.0660,142.9620,70.3373,98.4985,3885.6300,0.0000,0.0000,Pass
D86-18,165,94,-2.9159,142.9630,71.1875,98.3496,3980.1300,0.0000,0.0000,Pass
D86-18,165,95,-2.7650,142.9630,71.7486,97.9923,4043.1200,0.0000,0.0000,Pass
D86-18,165,96,-2.6150,142.9640,71.4886,99.2860,4013.8800,0.0000,0.0000,Pass
D86-18,165,97,-2.4645,142.9640,71.4285,98.4527,4007.1300,0.0000,0.0000,Pass
D86-18,165,98,-2.3148,142.9650,71.4084,99.6740,4004.8800,0.0000,0.0000,Pass
D86-18,165,99,-2.1644,142.9660,71.5487,98.8849,4020.6200,0.0000,0.0000,Pass
D86-18,165,100,-2.0142,142.9670,71.6287,97.9429,4029.6200,0.0000,0.0000,Pass
D86-18,165,101,-1.8635,142.9680,71.6887,99.1266,4036.3700,0.0000,0.0000,Pass
D86-18,165,102,-1.7130,142.9680,72.0077,98.7308,4072.3700,0.0000,0.0000,Pass
D86-18,165,103,-1.5631,142.9680,71.5487,99.4130,4020.6200,0.0000,0.0000,Pass
D86-18,165,104,-1.4116,142.9690,71.9281,98.1842,4063.3700,0.0000,0.0000,Pass
D86-18,165,105,-1.1121,142.9700,71.8882,98.9429,4058.8700,0.0000,0.0000,Pass
D86-18,165,106,-0.9612,142.9700,71.2679,98.2753,3989.1300,0.0000,0.0000,Pass
D86-18,165,107,-0.8099,142.9710,70.8244,98.3545,3939.6300,0.0000,0.0000,Pass
D86-18,165,108,-0.6597,142.9710,71.0061,99.3707,3959.8800,0.0000,0.0000,Pass
D86-18,165,109,-0.5090,142.9720,71.5487,98.9954,4020.6200,0.0000,0.0000,Pass
D86-18,165,110,-0.2080,142.9730,72.5033,98.7113,4128.6200,0.0000,0.0000,Pass
D86-18,165,111,-4.2685,142.8090,70.7839,97.7450,3935.1300,0.0000,0.0000,Pass
D86-18,165,112,-4.1175,142.8090,70.6624,98.4228,3921.6300,0.0000,0.0000,Pass
D86-18,165,113,-3.9680,142.8090,70.6218,98.1660,3917.1300,0.0000,0.0000,Pass
D86-18,165,114,-3.8166,142.8100,70.5000,98.5628,3903.6300,0.0000,0.0000,Pass
D86-18,165,115,-3.5164,142.8110,70.9658,99.8357,3955.3800,0.0000,0.0000,Pass
D86-18,165,116,-3.3667,142.8110,71.4886,99.2329,4013.8800,0.0000,0.0000,Pass
D86-18,165,117,-3.2159,142.8120,71.7486,98.7936,4043.1200,0.0000,0.0000,Pass
D86-18,165,118,-3.0655,142.8120,71.1673,98.8273,3977.8800,0.0000,0.0000,Pass
D86-18,165,119,-2.7651,142.8130,72.1071,98.7589,4083.6200,0.0000,0.0000,Pass
D86-18,165,120,-2.6145,142.8140,71.9679,99.8525,4067.8700,0.0000,0.0000,Pass
D86-18,165,121,-2.1639,142.8160,72.0673,98.2286,4079.1200,0.0000,0.0000,Pass
D86-18,165,122,-2.0133,142.8160,72.0673,97.5501,4079.1200,0.0000,0.0000,Pass
D86-18,165,123,-1.7129,142.8170,72.4637,99.2865,4124.1200,0.0000,0.0000,Pass
D86-18,165,124,-1.5621,142.8180,72.1865,99.0775,4092.6200,0.0000,0.0000,Pass
D86-18,165,125,-1.4116,142.8190,72.0475,98.9179,4076.8700,0.0000,0.0000,Pass
D86-18,165,126,-0.8099,142.8200,71.0868,98.2799,3968.8800,0.0000,0.0000,Pass
D86-18,165,127,-0.6596,142.8200,70.9254,98.0160,3950.8800,0.0000,0.0000,Pass
D86-18,165,128,-3.6673,142.8100,70.1946,98.0774,3869.8800,0.0000,0.0000,Pass
D86-18,165,129,-2.9154,142.8120,71.3482,99.1011,3998.1300,0.0000,0.0000,Pass
D86-18,165,130,-2.4642,142.8140,71.9679,98.8404,4067.8700,0.0000,0.0000,Pass
D86-18,165,131,-2.3138,142.8140,72.1666,99.0333,4090.3700,0.0000,0.0000,Pass
D86-18,165,132,-1.8628,142.8170,72.2063,99.2153,4094.8700,0.0000,0.0000,Pass
D86-18,165,133,-1.2613,142.8180,72.2658,99.4819,4101.6200,0.0000,0.0000,Pass
D86-18,165,134,-1.1107,142.8190,72.3648,99.1429,4112.8700,0.0000,0.0000,Pass
D86-18,165,135,-0.9603,142.8200,71.7686,99.3300,4045.3700,0.0000,0.0000,Pass
D86-18,165,136,-0.5088,142.8210,71.4485,98.8460,4009.3800,0.0000,0.0000,Pass
D86-18,165,137,-0.3585,142.8220,71.3482,98.0898,3998.1300,0.0000,0.0000,Pass
D86-18,165,138,-0.2075,142.8230,72.4637,99.9439,4124.1200,0.0000,0.0000,Pass
D86-18,165,139,-4.1172,142.6590,70.1946,99.4864,3869.8800,0.0000,0.0000,Pass
D86-18,165,140,-4.2676,142.6590,70.1538,98.9781,3865.3800,0.0000,0.0000,Pass
D86-18,165,141,-3.9668,142.6590,70.1334,98.4410,3863.1300,0.0000,0.0000,Pass
D86-18,165,142,-3.8168,142.6600,70.3169,97.3893,3883.3800,0.0000,0.0000,Pass
D86-18,165,143,-3.6666,142.6600,70.1334,98.8320,3863.1300,0.0000,0.0000,Pass
D86-18,165,144,-0.8093,142.6700,70.6218,99.2230,3917.1300,0.0000,0.0000,Pass
D86-18,165,145,-0.5081,142.6710,70.6624,99.6860,3921.6300,0.0000,0.0000,Pass
D86-18,165,146,-0.2073,142.6710,71.6087,98.9186,4027.3700,0.0000,0.0000,Pass
D86-18,165,147,-0.6587,142.6700,70.9456,99.2088,3953.1300,0.0000,0.0000,Pass
D86-18,165,148,-0.3574,142.6710,71.4686,98.2416,4011.6300,0.0000,0.0000,Pass
D86-18,165,149,-4.2670,142.5080,70.5203,99.1373,3905.8800,0.0000,0.0000,Pass
D86-18,165,150,-4.1168,142.5080,70.1946,98.9798,3869.8800,0.0000,0.0000,Pass
D86-18,165,151,-3.9666,142.5090,69.8469,98.0633,3831.6300,0.0000,0.0000,Pass
D86-18,165,152,-3.8162,142.5090,69.6209,98.0457,3806.8800,0.0000,0.0000,Pass
D86-18,165,153,-3.6661,142.5100,70.3373,99.2187,3885.6300,0.0000,0.0000,Pass
D86-18,165,154,-0.8087,142.5190,71.1271,99.7555,3973.3800,0.0000,0.0000,Pass
D86-18,165,155,-0.6582,142.5190,70.4187,98.5947,3894.6300,0.0000,0.0000,Pass
D86-18,165,156,-0.5073,142.5200,70.9658,97.5530,3955.3800,0.0000,0.0000,Pass
D86-18,165,157,-0.2066,142.5210,71.2478,99.2841,3986.8800,0.0000,0.0000,Pass
D86-18,165,158,-0.3569,142.5210,71.0061,99.0584,3959.8800,0.0000,0.0000,Pass
D86-18,165,159,-3.1382,142.4030,71.2679,99.2401,3989.1300,0.0000,0.0000,Pass
D86-18,165,160,-2.1486,142.4070,71.2880,99.0075,3991.3800,0.0000,0.0000,Pass
D86-18,165,161,-1.6529,142.4090,71.8085,98.4770,4049.8700,0.0000,0.0000,Pass
D86-18,165,162,-2.9729,142.4040,71.3081,99.3408,3993.6300,0.0000,0.0000,Pass
D86-18,165,163,-2.8082,142.4040,71.9480,99.5002,4065.6200,0.0000,0.0000,Pass
D86-18,165,164,-2.6431,142.4050,71.5087,99.7209,4016.1200,0.0000,0.0000,Pass
D86-18,165,165,-2.4782,142.4050,71.1271,99.1933,3973.3800,0.0000,0.0000,Pass
D86-18,165,166,-2.3133,142.4060,70.9254,98.5893,3950.8800,0.0000,0.0000,Pass
D86-18,165,167,-1.9834,142.4080,71.1271,98.7750,3973.3800,0.0000,0.0000,Pass
D86-18,165,168,-1.8183,142.4080,71.7287,99.3345,4040.8700,0.0000,0.0000,Pass
D86-18,165,169,-1.4878,142.4090,71.7486,97.9374,4043.1200,0.0000,0.0000,Pass
D86-18,165,170,-1.3232,142.4100,71.4485,97.9871,4009.3800,0.0000,0.0000,Pass
D86-18,165,171,-1.1575,142.4100,72.5230,98.4613,4130.8700,0.0000,0.0000,Pass
D86-18,165,172,-4.2662,142.3570,70.1742,99.5044,3867.6300,0.0000,0.0000,Pass
D86-18,165,173,-4.1162,142.3580,69.9903,99.6854,3847.3800,0.0000,0.0000,Pass
D86-18,165,174,-3.9653,142.3580,69.5798,98.8364,3802.3800,0.0000,0.0000,Pass
D86-18,165,175,-3.8154,142.3580,69.3736,98.2322,3779.8800,0.0000,0.0000,Pass
D86-18,165,176,-3.6653,142.3600,70.4594,99.0255,3899.1300,0.0000,0.0000,Pass
D86-18,165,177,-0.3567,142.3700,70.8446,98.9010,3941.8800,0.0000,0.0000,Pass
D86-18,165,178,-0.8089,142.3690,70.8648,98.7549,3944.1300,0.0000,0.0000,Pass
D86-18,165,179,-0.6583,142.3700,70.4390,98.8362,3896.8800,0.0000,0.0000,Pass
D86-18,165,180,-0.5077,142.3700,70.6826,98.3531,3923.8800,0.0000,0.0000,Pass
D86-18,165,181,-0.2062,142.3710,71.2277,97.7328,3984.6300,0.0000,0.0000,Pass
D86-18,165,182,-3.3026,142.2380,70.4797,98.4459,3901.3800,0.0000,0.0000,Pass
D86-18,165,183,-3.1378,142.2380,71.1472,98.0330,3975.6300,0.0000,0.0000,Pass
D86-18,165,184,-2.9720,142.2380,70.8446,98.4087,3941.8800,0.0000,0.0000,Pass
D86-18,165,185,-2.8072,142.2390,71.3884,98.1880,4002.6300,0.0000,0.0000,Pass
D86-18,165,186,-2.6423,142.2400,70.6218,97.7333,3917.1300,0.0000,0.0000,Pass
D86-18,165,187,-2.4776,142.2400,70.7637,98.6639,3932.8800,0.0000,0.0000,Pass
D86-18,165,188,-2.3127,142.2410,70.8648,99.2026,3944.1300,0.0000,0.0000,Pass
D86-18,165,189,-2.1474,142.2420,70.9254,99.9245,3950.8800,0.0000,0.0000,Pass
D86-18,165,190,-1.9834,142.2420,70.2150,99.4670,3872.1300,0.0000,0.0000,Pass
D86-18,165,191,-1.8181,142.2430,71.1875,98.3195,3980.1300,0.0000,0.0000,Pass
D86-18,165,192,-1.6523,142.2440,71.2076,99.0428,3982.3800,0.0000,0.0000,Pass
D86-18,165,193,-1.4868,142.2450,71.4886,98.5758,4013.8800,0.0000,0.0000,Pass
D86-18,165,194,-1.1570,142.2450,71.6287,98.9286,4029.6200,0.0000,0.0000,Pass
D86-18,165,195,-1.3223,142.2450,71.3482,99.3535,3998.1300,0.0000,0.0000,Pass
D86-18,165,196,-4.2659,142.2070,69.5386,98.5379,3797.8800,0.0000,0.0000,Pass
D86-18,165,197,-4.1152,142.2070,70.1742,99.2562,3867.6300,0.0000,0.0000,Pass
D86-18,165,198,-3.9652,142.2080,69.7648,98.8011,3822.6300,0.0000,0.0000,Pass
D86-18,165,199,-3.8151,142.2090,69.4561,98.5291,3788.8800,0.0000,0.0000,Pass
D86-18,165,200,-3.6648,142.2090,69.8674,99.5436,3833.8800,0.0000,0.0000,Pass
D86-18,165,201,-0.8079,142.2180,70.9456,98.6512,3953.1300,0.0000,0.0000,Pass
D86-18,165,202,-0.6579,142.2190,70.5000,98.5014,3903.6300,0.0000,0.0000,Pass
D86-18,165,203,-0.5063,142.2190,70.3169,98.6452,3883.3800,0.0000,0.0000,Pass
D86-18,165,204,-0.3566,142.2200,70.9456,99.6317,3953.1300,0.0000,0.0000,Pass
D86-18,165,205,-0.2053,142.2210,70.6218,98.9314,3917.1300,0.0000,0.0000,Pass
D86-18,165,206,-3.3023,142.0730,70.7232,98.8951,3928.3800,0.0000,0.0000,Pass
D86-18,165,207,-3.1374,142.0730,70.7434,99.0371,3930.6300,0.0000,0.0000,Pass
D86-18,165,208,-2.9716,142.0730,70.5203,97.6782,3905.8800,0.0000,0.0000,Pass
D86-18,165,209,-2.4764,142.0750,70.0107,98.8340,3849.6300,0.0000,0.0000,Pass
D86-18,165,210,-2.1477,142.0770,69.7032,98.9433,3815.8800,0.0000,0.0000,Pass
D86-18,165,211,-1.6522,142.0790,70.6218,97.2251,3917.1300,0.0000,0.0000,Pass
D86-18,165,212,-1.4866,142.0790,71.0666,98.8501,3966.6300,0.0000,0.0000,Pass
D86-18,165,213,-1.3219,142.0800,71.0061,98.4578,3959.8800,0.0000,0.0000,Pass
D86-18,165,214,-2.8069,142.0740,70.6826,98.6440,3923.8800,0.0000,0.0000,Pass
D86-18,165,215,-2.6422,142.0740,70.4390,99.3119,3896.8800,0.0000,0.0000,Pass
D86-18,165,216,-2.3121,142.0750,69.7032,98.1156,3815.8800,0.0000,0.0000,Pass
D86-18,165,217,-1.9824,142.0770,69.6620,99.6559,3811.3800,0.0000,0.0000,Pass
D86-18,165,218,-1.8171,142.0780,70.6015,98.7518,3914.8800,0.0000,0.0000,Pass
D86-18,165,219,-1.1567,142.0800,71.3884,99.7942,4002.6300,0.0000,0.0000,Pass
D86-18,165,220,-4.2645,142.0560,69.8879,99.5987,3836.1300,0.0000,0.0000,Pass
D86-18,165,221,-4.1150,142.0570,69.9288,99.4705,3840.6300,0.0000,0.0000,Pass
D86-18,165,222,-3.9651,142.0570,69.4561,99.4009,3788.8800,0.0000,0.0000,Pass
D86-18,165,223,-3.8150,142.0580,69.0632,99.4883,3746.1300,0.0000,0.0000,Pass
D86-18,165,224,-3.6644,142.0580,69.8469,98.3784,3831.6300,0.0000,0.0000,Pass
D86-18,165,225,-0.8074,142.0690,70.8446,97.8502,3941.8800,0.0000,0.0000,Pass
D86-18,165,226,-0.6572,142.0690,70.5813,99.6996,3912.6300,0.0000,0.0000,Pass
D86-18,165,227,-0.5065,142.0690,69.8674,98.7392,3833.8800,0.0000,0.0000,Pass
D86-18,165,228,-0.3559,142.0690,70.5000,99.2067,3903.6300,0.0000,0.0000,Pass
D86-18,165,229,-0.2053,142.0700,70.9860,98.7501,3957.6300,0.0000,0.0000,Pass
D86-18,165,230,-4.2640,141.9070,69.5180,99.1556,3795.6300,0.0000,0.0000,Pass
D86-18,165,231,-3.8143,141.9070,69.1668,99.2117,3757.3800,0.0000,0.0000,Pass
D86-18,165,232,-3.6638,141.9080,69.9084,99.4204,3838.3800,0.0000,0.0000,Pass
D86-18,165,233,-1.9819,141.9120,69.0839,99.6650,3748.3800,0.0000,0.0000,Pass
D86-18,165,234,-0.8072,141.9180,70.4797,99.0858,3901.3800,0.0000,0.0000,Pass
D86-18,165,235,-0.6575,141.9180,70.4390,99.2638,3896.8800,0.0000,0.0000,Pass
D86-18,165,236,-0.5062,141.9190,70.2354,99.4191,3874.3800,0.0000,0.0000,Pass
D86-18,165,237,-0.3559,141.9190,70.5813,99.2356,3912.6300,0.0000,0.0000,Pass
D86-18,165,238,-0.2045,141.9200,70.6826,98.9372,3923.8800,0.0000,0.0000,Pass
D86-18,165,239,-3.3017,141.9070,70.2150,98.7747,3872.1300,0.0000,0.0000,Pass
D86-18,165,240,-3.1357,141.9070,70.1946,97.6097,3869.8800,0.0000,0.0000,Pass
D86-18,165,241,-2.9719,141.9090,70.6218,99.2311,3917.1300,0.0000,0.0000,Pass
D86-18,165,242,-2.8062,141.9080,70.0107,99.0880,3849.6300,0.0000,0.0000,Pass
D86-18,165,243,-2.6414,141.9090,69.7853,99.0996,3824.8800,0.0000,0.0000,Pass
D86-18,165,244,-2.4768,141.9100,69.4355,99.5438,3786.6300,0.0000,0.0000,Pass
D86-18,165,245,-2.1461,141.9120,69.3116,97.5664,3773.1300,0.0000,0.0000,Pass
D86-18,165,246,-1.8172,141.9140,69.7648,99.2701,3822.6300,0.0000,0.0000,Pass
D86-18,165,247,-1.6519,141.9130,69.8879,97.9005,3836.1300,0.0000,0.0000,Pass
D86-18,165,248,-1.4870,141.9150,70.1742,99.1455,3867.6300,0.0000,0.0000,Pass
D86-18,165,249,-1.3214,141.9150,70.2354,98.7571,3874.3800,0.0000,0.0000,Pass
D86-18,165,250,-1.1563,141.9150,71.9082,99.2838,4061.1200,0.0000,0.0000,Pass
D86-18,165,251,-2.3114,141.9110,69.5592,98.6537,3800.1300,0.0000,0.0000,Pass
D86-18,165,252,-4.2646,141.7560,69.3736,98.8274,3779.8800,0.0000,0.0000,Pass
D86-18,165,253,-4.1139,141.7560,68.8763,98.6129,3725.8800,0.0000,0.0000,Pass
D86-18,165,254,-3.9642,141.7560,69.0217,99.3278,3741.6300,0.0000,0.0000,Pass
D86-18,165,255,-3.8131,141.7570,68.5427,98.0490,3689.8900,0.0000,0.0000,Pass
D86-18,165,256,-3.6637,141.7570,69.7237,99.1082,3818.1300,0.0000,0.0000,Pass
D86-18,165,257,-0.8067,141.7670,69.9288,98.8482,3840.6300,0.0000,0.0000,Pass
D86-18,165,258,-0.6564,141.7680,70.2354,99.1305,3874.3800,0.0000,0.0000,Pass
D86-18,165,259,-0.3550,141.7690,70.0925,99.3327,3858.6300,0.0000,0.0000,Pass
D86-18,165,260,-0.5054,141.7690,70.6015,99.0084,3914.8800,0.0000,0.0000,Pass
D86-18,165,261,-0.2042,141.7700,70.4390,99.6006,3896.8800,0.0000,0.0000,Pass
D86-18,165,262,-3.3009,141.7420,70.6218,99.0944,3917.1300,0.0000,0.0000,Pass
D86-18,165,263,-2.9712,141.7430,69.9084,98.7206,3838.3800,0.0000,0.0000,Pass
D86-18,165,264,-2.8057,141.7430,70.2966,98.6141,3881.1300,0.0000,0.0000,Pass
D86-18,165,265,-2.6412,141.7440,69.2910,98.5168,3770.8800,0.0000,0.0000,Pass
D86-18,165,266,-2.4763,141.7450,69.1254,98.9768,3752.8800,0.0000,0.0000,Pass
D86-18,165,267,-2.3106,141.7450,68.6889,99.1447,3705.6300,0.0000,0.0000,Pass
D86-18,165,268,-2.1461,141.7470,68.4800,98.5962,3683.1400,0.0000,0.0000,Pass
D86-18,165,269,-1.8163,141.7480,69.0424,98.4680,3743.8800,0.0000,0.0000,Pass
D86-18,165,270,-1.6509,141.7480,69.2703,99.3228,3768.6300,0.0000,0.0000,Pass
D86-18,165,271,-1.4861,141.7490,69.8469,98.3753,3831.6300,0.0000,0.0000,Pass
D86-18,165,272,-1.3208,141.7490,70.5000,99.1823,3903.6300,0.0000,0.0000,Pass
D86-18,165,273,-3.1364,141.7430,70.4187,98.5426,3894.6300,0.0000,0.0000,Pass
D86-18,165,274,-1.9817,141.7470,68.7306,98.9459,3710.1300,0.0000,0.0000,Pass
D86-18,165,275,-1.1561,141.7500,70.6826,98.9582,3923.8800,0.0000,0.0000,Pass
D86-18,165,276,-4.1131,141.6060,67.9129,98.3252,3622.3900,0.0000,0.0000,Pass
D86-18,165,277,-3.9631,141.6060,68.8555,98.1280,3723.6300,0.0000,0.0000,Pass
D86-18,165,278,-4.2634,141.6050,68.7097,99.0525,3707.8800,0.0000,0.0000,Pass
D86-18,165,279,-3.8126,141.6060,68.7306,99.7191,3710.1300,0.0000,0.0000,Pass
D86-18,165,280,-3.6623,141.6070,69.0839,98.8358,3748.3800,0.0000,0.0000,Pass
D86-18,165,281,-0.8060,141.6170,70.1538,98.1444,3865.3800,0.0000,0.0000,Pass
D86-18,165,282,-0.6559,141.6170,69.7237,97.6908,3818.1300,0.0000,0.0000,Pass
D86-18,165,283,-0.5055,141.6180,70.4390,99.6888,3896.8800,0.0000,0.0000,Pass
D86-18,165,284,-0.3543,141.6190,69.6209,99.3032,3806.8800,0.0000,0.0000,Pass
D86-18,165,285,-0.2035,141.6190,70.1538,98.3180,3865.3800,0.0000,0.0000,Pass
D86-18,165,286,-2.8056,141.5790,69.6826,98.2729,3813.6300,0.0000,0.0000,Pass
D86-18,165,287,-2.1456,141.5820,68.2915,99.6022,3662.8900,0.0000,0.0000,Pass
D86-18,165,288,-1.8152,141.5830,69.2703,98.9187,3768.6300,0.0000,0.0000,Pass
D86-18,165,289,-3.3005,141.5780,69.8674,99.5691,3833.8800,0.0000,0.0000,Pass
D86-18,165,290,-3.1356,141.5780,70.1742,99.7507,3867.6300,0.0000,0.0000,Pass
D86-18,165,291,-2.9703,141.5780,70.2150,99.5794,3872.1300,0.0000,0.0000,Pass
D86-18,165,292,-2.6399,141.5790,69.2496,99.6713,3766.3800,0.0000,0.0000,Pass
D86-18,165,293,-2.4762,141.5790,68.8555,98.8591,3723.6300,0.0000,0.0000,Pass
D86-18,165,294,-2.3104,141.5800,68.5845,99.6835,3694.3800,0.0000,0.0000,Pass
D86-18,165,295,-1.9814,141.5830,68.1656,99.7293,3649.3900,0.0000,0.0000,Pass
D86-18,165,296,-1.6506,141.5840,69.5592,99.5304,3800.1300,0.0000,0.0000,Pass
D86-18,165,297,-1.4856,141.5840,70.2966,98.8365,3881.1300,0.0000,0.0000,Pass
D86-18,165,298,-1.3201,141.5840,70.2558,99.5186,3876.6300,0.0000,0.0000,Pass
D86-18,165,299,-1.1549,141.5850,70.9456,99.1938,3953.1300,0.0000,0.0000,Pass
D86-18,165,300,-4.2630,141.4550,68.2915,97.6500,3662.8900,0.0000,0.0000,Pass
D86-18,165,301,-4.1125,141.4560,68.2076,97.7707,3653.8900,0.0000,0.0000,Pass
D86-18,165,302,-3.9627,141.4570,68.2076,97.6407,3653.8900,0.0000,0.0000,Pass
D86-18,165,303,-3.8125,141.4570,68.6471,97.1498,3701.1300,0.0000,0.0000,Pass
D86-18,165,304,-3.6619,141.4570,69.7237,97.9901,3818.1300,0.0000,0.0000,Pass
D86-18,165,305,-0.8058,141.4670,69.2703,97.8017,3768.6300,0.0000,0.0000,Pass
D86-18,165,306,-0.6556,141.4680,69.3116,96.8978,3773.1300,0.0000,0.0000,Pass
D86-18,165,307,-0.5053,141.4690,69.1668,96.5866,3757.3800,0.0000,0.0000,Pass
D86-18,165,308,-0.3539,141.4690,69.2289,97.2386,3764.1300,0.0000,0.0000,Pass
D86-18,165,309,-0.2032,141.4690,69.2289,96.5759,3764.1300,0.0000,0.0000,Pass
D86-18,165,310,-3.3001,141.4130,70.3780,99.0308,3890.1300,0.0000,0.0000,Pass
D86-18,165,311,-3.1349,141.4130,70.5610,99.5832,3910.3800,0.0000,0.0000,Pass
D86-18,165,312,-2.9695,141.4140,70.4797,98.9802,3901.3800,0.0000,0.0000,Pass
D86-18,165,313,-2.8050,141.4140,70.0312,98.0125,3851.8800,0.0000,0.0000,Pass
D86-18,165,314,-2.6395,141.4150,69.1668,99.7320,3757.3800,0.0000,0.0000,Pass
D86-18,165,315,-2.4754,141.4160,68.7931,98.3428,3716.8800,0.0000,0.0000,Pass
D86-18,165,316,-2.1453,141.4180,67.6382,99.0638,3593.1400,0.0000,0.0000,Pass
D86-18,165,317,-1.9804,141.4180,68.1656,98.4808,3649.3900,0.0000,0.0000,Pass
D86-18,165,318,-1.8154,141.4190,69.0009,99.0465,3739.3800,0.0000,0.0000,Pass
D86-18,165,319,-1.6504,141.4190,69.1461,98.4240,3755.1300,0.0000,0.0000,Pass
D86-18,165,320,-1.4846,141.4200,69.6620,98.4336,3811.3800,0.0000,0.0000,Pass
D86-18,165,321,-1.3198,141.4210,69.9288,99.3392,3840.6300,0.0000,0.0000,Pass
D86-18,165,322,-1.1547,141.4210,70.3169,97.7410,3883.3800,0.0000,0.0000,Pass
D86-18,165,323,-2.3095,141.4160,68.7931,98.7096,3716.8800,0.0000,0.0000,Pass
D86-18,165,324,-4.2625,141.3060,68.8555,99.1573,3723.6300,0.0000,0.0000,Pass
D86-18,165,325,-4.1120,141.3060,68.5845,98.8996,3694.3800,0.0000,0.0000,Pass
D86-18,165,326,-3.9621,141.3060,68.3335,99.4643,3667.3900,0.0000,0.0000,Pass
D86-18,165,327,-3.8118,141.3070,68.7306,98.4873,3710.1300,0.0000,0.0000,Pass
D86-18,165,328,-3.6615,141.3070,69.7648,98.9362,3822.6300,0.0000,0.0000,Pass
D86-18,165,329,-0.8052,141.3170,69.9903,99.6689,3847.3800,0.0000,0.0000,Pass
D86-18,165,330,-0.5049,141.3190,69.3736,98.8140,3779.8800,0.0000,0.0000,Pass
D86-18,165,331,-0.3536,141.3200,69.5386,99.3527,3797.8800,0.0000,0.0000,Pass
D86-18,165,332,-0.2032,141.3190,70.0925,98.4137,3858.6300,0.0000,0.0000,Pass
D86-18,165,333,-0.6547,141.3180,69.8879,99.4524,3836.1300,0.0000,0.0000,Pass
D86-18,165,334,-3.2990,141.2490,70.7637,98.8954,3932.8800,0.0000,0.0000,Pass
D86-18,165,335,-3.1343,141.2490,70.7839,98.9799,3935.1300,0.0000,0.0000,Pass
D86-18,165,336,-2.9693,141.2490,70.5813,98.2141,3912.6300,0.0000,0.0000,Pass
D86-18,165,337,-2.8043,141.2490,70.1742,97.9121,3867.6300,0.0000,0.0000,Pass
D86-18,165,338,-2.6391,141.2510,69.6620,98.7641,3811.3800,0.0000,0.0000,Pass
D86-18,165,339,-2.1451,141.2530,68.6889,99.0474,3705.6300,0.0000,0.0000,Pass
D86-18,165,340,-1.9798,141.2540,69.4149,98.5292,3784.3800,0.0000,0.0000,Pass
D86-18,165,341,-1.8146,141.2540,69.5180,99.5716,3795.6300,0.0000,0.0000,Pass
D86-18,165,342,-1.6495,141.2550,69.9493,99.4131,3842.8800,0.0000,0.0000,Pass
D86-18,165,343,-1.4843,141.2550,70.4390,98.3471,3896.8800,0.0000,0.0000,Pass
D86-18,165,344,-1.3193,141.2550,70.0516,98.1488,3854.1300,0.0000,0.0000,Pass
D86-18,165,345,-2.4739,141.2510,69.5592,98.5420,3800.1300,0.0000,0.0000,Pass
D86-18,165,346,-2.3091,141.2510,69.4974,96.8000,3793.3800,0.0000,0.0000,Pass
D86-18,165,347,-1.1542,141.2560,71.3081,99.4290,3993.6300,0.0000,0.0000,Pass
D86-18,165,348,-3.8112,141.1560,68.6680,99.0027,3703.3800,0.0000,0.0000,Pass
D86-18,165,349,-4.2616,141.1550,69.2496,99.1199,3766.3800,0.0000,0.0000,Pass
D86-18,165,350,-4.1114,141.1560,68.5218,97.0825,3687.6400,0.0000,0.0000,Pass
D86-18,165,351,-3.9616,141.1560,68.8555,99.7540,3723.6300,0.0000,0.0000,Pass
D86-18,165,352,-3.6614,141.1570,69.1254,99.7486,3752.8800,0.0000,0.0000,Pass
D86-18,165,353,-0.8052,141.1680,69.9084,99.3289,3838.3800,0.0000,0.0000,Pass
D86-18,165,354,-0.6547,141.1680,69.6415,98.3513,3809.1300,0.0000,0.0000,Pass
D86-18,165,355,-0.5039,141.1680,68.9594,98.2642,3734.8800,0.0000,0.0000,Pass
D86-18,165,356,-0.2030,141.1690,69.5180,99.0151,3795.6300,0.0000,0.0000,Pass
D86-18,165,357,-0.3530,141.1680,69.5180,98.9905,3795.6300,0.0000,0.0000,Pass
D86-18,165,358,-4.1112,141.0050,68.6471,97.6395,3701.1300,0.0000,0.0000,Pass
D86-18,165,359,-4.2617,141.0050,68.9179,98.7161,3730.3800,0.0000,0.0000,Pass
D86-18,165,360,-3.9610,141.0060,68.7931,99.2224,3716.8800,0.0000,0.0000,Pass
D86-18,165,361,-3.8104,141.0060,68.2495,99.9867,3658.3900,0.0000,0.0000,Pass
D86-18,165,362,-3.6601,141.0060,68.8971,99.7119,3728.1300,0.0000,0.0000,Pass
D86-18,165,363,-0.8038,141.0170,69.3529,98.4301,3777.6300,0.0000,0.0000,Pass
D86-18,165,364,-0.6535,141.0170,69.3736,99.4926,3779.8800,0.0000,0.0000,Pass
D86-18,165,365,-0.5037,141.0180,69.2496,99.6898,3766.3800,0.0000,0.0000,Pass
D86-18,165,366,-0.3531,141.0190,69.0632,99.1211,3746.1300,0.0000,0.0000,Pass
D86-18,165,367,-0.2020,141.0190,69.6003,97.8537,3804.6300,0.0000,0.0000,Pass
D86-18,165,368,-4.2603,140.8540,68.8139,99.4857,3719.1300,0.0000,0.0000,Pass
D86-18,165,369,-3.8099,140.8560,68.5636,99.0366,3692.1400,0.0000,0.0000,Pass
D86-18,165,370,-3.5102,140.8570,69.3116,98.6149,3773.1300,0.0000,0.0000,Pass
D86-18,165,371,-2.4584,140.8600,69.8674,98.5200,3833.8800,0.0000,0.0000,Pass
D86-18,165,372,-2.1574,140.8620,68.8139,98.8450,3719.1300,0.0000,0.0000,Pass
D86-18,165,373,-2.0074,140.8620,69.2289,98.1298,3764.1300,0.0000,0.0000,Pass
D86-18,165,374,-1.5567,140.8640,69.9903,98.3146,3847.3800,0.0000,0.0000,Pass
D86-18,165,375,-4.1113,140.8550,68.7514,98.6802,3712.3800,0.0000,0.0000,Pass
D86-18,165,376,-3.9607,140.8560,68.8347,98.2142,3721.3800,0.0000,0.0000,Pass
D86-18,165,377,-3.6596,140.8560,68.6680,99.8067,3703.3800,0.0000,0.0000,Pass
D86-18,165,378,-3.3595,140.8570,69.9698,98.7066,3845.1300,0.0000,0.0000,Pass
D86-18,165,379,-3.2092,140.8570,70.0925,99.7392,3858.6300,0.0000,0.0000,Pass
D86-18,165,380,-3.0594,140.8580,70.0721,98.4945,3856.3800,0.0000,0.0000,Pass
D86-18,165,381,-2.9085,140.8580,70.1334,98.7573,3863.1300,0.0000,0.0000,Pass
D86-18,165,382,-2.7586,140.8590,69.7648,99.3501,3822.6300,0.0000,0.0000,Pass
D86-18,165,383,-2.6078,140.8590,69.6003,99.1039,3804.6300,0.0000,0.0000,Pass
D86-18,165,384,-2.3073,140.8600,69.8263,98.4612,3829.3800,0.0000,0.0000,Pass
D86-18,165,385,-1.8572,140.8630,69.8058,98.3092,3827.1300,0.0000,0.0000,Pass
D86-18,165,386,-1.7067,140.8640,69.6620,99.1869,3811.3800,0.0000,0.0000,Pass
D86-18,165,387,-1.4059,140.8650,69.7853,99.2263,3824.8800,0.0000,0.0000,Pass
D86-18,165,388,-1.2550,140.8650,70.0516,99.8098,3854.1300,0.0000,0.0000,Pass
D86-18,165,389,-1.1049,140.8650,69.9493,98.6181,3842.8800,0.0000,0.0000,Pass
D86-18,165,390,-0.9547,140.8660,70.2966,99.2815,3881.1300,0.0000,0.0000,Pass
D86-18,165,391,-0.8041,140.8670,69.5798,99.1621,3802.3800,0.0000,0.0000,Pass
D86-18,165,392,-0.5036,140.8670,69.0217,98.4244,3741.6300,0.0000,0.0000,Pass
D86-18,165,393,-0.3522,140.8680,69.1461,99.0831,3755.1300,0.0000,0.0000,Pass
D86-18,165,394,-0.6535,140.8680,68.6263,99.4499,3698.8800,0.0000,0.0000,Pass
D86-18,165,395,-0.2028,140.8680,69.6003,99.2381,3804.6300,0.0000,0.0000,Pass
D86-18,165,396,-4.2605,140.7040,69.9288,99.0816,3840.6300,0.0000,0.0000,Pass
D86-18,165,397,-3.3588,140.7060,69.6209,98.3028,3806.8800,0.0000,0.0000,Pass
D86-18,165,398,-1.7063,140.7130,69.2496,99.3473,3766.3800,0.0000,0.0000,Pass
D86-18,165,399,-4.1100,140.7040,69.2082,99.5287,3761.8800,0.0000,0.0000,Pass
D86-18,165,400,-3.9600,140.7050,68.7306,97.7409,3710.1300,0.0000,0.0000,Pass
D86-18,165,401,-3.8094,140.7050,68.5636,98.7932,3692.1400,0.0000,0.0000,Pass
D86-18,165,402,-3.6592,140.7060,67.8707,99.0929,3617.8900,0.0000,0.0000,Pass
D86-18,165,403,-3.5095,140.7060,68.8763,98.0357,3725.8800,0.0000,0.0000,Pass
D86-18,165,404,-3.2086,140.7070,69.4149,99.3549,3784.3800,0.0000,0.0000,Pass
D86-18,165,405,-3.0584,140.7080,69.4974,99.1287,3793.3800,0.0000,0.0000,Pass
D86-18,165,406,-2.9080,140.7080,69.9493,99.2671,3842.8800,0.0000,0.0000,Pass
D86-18,165,407,-2.7581,140.7090,69.9288,99.5430,3840.6300,0.0000,0.0000,Pass
D86-18,165,408,-2.6074,140.7090,69.4149,99.2164,3784.3800,0.0000,0.0000,Pass
D86-18,165,409,-2.4570,140.7100,69.8674,98.6563,3833.8800,0.0000,0.0000,Pass
D86-18,165,410,-2.3068,140.7100,69.6209,99.4609,3806.8800,0.0000,0.0000,Pass
D86-18,165,411,-2.1574,140.7110,68.7931,99.4347,3716.8800,0.0000,0.0000,Pass
D86-18,165,412,-2.0068,140.7120,69.3736,98.0761,3779.8800,0.0000,0.0000,Pass
D86-18,165,413,-1.8566,140.7130,69.5592,99.0319,3800.1300,0.0000,0.0000,Pass
D86-18,165,414,-1.5559,140.7140,69.4355,99.6600,3786.6300,0.0000,0.0000,Pass
D86-18,165,415,-1.4056,140.7140,69.7237,99.0679,3818.1300,0.0000,0.0000,Pass
D86-18,165,416,-1.2547,140.7150,69.7853,98.4273,3824.8800,0.0000,0.0000,Pass
D86-18,165,417,-1.1043,140.7150,69.5592,99.2824,3800.1300,0.0000,0.0000,Pass
D86-18,165,418,-0.8035,140.7160,69.1875,98.7720,3759.6300,0.0000,0.0000,Pass
D86-18,165,419,-0.9538,140.7160,69.1668,99.0006,3757.3800,0.0000,0.0000,Pass
D86-18,165,420,-0.6536,140.7170,69.2289,99.5570,3764.1300,0.0000,0.0000,Pass
D86-18,165,421,-0.5024,140.7170,68.9386,97.8689,3732.6300,0.0000,0.0000,Pass
D86-18,165,422,-0.3515,140.7170,68.8347,97.9822,3721.3800,0.0000,0.0000,Pass
D86-18,165,423,-0.2013,140.7180,69.9288,98.2172,3840.6300,0.0000,0.0000,Pass
D86-18,165,424,-2.1568,140.5620,68.9802,98.3758,3737.1300,0.0000,0.0000,Pass
D86-18,165,425,-4.2601,140.5530,69.2496,97.9092,3766.3800,0.0000,0.0000,Pass
D86-18,165,426,-3.6586,140.5560,69.0217,98.2301,3741.6300,0.0000,0.0000,Pass
D86-18,165,427,-3.3586,140.5570,68.8139,99.1280,3719.1300,0.0000,0.0000,Pass
D86-18,165,428,-2.7575,140.5580,70.2966,98.7432,3881.1300,0.0000,0.0000,Pass
D86-18,165,429,-2.4568,140.5590,69.8879,97.6669,3836.1300,0.0000,0.0000,Pass
D86-18,165,430,-2.0063,140.5620,69.5798,99.0348,3802.3800,0.0000,0.0000,Pass
D86-18,165,431,-1.8559,140.5630,69.5386,98.2878,3797.8800,0.0000,0.0000,Pass
D86-18,165,432,-1.7051,140.5630,69.4561,99.8554,3788.8800,0.0000,0.0000,Pass
D86-18,165,433,-1.5550,140.5640,69.3116,97.8392,3773.1300,0.0000,0.0000,Pass
D86-18,165,434,-1.4047,140.5640,69.4974,98.1153,3793.3800,0.0000,0.0000,Pass
D86-18,165,435,-1.1039,140.5650,69.3942,99.0290,3782.1300,0.0000,0.0000,Pass
D86-18,165,436,-3.8093,140.5550,68.4382,98.9230,3678.6400,0.0000,0.0000,Pass
D86-18,165,437,-3.5092,140.5560,68.4591,99.5238,3680.8900,0.0000,0.0000,Pass
D86-18,165,438,-3.2085,140.5570,69.0839,99.2232,3748.3800,0.0000,0.0000,Pass
D86-18,165,439,-3.0576,140.5570,69.7032,99.0794,3815.8800,0.0000,0.0000,Pass
D86-18,165,440,-2.9079,140.5580,69.3942,99.1541,3782.1300,0.0000,0.0000,Pass
D86-18,165,441,-2.6070,140.5590,69.1047,99.5171,3750.6300,0.0000,0.0000,Pass
D86-18,165,442,-2.3065,140.5600,69.8674,98.6294,3833.8800,0.0000,0.0000,Pass
D86-18,165,443,-1.2541,140.5640,69.7442,99.0958,3820.3800,0.0000,0.0000,Pass
D86-18,165,444,-0.9533,140.5650,69.3116,99.1480,3773.1300,0.0000,0.0000,Pass
D86-18,165,445,-0.8029,140.5660,68.6471,97.8937,3701.1300,0.0000,0.0000,Pass
D86-18,165,446,-0.5023,140.5670,69.3942,99.6114,3782.1300,0.0000,0.0000,Pass
D86-18,165,447,-0.3512,140.5680,69.3736,98.6518,3779.8800,0.0000,0.0000,Pass
D86-18,165,448,-0.2008,140.5680,70.5610,99.4964,3910.3800,0.0000,0.0000,Pass
D86-18,165,449,-0.6524,140.5660,68.6680,99.1268,3703.3800,0.0000,0.0000,Pass
D86-18,165,450,-4.2596,140.4030,69.8263,99.5054,3829.3800,0.0000,0.0000,Pass
D86-18,165,451,-3.3580,140.4060,68.8139,99.8189,3719.1300,0.0000,0.0000,Pass
D86-18,165,452,-1.8544,140.4120,69.4149,99.5285,3784.3800,0.0000,0.0000,Pass
D86-18,165,453,-4.1094,140.4040,68.5845,99.3204,3694.3800,0.0000,0.0000,Pass
D86-18,165,454,-3.9592,140.4040,68.9802,99.1109,3737.1300,0.0000,0.0000,Pass
D86-18,165,455,-3.8083,140.4050,69.0839,99.4532,3748.3800,0.0000,0.0000,Pass
D86-18,165,456,-3.6580,140.4050,69.1875,99.1892,3759.6300,0.0000,0.0000,Pass
D86-18,165,457,-3.5086,140.4060,68.7722,98.2225,3714.6300,0.0000,0.0000,Pass
D86-18,165,458,-3.2079,140.4070,69.1875,99.2832,3759.6300,0.0000,0.0000,Pass
D86-18,165,459,-3.0570,140.4060,69.3942,98.6557,3782.1300,0.0000,0.0000,Pass
D86-18,165,460,-2.9071,140.4070,69.9288,98.9586,3840.6300,0.0000,0.0000,Pass
D86-18,165,461,-2.7569,140.4080,70.3373,99.3583,3885.6300,0.0000,0.0000,Pass
D86-18,165,462,-2.6068,140.4080,70.0721,98.4336,3856.3800,0.0000,0.0000,Pass
D86-18,165,463,-2.4560,140.4090,70.1334,99.0196,3863.1300,0.0000,0.0000,Pass
D86-18,165,464,-2.3060,140.4090,69.8469,98.6062,3831.6300,0.0000,0.0000,Pass
D86-18,165,465,-2.1558,140.4110,69.4355,99.5334,3786.6300,0.0000,0.0000,Pass
D86-18,165,466,-2.0056,140.4120,69.6826,99.4741,3813.6300,0.0000,0.0000,Pass
D86-18,165,467,-1.7056,140.4130,69.5798,98.5447,3802.3800,0.0000,0.0000,Pass
D86-18,165,468,-1.5549,140.4130,69.7648,99.5678,3822.6300,0.0000,0.0000,Pass
D86-18,165,469,-1.4045,140.4140,70.1129,98.4281,3860.8800,0.0000,0.0000,Pass
D86-18,165,470,-1.2539,140.4140,69.9288,97.8143,3840.6300,0.0000,0.0000,Pass
D86-18,165,471,-1.1035,140.4150,69.3736,98.7888,3779.8800,0.0000,0.0000,Pass
D86-18,165,472,-0.6520,140.4170,68.8763,98.6019,3725.8800,0.0000,0.0000,Pass
D86-18,165,473,-0.5014,140.4170,69.6003,98.1100,3804.6300,0.0000,0.0000,Pass
D86-18,165,474,-0.9529,140.4150,69.4561,99.1884,3788.8800,0.0000,0.0000,Pass
D86-18,165,475,-0.8023,140.4160,68.9179,98.9873,3730.3800,0.0000,0.0000,Pass
D86-18,165,476,-0.3507,140.4170,69.5386,98.7150,3797.8800,0.0000,0.0000,Pass
D86-18,165,477,-0.2001,140.4180,70.4187,98.3162,3894.6300,0.0000,0.0000,Pass
D86-18,165,478,-4.1085,140.2530,69.0424,98.4547,3743.8800,0.0000,0.0000,Pass
D86-18,165,479,-3.9582,140.2540,69.6415,99.1782,3809.1300,0.0000,0.0000,Pass
D86-18,165,480,-3.8079,140.2540,69.0839,98.0664,3748.3800,0.0000,0.0000,Pass
D86-18,165,481,-3.6580,140.2550,69.4561,97.8910,3788.8800,0.0000,0.0000,Pass
D86-18,165,482,-3.5073,140.2550,69.1668,97.9756,3757.3800,0.0000,0.0000,Pass
D86-18,165,483,-3.3573,140.2550,69.4149,98.9479,3784.3800,0.0000,0.0000,Pass
D86-18,165,484,-3.0567,140.2560,69.8674,99.4473,3833.8800,0.0000,0.0000,Pass
D86-18,165,485,-2.4558,140.2590,70.9658,98.9579,3955.3800,0.0000,0.0000,Pass
D86-18,165,486,-2.3055,140.2590,70.9052,99.0927,3948.6300,0.0000,0.0000,Pass
D86-18,165,487,-2.1560,140.2610,69.8058,99.6170,3827.1300,0.0000,0.0000,Pass
D86-18,165,488,-2.0057,140.2610,70.5406,98.9274,3908.1300,0.0000,0.0000,Pass
D86-18,165,489,-1.8554,140.2620,70.3169,99.3137,3883.3800,0.0000,0.0000,Pass
D86-18,165,490,-1.7046,140.2620,70.6421,99.2707,3919.3800,0.0000,0.0000,Pass
D86-18,165,491,-1.4033,140.2630,70.3169,99.4976,3883.3800,0.0000,0.0000,Pass
D86-18,165,492,-1.2534,140.2640,69.9493,99.3106,3842.8800,0.0000,0.0000,Pass
D86-18,165,493,-1.1028,140.2650,70.0312,99.4844,3851.8800,0.0000,0.0000,Pass
D86-18,165,494,-3.2073,140.2560,69.2289,99.0605,3764.1300,0.0000,0.0000,Pass
D86-18,165,495,-2.9070,140.2570,70.1334,98.7948,3863.1300,0.0000,0.0000,Pass
D86-18,165,496,-2.7563,140.2570,70.1129,98.2664,3860.8800,0.0000,0.0000,Pass
D86-18,165,497,-2.6059,140.2580,70.5000,99.2574,3903.6300,0.0000,0.0000,Pass
D86-18,165,498,-1.5538,140.2630,70.2150,99.4035,3872.1300,0.0000,0.0000,Pass
D86-18,165,499,-0.9522,140.2650,69.8058,99.8244,3827.1300,0.0000,0.0000,Pass
D86-18,165,500,-0.8022,140.2650,69.1047,98.9639,3750.6300,0.0000,0.0000,Pass
D86-18,165,501,-0.6519,140.2660,70.0107,98.9038,3849.6300,0.0000,0.0000,Pass
D86-18,165,502,-0.5010,140.2660,69.7237,98.0005,3818.1300,0.0000,0.0000,Pass
D86-18,165,503,-0.3503,140.2660,70.2558,99.0784,3876.6300,0.0000,0.0000,Pass
D86-18,2444,1,144.0730,7.0155,66.9571,97.5886,3521.1400,0.0000,0.0000,Pass
D86-18,2444,2,144.3740,7.0175,68.1866,99.9229,3651.6400,0.0000,0.0000,Pass
D86-18,2444,3,145.4280,7.0217,70.0107,98.3590,3849.6300,0.0000,0.0000,Pass
D86-18,2444,4,142.1200,7.0098,67.5322,97.8212,3581.8900,0.0000,0.0000,Pass
D86-18,2444,5,142.2710,7.0096,66.6999,99.5087,3494.1400,0.0000,0.0000,Pass
D86-18,2444,6,142.4210,7.0102,66.4848,97.9956,3471.6400,0.0000,0.0000,Pass
D86-18,2444,7,142.5710,7.0106,66.5494,98.5355,3478.3900,0.0000,0.0000,Pass
D86-18,2444,8,142.7210,7.0116,66.7858,99.1424,3503.1400,0.0000,0.0000,Pass
D86-18,2444,9,142.8710,7.0117,66.9571,98.5959,3521.1400,0.0000,0.0000,Pass
D86-18,2444,10,143.0210,7.0121,66.4848,97.5012,3471.6400,0.0000,0.0000,Pass
D86-18,2444,11,143.1720,7.0127,66.9143,97.8321,3516.6400,0.0000,0.0000,Pass
D86-18,2444,12,143.3220,7.0131,66.2690,99.0520,3449.1400,0.0000,0.0000,Pass
D86-18,2444,13,143.4730,7.0138,66.5064,98.8509,3473.8900,0.0000,0.0000,Pass
D86-18,2444,14,143.6230,7.0142,66.3986,98.3822,3462.6400,0.0000,0.0000,Pass
D86-18,2444,15,143.7730,7.0145,66.7428,97.8382,3498.6400,0.0000,0.0000,Pass
D86-18,2444,16,143.9230,7.0148,67.2772,98.0138,3554.8900,0.0000,0.0000,Pass
D86-18,2444,17,144.2240,7.0171,67.8074,98.8258,3611.1400,0.0000,0.0000,Pass
D86-18,2444,18,144.5250,7.0179,68.2076,98.7516,3653.8900,0.0000,0.0000,Pass
D86-18,2444,19,144.6750,7.0188,68.9802,99.2843,3737.1300,0.0000,0.0000,Pass
D86-18,2444,20,144.8250,7.0194,69.2289,99.5221,3764.1300,0.0000,0.0000,Pass
D86-18,2444,21,144.9760,7.0201,69.3942,98.0728,3782.1300,0.0000,0.0000,Pass
D86-18,2444,22,145.1260,7.0202,69.7853,98.8604,3824.8800,0.0000,0.0000,Pass
D86-18,2444,23,145.2770,7.0209,69.6620,99.8538,3811.3800,0.0000,0.0000,Pass
D86-18,2444,24,145.5780,7.0220,70.1742,97.7652,3867.6300,0.0000,0.0000,Pass
D86-18,2444,25,145.7290,7.0224,70.0312,98.5039,3851.8800,0.0000,0.0000,Pass
D86-18,2444,26,145.8790,7.0229,70.6624,99.7473,3921.6300,0.0000,0.0000,Pass
D86-18,2444,27,141.9710,6.8585,66.9571,99.5663,3521.1400,0.0000,0.0000,Pass
D86-18,2444,28,142.1210,6.8589,66.8929,99.3470,3514.3900,0.0000,0.0000,Pass
D86-18,2444,29,142.2720,6.8593,66.9357,98.5245,3518.8900,0.0000,0.0000,Pass
D86-18,2444,30,142.4210,6.8597,66.3338,98.7868,3455.8900,0.0000,0.0000,Pass
D86-18,2444,31,142.8720,6.8611,66.3338,98.5697,3455.8900,0.0000,0.0000,Pass
D86-18,2444,32,143.6230,6.8639,67.2346,99.5415,3550.3900,0.0000,0.0000,Pass
D86-18,2444,33,144.0740,6.8655,67.7863,98.4407,3608.8900,0.0000,0.0000,Pass
D86-18,2444,34,144.3740,6.8677,67.7863,98.4370,3608.8900,0.0000,0.0000,Pass
D86-18,2444,35,144.5250,6.8682,68.2286,98.7649,3656.1400,0.0000,0.0000,Pass
D86-18,2444,36,144.6750,6.8689,68.5427,99.9477,3689.8900,0.0000,0.0000,Pass
D86-18,2444,37,145.1270,6.8707,68.8971,98.4920,3728.1300,0.0000,0.0000,Pass
D86-18,2444,38,145.2780,6.8708,68.8555,99.1749,3723.6300,0.0000,0.0000,Pass
D86-18,2444,39,145.8790,6.8724,70.2558,98.3672,3876.6300,0.0000,0.0000,Pass
D86-18,2444,40,142.5720,6.8603,66.4417,99.3619,3467.1400,0.0000,0.0000,Pass
D86-18,2444,41,142.7220,6.8607,65.9006,98.2043,3410.8900,0.0000,0.0000,Pass
D86-18,2444,42,143.0220,6.8618,66.9571,98.5375,3521.1400,0.0000,0.0000,Pass
D86-18,2444,43,143.1730,6.8621,66.2042,98.9030,3442.3900,0.0000,0.0000,Pass
D86-18,2444,44,143.3220,6.8633,67.0426,98.7841,3530.1400,0.0000,0.0000,Pass
D86-18,2444,45,143.4730,6.8634,67.0213,98.6744,3527.8900,0.0000,0.0000,Pass
D86-18,2444,46,143.7730,6.8644,67.2772,98.9200,3554.8900,0.0000,0.0000,Pass
D86-18,2444,47,143.9240,6.8646,67.3411,98.7204,3561.6400,0.0000,0.0000,Pass
D86-18,2444,48,144.2240,6.8671,67.4261,98.6716,3570.6400,0.0000,0.0000,Pass
D86-18,2444,49,144.8260,6.8693,68.7931,98.4654,3716.8800,0.0000,0.0000,Pass
D86-18,2444,50,144.9760,6.8695,68.6054,99.3094,3696.6300,0.0000,0.0000,Pass
D86-18,2444,51,145.4280,6.8710,68.8347,98.7928,3721.3800,0.0000,0.0000,Pass
D86-18,2444,52,145.5790,6.8714,69.1461,99.4021,3755.1300,0.0000,0.0000,Pass
D86-18,2444,53,145.7290,6.8720,69.4768,99.3753,3791.1300,0.0000,0.0000,Pass
D86-18,2444,54,146.0310,6.8730,70.6624,97.6536,3921.6300,0.0000,0.0000,Pass
D86-18,2444,55,141.9720,6.7084,65.8353,97.3299,3404.1400,0.0000,0.0000,Pass
D86-18,2444,56,142.1220,6.7083,65.8136,98.1815,3401.8900,0.0000,0.0000,Pass
D86-18,2444,57,142.2720,6.7094,65.7700,98.4953,3397.3900,0.0000,0.0000,Pass
D86-18,2444,58,142.4220,6.7096,66.0525,98.1310,3426.6400,0.0000,0.0000,Pass
D86-18,2444,59,142.5720,6.7101,65.9657,98.6728,3417.6400,0.0000,0.0000,Pass
D86-18,2444,60,142.7220,6.7105,66.0525,99.8377,3426.6400,0.0000,0.0000,Pass
D86-18,2444,61,142.8720,6.7106,66.1609,98.7469,3437.8900,0.0000,0.0000,Pass
D86-18,2444,62,143.1720,6.7116,66.7643,98.7479,3500.8900,0.0000,0.0000,Pass
D86-18,2444,63,143.3230,6.7121,66.3554,99.1570,3458.1400,0.0000,0.0000,Pass
D86-18,2444,64,143.4730,6.7125,67.2133,99.4718,3548.1400,0.0000,0.0000,Pass
D86-18,2444,65,143.9240,6.7140,67.5958,98.5364,3588.6400,0.0000,0.0000,Pass
D86-18,2444,66,144.0750,6.7147,66.9785,98.9019,3523.3900,0.0000,0.0000,Pass
D86-18,2444,67,144.2250,6.7165,68.1025,98.4962,3642.6400,0.0000,0.0000,Pass
D86-18,2444,68,144.3750,6.7171,68.1866,98.6626,3651.6400,0.0000,0.0000,Pass
D86-18,2444,69,144.5250,6.7176,68.7306,99.0666,3710.1300,0.0000,0.0000,Pass
D86-18,2444,70,144.6760,6.7181,68.5845,99.0918,3694.3800,0.0000,0.0000,Pass
D86-18,2444,71,144.8260,6.7186,69.2703,99.5041,3768.6300,0.0000,0.0000,Pass
D86-18,2444,72,145.2780,6.7202,69.7442,99.3803,3820.3800,0.0000,0.0000,Pass
D86-18,2444,73,145.4280,6.7208,69.3736,98.6721,3779.8800,0.0000,0.0000,Pass
D86-18,2444,74,145.5790,6.7212,69.6003,99.1343,3804.6300,0.0000,0.0000,Pass
D86-18,2444,75,145.7290,6.7222,70.0312,98.6728,3851.8800,0.0000,0.0000,Pass
D86-18,2444,76,145.8800,6.7224,70.1334,98.3524,3863.1300,0.0000,0.0000,Pass
D86-18,2444,77,143.0220,6.7112,66.4202,98.0642,3464.8900,0.0000,0.0000,Pass
D86-18,2444,78,143.6240,6.7133,66.7858,98.9222,3503.1400,0.0000,0.0000,Pass
D86-18,2444,79,143.7740,6.7137,67.5534,96.5850,3584.1400,0.0000,0.0000,Pass
D86-18,2444,80,144.9770,6.7192,68.8555,99.4373,3723.6300,0.0000,0.0000,Pass
D86-18,2444,81,145.1270,6.7196,69.5592,98.9447,3800.1300,0.0000,0.0000,Pass
D86-18,2444,82,146.0310,6.7226,70.7434,98.5988,3930.6300,0.0000,0.0000,Pass
D86-18,2444,83,141.9720,6.5578,66.5494,98.5791,3478.3900,0.0000,0.0000,Pass
D86-18,2444,84,142.2720,6.5586,66.0525,99.5697,3426.6400,0.0000,0.0000,Pass
D86-18,2444,85,144.9780,6.5688,69.3736,97.8475,3779.8800,0.0000,0.0000,Pass
D86-18,2444,86,145.8810,6.5717,70.7232,99.2827,3928.3800,0.0000,0.0000,Pass
D86-18,2444,87,142.1220,6.5582,65.9657,99.0444,3417.6400,0.0000,0.0000,Pass
D86-18,2444,88,142.4220,6.5592,65.8788,99.4620,3408.6400,0.0000,0.0000,Pass
D86-18,2444,89,142.5730,6.5594,65.9657,97.9836,3417.6400,0.0000,0.0000,Pass
D86-18,2444,90,142.7230,6.5598,65.7918,98.4179,3399.6400,0.0000,0.0000,Pass
D86-18,2444,91,142.8730,6.5610,66.6999,98.6830,3494.1400,0.0000,0.0000,Pass
D86-18,2444,92,143.0230,6.5612,66.6140,98.0828,3485.1400,0.0000,0.0000,Pass
D86-18,2444,93,143.1730,6.5616,66.8715,98.9922,3512.1400,0.0000,0.0000,Pass
D86-18,2444,94,143.3240,6.5619,67.4473,99.0321,3572.8900,0.0000,0.0000,Pass
D86-18,2444,95,143.4740,6.5628,67.5110,98.1465,3579.6400,0.0000,0.0000,Pass
D86-18,2444,96,143.6240,6.5631,67.5110,98.1576,3579.6400,0.0000,0.0000,Pass
D86-18,2444,97,143.7740,6.5636,67.5322,99.4323,3581.8900,0.0000,0.0000,Pass
D86-18,2444,98,143.9250,6.5640,68.0814,99.2890,3640.3900,0.0000,0.0000,Pass
D86-18,2444,99,144.0750,6.5642,67.8496,98.6216,3615.6400,0.0000,0.0000,Pass
D86-18,2444,100,144.2250,6.5660,68.6680,98.8784,3703.3800,0.0000,0.0000,Pass
D86-18,2444,101,144.3750,6.5662,68.8555,98.9874,3723.6300,0.0000,0.0000,Pass
D86-18,2444,102,144.5260,6.5672,68.5009,98.3357,3685.3900,0.0000,0.0000,Pass
D86-18,2444,103,144.6760,6.5675,69.1047,99.5875,3750.6300,0.0000,0.0000,Pass
D86-18,2444,104,144.8270,6.5680,69.0839,98.4346,3748.3800,0.0000,0.0000,Pass
D86-18,2444,105,145.1280,6.5687,69.3323,98.7088,3775.3800,0.0000,0.0000,Pass
D86-18,2444,106,145.2780,6.5692,69.4149,98.4919,3784.3800,0.0000,0.0000,Pass
D86-18,2444,107,145.4290,6.5701,69.3323,99.1401,3775.3800,0.0000,0.0000,Pass
D86-18,2444,108,145.5790,6.5709,69.6415,98.4874,3809.1300,0.0000,0.0000,Pass
D86-18,2444,109,145.7300,6.5711,69.1668,98.2230,3757.3800,0.0000,0.0000,Pass
D86-18,2444,110,146.0320,6.5723,70.7029,98.9273,3926.1300,0.0000,0.0000,Pass
D86-18,2444,111,141.9730,6.4075,66.4202,97.4356,3464.8900,0.0000,0.0000,Pass
D86-18,2444,112,142.1220,6.4076,65.7482,98.4650,3395.1400,0.0000,0.0000,Pass
D86-18,2444,113,142.2730,6.4083,66.2258,99.1348,3444.6400,0.0000,0.0000,Pass
D86-18,2444,114,142.4230,6.4089,65.5300,98.4955,3372.6400,0.0000,0.0000,Pass
D86-18,2444,115,142.7230,6.4098,66.1825,97.9026,3440.1400,0.0000,0.0000,Pass
D86-18,2444,116,142.8730,6.4101,66.7428,99.0676,3498.6400,0.0000,0.0000,Pass
D86-18,2444,117,143.0240,6.4109,67.1280,98.1186,3539.1400,0.0000,0.0000,Pass
D86-18,2444,118,143.1740,6.4110,67.8285,98.1161,3613.3900,0.0000,0.0000,Pass
D86-18,2444,119,143.4740,6.4124,68.1025,98.6395,3642.6400,0.0000,0.0000,Pass
D86-18,2444,120,143.6250,6.4128,68.1235,99.6240,3644.8900,0.0000,0.0000,Pass
D86-18,2444,121,144.0750,6.4143,67.7228,98.0058,3602.1400,0.0000,0.0000,Pass
D86-18,2444,122,144.2250,6.4163,69.1875,99.6953,3759.6300,0.0000,0.0000,Pass
D86-18,2444,123,144.5260,6.4166,69.3736,99.6323,3779.8800,0.0000,0.0000,Pass
D86-18,2444,124,144.6770,6.4172,69.2910,99.4484,3770.8800,0.0000,0.0000,Pass
D86-18,2444,125,144.8270,6.4178,69.7237,99.8586,3818.1300,0.0000,0.0000,Pass
D86-18,2444,126,145.4290,6.4195,69.6826,99.3881,3813.6300,0.0000,0.0000,Pass
D86-18,2444,127,145.5790,6.4198,69.2910,99.9406,3770.8800,0.0000,0.0000,Pass
D86-18,2444,128,142.5730,6.4096,65.9657,98.0401,3417.6400,0.0000,0.0000,Pass
D86-18,2444,129,143.3240,6.4117,68.0604,98.7342,3638.1400,0.0000,0.0000,Pass
D86-18,2444,130,143.7750,6.4129,68.5009,99.0392,3685.3900,0.0000,0.0000,Pass
D86-18,2444,131,143.9250,6.4136,68.4591,99.1258,3680.8900,0.0000,0.0000,Pass
D86-18,2444,132,144.3760,6.4162,69.0632,99.1162,3746.1300,0.0000,0.0000,Pass
D86-18,2444,133,144.9780,6.4180,70.0312,98.8945,3851.8800,0.0000,0.0000,Pass
D86-18,2444,134,145.1280,6.4187,69.7237,99.3495,3818.1300,0.0000,0.0000,Pass
D86-18,2444,135,145.2790,6.4194,70.0312,98.3531,3851.8800,0.0000,0.0000,Pass
D86-18,2444,136,145.7310,6.4210,69.3116,98.0356,3773.1300,0.0000,0.0000,Pass
D86-18,2444,137,145.8810,6.4214,70.0107,99.1205,3849.6300,0.0000,0.0000,Pass
D86-18,2444,138,146.0320,6.4215,70.8850,99.0911,3946.3800,0.0000,0.0000,Pass
D86-18,2444,139,142.1230,6.2573,65.4644,98.8406,3365.9000,0.0000,0.0000,Pass
D86-18,2444,140,141.9730,6.2576,66.0525,99.1913,3426.6400,0.0000,0.0000,Pass
D86-18,2444,141,142.2730,6.2578,65.4644,98.6129,3365.9000,0.0000,0.0000,Pass
D86-18,2444,142,142.4230,6.2585,65.3330,98.4850,3352.4000,0.0000,0.0000,Pass
D86-18,2444,143,142.5740,6.2590,66.0742,98.9685,3428.8900,0.0000,0.0000,Pass
D86-18,2444,144,145.4300,6.2697,70.2150,99.7659,3872.1300,0.0000,0.0000,Pass
D86-18,2444,145,145.7310,6.2704,69.0632,99.6951,3746.1300,0.0000,0.0000,Pass
D86-18,2444,146,146.0320,6.2714,70.1946,98.6330,3869.8800,0.0000,0.0000,Pass
D86-18,2444,147,145.5800,6.2700,69.7237,98.7956,3818.1300,0.0000,0.0000,Pass
D86-18,2444,148,145.8820,6.2711,69.5180,99.6844,3795.6300,0.0000,0.0000,Pass
D86-18,2444,149,141.9730,6.1070,67.0426,98.6158,3530.1400,0.0000,0.0000,Pass
D86-18,2444,150,142.1240,6.1079,65.8571,98.8391,3406.3900,0.0000,0.0000,Pass
D86-18,2444,151,142.2740,6.1077,65.8571,99.2122,3406.3900,0.0000,0.0000,Pass
D86-18,2444,152,142.4240,6.1087,66.1392,98.4864,3435.6400,0.0000,0.0000,Pass
D86-18,2444,153,142.5740,6.1087,65.6174,97.9951,3381.6400,0.0000,0.0000,Pass
D86-18,2444,154,145.4300,6.1188,70.1334,99.4016,3863.1300,0.0000,0.0000,Pass
D86-18,2444,155,145.5810,6.1193,70.2966,99.0868,3881.1300,0.0000,0.0000,Pass
D86-18,2444,156,145.7320,6.1201,69.6003,98.5647,3804.6300,0.0000,0.0000,Pass
D86-18,2444,157,146.0330,6.1209,70.6826,97.5658,3923.8800,0.0000,0.0000,Pass
D86-18,2444,158,145.8820,6.1208,70.1946,97.7341,3869.8800,0.0000,0.0000,Pass
D86-18,2444,159,143.1010,6.0022,67.7651,99.3922,3606.6400,0.0000,0.0000,Pass
D86-18,2444,160,144.0910,6.0057,67.8074,98.1043,3611.1400,0.0000,0.0000,Pass
D86-18,2444,161,144.5860,6.0083,69.3529,99.8622,3777.6300,0.0000,0.0000,Pass
D86-18,2444,162,143.2660,6.0029,67.6170,98.4682,3590.8900,0.0000,0.0000,Pass
D86-18,2444,163,143.4310,6.0031,68.3754,99.6090,3671.8900,0.0000,0.0000,Pass
D86-18,2444,164,143.5950,6.0030,67.9972,99.8110,3631.3900,0.0000,0.0000,Pass
D86-18,2444,165,143.7610,6.0041,67.8918,98.2239,3620.1400,0.0000,0.0000,Pass
D86-18,2444,166,143.9260,6.0046,68.6263,99.0608,3698.8800,0.0000,0.0000,Pass
D86-18,2444,167,144.2550,6.0072,68.5845,99.1657,3694.3800,0.0000,0.0000,Pass
D86-18,2444,168,144.4210,6.0081,68.9802,99.1851,3737.1300,0.0000,0.0000,Pass
D86-18,2444,169,144.7510,6.0088,69.4355,99.1779,3786.6300,0.0000,0.0000,Pass
D86-18,2444,170,144.9160,6.0095,70.6015,99.7077,3914.8800,0.0000,0.0000,Pass
D86-18,2444,171,145.0810,6.0101,70.4390,98.6094,3896.8800,0.0000,0.0000,Pass
D86-18,2444,172,141.9740,5.9564,66.2042,99.1464,3442.3900,0.0000,0.0000,Pass
D86-18,2444,173,142.1240,5.9567,66.0959,99.3885,3431.1400,0.0000,0.0000,Pass
D86-18,2444,174,142.2740,5.9569,65.6174,99.1124,3381.6400,0.0000,0.0000,Pass
D86-18,2444,175,142.4240,5.9576,65.4206,98.4159,3361.4000,0.0000,0.0000,Pass
D86-18,2444,176,142.5740,5.9582,66.3338,98.7173,3455.8900,0.0000,0.0000,Pass
D86-18,2444,177,145.8820,5.9702,70.0516,98.5077,3854.1300,0.0000,0.0000,Pass
D86-18,2444,178,145.4310,5.9685,69.8879,98.4840,3836.1300,0.0000,0.0000,Pass
D86-18,2444,179,145.5810,5.9693,69.7442,98.4201,3820.3800,0.0000,0.0000,Pass
D86-18,2444,180,145.7320,5.9697,69.8469,99.3256,3831.6300,0.0000,0.0000,Pass
D86-18,2444,181,146.0330,5.9702,70.1946,98.6183,3869.8800,0.0000,0.0000,Pass
D86-18,2444,182,142.9370,5.8369,68.3125,99.4556,3665.1400,0.0000,0.0000,Pass
D86-18,2444,183,143.1010,5.8373,67.9340,98.6934,3624.6400,0.0000,0.0000,Pass
D86-18,2444,184,143.2670,5.8373,68.1656,98.7683,3649.3900,0.0000,0.0000,Pass
D86-18,2444,185,143.4310,5.8383,68.2705,99.4186,3660.6400,0.0000,0.0000,Pass
D86-18,2444,186,143.5960,5.8389,67.8285,97.4761,3613.3900,0.0000,0.0000,Pass
D86-18,2444,187,143.7610,5.8395,67.6805,98.6493,3597.6400,0.0000,0.0000,Pass
D86-18,2444,188,143.9260,5.8400,67.8918,99.3304,3620.1400,0.0000,0.0000,Pass
D86-18,2444,189,144.0910,5.8407,67.4261,96.9575,3570.6400,0.0000,0.0000,Pass
D86-18,2444,190,144.2560,5.8423,67.5958,99.4451,3588.6400,0.0000,0.0000,Pass
D86-18,2444,191,144.4210,5.8428,67.9972,98.7315,3631.3900,0.0000,0.0000,Pass
D86-18,2444,192,144.5860,5.8431,68.4382,98.9389,3678.6400,0.0000,0.0000,Pass
D86-18,2444,193,144.7510,5.8436,68.4591,98.7481,3680.8900,0.0000,0.0000,Pass
D86-18,2444,194,145.0820,5.8446,69.6003,99.1761,3804.6300,0.0000,0.0000,Pass
D86-18,2444,195,144.9160,5.8437,69.3116,98.9532,3773.1300,0.0000,0.0000,Pass
D86-18,2444,196,141.9740,5.8060,66.1392,98.5624,3435.6400,0.0000,0.0000,Pass
D86-18,2444,197,142.1250,5.8067,65.2672,98.9002,3345.6500,0.0000,0.0000,Pass
D86-18,2444,198,142.2750,5.8069,65.6610,97.8908,3386.1400,0.0000,0.0000,Pass
D86-18,2444,199,142.4250,5.8075,65.3988,98.3694,3359.1500,0.0000,0.0000,Pass
D86-18,2444,200,142.5750,5.8079,65.7482,99.4831,3395.1400,0.0000,0.0000,Pass
D86-18,2444,201,145.4310,5.8181,70.6624,98.8633,3921.6300,0.0000,0.0000,Pass
D86-18,2444,202,145.5820,5.8186,70.3780,98.4052,3890.1300,0.0000,0.0000,Pass
D86-18,2444,203,145.7320,5.8190,70.4594,99.2561,3899.1300,0.0000,0.0000,Pass
D86-18,2444,204,145.8820,5.8194,70.3984,98.5309,3892.3800,0.0000,0.0000,Pass
D86-18,2444,205,146.0340,5.8176,73.9895,96.6225,4299.6200,0.0000,0.0000,Pass
D86-18,2444,206,142.9370,5.6713,67.2985,99.2804,3557.1400,0.0000,0.0000,Pass
D86-18,2444,207,143.1020,5.6722,67.8074,98.8438,3611.1400,0.0000,0.0000,Pass
D86-18,2444,208,143.2670,5.6724,67.7651,98.7604,3606.6400,0.0000,0.0000,Pass
D86-18,2444,209,143.7620,5.6740,67.9129,99.9442,3622.3900,0.0000,0.0000,Pass
D86-18,2444,210,144.0920,5.6758,67.4686,96.1217,3575.1400,0.0000,0.0000,Pass
D86-18,2444,211,144.5870,5.6782,68.6680,99.0905,3703.3800,0.0000,0.0000,Pass
D86-18,2444,212,144.7520,5.6785,69.6003,98.7975,3804.6300,0.0000,0.0000,Pass
D86-18,2444,213,144.9170,5.6789,69.4974,98.7618,3793.3800,0.0000,0.0000,Pass
D86-18,2444,214,143.4320,5.6730,67.8707,99.4249,3617.8900,0.0000,0.0000,Pass
D86-18,2444,215,143.5970,5.6738,67.6594,98.7429,3595.3900,0.0000,0.0000,Pass
D86-18,2444,216,143.9270,5.6747,67.7017,99.2794,3599.8900,0.0000,0.0000,Pass
D86-18,2444,217,144.2570,5.6772,67.7440,99.3492,3604.3900,0.0000,0.0000,Pass
D86-18,2444,218,144.4210,5.6775,67.7651,97.7363,3606.6400,0.0000,0.0000,Pass
D86-18,2444,219,145.0820,5.6799,69.9903,98.5946,3847.3800,0.0000,0.0000,Pass
D86-18,2444,220,141.9750,5.6562,65.9657,99.2681,3417.6400,0.0000,0.0000,Pass
D86-18,2444,221,142.1250,5.6565,65.6610,97.6048,3386.1400,0.0000,0.0000,Pass
D86-18,2444,222,142.2750,5.6568,66.0091,99.2960,3422.1400,0.0000,0.0000,Pass
D86-18,2444,223,142.4250,5.6571,65.0254,99.2222,3320.9000,0.0000,0.0000,Pass
D86-18,2444,224,142.5760,5.6577,66.1176,99.6764,3433.3900,0.0000,0.0000,Pass
D86-18,2444,225,145.4320,5.6654,75.9195,94.4044,4526.8600,0.0000,0.0000,Pass
D86-18,2444,226,145.5820,5.6678,78.2606,97.9088,4810.3500,0.0000,0.0000,Pass
D86-18,2444,227,145.7330,5.6687,78.1874,99.3122,4801.3500,0.0000,0.0000,Pass
D86-18,2444,228,145.8830,5.6694,77.9672,98.8572,4774.3500,0.0000,0.0000,Pass
D86-18,2444,229,146.0340,5.6698,77.4327,99.4344,4709.1000,0.0000,0.0000,Pass
D86-18,2444,230,141.9760,5.5058,66.2042,97.4506,3442.3900,0.0000,0.0000,Pass
D86-18,2444,231,142.4260,5.5068,66.1176,98.5104,3433.3900,0.0000,0.0000,Pass
D86-18,2444,232,142.5760,5.5072,65.9874,99.4432,3419.8900,0.0000,0.0000,Pass
D86-18,2444,233,144.2570,5.5120,66.9785,99.3201,3523.3900,0.0000,0.0000,Pass
D86-18,2444,234,145.4320,5.5175,77.8017,97.6729,4754.1000,0.0000,0.0000,Pass
D86-18,2444,235,145.5830,5.5180,76.8384,98.9012,4637.1100,0.0000,0.0000,Pass
D86-18,2444,236,145.7340,5.5177,77.6728,95.0423,4738.3500,0.0000,0.0000,Pass
D86-18,2444,237,145.8850,5.5149,82.3627,95.8515,5327.8300,0.0000,0.0000,Pass
D86-18,2444,238,146.0360,5.5138,90.4204,98.9237,6421.3000,0.0000,0.0000,Pass
D86-18,2444,239,142.9380,5.5065,67.8918,99.6411,3620.1400,0.0000,0.0000,Pass
D86-18,2444,240,143.1030,5.5071,67.4049,99.1369,3568.3900,0.0000,0.0000,Pass
D86-18,2444,241,143.2680,5.5077,67.5322,99.6702,3581.8900,0.0000,0.0000,Pass
D86-18,2444,242,143.4320,5.5080,68.3335,99.4751,3667.3900,0.0000,0.0000,Pass
D86-18,2444,243,143.5970,5.5089,67.7017,97.7850,3599.8900,0.0000,0.0000,Pass
D86-18,2444,244,143.7630,5.5094,67.2985,99.1831,3557.1400,0.0000,0.0000,Pass
D86-18,2444,245,144.0920,5.5109,66.0742,97.1421,3428.8900,0.0000,0.0000,Pass
D86-18,2444,246,144.4220,5.5124,67.4898,99.8591,3577.3900,0.0000,0.0000,Pass
D86-18,2444,247,144.5880,5.5106,70.2762,92.8977,3878.8800,0.0000,0.0000,Pass
D86-18,2444,248,144.7530,5.5115,73.9701,95.3020,4297.3700,0.0000,0.0000,Pass
D86-18,2444,249,144.9170,5.5143,77.0618,98.6851,4664.1000,0.0000,0.0000,Pass
D86-18,2444,250,145.0830,5.5146,77.8385,99.2536,4758.6000,0.0000,0.0000,Pass
D86-18,2444,251,143.9270,5.5097,67.0426,98.1876,3530.1400,0.0000,0.0000,Pass
D86-18,2444,252,141.9760,5.3548,66.1609,98.3036,3437.8900,0.0000,0.0000,Pass
D86-18,2444,253,142.1260,5.3552,65.8571,99.2369,3406.3900,0.0000,0.0000,Pass
D86-18,2444,254,142.2760,5.3556,65.6174,98.9878,3381.6400,0.0000,0.0000,Pass
D86-18,2444,255,142.4260,5.3560,66.5279,97.6704,3476.1400,0.0000,0.0000,Pass
D86-18,2444,256,142.5760,5.3563,65.8136,99.1417,3401.8900,0.0000,0.0000,Pass
D86-18,2444,257,145.4340,5.3616,88.8867,99.2140,6205.3100,0.0000,0.0000,Pass
D86-18,2444,258,145.5840,5.3627,95.7147,96.4961,7195.2800,0.0000,0.0000,Pass
D86-18,2444,259,145.8840,5.3700,101.5670,96.5680,8102.0000,0.0000,0.0000,Pass
D86-18,2444,260,145.7340,5.3665,99.2990,92.6687,7744.2600,0.0000,0.0000,Pass
D86-18,2444,261,146.0350,5.3709,100.1890,97.5638,7883.7500,0.0000,0.0000,Pass
D86-18,2444,262,142.9390,5.3418,67.9762,99.0195,3629.1400,0.0000,0.0000,Pass
D86-18,2444,263,143.2680,5.3424,67.5746,98.9581,3586.3900,0.0000,0.0000,Pass
D86-18,2444,264,143.4330,5.3426,67.7863,99.5964,3608.8900,0.0000,0.0000,Pass
D86-18,2444,265,143.5980,5.3432,67.2346,98.3475,3550.3900,0.0000,0.0000,Pass
D86-18,2444,266,143.7630,5.3439,67.1067,99.9291,3536.8900,0.0000,0.0000,Pass
D86-18,2444,267,143.9280,5.3445,67.2772,99.3570,3554.8900,0.0000,0.0000,Pass
D86-18,2444,268,144.0930,5.3447,67.0853,95.8467,3534.6400,0.0000,0.0000,Pass
D86-18,2444,269,144.4230,5.3474,76.1832,99.3414,4558.3600,0.0000,0.0000,Pass
D86-18,2444,270,144.5880,5.3482,76.5022,99.6760,4596.6100,0.0000,0.0000,Pass
D86-18,2444,271,144.7530,5.3487,76.0327,99.4652,4540.3600,0.0000,0.0000,Pass
D86-18,2444,272,144.9180,5.3491,76.5209,99.5416,4598.8600,0.0000,0.0000,Pass
D86-18,2444,273,143.1030,5.3419,67.8707,99.0113,3617.8900,0.0000,0.0000,Pass
D86-18,2444,274,144.2580,5.3455,73.9701,95.6872,4297.3700,0.0000,0.0000,Pass
D86-18,2444,275,145.0840,5.3488,77.6359,97.5717,4733.8500,0.0000,0.0000,Pass
D86-18,2444,276,142.1270,5.2053,65.8353,99.0628,3404.1400,0.0000,0.0000,Pass
D86-18,2444,277,142.2770,5.2057,65.5737,98.6804,3377.1400,0.0000,0.0000,Pass
D86-18,2444,278,141.9770,5.2049,66.1825,99.4746,3440.1400,0.0000,0.0000,Pass
D86-18,2444,279,142.4270,5.2058,65.8353,98.7645,3404.1400,0.0000,0.0000,Pass
D86-18,2444,280,142.5770,5.2064,66.0959,98.0753,3431.1400,0.0000,0.0000,Pass
D86-18,2444,281,145.4320,5.2176,103.8540,99.3748,8470.9900,0.0000,0.0000,Pass
D86-18,2444,282,145.5820,5.2183,98.8364,98.2499,7672.2600,0.0000,0.0000,Pass
D86-18,2444,283,145.7330,5.2189,92.2552,98.2963,6684.5400,0.0000,0.0000,Pass
D86-18,2444,284,145.8840,5.2198,87.5390,99.5451,6018.5600,0.0000,0.0000,Pass
D86-18,2444,285,146.0350,5.2206,83.6739,99.3440,5498.8300,0.0000,0.0000,Pass
D86-18,2444,286,143.4340,5.1787,67.4049,96.6169,3568.3900,0.0000,0.0000,Pass
D86-18,2444,287,144.0930,5.1813,73.2501,95.6168,4214.1200,0.0000,0.0000,Pass
D86-18,2444,288,144.4230,5.1831,72.5428,96.8936,4133.1200,0.0000,0.0000,Pass
D86-18,2444,289,142.9390,5.1772,67.6594,97.9799,3595.3900,0.0000,0.0000,Pass
D86-18,2444,290,143.1040,5.1776,67.9340,98.9374,3624.6400,0.0000,0.0000,Pass
D86-18,2444,291,143.2680,5.1780,67.8707,98.3733,3617.8900,0.0000,0.0000,Pass
D86-18,2444,292,143.5980,5.1788,67.2133,97.1708,3548.1400,0.0000,0.0000,Pass
D86-18,2444,293,143.7640,5.1788,68.0394,95.0423,3635.8900,0.0000,0.0000,Pass
D86-18,2444,294,143.9290,5.1797,74.3371,96.8507,4340.1100,0.0000,0.0000,Pass
D86-18,2444,295,144.2570,5.1826,73.8344,98.2104,4281.6200,0.0000,0.0000,Pass
D86-18,2444,296,144.5890,5.1800,77.5251,97.2284,4720.3500,0.0000,0.0000,Pass
D86-18,2444,297,144.7540,5.1794,85.5195,98.8827,5744.0700,0.0000,0.0000,Pass
D86-18,2444,298,144.9200,5.1805,94.2368,94.2994,6974.7800,0.0000,0.0000,Pass
D86-18,2444,299,145.0840,5.1841,100.1180,91.4925,7872.5000,0.0000,0.0000,Pass
D86-18,2444,300,141.9770,5.0552,66.1392,99.3198,3435.6400,0.0000,0.0000,Pass
D86-18,2444,301,142.1270,5.0558,66.5494,99.5213,3478.3900,0.0000,0.0000,Pass
D86-18,2444,302,142.2770,5.0563,65.9006,98.8085,3410.8900,0.0000,0.0000,Pass
D86-18,2444,303,142.4270,5.0567,65.8571,98.2326,3406.3900,0.0000,0.0000,Pass
D86-18,2444,304,142.5780,5.0572,66.1825,99.4753,3440.1400,0.0000,0.0000,Pass
D86-18,2444,305,145.4330,5.0704,89.5929,99.0783,6304.3000,0.0000,0.0000,Pass
D86-18,2444,306,145.5830,5.0700,84.8131,99.6148,5649.5700,0.0000,0.0000,Pass
D86-18,2444,307,145.7340,5.0701,80.8709,98.1549,5136.5900,0.0000,0.0000,Pass
D86-18,2444,308,145.8850,5.0699,77.3957,99.0162,4704.6000,0.0000,0.0000,Pass
D86-18,2444,309,146.0360,5.0695,75.3514,98.3018,4459.3600,0.0000,0.0000,Pass
D86-18,2444,310,142.9400,5.0124,68.1445,99.3261,3647.1400,0.0000,0.0000,Pass
D86-18,2444,311,143.1050,5.0132,68.5427,97.2546,3689.8900,0.0000,0.0000,Pass
D86-18,2444,312,143.2690,5.0128,68.7931,97.6576,3716.8800,0.0000,0.0000,Pass
D86-18,2444,313,143.4340,5.0141,68.5427,98.5683,3689.8900,0.0000,0.0000,Pass
D86-18,2444,314,143.6000,5.0126,74.6256,94.4340,4373.8600,0.0000,0.0000,Pass
D86-18,2444,315,143.7640,5.0147,76.9688,99.0615,4652.8500,0.0000,0.0000,Pass
D86-18,2444,316,144.0950,5.0137,76.8384,94.8729,4637.1100,0.0000,0.0000,Pass
D86-18,2444,317,144.2600,5.0133,89.6888,98.8996,6317.8000,0.0000,0.0000,Pass
D86-18,2444,318,144.4240,5.0156,99.0246,93.7526,7701.5100,0.0000,0.0000,Pass
D86-18,2444,319,144.5880,5.0191,102.0310,98.5566,8176.2400,0.0000,0.0000,Pass
D86-18,2444,320,144.7530,5.0203,99.2124,98.0127,7730.7600,0.0000,0.0000,Pass
D86-18,2444,321,144.9180,5.0213,93.4277,99.3755,6855.5400,0.0000,0.0000,Pass
D86-18,2444,322,145.0840,5.0228,89.5929,98.9632,6304.3000,0.0000,0.0000,Pass
D86-18,2444,323,143.9290,5.0156,74.9129,98.7325,4407.6100,0.0000,0.0000,Pass
D86-18,2444,324,141.9770,4.9051,66.5494,99.2320,3478.3900,0.0000,0.0000,Pass
D86-18,2444,325,142.1280,4.9052,66.1825,99.0552,3440.1400,0.0000,0.0000,Pass
D86-18,2444,326,142.2770,4.9060,65.9440,98.7029,3415.3900,0.0000,0.0000,Pass
D86-18,2444,327,142.4280,4.9062,66.4417,99.4796,3467.1400,0.0000,0.0000,Pass
D86-18,2444,328,142.5780,4.9070,66.9143,98.3464,3516.6400,0.0000,0.0000,Pass
D86-18,2444,329,145.4340,4.9173,73.9120,99.3005,4290.6200,0.0000,0.0000,Pass
D86-18,2444,330,145.7350,4.9176,72.0475,98.2706,4076.8700,0.0000,0.0000,Pass
D86-18,2444,331,145.8860,4.9184,72.1468,99.7472,4088.1200,0.0000,0.0000,Pass
D86-18,2444,332,146.0370,4.9185,72.6809,96.9997,4148.8700,0.0000,0.0000,Pass
D86-18,2444,333,145.5840,4.9180,72.3648,98.7467,4112.8700,0.0000,0.0000,Pass
D86-18,2444,334,142.9400,4.8475,69.0839,98.8581,3748.3800,0.0000,0.0000,Pass
D86-18,2444,335,143.1050,4.8479,68.2705,99.2579,3660.6400,0.0000,0.0000,Pass
D86-18,2444,336,143.2710,4.8467,71.2478,92.3142,3986.8800,0.0000,0.0000,Pass
D86-18,2444,337,143.4350,4.8491,77.0804,98.9481,4666.3500,0.0000,0.0000,Pass
D86-18,2444,338,143.5990,4.8494,76.3897,99.1889,4583.1100,0.0000,0.0000,Pass
D86-18,2444,339,144.0940,4.8507,99.9747,95.0628,7850.0100,0.0000,0.0000,Pass
D86-18,2444,340,144.2580,4.8537,97.4940,98.6717,7465.2700,0.0000,0.0000,Pass
D86-18,2444,341,144.4230,4.8558,91.8506,99.4205,6626.0400,0.0000,0.0000,Pass
D86-18,2444,342,144.5890,4.8569,88.2884,98.6083,6122.0600,0.0000,0.0000,Pass
D86-18,2444,343,144.7540,4.8570,84.6102,98.9290,5622.5700,0.0000,0.0000,Pass
D86-18,2444,344,144.9190,4.8566,80.0521,99.2167,5033.0900,0.0000,0.0000,Pass
D86-18,2444,345,143.7660,4.8483,78.1874,94.3609,4801.3500,0.0000,0.0000,Pass
D86-18,2444,346,143.9320,4.8459,94.1151,98.6537,6956.7800,0.0000,0.0000,Pass
D86-18,2444,347,145.0840,4.8563,76.7825,97.7737,4630.3600,0.0000,0.0000,Pass
D86-18,2444,348,142.4280,4.7563,66.1825,99.5556,3440.1400,0.0000,0.0000,Pass
D86-18,2444,349,141.9780,4.7547,67.0853,98.5739,3534.6400,0.0000,0.0000,Pass
D86-18,2444,350,142.1280,4.7551,66.2474,98.8106,3446.8900,0.0000,0.0000,Pass
D86-18,2444,351,142.2780,4.7558,65.6392,97.5979,3383.8900,0.0000,0.0000,Pass
D86-18,2444,352,142.5780,4.7563,66.5064,99.3597,3473.8900,0.0000,0.0000,Pass
D86-18,2444,353,145.4340,4.7663,74.1635,97.6171,4319.8700,0.0000,0.0000,Pass
D86-18,2444,354,145.5860,4.7664,73.8344,98.3674,4281.6200,0.0000,0.0000,Pass
D86-18,2444,355,145.7360,4.7666,73.6013,99.5283,4254.6200,0.0000,0.0000,Pass
D86-18,2444,356,146.0370,4.7682,74.2021,98.9860,4324.3600,0.0000,0.0000,Pass
D86-18,2444,357,145.8870,4.7674,74.0862,99.2233,4310.8700,0.0000,0.0000,Pass
D86-18,2444,358,142.1280,4.6049,66.0959,99.0621,3431.1400,0.0000,0.0000,Pass
D86-18,2444,359,141.9790,4.6043,67.1067,99.4300,3536.8900,0.0000,0.0000,Pass
D86-18,2444,360,142.2790,4.6056,66.2690,99.6971,3449.1400,0.0000,0.0000,Pass
D86-18,2444,361,142.4280,4.6056,66.0959,99.1086,3431.1400,0.0000,0.0000,Pass
D86-18,2444,362,142.5780,4.6062,66.9571,99.6400,3521.1400,0.0000,0.0000,Pass
D86-18,2444,363,145.4350,4.6155,75.4274,99.7238,4468.3600,0.0000,0.0000,Pass
D86-18,2444,364,145.5860,4.6164,75.7874,99.3987,4511.1100,0.0000,0.0000,Pass
D86-18,2444,365,145.7360,4.6167,75.3704,98.9696,4461.6100,0.0000,0.0000,Pass
D86-18,2444,366,145.8870,4.6171,76.1268,99.7587,4551.6100,0.0000,0.0000,Pass
D86-18,2444,367,146.0380,4.6175,76.3147,99.6089,4574.1100,0.0000,0.0000,Pass
D86-18,2444,368,141.9790,4.4540,66.9357,99.3275,3518.8900,0.0000,0.0000,Pass
D86-18,2444,369,142.4290,4.4553,66.6999,98.5858,3494.1400,0.0000,0.0000,Pass
D86-18,2444,370,142.7300,4.4559,67.2772,98.9287,3554.8900,0.0000,0.0000,Pass
D86-18,2444,371,143.7800,4.4625,95.3098,99.7941,7134.5300,0.0000,0.0000,Pass
D86-18,2444,372,144.0810,4.4608,74.0669,98.4251,4308.6200,0.0000,0.0000,Pass
D86-18,2444,373,144.2310,4.4620,70.1742,97.9266,3867.6300,0.0000,0.0000,Pass
D86-18,2444,374,144.6830,4.4635,74.6256,96.8068,4373.8600,0.0000,0.0000,Pass
D86-18,2444,375,142.1290,4.4541,66.3338,98.5706,3455.8900,0.0000,0.0000,Pass
D86-18,2444,376,142.2790,4.4550,66.1176,98.6723,3433.3900,0.0000,0.0000,Pass
D86-18,2444,377,142.5790,4.4559,66.6140,97.3975,3485.1400,0.0000,0.0000,Pass
D86-18,2444,378,142.8810,4.4552,73.4064,93.8910,4232.1200,0.0000,0.0000,Pass
D86-18,2444,379,143.0300,4.4568,76.4647,99.1459,4592.1100,0.0000,0.0000,Pass
D86-18,2444,380,143.1800,4.4577,76.5396,99.0697,4601.1100,0.0000,0.0000,Pass
D86-18,2444,381,143.3370,4.4508,89.8324,96.7830,6338.0500,0.0000,0.0000,Pass
D86-18,2444,382,143.4800,4.4589,105.8750,98.4672,8803.9800,0.0000,0.0000,Pass
D86-18,2444,383,143.6300,4.4602,100.7310,98.6585,7969.2500,0.0000,0.0000,Pass
D86-18,2444,384,143.9300,4.4619,84.2369,98.3662,5573.0800,0.0000,0.0000,Pass
D86-18,2444,385,144.3830,4.4623,71.9480,99.1625,4065.6200,0.0000,0.0000,Pass
D86-18,2444,386,144.5330,4.4627,73.2306,99.0106,4211.8700,0.0000,0.0000,Pass
D86-18,2444,387,144.8340,4.4632,75.1420,98.8857,4434.6100,0.0000,0.0000,Pass
D86-18,2444,388,144.9840,4.4637,76.7638,96.5640,4628.1100,0.0000,0.0000,Pass
D86-18,2444,389,145.1340,4.4641,81.4006,94.3608,5204.0900,0.0000,0.0000,Pass
D86-18,2444,390,145.2840,4.4642,77.6359,96.5937,4733.8500,0.0000,0.0000,Pass
D86-18,2444,391,145.4360,4.4646,75.6549,98.7972,4495.3600,0.0000,0.0000,Pass
D86-18,2444,392,145.7360,4.4655,75.3894,94.1774,4463.8600,0.0000,0.0000,Pass
D86-18,2444,393,145.8880,4.4666,76.2772,96.9603,4569.6100,0.0000,0.0000,Pass
D86-18,2444,394,145.5860,4.4651,76.7825,95.4596,4630.3600,0.0000,0.0000,Pass
D86-18,2444,395,146.0390,4.4672,77.6543,98.1954,4736.1000,0.0000,0.0000,Pass
D86-18,2444,396,141.9800,4.3040,67.0426,99.5995,3530.1400,0.0000,0.0000,Pass
D86-18,2444,397,142.8800,4.3062,75.5981,98.6089,4488.6100,0.0000,0.0000,Pass
D86-18,2444,398,144.5340,4.3117,80.2486,97.0957,5057.8400,0.0000,0.0000,Pass
D86-18,2444,399,142.1300,4.3040,66.9571,98.9267,3521.1400,0.0000,0.0000,Pass
D86-18,2444,400,142.2800,4.3041,67.2346,97.2076,3550.3900,0.0000,0.0000,Pass
D86-18,2444,401,142.4300,4.3048,66.3554,99.0600,3458.1400,0.0000,0.0000,Pass
D86-18,2444,402,142.5800,4.3054,66.3122,99.5676,3453.6400,0.0000,0.0000,Pass
D86-18,2444,403,142.7310,4.3048,72.6809,94.8367,4148.8700,0.0000,0.0000,Pass
D86-18,2444,404,143.0300,4.3066,75.2753,98.3221,4450.3600,0.0000,0.0000,Pass
D86-18,2444,405,143.1880,4.3002,89.3688,98.6138,6272.8000,0.0000,0.0000,Pass
D86-18,2444,406,143.3310,4.3083,104.2670,98.9158,8538.4800,0.0000,0.0000,Pass
D86-18,2444,407,143.4800,4.3095,99.6590,98.9524,7800.5100,0.0000,0.0000,Pass
D86-18,2444,408,143.6290,4.3101,91.2561,98.4154,6540.5500,0.0000,0.0000,Pass
D86-18,2444,409,143.7800,4.3102,77.5805,98.9426,4727.1000,0.0000,0.0000,Pass
D86-18,2444,410,143.9320,4.3100,71.9082,97.6632,4061.1200,0.0000,0.0000,Pass
D86-18,2444,411,144.0820,4.3098,69.9903,98.1031,3847.3800,0.0000,0.0000,Pass
D86-18,2444,412,144.2320,4.3119,72.4440,99.5247,4121.8700,0.0000,0.0000,Pass
D86-18,2444,413,144.3830,4.3110,73.9507,98.6334,4295.1200,0.0000,0.0000,Pass
D86-18,2444,414,144.6840,4.3131,83.4168,97.5033,5465.0800,0.0000,0.0000,Pass
D86-18,2444,415,144.8340,4.3127,83.0899,98.1177,5422.3300,0.0000,0.0000,Pass
D86-18,2444,416,144.9840,4.3142,83.3309,97.8919,5453.8300,0.0000,0.0000,Pass
D86-18,2444,417,145.1350,4.3147,83.5712,99.4716,5485.3300,0.0000,0.0000,Pass
D86-18,2444,418,145.4360,4.3154,83.0209,99.0003,5413.3300,0.0000,0.0000,Pass
D86-18,2444,419,145.2860,4.3141,83.4168,98.3598,5465.0800,0.0000,0.0000,Pass
D86-18,2444,420,145.5870,4.3154,83.2277,98.6035,5440.3300,0.0000,0.0000,Pass
D86-18,2444,421,145.7370,4.3160,83.4854,99.0562,5474.0800,0.0000,0.0000,Pass
D86-18,2444,422,145.8890,4.3169,84.7962,98.8921,5647.3200,0.0000,0.0000,Pass
D86-18,2444,423,146.0400,4.3166,89.9121,95.4110,6349.3000,0.0000,0.0000,Pass
D86-18,2444,424,144.0830,4.1589,72.4637,98.2192,4124.1200,0.0000,0.0000,Pass
D86-18,2444,425,141.9800,4.1539,67.4049,98.5760,3568.3900,0.0000,0.0000,Pass
D86-18,2444,426,142.5820,4.1539,71.8284,96.1383,4052.1200,0.0000,0.0000,Pass
D86-18,2444,427,142.8800,4.1563,74.3564,99.2877,4342.3600,0.0000,0.0000,Pass
D86-18,2444,428,143.4800,4.1596,88.4019,98.5550,6137.8100,0.0000,0.0000,Pass
D86-18,2444,429,143.7820,4.1591,71.9878,99.4625,4070.1200,0.0000,0.0000,Pass
D86-18,2444,430,144.2330,4.1596,76.9130,99.1200,4646.1100,0.0000,0.0000,Pass
D86-18,2444,431,144.3840,4.1601,82.8136,97.8856,5386.3300,0.0000,0.0000,Pass
D86-18,2444,432,144.5330,4.1630,82.5537,98.3719,5352.5800,0.0000,0.0000,Pass
D86-18,2444,433,144.6840,4.1632,81.0655,98.8137,5161.3400,0.0000,0.0000,Pass
D86-18,2444,434,144.8340,4.1633,81.2773,99.2119,5188.3400,0.0000,0.0000,Pass
D86-18,2444,435,145.1360,4.1639,82.2408,99.1795,5312.0800,0.0000,0.0000,Pass
D86-18,2444,436,142.4300,4.1547,66.7643,99.7402,3500.8900,0.0000,0.0000,Pass
D86-18,2444,437,142.7300,4.1559,74.9320,98.2727,4409.8600,0.0000,0.0000,Pass
D86-18,2444,438,143.0380,4.1506,84.3559,82.9178,5588.8300,0.0000,0.0000,Pass
D86-18,2444,439,143.1810,4.1582,104.3900,99.0980,8558.7300,0.0000,0.0000,Pass
D86-18,2444,440,143.3300,4.1587,100.2750,99.0958,7897.2500,0.0000,0.0000,Pass
D86-18,2444,441,143.6310,4.1599,76.8198,99.0328,4634.8600,0.0000,0.0000,Pass
D86-18,2444,442,143.9330,4.1582,72.2063,99.5734,4094.8700,0.0000,0.0000,Pass
D86-18,2444,443,144.9850,4.1636,81.6290,98.6079,5233.3400,0.0000,0.0000,Pass
D86-18,2444,444,145.2860,4.1647,82.0316,99.4338,5285.0800,0.0000,0.0000,Pass
D86-18,2444,445,145.4360,4.1651,81.5236,98.1830,5219.8400,0.0000,0.0000,Pass
D86-18,2444,446,145.7380,4.1658,80.6581,98.9829,5109.5900,0.0000,0.0000,Pass
D86-18,2444,447,145.8890,4.1669,81.4182,99.4754,5206.3400,0.0000,0.0000,Pass
D86-18,2444,448,146.0400,4.1676,86.0371,98.8290,5813.8200,0.0000,0.0000,Pass
D86-18,2444,449,145.5870,4.1655,81.2068,99.4177,5179.3400,0.0000,0.0000,Pass
D86-18,2444,450,141.9810,4.0033,67.6594,98.4365,3595.3900,0.0000,0.0000,Pass
D86-18,2444,451,142.8820,4.0052,72.9955,95.3339,4184.8700,0.0000,0.0000,Pass
D86-18,2444,452,144.3830,4.0117,82.8482,99.3525,5390.8300,0.0000,0.0000,Pass
D86-18,2444,453,142.1300,4.0035,67.7863,98.7325,3608.8900,0.0000,0.0000,Pass
D86-18,2444,454,142.2810,4.0037,67.1067,98.5913,3536.8900,0.0000,0.0000,Pass
D86-18,2444,455,142.4320,4.0032,70.1129,97.8777,3860.8800,0.0000,0.0000,Pass
D86-18,2444,456,142.5810,4.0048,74.9894,99.2553,4416.6100,0.0000,0.0000,Pass
D86-18,2444,457,142.7310,4.0054,73.9701,98.5198,4297.3700,0.0000,0.0000,Pass
D86-18,2444,458,143.0320,4.0065,102.1850,98.0506,8201.0000,0.0000,0.0000,Pass
D86-18,2444,459,143.1800,4.0075,99.3279,98.5150,7748.7600,0.0000,0.0000,Pass
D86-18,2444,460,143.3300,4.0094,88.1748,98.5760,6106.3100,0.0000,0.0000,Pass
D86-18,2444,461,143.4810,4.0085,77.1732,99.7837,4677.6000,0.0000,0.0000,Pass
D86-18,2444,462,143.6320,4.0077,71.1875,98.3650,3980.1300,0.0000,0.0000,Pass
D86-18,2444,463,143.7830,4.0078,72.3846,99.1654,4115.1200,0.0000,0.0000,Pass
D86-18,2444,464,143.9340,4.0074,74.8747,98.5648,4403.1100,0.0000,0.0000,Pass
D86-18,2444,465,144.0840,4.0076,81.9617,97.1722,5276.0900,0.0000,0.0000,Pass
D86-18,2444,466,144.2330,4.0115,84.7286,98.9853,5638.3200,0.0000,0.0000,Pass
D86-18,2444,467,144.5340,4.0118,80.4269,98.9301,5080.3400,0.0000,0.0000,Pass
D86-18,2444,468,144.6840,4.0122,80.3735,99.4078,5073.5900,0.0000,0.0000,Pass
D86-18,2444,469,144.8350,4.0133,79.7832,99.6889,4999.3400,0.0000,0.0000,Pass
D86-18,2444,470,144.9850,4.0135,80.2486,98.8995,5057.8400,0.0000,0.0000,Pass
D86-18,2444,471,145.1360,4.0139,80.5693,98.2788,5098.3400,0.0000,0.0000,Pass
D86-18,2444,472,145.5870,4.0153,79.0075,99.3859,4902.6000,0.0000,0.0000,Pass
D86-18,2444,473,145.7380,4.0159,78.1691,98.9802,4799.1000,0.0000,0.0000,Pass
D86-18,2444,474,145.2870,4.0143,79.8012,99.8300,5001.5900,0.0000,0.0000,Pass
D86-18,2444,475,145.4370,4.0145,79.5495,99.3360,4970.1000,0.0000,0.0000,Pass
D86-18,2444,476,145.8890,4.0160,78.9893,99.3815,4900.3500,0.0000,0.0000,Pass
D86-18,2444,477,146.0400,4.0166,82.6405,99.3464,5363.8300,0.0000,0.0000,Pass
D86-18,2444,478,142.1310,3.8529,67.8074,98.9812,3611.1400,0.0000,0.0000,Pass
D86-18,2444,479,142.2820,3.8526,68.6054,97.7217,3696.6300,0.0000,0.0000,Pass
D86-18,2444,480,142.4310,3.8540,75.5413,99.3282,4481.8600,0.0000,0.0000,Pass
D86-18,2444,481,142.5810,3.8544,74.7981,99.6645,4394.1100,0.0000,0.0000,Pass
D86-18,2444,482,142.7310,3.8551,72.3054,98.5299,4106.1200,0.0000,0.0000,Pass
D86-18,2444,483,142.8870,3.8527,94.0237,92.9348,6943.2800,0.0000,0.0000,Pass
D86-18,2444,484,143.1800,3.8584,90.8629,98.7020,6484.3000,0.0000,0.0000,Pass
D86-18,2444,485,143.7850,3.8563,76.0891,97.6579,4547.1100,0.0000,0.0000,Pass
D86-18,2444,486,143.9340,3.8576,84.1348,97.7257,5559.5800,0.0000,0.0000,Pass
D86-18,2444,487,144.0830,3.8592,83.3652,98.5218,5458.3300,0.0000,0.0000,Pass
D86-18,2444,488,144.2330,3.8609,82.2234,99.7063,5309.8300,0.0000,0.0000,Pass
D86-18,2444,489,144.3840,3.8611,81.5412,99.7817,5222.0900,0.0000,0.0000,Pass
D86-18,2444,490,144.5350,3.8607,81.4006,98.2207,5204.0900,0.0000,0.0000,Pass
D86-18,2444,491,144.8350,3.8612,82.4843,99.1917,5343.5800,0.0000,0.0000,Pass
D86-18,2444,492,144.9860,3.8619,81.7692,99.3761,5251.3400,0.0000,0.0000,Pass
D86-18,2444,493,145.1360,3.8624,81.0832,99.4027,5163.5900,0.0000,0.0000,Pass
D86-18,2444,494,143.0310,3.8569,98.8074,97.1607,7667.7600,0.0000,0.0000,Pass
D86-18,2444,495,143.3310,3.8576,75.9384,99.3295,4529.1100,0.0000,0.0000,Pass
D86-18,2444,496,143.4830,3.8569,71.4084,98.6914,4004.8800,0.0000,0.0000,Pass
D86-18,2444,497,143.6330,3.8575,72.6020,97.8394,4139.8700,0.0000,0.0000,Pass
D86-18,2444,498,144.6850,3.8612,82.0316,99.1031,5285.0800,0.0000,0.0000,Pass
D86-18,2444,499,145.2870,3.8633,80.5159,99.6767,5091.5900,0.0000,0.0000,Pass
D86-18,2444,500,145.4380,3.8638,79.3151,99.2627,4940.8500,0.0000,0.0000,Pass
D86-18,2444,501,145.5880,3.8637,78.8805,98.3323,4886.8500,0.0000,0.0000,Pass
D86-18,2444,502,145.7390,3.8640,78.4069,98.7335,4828.3500,0.0000,0.0000,Pass
D86-18,2444,503,145.8900,3.8650,78.7169,98.9682,4866.6000,0.0000,0.0000,Pass
D86-18,2479,1,-15.9177,7.0658,70.0925,98.9850,3858.6300,0.0000,0.0000,Pass
D86-18,2479,2,-15.6162,7.0669,70.0516,97.9276,3854.1300,0.0000,0.0000,Pass
D86-18,2479,3,-14.5627,7.0691,70.3780,98.9508,3890.1300,0.0000,0.0000,Pass
D86-18,2479,4,-17.8707,7.0590,70.4187,96.7050,3894.6300,0.0000,0.0000,Pass
D86-18,2479,5,-17.7202,7.0596,70.9254,99.4680,3950.8800,0.0000,0.0000,Pass
D86-18,2479,6,-17.5707,7.0596,70.8648,99.0072,3944.1300,0.0000,0.0000,Pass
D86-18,2479,7,-17.4202,7.0603,70.3577,98.9651,3887.8800,0.0000,0.0000,Pass
D86-18,2479,8,-17.2698,7.0603,70.1538,97.1069,3865.3800,0.0000,0.0000,Pass
D86-18,2479,9,-17.1195,7.0614,69.7648,99.8094,3822.6300,0.0000,0.0000,Pass
D86-18,2479,10,-16.9693,7.0608,69.3942,98.5380,3782.1300,0.0000,0.0000,Pass
D86-18,2479,11,-16.8188,7.0621,70.4797,99.7155,3901.3800,0.0000,0.0000,Pass
D86-18,2479,12,-16.6683,7.0620,70.6218,99.5822,3917.1300,0.0000,0.0000,Pass
D86-18,2479,13,-16.5188,7.0626,69.3116,98.4374,3773.1300,0.0000,0.0000,Pass
D86-18,2479,14,-16.3680,7.0630,69.9288,99.6672,3840.6300,0.0000,0.0000,Pass
D86-18,2479,15,-16.2173,7.0636,69.8469,97.7193,3831.6300,0.0000,0.0000,Pass
D86-18,2479,16,-16.0675,7.0640,69.5180,98.9073,3795.6300,0.0000,0.0000,Pass
D86-18,2479,17,-15.7669,7.0664,70.0925,98.8894,3858.6300,0.0000,0.0000,Pass
D86-18,2479,18,-15.4656,7.0668,70.2150,99.7862,3872.1300,0.0000,0.0000,Pass
D86-18,2479,19,-15.3151,7.0671,70.1742,98.9881,3867.6300,0.0000,0.0000,Pass
D86-18,2479,20,-15.1655,7.0679,69.9698,99.5695,3845.1300,0.0000,0.0000,Pass
D86-18,2479,21,-15.0146,7.0688,70.0107,98.8656,3849.6300,0.0000,0.0000,Pass
D86-18,2479,22,-14.8637,7.0689,70.1334,99.4573,3863.1300,0.0000,0.0000,Pass
D86-18,2479,23,-14.7132,7.0687,70.5610,99.1121,3910.3800,0.0000,0.0000,Pass
D86-18,2479,24,-14.4126,7.0704,70.9456,99.7084,3953.1300,0.0000,0.0000,Pass
D86-18,2479,25,-14.2615,7.0708,70.9658,97.9823,3955.3800,0.0000,0.0000,Pass
D86-18,2479,26,-14.1117,7.0714,71.4285,98.5959,4007.1300,0.0000,0.0000,Pass
D86-18,2479,27,-18.0205,6.9081,70.6826,98.7928,3923.8800,0.0000,0.0000,Pass
D86-18,2479,28,-17.8697,6.9084,69.9903,99.4553,3847.3800,0.0000,0.0000,Pass
D86-18,2479,29,-17.7203,6.9083,70.3780,98.7676,3890.1300,0.0000,0.0000,Pass
D86-18,2479,30,-17.5701,6.9089,69.7237,98.5780,3818.1300,0.0000,0.0000,Pass
D86-18,2479,31,-17.1188,6.9108,70.1946,99.1875,3869.8800,0.0000,0.0000,Pass
D86-18,2479,32,-16.3673,6.9130,69.2289,98.5107,3764.1300,0.0000,0.0000,Pass
D86-18,2479,33,-15.9171,6.9149,69.1875,98.9237,3759.6300,0.0000,0.0000,Pass
D86-18,2479,34,-15.6159,6.9162,70.1742,98.8980,3867.6300,0.0000,0.0000,Pass
D86-18,2479,35,-15.4656,6.9166,70.0721,98.5001,3856.3800,0.0000,0.0000,Pass
D86-18,2479,36,-15.3153,6.9173,69.8879,99.2444,3836.1300,0.0000,0.0000,Pass
D86-18,2479,37,-14.8636,6.9183,69.5180,99.5153,3795.6300,0.0000,0.0000,Pass
D86-18,2479,38,-14.7129,6.9194,70.3780,99.2081,3890.1300,0.0000,0.0000,Pass
D86-18,2479,39,-14.1110,6.9211,70.7434,97.4811,3930.6300,0.0000,0.0000,Pass
D86-18,2479,40,-17.4197,6.9095,70.0925,98.9074,3858.6300,0.0000,0.0000,Pass
D86-18,2479,41,-17.2694,6.9102,69.5386,98.8088,3797.8800,0.0000,0.0000,Pass
D86-18,2479,42,-16.9686,6.9110,69.0839,97.8727,3748.3800,0.0000,0.0000,Pass
D86-18,2479,43,-16.8185,6.9117,69.2289,98.1571,3764.1300,0.0000,0.0000,Pass
D86-18,2479,44,-16.6683,6.9116,69.1461,99.2823,3755.1300,0.0000,0.0000,Pass
D86-18,2479,45,-16.5180,6.9120,69.8469,99.2221,3831.6300,0.0000,0.0000,Pass
D86-18,2479,46,-16.2167,6.9129,69.2910,99.0056,3770.8800,0.0000,0.0000,Pass
D86-18,2479,47,-16.0666,6.9132,69.7237,98.7568,3818.1300,0.0000,0.0000,Pass
D86-18,2479,48,-15.7662,6.9159,69.9903,98.9727,3847.3800,0.0000,0.0000,Pass
D86-18,2479,49,-15.1644,6.9180,70.0516,99.6991,3854.1300,0.0000,0.0000,Pass
D86-18,2479,50,-15.0137,6.9178,69.8058,99.4927,3827.1300,0.0000,0.0000,Pass
D86-18,2479,51,-14.5630,6.9200,68.8555,98.3132,3723.6300,0.0000,0.0000,Pass
D86-18,2479,52,-14.4122,6.9199,69.9698,97.9649,3845.1300,0.0000,0.0000,Pass
D86-18,2479,53,-14.2613,6.9210,70.2354,99.3805,3874.3800,0.0000,0.0000,Pass
D86-18,2479,54,-13.9606,6.9218,71.5487,97.4288,4020.6200,0.0000,0.0000,Pass
D86-18,2479,55,-18.0197,6.7566,70.4797,97.3468,3901.3800,0.0000,0.0000,Pass
D86-18,2479,56,-17.8692,6.7584,69.3116,98.8054,3773.1300,0.0000,0.0000,Pass
D86-18,2479,57,-17.7197,6.7585,69.5798,98.8254,3802.3800,0.0000,0.0000,Pass
D86-18,2479,58,-17.5695,6.7584,69.6620,97.6241,3811.3800,0.0000,0.0000,Pass
D86-18,2479,59,-17.4192,6.7590,69.2082,97.2671,3761.8800,0.0000,0.0000,Pass
D86-18,2479,60,-17.2690,6.7602,69.0424,97.7400,3743.8800,0.0000,0.0000,Pass
D86-18,2479,61,-17.1185,6.7599,69.3529,99.5741,3777.6300,0.0000,0.0000,Pass
D86-18,2479,62,-16.8175,6.7612,69.4768,99.0598,3791.1300,0.0000,0.0000,Pass
D86-18,2479,63,-16.6679,6.7615,69.5798,98.0697,3802.3800,0.0000,0.0000,Pass
D86-18,2479,64,-16.5171,6.7617,69.7853,99.3829,3824.8800,0.0000,0.0000,Pass
D86-18,2479,65,-16.0662,6.7625,69.6003,98.8658,3804.6300,0.0000,0.0000,Pass
D86-18,2479,66,-15.9166,6.7644,69.9288,99.6723,3840.6300,0.0000,0.0000,Pass
D86-18,2479,67,-15.7662,6.7653,69.9084,99.2851,3838.3800,0.0000,0.0000,Pass
D86-18,2479,68,-15.6155,6.7653,70.2966,99.1743,3881.1300,0.0000,0.0000,Pass
D86-18,2479,69,-15.4651,6.7661,69.7853,98.5581,3824.8800,0.0000,0.0000,Pass
D86-18,2479,70,-15.3144,6.7666,70.3780,99.4737,3890.1300,0.0000,0.0000,Pass
D86-18,2479,71,-15.1644,6.7665,70.5203,98.8710,3905.8800,0.0000,0.0000,Pass
D86-18,2479,72,-14.7127,6.7685,69.7237,98.7838,3818.1300,0.0000,0.0000,Pass
D86-18,2479,73,-14.5620,6.7689,69.9698,97.8636,3845.1300,0.0000,0.0000,Pass
D86-18,2479,74,-14.4110,6.7692,69.2289,96.9255,3764.1300,0.0000,0.0000,Pass
D86-18,2479,75,-14.2613,6.7697,69.9698,96.9813,3845.1300,0.0000,0.0000,Pass
D86-18,2479,76,-14.1106,6.7705,70.5610,97.2646,3910.3800,0.0000,0.0000,Pass
D86-18,2479,77,-16.9684,6.7604,69.6415,98.2211,3809.1300,0.0000,0.0000,Pass
D86-18,2479,78,-16.3667,6.7615,68.9594,99.5671,3734.8800,0.0000,0.0000,Pass
D86-18,2479,79,-16.2165,6.7625,69.3116,98.0202,3773.1300,0.0000,0.0000,Pass
D86-18,2479,80,-15.0136,6.7669,69.7853,98.5438,3824.8800,0.0000,0.0000,Pass
D86-18,2479,81,-14.8630,6.7680,69.8263,99.1844,3829.3800,0.0000,0.0000,Pass
D86-18,2479,82,-13.9599,6.7702,71.2880,98.4495,3991.3800,0.0000,0.0000,Pass
D86-18,2479,83,-18.0191,6.6068,70.0516,99.0845,3854.1300,0.0000,0.0000,Pass
D86-18,2479,84,-17.7188,6.6081,69.1461,99.0234,3755.1300,0.0000,0.0000,Pass
D86-18,2479,85,-15.0134,6.6170,70.0925,98.1409,3858.6300,0.0000,0.0000,Pass
D86-18,2479,86,-14.1098,6.6203,70.0516,98.4886,3854.1300,0.0000,0.0000,Pass
D86-18,2479,87,-17.8687,6.6072,69.4355,98.1707,3786.6300,0.0000,0.0000,Pass
D86-18,2479,88,-17.5680,6.6078,69.3116,98.2535,3773.1300,0.0000,0.0000,Pass
D86-18,2479,89,-17.4182,6.6088,68.7722,98.8656,3714.6300,0.0000,0.0000,Pass
D86-18,2479,90,-17.2685,6.6091,69.3942,97.4751,3782.1300,0.0000,0.0000,Pass
D86-18,2479,91,-17.1178,6.6100,69.5592,99.4515,3800.1300,0.0000,0.0000,Pass
D86-18,2479,92,-16.9683,6.6107,69.6826,99.2963,3813.6300,0.0000,0.0000,Pass
D86-18,2479,93,-16.8174,6.6109,69.3942,98.7330,3782.1300,0.0000,0.0000,Pass
D86-18,2479,94,-16.6669,6.6104,70.2966,99.3482,3881.1300,0.0000,0.0000,Pass
D86-18,2479,95,-16.5171,6.6113,69.9698,99.1464,3845.1300,0.0000,0.0000,Pass
D86-18,2479,96,-16.3666,6.6120,70.0312,98.5745,3851.8800,0.0000,0.0000,Pass
D86-18,2479,97,-16.2161,6.6122,70.0312,99.5082,3851.8800,0.0000,0.0000,Pass
D86-18,2479,98,-16.0658,6.6126,70.4390,98.7522,3896.8800,0.0000,0.0000,Pass
D86-18,2479,99,-15.9161,6.6140,70.5813,99.7313,3912.6300,0.0000,0.0000,Pass
D86-18,2479,100,-15.7659,6.6151,70.3780,98.7574,3890.1300,0.0000,0.0000,Pass
D86-18,2479,101,-15.6152,6.6151,70.2354,98.9540,3874.3800,0.0000,0.0000,Pass
D86-18,2479,102,-15.4647,6.6165,70.4594,99.0292,3899.1300,0.0000,0.0000,Pass
D86-18,2479,103,-15.3138,6.6160,70.6218,98.5449,3917.1300,0.0000,0.0000,Pass
D86-18,2479,104,-15.1635,6.6164,70.4390,98.4109,3896.8800,0.0000,0.0000,Pass
D86-18,2479,105,-14.8626,6.6177,70.3373,98.3542,3885.6300,0.0000,0.0000,Pass
D86-18,2479,106,-14.7126,6.6180,70.0312,98.7669,3851.8800,0.0000,0.0000,Pass
D86-18,2479,107,-14.5614,6.6190,69.3323,98.8678,3775.3800,0.0000,0.0000,Pass
D86-18,2479,108,-14.4111,6.6189,69.9084,99.5089,3838.3800,0.0000,0.0000,Pass
D86-18,2479,109,-14.2605,6.6198,69.7648,98.2838,3822.6300,0.0000,0.0000,Pass
D86-18,2479,110,-13.9598,6.6208,70.6421,98.7129,3919.3800,0.0000,0.0000,Pass
D86-18,2479,111,-18.0194,6.4573,69.8058,98.4759,3827.1300,0.0000,0.0000,Pass
D86-18,2479,112,-17.8687,6.4566,69.8263,97.8702,3829.3800,0.0000,0.0000,Pass
D86-18,2479,113,-17.7184,6.4573,69.6826,98.6106,3813.6300,0.0000,0.0000,Pass
D86-18,2479,114,-17.5686,6.4577,68.8971,98.8080,3728.1300,0.0000,0.0000,Pass
D86-18,2479,115,-17.2676,6.4588,69.7648,98.6205,3822.6300,0.0000,0.0000,Pass
D86-18,2479,116,-17.1178,6.4590,70.1334,98.8605,3863.1300,0.0000,0.0000,Pass
D86-18,2479,117,-16.9675,6.4593,69.8674,98.3782,3833.8800,0.0000,0.0000,Pass
D86-18,2479,118,-16.8173,6.4595,69.8879,98.4537,3836.1300,0.0000,0.0000,Pass
D86-18,2479,119,-16.5161,6.4614,70.4187,98.8804,3894.6300,0.0000,0.0000,Pass
D86-18,2479,120,-16.3660,6.4615,70.8244,99.6043,3939.6300,0.0000,0.0000,Pass
D86-18,2479,121,-15.9158,6.4642,71.3884,98.9594,4002.6300,0.0000,0.0000,Pass
D86-18,2479,122,-15.7647,6.4645,71.3081,99.3576,3993.6300,0.0000,0.0000,Pass
D86-18,2479,123,-15.4645,6.4653,71.2277,99.5946,3984.6300,0.0000,0.0000,Pass
D86-18,2479,124,-15.3133,6.4651,71.5087,99.4979,4016.1200,0.0000,0.0000,Pass
D86-18,2479,125,-15.1629,6.4666,71.2277,98.5699,3984.6300,0.0000,0.0000,Pass
D86-18,2479,126,-14.5615,6.4682,69.5798,98.8403,3802.3800,0.0000,0.0000,Pass
D86-18,2479,127,-14.4102,6.4686,69.5386,98.9730,3797.8800,0.0000,0.0000,Pass
D86-18,2479,128,-17.4177,6.4586,69.0009,99.1769,3739.3800,0.0000,0.0000,Pass
D86-18,2479,129,-16.6668,6.4604,70.3780,98.8803,3890.1300,0.0000,0.0000,Pass
D86-18,2479,130,-16.2156,6.4613,70.8446,99.3679,3941.8800,0.0000,0.0000,Pass
D86-18,2479,131,-16.0656,6.4621,70.3780,98.8794,3890.1300,0.0000,0.0000,Pass
D86-18,2479,132,-15.6141,6.4650,71.2880,99.2717,3991.3800,0.0000,0.0000,Pass
D86-18,2479,133,-15.0128,6.4666,70.8648,98.5027,3944.1300,0.0000,0.0000,Pass
D86-18,2479,134,-14.8624,6.4671,70.4390,98.1684,3896.8800,0.0000,0.0000,Pass
D86-18,2479,135,-14.7120,6.4680,70.3984,98.8957,3892.3800,0.0000,0.0000,Pass
D86-18,2479,136,-14.2599,6.4695,69.8058,98.2752,3827.1300,0.0000,0.0000,Pass
D86-18,2479,137,-14.1097,6.4700,70.5000,98.8555,3903.6300,0.0000,0.0000,Pass
D86-18,2479,138,-13.9585,6.4700,70.6421,99.3468,3919.3800,0.0000,0.0000,Pass
D86-18,2479,139,-17.8687,6.3069,69.0424,98.1493,3743.8800,0.0000,0.0000,Pass
D86-18,2479,140,-18.0184,6.3058,69.5180,97.6979,3795.6300,0.0000,0.0000,Pass
D86-18,2479,141,-17.7178,6.3068,68.8971,99.0981,3728.1300,0.0000,0.0000,Pass
D86-18,2479,142,-17.5678,6.3081,69.3116,99.4361,3773.1300,0.0000,0.0000,Pass
D86-18,2479,143,-17.4180,6.3077,69.2082,98.6491,3761.8800,0.0000,0.0000,Pass
D86-18,2479,144,-14.5608,6.3186,70.5203,99.2526,3905.8800,0.0000,0.0000,Pass
D86-18,2479,145,-14.2597,6.3184,69.3942,97.9439,3782.1300,0.0000,0.0000,Pass
D86-18,2479,146,-13.9588,6.3197,70.0516,99.4283,3854.1300,0.0000,0.0000,Pass
D86-18,2479,147,-14.4102,6.3182,70.0925,98.7966,3858.6300,0.0000,0.0000,Pass
D86-18,2479,148,-14.1092,6.3185,69.8058,98.8551,3827.1300,0.0000,0.0000,Pass
D86-18,2479,149,-18.0177,6.1557,69.5592,98.6300,3800.1300,0.0000,0.0000,Pass
D86-18,2479,150,-17.8680,6.1558,68.9594,99.0119,3734.8800,0.0000,0.0000,Pass
D86-18,2479,151,-17.7179,6.1562,69.1875,97.4346,3759.6300,0.0000,0.0000,Pass
D86-18,2479,152,-17.5678,6.1570,69.2910,99.8639,3770.8800,0.0000,0.0000,Pass
D86-18,2479,153,-17.4169,6.1570,69.6826,98.8529,3813.6300,0.0000,0.0000,Pass
D86-18,2479,154,-14.5603,6.1673,69.9084,99.4443,3838.3800,0.0000,0.0000,Pass
D86-18,2479,155,-14.4103,6.1680,69.9288,99.1783,3840.6300,0.0000,0.0000,Pass
D86-18,2479,156,-14.2594,6.1686,69.1461,99.5905,3755.1300,0.0000,0.0000,Pass
D86-18,2479,157,-13.9576,6.1696,70.5813,99.3107,3912.6300,0.0000,0.0000,Pass
D86-18,2479,158,-14.1084,6.1688,69.7442,98.7342,3820.3800,0.0000,0.0000,Pass
D86-18,2479,159,-16.8900,6.0512,70.8244,99.5592,3939.6300,0.0000,0.0000,Pass
D86-18,2479,160,-15.9000,6.0550,70.7232,99.3111,3928.3800,0.0000,0.0000,Pass
D86-18,2479,161,-15.4048,6.0564,70.9052,99.2241,3948.6300,0.0000,0.0000,Pass
D86-18,2479,162,-16.7244,6.0519,70.8850,98.7340,3946.3800,0.0000,0.0000,Pass
D86-18,2479,163,-16.5598,6.0519,71.4084,98.4730,4004.8800,0.0000,0.0000,Pass
D86-18,2479,164,-16.3945,6.0526,71.0061,98.4160,3959.8800,0.0000,0.0000,Pass
D86-18,2479,165,-16.2295,6.0534,70.8648,99.1855,3944.1300,0.0000,0.0000,Pass
D86-18,2479,166,-16.0647,6.0536,70.5000,99.8281,3903.6300,0.0000,0.0000,Pass
D86-18,2479,167,-15.7343,6.0555,70.9860,97.9334,3957.6300,0.0000,0.0000,Pass
D86-18,2479,168,-15.5694,6.0561,70.8648,99.7507,3944.1300,0.0000,0.0000,Pass
D86-18,2479,169,-15.2393,6.0576,71.0868,98.4743,3968.8800,0.0000,0.0000,Pass
D86-18,2479,170,-15.0740,6.0575,71.1069,99.6868,3971.1300,0.0000,0.0000,Pass
D86-18,2479,171,-14.9097,6.0583,71.5287,99.1839,4018.3700,0.0000,0.0000,Pass
D86-18,2479,172,-18.0175,6.0054,70.0721,98.7509,3856.3800,0.0000,0.0000,Pass
D86-18,2479,173,-17.8668,6.0058,69.5180,99.0479,3795.6300,0.0000,0.0000,Pass
D86-18,2479,174,-17.7173,6.0063,69.5592,98.2083,3800.1300,0.0000,0.0000,Pass
D86-18,2479,175,-17.5673,6.0065,69.4149,97.8032,3784.3800,0.0000,0.0000,Pass
D86-18,2479,176,-17.4161,6.0073,70.0516,99.4197,3854.1300,0.0000,0.0000,Pass
D86-18,2479,177,-14.1081,6.0179,69.8469,97.5018,3831.6300,0.0000,0.0000,Pass
D86-18,2479,178,-14.5597,6.0174,70.4187,98.5608,3894.6300,0.0000,0.0000,Pass
D86-18,2479,179,-14.4092,6.0176,69.9288,98.9391,3840.6300,0.0000,0.0000,Pass
D86-18,2479,180,-14.2593,6.0178,69.7032,98.2315,3815.8800,0.0000,0.0000,Pass
D86-18,2479,181,-13.9581,6.0191,70.2558,98.9045,3876.6300,0.0000,0.0000,Pass
D86-18,2479,182,-17.0539,5.8846,70.5203,99.4231,3905.8800,0.0000,0.0000,Pass
D86-18,2479,183,-16.8892,5.8863,70.8244,98.2878,3939.6300,0.0000,0.0000,Pass
D86-18,2479,184,-16.7242,5.8861,69.9698,98.4263,3845.1300,0.0000,0.0000,Pass
D86-18,2479,185,-16.5590,5.8869,70.4594,99.5035,3899.1300,0.0000,0.0000,Pass
D86-18,2479,186,-16.3936,5.8874,70.1742,99.2575,3867.6300,0.0000,0.0000,Pass
D86-18,2479,187,-16.2285,5.8878,70.3169,98.3880,3883.3800,0.0000,0.0000,Pass
D86-18,2479,188,-16.0642,5.8883,70.0516,99.0264,3854.1300,0.0000,0.0000,Pass
D86-18,2479,189,-15.9000,5.8903,70.3169,97.6678,3883.3800,0.0000,0.0000,Pass
D86-18,2479,190,-15.7346,5.8909,69.9698,99.1719,3845.1300,0.0000,0.0000,Pass
D86-18,2479,191,-15.5687,5.8915,69.7237,99.0013,3818.1300,0.0000,0.0000,Pass
D86-18,2479,192,-15.4042,5.8917,70.6218,99.8215,3917.1300,0.0000,0.0000,Pass
D86-18,2479,193,-15.2396,5.8921,70.7839,98.4081,3935.1300,0.0000,0.0000,Pass
D86-18,2479,194,-14.9091,5.8936,70.9254,99.3137,3950.8800,0.0000,0.0000,Pass
D86-18,2479,195,-15.0739,5.8929,71.2277,98.6151,3984.6300,0.0000,0.0000,Pass
D86-18,2479,196,-18.0165,5.8553,69.6003,98.7180,3804.6300,0.0000,0.0000,Pass
D86-18,2479,197,-17.8667,5.8551,69.2082,97.5898,3761.8800,0.0000,0.0000,Pass
D86-18,2479,198,-17.7164,5.8563,69.4561,99.1279,3788.8800,0.0000,0.0000,Pass
D86-18,2479,199,-17.5666,5.8560,69.4974,98.7249,3793.3800,0.0000,0.0000,Pass
D86-18,2479,200,-17.4159,5.8565,69.9698,98.3603,3845.1300,0.0000,0.0000,Pass
D86-18,2479,201,-14.5598,5.8664,70.4187,98.6262,3894.6300,0.0000,0.0000,Pass
D86-18,2479,202,-14.4090,5.8668,69.6826,99.5025,3813.6300,0.0000,0.0000,Pass
D86-18,2479,203,-14.2579,5.8676,69.4768,99.2237,3791.1300,0.0000,0.0000,Pass
D86-18,2479,204,-14.1079,5.8679,69.7032,98.8037,3815.8800,0.0000,0.0000,Pass
D86-18,2479,205,-13.9576,5.8680,69.6826,99.5559,3813.6300,0.0000,0.0000,Pass
D86-18,2479,206,-17.0532,5.7206,70.5406,98.8919,3908.1300,0.0000,0.0000,Pass
D86-18,2479,207,-16.8882,5.7208,70.9254,99.7599,3950.8800,0.0000,0.0000,Pass
D86-18,2479,208,-16.7237,5.7213,70.5000,99.3890,3903.6300,0.0000,0.0000,Pass
D86-18,2479,209,-16.2286,5.7229,70.1334,99.8296,3863.1300,0.0000,0.0000,Pass
D86-18,2479,210,-15.8986,5.7259,69.8879,99.0049,3836.1300,0.0000,0.0000,Pass
D86-18,2479,211,-15.4037,5.7263,69.6826,99.5106,3813.6300,0.0000,0.0000,Pass
D86-18,2479,212,-15.2385,5.7273,70.2762,98.1992,3878.8800,0.0000,0.0000,Pass
D86-18,2479,213,-15.0734,5.7276,71.0868,99.1804,3968.8800,0.0000,0.0000,Pass
D86-18,2479,214,-16.5585,5.7221,70.2558,97.3272,3876.6300,0.0000,0.0000,Pass
D86-18,2479,215,-16.3935,5.7227,70.2762,98.1854,3878.8800,0.0000,0.0000,Pass
D86-18,2479,216,-16.0631,5.7228,69.2082,99.8123,3761.8800,0.0000,0.0000,Pass
D86-18,2479,217,-15.7337,5.7258,69.3529,99.0208,3777.6300,0.0000,0.0000,Pass
D86-18,2479,218,-15.5686,5.7252,69.7442,99.3837,3820.3800,0.0000,0.0000,Pass
D86-18,2479,219,-14.9091,5.7287,71.2880,98.9943,3991.3800,0.0000,0.0000,Pass
D86-18,2479,220,-18.0165,5.7049,69.9084,99.6794,3838.3800,0.0000,0.0000,Pass
D86-18,2479,221,-17.8663,5.7049,69.8263,99.6561,3829.3800,0.0000,0.0000,Pass
D86-18,2479,222,-17.7159,5.7056,69.5180,97.6163,3795.6300,0.0000,0.0000,Pass
D86-18,2479,223,-17.5664,5.7056,69.4561,99.2577,3788.8800,0.0000,0.0000,Pass
D86-18,2479,224,-17.4151,5.7063,69.3116,99.3205,3773.1300,0.0000,0.0000,Pass
D86-18,2479,225,-14.5596,5.7162,70.0516,99.7948,3854.1300,0.0000,0.0000,Pass
D86-18,2479,226,-14.4081,5.7171,70.2558,98.8263,3876.6300,0.0000,0.0000,Pass
D86-18,2479,227,-14.2580,5.7172,69.3736,99.3592,3779.8800,0.0000,0.0000,Pass
D86-18,2479,228,-14.1068,5.7173,69.5592,98.2829,3800.1300,0.0000,0.0000,Pass
D86-18,2479,229,-13.9570,5.7181,70.4797,98.5996,3901.3800,0.0000,0.0000,Pass
D86-18,2479,230,-18.0156,5.5545,69.3116,99.5171,3773.1300,0.0000,0.0000,Pass
D86-18,2479,231,-17.5650,5.5556,69.6209,99.1664,3806.8800,0.0000,0.0000,Pass
D86-18,2479,232,-17.4148,5.5555,69.4355,99.7723,3786.6300,0.0000,0.0000,Pass
D86-18,2479,233,-15.7335,5.5599,68.8347,98.8031,3721.3800,0.0000,0.0000,Pass
D86-18,2479,234,-14.5583,5.5663,70.5406,99.9116,3908.1300,0.0000,0.0000,Pass
D86-18,2479,235,-14.4084,5.5663,69.8674,98.5157,3833.8800,0.0000,0.0000,Pass
D86-18,2479,236,-14.2574,5.5674,69.6209,98.5007,3806.8800,0.0000,0.0000,Pass
D86-18,2479,237,-14.1068,5.5673,69.8263,98.6852,3829.3800,0.0000,0.0000,Pass
D86-18,2479,238,-13.9558,5.5679,70.3169,98.2880,3883.3800,0.0000,0.0000,Pass
D86-18,2479,239,-17.0528,5.5561,70.3373,98.9479,3885.6300,0.0000,0.0000,Pass
D86-18,2479,240,-16.8882,5.5558,70.0107,98.1567,3849.6300,0.0000,0.0000,Pass
D86-18,2479,241,-16.7227,5.5567,70.4594,99.4001,3899.1300,0.0000,0.0000,Pass
D86-18,2479,242,-16.5581,5.5572,70.2966,98.6833,3881.1300,0.0000,0.0000,Pass
D86-18,2479,243,-16.3933,5.5568,70.1742,98.5540,3867.6300,0.0000,0.0000,Pass
D86-18,2479,244,-16.2279,5.5578,69.3529,99.0941,3777.6300,0.0000,0.0000,Pass
D86-18,2479,245,-15.8986,5.5596,69.1047,98.8216,3750.6300,0.0000,0.0000,Pass
D86-18,2479,246,-15.5680,5.5614,69.0839,97.4827,3748.3800,0.0000,0.0000,Pass
D86-18,2479,247,-15.4033,5.5615,69.2082,99.4491,3761.8800,0.0000,0.0000,Pass
D86-18,2479,248,-15.2382,5.5617,69.2496,99.0040,3766.3800,0.0000,0.0000,Pass
D86-18,2479,249,-15.0732,5.5628,70.7232,97.7804,3928.3800,0.0000,0.0000,Pass
D86-18,2479,250,-14.9079,5.5634,70.7839,99.2036,3935.1300,0.0000,0.0000,Pass
D86-18,2479,251,-16.0628,5.5583,69.0632,99.5326,3746.1300,0.0000,0.0000,Pass
D86-18,2479,252,-18.0157,5.4031,69.3323,98.9515,3775.3800,0.0000,0.0000,Pass
D86-18,2479,253,-17.8651,5.4033,69.4355,99.2173,3786.6300,0.0000,0.0000,Pass
D86-18,2479,254,-17.7155,5.4041,69.5592,99.0421,3800.1300,0.0000,0.0000,Pass
D86-18,2479,255,-17.5650,5.4050,68.8347,97.6206,3721.3800,0.0000,0.0000,Pass
D86-18,2479,256,-17.4145,5.4054,69.6620,98.7390,3811.3800,0.0000,0.0000,Pass
D86-18,2479,257,-14.5577,5.4156,70.2966,99.7211,3881.1300,0.0000,0.0000,Pass
D86-18,2479,258,-14.4075,5.4160,69.4974,98.4536,3793.3800,0.0000,0.0000,Pass
D86-18,2479,259,-14.1062,5.4173,69.1875,99.3831,3759.6300,0.0000,0.0000,Pass
D86-18,2479,260,-14.2570,5.4167,69.7442,98.9264,3820.3800,0.0000,0.0000,Pass
D86-18,2479,261,-13.9551,5.4174,70.2966,99.1384,3881.1300,0.0000,0.0000,Pass
D86-18,2479,262,-17.0522,5.3896,71.1271,99.5018,3973.3800,0.0000,0.0000,Pass
D86-18,2479,263,-16.7224,5.3918,70.5000,98.4647,3903.6300,0.0000,0.0000,Pass
D86-18,2479,264,-16.5567,5.3918,69.8469,97.4575,3831.6300,0.0000,0.0000,Pass
D86-18,2479,265,-16.3924,5.3926,69.7237,99.1623,3818.1300,0.0000,0.0000,Pass
D86-18,2479,266,-16.2271,5.3929,69.7442,99.6733,3820.3800,0.0000,0.0000,Pass
D86-18,2479,267,-16.0627,5.3928,68.9594,98.9534,3734.8800,0.0000,0.0000,Pass
D86-18,2479,268,-15.8979,5.3946,68.9594,99.2851,3734.8800,0.0000,0.0000,Pass
D86-18,2479,269,-15.5675,5.3960,68.6471,99.4254,3701.1300,0.0000,0.0000,Pass
D86-18,2479,270,-15.4034,5.3969,69.1875,98.3695,3759.6300,0.0000,0.0000,Pass
D86-18,2479,271,-15.2380,5.3969,69.2703,99.3026,3768.6300,0.0000,0.0000,Pass
D86-18,2479,272,-15.0716,5.3977,71.0666,98.2896,3966.6300,0.0000,0.0000,Pass
D86-18,2479,273,-16.8874,5.3910,70.5406,98.4604,3908.1300,0.0000,0.0000,Pass
D86-18,2479,274,-15.7330,5.3956,68.7722,98.4791,3714.6300,0.0000,0.0000,Pass
D86-18,2479,275,-14.9074,5.3974,71.1875,99.1582,3980.1300,0.0000,0.0000,Pass
D86-18,2479,276,-17.8647,5.2541,69.2496,98.1409,3766.3800,0.0000,0.0000,Pass
D86-18,2479,277,-17.7137,5.2545,69.2496,98.8591,3766.3800,0.0000,0.0000,Pass
D86-18,2479,278,-18.0150,5.2536,69.7442,98.7300,3820.3800,0.0000,0.0000,Pass
D86-18,2479,279,-17.5646,5.2545,69.3116,98.9051,3773.1300,0.0000,0.0000,Pass
D86-18,2479,280,-17.4143,5.2549,70.1334,99.2220,3863.1300,0.0000,0.0000,Pass
D86-18,2479,281,-14.5571,5.2654,70.3984,99.3747,3892.3800,0.0000,0.0000,Pass
D86-18,2479,282,-14.4071,5.2654,69.9698,98.6879,3845.1300,0.0000,0.0000,Pass
D86-18,2479,283,-14.2565,5.2662,69.7442,98.8171,3820.3800,0.0000,0.0000,Pass
D86-18,2479,284,-14.1062,5.2667,69.6003,99.6407,3804.6300,0.0000,0.0000,Pass
D86-18,2479,285,-13.9547,5.2669,70.2762,98.7898,3878.8800,0.0000,0.0000,Pass
D86-18,2479,286,-16.5570,5.2270,70.3169,98.8477,3883.3800,0.0000,0.0000,Pass
D86-18,2479,287,-15.8971,5.2300,69.0424,98.9391,3743.8800,0.0000,0.0000,Pass
D86-18,2479,288,-15.5672,5.2312,69.1254,99.3323,3752.8800,0.0000,0.0000,Pass
D86-18,2479,289,-17.0517,5.2242,70.7637,99.1753,3932.8800,0.0000,0.0000,Pass
D86-18,2479,290,-16.8871,5.2258,71.1069,99.7411,3971.1300,0.0000,0.0000,Pass
D86-18,2479,291,-16.7216,5.2259,70.9052,99.2432,3948.6300,0.0000,0.0000,Pass
D86-18,2479,292,-16.3920,5.2269,69.7237,98.2029,3818.1300,0.0000,0.0000,Pass
D86-18,2479,293,-16.2269,5.2270,69.1668,99.6255,3757.3800,0.0000,0.0000,Pass
D86-18,2479,294,-16.0616,5.2277,68.8555,99.5423,3723.6300,0.0000,0.0000,Pass
D86-18,2479,295,-15.7326,5.2312,68.8347,98.9359,3721.3800,0.0000,0.0000,Pass
D86-18,2479,296,-15.4022,5.2315,69.5798,99.5595,3802.3800,0.0000,0.0000,Pass
D86-18,2479,297,-15.2365,5.2320,69.9288,99.1367,3840.6300,0.0000,0.0000,Pass
D86-18,2479,298,-15.0723,5.2327,70.3577,99.3444,3887.8800,0.0000,0.0000,Pass
D86-18,2479,299,-14.9062,5.2329,70.8850,99.0278,3946.3800,0.0000,0.0000,Pass
D86-18,2479,300,-18.0146,5.1044,70.0312,99.0847,3851.8800,0.0000,0.0000,Pass
D86-18,2479,301,-17.8640,5.1045,69.4974,98.9487,3793.3800,0.0000,0.0000,Pass
D86-18,2479,302,-17.7137,5.1051,69.5592,99.3262,3800.1300,0.0000,0.0000,Pass
D86-18,2479,303,-17.5634,5.1050,70.0107,98.9402,3849.6300,0.0000,0.0000,Pass
D86-18,2479,304,-17.4131,5.1058,70.0925,99.6302,3858.6300,0.0000,0.0000,Pass
D86-18,2479,305,-14.5571,5.1160,70.4390,98.6126,3896.8800,0.0000,0.0000,Pass
D86-18,2479,306,-14.4069,5.1169,70.0312,97.6985,3851.8800,0.0000,0.0000,Pass
D86-18,2479,307,-14.2563,5.1164,69.9698,97.6447,3845.1300,0.0000,0.0000,Pass
D86-18,2479,308,-14.1051,5.1174,69.4355,98.9643,3786.6300,0.0000,0.0000,Pass
D86-18,2479,309,-13.9543,5.1176,69.8674,98.4602,3833.8800,0.0000,0.0000,Pass
D86-18,2479,310,-17.0517,5.0607,71.3282,98.4040,3995.8800,0.0000,0.0000,Pass
D86-18,2479,311,-16.8864,5.0612,71.4084,98.2050,4004.8800,0.0000,0.0000,Pass
D86-18,2479,312,-16.7212,5.0619,71.6287,99.8125,4029.6200,0.0000,0.0000,Pass
D86-18,2479,313,-16.5570,5.0631,70.4594,98.0918,3899.1300,0.0000,0.0000,Pass
D86-18,2479,314,-16.3914,5.0629,70.2558,98.6638,3876.6300,0.0000,0.0000,Pass
D86-18,2479,315,-16.2259,5.0633,70.2354,98.6208,3874.3800,0.0000,0.0000,Pass
D86-18,2479,316,-15.8971,5.0665,68.8347,99.1905,3721.3800,0.0000,0.0000,Pass
D86-18,2479,317,-15.7321,5.0665,68.7097,99.0946,3707.8800,0.0000,0.0000,Pass
D86-18,2479,318,-15.5672,5.0667,69.2496,99.1344,3766.3800,0.0000,0.0000,Pass
D86-18,2479,319,-15.4015,5.0677,69.6826,98.1139,3813.6300,0.0000,0.0000,Pass
D86-18,2479,320,-15.2366,5.0682,70.2354,98.9483,3874.3800,0.0000,0.0000,Pass
D86-18,2479,321,-15.0716,5.0687,70.4390,98.9300,3896.8800,0.0000,0.0000,Pass
D86-18,2479,322,-14.9069,5.0693,71.0263,98.4105,3962.1300,0.0000,0.0000,Pass
D86-18,2479,323,-16.0610,5.0646,69.2082,98.8552,3761.8800,0.0000,0.0000,Pass
D86-18,2479,324,-18.0140,4.9535,69.6826,98.7745,3813.6300,0.0000,0.0000,Pass
D86-18,2479,325,-17.8636,4.9541,69.9493,99.5723,3842.8800,0.0000,0.0000,Pass
D86-18,2479,326,-17.7135,4.9535,68.8763,98.3010,3725.8800,0.0000,0.0000,Pass
D86-18,2479,327,-17.5633,4.9545,69.9288,98.9161,3840.6300,0.0000,0.0000,Pass
D86-18,2479,328,-17.4128,4.9557,70.5813,99.1132,3912.6300,0.0000,0.0000,Pass
D86-18,2479,329,-14.5567,4.9652,70.4390,98.4016,3896.8800,0.0000,0.0000,Pass
D86-18,2479,330,-14.2548,4.9665,69.6826,99.3623,3813.6300,0.0000,0.0000,Pass
D86-18,2479,331,-14.1049,4.9665,70.1946,98.9040,3869.8800,0.0000,0.0000,Pass
D86-18,2479,332,-13.9543,4.9674,70.1946,98.3260,3869.8800,0.0000,0.0000,Pass
D86-18,2479,333,-14.4062,4.9657,70.0925,97.7209,3858.6300,0.0000,0.0000,Pass
D86-18,2479,334,-17.0508,4.8968,70.8648,99.0038,3944.1300,0.0000,0.0000,Pass
D86-18,2479,335,-16.8857,4.8962,72.4440,98.6908,4121.8700,0.0000,0.0000,Pass
D86-18,2479,336,-16.7211,4.8967,71.5287,99.2316,4018.3700,0.0000,0.0000,Pass
D86-18,2479,337,-16.5556,4.8975,71.1472,98.3693,3975.6300,0.0000,0.0000,Pass
D86-18,2479,338,-16.3907,4.8985,71.1875,99.3516,3980.1300,0.0000,0.0000,Pass
D86-18,2479,339,-15.8964,4.9005,69.1668,99.2615,3757.3800,0.0000,0.0000,Pass
D86-18,2479,340,-15.7308,4.9011,69.9698,98.3198,3845.1300,0.0000,0.0000,Pass
D86-18,2479,341,-15.5665,4.9014,69.5798,99.0542,3802.3800,0.0000,0.0000,Pass
D86-18,2479,342,-15.4009,4.9032,70.0721,98.1933,3856.3800,0.0000,0.0000,Pass
D86-18,2479,343,-15.2353,4.9029,70.5610,98.4029,3910.3800,0.0000,0.0000,Pass
D86-18,2479,344,-15.0710,4.9039,70.8446,98.3278,3941.8800,0.0000,0.0000,Pass
D86-18,2479,345,-16.2257,4.8990,70.1129,98.8314,3860.8800,0.0000,0.0000,Pass
D86-18,2479,346,-16.0612,4.8990,69.9493,99.9220,3842.8800,0.0000,0.0000,Pass
D86-18,2479,347,-14.9061,4.9037,71.2076,98.3682,3982.3800,0.0000,0.0000,Pass
D86-18,2479,348,-17.5629,4.8050,69.8674,98.8885,3833.8800,0.0000,0.0000,Pass
D86-18,2479,349,-18.0133,4.8033,69.6620,98.9103,3811.3800,0.0000,0.0000,Pass
D86-18,2479,350,-17.8635,4.8034,69.3116,98.8474,3773.1300,0.0000,0.0000,Pass
D86-18,2479,351,-17.7130,4.8044,69.5180,99.0136,3795.6300,0.0000,0.0000,Pass
D86-18,2479,352,-17.4123,4.8044,70.6218,99.4058,3917.1300,0.0000,0.0000,Pass
D86-18,2479,353,-14.5564,4.8152,70.5203,98.1275,3905.8800,0.0000,0.0000,Pass
D86-18,2479,354,-14.4058,4.8155,70.0721,99.2855,3856.3800,0.0000,0.0000,Pass
D86-18,2479,355,-14.2549,4.8161,69.8879,98.8396,3836.1300,0.0000,0.0000,Pass
D86-18,2479,356,-13.9538,4.8171,70.2762,99.1315,3878.8800,0.0000,0.0000,Pass
D86-18,2479,357,-14.1044,4.8162,69.4768,99.7509,3791.1300,0.0000,0.0000,Pass
D86-18,2479,358,-17.8631,4.6528,69.1047,98.5042,3750.6300,0.0000,0.0000,Pass
D86-18,2479,359,-18.0127,4.6524,70.4187,99.7657,3894.6300,0.0000,0.0000,Pass
D86-18,2479,360,-17.7134,4.6531,70.0721,98.1199,3856.3800,0.0000,0.0000,Pass
D86-18,2479,361,-17.5627,4.6540,69.9493,99.5494,3842.8800,0.0000,0.0000,Pass
D86-18,2479,362,-17.4116,4.6549,69.8674,99.2116,3833.8800,0.0000,0.0000,Pass
D86-18,2479,363,-14.5557,4.6644,70.3577,98.1212,3887.8800,0.0000,0.0000,Pass
D86-18,2479,364,-14.4053,4.6650,69.9698,98.5301,3845.1300,0.0000,0.0000,Pass
D86-18,2479,365,-14.2551,4.6657,69.8058,99.6924,3827.1300,0.0000,0.0000,Pass
D86-18,2479,366,-14.1040,4.6668,69.6826,98.1125,3813.6300,0.0000,0.0000,Pass
D86-18,2479,367,-13.9541,4.6666,70.2966,98.4910,3881.1300,0.0000,0.0000,Pass
D86-18,2479,368,-18.0125,4.5020,70.6624,99.1082,3921.6300,0.0000,0.0000,Pass
D86-18,2479,369,-17.5620,4.5039,69.2496,98.9788,3766.3800,0.0000,0.0000,Pass
D86-18,2479,370,-17.2613,4.5047,70.6421,98.5785,3919.3800,0.0000,0.0000,Pass
D86-18,2479,371,-16.2096,4.5077,70.7839,98.6888,3935.1300,0.0000,0.0000,Pass
D86-18,2479,372,-15.9090,4.5098,70.1946,98.5737,3869.8800,0.0000,0.0000,Pass
D86-18,2479,373,-15.7592,4.5110,70.2150,99.6721,3872.1300,0.0000,0.0000,Pass
D86-18,2479,374,-15.3076,4.5121,70.6826,98.5080,3923.8800,0.0000,0.0000,Pass
D86-18,2479,375,-17.8625,4.5026,69.5386,98.4173,3797.8800,0.0000,0.0000,Pass
D86-18,2479,376,-17.7116,4.5028,69.6003,98.9495,3804.6300,0.0000,0.0000,Pass
D86-18,2479,377,-17.4117,4.5045,69.3323,98.6032,3775.3800,0.0000,0.0000,Pass
D86-18,2479,378,-17.1112,4.5046,70.9658,99.2316,3955.3800,0.0000,0.0000,Pass
D86-18,2479,379,-16.9608,4.5058,70.9658,98.1788,3955.3800,0.0000,0.0000,Pass
D86-18,2479,380,-16.8111,4.5061,70.5813,98.5711,3912.6300,0.0000,0.0000,Pass
D86-18,2479,381,-16.6603,4.5066,71.1472,98.7582,3975.6300,0.0000,0.0000,Pass
D86-18,2479,382,-16.5106,4.5070,70.8850,98.9571,3946.3800,0.0000,0.0000,Pass
D86-18,2479,383,-16.3598,4.5070,70.9658,98.1579,3955.3800,0.0000,0.0000,Pass
D86-18,2479,384,-16.0588,4.5084,70.5203,99.0283,3905.8800,0.0000,0.0000,Pass
D86-18,2479,385,-15.6083,4.5116,70.6015,99.1789,3914.8800,0.0000,0.0000,Pass
D86-18,2479,386,-15.4581,4.5116,70.7232,98.3417,3928.3800,0.0000,0.0000,Pass
D86-18,2479,387,-15.1562,4.5126,70.4390,98.4489,3896.8800,0.0000,0.0000,Pass
D86-18,2479,388,-15.0064,4.5132,70.3373,97.3334,3885.6300,0.0000,0.0000,Pass
D86-18,2479,389,-14.8565,4.5136,70.2150,99.2485,3872.1300,0.0000,0.0000,Pass
D86-18,2479,390,-14.7059,4.5141,70.3577,99.0277,3887.8800,0.0000,0.0000,Pass
D86-18,2479,391,-14.5549,4.5143,69.8469,97.9962,3831.6300,0.0000,0.0000,Pass
D86-18,2479,392,-14.2538,4.5160,69.3323,98.6234,3775.3800,0.0000,0.0000,Pass
D86-18,2479,393,-14.1033,4.5161,69.1875,99.0480,3759.6300,0.0000,0.0000,Pass
D86-18,2479,394,-14.4043,4.5153,69.5180,98.5729,3795.6300,0.0000,0.0000,Pass
D86-18,2479,395,-13.9524,4.5161,70.3169,98.5757,3883.3800,0.0000,0.0000,Pass
D86-18,2479,396,-18.0122,4.3521,69.7648,98.6384,3822.6300,0.0000,0.0000,Pass
D86-18,2479,397,-17.1101,4.3546,69.6620,98.6128,3811.3800,0.0000,0.0000,Pass
D86-18,2479,398,-15.4567,4.3610,70.5000,98.3540,3903.6300,0.0000,0.0000,Pass
D86-18,2479,399,-17.8621,4.3529,70.3169,99.4171,3883.3800,0.0000,0.0000,Pass
D86-18,2479,400,-17.7117,4.3530,69.8674,99.4981,3833.8800,0.0000,0.0000,Pass
D86-18,2479,401,-17.5612,4.3530,70.0107,98.2977,3849.6300,0.0000,0.0000,Pass
D86-18,2479,402,-17.4109,4.3529,69.6620,99.1602,3811.3800,0.0000,0.0000,Pass
D86-18,2479,403,-17.2606,4.3548,70.0107,98.9540,3849.6300,0.0000,0.0000,Pass
D86-18,2479,404,-16.9604,4.3547,70.3780,98.8509,3890.1300,0.0000,0.0000,Pass
D86-18,2479,405,-16.8104,4.3557,70.8446,99.4527,3941.8800,0.0000,0.0000,Pass
D86-18,2479,406,-16.6603,4.3557,70.7434,97.9117,3930.6300,0.0000,0.0000,Pass
D86-18,2479,407,-16.5093,4.3564,71.2076,98.0768,3982.3800,0.0000,0.0000,Pass
D86-18,2479,408,-16.3585,4.3575,70.7637,98.7229,3932.8800,0.0000,0.0000,Pass
D86-18,2479,409,-16.2084,4.3571,70.5813,99.0879,3912.6300,0.0000,0.0000,Pass
D86-18,2479,410,-16.0586,4.3581,70.4594,98.9336,3899.1300,0.0000,0.0000,Pass
D86-18,2479,411,-15.9090,4.3598,69.7442,99.0336,3820.3800,0.0000,0.0000,Pass
D86-18,2479,412,-15.7580,4.3600,70.1129,99.6069,3860.8800,0.0000,0.0000,Pass
D86-18,2479,413,-15.6072,4.3600,70.2354,99.0385,3874.3800,0.0000,0.0000,Pass
D86-18,2479,414,-15.3067,4.3616,70.3577,98.9940,3887.8800,0.0000,0.0000,Pass
D86-18,2479,415,-15.1571,4.3619,71.0465,98.6633,3964.3800,0.0000,0.0000,Pass
D86-18,2479,416,-15.0062,4.3630,70.8446,98.9563,3941.8800,0.0000,0.0000,Pass
D86-18,2479,417,-14.8557,4.3627,70.7637,98.2971,3932.8800,0.0000,0.0000,Pass
D86-18,2479,418,-14.5551,4.3637,69.8879,97.9078,3836.1300,0.0000,0.0000,Pass
D86-18,2479,419,-14.7050,4.3639,70.3373,97.8213,3885.6300,0.0000,0.0000,Pass
D86-18,2479,420,-14.4045,4.3647,70.0516,98.5475,3854.1300,0.0000,0.0000,Pass
D86-18,2479,421,-14.2536,4.3645,69.8469,98.4562,3831.6300,0.0000,0.0000,Pass
D86-18,2479,422,-14.1031,4.3654,69.8058,98.8644,3827.1300,0.0000,0.0000,Pass
D86-18,2479,423,-13.9529,4.3654,70.7232,97.8406,3928.3800,0.0000,0.0000,Pass
D86-18,2479,424,-15.9080,4.2100,70.0925,98.7236,3858.6300,0.0000,0.0000,Pass
D86-18,2479,425,-18.0114,4.2015,70.9658,98.6532,3955.3800,0.0000,0.0000,Pass
D86-18,2479,426,-17.4108,4.2031,70.1742,99.0573,3867.6300,0.0000,0.0000,Pass
D86-18,2479,427,-17.1105,4.2044,69.7853,98.9269,3824.8800,0.0000,0.0000,Pass
D86-18,2479,428,-16.5091,4.2062,71.0666,99.6246,3966.6300,0.0000,0.0000,Pass
D86-18,2479,429,-16.2084,4.2072,71.0666,99.0192,3966.6300,0.0000,0.0000,Pass
D86-18,2479,430,-15.7575,4.2104,70.6624,98.3860,3921.6300,0.0000,0.0000,Pass
D86-18,2479,431,-15.6066,4.2105,70.7232,99.1655,3928.3800,0.0000,0.0000,Pass
D86-18,2479,432,-15.4566,4.2109,70.8648,97.6772,3944.1300,0.0000,0.0000,Pass
D86-18,2479,433,-15.3060,4.2111,70.7232,99.2811,3928.3800,0.0000,0.0000,Pass
D86-18,2479,434,-15.1560,4.2120,70.8850,99.2699,3946.3800,0.0000,0.0000,Pass
D86-18,2479,435,-14.8555,4.2131,70.3984,98.9870,3892.3800,0.0000,0.0000,Pass
D86-18,2479,436,-17.5604,4.2028,69.6826,99.5604,3813.6300,0.0000,0.0000,Pass
D86-18,2479,437,-17.2601,4.2037,70.0312,98.8069,3851.8800,0.0000,0.0000,Pass
D86-18,2479,438,-16.9595,4.2044,69.6826,99.6606,3813.6300,0.0000,0.0000,Pass
D86-18,2479,439,-16.8093,4.2051,70.2558,98.8822,3876.6300,0.0000,0.0000,Pass
D86-18,2479,440,-16.6594,4.2057,71.0061,99.4608,3959.8800,0.0000,0.0000,Pass
D86-18,2479,441,-16.3586,4.2064,71.1673,99.5063,3977.8800,0.0000,0.0000,Pass
D86-18,2479,442,-16.0579,4.2073,70.7637,99.4161,3932.8800,0.0000,0.0000,Pass
D86-18,2479,443,-15.0054,4.2121,70.6421,99.4187,3919.3800,0.0000,0.0000,Pass
D86-18,2479,444,-14.7047,4.2131,70.0925,97.1720,3858.6300,0.0000,0.0000,Pass
D86-18,2479,445,-14.5543,4.2132,69.9903,99.4715,3847.3800,0.0000,0.0000,Pass
D86-18,2479,446,-14.2528,4.2144,69.5592,98.6946,3800.1300,0.0000,0.0000,Pass
D86-18,2479,447,-14.1019,4.2158,70.0925,99.5003,3858.6300,0.0000,0.0000,Pass
D86-18,2479,448,-13.9511,4.2160,71.0868,99.1004,3968.8800,0.0000,0.0000,Pass
D86-18,2479,449,-14.4039,4.2137,69.4974,98.8646,3793.3800,0.0000,0.0000,Pass
D86-18,2479,450,-18.0104,4.0508,71.3081,99.1585,3993.6300,0.0000,0.0000,Pass
D86-18,2479,451,-17.1096,4.0535,70.5203,99.3134,3905.8800,0.0000,0.0000,Pass
D86-18,2479,452,-15.6075,4.0594,71.4285,98.5695,4007.1300,0.0000,0.0000,Pass
D86-18,2479,453,-17.8606,4.0510,70.1742,98.5403,3867.6300,0.0000,0.0000,Pass
D86-18,2479,454,-17.7111,4.0527,70.3169,99.4943,3883.3800,0.0000,0.0000,Pass
D86-18,2479,455,-17.5604,4.0526,69.8058,98.9227,3827.1300,0.0000,0.0000,Pass
D86-18,2479,456,-17.4099,4.0526,70.2558,99.2380,3876.6300,0.0000,0.0000,Pass
D86-18,2479,457,-17.2601,4.0526,69.6826,98.4513,3813.6300,0.0000,0.0000,Pass
D86-18,2479,458,-16.9593,4.0547,70.5813,99.2435,3912.6300,0.0000,0.0000,Pass
D86-18,2479,459,-16.8091,4.0549,70.8041,99.4604,3937.3800,0.0000,0.0000,Pass
D86-18,2479,460,-16.6591,4.0549,70.5813,99.2783,3912.6300,0.0000,0.0000,Pass
D86-18,2479,461,-16.5083,4.0553,71.2076,96.8820,3982.3800,0.0000,0.0000,Pass
D86-18,2479,462,-16.3581,4.0562,71.2478,98.2996,3986.8800,0.0000,0.0000,Pass
D86-18,2479,463,-16.2073,4.0566,70.9860,98.2777,3957.6300,0.0000,0.0000,Pass
D86-18,2479,464,-16.0575,4.0574,71.0263,97.8433,3962.1300,0.0000,0.0000,Pass
D86-18,2479,465,-15.9077,4.0591,70.6218,99.1856,3917.1300,0.0000,0.0000,Pass
D86-18,2479,466,-15.7574,4.0594,70.4797,97.2044,3901.3800,0.0000,0.0000,Pass
D86-18,2479,467,-15.4563,4.0606,70.6421,97.8190,3919.3800,0.0000,0.0000,Pass
D86-18,2479,468,-15.3056,4.0605,71.0465,98.2377,3964.3800,0.0000,0.0000,Pass
D86-18,2479,469,-15.1552,4.0613,70.7029,99.7498,3926.1300,0.0000,0.0000,Pass
D86-18,2479,470,-15.0051,4.0619,70.6624,97.1979,3921.6300,0.0000,0.0000,Pass
D86-18,2479,471,-14.8547,4.0625,70.7434,98.7468,3930.6300,0.0000,0.0000,Pass
D86-18,2479,472,-14.4033,4.0634,70.3984,98.1158,3892.3800,0.0000,0.0000,Pass
D86-18,2479,473,-14.2526,4.0642,70.1946,98.8297,3869.8800,0.0000,0.0000,Pass
D86-18,2479,474,-14.7039,4.0625,70.2558,98.0036,3876.6300,0.0000,0.0000,Pass
D86-18,2479,475,-14.5534,4.0630,69.4974,98.3960,3793.3800,0.0000,0.0000,Pass
D86-18,2479,476,-14.1017,4.0652,71.0061,97.7405,3959.8800,0.0000,0.0000,Pass
D86-18,2479,477,-13.9516,4.0648,71.7686,98.6418,4045.3700,0.0000,0.0000,Pass
D86-18,2479,478,-17.8600,3.9014,71.3482,99.2696,3998.1300,0.0000,0.0000,Pass
D86-18,2479,479,-17.7101,3.9015,71.5487,99.5255,4020.6200,0.0000,0.0000,Pass
D86-18,2479,480,-17.5602,3.9016,70.7029,99.2298,3926.1300,0.0000,0.0000,Pass
D86-18,2479,481,-17.4097,3.9025,70.9456,98.2642,3953.1300,0.0000,0.0000,Pass
D86-18,2479,482,-17.2592,3.9027,70.8446,97.7999,3941.8800,0.0000,0.0000,Pass
D86-18,2479,483,-17.1085,3.9042,70.9254,97.4318,3950.8800,0.0000,0.0000,Pass
D86-18,2479,484,-16.8085,3.9040,71.2277,99.5331,3984.6300,0.0000,0.0000,Pass
D86-18,2479,485,-16.2070,3.9064,71.8484,98.9434,4054.3700,0.0000,0.0000,Pass
D86-18,2479,486,-16.0572,3.9069,72.0872,99.1953,4081.3700,0.0000,0.0000,Pass
D86-18,2479,487,-15.9070,3.9084,70.7232,98.3029,3928.3800,0.0000,0.0000,Pass
D86-18,2479,488,-15.7572,3.9088,71.4686,98.7186,4011.6300,0.0000,0.0000,Pass
D86-18,2479,489,-15.6069,3.9092,71.3282,98.5529,3995.8800,0.0000,0.0000,Pass
D86-18,2479,490,-15.4556,3.9099,71.7486,98.8825,4043.1200,0.0000,0.0000,Pass
D86-18,2479,491,-15.1553,3.9105,70.8446,99.6813,3941.8800,0.0000,0.0000,Pass
D86-18,2479,492,-15.0046,3.9114,71.4686,99.5603,4011.6300,0.0000,0.0000,Pass
D86-18,2479,493,-14.8539,3.9119,70.6218,98.4727,3917.1300,0.0000,0.0000,Pass
D86-18,2479,494,-16.9582,3.9034,71.1875,99.3220,3980.1300,0.0000,0.0000,Pass
D86-18,2479,495,-16.6582,3.9049,71.1069,99.6035,3971.1300,0.0000,0.0000,Pass
D86-18,2479,496,-16.5081,3.9048,71.6687,99.4975,4034.1200,0.0000,0.0000,Pass
D86-18,2479,497,-16.3573,3.9059,71.7087,98.9587,4038.6200,0.0000,0.0000,Pass
D86-18,2479,498,-15.3055,3.9110,71.5287,99.1219,4018.3700,0.0000,0.0000,Pass
D86-18,2479,499,-14.7028,3.9123,70.1334,98.6037,3863.1300,0.0000,0.0000,Pass
D86-18,2479,500,-14.5528,3.9127,70.8446,98.3702,3941.8800,0.0000,0.0000,Pass
D86-18,2479,501,-14.4031,3.9137,70.9052,99.6460,3948.6300,0.0000,0.0000,Pass
D86-18,2479,502,-14.2520,3.9136,71.3683,98.1880,4000.3800,0.0000,0.0000,Pass
D86-18,2479,503,-14.1015,3.9141,71.0263,99.2131,3962.1300,0.0000,0.0000,Pass
D86-18,2639,1,-143.9100,-0.6906,70.9254,99.3234,3950.8800,0.0000,0.0000,Pass
D86-18,2639,2,-143.6100,-0.6895,71.0465,98.6823,3964.3800,0.0000,0.0000,Pass
D86-18,2639,3,-142.5560,-0.6862,70.1538,99.6644,3865.3800,0.0000,0.0000,Pass
D86-18,2639,4,-145.8640,-0.6965,72.8973,98.5034,4173.6200,0.0000,0.0000,Pass
D86-18,2639,5,-145.7130,-0.6966,72.6414,98.3484,4144.3700,0.0000,0.0000,Pass
D86-18,2639,6,-145.5640,-0.6960,72.0673,97.4058,4079.1200,0.0000,0.0000,Pass
D86-18,2639,7,-145.4130,-0.6957,72.4835,98.8040,4126.3700,0.0000,0.0000,Pass
D86-18,2639,8,-145.2630,-0.6958,72.2063,98.7261,4094.8700,0.0000,0.0000,Pass
D86-18,2639,9,-145.1130,-0.6947,71.9082,99.1266,4061.1200,0.0000,0.0000,Pass
D86-18,2639,10,-144.9620,-0.6942,72.1468,98.4400,4088.1200,0.0000,0.0000,Pass
D86-18,2639,11,-144.8120,-0.6941,71.7885,99.2675,4047.6200,0.0000,0.0000,Pass
D86-18,2639,12,-144.6620,-0.6934,70.9254,99.2244,3950.8800,0.0000,0.0000,Pass
D86-18,2639,13,-144.5110,-0.6934,71.0263,99.3802,3962.1300,0.0000,0.0000,Pass
D86-18,2639,14,-144.3610,-0.6925,71.3081,99.0851,3993.6300,0.0000,0.0000,Pass
D86-18,2639,15,-144.2100,-0.6923,70.8446,98.9323,3941.8800,0.0000,0.0000,Pass
D86-18,2639,16,-144.0600,-0.6918,70.6624,98.7386,3921.6300,0.0000,0.0000,Pass
D86-18,2639,17,-143.7600,-0.6902,71.2076,99.0405,3982.3800,0.0000,0.0000,Pass
D86-18,2639,18,-143.4590,-0.6891,70.3984,98.4615,3892.3800,0.0000,0.0000,Pass
D86-18,2639,19,-143.3080,-0.6888,70.5406,99.4334,3908.1300,0.0000,0.0000,Pass
D86-18,2639,20,-143.1580,-0.6887,70.2150,98.9270,3872.1300,0.0000,0.0000,Pass
D86-18,2639,21,-143.0080,-0.6876,70.3780,99.0253,3890.1300,0.0000,0.0000,Pass
D86-18,2639,22,-142.8570,-0.6876,70.2966,98.4716,3881.1300,0.0000,0.0000,Pass
D86-18,2639,23,-142.7070,-0.6871,70.8041,99.3382,3937.3800,0.0000,0.0000,Pass
D86-18,2639,24,-142.4050,-0.6868,70.2150,98.1889,3872.1300,0.0000,0.0000,Pass
D86-18,2639,25,-142.2550,-0.6856,70.2966,96.7359,3881.1300,0.0000,0.0000,Pass
D86-18,2639,26,-142.1050,-0.6852,70.8244,98.3916,3939.6300,0.0000,0.0000,Pass
D86-18,2639,27,-146.0140,-0.8478,73.7179,98.5304,4268.1200,0.0000,0.0000,Pass
D86-18,2639,28,-145.8640,-0.8473,72.6414,98.0589,4144.3700,0.0000,0.0000,Pass
D86-18,2639,29,-145.7130,-0.8471,72.5428,99.2732,4133.1200,0.0000,0.0000,Pass
D86-18,2639,30,-145.5630,-0.8460,72.5033,97.9631,4128.6200,0.0000,0.0000,Pass
D86-18,2639,31,-145.1130,-0.8453,71.9878,99.0711,4070.1200,0.0000,0.0000,Pass
D86-18,2639,32,-144.3600,-0.8432,71.0868,99.2122,3968.8800,0.0000,0.0000,Pass
D86-18,2639,33,-143.9100,-0.8402,70.8041,99.4211,3937.3800,0.0000,0.0000,Pass
D86-18,2639,34,-143.6090,-0.8390,70.6218,98.8493,3917.1300,0.0000,0.0000,Pass
D86-18,2639,35,-143.4580,-0.8390,70.3373,98.9170,3885.6300,0.0000,0.0000,Pass
D86-18,2639,36,-143.3080,-0.8380,70.4390,98.3087,3896.8800,0.0000,0.0000,Pass
D86-18,2639,37,-142.8570,-0.8370,70.2354,99.6305,3874.3800,0.0000,0.0000,Pass
D86-18,2639,38,-142.7060,-0.8369,69.2910,97.9147,3770.8800,0.0000,0.0000,Pass
D86-18,2639,39,-142.1040,-0.8352,69.9493,97.9847,3842.8800,0.0000,0.0000,Pass
D86-18,2639,40,-145.4130,-0.8459,72.2262,98.9967,4097.1200,0.0000,0.0000,Pass
D86-18,2639,41,-145.2630,-0.8456,72.3648,99.0498,4112.8700,0.0000,0.0000,Pass
D86-18,2639,42,-144.9620,-0.8450,71.8085,98.3217,4049.8700,0.0000,0.0000,Pass
D86-18,2639,43,-144.8120,-0.8444,71.2880,98.7702,3991.3800,0.0000,0.0000,Pass
D86-18,2639,44,-144.6610,-0.8441,71.5487,98.7065,4020.6200,0.0000,0.0000,Pass
D86-18,2639,45,-144.5110,-0.8435,71.2076,98.0489,3982.3800,0.0000,0.0000,Pass
D86-18,2639,46,-144.2100,-0.8423,71.0666,98.8564,3966.6300,0.0000,0.0000,Pass
D86-18,2639,47,-144.0600,-0.8421,70.9052,99.4074,3948.6300,0.0000,0.0000,Pass
D86-18,2639,48,-143.7590,-0.8402,70.3373,98.6707,3885.6300,0.0000,0.0000,Pass
D86-18,2639,49,-143.1570,-0.8383,69.5592,99.3118,3800.1300,0.0000,0.0000,Pass
D86-18,2639,50,-143.0070,-0.8375,70.4594,99.9150,3899.1300,0.0000,0.0000,Pass
D86-18,2639,51,-142.5560,-0.8364,69.3529,99.1227,3777.6300,0.0000,0.0000,Pass
D86-18,2639,52,-142.4050,-0.8358,69.5386,98.1128,3797.8800,0.0000,0.0000,Pass
D86-18,2639,53,-142.2550,-0.8351,69.6209,97.7853,3806.8800,0.0000,0.0000,Pass
D86-18,2639,54,-141.9540,-0.8344,70.2762,99.2305,3878.8800,0.0000,0.0000,Pass
D86-18,2639,55,-146.0140,-0.9983,72.7596,98.5349,4157.8700,0.0000,0.0000,Pass
D86-18,2639,56,-145.8630,-0.9983,72.1269,98.7809,4085.8700,0.0000,0.0000,Pass
D86-18,2639,57,-145.7130,-0.9982,71.9281,99.0266,4063.3700,0.0000,0.0000,Pass
D86-18,2639,58,-145.5630,-0.9970,71.9480,99.4603,4065.6200,0.0000,0.0000,Pass
D86-18,2639,59,-145.4120,-0.9969,71.7885,99.5947,4047.6200,0.0000,0.0000,Pass
D86-18,2639,60,-145.2620,-0.9964,71.4084,98.3635,4004.8800,0.0000,0.0000,Pass
D86-18,2639,61,-145.1120,-0.9961,71.5687,99.0828,4022.8700,0.0000,0.0000,Pass
D86-18,2639,62,-144.8110,-0.9950,71.6287,98.9167,4029.6200,0.0000,0.0000,Pass
D86-18,2639,63,-144.6610,-0.9949,70.9052,98.6757,3948.6300,0.0000,0.0000,Pass
D86-18,2639,64,-144.5110,-0.9945,71.6087,98.7085,4027.3700,0.0000,0.0000,Pass
D86-18,2639,65,-144.0600,-0.9931,70.7839,99.5034,3935.1300,0.0000,0.0000,Pass
D86-18,2639,66,-143.9090,-0.9911,71.7686,98.1150,4045.3700,0.0000,0.0000,Pass
D86-18,2639,67,-143.7590,-0.9909,71.1472,98.4760,3975.6300,0.0000,0.0000,Pass
D86-18,2639,68,-143.6090,-0.9902,71.1875,99.5394,3980.1300,0.0000,0.0000,Pass
D86-18,2639,69,-143.4570,-0.9898,70.6015,99.8296,3914.8800,0.0000,0.0000,Pass
D86-18,2639,70,-143.3080,-0.9892,70.8446,99.1094,3941.8800,0.0000,0.0000,Pass
D86-18,2639,71,-143.1570,-0.9886,70.3577,99.6666,3887.8800,0.0000,0.0000,Pass
D86-18,2639,72,-142.7060,-0.9876,69.8263,98.0656,3829.3800,0.0000,0.0000,Pass
D86-18,2639,73,-142.5550,-0.9872,69.5798,99.2332,3802.3800,0.0000,0.0000,Pass
D86-18,2639,74,-142.4050,-0.9873,70.0925,98.8438,3858.6300,0.0000,0.0000,Pass
D86-18,2639,75,-142.2540,-0.9868,69.8879,98.9084,3836.1300,0.0000,0.0000,Pass
D86-18,2639,76,-142.1040,-0.9855,70.5000,98.2995,3903.6300,0.0000,0.0000,Pass
D86-18,2639,77,-144.9610,-0.9960,71.6887,99.0392,4036.3700,0.0000,0.0000,Pass
D86-18,2639,78,-144.3600,-0.9943,71.2277,99.7893,3984.6300,0.0000,0.0000,Pass
D86-18,2639,79,-144.2090,-0.9937,71.3884,99.1552,4002.6300,0.0000,0.0000,Pass
D86-18,2639,80,-143.0070,-0.9884,69.6826,98.5148,3813.6300,0.0000,0.0000,Pass
D86-18,2639,81,-142.8560,-0.9877,69.5592,99.1220,3800.1300,0.0000,0.0000,Pass
D86-18,2639,82,-141.9540,-0.9852,70.0107,97.1355,3849.6300,0.0000,0.0000,Pass
D86-18,2639,83,-146.0130,-1.1482,72.5033,98.9495,4128.6200,0.0000,0.0000,Pass
D86-18,2639,84,-145.7120,-1.1476,71.6287,98.3115,4029.6200,0.0000,0.0000,Pass
D86-18,2639,85,-143.0060,-1.1389,70.1129,98.6469,3860.8800,0.0000,0.0000,Pass
D86-18,2639,86,-142.1040,-1.1360,70.0107,99.1298,3849.6300,0.0000,0.0000,Pass
D86-18,2639,87,-145.8630,-1.1482,72.1269,98.1685,4085.8700,0.0000,0.0000,Pass
D86-18,2639,88,-145.5620,-1.1475,71.6887,99.3212,4036.3700,0.0000,0.0000,Pass
D86-18,2639,89,-145.4120,-1.1464,71.4485,98.5196,4009.3800,0.0000,0.0000,Pass
D86-18,2639,90,-145.2620,-1.1464,71.4686,99.4228,4011.6300,0.0000,0.0000,Pass
D86-18,2639,91,-145.1110,-1.1461,71.0061,99.1226,3959.8800,0.0000,0.0000,Pass
D86-18,2639,92,-144.9610,-1.1457,71.0061,98.3614,3959.8800,0.0000,0.0000,Pass
D86-18,2639,93,-144.8110,-1.1453,71.2076,99.4260,3982.3800,0.0000,0.0000,Pass
D86-18,2639,94,-144.6600,-1.1447,71.0263,99.0213,3962.1300,0.0000,0.0000,Pass
D86-18,2639,95,-144.5100,-1.1444,71.1673,98.7484,3977.8800,0.0000,0.0000,Pass
D86-18,2639,96,-144.3600,-1.1443,71.2277,98.5506,3984.6300,0.0000,0.0000,Pass
D86-18,2639,97,-144.2090,-1.1441,71.8085,98.5720,4049.8700,0.0000,0.0000,Pass
D86-18,2639,98,-144.0590,-1.1432,71.1673,99.8658,3977.8800,0.0000,0.0000,Pass
D86-18,2639,99,-143.9090,-1.1417,71.1472,98.8521,3975.6300,0.0000,0.0000,Pass
D86-18,2639,100,-143.7580,-1.1414,71.0465,99.2215,3964.3800,0.0000,0.0000,Pass
D86-18,2639,101,-143.6090,-1.1409,70.9456,97.8447,3953.1300,0.0000,0.0000,Pass
D86-18,2639,102,-143.4580,-1.1401,70.9860,99.3525,3957.6300,0.0000,0.0000,Pass
D86-18,2639,103,-143.3070,-1.1399,70.6015,98.3041,3914.8800,0.0000,0.0000,Pass
D86-18,2639,104,-143.1570,-1.1391,70.6218,98.3360,3917.1300,0.0000,0.0000,Pass
D86-18,2639,105,-142.8560,-1.1386,70.0312,98.8724,3851.8800,0.0000,0.0000,Pass
D86-18,2639,106,-142.7060,-1.1379,69.2289,98.2320,3764.1300,0.0000,0.0000,Pass
D86-18,2639,107,-142.5550,-1.1375,69.0424,99.8469,3743.8800,0.0000,0.0000,Pass
D86-18,2639,108,-142.4050,-1.1371,69.3736,98.2387,3779.8800,0.0000,0.0000,Pass
D86-18,2639,109,-142.2540,-1.1363,69.6003,99.2512,3804.6300,0.0000,0.0000,Pass
D86-18,2639,110,-141.9520,-1.1360,70.0925,99.0445,3858.6300,0.0000,0.0000,Pass
D86-18,2639,111,-146.0130,-1.2991,72.6809,97.3951,4148.8700,0.0000,0.0000,Pass
D86-18,2639,112,-145.8620,-1.2989,72.2856,98.4921,4103.8700,0.0000,0.0000,Pass
D86-18,2639,113,-145.7120,-1.2983,71.9082,97.9013,4061.1200,0.0000,0.0000,Pass
D86-18,2639,114,-145.5610,-1.2974,71.4285,97.6287,4007.1300,0.0000,0.0000,Pass
D86-18,2639,115,-145.2610,-1.2972,72.5625,99.8935,4135.3700,0.0000,0.0000,Pass
D86-18,2639,116,-145.1110,-1.2965,72.1666,99.2156,4090.3700,0.0000,0.0000,Pass
D86-18,2639,117,-144.9610,-1.2959,72.2658,99.6849,4101.6200,0.0000,0.0000,Pass
D86-18,2639,118,-144.8100,-1.2952,72.1468,99.6019,4088.1200,0.0000,0.0000,Pass
D86-18,2639,119,-144.5090,-1.2946,72.1666,99.0686,4090.3700,0.0000,0.0000,Pass
D86-18,2639,120,-144.3590,-1.2945,72.2856,98.7575,4103.8700,0.0000,0.0000,Pass
D86-18,2639,121,-143.9090,-1.2918,71.7287,99.5253,4040.8700,0.0000,0.0000,Pass
D86-18,2639,122,-143.7580,-1.2911,71.8882,99.2087,4058.8700,0.0000,0.0000,Pass
D86-18,2639,123,-143.4570,-1.2903,71.6687,98.2725,4034.1200,0.0000,0.0000,Pass
D86-18,2639,124,-143.3070,-1.2899,71.4285,98.9169,4007.1300,0.0000,0.0000,Pass
D86-18,2639,125,-143.1560,-1.2896,70.9052,99.0072,3948.6300,0.0000,0.0000,Pass
D86-18,2639,126,-142.5550,-1.2877,69.8058,97.6179,3827.1300,0.0000,0.0000,Pass
D86-18,2639,127,-142.4040,-1.2871,69.0839,98.5531,3748.3800,0.0000,0.0000,Pass
D86-18,2639,128,-145.4110,-1.2975,71.8284,98.9185,4052.1200,0.0000,0.0000,Pass
D86-18,2639,129,-144.6600,-1.2954,72.2658,99.4072,4101.6200,0.0000,0.0000,Pass
D86-18,2639,130,-144.2090,-1.2938,72.4440,98.8476,4121.8700,0.0000,0.0000,Pass
D86-18,2639,131,-144.0580,-1.2932,71.8683,98.7696,4056.6200,0.0000,0.0000,Pass
D86-18,2639,132,-143.6080,-1.2907,71.6887,98.6936,4036.3700,0.0000,0.0000,Pass
D86-18,2639,133,-143.0060,-1.2889,70.7434,99.2178,3930.6300,0.0000,0.0000,Pass
D86-18,2639,134,-142.8560,-1.2886,70.3577,99.4131,3887.8800,0.0000,0.0000,Pass
D86-18,2639,135,-142.7050,-1.2876,69.8058,99.3447,3827.1300,0.0000,0.0000,Pass
D86-18,2639,136,-142.2530,-1.2868,69.3116,98.4447,3773.1300,0.0000,0.0000,Pass
D86-18,2639,137,-142.1030,-1.2865,69.6415,97.4205,3809.1300,0.0000,0.0000,Pass
D86-18,2639,138,-141.9520,-1.2857,69.7237,99.9096,3818.1300,0.0000,0.0000,Pass
D86-18,2639,139,-145.8620,-1.4496,72.0872,97.8513,4081.3700,0.0000,0.0000,Pass
D86-18,2639,140,-146.0120,-1.4499,72.1071,99.5720,4083.6200,0.0000,0.0000,Pass
D86-18,2639,141,-145.7110,-1.4492,71.2076,98.0397,3982.3800,0.0000,0.0000,Pass
D86-18,2639,142,-145.5610,-1.4486,71.3683,99.3941,4000.3800,0.0000,0.0000,Pass
D86-18,2639,143,-145.4100,-1.4478,71.5887,97.9842,4025.1200,0.0000,0.0000,Pass
D86-18,2639,144,-142.5540,-1.4385,69.3323,98.6719,3775.3800,0.0000,0.0000,Pass
D86-18,2639,145,-142.2530,-1.4375,69.7853,99.1066,3824.8800,0.0000,0.0000,Pass
D86-18,2639,146,-141.9520,-1.4362,70.0721,98.4776,3856.3800,0.0000,0.0000,Pass
D86-18,2639,147,-142.4030,-1.4381,69.6209,98.4704,3806.8800,0.0000,0.0000,Pass
D86-18,2639,148,-142.1020,-1.4366,69.7032,99.8899,3815.8800,0.0000,0.0000,Pass
D86-18,2639,149,-146.0110,-1.6004,72.1468,99.1601,4088.1200,0.0000,0.0000,Pass
D86-18,2639,150,-145.8610,-1.5993,71.4084,98.2039,4004.8800,0.0000,0.0000,Pass
D86-18,2639,151,-145.7110,-1.5991,72.0475,98.5395,4076.8700,0.0000,0.0000,Pass
D86-18,2639,152,-145.5600,-1.5987,71.6487,99.2185,4031.8700,0.0000,0.0000,Pass
D86-18,2639,153,-145.4100,-1.5981,72.0673,98.8502,4079.1200,0.0000,0.0000,Pass
D86-18,2639,154,-142.5530,-1.5882,69.5180,99.4649,3795.6300,0.0000,0.0000,Pass
D86-18,2639,155,-142.4030,-1.5882,69.1254,98.2628,3752.8800,0.0000,0.0000,Pass
D86-18,2639,156,-142.2530,-1.5872,69.8263,97.6722,3829.3800,0.0000,0.0000,Pass
D86-18,2639,157,-141.9510,-1.5872,69.9698,98.7259,3845.1300,0.0000,0.0000,Pass
D86-18,2639,158,-142.1020,-1.5872,69.4974,99.0717,3793.3800,0.0000,0.0000,Pass
D86-18,2639,159,-144.8830,-1.7054,72.8777,99.1969,4171.3700,0.0000,0.0000,Pass
D86-18,2639,160,-143.8930,-1.7006,71.7087,99.1480,4038.6200,0.0000,0.0000,Pass
D86-18,2639,161,-143.3980,-1.6989,71.2880,99.4897,3991.3800,0.0000,0.0000,Pass
D86-18,2639,162,-144.7170,-1.7047,72.6020,98.8244,4139.8700,0.0000,0.0000,Pass
D86-18,2639,163,-144.5530,-1.7039,72.9170,99.0198,4175.8700,0.0000,0.0000,Pass
D86-18,2639,164,-144.3880,-1.7035,72.0673,99.5065,4079.1200,0.0000,0.0000,Pass
D86-18,2639,165,-144.2220,-1.7031,72.0872,97.8231,4081.3700,0.0000,0.0000,Pass
D86-18,2639,166,-144.0580,-1.7024,71.3482,99.2949,3998.1300,0.0000,0.0000,Pass
D86-18,2639,167,-143.7280,-1.7000,71.3482,98.4613,3998.1300,0.0000,0.0000,Pass
D86-18,2639,168,-143.5630,-1.6994,71.0061,99.7714,3959.8800,0.0000,0.0000,Pass
D86-18,2639,169,-143.2320,-1.6988,71.1271,99.3381,3973.3800,0.0000,0.0000,Pass
D86-18,2639,170,-143.0680,-1.6981,71.4285,97.7716,4007.1300,0.0000,0.0000,Pass
D86-18,2639,171,-142.9020,-1.6975,71.4285,99.1563,4007.1300,0.0000,0.0000,Pass
D86-18,2639,172,-146.0110,-1.7506,72.4044,98.3872,4117.3700,0.0000,0.0000,Pass
D86-18,2639,173,-145.8610,-1.7499,72.4440,99.4547,4121.8700,0.0000,0.0000,Pass
D86-18,2639,174,-145.7100,-1.7498,71.4084,98.6884,4004.8800,0.0000,0.0000,Pass
D86-18,2639,175,-145.5600,-1.7490,71.7686,99.1303,4045.3700,0.0000,0.0000,Pass
D86-18,2639,176,-145.4100,-1.7491,72.0475,98.9780,4076.8700,0.0000,0.0000,Pass
D86-18,2639,177,-142.1010,-1.7373,69.3942,99.3611,3782.1300,0.0000,0.0000,Pass
D86-18,2639,178,-142.5530,-1.7384,69.8469,99.3073,3831.6300,0.0000,0.0000,Pass
D86-18,2639,179,-142.4020,-1.7379,69.6620,99.5076,3811.3800,0.0000,0.0000,Pass
D86-18,2639,180,-142.2530,-1.7373,69.6415,98.8085,3809.1300,0.0000,0.0000,Pass
D86-18,2639,181,-141.9510,-1.7366,69.4768,99.0056,3791.1300,0.0000,0.0000,Pass
D86-18,2639,182,-145.0470,-1.8698,72.7990,99.0920,4162.3700,0.0000,0.0000,Pass
D86-18,2639,183,-144.8820,-1.8694,72.0673,99.4524,4079.1200,0.0000,0.0000,Pass
D86-18,2639,184,-144.7170,-1.8689,71.9878,99.4090,4070.1200,0.0000,0.0000,Pass
D86-18,2639,185,-144.5520,-1.8683,71.8085,98.7908,4049.8700,0.0000,0.0000,Pass
D86-18,2639,186,-144.3880,-1.8684,71.1271,98.5418,3973.3800,0.0000,0.0000,Pass
D86-18,2639,187,-144.2220,-1.8677,71.0868,99.7598,3968.8800,0.0000,0.0000,Pass
D86-18,2639,188,-144.0570,-1.8668,70.8850,98.7150,3946.3800,0.0000,0.0000,Pass
D86-18,2639,189,-143.8930,-1.8657,70.6218,98.9997,3917.1300,0.0000,0.0000,Pass
D86-18,2639,190,-143.7280,-1.8649,70.7839,99.4372,3935.1300,0.0000,0.0000,Pass
D86-18,2639,191,-143.5620,-1.8642,70.3984,99.5751,3892.3800,0.0000,0.0000,Pass
D86-18,2639,192,-143.3970,-1.8634,70.7232,98.8560,3928.3800,0.0000,0.0000,Pass
D86-18,2639,193,-143.2320,-1.8633,70.9456,99.5102,3953.1300,0.0000,0.0000,Pass
D86-18,2639,194,-142.9020,-1.8630,71.7486,98.9113,4043.1200,0.0000,0.0000,Pass
D86-18,2639,195,-143.0660,-1.8632,70.9860,99.5244,3957.6300,0.0000,0.0000,Pass
D86-18,2639,196,-146.0100,-1.9008,71.7486,97.8636,4043.1200,0.0000,0.0000,Pass
D86-18,2639,197,-145.8600,-1.9003,71.3683,99.0778,4000.3800,0.0000,0.0000,Pass
D86-18,2639,198,-145.7100,-1.8997,71.0666,99.3087,3966.6300,0.0000,0.0000,Pass
D86-18,2639,199,-145.5600,-1.8993,71.5287,98.5591,4018.3700,0.0000,0.0000,Pass
D86-18,2639,200,-145.4100,-1.8985,71.2880,99.3980,3991.3800,0.0000,0.0000,Pass
D86-18,2639,201,-142.5520,-1.8894,70.6421,99.3732,3919.3800,0.0000,0.0000,Pass
D86-18,2639,202,-142.4020,-1.8887,69.6003,99.5143,3804.6300,0.0000,0.0000,Pass
D86-18,2639,203,-142.2520,-1.8883,69.2289,99.1641,3764.1300,0.0000,0.0000,Pass
D86-18,2639,204,-142.1010,-1.8878,69.4149,98.1028,3784.3800,0.0000,0.0000,Pass
D86-18,2639,205,-141.9510,-1.8869,69.6003,99.4973,3804.6300,0.0000,0.0000,Pass
D86-18,2639,206,-145.0470,-2.0353,72.7203,99.1600,4153.3700,0.0000,0.0000,Pass
D86-18,2639,207,-144.8820,-2.0350,72.5033,99.1453,4128.6200,0.0000,0.0000,Pass
D86-18,2639,208,-144.7160,-2.0345,72.4637,99.1491,4124.1200,0.0000,0.0000,Pass
D86-18,2639,209,-144.2220,-2.0328,71.4285,98.9095,4007.1300,0.0000,0.0000,Pass
D86-18,2639,210,-143.8920,-2.0304,70.7232,98.2403,3928.3800,0.0000,0.0000,Pass
D86-18,2639,211,-143.3960,-2.0289,70.9254,99.4753,3950.8800,0.0000,0.0000,Pass
D86-18,2639,212,-143.2320,-2.0282,70.6624,99.7836,3921.6300,0.0000,0.0000,Pass
D86-18,2639,213,-143.0660,-2.0281,71.5087,97.7774,4016.1200,0.0000,0.0000,Pass
D86-18,2639,214,-144.5510,-2.0341,72.2856,99.1414,4103.8700,0.0000,0.0000,Pass
D86-18,2639,215,-144.3860,-2.0335,71.8284,98.9404,4052.1200,0.0000,0.0000,Pass
D86-18,2639,216,-144.0570,-2.0322,70.9052,98.1286,3948.6300,0.0000,0.0000,Pass
D86-18,2639,217,-143.7270,-2.0302,70.5813,98.4408,3912.6300,0.0000,0.0000,Pass
D86-18,2639,218,-143.5630,-2.0296,70.3577,99.1790,3887.8800,0.0000,0.0000,Pass
D86-18,2639,219,-142.9010,-2.0272,71.0061,99.5043,3959.8800,0.0000,0.0000,Pass
D86-18,2639,220,-146.0100,-2.0514,71.9082,99.4155,4061.1200,0.0000,0.0000,Pass
D86-18,2639,221,-145.8600,-2.0511,72.5230,98.1564,4130.8700,0.0000,0.0000,Pass
D86-18,2639,222,-145.7100,-2.0504,71.9878,98.9181,4070.1200,0.0000,0.0000,Pass
D86-18,2639,223,-145.5590,-2.0501,71.9480,98.8970,4065.6200,0.0000,0.0000,Pass
D86-18,2639,224,-145.4090,-2.0495,72.5822,99.6398,4137.6200,0.0000,0.0000,Pass
D86-18,2639,225,-142.5520,-2.0400,69.8879,98.1478,3836.1300,0.0000,0.0000,Pass
D86-18,2639,226,-142.4020,-2.0391,69.3736,98.3669,3779.8800,0.0000,0.0000,Pass
D86-18,2639,227,-142.2510,-2.0391,69.1047,98.6337,3750.6300,0.0000,0.0000,Pass
D86-18,2639,228,-142.1010,-2.0380,69.4149,98.4689,3784.3800,0.0000,0.0000,Pass
D86-18,2639,229,-141.9500,-2.0375,69.4355,98.6381,3786.6300,0.0000,0.0000,Pass
D86-18,2639,230,-146.0100,-2.2015,72.2063,99.7221,4094.8700,0.0000,0.0000,Pass
D86-18,2639,231,-145.5580,-2.2002,71.3282,98.9030,3995.8800,0.0000,0.0000,Pass
D86-18,2639,232,-145.4080,-2.2000,71.5287,99.1756,4018.3700,0.0000,0.0000,Pass
D86-18,2639,233,-143.7270,-2.1957,70.3780,98.5194,3890.1300,0.0000,0.0000,Pass
D86-18,2639,234,-142.5520,-2.1895,70.1742,99.3006,3867.6300,0.0000,0.0000,Pass
D86-18,2639,235,-142.4010,-2.1892,70.1946,99.0290,3869.8800,0.0000,0.0000,Pass
D86-18,2639,236,-142.2500,-2.1891,69.4561,99.3416,3788.8800,0.0000,0.0000,Pass
D86-18,2639,237,-142.1000,-2.1883,69.7648,99.8777,3822.6300,0.0000,0.0000,Pass
D86-18,2639,238,-141.9490,-2.1880,69.9903,98.6864,3847.3800,0.0000,0.0000,Pass
D86-18,2639,239,-145.0460,-2.2008,72.4637,98.8391,4124.1200,0.0000,0.0000,Pass
D86-18,2639,240,-144.8810,-2.2005,71.4886,98.8774,4013.8800,0.0000,0.0000,Pass
D86-18,2639,241,-144.7170,-2.1994,71.3884,98.3076,4002.6300,0.0000,0.0000,Pass
D86-18,2639,242,-144.5510,-2.1996,71.1472,98.8173,3975.6300,0.0000,0.0000,Pass
D86-18,2639,243,-144.3860,-2.1992,71.2478,98.4524,3986.8800,0.0000,0.0000,Pass
D86-18,2639,244,-144.2210,-2.1985,70.8446,97.8738,3941.8800,0.0000,0.0000,Pass
D86-18,2639,245,-143.8920,-2.1962,70.3169,97.6511,3883.3800,0.0000,0.0000,Pass
D86-18,2639,246,-143.5620,-2.1952,69.9903,99.1685,3847.3800,0.0000,0.0000,Pass
D86-18,2639,247,-143.3960,-2.1942,70.0925,98.9747,3858.6300,0.0000,0.0000,Pass
D86-18,2639,248,-143.2310,-2.1941,70.8041,99.2214,3937.3800,0.0000,0.0000,Pass
D86-18,2639,249,-143.0660,-2.1931,71.3282,99.7134,3995.8800,0.0000,0.0000,Pass
D86-18,2639,250,-142.9010,-2.1929,71.8484,99.1900,4054.3700,0.0000,0.0000,Pass
D86-18,2639,251,-144.0560,-2.1985,70.2558,98.4644,3876.6300,0.0000,0.0000,Pass
D86-18,2639,252,-146.0090,-2.3529,71.9679,99.1229,4067.8700,0.0000,0.0000,Pass
D86-18,2639,253,-145.8590,-2.3516,71.9878,99.3396,4070.1200,0.0000,0.0000,Pass
D86-18,2639,254,-145.7080,-2.3515,71.7287,99.3001,4040.8700,0.0000,0.0000,Pass
D86-18,2639,255,-145.5580,-2.3505,71.2277,97.3502,3984.6300,0.0000,0.0000,Pass
D86-18,2639,256,-145.4080,-2.3501,72.3252,99.4475,4108.3700,0.0000,0.0000,Pass
D86-18,2639,257,-142.5510,-2.3404,70.0516,98.9140,3854.1300,0.0000,0.0000,Pass
D86-18,2639,258,-142.4010,-2.3401,69.8674,98.2757,3833.8800,0.0000,0.0000,Pass
D86-18,2639,259,-142.1000,-2.3391,69.8469,98.5805,3831.6300,0.0000,0.0000,Pass
D86-18,2639,260,-142.2500,-2.3397,69.4561,99.5768,3788.8800,0.0000,0.0000,Pass
D86-18,2639,261,-141.9490,-2.3383,69.5180,98.0851,3795.6300,0.0000,0.0000,Pass
D86-18,2639,262,-145.0460,-2.3659,73.1523,99.5860,4202.8700,0.0000,0.0000,Pass
D86-18,2639,263,-144.7150,-2.3644,71.8683,99.0360,4056.6200,0.0000,0.0000,Pass
D86-18,2639,264,-144.5510,-2.3643,71.6487,98.8976,4031.8700,0.0000,0.0000,Pass
D86-18,2639,265,-144.3850,-2.3635,70.6218,99.3561,3917.1300,0.0000,0.0000,Pass
D86-18,2639,266,-144.2210,-2.3626,70.7232,99.1424,3928.3800,0.0000,0.0000,Pass
D86-18,2639,267,-144.0550,-2.3626,69.7853,98.9155,3824.8800,0.0000,0.0000,Pass
D86-18,2639,268,-143.8910,-2.3608,69.6003,99.6310,3804.6300,0.0000,0.0000,Pass
D86-18,2639,269,-143.5610,-2.3594,69.7853,98.9186,3824.8800,0.0000,0.0000,Pass
D86-18,2639,270,-143.3950,-2.3588,69.9084,97.9825,3838.3800,0.0000,0.0000,Pass
D86-18,2639,271,-143.2310,-2.3584,70.4594,99.3590,3899.1300,0.0000,0.0000,Pass
D86-18,2639,272,-143.0660,-2.3583,70.8446,99.5922,3941.8800,0.0000,0.0000,Pass
D86-18,2639,273,-144.8800,-2.3654,72.3846,98.9148,4115.1200,0.0000,0.0000,Pass
D86-18,2639,274,-143.7260,-2.3599,69.7032,98.9622,3815.8800,0.0000,0.0000,Pass
D86-18,2639,275,-142.9010,-2.3579,70.8850,99.8880,3946.3800,0.0000,0.0000,Pass
D86-18,2639,276,-145.8580,-2.5020,71.5687,98.9433,4022.8700,0.0000,0.0000,Pass
D86-18,2639,277,-145.7070,-2.5023,71.0465,99.8091,3964.3800,0.0000,0.0000,Pass
D86-18,2639,278,-146.0090,-2.5027,71.6687,99.5789,4034.1200,0.0000,0.0000,Pass
D86-18,2639,279,-145.5570,-2.5011,71.5087,99.9291,4016.1200,0.0000,0.0000,Pass
D86-18,2639,280,-145.4070,-2.5010,71.9281,99.7249,4063.3700,0.0000,0.0000,Pass
D86-18,2639,281,-142.5510,-2.4904,70.0721,99.4866,3856.3800,0.0000,0.0000,Pass
D86-18,2639,282,-142.4000,-2.4906,69.2496,97.9433,3766.3800,0.0000,0.0000,Pass
D86-18,2639,283,-142.2490,-2.4890,69.1875,99.7027,3759.6300,0.0000,0.0000,Pass
D86-18,2639,284,-142.0990,-2.4894,69.2496,97.8263,3766.3800,0.0000,0.0000,Pass
D86-18,2639,285,-141.9480,-2.4888,69.8058,99.6111,3827.1300,0.0000,0.0000,Pass
D86-18,2639,286,-144.5500,-2.5296,71.8683,98.9784,4056.6200,0.0000,0.0000,Pass
D86-18,2639,287,-143.8910,-2.5257,69.7853,98.8213,3824.8800,0.0000,0.0000,Pass
D86-18,2639,288,-143.5600,-2.5242,70.1538,98.7256,3865.3800,0.0000,0.0000,Pass
D86-18,2639,289,-145.0450,-2.5310,72.3252,99.1569,4108.3700,0.0000,0.0000,Pass
D86-18,2639,290,-144.8800,-2.5313,71.9480,99.6346,4065.6200,0.0000,0.0000,Pass
D86-18,2639,291,-144.7150,-2.5307,71.9082,98.9078,4061.1200,0.0000,0.0000,Pass
D86-18,2639,292,-144.3850,-2.5289,71.2679,99.4435,3989.1300,0.0000,0.0000,Pass
D86-18,2639,293,-144.2200,-2.5277,70.8041,99.4527,3937.3800,0.0000,0.0000,Pass
D86-18,2639,294,-144.0550,-2.5274,69.9084,97.8043,3838.3800,0.0000,0.0000,Pass
D86-18,2639,295,-143.7260,-2.5252,69.6826,99.5332,3813.6300,0.0000,0.0000,Pass
D86-18,2639,296,-143.3950,-2.5237,70.2762,99.0150,3878.8800,0.0000,0.0000,Pass
D86-18,2639,297,-143.2300,-2.5236,70.3169,99.0242,3883.3800,0.0000,0.0000,Pass
D86-18,2639,298,-143.0650,-2.5235,71.1875,99.9604,3980.1300,0.0000,0.0000,Pass
D86-18,2639,299,-142.9000,-2.5225,71.0465,98.7989,3964.3800,0.0000,0.0000,Pass
D86-18,2639,300,-146.0080,-2.6523,72.0475,98.3803,4076.8700,0.0000,0.0000,Pass
D86-18,2639,301,-145.8580,-2.6522,71.5687,97.8417,4022.8700,0.0000,0.0000,Pass
D86-18,2639,302,-145.7080,-2.6511,71.3282,97.5563,3995.8800,0.0000,0.0000,Pass
D86-18,2639,303,-145.5570,-2.6508,71.0666,99.4724,3966.6300,0.0000,0.0000,Pass
D86-18,2639,304,-145.4070,-2.6505,72.2063,97.1435,4094.8700,0.0000,0.0000,Pass
D86-18,2639,305,-142.5500,-2.6407,69.6826,97.3317,3813.6300,0.0000,0.0000,Pass
D86-18,2639,306,-142.4000,-2.6400,68.6680,97.3489,3703.3800,0.0000,0.0000,Pass
D86-18,2639,307,-142.2490,-2.6394,69.2082,98.3892,3761.8800,0.0000,0.0000,Pass
D86-18,2639,308,-142.0980,-2.6395,69.3323,98.0221,3775.3800,0.0000,0.0000,Pass
D86-18,2639,309,-141.9480,-2.6386,69.6209,97.4688,3806.8800,0.0000,0.0000,Pass
D86-18,2639,310,-145.0440,-2.6948,73.1327,99.1574,4200.6200,0.0000,0.0000,Pass
D86-18,2639,311,-144.8800,-2.6942,72.9759,99.6938,4182.6200,0.0000,0.0000,Pass
D86-18,2639,312,-144.7150,-2.6941,72.7006,99.2096,4151.1200,0.0000,0.0000,Pass
D86-18,2639,313,-144.5490,-2.6933,72.0673,99.1064,4079.1200,0.0000,0.0000,Pass
D86-18,2639,314,-144.3840,-2.6930,71.5887,98.8911,4025.1200,0.0000,0.0000,Pass
D86-18,2639,315,-144.2200,-2.6924,70.9254,99.3007,3950.8800,0.0000,0.0000,Pass
D86-18,2639,316,-143.8900,-2.6895,69.8674,99.5639,3833.8800,0.0000,0.0000,Pass
D86-18,2639,317,-143.7250,-2.6894,69.6826,99.5701,3813.6300,0.0000,0.0000,Pass
D86-18,2639,318,-143.5600,-2.6885,70.1742,99.2409,3867.6300,0.0000,0.0000,Pass
D86-18,2639,319,-143.3940,-2.6883,70.4797,99.3948,3901.3800,0.0000,0.0000,Pass
D86-18,2639,320,-143.2300,-2.6880,70.5406,99.5997,3908.1300,0.0000,0.0000,Pass
D86-18,2639,321,-143.0640,-2.6874,71.2880,98.7197,3991.3800,0.0000,0.0000,Pass
D86-18,2639,322,-142.8990,-2.6870,71.2679,99.0745,3989.1300,0.0000,0.0000,Pass
D86-18,2639,323,-144.0540,-2.6922,70.4797,99.5374,3901.3800,0.0000,0.0000,Pass
D86-18,2639,324,-146.0070,-2.8032,72.9562,98.2079,4180.3700,0.0000,0.0000,Pass
D86-18,2639,325,-145.8570,-2.8024,71.7885,98.0746,4047.6200,0.0000,0.0000,Pass
D86-18,2639,326,-145.7070,-2.8016,71.7486,99.3705,4043.1200,0.0000,0.0000,Pass
D86-18,2639,327,-145.5560,-2.8010,72.1468,99.3851,4088.1200,0.0000,0.0000,Pass
D86-18,2639,328,-145.4060,-2.8003,72.8383,99.3055,4166.8700,0.0000,0.0000,Pass
D86-18,2639,329,-142.5500,-2.7906,70.0925,99.1567,3858.6300,0.0000,0.0000,Pass
D86-18,2639,330,-142.2490,-2.7895,69.3529,99.0994,3777.6300,0.0000,0.0000,Pass
D86-18,2639,331,-142.0980,-2.7884,68.8971,98.4412,3728.1300,0.0000,0.0000,Pass
D86-18,2639,332,-141.9480,-2.7882,69.2496,99.5927,3766.3800,0.0000,0.0000,Pass
D86-18,2639,333,-142.3990,-2.7895,69.6620,99.3319,3811.3800,0.0000,0.0000,Pass
D86-18,2639,334,-145.0440,-2.8598,73.3088,99.1365,4220.8700,0.0000,0.0000,Pass
D86-18,2639,335,-144.8790,-2.8593,73.1327,98.9171,4200.6200,0.0000,0.0000,Pass
D86-18,2639,336,-144.7140,-2.8585,73.3283,99.8178,4223.1200,0.0000,0.0000,Pass
D86-18,2639,337,-144.5490,-2.8583,72.5625,99.7183,4135.3700,0.0000,0.0000,Pass
D86-18,2639,338,-144.3840,-2.8578,72.0077,99.4612,4072.3700,0.0000,0.0000,Pass
D86-18,2639,339,-143.8900,-2.8546,69.9903,98.1335,3847.3800,0.0000,0.0000,Pass
D86-18,2639,340,-143.7240,-2.8541,69.8469,99.8777,3831.6300,0.0000,0.0000,Pass
D86-18,2639,341,-143.5600,-2.8527,70.2762,99.2196,3878.8800,0.0000,0.0000,Pass
D86-18,2639,342,-143.3940,-2.8533,70.6015,98.2801,3914.8800,0.0000,0.0000,Pass
D86-18,2639,343,-143.2290,-2.8525,70.7839,99.3268,3935.1300,0.0000,0.0000,Pass
D86-18,2639,344,-143.0640,-2.8521,70.9860,99.0415,3957.6300,0.0000,0.0000,Pass
D86-18,2639,345,-144.2180,-2.8572,71.3884,99.2524,4002.6300,0.0000,0.0000,Pass
D86-18,2639,346,-144.0540,-2.8565,70.8041,99.1952,3937.3800,0.0000,0.0000,Pass
D86-18,2639,347,-142.8990,-2.8521,70.9254,99.6712,3950.8800,0.0000,0.0000,Pass
D86-18,2639,348,-145.5560,-2.9514,71.9281,99.5511,4063.3700,0.0000,0.0000,Pass
D86-18,2639,349,-146.0070,-2.9531,72.5033,98.9778,4128.6200,0.0000,0.0000,Pass
D86-18,2639,350,-145.8570,-2.9524,71.9480,98.6879,4065.6200,0.0000,0.0000,Pass
D86-18,2639,351,-145.7060,-2.9518,72.0077,99.8792,4072.3700,0.0000,0.0000,Pass
D86-18,2639,352,-145.4060,-2.9510,72.7203,99.1319,4153.3700,0.0000,0.0000,Pass
D86-18,2639,353,-142.5490,-2.9406,70.1129,99.1662,3860.8800,0.0000,0.0000,Pass
D86-18,2639,354,-142.3990,-2.9403,70.2558,99.2295,3876.6300,0.0000,0.0000,Pass
D86-18,2639,355,-142.2480,-2.9399,69.7442,97.8902,3820.3800,0.0000,0.0000,Pass
D86-18,2639,356,-141.9470,-2.9385,69.7032,97.5052,3815.8800,0.0000,0.0000,Pass
D86-18,2639,357,-142.0980,-2.9391,69.3529,97.5415,3777.6300,0.0000,0.0000,Pass
D86-18,2639,358,-145.8560,-3.1028,72.5625,98.6807,4135.3700,0.0000,0.0000,Pass
D86-18,2639,359,-146.0060,-3.1036,72.8383,99.4879,4166.8700,0.0000,0.0000,Pass
D86-18,2639,360,-145.7060,-3.1027,72.5625,99.4126,4135.3700,0.0000,0.0000,Pass
D86-18,2639,361,-145.5560,-3.1018,72.1865,99.5513,4092.6200,0.0000,0.0000,Pass
D86-18,2639,362,-145.4050,-3.1016,72.9562,99.4213,4180.3700,0.0000,0.0000,Pass
D86-18,2639,363,-142.5490,-3.0906,70.0925,99.3198,3858.6300,0.0000,0.0000,Pass
D86-18,2639,364,-142.3980,-3.0909,69.5386,98.5745,3797.8800,0.0000,0.0000,Pass
D86-18,2639,365,-142.2480,-3.0897,69.6209,99.2599,3806.8800,0.0000,0.0000,Pass
D86-18,2639,366,-142.0970,-3.0890,69.9084,97.5430,3838.3800,0.0000,0.0000,Pass
D86-18,2639,367,-141.9470,-3.0889,70.3169,97.3359,3883.3800,0.0000,0.0000,Pass
D86-18,2639,368,-146.0060,-3.2532,73.1131,99.7423,4198.3700,0.0000,0.0000,Pass
D86-18,2639,369,-145.5550,-3.2521,71.9281,98.9746,4063.3700,0.0000,0.0000,Pass
D86-18,2639,370,-145.2550,-3.2512,72.5625,98.8789,4135.3700,0.0000,0.0000,Pass
D86-18,2639,371,-144.2020,-3.2483,72.1071,99.7947,4083.6200,0.0000,0.0000,Pass
D86-18,2639,372,-143.9020,-3.2461,71.2679,98.8992,3989.1300,0.0000,0.0000,Pass
D86-18,2639,373,-143.7520,-3.2456,71.6487,99.2015,4031.8700,0.0000,0.0000,Pass
D86-18,2639,374,-143.3010,-3.2445,71.0465,99.3456,3964.3800,0.0000,0.0000,Pass
D86-18,2639,375,-145.8560,-3.2532,72.6414,99.1361,4144.3700,0.0000,0.0000,Pass
D86-18,2639,376,-145.7050,-3.2527,72.0276,99.1769,4074.6200,0.0000,0.0000,Pass
D86-18,2639,377,-145.4050,-3.2517,72.4440,99.1648,4121.8700,0.0000,0.0000,Pass
D86-18,2639,378,-145.1050,-3.2509,72.8777,99.3153,4171.3700,0.0000,0.0000,Pass
D86-18,2639,379,-144.9540,-3.2506,73.5039,98.9480,4243.3700,0.0000,0.0000,Pass
D86-18,2639,380,-144.8040,-3.2499,72.9366,99.7440,4178.1200,0.0000,0.0000,Pass
D86-18,2639,381,-144.6530,-3.2498,72.7990,98.4296,4162.3700,0.0000,0.0000,Pass
D86-18,2639,382,-144.5030,-3.2489,72.5822,99.3897,4137.6200,0.0000,0.0000,Pass
D86-18,2639,383,-144.3530,-3.2484,72.5428,99.4573,4133.1200,0.0000,0.0000,Pass
D86-18,2639,384,-144.0520,-3.2477,71.3482,98.3951,3998.1300,0.0000,0.0000,Pass
D86-18,2639,385,-143.6020,-3.2451,70.9860,97.7673,3957.6300,0.0000,0.0000,Pass
D86-18,2639,386,-143.4510,-3.2448,71.3884,99.3676,4002.6300,0.0000,0.0000,Pass
D86-18,2639,387,-143.1500,-3.2438,71.9082,99.7739,4061.1200,0.0000,0.0000,Pass
D86-18,2639,388,-143.0000,-3.2433,71.6487,99.4305,4031.8700,0.0000,0.0000,Pass
D86-18,2639,389,-142.8490,-3.2425,71.2277,99.4592,3984.6300,0.0000,0.0000,Pass
D86-18,2639,390,-142.6990,-3.2427,70.3780,97.6102,3890.1300,0.0000,0.0000,Pass
D86-18,2639,391,-142.5480,-3.2418,70.2150,99.6998,3872.1300,0.0000,0.0000,Pass
D86-18,2639,392,-142.2470,-3.2403,69.2703,99.3609,3768.6300,0.0000,0.0000,Pass
D86-18,2639,393,-142.0970,-3.2401,69.4768,97.7285,3791.1300,0.0000,0.0000,Pass
D86-18,2639,394,-142.3970,-3.2407,69.6826,99.0307,3813.6300,0.0000,0.0000,Pass
D86-18,2639,395,-141.9460,-3.2396,69.8058,98.7257,3827.1300,0.0000,0.0000,Pass
D86-18,2639,396,-146.0050,-3.4043,72.9366,99.2137,4178.1200,0.0000,0.0000,Pass
D86-18,2639,397,-145.1040,-3.4014,72.4835,99.1468,4126.3700,0.0000,0.0000,Pass
D86-18,2639,398,-143.4510,-3.3945,71.5087,99.6647,4016.1200,0.0000,0.0000,Pass
D86-18,2639,399,-145.8550,-3.4038,72.8187,98.3372,4164.6200,0.0000,0.0000,Pass
D86-18,2639,400,-145.7050,-3.4030,72.7399,98.8791,4155.6200,0.0000,0.0000,Pass
D86-18,2639,401,-145.5550,-3.4027,72.2262,99.5192,4097.1200,0.0000,0.0000,Pass
D86-18,2639,402,-145.4050,-3.4020,72.0077,99.1881,4072.3700,0.0000,0.0000,Pass
D86-18,2639,403,-145.2540,-3.4018,72.0673,98.9771,4079.1200,0.0000,0.0000,Pass
D86-18,2639,404,-144.9540,-3.4014,72.8383,99.9205,4166.8700,0.0000,0.0000,Pass
D86-18,2639,405,-144.8030,-3.4007,72.4242,99.3660,4119.6200,0.0000,0.0000,Pass
D86-18,2639,406,-144.6530,-3.3999,72.5033,99.0780,4128.6200,0.0000,0.0000,Pass
D86-18,2639,407,-144.5030,-3.3995,72.5428,98.4094,4133.1200,0.0000,0.0000,Pass
D86-18,2639,408,-144.3520,-3.3989,72.4835,99.3564,4126.3700,0.0000,0.0000,Pass
D86-18,2639,409,-144.2020,-3.3984,72.7399,99.3559,4155.6200,0.0000,0.0000,Pass
D86-18,2639,410,-144.0520,-3.3980,71.5687,98.6153,4022.8700,0.0000,0.0000,Pass
D86-18,2639,411,-143.9020,-3.3963,71.3081,98.1458,3993.6300,0.0000,0.0000,Pass
D86-18,2639,412,-143.7510,-3.3955,72.1071,99.3199,4083.6200,0.0000,0.0000,Pass
D86-18,2639,413,-143.6010,-3.3951,71.2880,98.2335,3991.3800,0.0000,0.0000,Pass
D86-18,2639,414,-143.3000,-3.3942,71.3482,98.7679,3998.1300,0.0000,0.0000,Pass
D86-18,2639,415,-143.1500,-3.3934,71.0868,99.2411,3968.8800,0.0000,0.0000,Pass
D86-18,2639,416,-142.9990,-3.3925,71.6287,99.1980,4029.6200,0.0000,0.0000,Pass
D86-18,2639,417,-142.8480,-3.3925,70.8648,98.5950,3944.1300,0.0000,0.0000,Pass
D86-18,2639,418,-142.5480,-3.3918,70.0107,99.5275,3849.6300,0.0000,0.0000,Pass
D86-18,2639,419,-142.6980,-3.3922,70.1538,99.3513,3865.3800,0.0000,0.0000,Pass
D86-18,2639,420,-142.3970,-3.3909,69.5386,98.5251,3797.8800,0.0000,0.0000,Pass
D86-18,2639,421,-142.2460,-3.3910,69.8674,99.1210,3833.8800,0.0000,0.0000,Pass
D86-18,2639,422,-142.0960,-3.3903,69.7032,98.2683,3815.8800,0.0000,0.0000,Pass
D86-18,2639,423,-141.9460,-3.3894,70.0107,98.7452,3849.6300,0.0000,0.0000,Pass
D86-18,2639,424,-143.9010,-3.5464,71.2076,99.2616,3982.3800,0.0000,0.0000,Pass
D86-18,2639,425,-146.0050,-3.5546,73.4259,98.6998,4234.3700,0.0000,0.0000,Pass
D86-18,2639,426,-145.4040,-3.5523,72.6020,99.5705,4139.8700,0.0000,0.0000,Pass
D86-18,2639,427,-145.1040,-3.5512,72.7399,98.8580,4155.6200,0.0000,0.0000,Pass
D86-18,2639,428,-144.5020,-3.5492,73.0347,99.6468,4189.3700,0.0000,0.0000,Pass
D86-18,2639,429,-144.2020,-3.5486,72.5625,99.4866,4135.3700,0.0000,0.0000,Pass
D86-18,2639,430,-143.7510,-3.5458,71.4886,99.0273,4013.8800,0.0000,0.0000,Pass
D86-18,2639,431,-143.6000,-3.5459,71.0465,98.3683,3964.3800,0.0000,0.0000,Pass
D86-18,2639,432,-143.4500,-3.5453,71.0666,99.6481,3966.6300,0.0000,0.0000,Pass
D86-18,2639,433,-143.3000,-3.5448,71.3282,98.9358,3995.8800,0.0000,0.0000,Pass
D86-18,2639,434,-143.1500,-3.5447,70.7839,99.4026,3935.1300,0.0000,0.0000,Pass
D86-18,2639,435,-142.8480,-3.5432,70.6218,99.4011,3917.1300,0.0000,0.0000,Pass
D86-18,2639,436,-145.5540,-3.5530,72.3846,98.9495,4115.1200,0.0000,0.0000,Pass
D86-18,2639,437,-145.2530,-3.5519,72.2856,99.4829,4103.8700,0.0000,0.0000,Pass
D86-18,2639,438,-144.9530,-3.5512,72.7203,99.5090,4153.3700,0.0000,0.0000,Pass
D86-18,2639,439,-144.8030,-3.5508,72.9366,99.2174,4178.1200,0.0000,0.0000,Pass
D86-18,2639,440,-144.6520,-3.5494,72.4835,98.9009,4126.3700,0.0000,0.0000,Pass
D86-18,2639,441,-144.3520,-3.5489,72.1269,99.6879,4085.8700,0.0000,0.0000,Pass
D86-18,2639,442,-144.0510,-3.5479,71.6687,99.4248,4034.1200,0.0000,0.0000,Pass
D86-18,2639,443,-142.9980,-3.5434,70.4390,98.7858,3896.8800,0.0000,0.0000,Pass
D86-18,2639,444,-142.6970,-3.5426,70.7434,97.7388,3930.6300,0.0000,0.0000,Pass
D86-18,2639,445,-142.5470,-3.5419,69.8879,99.4193,3836.1300,0.0000,0.0000,Pass
D86-18,2639,446,-142.2460,-3.5411,69.6003,98.7584,3804.6300,0.0000,0.0000,Pass
D86-18,2639,447,-142.0950,-3.5409,69.6620,98.9707,3811.3800,0.0000,0.0000,Pass
D86-18,2639,448,-141.9450,-3.5402,70.0721,98.7863,3856.3800,0.0000,0.0000,Pass
D86-18,2639,449,-142.3970,-3.5419,69.6826,99.0368,3813.6300,0.0000,0.0000,Pass
D86-18,2639,450,-146.0050,-3.7053,73.2697,98.0644,4216.3700,0.0000,0.0000,Pass
D86-18,2639,451,-145.1030,-3.7023,72.6611,99.7677,4146.6200,0.0000,0.0000,Pass
D86-18,2639,452,-143.6000,-3.6957,72.1468,98.4645,4088.1200,0.0000,0.0000,Pass
D86-18,2639,453,-145.8540,-3.7048,73.1523,99.1539,4202.8700,0.0000,0.0000,Pass
D86-18,2639,454,-145.7040,-3.7049,73.2110,98.4280,4209.6200,0.0000,0.0000,Pass
D86-18,2639,455,-145.5540,-3.7041,72.1865,99.3858,4092.6200,0.0000,0.0000,Pass
D86-18,2639,456,-145.4030,-3.7029,72.4044,99.4682,4117.3700,0.0000,0.0000,Pass
D86-18,2639,457,-145.2540,-3.7031,72.1269,99.6868,4085.8700,0.0000,0.0000,Pass
D86-18,2639,458,-144.9530,-3.7019,72.4242,98.4693,4119.6200,0.0000,0.0000,Pass
D86-18,2639,459,-144.8020,-3.7011,72.5033,99.2121,4128.6200,0.0000,0.0000,Pass
D86-18,2639,460,-144.6520,-3.7011,72.7203,99.4294,4153.3700,0.0000,0.0000,Pass
D86-18,2639,461,-144.5020,-3.7006,72.8383,98.3355,4166.8700,0.0000,0.0000,Pass
D86-18,2639,462,-144.3520,-3.6990,73.1327,98.8272,4200.6200,0.0000,0.0000,Pass
D86-18,2639,463,-144.2010,-3.6992,72.7399,98.4756,4155.6200,0.0000,0.0000,Pass
D86-18,2639,464,-144.0510,-3.6986,72.3054,99.5096,4106.1200,0.0000,0.0000,Pass
D86-18,2639,465,-143.9010,-3.6969,71.7287,99.1159,4040.8700,0.0000,0.0000,Pass
D86-18,2639,466,-143.7500,-3.6964,71.2478,99.5438,3986.8800,0.0000,0.0000,Pass
D86-18,2639,467,-143.4500,-3.6951,71.5887,98.3748,4025.1200,0.0000,0.0000,Pass
D86-18,2639,468,-143.2990,-3.6949,71.2478,98.7634,3986.8800,0.0000,0.0000,Pass
D86-18,2639,469,-143.1490,-3.6944,70.8446,99.1841,3941.8800,0.0000,0.0000,Pass
D86-18,2639,470,-142.9980,-3.6941,71.3482,97.6597,3998.1300,0.0000,0.0000,Pass
D86-18,2639,471,-142.8480,-3.6935,70.3984,99.0292,3892.3800,0.0000,0.0000,Pass
D86-18,2639,472,-142.3960,-3.6911,69.7237,98.3501,3818.1300,0.0000,0.0000,Pass
D86-18,2639,473,-142.2450,-3.6909,70.2558,97.8246,3876.6300,0.0000,0.0000,Pass
D86-18,2639,474,-142.6970,-3.6926,69.9084,98.5899,3838.3800,0.0000,0.0000,Pass
D86-18,2639,475,-142.5460,-3.6922,69.2496,99.5687,3766.3800,0.0000,0.0000,Pass
D86-18,2639,476,-142.0950,-3.6908,70.1334,98.0531,3863.1300,0.0000,0.0000,Pass
D86-18,2639,477,-141.9450,-3.6903,70.5203,98.3469,3905.8800,0.0000,0.0000,Pass
D86-18,2639,478,-145.8540,-3.8547,73.6207,99.7984,4256.8700,0.0000,0.0000,Pass
D86-18,2639,479,-145.7040,-3.8541,72.7596,99.2419,4157.8700,0.0000,0.0000,Pass
D86-18,2639,480,-145.5530,-3.8540,72.1468,98.6878,4088.1200,0.0000,0.0000,Pass
D86-18,2639,481,-145.4030,-3.8532,72.2856,98.9543,4103.8700,0.0000,0.0000,Pass
D86-18,2639,482,-145.2520,-3.8528,72.3846,97.4160,4115.1200,0.0000,0.0000,Pass
D86-18,2639,483,-145.1020,-3.8522,72.2658,99.0573,4101.6200,0.0000,0.0000,Pass
D86-18,2639,484,-144.8020,-3.8513,72.7399,99.0292,4155.6200,0.0000,0.0000,Pass
D86-18,2639,485,-144.2000,-3.8498,72.8973,97.9790,4173.6200,0.0000,0.0000,Pass
D86-18,2639,486,-144.0500,-3.8497,72.7203,98.6697,4153.3700,0.0000,0.0000,Pass
D86-18,2639,487,-143.9000,-3.8480,71.9679,97.4367,4067.8700,0.0000,0.0000,Pass
D86-18,2639,488,-143.7500,-3.8473,71.7885,99.3480,4047.6200,0.0000,0.0000,Pass
D86-18,2639,489,-143.6000,-3.8464,71.8284,99.7193,4052.1200,0.0000,0.0000,Pass
D86-18,2639,490,-143.4490,-3.8460,71.5887,99.1767,4025.1200,0.0000,0.0000,Pass
D86-18,2639,491,-143.1480,-3.8450,71.3884,98.9904,4002.6300,0.0000,0.0000,Pass
D86-18,2639,492,-142.9980,-3.8445,71.1069,97.7388,3971.1300,0.0000,0.0000,Pass
D86-18,2639,493,-142.8470,-3.8440,70.9254,98.5108,3950.8800,0.0000,0.0000,Pass
D86-18,2639,494,-144.9520,-3.8521,72.6217,99.8635,4142.1200,0.0000,0.0000,Pass
D86-18,2639,495,-144.6520,-3.8511,72.8973,98.8035,4173.6200,0.0000,0.0000,Pass
D86-18,2639,496,-144.5010,-3.8502,72.7399,99.2736,4155.6200,0.0000,0.0000,Pass
D86-18,2639,497,-144.3510,-3.8502,73.1915,98.6711,4207.3700,0.0000,0.0000,Pass
D86-18,2639,498,-143.2980,-3.8457,71.5287,98.9859,4018.3700,0.0000,0.0000,Pass
D86-18,2639,499,-142.6970,-3.8438,70.1742,97.5198,3867.6300,0.0000,0.0000,Pass
D86-18,2639,500,-142.5460,-3.8426,70.3780,98.4495,3890.1300,0.0000,0.0000,Pass
D86-18,2639,501,-142.3960,-3.8422,70.3577,99.1294,3887.8800,0.0000,0.0000,Pass
D86-18,2639,502,-142.2450,-3.8424,71.0061,97.1874,3959.8800,0.0000,0.0000,Pass
D86-18,2639,503,-142.0950,-3.8419,71.0868,97.3381,3968.8800,0.0000,0.0000,Pass
D86-18,2737,1,11.5059,-8.5268,69.9698,98.5003,3845.1300,0.0000,0.0000,Pass
D86-18,2737,2,11.8063,-8.5256,70.3373,98.5170,3885.6300,0.0000,0.0000,Pass
D86-18,2737,3,12.8589,-8.5225,70.9052,99.4730,3948.6300,0.0000,0.0000,Pass
D86-18,2737,4,9.5525,-8.5334,70.2762,99.1456,3878.8800,0.0000,0.0000,Pass
D86-18,2737,5,9.7024,-8.5333,70.5000,97.9179,3903.6300,0.0000,0.0000,Pass
D86-18,2737,6,9.8516,-8.5327,70.2150,97.7575,3872.1300,0.0000,0.0000,Pass
D86-18,2737,7,10.0023,-8.5326,70.1742,98.7981,3867.6300,0.0000,0.0000,Pass
D86-18,2737,8,10.1531,-8.5320,69.9084,98.5956,3838.3800,0.0000,0.0000,Pass
D86-18,2737,9,10.3030,-8.5317,70.3984,99.7355,3892.3800,0.0000,0.0000,Pass
D86-18,2737,10,10.4532,-8.5305,69.8263,98.1081,3829.3800,0.0000,0.0000,Pass
D86-18,2737,11,10.6036,-8.5307,69.9698,98.1449,3845.1300,0.0000,0.0000,Pass
D86-18,2737,12,10.7539,-8.5299,70.1538,99.7080,3865.3800,0.0000,0.0000,Pass
D86-18,2737,13,10.9039,-8.5304,69.8058,99.6289,3827.1300,0.0000,0.0000,Pass
D86-18,2737,14,11.0546,-8.5291,69.9698,99.2888,3845.1300,0.0000,0.0000,Pass
D86-18,2737,15,11.2050,-8.5290,69.8674,99.4338,3833.8800,0.0000,0.0000,Pass
D86-18,2737,16,11.3558,-8.5278,69.7237,98.9587,3818.1300,0.0000,0.0000,Pass
D86-18,2737,17,11.6565,-8.5263,70.1334,99.1941,3863.1300,0.0000,0.0000,Pass
D86-18,2737,18,11.9566,-8.5252,70.5610,98.8473,3910.3800,0.0000,0.0000,Pass
D86-18,2737,19,12.1066,-8.5246,70.1742,99.2005,3867.6300,0.0000,0.0000,Pass
D86-18,2737,20,12.2577,-8.5239,70.9052,98.8921,3948.6300,0.0000,0.0000,Pass
D86-18,2737,21,12.4079,-8.5236,70.4390,99.6017,3896.8800,0.0000,0.0000,Pass
D86-18,2737,22,12.5584,-8.5239,70.5406,98.6634,3908.1300,0.0000,0.0000,Pass
D86-18,2737,23,12.7094,-8.5225,70.3780,98.0559,3890.1300,0.0000,0.0000,Pass
D86-18,2737,24,13.0099,-8.5221,70.4594,99.4833,3899.1300,0.0000,0.0000,Pass
D86-18,2737,25,13.1608,-8.5214,71.2076,99.4194,3982.3800,0.0000,0.0000,Pass
D86-18,2737,26,13.3114,-8.5207,70.9860,99.4620,3957.6300,0.0000,0.0000,Pass
D86-18,2737,27,9.4026,-8.6842,70.9860,99.6129,3957.6300,0.0000,0.0000,Pass
D86-18,2737,28,9.5529,-8.6841,69.9903,99.0855,3847.3800,0.0000,0.0000,Pass
D86-18,2737,29,9.7026,-8.6839,70.1538,98.1119,3865.3800,0.0000,0.0000,Pass
D86-18,2737,30,9.8534,-8.6826,69.9493,98.3827,3842.8800,0.0000,0.0000,Pass
D86-18,2737,31,10.3035,-8.6817,69.4561,98.7288,3788.8800,0.0000,0.0000,Pass
D86-18,2737,32,11.0556,-8.6796,69.1461,98.9180,3755.1300,0.0000,0.0000,Pass
D86-18,2737,33,11.5059,-8.6772,69.4355,97.6559,3786.6300,0.0000,0.0000,Pass
D86-18,2737,34,11.8066,-8.6760,70.1334,99.2342,3863.1300,0.0000,0.0000,Pass
D86-18,2737,35,11.9571,-8.6755,70.2966,99.0033,3881.1300,0.0000,0.0000,Pass
D86-18,2737,36,12.1076,-8.6749,70.1538,99.1695,3865.3800,0.0000,0.0000,Pass
D86-18,2737,37,12.5596,-8.6739,69.6415,99.3885,3809.1300,0.0000,0.0000,Pass
D86-18,2737,38,12.7093,-8.6735,69.6003,99.0747,3804.6300,0.0000,0.0000,Pass
D86-18,2737,39,13.3119,-8.6712,71.1875,98.6763,3980.1300,0.0000,0.0000,Pass
D86-18,2737,40,10.0031,-8.6827,69.7032,99.6198,3815.8800,0.0000,0.0000,Pass
D86-18,2737,41,10.1531,-8.6820,69.4561,98.8735,3788.8800,0.0000,0.0000,Pass
D86-18,2737,42,10.4541,-8.6817,70.0925,99.5280,3858.6300,0.0000,0.0000,Pass
D86-18,2737,43,10.6042,-8.6811,69.7237,98.1266,3818.1300,0.0000,0.0000,Pass
D86-18,2737,44,10.7546,-8.6804,69.7237,98.4152,3818.1300,0.0000,0.0000,Pass
D86-18,2737,45,10.9044,-8.6798,69.3736,98.6314,3779.8800,0.0000,0.0000,Pass
D86-18,2737,46,11.2053,-8.6787,69.5180,98.0817,3795.6300,0.0000,0.0000,Pass
D86-18,2737,47,11.3556,-8.6791,69.9493,99.3417,3842.8800,0.0000,0.0000,Pass
D86-18,2737,48,11.6558,-8.6767,69.8674,98.9179,3833.8800,0.0000,0.0000,Pass
D86-18,2737,49,12.2582,-8.6746,69.7442,99.0500,3820.3800,0.0000,0.0000,Pass
D86-18,2737,50,12.4081,-8.6744,70.0925,98.6553,3858.6300,0.0000,0.0000,Pass
D86-18,2737,51,12.8603,-8.6731,70.4390,99.5006,3896.8800,0.0000,0.0000,Pass
D86-18,2737,52,13.0100,-8.6720,70.8244,99.1626,3939.6300,0.0000,0.0000,Pass
D86-18,2737,53,13.1611,-8.6714,70.9860,98.3541,3957.6300,0.0000,0.0000,Pass
D86-18,2737,54,13.4618,-8.6704,71.2277,97.7469,3984.6300,0.0000,0.0000,Pass
D86-18,2737,55,9.4027,-8.8346,70.1538,98.8961,3865.3800,0.0000,0.0000,Pass
D86-18,2737,56,9.5528,-8.8339,69.9493,99.0155,3842.8800,0.0000,0.0000,Pass
D86-18,2737,57,9.7032,-8.8340,69.2289,99.1918,3764.1300,0.0000,0.0000,Pass
D86-18,2737,58,9.8542,-8.8336,69.0632,97.4130,3746.1300,0.0000,0.0000,Pass
D86-18,2737,59,10.0035,-8.8335,69.2703,98.5592,3768.6300,0.0000,0.0000,Pass
D86-18,2737,60,10.1538,-8.8325,69.3736,98.3455,3779.8800,0.0000,0.0000,Pass
D86-18,2737,61,10.3043,-8.8325,69.0009,98.0207,3739.3800,0.0000,0.0000,Pass
D86-18,2737,62,10.6043,-8.8316,69.2496,98.8614,3766.3800,0.0000,0.0000,Pass
D86-18,2737,63,10.7546,-8.8310,69.7442,99.2079,3820.3800,0.0000,0.0000,Pass
D86-18,2737,64,10.9055,-8.8304,69.2496,99.0382,3766.3800,0.0000,0.0000,Pass
D86-18,2737,65,11.3567,-8.8294,69.0839,98.7011,3748.3800,0.0000,0.0000,Pass
D86-18,2737,66,11.5068,-8.8269,69.6826,97.1455,3813.6300,0.0000,0.0000,Pass
D86-18,2737,67,11.6570,-8.8270,70.0721,98.6125,3856.3800,0.0000,0.0000,Pass
D86-18,2737,68,11.8072,-8.8264,70.2354,99.0861,3874.3800,0.0000,0.0000,Pass
D86-18,2737,69,11.9579,-8.8261,70.5406,98.5148,3908.1300,0.0000,0.0000,Pass
D86-18,2737,70,12.1075,-8.8254,70.0721,98.3880,3856.3800,0.0000,0.0000,Pass
D86-18,2737,71,12.2587,-8.8255,70.3577,97.9760,3887.8800,0.0000,0.0000,Pass
D86-18,2737,72,12.7096,-8.8235,69.8263,98.7739,3829.3800,0.0000,0.0000,Pass
D86-18,2737,73,12.8605,-8.8234,70.2762,99.3808,3878.8800,0.0000,0.0000,Pass
D86-18,2737,74,13.0112,-8.8232,69.9698,98.8660,3845.1300,0.0000,0.0000,Pass
D86-18,2737,75,13.1614,-8.8223,70.4594,98.2365,3899.1300,0.0000,0.0000,Pass
D86-18,2737,76,13.3120,-8.8217,70.9658,99.6179,3955.3800,0.0000,0.0000,Pass
D86-18,2737,77,10.4538,-8.8316,69.0009,98.4211,3739.3800,0.0000,0.0000,Pass
D86-18,2737,78,11.0552,-8.8302,69.0839,99.3540,3748.3800,0.0000,0.0000,Pass
D86-18,2737,79,11.2070,-8.8296,69.7442,98.5061,3820.3800,0.0000,0.0000,Pass
D86-18,2737,80,12.4088,-8.8245,70.4390,97.7695,3896.8800,0.0000,0.0000,Pass
D86-18,2737,81,12.5594,-8.8239,69.9698,98.6221,3845.1300,0.0000,0.0000,Pass
D86-18,2737,82,13.4623,-8.8212,71.0666,98.7092,3966.6300,0.0000,0.0000,Pass
D86-18,2737,83,9.4040,-8.9850,70.0312,97.8186,3851.8800,0.0000,0.0000,Pass
D86-18,2737,84,9.7038,-8.9848,69.7032,99.0337,3815.8800,0.0000,0.0000,Pass
D86-18,2737,85,12.4096,-8.9749,70.3373,98.8802,3885.6300,0.0000,0.0000,Pass
D86-18,2737,86,13.3131,-8.9723,70.1129,98.7302,3860.8800,0.0000,0.0000,Pass
D86-18,2737,87,9.5532,-8.9851,68.9594,98.4151,3734.8800,0.0000,0.0000,Pass
D86-18,2737,88,9.8535,-8.9839,69.2496,99.2155,3766.3800,0.0000,0.0000,Pass
D86-18,2737,89,10.0041,-8.9834,68.9386,99.1153,3732.6300,0.0000,0.0000,Pass
D86-18,2737,90,10.1538,-8.9834,68.9386,99.5733,3732.6300,0.0000,0.0000,Pass
D86-18,2737,91,10.3042,-8.9825,69.4561,99.1287,3788.8800,0.0000,0.0000,Pass
D86-18,2737,92,10.4547,-8.9824,69.2289,98.7763,3764.1300,0.0000,0.0000,Pass
D86-18,2737,93,10.6052,-8.9821,69.0217,99.4158,3741.6300,0.0000,0.0000,Pass
D86-18,2737,94,10.7554,-8.9811,69.1047,98.8855,3750.6300,0.0000,0.0000,Pass
D86-18,2737,95,10.9055,-8.9807,69.9903,98.5784,3847.3800,0.0000,0.0000,Pass
D86-18,2737,96,11.0560,-8.9807,70.0107,99.7993,3849.6300,0.0000,0.0000,Pass
D86-18,2737,97,11.2064,-8.9799,70.1334,97.3615,3863.1300,0.0000,0.0000,Pass
D86-18,2737,98,11.3573,-8.9793,69.9698,98.7716,3845.1300,0.0000,0.0000,Pass
D86-18,2737,99,11.5068,-8.9778,69.5798,97.6369,3802.3800,0.0000,0.0000,Pass
D86-18,2737,100,11.6569,-8.9776,70.1742,98.9809,3867.6300,0.0000,0.0000,Pass
D86-18,2737,101,11.8071,-8.9766,70.0721,99.2546,3856.3800,0.0000,0.0000,Pass
D86-18,2737,102,11.9578,-8.9758,70.9456,99.6484,3953.1300,0.0000,0.0000,Pass
D86-18,2737,103,12.1083,-8.9758,70.1946,98.7623,3869.8800,0.0000,0.0000,Pass
D86-18,2737,104,12.2594,-8.9756,70.2966,98.6766,3881.1300,0.0000,0.0000,Pass
D86-18,2737,105,12.5600,-8.9747,70.6218,98.0514,3917.1300,0.0000,0.0000,Pass
D86-18,2737,106,12.7100,-8.9738,70.2558,98.3385,3876.6300,0.0000,0.0000,Pass
D86-18,2737,107,12.8604,-8.9736,69.5180,97.9118,3795.6300,0.0000,0.0000,Pass
D86-18,2737,108,13.0113,-8.9735,69.7648,99.0182,3822.6300,0.0000,0.0000,Pass
D86-18,2737,109,13.1628,-8.9719,69.8263,99.6966,3829.3800,0.0000,0.0000,Pass
D86-18,2737,110,13.4628,-8.9719,71.1472,99.2820,3975.6300,0.0000,0.0000,Pass
D86-18,2737,111,9.4040,-9.1359,70.3373,98.0416,3885.6300,0.0000,0.0000,Pass
D86-18,2737,112,9.5546,-9.1352,69.1254,99.0168,3752.8800,0.0000,0.0000,Pass
D86-18,2737,113,9.7041,-9.1348,70.0925,99.3566,3858.6300,0.0000,0.0000,Pass
D86-18,2737,114,9.8545,-9.1345,69.1461,98.6682,3755.1300,0.0000,0.0000,Pass
D86-18,2737,115,10.1545,-9.1343,68.8763,99.3201,3725.8800,0.0000,0.0000,Pass
D86-18,2737,116,10.3049,-9.1331,69.5386,99.6766,3797.8800,0.0000,0.0000,Pass
D86-18,2737,117,10.4551,-9.1324,69.6826,99.7900,3813.6300,0.0000,0.0000,Pass
D86-18,2737,118,10.6058,-9.1323,69.7853,98.0959,3824.8800,0.0000,0.0000,Pass
D86-18,2737,119,10.9059,-9.1316,69.3323,98.4154,3775.3800,0.0000,0.0000,Pass
D86-18,2737,120,11.0563,-9.1304,70.0312,98.9047,3851.8800,0.0000,0.0000,Pass
D86-18,2737,121,11.5081,-9.1287,69.9493,97.9131,3842.8800,0.0000,0.0000,Pass
D86-18,2737,122,11.6572,-9.1280,70.8648,99.2472,3944.1300,0.0000,0.0000,Pass
D86-18,2737,123,11.9588,-9.1271,71.3081,99.3752,3993.6300,0.0000,0.0000,Pass
D86-18,2737,124,12.1095,-9.1264,70.9254,99.2743,3950.8800,0.0000,0.0000,Pass
D86-18,2737,125,12.2588,-9.1253,71.2076,99.3726,3982.3800,0.0000,0.0000,Pass
D86-18,2737,126,12.8615,-9.1245,70.1129,97.7172,3860.8800,0.0000,0.0000,Pass
D86-18,2737,127,13.0120,-9.1234,69.9903,98.7926,3847.3800,0.0000,0.0000,Pass
D86-18,2737,128,10.0042,-9.1343,68.6680,99.3462,3703.3800,0.0000,0.0000,Pass
D86-18,2737,129,10.7560,-9.1318,70.0107,98.5071,3849.6300,0.0000,0.0000,Pass
D86-18,2737,130,11.2077,-9.1304,69.9903,99.2346,3847.3800,0.0000,0.0000,Pass
D86-18,2737,131,11.3572,-9.1299,71.2076,99.2271,3982.3800,0.0000,0.0000,Pass
D86-18,2737,132,11.8081,-9.1270,70.9456,99.6380,3953.1300,0.0000,0.0000,Pass
D86-18,2737,133,12.4095,-9.1250,71.0666,99.1729,3966.6300,0.0000,0.0000,Pass
D86-18,2737,134,12.5601,-9.1246,71.2880,98.7997,3991.3800,0.0000,0.0000,Pass
D86-18,2737,135,12.7107,-9.1244,70.0516,98.7692,3854.1300,0.0000,0.0000,Pass
D86-18,2737,136,13.1624,-9.1232,69.4561,98.4166,3788.8800,0.0000,0.0000,Pass
D86-18,2737,137,13.3136,-9.1231,69.7237,99.1248,3818.1300,0.0000,0.0000,Pass
D86-18,2737,138,13.4638,-9.1224,70.8446,99.0864,3941.8800,0.0000,0.0000,Pass
D86-18,2737,139,9.5543,-9.2858,68.9386,98.6906,3732.6300,0.0000,0.0000,Pass
D86-18,2737,140,9.4043,-9.2858,69.4561,99.3630,3788.8800,0.0000,0.0000,Pass
D86-18,2737,141,9.7049,-9.2846,69.2496,99.5986,3766.3800,0.0000,0.0000,Pass
D86-18,2737,142,9.8550,-9.2850,68.9179,98.9518,3730.3800,0.0000,0.0000,Pass
D86-18,2737,143,10.0051,-9.2846,68.7722,98.2632,3714.6300,0.0000,0.0000,Pass
D86-18,2737,144,12.8621,-9.2742,70.7434,99.6560,3930.6300,0.0000,0.0000,Pass
D86-18,2737,145,13.1628,-9.2737,69.6003,98.4759,3804.6300,0.0000,0.0000,Pass
D86-18,2737,146,13.4646,-9.2722,70.2966,97.7971,3881.1300,0.0000,0.0000,Pass
D86-18,2737,147,13.0124,-9.2743,69.9493,98.9597,3842.8800,0.0000,0.0000,Pass
D86-18,2737,148,13.3134,-9.2726,70.2354,98.5004,3874.3800,0.0000,0.0000,Pass
D86-18,2737,149,9.4048,-9.4367,70.2762,99.0181,3878.8800,0.0000,0.0000,Pass
D86-18,2737,150,9.5550,-9.4358,68.6054,98.3049,3696.6300,0.0000,0.0000,Pass
D86-18,2737,151,9.7053,-9.4356,69.0839,97.6095,3748.3800,0.0000,0.0000,Pass
D86-18,2737,152,9.8554,-9.4343,68.9802,99.0115,3737.1300,0.0000,0.0000,Pass
D86-18,2737,153,10.0058,-9.4352,68.7306,99.0691,3710.1300,0.0000,0.0000,Pass
D86-18,2737,154,12.8622,-9.4251,70.6826,99.0749,3923.8800,0.0000,0.0000,Pass
D86-18,2737,155,13.0127,-9.4246,69.6620,99.6975,3811.3800,0.0000,0.0000,Pass
D86-18,2737,156,13.1631,-9.4242,69.5386,98.7096,3797.8800,0.0000,0.0000,Pass
D86-18,2737,157,13.4639,-9.4230,70.3169,97.9259,3883.3800,0.0000,0.0000,Pass
D86-18,2737,158,13.3139,-9.4233,69.7442,98.4318,3820.3800,0.0000,0.0000,Pass
D86-18,2737,159,10.5325,-9.5414,70.2762,97.9550,3878.8800,0.0000,0.0000,Pass
D86-18,2737,160,11.5227,-9.5368,70.8244,99.7825,3939.6300,0.0000,0.0000,Pass
D86-18,2737,161,12.0180,-9.5352,70.9456,99.1263,3953.1300,0.0000,0.0000,Pass
D86-18,2737,162,10.6985,-9.5406,70.6421,99.4553,3919.3800,0.0000,0.0000,Pass
D86-18,2737,163,10.8627,-9.5403,70.9052,98.9571,3948.6300,0.0000,0.0000,Pass
D86-18,2737,164,11.0283,-9.5397,70.5406,98.6481,3908.1300,0.0000,0.0000,Pass
D86-18,2737,165,11.1934,-9.5390,71.3282,99.5566,3995.8800,0.0000,0.0000,Pass
D86-18,2737,166,11.3583,-9.5385,70.6218,98.2311,3917.1300,0.0000,0.0000,Pass
D86-18,2737,167,11.6878,-9.5364,70.7839,99.0436,3935.1300,0.0000,0.0000,Pass
D86-18,2737,168,11.8533,-9.5353,71.2277,99.3577,3984.6300,0.0000,0.0000,Pass
D86-18,2737,169,12.1830,-9.5351,71.5287,99.2547,4018.3700,0.0000,0.0000,Pass
D86-18,2737,170,12.3479,-9.5340,71.3482,99.3547,3998.1300,0.0000,0.0000,Pass
D86-18,2737,171,12.5134,-9.5337,71.3884,99.5285,4002.6300,0.0000,0.0000,Pass
D86-18,2737,172,9.4055,-9.5869,69.7648,98.3025,3822.6300,0.0000,0.0000,Pass
D86-18,2737,173,9.5552,-9.5865,69.1047,99.2210,3750.6300,0.0000,0.0000,Pass
D86-18,2737,174,9.7053,-9.5864,69.0217,99.2344,3741.6300,0.0000,0.0000,Pass
D86-18,2737,175,9.8558,-9.5857,69.0217,97.9869,3741.6300,0.0000,0.0000,Pass
D86-18,2737,176,10.0055,-9.5852,69.6415,97.7707,3809.1300,0.0000,0.0000,Pass
D86-18,2737,177,13.3147,-9.5736,70.1742,98.6252,3867.6300,0.0000,0.0000,Pass
D86-18,2737,178,12.8627,-9.5749,70.7434,98.0149,3930.6300,0.0000,0.0000,Pass
D86-18,2737,179,13.0133,-9.5743,70.1946,99.3032,3869.8800,0.0000,0.0000,Pass
D86-18,2737,180,13.1639,-9.5747,70.0107,98.7371,3849.6300,0.0000,0.0000,Pass
D86-18,2737,181,13.4648,-9.5729,70.4187,97.8278,3894.6300,0.0000,0.0000,Pass
D86-18,2737,182,10.3689,-9.7070,70.7434,98.6586,3930.6300,0.0000,0.0000,Pass
D86-18,2737,183,10.5331,-9.7059,70.7637,99.1706,3932.8800,0.0000,0.0000,Pass
D86-18,2737,184,10.6981,-9.7060,70.7434,99.2380,3930.6300,0.0000,0.0000,Pass
D86-18,2737,185,10.8639,-9.7056,70.6015,98.9214,3914.8800,0.0000,0.0000,Pass
D86-18,2737,186,11.0287,-9.7052,70.3780,97.6749,3890.1300,0.0000,0.0000,Pass
D86-18,2737,187,11.1939,-9.7041,70.4797,99.1913,3901.3800,0.0000,0.0000,Pass
D86-18,2737,188,11.3582,-9.7030,70.2762,97.1601,3878.8800,0.0000,0.0000,Pass
D86-18,2737,189,11.5223,-9.7019,70.3984,99.4469,3892.3800,0.0000,0.0000,Pass
D86-18,2737,190,11.6889,-9.7018,70.3984,98.1497,3892.3800,0.0000,0.0000,Pass
D86-18,2737,191,11.8529,-9.7008,70.1334,98.8360,3863.1300,0.0000,0.0000,Pass
D86-18,2737,192,12.0180,-9.6999,70.8850,98.4400,3946.3800,0.0000,0.0000,Pass
D86-18,2737,193,12.1837,-9.6995,70.6624,98.5516,3921.6300,0.0000,0.0000,Pass
D86-18,2737,194,12.5139,-9.6985,70.8648,99.5032,3944.1300,0.0000,0.0000,Pass
D86-18,2737,195,12.3485,-9.6998,70.7029,99.3613,3926.1300,0.0000,0.0000,Pass
D86-18,2737,196,9.4060,-9.7368,69.0009,98.6429,3739.3800,0.0000,0.0000,Pass
D86-18,2737,197,9.5558,-9.7370,68.8971,98.6523,3728.1300,0.0000,0.0000,Pass
D86-18,2737,198,9.7063,-9.7363,69.2289,98.8399,3764.1300,0.0000,0.0000,Pass
D86-18,2737,199,9.8562,-9.7360,68.9594,98.5367,3734.8800,0.0000,0.0000,Pass
D86-18,2737,200,10.0063,-9.7354,69.5386,99.6280,3797.8800,0.0000,0.0000,Pass
D86-18,2737,201,12.8637,-9.7253,71.3683,98.9492,4000.3800,0.0000,0.0000,Pass
D86-18,2737,202,13.0137,-9.7252,70.1538,98.7419,3865.3800,0.0000,0.0000,Pass
D86-18,2737,203,13.1644,-9.7248,69.5180,99.4681,3795.6300,0.0000,0.0000,Pass
D86-18,2737,204,13.3144,-9.7241,69.6415,99.4167,3809.1300,0.0000,0.0000,Pass
D86-18,2737,205,13.4654,-9.7237,70.0107,99.1612,3849.6300,0.0000,0.0000,Pass
D86-18,2737,206,10.3695,-9.8724,70.5203,98.7692,3905.8800,0.0000,0.0000,Pass
D86-18,2737,207,10.5344,-9.8711,70.2150,98.2062,3872.1300,0.0000,0.0000,Pass
D86-18,2737,208,10.6992,-9.8707,70.2966,98.8228,3881.1300,0.0000,0.0000,Pass
D86-18,2737,209,11.1944,-9.8695,69.8674,98.8594,3833.8800,0.0000,0.0000,Pass
D86-18,2737,210,11.5234,-9.8669,69.5180,99.7857,3795.6300,0.0000,0.0000,Pass
D86-18,2737,211,12.0186,-9.8648,69.5180,98.9386,3795.6300,0.0000,0.0000,Pass
D86-18,2737,212,12.1843,-9.8649,70.1129,98.6693,3860.8800,0.0000,0.0000,Pass
D86-18,2737,213,12.3498,-9.8642,70.3373,98.3122,3885.6300,0.0000,0.0000,Pass
D86-18,2737,214,10.8640,-9.8705,70.2762,98.9867,3878.8800,0.0000,0.0000,Pass
D86-18,2737,215,11.0292,-9.8693,69.9084,96.8411,3838.3800,0.0000,0.0000,Pass
D86-18,2737,216,11.3590,-9.8682,69.4768,98.7992,3791.1300,0.0000,0.0000,Pass
D86-18,2737,217,11.6883,-9.8669,69.2703,99.4303,3768.6300,0.0000,0.0000,Pass
D86-18,2737,218,11.8533,-9.8658,69.2703,99.6079,3768.6300,0.0000,0.0000,Pass
D86-18,2737,219,12.5142,-9.8639,71.3884,98.6595,4002.6300,0.0000,0.0000,Pass
D86-18,2737,220,9.4065,-9.8875,69.8674,98.8769,3833.8800,0.0000,0.0000,Pass
D86-18,2737,221,9.5557,-9.8880,68.9386,98.8955,3732.6300,0.0000,0.0000,Pass
D86-18,2737,222,9.7075,-9.8871,68.9386,99.3176,3732.6300,0.0000,0.0000,Pass
D86-18,2737,223,9.8573,-9.8866,68.8971,98.9174,3728.1300,0.0000,0.0000,Pass
D86-18,2737,224,10.0070,-9.8864,68.9802,99.5330,3737.1300,0.0000,0.0000,Pass
D86-18,2737,225,12.8643,-9.8761,70.7839,98.9881,3935.1300,0.0000,0.0000,Pass
D86-18,2737,226,13.0143,-9.8751,70.8041,99.1967,3937.3800,0.0000,0.0000,Pass
D86-18,2737,227,13.1656,-9.8752,69.9493,99.8354,3842.8800,0.0000,0.0000,Pass
D86-18,2737,228,13.3158,-9.8743,69.9698,99.1217,3845.1300,0.0000,0.0000,Pass
D86-18,2737,229,13.4660,-9.8744,70.3984,99.5340,3892.3800,0.0000,0.0000,Pass
D86-18,2737,230,9.4068,-10.0382,69.8879,98.1312,3836.1300,0.0000,0.0000,Pass
D86-18,2737,231,9.8577,-10.0365,69.1668,99.2870,3757.3800,0.0000,0.0000,Pass
D86-18,2737,232,10.0072,-10.0368,69.5798,99.3709,3802.3800,0.0000,0.0000,Pass
D86-18,2737,233,11.6889,-10.0325,69.2289,98.2470,3764.1300,0.0000,0.0000,Pass
D86-18,2737,234,12.8636,-10.0258,71.1271,99.6539,3973.3800,0.0000,0.0000,Pass
D86-18,2737,235,13.0142,-10.0259,70.5610,99.0593,3910.3800,0.0000,0.0000,Pass
D86-18,2737,236,13.1656,-10.0249,70.0312,98.4594,3851.8800,0.0000,0.0000,Pass
D86-18,2737,237,13.3160,-10.0250,70.2150,98.2873,3872.1300,0.0000,0.0000,Pass
D86-18,2737,238,13.4662,-10.0243,69.8879,96.5994,3836.1300,0.0000,0.0000,Pass
D86-18,2737,239,10.3699,-10.0372,70.4187,98.9084,3894.6300,0.0000,0.0000,Pass
D86-18,2737,240,10.5350,-10.0364,70.3780,99.5761,3890.1300,0.0000,0.0000,Pass
D86-18,2737,241,10.6998,-10.0360,70.4594,98.9777,3899.1300,0.0000,0.0000,Pass
D86-18,2737,242,10.8646,-10.0355,70.1946,98.8974,3869.8800,0.0000,0.0000,Pass
D86-18,2737,243,11.0293,-10.0342,70.1129,99.7159,3860.8800,0.0000,0.0000,Pass
D86-18,2737,244,11.1944,-10.0335,69.7442,99.6034,3820.3800,0.0000,0.0000,Pass
D86-18,2737,245,11.5242,-10.0319,68.7306,99.8181,3710.1300,0.0000,0.0000,Pass
D86-18,2737,246,11.8546,-10.0307,68.9179,98.4525,3730.3800,0.0000,0.0000,Pass
D86-18,2737,247,12.0189,-10.0309,69.4355,98.6338,3786.6300,0.0000,0.0000,Pass
D86-18,2737,248,12.1849,-10.0304,69.7442,98.7298,3820.3800,0.0000,0.0000,Pass
D86-18,2737,249,12.3497,-10.0294,70.3373,99.2561,3885.6300,0.0000,0.0000,Pass
D86-18,2737,250,12.5145,-10.0291,71.3081,99.4468,3993.6300,0.0000,0.0000,Pass
D86-18,2737,251,11.3593,-10.0344,69.1047,98.0849,3750.6300,0.0000,0.0000,Pass
D86-18,2737,252,9.4079,-10.1882,69.0424,99.1789,3743.8800,0.0000,0.0000,Pass
D86-18,2737,253,9.5577,-10.1888,68.8763,98.8277,3725.8800,0.0000,0.0000,Pass
D86-18,2737,254,9.7075,-10.1877,69.1875,99.2401,3759.6300,0.0000,0.0000,Pass
D86-18,2737,255,9.8574,-10.1873,68.7097,99.1441,3707.8800,0.0000,0.0000,Pass
D86-18,2737,256,10.0080,-10.1868,69.4149,99.0462,3784.3800,0.0000,0.0000,Pass
D86-18,2737,257,12.8649,-10.1765,70.7839,98.3065,3935.1300,0.0000,0.0000,Pass
D86-18,2737,258,13.0151,-10.1760,69.8674,99.2222,3833.8800,0.0000,0.0000,Pass
D86-18,2737,259,13.3156,-10.1750,69.4149,99.1961,3784.3800,0.0000,0.0000,Pass
D86-18,2737,260,13.1658,-10.1758,69.8469,98.3275,3831.6300,0.0000,0.0000,Pass
D86-18,2737,261,13.4670,-10.1748,69.8674,98.4844,3833.8800,0.0000,0.0000,Pass
D86-18,2737,262,10.3703,-10.2022,70.7839,99.7175,3935.1300,0.0000,0.0000,Pass
D86-18,2737,263,10.7000,-10.2008,69.8674,98.0085,3833.8800,0.0000,0.0000,Pass
D86-18,2737,264,10.8650,-10.1999,70.0925,99.3448,3858.6300,0.0000,0.0000,Pass
D86-18,2737,265,11.0295,-10.2001,70.1742,99.7562,3867.6300,0.0000,0.0000,Pass
D86-18,2737,266,11.1949,-10.1997,68.9802,99.3364,3737.1300,0.0000,0.0000,Pass
D86-18,2737,267,11.3599,-10.1985,69.1254,99.0008,3752.8800,0.0000,0.0000,Pass
D86-18,2737,268,11.5241,-10.1971,68.5218,98.5632,3687.6400,0.0000,0.0000,Pass
D86-18,2737,269,11.8546,-10.1964,68.6263,99.2912,3698.8800,0.0000,0.0000,Pass
D86-18,2737,270,12.0199,-10.1956,69.6209,97.5169,3806.8800,0.0000,0.0000,Pass
D86-18,2737,271,12.1848,-10.1953,69.5386,99.0162,3797.8800,0.0000,0.0000,Pass
D86-18,2737,272,12.3505,-10.1952,70.7232,99.7094,3928.3800,0.0000,0.0000,Pass
D86-18,2737,273,10.5350,-10.2019,70.4187,99.7831,3894.6300,0.0000,0.0000,Pass
D86-18,2737,274,11.6904,-10.1966,68.3963,98.8396,3674.1400,0.0000,0.0000,Pass
D86-18,2737,275,12.5148,-10.1936,70.8244,99.1029,3939.6300,0.0000,0.0000,Pass
D86-18,2737,276,9.5579,-10.3386,68.4800,98.5719,3683.1400,0.0000,0.0000,Pass
D86-18,2737,277,9.7078,-10.3385,69.0009,98.4933,3739.3800,0.0000,0.0000,Pass
D86-18,2737,278,9.4076,-10.3388,69.7853,98.7793,3824.8800,0.0000,0.0000,Pass
D86-18,2737,279,9.8583,-10.3376,68.4800,98.0047,3683.1400,0.0000,0.0000,Pass
D86-18,2737,280,10.0085,-10.3371,68.8763,97.6192,3725.8800,0.0000,0.0000,Pass
D86-18,2737,281,12.8652,-10.3268,70.7232,99.6222,3928.3800,0.0000,0.0000,Pass
D86-18,2737,282,13.0158,-10.3260,70.5610,97.8284,3910.3800,0.0000,0.0000,Pass
D86-18,2737,283,13.1659,-10.3257,70.3984,99.0533,3892.3800,0.0000,0.0000,Pass
D86-18,2737,284,13.3168,-10.3255,70.2354,99.3288,3874.3800,0.0000,0.0000,Pass
D86-18,2737,285,13.4674,-10.3252,69.9493,98.0719,3842.8800,0.0000,0.0000,Pass
D86-18,2737,286,10.8650,-10.3654,70.3577,98.9973,3887.8800,0.0000,0.0000,Pass
D86-18,2737,287,11.5250,-10.3623,68.4591,98.6337,3680.8900,0.0000,0.0000,Pass
D86-18,2737,288,11.8555,-10.3616,68.7097,98.8625,3707.8800,0.0000,0.0000,Pass
D86-18,2737,289,10.3712,-10.3671,70.6826,98.3315,3923.8800,0.0000,0.0000,Pass
D86-18,2737,290,10.5356,-10.3673,70.9052,99.1244,3948.6300,0.0000,0.0000,Pass
D86-18,2737,291,10.7008,-10.3661,70.4187,99.0205,3894.6300,0.0000,0.0000,Pass
D86-18,2737,292,11.0310,-10.3651,69.6826,98.4422,3813.6300,0.0000,0.0000,Pass
D86-18,2737,293,11.1956,-10.3648,68.9179,98.8900,3730.3800,0.0000,0.0000,Pass
D86-18,2737,294,11.3605,-10.3635,68.5636,99.2099,3692.1400,0.0000,0.0000,Pass
D86-18,2737,295,11.6903,-10.3620,68.5009,99.2144,3685.3900,0.0000,0.0000,Pass
D86-18,2737,296,12.0202,-10.3608,69.3736,99.3730,3779.8800,0.0000,0.0000,Pass
D86-18,2737,297,12.1853,-10.3598,70.1538,98.4968,3865.3800,0.0000,0.0000,Pass
D86-18,2737,298,12.3506,-10.3596,70.3373,98.8923,3885.6300,0.0000,0.0000,Pass
D86-18,2737,299,12.5158,-10.3589,71.5087,99.1264,4016.1200,0.0000,0.0000,Pass
D86-18,2737,300,9.4080,-10.4878,69.8058,98.7652,3827.1300,0.0000,0.0000,Pass
D86-18,2737,301,9.5581,-10.4880,69.3529,98.4097,3777.6300,0.0000,0.0000,Pass
D86-18,2737,302,9.7089,-10.4875,69.0217,98.5678,3741.6300,0.0000,0.0000,Pass
D86-18,2737,303,9.8587,-10.4866,69.7237,98.8344,3818.1300,0.0000,0.0000,Pass
D86-18,2737,304,10.0090,-10.4865,70.0107,99.7317,3849.6300,0.0000,0.0000,Pass
D86-18,2737,305,12.8656,-10.4767,70.5610,99.2321,3910.3800,0.0000,0.0000,Pass
D86-18,2737,306,13.0162,-10.4757,70.0721,97.7643,3856.3800,0.0000,0.0000,Pass
D86-18,2737,307,13.1664,-10.4751,69.9903,97.1798,3847.3800,0.0000,0.0000,Pass
D86-18,2737,308,13.3166,-10.4749,70.0925,98.8693,3858.6300,0.0000,0.0000,Pass
D86-18,2737,309,13.4677,-10.4745,70.1334,98.5424,3863.1300,0.0000,0.0000,Pass
D86-18,2737,310,10.3715,-10.5314,71.4886,99.1834,4013.8800,0.0000,0.0000,Pass
D86-18,2737,311,10.5366,-10.5308,70.7637,99.2521,3932.8800,0.0000,0.0000,Pass
D86-18,2737,312,10.7008,-10.5302,70.8041,99.1460,3937.3800,0.0000,0.0000,Pass
D86-18,2737,313,10.8657,-10.5293,70.5203,99.0030,3905.8800,0.0000,0.0000,Pass
D86-18,2737,314,11.0310,-10.5292,69.7853,99.4868,3824.8800,0.0000,0.0000,Pass
D86-18,2737,315,11.1963,-10.5281,70.2966,98.7492,3881.1300,0.0000,0.0000,Pass
D86-18,2737,316,11.5254,-10.5263,68.2286,98.7945,3656.1400,0.0000,0.0000,Pass
D86-18,2737,317,11.6902,-10.5262,68.5218,98.8177,3687.6400,0.0000,0.0000,Pass
D86-18,2737,318,11.8556,-10.5254,68.5636,99.0309,3692.1400,0.0000,0.0000,Pass
D86-18,2737,319,12.0208,-10.5244,69.8469,99.1538,3831.6300,0.0000,0.0000,Pass
D86-18,2737,320,12.1858,-10.5245,69.6209,99.3971,3806.8800,0.0000,0.0000,Pass
D86-18,2737,321,12.3510,-10.5235,70.6826,99.4343,3923.8800,0.0000,0.0000,Pass
D86-18,2737,322,12.5162,-10.5230,70.8244,98.9516,3939.6300,0.0000,0.0000,Pass
D86-18,2737,323,11.3607,-10.5283,69.9698,98.9648,3845.1300,0.0000,0.0000,Pass
D86-18,2737,324,9.4087,-10.6384,69.9698,98.2100,3845.1300,0.0000,0.0000,Pass
D86-18,2737,325,9.5587,-10.6388,69.5592,99.0887,3800.1300,0.0000,0.0000,Pass
D86-18,2737,326,9.7095,-10.6380,69.4974,98.7945,3793.3800,0.0000,0.0000,Pass
D86-18,2737,327,9.8594,-10.6375,69.1461,99.0373,3755.1300,0.0000,0.0000,Pass
D86-18,2737,328,10.0099,-10.6369,69.7032,99.1085,3815.8800,0.0000,0.0000,Pass
D86-18,2737,329,12.8661,-10.6266,71.0666,99.2314,3966.6300,0.0000,0.0000,Pass
D86-18,2737,330,13.1671,-10.6257,70.3780,98.0280,3890.1300,0.0000,0.0000,Pass
D86-18,2737,331,13.3178,-10.6253,69.6209,98.7339,3806.8800,0.0000,0.0000,Pass
D86-18,2737,332,13.4680,-10.6251,70.5610,99.2452,3910.3800,0.0000,0.0000,Pass
D86-18,2737,333,13.0165,-10.6261,70.2558,98.4346,3876.6300,0.0000,0.0000,Pass
D86-18,2737,334,10.3717,-10.6959,70.7232,98.7486,3928.3800,0.0000,0.0000,Pass
D86-18,2737,335,10.5365,-10.6956,71.3081,98.8070,3993.6300,0.0000,0.0000,Pass
D86-18,2737,336,10.7021,-10.6949,71.5887,98.6387,4025.1200,0.0000,0.0000,Pass
D86-18,2737,337,10.8667,-10.6949,71.0263,99.6960,3962.1300,0.0000,0.0000,Pass
D86-18,2737,338,11.0321,-10.6942,70.8041,99.4252,3937.3800,0.0000,0.0000,Pass
D86-18,2737,339,11.5262,-10.6916,69.4149,98.6771,3784.3800,0.0000,0.0000,Pass
D86-18,2737,340,11.6909,-10.6907,69.8674,99.9156,3833.8800,0.0000,0.0000,Pass
D86-18,2737,341,11.8566,-10.6906,70.1946,98.5471,3869.8800,0.0000,0.0000,Pass
D86-18,2737,342,12.0216,-10.6897,70.5406,98.3703,3908.1300,0.0000,0.0000,Pass
D86-18,2737,343,12.1866,-10.6894,71.3683,97.8252,4000.3800,0.0000,0.0000,Pass
D86-18,2737,344,12.3520,-10.6891,70.7637,98.4471,3932.8800,0.0000,0.0000,Pass
D86-18,2737,345,11.1961,-10.6936,70.1334,98.8921,3863.1300,0.0000,0.0000,Pass
D86-18,2737,346,11.3620,-10.6932,70.6421,99.0436,3919.3800,0.0000,0.0000,Pass
D86-18,2737,347,12.5169,-10.6882,71.1673,99.0464,3977.8800,0.0000,0.0000,Pass
D86-18,2737,348,9.8600,-10.7880,69.6209,98.8903,3806.8800,0.0000,0.0000,Pass
D86-18,2737,349,9.4092,-10.7889,69.3529,98.4302,3777.6300,0.0000,0.0000,Pass
D86-18,2737,350,9.5593,-10.7883,69.7237,98.8185,3818.1300,0.0000,0.0000,Pass
D86-18,2737,351,9.7099,-10.7883,69.5386,99.7176,3797.8800,0.0000,0.0000,Pass
D86-18,2737,352,10.0100,-10.7871,69.6209,98.4665,3806.8800,0.0000,0.0000,Pass
D86-18,2737,353,12.8663,-10.7772,70.6218,98.1670,3917.1300,0.0000,0.0000,Pass
D86-18,2737,354,13.0173,-10.7764,71.0666,99.6475,3966.6300,0.0000,0.0000,Pass
D86-18,2737,355,13.1673,-10.7760,70.1946,98.5649,3869.8800,0.0000,0.0000,Pass
D86-18,2737,356,13.4692,-10.7750,70.2558,99.2144,3876.6300,0.0000,0.0000,Pass
D86-18,2737,357,13.3184,-10.7758,70.0516,97.6976,3854.1300,0.0000,0.0000,Pass
D86-18,2737,358,9.5597,-10.9389,69.8058,99.1475,3827.1300,0.0000,0.0000,Pass
D86-18,2737,359,9.4099,-10.9399,69.8879,98.5897,3836.1300,0.0000,0.0000,Pass
D86-18,2737,360,9.7097,-10.9388,69.6003,98.7055,3804.6300,0.0000,0.0000,Pass
D86-18,2737,361,9.8608,-10.9381,69.4768,99.6630,3791.1300,0.0000,0.0000,Pass
D86-18,2737,362,10.0111,-10.9377,69.0009,98.2717,3739.3800,0.0000,0.0000,Pass
D86-18,2737,363,12.8666,-10.9280,70.3577,99.0937,3887.8800,0.0000,0.0000,Pass
D86-18,2737,364,13.0175,-10.9271,70.3780,99.7142,3890.1300,0.0000,0.0000,Pass
D86-18,2737,365,13.1680,-10.9265,69.8674,98.9416,3833.8800,0.0000,0.0000,Pass
D86-18,2737,366,13.3190,-10.9256,69.5592,99.4689,3800.1300,0.0000,0.0000,Pass
D86-18,2737,367,13.4693,-10.9255,70.3780,98.2243,3890.1300,0.0000,0.0000,Pass
D86-18,2737,368,9.4099,-11.0901,70.3780,99.3070,3890.1300,0.0000,0.0000,Pass
D86-18,2737,369,9.8609,-11.0888,69.6415,99.4086,3809.1300,0.0000,0.0000,Pass
D86-18,2737,370,10.1612,-11.0879,69.7853,99.1066,3824.8800,0.0000,0.0000,Pass
D86-18,2737,371,11.2138,-11.0844,70.5203,98.3297,3905.8800,0.0000,0.0000,Pass
D86-18,2737,372,11.5132,-11.0820,69.5386,98.8223,3797.8800,0.0000,0.0000,Pass
D86-18,2737,373,11.6636,-11.0821,70.1129,98.3021,3860.8800,0.0000,0.0000,Pass
D86-18,2737,374,12.1147,-11.0794,70.6826,97.8108,3923.8800,0.0000,0.0000,Pass
D86-18,2737,375,9.5602,-11.0893,69.6415,99.5185,3809.1300,0.0000,0.0000,Pass
D86-18,2737,376,9.7105,-11.0890,69.3323,97.7420,3775.3800,0.0000,0.0000,Pass
D86-18,2737,377,10.0111,-11.0882,69.4149,98.7518,3784.3800,0.0000,0.0000,Pass
D86-18,2737,378,10.3115,-11.0869,70.3780,99.4504,3890.1300,0.0000,0.0000,Pass
D86-18,2737,379,10.4618,-11.0870,70.2762,98.9006,3878.8800,0.0000,0.0000,Pass
D86-18,2737,380,10.6117,-11.0858,70.8648,99.6053,3944.1300,0.0000,0.0000,Pass
D86-18,2737,381,10.7627,-11.0857,70.1129,98.2711,3860.8800,0.0000,0.0000,Pass
D86-18,2737,382,10.9125,-11.0846,70.7232,98.5688,3928.3800,0.0000,0.0000,Pass
D86-18,2737,383,11.0635,-11.0848,70.6218,99.1853,3917.1300,0.0000,0.0000,Pass
D86-18,2737,384,11.3633,-11.0836,70.4594,98.8475,3899.1300,0.0000,0.0000,Pass
D86-18,2737,385,11.8145,-11.0812,70.4390,98.8260,3896.8800,0.0000,0.0000,Pass
D86-18,2737,386,11.9652,-11.0812,70.2354,99.5845,3874.3800,0.0000,0.0000,Pass
D86-18,2737,387,12.2660,-11.0798,70.7839,99.2789,3935.1300,0.0000,0.0000,Pass
D86-18,2737,388,12.4159,-11.0797,71.1271,99.4159,3973.3800,0.0000,0.0000,Pass
D86-18,2737,389,12.5671,-11.0792,70.3169,98.3419,3883.3800,0.0000,0.0000,Pass
D86-18,2737,390,12.7164,-11.0778,70.7637,98.6692,3932.8800,0.0000,0.0000,Pass
D86-18,2737,391,12.8676,-11.0770,70.6015,99.0455,3914.8800,0.0000,0.0000,Pass
D86-18,2737,392,13.1687,-11.0771,69.4561,97.9407,3788.8800,0.0000,0.0000,Pass
D86-18,2737,393,13.3196,-11.0769,70.4187,99.4439,3894.6300,0.0000,0.0000,Pass
D86-18,2737,394,13.0181,-11.0770,69.8263,98.9999,3829.3800,0.0000,0.0000,Pass
D86-18,2737,395,13.4702,-11.0764,70.2558,98.8242,3876.6300,0.0000,0.0000,Pass
D86-18,2737,396,9.4111,-11.2401,70.2354,99.3366,3874.3800,0.0000,0.0000,Pass
D86-18,2737,397,10.3114,-11.2375,70.1334,99.4308,3863.1300,0.0000,0.0000,Pass
D86-18,2737,398,11.9648,-11.2309,70.7029,98.2266,3926.1300,0.0000,0.0000,Pass
D86-18,2737,399,9.5612,-11.2396,69.9084,98.7339,3838.3800,0.0000,0.0000,Pass
D86-18,2737,400,9.7109,-11.2391,70.0516,99.7966,3854.1300,0.0000,0.0000,Pass
D86-18,2737,401,9.8613,-11.2391,69.3942,99.2952,3782.1300,0.0000,0.0000,Pass
D86-18,2737,402,10.0114,-11.2381,69.2703,99.0012,3768.6300,0.0000,0.0000,Pass
D86-18,2737,403,10.1623,-11.2381,69.5386,99.2123,3797.8800,0.0000,0.0000,Pass
D86-18,2737,404,10.4630,-11.2372,70.1742,98.8749,3867.6300,0.0000,0.0000,Pass
D86-18,2737,405,10.6128,-11.2365,69.9084,98.0202,3838.3800,0.0000,0.0000,Pass
D86-18,2737,406,10.7630,-11.2361,70.8041,98.3897,3937.3800,0.0000,0.0000,Pass
D86-18,2737,407,10.9130,-11.2352,70.1334,98.7878,3863.1300,0.0000,0.0000,Pass
D86-18,2737,408,11.0633,-11.2352,70.3373,98.6769,3885.6300,0.0000,0.0000,Pass
D86-18,2737,409,11.2147,-11.2348,70.7637,98.4416,3932.8800,0.0000,0.0000,Pass
D86-18,2737,410,11.3639,-11.2349,70.7029,99.5526,3926.1300,0.0000,0.0000,Pass
D86-18,2737,411,11.5138,-11.2328,69.5180,98.0854,3795.6300,0.0000,0.0000,Pass
D86-18,2737,412,11.6642,-11.2326,70.2354,98.8352,3874.3800,0.0000,0.0000,Pass
D86-18,2737,413,11.8145,-11.2317,70.5000,98.8716,3903.6300,0.0000,0.0000,Pass
D86-18,2737,414,12.1154,-11.2307,70.9052,98.3947,3948.6300,0.0000,0.0000,Pass
D86-18,2737,415,12.2653,-11.2298,70.5203,98.8704,3905.8800,0.0000,0.0000,Pass
D86-18,2737,416,12.4164,-11.2291,70.6624,99.4467,3921.6300,0.0000,0.0000,Pass
D86-18,2737,417,12.5668,-11.2290,70.7637,99.0163,3932.8800,0.0000,0.0000,Pass
D86-18,2737,418,12.8681,-11.2282,70.4390,98.8437,3896.8800,0.0000,0.0000,Pass
D86-18,2737,419,12.7176,-11.2288,70.0516,98.5723,3854.1300,0.0000,0.0000,Pass
D86-18,2737,420,13.0183,-11.2272,69.5798,97.0309,3802.3800,0.0000,0.0000,Pass
D86-18,2737,421,13.1694,-11.2270,70.1538,98.5661,3865.3800,0.0000,0.0000,Pass
D86-18,2737,422,13.3193,-11.2264,70.1334,99.2239,3863.1300,0.0000,0.0000,Pass
D86-18,2737,423,13.4705,-11.2261,71.2679,99.0294,3989.1300,0.0000,0.0000,Pass
D86-18,2737,424,11.5152,-11.3829,69.7648,97.6116,3822.6300,0.0000,0.0000,Pass
D86-18,2737,425,9.4104,-11.3904,70.3780,98.0846,3890.1300,0.0000,0.0000,Pass
D86-18,2737,426,10.0122,-11.3887,69.8674,98.4199,3833.8800,0.0000,0.0000,Pass
D86-18,2737,427,10.3122,-11.3875,70.0107,98.0613,3849.6300,0.0000,0.0000,Pass
D86-18,2737,428,10.9136,-11.3858,70.6421,99.8375,3919.3800,0.0000,0.0000,Pass
D86-18,2737,429,11.2147,-11.3854,70.7637,98.7548,3932.8800,0.0000,0.0000,Pass
D86-18,2737,430,11.6648,-11.3820,69.9493,98.7304,3842.8800,0.0000,0.0000,Pass
D86-18,2737,431,11.8154,-11.3821,70.5203,98.5951,3905.8800,0.0000,0.0000,Pass
D86-18,2737,432,11.9653,-11.3816,70.3984,99.3766,3892.3800,0.0000,0.0000,Pass
D86-18,2737,433,12.1156,-11.3811,70.6624,99.2201,3921.6300,0.0000,0.0000,Pass
D86-18,2737,434,12.2667,-11.3807,70.7434,99.1941,3930.6300,0.0000,0.0000,Pass
D86-18,2737,435,12.5673,-11.3795,70.6015,99.1207,3914.8800,0.0000,0.0000,Pass
D86-18,2737,436,9.8612,-11.3893,69.7237,98.9855,3818.1300,0.0000,0.0000,Pass
D86-18,2737,437,10.1621,-11.3885,69.1875,99.1496,3759.6300,0.0000,0.0000,Pass
D86-18,2737,438,10.4628,-11.3876,70.3577,98.9458,3887.8800,0.0000,0.0000,Pass
D86-18,2737,439,10.6136,-11.3872,70.0516,98.4912,3854.1300,0.0000,0.0000,Pass
D86-18,2737,440,10.7633,-11.3872,70.3984,99.2550,3892.3800,0.0000,0.0000,Pass
D86-18,2737,441,11.0642,-11.3850,70.0516,99.0697,3854.1300,0.0000,0.0000,Pass
D86-18,2737,442,11.3651,-11.3848,70.4390,99.1870,3896.8800,0.0000,0.0000,Pass
D86-18,2737,443,12.4169,-11.3808,70.6624,98.8075,3921.6300,0.0000,0.0000,Pass
D86-18,2737,444,12.7181,-11.3790,70.2558,98.9284,3876.6300,0.0000,0.0000,Pass
D86-18,2737,445,12.8686,-11.3781,69.7442,98.0072,3820.3800,0.0000,0.0000,Pass
D86-18,2737,446,13.1697,-11.3778,69.8879,98.0435,3836.1300,0.0000,0.0000,Pass
D86-18,2737,447,13.3204,-11.3770,70.2558,98.9628,3876.6300,0.0000,0.0000,Pass
D86-18,2737,448,13.4717,-11.3773,70.7839,97.6473,3935.1300,0.0000,0.0000,Pass
D86-18,2737,449,13.0194,-11.3781,70.0721,99.1901,3856.3800,0.0000,0.0000,Pass
D86-18,2737,450,9.4120,-11.5413,70.9860,98.9788,3957.6300,0.0000,0.0000,Pass
D86-18,2737,451,10.3129,-11.5390,70.0312,99.1487,3851.8800,0.0000,0.0000,Pass
D86-18,2737,452,11.8154,-11.5326,70.7434,98.8978,3930.6300,0.0000,0.0000,Pass
D86-18,2737,453,9.5617,-11.5410,71.0666,98.9277,3966.6300,0.0000,0.0000,Pass
D86-18,2737,454,9.7117,-11.5401,70.3577,98.3056,3887.8800,0.0000,0.0000,Pass
D86-18,2737,455,9.8621,-11.5404,70.5813,98.5526,3912.6300,0.0000,0.0000,Pass
D86-18,2737,456,10.0125,-11.5390,70.0925,98.1879,3858.6300,0.0000,0.0000,Pass
D86-18,2737,457,10.1624,-11.5393,69.2496,97.7248,3766.3800,0.0000,0.0000,Pass
D86-18,2737,458,10.4636,-11.5378,70.0312,98.8835,3851.8800,0.0000,0.0000,Pass
D86-18,2737,459,10.6137,-11.5375,70.2150,98.6325,3872.1300,0.0000,0.0000,Pass
D86-18,2737,460,10.7640,-11.5365,70.8850,99.6662,3946.3800,0.0000,0.0000,Pass
D86-18,2737,461,10.9139,-11.5366,70.6624,98.7140,3921.6300,0.0000,0.0000,Pass
D86-18,2737,462,11.0640,-11.5361,71.1472,98.3670,3975.6300,0.0000,0.0000,Pass
D86-18,2737,463,11.2150,-11.5354,70.8648,99.3135,3944.1300,0.0000,0.0000,Pass
D86-18,2737,464,11.3651,-11.5347,70.7434,98.4570,3930.6300,0.0000,0.0000,Pass
D86-18,2737,465,11.5153,-11.5336,69.8263,99.7345,3829.3800,0.0000,0.0000,Pass
D86-18,2737,466,11.6654,-11.5327,70.5000,99.5859,3903.6300,0.0000,0.0000,Pass
D86-18,2737,467,11.9664,-11.5319,70.0925,99.4994,3858.6300,0.0000,0.0000,Pass
D86-18,2737,468,12.1165,-11.5315,70.2558,99.4245,3876.6300,0.0000,0.0000,Pass
D86-18,2737,469,12.2666,-11.5312,70.1946,99.5380,3869.8800,0.0000,0.0000,Pass
D86-18,2737,470,12.4179,-11.5302,70.9860,98.6325,3957.6300,0.0000,0.0000,Pass
D86-18,2737,471,12.5683,-11.5302,69.8879,98.6430,3836.1300,0.0000,0.0000,Pass
D86-18,2737,472,13.0192,-11.5283,70.2558,96.9914,3876.6300,0.0000,0.0000,Pass
D86-18,2737,473,13.1698,-11.5277,70.3984,99.1641,3892.3800,0.0000,0.0000,Pass
D86-18,2737,474,12.7184,-11.5293,69.9084,98.8291,3838.3800,0.0000,0.0000,Pass
D86-18,2737,475,12.8694,-11.5289,70.2762,99.6799,3878.8800,0.0000,0.0000,Pass
D86-18,2737,476,13.3208,-11.5268,70.8041,99.2087,3937.3800,0.0000,0.0000,Pass
D86-18,2737,477,13.4711,-11.5272,71.2880,98.4796,3991.3800,0.0000,0.0000,Pass
D86-18,2737,478,9.5625,-11.6908,71.6087,99.4627,4027.3700,0.0000,0.0000,Pass
D86-18,2737,479,9.7127,-11.6910,71.1069,97.7936,3971.1300,0.0000,0.0000,Pass
D86-18,2737,480,9.8629,-11.6904,70.5813,99.4474,3912.6300,0.0000,0.0000,Pass
D86-18,2737,481,10.0127,-11.6901,70.8446,99.5190,3941.8800,0.0000,0.0000,Pass
D86-18,2737,482,10.1626,-11.6893,70.9658,98.2674,3955.3800,0.0000,0.0000,Pass
D86-18,2737,483,10.3133,-11.6889,70.7434,97.9192,3930.6300,0.0000,0.0000,Pass
D86-18,2737,484,10.6131,-11.6885,70.9456,98.5813,3953.1300,0.0000,0.0000,Pass
D86-18,2737,485,11.2155,-11.6859,71.2277,98.8125,3984.6300,0.0000,0.0000,Pass
D86-18,2737,486,11.3655,-11.6851,71.6287,99.0548,4029.6200,0.0000,0.0000,Pass
D86-18,2737,487,11.5156,-11.6838,69.8058,98.2587,3827.1300,0.0000,0.0000,Pass
D86-18,2737,488,11.6656,-11.6832,70.8041,97.6259,3937.3800,0.0000,0.0000,Pass
D86-18,2737,489,11.8162,-11.6826,71.0868,99.5815,3968.8800,0.0000,0.0000,Pass
D86-18,2737,490,11.9667,-11.6820,71.0465,99.4756,3964.3800,0.0000,0.0000,Pass
D86-18,2737,491,12.2680,-11.6813,71.1875,98.9686,3980.1300,0.0000,0.0000,Pass
D86-18,2737,492,12.4181,-11.6813,70.6015,99.2753,3914.8800,0.0000,0.0000,Pass
D86-18,2737,493,12.5686,-11.6800,70.6421,99.3568,3919.3800,0.0000,0.0000,Pass
D86-18,2737,494,10.4639,-11.6886,70.6624,98.7526,3921.6300,0.0000,0.0000,Pass
D86-18,2737,495,10.7649,-11.6868,71.0465,98.7966,3964.3800,0.0000,0.0000,Pass
D86-18,2737,496,10.9142,-11.6874,70.7434,98.0271,3930.6300,0.0000,0.0000,Pass
D86-18,2737,497,11.0659,-11.6859,71.1472,98.2673,3975.6300,0.0000,0.0000,Pass
D86-18,2737,498,12.1169,-11.6818,70.5813,98.8948,3912.6300,0.0000,0.0000,Pass
D86-18,2737,499,12.7193,-11.6798,70.4797,97.7321,3901.3800,0.0000,0.0000,Pass
D86-18,2737,500,12.8698,-11.6799,69.9288,98.7798,3840.6300,0.0000,0.0000,Pass
D86-18,2737,501,13.0207,-11.6788,71.0666,98.4663,3966.6300,0.0000,0.0000,Pass
D86-18,2737,502,13.1709,-11.6782,71.2679,99.2247,3989.1300,0.0000,0.0000,Pass
D86-18,2737,503,13.3213,-11.6776,71.2478,99.3532,3986.8800,0.0000,0.0000,Pass
D86-18,4918,1,2.3267,-137.0920,69.6826,97.5403,3813.6300,0.0000,0.0000,Pass
D86-18,4918,2,2.6272,-137.0920,70.4187,99.5269,3894.6300,0.0000,0.0000,Pass
D86-18,4918,3,3.6803,-137.0880,70.3780,99.2176,3890.1300,0.0000,0.0000,Pass
D86-18,4918,4,0.3729,-137.0990,71.3884,98.7835,4002.6300,0.0000,0.0000,Pass
D86-18,4918,5,0.5238,-137.0980,70.7232,98.6400,3928.3800,0.0000,0.0000,Pass
D86-18,4918,6,0.6734,-137.0980,70.8041,99.2762,3937.3800,0.0000,0.0000,Pass
D86-18,4918,7,0.8233,-137.0980,69.8674,98.6088,3833.8800,0.0000,0.0000,Pass
D86-18,4918,8,0.9737,-137.0970,70.5610,99.4062,3910.3800,0.0000,0.0000,Pass
D86-18,4918,9,1.1241,-137.0970,70.6218,99.4585,3917.1300,0.0000,0.0000,Pass
D86-18,4918,10,1.2740,-137.0960,70.1129,99.5320,3860.8800,0.0000,0.0000,Pass
D86-18,4918,11,1.4247,-137.0960,69.9698,98.4524,3845.1300,0.0000,0.0000,Pass
D86-18,4918,12,1.5749,-137.0950,69.6209,98.6077,3806.8800,0.0000,0.0000,Pass
D86-18,4918,13,1.7255,-137.0950,70.0312,99.1132,3851.8800,0.0000,0.0000,Pass
D86-18,4918,14,1.8756,-137.0940,69.8263,99.3677,3829.3800,0.0000,0.0000,Pass
D86-18,4918,15,2.0263,-137.0940,69.5386,99.7216,3797.8800,0.0000,0.0000,Pass
D86-18,4918,16,2.1766,-137.0940,70.2558,98.9380,3876.6300,0.0000,0.0000,Pass
D86-18,4918,17,2.4766,-137.0910,70.3780,99.5740,3890.1300,0.0000,0.0000,Pass
D86-18,4918,18,2.7775,-137.0910,70.3780,98.9534,3890.1300,0.0000,0.0000,Pass
D86-18,4918,19,2.9274,-137.0900,70.1742,98.3236,3867.6300,0.0000,0.0000,Pass
D86-18,4918,20,3.0780,-137.0900,70.3577,98.0468,3887.8800,0.0000,0.0000,Pass
D86-18,4918,21,3.2293,-137.0890,70.3780,98.5681,3890.1300,0.0000,0.0000,Pass
D86-18,4918,22,3.3791,-137.0890,70.0107,98.8532,3849.6300,0.0000,0.0000,Pass
D86-18,4918,23,3.5298,-137.0880,71.0263,98.2936,3962.1300,0.0000,0.0000,Pass
D86-18,4918,24,3.8309,-137.0870,70.9860,98.9884,3957.6300,0.0000,0.0000,Pass
D86-18,4918,25,3.9812,-137.0870,70.9658,99.5073,3955.3800,0.0000,0.0000,Pass
D86-18,4918,26,4.1314,-137.0870,71.0666,99.1155,3966.6300,0.0000,0.0000,Pass
D86-18,4918,27,0.2240,-137.2490,71.2880,98.9309,3991.3800,0.0000,0.0000,Pass
D86-18,4918,28,0.3733,-137.2490,71.2679,98.4152,3989.1300,0.0000,0.0000,Pass
D86-18,4918,29,0.5238,-137.2480,70.5203,98.2691,3905.8800,0.0000,0.0000,Pass
D86-18,4918,30,0.6733,-137.2480,70.1129,98.6225,3860.8800,0.0000,0.0000,Pass
D86-18,4918,31,1.1242,-137.2470,69.7442,98.0628,3820.3800,0.0000,0.0000,Pass
D86-18,4918,32,1.8762,-137.2450,69.5386,99.6157,3797.8800,0.0000,0.0000,Pass
D86-18,4918,33,2.3267,-137.2430,69.7237,96.4029,3818.1300,0.0000,0.0000,Pass
D86-18,4918,34,2.6278,-137.2410,69.7032,98.8162,3815.8800,0.0000,0.0000,Pass
D86-18,4918,35,2.7780,-137.2410,70.5203,99.0701,3905.8800,0.0000,0.0000,Pass
D86-18,4918,36,2.9283,-137.2400,69.8058,98.0167,3827.1300,0.0000,0.0000,Pass
D86-18,4918,37,3.3792,-137.2390,70.1742,99.2351,3867.6300,0.0000,0.0000,Pass
D86-18,4918,38,3.5300,-137.2390,70.2354,98.9061,3874.3800,0.0000,0.0000,Pass
D86-18,4918,39,4.1321,-137.2370,70.8244,98.1072,3939.6300,0.0000,0.0000,Pass
D86-18,4918,40,0.8229,-137.2470,69.8263,97.9579,3829.3800,0.0000,0.0000,Pass
D86-18,4918,41,0.9745,-137.2470,69.8879,98.8950,3836.1300,0.0000,0.0000,Pass
D86-18,4918,42,1.2750,-137.2460,69.6620,98.0670,3811.3800,0.0000,0.0000,Pass
D86-18,4918,43,1.4250,-137.2460,69.9084,99.0266,3838.3800,0.0000,0.0000,Pass
D86-18,4918,44,1.5753,-137.2450,69.2289,98.9305,3764.1300,0.0000,0.0000,Pass
D86-18,4918,45,1.7259,-137.2450,69.6415,99.5499,3809.1300,0.0000,0.0000,Pass
D86-18,4918,46,2.0271,-137.2440,69.4974,98.6411,3793.3800,0.0000,0.0000,Pass
D86-18,4918,47,2.1768,-137.2440,69.5180,98.8643,3795.6300,0.0000,0.0000,Pass
D86-18,4918,48,2.4776,-137.2420,70.0107,99.2509,3849.6300,0.0000,0.0000,Pass
D86-18,4918,49,3.0787,-137.2400,70.2966,98.4588,3881.1300,0.0000,0.0000,Pass
D86-18,4918,50,3.2293,-137.2400,70.4594,97.7778,3899.1300,0.0000,0.0000,Pass
D86-18,4918,51,3.6808,-137.2380,69.9493,98.5644,3842.8800,0.0000,0.0000,Pass
D86-18,4918,52,3.8308,-137.2380,70.9052,99.4790,3948.6300,0.0000,0.0000,Pass
D86-18,4918,53,3.9816,-137.2370,70.0721,97.7870,3856.3800,0.0000,0.0000,Pass
D86-18,4918,54,4.2827,-137.2360,71.5087,97.8855,4016.1200,0.0000,0.0000,Pass
D86-18,4918,55,0.2239,-137.3990,70.7029,99.0169,3926.1300,0.0000,0.0000,Pass
D86-18,4918,56,0.3737,-137.4000,70.0925,97.6860,3858.6300,0.0000,0.0000,Pass
D86-18,4918,57,0.5241,-137.3990,69.8469,97.2110,3831.6300,0.0000,0.0000,Pass
D86-18,4918,58,0.6736,-137.3990,69.7032,98.1433,3815.8800,0.0000,0.0000,Pass
D86-18,4918,59,0.8243,-137.3980,69.3942,97.7799,3782.1300,0.0000,0.0000,Pass
D86-18,4918,60,0.9748,-137.3980,69.7853,99.4639,3824.8800,0.0000,0.0000,Pass
D86-18,4918,61,1.1251,-137.3970,69.6209,98.5312,3806.8800,0.0000,0.0000,Pass
D86-18,4918,62,1.4250,-137.3960,69.2703,98.2423,3768.6300,0.0000,0.0000,Pass
D86-18,4918,63,1.5758,-137.3960,69.2496,99.5375,3766.3800,0.0000,0.0000,Pass
D86-18,4918,64,1.7262,-137.3950,69.3942,99.9170,3782.1300,0.0000,0.0000,Pass
D86-18,4918,65,2.1772,-137.3940,69.7853,99.6702,3824.8800,0.0000,0.0000,Pass
D86-18,4918,66,2.3278,-137.3940,69.8263,97.5517,3829.3800,0.0000,0.0000,Pass
D86-18,4918,67,2.4770,-137.3920,70.0925,98.9666,3858.6300,0.0000,0.0000,Pass
D86-18,4918,68,2.6276,-137.3920,70.1742,99.3832,3867.6300,0.0000,0.0000,Pass
D86-18,4918,69,2.7786,-137.3910,70.8648,99.8341,3944.1300,0.0000,0.0000,Pass
D86-18,4918,70,2.9282,-137.3910,69.8263,98.2792,3829.3800,0.0000,0.0000,Pass
D86-18,4918,71,3.0794,-137.3900,70.7029,98.7419,3926.1300,0.0000,0.0000,Pass
D86-18,4918,72,3.5306,-137.3890,70.0312,98.2942,3851.8800,0.0000,0.0000,Pass
D86-18,4918,73,3.6809,-137.3880,69.9698,99.5401,3845.1300,0.0000,0.0000,Pass
D86-18,4918,74,3.8322,-137.3880,70.0516,99.5368,3854.1300,0.0000,0.0000,Pass
D86-18,4918,75,3.9820,-137.3880,69.9288,99.6711,3840.6300,0.0000,0.0000,Pass
D86-18,4918,76,4.1325,-137.3870,70.8850,98.7312,3946.3800,0.0000,0.0000,Pass
D86-18,4918,77,1.2749,-137.3970,69.0217,98.9375,3741.6300,0.0000,0.0000,Pass
D86-18,4918,78,1.8764,-137.3950,69.9084,99.3161,3838.3800,0.0000,0.0000,Pass
D86-18,4918,79,2.0268,-137.3950,69.7648,99.5354,3822.6300,0.0000,0.0000,Pass
D86-18,4918,80,3.2296,-137.3900,70.2762,97.9110,3878.8800,0.0000,0.0000,Pass
D86-18,4918,81,3.3803,-137.3890,70.1129,98.4166,3860.8800,0.0000,0.0000,Pass
D86-18,4918,82,4.2832,-137.3870,70.6421,99.8028,3919.3800,0.0000,0.0000,Pass
D86-18,4918,83,0.2242,-137.5500,70.3780,97.9622,3890.1300,0.0000,0.0000,Pass
D86-18,4918,84,0.5245,-137.5500,69.7442,99.3240,3820.3800,0.0000,0.0000,Pass
D86-18,4918,85,3.2299,-137.5400,70.9254,99.4878,3950.8800,0.0000,0.0000,Pass
D86-18,4918,86,4.1329,-137.5370,70.4390,99.3450,3896.8800,0.0000,0.0000,Pass
D86-18,4918,87,0.3739,-137.5500,70.3577,98.7080,3887.8800,0.0000,0.0000,Pass
D86-18,4918,88,0.6747,-137.5480,69.9698,99.9443,3845.1300,0.0000,0.0000,Pass
D86-18,4918,89,0.8242,-137.5490,69.6826,98.8888,3813.6300,0.0000,0.0000,Pass
D86-18,4918,90,0.9755,-137.5480,69.9698,97.7059,3845.1300,0.0000,0.0000,Pass
D86-18,4918,91,1.1256,-137.5470,69.6826,98.9824,3813.6300,0.0000,0.0000,Pass
D86-18,4918,92,1.2758,-137.5470,69.6415,98.6010,3809.1300,0.0000,0.0000,Pass
D86-18,4918,93,1.4260,-137.5470,69.5386,99.4073,3797.8800,0.0000,0.0000,Pass
D86-18,4918,94,1.5763,-137.5450,69.3529,99.3176,3777.6300,0.0000,0.0000,Pass
D86-18,4918,95,1.7270,-137.5460,70.0312,99.5707,3851.8800,0.0000,0.0000,Pass
D86-18,4918,96,1.8773,-137.5450,69.9698,98.5916,3845.1300,0.0000,0.0000,Pass
D86-18,4918,97,2.0277,-137.5450,70.3984,98.5527,3892.3800,0.0000,0.0000,Pass
D86-18,4918,98,2.1778,-137.5450,69.9903,98.9575,3847.3800,0.0000,0.0000,Pass
D86-18,4918,99,2.3280,-137.5440,69.7442,98.4340,3820.3800,0.0000,0.0000,Pass
D86-18,4918,100,2.4780,-137.5420,70.3169,99.3870,3883.3800,0.0000,0.0000,Pass
D86-18,4918,101,2.6282,-137.5420,70.6015,99.0632,3914.8800,0.0000,0.0000,Pass
D86-18,4918,102,2.7791,-137.5420,70.6218,99.1863,3917.1300,0.0000,0.0000,Pass
D86-18,4918,103,2.9290,-137.5410,70.1129,99.2418,3860.8800,0.0000,0.0000,Pass
D86-18,4918,104,3.0798,-137.5410,70.6015,99.0862,3914.8800,0.0000,0.0000,Pass
D86-18,4918,105,3.3801,-137.5400,70.4390,98.9261,3896.8800,0.0000,0.0000,Pass
D86-18,4918,106,3.5312,-137.5400,70.3780,98.2782,3890.1300,0.0000,0.0000,Pass
D86-18,4918,107,3.6814,-137.5390,69.8263,99.1162,3829.3800,0.0000,0.0000,Pass
D86-18,4918,108,3.8314,-137.5390,70.3984,98.8978,3892.3800,0.0000,0.0000,Pass
D86-18,4918,109,3.9827,-137.5380,69.7853,98.9502,3824.8800,0.0000,0.0000,Pass
D86-18,4918,110,4.2839,-137.5370,71.2277,98.8355,3984.6300,0.0000,0.0000,Pass
D86-18,4918,111,0.2247,-137.7000,70.0312,99.0511,3851.8800,0.0000,0.0000,Pass
D86-18,4918,112,0.3747,-137.7000,70.3780,96.6929,3890.1300,0.0000,0.0000,Pass
D86-18,4918,113,0.5247,-137.7000,70.1334,99.0392,3863.1300,0.0000,0.0000,Pass
D86-18,4918,114,0.6745,-137.6990,70.0107,98.9446,3849.6300,0.0000,0.0000,Pass
D86-18,4918,115,0.9755,-137.6980,69.6415,99.2292,3809.1300,0.0000,0.0000,Pass
D86-18,4918,116,1.1257,-137.6980,69.3529,97.7341,3777.6300,0.0000,0.0000,Pass
D86-18,4918,117,1.2762,-137.6980,70.4390,98.8192,3896.8800,0.0000,0.0000,Pass
D86-18,4918,118,1.4265,-137.6980,70.3373,98.9919,3885.6300,0.0000,0.0000,Pass
D86-18,4918,119,1.7272,-137.6960,70.5000,99.6322,3903.6300,0.0000,0.0000,Pass
D86-18,4918,120,1.8770,-137.6960,70.1742,99.2974,3867.6300,0.0000,0.0000,Pass
D86-18,4918,121,2.3282,-137.6940,70.5000,97.2113,3903.6300,0.0000,0.0000,Pass
D86-18,4918,122,2.4787,-137.6930,70.6826,98.2396,3923.8800,0.0000,0.0000,Pass
D86-18,4918,123,2.7794,-137.6920,71.1271,98.4141,3973.3800,0.0000,0.0000,Pass
D86-18,4918,124,2.9298,-137.6920,70.9456,99.5089,3953.1300,0.0000,0.0000,Pass
D86-18,4918,125,3.0802,-137.6910,71.1875,99.7613,3980.1300,0.0000,0.0000,Pass
D86-18,4918,126,3.6818,-137.6890,70.1742,99.2260,3867.6300,0.0000,0.0000,Pass
D86-18,4918,127,3.8321,-137.6890,70.6624,98.7769,3921.6300,0.0000,0.0000,Pass
D86-18,4918,128,0.8252,-137.6990,69.4768,98.7187,3791.1300,0.0000,0.0000,Pass
D86-18,4918,129,1.5762,-137.6970,69.9698,98.9421,3845.1300,0.0000,0.0000,Pass
D86-18,4918,130,2.0281,-137.6960,70.2558,98.5578,3876.6300,0.0000,0.0000,Pass
D86-18,4918,131,2.1781,-137.6950,70.6826,99.3767,3923.8800,0.0000,0.0000,Pass
D86-18,4918,132,2.6289,-137.6920,70.7434,99.1711,3930.6300,0.0000,0.0000,Pass
D86-18,4918,133,3.2304,-137.6900,71.3081,98.8023,3993.6300,0.0000,0.0000,Pass
D86-18,4918,134,3.3809,-137.6900,70.9658,98.7624,3955.3800,0.0000,0.0000,Pass
D86-18,4918,135,3.5317,-137.6900,70.5000,99.3016,3903.6300,0.0000,0.0000,Pass
D86-18,4918,136,3.9831,-137.6880,69.7237,98.8897,3818.1300,0.0000,0.0000,Pass
D86-18,4918,137,4.1335,-137.6880,70.4594,99.6113,3899.1300,0.0000,0.0000,Pass
D86-18,4918,138,4.2842,-137.6870,71.0061,98.7963,3959.8800,0.0000,0.0000,Pass
D86-18,4918,139,0.3751,-137.8500,69.8263,99.2403,3829.3800,0.0000,0.0000,Pass
D86-18,4918,140,0.2253,-137.8510,70.8244,99.0300,3939.6300,0.0000,0.0000,Pass
D86-18,4918,141,0.5257,-137.8500,69.7853,99.2505,3824.8800,0.0000,0.0000,Pass
D86-18,4918,142,0.6755,-137.8500,69.8674,98.8280,3833.8800,0.0000,0.0000,Pass
D86-18,4918,143,0.8256,-137.8490,69.6620,98.1042,3811.3800,0.0000,0.0000,Pass
D86-18,4918,144,3.6825,-137.8400,70.6421,98.5048,3919.3800,0.0000,0.0000,Pass
D86-18,4918,145,3.9839,-137.8390,70.1742,98.6095,3867.6300,0.0000,0.0000,Pass
D86-18,4918,146,4.2845,-137.8370,70.7637,98.6445,3932.8800,0.0000,0.0000,Pass
D86-18,4918,147,3.8331,-137.8390,70.5406,98.8264,3908.1300,0.0000,0.0000,Pass
D86-18,4918,148,4.1342,-137.8390,70.5813,98.9332,3912.6300,0.0000,0.0000,Pass
D86-18,4918,149,0.2252,-138.0010,70.6624,99.1548,3921.6300,0.0000,0.0000,Pass
D86-18,4918,150,0.3753,-138.0010,70.1538,98.6688,3865.3800,0.0000,0.0000,Pass
D86-18,4918,151,0.5261,-138.0010,69.9903,98.6688,3847.3800,0.0000,0.0000,Pass
D86-18,4918,152,0.6763,-138.0000,70.0925,98.7742,3858.6300,0.0000,0.0000,Pass
D86-18,4918,153,0.8263,-138.0000,69.4768,99.1214,3791.1300,0.0000,0.0000,Pass
D86-18,4918,154,3.6829,-137.9900,71.1069,99.4895,3971.1300,0.0000,0.0000,Pass
D86-18,4918,155,3.8335,-137.9890,70.9860,97.9493,3957.6300,0.0000,0.0000,Pass
D86-18,4918,156,3.9839,-137.9890,69.9903,98.7149,3847.3800,0.0000,0.0000,Pass
D86-18,4918,157,4.2855,-137.9890,70.7029,99.7199,3926.1300,0.0000,0.0000,Pass
D86-18,4918,158,4.1344,-137.9880,70.3780,98.9294,3890.1300,0.0000,0.0000,Pass
D86-18,4918,159,1.3540,-138.1060,71.1875,98.5496,3980.1300,0.0000,0.0000,Pass
D86-18,4918,160,2.3436,-138.1020,70.4390,96.4307,3896.8800,0.0000,0.0000,Pass
D86-18,4918,161,2.8387,-138.1000,71.0666,99.1245,3966.6300,0.0000,0.0000,Pass
D86-18,4918,162,1.5191,-138.1060,71.8484,98.7180,4054.3700,0.0000,0.0000,Pass
D86-18,4918,163,1.6844,-138.1050,70.9456,99.7542,3953.1300,0.0000,0.0000,Pass
D86-18,4918,164,1.8495,-138.1040,71.0263,99.2079,3962.1300,0.0000,0.0000,Pass
D86-18,4918,165,2.0139,-138.1040,70.7029,99.8086,3926.1300,0.0000,0.0000,Pass
D86-18,4918,166,2.1788,-138.1030,71.3482,99.4311,3998.1300,0.0000,0.0000,Pass
D86-18,4918,167,2.5084,-138.1010,70.6421,99.0697,3919.3800,0.0000,0.0000,Pass
D86-18,4918,168,2.6734,-138.1010,71.0061,99.5244,3959.8800,0.0000,0.0000,Pass
D86-18,4918,169,3.0038,-138.1000,71.5487,99.8689,4020.6200,0.0000,0.0000,Pass
D86-18,4918,170,3.1690,-138.0990,71.9082,98.6794,4061.1200,0.0000,0.0000,Pass
D86-18,4918,171,3.3341,-138.0990,71.9281,99.4284,4063.3700,0.0000,0.0000,Pass
D86-18,4918,172,0.2257,-138.1520,70.4594,98.3096,3899.1300,0.0000,0.0000,Pass
D86-18,4918,173,0.3759,-138.1520,70.3373,98.5026,3885.6300,0.0000,0.0000,Pass
D86-18,4918,174,0.5261,-138.1510,70.0312,99.5085,3851.8800,0.0000,0.0000,Pass
D86-18,4918,175,0.6768,-138.1500,69.9698,99.0342,3845.1300,0.0000,0.0000,Pass
D86-18,4918,176,0.8265,-138.1500,69.3116,97.8215,3773.1300,0.0000,0.0000,Pass
D86-18,4918,177,4.1354,-138.1390,70.5000,98.3118,3903.6300,0.0000,0.0000,Pass
D86-18,4918,178,3.6833,-138.1400,70.8446,99.3757,3941.8800,0.0000,0.0000,Pass
D86-18,4918,179,3.8342,-138.1400,70.9254,99.0554,3950.8800,0.0000,0.0000,Pass
D86-18,4918,180,3.9845,-138.1390,70.1742,98.3102,3867.6300,0.0000,0.0000,Pass
D86-18,4918,181,4.2858,-138.1380,70.8648,99.3841,3944.1300,0.0000,0.0000,Pass
D86-18,4918,182,1.1894,-138.2710,71.6887,99.6034,4036.3700,0.0000,0.0000,Pass
D86-18,4918,183,1.3539,-138.2710,71.1875,98.6978,3980.1300,0.0000,0.0000,Pass
D86-18,4918,184,1.5194,-138.2700,71.5887,99.5072,4025.1200,0.0000,0.0000,Pass
D86-18,4918,185,1.6844,-138.2700,70.4797,98.6719,3901.3800,0.0000,0.0000,Pass
D86-18,4918,186,1.8495,-138.2700,71.2880,99.4629,3991.3800,0.0000,0.0000,Pass
D86-18,4918,187,2.0147,-138.2690,70.9456,99.0248,3953.1300,0.0000,0.0000,Pass
D86-18,4918,188,2.1796,-138.2690,70.6218,99.7284,3917.1300,0.0000,0.0000,Pass
D86-18,4918,189,2.3444,-138.2670,70.3984,97.8726,3892.3800,0.0000,0.0000,Pass
D86-18,4918,190,2.5089,-138.2670,70.2762,99.7844,3878.8800,0.0000,0.0000,Pass
D86-18,4918,191,2.6741,-138.2660,70.2354,98.9563,3874.3800,0.0000,0.0000,Pass
D86-18,4918,192,2.8394,-138.2650,70.6218,98.8979,3917.1300,0.0000,0.0000,Pass
D86-18,4918,193,3.0044,-138.2650,70.7232,99.8440,3928.3800,0.0000,0.0000,Pass
D86-18,4918,194,3.3349,-138.2640,71.7087,99.8144,4038.6200,0.0000,0.0000,Pass
D86-18,4918,195,3.1693,-138.2640,71.1875,99.4092,3980.1300,0.0000,0.0000,Pass
D86-18,4918,196,0.2266,-138.3020,70.5610,99.5066,3910.3800,0.0000,0.0000,Pass
D86-18,4918,197,0.3764,-138.3010,70.4187,97.9277,3894.6300,0.0000,0.0000,Pass
D86-18,4918,198,0.5272,-138.3010,69.7853,99.0083,3824.8800,0.0000,0.0000,Pass
D86-18,4918,199,0.6771,-138.3010,69.6209,99.5714,3806.8800,0.0000,0.0000,Pass
D86-18,4918,200,0.8267,-138.3000,70.0721,98.2941,3856.3800,0.0000,0.0000,Pass
D86-18,4918,201,3.6834,-138.2910,71.2880,98.7387,3991.3800,0.0000,0.0000,Pass
D86-18,4918,202,3.8347,-138.2900,71.2478,98.8184,3986.8800,0.0000,0.0000,Pass
D86-18,4918,203,3.9850,-138.2900,70.3577,98.8764,3887.8800,0.0000,0.0000,Pass
D86-18,4918,204,4.1356,-138.2890,70.6218,99.5166,3917.1300,0.0000,0.0000,Pass
D86-18,4918,205,4.2860,-138.2880,70.3169,98.2559,3883.3800,0.0000,0.0000,Pass
D86-18,4918,206,1.1901,-138.4360,71.3081,99.5376,3993.6300,0.0000,0.0000,Pass
D86-18,4918,207,1.3548,-138.4360,70.7839,99.7074,3935.1300,0.0000,0.0000,Pass
D86-18,4918,208,1.5201,-138.4360,71.1673,98.6766,3977.8800,0.0000,0.0000,Pass
D86-18,4918,209,2.0150,-138.4340,70.5406,99.4531,3908.1300,0.0000,0.0000,Pass
D86-18,4918,210,2.3445,-138.4320,69.7853,97.4658,3824.8800,0.0000,0.0000,Pass
D86-18,4918,211,2.8396,-138.4300,70.2150,99.4660,3872.1300,0.0000,0.0000,Pass
D86-18,4918,212,3.0051,-138.4300,70.2762,99.5427,3878.8800,0.0000,0.0000,Pass
D86-18,4918,213,3.1698,-138.4290,70.7029,99.4156,3926.1300,0.0000,0.0000,Pass
D86-18,4918,214,1.6849,-138.4350,70.5610,98.4230,3910.3800,0.0000,0.0000,Pass
D86-18,4918,215,1.8500,-138.4350,70.7029,98.7005,3926.1300,0.0000,0.0000,Pass
D86-18,4918,216,2.1802,-138.4340,69.8469,99.4700,3831.6300,0.0000,0.0000,Pass
D86-18,4918,217,2.5093,-138.4320,69.4974,99.2077,3793.3800,0.0000,0.0000,Pass
D86-18,4918,218,2.6748,-138.4310,69.7648,99.5519,3822.6300,0.0000,0.0000,Pass
D86-18,4918,219,3.3349,-138.4290,70.9860,99.3322,3957.6300,0.0000,0.0000,Pass
D86-18,4918,220,0.2268,-138.4530,70.1538,99.6446,3865.3800,0.0000,0.0000,Pass
D86-18,4918,221,0.3767,-138.4520,70.1538,98.9609,3865.3800,0.0000,0.0000,Pass
D86-18,4918,222,0.5274,-138.4520,70.3577,99.0517,3887.8800,0.0000,0.0000,Pass
D86-18,4918,223,0.6775,-138.4510,69.9288,98.4351,3840.6300,0.0000,0.0000,Pass
D86-18,4918,224,0.8278,-138.4510,69.8058,99.1247,3827.1300,0.0000,0.0000,Pass
D86-18,4918,225,3.6843,-138.4410,71.1271,98.7172,3973.3800,0.0000,0.0000,Pass
D86-18,4918,226,3.8349,-138.4410,70.9860,98.6475,3957.6300,0.0000,0.0000,Pass
D86-18,4918,227,3.9850,-138.4400,69.9903,98.7347,3847.3800,0.0000,0.0000,Pass
D86-18,4918,228,4.1363,-138.4400,70.2966,98.3571,3881.1300,0.0000,0.0000,Pass
D86-18,4918,229,4.2863,-138.4390,70.6826,97.6379,3923.8800,0.0000,0.0000,Pass
D86-18,4918,230,0.2270,-138.6030,70.1538,98.8952,3865.3800,0.0000,0.0000,Pass
D86-18,4918,231,0.6780,-138.6010,69.5386,99.6833,3797.8800,0.0000,0.0000,Pass
D86-18,4918,232,0.8283,-138.6010,69.6826,99.4285,3813.6300,0.0000,0.0000,Pass
D86-18,4918,233,2.5099,-138.5960,69.3736,98.6225,3779.8800,0.0000,0.0000,Pass
D86-18,4918,234,3.6844,-138.5910,71.1069,99.2976,3971.1300,0.0000,0.0000,Pass
D86-18,4918,235,3.8356,-138.5900,70.9052,99.7604,3948.6300,0.0000,0.0000,Pass
D86-18,4918,236,3.9856,-138.5900,70.5813,99.5101,3912.6300,0.0000,0.0000,Pass
D86-18,4918,237,4.1363,-138.5900,70.3984,98.1469,3892.3800,0.0000,0.0000,Pass
D86-18,4918,238,4.2871,-138.5890,70.5406,98.8872,3908.1300,0.0000,0.0000,Pass
D86-18,4918,239,1.1902,-138.6030,71.0061,97.5457,3959.8800,0.0000,0.0000,Pass
D86-18,4918,240,1.3551,-138.6010,70.9658,98.9151,3955.3800,0.0000,0.0000,Pass
D86-18,4918,241,1.5208,-138.6010,71.0465,99.0490,3964.3800,0.0000,0.0000,Pass
D86-18,4918,242,1.6855,-138.6000,70.5610,98.3423,3910.3800,0.0000,0.0000,Pass
D86-18,4918,243,1.8505,-138.6000,70.0721,99.4419,3856.3800,0.0000,0.0000,Pass
D86-18,4918,244,2.0156,-138.6000,69.9903,99.4774,3847.3800,0.0000,0.0000,Pass
D86-18,4918,245,2.3458,-138.5970,69.0009,98.1003,3739.3800,0.0000,0.0000,Pass
D86-18,4918,246,2.6748,-138.5960,69.0839,99.1474,3748.3800,0.0000,0.0000,Pass
D86-18,4918,247,2.8403,-138.5950,69.7648,98.3680,3822.6300,0.0000,0.0000,Pass
D86-18,4918,248,3.0054,-138.5950,70.0516,98.8933,3854.1300,0.0000,0.0000,Pass
D86-18,4918,249,3.1706,-138.5950,70.9860,98.6765,3957.6300,0.0000,0.0000,Pass
D86-18,4918,250,3.3358,-138.5940,71.7087,98.4296,4038.6200,0.0000,0.0000,Pass
D86-18,4918,251,2.1805,-138.5980,69.2496,99.0271,3766.3800,0.0000,0.0000,Pass
D86-18,4918,252,0.2278,-138.7530,70.5610,98.7621,3910.3800,0.0000,0.0000,Pass
D86-18,4918,253,0.3777,-138.7530,70.2354,98.5778,3874.3800,0.0000,0.0000,Pass
D86-18,4918,254,0.5280,-138.7530,70.3169,99.1270,3883.3800,0.0000,0.0000,Pass
D86-18,4918,255,0.6782,-138.7520,69.8058,99.4067,3827.1300,0.0000,0.0000,Pass
D86-18,4918,256,0.8277,-138.7510,69.9084,98.2777,3838.3800,0.0000,0.0000,Pass
D86-18,4918,257,3.6850,-138.7420,71.6687,98.1736,4034.1200,0.0000,0.0000,Pass
D86-18,4918,258,3.8355,-138.7420,71.3081,99.5863,3993.6300,0.0000,0.0000,Pass
D86-18,4918,259,4.1371,-138.7400,70.6826,98.3201,3923.8800,0.0000,0.0000,Pass
D86-18,4918,260,3.9859,-138.7400,70.8041,99.1858,3937.3800,0.0000,0.0000,Pass
D86-18,4918,261,4.2877,-138.7400,70.3577,98.2080,3887.8800,0.0000,0.0000,Pass
D86-18,4918,262,1.1914,-138.7670,71.3482,98.7637,3998.1300,0.0000,0.0000,Pass
D86-18,4918,263,1.5206,-138.7660,71.0465,99.4403,3964.3800,0.0000,0.0000,Pass
D86-18,4918,264,1.6860,-138.7660,70.8041,99.3542,3937.3800,0.0000,0.0000,Pass
D86-18,4918,265,1.8509,-138.7650,70.6826,99.2098,3923.8800,0.0000,0.0000,Pass
D86-18,4918,266,2.0160,-138.7650,70.0516,99.3196,3854.1300,0.0000,0.0000,Pass
D86-18,4918,267,2.1811,-138.7640,69.5592,99.0284,3800.1300,0.0000,0.0000,Pass
D86-18,4918,268,2.3459,-138.7620,69.0632,97.1459,3746.1300,0.0000,0.0000,Pass
D86-18,4918,269,2.6758,-138.7610,69.2910,98.2796,3770.8800,0.0000,0.0000,Pass
D86-18,4918,270,2.8411,-138.7610,70.1334,99.4568,3863.1300,0.0000,0.0000,Pass
D86-18,4918,271,3.0058,-138.7600,70.1538,99.0961,3865.3800,0.0000,0.0000,Pass
D86-18,4918,272,3.1713,-138.7600,71.0061,99.6061,3959.8800,0.0000,0.0000,Pass
D86-18,4918,273,1.3562,-138.7670,70.7232,98.5708,3928.3800,0.0000,0.0000,Pass
D86-18,4918,274,2.5107,-138.7620,69.4561,98.7831,3788.8800,0.0000,0.0000,Pass
D86-18,4918,275,3.3362,-138.7590,71.1069,98.8071,3971.1300,0.0000,0.0000,Pass
D86-18,4918,276,0.3782,-138.9040,70.3169,98.3432,3883.3800,0.0000,0.0000,Pass
D86-18,4918,277,0.5288,-138.9030,69.8263,99.1400,3829.3800,0.0000,0.0000,Pass
D86-18,4918,278,0.2286,-138.9040,70.6826,99.6499,3923.8800,0.0000,0.0000,Pass
D86-18,4918,279,0.6790,-138.9020,70.0107,98.7335,3849.6300,0.0000,0.0000,Pass
D86-18,4918,280,0.8293,-138.9020,70.2150,99.1301,3872.1300,0.0000,0.0000,Pass
D86-18,4918,281,3.6854,-138.8920,71.3683,98.5169,4000.3800,0.0000,0.0000,Pass
D86-18,4918,282,3.8367,-138.8920,71.3683,98.8358,4000.3800,0.0000,0.0000,Pass
D86-18,4918,283,3.9868,-138.8910,70.8446,97.0060,3941.8800,0.0000,0.0000,Pass
D86-18,4918,284,4.1372,-138.8910,70.8041,99.2138,3937.3800,0.0000,0.0000,Pass
D86-18,4918,285,4.2879,-138.8900,71.0465,98.8120,3964.3800,0.0000,0.0000,Pass
D86-18,4918,286,1.6866,-138.9300,69.9493,97.6329,3842.8800,0.0000,0.0000,Pass
D86-18,4918,287,2.3466,-138.9270,68.2076,97.7028,3653.8900,0.0000,0.0000,Pass
D86-18,4918,288,2.6763,-138.9250,69.1875,97.6320,3759.6300,0.0000,0.0000,Pass
D86-18,4918,289,1.1918,-138.9320,71.2076,98.0402,3982.3800,0.0000,0.0000,Pass
D86-18,4918,290,1.3569,-138.9310,70.8041,97.7677,3937.3800,0.0000,0.0000,Pass
D86-18,4918,291,1.5214,-138.9310,70.7637,99.0980,3932.8800,0.0000,0.0000,Pass
D86-18,4918,292,1.8514,-138.9300,69.8058,97.8781,3827.1300,0.0000,0.0000,Pass
D86-18,4918,293,2.0161,-138.9290,69.5180,98.7005,3795.6300,0.0000,0.0000,Pass
D86-18,4918,294,2.1816,-138.9290,69.3942,98.0814,3782.1300,0.0000,0.0000,Pass
D86-18,4918,295,2.5107,-138.9260,68.6263,97.6184,3698.8800,0.0000,0.0000,Pass
D86-18,4918,296,2.8421,-138.9250,69.9493,94.0780,3842.8800,0.0000,0.0000,Pass
D86-18,4918,297,3.0065,-138.9250,70.0925,97.6740,3858.6300,0.0000,0.0000,Pass
D86-18,4918,298,3.1720,-138.9240,70.6421,96.9573,3919.3800,0.0000,0.0000,Pass
D86-18,4918,299,3.3369,-138.9230,71.1069,97.5033,3971.1300,0.0000,0.0000,Pass
D86-18,4918,300,0.2292,-139.0540,70.7637,98.1170,3932.8800,0.0000,0.0000,Pass
D86-18,4918,301,0.3787,-139.0530,70.4797,98.7713,3901.3800,0.0000,0.0000,Pass
D86-18,4918,302,0.5288,-139.0520,70.6421,99.2151,3919.3800,0.0000,0.0000,Pass
D86-18,4918,303,0.6792,-139.0520,70.1334,99.8427,3863.1300,0.0000,0.0000,Pass
D86-18,4918,304,0.8301,-139.0510,70.3577,99.6768,3887.8800,0.0000,0.0000,Pass
D86-18,4918,305,3.6864,-139.0410,71.5087,99.7707,4016.1200,0.0000,0.0000,Pass
D86-18,4918,306,3.8370,-139.0410,71.0666,98.9268,3966.6300,0.0000,0.0000,Pass
D86-18,4918,307,3.9872,-139.0400,70.7839,98.4571,3935.1300,0.0000,0.0000,Pass
D86-18,4918,308,4.1381,-139.0400,71.1673,99.3074,3977.8800,0.0000,0.0000,Pass
D86-18,4918,309,4.2888,-139.0390,70.0925,97.6223,3858.6300,0.0000,0.0000,Pass
D86-18,4918,310,1.1919,-139.0960,71.9679,98.8292,4067.8700,0.0000,0.0000,Pass
D86-18,4918,311,1.3570,-139.0960,72.0872,99.7566,4081.3700,0.0000,0.0000,Pass
D86-18,4918,312,1.5220,-139.0950,71.3482,98.2606,3998.1300,0.0000,0.0000,Pass
D86-18,4918,313,1.6872,-139.0950,71.0465,98.9939,3964.3800,0.0000,0.0000,Pass
D86-18,4918,314,1.8519,-139.0940,71.4084,99.4548,4004.8800,0.0000,0.0000,Pass
D86-18,4918,315,2.0170,-139.0940,70.3577,99.1089,3887.8800,0.0000,0.0000,Pass
D86-18,4918,316,2.3468,-139.0920,69.3529,98.2903,3777.6300,0.0000,0.0000,Pass
D86-18,4918,317,2.5117,-139.0910,69.2703,99.8122,3768.6300,0.0000,0.0000,Pass
D86-18,4918,318,2.6763,-139.0900,70.1538,97.9682,3865.3800,0.0000,0.0000,Pass
D86-18,4918,319,2.8418,-139.0900,69.9493,99.4975,3842.8800,0.0000,0.0000,Pass
D86-18,4918,320,3.0071,-139.0890,70.4797,99.8727,3901.3800,0.0000,0.0000,Pass
D86-18,4918,321,3.1717,-139.0880,71.2277,99.4951,3984.6300,0.0000,0.0000,Pass
D86-18,4918,322,3.3372,-139.0880,71.5687,98.5411,4022.8700,0.0000,0.0000,Pass
D86-18,4918,323,2.1822,-139.0930,69.9084,99.2487,3838.3800,0.0000,0.0000,Pass
D86-18,4918,324,0.2294,-139.2040,70.9254,98.9501,3950.8800,0.0000,0.0000,Pass
D86-18,4918,325,0.3790,-139.2040,70.4594,99.4988,3899.1300,0.0000,0.0000,Pass
D86-18,4918,326,0.5298,-139.2020,70.5610,98.1234,3910.3800,0.0000,0.0000,Pass
D86-18,4918,327,0.6800,-139.2020,70.3577,99.0947,3887.8800,0.0000,0.0000,Pass
D86-18,4918,328,0.8302,-139.2020,70.5203,99.0427,3905.8800,0.0000,0.0000,Pass
D86-18,4918,329,3.6866,-139.1910,71.9082,98.1640,4061.1200,0.0000,0.0000,Pass
D86-18,4918,330,3.9877,-139.1910,70.9860,98.3147,3957.6300,0.0000,0.0000,Pass
D86-18,4918,331,4.1384,-139.1900,71.0465,99.3526,3964.3800,0.0000,0.0000,Pass
D86-18,4918,332,4.2888,-139.1900,70.6826,98.6019,3923.8800,0.0000,0.0000,Pass
D86-18,4918,333,3.8375,-139.1910,71.1673,99.5609,3977.8800,0.0000,0.0000,Pass
D86-18,4918,334,1.1925,-139.2610,71.6087,98.3133,4027.3700,0.0000,0.0000,Pass
D86-18,4918,335,1.3574,-139.2600,71.8683,99.3669,4056.6200,0.0000,0.0000,Pass
D86-18,4918,336,1.5222,-139.2600,72.1071,98.9897,4083.6200,0.0000,0.0000,Pass
D86-18,4918,337,1.6879,-139.2600,71.6887,98.9019,4036.3700,0.0000,0.0000,Pass
D86-18,4918,338,1.8523,-139.2590,71.6087,98.8801,4027.3700,0.0000,0.0000,Pass
D86-18,4918,339,2.3476,-139.2570,70.3780,97.6671,3890.1300,0.0000,0.0000,Pass
D86-18,4918,340,2.5124,-139.2560,70.1538,98.8861,3865.3800,0.0000,0.0000,Pass
D86-18,4918,341,2.6774,-139.2560,70.5000,98.4925,3903.6300,0.0000,0.0000,Pass
D86-18,4918,342,2.8424,-139.2550,70.5000,98.9228,3903.6300,0.0000,0.0000,Pass
D86-18,4918,343,3.0076,-139.2540,71.2880,98.7748,3991.3800,0.0000,0.0000,Pass
D86-18,4918,344,3.1725,-139.2540,71.4285,98.9622,4007.1300,0.0000,0.0000,Pass
D86-18,4918,345,2.0178,-139.2590,70.9052,99.1989,3948.6300,0.0000,0.0000,Pass
D86-18,4918,346,2.1826,-139.2580,70.5813,99.1221,3912.6300,0.0000,0.0000,Pass
D86-18,4918,347,3.3378,-139.2530,71.2880,98.2947,3991.3800,0.0000,0.0000,Pass
D86-18,4918,348,0.6809,-139.3530,70.3169,99.2620,3883.3800,0.0000,0.0000,Pass
D86-18,4918,349,0.2297,-139.3540,70.9860,99.3275,3957.6300,0.0000,0.0000,Pass
D86-18,4918,350,0.3798,-139.3530,70.5000,97.8649,3903.6300,0.0000,0.0000,Pass
D86-18,4918,351,0.5299,-139.3530,70.4797,99.0073,3901.3800,0.0000,0.0000,Pass
D86-18,4918,352,0.8303,-139.3530,70.6826,97.6906,3923.8800,0.0000,0.0000,Pass
D86-18,4918,353,3.6873,-139.3420,71.1673,99.2540,3977.8800,0.0000,0.0000,Pass
D86-18,4918,354,3.8382,-139.3410,71.2277,99.0349,3984.6300,0.0000,0.0000,Pass
D86-18,4918,355,3.9881,-139.3410,70.6826,98.2980,3923.8800,0.0000,0.0000,Pass
D86-18,4918,356,4.2894,-139.3400,71.0061,98.4332,3959.8800,0.0000,0.0000,Pass
D86-18,4918,357,4.1386,-139.3410,70.9052,98.5552,3948.6300,0.0000,0.0000,Pass
D86-18,4918,358,0.3800,-139.5040,70.9254,99.8073,3950.8800,0.0000,0.0000,Pass
D86-18,4918,359,0.2304,-139.5050,71.3884,99.8624,4002.6300,0.0000,0.0000,Pass
D86-18,4918,360,0.5304,-139.5040,70.6624,98.8863,3921.6300,0.0000,0.0000,Pass
D86-18,4918,361,0.6805,-139.5030,70.3577,99.0127,3887.8800,0.0000,0.0000,Pass
D86-18,4918,362,0.8310,-139.5030,70.8850,99.0314,3946.3800,0.0000,0.0000,Pass
D86-18,4918,363,3.6873,-139.4920,71.1472,98.5729,3975.6300,0.0000,0.0000,Pass
D86-18,4918,364,3.8384,-139.4920,70.8648,99.4895,3944.1300,0.0000,0.0000,Pass
D86-18,4918,365,3.9885,-139.4910,70.8850,99.1149,3946.3800,0.0000,0.0000,Pass
D86-18,4918,366,4.1390,-139.4910,70.8041,97.7496,3937.3800,0.0000,0.0000,Pass
D86-18,4918,367,4.2899,-139.4910,70.7637,99.2590,3932.8800,0.0000,0.0000,Pass
D86-18,4918,368,0.2304,-139.6550,71.5687,97.7197,4022.8700,0.0000,0.0000,Pass
D86-18,4918,369,0.6815,-139.6530,70.5000,98.7398,3903.6300,0.0000,0.0000,Pass
D86-18,4918,370,0.9822,-139.6520,71.2679,98.1380,3989.1300,0.0000,0.0000,Pass
D86-18,4918,371,2.0339,-139.6490,71.9281,98.1895,4063.3700,0.0000,0.0000,Pass
D86-18,4918,372,2.3349,-139.6480,71.2478,95.6157,3986.8800,0.0000,0.0000,Pass
D86-18,4918,373,2.4848,-139.6470,71.0263,97.6985,3962.1300,0.0000,0.0000,Pass
D86-18,4918,374,2.9359,-139.6450,71.4886,98.4785,4013.8800,0.0000,0.0000,Pass
D86-18,4918,375,0.3803,-139.6540,70.9860,98.1597,3957.6300,0.0000,0.0000,Pass
D86-18,4918,376,0.5310,-139.6540,70.9254,98.6628,3950.8800,0.0000,0.0000,Pass
D86-18,4918,377,0.8314,-139.6530,70.4797,98.3372,3901.3800,0.0000,0.0000,Pass
D86-18,4918,378,1.1322,-139.6520,71.7087,99.6520,4038.6200,0.0000,0.0000,Pass
D86-18,4918,379,1.2824,-139.6520,71.9878,98.6348,4070.1200,0.0000,0.0000,Pass
D86-18,4918,380,1.4329,-139.6520,72.1071,99.4925,4083.6200,0.0000,0.0000,Pass
D86-18,4918,381,1.5833,-139.6510,71.9281,98.3363,4063.3700,0.0000,0.0000,Pass
D86-18,4918,382,1.7336,-139.6500,72.2856,99.3078,4103.8700,0.0000,0.0000,Pass
D86-18,4918,383,1.8839,-139.6500,72.1666,99.8958,4090.3700,0.0000,0.0000,Pass
D86-18,4918,384,2.1845,-139.6490,71.9679,99.3161,4067.8700,0.0000,0.0000,Pass
D86-18,4918,385,2.6353,-139.6460,71.4686,98.2604,4011.6300,0.0000,0.0000,Pass
D86-18,4918,386,2.7851,-139.6460,71.5487,97.4389,4020.6200,0.0000,0.0000,Pass
D86-18,4918,387,3.0862,-139.6450,71.7885,99.3641,4047.6200,0.0000,0.0000,Pass
D86-18,4918,388,3.2365,-139.6440,71.8484,99.0704,4054.3700,0.0000,0.0000,Pass
D86-18,4918,389,3.3874,-139.6430,71.6887,97.9516,4036.3700,0.0000,0.0000,Pass
D86-18,4918,390,3.5376,-139.6430,71.3482,98.8682,3998.1300,0.0000,0.0000,Pass
D86-18,4918,391,3.6888,-139.6430,70.9658,99.0793,3955.3800,0.0000,0.0000,Pass
D86-18,4918,392,3.9891,-139.6420,70.6624,99.1164,3921.6300,0.0000,0.0000,Pass
D86-18,4918,393,4.1397,-139.6410,71.4084,99.3935,4004.8800,0.0000,0.0000,Pass
D86-18,4918,394,3.8390,-139.6420,70.7434,98.9900,3930.6300,0.0000,0.0000,Pass
D86-18,4918,395,4.2904,-139.6410,70.9860,98.6644,3957.6300,0.0000,0.0000,Pass
D86-18,4918,396,0.2314,-139.8050,71.3683,99.6809,4000.3800,0.0000,0.0000,Pass
D86-18,4918,397,1.1325,-139.8030,71.1673,99.4624,3977.8800,0.0000,0.0000,Pass
D86-18,4918,398,2.7863,-139.7960,71.5087,98.7008,4016.1200,0.0000,0.0000,Pass
D86-18,4918,399,0.3807,-139.8050,70.9456,99.1050,3953.1300,0.0000,0.0000,Pass
D86-18,4918,400,0.5315,-139.8040,70.7232,98.9625,3928.3800,0.0000,0.0000,Pass
D86-18,4918,401,0.6823,-139.8040,70.5203,99.8155,3905.8800,0.0000,0.0000,Pass
D86-18,4918,402,0.8319,-139.8040,70.9254,99.0187,3950.8800,0.0000,0.0000,Pass
D86-18,4918,403,0.9828,-139.8040,70.7029,99.2012,3926.1300,0.0000,0.0000,Pass
D86-18,4918,404,1.2830,-139.8020,71.2679,98.1297,3989.1300,0.0000,0.0000,Pass
D86-18,4918,405,1.4332,-139.8020,71.9082,98.3764,4061.1200,0.0000,0.0000,Pass
D86-18,4918,406,1.5835,-139.8010,71.7486,99.7432,4043.1200,0.0000,0.0000,Pass
D86-18,4918,407,1.7341,-139.8010,72.1865,98.8477,4092.6200,0.0000,0.0000,Pass
D86-18,4918,408,1.8845,-139.8010,71.6887,99.0422,4036.3700,0.0000,0.0000,Pass
D86-18,4918,409,2.0345,-139.8000,71.8683,98.9396,4056.6200,0.0000,0.0000,Pass
D86-18,4918,410,2.1853,-139.8000,71.8882,99.6144,4058.8700,0.0000,0.0000,Pass
D86-18,4918,411,2.3353,-139.7980,71.2277,96.4995,3984.6300,0.0000,0.0000,Pass
D86-18,4918,412,2.4853,-139.7970,71.4886,99.0226,4013.8800,0.0000,0.0000,Pass
D86-18,4918,413,2.6355,-139.7960,71.5687,99.3799,4022.8700,0.0000,0.0000,Pass
D86-18,4918,414,2.9366,-139.7960,71.5887,99.7362,4025.1200,0.0000,0.0000,Pass
D86-18,4918,415,3.0868,-139.7950,71.2679,99.1100,3989.1300,0.0000,0.0000,Pass
D86-18,4918,416,3.2366,-139.7950,72.2063,99.0071,4094.8700,0.0000,0.0000,Pass
D86-18,4918,417,3.3882,-139.7950,71.3683,98.6972,4000.3800,0.0000,0.0000,Pass
D86-18,4918,418,3.6887,-139.7930,71.3482,98.2047,3998.1300,0.0000,0.0000,Pass
D86-18,4918,419,3.5380,-139.7930,71.6287,99.4800,4029.6200,0.0000,0.0000,Pass
D86-18,4918,420,3.8395,-139.7930,70.8648,99.1137,3944.1300,0.0000,0.0000,Pass
D86-18,4918,421,3.9897,-139.7920,70.8850,98.8034,3946.3800,0.0000,0.0000,Pass
D86-18,4918,422,4.1406,-139.7920,71.1069,98.8438,3971.1300,0.0000,0.0000,Pass
D86-18,4918,423,4.2909,-139.7920,71.1673,97.1331,3977.8800,0.0000,0.0000,Pass
D86-18,4918,424,2.3357,-139.9480,71.0868,96.9529,3968.8800,0.0000,0.0000,Pass
D86-18,4918,425,0.2318,-139.9560,72.0872,98.6964,4081.3700,0.0000,0.0000,Pass
D86-18,4918,426,0.8329,-139.9540,70.8446,99.2632,3941.8800,0.0000,0.0000,Pass
D86-18,4918,427,1.1330,-139.9530,71.1673,99.1669,3977.8800,0.0000,0.0000,Pass
D86-18,4918,428,1.7349,-139.9510,71.6687,98.8504,4034.1200,0.0000,0.0000,Pass
D86-18,4918,429,2.0352,-139.9500,72.3054,99.0840,4106.1200,0.0000,0.0000,Pass
D86-18,4918,430,2.4858,-139.9470,71.1069,99.0376,3971.1300,0.0000,0.0000,Pass
D86-18,4918,431,2.6365,-139.9470,71.8683,99.3979,4056.6200,0.0000,0.0000,Pass
D86-18,4918,432,2.7866,-139.9460,71.6487,99.5021,4031.8700,0.0000,0.0000,Pass
D86-18,4918,433,2.9372,-139.9460,70.9456,99.3916,3953.1300,0.0000,0.0000,Pass
D86-18,4918,434,3.0874,-139.9450,70.9658,99.0037,3955.3800,0.0000,0.0000,Pass
D86-18,4918,435,3.3886,-139.9450,71.0465,98.9814,3964.3800,0.0000,0.0000,Pass
D86-18,4918,436,0.6830,-139.9550,71.1069,99.5178,3971.1300,0.0000,0.0000,Pass
D86-18,4918,437,0.9826,-139.9540,70.5203,99.4263,3905.8800,0.0000,0.0000,Pass
D86-18,4918,438,1.2834,-139.9520,71.4485,99.2960,4009.3800,0.0000,0.0000,Pass
D86-18,4918,439,1.4337,-139.9520,71.4084,98.8079,4004.8800,0.0000,0.0000,Pass
D86-18,4918,440,1.5840,-139.9510,71.8683,99.4370,4056.6200,0.0000,0.0000,Pass
D86-18,4918,441,1.8847,-139.9510,71.5887,99.4842,4025.1200,0.0000,0.0000,Pass
D86-18,4918,442,2.1856,-139.9500,72.1071,99.3804,4083.6200,0.0000,0.0000,Pass
D86-18,4918,443,3.2381,-139.9450,71.7686,99.3460,4045.3700,0.0000,0.0000,Pass
D86-18,4918,444,3.5389,-139.9440,71.0465,98.7491,3964.3800,0.0000,0.0000,Pass
D86-18,4918,445,3.6894,-139.9440,71.1472,98.9024,3975.6300,0.0000,0.0000,Pass
D86-18,4918,446,3.9906,-139.9420,71.2478,98.3740,3986.8800,0.0000,0.0000,Pass
D86-18,4918,447,4.1415,-139.9420,70.8244,97.9114,3939.6300,0.0000,0.0000,Pass
D86-18,4918,448,4.2919,-139.9410,71.0868,98.5447,3968.8800,0.0000,0.0000,Pass
D86-18,4918,449,3.8402,-139.9430,70.8041,96.8413,3937.3800,0.0000,0.0000,Pass
D86-18,4918,450,0.2323,-140.1070,72.0276,97.7072,4074.6200,0.0000,0.0000,Pass
D86-18,4918,451,1.1332,-140.1040,71.1673,99.3330,3977.8800,0.0000,0.0000,Pass
D86-18,4918,452,2.6368,-140.0970,71.8284,99.0464,4052.1200,0.0000,0.0000,Pass
D86-18,4918,453,0.3817,-140.1060,71.6087,99.4155,4027.3700,0.0000,0.0000,Pass
D86-18,4918,454,0.5326,-140.1060,71.7287,99.1075,4040.8700,0.0000,0.0000,Pass
D86-18,4918,455,0.6828,-140.1050,71.1673,99.7946,3977.8800,0.0000,0.0000,Pass
D86-18,4918,456,0.8329,-140.1040,70.9052,99.7743,3948.6300,0.0000,0.0000,Pass
D86-18,4918,457,0.9832,-140.1040,71.3482,99.2908,3998.1300,0.0000,0.0000,Pass
D86-18,4918,458,1.2836,-140.1040,71.7087,99.4475,4038.6200,0.0000,0.0000,Pass
D86-18,4918,459,1.4345,-140.1030,71.7087,99.0057,4038.6200,0.0000,0.0000,Pass
D86-18,4918,460,1.5844,-140.1020,71.5087,98.2440,4016.1200,0.0000,0.0000,Pass
D86-18,4918,461,1.7352,-140.1020,71.6887,98.2999,4036.3700,0.0000,0.0000,Pass
D86-18,4918,462,1.8856,-140.1010,71.7287,98.5850,4040.8700,0.0000,0.0000,Pass
D86-18,4918,463,2.0351,-140.1010,72.4044,99.7128,4117.3700,0.0000,0.0000,Pass
D86-18,4918,464,2.1861,-140.1000,72.2460,99.5153,4099.3700,0.0000,0.0000,Pass
D86-18,4918,465,2.3359,-140.0990,71.1069,97.4544,3971.1300,0.0000,0.0000,Pass
D86-18,4918,466,2.4861,-140.0980,71.5487,98.2840,4020.6200,0.0000,0.0000,Pass
D86-18,4918,467,2.7869,-140.0970,71.4084,99.5672,4004.8800,0.0000,0.0000,Pass
D86-18,4918,468,2.9382,-140.0970,71.7885,97.7432,4047.6200,0.0000,0.0000,Pass
D86-18,4918,469,3.0873,-140.0960,71.3884,98.8481,4002.6300,0.0000,0.0000,Pass
D86-18,4918,470,3.2381,-140.0950,72.0475,99.8621,4076.8700,0.0000,0.0000,Pass
D86-18,4918,471,3.3892,-140.0950,71.0868,99.7536,3968.8800,0.0000,0.0000,Pass
D86-18,4918,472,3.8410,-140.0930,70.7029,99.2647,3926.1300,0.0000,0.0000,Pass
D86-18,4918,473,3.9906,-140.0930,71.3081,98.6774,3993.6300,0.0000,0.0000,Pass
D86-18,4918,474,3.5391,-140.0940,71.0061,99.6556,3959.8800,0.0000,0.0000,Pass
D86-18,4918,475,3.6899,-140.0940,71.4285,98.8575,4007.1300,0.0000,0.0000,Pass
D86-18,4918,476,4.1414,-140.0920,71.7486,98.3763,4043.1200,0.0000,0.0000,Pass
D86-18,4918,477,4.2920,-140.0920,71.5087,98.8822,4016.1200,0.0000,0.0000,Pass
D86-18,4918,478,0.3827,-140.2560,72.5230,98.6822,4130.8700,0.0000,0.0000,Pass
D86-18,4918,479,0.5331,-140.2560,71.8284,98.8411,4052.1200,0.0000,0.0000,Pass
D86-18,4918,480,0.6829,-140.2550,71.2277,98.4094,3984.6300,0.0000,0.0000,Pass
D86-18,4918,481,0.8336,-140.2550,71.6687,98.4349,4034.1200,0.0000,0.0000,Pass
D86-18,4918,482,0.9838,-140.2540,71.7287,98.0736,4040.8700,0.0000,0.0000,Pass
D86-18,4918,483,1.1338,-140.2540,71.2679,99.4525,3989.1300,0.0000,0.0000,Pass
D86-18,4918,484,1.4352,-140.2530,71.3081,99.4480,3993.6300,0.0000,0.0000,Pass
D86-18,4918,485,2.0362,-140.2510,72.6020,99.5367,4139.8700,0.0000,0.0000,Pass
D86-18,4918,486,2.1867,-140.2510,72.2856,98.8169,4103.8700,0.0000,0.0000,Pass
D86-18,4918,487,2.3363,-140.2490,71.5687,96.6917,4022.8700,0.0000,0.0000,Pass
D86-18,4918,488,2.4868,-140.2480,71.7885,99.2914,4047.6200,0.0000,0.0000,Pass
D86-18,4918,489,2.6371,-140.2480,72.2063,99.5889,4094.8700,0.0000,0.0000,Pass
D86-18,4918,490,2.7880,-140.2470,71.5287,98.8369,4018.3700,0.0000,0.0000,Pass
D86-18,4918,491,3.0880,-140.2460,71.6287,98.4664,4029.6200,0.0000,0.0000,Pass
D86-18,4918,492,3.2388,-140.2460,71.4886,99.2010,4013.8800,0.0000,0.0000,Pass
D86-18,4918,493,3.3892,-140.2450,70.9456,99.8769,3953.1300,0.0000,0.0000,Pass
D86-18,4918,494,1.2845,-140.2530,71.0263,99.2246,3962.1300,0.0000,0.0000,Pass
D86-18,4918,495,1.5852,-140.2520,71.9082,99.4652,4061.1200,0.0000,0.0000,Pass
D86-18,4918,496,1.7358,-140.2520,72.2658,99.1901,4101.6200,0.0000,0.0000,Pass
D86-18,4918,497,1.8858,-140.2520,71.9679,99.1938,4067.8700,0.0000,0.0000,Pass
D86-18,4918,498,2.9382,-140.2470,71.5687,98.9650,4022.8700,0.0000,0.0000,Pass
D86-18,4918,499,3.5395,-140.2450,71.1271,97.2635,3973.3800,0.0000,0.0000,Pass
D86-18,4918,500,3.6907,-140.2450,71.7486,99.3108,4043.1200,0.0000,0.0000,Pass
D86-18,4918,501,3.8422,-140.2430,71.4485,99.1963,4009.3800,0.0000,0.0000,Pass
D86-18,4918,502,3.9916,-140.2440,71.5487,98.2965,4020.6200,0.0000,0.0000,Pass
D86-18,4918,503,4.1424,-140.2430,71.7686,97.7813,4045.3700,0.0000,0.0000,Pass
