Test sample,DieID,ID,X position,Y position,Diameter (um),% Roundness,Area,% Overall Void,% Largest Void,Result
D86-11,165,1,-2.1582,143.4270,85.0660,98.4687,5683.3200,0.0000,0.0000,Pass
D86-11,165,2,-1.8578,143.4280,85.4021,99.7217,5728.3200,0.0000,0.0000,Pass
D86-11,165,3,-0.8044,143.4320,85.1334,98.4642,5692.3200,0.0000,0.0000,Pass
D86-11,165,4,-4.1125,143.4190,85.2175,97.1079,5703.5700,0.0000,0.0000,Pass
D86-11,165,5,-3.9621,143.4190,84.3559,98.4742,5588.8300,0.0000,0.0000,Pass
D86-11,165,6,-3.8119,143.4190,85.0660,98.7092,5683.3200,0.0000,0.0000,Pass
D86-11,165,7,-3.6620,143.4200,84.6948,98.6786,5633.8200,0.0000,0.0000,Pass
D86-11,165,8,-3.5114,143.4210,84.7117,99.7605,5636.0700,0.0000,0.0000,Pass
D86-11,165,9,-3.3611,143.4210,85.1838,98.8064,5699.0700,0.0000,0.0000,Pass
D86-11,165,10,-3.2105,143.4210,84.8469,97.8090,5654.0700,0.0000,0.0000,Pass
D86-11,165,11,-3.0610,143.4220,84.6610,98.1185,5629.3200,0.0000,0.0000,Pass
D86-11,165,12,-2.9101,143.4220,84.4068,98.5933,5595.5800,0.0000,0.0000,Pass
D86-11,165,13,-2.7599,143.4240,85.0660,98.7799,5683.3200,0.0000,0.0000,Pass
D86-11,165,14,-2.6093,143.4240,85.0324,98.9577,5678.8200,0.0000,0.0000,Pass
D86-11,165,15,-2.4584,143.4250,84.5255,98.7591,5611.3300,0.0000,0.0000,Pass
D86-11,165,16,-2.3088,143.4250,84.9987,99.5968,5674.3200,0.0000,0.0000,Pass
D86-11,165,17,-2.0085,143.4270,84.5255,98.1326,5611.3300,0.0000,0.0000,Pass
D86-11,165,18,-1.7071,143.4290,85.0660,98.7973,5683.3200,0.0000,0.0000,Pass
D86-11,165,19,-1.5570,143.4290,84.7117,97.6391,5636.0700,0.0000,0.0000,Pass
D86-11,165,20,-1.4063,143.4290,85.1670,98.3118,5696.8200,0.0000,0.0000,Pass
D86-11,165,21,-1.2561,143.4300,85.0660,99.6444,5683.3200,0.0000,0.0000,Pass
D86-11,165,22,-1.1060,143.4310,85.3854,99.2036,5726.0700,0.0000,0.0000,Pass
D86-11,165,23,-0.9554,143.4310,85.0997,98.4862,5687.8200,0.0000,0.0000,Pass
D86-11,165,24,-0.6538,143.4330,85.0829,98.2528,5685.5700,0.0000,0.0000,Pass
D86-11,165,25,-0.5033,143.4330,85.7035,98.3616,5768.8200,0.0000,0.0000,Pass
D86-11,165,26,-0.3521,143.4340,85.7536,98.9314,5775.5700,0.0000,0.0000,Pass
D86-11,165,27,-4.2626,143.2670,84.7962,98.1963,5647.3200,0.0000,0.0000,Pass
D86-11,165,28,-4.1117,143.2680,84.6948,98.3088,5633.8200,0.0000,0.0000,Pass
D86-11,165,29,-3.9623,143.2680,84.0156,98.7631,5543.8300,0.0000,0.0000,Pass
D86-11,165,30,-3.8111,143.2690,84.3898,99.2626,5593.3300,0.0000,0.0000,Pass
D86-11,165,31,-3.3601,143.2700,84.7624,98.5954,5642.8200,0.0000,0.0000,Pass
D86-11,165,32,-2.6084,143.2730,84.7286,98.5641,5638.3200,0.0000,0.0000,Pass
D86-11,165,33,-2.1581,143.2770,84.5255,98.6786,5611.3300,0.0000,0.0000,Pass
D86-11,165,34,-1.8569,143.2780,84.9818,99.1837,5672.0700,0.0000,0.0000,Pass
D86-11,165,35,-1.7070,143.2780,84.6271,99.3336,5624.8200,0.0000,0.0000,Pass
D86-11,165,36,-1.5567,143.2790,84.5763,99.1001,5618.0700,0.0000,0.0000,Pass
D86-11,165,37,-1.1053,143.2810,84.6271,98.8809,5624.8200,0.0000,0.0000,Pass
D86-11,165,38,-0.9546,143.2810,85.2006,98.6677,5701.3200,0.0000,0.0000,Pass
D86-11,165,39,-0.3522,143.2840,85.5027,99.4349,5741.8200,0.0000,0.0000,Pass
D86-11,165,40,-3.6620,143.2700,83.8791,97.4852,5525.8300,0.0000,0.0000,Pass
D86-11,165,41,-3.5111,143.2700,84.5255,98.8694,5611.3300,0.0000,0.0000,Pass
D86-11,165,42,-3.2100,143.2710,84.7962,98.4539,5647.3200,0.0000,0.0000,Pass
D86-11,165,43,-3.0599,143.2720,84.3389,98.1758,5586.5800,0.0000,0.0000,Pass
D86-11,165,44,-2.9091,143.2720,84.1008,99.1824,5555.0800,0.0000,0.0000,Pass
D86-11,165,45,-2.7595,143.2730,84.6102,98.2387,5622.5700,0.0000,0.0000,Pass
D86-11,165,46,-2.4581,143.2740,84.3049,98.9188,5582.0800,0.0000,0.0000,Pass
D86-11,165,47,-2.3082,143.2750,84.6610,98.6798,5629.3200,0.0000,0.0000,Pass
D86-11,165,48,-2.0077,143.2760,84.4746,98.4757,5604.5800,0.0000,0.0000,Pass
D86-11,165,49,-1.4060,143.2800,84.9818,99.8476,5672.0700,0.0000,0.0000,Pass
D86-11,165,50,-1.2548,143.2800,84.9312,99.0999,5665.3200,0.0000,0.0000,Pass
D86-11,165,51,-0.8039,143.2820,84.8469,98.7439,5654.0700,0.0000,0.0000,Pass
D86-11,165,52,-0.6533,143.2830,84.8131,98.8246,5649.5700,0.0000,0.0000,Pass
D86-11,165,53,-0.5027,143.2830,85.3518,99.2639,5721.5700,0.0000,0.0000,Pass
D86-11,165,54,-0.2011,143.2840,86.4026,98.8037,5863.3200,0.0000,0.0000,Pass
D86-11,165,55,-4.2617,143.1160,84.3559,97.9367,5588.8300,0.0000,0.0000,Pass
D86-11,165,56,-4.1107,143.1180,84.0838,97.6352,5552.8300,0.0000,0.0000,Pass
D86-11,165,57,-3.9618,143.1180,83.8279,98.5836,5519.0800,0.0000,0.0000,Pass
D86-11,165,58,-3.8109,143.1190,84.0838,99.1923,5552.8300,0.0000,0.0000,Pass
D86-11,165,59,-3.6613,143.1190,84.2539,98.3825,5575.3300,0.0000,0.0000,Pass
D86-11,165,60,-3.5103,143.1190,84.1348,99.3105,5559.5800,0.0000,0.0000,Pass
D86-11,165,61,-3.3604,143.1200,84.2369,98.3449,5573.0800,0.0000,0.0000,Pass
D86-11,165,62,-3.0596,143.1210,83.8791,98.9374,5525.8300,0.0000,0.0000,Pass
D86-11,165,63,-2.9088,143.1220,84.2369,98.7338,5573.0800,0.0000,0.0000,Pass
D86-11,165,64,-2.7589,143.1220,84.1348,99.1814,5559.5800,0.0000,0.0000,Pass
D86-11,165,65,-2.3075,143.1240,84.1348,98.1031,5559.5800,0.0000,0.0000,Pass
D86-11,165,66,-2.1576,143.1260,84.4407,98.4484,5600.0800,0.0000,0.0000,Pass
D86-11,165,67,-2.0066,143.1260,84.7962,99.0567,5647.3200,0.0000,0.0000,Pass
D86-11,165,68,-1.8568,143.1270,84.2369,99.5539,5573.0800,0.0000,0.0000,Pass
D86-11,165,69,-1.7065,143.1270,84.3049,97.7423,5582.0800,0.0000,0.0000,Pass
D86-11,165,70,-1.5558,143.1280,84.6779,99.3504,5631.5700,0.0000,0.0000,Pass
D86-11,165,71,-1.4045,143.1290,84.9481,99.6631,5667.5700,0.0000,0.0000,Pass
D86-11,165,72,-0.9541,143.1300,84.4238,98.6089,5597.8300,0.0000,0.0000,Pass
D86-11,165,73,-0.8033,143.1310,84.5933,99.2249,5620.3200,0.0000,0.0000,Pass
D86-11,165,74,-0.6531,143.1320,84.3559,99.1266,5588.8300,0.0000,0.0000,Pass
D86-11,165,75,-0.5026,143.1320,84.8637,98.7156,5656.3200,0.0000,0.0000,Pass
D86-11,165,76,-0.3517,143.1330,85.1502,98.6551,5694.5700,0.0000,0.0000,Pass
D86-11,165,77,-3.2096,143.1210,84.1689,98.7579,5564.0800,0.0000,0.0000,Pass
D86-11,165,78,-2.6081,143.1230,84.6948,98.5967,5633.8200,0.0000,0.0000,Pass
D86-11,165,79,-2.4577,143.1240,84.3219,99.3410,5584.3300,0.0000,0.0000,Pass
D86-11,165,80,-1.2542,143.1300,84.2369,99.3773,5573.0800,0.0000,0.0000,Pass
D86-11,165,81,-1.1044,143.1300,84.8300,99.4315,5651.8200,0.0000,0.0000,Pass
D86-11,165,82,-0.2009,143.1330,85.4524,98.6474,5735.0700,0.0000,0.0000,Pass
D86-11,165,83,-4.2609,142.9660,84.0838,99.0492,5552.8300,0.0000,0.0000,Pass
D86-11,165,84,-3.9601,142.9670,83.3824,98.5750,5460.5800,0.0000,0.0000,Pass
D86-11,165,85,-1.2546,142.9780,84.6948,99.2188,5633.8200,0.0000,0.0000,Pass
D86-11,165,86,-0.3511,142.9830,84.4068,99.6221,5595.5800,0.0000,0.0000,Pass
D86-11,165,87,-4.1107,142.9670,83.7766,99.5846,5512.3300,0.0000,0.0000,Pass
D86-11,165,88,-3.8097,142.9680,83.6568,97.9563,5496.5800,0.0000,0.0000,Pass
D86-11,165,89,-3.6604,142.9690,83.5197,98.4386,5478.5800,0.0000,0.0000,Pass
D86-11,165,90,-3.5097,142.9690,83.9474,99.0241,5534.8300,0.0000,0.0000,Pass
D86-11,165,91,-3.3598,142.9700,84.3559,98.9586,5588.8300,0.0000,0.0000,Pass
D86-11,165,92,-3.2089,142.9700,83.9815,99.3631,5539.3300,0.0000,0.0000,Pass
D86-11,165,93,-3.0585,142.9710,83.6226,98.6763,5492.0800,0.0000,0.0000,Pass
D86-11,165,94,-2.9083,142.9710,84.3389,99.2162,5586.5800,0.0000,0.0000,Pass
D86-11,165,95,-2.7576,142.9720,84.3559,99.1324,5588.8300,0.0000,0.0000,Pass
D86-11,165,96,-2.6072,142.9720,84.5255,99.0951,5611.3300,0.0000,0.0000,Pass
D86-11,165,97,-2.4571,142.9730,84.4407,98.6205,5600.0800,0.0000,0.0000,Pass
D86-11,165,98,-2.3072,142.9740,84.3559,99.3669,5588.8300,0.0000,0.0000,Pass
D86-11,165,99,-2.1568,142.9750,84.3559,99.4395,5588.8300,0.0000,0.0000,Pass
D86-11,165,100,-2.0067,142.9760,84.7962,99.5755,5647.3200,0.0000,0.0000,Pass
D86-11,165,101,-1.8558,142.9770,84.4577,99.0273,5602.3300,0.0000,0.0000,Pass
D86-11,165,102,-1.7054,142.9770,84.4407,98.9123,5600.0800,0.0000,0.0000,Pass
D86-11,165,103,-1.5558,142.9780,84.2369,99.4200,5573.0800,0.0000,0.0000,Pass
D86-11,165,104,-1.4043,142.9790,84.4068,99.0611,5595.5800,0.0000,0.0000,Pass
D86-11,165,105,-1.1046,142.9790,84.5255,99.2538,5611.3300,0.0000,0.0000,Pass
D86-11,165,106,-0.9537,142.9800,84.5763,98.8255,5618.0700,0.0000,0.0000,Pass
D86-11,165,107,-0.8025,142.9810,84.1178,99.4736,5557.3300,0.0000,0.0000,Pass
D86-11,165,108,-0.6524,142.9810,83.8449,99.4220,5521.3300,0.0000,0.0000,Pass
D86-11,165,109,-0.5017,142.9820,84.8975,99.2709,5660.8200,0.0000,0.0000,Pass
D86-11,165,110,-0.2008,142.9830,85.0324,98.4882,5678.8200,0.0000,0.0000,Pass
D86-11,165,111,-4.2608,142.8160,83.6397,97.8297,5494.3300,0.0000,0.0000,Pass
D86-11,165,112,-4.1098,142.8160,83.7253,98.4938,5505.5800,0.0000,0.0000,Pass
D86-11,165,113,-3.9602,142.8170,83.5883,98.7702,5487.5800,0.0000,0.0000,Pass
D86-11,165,114,-3.8092,142.8180,83.7766,98.1140,5512.3300,0.0000,0.0000,Pass
D86-11,165,115,-3.5084,142.8190,84.0667,98.4554,5550.5800,0.0000,0.0000,Pass
D86-11,165,116,-3.3588,142.8190,84.6779,99.0950,5631.5700,0.0000,0.0000,Pass
D86-11,165,117,-3.2084,142.8200,84.7117,99.1706,5636.0700,0.0000,0.0000,Pass
D86-11,165,118,-3.0578,142.8200,84.2199,98.9726,5570.8300,0.0000,0.0000,Pass
D86-11,165,119,-2.7573,142.8220,84.7117,99.2438,5636.0700,0.0000,0.0000,Pass
D86-11,165,120,-2.6067,142.8220,84.9481,98.8765,5667.5700,0.0000,0.0000,Pass
D86-11,165,121,-2.1563,142.8250,84.6779,99.5304,5631.5700,0.0000,0.0000,Pass
D86-11,165,122,-2.0057,142.8250,84.3559,98.3189,5588.8300,0.0000,0.0000,Pass
D86-11,165,123,-1.7053,142.8270,84.5933,98.7850,5620.3200,0.0000,0.0000,Pass
D86-11,165,124,-1.5547,142.8270,84.9650,98.9676,5669.8200,0.0000,0.0000,Pass
D86-11,165,125,-1.4042,142.8280,84.6948,98.6020,5633.8200,0.0000,0.0000,Pass
D86-11,165,126,-0.8024,142.8300,83.9132,99.7222,5530.3300,0.0000,0.0000,Pass
D86-11,165,127,-0.6521,142.8310,83.9132,99.5291,5530.3300,0.0000,0.0000,Pass
D86-11,165,128,-3.6596,142.8180,83.5026,98.7211,5476.3300,0.0000,0.0000,Pass
D86-11,165,129,-2.9077,142.8210,84.4407,97.9918,5600.0800,0.0000,0.0000,Pass
D86-11,165,130,-2.4564,142.8220,84.5086,98.9960,5609.0800,0.0000,0.0000,Pass
D86-11,165,131,-2.3066,142.8230,84.8637,98.1717,5656.3200,0.0000,0.0000,Pass
D86-11,165,132,-1.8554,142.8260,84.5594,98.7920,5615.8200,0.0000,0.0000,Pass
D86-11,165,133,-1.2536,142.8280,84.9818,99.1629,5672.0700,0.0000,0.0000,Pass
D86-11,165,134,-1.1031,142.8290,84.9818,99.5574,5672.0700,0.0000,0.0000,Pass
D86-11,165,135,-0.9528,142.8300,84.5594,99.5423,5615.8200,0.0000,0.0000,Pass
D86-11,165,136,-0.5011,142.8310,84.5255,99.0571,5611.3300,0.0000,0.0000,Pass
D86-11,165,137,-0.3510,142.8320,84.1348,98.6825,5559.5800,0.0000,0.0000,Pass
D86-11,165,138,-0.2001,142.8340,85.0492,98.9360,5681.0700,0.0000,0.0000,Pass
D86-11,165,139,-4.1094,142.6660,83.6739,98.8228,5498.8300,0.0000,0.0000,Pass
D86-11,165,140,-4.2596,142.6660,83.6397,98.4640,5494.3300,0.0000,0.0000,Pass
D86-11,165,141,-3.9590,142.6660,83.4168,99.2756,5465.0800,0.0000,0.0000,Pass
D86-11,165,142,-3.8088,142.6670,83.5026,97.5392,5476.3300,0.0000,0.0000,Pass
D86-11,165,143,-3.6588,142.6670,83.4168,98.8327,5465.0800,0.0000,0.0000,Pass
D86-11,165,144,-0.8015,142.6800,83.6226,98.8028,5492.0800,0.0000,0.0000,Pass
D86-11,165,145,-0.5006,142.6810,83.8791,99.5264,5525.8300,0.0000,0.0000,Pass
D86-11,165,146,-0.1997,142.6820,84.6271,98.9949,5624.8200,0.0000,0.0000,Pass
D86-11,165,147,-0.6511,142.6810,83.7766,99.0153,5512.3300,0.0000,0.0000,Pass
D86-11,165,148,-0.3501,142.6820,84.2879,97.3659,5579.8300,0.0000,0.0000,Pass
D86-11,165,149,-4.2590,142.5150,83.8449,98.3606,5521.3300,0.0000,0.0000,Pass
D86-11,165,150,-4.1087,142.5150,83.3137,98.6541,5451.5800,0.0000,0.0000,Pass
D86-11,165,151,-3.9587,142.5160,83.3309,98.2840,5453.8300,0.0000,0.0000,Pass
D86-11,165,152,-3.8081,142.5160,82.7271,97.2104,5375.0800,0.0000,0.0000,Pass
D86-11,165,153,-3.6580,142.5170,83.6054,99.1660,5489.8300,0.0000,0.0000,Pass
D86-11,165,154,-0.8009,142.5300,84.3389,98.9014,5586.5800,0.0000,0.0000,Pass
D86-11,165,155,-0.6504,142.5300,83.4683,99.5577,5471.8300,0.0000,0.0000,Pass
D86-11,165,156,-0.4997,142.5300,84.0838,98.2703,5552.8300,0.0000,0.0000,Pass
D86-11,165,157,-0.1989,142.5320,84.4577,98.6503,5602.3300,0.0000,0.0000,Pass
D86-11,165,158,-0.3489,142.5310,84.4068,99.0766,5595.5800,0.0000,0.0000,Pass
D86-11,165,159,-3.1303,142.4110,84.3559,99.5435,5588.8300,0.0000,0.0000,Pass
D86-11,165,160,-2.1406,142.4160,83.9815,99.8261,5539.3300,0.0000,0.0000,Pass
D86-11,165,161,-1.6450,142.4180,84.4238,99.5490,5597.8300,0.0000,0.0000,Pass
D86-11,165,162,-2.9650,142.4120,84.3219,99.4551,5584.3300,0.0000,0.0000,Pass
D86-11,165,163,-2.8001,142.4120,84.4746,98.3102,5604.5800,0.0000,0.0000,Pass
D86-11,165,164,-2.6351,142.4130,84.0838,99.4593,5552.8300,0.0000,0.0000,Pass
D86-11,165,165,-2.4701,142.4140,83.7766,98.3628,5512.3300,0.0000,0.0000,Pass
D86-11,165,166,-2.3052,142.4150,84.1689,99.6432,5564.0800,0.0000,0.0000,Pass
D86-11,165,167,-1.9755,142.4170,83.8791,99.4024,5525.8300,0.0000,0.0000,Pass
D86-11,165,168,-1.8104,142.4180,84.2539,99.5695,5575.3300,0.0000,0.0000,Pass
D86-11,165,169,-1.4802,142.4190,84.1689,98.1252,5564.0800,0.0000,0.0000,Pass
D86-11,165,170,-1.3153,142.4190,84.3898,98.6834,5593.3300,0.0000,0.0000,Pass
D86-11,165,171,-1.1497,142.4200,85.0660,99.1080,5683.3200,0.0000,0.0000,Pass
D86-11,165,172,-4.2581,142.3640,83.1588,99.7921,5431.3300,0.0000,0.0000,Pass
D86-11,165,173,-4.1078,142.3650,83.4339,99.1155,5467.3300,0.0000,0.0000,Pass
D86-11,165,174,-3.9572,142.3660,83.0209,99.3688,5413.3300,0.0000,0.0000,Pass
D86-11,165,175,-3.8074,142.3660,83.0381,99.3370,5415.5800,0.0000,0.0000,Pass
D86-11,165,176,-3.6571,142.3670,83.7937,98.8770,5514.5800,0.0000,0.0000,Pass
D86-11,165,177,-0.3490,142.3810,83.9132,98.5573,5530.3300,0.0000,0.0000,Pass
D86-11,165,178,-0.8010,142.3790,83.9303,98.9546,5532.5800,0.0000,0.0000,Pass
D86-11,165,179,-0.6505,142.3800,83.5197,99.0111,5478.5800,0.0000,0.0000,Pass
D86-11,165,180,-0.4997,142.3800,84.2539,99.3191,5575.3300,0.0000,0.0000,Pass
D86-11,165,181,-0.1979,142.3820,84.5255,99.0598,5611.3300,0.0000,0.0000,Pass
D86-11,165,182,-3.2946,142.2460,83.6226,99.3235,5492.0800,0.0000,0.0000,Pass
D86-11,165,183,-3.1298,142.2460,84.1008,98.0934,5555.0800,0.0000,0.0000,Pass
D86-11,165,184,-2.9639,142.2470,83.8962,98.3903,5528.0800,0.0000,0.0000,Pass
D86-11,165,185,-2.7990,142.2470,84.2029,98.8713,5568.5800,0.0000,0.0000,Pass
D86-11,165,186,-2.6343,142.2480,83.5026,96.8471,5476.3300,0.0000,0.0000,Pass
D86-11,165,187,-2.4695,142.2490,83.4168,98.7522,5465.0800,0.0000,0.0000,Pass
D86-11,165,188,-2.3047,142.2490,83.9474,99.2484,5534.8300,0.0000,0.0000,Pass
D86-11,165,189,-2.1395,142.2510,83.5026,99.1979,5476.3300,0.0000,0.0000,Pass
D86-11,165,190,-1.9753,142.2520,83.2449,98.9377,5442.5800,0.0000,0.0000,Pass
D86-11,165,191,-1.8100,142.2530,83.8108,98.7148,5516.8300,0.0000,0.0000,Pass
D86-11,165,192,-1.6444,142.2530,83.6397,98.6118,5494.3300,0.0000,0.0000,Pass
D86-11,165,193,-1.4789,142.2540,84.0156,98.8300,5543.8300,0.0000,0.0000,Pass
D86-11,165,194,-1.1491,142.2560,84.4916,99.6888,5606.8300,0.0000,0.0000,Pass
D86-11,165,195,-1.3142,142.2540,84.1689,99.3265,5564.0800,0.0000,0.0000,Pass
D86-11,165,196,-4.2576,142.2140,82.9864,98.8810,5408.8300,0.0000,0.0000,Pass
D86-11,165,197,-4.1070,142.2150,83.4683,99.0007,5471.8300,0.0000,0.0000,Pass
D86-11,165,198,-3.9568,142.2150,83.3824,98.1957,5460.5800,0.0000,0.0000,Pass
D86-11,165,199,-3.8070,142.2160,82.8482,99.2217,5390.8300,0.0000,0.0000,Pass
D86-11,165,200,-3.6565,142.2170,83.1588,99.6595,5431.3300,0.0000,0.0000,Pass
D86-11,165,201,-0.7999,142.2290,83.9132,98.8616,5530.3300,0.0000,0.0000,Pass
D86-11,165,202,-0.6499,142.2290,83.2277,98.1210,5440.3300,0.0000,0.0000,Pass
D86-11,165,203,-0.4982,142.2300,83.9815,99.4910,5539.3300,0.0000,0.0000,Pass
D86-11,165,204,-0.3487,142.2310,83.7424,99.0603,5507.8300,0.0000,0.0000,Pass
D86-11,165,205,-0.1974,142.2310,83.7937,98.5924,5514.5800,0.0000,0.0000,Pass
D86-11,165,206,-3.2939,142.0810,83.6226,99.5267,5492.0800,0.0000,0.0000,Pass
D86-11,165,207,-3.1290,142.0810,83.8108,99.2478,5516.8300,0.0000,0.0000,Pass
D86-11,165,208,-2.9634,142.0820,83.3309,97.7976,5453.8300,0.0000,0.0000,Pass
D86-11,165,209,-2.4680,142.0840,82.9173,99.9248,5399.8300,0.0000,0.0000,Pass
D86-11,165,210,-2.1394,142.0860,82.7271,98.2979,5375.0800,0.0000,0.0000,Pass
D86-11,165,211,-1.6439,142.0880,83.3652,98.2525,5458.3300,0.0000,0.0000,Pass
D86-11,165,212,-1.4786,142.0890,83.8791,99.8537,5525.8300,0.0000,0.0000,Pass
D86-11,165,213,-1.3138,142.0890,83.5712,98.6203,5485.3300,0.0000,0.0000,Pass
D86-11,165,214,-2.7986,142.0820,83.3652,99.1611,5458.3300,0.0000,0.0000,Pass
D86-11,165,215,-2.6342,142.0830,83.0899,99.3989,5422.3300,0.0000,0.0000,Pass
D86-11,165,216,-2.3038,142.0840,83.2965,99.4714,5449.3300,0.0000,0.0000,Pass
D86-11,165,217,-1.9742,142.0870,82.9864,98.9549,5408.8300,0.0000,0.0000,Pass
D86-11,165,218,-1.8090,142.0870,83.2965,98.3212,5449.3300,0.0000,0.0000,Pass
D86-11,165,219,-1.1486,142.0900,84.1178,99.6264,5557.3300,0.0000,0.0000,Pass
D86-11,165,220,-4.2561,142.0640,83.3137,98.3173,5451.5800,0.0000,0.0000,Pass
D86-11,165,221,-4.1067,142.0640,83.2793,99.1500,5447.0800,0.0000,0.0000,Pass
D86-11,165,222,-3.9566,142.0650,82.9518,98.8258,5404.3300,0.0000,0.0000,Pass
D86-11,165,223,-3.8067,142.0650,82.7444,99.0118,5377.3300,0.0000,0.0000,Pass
D86-11,165,224,-3.6560,142.0660,83.1243,98.2840,5426.8300,0.0000,0.0000,Pass
D86-11,165,225,-0.7993,142.0790,83.7082,99.0153,5503.3300,0.0000,0.0000,Pass
D86-11,165,226,-0.6490,142.0790,83.1932,99.5727,5435.8300,0.0000,0.0000,Pass
D86-11,165,227,-0.4983,142.0800,83.3480,99.2390,5456.0800,0.0000,0.0000,Pass
D86-11,165,228,-0.3477,142.0800,83.7937,99.1852,5514.5800,0.0000,0.0000,Pass
D86-11,165,229,-0.1970,142.0810,84.3219,99.4593,5584.3300,0.0000,0.0000,Pass
D86-11,165,230,-4.2554,141.9140,83.1416,99.4693,5429.0800,0.0000,0.0000,Pass
D86-11,165,231,-3.8058,141.9150,82.9173,99.5369,5399.8300,0.0000,0.0000,Pass
D86-11,165,232,-3.6554,141.9160,83.4854,99.3704,5474.0800,0.0000,0.0000,Pass
D86-11,165,233,-1.9736,141.9220,83.1071,99.4095,5424.5800,0.0000,0.0000,Pass
D86-11,165,234,-0.7989,141.9280,83.5369,99.5335,5480.8300,0.0000,0.0000,Pass
D86-11,165,235,-0.6489,141.9280,83.3824,99.7313,5460.5800,0.0000,0.0000,Pass
D86-11,165,236,-0.4981,141.9290,83.7424,99.0311,5507.8300,0.0000,0.0000,Pass
D86-11,165,237,-0.3477,141.9300,83.8279,99.1336,5519.0800,0.0000,0.0000,Pass
D86-11,165,238,-0.1964,141.9310,83.7253,98.5214,5505.5800,0.0000,0.0000,Pass
D86-11,165,239,-3.2931,141.9150,83.5026,99.3935,5476.3300,0.0000,0.0000,Pass
D86-11,165,240,-3.1273,141.9160,83.2793,98.7245,5447.0800,0.0000,0.0000,Pass
D86-11,165,241,-2.9634,141.9170,83.5712,99.2235,5485.3300,0.0000,0.0000,Pass
D86-11,165,242,-2.7978,141.9170,83.2105,99.1867,5438.0800,0.0000,0.0000,Pass
D86-11,165,243,-2.6330,141.9180,82.6578,99.3537,5366.0800,0.0000,0.0000,Pass
D86-11,165,244,-2.4682,141.9190,82.8309,99.4679,5388.5800,0.0000,0.0000,Pass
D86-11,165,245,-2.1379,141.9210,82.7444,97.6965,5377.3300,0.0000,0.0000,Pass
D86-11,165,246,-1.8089,141.9230,83.1932,99.6288,5435.8300,0.0000,0.0000,Pass
D86-11,165,247,-1.6435,141.9230,82.9000,98.5701,5397.5800,0.0000,0.0000,Pass
D86-11,165,248,-1.4786,141.9240,83.3480,99.4129,5456.0800,0.0000,0.0000,Pass
D86-11,165,249,-1.3130,141.9240,83.1243,99.3060,5426.8300,0.0000,0.0000,Pass
D86-11,165,250,-1.1482,141.9250,84.3729,99.3445,5591.0800,0.0000,0.0000,Pass
D86-11,165,251,-2.3029,141.9190,82.9864,99.5259,5408.8300,0.0000,0.0000,Pass
D86-11,165,252,-4.2561,141.7630,82.8827,98.7213,5395.3300,0.0000,0.0000,Pass
D86-11,165,253,-4.1051,141.7630,82.4322,99.1536,5336.8300,0.0000,0.0000,Pass
D86-11,165,254,-3.9555,141.7640,82.6231,99.5397,5361.5800,0.0000,0.0000,Pass
D86-11,165,255,-3.8047,141.7640,82.4669,99.4942,5341.3300,0.0000,0.0000,Pass
D86-11,165,256,-3.6550,141.7650,83.1932,98.8730,5435.8300,0.0000,0.0000,Pass
D86-11,165,257,-0.7983,141.7770,83.0036,98.7290,5411.0800,0.0000,0.0000,Pass
D86-11,165,258,-0.6481,141.7780,83.4168,99.2027,5465.0800,0.0000,0.0000,Pass
D86-11,165,259,-0.3465,141.7800,83.5197,98.8344,5478.5800,0.0000,0.0000,Pass
D86-11,165,260,-0.4970,141.7790,83.7253,98.7272,5505.5800,0.0000,0.0000,Pass
D86-11,165,261,-0.1956,141.7810,83.6739,99.1485,5498.8300,0.0000,0.0000,Pass
D86-11,165,262,-3.2924,141.7500,83.4511,99.3673,5469.5800,0.0000,0.0000,Pass
D86-11,165,263,-2.9626,141.7520,82.9346,98.0434,5402.0800,0.0000,0.0000,Pass
D86-11,165,264,-2.7968,141.7520,82.9346,99.0495,5402.0800,0.0000,0.0000,Pass
D86-11,165,265,-2.6324,141.7520,82.6058,98.7572,5359.3300,0.0000,0.0000,Pass
D86-11,165,266,-2.4678,141.7540,82.4148,99.2213,5334.5800,0.0000,0.0000,Pass
D86-11,165,267,-2.3022,141.7540,82.7444,98.8281,5377.3300,0.0000,0.0000,Pass
D86-11,165,268,-2.1375,141.7560,82.4496,98.9602,5339.0800,0.0000,0.0000,Pass
D86-11,165,269,-1.8079,141.7570,82.6231,98.3398,5361.5800,0.0000,0.0000,Pass
D86-11,165,270,-1.6426,141.7580,83.0726,99.4849,5420.0800,0.0000,0.0000,Pass
D86-11,165,271,-1.4777,141.7590,83.2449,99.1935,5442.5800,0.0000,0.0000,Pass
D86-11,165,272,-1.3124,141.7590,83.6054,99.4226,5489.8300,0.0000,0.0000,Pass
D86-11,165,273,-3.1277,141.7510,83.7595,99.1920,5510.0800,0.0000,0.0000,Pass
D86-11,165,274,-1.9730,141.7570,82.9346,99.5501,5402.0800,0.0000,0.0000,Pass
D86-11,165,275,-1.1475,141.7600,83.8108,99.5474,5516.8300,0.0000,0.0000,Pass
D86-11,165,276,-4.1043,141.6130,82.2060,99.0554,5307.5800,0.0000,0.0000,Pass
D86-11,165,277,-3.9543,141.6130,82.5537,98.8920,5352.5800,0.0000,0.0000,Pass
D86-11,165,278,-4.2549,141.6120,82.6231,99.5703,5361.5800,0.0000,0.0000,Pass
D86-11,165,279,-3.8039,141.6140,82.4669,99.6507,5341.3300,0.0000,0.0000,Pass
D86-11,165,280,-3.6536,141.6150,82.7271,99.4396,5375.0800,0.0000,0.0000,Pass
D86-11,165,281,-0.7972,141.6270,83.0381,99.1653,5415.5800,0.0000,0.0000,Pass
D86-11,165,282,-0.6474,141.6280,82.9000,99.2038,5397.5800,0.0000,0.0000,Pass
D86-11,165,283,-0.4968,141.6290,83.7424,99.4293,5507.8300,0.0000,0.0000,Pass
D86-11,165,284,-0.3459,141.6290,83.2449,99.2761,5442.5800,0.0000,0.0000,Pass
D86-11,165,285,-0.1951,141.6300,83.5883,98.7929,5487.5800,0.0000,0.0000,Pass
D86-11,165,286,-2.7968,141.5870,82.9000,99.6925,5397.5800,0.0000,0.0000,Pass
D86-11,165,287,-2.1371,141.5910,82.3453,99.8905,5325.5800,0.0000,0.0000,Pass
D86-11,165,288,-1.8067,141.5920,82.9518,99.7933,5404.3300,0.0000,0.0000,Pass
D86-11,165,289,-3.2917,141.5860,83.1588,99.1662,5431.3300,0.0000,0.0000,Pass
D86-11,165,290,-3.1269,141.5860,83.2965,99.5298,5449.3300,0.0000,0.0000,Pass
D86-11,165,291,-2.9616,141.5860,83.2277,99.6582,5440.3300,0.0000,0.0000,Pass
D86-11,165,292,-2.6314,141.5880,82.7271,99.4959,5375.0800,0.0000,0.0000,Pass
D86-11,165,293,-2.4674,141.5880,82.2234,98.1017,5309.8300,0.0000,0.0000,Pass
D86-11,165,294,-2.3015,141.5890,82.6405,99.7671,5363.8300,0.0000,0.0000,Pass
D86-11,165,295,-1.9725,141.5920,82.1363,99.3538,5298.5800,0.0000,0.0000,Pass
D86-11,165,296,-1.6417,141.5930,82.8309,98.5424,5388.5800,0.0000,0.0000,Pass
D86-11,165,297,-1.4770,141.5940,83.3137,99.0386,5451.5800,0.0000,0.0000,Pass
D86-11,165,298,-1.3116,141.5940,82.8827,98.3862,5395.3300,0.0000,0.0000,Pass
D86-11,165,299,-1.1463,141.5950,83.7253,99.8398,5505.5800,0.0000,0.0000,Pass
D86-11,165,300,-4.2543,141.4630,81.5588,97.1219,5224.3400,0.0000,0.0000,Pass
D86-11,165,301,-4.1037,141.4630,81.1185,97.4911,5168.0900,0.0000,0.0000,Pass
D86-11,165,302,-3.9538,141.4640,81.8218,98.3924,5258.0900,0.0000,0.0000,Pass
D86-11,165,303,-3.8038,141.4640,82.1711,97.4855,5303.0800,0.0000,0.0000,Pass
D86-11,165,304,-3.6531,141.4650,82.7617,98.7592,5379.5800,0.0000,0.0000,Pass
D86-11,165,305,-0.7968,141.4780,82.4496,98.1960,5339.0800,0.0000,0.0000,Pass
D86-11,165,306,-0.6466,141.4790,82.1014,97.5644,5294.0800,0.0000,0.0000,Pass
D86-11,165,307,-0.4965,141.4790,82.6578,97.0570,5366.0800,0.0000,0.0000,Pass
D86-11,165,308,-0.3450,141.4790,82.8136,98.4821,5386.3300,0.0000,0.0000,Pass
D86-11,165,309,-0.1947,141.4800,82.6405,97.4734,5363.8300,0.0000,0.0000,Pass
D86-11,165,310,-3.2914,141.4210,83.3309,98.6867,5453.8300,0.0000,0.0000,Pass
D86-11,165,311,-3.1260,141.4210,83.4168,98.7970,5465.0800,0.0000,0.0000,Pass
D86-11,165,312,-2.9606,141.4220,82.8655,99.1209,5393.0800,0.0000,0.0000,Pass
D86-11,165,313,-2.7959,141.4230,83.1071,99.0658,5424.5800,0.0000,0.0000,Pass
D86-11,165,314,-2.6306,141.4240,82.2757,98.9233,5316.5800,0.0000,0.0000,Pass
D86-11,165,315,-2.4664,141.4250,82.6405,99.8404,5363.8300,0.0000,0.0000,Pass
D86-11,165,316,-2.1366,141.4270,82.0490,99.0841,5287.3400,0.0000,0.0000,Pass
D86-11,165,317,-1.9717,141.4270,82.6231,99.2277,5361.5800,0.0000,0.0000,Pass
D86-11,165,318,-1.8066,141.4290,82.8482,98.8761,5390.8300,0.0000,0.0000,Pass
D86-11,165,319,-1.6416,141.4290,82.6924,98.6431,5370.5800,0.0000,0.0000,Pass
D86-11,165,320,-1.4760,141.4300,82.9864,99.4028,5408.8300,0.0000,0.0000,Pass
D86-11,165,321,-1.3112,141.4310,83.0209,99.2002,5413.3300,0.0000,0.0000,Pass
D86-11,165,322,-1.1459,141.4310,83.5026,99.1152,5476.3300,0.0000,0.0000,Pass
D86-11,165,323,-2.3004,141.4250,82.6578,99.2346,5366.0800,0.0000,0.0000,Pass
D86-11,165,324,-4.2535,141.3130,82.3627,99.2988,5327.8300,0.0000,0.0000,Pass
D86-11,165,325,-4.1028,141.3130,82.0490,98.6539,5287.3400,0.0000,0.0000,Pass
D86-11,165,326,-3.9530,141.3130,82.2408,99.2731,5312.0800,0.0000,0.0000,Pass
D86-11,165,327,-3.8027,141.3140,82.2408,99.0218,5312.0800,0.0000,0.0000,Pass
D86-11,165,328,-3.6528,141.3150,82.7444,98.1999,5377.3300,0.0000,0.0000,Pass
D86-11,165,329,-0.7963,141.3280,83.0554,99.5433,5417.8300,0.0000,0.0000,Pass
D86-11,165,330,-0.4958,141.3290,83.0899,98.1961,5422.3300,0.0000,0.0000,Pass
D86-11,165,331,-0.3449,141.3300,83.0899,98.9081,5422.3300,0.0000,0.0000,Pass
D86-11,165,332,-0.1946,141.3300,83.6568,99.2180,5496.5800,0.0000,0.0000,Pass
D86-11,165,333,-0.6458,141.3290,82.9346,99.7410,5402.0800,0.0000,0.0000,Pass
D86-11,165,334,-3.2900,141.2560,83.1588,99.3273,5431.3300,0.0000,0.0000,Pass
D86-11,165,335,-3.1252,141.2570,83.3652,99.1883,5458.3300,0.0000,0.0000,Pass
D86-11,165,336,-2.9603,141.2580,83.3137,99.2546,5451.5800,0.0000,0.0000,Pass
D86-11,165,337,-2.7952,141.2580,82.9000,98.2960,5397.5800,0.0000,0.0000,Pass
D86-11,165,338,-2.6301,141.2590,82.6405,98.5039,5363.8300,0.0000,0.0000,Pass
D86-11,165,339,-2.1359,141.2620,82.4669,99.5836,5341.3300,0.0000,0.0000,Pass
D86-11,165,340,-1.9709,141.2630,83.2621,99.7383,5444.8300,0.0000,0.0000,Pass
D86-11,165,341,-1.8057,141.2630,83.1760,99.4591,5433.5800,0.0000,0.0000,Pass
D86-11,165,342,-1.6404,141.2640,83.2277,99.5884,5440.3300,0.0000,0.0000,Pass
D86-11,165,343,-1.4754,141.2650,83.6568,98.5886,5496.5800,0.0000,0.0000,Pass
D86-11,165,344,-1.3102,141.2650,83.2105,99.6228,5438.0800,0.0000,0.0000,Pass
D86-11,165,345,-2.4652,141.2600,82.7617,99.6179,5379.5800,0.0000,0.0000,Pass
D86-11,165,346,-2.3000,141.2600,82.7271,98.2571,5375.0800,0.0000,0.0000,Pass
D86-11,165,347,-1.1452,141.2660,83.9474,99.0081,5534.8300,0.0000,0.0000,Pass
D86-11,165,348,-3.8019,141.1640,81.8568,98.6239,5262.5900,0.0000,0.0000,Pass
D86-11,165,349,-4.2524,141.1620,82.4148,98.3384,5334.5800,0.0000,0.0000,Pass
D86-11,165,350,-4.1022,141.1630,81.6465,98.3468,5235.5900,0.0000,0.0000,Pass
D86-11,165,351,-3.9520,141.1640,82.4322,99.3424,5336.8300,0.0000,0.0000,Pass
D86-11,165,352,-3.6522,141.1650,82.2234,98.9840,5309.8300,0.0000,0.0000,Pass
D86-11,165,353,-0.7959,141.1780,83.1416,99.7699,5429.0800,0.0000,0.0000,Pass
D86-11,165,354,-0.6456,141.1780,82.9518,99.1011,5404.3300,0.0000,0.0000,Pass
D86-11,165,355,-0.4952,141.1790,82.9173,99.5820,5399.8300,0.0000,0.0000,Pass
D86-11,165,356,-0.1942,141.1800,82.9173,99.5433,5399.8300,0.0000,0.0000,Pass
D86-11,165,357,-0.3442,141.1790,82.9173,99.9152,5399.8300,0.0000,0.0000,Pass
D86-11,165,358,-4.1020,141.0120,82.3279,99.0243,5323.3300,0.0000,0.0000,Pass
D86-11,165,359,-4.2522,141.0120,82.3453,99.5823,5325.5800,0.0000,0.0000,Pass
D86-11,165,360,-3.9515,141.0130,82.3453,99.2496,5325.5800,0.0000,0.0000,Pass
D86-11,165,361,-3.8009,141.0140,81.8918,99.8171,5267.0900,0.0000,0.0000,Pass
D86-11,165,362,-3.6509,141.0140,82.3974,99.4607,5332.3300,0.0000,0.0000,Pass
D86-11,165,363,-0.7947,141.0270,82.8655,98.9946,5393.0800,0.0000,0.0000,Pass
D86-11,165,364,-0.6444,141.0280,83.1071,99.2243,5424.5800,0.0000,0.0000,Pass
D86-11,165,365,-0.4944,141.0280,83.0036,99.5380,5411.0800,0.0000,0.0000,Pass
D86-11,165,366,-0.3439,141.0300,82.5364,99.0516,5350.3300,0.0000,0.0000,Pass
D86-11,165,367,-0.1932,141.0300,83.3480,98.5125,5456.0800,0.0000,0.0000,Pass
D86-11,165,368,-4.2509,140.8610,82.2408,98.3260,5312.0800,0.0000,0.0000,Pass
D86-11,165,369,-3.8004,140.8630,82.2408,99.4394,5312.0800,0.0000,0.0000,Pass
D86-11,165,370,-3.5008,140.8650,82.2757,98.9202,5316.5800,0.0000,0.0000,Pass
D86-11,165,371,-2.4490,140.8690,82.9346,99.0498,5402.0800,0.0000,0.0000,Pass
D86-11,165,372,-2.1482,140.8710,82.1886,99.3083,5305.3300,0.0000,0.0000,Pass
D86-11,165,373,-1.9981,140.8720,82.5711,98.9274,5354.8300,0.0000,0.0000,Pass
D86-11,165,374,-1.5472,140.8740,83.0381,99.3488,5415.5800,0.0000,0.0000,Pass
D86-11,165,375,-4.1018,140.8630,82.2583,98.9277,5314.3300,0.0000,0.0000,Pass
D86-11,165,376,-3.9510,140.8630,81.8743,98.8364,5264.8400,0.0000,0.0000,Pass
D86-11,165,377,-3.6504,140.8630,82.1363,99.4492,5298.5800,0.0000,0.0000,Pass
D86-11,165,378,-3.3500,140.8650,82.7271,98.6920,5375.0800,0.0000,0.0000,Pass
D86-11,165,379,-3.1999,140.8650,82.8827,99.6816,5395.3300,0.0000,0.0000,Pass
D86-11,165,380,-3.0499,140.8670,82.6751,99.6133,5368.3300,0.0000,0.0000,Pass
D86-11,165,381,-2.8988,140.8660,82.6058,98.6813,5359.3300,0.0000,0.0000,Pass
D86-11,165,382,-2.7491,140.8670,82.6405,99.6115,5363.8300,0.0000,0.0000,Pass
D86-11,165,383,-2.5985,140.8680,82.5190,99.7302,5348.0800,0.0000,0.0000,Pass
D86-11,165,384,-2.2978,140.8690,82.4669,98.8313,5341.3300,0.0000,0.0000,Pass
D86-11,165,385,-1.8478,140.8730,82.7963,98.7459,5384.0800,0.0000,0.0000,Pass
D86-11,165,386,-1.6973,140.8730,82.5884,99.6547,5357.0800,0.0000,0.0000,Pass
D86-11,165,387,-1.3967,140.8750,82.9346,99.5781,5402.0800,0.0000,0.0000,Pass
D86-11,165,388,-1.2456,140.8750,83.0899,99.3527,5422.3300,0.0000,0.0000,Pass
D86-11,165,389,-1.0958,140.8760,82.9000,98.7858,5397.5800,0.0000,0.0000,Pass
D86-11,165,390,-0.9456,140.8760,83.4168,99.8384,5465.0800,0.0000,0.0000,Pass
D86-11,165,391,-0.7948,140.8770,83.0381,98.5867,5415.5800,0.0000,0.0000,Pass
D86-11,165,392,-0.4944,140.8780,82.7790,98.6895,5381.8300,0.0000,0.0000,Pass
D86-11,165,393,-0.3429,140.8790,82.6578,99.7041,5366.0800,0.0000,0.0000,Pass
D86-11,165,394,-0.6443,140.8780,82.4843,99.5144,5343.5800,0.0000,0.0000,Pass
D86-11,165,395,-0.1937,140.8790,83.1243,99.7830,5426.8300,0.0000,0.0000,Pass
D86-11,165,396,-4.2507,140.7110,82.9173,99.4605,5399.8300,0.0000,0.0000,Pass
D86-11,165,397,-3.3493,140.7140,82.3801,98.3697,5330.0800,0.0000,0.0000,Pass
D86-11,165,398,-1.6970,140.7230,82.5884,99.5161,5357.0800,0.0000,0.0000,Pass
D86-11,165,399,-4.1005,140.7120,82.2583,99.5099,5314.3300,0.0000,0.0000,Pass
D86-11,165,400,-3.9503,140.7130,82.3105,99.1192,5321.0800,0.0000,0.0000,Pass
D86-11,165,401,-3.7999,140.7130,82.2060,99.5252,5307.5800,0.0000,0.0000,Pass
D86-11,165,402,-3.6493,140.7140,81.7167,99.2830,5244.5900,0.0000,0.0000,Pass
D86-11,165,403,-3.5000,140.7140,82.3453,98.5692,5325.5800,0.0000,0.0000,Pass
D86-11,165,404,-3.1989,140.7150,82.7444,99.6542,5377.3300,0.0000,0.0000,Pass
D86-11,165,405,-3.0487,140.7160,82.8309,99.1235,5388.5800,0.0000,0.0000,Pass
D86-11,165,406,-2.8985,140.7170,82.5884,99.6967,5357.0800,0.0000,0.0000,Pass
D86-11,165,407,-2.7485,140.7170,82.6578,99.5109,5366.0800,0.0000,0.0000,Pass
D86-11,165,408,-2.5980,140.7180,82.1188,98.5491,5296.3300,0.0000,0.0000,Pass
D86-11,165,409,-2.4474,140.7190,82.6058,98.8502,5359.3300,0.0000,0.0000,Pass
D86-11,165,410,-2.2972,140.7190,82.1188,99.7091,5296.3300,0.0000,0.0000,Pass
D86-11,165,411,-2.1478,140.7210,82.4322,98.8712,5336.8300,0.0000,0.0000,Pass
D86-11,165,412,-1.9974,140.7210,82.4669,98.4374,5341.3300,0.0000,0.0000,Pass
D86-11,165,413,-1.8472,140.7220,82.6924,99.5861,5370.5800,0.0000,0.0000,Pass
D86-11,165,414,-1.5467,140.7230,82.6751,99.3993,5368.3300,0.0000,0.0000,Pass
D86-11,165,415,-1.3964,140.7240,83.0554,98.1141,5417.8300,0.0000,0.0000,Pass
D86-11,165,416,-1.2452,140.7250,82.8309,99.1902,5388.5800,0.0000,0.0000,Pass
D86-11,165,417,-1.0951,140.7250,82.1363,98.4738,5298.5800,0.0000,0.0000,Pass
D86-11,165,418,-0.7941,140.7260,82.9173,98.8745,5399.8300,0.0000,0.0000,Pass
D86-11,165,419,-0.9444,140.7260,82.7617,99.8405,5379.5800,0.0000,0.0000,Pass
D86-11,165,420,-0.6443,140.7280,82.6578,99.6191,5366.0800,0.0000,0.0000,Pass
D86-11,165,421,-0.4929,140.7280,82.9000,98.9800,5397.5800,0.0000,0.0000,Pass
D86-11,165,422,-0.3423,140.7280,82.5190,97.8517,5348.0800,0.0000,0.0000,Pass
D86-11,165,423,-0.1918,140.7290,82.9518,98.8100,5404.3300,0.0000,0.0000,Pass
D86-11,165,424,-2.1472,140.5710,82.5190,98.9643,5348.0800,0.0000,0.0000,Pass
D86-11,165,425,-4.2502,140.5600,82.4843,98.2104,5343.5800,0.0000,0.0000,Pass
D86-11,165,426,-3.6490,140.5640,82.2234,98.7614,5309.8300,0.0000,0.0000,Pass
D86-11,165,427,-3.3490,140.5650,82.3801,99.1014,5330.0800,0.0000,0.0000,Pass
D86-11,165,428,-2.7478,140.5670,82.9864,99.3617,5408.8300,0.0000,0.0000,Pass
D86-11,165,429,-2.4469,140.5680,82.9864,99.0510,5408.8300,0.0000,0.0000,Pass
D86-11,165,430,-1.9968,140.5710,82.6751,99.0708,5368.3300,0.0000,0.0000,Pass
D86-11,165,431,-1.8461,140.5720,82.5537,99.4617,5352.5800,0.0000,0.0000,Pass
D86-11,165,432,-1.6958,140.5720,82.7790,99.5036,5381.8300,0.0000,0.0000,Pass
D86-11,165,433,-1.5455,140.5740,82.5017,99.0149,5345.8300,0.0000,0.0000,Pass
D86-11,165,434,-1.3951,140.5740,82.8827,98.7998,5395.3300,0.0000,0.0000,Pass
D86-11,165,435,-1.0944,140.5750,82.6924,99.2601,5370.5800,0.0000,0.0000,Pass
D86-11,165,436,-3.7996,140.5630,82.1711,99.3692,5303.0800,0.0000,0.0000,Pass
D86-11,165,437,-3.4992,140.5640,82.1188,99.1168,5296.3300,0.0000,0.0000,Pass
D86-11,165,438,-3.1987,140.5650,82.5711,99.3531,5354.8300,0.0000,0.0000,Pass
D86-11,165,439,-3.0479,140.5660,82.5711,98.3186,5354.8300,0.0000,0.0000,Pass
D86-11,165,440,-2.8982,140.5670,82.3105,98.2059,5321.0800,0.0000,0.0000,Pass
D86-11,165,441,-2.5974,140.5680,82.1711,98.2567,5303.0800,0.0000,0.0000,Pass
D86-11,165,442,-2.2967,140.5690,82.6751,99.5858,5368.3300,0.0000,0.0000,Pass
D86-11,165,443,-1.2445,140.5740,83.1588,99.2914,5431.3300,0.0000,0.0000,Pass
D86-11,165,444,-0.9438,140.5760,82.7271,98.9379,5375.0800,0.0000,0.0000,Pass
D86-11,165,445,-0.7935,140.5760,82.3453,97.8675,5325.5800,0.0000,0.0000,Pass
D86-11,165,446,-0.4926,140.5770,82.8309,98.9604,5388.5800,0.0000,0.0000,Pass
D86-11,165,447,-0.3418,140.5790,82.8655,98.0772,5393.0800,0.0000,0.0000,Pass
D86-11,165,448,-0.1914,140.5790,83.6397,98.5234,5494.3300,0.0000,0.0000,Pass
D86-11,165,449,-0.6427,140.5770,82.3974,99.1256,5332.3300,0.0000,0.0000,Pass
D86-11,165,450,-4.2497,140.4110,82.8655,98.4884,5393.0800,0.0000,0.0000,Pass
D86-11,165,451,-3.3480,140.4140,82.4496,98.8274,5339.0800,0.0000,0.0000,Pass
D86-11,165,452,-1.8447,140.4220,82.5364,98.5726,5350.3300,0.0000,0.0000,Pass
D86-11,165,453,-4.0994,140.4110,82.2234,98.7895,5309.8300,0.0000,0.0000,Pass
D86-11,165,454,-3.9492,140.4110,82.2931,99.9137,5318.8300,0.0000,0.0000,Pass
D86-11,165,455,-3.7984,140.4120,82.3627,99.8128,5327.8300,0.0000,0.0000,Pass
D86-11,165,456,-3.6485,140.4130,82.5017,98.7309,5345.8300,0.0000,0.0000,Pass
D86-11,165,457,-3.4988,140.4140,82.2583,99.2700,5314.3300,0.0000,0.0000,Pass
D86-11,165,458,-3.1980,140.4150,82.4322,99.0481,5336.8300,0.0000,0.0000,Pass
D86-11,165,459,-3.0473,140.4150,82.6924,99.4017,5370.5800,0.0000,0.0000,Pass
D86-11,165,460,-2.8974,140.4160,82.9346,99.5341,5402.0800,0.0000,0.0000,Pass
D86-11,165,461,-2.7470,140.4170,83.1071,99.2137,5424.5800,0.0000,0.0000,Pass
D86-11,165,462,-2.5973,140.4170,82.8655,97.8472,5393.0800,0.0000,0.0000,Pass
D86-11,165,463,-2.4461,140.4180,82.8309,98.9817,5388.5800,0.0000,0.0000,Pass
D86-11,165,464,-2.2960,140.4180,82.7271,99.6103,5375.0800,0.0000,0.0000,Pass
D86-11,165,465,-2.1460,140.4200,82.9518,99.2961,5404.3300,0.0000,0.0000,Pass
D86-11,165,466,-1.9961,140.4210,83.0726,99.4706,5420.0800,0.0000,0.0000,Pass
D86-11,165,467,-1.6960,140.4220,83.1416,98.9089,5429.0800,0.0000,0.0000,Pass
D86-11,165,468,-1.5451,140.4230,82.9864,99.4331,5408.8300,0.0000,0.0000,Pass
D86-11,165,469,-1.3946,140.4240,83.4511,99.8288,5469.5800,0.0000,0.0000,Pass
D86-11,165,470,-1.2442,140.4240,83.2105,99.0800,5438.0800,0.0000,0.0000,Pass
D86-11,165,471,-1.0938,140.4250,82.9864,99.0646,5408.8300,0.0000,0.0000,Pass
D86-11,165,472,-0.6425,140.4270,82.6058,99.2551,5359.3300,0.0000,0.0000,Pass
D86-11,165,473,-0.4918,140.4270,82.9173,98.8375,5399.8300,0.0000,0.0000,Pass
D86-11,165,474,-0.9431,140.4260,82.9346,98.4976,5402.0800,0.0000,0.0000,Pass
D86-11,165,475,-0.7927,140.4260,82.6405,99.0416,5363.8300,0.0000,0.0000,Pass
D86-11,165,476,-0.3411,140.4280,82.9000,99.2091,5397.5800,0.0000,0.0000,Pass
D86-11,165,477,-0.1904,140.4280,83.4854,97.6093,5474.0800,0.0000,0.0000,Pass
D86-11,165,478,-4.0986,140.2610,82.3279,98.6682,5323.3300,0.0000,0.0000,Pass
D86-11,165,479,-3.9482,140.2610,82.7271,99.5228,5375.0800,0.0000,0.0000,Pass
D86-11,165,480,-3.7978,140.2620,82.3801,97.9712,5330.0800,0.0000,0.0000,Pass
D86-11,165,481,-3.6482,140.2630,82.4496,97.9411,5339.0800,0.0000,0.0000,Pass
D86-11,165,482,-3.4973,140.2630,82.5364,99.2914,5350.3300,0.0000,0.0000,Pass
D86-11,165,483,-3.3473,140.2630,82.9346,98.7811,5402.0800,0.0000,0.0000,Pass
D86-11,165,484,-3.0468,140.2650,82.9864,98.9099,5408.8300,0.0000,0.0000,Pass
D86-11,165,485,-2.4458,140.2680,83.8279,98.2683,5519.0800,0.0000,0.0000,Pass
D86-11,165,486,-2.2956,140.2680,83.4683,99.3254,5471.8300,0.0000,0.0000,Pass
D86-11,165,487,-2.1464,140.2700,83.0381,98.6527,5415.5800,0.0000,0.0000,Pass
D86-11,165,488,-1.9958,140.2700,83.5026,98.8759,5476.3300,0.0000,0.0000,Pass
D86-11,165,489,-1.8455,140.2720,82.8827,99.8022,5395.3300,0.0000,0.0000,Pass
D86-11,165,490,-1.6946,140.2720,83.4683,98.9750,5471.8300,0.0000,0.0000,Pass
D86-11,165,491,-1.3937,140.2730,83.6739,99.9250,5498.8300,0.0000,0.0000,Pass
D86-11,165,492,-1.2435,140.2740,83.3480,98.9659,5456.0800,0.0000,0.0000,Pass
D86-11,165,493,-1.0930,140.2750,83.2965,99.4899,5449.3300,0.0000,0.0000,Pass
D86-11,165,494,-3.1971,140.2650,82.4496,98.4180,5339.0800,0.0000,0.0000,Pass
D86-11,165,495,-2.8971,140.2650,83.1416,99.2858,5429.0800,0.0000,0.0000,Pass
D86-11,165,496,-2.7464,140.2660,83.6568,99.0254,5496.5800,0.0000,0.0000,Pass
D86-11,165,497,-2.5959,140.2670,83.1416,99.5516,5429.0800,0.0000,0.0000,Pass
D86-11,165,498,-1.5440,140.2720,83.5712,98.4049,5485.3300,0.0000,0.0000,Pass
D86-11,165,499,-0.9425,140.2750,83.3824,99.3387,5460.5800,0.0000,0.0000,Pass
D86-11,165,500,-0.7924,140.2760,82.8482,98.4406,5390.8300,0.0000,0.0000,Pass
D86-11,165,501,-0.6421,140.2760,83.1416,99.2919,5429.0800,0.0000,0.0000,Pass
D86-11,165,502,-0.4915,140.2770,83.0554,97.5274,5417.8300,0.0000,0.0000,Pass
D86-11,165,503,-0.3405,140.2770,83.3652,99.4047,5458.3300,0.0000,0.0000,Pass
D86-11,2444,1,144.0750,7.0207,82.5017,98.3737,5345.8300,0.0000,0.0000,Pass
D86-11,2444,2,144.3760,7.0233,83.4339,99.5895,5467.3300,0.0000,0.0000,Pass
D86-11,2444,3,145.4290,7.0280,84.8131,98.8353,5649.5700,0.0000,0.0000,Pass
D86-11,2444,4,142.1220,7.0133,82.2757,98.3464,5316.5800,0.0000,0.0000,Pass
D86-11,2444,5,142.2730,7.0134,81.8568,99.5921,5262.5900,0.0000,0.0000,Pass
D86-11,2444,6,142.4220,7.0143,81.7868,98.2735,5253.5900,0.0000,0.0000,Pass
D86-11,2444,7,142.5730,7.0145,81.8218,98.5143,5258.0900,0.0000,0.0000,Pass
D86-11,2444,8,142.7230,7.0156,82.1014,98.5517,5294.0800,0.0000,0.0000,Pass
D86-11,2444,9,142.8730,7.0159,82.4148,98.1027,5334.5800,0.0000,0.0000,Pass
D86-11,2444,10,143.0230,7.0164,82.2060,98.2764,5307.5800,0.0000,0.0000,Pass
D86-11,2444,11,143.1740,7.0172,82.4148,98.6607,5334.5800,0.0000,0.0000,Pass
D86-11,2444,12,143.3240,7.0175,82.1363,99.1452,5298.5800,0.0000,0.0000,Pass
D86-11,2444,13,143.4740,7.0185,82.3279,98.0824,5323.3300,0.0000,0.0000,Pass
D86-11,2444,14,143.6240,7.0190,82.2931,99.0367,5318.8300,0.0000,0.0000,Pass
D86-11,2444,15,143.7750,7.0194,82.6578,98.7753,5366.0800,0.0000,0.0000,Pass
D86-11,2444,16,143.9250,7.0201,82.7444,99.7600,5377.3300,0.0000,0.0000,Pass
D86-11,2444,17,144.2250,7.0225,83.5197,99.3139,5478.5800,0.0000,0.0000,Pass
D86-11,2444,18,144.5270,7.0237,83.5883,99.0069,5487.5800,0.0000,0.0000,Pass
D86-11,2444,19,144.6770,7.0247,84.3219,99.3315,5584.3300,0.0000,0.0000,Pass
D86-11,2444,20,144.8270,7.0255,84.3389,99.3423,5586.5800,0.0000,0.0000,Pass
D86-11,2444,21,144.9780,7.0261,84.3559,98.2005,5588.8300,0.0000,0.0000,Pass
D86-11,2444,22,145.1280,7.0264,84.6779,99.3608,5631.5700,0.0000,0.0000,Pass
D86-11,2444,23,145.2790,7.0272,84.7793,99.3060,5645.0700,0.0000,0.0000,Pass
D86-11,2444,24,145.5800,7.0286,85.0155,98.6459,5676.5700,0.0000,0.0000,Pass
D86-11,2444,25,145.7310,7.0292,85.0829,98.4890,5685.5700,0.0000,0.0000,Pass
D86-11,2444,26,145.8810,7.0296,85.5195,99.8563,5744.0700,0.0000,0.0000,Pass
D86-11,2444,27,141.9730,6.8619,81.9093,98.3091,5269.3400,0.0000,0.0000,Pass
D86-11,2444,28,142.1230,6.8624,82.0141,99.1722,5282.8300,0.0000,0.0000,Pass
D86-11,2444,29,142.2730,6.8632,82.0839,98.4810,5291.8300,0.0000,0.0000,Pass
D86-11,2444,30,142.4230,6.8636,81.8043,98.4792,5255.8400,0.0000,0.0000,Pass
D86-11,2444,31,142.8730,6.8655,82.2408,98.5585,5312.0800,0.0000,0.0000,Pass
D86-11,2444,32,143.6250,6.8687,82.9346,98.4859,5402.0800,0.0000,0.0000,Pass
D86-11,2444,33,144.0760,6.8708,83.0726,98.2847,5420.0800,0.0000,0.0000,Pass
D86-11,2444,34,144.3760,6.8733,83.4168,99.1535,5465.0800,0.0000,0.0000,Pass
D86-11,2444,35,144.5270,6.8739,83.3652,99.3856,5458.3300,0.0000,0.0000,Pass
D86-11,2444,36,144.6780,6.8744,83.7253,99.3143,5505.5800,0.0000,0.0000,Pass
D86-11,2444,37,145.1290,6.8766,83.9132,98.8011,5530.3300,0.0000,0.0000,Pass
D86-11,2444,38,145.2800,6.8773,83.9644,99.1576,5537.0800,0.0000,0.0000,Pass
D86-11,2444,39,145.8820,6.8792,84.8806,99.0925,5658.5700,0.0000,0.0000,Pass
D86-11,2444,40,142.5740,6.8641,82.1886,99.0454,5305.3300,0.0000,0.0000,Pass
D86-11,2444,41,142.7240,6.8648,81.6290,98.8764,5233.3400,0.0000,0.0000,Pass
D86-11,2444,42,143.0240,6.8660,82.4148,99.4913,5334.5800,0.0000,0.0000,Pass
D86-11,2444,43,143.1740,6.8665,81.9267,98.7050,5271.5900,0.0000,0.0000,Pass
D86-11,2444,44,143.3240,6.8677,82.7963,98.0552,5384.0800,0.0000,0.0000,Pass
D86-11,2444,45,143.4750,6.8682,82.7617,99.0673,5379.5800,0.0000,0.0000,Pass
D86-11,2444,46,143.7750,6.8693,83.0036,98.7517,5411.0800,0.0000,0.0000,Pass
D86-11,2444,47,143.9260,6.8696,82.9864,97.5892,5408.8300,0.0000,0.0000,Pass
D86-11,2444,48,144.2260,6.8725,83.0209,98.9271,5413.3300,0.0000,0.0000,Pass
D86-11,2444,49,144.8280,6.8751,83.5712,98.7611,5485.3300,0.0000,0.0000,Pass
D86-11,2444,50,144.9780,6.8758,83.7937,99.3522,5514.5800,0.0000,0.0000,Pass
D86-11,2444,51,145.4300,6.8775,83.7424,99.5381,5507.8300,0.0000,0.0000,Pass
D86-11,2444,52,145.5810,6.8782,84.1008,99.4605,5555.0800,0.0000,0.0000,Pass
D86-11,2444,53,145.7310,6.8787,84.6948,99.4408,5633.8200,0.0000,0.0000,Pass
D86-11,2444,54,146.0330,6.8801,85.3350,98.8324,5719.3200,0.0000,0.0000,Pass
D86-11,2444,55,141.9740,6.7118,81.2949,98.1419,5190.5900,0.0000,0.0000,Pass
D86-11,2444,56,142.1240,6.7118,81.2420,97.7340,5183.8400,0.0000,0.0000,Pass
D86-11,2444,57,142.2740,6.7129,81.3477,98.3435,5197.3400,0.0000,0.0000,Pass
D86-11,2444,58,142.4240,6.7134,81.7342,99.3307,5246.8400,0.0000,0.0000,Pass
D86-11,2444,59,142.5740,6.7138,81.6290,99.0089,5233.3400,0.0000,0.0000,Pass
D86-11,2444,60,142.7240,6.7145,81.5763,98.5505,5226.5900,0.0000,0.0000,Pass
D86-11,2444,61,142.8740,6.7149,81.8043,98.6965,5255.8400,0.0000,0.0000,Pass
D86-11,2444,62,143.1740,6.7161,82.2234,99.0692,5309.8300,0.0000,0.0000,Pass
D86-11,2444,63,143.3250,6.7168,82.2583,98.8901,5314.3300,0.0000,0.0000,Pass
D86-11,2444,64,143.4750,6.7173,82.6058,99.4072,5359.3300,0.0000,0.0000,Pass
D86-11,2444,65,143.9260,6.7193,83.1243,98.1246,5426.8300,0.0000,0.0000,Pass
D86-11,2444,66,144.0770,6.7201,82.5364,98.4892,5350.3300,0.0000,0.0000,Pass
D86-11,2444,67,144.2270,6.7220,83.4854,99.0469,5474.0800,0.0000,0.0000,Pass
D86-11,2444,68,144.3770,6.7225,83.8279,99.3276,5519.0800,0.0000,0.0000,Pass
D86-11,2444,69,144.5270,6.7232,83.5712,98.8809,5485.3300,0.0000,0.0000,Pass
D86-11,2444,70,144.6780,6.7239,83.5197,99.1406,5478.5800,0.0000,0.0000,Pass
D86-11,2444,71,144.8280,6.7243,84.0497,99.5184,5548.3300,0.0000,0.0000,Pass
D86-11,2444,72,145.2800,6.7267,84.5255,99.3983,5611.3300,0.0000,0.0000,Pass
D86-11,2444,73,145.4300,6.7272,84.5255,99.6049,5611.3300,0.0000,0.0000,Pass
D86-11,2444,74,145.5810,6.7279,84.7624,98.9515,5642.8200,0.0000,0.0000,Pass
D86-11,2444,75,145.7320,6.7287,84.7793,98.6621,5645.0700,0.0000,0.0000,Pass
D86-11,2444,76,145.8820,6.7292,85.3015,98.5473,5714.8200,0.0000,0.0000,Pass
D86-11,2444,77,143.0240,6.7154,82.0665,98.3992,5289.5800,0.0000,0.0000,Pass
D86-11,2444,78,143.6260,6.7179,82.6231,98.6902,5361.5800,0.0000,0.0000,Pass
D86-11,2444,79,143.7760,6.7187,82.7790,98.1039,5381.8300,0.0000,0.0000,Pass
D86-11,2444,80,144.9790,6.7253,84.0497,99.4087,5548.3300,0.0000,0.0000,Pass
D86-11,2444,81,145.1290,6.7259,84.4238,98.9629,5597.8300,0.0000,0.0000,Pass
D86-11,2444,82,146.0330,6.7298,85.2679,98.9001,5710.3200,0.0000,0.0000,Pass
D86-11,2444,83,141.9750,6.5612,82.2408,98.5156,5312.0800,0.0000,0.0000,Pass
D86-11,2444,84,142.2740,6.5622,81.5061,99.8283,5217.5900,0.0000,0.0000,Pass
D86-11,2444,85,144.9800,6.5749,84.0667,98.3540,5550.5800,0.0000,0.0000,Pass
D86-11,2444,86,145.8830,6.5786,85.3015,98.7508,5714.8200,0.0000,0.0000,Pass
D86-11,2444,87,142.1240,6.5619,81.5061,99.0865,5217.5900,0.0000,0.0000,Pass
D86-11,2444,88,142.4240,6.5630,81.4357,99.0089,5208.5900,0.0000,0.0000,Pass
D86-11,2444,89,142.5750,6.5636,81.5061,99.0543,5217.5900,0.0000,0.0000,Pass
D86-11,2444,90,142.7250,6.5640,81.8043,98.8415,5255.8400,0.0000,0.0000,Pass
D86-11,2444,91,142.8760,6.5652,82.1711,99.0962,5303.0800,0.0000,0.0000,Pass
D86-11,2444,92,143.0250,6.5657,82.3105,98.4006,5321.0800,0.0000,0.0000,Pass
D86-11,2444,93,143.1750,6.5661,82.5190,99.6099,5348.0800,0.0000,0.0000,Pass
D86-11,2444,94,143.3260,6.5664,82.4843,98.0722,5343.5800,0.0000,0.0000,Pass
D86-11,2444,95,143.4760,6.5675,82.7963,98.7122,5384.0800,0.0000,0.0000,Pass
D86-11,2444,96,143.6260,6.5679,83.0209,99.1066,5413.3300,0.0000,0.0000,Pass
D86-11,2444,97,143.7760,6.5686,83.0036,99.2028,5411.0800,0.0000,0.0000,Pass
D86-11,2444,98,143.9270,6.5693,83.2277,98.8582,5440.3300,0.0000,0.0000,Pass
D86-11,2444,99,144.0770,6.5697,82.9518,98.2224,5404.3300,0.0000,0.0000,Pass
D86-11,2444,100,144.2270,6.5715,83.5026,99.5671,5476.3300,0.0000,0.0000,Pass
D86-11,2444,101,144.3780,6.5721,83.6397,98.7843,5494.3300,0.0000,0.0000,Pass
D86-11,2444,102,144.5280,6.5729,83.3309,99.5766,5453.8300,0.0000,0.0000,Pass
D86-11,2444,103,144.6780,6.5735,84.1859,99.4068,5566.3300,0.0000,0.0000,Pass
D86-11,2444,104,144.8290,6.5739,84.0667,99.4481,5550.5800,0.0000,0.0000,Pass
D86-11,2444,105,145.1300,6.5752,84.1519,99.6146,5561.8300,0.0000,0.0000,Pass
D86-11,2444,106,145.2800,6.5757,84.2539,98.9934,5575.3300,0.0000,0.0000,Pass
D86-11,2444,107,145.4310,6.5766,84.3898,99.3327,5593.3300,0.0000,0.0000,Pass
D86-11,2444,108,145.5820,6.5774,84.6440,99.1521,5627.0700,0.0000,0.0000,Pass
D86-11,2444,109,145.7320,6.5779,84.4577,98.9458,5602.3300,0.0000,0.0000,Pass
D86-11,2444,110,146.0340,6.5794,85.3518,98.8183,5721.5700,0.0000,0.0000,Pass
D86-11,2444,111,141.9750,6.4107,81.8218,97.1551,5258.0900,0.0000,0.0000,Pass
D86-11,2444,112,142.1250,6.4113,81.5763,98.4527,5226.5900,0.0000,0.0000,Pass
D86-11,2444,113,142.2750,6.4118,81.7868,99.3475,5253.5900,0.0000,0.0000,Pass
D86-11,2444,114,142.4250,6.4128,81.5588,98.6430,5224.3400,0.0000,0.0000,Pass
D86-11,2444,115,142.7250,6.4138,81.9792,97.9880,5278.3400,0.0000,0.0000,Pass
D86-11,2444,116,142.8760,6.4142,82.3974,98.8572,5332.3300,0.0000,0.0000,Pass
D86-11,2444,117,143.0260,6.4151,82.7617,99.1108,5379.5800,0.0000,0.0000,Pass
D86-11,2444,118,143.1760,6.4154,83.3137,98.9864,5451.5800,0.0000,0.0000,Pass
D86-11,2444,119,143.4760,6.4171,83.2277,98.7152,5440.3300,0.0000,0.0000,Pass
D86-11,2444,120,143.6270,6.4177,83.4168,99.2742,5465.0800,0.0000,0.0000,Pass
D86-11,2444,121,144.0780,6.4197,83.1760,98.4085,5433.5800,0.0000,0.0000,Pass
D86-11,2444,122,144.2270,6.4217,83.8279,99.3886,5519.0800,0.0000,0.0000,Pass
D86-11,2444,123,144.5290,6.4223,84.0156,99.5452,5543.8300,0.0000,0.0000,Pass
D86-11,2444,124,144.6790,6.4230,84.0156,99.2797,5543.8300,0.0000,0.0000,Pass
D86-11,2444,125,144.8300,6.4238,84.2709,99.2982,5577.5800,0.0000,0.0000,Pass
D86-11,2444,126,145.4320,6.4261,84.7962,99.4969,5647.3200,0.0000,0.0000,Pass
D86-11,2444,127,145.5820,6.4267,84.2369,99.6952,5573.0800,0.0000,0.0000,Pass
D86-11,2444,128,142.5750,6.4134,81.7342,99.8312,5246.8400,0.0000,0.0000,Pass
D86-11,2444,129,143.3260,6.4163,83.3824,98.8380,5460.5800,0.0000,0.0000,Pass
D86-11,2444,130,143.7770,6.4180,83.6226,99.7175,5492.0800,0.0000,0.0000,Pass
D86-11,2444,131,143.9270,6.4187,83.3652,99.5475,5458.3300,0.0000,0.0000,Pass
D86-11,2444,132,144.3780,6.4219,83.7595,99.1558,5510.0800,0.0000,0.0000,Pass
D86-11,2444,133,144.9800,6.4240,84.6440,99.8415,5627.0700,0.0000,0.0000,Pass
D86-11,2444,134,145.1300,6.4248,84.5424,99.2071,5613.5700,0.0000,0.0000,Pass
D86-11,2444,135,145.2810,6.4254,84.8131,99.4010,5649.5700,0.0000,0.0000,Pass
D86-11,2444,136,145.7330,6.4278,84.5594,99.0562,5615.8200,0.0000,0.0000,Pass
D86-11,2444,137,145.8840,6.4281,84.8131,98.9133,5649.5700,0.0000,0.0000,Pass
D86-11,2444,138,146.0340,6.4287,85.6366,99.0824,5759.8200,0.0000,0.0000,Pass
D86-11,2444,139,142.1260,6.2607,81.1362,99.5226,5170.3400,0.0000,0.0000,Pass
D86-11,2444,140,141.9750,6.2609,81.5939,98.9018,5228.8400,0.0000,0.0000,Pass
D86-11,2444,141,142.2760,6.2615,81.0832,98.9399,5163.5900,0.0000,0.0000,Pass
D86-11,2444,142,142.4260,6.2622,81.2773,99.0715,5188.3400,0.0000,0.0000,Pass
D86-11,2444,143,142.5760,6.2632,81.7868,98.4679,5253.5900,0.0000,0.0000,Pass
D86-11,2444,144,145.4320,6.2760,85.0155,98.8751,5676.5700,0.0000,0.0000,Pass
D86-11,2444,145,145.7340,6.2772,84.5933,99.0797,5620.3200,0.0000,0.0000,Pass
D86-11,2444,146,146.0350,6.2784,85.0155,99.3636,5676.5700,0.0000,0.0000,Pass
D86-11,2444,147,145.5830,6.2766,84.7117,98.8128,5636.0700,0.0000,0.0000,Pass
D86-11,2444,148,145.8840,6.2780,84.6779,98.9612,5631.5700,0.0000,0.0000,Pass
D86-11,2444,149,141.9760,6.1103,82.3279,98.8653,5323.3300,0.0000,0.0000,Pass
D86-11,2444,150,142.1260,6.1115,81.6114,98.0849,5231.0900,0.0000,0.0000,Pass
D86-11,2444,151,142.2760,6.1113,81.9442,99.2092,5273.8400,0.0000,0.0000,Pass
D86-11,2444,152,142.4260,6.1123,81.7167,98.3307,5244.5900,0.0000,0.0000,Pass
D86-11,2444,153,142.5770,6.1125,81.5236,97.8270,5219.8400,0.0000,0.0000,Pass
D86-11,2444,154,145.4320,6.1254,84.8806,99.4999,5658.5700,0.0000,0.0000,Pass
D86-11,2444,155,145.5840,6.1260,84.9987,99.3415,5674.3200,0.0000,0.0000,Pass
D86-11,2444,156,145.7340,6.1268,84.4407,99.8048,5600.0800,0.0000,0.0000,Pass
D86-11,2444,157,146.0360,6.1278,85.5027,98.8674,5741.8200,0.0000,0.0000,Pass
D86-11,2444,158,145.8850,6.1275,85.1165,99.9025,5690.0700,0.0000,0.0000,Pass
D86-11,2444,159,143.1040,6.0066,82.8136,99.2429,5386.3300,0.0000,0.0000,Pass
D86-11,2444,160,144.0930,6.0112,82.9691,97.7984,5406.5800,0.0000,0.0000,Pass
D86-11,2444,161,144.5880,6.0140,84.0156,98.7998,5543.8300,0.0000,0.0000,Pass
D86-11,2444,162,143.2680,6.0074,82.7617,99.0283,5379.5800,0.0000,0.0000,Pass
D86-11,2444,163,143.4340,6.0078,83.1243,98.9752,5426.8300,0.0000,0.0000,Pass
D86-11,2444,164,143.5980,6.0081,82.9864,99.8417,5408.8300,0.0000,0.0000,Pass
D86-11,2444,165,143.7630,6.0091,82.9691,99.3511,5406.5800,0.0000,0.0000,Pass
D86-11,2444,166,143.9290,6.0098,83.4854,99.6086,5474.0800,0.0000,0.0000,Pass
D86-11,2444,167,144.2580,6.0125,83.5026,99.5602,5476.3300,0.0000,0.0000,Pass
D86-11,2444,168,144.4230,6.0136,83.9985,99.5152,5541.5800,0.0000,0.0000,Pass
D86-11,2444,169,144.7530,6.0147,84.3389,99.8402,5586.5800,0.0000,0.0000,Pass
D86-11,2444,170,144.9190,6.0154,85.0324,99.0511,5678.8200,0.0000,0.0000,Pass
D86-11,2444,171,145.0840,6.0161,84.8806,98.7621,5658.5700,0.0000,0.0000,Pass
D86-11,2444,172,141.9770,5.9600,81.6816,98.4063,5240.0900,0.0000,0.0000,Pass
D86-11,2444,173,142.1260,5.9602,81.9442,99.0168,5273.8400,0.0000,0.0000,Pass
D86-11,2444,174,142.2770,5.9606,81.8043,99.2656,5255.8400,0.0000,0.0000,Pass
D86-11,2444,175,142.4270,5.9613,81.5412,99.4572,5222.0900,0.0000,0.0000,Pass
D86-11,2444,176,142.5770,5.9620,81.9267,99.6186,5271.5900,0.0000,0.0000,Pass
D86-11,2444,177,145.8850,5.9770,84.7962,98.2846,5647.3200,0.0000,0.0000,Pass
D86-11,2444,178,145.4330,5.9752,84.8469,99.2865,5654.0700,0.0000,0.0000,Pass
D86-11,2444,179,145.5840,5.9758,84.5086,99.3199,5609.0800,0.0000,0.0000,Pass
D86-11,2444,180,145.7350,5.9764,84.9481,99.3480,5667.5700,0.0000,0.0000,Pass
D86-11,2444,181,146.0360,5.9775,85.3350,99.2237,5719.3200,0.0000,0.0000,Pass
D86-11,2444,182,142.9400,5.8409,83.4339,99.7045,5467.3300,0.0000,0.0000,Pass
D86-11,2444,183,143.1040,5.8416,82.9691,99.3321,5406.5800,0.0000,0.0000,Pass
D86-11,2444,184,143.2690,5.8420,83.1932,99.6755,5435.8300,0.0000,0.0000,Pass
D86-11,2444,185,143.4340,5.8428,83.1416,99.5729,5429.0800,0.0000,0.0000,Pass
D86-11,2444,186,143.5990,5.8438,82.5884,98.2759,5357.0800,0.0000,0.0000,Pass
D86-11,2444,187,143.7640,5.8444,82.9864,99.7088,5408.8300,0.0000,0.0000,Pass
D86-11,2444,188,143.9290,5.8452,83.0726,99.3857,5420.0800,0.0000,0.0000,Pass
D86-11,2444,189,144.0940,5.8462,82.6058,97.5608,5359.3300,0.0000,0.0000,Pass
D86-11,2444,190,144.2590,5.8477,82.6924,99.8537,5370.5800,0.0000,0.0000,Pass
D86-11,2444,191,144.4240,5.8484,82.9691,99.6220,5406.5800,0.0000,0.0000,Pass
D86-11,2444,192,144.5890,5.8488,83.2449,99.7592,5442.5800,0.0000,0.0000,Pass
D86-11,2444,193,144.7540,5.8495,83.4854,98.8333,5474.0800,0.0000,0.0000,Pass
D86-11,2444,194,145.0850,5.8506,84.6271,99.5036,5624.8200,0.0000,0.0000,Pass
D86-11,2444,195,144.9190,5.8497,84.3729,99.0377,5591.0800,0.0000,0.0000,Pass
D86-11,2444,196,141.9770,5.8094,81.9967,98.9501,5280.5900,0.0000,0.0000,Pass
D86-11,2444,197,142.1270,5.8103,81.4533,99.2506,5210.8400,0.0000,0.0000,Pass
D86-11,2444,198,142.2780,5.8105,81.5412,98.9328,5222.0900,0.0000,0.0000,Pass
D86-11,2444,199,142.4280,5.8111,81.2420,98.4517,5183.8400,0.0000,0.0000,Pass
D86-11,2444,200,142.5780,5.8118,81.7517,98.9890,5249.0900,0.0000,0.0000,Pass
D86-11,2444,201,145.4340,5.8244,85.8204,99.4675,5784.5700,0.0000,0.0000,Pass
D86-11,2444,202,145.5850,5.8251,85.7035,99.3133,5768.8200,0.0000,0.0000,Pass
D86-11,2444,203,145.7350,5.8258,85.7870,99.2995,5780.0700,0.0000,0.0000,Pass
D86-11,2444,204,145.8850,5.8264,85.7703,99.3502,5777.8200,0.0000,0.0000,Pass
D86-11,2444,205,146.0370,5.8270,86.0371,99.5623,5813.8200,0.0000,0.0000,Pass
D86-11,2444,206,142.9400,5.6757,83.0036,99.0644,5411.0800,0.0000,0.0000,Pass
D86-11,2444,207,143.1050,5.6764,82.9691,99.0052,5406.5800,0.0000,0.0000,Pass
D86-11,2444,208,143.2700,5.6770,82.8136,98.8622,5386.3300,0.0000,0.0000,Pass
D86-11,2444,209,143.7650,5.6791,83.0899,99.6413,5422.3300,0.0000,0.0000,Pass
D86-11,2444,210,144.0950,5.6810,82.6058,97.5006,5359.3300,0.0000,0.0000,Pass
D86-11,2444,211,144.5900,5.6838,83.8620,99.8654,5523.5800,0.0000,0.0000,Pass
D86-11,2444,212,144.7550,5.6844,84.6948,99.7426,5633.8200,0.0000,0.0000,Pass
D86-11,2444,213,144.9200,5.6850,84.6271,99.5412,5624.8200,0.0000,0.0000,Pass
D86-11,2444,214,143.4350,5.6775,83.1416,99.5376,5429.0800,0.0000,0.0000,Pass
D86-11,2444,215,143.6000,5.6785,82.6924,98.8554,5370.5800,0.0000,0.0000,Pass
D86-11,2444,216,143.9300,5.6798,82.9173,99.4570,5399.8300,0.0000,0.0000,Pass
D86-11,2444,217,144.2600,5.6825,83.1243,99.7217,5426.8300,0.0000,0.0000,Pass
D86-11,2444,218,144.4250,5.6831,83.4511,99.1705,5469.5800,0.0000,0.0000,Pass
D86-11,2444,219,145.0850,5.6860,85.1334,99.5725,5692.3200,0.0000,0.0000,Pass
D86-11,2444,220,141.9780,5.6594,81.7868,99.1168,5253.5900,0.0000,0.0000,Pass
D86-11,2444,221,142.1280,5.6598,81.6290,99.8287,5233.3400,0.0000,0.0000,Pass
D86-11,2444,222,142.2780,5.6604,81.9442,99.0125,5273.8400,0.0000,0.0000,Pass
D86-11,2444,223,142.4280,5.6608,81.0479,99.2284,5159.0900,0.0000,0.0000,Pass
D86-11,2444,224,142.5790,5.6619,81.9267,99.6325,5271.5900,0.0000,0.0000,Pass
D86-11,2444,225,145.4350,5.6745,85.8705,99.7881,5791.3200,0.0000,0.0000,Pass
D86-11,2444,226,145.5850,5.6748,85.7870,99.6835,5780.0700,0.0000,0.0000,Pass
D86-11,2444,227,145.7360,5.6758,85.3015,98.6219,5714.8200,0.0000,0.0000,Pass
D86-11,2444,228,145.8870,5.6754,86.9315,98.4592,5935.3100,0.0000,0.0000,Pass
D86-11,2444,229,146.0380,5.6757,88.2398,97.5167,6115.3100,0.0000,0.0000,Pass
D86-11,2444,230,141.9790,5.5092,81.9442,98.3466,5273.8400,0.0000,0.0000,Pass
D86-11,2444,231,142.4290,5.5105,82.0316,99.3179,5285.0800,0.0000,0.0000,Pass
D86-11,2444,232,142.5790,5.5111,81.9442,99.7871,5273.8400,0.0000,0.0000,Pass
D86-11,2444,233,144.2600,5.5173,82.9691,99.7668,5406.5800,0.0000,0.0000,Pass
D86-11,2444,234,145.4350,5.5232,88.9994,97.8724,6221.0600,0.0000,0.0000,Pass
D86-11,2444,235,145.5850,5.5243,88.8706,99.2096,6203.0600,0.0000,0.0000,Pass
D86-11,2444,236,145.7370,5.5250,88.6931,99.0925,6178.3100,0.0000,0.0000,Pass
D86-11,2444,237,145.8870,5.5256,88.5314,98.4703,6155.8100,0.0000,0.0000,Pass
D86-11,2444,238,146.0380,5.5262,89.3047,99.3937,6263.8000,0.0000,0.0000,Pass
D86-11,2444,239,142.9410,5.5107,83.0036,99.6311,5411.0800,0.0000,0.0000,Pass
D86-11,2444,240,143.1060,5.5115,82.7963,99.7468,5384.0800,0.0000,0.0000,Pass
D86-11,2444,241,143.2710,5.5122,83.0899,99.4343,5422.3300,0.0000,0.0000,Pass
D86-11,2444,242,143.4360,5.5127,83.2277,99.3884,5440.3300,0.0000,0.0000,Pass
D86-11,2444,243,143.6000,5.5136,82.7790,98.5132,5381.8300,0.0000,0.0000,Pass
D86-11,2444,244,143.7660,5.5143,82.7963,99.9722,5384.0800,0.0000,0.0000,Pass
D86-11,2444,245,144.0950,5.5163,81.9617,97.2503,5276.0900,0.0000,0.0000,Pass
D86-11,2444,246,144.4250,5.5181,83.3652,98.9632,5458.3300,0.0000,0.0000,Pass
D86-11,2444,247,144.5910,5.5187,83.4339,99.8392,5467.3300,0.0000,0.0000,Pass
D86-11,2444,248,144.7550,5.5192,84.0156,98.8962,5543.8300,0.0000,0.0000,Pass
D86-11,2444,249,144.9210,5.5199,84.9481,99.7968,5667.5700,0.0000,0.0000,Pass
D86-11,2444,250,145.0860,5.5198,86.3694,97.3515,5858.8200,0.0000,0.0000,Pass
D86-11,2444,251,143.9310,5.5146,82.7271,99.8247,5375.0800,0.0000,0.0000,Pass
D86-11,2444,252,141.9790,5.3581,81.5236,98.5140,5219.8400,0.0000,0.0000,Pass
D86-11,2444,253,142.1290,5.3588,81.6465,99.4096,5235.5900,0.0000,0.0000,Pass
D86-11,2444,254,142.2790,5.3594,81.6641,98.8408,5237.8400,0.0000,0.0000,Pass
D86-11,2444,255,142.4290,5.3598,82.2931,98.9548,5318.8300,0.0000,0.0000,Pass
D86-11,2444,256,142.5800,5.3604,81.6641,99.6707,5237.8400,0.0000,0.0000,Pass
D86-11,2444,257,145.4360,5.3736,89.8165,99.3036,6335.8000,0.0000,0.0000,Pass
D86-11,2444,258,145.5870,5.3731,90.3570,98.3686,6412.3000,0.0000,0.0000,Pass
D86-11,2444,259,145.8880,5.3740,94.3279,98.8027,6988.2800,0.0000,0.0000,Pass
D86-11,2444,260,145.7370,5.3732,91.9753,98.7222,6644.0400,0.0000,0.0000,Pass
D86-11,2444,261,146.0390,5.3745,96.5639,97.3929,7323.5200,0.0000,0.0000,Pass
D86-11,2444,262,142.9420,5.3459,83.0036,99.5888,5411.0800,0.0000,0.0000,Pass
D86-11,2444,263,143.2710,5.3466,82.8482,99.4599,5390.8300,0.0000,0.0000,Pass
D86-11,2444,264,143.4370,5.3474,82.9000,99.6891,5397.5800,0.0000,0.0000,Pass
D86-11,2444,265,143.6020,5.3479,82.6231,98.9151,5361.5800,0.0000,0.0000,Pass
D86-11,2444,266,143.7660,5.3488,82.7963,99.6402,5384.0800,0.0000,0.0000,Pass
D86-11,2444,267,143.9310,5.3495,82.9691,99.2335,5406.5800,0.0000,0.0000,Pass
D86-11,2444,268,144.0960,5.3507,82.6578,97.8229,5366.0800,0.0000,0.0000,Pass
D86-11,2444,269,144.4260,5.3523,84.5086,96.7502,5609.0800,0.0000,0.0000,Pass
D86-11,2444,270,144.5910,5.3527,86.5020,98.4472,5876.8200,0.0000,0.0000,Pass
D86-11,2444,271,144.7560,5.3545,87.9145,99.6512,6070.3100,0.0000,0.0000,Pass
D86-11,2444,272,144.9210,5.3552,88.7899,99.6233,6191.8100,0.0000,0.0000,Pass
D86-11,2444,273,143.1070,5.3463,82.9691,99.2161,5406.5800,0.0000,0.0000,Pass
D86-11,2444,274,144.2610,5.3522,83.2793,98.3499,5447.0800,0.0000,0.0000,Pass
D86-11,2444,275,145.0870,5.3560,88.7899,98.2555,6191.8100,0.0000,0.0000,Pass
D86-11,2444,276,142.1300,5.2089,81.6816,98.6124,5240.0900,0.0000,0.0000,Pass
D86-11,2444,277,142.2800,5.2092,81.7167,99.6968,5244.5900,0.0000,0.0000,Pass
D86-11,2444,278,141.9800,5.2084,82.0316,98.5368,5285.0800,0.0000,0.0000,Pass
D86-11,2444,279,142.4300,5.2096,81.6641,99.2611,5237.8400,0.0000,0.0000,Pass
D86-11,2444,280,142.5800,5.2104,81.7342,98.7543,5246.8400,0.0000,0.0000,Pass
D86-11,2444,281,145.4370,5.2213,96.6974,98.8663,7343.7700,0.0000,0.0000,Pass
D86-11,2444,282,145.5870,5.2232,98.8364,96.0547,7672.2600,0.0000,0.0000,Pass
D86-11,2444,283,145.7370,5.2251,98.5752,98.3765,7631.7600,0.0000,0.0000,Pass
D86-11,2444,284,145.8880,5.2257,96.2222,99.0721,7271.7700,0.0000,0.0000,Pass
D86-11,2444,285,146.0390,5.2261,94.5403,99.1361,7019.7800,0.0000,0.0000,Pass
D86-11,2444,286,143.4370,5.1834,82.7271,98.7288,5375.0800,0.0000,0.0000,Pass
D86-11,2444,287,144.0970,5.1855,83.0554,97.0581,5417.8300,0.0000,0.0000,Pass
D86-11,2444,288,144.4260,5.1886,86.1536,98.4600,5829.5700,0.0000,0.0000,Pass
D86-11,2444,289,142.9430,5.1815,82.8827,98.5985,5395.3300,0.0000,0.0000,Pass
D86-11,2444,290,143.1070,5.1820,82.9000,98.2321,5397.5800,0.0000,0.0000,Pass
D86-11,2444,291,143.2720,5.1827,82.9000,98.9537,5397.5800,0.0000,0.0000,Pass
D86-11,2444,292,143.6020,5.1839,82.9000,98.6831,5397.5800,0.0000,0.0000,Pass
D86-11,2444,293,143.7670,5.1844,82.7098,99.0169,5372.8300,0.0000,0.0000,Pass
D86-11,2444,294,143.9320,5.1854,82.4669,98.8558,5341.3300,0.0000,0.0000,Pass
D86-11,2444,295,144.2610,5.1878,85.7536,98.7581,5775.5700,0.0000,0.0000,Pass
D86-11,2444,296,144.5910,5.1890,86.0537,97.6566,5816.0700,0.0000,0.0000,Pass
D86-11,2444,297,144.7570,5.1896,86.6013,99.3753,5890.3200,0.0000,0.0000,Pass
D86-11,2444,298,144.9220,5.1893,87.7841,98.8309,6052.3100,0.0000,0.0000,Pass
D86-11,2444,299,145.0870,5.1898,90.1348,97.0498,6380.8000,0.0000,0.0000,Pass
D86-11,2444,300,141.9800,5.0587,81.8043,99.1743,5255.8400,0.0000,0.0000,Pass
D86-11,2444,301,142.1300,5.0593,81.6465,99.3892,5235.5900,0.0000,0.0000,Pass
D86-11,2444,302,142.2810,5.0601,81.5588,98.6282,5224.3400,0.0000,0.0000,Pass
D86-11,2444,303,142.4310,5.0605,81.6290,99.6820,5233.3400,0.0000,0.0000,Pass
D86-11,2444,304,142.5810,5.0611,82.1014,99.8553,5294.0800,0.0000,0.0000,Pass
D86-11,2444,305,145.4370,5.0746,94.4342,99.1503,7004.0300,0.0000,0.0000,Pass
D86-11,2444,306,145.5880,5.0755,92.7816,99.7635,6761.0400,0.0000,0.0000,Pass
D86-11,2444,307,145.7380,5.0764,91.2561,98.6752,6540.5500,0.0000,0.0000,Pass
D86-11,2444,308,145.8890,5.0767,90.1984,99.1293,6389.8000,0.0000,0.0000,Pass
D86-11,2444,309,146.0390,5.0770,88.8706,98.4025,6203.0600,0.0000,0.0000,Pass
D86-11,2444,310,142.9430,5.0166,82.9691,98.8718,5406.5800,0.0000,0.0000,Pass
D86-11,2444,311,143.1080,5.0176,83.2621,99.0049,5444.8300,0.0000,0.0000,Pass
D86-11,2444,312,143.2720,5.0173,83.7937,99.0070,5514.5800,0.0000,0.0000,Pass
D86-11,2444,313,143.4380,5.0185,83.5712,98.6139,5485.3300,0.0000,0.0000,Pass
D86-11,2444,314,143.6030,5.0188,83.5197,99.2769,5478.5800,0.0000,0.0000,Pass
D86-11,2444,315,143.7680,5.0190,85.3686,99.8291,5723.8200,0.0000,0.0000,Pass
D86-11,2444,316,144.0970,5.0217,86.5186,97.5051,5879.0700,0.0000,0.0000,Pass
D86-11,2444,317,144.2620,5.0227,87.3260,97.8526,5989.3100,0.0000,0.0000,Pass
D86-11,2444,318,144.4270,5.0225,89.5769,98.9231,6302.0500,0.0000,0.0000,Pass
D86-11,2444,319,144.5930,5.0227,93.1360,97.2350,6812.7900,0.0000,0.0000,Pass
D86-11,2444,320,144.7580,5.0240,97.2733,96.9713,7431.5200,0.0000,0.0000,Pass
D86-11,2444,321,144.9220,5.0261,98.0068,97.3496,7544.0100,0.0000,0.0000,Pass
D86-11,2444,322,145.0870,5.0275,96.6677,99.3680,7339.2700,0.0000,0.0000,Pass
D86-11,2444,323,143.9330,5.0206,87.2439,99.6777,5978.0600,0.0000,0.0000,Pass
D86-11,2444,324,141.9810,4.9084,82.0665,98.9442,5289.5800,0.0000,0.0000,Pass
D86-11,2444,325,142.1310,4.9088,81.7692,99.6127,5251.3400,0.0000,0.0000,Pass
D86-11,2444,326,142.2810,4.9095,81.7342,99.6161,5246.8400,0.0000,0.0000,Pass
D86-11,2444,327,142.4310,4.9100,81.9093,99.0027,5269.3400,0.0000,0.0000,Pass
D86-11,2444,328,142.5810,4.9108,82.4669,99.6027,5341.3300,0.0000,0.0000,Pass
D86-11,2444,329,145.4370,4.9238,88.5638,99.4413,6160.3100,0.0000,0.0000,Pass
D86-11,2444,330,145.7390,4.9245,84.9987,98.5870,5674.3200,0.0000,0.0000,Pass
D86-11,2444,331,145.8900,4.9253,84.4238,99.0402,5597.8300,0.0000,0.0000,Pass
D86-11,2444,332,146.0400,4.9256,84.5424,99.2992,5613.5700,0.0000,0.0000,Pass
D86-11,2444,333,145.5880,4.9246,86.4026,99.5159,5863.3200,0.0000,0.0000,Pass
D86-11,2444,334,142.9440,4.8517,83.9303,99.1398,5532.5800,0.0000,0.0000,Pass
D86-11,2444,335,143.1090,4.8522,83.6739,99.2341,5498.8300,0.0000,0.0000,Pass
D86-11,2444,336,143.2740,4.8532,83.9303,99.7312,5532.5800,0.0000,0.0000,Pass
D86-11,2444,337,143.4390,4.8531,84.8469,97.3805,5654.0700,0.0000,0.0000,Pass
D86-11,2444,338,143.6030,4.8542,87.5390,99.5486,6018.5600,0.0000,0.0000,Pass
D86-11,2444,339,144.0990,4.8553,91.9909,97.8634,6646.2900,0.0000,0.0000,Pass
D86-11,2444,340,144.2630,4.8569,96.6974,97.8843,7343.7700,0.0000,0.0000,Pass
D86-11,2444,341,144.4270,4.8594,96.6233,99.7437,7332.5200,0.0000,0.0000,Pass
D86-11,2444,342,144.5930,4.8605,94.3735,99.8539,6995.0300,0.0000,0.0000,Pass
D86-11,2444,343,144.7580,4.8613,92.5807,99.7393,6731.7900,0.0000,0.0000,Pass
D86-11,2444,344,144.9230,4.8619,91.4286,99.6252,6565.2900,0.0000,0.0000,Pass
D86-11,2444,345,143.7680,4.8549,87.4899,99.7885,6011.8100,0.0000,0.0000,Pass
D86-11,2444,346,143.9340,4.8548,88.0447,97.8934,6088.3100,0.0000,0.0000,Pass
D86-11,2444,347,145.0880,4.8625,89.7207,99.1799,6322.3000,0.0000,0.0000,Pass
D86-11,2444,348,142.4320,4.7599,81.6641,99.7587,5237.8400,0.0000,0.0000,Pass
D86-11,2444,349,141.9820,4.7580,82.2408,99.4099,5312.0800,0.0000,0.0000,Pass
D86-11,2444,350,142.1320,4.7585,81.7167,99.4445,5244.5900,0.0000,0.0000,Pass
D86-11,2444,351,142.2820,4.7593,81.2068,98.7386,5179.3400,0.0000,0.0000,Pass
D86-11,2444,352,142.5820,4.7601,82.0839,99.5316,5291.8300,0.0000,0.0000,Pass
D86-11,2444,353,145.4380,4.7734,85.6199,99.0378,5757.5700,0.0000,0.0000,Pass
D86-11,2444,354,145.5890,4.7737,85.1838,99.2939,5699.0700,0.0000,0.0000,Pass
D86-11,2444,355,145.7400,4.7739,84.7962,99.3847,5647.3200,0.0000,0.0000,Pass
D86-11,2444,356,146.0410,4.7753,84.7793,98.4171,5645.0700,0.0000,0.0000,Pass
D86-11,2444,357,145.8900,4.7746,84.7962,99.0157,5647.3200,0.0000,0.0000,Pass
D86-11,2444,358,142.1320,4.6083,81.8043,97.7376,5255.8400,0.0000,0.0000,Pass
D86-11,2444,359,141.9820,4.6076,82.3801,99.3183,5330.0800,0.0000,0.0000,Pass
D86-11,2444,360,142.2830,4.6090,81.6992,99.7319,5242.3400,0.0000,0.0000,Pass
D86-11,2444,361,142.4320,4.6095,82.1363,99.3597,5298.5800,0.0000,0.0000,Pass
D86-11,2444,362,142.5820,4.6100,82.4843,99.5858,5343.5800,0.0000,0.0000,Pass
D86-11,2444,363,145.4390,4.6220,84.3898,99.4445,5593.3300,0.0000,0.0000,Pass
D86-11,2444,364,145.5900,4.6228,84.8300,98.9180,5651.8200,0.0000,0.0000,Pass
D86-11,2444,365,145.7400,4.6233,84.8637,98.8927,5656.3200,0.0000,0.0000,Pass
D86-11,2444,366,145.8910,4.6237,85.6032,99.5966,5755.3200,0.0000,0.0000,Pass
D86-11,2444,367,146.0410,4.6245,86.0704,98.8341,5818.3200,0.0000,0.0000,Pass
D86-11,2444,368,141.9830,4.4574,82.0316,98.8237,5285.0800,0.0000,0.0000,Pass
D86-11,2444,369,142.4330,4.4588,81.8743,99.1907,5264.8400,0.0000,0.0000,Pass
D86-11,2444,370,142.7340,4.4598,82.7790,99.4474,5381.8300,0.0000,0.0000,Pass
D86-11,2444,371,143.7850,4.4653,95.5350,99.2212,7168.2800,0.0000,0.0000,Pass
D86-11,2444,372,144.0850,4.4666,88.4667,98.5603,6146.8100,0.0000,0.0000,Pass
D86-11,2444,373,144.2350,4.4676,85.4692,98.9367,5737.3200,0.0000,0.0000,Pass
D86-11,2444,374,144.6870,4.4693,83.5026,98.2103,5476.3300,0.0000,0.0000,Pass
D86-11,2444,375,142.1330,4.4574,81.6641,99.1768,5237.8400,0.0000,0.0000,Pass
D86-11,2444,376,142.2830,4.4587,81.6465,99.3547,5235.5900,0.0000,0.0000,Pass
D86-11,2444,377,142.5830,4.4598,82.3627,98.1361,5327.8300,0.0000,0.0000,Pass
D86-11,2444,378,142.8840,4.4607,83.4683,99.0319,5471.8300,0.0000,0.0000,Pass
D86-11,2444,379,143.0350,4.4605,86.8325,96.4196,5921.8200,0.0000,0.0000,Pass
D86-11,2444,380,143.1840,4.4619,87.8656,99.8317,6063.5600,0.0000,0.0000,Pass
D86-11,2444,381,143.3340,4.4626,87.5062,98.9772,6014.0600,0.0000,0.0000,Pass
D86-11,2444,382,143.4870,4.4593,98.1675,96.1221,7568.7600,0.0000,0.0000,Pass
D86-11,2444,383,143.6340,4.4646,100.0030,99.1619,7854.5100,0.0000,0.0000,Pass
D86-11,2444,384,143.9350,4.4661,92.6271,99.4308,6738.5400,0.0000,0.0000,Pass
D86-11,2444,385,144.3860,4.4681,83.9985,99.0248,5541.5800,0.0000,0.0000,Pass
D86-11,2444,386,144.5360,4.4687,83.1588,99.7410,5431.3300,0.0000,0.0000,Pass
D86-11,2444,387,144.8380,4.4699,84.3049,99.1803,5582.0800,0.0000,0.0000,Pass
D86-11,2444,388,144.9880,4.4706,84.5086,98.5611,5609.0800,0.0000,0.0000,Pass
D86-11,2444,389,145.1380,4.4713,84.3389,99.1557,5586.5800,0.0000,0.0000,Pass
D86-11,2444,390,145.2890,4.4719,84.5763,97.5422,5618.0700,0.0000,0.0000,Pass
D86-11,2444,391,145.4390,4.4724,84.9818,99.7469,5672.0700,0.0000,0.0000,Pass
D86-11,2444,392,145.7410,4.4737,85.5697,98.4486,5750.8200,0.0000,0.0000,Pass
D86-11,2444,393,145.8920,4.4740,86.2865,98.4822,5847.5700,0.0000,0.0000,Pass
D86-11,2444,394,145.5900,4.4732,85.0155,98.5563,5676.5700,0.0000,0.0000,Pass
D86-11,2444,395,146.0420,4.4746,86.8325,98.9888,5921.8200,0.0000,0.0000,Pass
D86-11,2444,396,141.9840,4.3070,82.2234,99.8177,5309.8300,0.0000,0.0000,Pass
D86-11,2444,397,142.8850,4.3103,86.4689,99.1558,5872.3200,0.0000,0.0000,Pass
D86-11,2444,398,144.5370,4.3178,83.8279,98.6460,5519.0800,0.0000,0.0000,Pass
D86-11,2444,399,142.1340,4.3074,82.0490,98.0587,5287.3400,0.0000,0.0000,Pass
D86-11,2444,400,142.2840,4.3077,82.2234,97.7689,5309.8300,0.0000,0.0000,Pass
D86-11,2444,401,142.4340,4.3084,82.0839,98.8984,5291.8300,0.0000,0.0000,Pass
D86-11,2444,402,142.5840,4.3092,81.8918,99.6025,5267.0900,0.0000,0.0000,Pass
D86-11,2444,403,142.7340,4.3098,82.4669,99.5741,5341.3300,0.0000,0.0000,Pass
D86-11,2444,404,143.0350,4.3107,87.1618,99.0371,5966.8100,0.0000,0.0000,Pass
D86-11,2444,405,143.1850,4.3113,86.9479,99.5607,5937.5600,0.0000,0.0000,Pass
D86-11,2444,406,143.3360,4.3066,101.9190,80.4944,8158.2500,0.0000,0.0000,Pass
D86-11,2444,407,143.4840,4.3140,100.9870,99.3300,8009.7500,0.0000,0.0000,Pass
D86-11,2444,408,143.6350,4.3138,95.1895,99.5126,7116.5300,0.0000,0.0000,Pass
D86-11,2444,409,143.7850,4.3146,89.6568,99.6682,6313.3000,0.0000,0.0000,Pass
D86-11,2444,410,143.9360,4.3147,85.3686,99.6379,5723.8200,0.0000,0.0000,Pass
D86-11,2444,411,144.0860,4.3154,82.3974,97.8029,5332.3300,0.0000,0.0000,Pass
D86-11,2444,412,144.2360,4.3171,83.2105,98.8665,5438.0800,0.0000,0.0000,Pass
D86-11,2444,413,144.3870,4.3170,83.4339,99.0672,5467.3300,0.0000,0.0000,Pass
D86-11,2444,414,144.6880,4.3176,85.3015,98.5440,5714.8200,0.0000,0.0000,Pass
D86-11,2444,415,144.8380,4.3189,85.9038,98.5986,5795.8200,0.0000,0.0000,Pass
D86-11,2444,416,144.9890,4.3193,86.8985,99.2549,5930.8100,0.0000,0.0000,Pass
D86-11,2444,417,145.1390,4.3206,88.2884,98.8210,6122.0600,0.0000,0.0000,Pass
D86-11,2444,418,145.4400,4.3209,87.8167,99.3384,6056.8100,0.0000,0.0000,Pass
D86-11,2444,419,145.2890,4.3200,88.4343,99.1722,6142.3100,0.0000,0.0000,Pass
D86-11,2444,420,145.5910,4.3219,88.4991,99.1600,6151.3100,0.0000,0.0000,Pass
D86-11,2444,421,145.7410,4.3223,87.7841,98.6849,6052.3100,0.0000,0.0000,Pass
D86-11,2444,422,145.8920,4.3228,87.5880,98.9790,6025.3100,0.0000,0.0000,Pass
D86-11,2444,423,146.0430,4.3234,88.5153,97.9570,6153.5600,0.0000,0.0000,Pass
D86-11,2444,424,144.0870,4.1648,82.8309,98.5494,5388.5800,0.0000,0.0000,Pass
D86-11,2444,425,141.9840,4.1572,82.3974,98.0159,5332.3300,0.0000,0.0000,Pass
D86-11,2444,426,142.5850,4.1590,82.2583,97.6340,5314.3300,0.0000,0.0000,Pass
D86-11,2444,427,142.8850,4.1602,86.7005,99.7205,5903.8200,0.0000,0.0000,Pass
D86-11,2444,428,143.4850,4.1634,95.6399,99.5508,7184.0300,0.0000,0.0000,Pass
D86-11,2444,429,143.7860,4.1642,85.0324,99.2309,5678.8200,0.0000,0.0000,Pass
D86-11,2444,430,144.2370,4.1661,83.6739,98.5380,5498.8300,0.0000,0.0000,Pass
D86-11,2444,431,144.3880,4.1666,84.9987,99.1370,5674.3200,0.0000,0.0000,Pass
D86-11,2444,432,144.5380,4.1677,87.3424,98.4999,5991.5600,0.0000,0.0000,Pass
D86-11,2444,433,144.6880,4.1680,87.8330,98.6867,6059.0600,0.0000,0.0000,Pass
D86-11,2444,434,144.8380,4.1694,87.5226,99.7606,6016.3100,0.0000,0.0000,Pass
D86-11,2444,435,145.1400,4.1703,87.1618,99.2479,5966.8100,0.0000,0.0000,Pass
D86-11,2444,436,142.4340,4.1585,82.1711,98.0549,5303.0800,0.0000,0.0000,Pass
D86-11,2444,437,142.7350,4.1595,85.4860,98.3452,5739.5700,0.0000,0.0000,Pass
D86-11,2444,438,143.0350,4.1605,86.3197,99.5887,5852.0700,0.0000,0.0000,Pass
D86-11,2444,439,143.1900,4.1605,102.2550,78.9238,8212.2400,0.0000,0.0000,Pass
D86-11,2444,440,143.3340,4.1632,102.8560,99.1860,8308.9900,0.0000,0.0000,Pass
D86-11,2444,441,143.6350,4.1636,89.7207,98.7293,6322.3000,0.0000,0.0000,Pass
D86-11,2444,442,143.9370,4.1640,83.2277,99.3128,5440.3300,0.0000,0.0000,Pass
D86-11,2444,443,144.9890,4.1697,87.1947,99.0259,5971.3100,0.0000,0.0000,Pass
D86-11,2444,444,145.2900,4.1708,87.2604,99.3630,5980.3100,0.0000,0.0000,Pass
D86-11,2444,445,145.4410,4.1714,87.2111,99.2936,5973.5600,0.0000,0.0000,Pass
D86-11,2444,446,145.7420,4.1725,88.3695,99.3222,6133.3100,0.0000,0.0000,Pass
D86-11,2444,447,145.8930,4.1731,89.1441,98.4429,6241.3100,0.0000,0.0000,Pass
D86-11,2444,448,146.0440,4.1735,90.6577,98.6724,6455.0500,0.0000,0.0000,Pass
D86-11,2444,449,145.5920,4.1720,87.6371,99.1584,6032.0600,0.0000,0.0000,Pass
D86-11,2444,450,141.9850,4.0064,82.7271,98.8324,5375.0800,0.0000,0.0000,Pass
D86-11,2444,451,142.8860,4.0100,86.0704,98.7625,5818.3200,0.0000,0.0000,Pass
D86-11,2444,452,144.3880,4.0168,88.8544,99.6633,6200.8100,0.0000,0.0000,Pass
D86-11,2444,453,142.1350,4.0068,83.0726,98.7786,5420.0800,0.0000,0.0000,Pass
D86-11,2444,454,142.2850,4.0071,82.5364,98.2567,5350.3300,0.0000,0.0000,Pass
D86-11,2444,455,142.4350,4.0080,82.4496,99.5948,5339.0800,0.0000,0.0000,Pass
D86-11,2444,456,142.5860,4.0081,85.2343,97.7883,5705.8200,0.0000,0.0000,Pass
D86-11,2444,457,142.7360,4.0093,86.1203,99.0661,5825.0700,0.0000,0.0000,Pass
D86-11,2444,458,143.0430,4.0103,100.1180,77.2623,7872.5000,0.0000,0.0000,Pass
D86-11,2444,459,143.1850,4.0115,102.0870,99.1221,8185.2500,0.0000,0.0000,Pass
D86-11,2444,460,143.3360,4.0126,95.2046,99.2788,7118.7800,0.0000,0.0000,Pass
D86-11,2444,461,143.4860,4.0131,89.5929,99.7393,6304.3000,0.0000,0.0000,Pass
D86-11,2444,462,143.6360,4.0131,85.2511,99.1737,5708.0700,0.0000,0.0000,Pass
D86-11,2444,463,143.7870,4.0129,83.0381,99.2926,5415.5800,0.0000,0.0000,Pass
D86-11,2444,464,143.9380,4.0132,83.3996,99.1871,5462.8300,0.0000,0.0000,Pass
D86-11,2444,465,144.0880,4.0141,84.1348,97.9758,5559.5800,0.0000,0.0000,Pass
D86-11,2444,466,144.2380,4.0153,87.4735,99.1708,6009.5600,0.0000,0.0000,Pass
D86-11,2444,467,144.5380,4.0173,88.2884,99.4737,6122.0600,0.0000,0.0000,Pass
D86-11,2444,468,144.6890,4.0179,88.2073,99.5734,6110.8100,0.0000,0.0000,Pass
D86-11,2444,469,144.8390,4.0191,86.8820,99.0598,5928.5700,0.0000,0.0000,Pass
D86-11,2444,470,144.9900,4.0192,86.5351,98.9182,5881.3200,0.0000,0.0000,Pass
D86-11,2444,471,145.1400,4.0196,86.3031,99.3578,5849.8200,0.0000,0.0000,Pass
D86-11,2444,472,145.5920,4.0214,86.9973,98.7225,5944.3100,0.0000,0.0000,Pass
D86-11,2444,473,145.7430,4.0222,87.8982,98.7154,6068.0600,0.0000,0.0000,Pass
D86-11,2444,474,145.2910,4.0203,86.1369,99.2243,5827.3200,0.0000,0.0000,Pass
D86-11,2444,475,145.4410,4.0208,86.3197,98.6857,5852.0700,0.0000,0.0000,Pass
D86-11,2444,476,145.8940,4.0225,89.3688,98.7057,6272.8000,0.0000,0.0000,Pass
D86-11,2444,477,146.0440,4.0237,90.3887,98.3990,6416.8000,0.0000,0.0000,Pass
D86-11,2444,478,142.1360,3.8562,82.8136,99.2145,5386.3300,0.0000,0.0000,Pass
D86-11,2444,479,142.2850,3.8565,82.6058,99.1860,5359.3300,0.0000,0.0000,Pass
D86-11,2444,480,142.4370,3.8568,84.7624,98.1423,5642.8200,0.0000,0.0000,Pass
D86-11,2444,481,142.5860,3.8581,86.3860,99.0619,5861.0700,0.0000,0.0000,Pass
D86-11,2444,482,142.7360,3.8590,86.2366,99.4296,5840.8200,0.0000,0.0000,Pass
D86-11,2444,483,142.8890,3.8577,89.7207,95.4694,6322.3000,0.0000,0.0000,Pass
D86-11,2444,484,143.1860,3.8619,96.9193,99.2467,7377.5200,0.0000,0.0000,Pass
D86-11,2444,485,143.7880,3.8626,84.1859,98.2528,5566.3300,0.0000,0.0000,Pass
D86-11,2444,486,143.9390,3.8628,85.9372,98.7804,5800.3200,0.0000,0.0000,Pass
D86-11,2444,487,144.0890,3.8640,88.4505,97.0336,6144.5600,0.0000,0.0000,Pass
D86-11,2444,488,144.2380,3.8661,88.3857,99.3930,6135.5600,0.0000,0.0000,Pass
D86-11,2444,489,144.3890,3.8663,88.1910,99.3181,6108.5600,0.0000,0.0000,Pass
D86-11,2444,490,144.5390,3.8667,87.2932,98.9625,5984.8100,0.0000,0.0000,Pass
D86-11,2444,491,144.8400,3.8676,88.0447,99.0510,6088.3100,0.0000,0.0000,Pass
D86-11,2444,492,144.9910,3.8682,87.3916,99.1933,5998.3100,0.0000,0.0000,Pass
D86-11,2444,493,145.1410,3.8687,87.1947,98.9607,5971.3100,0.0000,0.0000,Pass
D86-11,2444,494,143.0360,3.8611,100.4610,98.1533,7926.5000,0.0000,0.0000,Pass
D86-11,2444,495,143.3360,3.8620,90.0712,99.8661,6371.8000,0.0000,0.0000,Pass
D86-11,2444,496,143.4870,3.8622,85.2175,99.6389,5703.5700,0.0000,0.0000,Pass
D86-11,2444,497,143.6370,3.8619,83.0036,98.6170,5411.0800,0.0000,0.0000,Pass
D86-11,2444,498,144.6900,3.8675,87.6861,99.4693,6038.8100,0.0000,0.0000,Pass
D86-11,2444,499,145.2920,3.8694,87.0303,99.3288,5948.8100,0.0000,0.0000,Pass
D86-11,2444,500,145.4420,3.8700,87.1125,99.1420,5960.0600,0.0000,0.0000,Pass
D86-11,2444,501,145.5930,3.8707,87.6861,98.9457,6038.8100,0.0000,0.0000,Pass
D86-11,2444,502,145.7430,3.8715,88.1586,98.4015,6104.0600,0.0000,0.0000,Pass
D86-11,2444,503,145.8940,3.8724,89.1441,98.7779,6241.3100,0.0000,0.0000,Pass
D86-11,2479,1,-15.9151,7.0758,83.0209,95.4882,5413.3300,0.0000,0.0000,Pass
D86-11,2479,2,-15.6143,7.0771,83.3996,98.6114,5462.8300,0.0000,0.0000,Pass
D86-11,2479,3,-14.5611,7.0804,83.0726,98.6421,5420.0800,0.0000,0.0000,Pass
D86-11,2479,4,-17.8686,7.0673,82.9173,96.3417,5399.8300,0.0000,0.0000,Pass
D86-11,2479,5,-17.7180,7.0678,83.8791,98.7632,5525.8300,0.0000,0.0000,Pass
D86-11,2479,6,-17.5688,7.0680,83.5369,98.2785,5480.8300,0.0000,0.0000,Pass
D86-11,2479,7,-17.4183,7.0687,83.2965,98.8673,5449.3300,0.0000,0.0000,Pass
D86-11,2479,8,-17.2679,7.0689,83.3309,97.7390,5453.8300,0.0000,0.0000,Pass
D86-11,2479,9,-17.1176,7.0700,83.2621,99.4709,5444.8300,0.0000,0.0000,Pass
D86-11,2479,10,-16.9672,7.0700,82.6405,99.6217,5363.8300,0.0000,0.0000,Pass
D86-11,2479,11,-16.8170,7.0711,83.3137,99.4412,5451.5800,0.0000,0.0000,Pass
D86-11,2479,12,-16.6664,7.0712,83.5197,99.3029,5478.5800,0.0000,0.0000,Pass
D86-11,2479,13,-16.5166,7.0723,82.8827,98.1234,5395.3300,0.0000,0.0000,Pass
D86-11,2479,14,-16.3659,7.0724,83.0381,98.4379,5415.5800,0.0000,0.0000,Pass
D86-11,2479,15,-16.2155,7.0731,83.1243,99.2477,5426.8300,0.0000,0.0000,Pass
D86-11,2479,16,-16.0657,7.0737,82.9173,98.9893,5399.8300,0.0000,0.0000,Pass
D86-11,2479,17,-15.7648,7.0765,83.5026,98.7991,5476.3300,0.0000,0.0000,Pass
D86-11,2479,18,-15.4636,7.0770,82.9691,98.7442,5406.5800,0.0000,0.0000,Pass
D86-11,2479,19,-15.3133,7.0775,83.4683,99.3442,5471.8300,0.0000,0.0000,Pass
D86-11,2479,20,-15.1636,7.0786,82.9691,99.4222,5406.5800,0.0000,0.0000,Pass
D86-11,2479,21,-15.0128,7.0793,83.3652,98.1311,5458.3300,0.0000,0.0000,Pass
D86-11,2479,22,-14.8621,7.0798,83.4168,98.4969,5465.0800,0.0000,0.0000,Pass
D86-11,2479,23,-14.7115,7.0798,83.8791,99.7126,5525.8300,0.0000,0.0000,Pass
D86-11,2479,24,-14.4109,7.0815,83.4339,99.0154,5467.3300,0.0000,0.0000,Pass
D86-11,2479,25,-14.2599,7.0822,84.0156,98.2800,5543.8300,0.0000,0.0000,Pass
D86-11,2479,26,-14.1101,7.0829,84.1689,99.3916,5564.0800,0.0000,0.0000,Pass
D86-11,2479,27,-18.0184,6.9160,83.5197,98.8812,5478.5800,0.0000,0.0000,Pass
D86-11,2479,28,-17.8678,6.9166,83.0554,99.4161,5417.8300,0.0000,0.0000,Pass
D86-11,2479,29,-17.7182,6.9165,83.1932,99.2250,5435.8300,0.0000,0.0000,Pass
D86-11,2479,30,-17.5680,6.9173,83.1071,98.6548,5424.5800,0.0000,0.0000,Pass
D86-11,2479,31,-17.1167,6.9195,82.9864,99.1578,5408.8300,0.0000,0.0000,Pass
D86-11,2479,32,-16.3652,6.9225,82.9000,98.7933,5397.5800,0.0000,0.0000,Pass
D86-11,2479,33,-15.9144,6.9249,82.7271,97.4461,5375.0800,0.0000,0.0000,Pass
D86-11,2479,34,-15.6140,6.9264,83.4854,98.7622,5474.0800,0.0000,0.0000,Pass
D86-11,2479,35,-15.4635,6.9268,83.1071,98.7223,5424.5800,0.0000,0.0000,Pass
D86-11,2479,36,-15.3134,6.9278,82.9000,97.4931,5397.5800,0.0000,0.0000,Pass
D86-11,2479,37,-14.8616,6.9290,83.0899,99.2779,5422.3300,0.0000,0.0000,Pass
D86-11,2479,38,-14.7110,6.9303,83.6054,99.3717,5489.8300,0.0000,0.0000,Pass
D86-11,2479,39,-14.1090,6.9325,83.4511,97.5782,5469.5800,0.0000,0.0000,Pass
D86-11,2479,40,-17.4175,6.9180,83.2621,99.0273,5444.8300,0.0000,0.0000,Pass
D86-11,2479,41,-17.2672,6.9191,82.6924,99.3400,5370.5800,0.0000,0.0000,Pass
D86-11,2479,42,-16.9665,6.9197,82.5364,97.6280,5350.3300,0.0000,0.0000,Pass
D86-11,2479,43,-16.8162,6.9207,82.7790,98.4620,5381.8300,0.0000,0.0000,Pass
D86-11,2479,44,-16.6660,6.9208,82.4843,99.2623,5343.5800,0.0000,0.0000,Pass
D86-11,2479,45,-16.5157,6.9213,82.8309,99.5495,5388.5800,0.0000,0.0000,Pass
D86-11,2479,46,-16.2148,6.9225,82.7271,98.3027,5375.0800,0.0000,0.0000,Pass
D86-11,2479,47,-16.0644,6.9230,83.0899,99.2602,5422.3300,0.0000,0.0000,Pass
D86-11,2479,48,-15.7642,6.9258,83.4339,99.4345,5467.3300,0.0000,0.0000,Pass
D86-11,2479,49,-15.1625,6.9285,83.1416,99.7690,5429.0800,0.0000,0.0000,Pass
D86-11,2479,50,-15.0119,6.9285,83.1760,99.8630,5433.5800,0.0000,0.0000,Pass
D86-11,2479,51,-14.5609,6.9311,82.0490,98.9114,5287.3400,0.0000,0.0000,Pass
D86-11,2479,52,-14.4102,6.9311,83.1760,97.8990,5433.5800,0.0000,0.0000,Pass
D86-11,2479,53,-14.2595,6.9324,83.4339,98.9029,5467.3300,0.0000,0.0000,Pass
D86-11,2479,54,-13.9586,6.9336,84.2369,97.8891,5573.0800,0.0000,0.0000,Pass
D86-11,2479,55,-18.0173,6.7648,83.2621,97.6159,5444.8300,0.0000,0.0000,Pass
D86-11,2479,56,-17.8669,6.7664,82.6578,97.6961,5366.0800,0.0000,0.0000,Pass
D86-11,2479,57,-17.7175,6.7668,82.8309,98.4074,5388.5800,0.0000,0.0000,Pass
D86-11,2479,58,-17.5671,6.7668,82.4669,97.5491,5341.3300,0.0000,0.0000,Pass
D86-11,2479,59,-17.4170,6.7678,82.5537,98.2809,5352.5800,0.0000,0.0000,Pass
D86-11,2479,60,-17.2666,6.7688,82.8136,97.9281,5386.3300,0.0000,0.0000,Pass
D86-11,2479,61,-17.1162,6.7689,82.7790,98.9693,5381.8300,0.0000,0.0000,Pass
D86-11,2479,62,-16.8153,6.7703,82.9346,98.1805,5402.0800,0.0000,0.0000,Pass
D86-11,2479,63,-16.6656,6.7707,82.7444,97.7408,5377.3300,0.0000,0.0000,Pass
D86-11,2479,64,-16.5150,6.7711,83.1932,99.1688,5435.8300,0.0000,0.0000,Pass
D86-11,2479,65,-16.0641,6.7722,82.8309,98.2522,5388.5800,0.0000,0.0000,Pass
D86-11,2479,66,-15.9140,6.7746,82.9000,97.9711,5397.5800,0.0000,0.0000,Pass
D86-11,2479,67,-15.7640,6.7755,82.9346,99.5715,5402.0800,0.0000,0.0000,Pass
D86-11,2479,68,-15.6132,6.7756,82.9518,99.7217,5404.3300,0.0000,0.0000,Pass
D86-11,2479,69,-15.4629,6.7764,83.2621,98.4152,5444.8300,0.0000,0.0000,Pass
D86-11,2479,70,-15.3125,6.7771,83.1243,99.5498,5426.8300,0.0000,0.0000,Pass
D86-11,2479,71,-15.1622,6.7773,83.5026,99.2137,5476.3300,0.0000,0.0000,Pass
D86-11,2479,72,-14.7103,6.7793,83.0209,98.7619,5413.3300,0.0000,0.0000,Pass
D86-11,2479,73,-14.5597,6.7801,83.1760,98.4234,5433.5800,0.0000,0.0000,Pass
D86-11,2479,74,-14.4089,6.7805,82.8309,99.2952,5388.5800,0.0000,0.0000,Pass
D86-11,2479,75,-14.2592,6.7814,82.9691,97.3170,5406.5800,0.0000,0.0000,Pass
D86-11,2479,76,-14.1087,6.7820,83.3652,98.0482,5458.3300,0.0000,0.0000,Pass
D86-11,2479,77,-16.9662,6.7694,83.0381,98.5045,5415.5800,0.0000,0.0000,Pass
D86-11,2479,78,-16.3643,6.7713,82.7617,99.2196,5379.5800,0.0000,0.0000,Pass
D86-11,2479,79,-16.2145,6.7720,82.5364,99.2637,5350.3300,0.0000,0.0000,Pass
D86-11,2479,80,-15.0115,6.7777,83.3480,98.4670,5456.0800,0.0000,0.0000,Pass
D86-11,2479,81,-14.8611,6.7789,83.0381,98.5728,5415.5800,0.0000,0.0000,Pass
D86-11,2479,82,-13.9579,6.7822,84.2029,98.4829,5568.5800,0.0000,0.0000,Pass
D86-11,2479,83,-18.0169,6.6149,83.0209,99.0730,5413.3300,0.0000,0.0000,Pass
D86-11,2479,84,-17.7163,6.6164,82.4496,98.7061,5339.0800,0.0000,0.0000,Pass
D86-11,2479,85,-15.0112,6.6277,83.2793,98.3933,5447.0800,0.0000,0.0000,Pass
D86-11,2479,86,-14.1075,6.6318,83.0554,99.2790,5417.8300,0.0000,0.0000,Pass
D86-11,2479,87,-17.8662,6.6153,82.5711,98.2144,5354.8300,0.0000,0.0000,Pass
D86-11,2479,88,-17.5657,6.6161,82.6924,98.8292,5370.5800,0.0000,0.0000,Pass
D86-11,2479,89,-17.4160,6.6172,82.4496,98.8196,5339.0800,0.0000,0.0000,Pass
D86-11,2479,90,-17.2661,6.6179,82.6058,97.0928,5359.3300,0.0000,0.0000,Pass
D86-11,2479,91,-17.1154,6.6189,83.0554,98.7426,5417.8300,0.0000,0.0000,Pass
D86-11,2479,92,-16.9659,6.6196,83.0036,99.3010,5411.0800,0.0000,0.0000,Pass
D86-11,2479,93,-16.8148,6.6199,82.6405,98.3099,5363.8300,0.0000,0.0000,Pass
D86-11,2479,94,-16.6646,6.6196,83.3480,99.0127,5456.0800,0.0000,0.0000,Pass
D86-11,2479,95,-16.5145,6.6208,82.9864,99.0718,5408.8300,0.0000,0.0000,Pass
D86-11,2479,96,-16.3643,6.6215,83.1932,99.0702,5435.8300,0.0000,0.0000,Pass
D86-11,2479,97,-16.2140,6.6219,83.1416,99.1731,5429.0800,0.0000,0.0000,Pass
D86-11,2479,98,-16.0635,6.6224,83.3996,99.1446,5462.8300,0.0000,0.0000,Pass
D86-11,2479,99,-15.9136,6.6241,83.1760,98.3878,5433.5800,0.0000,0.0000,Pass
D86-11,2479,100,-15.7632,6.6250,83.2793,98.0136,5447.0800,0.0000,0.0000,Pass
D86-11,2479,101,-15.6128,6.6255,83.2449,99.4151,5442.5800,0.0000,0.0000,Pass
D86-11,2479,102,-15.4624,6.6267,83.6739,98.9242,5498.8300,0.0000,0.0000,Pass
D86-11,2479,103,-15.3116,6.6265,83.8449,98.6565,5521.3300,0.0000,0.0000,Pass
D86-11,2479,104,-15.1612,6.6268,83.4854,99.3204,5474.0800,0.0000,0.0000,Pass
D86-11,2479,105,-14.8607,6.6286,83.5883,99.8314,5487.5800,0.0000,0.0000,Pass
D86-11,2479,106,-14.7104,6.6291,83.5026,98.9703,5476.3300,0.0000,0.0000,Pass
D86-11,2479,107,-14.5591,6.6302,83.0381,99.2638,5415.5800,0.0000,0.0000,Pass
D86-11,2479,108,-14.4090,6.6303,83.3137,98.8351,5451.5800,0.0000,0.0000,Pass
D86-11,2479,109,-14.2583,6.6313,83.1416,98.7200,5429.0800,0.0000,0.0000,Pass
D86-11,2479,110,-13.9574,6.6327,83.4339,98.1675,5467.3300,0.0000,0.0000,Pass
D86-11,2479,111,-18.0169,6.4652,82.8309,99.7454,5388.5800,0.0000,0.0000,Pass
D86-11,2479,112,-17.8659,6.4648,82.6058,99.0641,5359.3300,0.0000,0.0000,Pass
D86-11,2479,113,-17.7158,6.4656,82.6924,98.4055,5370.5800,0.0000,0.0000,Pass
D86-11,2479,114,-17.5659,6.4663,82.3974,99.4068,5332.3300,0.0000,0.0000,Pass
D86-11,2479,115,-17.2651,6.4673,83.2793,98.8157,5447.0800,0.0000,0.0000,Pass
D86-11,2479,116,-17.1153,6.4680,83.0899,99.2205,5422.3300,0.0000,0.0000,Pass
D86-11,2479,117,-16.9648,6.4682,82.9691,98.2795,5406.5800,0.0000,0.0000,Pass
D86-11,2479,118,-16.8145,6.4688,83.4683,98.7054,5471.8300,0.0000,0.0000,Pass
D86-11,2479,119,-16.5137,6.4707,83.5369,99.1284,5480.8300,0.0000,0.0000,Pass
D86-11,2479,120,-16.3635,6.4708,83.8279,99.6629,5519.0800,0.0000,0.0000,Pass
D86-11,2479,121,-15.9131,6.4739,83.8108,99.2605,5516.8300,0.0000,0.0000,Pass
D86-11,2479,122,-15.7622,6.4748,84.1348,99.5888,5559.5800,0.0000,0.0000,Pass
D86-11,2479,123,-15.4621,6.4759,83.8449,99.3993,5521.3300,0.0000,0.0000,Pass
D86-11,2479,124,-15.3109,6.4755,83.7082,99.0435,5503.3300,0.0000,0.0000,Pass
D86-11,2479,125,-15.1604,6.4773,84.2199,99.8082,5570.8300,0.0000,0.0000,Pass
D86-11,2479,126,-14.5593,6.4793,82.6578,98.1141,5366.0800,0.0000,0.0000,Pass
D86-11,2479,127,-14.4080,6.4800,83.1071,99.8825,5424.5800,0.0000,0.0000,Pass
D86-11,2479,128,-17.4150,6.4672,82.2931,99.0496,5318.8300,0.0000,0.0000,Pass
D86-11,2479,129,-16.6644,6.4697,83.2449,98.7161,5442.5800,0.0000,0.0000,Pass
D86-11,2479,130,-16.2130,6.4710,83.5540,99.3071,5483.0800,0.0000,0.0000,Pass
D86-11,2479,131,-16.0632,6.4719,83.3824,99.3987,5460.5800,0.0000,0.0000,Pass
D86-11,2479,132,-15.6117,6.4752,84.1348,99.0475,5559.5800,0.0000,0.0000,Pass
D86-11,2479,133,-15.0103,6.4775,83.6054,98.7701,5489.8300,0.0000,0.0000,Pass
D86-11,2479,134,-14.8602,6.4780,83.7766,99.6047,5512.3300,0.0000,0.0000,Pass
D86-11,2479,135,-14.7096,6.4790,83.4854,99.4706,5474.0800,0.0000,0.0000,Pass
D86-11,2479,136,-14.2576,6.4810,83.3996,99.3773,5462.8300,0.0000,0.0000,Pass
D86-11,2479,137,-14.1074,6.4815,83.7082,98.8037,5503.3300,0.0000,0.0000,Pass
D86-11,2479,138,-13.9561,6.4816,83.8791,98.2180,5525.8300,0.0000,0.0000,Pass
D86-11,2479,139,-17.8657,6.3151,82.5017,98.8283,5345.8300,0.0000,0.0000,Pass
D86-11,2479,140,-18.0159,6.3140,82.8136,98.3704,5386.3300,0.0000,0.0000,Pass
D86-11,2479,141,-17.7151,6.3153,82.5190,99.6483,5348.0800,0.0000,0.0000,Pass
D86-11,2479,142,-17.5649,6.3163,82.2060,99.5090,5307.5800,0.0000,0.0000,Pass
D86-11,2479,143,-17.4152,6.3161,82.6578,98.5781,5366.0800,0.0000,0.0000,Pass
D86-11,2479,144,-14.5584,6.3297,83.6910,99.2393,5501.0800,0.0000,0.0000,Pass
D86-11,2479,145,-14.2574,6.3299,82.7790,98.4152,5381.8300,0.0000,0.0000,Pass
D86-11,2479,146,-13.9564,6.3314,83.1760,99.3905,5433.5800,0.0000,0.0000,Pass
D86-11,2479,147,-14.4079,6.3295,83.7082,99.1982,5503.3300,0.0000,0.0000,Pass
D86-11,2479,148,-14.1066,6.3302,83.0726,98.7802,5420.0800,0.0000,0.0000,Pass
D86-11,2479,149,-18.0148,6.1635,82.9864,98.7112,5408.8300,0.0000,0.0000,Pass
D86-11,2479,150,-17.8650,6.1643,81.8743,99.1902,5264.8400,0.0000,0.0000,Pass
D86-11,2479,151,-17.7152,6.1647,82.6924,98.1029,5370.5800,0.0000,0.0000,Pass
D86-11,2479,152,-17.5650,6.1656,82.5364,99.1490,5350.3300,0.0000,0.0000,Pass
D86-11,2479,153,-17.4141,6.1658,82.8136,99.3454,5386.3300,0.0000,0.0000,Pass
D86-11,2479,154,-14.5578,6.1784,83.2793,98.7988,5447.0800,0.0000,0.0000,Pass
D86-11,2479,155,-14.4077,6.1793,83.2965,99.8688,5449.3300,0.0000,0.0000,Pass
D86-11,2479,156,-14.2572,6.1802,82.8136,98.8441,5386.3300,0.0000,0.0000,Pass
D86-11,2479,157,-13.9550,6.1813,83.7424,99.4627,5507.8300,0.0000,0.0000,Pass
D86-11,2479,158,-14.1059,6.1802,83.0381,99.3666,5415.5800,0.0000,0.0000,Pass
D86-11,2479,159,-16.8872,6.0604,83.2621,99.1591,5444.8300,0.0000,0.0000,Pass
D86-11,2479,160,-15.8971,6.0649,83.1588,99.1632,5431.3300,0.0000,0.0000,Pass
D86-11,2479,161,-15.4019,6.0671,83.6739,99.8716,5498.8300,0.0000,0.0000,Pass
D86-11,2479,162,-16.7218,6.0613,83.9815,99.7836,5539.3300,0.0000,0.0000,Pass
D86-11,2479,163,-16.5570,6.0614,83.5883,99.0822,5487.5800,0.0000,0.0000,Pass
D86-11,2479,164,-16.3918,6.0621,83.5197,98.5096,5478.5800,0.0000,0.0000,Pass
D86-11,2479,165,-16.2267,6.0629,83.4854,99.6373,5474.0800,0.0000,0.0000,Pass
D86-11,2479,166,-16.0620,6.0635,83.5026,99.4868,5476.3300,0.0000,0.0000,Pass
D86-11,2479,167,-15.7315,6.0657,83.6739,98.0871,5498.8300,0.0000,0.0000,Pass
D86-11,2479,168,-15.5665,6.0664,83.6739,99.2568,5498.8300,0.0000,0.0000,Pass
D86-11,2479,169,-15.2367,6.0681,83.7082,98.4407,5503.3300,0.0000,0.0000,Pass
D86-11,2479,170,-15.0712,6.0683,83.6054,99.2942,5489.8300,0.0000,0.0000,Pass
D86-11,2479,171,-14.9066,6.0690,84.2709,99.4333,5577.5800,0.0000,0.0000,Pass
D86-11,2479,172,-18.0144,6.0133,83.2277,99.1854,5440.3300,0.0000,0.0000,Pass
D86-11,2479,173,-17.8640,6.0139,82.6578,98.7900,5366.0800,0.0000,0.0000,Pass
D86-11,2479,174,-17.7142,6.0145,82.6924,98.8273,5370.5800,0.0000,0.0000,Pass
D86-11,2479,175,-17.5641,6.0151,82.5884,97.3970,5357.0800,0.0000,0.0000,Pass
D86-11,2479,176,-17.4132,6.0158,83.6397,98.6460,5494.3300,0.0000,0.0000,Pass
D86-11,2479,177,-14.1053,6.0296,82.9864,99.0082,5408.8300,0.0000,0.0000,Pass
D86-11,2479,178,-14.5569,6.0286,83.1243,98.7684,5426.8300,0.0000,0.0000,Pass
D86-11,2479,179,-14.4065,6.0292,83.3309,99.0410,5453.8300,0.0000,0.0000,Pass
D86-11,2479,180,-14.2567,6.0292,82.9691,99.7694,5406.5800,0.0000,0.0000,Pass
D86-11,2479,181,-13.9553,6.0307,83.4511,98.8647,5469.5800,0.0000,0.0000,Pass
D86-11,2479,182,-17.0507,5.8936,83.3137,99.5261,5451.5800,0.0000,0.0000,Pass
D86-11,2479,183,-16.8863,5.8955,83.1932,98.8677,5435.8300,0.0000,0.0000,Pass
D86-11,2479,184,-16.7213,5.8954,83.0726,99.7926,5420.0800,0.0000,0.0000,Pass
D86-11,2479,185,-16.5560,5.8963,83.3824,99.4743,5460.5800,0.0000,0.0000,Pass
D86-11,2479,186,-16.3907,5.8970,82.7963,98.1104,5384.0800,0.0000,0.0000,Pass
D86-11,2479,187,-16.2256,5.8975,83.0554,97.3769,5417.8300,0.0000,0.0000,Pass
D86-11,2479,188,-16.0611,5.8980,82.7444,99.4837,5377.3300,0.0000,0.0000,Pass
D86-11,2479,189,-15.8973,5.9004,83.1760,98.1289,5433.5800,0.0000,0.0000,Pass
D86-11,2479,190,-15.7315,5.9009,82.8655,99.5066,5393.0800,0.0000,0.0000,Pass
D86-11,2479,191,-15.5658,5.9018,82.9518,98.1325,5404.3300,0.0000,0.0000,Pass
D86-11,2479,192,-15.4012,5.9020,83.5197,99.3522,5478.5800,0.0000,0.0000,Pass
D86-11,2479,193,-15.2366,5.9025,83.5883,99.3285,5487.5800,0.0000,0.0000,Pass
D86-11,2479,194,-14.9061,5.9044,83.6054,98.8223,5489.8300,0.0000,0.0000,Pass
D86-11,2479,195,-15.0710,5.9036,83.5369,98.5932,5480.8300,0.0000,0.0000,Pass
D86-11,2479,196,-18.0134,5.8634,83.1416,98.6316,5429.0800,0.0000,0.0000,Pass
D86-11,2479,197,-17.8636,5.8633,82.7098,98.3019,5372.8300,0.0000,0.0000,Pass
D86-11,2479,198,-17.7132,5.8645,82.9518,99.3707,5404.3300,0.0000,0.0000,Pass
D86-11,2479,199,-17.5636,5.8646,82.6578,99.8428,5366.0800,0.0000,0.0000,Pass
D86-11,2479,200,-17.4128,5.8652,83.1932,98.3755,5435.8300,0.0000,0.0000,Pass
D86-11,2479,201,-14.5568,5.8778,83.3652,99.3207,5458.3300,0.0000,0.0000,Pass
D86-11,2479,202,-14.4060,5.8782,82.7271,98.8269,5375.0800,0.0000,0.0000,Pass
D86-11,2479,203,-14.2551,5.8792,82.9518,99.6996,5404.3300,0.0000,0.0000,Pass
D86-11,2479,204,-14.1051,5.8796,83.0554,98.8590,5417.8300,0.0000,0.0000,Pass
D86-11,2479,205,-13.9547,5.8797,83.0726,97.8488,5420.0800,0.0000,0.0000,Pass
D86-11,2479,206,-17.0500,5.7295,83.2621,98.6003,5444.8300,0.0000,0.0000,Pass
D86-11,2479,207,-16.8852,5.7298,83.7082,98.7155,5503.3300,0.0000,0.0000,Pass
D86-11,2479,208,-16.7203,5.7304,83.1071,98.3905,5424.5800,0.0000,0.0000,Pass
D86-11,2479,209,-16.2258,5.7324,83.2277,98.7868,5440.3300,0.0000,0.0000,Pass
D86-11,2479,210,-15.8959,5.7359,83.0381,98.3479,5415.5800,0.0000,0.0000,Pass
D86-11,2479,211,-15.4003,5.7368,82.6924,99.2663,5370.5800,0.0000,0.0000,Pass
D86-11,2479,212,-15.2352,5.7379,83.0726,98.7336,5420.0800,0.0000,0.0000,Pass
D86-11,2479,213,-15.0703,5.7385,83.9644,99.5495,5537.0800,0.0000,0.0000,Pass
D86-11,2479,214,-16.5553,5.7314,82.9000,98.1365,5397.5800,0.0000,0.0000,Pass
D86-11,2479,215,-16.3903,5.7323,83.5540,98.7424,5483.0800,0.0000,0.0000,Pass
D86-11,2479,216,-16.0602,5.7329,82.2931,98.5872,5318.8300,0.0000,0.0000,Pass
D86-11,2479,217,-15.7306,5.7360,83.0209,99.5426,5413.3300,0.0000,0.0000,Pass
D86-11,2479,218,-15.5658,5.7357,82.7444,98.4677,5377.3300,0.0000,0.0000,Pass
D86-11,2479,219,-14.9059,5.7397,83.8620,98.8296,5523.5800,0.0000,0.0000,Pass
D86-11,2479,220,-18.0132,5.7131,83.0209,99.2776,5413.3300,0.0000,0.0000,Pass
D86-11,2479,221,-17.8629,5.7132,82.7963,99.6298,5384.0800,0.0000,0.0000,Pass
D86-11,2479,222,-17.7127,5.7139,82.6924,98.4522,5370.5800,0.0000,0.0000,Pass
D86-11,2479,223,-17.5629,5.7139,82.7617,99.0967,5379.5800,0.0000,0.0000,Pass
D86-11,2479,224,-17.4120,5.7149,83.0554,99.3171,5417.8300,0.0000,0.0000,Pass
D86-11,2479,225,-14.5562,5.7273,83.0036,99.6709,5411.0800,0.0000,0.0000,Pass
D86-11,2479,226,-14.4051,5.7286,83.4168,99.5992,5465.0800,0.0000,0.0000,Pass
D86-11,2479,227,-14.2549,5.7287,82.8309,99.7215,5388.5800,0.0000,0.0000,Pass
D86-11,2479,228,-14.1037,5.7291,83.0209,99.5789,5413.3300,0.0000,0.0000,Pass
D86-11,2479,229,-13.9541,5.7296,83.5369,98.5537,5480.8300,0.0000,0.0000,Pass
D86-11,2479,230,-18.0122,5.5624,82.5364,98.9246,5350.3300,0.0000,0.0000,Pass
D86-11,2479,231,-17.5615,5.5641,83.0554,99.3480,5417.8300,0.0000,0.0000,Pass
D86-11,2479,232,-17.4113,5.5643,82.9691,99.4238,5406.5800,0.0000,0.0000,Pass
D86-11,2479,233,-15.7303,5.5700,82.6924,99.4230,5370.5800,0.0000,0.0000,Pass
D86-11,2479,234,-14.5552,5.5774,83.5197,99.6969,5478.5800,0.0000,0.0000,Pass
D86-11,2479,235,-14.4052,5.5778,83.1243,99.8491,5426.8300,0.0000,0.0000,Pass
D86-11,2479,236,-14.2543,5.5787,83.1932,99.1215,5435.8300,0.0000,0.0000,Pass
D86-11,2479,237,-14.1036,5.5789,83.0554,99.3399,5417.8300,0.0000,0.0000,Pass
D86-11,2479,238,-13.9528,5.5796,83.6054,99.1850,5489.8300,0.0000,0.0000,Pass
D86-11,2479,239,-17.0497,5.5648,83.4854,98.9426,5474.0800,0.0000,0.0000,Pass
D86-11,2479,240,-16.8850,5.5649,83.1416,98.8847,5429.0800,0.0000,0.0000,Pass
D86-11,2479,241,-16.7194,5.5657,83.5883,99.7654,5487.5800,0.0000,0.0000,Pass
D86-11,2479,242,-16.5546,5.5667,83.1071,99.5653,5424.5800,0.0000,0.0000,Pass
D86-11,2479,243,-16.3898,5.5665,83.2277,99.5639,5440.3300,0.0000,0.0000,Pass
D86-11,2479,244,-16.2246,5.5674,82.4496,99.4501,5339.0800,0.0000,0.0000,Pass
D86-11,2479,245,-15.8952,5.5697,82.9000,99.6211,5397.5800,0.0000,0.0000,Pass
D86-11,2479,246,-15.5649,5.5714,82.4669,97.8692,5341.3300,0.0000,0.0000,Pass
D86-11,2479,247,-15.4001,5.5719,82.6924,98.7550,5370.5800,0.0000,0.0000,Pass
D86-11,2479,248,-15.2348,5.5725,82.3279,99.6587,5323.3300,0.0000,0.0000,Pass
D86-11,2479,249,-15.0700,5.5738,83.3996,98.6089,5462.8300,0.0000,0.0000,Pass
D86-11,2479,250,-14.9047,5.5743,83.3652,99.6681,5458.3300,0.0000,0.0000,Pass
D86-11,2479,251,-16.0596,5.5681,82.5017,99.4340,5345.8300,0.0000,0.0000,Pass
D86-11,2479,252,-18.0121,5.4111,83.0899,98.4912,5422.3300,0.0000,0.0000,Pass
D86-11,2479,253,-17.8617,5.4118,83.1760,98.6661,5433.5800,0.0000,0.0000,Pass
D86-11,2479,254,-17.7117,5.4125,82.8482,98.7855,5390.8300,0.0000,0.0000,Pass
D86-11,2479,255,-17.5615,5.4135,82.3801,98.5699,5330.0800,0.0000,0.0000,Pass
D86-11,2479,256,-17.4108,5.4143,83.0209,98.8812,5413.3300,0.0000,0.0000,Pass
D86-11,2479,257,-14.5542,5.4268,83.5369,99.3963,5480.8300,0.0000,0.0000,Pass
D86-11,2479,258,-14.4041,5.4274,82.7790,99.7838,5381.8300,0.0000,0.0000,Pass
D86-11,2479,259,-14.1030,5.4288,82.5017,99.1976,5345.8300,0.0000,0.0000,Pass
D86-11,2479,260,-14.2537,5.4281,83.0036,99.5869,5411.0800,0.0000,0.0000,Pass
D86-11,2479,261,-13.9518,5.4294,83.6568,99.7105,5496.5800,0.0000,0.0000,Pass
D86-11,2479,262,-17.0490,5.3985,83.8620,98.6756,5523.5800,0.0000,0.0000,Pass
D86-11,2479,263,-16.7189,5.4013,83.3309,99.1098,5453.8300,0.0000,0.0000,Pass
D86-11,2479,264,-16.5532,5.4011,82.8136,98.3038,5386.3300,0.0000,0.0000,Pass
D86-11,2479,265,-16.3888,5.4023,82.7790,97.9470,5381.8300,0.0000,0.0000,Pass
D86-11,2479,266,-16.2236,5.4026,83.0381,98.9871,5415.5800,0.0000,0.0000,Pass
D86-11,2479,267,-16.0590,5.4029,82.8136,99.5495,5386.3300,0.0000,0.0000,Pass
D86-11,2479,268,-15.8945,5.4046,82.6405,99.4408,5363.8300,0.0000,0.0000,Pass
D86-11,2479,269,-15.5641,5.4062,82.8309,99.8361,5388.5800,0.0000,0.0000,Pass
D86-11,2479,270,-15.3999,5.4073,82.8655,99.6250,5393.0800,0.0000,0.0000,Pass
D86-11,2479,271,-15.2347,5.4075,82.7271,99.4241,5375.0800,0.0000,0.0000,Pass
D86-11,2479,272,-15.0683,5.4084,83.6910,98.6773,5501.0800,0.0000,0.0000,Pass
D86-11,2479,273,-16.8837,5.4002,83.1243,98.5862,5426.8300,0.0000,0.0000,Pass
D86-11,2479,274,-15.7296,5.4059,82.5537,98.7083,5352.5800,0.0000,0.0000,Pass
D86-11,2479,275,-14.9039,5.4085,84.0497,98.5481,5548.3300,0.0000,0.0000,Pass
D86-11,2479,276,-17.8611,5.2623,82.5190,99.0256,5348.0800,0.0000,0.0000,Pass
D86-11,2479,277,-17.7103,5.2628,82.5537,98.9260,5352.5800,0.0000,0.0000,Pass
D86-11,2479,278,-18.0114,5.2617,83.0726,98.9702,5420.0800,0.0000,0.0000,Pass
D86-11,2479,279,-17.5611,5.2630,82.7098,98.5579,5372.8300,0.0000,0.0000,Pass
D86-11,2479,280,-17.4107,5.2636,83.2449,99.5527,5442.5800,0.0000,0.0000,Pass
D86-11,2479,281,-14.5537,5.2765,83.3137,99.4923,5451.5800,0.0000,0.0000,Pass
D86-11,2479,282,-14.4037,5.2768,83.1588,99.5124,5431.3300,0.0000,0.0000,Pass
D86-11,2479,283,-14.2533,5.2777,82.8309,99.6862,5388.5800,0.0000,0.0000,Pass
D86-11,2479,284,-14.1026,5.2782,83.1071,99.3611,5424.5800,0.0000,0.0000,Pass
D86-11,2479,285,-13.9514,5.2787,83.5197,98.8003,5478.5800,0.0000,0.0000,Pass
D86-11,2479,286,-16.5533,5.2365,83.0209,99.4041,5413.3300,0.0000,0.0000,Pass
D86-11,2479,287,-15.8936,5.2400,82.5190,99.4775,5348.0800,0.0000,0.0000,Pass
D86-11,2479,288,-15.5636,5.2414,82.9346,99.1472,5402.0800,0.0000,0.0000,Pass
D86-11,2479,289,-17.0481,5.2333,83.7253,99.6490,5505.5800,0.0000,0.0000,Pass
D86-11,2479,290,-16.8835,5.2347,83.4511,99.8522,5469.5800,0.0000,0.0000,Pass
D86-11,2479,291,-16.7181,5.2353,83.3996,99.4894,5462.8300,0.0000,0.0000,Pass
D86-11,2479,292,-16.3885,5.2366,82.8655,98.7906,5393.0800,0.0000,0.0000,Pass
D86-11,2479,293,-16.2231,5.2366,82.6578,99.0304,5366.0800,0.0000,0.0000,Pass
D86-11,2479,294,-16.0579,5.2374,82.6924,99.2523,5370.5800,0.0000,0.0000,Pass
D86-11,2479,295,-15.7290,5.2412,82.3279,97.3546,5323.3300,0.0000,0.0000,Pass
D86-11,2479,296,-15.3985,5.2418,83.1416,99.6652,5429.0800,0.0000,0.0000,Pass
D86-11,2479,297,-15.2329,5.2427,83.0554,99.8848,5417.8300,0.0000,0.0000,Pass
D86-11,2479,298,-15.0689,5.2436,83.5197,99.3793,5478.5800,0.0000,0.0000,Pass
D86-11,2479,299,-14.9026,5.2438,83.8962,99.6118,5528.0800,0.0000,0.0000,Pass
D86-11,2479,300,-18.0108,5.1124,83.1416,98.5580,5429.0800,0.0000,0.0000,Pass
D86-11,2479,301,-17.8602,5.1127,82.4669,98.5551,5341.3300,0.0000,0.0000,Pass
D86-11,2479,302,-17.7099,5.1136,82.7963,98.9650,5384.0800,0.0000,0.0000,Pass
D86-11,2479,303,-17.5597,5.1135,83.2105,99.2206,5438.0800,0.0000,0.0000,Pass
D86-11,2479,304,-17.4094,5.1144,83.1071,98.8473,5424.5800,0.0000,0.0000,Pass
D86-11,2479,305,-14.5536,5.1269,83.0726,96.8568,5420.0800,0.0000,0.0000,Pass
D86-11,2479,306,-14.4033,5.1279,82.7444,97.6897,5377.3300,0.0000,0.0000,Pass
D86-11,2479,307,-14.2525,5.1275,82.6058,97.6382,5359.3300,0.0000,0.0000,Pass
D86-11,2479,308,-14.1017,5.1284,82.2060,98.1073,5307.5800,0.0000,0.0000,Pass
D86-11,2479,309,-13.9508,5.1289,82.8655,99.0403,5393.0800,0.0000,0.0000,Pass
D86-11,2479,310,-17.0481,5.0696,83.5540,98.5459,5483.0800,0.0000,0.0000,Pass
D86-11,2479,311,-16.8827,5.0704,83.7766,98.7077,5512.3300,0.0000,0.0000,Pass
D86-11,2479,312,-16.7174,5.0713,83.6568,99.0173,5496.5800,0.0000,0.0000,Pass
D86-11,2479,313,-16.5531,5.0725,83.0554,99.1700,5417.8300,0.0000,0.0000,Pass
D86-11,2479,314,-16.3880,5.0726,83.0036,99.8153,5411.0800,0.0000,0.0000,Pass
D86-11,2479,315,-16.2222,5.0730,82.9864,99.4194,5408.8300,0.0000,0.0000,Pass
D86-11,2479,316,-15.8933,5.0765,82.7617,99.2852,5379.5800,0.0000,0.0000,Pass
D86-11,2479,317,-15.7284,5.0765,82.4322,99.8759,5336.8300,0.0000,0.0000,Pass
D86-11,2479,318,-15.5634,5.0771,83.0381,98.9336,5415.5800,0.0000,0.0000,Pass
D86-11,2479,319,-15.3978,5.0779,83.1416,98.5990,5429.0800,0.0000,0.0000,Pass
D86-11,2479,320,-15.2331,5.0787,83.0209,99.2519,5413.3300,0.0000,0.0000,Pass
D86-11,2479,321,-15.0679,5.0793,83.4511,98.9718,5469.5800,0.0000,0.0000,Pass
D86-11,2479,322,-14.9032,5.0803,83.8791,99.3327,5525.8300,0.0000,0.0000,Pass
D86-11,2479,323,-16.0573,5.0746,82.9518,99.1240,5404.3300,0.0000,0.0000,Pass
D86-11,2479,324,-18.0100,4.9616,82.7444,99.4991,5377.3300,0.0000,0.0000,Pass
D86-11,2479,325,-17.8598,4.9624,82.9000,98.9958,5397.5800,0.0000,0.0000,Pass
D86-11,2479,326,-17.7096,4.9622,82.3801,98.8382,5330.0800,0.0000,0.0000,Pass
D86-11,2479,327,-17.5594,4.9630,82.6751,99.1251,5368.3300,0.0000,0.0000,Pass
D86-11,2479,328,-17.4090,4.9640,83.2449,99.0627,5442.5800,0.0000,0.0000,Pass
D86-11,2479,329,-14.5529,4.9765,83.5883,98.7513,5487.5800,0.0000,0.0000,Pass
D86-11,2479,330,-14.2510,4.9782,82.8482,99.0832,5390.8300,0.0000,0.0000,Pass
D86-11,2479,331,-14.1015,4.9785,83.1243,99.1649,5426.8300,0.0000,0.0000,Pass
D86-11,2479,332,-13.9505,4.9793,83.5026,98.9652,5476.3300,0.0000,0.0000,Pass
D86-11,2479,333,-14.4025,4.9772,83.1243,98.7353,5426.8300,0.0000,0.0000,Pass
D86-11,2479,334,-17.0469,4.9058,83.2621,98.6269,5444.8300,0.0000,0.0000,Pass
D86-11,2479,335,-16.8818,4.9054,84.6610,98.9254,5629.3200,0.0000,0.0000,Pass
D86-11,2479,336,-16.7170,4.9062,83.6054,98.4828,5489.8300,0.0000,0.0000,Pass
D86-11,2479,337,-16.5517,4.9069,83.2449,98.9369,5442.5800,0.0000,0.0000,Pass
D86-11,2479,338,-16.3866,4.9081,83.4683,99.9268,5471.8300,0.0000,0.0000,Pass
D86-11,2479,339,-15.8927,4.9110,82.8482,99.2921,5390.8300,0.0000,0.0000,Pass
D86-11,2479,340,-15.7269,4.9115,83.3824,99.0183,5460.5800,0.0000,0.0000,Pass
D86-11,2479,341,-15.5626,4.9119,83.1588,99.4220,5431.3300,0.0000,0.0000,Pass
D86-11,2479,342,-15.3969,4.9136,83.0036,99.5731,5411.0800,0.0000,0.0000,Pass
D86-11,2479,343,-15.2316,4.9136,83.4854,99.2955,5474.0800,0.0000,0.0000,Pass
D86-11,2479,344,-15.0675,4.9149,83.7424,99.2748,5507.8300,0.0000,0.0000,Pass
D86-11,2479,345,-16.2218,4.9086,83.1760,99.2590,5433.5800,0.0000,0.0000,Pass
D86-11,2479,346,-16.0570,4.9089,82.9691,99.6582,5406.5800,0.0000,0.0000,Pass
D86-11,2479,347,-14.9021,4.9149,83.7937,98.4930,5514.5800,0.0000,0.0000,Pass
D86-11,2479,348,-17.5587,4.8136,83.0554,98.7870,5417.8300,0.0000,0.0000,Pass
D86-11,2479,349,-18.0093,4.8113,82.4496,98.6260,5339.0800,0.0000,0.0000,Pass
D86-11,2479,350,-17.8594,4.8118,82.4322,98.7683,5336.8300,0.0000,0.0000,Pass
D86-11,2479,351,-17.7087,4.8127,82.5017,97.7059,5345.8300,0.0000,0.0000,Pass
D86-11,2479,352,-17.4083,4.8132,83.1588,98.9822,5431.3300,0.0000,0.0000,Pass
D86-11,2479,353,-14.5525,4.8264,83.1588,99.0030,5431.3300,0.0000,0.0000,Pass
D86-11,2479,354,-14.4019,4.8272,83.3480,98.6982,5456.0800,0.0000,0.0000,Pass
D86-11,2479,355,-14.2509,4.8278,83.2105,98.6267,5438.0800,0.0000,0.0000,Pass
D86-11,2479,356,-13.9499,4.8290,83.4511,98.7665,5469.5800,0.0000,0.0000,Pass
D86-11,2479,357,-14.1006,4.8280,82.8827,99.1842,5395.3300,0.0000,0.0000,Pass
D86-11,2479,358,-17.8587,4.6612,82.1711,98.6051,5303.0800,0.0000,0.0000,Pass
D86-11,2479,359,-18.0084,4.6607,83.3996,99.2699,5462.8300,0.0000,0.0000,Pass
D86-11,2479,360,-17.7089,4.6619,83.0554,99.5363,5417.8300,0.0000,0.0000,Pass
D86-11,2479,361,-17.5584,4.6624,82.9000,99.0475,5397.5800,0.0000,0.0000,Pass
D86-11,2479,362,-17.4076,4.6636,83.0726,99.0402,5420.0800,0.0000,0.0000,Pass
D86-11,2479,363,-14.5517,4.6758,83.5883,99.1156,5487.5800,0.0000,0.0000,Pass
D86-11,2479,364,-14.4014,4.6764,83.0899,98.0364,5422.3300,0.0000,0.0000,Pass
D86-11,2479,365,-14.2509,4.6773,83.1071,99.4358,5424.5800,0.0000,0.0000,Pass
D86-11,2479,366,-14.1002,4.6785,83.0726,98.0686,5420.0800,0.0000,0.0000,Pass
D86-11,2479,367,-13.9500,4.6784,83.3996,98.2021,5462.8300,0.0000,0.0000,Pass
D86-11,2479,368,-18.0079,4.5102,83.5540,99.1781,5483.0800,0.0000,0.0000,Pass
D86-11,2479,369,-17.5575,4.5123,82.3974,99.4620,5332.3300,0.0000,0.0000,Pass
D86-11,2479,370,-17.2568,4.5137,83.4683,99.1013,5471.8300,0.0000,0.0000,Pass
D86-11,2479,371,-16.2054,4.5177,83.0554,98.7624,5417.8300,0.0000,0.0000,Pass
D86-11,2479,372,-15.9050,4.5202,83.1588,99.5061,5431.3300,0.0000,0.0000,Pass
D86-11,2479,373,-15.7550,4.5211,83.0899,98.9881,5422.3300,0.0000,0.0000,Pass
D86-11,2479,374,-15.3035,4.5228,83.4683,99.0457,5471.8300,0.0000,0.0000,Pass
D86-11,2479,375,-17.8580,4.5110,82.6058,99.0532,5359.3300,0.0000,0.0000,Pass
D86-11,2479,376,-17.7071,4.5113,82.8655,99.0880,5393.0800,0.0000,0.0000,Pass
D86-11,2479,377,-17.4072,4.5134,82.6058,98.7369,5359.3300,0.0000,0.0000,Pass
D86-11,2479,378,-17.1070,4.5135,83.4683,99.6710,5471.8300,0.0000,0.0000,Pass
D86-11,2479,379,-16.9566,4.5148,83.3652,98.6349,5458.3300,0.0000,0.0000,Pass
D86-11,2479,380,-16.8067,4.5154,82.9346,99.4520,5402.0800,0.0000,0.0000,Pass
D86-11,2479,381,-16.6562,4.5161,83.5540,99.5913,5483.0800,0.0000,0.0000,Pass
D86-11,2479,382,-16.5064,4.5167,83.1932,98.9774,5435.8300,0.0000,0.0000,Pass
D86-11,2479,383,-16.3556,4.5166,83.3480,99.2222,5456.0800,0.0000,0.0000,Pass
D86-11,2479,384,-16.0544,4.5182,83.2105,99.8450,5438.0800,0.0000,0.0000,Pass
D86-11,2479,385,-15.6041,4.5218,83.3652,99.2396,5458.3300,0.0000,0.0000,Pass
D86-11,2479,386,-15.4539,4.5222,83.5369,99.5846,5480.8300,0.0000,0.0000,Pass
D86-11,2479,387,-15.1520,4.5234,83.3137,98.3753,5451.5800,0.0000,0.0000,Pass
D86-11,2479,388,-15.0024,4.5241,83.1760,98.2518,5433.5800,0.0000,0.0000,Pass
D86-11,2479,389,-14.8522,4.5247,83.1932,99.3753,5435.8300,0.0000,0.0000,Pass
D86-11,2479,390,-14.7020,4.5256,83.5369,99.1907,5480.8300,0.0000,0.0000,Pass
D86-11,2479,391,-14.5507,4.5257,83.2621,98.8249,5444.8300,0.0000,0.0000,Pass
D86-11,2479,392,-14.2498,4.5274,82.9518,99.2813,5404.3300,0.0000,0.0000,Pass
D86-11,2479,393,-14.0994,4.5277,82.9173,99.9174,5399.8300,0.0000,0.0000,Pass
D86-11,2479,394,-14.4001,4.5268,82.8655,98.6572,5393.0800,0.0000,0.0000,Pass
D86-11,2479,395,-13.9483,4.5279,83.5712,98.9776,5485.3300,0.0000,0.0000,Pass
D86-11,2479,396,-18.0076,4.3603,82.9000,98.3114,5397.5800,0.0000,0.0000,Pass
D86-11,2479,397,-17.1057,4.3636,82.6058,99.1732,5359.3300,0.0000,0.0000,Pass
D86-11,2479,398,-15.4527,4.3717,83.5369,98.7444,5480.8300,0.0000,0.0000,Pass
D86-11,2479,399,-17.8576,4.3612,83.1243,99.5885,5426.8300,0.0000,0.0000,Pass
D86-11,2479,400,-17.7071,4.3613,82.9691,99.4232,5406.5800,0.0000,0.0000,Pass
D86-11,2479,401,-17.5568,4.3616,82.7444,99.0991,5377.3300,0.0000,0.0000,Pass
D86-11,2479,402,-17.4065,4.3618,82.6578,99.0819,5366.0800,0.0000,0.0000,Pass
D86-11,2479,403,-17.2563,4.3637,82.8827,99.6121,5395.3300,0.0000,0.0000,Pass
D86-11,2479,404,-16.9563,4.3641,82.8309,98.1032,5388.5800,0.0000,0.0000,Pass
D86-11,2479,405,-16.8060,4.3649,83.1760,98.2048,5433.5800,0.0000,0.0000,Pass
D86-11,2479,406,-16.6563,4.3652,83.0899,99.5546,5422.3300,0.0000,0.0000,Pass
D86-11,2479,407,-16.5051,4.3660,82.8655,98.8425,5393.0800,0.0000,0.0000,Pass
D86-11,2479,408,-16.3541,4.3673,83.1760,99.1492,5433.5800,0.0000,0.0000,Pass
D86-11,2479,409,-16.2040,4.3673,82.7963,98.4879,5384.0800,0.0000,0.0000,Pass
D86-11,2479,410,-16.0542,4.3681,82.7444,98.7977,5377.3300,0.0000,0.0000,Pass
D86-11,2479,411,-15.9047,4.3698,82.7444,98.8477,5377.3300,0.0000,0.0000,Pass
D86-11,2479,412,-15.7536,4.3702,83.2105,98.9128,5438.0800,0.0000,0.0000,Pass
D86-11,2479,413,-15.6031,4.3701,83.0554,99.2159,5417.8300,0.0000,0.0000,Pass
D86-11,2479,414,-15.3022,4.3721,83.4339,99.1433,5467.3300,0.0000,0.0000,Pass
D86-11,2479,415,-15.1528,4.3728,83.4168,98.9530,5465.0800,0.0000,0.0000,Pass
D86-11,2479,416,-15.0019,4.3739,83.7937,99.3844,5514.5800,0.0000,0.0000,Pass
D86-11,2479,417,-14.8513,4.3739,83.5026,98.3830,5476.3300,0.0000,0.0000,Pass
D86-11,2479,418,-14.5508,4.3749,83.0381,99.0918,5415.5800,0.0000,0.0000,Pass
D86-11,2479,419,-14.7007,4.3748,83.1071,98.4058,5424.5800,0.0000,0.0000,Pass
D86-11,2479,420,-14.4000,4.3759,83.4683,98.9490,5471.8300,0.0000,0.0000,Pass
D86-11,2479,421,-14.2493,4.3762,82.9691,99.2341,5406.5800,0.0000,0.0000,Pass
D86-11,2479,422,-14.0987,4.3772,83.4511,99.0243,5469.5800,0.0000,0.0000,Pass
D86-11,2479,423,-13.9486,4.3772,83.6910,97.7831,5501.0800,0.0000,0.0000,Pass
D86-11,2479,424,-15.9037,4.2200,83.0209,99.3026,5413.3300,0.0000,0.0000,Pass
D86-11,2479,425,-18.0069,4.2097,83.5026,99.4223,5476.3300,0.0000,0.0000,Pass
D86-11,2479,426,-17.4062,4.2120,83.0554,99.0975,5417.8300,0.0000,0.0000,Pass
D86-11,2479,427,-17.1058,4.2135,82.7444,98.8738,5377.3300,0.0000,0.0000,Pass
D86-11,2479,428,-16.5044,4.2158,83.7253,99.3486,5505.5800,0.0000,0.0000,Pass
D86-11,2479,429,-16.2038,4.2170,83.2793,99.6065,5447.0800,0.0000,0.0000,Pass
D86-11,2479,430,-15.7533,4.2207,83.2621,98.6476,5444.8300,0.0000,0.0000,Pass
D86-11,2479,431,-15.6021,4.2208,83.3824,99.4771,5460.5800,0.0000,0.0000,Pass
D86-11,2479,432,-15.4522,4.2213,83.6054,99.2622,5489.8300,0.0000,0.0000,Pass
D86-11,2479,433,-15.3016,4.2218,83.6910,99.8321,5501.0800,0.0000,0.0000,Pass
D86-11,2479,434,-15.1515,4.2223,83.8791,99.0477,5525.8300,0.0000,0.0000,Pass
D86-11,2479,435,-14.8510,4.2240,83.2793,98.9403,5447.0800,0.0000,0.0000,Pass
D86-11,2479,436,-17.5558,4.2116,82.6231,99.6283,5361.5800,0.0000,0.0000,Pass
D86-11,2479,437,-17.2555,4.2126,83.0209,99.8090,5413.3300,0.0000,0.0000,Pass
D86-11,2479,438,-16.9551,4.2134,82.7790,99.1035,5381.8300,0.0000,0.0000,Pass
D86-11,2479,439,-16.8048,4.2145,83.0036,98.4333,5411.0800,0.0000,0.0000,Pass
D86-11,2479,440,-16.6549,4.2152,83.5197,99.7832,5478.5800,0.0000,0.0000,Pass
D86-11,2479,441,-16.3541,4.2160,83.6226,99.2559,5492.0800,0.0000,0.0000,Pass
D86-11,2479,442,-16.0534,4.2173,83.4683,98.9123,5471.8300,0.0000,0.0000,Pass
D86-11,2479,443,-15.0009,4.2229,83.1416,98.2460,5429.0800,0.0000,0.0000,Pass
D86-11,2479,444,-14.7001,4.2241,83.1588,98.6330,5431.3300,0.0000,0.0000,Pass
D86-11,2479,445,-14.5498,4.2245,83.2965,98.6031,5449.3300,0.0000,0.0000,Pass
D86-11,2479,446,-14.2485,4.2260,82.8482,99.2315,5390.8300,0.0000,0.0000,Pass
D86-11,2479,447,-14.0975,4.2276,83.2277,98.7337,5440.3300,0.0000,0.0000,Pass
D86-11,2479,448,-13.9469,4.2278,83.8791,99.7680,5525.8300,0.0000,0.0000,Pass
D86-11,2479,449,-14.3994,4.2254,83.0726,98.9715,5420.0800,0.0000,0.0000,Pass
D86-11,2479,450,-18.0058,4.0591,83.5712,98.9841,5485.3300,0.0000,0.0000,Pass
D86-11,2479,451,-17.1050,4.0628,83.1760,99.3664,5433.5800,0.0000,0.0000,Pass
D86-11,2479,452,-15.6029,4.0700,83.6226,98.7176,5492.0800,0.0000,0.0000,Pass
D86-11,2479,453,-17.8561,4.0594,82.5884,99.0354,5357.0800,0.0000,0.0000,Pass
D86-11,2479,454,-17.7064,4.0610,82.9864,99.2976,5408.8300,0.0000,0.0000,Pass
D86-11,2479,455,-17.5557,4.0613,83.0209,98.9845,5413.3300,0.0000,0.0000,Pass
D86-11,2479,456,-17.4052,4.0614,83.0209,99.4070,5413.3300,0.0000,0.0000,Pass
D86-11,2479,457,-17.2553,4.0617,82.6751,98.6857,5368.3300,0.0000,0.0000,Pass
D86-11,2479,458,-16.9545,4.0637,83.3996,99.7109,5462.8300,0.0000,0.0000,Pass
D86-11,2479,459,-16.8043,4.0643,83.7082,99.7974,5503.3300,0.0000,0.0000,Pass
D86-11,2479,460,-16.6542,4.0644,83.3137,99.3948,5451.5800,0.0000,0.0000,Pass
D86-11,2479,461,-16.5037,4.0649,83.6568,98.5072,5496.5800,0.0000,0.0000,Pass
D86-11,2479,462,-16.3535,4.0659,83.5197,98.1319,5478.5800,0.0000,0.0000,Pass
D86-11,2479,463,-16.2030,4.0663,83.6054,99.2866,5489.8300,0.0000,0.0000,Pass
D86-11,2479,464,-16.0527,4.0673,83.8279,99.1213,5519.0800,0.0000,0.0000,Pass
D86-11,2479,465,-15.9028,4.0694,83.5026,99.8678,5476.3300,0.0000,0.0000,Pass
D86-11,2479,466,-15.7528,4.0699,83.0899,97.9214,5422.3300,0.0000,0.0000,Pass
D86-11,2479,467,-15.4517,4.0710,83.1588,98.0956,5431.3300,0.0000,0.0000,Pass
D86-11,2479,468,-15.3009,4.0711,83.5883,99.6063,5487.5800,0.0000,0.0000,Pass
D86-11,2479,469,-15.1507,4.0721,83.4168,99.3084,5465.0800,0.0000,0.0000,Pass
D86-11,2479,470,-15.0004,4.0726,83.6397,97.1154,5494.3300,0.0000,0.0000,Pass
D86-11,2479,471,-14.8501,4.0736,83.6568,98.7402,5496.5800,0.0000,0.0000,Pass
D86-11,2479,472,-14.3985,4.0748,83.2449,97.9680,5442.5800,0.0000,0.0000,Pass
D86-11,2479,473,-14.2479,4.0759,83.6054,99.2760,5489.8300,0.0000,0.0000,Pass
D86-11,2479,474,-14.6992,4.0736,83.3996,98.4405,5462.8300,0.0000,0.0000,Pass
D86-11,2479,475,-14.5489,4.0743,83.2105,98.8479,5438.0800,0.0000,0.0000,Pass
D86-11,2479,476,-14.0972,4.0769,83.7424,98.4578,5507.8300,0.0000,0.0000,Pass
D86-11,2479,477,-13.9470,4.0766,84.4916,99.2668,5606.8300,0.0000,0.0000,Pass
D86-11,2479,478,-17.8553,3.9097,83.8791,99.5358,5525.8300,0.0000,0.0000,Pass
D86-11,2479,479,-17.7053,3.9097,83.9815,98.7556,5539.3300,0.0000,0.0000,Pass
D86-11,2479,480,-17.5553,3.9102,83.3824,98.4102,5460.5800,0.0000,0.0000,Pass
D86-11,2479,481,-17.4048,3.9111,83.4683,98.3520,5471.8300,0.0000,0.0000,Pass
D86-11,2479,482,-17.2543,3.9117,83.1588,97.9926,5431.3300,0.0000,0.0000,Pass
D86-11,2479,483,-17.1037,3.9129,83.3480,98.3536,5456.0800,0.0000,0.0000,Pass
D86-11,2479,484,-16.8037,3.9135,83.8620,99.3065,5523.5800,0.0000,0.0000,Pass
D86-11,2479,485,-16.2021,3.9162,83.9132,98.3067,5530.3300,0.0000,0.0000,Pass
D86-11,2479,486,-16.0524,3.9167,84.1689,99.2027,5564.0800,0.0000,0.0000,Pass
D86-11,2479,487,-15.9022,3.9184,83.6568,99.1506,5496.5800,0.0000,0.0000,Pass
D86-11,2479,488,-15.7525,3.9190,84.2539,99.2001,5575.3300,0.0000,0.0000,Pass
D86-11,2479,489,-15.6022,3.9196,83.5712,99.6990,5485.3300,0.0000,0.0000,Pass
D86-11,2479,490,-15.4507,3.9204,84.3049,98.1475,5582.0800,0.0000,0.0000,Pass
D86-11,2479,491,-15.1503,3.9211,83.9985,98.6549,5541.5800,0.0000,0.0000,Pass
D86-11,2479,492,-14.9998,3.9224,84.1519,98.4191,5561.8300,0.0000,0.0000,Pass
D86-11,2479,493,-14.8491,3.9230,83.3480,99.1869,5456.0800,0.0000,0.0000,Pass
D86-11,2479,494,-16.9534,3.9126,83.7595,99.3821,5510.0800,0.0000,0.0000,Pass
D86-11,2479,495,-16.6532,3.9143,83.8279,99.0405,5519.0800,0.0000,0.0000,Pass
D86-11,2479,496,-16.5033,3.9144,84.0497,99.4899,5548.3300,0.0000,0.0000,Pass
D86-11,2479,497,-16.3527,3.9157,83.9474,99.4504,5534.8300,0.0000,0.0000,Pass
D86-11,2479,498,-15.3006,3.9216,84.3049,98.9913,5582.0800,0.0000,0.0000,Pass
D86-11,2479,499,-14.6983,3.9236,83.3137,98.3042,5451.5800,0.0000,0.0000,Pass
D86-11,2479,500,-14.5481,3.9241,83.7253,98.7843,5505.5800,0.0000,0.0000,Pass
D86-11,2479,501,-14.3985,3.9252,83.6226,99.0771,5492.0800,0.0000,0.0000,Pass
D86-11,2479,502,-14.2473,3.9251,84.4238,98.4769,5597.8300,0.0000,0.0000,Pass
D86-11,2479,503,-14.0968,3.9257,84.0497,98.3577,5548.3300,0.0000,0.0000,Pass
D86-11,2639,1,-143.9090,-0.6771,84.1348,99.2977,5559.5800,0.0000,0.0000,Pass
D86-11,2639,2,-143.6080,-0.6760,84.3049,99.4477,5582.0800,0.0000,0.0000,Pass
D86-11,2639,3,-142.5550,-0.6716,84.1519,99.6518,5561.8300,0.0000,0.0000,Pass
D86-11,2639,4,-145.8630,-0.6848,85.8037,97.7911,5782.3200,0.0000,0.0000,Pass
D86-11,2639,5,-145.7120,-0.6845,85.4189,98.3501,5730.5700,0.0000,0.0000,Pass
D86-11,2639,6,-145.5620,-0.6839,84.9481,98.0784,5667.5700,0.0000,0.0000,Pass
D86-11,2639,7,-145.4120,-0.6835,85.1165,99.0990,5690.0700,0.0000,0.0000,Pass
D86-11,2639,8,-145.2620,-0.6834,84.9481,99.5819,5667.5700,0.0000,0.0000,Pass
D86-11,2639,9,-145.1110,-0.6822,84.8975,98.3788,5660.8200,0.0000,0.0000,Pass
D86-11,2639,10,-144.9610,-0.6818,84.8637,97.9076,5656.3200,0.0000,0.0000,Pass
D86-11,2639,11,-144.8110,-0.6811,84.8131,98.8685,5649.5700,0.0000,0.0000,Pass
D86-11,2639,12,-144.6600,-0.6806,84.2879,97.8640,5579.8300,0.0000,0.0000,Pass
D86-11,2639,13,-144.5100,-0.6804,84.3898,98.7558,5593.3300,0.0000,0.0000,Pass
D86-11,2639,14,-144.3590,-0.6794,84.6610,99.2464,5629.3200,0.0000,0.0000,Pass
D86-11,2639,15,-144.2090,-0.6792,84.3389,98.8420,5586.5800,0.0000,0.0000,Pass
D86-11,2639,16,-144.0590,-0.6787,84.2029,98.6675,5568.5800,0.0000,0.0000,Pass
D86-11,2639,17,-143.7580,-0.6767,84.5086,98.5672,5609.0800,0.0000,0.0000,Pass
D86-11,2639,18,-143.4570,-0.6752,83.9985,98.7647,5541.5800,0.0000,0.0000,Pass
D86-11,2639,19,-143.3070,-0.6747,83.9644,98.6162,5537.0800,0.0000,0.0000,Pass
D86-11,2639,20,-143.1570,-0.6744,83.9985,99.0046,5541.5800,0.0000,0.0000,Pass
D86-11,2639,21,-143.0070,-0.6734,83.7424,98.1437,5507.8300,0.0000,0.0000,Pass
D86-11,2639,22,-142.8550,-0.6732,83.8962,98.8086,5528.0800,0.0000,0.0000,Pass
D86-11,2639,23,-142.7050,-0.6725,83.9644,99.5771,5537.0800,0.0000,0.0000,Pass
D86-11,2639,24,-142.4040,-0.6718,83.7082,98.1837,5503.3300,0.0000,0.0000,Pass
D86-11,2639,25,-142.2530,-0.6708,83.7595,96.8163,5510.0800,0.0000,0.0000,Pass
D86-11,2639,26,-142.1030,-0.6701,84.3898,98.9218,5593.3300,0.0000,0.0000,Pass
D86-11,2639,27,-146.0120,-0.8363,86.1037,97.9116,5822.8200,0.0000,0.0000,Pass
D86-11,2639,28,-145.8620,-0.8356,85.6533,97.7205,5762.0700,0.0000,0.0000,Pass
D86-11,2639,29,-145.7120,-0.8352,85.4524,98.8202,5735.0700,0.0000,0.0000,Pass
D86-11,2639,30,-145.5610,-0.8342,85.4357,97.7288,5732.8200,0.0000,0.0000,Pass
D86-11,2639,31,-145.1110,-0.8329,85.2847,99.3572,5712.5700,0.0000,0.0000,Pass
D86-11,2639,32,-144.3580,-0.8300,84.5763,98.9800,5618.0700,0.0000,0.0000,Pass
D86-11,2639,33,-143.9080,-0.8268,84.6610,99.3034,5629.3200,0.0000,0.0000,Pass
D86-11,2639,34,-143.6070,-0.8253,83.8449,99.4288,5521.3300,0.0000,0.0000,Pass
D86-11,2639,35,-143.4570,-0.8252,84.0838,99.1662,5552.8300,0.0000,0.0000,Pass
D86-11,2639,36,-143.3060,-0.8240,84.1519,98.9163,5561.8300,0.0000,0.0000,Pass
D86-11,2639,37,-142.8550,-0.8226,83.5540,99.1236,5483.0800,0.0000,0.0000,Pass
D86-11,2639,38,-142.7040,-0.8223,83.1760,99.4395,5433.5800,0.0000,0.0000,Pass
D86-11,2639,39,-142.1030,-0.8200,83.5197,99.1297,5478.5800,0.0000,0.0000,Pass
D86-11,2639,40,-145.4110,-0.8339,85.1334,98.5944,5692.3200,0.0000,0.0000,Pass
D86-11,2639,41,-145.2610,-0.8334,85.3182,98.7265,5717.0700,0.0000,0.0000,Pass
D86-11,2639,42,-144.9610,-0.8326,84.8300,98.2452,5651.8200,0.0000,0.0000,Pass
D86-11,2639,43,-144.8100,-0.8319,84.8637,99.1829,5656.3200,0.0000,0.0000,Pass
D86-11,2639,44,-144.6590,-0.8311,84.9481,99.0311,5667.5700,0.0000,0.0000,Pass
D86-11,2639,45,-144.5090,-0.8306,84.5763,99.1792,5618.0700,0.0000,0.0000,Pass
D86-11,2639,46,-144.2080,-0.8292,84.5086,98.6581,5609.0800,0.0000,0.0000,Pass
D86-11,2639,47,-144.0580,-0.8288,84.6440,99.1365,5627.0700,0.0000,0.0000,Pass
D86-11,2639,48,-143.7580,-0.8264,83.7766,98.7519,5512.3300,0.0000,0.0000,Pass
D86-11,2639,49,-143.1560,-0.8243,83.6397,98.5383,5494.3300,0.0000,0.0000,Pass
D86-11,2639,50,-143.0050,-0.8233,83.6568,98.8565,5496.5800,0.0000,0.0000,Pass
D86-11,2639,51,-142.5540,-0.8216,83.2621,98.2161,5444.8300,0.0000,0.0000,Pass
D86-11,2639,52,-142.4040,-0.8211,83.2449,98.8431,5442.5800,0.0000,0.0000,Pass
D86-11,2639,53,-142.2540,-0.8202,83.2621,98.1278,5444.8300,0.0000,0.0000,Pass
D86-11,2639,54,-141.9530,-0.8192,83.7082,99.1479,5503.3300,0.0000,0.0000,Pass
D86-11,2639,55,-146.0120,-0.9866,85.5697,98.3387,5750.8200,0.0000,0.0000,Pass
D86-11,2639,56,-145.8610,-0.9864,84.9987,98.5914,5674.3200,0.0000,0.0000,Pass
D86-11,2639,57,-145.7110,-0.9865,84.9312,98.2376,5665.3200,0.0000,0.0000,Pass
D86-11,2639,58,-145.5610,-0.9849,84.6102,99.8318,5622.5700,0.0000,0.0000,Pass
D86-11,2639,59,-145.4100,-0.9848,84.8637,99.4434,5656.3200,0.0000,0.0000,Pass
D86-11,2639,60,-145.2600,-0.9843,84.9481,97.9503,5667.5700,0.0000,0.0000,Pass
D86-11,2639,61,-145.1100,-0.9837,84.6610,98.8836,5629.3200,0.0000,0.0000,Pass
D86-11,2639,62,-144.8100,-0.9825,85.0324,98.1599,5678.8200,0.0000,0.0000,Pass
D86-11,2639,63,-144.6590,-0.9821,84.6440,98.9634,5627.0700,0.0000,0.0000,Pass
D86-11,2639,64,-144.5090,-0.9815,85.0155,99.2698,5676.5700,0.0000,0.0000,Pass
D86-11,2639,65,-144.0580,-0.9797,84.6610,99.1859,5629.3200,0.0000,0.0000,Pass
D86-11,2639,66,-143.9070,-0.9777,84.8469,98.9653,5654.0700,0.0000,0.0000,Pass
D86-11,2639,67,-143.7570,-0.9774,84.8469,99.1251,5654.0700,0.0000,0.0000,Pass
D86-11,2639,68,-143.6070,-0.9763,84.4238,99.9331,5597.8300,0.0000,0.0000,Pass
D86-11,2639,69,-143.4550,-0.9759,84.2709,98.7926,5577.5800,0.0000,0.0000,Pass
D86-11,2639,70,-143.3060,-0.9751,84.0497,99.0238,5548.3300,0.0000,0.0000,Pass
D86-11,2639,71,-143.1550,-0.9745,84.1519,98.9930,5561.8300,0.0000,0.0000,Pass
D86-11,2639,72,-142.7040,-0.9730,83.4339,97.5698,5467.3300,0.0000,0.0000,Pass
D86-11,2639,73,-142.5540,-0.9724,83.4339,98.9917,5467.3300,0.0000,0.0000,Pass
D86-11,2639,74,-142.4030,-0.9724,83.4511,99.4409,5469.5800,0.0000,0.0000,Pass
D86-11,2639,75,-142.2530,-0.9717,83.3824,99.2430,5460.5800,0.0000,0.0000,Pass
D86-11,2639,76,-142.1020,-0.9705,84.2879,98.4980,5579.8300,0.0000,0.0000,Pass
D86-11,2639,77,-144.9600,-0.9834,84.9987,98.4815,5674.3200,0.0000,0.0000,Pass
D86-11,2639,78,-144.3580,-0.9811,84.8300,98.6468,5651.8200,0.0000,0.0000,Pass
D86-11,2639,79,-144.2080,-0.9804,84.9144,99.0765,5663.0700,0.0000,0.0000,Pass
D86-11,2639,80,-143.0050,-0.9741,83.5883,98.6827,5487.5800,0.0000,0.0000,Pass
D86-11,2639,81,-142.8550,-0.9732,83.5369,99.1489,5480.8300,0.0000,0.0000,Pass
D86-11,2639,82,-141.9520,-0.9702,83.7766,96.8248,5512.3300,0.0000,0.0000,Pass
D86-11,2639,83,-146.0110,-1.1367,85.3686,99.0951,5723.8200,0.0000,0.0000,Pass
D86-11,2639,84,-145.7100,-1.1358,84.8300,98.2488,5651.8200,0.0000,0.0000,Pass
D86-11,2639,85,-143.0040,-1.1245,83.6910,98.4793,5501.0800,0.0000,0.0000,Pass
D86-11,2639,86,-142.1020,-1.1209,83.4683,98.9790,5471.8300,0.0000,0.0000,Pass
D86-11,2639,87,-145.8610,-1.1364,85.0324,98.3499,5678.8200,0.0000,0.0000,Pass
D86-11,2639,88,-145.5600,-1.1355,84.8975,98.8998,5660.8200,0.0000,0.0000,Pass
D86-11,2639,89,-145.4100,-1.1344,84.7286,98.4854,5638.3200,0.0000,0.0000,Pass
D86-11,2639,90,-145.2600,-1.1342,84.8131,99.2678,5649.5700,0.0000,0.0000,Pass
D86-11,2639,91,-145.1090,-1.1335,84.3559,99.0958,5588.8300,0.0000,0.0000,Pass
D86-11,2639,92,-144.9590,-1.1332,84.4577,99.1478,5602.3300,0.0000,0.0000,Pass
D86-11,2639,93,-144.8080,-1.1328,84.7117,99.0318,5636.0700,0.0000,0.0000,Pass
D86-11,2639,94,-144.6580,-1.1321,84.5594,99.2988,5615.8200,0.0000,0.0000,Pass
D86-11,2639,95,-144.5080,-1.1315,84.6271,98.9757,5624.8200,0.0000,0.0000,Pass
D86-11,2639,96,-144.3580,-1.1312,84.6610,98.8477,5629.3200,0.0000,0.0000,Pass
D86-11,2639,97,-144.2070,-1.1308,85.1165,99.2212,5690.0700,0.0000,0.0000,Pass
D86-11,2639,98,-144.0570,-1.1300,84.4238,99.1869,5597.8300,0.0000,0.0000,Pass
D86-11,2639,99,-143.9070,-1.1281,84.4407,98.8039,5600.0800,0.0000,0.0000,Pass
D86-11,2639,100,-143.7570,-1.1276,84.4068,99.1808,5595.5800,0.0000,0.0000,Pass
D86-11,2639,101,-143.6070,-1.1272,84.1178,99.7115,5557.3300,0.0000,0.0000,Pass
D86-11,2639,102,-143.4560,-1.1262,84.1859,99.2458,5566.3300,0.0000,0.0000,Pass
D86-11,2639,103,-143.3050,-1.1258,84.2199,98.8094,5570.8300,0.0000,0.0000,Pass
D86-11,2639,104,-143.1540,-1.1249,83.7082,99.0212,5503.3300,0.0000,0.0000,Pass
D86-11,2639,105,-142.8540,-1.1243,83.7937,98.6306,5514.5800,0.0000,0.0000,Pass
D86-11,2639,106,-142.7040,-1.1234,83.2621,98.9143,5444.8300,0.0000,0.0000,Pass
D86-11,2639,107,-142.5530,-1.1228,82.7963,98.9049,5384.0800,0.0000,0.0000,Pass
D86-11,2639,108,-142.4030,-1.1223,83.2793,98.3468,5447.0800,0.0000,0.0000,Pass
D86-11,2639,109,-142.2520,-1.1214,83.2105,99.2678,5438.0800,0.0000,0.0000,Pass
D86-11,2639,110,-141.9510,-1.1205,83.6568,98.3740,5496.5800,0.0000,0.0000,Pass
D86-11,2639,111,-146.0100,-1.2876,85.5195,97.8151,5744.0700,0.0000,0.0000,Pass
D86-11,2639,112,-145.8600,-1.2871,84.9987,97.6668,5674.3200,0.0000,0.0000,Pass
D86-11,2639,113,-145.7100,-1.2864,84.9312,99.0401,5665.3200,0.0000,0.0000,Pass
D86-11,2639,114,-145.5590,-1.2855,84.6271,98.3641,5624.8200,0.0000,0.0000,Pass
D86-11,2639,115,-145.2590,-1.2847,85.7870,98.9156,5780.0700,0.0000,0.0000,Pass
D86-11,2639,116,-145.1090,-1.2840,85.3182,99.4495,5717.0700,0.0000,0.0000,Pass
D86-11,2639,117,-144.9580,-1.2834,85.3686,99.4085,5723.8200,0.0000,0.0000,Pass
D86-11,2639,118,-144.8080,-1.2828,85.4189,98.9813,5730.5700,0.0000,0.0000,Pass
D86-11,2639,119,-144.5070,-1.2816,85.5530,99.7992,5748.5700,0.0000,0.0000,Pass
D86-11,2639,120,-144.3570,-1.2813,85.5195,99.3552,5744.0700,0.0000,0.0000,Pass
D86-11,2639,121,-143.9070,-1.2783,84.9144,99.3001,5663.0700,0.0000,0.0000,Pass
D86-11,2639,122,-143.7560,-1.2777,84.7455,98.8944,5640.5700,0.0000,0.0000,Pass
D86-11,2639,123,-143.4550,-1.2764,84.7793,98.9228,5645.0700,0.0000,0.0000,Pass
D86-11,2639,124,-143.3050,-1.2758,84.6948,98.6906,5633.8200,0.0000,0.0000,Pass
D86-11,2639,125,-143.1540,-1.2753,84.2709,98.3916,5577.5800,0.0000,0.0000,Pass
D86-11,2639,126,-142.5530,-1.2731,83.4683,98.0486,5471.8300,0.0000,0.0000,Pass
D86-11,2639,127,-142.4020,-1.2724,83.0554,99.3593,5417.8300,0.0000,0.0000,Pass
D86-11,2639,128,-145.4090,-1.2854,84.8131,99.2666,5649.5700,0.0000,0.0000,Pass
D86-11,2639,129,-144.6580,-1.2824,85.1165,99.8776,5690.0700,0.0000,0.0000,Pass
D86-11,2639,130,-144.2070,-1.2808,85.3015,98.7045,5714.8200,0.0000,0.0000,Pass
D86-11,2639,131,-144.0560,-1.2799,85.3350,99.7937,5719.3200,0.0000,0.0000,Pass
D86-11,2639,132,-143.6050,-1.2768,84.8975,99.7453,5660.8200,0.0000,0.0000,Pass
D86-11,2639,133,-143.0040,-1.2748,84.2369,99.2599,5573.0800,0.0000,0.0000,Pass
D86-11,2639,134,-142.8540,-1.2742,83.9815,99.0988,5539.3300,0.0000,0.0000,Pass
D86-11,2639,135,-142.7030,-1.2732,83.3824,98.3250,5460.5800,0.0000,0.0000,Pass
D86-11,2639,136,-142.2510,-1.2720,83.3480,98.5645,5456.0800,0.0000,0.0000,Pass
D86-11,2639,137,-142.1010,-1.2713,83.3309,98.9037,5453.8300,0.0000,0.0000,Pass
D86-11,2639,138,-141.9500,-1.2704,83.7082,99.5876,5503.3300,0.0000,0.0000,Pass
D86-11,2639,139,-145.8590,-1.4377,85.2847,99.0513,5712.5700,0.0000,0.0000,Pass
D86-11,2639,140,-146.0090,-1.4382,85.0492,99.2158,5681.0700,0.0000,0.0000,Pass
D86-11,2639,141,-145.7090,-1.4372,84.7286,98.5567,5638.3200,0.0000,0.0000,Pass
D86-11,2639,142,-145.5590,-1.4366,84.6440,98.8689,5627.0700,0.0000,0.0000,Pass
D86-11,2639,143,-145.4080,-1.4359,85.0492,99.1254,5681.0700,0.0000,0.0000,Pass
D86-11,2639,144,-142.5520,-1.4237,83.1932,98.8747,5435.8300,0.0000,0.0000,Pass
D86-11,2639,145,-142.2510,-1.4225,83.3996,98.6546,5462.8300,0.0000,0.0000,Pass
D86-11,2639,146,-141.9500,-1.4210,83.9132,99.1365,5530.3300,0.0000,0.0000,Pass
D86-11,2639,147,-142.4010,-1.4233,83.4168,99.1657,5465.0800,0.0000,0.0000,Pass
D86-11,2639,148,-142.1000,-1.4215,83.5883,99.7102,5487.5800,0.0000,0.0000,Pass
D86-11,2639,149,-146.0080,-1.5885,84.9650,98.9944,5669.8200,0.0000,0.0000,Pass
D86-11,2639,150,-145.8590,-1.5876,84.6948,98.7267,5633.8200,0.0000,0.0000,Pass
D86-11,2639,151,-145.7080,-1.5873,85.0829,98.9534,5685.5700,0.0000,0.0000,Pass
D86-11,2639,152,-145.5580,-1.5868,84.6271,99.5213,5624.8200,0.0000,0.0000,Pass
D86-11,2639,153,-145.4080,-1.5859,85.3854,98.9049,5726.0700,0.0000,0.0000,Pass
D86-11,2639,154,-142.5510,-1.5736,83.3996,99.2506,5462.8300,0.0000,0.0000,Pass
D86-11,2639,155,-142.4010,-1.5735,83.0726,98.3798,5420.0800,0.0000,0.0000,Pass
D86-11,2639,156,-142.2500,-1.5721,83.4339,98.3983,5467.3300,0.0000,0.0000,Pass
D86-11,2639,157,-141.9490,-1.5720,83.7937,98.9673,5514.5800,0.0000,0.0000,Pass
D86-11,2639,158,-142.1000,-1.5721,83.3309,98.4291,5453.8300,0.0000,0.0000,Pass
D86-11,2639,159,-144.8800,-1.6925,85.5530,98.8603,5748.5700,0.0000,0.0000,Pass
D86-11,2639,160,-143.8900,-1.6870,84.6779,99.4687,5631.5700,0.0000,0.0000,Pass
D86-11,2639,161,-143.3950,-1.6851,84.1348,99.2298,5559.5800,0.0000,0.0000,Pass
D86-11,2639,162,-144.7150,-1.6919,85.2175,99.5490,5703.5700,0.0000,0.0000,Pass
D86-11,2639,163,-144.5500,-1.6909,85.5697,99.4691,5750.8200,0.0000,0.0000,Pass
D86-11,2639,164,-144.3850,-1.6905,85.0492,99.6012,5681.0700,0.0000,0.0000,Pass
D86-11,2639,165,-144.2200,-1.6898,84.9144,97.8005,5663.0700,0.0000,0.0000,Pass
D86-11,2639,166,-144.0550,-1.6891,84.5763,99.2747,5618.0700,0.0000,0.0000,Pass
D86-11,2639,167,-143.7250,-1.6864,84.7962,99.0558,5647.3200,0.0000,0.0000,Pass
D86-11,2639,168,-143.5610,-1.6855,84.0667,99.0354,5550.5800,0.0000,0.0000,Pass
D86-11,2639,169,-143.2300,-1.6844,84.4577,99.2520,5602.3300,0.0000,0.0000,Pass
D86-11,2639,170,-143.0650,-1.6839,84.4577,98.7034,5602.3300,0.0000,0.0000,Pass
D86-11,2639,171,-142.9000,-1.6829,84.7455,99.6591,5640.5700,0.0000,0.0000,Pass
D86-11,2639,172,-146.0080,-1.7389,85.8037,98.2082,5782.3200,0.0000,0.0000,Pass
D86-11,2639,173,-145.8580,-1.7383,85.1670,98.9721,5696.8200,0.0000,0.0000,Pass
D86-11,2639,174,-145.7080,-1.7379,84.8975,99.3185,5660.8200,0.0000,0.0000,Pass
D86-11,2639,175,-145.5570,-1.7372,85.1502,99.6866,5694.5700,0.0000,0.0000,Pass
D86-11,2639,176,-145.4070,-1.7368,85.3350,99.3300,5719.3200,0.0000,0.0000,Pass
D86-11,2639,177,-142.0990,-1.7223,83.5712,99.2790,5485.3300,0.0000,0.0000,Pass
D86-11,2639,178,-142.5510,-1.7239,83.2277,98.8836,5440.3300,0.0000,0.0000,Pass
D86-11,2639,179,-142.4000,-1.7231,83.3309,98.7724,5453.8300,0.0000,0.0000,Pass
D86-11,2639,180,-142.2500,-1.7223,83.3996,98.1098,5462.8300,0.0000,0.0000,Pass
D86-11,2639,181,-141.9480,-1.7214,83.6054,99.8870,5489.8300,0.0000,0.0000,Pass
D86-11,2639,182,-145.0450,-1.8573,85.6032,98.7262,5755.3200,0.0000,0.0000,Pass
D86-11,2639,183,-144.8800,-1.8567,84.8637,98.9646,5656.3200,0.0000,0.0000,Pass
D86-11,2639,184,-144.7150,-1.8563,84.9987,99.3558,5674.3200,0.0000,0.0000,Pass
D86-11,2639,185,-144.5490,-1.8554,84.9481,99.5282,5667.5700,0.0000,0.0000,Pass
D86-11,2639,186,-144.3850,-1.8553,84.1519,98.0107,5561.8300,0.0000,0.0000,Pass
D86-11,2639,187,-144.2200,-1.8545,84.2029,99.3093,5568.5800,0.0000,0.0000,Pass
D86-11,2639,188,-144.0550,-1.8535,84.3898,99.2459,5593.3300,0.0000,0.0000,Pass
D86-11,2639,189,-143.8910,-1.8520,83.8279,98.8867,5519.0800,0.0000,0.0000,Pass
D86-11,2639,190,-143.7250,-1.8514,84.1689,98.8937,5564.0800,0.0000,0.0000,Pass
D86-11,2639,191,-143.5590,-1.8503,83.7595,98.3705,5510.0800,0.0000,0.0000,Pass
D86-11,2639,192,-143.3950,-1.8495,84.0667,99.7083,5550.5800,0.0000,0.0000,Pass
D86-11,2639,193,-143.2300,-1.8491,83.9644,99.6170,5537.0800,0.0000,0.0000,Pass
D86-11,2639,194,-142.8990,-1.8484,84.6440,99.5167,5627.0700,0.0000,0.0000,Pass
D86-11,2639,195,-143.0640,-1.8489,84.0667,99.1082,5550.5800,0.0000,0.0000,Pass
D86-11,2639,196,-146.0070,-1.8890,85.0492,98.3895,5681.0700,0.0000,0.0000,Pass
D86-11,2639,197,-145.8570,-1.8883,84.7793,98.9993,5645.0700,0.0000,0.0000,Pass
D86-11,2639,198,-145.7070,-1.8880,84.6779,99.0168,5631.5700,0.0000,0.0000,Pass
D86-11,2639,199,-145.5570,-1.8873,84.5933,99.3934,5620.3200,0.0000,0.0000,Pass
D86-11,2639,200,-145.4070,-1.8865,84.8300,99.6603,5651.8200,0.0000,0.0000,Pass
D86-11,2639,201,-142.5500,-1.8746,84.2539,99.0542,5575.3300,0.0000,0.0000,Pass
D86-11,2639,202,-142.3990,-1.8738,83.7082,99.7225,5503.3300,0.0000,0.0000,Pass
D86-11,2639,203,-142.2490,-1.8732,83.5026,99.4054,5476.3300,0.0000,0.0000,Pass
D86-11,2639,204,-142.0990,-1.8726,83.5026,98.7106,5476.3300,0.0000,0.0000,Pass
D86-11,2639,205,-141.9480,-1.8717,83.6568,99.7683,5496.5800,0.0000,0.0000,Pass
D86-11,2639,206,-145.0440,-2.0227,85.6032,99.8798,5755.3200,0.0000,0.0000,Pass
D86-11,2639,207,-144.8790,-2.0224,85.7202,99.5476,5771.0700,0.0000,0.0000,Pass
D86-11,2639,208,-144.7140,-2.0217,85.2511,99.7086,5708.0700,0.0000,0.0000,Pass
D86-11,2639,209,-144.2190,-2.0195,84.7286,98.9243,5638.3200,0.0000,0.0000,Pass
D86-11,2639,210,-143.8900,-2.0170,84.3049,99.5004,5582.0800,0.0000,0.0000,Pass
D86-11,2639,211,-143.3940,-2.0150,84.2539,99.7949,5575.3300,0.0000,0.0000,Pass
D86-11,2639,212,-143.2290,-2.0141,84.1348,99.6639,5559.5800,0.0000,0.0000,Pass
D86-11,2639,213,-143.0640,-2.0139,84.4407,99.4121,5600.0800,0.0000,0.0000,Pass
D86-11,2639,214,-144.5490,-2.0212,85.2006,99.4553,5701.3200,0.0000,0.0000,Pass
D86-11,2639,215,-144.3830,-2.0203,84.8300,99.3033,5651.8200,0.0000,0.0000,Pass
D86-11,2639,216,-144.0540,-2.0187,84.3729,99.4219,5591.0800,0.0000,0.0000,Pass
D86-11,2639,217,-143.7240,-2.0166,84.5763,99.1996,5618.0700,0.0000,0.0000,Pass
D86-11,2639,218,-143.5600,-2.0155,84.2539,99.4234,5575.3300,0.0000,0.0000,Pass
D86-11,2639,219,-142.8980,-2.0128,84.1178,99.8552,5557.3300,0.0000,0.0000,Pass
D86-11,2639,220,-146.0070,-2.0398,85.3686,99.0020,5723.8200,0.0000,0.0000,Pass
D86-11,2639,221,-145.8570,-2.0391,86.0205,99.0480,5811.5700,0.0000,0.0000,Pass
D86-11,2639,222,-145.7070,-2.0387,85.4357,99.7258,5732.8200,0.0000,0.0000,Pass
D86-11,2639,223,-145.5560,-2.0380,85.3854,98.4671,5726.0700,0.0000,0.0000,Pass
D86-11,2639,224,-145.4060,-2.0373,85.7870,99.1120,5780.0700,0.0000,0.0000,Pass
D86-11,2639,225,-142.5490,-2.0252,83.2449,98.8516,5442.5800,0.0000,0.0000,Pass
D86-11,2639,226,-142.3990,-2.0241,82.5017,98.6309,5345.8300,0.0000,0.0000,Pass
D86-11,2639,227,-142.2480,-2.0241,83.0209,99.4356,5413.3300,0.0000,0.0000,Pass
D86-11,2639,228,-142.0980,-2.0228,83.3137,98.8679,5451.5800,0.0000,0.0000,Pass
D86-11,2639,229,-141.9470,-2.0223,83.4339,99.2042,5467.3300,0.0000,0.0000,Pass
D86-11,2639,230,-146.0070,-2.1899,85.4524,99.3381,5735.0700,0.0000,0.0000,Pass
D86-11,2639,231,-145.5550,-2.1883,84.7455,99.4185,5640.5700,0.0000,0.0000,Pass
D86-11,2639,232,-145.4050,-2.1876,84.9987,99.3858,5674.3200,0.0000,0.0000,Pass
D86-11,2639,233,-143.7240,-2.1819,84.2879,99.3688,5579.8300,0.0000,0.0000,Pass
D86-11,2639,234,-142.5480,-2.1748,83.5026,98.9685,5476.3300,0.0000,0.0000,Pass
D86-11,2639,235,-142.3980,-2.1745,83.9644,98.9793,5537.0800,0.0000,0.0000,Pass
D86-11,2639,236,-142.2480,-2.1738,83.6226,98.6181,5492.0800,0.0000,0.0000,Pass
D86-11,2639,237,-142.0970,-2.1733,83.8108,99.6467,5516.8300,0.0000,0.0000,Pass
D86-11,2639,238,-141.9470,-2.1727,83.8449,99.3245,5521.3300,0.0000,0.0000,Pass
D86-11,2639,239,-145.0430,-2.1883,85.2006,99.2736,5701.3200,0.0000,0.0000,Pass
D86-11,2639,240,-144.8780,-2.1879,84.5594,99.4808,5615.8200,0.0000,0.0000,Pass
D86-11,2639,241,-144.7140,-2.1866,84.4577,98.6376,5602.3300,0.0000,0.0000,Pass
D86-11,2639,242,-144.5480,-2.1865,84.2879,99.4388,5579.8300,0.0000,0.0000,Pass
D86-11,2639,243,-144.3830,-2.1862,84.1689,99.1087,5564.0800,0.0000,0.0000,Pass
D86-11,2639,244,-144.2180,-2.1853,84.3729,98.6553,5591.0800,0.0000,0.0000,Pass
D86-11,2639,245,-143.8880,-2.1826,84.3389,99.4414,5586.5800,0.0000,0.0000,Pass
D86-11,2639,246,-143.5580,-2.1812,83.6910,99.6541,5501.0800,0.0000,0.0000,Pass
D86-11,2639,247,-143.3930,-2.1803,84.0838,99.8212,5552.8300,0.0000,0.0000,Pass
D86-11,2639,248,-143.2280,-2.1796,84.3389,99.1652,5586.5800,0.0000,0.0000,Pass
D86-11,2639,249,-143.0630,-2.1789,84.3559,98.8179,5588.8300,0.0000,0.0000,Pass
D86-11,2639,250,-142.8980,-2.1783,84.5424,98.2644,5613.5700,0.0000,0.0000,Pass
D86-11,2639,251,-144.0530,-2.1852,84.0156,99.8537,5543.8300,0.0000,0.0000,Pass
D86-11,2639,252,-146.0060,-2.3411,85.2175,99.2953,5703.5700,0.0000,0.0000,Pass
D86-11,2639,253,-145.8550,-2.3398,85.2343,99.5948,5705.8200,0.0000,0.0000,Pass
D86-11,2639,254,-145.7050,-2.3394,85.0829,98.6878,5685.5700,0.0000,0.0000,Pass
D86-11,2639,255,-145.5550,-2.3385,84.8469,99.3716,5654.0700,0.0000,0.0000,Pass
D86-11,2639,256,-145.4040,-2.3380,85.5362,99.6138,5746.3200,0.0000,0.0000,Pass
D86-11,2639,257,-142.5480,-2.3257,83.5026,98.8973,5476.3300,0.0000,0.0000,Pass
D86-11,2639,258,-142.3980,-2.3251,83.3309,98.9611,5453.8300,0.0000,0.0000,Pass
D86-11,2639,259,-142.0960,-2.3238,83.6568,99.1793,5496.5800,0.0000,0.0000,Pass
D86-11,2639,260,-142.2470,-2.3247,83.4683,99.4284,5471.8300,0.0000,0.0000,Pass
D86-11,2639,261,-141.9460,-2.3232,83.4854,98.6429,5474.0800,0.0000,0.0000,Pass
D86-11,2639,262,-145.0420,-2.3535,85.7703,99.5089,5777.8200,0.0000,0.0000,Pass
D86-11,2639,263,-144.7120,-2.3516,84.8637,99.5867,5656.3200,0.0000,0.0000,Pass
D86-11,2639,264,-144.5470,-2.3514,84.6948,99.4182,5633.8200,0.0000,0.0000,Pass
D86-11,2639,265,-144.3820,-2.3502,83.8449,98.9930,5521.3300,0.0000,0.0000,Pass
D86-11,2639,266,-144.2170,-2.3495,84.3049,98.8182,5582.0800,0.0000,0.0000,Pass
D86-11,2639,267,-144.0520,-2.3490,83.8449,99.3579,5521.3300,0.0000,0.0000,Pass
D86-11,2639,268,-143.8880,-2.3471,83.6568,99.5602,5496.5800,0.0000,0.0000,Pass
D86-11,2639,269,-143.5580,-2.3456,83.5369,98.7590,5480.8300,0.0000,0.0000,Pass
D86-11,2639,270,-143.3920,-2.3446,83.7595,99.1552,5510.0800,0.0000,0.0000,Pass
D86-11,2639,271,-143.2280,-2.3443,83.7595,98.9155,5510.0800,0.0000,0.0000,Pass
D86-11,2639,272,-143.0620,-2.3441,84.1008,99.5839,5555.0800,0.0000,0.0000,Pass
D86-11,2639,273,-144.8770,-2.3528,85.2175,99.6729,5703.5700,0.0000,0.0000,Pass
D86-11,2639,274,-143.7230,-2.3462,83.8108,99.8747,5516.8300,0.0000,0.0000,Pass
D86-11,2639,275,-142.8980,-2.3434,83.8279,98.8406,5519.0800,0.0000,0.0000,Pass
D86-11,2639,276,-145.8550,-2.4902,85.1165,99.7139,5690.0700,0.0000,0.0000,Pass
D86-11,2639,277,-145.7040,-2.4901,84.3898,99.8957,5593.3300,0.0000,0.0000,Pass
D86-11,2639,278,-146.0050,-2.4908,84.9312,98.6588,5665.3200,0.0000,0.0000,Pass
D86-11,2639,279,-145.5540,-2.4893,84.8469,99.1800,5654.0700,0.0000,0.0000,Pass
D86-11,2639,280,-145.4040,-2.4887,85.2343,98.6720,5705.8200,0.0000,0.0000,Pass
D86-11,2639,281,-142.5480,-2.4755,83.9815,99.2440,5539.3300,0.0000,0.0000,Pass
D86-11,2639,282,-142.3970,-2.4755,83.3996,98.7480,5462.8300,0.0000,0.0000,Pass
D86-11,2639,283,-142.2460,-2.4740,83.3309,99.0027,5453.8300,0.0000,0.0000,Pass
D86-11,2639,284,-142.0960,-2.4740,83.1932,97.5450,5435.8300,0.0000,0.0000,Pass
D86-11,2639,285,-141.9450,-2.4735,83.5712,99.5007,5485.3300,0.0000,0.0000,Pass
D86-11,2639,286,-144.5470,-2.5165,84.9650,99.4891,5669.8200,0.0000,0.0000,Pass
D86-11,2639,287,-143.8870,-2.5122,83.8449,99.8310,5521.3300,0.0000,0.0000,Pass
D86-11,2639,288,-143.5570,-2.5104,84.3898,99.2188,5593.3300,0.0000,0.0000,Pass
D86-11,2639,289,-145.0420,-2.5184,85.1502,99.5136,5694.5700,0.0000,0.0000,Pass
D86-11,2639,290,-144.8760,-2.5184,84.9144,99.5990,5663.0700,0.0000,0.0000,Pass
D86-11,2639,291,-144.7120,-2.5177,84.5255,98.9046,5611.3300,0.0000,0.0000,Pass
D86-11,2639,292,-144.3820,-2.5156,84.4746,99.7202,5604.5800,0.0000,0.0000,Pass
D86-11,2639,293,-144.2170,-2.5143,84.5255,99.0693,5611.3300,0.0000,0.0000,Pass
D86-11,2639,294,-144.0520,-2.5139,83.9985,99.3255,5541.5800,0.0000,0.0000,Pass
D86-11,2639,295,-143.7220,-2.5115,83.7424,99.6001,5507.8300,0.0000,0.0000,Pass
D86-11,2639,296,-143.3920,-2.5101,84.0497,99.6499,5548.3300,0.0000,0.0000,Pass
D86-11,2639,297,-143.2270,-2.5094,83.9303,99.1306,5532.5800,0.0000,0.0000,Pass
D86-11,2639,298,-143.0620,-2.5091,84.2539,99.2169,5575.3300,0.0000,0.0000,Pass
D86-11,2639,299,-142.8960,-2.5080,84.3389,99.8001,5586.5800,0.0000,0.0000,Pass
D86-11,2639,300,-146.0040,-2.6408,84.8300,98.3550,5651.8200,0.0000,0.0000,Pass
D86-11,2639,301,-145.8540,-2.6404,84.3219,98.8217,5584.3300,0.0000,0.0000,Pass
D86-11,2639,302,-145.7040,-2.6393,84.5424,98.2576,5613.5700,0.0000,0.0000,Pass
D86-11,2639,303,-145.5540,-2.6389,84.1689,98.8267,5564.0800,0.0000,0.0000,Pass
D86-11,2639,304,-145.4040,-2.6383,84.8469,98.4926,5654.0700,0.0000,0.0000,Pass
D86-11,2639,305,-142.5470,-2.6261,83.2105,97.8553,5438.0800,0.0000,0.0000,Pass
D86-11,2639,306,-142.3960,-2.6248,82.5884,97.5105,5357.0800,0.0000,0.0000,Pass
D86-11,2639,307,-142.2460,-2.6242,83.0381,98.3970,5415.5800,0.0000,0.0000,Pass
D86-11,2639,308,-142.0950,-2.6241,83.1071,97.5695,5424.5800,0.0000,0.0000,Pass
D86-11,2639,309,-141.9450,-2.6233,82.9864,98.3568,5408.8300,0.0000,0.0000,Pass
D86-11,2639,310,-145.0410,-2.6823,85.5195,99.5020,5744.0700,0.0000,0.0000,Pass
D86-11,2639,311,-144.8760,-2.6814,85.1165,99.5652,5690.0700,0.0000,0.0000,Pass
D86-11,2639,312,-144.7110,-2.6812,84.6440,99.1879,5627.0700,0.0000,0.0000,Pass
D86-11,2639,313,-144.5460,-2.6803,84.8806,99.5466,5658.5700,0.0000,0.0000,Pass
D86-11,2639,314,-144.3810,-2.6801,84.4577,99.8818,5602.3300,0.0000,0.0000,Pass
D86-11,2639,315,-144.2160,-2.6791,84.2369,99.5644,5573.0800,0.0000,0.0000,Pass
D86-11,2639,316,-143.8870,-2.6762,83.8962,99.8471,5528.0800,0.0000,0.0000,Pass
D86-11,2639,317,-143.7220,-2.6757,83.9303,99.8078,5532.5800,0.0000,0.0000,Pass
D86-11,2639,318,-143.5570,-2.6745,84.3389,99.2049,5586.5800,0.0000,0.0000,Pass
D86-11,2639,319,-143.3910,-2.6741,84.2879,99.7087,5579.8300,0.0000,0.0000,Pass
D86-11,2639,320,-143.2260,-2.6734,84.2199,98.6031,5570.8300,0.0000,0.0000,Pass
D86-11,2639,321,-143.0610,-2.6729,84.6271,99.3200,5624.8200,0.0000,0.0000,Pass
D86-11,2639,322,-142.8960,-2.6723,84.3049,98.9634,5582.0800,0.0000,0.0000,Pass
D86-11,2639,323,-144.0510,-2.6786,84.5594,99.7299,5615.8200,0.0000,0.0000,Pass
D86-11,2639,324,-146.0040,-2.7915,85.6868,99.1022,5766.5700,0.0000,0.0000,Pass
D86-11,2639,325,-145.8530,-2.7905,85.1165,98.0613,5690.0700,0.0000,0.0000,Pass
D86-11,2639,326,-145.7030,-2.7896,84.8300,99.4323,5651.8200,0.0000,0.0000,Pass
D86-11,2639,327,-145.5530,-2.7888,85.3015,99.5621,5714.8200,0.0000,0.0000,Pass
D86-11,2639,328,-145.4030,-2.7879,85.5697,99.4840,5750.8200,0.0000,0.0000,Pass
D86-11,2639,329,-142.5470,-2.7758,83.5197,98.9541,5478.5800,0.0000,0.0000,Pass
D86-11,2639,330,-142.2450,-2.7743,83.2277,98.7513,5440.3300,0.0000,0.0000,Pass
D86-11,2639,331,-142.0950,-2.7731,82.9173,97.6941,5399.8300,0.0000,0.0000,Pass
D86-11,2639,332,-141.9440,-2.7730,83.6226,99.5990,5492.0800,0.0000,0.0000,Pass
D86-11,2639,333,-142.3960,-2.7747,83.4511,99.3365,5469.5800,0.0000,0.0000,Pass
D86-11,2639,334,-145.0400,-2.8473,85.5195,99.7950,5744.0700,0.0000,0.0000,Pass
D86-11,2639,335,-144.8750,-2.8466,85.5530,99.8280,5748.5700,0.0000,0.0000,Pass
D86-11,2639,336,-144.7100,-2.8457,85.4860,99.4881,5739.5700,0.0000,0.0000,Pass
D86-11,2639,337,-144.5460,-2.8451,84.9987,99.5533,5674.3200,0.0000,0.0000,Pass
D86-11,2639,338,-144.3800,-2.8446,84.8300,99.1833,5651.8200,0.0000,0.0000,Pass
D86-11,2639,339,-143.8860,-2.8410,84.1689,99.5427,5564.0800,0.0000,0.0000,Pass
D86-11,2639,340,-143.7210,-2.8405,83.9815,99.5706,5539.3300,0.0000,0.0000,Pass
D86-11,2639,341,-143.5560,-2.8388,83.8620,98.6720,5523.5800,0.0000,0.0000,Pass
D86-11,2639,342,-143.3910,-2.8391,83.7766,98.2013,5512.3300,0.0000,0.0000,Pass
D86-11,2639,343,-143.2250,-2.8383,83.9985,98.9963,5541.5800,0.0000,0.0000,Pass
D86-11,2639,344,-143.0610,-2.8377,84.0667,99.4891,5550.5800,0.0000,0.0000,Pass
D86-11,2639,345,-144.2150,-2.8438,84.4916,99.2717,5606.8300,0.0000,0.0000,Pass
D86-11,2639,346,-144.0500,-2.8430,84.3049,99.6374,5582.0800,0.0000,0.0000,Pass
D86-11,2639,347,-142.8950,-2.8375,84.1519,99.5562,5561.8300,0.0000,0.0000,Pass
D86-11,2639,348,-145.5530,-2.9394,84.7793,99.5402,5645.0700,0.0000,0.0000,Pass
D86-11,2639,349,-146.0030,-2.9413,85.3015,99.0531,5714.8200,0.0000,0.0000,Pass
D86-11,2639,350,-145.8530,-2.9406,85.0660,99.2955,5683.3200,0.0000,0.0000,Pass
D86-11,2639,351,-145.7030,-2.9398,84.8131,99.6471,5649.5700,0.0000,0.0000,Pass
D86-11,2639,352,-145.4020,-2.9388,85.3350,99.2849,5719.3200,0.0000,0.0000,Pass
D86-11,2639,353,-142.5460,-2.9259,83.9985,99.8830,5541.5800,0.0000,0.0000,Pass
D86-11,2639,354,-142.3950,-2.9253,83.9644,99.1481,5537.0800,0.0000,0.0000,Pass
D86-11,2639,355,-142.2450,-2.9248,83.4683,98.8740,5471.8300,0.0000,0.0000,Pass
D86-11,2639,356,-141.9440,-2.9231,83.5369,97.7494,5480.8300,0.0000,0.0000,Pass
D86-11,2639,357,-142.0940,-2.9239,83.5197,98.4334,5478.5800,0.0000,0.0000,Pass
D86-11,2639,358,-145.8520,-3.0909,85.3015,99.2686,5714.8200,0.0000,0.0000,Pass
D86-11,2639,359,-146.0030,-3.0919,85.7536,99.3684,5775.5700,0.0000,0.0000,Pass
D86-11,2639,360,-145.7020,-3.0905,85.5195,99.7757,5744.0700,0.0000,0.0000,Pass
D86-11,2639,361,-145.5520,-3.0898,85.2847,99.5986,5712.5700,0.0000,0.0000,Pass
D86-11,2639,362,-145.4020,-3.0892,85.5530,99.8292,5748.5700,0.0000,0.0000,Pass
D86-11,2639,363,-142.5450,-3.0756,83.8962,98.8988,5528.0800,0.0000,0.0000,Pass
D86-11,2639,364,-142.3950,-3.0759,83.5369,98.9932,5480.8300,0.0000,0.0000,Pass
D86-11,2639,365,-142.2440,-3.0745,83.8791,99.1368,5525.8300,0.0000,0.0000,Pass
D86-11,2639,366,-142.0930,-3.0738,83.8791,98.1970,5525.8300,0.0000,0.0000,Pass
D86-11,2639,367,-141.9430,-3.0735,83.8962,98.6811,5528.0800,0.0000,0.0000,Pass
D86-11,2639,368,-146.0020,-3.2415,85.7035,99.1098,5768.8200,0.0000,0.0000,Pass
D86-11,2639,369,-145.5520,-3.2399,84.9481,99.3454,5667.5700,0.0000,0.0000,Pass
D86-11,2639,370,-145.2510,-3.2387,85.0492,99.2985,5681.0700,0.0000,0.0000,Pass
D86-11,2639,371,-144.1980,-3.2347,84.9144,99.7991,5663.0700,0.0000,0.0000,Pass
D86-11,2639,372,-143.8980,-3.2324,84.3219,99.3640,5584.3300,0.0000,0.0000,Pass
D86-11,2639,373,-143.7480,-3.2321,84.5424,99.8313,5613.5700,0.0000,0.0000,Pass
D86-11,2639,374,-143.2970,-3.2302,84.2879,99.2195,5579.8300,0.0000,0.0000,Pass
D86-11,2639,375,-145.8520,-3.2414,85.2006,99.1894,5701.3200,0.0000,0.0000,Pass
D86-11,2639,376,-145.7010,-3.2408,85.0660,99.2496,5683.3200,0.0000,0.0000,Pass
D86-11,2639,377,-145.4010,-3.2394,85.2175,99.4718,5703.5700,0.0000,0.0000,Pass
D86-11,2639,378,-145.1010,-3.2384,85.3518,99.5929,5721.5700,0.0000,0.0000,Pass
D86-11,2639,379,-144.9500,-3.2377,85.5530,99.5228,5748.5700,0.0000,0.0000,Pass
D86-11,2639,380,-144.8000,-3.2373,85.5362,99.5734,5746.3200,0.0000,0.0000,Pass
D86-11,2639,381,-144.6490,-3.2368,85.3182,99.0895,5717.0700,0.0000,0.0000,Pass
D86-11,2639,382,-144.4990,-3.2360,84.9144,99.5866,5663.0700,0.0000,0.0000,Pass
D86-11,2639,383,-144.3490,-3.2355,84.9650,99.6870,5669.8200,0.0000,0.0000,Pass
D86-11,2639,384,-144.0480,-3.2340,84.3049,99.0649,5582.0800,0.0000,0.0000,Pass
D86-11,2639,385,-143.5980,-3.2311,83.9985,98.5443,5541.5800,0.0000,0.0000,Pass
D86-11,2639,386,-143.4480,-3.2306,84.4068,99.7228,5595.5800,0.0000,0.0000,Pass
D86-11,2639,387,-143.1460,-3.2292,84.5594,99.5453,5615.8200,0.0000,0.0000,Pass
D86-11,2639,388,-142.9960,-3.2287,84.3898,99.3562,5593.3300,0.0000,0.0000,Pass
D86-11,2639,389,-142.8450,-3.2279,84.3049,98.9008,5582.0800,0.0000,0.0000,Pass
D86-11,2639,390,-142.6950,-3.2278,83.8791,97.8130,5525.8300,0.0000,0.0000,Pass
D86-11,2639,391,-142.5440,-3.2269,84.1348,98.6313,5559.5800,0.0000,0.0000,Pass
D86-11,2639,392,-142.2430,-3.2252,83.0381,99.5976,5415.5800,0.0000,0.0000,Pass
D86-11,2639,393,-142.0930,-3.2249,83.1760,98.1249,5433.5800,0.0000,0.0000,Pass
D86-11,2639,394,-142.3940,-3.2258,83.3137,98.8860,5451.5800,0.0000,0.0000,Pass
D86-11,2639,395,-141.9420,-3.2242,84.1689,99.2605,5564.0800,0.0000,0.0000,Pass
D86-11,2639,396,-146.0010,-3.3924,85.7703,98.8678,5777.8200,0.0000,0.0000,Pass
D86-11,2639,397,-145.1000,-3.3887,85.1165,99.6231,5690.0700,0.0000,0.0000,Pass
D86-11,2639,398,-143.4470,-3.3803,84.3898,99.4847,5593.3300,0.0000,0.0000,Pass
D86-11,2639,399,-145.8510,-3.3919,85.8705,99.2749,5791.3200,0.0000,0.0000,Pass
D86-11,2639,400,-145.7010,-3.3912,85.5864,99.3189,5753.0700,0.0000,0.0000,Pass
D86-11,2639,401,-145.5510,-3.3905,85.0997,99.6370,5687.8200,0.0000,0.0000,Pass
D86-11,2639,402,-145.4000,-3.3896,84.7455,99.5544,5640.5700,0.0000,0.0000,Pass
D86-11,2639,403,-145.2500,-3.3894,84.9144,99.6891,5663.0700,0.0000,0.0000,Pass
D86-11,2639,404,-144.9500,-3.3886,85.1838,99.4465,5699.0700,0.0000,0.0000,Pass
D86-11,2639,405,-144.7990,-3.3875,84.8975,99.3504,5660.8200,0.0000,0.0000,Pass
D86-11,2639,406,-144.6490,-3.3870,84.9144,99.3577,5663.0700,0.0000,0.0000,Pass
D86-11,2639,407,-144.4990,-3.3864,85.0660,99.6095,5683.3200,0.0000,0.0000,Pass
D86-11,2639,408,-144.3480,-3.3857,85.0155,99.4735,5676.5700,0.0000,0.0000,Pass
D86-11,2639,409,-144.1980,-3.3850,85.0997,99.2802,5687.8200,0.0000,0.0000,Pass
D86-11,2639,410,-144.0480,-3.3843,84.5255,99.2519,5611.3300,0.0000,0.0000,Pass
D86-11,2639,411,-143.8980,-3.3826,84.5086,97.5089,5609.0800,0.0000,0.0000,Pass
D86-11,2639,412,-143.7470,-3.3819,84.8469,99.4971,5654.0700,0.0000,0.0000,Pass
D86-11,2639,413,-143.5970,-3.3810,84.1859,98.6904,5566.3300,0.0000,0.0000,Pass
D86-11,2639,414,-143.2960,-3.3801,84.5424,99.0093,5613.5700,0.0000,0.0000,Pass
D86-11,2639,415,-143.1460,-3.3791,84.1689,99.5018,5564.0800,0.0000,0.0000,Pass
D86-11,2639,416,-142.9950,-3.3784,84.1519,98.5784,5561.8300,0.0000,0.0000,Pass
D86-11,2639,417,-142.8450,-3.3777,84.2029,99.1380,5568.5800,0.0000,0.0000,Pass
D86-11,2639,418,-142.5440,-3.3768,83.6739,99.7120,5498.8300,0.0000,0.0000,Pass
D86-11,2639,419,-142.6940,-3.3775,83.7253,99.0695,5505.5800,0.0000,0.0000,Pass
D86-11,2639,420,-142.3930,-3.3761,83.5540,99.0801,5483.0800,0.0000,0.0000,Pass
D86-11,2639,421,-142.2430,-3.3757,83.4683,99.8604,5471.8300,0.0000,0.0000,Pass
D86-11,2639,422,-142.0920,-3.3750,83.5712,99.1318,5485.3300,0.0000,0.0000,Pass
D86-11,2639,423,-141.9420,-3.3740,83.6397,98.9337,5494.3300,0.0000,0.0000,Pass
D86-11,2639,424,-143.8970,-3.5326,84.2369,99.5526,5573.0800,0.0000,0.0000,Pass
D86-11,2639,425,-146.0010,-3.5430,86.2865,98.8484,5847.5700,0.0000,0.0000,Pass
D86-11,2639,426,-145.3990,-3.5400,85.1165,98.8726,5690.0700,0.0000,0.0000,Pass
D86-11,2639,427,-145.0990,-3.5388,85.5027,99.5116,5741.8200,0.0000,0.0000,Pass
D86-11,2639,428,-144.4980,-3.5362,85.2847,99.8063,5712.5700,0.0000,0.0000,Pass
D86-11,2639,429,-144.1970,-3.5354,84.8300,98.8819,5651.8200,0.0000,0.0000,Pass
D86-11,2639,430,-143.7470,-3.5321,84.4577,99.8015,5602.3300,0.0000,0.0000,Pass
D86-11,2639,431,-143.5960,-3.5320,84.4407,99.5543,5600.0800,0.0000,0.0000,Pass
D86-11,2639,432,-143.4460,-3.5312,84.3898,99.5916,5593.3300,0.0000,0.0000,Pass
D86-11,2639,433,-143.2960,-3.5305,84.2879,98.6665,5579.8300,0.0000,0.0000,Pass
D86-11,2639,434,-143.1460,-3.5306,84.1689,99.4904,5564.0800,0.0000,0.0000,Pass
D86-11,2639,435,-142.8440,-3.5288,84.1348,98.8104,5559.5800,0.0000,0.0000,Pass
D86-11,2639,436,-145.5500,-3.5410,85.2343,99.2645,5705.8200,0.0000,0.0000,Pass
D86-11,2639,437,-145.2490,-3.5397,85.2511,99.2744,5708.0700,0.0000,0.0000,Pass
D86-11,2639,438,-144.9490,-3.5386,85.2847,99.4447,5712.5700,0.0000,0.0000,Pass
D86-11,2639,439,-144.7990,-3.5383,85.1165,99.2633,5690.0700,0.0000,0.0000,Pass
D86-11,2639,440,-144.6480,-3.5365,84.8975,99.0171,5660.8200,0.0000,0.0000,Pass
D86-11,2639,441,-144.3480,-3.5358,84.8131,99.4846,5649.5700,0.0000,0.0000,Pass
D86-11,2639,442,-144.0470,-3.5346,84.3729,99.0986,5591.0800,0.0000,0.0000,Pass
D86-11,2639,443,-142.9940,-3.5292,83.8962,99.1371,5528.0800,0.0000,0.0000,Pass
D86-11,2639,444,-142.6930,-3.5277,84.0838,98.3002,5552.8300,0.0000,0.0000,Pass
D86-11,2639,445,-142.5430,-3.5272,83.8449,99.4186,5521.3300,0.0000,0.0000,Pass
D86-11,2639,446,-142.2420,-3.5260,83.3824,99.5554,5460.5800,0.0000,0.0000,Pass
D86-11,2639,447,-142.0910,-3.5254,83.4511,98.3525,5469.5800,0.0000,0.0000,Pass
D86-11,2639,448,-141.9410,-3.5247,84.0838,98.7868,5552.8300,0.0000,0.0000,Pass
D86-11,2639,449,-142.3930,-3.5271,83.8449,98.6791,5521.3300,0.0000,0.0000,Pass
D86-11,2639,450,-146.0000,-3.6937,85.9872,98.8120,5807.0700,0.0000,0.0000,Pass
D86-11,2639,451,-145.0990,-3.6898,85.5697,99.0391,5750.8200,0.0000,0.0000,Pass
D86-11,2639,452,-143.5960,-3.6818,84.7962,98.2479,5647.3200,0.0000,0.0000,Pass
D86-11,2639,453,-145.8500,-3.6929,85.6366,99.3026,5759.8200,0.0000,0.0000,Pass
D86-11,2639,454,-145.7000,-3.6929,85.7035,99.0347,5768.8200,0.0000,0.0000,Pass
D86-11,2639,455,-145.5490,-3.6918,85.0829,99.3276,5685.5700,0.0000,0.0000,Pass
D86-11,2639,456,-145.3990,-3.6909,85.2343,99.0447,5705.8200,0.0000,0.0000,Pass
D86-11,2639,457,-145.2490,-3.6906,85.1165,99.2084,5690.0700,0.0000,0.0000,Pass
D86-11,2639,458,-144.9480,-3.6890,85.2511,98.1326,5708.0700,0.0000,0.0000,Pass
D86-11,2639,459,-144.7980,-3.6884,85.4524,99.3218,5735.0700,0.0000,0.0000,Pass
D86-11,2639,460,-144.6480,-3.6882,85.3182,99.6780,5717.0700,0.0000,0.0000,Pass
D86-11,2639,461,-144.4980,-3.6873,85.2847,99.0775,5712.5700,0.0000,0.0000,Pass
D86-11,2639,462,-144.3470,-3.6858,85.4524,99.4384,5735.0700,0.0000,0.0000,Pass
D86-11,2639,463,-144.1970,-3.6858,85.2511,99.2453,5708.0700,0.0000,0.0000,Pass
D86-11,2639,464,-144.0460,-3.6850,84.8806,99.2811,5658.5700,0.0000,0.0000,Pass
D86-11,2639,465,-143.8960,-3.6830,84.8131,99.4312,5649.5700,0.0000,0.0000,Pass
D86-11,2639,466,-143.7460,-3.6822,84.3219,99.7232,5584.3300,0.0000,0.0000,Pass
D86-11,2639,467,-143.4450,-3.6810,84.6440,98.9465,5627.0700,0.0000,0.0000,Pass
D86-11,2639,468,-143.2950,-3.6806,84.4407,98.9956,5600.0800,0.0000,0.0000,Pass
D86-11,2639,469,-143.1450,-3.6801,84.1859,98.6521,5566.3300,0.0000,0.0000,Pass
D86-11,2639,470,-142.9940,-3.6794,84.0667,98.2247,5550.5800,0.0000,0.0000,Pass
D86-11,2639,471,-142.8440,-3.6789,83.9474,98.8117,5534.8300,0.0000,0.0000,Pass
D86-11,2639,472,-142.3920,-3.6761,83.7595,98.8193,5510.0800,0.0000,0.0000,Pass
D86-11,2639,473,-142.2410,-3.6759,83.7937,98.8240,5514.5800,0.0000,0.0000,Pass
D86-11,2639,474,-142.6930,-3.6777,83.7937,98.5992,5514.5800,0.0000,0.0000,Pass
D86-11,2639,475,-142.5420,-3.6773,83.3652,98.9466,5458.3300,0.0000,0.0000,Pass
D86-11,2639,476,-142.0910,-3.6755,83.2793,98.5487,5447.0800,0.0000,0.0000,Pass
D86-11,2639,477,-141.9400,-3.6751,84.0326,98.6759,5546.0800,0.0000,0.0000,Pass
D86-11,2639,478,-145.8500,-3.8429,85.9372,98.5142,5800.3200,0.0000,0.0000,Pass
D86-11,2639,479,-145.6990,-3.8421,85.3686,99.2868,5723.8200,0.0000,0.0000,Pass
D86-11,2639,480,-145.5490,-3.8417,84.9650,99.5043,5669.8200,0.0000,0.0000,Pass
D86-11,2639,481,-145.3980,-3.8408,84.9818,99.3195,5672.0700,0.0000,0.0000,Pass
D86-11,2639,482,-145.2480,-3.8405,85.3182,98.5621,5717.0700,0.0000,0.0000,Pass
D86-11,2639,483,-145.0980,-3.8398,84.8300,99.0930,5651.8200,0.0000,0.0000,Pass
D86-11,2639,484,-144.7970,-3.8386,85.3015,99.1934,5714.8200,0.0000,0.0000,Pass
D86-11,2639,485,-144.1960,-3.8364,85.1334,98.5584,5692.3200,0.0000,0.0000,Pass
D86-11,2639,486,-144.0450,-3.8361,85.1838,98.9893,5699.0700,0.0000,0.0000,Pass
D86-11,2639,487,-143.8950,-3.8342,84.9481,97.8066,5667.5700,0.0000,0.0000,Pass
D86-11,2639,488,-143.7460,-3.8335,84.6440,99.4522,5627.0700,0.0000,0.0000,Pass
D86-11,2639,489,-143.5950,-3.8325,84.7962,99.2233,5647.3200,0.0000,0.0000,Pass
D86-11,2639,490,-143.4440,-3.8321,84.6271,99.4157,5624.8200,0.0000,0.0000,Pass
D86-11,2639,491,-143.1440,-3.8307,84.3219,99.1638,5584.3300,0.0000,0.0000,Pass
D86-11,2639,492,-142.9930,-3.8303,84.2879,98.1450,5579.8300,0.0000,0.0000,Pass
D86-11,2639,493,-142.8430,-3.8292,84.5255,99.0085,5611.3300,0.0000,0.0000,Pass
D86-11,2639,494,-144.9480,-3.8394,85.1502,99.3188,5694.5700,0.0000,0.0000,Pass
D86-11,2639,495,-144.6470,-3.8384,85.1670,99.6423,5696.8200,0.0000,0.0000,Pass
D86-11,2639,496,-144.4970,-3.8373,85.1838,99.7490,5699.0700,0.0000,0.0000,Pass
D86-11,2639,497,-144.3460,-3.8370,85.6199,99.3827,5757.5700,0.0000,0.0000,Pass
D86-11,2639,498,-143.2940,-3.8316,84.5763,99.2290,5618.0700,0.0000,0.0000,Pass
D86-11,2639,499,-142.6920,-3.8291,84.0326,97.8219,5546.0800,0.0000,0.0000,Pass
D86-11,2639,500,-142.5410,-3.8278,84.1859,98.4165,5566.3300,0.0000,0.0000,Pass
D86-11,2639,501,-142.3910,-3.8274,83.8108,98.0453,5516.8300,0.0000,0.0000,Pass
D86-11,2639,502,-142.2410,-3.8273,84.2199,97.6512,5570.8300,0.0000,0.0000,Pass
D86-11,2639,503,-142.0900,-3.8265,84.2879,97.5704,5579.8300,0.0000,0.0000,Pass
D86-11,2737,1,11.5073,-8.5179,82.7963,98.8651,5384.0800,0.0000,0.0000,Pass
D86-11,2737,2,11.8078,-8.5162,83.2793,98.5539,5447.0800,0.0000,0.0000,Pass
D86-11,2737,3,12.8606,-8.5123,83.7253,98.4381,5505.5800,0.0000,0.0000,Pass
D86-11,2737,4,9.5541,-8.5261,83.0554,99.3254,5417.8300,0.0000,0.0000,Pass
D86-11,2737,5,9.7039,-8.5259,82.7098,97.8668,5372.8300,0.0000,0.0000,Pass
D86-11,2737,6,9.8531,-8.5252,82.9864,98.2412,5408.8300,0.0000,0.0000,Pass
D86-11,2737,7,10.0040,-8.5251,82.8827,98.8719,5395.3300,0.0000,0.0000,Pass
D86-11,2737,8,10.1544,-8.5242,82.6924,98.4986,5370.5800,0.0000,0.0000,Pass
D86-11,2737,9,10.3047,-8.5238,83.1243,99.7230,5426.8300,0.0000,0.0000,Pass
D86-11,2737,10,10.4546,-8.5227,82.7098,98.0353,5372.8300,0.0000,0.0000,Pass
D86-11,2737,11,10.6052,-8.5225,82.5364,97.9828,5350.3300,0.0000,0.0000,Pass
D86-11,2737,12,10.7555,-8.5217,83.2105,98.9800,5438.0800,0.0000,0.0000,Pass
D86-11,2737,13,10.9057,-8.5220,82.7617,98.3793,5379.5800,0.0000,0.0000,Pass
D86-11,2737,14,11.0564,-8.5208,82.9864,98.9117,5408.8300,0.0000,0.0000,Pass
D86-11,2737,15,11.2069,-8.5206,82.9518,98.3121,5404.3300,0.0000,0.0000,Pass
D86-11,2737,16,11.3572,-8.5191,82.7098,99.4985,5372.8300,0.0000,0.0000,Pass
D86-11,2737,17,11.6579,-8.5173,83.5026,98.6341,5476.3300,0.0000,0.0000,Pass
D86-11,2737,18,11.9585,-8.5157,83.4683,98.0489,5471.8300,0.0000,0.0000,Pass
D86-11,2737,19,12.1083,-8.5151,83.0554,99.1646,5417.8300,0.0000,0.0000,Pass
D86-11,2737,20,12.2594,-8.5143,83.8279,99.3931,5519.0800,0.0000,0.0000,Pass
D86-11,2737,21,12.4096,-8.5140,83.6054,99.0046,5489.8300,0.0000,0.0000,Pass
D86-11,2737,22,12.5597,-8.5140,83.8108,99.2281,5516.8300,0.0000,0.0000,Pass
D86-11,2737,23,12.7111,-8.5125,83.4339,98.4278,5467.3300,0.0000,0.0000,Pass
D86-11,2737,24,13.0115,-8.5117,83.4168,99.3056,5465.0800,0.0000,0.0000,Pass
D86-11,2737,25,13.1624,-8.5109,83.8791,98.9138,5525.8300,0.0000,0.0000,Pass
D86-11,2737,26,13.3127,-8.5101,83.8791,99.4764,5525.8300,0.0000,0.0000,Pass
D86-11,2737,27,9.4045,-8.6772,83.2105,99.5466,5438.0800,0.0000,0.0000,Pass
D86-11,2737,28,9.5546,-8.6767,82.7271,98.5297,5375.0800,0.0000,0.0000,Pass
D86-11,2737,29,9.7044,-8.6767,82.9000,98.0202,5397.5800,0.0000,0.0000,Pass
D86-11,2737,30,9.8552,-8.6752,82.4148,98.1592,5334.5800,0.0000,0.0000,Pass
D86-11,2737,31,10.3054,-8.6738,82.5537,98.5429,5352.5800,0.0000,0.0000,Pass
D86-11,2737,32,11.0573,-8.6710,82.3105,99.1745,5321.0800,0.0000,0.0000,Pass
D86-11,2737,33,11.5076,-8.6683,82.5884,98.5951,5357.0800,0.0000,0.0000,Pass
D86-11,2737,34,11.8083,-8.6668,83.1760,98.9775,5433.5800,0.0000,0.0000,Pass
D86-11,2737,35,11.9589,-8.6661,83.0726,99.7795,5420.0800,0.0000,0.0000,Pass
D86-11,2737,36,12.1091,-8.6652,83.0036,99.0935,5411.0800,0.0000,0.0000,Pass
D86-11,2737,37,12.5614,-8.6641,82.7790,98.6281,5381.8300,0.0000,0.0000,Pass
D86-11,2737,38,12.7110,-8.6636,82.7444,99.6572,5377.3300,0.0000,0.0000,Pass
D86-11,2737,39,13.3137,-8.6606,83.6054,98.3887,5489.8300,0.0000,0.0000,Pass
D86-11,2737,40,10.0047,-8.6752,82.7271,99.1941,5375.0800,0.0000,0.0000,Pass
D86-11,2737,41,10.1547,-8.6743,82.4322,98.5655,5336.8300,0.0000,0.0000,Pass
D86-11,2737,42,10.4557,-8.6737,83.0899,99.5926,5422.3300,0.0000,0.0000,Pass
D86-11,2737,43,10.6059,-8.6729,82.4843,98.5015,5343.5800,0.0000,0.0000,Pass
D86-11,2737,44,10.7563,-8.6722,82.7790,99.4171,5381.8300,0.0000,0.0000,Pass
D86-11,2737,45,10.9061,-8.6715,82.7617,98.0197,5379.5800,0.0000,0.0000,Pass
D86-11,2737,46,11.2071,-8.6703,82.9173,99.1612,5399.8300,0.0000,0.0000,Pass
D86-11,2737,47,11.3573,-8.6702,82.9864,99.5021,5408.8300,0.0000,0.0000,Pass
D86-11,2737,48,11.6576,-8.6676,82.7790,98.5639,5381.8300,0.0000,0.0000,Pass
D86-11,2737,49,12.2599,-8.6650,82.9346,99.5135,5402.0800,0.0000,0.0000,Pass
D86-11,2737,50,12.4100,-8.6647,82.9518,98.2158,5404.3300,0.0000,0.0000,Pass
D86-11,2737,51,12.8620,-8.6631,83.4854,99.3203,5474.0800,0.0000,0.0000,Pass
D86-11,2737,52,13.0118,-8.6618,83.5540,98.3462,5483.0800,0.0000,0.0000,Pass
D86-11,2737,53,13.1626,-8.6610,83.6739,98.2293,5498.8300,0.0000,0.0000,Pass
D86-11,2737,54,13.4634,-8.6597,83.7424,98.1890,5507.8300,0.0000,0.0000,Pass
D86-11,2737,55,9.4044,-8.8277,82.9518,98.9844,5404.3300,0.0000,0.0000,Pass
D86-11,2737,56,9.5546,-8.8268,82.6578,99.4088,5366.0800,0.0000,0.0000,Pass
D86-11,2737,57,9.7049,-8.8268,82.2757,98.0482,5316.5800,0.0000,0.0000,Pass
D86-11,2737,58,9.8559,-8.8261,82.3801,98.2352,5330.0800,0.0000,0.0000,Pass
D86-11,2737,59,10.0053,-8.8258,82.2060,98.8180,5307.5800,0.0000,0.0000,Pass
D86-11,2737,60,10.1555,-8.8248,82.3279,98.8661,5323.3300,0.0000,0.0000,Pass
D86-11,2737,61,10.3063,-8.8246,82.7098,98.9308,5372.8300,0.0000,0.0000,Pass
D86-11,2737,62,10.6063,-8.8233,82.3801,98.9714,5330.0800,0.0000,0.0000,Pass
D86-11,2737,63,10.7564,-8.8229,82.7444,97.9291,5377.3300,0.0000,0.0000,Pass
D86-11,2737,64,10.9074,-8.8221,82.2757,99.6124,5316.5800,0.0000,0.0000,Pass
D86-11,2737,65,11.3587,-8.8207,82.2408,99.4468,5312.0800,0.0000,0.0000,Pass
D86-11,2737,66,11.5087,-8.8178,82.8482,97.9894,5390.8300,0.0000,0.0000,Pass
D86-11,2737,67,11.6588,-8.8180,82.8482,98.9503,5390.8300,0.0000,0.0000,Pass
D86-11,2737,68,11.8089,-8.8170,83.1243,98.6981,5426.8300,0.0000,0.0000,Pass
D86-11,2737,69,11.9598,-8.8167,83.1416,98.3634,5429.0800,0.0000,0.0000,Pass
D86-11,2737,70,12.1091,-8.8161,82.9000,98.3597,5397.5800,0.0000,0.0000,Pass
D86-11,2737,71,12.2606,-8.8160,82.7617,98.6596,5379.5800,0.0000,0.0000,Pass
D86-11,2737,72,12.7114,-8.8136,83.0554,98.9430,5417.8300,0.0000,0.0000,Pass
D86-11,2737,73,12.8624,-8.8132,83.3652,98.9410,5458.3300,0.0000,0.0000,Pass
D86-11,2737,74,13.0129,-8.8129,83.2105,98.6591,5438.0800,0.0000,0.0000,Pass
D86-11,2737,75,13.1634,-8.8120,83.2449,99.6484,5442.5800,0.0000,0.0000,Pass
D86-11,2737,76,13.3136,-8.8109,83.8108,99.2488,5516.8300,0.0000,0.0000,Pass
D86-11,2737,77,10.4559,-8.8239,82.1886,97.8024,5305.3300,0.0000,0.0000,Pass
D86-11,2737,78,11.0572,-8.8216,82.3974,98.9485,5332.3300,0.0000,0.0000,Pass
D86-11,2737,79,11.2087,-8.8210,82.8655,98.9802,5393.0800,0.0000,0.0000,Pass
D86-11,2737,80,12.4105,-8.8149,83.2621,99.3895,5444.8300,0.0000,0.0000,Pass
D86-11,2737,81,12.5612,-8.8140,83.1588,98.9666,5431.3300,0.0000,0.0000,Pass
D86-11,2737,82,13.4642,-8.8103,83.4854,98.2246,5474.0800,0.0000,0.0000,Pass
D86-11,2737,83,9.4060,-8.9780,82.8136,98.2291,5386.3300,0.0000,0.0000,Pass
D86-11,2737,84,9.7060,-8.9773,82.2408,99.6737,5312.0800,0.0000,0.0000,Pass
D86-11,2737,85,12.4115,-8.9652,83.4168,99.0306,5465.0800,0.0000,0.0000,Pass
D86-11,2737,86,13.3148,-8.9617,82.8482,99.2618,5390.8300,0.0000,0.0000,Pass
D86-11,2737,87,9.5552,-8.9777,81.9617,99.2773,5276.0900,0.0000,0.0000,Pass
D86-11,2737,88,9.8555,-8.9765,82.6578,98.7453,5366.0800,0.0000,0.0000,Pass
D86-11,2737,89,10.0058,-8.9757,81.9617,99.3618,5276.0900,0.0000,0.0000,Pass
D86-11,2737,90,10.1557,-8.9755,82.1711,99.4762,5303.0800,0.0000,0.0000,Pass
D86-11,2737,91,10.3061,-8.9747,82.6231,98.3363,5361.5800,0.0000,0.0000,Pass
D86-11,2737,92,10.4566,-8.9744,82.1711,99.2726,5303.0800,0.0000,0.0000,Pass
D86-11,2737,93,10.6072,-8.9739,82.2757,99.7211,5316.5800,0.0000,0.0000,Pass
D86-11,2737,94,10.7575,-8.9728,82.4669,98.9963,5341.3300,0.0000,0.0000,Pass
D86-11,2737,95,10.9074,-8.9721,83.1071,99.3777,5424.5800,0.0000,0.0000,Pass
D86-11,2737,96,11.0579,-8.9724,82.7790,99.0609,5381.8300,0.0000,0.0000,Pass
D86-11,2737,97,11.2083,-8.9714,83.0726,98.3147,5420.0800,0.0000,0.0000,Pass
D86-11,2737,98,11.3591,-8.9705,82.9346,98.6302,5402.0800,0.0000,0.0000,Pass
D86-11,2737,99,11.5087,-8.9688,82.8482,98.0906,5390.8300,0.0000,0.0000,Pass
D86-11,2737,100,11.6588,-8.9685,83.3309,99.3826,5453.8300,0.0000,0.0000,Pass
D86-11,2737,101,11.8091,-8.9675,83.0726,99.3196,5420.0800,0.0000,0.0000,Pass
D86-11,2737,102,11.9599,-8.9664,83.6226,99.2456,5492.0800,0.0000,0.0000,Pass
D86-11,2737,103,12.1103,-8.9662,83.2965,99.6292,5449.3300,0.0000,0.0000,Pass
D86-11,2737,104,12.2615,-8.9660,83.1588,98.3856,5431.3300,0.0000,0.0000,Pass
D86-11,2737,105,12.5619,-8.9649,83.1760,98.2933,5433.5800,0.0000,0.0000,Pass
D86-11,2737,106,12.7119,-8.9637,82.9346,99.0513,5402.0800,0.0000,0.0000,Pass
D86-11,2737,107,12.8621,-8.9634,82.7098,98.1377,5372.8300,0.0000,0.0000,Pass
D86-11,2737,108,13.0133,-8.9630,82.6924,99.0243,5370.5800,0.0000,0.0000,Pass
D86-11,2737,109,13.1648,-8.9615,83.1416,99.3463,5429.0800,0.0000,0.0000,Pass
D86-11,2737,110,13.4648,-8.9612,83.8108,99.5670,5516.8300,0.0000,0.0000,Pass
D86-11,2737,111,9.4062,-9.1288,82.8482,97.8560,5390.8300,0.0000,0.0000,Pass
D86-11,2737,112,9.5566,-9.1280,82.1711,98.4811,5303.0800,0.0000,0.0000,Pass
D86-11,2737,113,9.7062,-9.1276,82.7444,98.3189,5377.3300,0.0000,0.0000,Pass
D86-11,2737,114,9.8567,-9.1270,82.2234,98.6317,5309.8300,0.0000,0.0000,Pass
D86-11,2737,115,10.1567,-9.1265,81.9267,99.4789,5271.5900,0.0000,0.0000,Pass
D86-11,2737,116,10.3070,-9.1252,82.8827,99.3084,5395.3300,0.0000,0.0000,Pass
D86-11,2737,117,10.4573,-9.1242,82.7963,99.1170,5384.0800,0.0000,0.0000,Pass
D86-11,2737,118,10.6079,-9.1243,82.7098,98.1014,5372.8300,0.0000,0.0000,Pass
D86-11,2737,119,10.9081,-9.1233,82.3453,98.2877,5325.5800,0.0000,0.0000,Pass
D86-11,2737,120,11.0587,-9.1220,83.2793,98.8368,5447.0800,0.0000,0.0000,Pass
D86-11,2737,121,11.5102,-9.1198,82.7963,97.9309,5384.0800,0.0000,0.0000,Pass
D86-11,2737,122,11.6591,-9.1189,83.3309,98.7653,5453.8300,0.0000,0.0000,Pass
D86-11,2737,123,11.9608,-9.1178,83.5197,99.3190,5478.5800,0.0000,0.0000,Pass
D86-11,2737,124,12.1117,-9.1170,83.3480,98.4712,5456.0800,0.0000,0.0000,Pass
D86-11,2737,125,12.2608,-9.1156,83.9644,99.5515,5537.0800,0.0000,0.0000,Pass
D86-11,2737,126,12.8636,-9.1144,82.9173,98.0819,5399.8300,0.0000,0.0000,Pass
D86-11,2737,127,13.0143,-9.1131,83.1932,99.2323,5435.8300,0.0000,0.0000,Pass
D86-11,2737,128,10.0066,-9.1266,81.7517,98.2992,5249.0900,0.0000,0.0000,Pass
D86-11,2737,129,10.7581,-9.1235,82.8655,97.8445,5393.0800,0.0000,0.0000,Pass
D86-11,2737,130,11.2098,-9.1220,82.8482,99.6671,5390.8300,0.0000,0.0000,Pass
D86-11,2737,131,11.3594,-9.1209,83.7082,99.1979,5503.3300,0.0000,0.0000,Pass
D86-11,2737,132,11.8103,-9.1179,83.6739,99.4731,5498.8300,0.0000,0.0000,Pass
D86-11,2737,133,12.4116,-9.1157,83.7082,99.2999,5503.3300,0.0000,0.0000,Pass
D86-11,2737,134,12.5621,-9.1148,83.7082,99.6161,5503.3300,0.0000,0.0000,Pass
D86-11,2737,135,12.7130,-9.1144,83.0381,99.0634,5415.5800,0.0000,0.0000,Pass
D86-11,2737,136,13.1645,-9.1125,82.7617,99.3852,5379.5800,0.0000,0.0000,Pass
D86-11,2737,137,13.3155,-9.1123,83.2965,98.9153,5449.3300,0.0000,0.0000,Pass
D86-11,2737,138,13.4659,-9.1117,83.3309,99.4401,5453.8300,0.0000,0.0000,Pass
D86-11,2737,139,9.5567,-9.2786,82.3801,98.8469,5330.0800,0.0000,0.0000,Pass
D86-11,2737,140,9.4064,-9.2790,82.5884,98.7025,5357.0800,0.0000,0.0000,Pass
D86-11,2737,141,9.7071,-9.2772,82.5364,99.7189,5350.3300,0.0000,0.0000,Pass
D86-11,2737,142,9.8574,-9.2776,81.9967,97.9321,5280.5900,0.0000,0.0000,Pass
D86-11,2737,143,10.0074,-9.2771,82.4322,99.1948,5336.8300,0.0000,0.0000,Pass
D86-11,2737,144,12.8643,-9.2641,83.6910,98.3710,5501.0800,0.0000,0.0000,Pass
D86-11,2737,145,13.1650,-9.2634,82.8309,99.4230,5388.5800,0.0000,0.0000,Pass
D86-11,2737,146,13.4667,-9.2616,83.1932,98.6141,5435.8300,0.0000,0.0000,Pass
D86-11,2737,147,13.0146,-9.2641,82.9518,99.3606,5404.3300,0.0000,0.0000,Pass
D86-11,2737,148,13.3156,-9.2619,83.3480,98.4716,5456.0800,0.0000,0.0000,Pass
D86-11,2737,149,9.4071,-9.4297,82.9518,99.7336,5404.3300,0.0000,0.0000,Pass
D86-11,2737,150,9.5575,-9.4286,82.2060,98.4397,5307.5800,0.0000,0.0000,Pass
D86-11,2737,151,9.7077,-9.4284,82.2234,98.0052,5309.8300,0.0000,0.0000,Pass
D86-11,2737,152,9.8577,-9.4269,82.4322,99.3225,5336.8300,0.0000,0.0000,Pass
D86-11,2737,153,10.0083,-9.4275,82.1886,99.1776,5305.3300,0.0000,0.0000,Pass
D86-11,2737,154,12.8647,-9.4151,83.1416,99.4817,5429.0800,0.0000,0.0000,Pass
D86-11,2737,155,13.0149,-9.4144,82.6751,99.1065,5368.3300,0.0000,0.0000,Pass
D86-11,2737,156,13.1655,-9.4135,82.9864,99.7673,5408.8300,0.0000,0.0000,Pass
D86-11,2737,157,13.4663,-9.4122,83.2793,99.9278,5447.0800,0.0000,0.0000,Pass
D86-11,2737,158,13.3163,-9.4127,82.9346,98.9213,5402.0800,0.0000,0.0000,Pass
D86-11,2737,159,10.5352,-9.5334,83.1932,98.7863,5435.8300,0.0000,0.0000,Pass
D86-11,2737,160,11.5251,-9.5281,83.2621,99.3124,5444.8300,0.0000,0.0000,Pass
D86-11,2737,161,12.0205,-9.5260,83.1932,99.6770,5435.8300,0.0000,0.0000,Pass
D86-11,2737,162,10.7007,-9.5322,83.1071,98.0665,5424.5800,0.0000,0.0000,Pass
D86-11,2737,163,10.8651,-9.5320,83.6226,98.9094,5492.0800,0.0000,0.0000,Pass
D86-11,2737,164,11.0305,-9.5311,82.7444,98.6485,5377.3300,0.0000,0.0000,Pass
D86-11,2737,165,11.1958,-9.5304,83.5197,99.0004,5478.5800,0.0000,0.0000,Pass
D86-11,2737,166,11.3607,-9.5297,83.1760,99.2681,5433.5800,0.0000,0.0000,Pass
D86-11,2737,167,11.6904,-9.5270,83.0209,99.4295,5413.3300,0.0000,0.0000,Pass
D86-11,2737,168,11.8558,-9.5261,83.8279,99.3871,5519.0800,0.0000,0.0000,Pass
D86-11,2737,169,12.1856,-9.5255,83.6910,98.9842,5501.0800,0.0000,0.0000,Pass
D86-11,2737,170,12.3502,-9.5243,83.7766,99.5572,5512.3300,0.0000,0.0000,Pass
D86-11,2737,171,12.5160,-9.5240,83.9474,99.2627,5534.8300,0.0000,0.0000,Pass
D86-11,2737,172,9.4081,-9.5799,82.9518,98.9927,5404.3300,0.0000,0.0000,Pass
D86-11,2737,173,9.5578,-9.5795,82.3105,98.6859,5321.0800,0.0000,0.0000,Pass
D86-11,2737,174,9.7080,-9.5791,81.9267,99.5807,5271.5900,0.0000,0.0000,Pass
D86-11,2737,175,9.8585,-9.5781,82.6751,98.8798,5368.3300,0.0000,0.0000,Pass
D86-11,2737,176,10.0083,-9.5774,82.3974,99.6856,5332.3300,0.0000,0.0000,Pass
D86-11,2737,177,13.3172,-9.5631,82.9000,99.4491,5397.5800,0.0000,0.0000,Pass
D86-11,2737,178,12.8654,-9.5649,83.2965,98.7148,5449.3300,0.0000,0.0000,Pass
D86-11,2737,179,13.0160,-9.5640,82.9518,99.1341,5404.3300,0.0000,0.0000,Pass
D86-11,2737,180,13.1663,-9.5640,83.0554,99.3180,5417.8300,0.0000,0.0000,Pass
D86-11,2737,181,13.4673,-9.5621,83.2793,98.6498,5447.0800,0.0000,0.0000,Pass
D86-11,2737,182,10.3714,-9.6988,83.5026,99.1647,5476.3300,0.0000,0.0000,Pass
D86-11,2737,183,10.5356,-9.6979,83.3137,99.6027,5451.5800,0.0000,0.0000,Pass
D86-11,2737,184,10.7007,-9.6976,83.3309,99.7223,5453.8300,0.0000,0.0000,Pass
D86-11,2737,185,10.8667,-9.6974,83.1760,98.4645,5433.5800,0.0000,0.0000,Pass
D86-11,2737,186,11.0313,-9.6968,83.0899,99.1543,5422.3300,0.0000,0.0000,Pass
D86-11,2737,187,11.1965,-9.6954,82.7790,99.3300,5381.8300,0.0000,0.0000,Pass
D86-11,2737,188,11.3609,-9.6945,82.6751,97.3586,5368.3300,0.0000,0.0000,Pass
D86-11,2737,189,11.5252,-9.6929,83.0554,98.9588,5417.8300,0.0000,0.0000,Pass
D86-11,2737,190,11.6917,-9.6927,83.0899,99.3907,5422.3300,0.0000,0.0000,Pass
D86-11,2737,191,11.8556,-9.6919,82.8136,98.7432,5386.3300,0.0000,0.0000,Pass
D86-11,2737,192,12.0207,-9.6908,83.6397,99.3583,5494.3300,0.0000,0.0000,Pass
D86-11,2737,193,12.1861,-9.6901,83.3652,99.0062,5458.3300,0.0000,0.0000,Pass
D86-11,2737,194,12.5166,-9.6888,83.0209,99.6606,5413.3300,0.0000,0.0000,Pass
D86-11,2737,195,12.3510,-9.6902,83.3652,99.2258,5458.3300,0.0000,0.0000,Pass
D86-11,2737,196,9.4085,-9.7296,82.2757,98.6264,5316.5800,0.0000,0.0000,Pass
D86-11,2737,197,9.5587,-9.7300,82.3627,98.8798,5327.8300,0.0000,0.0000,Pass
D86-11,2737,198,9.7089,-9.7291,82.4843,99.4805,5343.5800,0.0000,0.0000,Pass
D86-11,2737,199,9.8589,-9.7284,82.3453,99.3973,5325.5800,0.0000,0.0000,Pass
D86-11,2737,200,10.0091,-9.7277,82.9173,98.5343,5399.8300,0.0000,0.0000,Pass
D86-11,2737,201,12.8662,-9.7152,84.1519,99.2710,5561.8300,0.0000,0.0000,Pass
D86-11,2737,202,13.0164,-9.7150,82.9346,98.5044,5402.0800,0.0000,0.0000,Pass
D86-11,2737,203,13.1671,-9.7143,83.1243,99.1774,5426.8300,0.0000,0.0000,Pass
D86-11,2737,204,13.3170,-9.7137,83.2105,98.6995,5438.0800,0.0000,0.0000,Pass
D86-11,2737,205,13.4679,-9.7131,83.1588,99.6082,5431.3300,0.0000,0.0000,Pass
D86-11,2737,206,10.3723,-9.8644,83.3996,99.2468,5462.8300,0.0000,0.0000,Pass
D86-11,2737,207,10.5371,-9.8630,83.0209,97.9011,5413.3300,0.0000,0.0000,Pass
D86-11,2737,208,10.7019,-9.8626,83.1416,99.1353,5429.0800,0.0000,0.0000,Pass
D86-11,2737,209,11.1971,-9.8606,82.7098,99.2659,5372.8300,0.0000,0.0000,Pass
D86-11,2737,210,11.5261,-9.8579,83.0554,99.3859,5417.8300,0.0000,0.0000,Pass
D86-11,2737,211,12.0215,-9.8554,82.3453,98.4679,5325.5800,0.0000,0.0000,Pass
D86-11,2737,212,12.1871,-9.8555,82.8827,99.4153,5395.3300,0.0000,0.0000,Pass
D86-11,2737,213,12.3525,-9.8547,83.0036,98.4580,5411.0800,0.0000,0.0000,Pass
D86-11,2737,214,10.8669,-9.8621,82.9346,99.4540,5402.0800,0.0000,0.0000,Pass
D86-11,2737,215,11.0320,-9.8610,82.5537,98.0191,5352.5800,0.0000,0.0000,Pass
D86-11,2737,216,11.3617,-9.8594,82.2757,99.0093,5316.5800,0.0000,0.0000,Pass
D86-11,2737,217,11.6908,-9.8576,82.5537,98.9277,5352.5800,0.0000,0.0000,Pass
D86-11,2737,218,11.8560,-9.8565,82.6231,98.8377,5361.5800,0.0000,0.0000,Pass
D86-11,2737,219,12.5170,-9.8540,83.5883,99.3465,5487.5800,0.0000,0.0000,Pass
D86-11,2737,220,9.4092,-9.8808,82.9000,99.2366,5397.5800,0.0000,0.0000,Pass
D86-11,2737,221,9.5587,-9.8807,82.2931,98.3220,5318.8300,0.0000,0.0000,Pass
D86-11,2737,222,9.7103,-9.8798,82.4496,99.6023,5339.0800,0.0000,0.0000,Pass
D86-11,2737,223,9.8601,-9.8792,82.1886,99.4501,5305.3300,0.0000,0.0000,Pass
D86-11,2737,224,10.0100,-9.8788,82.1363,98.9072,5298.5800,0.0000,0.0000,Pass
D86-11,2737,225,12.8670,-9.8659,83.5883,99.3506,5487.5800,0.0000,0.0000,Pass
D86-11,2737,226,13.0170,-9.8648,83.3652,99.1608,5458.3300,0.0000,0.0000,Pass
D86-11,2737,227,13.1686,-9.8647,83.0381,99.2396,5415.5800,0.0000,0.0000,Pass
D86-11,2737,228,13.3187,-9.8636,83.0036,99.0811,5411.0800,0.0000,0.0000,Pass
D86-11,2737,229,13.4687,-9.8634,83.2793,99.8778,5447.0800,0.0000,0.0000,Pass
D86-11,2737,230,9.4098,-10.0311,82.9691,98.3101,5406.5800,0.0000,0.0000,Pass
D86-11,2737,231,9.8607,-10.0292,82.4496,98.9522,5339.0800,0.0000,0.0000,Pass
D86-11,2737,232,10.0104,-10.0293,82.9346,99.4331,5402.0800,0.0000,0.0000,Pass
D86-11,2737,233,11.6920,-10.0232,82.5884,99.2754,5357.0800,0.0000,0.0000,Pass
D86-11,2737,234,12.8665,-10.0156,83.8279,99.5053,5519.0800,0.0000,0.0000,Pass
D86-11,2737,235,13.0172,-10.0153,83.5197,99.7911,5478.5800,0.0000,0.0000,Pass
D86-11,2737,236,13.1685,-10.0146,82.9518,99.3184,5404.3300,0.0000,0.0000,Pass
D86-11,2737,237,13.3190,-10.0144,83.1588,98.8658,5431.3300,0.0000,0.0000,Pass
D86-11,2737,238,13.4693,-10.0135,82.8309,99.1555,5388.5800,0.0000,0.0000,Pass
D86-11,2737,239,10.3730,-10.0294,83.2277,99.5311,5440.3300,0.0000,0.0000,Pass
D86-11,2737,240,10.5380,-10.0283,83.2449,99.8365,5442.5800,0.0000,0.0000,Pass
D86-11,2737,241,10.7028,-10.0279,82.5537,99.0705,5352.5800,0.0000,0.0000,Pass
D86-11,2737,242,10.8675,-10.0272,83.0554,99.6176,5417.8300,0.0000,0.0000,Pass
D86-11,2737,243,11.0321,-10.0257,82.7444,99.0589,5377.3300,0.0000,0.0000,Pass
D86-11,2737,244,11.1973,-10.0249,82.6578,99.7939,5366.0800,0.0000,0.0000,Pass
D86-11,2737,245,11.5268,-10.0231,82.5190,98.4208,5348.0800,0.0000,0.0000,Pass
D86-11,2737,246,11.8575,-10.0215,82.2583,98.9230,5314.3300,0.0000,0.0000,Pass
D86-11,2737,247,12.0217,-10.0218,82.6578,98.4931,5366.0800,0.0000,0.0000,Pass
D86-11,2737,248,12.1879,-10.0208,82.6578,99.5258,5366.0800,0.0000,0.0000,Pass
D86-11,2737,249,12.3528,-10.0199,83.1416,99.2366,5429.0800,0.0000,0.0000,Pass
D86-11,2737,250,12.5176,-10.0190,83.8108,99.1412,5516.8300,0.0000,0.0000,Pass
D86-11,2737,251,11.3624,-10.0256,82.0490,99.1211,5287.3400,0.0000,0.0000,Pass
D86-11,2737,252,9.4108,-10.1811,82.1711,99.0177,5303.0800,0.0000,0.0000,Pass
D86-11,2737,253,9.5607,-10.1818,82.2931,98.4364,5318.8300,0.0000,0.0000,Pass
D86-11,2737,254,9.7107,-10.1804,82.4843,98.4372,5343.5800,0.0000,0.0000,Pass
D86-11,2737,255,9.8605,-10.1800,82.2060,99.0083,5307.5800,0.0000,0.0000,Pass
D86-11,2737,256,10.0113,-10.1791,82.7444,98.8957,5377.3300,0.0000,0.0000,Pass
D86-11,2737,257,12.8679,-10.1664,83.0899,98.9558,5422.3300,0.0000,0.0000,Pass
D86-11,2737,258,13.0181,-10.1658,83.4511,99.6403,5469.5800,0.0000,0.0000,Pass
D86-11,2737,259,13.3189,-10.1645,82.5190,98.8800,5348.0800,0.0000,0.0000,Pass
D86-11,2737,260,13.1686,-10.1651,82.9691,98.9261,5406.5800,0.0000,0.0000,Pass
D86-11,2737,261,13.4702,-10.1640,82.9691,96.9644,5406.5800,0.0000,0.0000,Pass
D86-11,2737,262,10.3735,-10.1939,83.3824,99.0603,5460.5800,0.0000,0.0000,Pass
D86-11,2737,263,10.7034,-10.1927,82.9346,99.0149,5402.0800,0.0000,0.0000,Pass
D86-11,2737,264,10.8682,-10.1918,82.5364,99.7279,5350.3300,0.0000,0.0000,Pass
D86-11,2737,265,11.0330,-10.1916,83.0381,99.6273,5415.5800,0.0000,0.0000,Pass
D86-11,2737,266,11.1982,-10.1911,82.0665,98.1143,5289.5800,0.0000,0.0000,Pass
D86-11,2737,267,11.3632,-10.1899,82.1363,99.1609,5298.5800,0.0000,0.0000,Pass
D86-11,2737,268,11.5272,-10.1880,82.2757,98.2719,5316.5800,0.0000,0.0000,Pass
D86-11,2737,269,11.8579,-10.1870,82.3974,99.8637,5332.3300,0.0000,0.0000,Pass
D86-11,2737,270,12.0230,-10.1861,82.5537,98.8101,5352.5800,0.0000,0.0000,Pass
D86-11,2737,271,12.1880,-10.1857,82.3453,99.6306,5325.5800,0.0000,0.0000,Pass
D86-11,2737,272,12.3535,-10.1854,83.1416,99.6777,5429.0800,0.0000,0.0000,Pass
D86-11,2737,273,10.5381,-10.1935,82.9864,99.7775,5408.8300,0.0000,0.0000,Pass
D86-11,2737,274,11.6933,-10.1875,82.0490,98.8037,5287.3400,0.0000,0.0000,Pass
D86-11,2737,275,12.5179,-10.1838,83.3309,98.7956,5453.8300,0.0000,0.0000,Pass
D86-11,2737,276,9.5609,-10.3315,81.9267,99.6420,5271.5900,0.0000,0.0000,Pass
D86-11,2737,277,9.7111,-10.3311,82.0839,98.6772,5291.8300,0.0000,0.0000,Pass
D86-11,2737,278,9.4109,-10.3316,82.4496,98.6236,5339.0800,0.0000,0.0000,Pass
D86-11,2737,279,9.8616,-10.3302,81.9967,98.4971,5280.5900,0.0000,0.0000,Pass
D86-11,2737,280,10.0117,-10.3297,82.2757,99.4857,5316.5800,0.0000,0.0000,Pass
D86-11,2737,281,12.8685,-10.3165,83.3652,99.1470,5458.3300,0.0000,0.0000,Pass
D86-11,2737,282,13.0189,-10.3157,83.0554,97.6913,5417.8300,0.0000,0.0000,Pass
D86-11,2737,283,13.1691,-10.3153,83.3137,98.8347,5451.5800,0.0000,0.0000,Pass
D86-11,2737,284,13.3199,-10.3148,83.1760,99.5169,5433.5800,0.0000,0.0000,Pass
D86-11,2737,285,13.4706,-10.3145,82.7098,98.4471,5372.8300,0.0000,0.0000,Pass
D86-11,2737,286,10.8683,-10.3571,82.6578,99.6932,5366.0800,0.0000,0.0000,Pass
D86-11,2737,287,11.5281,-10.3533,82.3279,99.1204,5323.3300,0.0000,0.0000,Pass
D86-11,2737,288,11.8585,-10.3522,82.3801,98.9316,5330.0800,0.0000,0.0000,Pass
D86-11,2737,289,10.3746,-10.3591,83.3480,98.5885,5456.0800,0.0000,0.0000,Pass
D86-11,2737,290,10.5390,-10.3592,83.2793,98.8718,5447.0800,0.0000,0.0000,Pass
D86-11,2737,291,10.7044,-10.3581,82.9691,99.5304,5406.5800,0.0000,0.0000,Pass
D86-11,2737,292,11.0344,-10.3567,82.7617,99.4833,5379.5800,0.0000,0.0000,Pass
D86-11,2737,293,11.1990,-10.3561,82.1363,98.4223,5298.5800,0.0000,0.0000,Pass
D86-11,2737,294,11.3639,-10.3546,81.8918,99.0141,5267.0900,0.0000,0.0000,Pass
D86-11,2737,295,11.6934,-10.3529,82.1886,99.2271,5305.3300,0.0000,0.0000,Pass
D86-11,2737,296,12.0235,-10.3512,82.5537,99.3765,5352.5800,0.0000,0.0000,Pass
D86-11,2737,297,12.1887,-10.3506,82.8309,99.4966,5388.5800,0.0000,0.0000,Pass
D86-11,2737,298,12.3538,-10.3498,83.1416,99.6356,5429.0800,0.0000,0.0000,Pass
D86-11,2737,299,12.5189,-10.3492,83.6226,98.5482,5492.0800,0.0000,0.0000,Pass
D86-11,2737,300,9.4115,-10.4806,82.6751,98.8886,5368.3300,0.0000,0.0000,Pass
D86-11,2737,301,9.5614,-10.4807,82.1537,98.9165,5300.8300,0.0000,0.0000,Pass
D86-11,2737,302,9.7123,-10.4801,82.4496,99.2398,5339.0800,0.0000,0.0000,Pass
D86-11,2737,303,9.8621,-10.4794,82.8827,99.7349,5395.3300,0.0000,0.0000,Pass
D86-11,2737,304,10.0125,-10.4790,82.3974,98.2108,5332.3300,0.0000,0.0000,Pass
D86-11,2737,305,12.8690,-10.4663,83.2105,99.6857,5438.0800,0.0000,0.0000,Pass
D86-11,2737,306,13.0194,-10.4654,82.6231,97.9772,5361.5800,0.0000,0.0000,Pass
D86-11,2737,307,13.1699,-10.4649,83.2105,98.4270,5438.0800,0.0000,0.0000,Pass
D86-11,2737,308,13.3199,-10.4646,83.0899,99.0885,5422.3300,0.0000,0.0000,Pass
D86-11,2737,309,13.4710,-10.4637,83.2277,99.5928,5440.3300,0.0000,0.0000,Pass
D86-11,2737,310,10.3748,-10.5235,83.4854,99.3450,5474.0800,0.0000,0.0000,Pass
D86-11,2737,311,10.5398,-10.5226,83.1760,99.6678,5433.5800,0.0000,0.0000,Pass
D86-11,2737,312,10.7045,-10.5217,82.7963,98.8069,5384.0800,0.0000,0.0000,Pass
D86-11,2737,313,10.8695,-10.5208,82.7790,99.3742,5381.8300,0.0000,0.0000,Pass
D86-11,2737,314,11.0344,-10.5206,82.6405,99.0553,5363.8300,0.0000,0.0000,Pass
D86-11,2737,315,11.1997,-10.5193,82.9000,99.6450,5397.5800,0.0000,0.0000,Pass
D86-11,2737,316,11.5290,-10.5173,81.8743,98.8455,5264.8400,0.0000,0.0000,Pass
D86-11,2737,317,11.6937,-10.5170,82.5364,99.1398,5350.3300,0.0000,0.0000,Pass
D86-11,2737,318,11.8590,-10.5158,82.3801,99.6779,5330.0800,0.0000,0.0000,Pass
D86-11,2737,319,12.0241,-10.5149,83.3480,99.7169,5456.0800,0.0000,0.0000,Pass
D86-11,2737,320,12.1893,-10.5147,82.8136,99.3363,5386.3300,0.0000,0.0000,Pass
D86-11,2737,321,12.3544,-10.5137,83.5197,99.0537,5478.5800,0.0000,0.0000,Pass
D86-11,2737,322,12.5198,-10.5128,83.4168,98.4895,5465.0800,0.0000,0.0000,Pass
D86-11,2737,323,11.3644,-10.5190,82.7790,99.5260,5381.8300,0.0000,0.0000,Pass
D86-11,2737,324,9.4124,-10.6313,83.1071,99.1060,5424.5800,0.0000,0.0000,Pass
D86-11,2737,325,9.5624,-10.6316,82.3627,99.7028,5327.8300,0.0000,0.0000,Pass
D86-11,2737,326,9.7130,-10.6305,82.3453,99.0246,5325.5800,0.0000,0.0000,Pass
D86-11,2737,327,9.8629,-10.6301,82.2060,98.5496,5307.5800,0.0000,0.0000,Pass
D86-11,2737,328,10.0133,-10.6293,82.6405,99.5704,5363.8300,0.0000,0.0000,Pass
D86-11,2737,329,12.8694,-10.6165,84.0838,99.3229,5552.8300,0.0000,0.0000,Pass
D86-11,2737,330,13.1705,-10.6152,82.7444,99.0081,5377.3300,0.0000,0.0000,Pass
D86-11,2737,331,13.3212,-10.6146,82.7617,99.3275,5379.5800,0.0000,0.0000,Pass
D86-11,2737,332,13.4711,-10.6143,83.4168,99.6950,5465.0800,0.0000,0.0000,Pass
D86-11,2737,333,13.0201,-10.6161,83.2621,98.6140,5444.8300,0.0000,0.0000,Pass
D86-11,2737,334,10.3755,-10.6881,82.9864,98.4187,5408.8300,0.0000,0.0000,Pass
D86-11,2737,335,10.5401,-10.6875,83.5369,99.7409,5480.8300,0.0000,0.0000,Pass
D86-11,2737,336,10.7058,-10.6865,83.6739,98.8149,5498.8300,0.0000,0.0000,Pass
D86-11,2737,337,10.8702,-10.6866,83.2105,99.8440,5438.0800,0.0000,0.0000,Pass
D86-11,2737,338,11.0356,-10.6856,83.3996,99.5423,5462.8300,0.0000,0.0000,Pass
D86-11,2737,339,11.5299,-10.6823,82.5884,98.9496,5357.0800,0.0000,0.0000,Pass
D86-11,2737,340,11.6946,-10.6815,83.0726,99.5766,5420.0800,0.0000,0.0000,Pass
D86-11,2737,341,11.8600,-10.6814,82.9173,99.4621,5399.8300,0.0000,0.0000,Pass
D86-11,2737,342,12.0252,-10.6802,83.1760,99.5033,5433.5800,0.0000,0.0000,Pass
D86-11,2737,343,12.1901,-10.6796,83.6739,98.6662,5498.8300,0.0000,0.0000,Pass
D86-11,2737,344,12.3554,-10.6792,83.2277,99.3776,5440.3300,0.0000,0.0000,Pass
D86-11,2737,345,11.1997,-10.6850,82.6924,98.5116,5370.5800,0.0000,0.0000,Pass
D86-11,2737,346,11.3659,-10.6844,83.2621,99.3387,5444.8300,0.0000,0.0000,Pass
D86-11,2737,347,12.5204,-10.6783,83.4339,98.2099,5467.3300,0.0000,0.0000,Pass
D86-11,2737,348,9.8636,-10.7804,82.5884,98.8804,5357.0800,0.0000,0.0000,Pass
D86-11,2737,349,9.4130,-10.7817,82.5711,99.2285,5354.8300,0.0000,0.0000,Pass
D86-11,2737,350,9.5630,-10.7813,82.7098,98.2991,5372.8300,0.0000,0.0000,Pass
D86-11,2737,351,9.7135,-10.7809,82.1537,99.4749,5300.8300,0.0000,0.0000,Pass
D86-11,2737,352,10.0135,-10.7797,82.3453,99.0910,5325.5800,0.0000,0.0000,Pass
D86-11,2737,353,12.8700,-10.7671,83.4339,99.2080,5467.3300,0.0000,0.0000,Pass
D86-11,2737,354,13.0209,-10.7659,83.6910,99.1696,5501.0800,0.0000,0.0000,Pass
D86-11,2737,355,13.1708,-10.7653,83.0381,99.2831,5415.5800,0.0000,0.0000,Pass
D86-11,2737,356,13.4728,-10.7643,83.5197,99.4711,5478.5800,0.0000,0.0000,Pass
D86-11,2737,357,13.3219,-10.7650,83.2277,99.2670,5440.3300,0.0000,0.0000,Pass
D86-11,2737,358,9.5635,-10.9317,82.6405,99.0204,5363.8300,0.0000,0.0000,Pass
D86-11,2737,359,9.4136,-10.9326,82.6751,98.7972,5368.3300,0.0000,0.0000,Pass
D86-11,2737,360,9.7135,-10.9315,82.2408,98.9723,5312.0800,0.0000,0.0000,Pass
D86-11,2737,361,9.8645,-10.9304,82.3801,99.0533,5330.0800,0.0000,0.0000,Pass
D86-11,2737,362,10.0148,-10.9299,81.9792,99.1741,5278.3400,0.0000,0.0000,Pass
D86-11,2737,363,12.8703,-10.9177,83.2793,99.3757,5447.0800,0.0000,0.0000,Pass
D86-11,2737,364,13.0212,-10.9168,83.1243,98.6147,5426.8300,0.0000,0.0000,Pass
D86-11,2737,365,13.1718,-10.9162,82.7963,98.9659,5384.0800,0.0000,0.0000,Pass
D86-11,2737,366,13.3227,-10.9149,82.7271,99.0472,5375.0800,0.0000,0.0000,Pass
D86-11,2737,367,13.4730,-10.9149,83.1932,98.3822,5435.8300,0.0000,0.0000,Pass
D86-11,2737,368,9.4139,-11.0831,82.8655,99.4529,5393.0800,0.0000,0.0000,Pass
D86-11,2737,369,9.8647,-11.0812,82.4843,99.6944,5343.5800,0.0000,0.0000,Pass
D86-11,2737,370,10.1652,-11.0801,82.5884,99.1065,5357.0800,0.0000,0.0000,Pass
D86-11,2737,371,11.2177,-11.0757,82.7963,98.4399,5384.0800,0.0000,0.0000,Pass
D86-11,2737,372,11.5174,-11.0731,82.8482,98.3546,5390.8300,0.0000,0.0000,Pass
D86-11,2737,373,11.6675,-11.0728,82.5537,98.6915,5352.5800,0.0000,0.0000,Pass
D86-11,2737,374,12.1186,-11.0700,83.0554,97.9954,5417.8300,0.0000,0.0000,Pass
D86-11,2737,375,9.5641,-11.0822,82.4496,99.0784,5339.0800,0.0000,0.0000,Pass
D86-11,2737,376,9.7143,-11.0815,82.4322,98.8679,5336.8300,0.0000,0.0000,Pass
D86-11,2737,377,10.0149,-11.0806,82.3105,99.1695,5321.0800,0.0000,0.0000,Pass
D86-11,2737,378,10.3154,-11.0791,82.6058,97.8054,5359.3300,0.0000,0.0000,Pass
D86-11,2737,379,10.4659,-11.0790,82.9518,98.7894,5404.3300,0.0000,0.0000,Pass
D86-11,2737,380,10.6156,-11.0776,83.3480,99.1612,5456.0800,0.0000,0.0000,Pass
D86-11,2737,381,10.7666,-11.0774,82.2757,98.7971,5316.5800,0.0000,0.0000,Pass
D86-11,2737,382,10.9165,-11.0758,82.8309,99.5643,5388.5800,0.0000,0.0000,Pass
D86-11,2737,383,11.0673,-11.0762,82.7444,99.1947,5377.3300,0.0000,0.0000,Pass
D86-11,2737,384,11.3674,-11.0748,82.9864,99.6447,5408.8300,0.0000,0.0000,Pass
D86-11,2737,385,11.8184,-11.0718,83.2277,99.7040,5440.3300,0.0000,0.0000,Pass
D86-11,2737,386,11.9690,-11.0713,82.8309,99.0615,5388.5800,0.0000,0.0000,Pass
D86-11,2737,387,12.2699,-11.0701,83.4339,99.0065,5467.3300,0.0000,0.0000,Pass
D86-11,2737,388,12.4196,-11.0698,83.4339,98.6952,5467.3300,0.0000,0.0000,Pass
D86-11,2737,389,12.5710,-11.0691,83.0036,98.6123,5411.0800,0.0000,0.0000,Pass
D86-11,2737,390,12.7204,-11.0677,83.3824,99.6340,5460.5800,0.0000,0.0000,Pass
D86-11,2737,391,12.8712,-11.0668,83.4339,98.4120,5467.3300,0.0000,0.0000,Pass
D86-11,2737,392,13.1724,-11.0665,82.9000,97.7491,5397.5800,0.0000,0.0000,Pass
D86-11,2737,393,13.3233,-11.0662,83.0726,98.9770,5420.0800,0.0000,0.0000,Pass
D86-11,2737,394,13.0220,-11.0665,83.0381,99.5530,5415.5800,0.0000,0.0000,Pass
D86-11,2737,395,13.4739,-11.0652,83.2277,98.6527,5440.3300,0.0000,0.0000,Pass
D86-11,2737,396,9.4151,-11.2330,82.7271,99.2306,5375.0800,0.0000,0.0000,Pass
D86-11,2737,397,10.3155,-11.2296,82.8309,98.8127,5388.5800,0.0000,0.0000,Pass
D86-11,2737,398,11.9690,-11.2215,82.9864,99.2554,5408.8300,0.0000,0.0000,Pass
D86-11,2737,399,9.5651,-11.2326,82.5884,99.6766,5357.0800,0.0000,0.0000,Pass
D86-11,2737,400,9.7150,-11.2319,82.9346,99.4057,5402.0800,0.0000,0.0000,Pass
D86-11,2737,401,9.8654,-11.2315,82.5711,99.0759,5354.8300,0.0000,0.0000,Pass
D86-11,2737,402,10.0155,-11.2305,82.0665,99.5958,5289.5800,0.0000,0.0000,Pass
D86-11,2737,403,10.1662,-11.2304,82.6924,99.4404,5370.5800,0.0000,0.0000,Pass
D86-11,2737,404,10.4668,-11.2292,82.5017,99.3797,5345.8300,0.0000,0.0000,Pass
D86-11,2737,405,10.6169,-11.2284,82.5884,99.3492,5357.0800,0.0000,0.0000,Pass
D86-11,2737,406,10.7670,-11.2281,82.8655,99.2344,5393.0800,0.0000,0.0000,Pass
D86-11,2737,407,10.9170,-11.2269,82.6578,99.0222,5366.0800,0.0000,0.0000,Pass
D86-11,2737,408,11.0675,-11.2265,82.8309,99.5631,5388.5800,0.0000,0.0000,Pass
D86-11,2737,409,11.2188,-11.2259,82.8827,98.3236,5395.3300,0.0000,0.0000,Pass
D86-11,2737,410,11.3679,-11.2258,83.0036,99.4860,5411.0800,0.0000,0.0000,Pass
D86-11,2737,411,11.5183,-11.2237,82.4148,98.0240,5334.5800,0.0000,0.0000,Pass
D86-11,2737,412,11.6681,-11.2232,82.9000,99.4731,5397.5800,0.0000,0.0000,Pass
D86-11,2737,413,11.8185,-11.2223,82.9518,98.8658,5404.3300,0.0000,0.0000,Pass
D86-11,2737,414,12.1193,-11.2212,83.3824,98.9042,5460.5800,0.0000,0.0000,Pass
D86-11,2737,415,12.2693,-11.2203,82.8136,99.0836,5386.3300,0.0000,0.0000,Pass
D86-11,2737,416,12.4202,-11.2192,83.3996,98.8977,5462.8300,0.0000,0.0000,Pass
D86-11,2737,417,12.5711,-11.2191,83.3824,99.2606,5460.5800,0.0000,0.0000,Pass
D86-11,2737,418,12.8721,-11.2179,83.0209,97.6117,5413.3300,0.0000,0.0000,Pass
D86-11,2737,419,12.7214,-11.2188,83.0899,99.0895,5422.3300,0.0000,0.0000,Pass
D86-11,2737,420,13.0223,-11.2169,82.7963,98.3538,5384.0800,0.0000,0.0000,Pass
D86-11,2737,421,13.1733,-11.2167,83.2449,99.0292,5442.5800,0.0000,0.0000,Pass
D86-11,2737,422,13.3235,-11.2160,83.3480,98.2712,5456.0800,0.0000,0.0000,Pass
D86-11,2737,423,13.4744,-11.2154,83.9303,98.6984,5532.5800,0.0000,0.0000,Pass
D86-11,2737,424,11.5191,-11.3739,82.8827,98.3998,5395.3300,0.0000,0.0000,Pass
D86-11,2737,425,9.4147,-11.3835,83.2105,98.7196,5438.0800,0.0000,0.0000,Pass
D86-11,2737,426,10.0164,-11.3811,82.7098,98.8514,5372.8300,0.0000,0.0000,Pass
D86-11,2737,427,10.3164,-11.3792,82.7963,99.2351,5384.0800,0.0000,0.0000,Pass
D86-11,2737,428,10.9176,-11.3773,83.3137,98.7514,5451.5800,0.0000,0.0000,Pass
D86-11,2737,429,11.2189,-11.3768,83.0036,99.6672,5411.0800,0.0000,0.0000,Pass
D86-11,2737,430,11.6689,-11.3727,82.6751,99.4004,5368.3300,0.0000,0.0000,Pass
D86-11,2737,431,11.8196,-11.3727,83.0554,98.8562,5417.8300,0.0000,0.0000,Pass
D86-11,2737,432,11.9693,-11.3722,82.7790,98.7580,5381.8300,0.0000,0.0000,Pass
D86-11,2737,433,12.1199,-11.3716,83.3137,99.4843,5451.5800,0.0000,0.0000,Pass
D86-11,2737,434,12.2707,-11.3710,83.3309,98.0640,5453.8300,0.0000,0.0000,Pass
D86-11,2737,435,12.5713,-11.3693,83.6226,98.4161,5492.0800,0.0000,0.0000,Pass
D86-11,2737,436,9.8656,-11.3817,82.1014,99.2119,5294.0800,0.0000,0.0000,Pass
D86-11,2737,437,10.1664,-11.3807,81.9442,97.3688,5273.8400,0.0000,0.0000,Pass
D86-11,2737,438,10.4668,-11.3796,82.8309,99.5808,5388.5800,0.0000,0.0000,Pass
D86-11,2737,439,10.6178,-11.3790,82.9000,99.0497,5397.5800,0.0000,0.0000,Pass
D86-11,2737,440,10.7675,-11.3786,82.7098,99.5431,5372.8300,0.0000,0.0000,Pass
D86-11,2737,441,11.0684,-11.3766,82.6924,99.4600,5370.5800,0.0000,0.0000,Pass
D86-11,2737,442,11.3694,-11.3759,83.0381,99.6507,5415.5800,0.0000,0.0000,Pass
D86-11,2737,443,12.4211,-11.3708,83.1071,99.4590,5424.5800,0.0000,0.0000,Pass
D86-11,2737,444,12.7222,-11.3689,83.1243,99.6973,5426.8300,0.0000,0.0000,Pass
D86-11,2737,445,12.8727,-11.3676,82.9518,98.6762,5404.3300,0.0000,0.0000,Pass
D86-11,2737,446,13.1738,-11.3672,83.1932,97.6913,5435.8300,0.0000,0.0000,Pass
D86-11,2737,447,13.3242,-11.3663,83.2621,99.0308,5444.8300,0.0000,0.0000,Pass
D86-11,2737,448,13.4756,-11.3666,83.4511,97.0588,5469.5800,0.0000,0.0000,Pass
D86-11,2737,449,13.0235,-11.3676,82.7963,98.3880,5384.0800,0.0000,0.0000,Pass
D86-11,2737,450,9.4164,-11.5343,83.3309,98.4760,5453.8300,0.0000,0.0000,Pass
D86-11,2737,451,10.3173,-11.5310,82.5364,99.2289,5350.3300,0.0000,0.0000,Pass
D86-11,2737,452,11.8197,-11.5233,83.5197,99.6507,5478.5800,0.0000,0.0000,Pass
D86-11,2737,453,9.5661,-11.5337,83.3824,98.9622,5460.5800,0.0000,0.0000,Pass
D86-11,2737,454,9.7162,-11.5326,82.7617,98.9639,5379.5800,0.0000,0.0000,Pass
D86-11,2737,455,9.8663,-11.5330,83.0554,99.5402,5417.8300,0.0000,0.0000,Pass
D86-11,2737,456,10.0168,-11.5314,82.8482,99.3632,5390.8300,0.0000,0.0000,Pass
D86-11,2737,457,10.1667,-11.5312,82.2234,98.5270,5309.8300,0.0000,0.0000,Pass
D86-11,2737,458,10.4678,-11.5299,82.5711,99.4583,5354.8300,0.0000,0.0000,Pass
D86-11,2737,459,10.6180,-11.5292,82.9346,99.6456,5402.0800,0.0000,0.0000,Pass
D86-11,2737,460,10.7683,-11.5284,82.6231,99.7900,5361.5800,0.0000,0.0000,Pass
D86-11,2737,461,10.9183,-11.5281,82.8309,98.9988,5388.5800,0.0000,0.0000,Pass
D86-11,2737,462,11.0682,-11.5275,83.4168,98.9020,5465.0800,0.0000,0.0000,Pass
D86-11,2737,463,11.2193,-11.5266,82.6751,99.1437,5368.3300,0.0000,0.0000,Pass
D86-11,2737,464,11.3694,-11.5258,83.0036,99.3591,5411.0800,0.0000,0.0000,Pass
D86-11,2737,465,11.5195,-11.5248,82.7271,98.7538,5375.0800,0.0000,0.0000,Pass
D86-11,2737,466,11.6697,-11.5235,83.5197,98.6320,5478.5800,0.0000,0.0000,Pass
D86-11,2737,467,11.9705,-11.5225,83.1243,99.2183,5426.8300,0.0000,0.0000,Pass
D86-11,2737,468,12.1208,-11.5219,83.0899,98.9274,5422.3300,0.0000,0.0000,Pass
D86-11,2737,469,12.2708,-11.5214,83.0036,98.9238,5411.0800,0.0000,0.0000,Pass
D86-11,2737,470,12.4223,-11.5205,83.4339,99.5456,5467.3300,0.0000,0.0000,Pass
D86-11,2737,471,12.5724,-11.5203,82.8827,99.4965,5395.3300,0.0000,0.0000,Pass
D86-11,2737,472,13.0235,-11.5178,83.0554,97.2097,5417.8300,0.0000,0.0000,Pass
D86-11,2737,473,13.1741,-11.5173,83.0726,99.3027,5420.0800,0.0000,0.0000,Pass
D86-11,2737,474,12.7227,-11.5193,83.0554,99.5676,5417.8300,0.0000,0.0000,Pass
D86-11,2737,475,12.8738,-11.5186,83.2965,99.2628,5449.3300,0.0000,0.0000,Pass
D86-11,2737,476,13.3251,-11.5162,83.1588,98.5948,5431.3300,0.0000,0.0000,Pass
D86-11,2737,477,13.4754,-11.5164,83.5540,98.9208,5483.0800,0.0000,0.0000,Pass
D86-11,2737,478,9.5669,-11.6837,83.9644,99.5695,5537.0800,0.0000,0.0000,Pass
D86-11,2737,479,9.7171,-11.6837,83.1932,97.5405,5435.8300,0.0000,0.0000,Pass
D86-11,2737,480,9.8674,-11.6830,82.6578,98.4452,5366.0800,0.0000,0.0000,Pass
D86-11,2737,481,10.0170,-11.6825,82.9346,99.4601,5402.0800,0.0000,0.0000,Pass
D86-11,2737,482,10.1670,-11.6814,82.8309,99.1083,5388.5800,0.0000,0.0000,Pass
D86-11,2737,483,10.3178,-11.6811,83.1588,99.1349,5431.3300,0.0000,0.0000,Pass
D86-11,2737,484,10.6176,-11.6802,83.3480,98.8428,5456.0800,0.0000,0.0000,Pass
D86-11,2737,485,11.2198,-11.6770,83.4683,98.0592,5471.8300,0.0000,0.0000,Pass
D86-11,2737,486,11.3698,-11.6762,83.9644,99.6766,5537.0800,0.0000,0.0000,Pass
D86-11,2737,487,11.5200,-11.6750,82.5884,98.8869,5357.0800,0.0000,0.0000,Pass
D86-11,2737,488,11.6702,-11.6739,83.3309,98.9921,5453.8300,0.0000,0.0000,Pass
D86-11,2737,489,11.8208,-11.6734,83.5540,99.5152,5483.0800,0.0000,0.0000,Pass
D86-11,2737,490,11.9712,-11.6727,83.3996,98.7786,5462.8300,0.0000,0.0000,Pass
D86-11,2737,491,12.2726,-11.6716,83.8279,98.5975,5519.0800,0.0000,0.0000,Pass
D86-11,2737,492,12.4225,-11.6712,83.3309,98.9257,5453.8300,0.0000,0.0000,Pass
D86-11,2737,493,12.5730,-11.6703,83.7082,99.2973,5503.3300,0.0000,0.0000,Pass
D86-11,2737,494,10.4684,-11.6803,82.6058,97.8161,5359.3300,0.0000,0.0000,Pass
D86-11,2737,495,10.7693,-11.6784,83.2621,99.1167,5444.8300,0.0000,0.0000,Pass
D86-11,2737,496,10.9185,-11.6790,83.1416,98.5974,5429.0800,0.0000,0.0000,Pass
D86-11,2737,497,11.0703,-11.6774,83.3480,98.3332,5456.0800,0.0000,0.0000,Pass
D86-11,2737,498,12.1214,-11.6724,83.5540,99.1133,5483.0800,0.0000,0.0000,Pass
D86-11,2737,499,12.7238,-11.6697,82.9518,98.3691,5404.3300,0.0000,0.0000,Pass
D86-11,2737,500,12.8740,-11.6695,82.7963,98.8800,5384.0800,0.0000,0.0000,Pass
D86-11,2737,501,13.0252,-11.6684,83.5540,97.7848,5483.0800,0.0000,0.0000,Pass
D86-11,2737,502,13.1754,-11.6675,83.8791,98.5357,5525.8300,0.0000,0.0000,Pass
D86-11,2737,503,13.3258,-11.6668,83.5197,99.3447,5478.5800,0.0000,0.0000,Pass
D86-11,4918,1,2.3241,-137.0830,82.9000,97.9282,5397.5800,0.0000,0.0000,Pass
D86-11,4918,2,2.6245,-137.0820,83.2449,98.3290,5442.5800,0.0000,0.0000,Pass
D86-11,4918,3,3.6774,-137.0780,83.2621,98.2013,5444.8300,0.0000,0.0000,Pass
D86-11,4918,4,0.3704,-137.0910,83.5883,98.2461,5487.5800,0.0000,0.0000,Pass
D86-11,4918,5,0.5212,-137.0910,82.8827,98.6004,5395.3300,0.0000,0.0000,Pass
D86-11,4918,6,0.6709,-137.0900,83.2277,98.5240,5440.3300,0.0000,0.0000,Pass
D86-11,4918,7,0.8208,-137.0900,82.5537,98.7242,5352.5800,0.0000,0.0000,Pass
D86-11,4918,8,0.9713,-137.0890,83.1588,99.3708,5431.3300,0.0000,0.0000,Pass
D86-11,4918,9,1.1218,-137.0890,83.1243,99.4732,5426.8300,0.0000,0.0000,Pass
D86-11,4918,10,1.2716,-137.0880,82.6924,98.8298,5370.5800,0.0000,0.0000,Pass
D86-11,4918,11,1.4222,-137.0880,83.1588,99.1261,5431.3300,0.0000,0.0000,Pass
D86-11,4918,12,1.5723,-137.0870,82.7098,98.9394,5372.8300,0.0000,0.0000,Pass
D86-11,4918,13,1.7227,-137.0860,82.9173,99.1348,5399.8300,0.0000,0.0000,Pass
D86-11,4918,14,1.8728,-137.0860,82.8655,99.1066,5393.0800,0.0000,0.0000,Pass
D86-11,4918,15,2.0237,-137.0850,82.8827,99.4144,5395.3300,0.0000,0.0000,Pass
D86-11,4918,16,2.1740,-137.0850,83.1588,99.5122,5431.3300,0.0000,0.0000,Pass
D86-11,4918,17,2.4739,-137.0820,83.3309,99.3854,5453.8300,0.0000,0.0000,Pass
D86-11,4918,18,2.7749,-137.0810,83.1071,99.4908,5424.5800,0.0000,0.0000,Pass
D86-11,4918,19,2.9249,-137.0810,83.0209,98.4637,5413.3300,0.0000,0.0000,Pass
D86-11,4918,20,3.0753,-137.0800,83.3996,98.6177,5462.8300,0.0000,0.0000,Pass
D86-11,4918,21,3.2264,-137.0800,83.5369,99.1396,5480.8300,0.0000,0.0000,Pass
D86-11,4918,22,3.3766,-137.0790,83.1760,99.0321,5433.5800,0.0000,0.0000,Pass
D86-11,4918,23,3.5269,-137.0780,83.6397,99.2564,5494.3300,0.0000,0.0000,Pass
D86-11,4918,24,3.8281,-137.0770,83.6910,99.0961,5501.0800,0.0000,0.0000,Pass
D86-11,4918,25,3.9784,-137.0770,83.4854,98.8691,5474.0800,0.0000,0.0000,Pass
D86-11,4918,26,4.1287,-137.0760,83.9644,99.3166,5537.0800,0.0000,0.0000,Pass
D86-11,4918,27,0.2218,-137.2430,83.5026,98.2373,5476.3300,0.0000,0.0000,Pass
D86-11,4918,28,0.3711,-137.2420,83.5712,98.5340,5485.3300,0.0000,0.0000,Pass
D86-11,4918,29,0.5216,-137.2410,83.0554,98.6882,5417.8300,0.0000,0.0000,Pass
D86-11,4918,30,0.6710,-137.2400,82.6231,99.1378,5361.5800,0.0000,0.0000,Pass
D86-11,4918,31,1.1221,-137.2390,82.7098,98.6402,5372.8300,0.0000,0.0000,Pass
D86-11,4918,32,1.8738,-137.2370,83.0209,98.9057,5413.3300,0.0000,0.0000,Pass
D86-11,4918,33,2.3241,-137.2350,82.7963,97.3681,5384.0800,0.0000,0.0000,Pass
D86-11,4918,34,2.6250,-137.2320,82.8827,99.3706,5395.3300,0.0000,0.0000,Pass
D86-11,4918,35,2.7754,-137.2320,83.1932,99.5131,5435.8300,0.0000,0.0000,Pass
D86-11,4918,36,2.9256,-137.2310,82.9000,99.3734,5397.5800,0.0000,0.0000,Pass
D86-11,4918,37,3.3768,-137.2290,82.9864,99.1683,5408.8300,0.0000,0.0000,Pass
D86-11,4918,38,3.5275,-137.2290,82.8309,98.6695,5388.5800,0.0000,0.0000,Pass
D86-11,4918,39,4.1293,-137.2260,83.7424,98.4807,5507.8300,0.0000,0.0000,Pass
D86-11,4918,40,0.8207,-137.2400,82.5364,97.8521,5350.3300,0.0000,0.0000,Pass
D86-11,4918,41,0.9721,-137.2400,82.7444,99.5407,5377.3300,0.0000,0.0000,Pass
D86-11,4918,42,1.2724,-137.2380,82.9173,98.5165,5399.8300,0.0000,0.0000,Pass
D86-11,4918,43,1.4225,-137.2380,83.0899,98.7305,5422.3300,0.0000,0.0000,Pass
D86-11,4918,44,1.5730,-137.2370,82.1886,99.3991,5305.3300,0.0000,0.0000,Pass
D86-11,4918,45,1.7234,-137.2370,82.6924,99.2723,5370.5800,0.0000,0.0000,Pass
D86-11,4918,46,2.0243,-137.2360,82.7963,98.9316,5384.0800,0.0000,0.0000,Pass
D86-11,4918,47,2.1742,-137.2350,82.8827,98.6963,5395.3300,0.0000,0.0000,Pass
D86-11,4918,48,2.4750,-137.2330,83.0726,99.8634,5420.0800,0.0000,0.0000,Pass
D86-11,4918,49,3.0761,-137.2300,83.2105,99.5292,5438.0800,0.0000,0.0000,Pass
D86-11,4918,50,3.2267,-137.2300,83.2965,98.7341,5449.3300,0.0000,0.0000,Pass
D86-11,4918,51,3.6781,-137.2280,82.9691,98.9326,5406.5800,0.0000,0.0000,Pass
D86-11,4918,52,3.8282,-137.2280,83.5026,99.0155,5476.3300,0.0000,0.0000,Pass
D86-11,4918,53,3.9792,-137.2270,83.0899,98.6597,5422.3300,0.0000,0.0000,Pass
D86-11,4918,54,4.2799,-137.2260,83.6739,98.7965,5498.8300,0.0000,0.0000,Pass
D86-11,4918,55,0.2216,-137.3930,83.2105,98.6099,5438.0800,0.0000,0.0000,Pass
D86-11,4918,56,0.3716,-137.3930,82.9691,98.4264,5406.5800,0.0000,0.0000,Pass
D86-11,4918,57,0.5220,-137.3920,82.7271,98.1620,5375.0800,0.0000,0.0000,Pass
D86-11,4918,58,0.6718,-137.3920,82.3974,98.0728,5332.3300,0.0000,0.0000,Pass
D86-11,4918,59,0.8223,-137.3900,82.6751,97.7278,5368.3300,0.0000,0.0000,Pass
D86-11,4918,60,0.9725,-137.3900,82.7617,99.4870,5379.5800,0.0000,0.0000,Pass
D86-11,4918,61,1.1228,-137.3890,82.5017,98.9953,5345.8300,0.0000,0.0000,Pass
D86-11,4918,62,1.4229,-137.3880,82.5537,98.4181,5352.5800,0.0000,0.0000,Pass
D86-11,4918,63,1.5736,-137.3880,82.6578,99.7013,5366.0800,0.0000,0.0000,Pass
D86-11,4918,64,1.7238,-137.3870,82.5884,99.4216,5357.0800,0.0000,0.0000,Pass
D86-11,4918,65,2.1749,-137.3860,82.8482,99.2243,5390.8300,0.0000,0.0000,Pass
D86-11,4918,66,2.3253,-137.3850,82.9691,97.8005,5406.5800,0.0000,0.0000,Pass
D86-11,4918,67,2.4748,-137.3830,83.0381,99.5325,5415.5800,0.0000,0.0000,Pass
D86-11,4918,68,2.6254,-137.3820,83.0554,99.5283,5417.8300,0.0000,0.0000,Pass
D86-11,4918,69,2.7761,-137.3820,83.4168,99.4236,5465.0800,0.0000,0.0000,Pass
D86-11,4918,70,2.9256,-137.3810,82.3453,97.9496,5325.5800,0.0000,0.0000,Pass
D86-11,4918,71,3.0767,-137.3800,83.2105,99.2201,5438.0800,0.0000,0.0000,Pass
D86-11,4918,72,3.5281,-137.3790,82.9691,99.7096,5406.5800,0.0000,0.0000,Pass
D86-11,4918,73,3.6784,-137.3780,82.8482,99.4630,5390.8300,0.0000,0.0000,Pass
D86-11,4918,74,3.8296,-137.3770,83.3137,99.3704,5451.5800,0.0000,0.0000,Pass
D86-11,4918,75,3.9795,-137.3770,82.7963,99.2135,5384.0800,0.0000,0.0000,Pass
D86-11,4918,76,4.1298,-137.3770,83.3652,98.9603,5458.3300,0.0000,0.0000,Pass
D86-11,4918,77,1.2728,-137.3890,82.4843,98.9905,5343.5800,0.0000,0.0000,Pass
D86-11,4918,78,1.8741,-137.3860,82.8655,99.3983,5393.0800,0.0000,0.0000,Pass
D86-11,4918,79,2.0246,-137.3860,82.9518,99.6411,5404.3300,0.0000,0.0000,Pass
D86-11,4918,80,3.2270,-137.3800,83.1071,98.5995,5424.5800,0.0000,0.0000,Pass
D86-11,4918,81,3.3775,-137.3800,82.7790,98.6908,5381.8300,0.0000,0.0000,Pass
D86-11,4918,82,4.2807,-137.3760,83.5712,98.9253,5485.3300,0.0000,0.0000,Pass
D86-11,4918,83,0.2224,-137.5430,83.0726,98.6025,5420.0800,0.0000,0.0000,Pass
D86-11,4918,84,0.5223,-137.5420,82.5711,99.0213,5354.8300,0.0000,0.0000,Pass
D86-11,4918,85,3.2277,-137.5300,83.2621,99.5824,5444.8300,0.0000,0.0000,Pass
D86-11,4918,86,4.1304,-137.5270,83.0899,99.5518,5422.3300,0.0000,0.0000,Pass
D86-11,4918,87,0.3719,-137.5420,83.1588,98.7866,5431.3300,0.0000,0.0000,Pass
D86-11,4918,88,0.6725,-137.5410,83.1416,99.3132,5429.0800,0.0000,0.0000,Pass
D86-11,4918,89,0.8220,-137.5410,82.6578,98.7010,5366.0800,0.0000,0.0000,Pass
D86-11,4918,90,0.9735,-137.5400,82.8309,98.9126,5388.5800,0.0000,0.0000,Pass
D86-11,4918,91,1.1236,-137.5390,82.6924,99.3139,5370.5800,0.0000,0.0000,Pass
D86-11,4918,92,1.2738,-137.5390,82.5884,99.3035,5357.0800,0.0000,0.0000,Pass
D86-11,4918,93,1.4239,-137.5390,82.8136,99.8917,5386.3300,0.0000,0.0000,Pass
D86-11,4918,94,1.5741,-137.5370,82.5017,99.1105,5345.8300,0.0000,0.0000,Pass
D86-11,4918,95,1.7247,-137.5380,82.8136,99.5263,5386.3300,0.0000,0.0000,Pass
D86-11,4918,96,1.8749,-137.5370,82.7790,97.7376,5381.8300,0.0000,0.0000,Pass
D86-11,4918,97,2.0256,-137.5360,83.0036,98.8767,5411.0800,0.0000,0.0000,Pass
D86-11,4918,98,2.1754,-137.5360,82.9346,99.1298,5402.0800,0.0000,0.0000,Pass
D86-11,4918,99,2.3256,-137.5350,82.5017,97.8883,5345.8300,0.0000,0.0000,Pass
D86-11,4918,100,2.4757,-137.5330,83.0381,99.4062,5415.5800,0.0000,0.0000,Pass
D86-11,4918,101,2.6260,-137.5330,83.0036,97.9104,5411.0800,0.0000,0.0000,Pass
D86-11,4918,102,2.7769,-137.5320,83.2277,99.6947,5440.3300,0.0000,0.0000,Pass
D86-11,4918,103,2.9266,-137.5320,82.7617,98.4941,5379.5800,0.0000,0.0000,Pass
D86-11,4918,104,3.0774,-137.5310,83.2965,99.5137,5449.3300,0.0000,0.0000,Pass
D86-11,4918,105,3.3779,-137.5300,83.3309,99.3260,5453.8300,0.0000,0.0000,Pass
D86-11,4918,106,3.5288,-137.5300,83.3309,99.7254,5453.8300,0.0000,0.0000,Pass
D86-11,4918,107,3.6793,-137.5290,82.8136,98.9461,5386.3300,0.0000,0.0000,Pass
D86-11,4918,108,3.8290,-137.5280,83.1071,99.4566,5424.5800,0.0000,0.0000,Pass
D86-11,4918,109,3.9802,-137.5270,82.8309,99.3266,5388.5800,0.0000,0.0000,Pass
D86-11,4918,110,4.2815,-137.5260,83.7595,98.7075,5510.0800,0.0000,0.0000,Pass
D86-11,4918,111,0.2228,-137.6930,83.1932,98.8347,5435.8300,0.0000,0.0000,Pass
D86-11,4918,112,0.3727,-137.6920,82.9000,97.2931,5397.5800,0.0000,0.0000,Pass
D86-11,4918,113,0.5226,-137.6920,82.7790,98.6737,5381.8300,0.0000,0.0000,Pass
D86-11,4918,114,0.6727,-137.6920,82.6405,98.3050,5363.8300,0.0000,0.0000,Pass
D86-11,4918,115,0.9735,-137.6900,82.7790,99.0606,5381.8300,0.0000,0.0000,Pass
D86-11,4918,116,1.1237,-137.6900,82.7271,98.1955,5375.0800,0.0000,0.0000,Pass
D86-11,4918,117,1.2741,-137.6900,83.1760,98.7371,5433.5800,0.0000,0.0000,Pass
D86-11,4918,118,1.4244,-137.6890,83.2277,98.1248,5440.3300,0.0000,0.0000,Pass
D86-11,4918,119,1.7252,-137.6880,83.0381,99.7511,5415.5800,0.0000,0.0000,Pass
D86-11,4918,120,1.8753,-137.6870,83.1760,99.2224,5433.5800,0.0000,0.0000,Pass
D86-11,4918,121,2.3261,-137.6850,82.8309,97.3235,5388.5800,0.0000,0.0000,Pass
D86-11,4918,122,2.4765,-137.6840,83.0381,98.2738,5415.5800,0.0000,0.0000,Pass
D86-11,4918,123,2.7772,-137.6830,83.2105,98.5093,5438.0800,0.0000,0.0000,Pass
D86-11,4918,124,2.9275,-137.6820,83.3480,99.7201,5456.0800,0.0000,0.0000,Pass
D86-11,4918,125,3.0779,-137.6810,83.5369,99.0868,5480.8300,0.0000,0.0000,Pass
D86-11,4918,126,3.6795,-137.6790,82.7963,99.4116,5384.0800,0.0000,0.0000,Pass
D86-11,4918,127,3.8300,-137.6790,83.4683,99.0748,5471.8300,0.0000,0.0000,Pass
D86-11,4918,128,0.8233,-137.6910,82.6924,98.9542,5370.5800,0.0000,0.0000,Pass
D86-11,4918,129,1.5744,-137.6890,83.1243,99.2580,5426.8300,0.0000,0.0000,Pass
D86-11,4918,130,2.0261,-137.6870,83.0726,98.9682,5420.0800,0.0000,0.0000,Pass
D86-11,4918,131,2.1761,-137.6860,83.1416,99.7322,5429.0800,0.0000,0.0000,Pass
D86-11,4918,132,2.6268,-137.6830,83.3996,99.3822,5462.8300,0.0000,0.0000,Pass
D86-11,4918,133,3.2282,-137.6810,83.6910,99.9782,5501.0800,0.0000,0.0000,Pass
D86-11,4918,134,3.3788,-137.6800,83.5197,99.2333,5478.5800,0.0000,0.0000,Pass
D86-11,4918,135,3.5294,-137.6790,83.3996,99.5269,5462.8300,0.0000,0.0000,Pass
D86-11,4918,136,3.9807,-137.6780,82.9518,98.6793,5404.3300,0.0000,0.0000,Pass
D86-11,4918,137,4.1312,-137.6770,83.2793,98.9148,5447.0800,0.0000,0.0000,Pass
D86-11,4918,138,4.2819,-137.6770,83.4168,98.2419,5465.0800,0.0000,0.0000,Pass
D86-11,4918,139,0.3734,-137.8430,82.8827,98.3228,5395.3300,0.0000,0.0000,Pass
D86-11,4918,140,0.2236,-137.8440,83.4339,99.7617,5467.3300,0.0000,0.0000,Pass
D86-11,4918,141,0.5236,-137.8430,82.7098,98.4782,5372.8300,0.0000,0.0000,Pass
D86-11,4918,142,0.6737,-137.8420,82.8136,99.5365,5386.3300,0.0000,0.0000,Pass
D86-11,4918,143,0.8238,-137.8420,82.5364,99.0213,5350.3300,0.0000,0.0000,Pass
D86-11,4918,144,3.6805,-137.8300,83.2965,99.0548,5449.3300,0.0000,0.0000,Pass
D86-11,4918,145,3.9817,-137.8280,83.1760,99.0368,5433.5800,0.0000,0.0000,Pass
D86-11,4918,146,4.2824,-137.8270,83.5883,98.8551,5487.5800,0.0000,0.0000,Pass
D86-11,4918,147,3.8311,-137.8290,83.2105,99.1813,5438.0800,0.0000,0.0000,Pass
D86-11,4918,148,4.1318,-137.8280,83.1243,99.3139,5426.8300,0.0000,0.0000,Pass
D86-11,4918,149,0.2238,-137.9940,83.2277,99.4982,5440.3300,0.0000,0.0000,Pass
D86-11,4918,150,0.3738,-137.9940,82.9173,99.5067,5399.8300,0.0000,0.0000,Pass
D86-11,4918,151,0.5242,-137.9930,82.6751,99.3845,5368.3300,0.0000,0.0000,Pass
D86-11,4918,152,0.6745,-137.9920,82.8482,98.3493,5390.8300,0.0000,0.0000,Pass
D86-11,4918,153,0.8247,-137.9920,82.7963,99.0747,5384.0800,0.0000,0.0000,Pass
D86-11,4918,154,3.6807,-137.9790,83.6568,99.3870,5496.5800,0.0000,0.0000,Pass
D86-11,4918,155,3.8314,-137.9790,83.3652,99.2116,5458.3300,0.0000,0.0000,Pass
D86-11,4918,156,3.9819,-137.9780,83.2105,98.6044,5438.0800,0.0000,0.0000,Pass
D86-11,4918,157,4.2834,-137.9780,83.3480,99.2725,5456.0800,0.0000,0.0000,Pass
D86-11,4918,158,4.1324,-137.9780,83.5540,98.6528,5483.0800,0.0000,0.0000,Pass
D86-11,4918,159,1.3523,-138.0980,83.5712,99.6816,5485.3300,0.0000,0.0000,Pass
D86-11,4918,160,2.3419,-138.0930,82.8482,97.1959,5390.8300,0.0000,0.0000,Pass
D86-11,4918,161,2.8370,-138.0910,83.5540,99.4813,5483.0800,0.0000,0.0000,Pass
D86-11,4918,162,1.5175,-138.0980,84.0156,99.2915,5543.8300,0.0000,0.0000,Pass
D86-11,4918,163,1.6824,-138.0960,83.5540,98.8770,5483.0800,0.0000,0.0000,Pass
D86-11,4918,164,1.8477,-138.0950,83.5369,98.6953,5480.8300,0.0000,0.0000,Pass
D86-11,4918,165,2.0124,-138.0960,83.7082,99.6378,5503.3300,0.0000,0.0000,Pass
D86-11,4918,166,2.1769,-138.0950,83.3824,99.2274,5460.5800,0.0000,0.0000,Pass
D86-11,4918,167,2.5067,-138.0920,83.2449,99.3212,5442.5800,0.0000,0.0000,Pass
D86-11,4918,168,2.6717,-138.0920,83.5883,99.0878,5487.5800,0.0000,0.0000,Pass
D86-11,4918,169,3.0021,-138.0900,83.5540,99.7096,5483.0800,0.0000,0.0000,Pass
D86-11,4918,170,3.1671,-138.0890,84.0156,99.1294,5543.8300,0.0000,0.0000,Pass
D86-11,4918,171,3.3323,-138.0890,84.1178,99.5519,5557.3300,0.0000,0.0000,Pass
D86-11,4918,172,0.2243,-138.1450,83.0209,99.4321,5413.3300,0.0000,0.0000,Pass
D86-11,4918,173,0.3744,-138.1440,83.1243,99.0896,5426.8300,0.0000,0.0000,Pass
D86-11,4918,174,0.5246,-138.1430,83.0036,99.5498,5411.0800,0.0000,0.0000,Pass
D86-11,4918,175,0.6752,-138.1430,82.7617,99.4918,5379.5800,0.0000,0.0000,Pass
D86-11,4918,176,0.8249,-138.1420,82.7444,98.9937,5377.3300,0.0000,0.0000,Pass
D86-11,4918,177,4.1334,-138.1280,83.3309,98.4542,5453.8300,0.0000,0.0000,Pass
D86-11,4918,178,3.6816,-138.1300,83.4168,99.0734,5465.0800,0.0000,0.0000,Pass
D86-11,4918,179,3.8323,-138.1300,83.6054,98.8000,5489.8300,0.0000,0.0000,Pass
D86-11,4918,180,3.9828,-138.1290,83.0554,99.2102,5417.8300,0.0000,0.0000,Pass
D86-11,4918,181,4.2837,-138.1280,83.5197,99.1947,5478.5800,0.0000,0.0000,Pass
D86-11,4918,182,1.1881,-138.2640,83.8962,99.3198,5528.0800,0.0000,0.0000,Pass
D86-11,4918,183,1.3525,-138.2630,83.7595,99.4210,5510.0800,0.0000,0.0000,Pass
D86-11,4918,184,1.5178,-138.2620,83.6739,99.4108,5498.8300,0.0000,0.0000,Pass
D86-11,4918,185,1.6828,-138.2620,83.2621,99.1204,5444.8300,0.0000,0.0000,Pass
D86-11,4918,186,1.8479,-138.2610,83.6226,99.0971,5492.0800,0.0000,0.0000,Pass
D86-11,4918,187,2.0130,-138.2600,83.2105,98.5248,5438.0800,0.0000,0.0000,Pass
D86-11,4918,188,2.1781,-138.2600,83.1932,99.4803,5435.8300,0.0000,0.0000,Pass
D86-11,4918,189,2.3428,-138.2580,82.7790,96.9982,5381.8300,0.0000,0.0000,Pass
D86-11,4918,190,2.5074,-138.2580,83.0036,98.9886,5411.0800,0.0000,0.0000,Pass
D86-11,4918,191,2.6728,-138.2570,83.1932,99.6052,5435.8300,0.0000,0.0000,Pass
D86-11,4918,192,2.8378,-138.2560,83.1416,99.7459,5429.0800,0.0000,0.0000,Pass
D86-11,4918,193,3.0027,-138.2550,83.3824,99.2876,5460.5800,0.0000,0.0000,Pass
D86-11,4918,194,3.3330,-138.2540,83.7424,99.2066,5507.8300,0.0000,0.0000,Pass
D86-11,4918,195,3.1676,-138.2550,83.7253,99.8443,5505.5800,0.0000,0.0000,Pass
D86-11,4918,196,0.2252,-138.2950,83.4511,99.2226,5469.5800,0.0000,0.0000,Pass
D86-11,4918,197,0.3749,-138.2940,83.5540,99.1996,5483.0800,0.0000,0.0000,Pass
D86-11,4918,198,0.5255,-138.2940,82.7790,99.2415,5381.8300,0.0000,0.0000,Pass
D86-11,4918,199,0.6757,-138.2930,82.6578,99.5934,5366.0800,0.0000,0.0000,Pass
D86-11,4918,200,0.8254,-138.2930,82.9000,99.0725,5397.5800,0.0000,0.0000,Pass
D86-11,4918,201,3.6818,-138.2810,83.9985,99.3627,5541.5800,0.0000,0.0000,Pass
D86-11,4918,202,3.8328,-138.2800,83.5883,99.8442,5487.5800,0.0000,0.0000,Pass
D86-11,4918,203,3.9833,-138.2790,83.2277,99.5782,5440.3300,0.0000,0.0000,Pass
D86-11,4918,204,4.1337,-138.2790,83.5026,99.3969,5476.3300,0.0000,0.0000,Pass
D86-11,4918,205,4.2840,-138.2780,83.3824,99.2973,5460.5800,0.0000,0.0000,Pass
D86-11,4918,206,1.1886,-138.4280,83.7424,99.9426,5507.8300,0.0000,0.0000,Pass
D86-11,4918,207,1.3535,-138.4280,83.3480,99.2748,5456.0800,0.0000,0.0000,Pass
D86-11,4918,208,1.5188,-138.4280,84.0326,99.1514,5546.0800,0.0000,0.0000,Pass
D86-11,4918,209,2.0137,-138.4250,83.2105,99.9126,5438.0800,0.0000,0.0000,Pass
D86-11,4918,210,2.3432,-138.4230,82.7963,96.8228,5384.0800,0.0000,0.0000,Pass
D86-11,4918,211,2.8381,-138.4210,83.0726,99.4782,5420.0800,0.0000,0.0000,Pass
D86-11,4918,212,3.0034,-138.4200,83.0036,99.5989,5411.0800,0.0000,0.0000,Pass
D86-11,4918,213,3.1684,-138.4190,83.3652,99.7131,5458.3300,0.0000,0.0000,Pass
D86-11,4918,214,1.6833,-138.4270,83.1588,99.4690,5431.3300,0.0000,0.0000,Pass
D86-11,4918,215,1.8486,-138.4270,83.3480,99.8191,5456.0800,0.0000,0.0000,Pass
D86-11,4918,216,2.1786,-138.4250,82.6405,99.9533,5363.8300,0.0000,0.0000,Pass
D86-11,4918,217,2.5081,-138.4220,82.8136,99.5376,5386.3300,0.0000,0.0000,Pass
D86-11,4918,218,2.6732,-138.4210,82.9691,99.5813,5406.5800,0.0000,0.0000,Pass
D86-11,4918,219,3.3336,-138.4190,83.5712,99.3489,5485.3300,0.0000,0.0000,Pass
D86-11,4918,220,0.2255,-138.4460,83.1932,99.4555,5435.8300,0.0000,0.0000,Pass
D86-11,4918,221,0.3755,-138.4450,82.9173,98.7824,5399.8300,0.0000,0.0000,Pass
D86-11,4918,222,0.5261,-138.4450,83.4339,99.1030,5467.3300,0.0000,0.0000,Pass
D86-11,4918,223,0.6764,-138.4430,82.6924,98.6983,5370.5800,0.0000,0.0000,Pass
D86-11,4918,224,0.8266,-138.4430,83.0554,99.7019,5417.8300,0.0000,0.0000,Pass
D86-11,4918,225,3.6827,-138.4300,83.5712,98.8031,5485.3300,0.0000,0.0000,Pass
D86-11,4918,226,3.8333,-138.4300,83.5540,98.8008,5483.0800,0.0000,0.0000,Pass
D86-11,4918,227,3.9835,-138.4300,83.0899,98.6934,5422.3300,0.0000,0.0000,Pass
D86-11,4918,228,4.1346,-138.4290,83.4683,99.1563,5471.8300,0.0000,0.0000,Pass
D86-11,4918,229,4.2847,-138.4280,83.4511,98.7787,5469.5800,0.0000,0.0000,Pass
D86-11,4918,230,0.2260,-138.5960,83.3652,99.3817,5458.3300,0.0000,0.0000,Pass
D86-11,4918,231,0.6770,-138.5940,82.8482,99.8023,5390.8300,0.0000,0.0000,Pass
D86-11,4918,232,0.8272,-138.5930,82.9518,99.7287,5404.3300,0.0000,0.0000,Pass
D86-11,4918,233,2.5087,-138.5870,82.7790,99.3242,5381.8300,0.0000,0.0000,Pass
D86-11,4918,234,3.6829,-138.5810,83.6397,99.5022,5494.3300,0.0000,0.0000,Pass
D86-11,4918,235,3.8340,-138.5800,83.5369,99.4921,5480.8300,0.0000,0.0000,Pass
D86-11,4918,236,3.9842,-138.5800,83.4339,99.2311,5467.3300,0.0000,0.0000,Pass
D86-11,4918,237,4.1349,-138.5790,83.3309,98.8536,5453.8300,0.0000,0.0000,Pass
D86-11,4918,238,4.2857,-138.5780,83.3480,99.3997,5456.0800,0.0000,0.0000,Pass
D86-11,4918,239,1.1893,-138.5940,83.5026,98.0696,5476.3300,0.0000,0.0000,Pass
D86-11,4918,240,1.3540,-138.5930,83.3309,98.3226,5453.8300,0.0000,0.0000,Pass
D86-11,4918,241,1.5196,-138.5930,83.4339,99.6957,5467.3300,0.0000,0.0000,Pass
D86-11,4918,242,1.6841,-138.5920,82.9864,97.4039,5408.8300,0.0000,0.0000,Pass
D86-11,4918,243,1.8493,-138.5910,83.1071,99.7927,5424.5800,0.0000,0.0000,Pass
D86-11,4918,244,2.0145,-138.5910,83.0381,99.0715,5415.5800,0.0000,0.0000,Pass
D86-11,4918,245,2.3443,-138.5880,81.9792,97.8131,5278.3400,0.0000,0.0000,Pass
D86-11,4918,246,2.6734,-138.5870,82.9518,99.9607,5404.3300,0.0000,0.0000,Pass
D86-11,4918,247,2.8390,-138.5860,82.9864,99.3944,5408.8300,0.0000,0.0000,Pass
D86-11,4918,248,3.0040,-138.5850,82.6405,98.7308,5363.8300,0.0000,0.0000,Pass
D86-11,4918,249,3.1691,-138.5850,83.3824,99.0667,5460.5800,0.0000,0.0000,Pass
D86-11,4918,250,3.3344,-138.5840,83.4168,98.9719,5465.0800,0.0000,0.0000,Pass
D86-11,4918,251,2.1792,-138.5890,82.4496,99.2493,5339.0800,0.0000,0.0000,Pass
D86-11,4918,252,0.2269,-138.7460,83.3996,99.0296,5462.8300,0.0000,0.0000,Pass
D86-11,4918,253,0.3768,-138.7460,83.1243,99.7528,5426.8300,0.0000,0.0000,Pass
D86-11,4918,254,0.5269,-138.7450,83.2105,99.4662,5438.0800,0.0000,0.0000,Pass
D86-11,4918,255,0.6773,-138.7450,83.1416,99.0543,5429.0800,0.0000,0.0000,Pass
D86-11,4918,256,0.8269,-138.7440,82.9000,99.1059,5397.5800,0.0000,0.0000,Pass
D86-11,4918,257,3.6836,-138.7320,83.8449,97.8825,5521.3300,0.0000,0.0000,Pass
D86-11,4918,258,3.8342,-138.7310,83.7595,99.5693,5510.0800,0.0000,0.0000,Pass
D86-11,4918,259,4.1358,-138.7300,83.5197,99.3702,5478.5800,0.0000,0.0000,Pass
D86-11,4918,260,3.9847,-138.7300,83.4683,99.0150,5471.8300,0.0000,0.0000,Pass
D86-11,4918,261,4.2864,-138.7290,83.3652,98.3658,5458.3300,0.0000,0.0000,Pass
D86-11,4918,262,1.1902,-138.7590,83.6739,98.4567,5498.8300,0.0000,0.0000,Pass
D86-11,4918,263,1.5195,-138.7580,83.3996,99.8621,5462.8300,0.0000,0.0000,Pass
D86-11,4918,264,1.6850,-138.7570,83.0726,99.5632,5420.0800,0.0000,0.0000,Pass
D86-11,4918,265,1.8498,-138.7560,82.9518,98.9993,5404.3300,0.0000,0.0000,Pass
D86-11,4918,266,2.0149,-138.7560,82.9691,99.7537,5406.5800,0.0000,0.0000,Pass
D86-11,4918,267,2.1799,-138.7550,82.8827,99.7550,5395.3300,0.0000,0.0000,Pass
D86-11,4918,268,2.3447,-138.7530,82.5190,97.7864,5348.0800,0.0000,0.0000,Pass
D86-11,4918,269,2.6745,-138.7520,82.5711,98.7870,5354.8300,0.0000,0.0000,Pass
D86-11,4918,270,2.8398,-138.7510,83.2449,99.7410,5442.5800,0.0000,0.0000,Pass
D86-11,4918,271,3.0046,-138.7500,82.7617,99.1756,5379.5800,0.0000,0.0000,Pass
D86-11,4918,272,3.1699,-138.7500,83.2793,99.3860,5447.0800,0.0000,0.0000,Pass
D86-11,4918,273,1.3551,-138.7580,83.2277,99.3004,5440.3300,0.0000,0.0000,Pass
D86-11,4918,274,2.5096,-138.7520,82.7444,99.4898,5377.3300,0.0000,0.0000,Pass
D86-11,4918,275,3.3349,-138.7490,83.4854,99.4905,5474.0800,0.0000,0.0000,Pass
D86-11,4918,276,0.3776,-138.8960,83.1243,98.6886,5426.8300,0.0000,0.0000,Pass
D86-11,4918,277,0.5280,-138.8950,82.7617,99.4639,5379.5800,0.0000,0.0000,Pass
D86-11,4918,278,0.2276,-138.8970,83.5712,99.1652,5485.3300,0.0000,0.0000,Pass
D86-11,4918,279,0.6782,-138.8950,82.7617,99.3286,5379.5800,0.0000,0.0000,Pass
D86-11,4918,280,0.8283,-138.8950,83.2621,99.1160,5444.8300,0.0000,0.0000,Pass
D86-11,4918,281,3.6843,-138.8820,83.5712,99.5284,5485.3300,0.0000,0.0000,Pass
D86-11,4918,282,3.8355,-138.8810,83.5883,99.2269,5487.5800,0.0000,0.0000,Pass
D86-11,4918,283,3.9856,-138.8800,83.3824,98.5873,5460.5800,0.0000,0.0000,Pass
D86-11,4918,284,4.1359,-138.8800,83.6054,99.7981,5489.8300,0.0000,0.0000,Pass
D86-11,4918,285,4.2866,-138.8790,83.5712,99.0901,5485.3300,0.0000,0.0000,Pass
D86-11,4918,286,1.6858,-138.9220,82.5884,98.7104,5357.0800,0.0000,0.0000,Pass
D86-11,4918,287,2.3455,-138.9180,81.5412,96.8750,5222.0900,0.0000,0.0000,Pass
D86-11,4918,288,2.6750,-138.9160,82.5190,98.4723,5348.0800,0.0000,0.0000,Pass
D86-11,4918,289,1.1908,-138.9230,83.4339,98.3449,5467.3300,0.0000,0.0000,Pass
D86-11,4918,290,1.3560,-138.9230,82.9864,98.9660,5408.8300,0.0000,0.0000,Pass
D86-11,4918,291,1.5204,-138.9220,83.2105,98.5328,5438.0800,0.0000,0.0000,Pass
D86-11,4918,292,1.8505,-138.9210,82.5364,98.4108,5350.3300,0.0000,0.0000,Pass
D86-11,4918,293,2.0154,-138.9200,82.4148,98.6892,5334.5800,0.0000,0.0000,Pass
D86-11,4918,294,2.1805,-138.9190,82.4843,98.6883,5343.5800,0.0000,0.0000,Pass
D86-11,4918,295,2.5098,-138.9170,81.8043,97.9879,5255.8400,0.0000,0.0000,Pass
D86-11,4918,296,2.8407,-138.9160,82.8655,96.4908,5393.0800,0.0000,0.0000,Pass
D86-11,4918,297,3.0055,-138.9150,82.9864,98.6490,5408.8300,0.0000,0.0000,Pass
D86-11,4918,298,3.1707,-138.9150,83.2277,98.3957,5440.3300,0.0000,0.0000,Pass
D86-11,4918,299,3.3357,-138.9140,83.5712,99.0530,5485.3300,0.0000,0.0000,Pass
D86-11,4918,300,0.2285,-139.0460,83.1588,98.9572,5431.3300,0.0000,0.0000,Pass
D86-11,4918,301,0.3781,-139.0450,82.8827,99.8085,5395.3300,0.0000,0.0000,Pass
D86-11,4918,302,0.5282,-139.0450,83.1932,99.1084,5435.8300,0.0000,0.0000,Pass
D86-11,4918,303,0.6786,-139.0440,83.0036,98.6691,5411.0800,0.0000,0.0000,Pass
D86-11,4918,304,0.8292,-139.0440,83.1588,99.7488,5431.3300,0.0000,0.0000,Pass
D86-11,4918,305,3.6852,-139.0310,83.8279,99.8385,5519.0800,0.0000,0.0000,Pass
D86-11,4918,306,3.8360,-139.0300,83.5197,99.7623,5478.5800,0.0000,0.0000,Pass
D86-11,4918,307,3.9861,-139.0300,83.5540,98.7218,5483.0800,0.0000,0.0000,Pass
D86-11,4918,308,4.1369,-139.0290,83.7253,99.0965,5505.5800,0.0000,0.0000,Pass
D86-11,4918,309,4.2876,-139.0280,83.0726,98.5177,5420.0800,0.0000,0.0000,Pass
D86-11,4918,310,1.1912,-139.0880,83.8108,99.6266,5516.8300,0.0000,0.0000,Pass
D86-11,4918,311,1.3563,-139.0870,83.7424,99.3065,5507.8300,0.0000,0.0000,Pass
D86-11,4918,312,1.5212,-139.0860,83.4168,98.4136,5465.0800,0.0000,0.0000,Pass
D86-11,4918,313,1.6864,-139.0860,83.1071,98.7590,5424.5800,0.0000,0.0000,Pass
D86-11,4918,314,1.8510,-139.0860,83.5712,99.3739,5485.3300,0.0000,0.0000,Pass
D86-11,4918,315,2.0164,-139.0850,82.8827,99.3409,5395.3300,0.0000,0.0000,Pass
D86-11,4918,316,2.3460,-139.0830,82.4322,98.3542,5336.8300,0.0000,0.0000,Pass
D86-11,4918,317,2.5109,-139.0810,82.6924,99.5219,5370.5800,0.0000,0.0000,Pass
D86-11,4918,318,2.6755,-139.0810,83.2965,99.2356,5449.3300,0.0000,0.0000,Pass
D86-11,4918,319,2.8410,-139.0800,83.0209,99.4465,5413.3300,0.0000,0.0000,Pass
D86-11,4918,320,3.0061,-139.0790,83.1760,99.7396,5433.5800,0.0000,0.0000,Pass
D86-11,4918,321,3.1709,-139.0780,83.7595,99.1082,5510.0800,0.0000,0.0000,Pass
D86-11,4918,322,3.3363,-139.0780,83.7766,98.5863,5512.3300,0.0000,0.0000,Pass
D86-11,4918,323,2.1816,-139.0840,82.6751,99.0243,5368.3300,0.0000,0.0000,Pass
D86-11,4918,324,0.2289,-139.1960,83.4168,99.1500,5465.0800,0.0000,0.0000,Pass
D86-11,4918,325,0.3786,-139.1960,83.1932,98.8967,5435.8300,0.0000,0.0000,Pass
D86-11,4918,326,0.5292,-139.1950,83.0554,98.8864,5417.8300,0.0000,0.0000,Pass
D86-11,4918,327,0.6797,-139.1940,83.1416,99.7389,5429.0800,0.0000,0.0000,Pass
D86-11,4918,328,0.8294,-139.1940,83.2105,99.3013,5438.0800,0.0000,0.0000,Pass
D86-11,4918,329,3.6858,-139.1810,83.8791,98.9436,5525.8300,0.0000,0.0000,Pass
D86-11,4918,330,3.9869,-139.1800,83.6054,98.8874,5489.8300,0.0000,0.0000,Pass
D86-11,4918,331,4.1374,-139.1790,83.6397,99.7811,5494.3300,0.0000,0.0000,Pass
D86-11,4918,332,4.2880,-139.1790,83.3996,98.3094,5462.8300,0.0000,0.0000,Pass
D86-11,4918,333,3.8365,-139.1800,84.0838,99.5636,5552.8300,0.0000,0.0000,Pass
D86-11,4918,334,1.1919,-139.2530,83.8962,99.8621,5528.0800,0.0000,0.0000,Pass
D86-11,4918,335,1.3569,-139.2520,83.7253,99.3372,5505.5800,0.0000,0.0000,Pass
D86-11,4918,336,1.5218,-139.2520,83.9303,98.3600,5532.5800,0.0000,0.0000,Pass
D86-11,4918,337,1.6873,-139.2510,83.8279,98.9285,5519.0800,0.0000,0.0000,Pass
D86-11,4918,338,1.8517,-139.2500,83.3824,99.7948,5460.5800,0.0000,0.0000,Pass
D86-11,4918,339,2.3470,-139.2480,82.9173,97.9718,5399.8300,0.0000,0.0000,Pass
D86-11,4918,340,2.5115,-139.2470,83.2449,99.3163,5442.5800,0.0000,0.0000,Pass
D86-11,4918,341,2.6765,-139.2460,83.4168,99.6390,5465.0800,0.0000,0.0000,Pass
D86-11,4918,342,2.8415,-139.2450,83.2621,99.2706,5444.8300,0.0000,0.0000,Pass
D86-11,4918,343,3.0069,-139.2440,83.4168,99.2638,5465.0800,0.0000,0.0000,Pass
D86-11,4918,344,3.1717,-139.2430,83.9474,99.6930,5534.8300,0.0000,0.0000,Pass
D86-11,4918,345,2.0172,-139.2500,83.3824,99.8717,5460.5800,0.0000,0.0000,Pass
D86-11,4918,346,2.1817,-139.2490,83.0036,99.3142,5411.0800,0.0000,0.0000,Pass
D86-11,4918,347,3.3369,-139.2430,83.8279,99.7549,5519.0800,0.0000,0.0000,Pass
D86-11,4918,348,0.6804,-139.3450,83.2621,99.0628,5444.8300,0.0000,0.0000,Pass
D86-11,4918,349,0.2293,-139.3470,83.4683,99.2165,5471.8300,0.0000,0.0000,Pass
D86-11,4918,350,0.3794,-139.3460,83.2449,98.3009,5442.5800,0.0000,0.0000,Pass
D86-11,4918,351,0.5297,-139.3460,82.9864,99.7279,5408.8300,0.0000,0.0000,Pass
D86-11,4918,352,0.8299,-139.3450,83.0209,97.3993,5413.3300,0.0000,0.0000,Pass
D86-11,4918,353,3.6865,-139.3320,83.7595,99.4431,5510.0800,0.0000,0.0000,Pass
D86-11,4918,354,3.8373,-139.3310,83.6568,99.4451,5496.5800,0.0000,0.0000,Pass
D86-11,4918,355,3.9873,-139.3310,83.2621,99.5170,5444.8300,0.0000,0.0000,Pass
D86-11,4918,356,4.2887,-139.3290,83.3652,99.4165,5458.3300,0.0000,0.0000,Pass
D86-11,4918,357,4.1380,-139.3300,83.5369,99.1204,5480.8300,0.0000,0.0000,Pass
D86-11,4918,358,0.3798,-139.4960,83.4339,99.5210,5467.3300,0.0000,0.0000,Pass
D86-11,4918,359,0.2301,-139.4980,83.3480,99.4217,5456.0800,0.0000,0.0000,Pass
D86-11,4918,360,0.5300,-139.4960,82.9864,99.1578,5408.8300,0.0000,0.0000,Pass
D86-11,4918,361,0.6803,-139.4950,83.0381,99.4267,5415.5800,0.0000,0.0000,Pass
D86-11,4918,362,0.8305,-139.4950,83.3480,99.4355,5456.0800,0.0000,0.0000,Pass
D86-11,4918,363,3.6867,-139.4820,84.0838,99.5410,5552.8300,0.0000,0.0000,Pass
D86-11,4918,364,3.8379,-139.4810,83.5540,99.2121,5483.0800,0.0000,0.0000,Pass
D86-11,4918,365,3.9878,-139.4810,83.6397,99.5780,5494.3300,0.0000,0.0000,Pass
D86-11,4918,366,4.1383,-139.4800,83.3480,98.1533,5456.0800,0.0000,0.0000,Pass
D86-11,4918,367,4.2893,-139.4790,83.4339,98.2344,5467.3300,0.0000,0.0000,Pass
D86-11,4918,368,0.2303,-139.6480,83.8279,99.2372,5519.0800,0.0000,0.0000,Pass
D86-11,4918,369,0.6812,-139.6460,82.9691,98.9796,5406.5800,0.0000,0.0000,Pass
D86-11,4918,370,0.9821,-139.6440,83.6397,99.3692,5494.3300,0.0000,0.0000,Pass
D86-11,4918,371,2.0336,-139.6400,84.0156,98.9863,5543.8300,0.0000,0.0000,Pass
D86-11,4918,372,2.3347,-139.6390,83.6397,97.0673,5494.3300,0.0000,0.0000,Pass
D86-11,4918,373,2.4842,-139.6370,83.5026,99.4026,5476.3300,0.0000,0.0000,Pass
D86-11,4918,374,2.9356,-139.6350,83.8449,98.4344,5521.3300,0.0000,0.0000,Pass
D86-11,4918,375,0.3803,-139.6470,83.3137,96.9854,5451.5800,0.0000,0.0000,Pass
D86-11,4918,376,0.5309,-139.6460,83.2105,99.4016,5438.0800,0.0000,0.0000,Pass
D86-11,4918,377,0.8311,-139.6450,82.9691,99.6805,5406.5800,0.0000,0.0000,Pass
D86-11,4918,378,1.1319,-139.6440,83.8620,99.2793,5523.5800,0.0000,0.0000,Pass
D86-11,4918,379,1.2823,-139.6440,84.0497,99.9116,5548.3300,0.0000,0.0000,Pass
D86-11,4918,380,1.4327,-139.6430,83.5369,99.0280,5480.8300,0.0000,0.0000,Pass
D86-11,4918,381,1.5830,-139.6420,83.9474,99.5501,5534.8300,0.0000,0.0000,Pass
D86-11,4918,382,1.7333,-139.6420,84.0667,99.4178,5550.5800,0.0000,0.0000,Pass
D86-11,4918,383,1.8835,-139.6410,83.8791,99.5416,5525.8300,0.0000,0.0000,Pass
D86-11,4918,384,2.1841,-139.6400,83.7937,99.1525,5514.5800,0.0000,0.0000,Pass
D86-11,4918,385,2.6350,-139.6370,83.8962,99.6025,5528.0800,0.0000,0.0000,Pass
D86-11,4918,386,2.7850,-139.6360,83.9474,99.1164,5534.8300,0.0000,0.0000,Pass
D86-11,4918,387,3.0860,-139.6350,84.0838,99.6610,5552.8300,0.0000,0.0000,Pass
D86-11,4918,388,3.2364,-139.6340,83.8620,98.8238,5523.5800,0.0000,0.0000,Pass
D86-11,4918,389,3.3871,-139.6330,83.7766,99.8020,5512.3300,0.0000,0.0000,Pass
D86-11,4918,390,3.5372,-139.6330,83.8108,99.7168,5516.8300,0.0000,0.0000,Pass
D86-11,4918,391,3.6881,-139.6320,83.9474,99.2019,5534.8300,0.0000,0.0000,Pass
D86-11,4918,392,3.9888,-139.6310,83.3996,98.9367,5462.8300,0.0000,0.0000,Pass
D86-11,4918,393,4.1393,-139.6300,84.1519,99.4149,5561.8300,0.0000,0.0000,Pass
D86-11,4918,394,3.8386,-139.6320,83.2105,98.7566,5438.0800,0.0000,0.0000,Pass
D86-11,4918,395,4.2897,-139.6300,83.5369,98.9426,5480.8300,0.0000,0.0000,Pass
D86-11,4918,396,0.2316,-139.7980,83.6054,98.6646,5489.8300,0.0000,0.0000,Pass
D86-11,4918,397,1.1324,-139.7950,83.4683,99.2698,5471.8300,0.0000,0.0000,Pass
D86-11,4918,398,2.7861,-139.7860,83.8279,99.5132,5519.0800,0.0000,0.0000,Pass
D86-11,4918,399,0.3805,-139.7980,83.1760,99.3544,5433.5800,0.0000,0.0000,Pass
D86-11,4918,400,0.5316,-139.7970,83.3996,99.0861,5462.8300,0.0000,0.0000,Pass
D86-11,4918,401,0.6823,-139.7960,82.9173,98.5594,5399.8300,0.0000,0.0000,Pass
D86-11,4918,402,0.8320,-139.7960,83.3480,99.1937,5456.0800,0.0000,0.0000,Pass
D86-11,4918,403,0.9827,-139.7950,83.1071,99.0503,5424.5800,0.0000,0.0000,Pass
D86-11,4918,404,1.2827,-139.7940,83.6568,98.7740,5496.5800,0.0000,0.0000,Pass
D86-11,4918,405,1.4333,-139.7940,83.6910,99.1968,5501.0800,0.0000,0.0000,Pass
D86-11,4918,406,1.5834,-139.7920,83.9132,99.7863,5530.3300,0.0000,0.0000,Pass
D86-11,4918,407,1.7339,-139.7920,84.0497,99.6973,5548.3300,0.0000,0.0000,Pass
D86-11,4918,408,1.8844,-139.7920,83.6568,99.6340,5496.5800,0.0000,0.0000,Pass
D86-11,4918,409,2.0344,-139.7910,83.6910,98.8644,5501.0800,0.0000,0.0000,Pass
D86-11,4918,410,2.1852,-139.7900,83.7082,99.7284,5503.3300,0.0000,0.0000,Pass
D86-11,4918,411,2.3353,-139.7890,83.1932,97.6973,5435.8300,0.0000,0.0000,Pass
D86-11,4918,412,2.4852,-139.7880,83.7082,99.5886,5503.3300,0.0000,0.0000,Pass
D86-11,4918,413,2.6352,-139.7870,83.8791,99.1311,5525.8300,0.0000,0.0000,Pass
D86-11,4918,414,2.9363,-139.7860,83.5540,99.2622,5483.0800,0.0000,0.0000,Pass
D86-11,4918,415,3.0863,-139.7850,83.6568,99.4256,5496.5800,0.0000,0.0000,Pass
D86-11,4918,416,3.2364,-139.7850,84.0838,99.0361,5552.8300,0.0000,0.0000,Pass
D86-11,4918,417,3.3878,-139.7840,83.6397,98.2763,5494.3300,0.0000,0.0000,Pass
D86-11,4918,418,3.6884,-139.7830,84.0667,98.6753,5550.5800,0.0000,0.0000,Pass
D86-11,4918,419,3.5377,-139.7830,83.8620,98.8115,5523.5800,0.0000,0.0000,Pass
D86-11,4918,420,3.8391,-139.7830,83.4168,99.3500,5465.0800,0.0000,0.0000,Pass
D86-11,4918,421,3.9896,-139.7810,83.5197,98.6006,5478.5800,0.0000,0.0000,Pass
D86-11,4918,422,4.1403,-139.7810,83.7253,99.3127,5505.5800,0.0000,0.0000,Pass
D86-11,4918,423,4.2908,-139.7810,83.7253,98.2130,5505.5800,0.0000,0.0000,Pass
D86-11,4918,424,2.3358,-139.9390,83.2449,97.1515,5442.5800,0.0000,0.0000,Pass
D86-11,4918,425,0.2320,-139.9490,84.0838,99.1129,5552.8300,0.0000,0.0000,Pass
D86-11,4918,426,0.8329,-139.9460,83.2277,99.0654,5440.3300,0.0000,0.0000,Pass
D86-11,4918,427,1.1331,-139.9450,83.1588,99.3672,5431.3300,0.0000,0.0000,Pass
D86-11,4918,428,1.7348,-139.9420,84.0667,99.1366,5550.5800,0.0000,0.0000,Pass
D86-11,4918,429,2.0351,-139.9410,84.1178,99.4301,5557.3300,0.0000,0.0000,Pass
D86-11,4918,430,2.4858,-139.9380,83.6397,99.2155,5494.3300,0.0000,0.0000,Pass
D86-11,4918,431,2.6363,-139.9380,83.9303,99.5976,5532.5800,0.0000,0.0000,Pass
D86-11,4918,432,2.7865,-139.9370,83.9644,99.8637,5537.0800,0.0000,0.0000,Pass
D86-11,4918,433,2.9370,-139.9360,83.6910,99.1658,5501.0800,0.0000,0.0000,Pass
D86-11,4918,434,3.0872,-139.9360,83.5883,99.3771,5487.5800,0.0000,0.0000,Pass
D86-11,4918,435,3.3883,-139.9350,83.6397,99.4117,5494.3300,0.0000,0.0000,Pass
D86-11,4918,436,0.6828,-139.9470,83.2621,99.6909,5444.8300,0.0000,0.0000,Pass
D86-11,4918,437,0.9827,-139.9460,83.0036,99.3134,5411.0800,0.0000,0.0000,Pass
D86-11,4918,438,1.2834,-139.9440,83.8620,99.9209,5523.5800,0.0000,0.0000,Pass
D86-11,4918,439,1.4337,-139.9440,83.6226,99.4524,5492.0800,0.0000,0.0000,Pass
D86-11,4918,440,1.5840,-139.9430,83.7937,99.2030,5514.5800,0.0000,0.0000,Pass
D86-11,4918,441,1.8847,-139.9420,83.9985,98.8022,5541.5800,0.0000,0.0000,Pass
D86-11,4918,442,2.1855,-139.9410,83.8962,99.7122,5528.0800,0.0000,0.0000,Pass
D86-11,4918,443,3.2377,-139.9350,84.0667,99.4831,5550.5800,0.0000,0.0000,Pass
D86-11,4918,444,3.5386,-139.9340,83.8108,99.4091,5516.8300,0.0000,0.0000,Pass
D86-11,4918,445,3.6892,-139.9330,83.8620,99.5765,5523.5800,0.0000,0.0000,Pass
D86-11,4918,446,3.9901,-139.9320,83.5883,98.9767,5487.5800,0.0000,0.0000,Pass
D86-11,4918,447,4.1412,-139.9310,83.5197,98.8647,5478.5800,0.0000,0.0000,Pass
D86-11,4918,448,4.2918,-139.9310,83.9132,98.1346,5530.3300,0.0000,0.0000,Pass
D86-11,4918,449,3.8400,-139.9330,83.4511,98.2071,5469.5800,0.0000,0.0000,Pass
D86-11,4918,450,0.2325,-140.0990,83.9644,97.2013,5537.0800,0.0000,0.0000,Pass
D86-11,4918,451,1.1335,-140.0960,83.7424,99.3264,5507.8300,0.0000,0.0000,Pass
D86-11,4918,452,2.6366,-140.0880,83.9644,99.0679,5537.0800,0.0000,0.0000,Pass
D86-11,4918,453,0.3819,-140.0980,83.9474,99.9294,5534.8300,0.0000,0.0000,Pass
D86-11,4918,454,0.5328,-140.0980,83.8449,99.1848,5521.3300,0.0000,0.0000,Pass
D86-11,4918,455,0.6829,-140.0970,83.1416,99.4413,5429.0800,0.0000,0.0000,Pass
D86-11,4918,456,0.8330,-140.0970,83.3824,99.2463,5460.5800,0.0000,0.0000,Pass
D86-11,4918,457,0.9835,-140.0960,83.5883,99.1393,5487.5800,0.0000,0.0000,Pass
D86-11,4918,458,1.2838,-140.0950,83.9132,99.5116,5530.3300,0.0000,0.0000,Pass
D86-11,4918,459,1.4345,-140.0940,83.5712,98.3786,5485.3300,0.0000,0.0000,Pass
D86-11,4918,460,1.5845,-140.0940,83.3996,98.7815,5462.8300,0.0000,0.0000,Pass
D86-11,4918,461,1.7352,-140.0930,84.0497,99.2783,5548.3300,0.0000,0.0000,Pass
D86-11,4918,462,1.8858,-140.0920,83.6054,99.3981,5489.8300,0.0000,0.0000,Pass
D86-11,4918,463,2.0355,-140.0920,84.1178,99.4767,5557.3300,0.0000,0.0000,Pass
D86-11,4918,464,2.1862,-140.0910,83.8791,99.6893,5525.8300,0.0000,0.0000,Pass
D86-11,4918,465,2.3363,-140.0890,83.4168,98.6495,5465.0800,0.0000,0.0000,Pass
D86-11,4918,466,2.4862,-140.0880,83.9474,99.4197,5534.8300,0.0000,0.0000,Pass
D86-11,4918,467,2.7870,-140.0880,83.8962,99.4807,5528.0800,0.0000,0.0000,Pass
D86-11,4918,468,2.9381,-140.0870,83.8449,98.7411,5521.3300,0.0000,0.0000,Pass
D86-11,4918,469,3.0874,-140.0860,83.6226,99.5712,5492.0800,0.0000,0.0000,Pass
D86-11,4918,470,3.2382,-140.0850,84.1689,99.2518,5564.0800,0.0000,0.0000,Pass
D86-11,4918,471,3.3890,-140.0850,83.7253,99.5057,5505.5800,0.0000,0.0000,Pass
D86-11,4918,472,3.8408,-140.0830,83.4683,99.2951,5471.8300,0.0000,0.0000,Pass
D86-11,4918,473,3.9907,-140.0820,83.9132,99.0967,5530.3300,0.0000,0.0000,Pass
D86-11,4918,474,3.5392,-140.0840,83.6568,98.9066,5496.5800,0.0000,0.0000,Pass
D86-11,4918,475,3.6899,-140.0840,84.1008,98.9979,5555.0800,0.0000,0.0000,Pass
D86-11,4918,476,4.1414,-140.0820,84.1178,98.6470,5557.3300,0.0000,0.0000,Pass
D86-11,4918,477,4.2922,-140.0810,83.8620,99.0291,5523.5800,0.0000,0.0000,Pass
D86-11,4918,478,0.3833,-140.2490,84.4577,99.2129,5602.3300,0.0000,0.0000,Pass
D86-11,4918,479,0.5335,-140.2480,84.0838,98.8945,5552.8300,0.0000,0.0000,Pass
D86-11,4918,480,0.6833,-140.2480,83.7253,99.0252,5505.5800,0.0000,0.0000,Pass
D86-11,4918,481,0.8337,-140.2470,83.9303,98.8673,5532.5800,0.0000,0.0000,Pass
D86-11,4918,482,0.9842,-140.2460,83.8791,98.3475,5525.8300,0.0000,0.0000,Pass
D86-11,4918,483,1.1342,-140.2460,83.5369,98.9189,5480.8300,0.0000,0.0000,Pass
D86-11,4918,484,1.4354,-140.2450,83.5540,99.0472,5483.0800,0.0000,0.0000,Pass
D86-11,4918,485,2.0365,-140.2420,84.5594,99.2007,5615.8200,0.0000,0.0000,Pass
D86-11,4918,486,2.1870,-140.2410,84.1519,99.4437,5561.8300,0.0000,0.0000,Pass
D86-11,4918,487,2.3368,-140.2400,83.7082,97.2974,5503.3300,0.0000,0.0000,Pass
D86-11,4918,488,2.4870,-140.2390,84.0667,99.3289,5550.5800,0.0000,0.0000,Pass
D86-11,4918,489,2.6374,-140.2380,84.1519,99.3210,5561.8300,0.0000,0.0000,Pass
D86-11,4918,490,2.7880,-140.2370,84.3559,99.2102,5588.8300,0.0000,0.0000,Pass
D86-11,4918,491,3.0882,-140.2360,83.8791,99.0782,5525.8300,0.0000,0.0000,Pass
D86-11,4918,492,3.2387,-140.2360,83.9644,99.1321,5537.0800,0.0000,0.0000,Pass
D86-11,4918,493,3.3894,-140.2350,83.6568,99.3847,5496.5800,0.0000,0.0000,Pass
D86-11,4918,494,1.2849,-140.2450,83.6054,99.5864,5489.8300,0.0000,0.0000,Pass
D86-11,4918,495,1.5851,-140.2440,83.8449,99.4894,5521.3300,0.0000,0.0000,Pass
D86-11,4918,496,1.7363,-140.2430,84.1008,98.8357,5555.0800,0.0000,0.0000,Pass
D86-11,4918,497,1.8860,-140.2430,83.8791,98.9437,5525.8300,0.0000,0.0000,Pass
D86-11,4918,498,2.9382,-140.2370,83.9644,99.4631,5537.0800,0.0000,0.0000,Pass
D86-11,4918,499,3.5396,-140.2350,83.7937,98.1266,5514.5800,0.0000,0.0000,Pass
D86-11,4918,500,3.6909,-140.2340,84.0667,98.8407,5550.5800,0.0000,0.0000,Pass
D86-11,4918,501,3.8421,-140.2330,83.7766,98.3737,5512.3300,0.0000,0.0000,Pass
D86-11,4918,502,3.9916,-140.2330,83.8791,98.9695,5525.8300,0.0000,0.0000,Pass
D86-11,4918,503,4.1423,-140.2320,84.2709,98.4285,5577.5800,0.0000,0.0000,Pass
